ISO-10303-21;
HEADER;
FILE_DESCRIPTION( ( 'Unknown' ), '1' );
FILE_NAME( 'H:/fehlende Teile/Verlaengerungsleitung_Buchse-Stecker,_schwarz_-_0041752/Verlaengerungsleitung_Buchse-Stecker,_schwarz_-_0041752.stp', 'Unknown', ( 'Unknown' ), ( 'Unknown' ), 'PSStep 14.0', 'Unknown', '  ' );
FILE_SCHEMA( ( 'AUTOMOTIVE_DESIGN { 1 0 10303 214 1 1 1 1 }' ) );
ENDSEC;
DATA;
#1 = PRODUCT_DEFINITION_CONTEXT( '', #22, 'design' );
#2 = APPLICATION_PROTOCOL_DEFINITION( 'international standard', 'automotive_design', 2001, #22 );
#3 = PRODUCT_CATEGORY_RELATIONSHIP( 'NONE', 'NONE', #23, #24 );
#4 = SHAPE_DEFINITION_REPRESENTATION( #25, #26 );
#5 = PRODUCT_CATEGORY_RELATIONSHIP( 'NONE', 'NONE', #23, #27 );
#6 = CONTEXT_DEPENDENT_SHAPE_REPRESENTATION( #28, #29 );
#7 = SHAPE_DEFINITION_REPRESENTATION( #30, #31 );
#8 = SHAPE_REPRESENTATION_RELATIONSHIP( 'NONE', 'NONE', #31, #32 );
#9 = PRODUCT_CATEGORY_RELATIONSHIP( 'NONE', 'NONE', #23, #33 );
#10 = CONTEXT_DEPENDENT_SHAPE_REPRESENTATION( #34, #35 );
#11 = SHAPE_DEFINITION_REPRESENTATION( #36, #37 );
#12 = SHAPE_REPRESENTATION_RELATIONSHIP( 'NONE', 'NONE', #37, #38 );
#13 = PRODUCT_CATEGORY_RELATIONSHIP( 'NONE', 'NONE', #23, #39 );
#14 = CONTEXT_DEPENDENT_SHAPE_REPRESENTATION( #40, #41 );
#15 = SHAPE_DEFINITION_REPRESENTATION( #42, #43 );
#16 = SHAPE_REPRESENTATION_RELATIONSHIP( 'NONE', 'NONE', #43, #44 );
#17 = MECHANICAL_DESIGN_GEOMETRIC_PRESENTATION_REPRESENTATION( ' ', ( #45, #46, #47, #48, #49, #50, #51, #52, #53, #54, #55, #56, #57, #58, #59, #60, #61, #62, #63, #64, #65, #66, #67, #68, #69, #70, #71, #72, #73, #74, #75, #76, #77, #78, #79, #80, #81, #82, #83, #84, #85, #86, #87, #88, #89, #90, #91, #92, #93, #94, #95, #96, #97, #98, #99, #100, #101, #102, #103, #104, #105, #106, #107, #108, #109, #110, #111, #112, #113, #114, #115, #116, #117, #118, #119, #120, #121, #122, #123, #124, #125, #126, #127, #128, #129, #130, #131, #132, #133, #134, #135, #136, #137, #138, #139, #140, #141, #142, #143, #144, #145, #146, #147, #148, #149, #150, #151, #152, #153, #154, #155, #156, #157, #158, #159, #160, #161, #162, #163, #164, #165, #166, #167, #168, #169, #170, #171, #172, #173, #174, #175, #176, #177, #178, #179, #180, #181, #182, #183, #184, #185, #186, #187, #188, #189, #190, #191, #192, #193, #194, #195, #196, #197, #198, #199, #200, #201, #202, #203, #204, #205, #206, #207, #208, #209, #210, #211, #212, #213, #214, #215, #216, #217, #218, #219, #220, #221, #222, #223, #224, #225, #226, #227, #228, #229, #230, #231, #232, #233, #234, #235, #236, #237, #238, #239, #240, #241, #242, #243, #244, #245, #246, #247, #248, #249, #250, #251, #252, #253, #254, #255, #256, #257, #258, #259, #260, #261, #262, #263, #264, #265, #266, #267, #268, #269, #270, #271, #272, #273, #274, #275, #276, #277, #278, #279, #280, #281, #282, #283, #284, #285, #286, #287, #288, #289, #290, #291, #292, #293, #294, #295, #296, #297, #298, #299, #300, #301, #302, #303, #304, #305, #306, #307, #308, #309, #310, #311, #312, #313, #314, #315, #316, #317, #318, #319, #320, #321, #322, #323, #324, #325, #326, #327, #328, #329, #330, #331, #332, #333, #334, #335, #336, #337, #338, #339, #340, #341, #342, #343, #344, #345, #346, #347, #348, #349, #350, #351, #352, #353, #354, #355, #356, #357, #358, #359, #360, #361, #362, #363, #364, #365, #366, #367, #368, #369, #370, #371, #372, #373, #374, #375, #376, #377, #378, #379, #380, #381, #382, #383, #384, #385, #386, #387, #388, #389, #390, #391, #392, #393, #394, #395, #396, #397, #398, #399, #400 ), #18 );
#18 =  ( GEOMETRIC_REPRESENTATION_CONTEXT( 3 )GLOBAL_UNCERTAINTY_ASSIGNED_CONTEXT( ( #403 ) )GLOBAL_UNIT_ASSIGNED_CONTEXT( ( #405, #406, #407 ) )REPRESENTATION_CONTEXT( 'NONE', 'WORKSPACE' ) );
#22 = APPLICATION_CONTEXT( 'core data for automotive mechanical design processes' );
#23 = PRODUCT_CATEGORY( 'part', 'NONE' );
#24 = PRODUCT_RELATED_PRODUCT_CATEGORY( 'detail', ' ', ( #409 ) );
#25 = PRODUCT_DEFINITION_SHAPE( 'NONE', 'NONE', #410 );
#26 = SHAPE_REPRESENTATION( 'Assem1', ( #411, #412, #413, #414 ), #415 );
#27 = PRODUCT_RELATED_PRODUCT_CATEGORY( 'detail', ' ', ( #416 ) );
#28 = ( REPRESENTATION_RELATIONSHIP( '', '', #31, #26 )REPRESENTATION_RELATIONSHIP_WITH_TRANSFORMATION( #419 )SHAPE_REPRESENTATION_RELATIONSHIP(  ) );
#29 = PRODUCT_DEFINITION_SHAPE( 'NAUO-PROD-DEF', 'NAUO-PROD-DEF', #421 );
#30 = PRODUCT_DEFINITION_SHAPE( 'NONE', 'NONE', #422 );
#31 = SHAPE_REPRESENTATION( 'Stecker Schraubanschluss GST18-3 Wieland-+-H-00000620', ( #411 ), #415 );
#32 = ADVANCED_BREP_SHAPE_REPRESENTATION( 'Stecker Schraubanschluss GST18-3 Wieland-+-H-00000620', ( #423 ), #18 );
#33 = PRODUCT_RELATED_PRODUCT_CATEGORY( 'detail', ' ', ( #424 ) );
#34 = ( REPRESENTATION_RELATIONSHIP( '', '', #37, #26 )REPRESENTATION_RELATIONSHIP_WITH_TRANSFORMATION( #427 )SHAPE_REPRESENTATION_RELATIONSHIP(  ) );
#35 = PRODUCT_DEFINITION_SHAPE( 'NAUO-PROD-DEF', 'NAUO-PROD-DEF', #429 );
#36 = PRODUCT_DEFINITION_SHAPE( 'NONE', 'NONE', #430 );
#37 = SHAPE_REPRESENTATION( 'Leitung H05VV-F 3G1,5mm\X2\00B2\X0\, 2m-+-H-00000621', ( #411 ), #415 );
#38 = ADVANCED_BREP_SHAPE_REPRESENTATION( 'Leitung H05VV-F 3G1,5mm\X2\00B2\X0\, 2m-+-H-00000621', ( #431 ), #18 );
#39 = PRODUCT_RELATED_PRODUCT_CATEGORY( 'detail', ' ', ( #432 ) );
#40 = ( REPRESENTATION_RELATIONSHIP( '', '', #43, #26 )REPRESENTATION_RELATIONSHIP_WITH_TRANSFORMATION( #435 )SHAPE_REPRESENTATION_RELATIONSHIP(  ) );
#41 = PRODUCT_DEFINITION_SHAPE( 'NAUO-PROD-DEF', 'NAUO-PROD-DEF', #437 );
#42 = PRODUCT_DEFINITION_SHAPE( 'NONE', 'NONE', #438 );
#43 = SHAPE_REPRESENTATION( 'Buchse Schraubanschluss GST18-3 Wieland-+-H-00000619_00065452', ( #411 ), #415 );
#44 = ADVANCED_BREP_SHAPE_REPRESENTATION( 'Buchse Schraubanschluss GST18-3 Wieland-+-H-00000619_00065452', ( #439 ), #18 );
#45 = STYLED_ITEM( '', ( #440 ), #441 );
#46 = STYLED_ITEM( '', ( #442 ), #443 );
#47 = STYLED_ITEM( '', ( #444 ), #445 );
#48 = STYLED_ITEM( '', ( #446 ), #447 );
#49 = STYLED_ITEM( '', ( #448 ), #449 );
#50 = STYLED_ITEM( '', ( #450 ), #451 );
#51 = STYLED_ITEM( '', ( #452 ), #453 );
#52 = STYLED_ITEM( '', ( #454 ), #455 );
#53 = STYLED_ITEM( '', ( #456 ), #457 );
#54 = STYLED_ITEM( '', ( #458 ), #459 );
#55 = STYLED_ITEM( '', ( #460 ), #461 );
#56 = STYLED_ITEM( '', ( #462 ), #463 );
#57 = STYLED_ITEM( '', ( #464 ), #465 );
#58 = STYLED_ITEM( '', ( #466 ), #467 );
#59 = STYLED_ITEM( '', ( #468 ), #469 );
#60 = STYLED_ITEM( '', ( #470 ), #471 );
#61 = STYLED_ITEM( '', ( #472 ), #473 );
#62 = STYLED_ITEM( '', ( #474 ), #475 );
#63 = STYLED_ITEM( '', ( #476 ), #477 );
#64 = STYLED_ITEM( '', ( #478 ), #479 );
#65 = STYLED_ITEM( '', ( #480 ), #481 );
#66 = STYLED_ITEM( '', ( #482 ), #483 );
#67 = STYLED_ITEM( '', ( #484 ), #485 );
#68 = STYLED_ITEM( '', ( #486 ), #487 );
#69 = STYLED_ITEM( '', ( #488 ), #489 );
#70 = STYLED_ITEM( '', ( #490 ), #491 );
#71 = STYLED_ITEM( '', ( #492 ), #493 );
#72 = STYLED_ITEM( '', ( #494 ), #495 );
#73 = STYLED_ITEM( '', ( #496 ), #497 );
#74 = STYLED_ITEM( '', ( #498 ), #499 );
#75 = STYLED_ITEM( '', ( #500 ), #501 );
#76 = STYLED_ITEM( '', ( #502 ), #503 );
#77 = STYLED_ITEM( '', ( #504 ), #505 );
#78 = STYLED_ITEM( '', ( #506 ), #507 );
#79 = STYLED_ITEM( '', ( #508 ), #509 );
#80 = STYLED_ITEM( '', ( #510 ), #511 );
#81 = STYLED_ITEM( '', ( #512 ), #513 );
#82 = STYLED_ITEM( '', ( #514 ), #515 );
#83 = STYLED_ITEM( '', ( #516 ), #517 );
#84 = STYLED_ITEM( '', ( #518 ), #519 );
#85 = STYLED_ITEM( '', ( #520 ), #521 );
#86 = STYLED_ITEM( '', ( #522 ), #523 );
#87 = STYLED_ITEM( '', ( #524 ), #525 );
#88 = STYLED_ITEM( '', ( #526 ), #527 );
#89 = STYLED_ITEM( '', ( #528 ), #529 );
#90 = STYLED_ITEM( '', ( #530 ), #531 );
#91 = STYLED_ITEM( '', ( #532 ), #533 );
#92 = STYLED_ITEM( '', ( #534 ), #535 );
#93 = STYLED_ITEM( '', ( #536 ), #537 );
#94 = STYLED_ITEM( '', ( #538 ), #539 );
#95 = STYLED_ITEM( '', ( #540 ), #541 );
#96 = STYLED_ITEM( '', ( #542 ), #543 );
#97 = STYLED_ITEM( '', ( #544 ), #545 );
#98 = STYLED_ITEM( '', ( #546 ), #547 );
#99 = STYLED_ITEM( '', ( #548 ), #549 );
#100 = STYLED_ITEM( '', ( #550 ), #551 );
#101 = STYLED_ITEM( '', ( #552 ), #553 );
#102 = STYLED_ITEM( '', ( #554 ), #555 );
#103 = STYLED_ITEM( '', ( #556 ), #557 );
#104 = STYLED_ITEM( '', ( #558 ), #559 );
#105 = STYLED_ITEM( '', ( #560 ), #561 );
#106 = STYLED_ITEM( '', ( #562 ), #563 );
#107 = STYLED_ITEM( '', ( #564 ), #565 );
#108 = STYLED_ITEM( '', ( #566 ), #567 );
#109 = STYLED_ITEM( '', ( #568 ), #569 );
#110 = STYLED_ITEM( '', ( #570 ), #571 );
#111 = STYLED_ITEM( '', ( #572 ), #573 );
#112 = STYLED_ITEM( '', ( #574 ), #575 );
#113 = STYLED_ITEM( '', ( #576 ), #577 );
#114 = STYLED_ITEM( '', ( #578 ), #579 );
#115 = STYLED_ITEM( '', ( #580 ), #581 );
#116 = STYLED_ITEM( '', ( #582 ), #583 );
#117 = STYLED_ITEM( '', ( #584 ), #585 );
#118 = STYLED_ITEM( '', ( #586 ), #587 );
#119 = STYLED_ITEM( '', ( #588 ), #589 );
#120 = STYLED_ITEM( '', ( #590 ), #591 );
#121 = STYLED_ITEM( '', ( #592 ), #593 );
#122 = STYLED_ITEM( '', ( #594 ), #595 );
#123 = STYLED_ITEM( '', ( #596 ), #597 );
#124 = STYLED_ITEM( '', ( #598 ), #599 );
#125 = STYLED_ITEM( '', ( #600 ), #601 );
#126 = STYLED_ITEM( '', ( #602 ), #603 );
#127 = STYLED_ITEM( '', ( #604 ), #605 );
#128 = STYLED_ITEM( '', ( #606 ), #607 );
#129 = STYLED_ITEM( '', ( #608 ), #609 );
#130 = STYLED_ITEM( '', ( #610 ), #611 );
#131 = STYLED_ITEM( '', ( #612 ), #613 );
#132 = STYLED_ITEM( '', ( #614 ), #615 );
#133 = STYLED_ITEM( '', ( #616 ), #617 );
#134 = STYLED_ITEM( '', ( #618 ), #619 );
#135 = STYLED_ITEM( '', ( #620 ), #621 );
#136 = STYLED_ITEM( '', ( #622 ), #623 );
#137 = STYLED_ITEM( '', ( #624 ), #625 );
#138 = STYLED_ITEM( '', ( #626 ), #627 );
#139 = STYLED_ITEM( '', ( #628 ), #629 );
#140 = STYLED_ITEM( '', ( #630 ), #631 );
#141 = STYLED_ITEM( '', ( #632 ), #633 );
#142 = STYLED_ITEM( '', ( #634 ), #635 );
#143 = STYLED_ITEM( '', ( #636 ), #637 );
#144 = STYLED_ITEM( '', ( #638 ), #639 );
#145 = STYLED_ITEM( '', ( #640 ), #641 );
#146 = STYLED_ITEM( '', ( #642 ), #643 );
#147 = STYLED_ITEM( '', ( #644 ), #645 );
#148 = STYLED_ITEM( '', ( #646 ), #647 );
#149 = STYLED_ITEM( '', ( #648 ), #649 );
#150 = STYLED_ITEM( '', ( #650 ), #651 );
#151 = STYLED_ITEM( '', ( #652 ), #653 );
#152 = STYLED_ITEM( '', ( #654 ), #655 );
#153 = STYLED_ITEM( '', ( #656 ), #657 );
#154 = STYLED_ITEM( '', ( #658 ), #659 );
#155 = STYLED_ITEM( '', ( #660 ), #661 );
#156 = STYLED_ITEM( '', ( #662 ), #663 );
#157 = STYLED_ITEM( '', ( #664 ), #665 );
#158 = STYLED_ITEM( '', ( #666 ), #667 );
#159 = STYLED_ITEM( '', ( #668 ), #669 );
#160 = STYLED_ITEM( '', ( #670 ), #671 );
#161 = STYLED_ITEM( '', ( #672 ), #673 );
#162 = STYLED_ITEM( '', ( #674 ), #675 );
#163 = STYLED_ITEM( '', ( #676 ), #677 );
#164 = STYLED_ITEM( '', ( #678 ), #679 );
#165 = STYLED_ITEM( '', ( #680 ), #681 );
#166 = STYLED_ITEM( '', ( #682 ), #683 );
#167 = STYLED_ITEM( '', ( #684 ), #685 );
#168 = STYLED_ITEM( '', ( #686 ), #687 );
#169 = STYLED_ITEM( '', ( #688 ), #689 );
#170 = STYLED_ITEM( '', ( #690 ), #691 );
#171 = STYLED_ITEM( '', ( #692 ), #693 );
#172 = STYLED_ITEM( '', ( #694 ), #695 );
#173 = STYLED_ITEM( '', ( #696 ), #697 );
#174 = STYLED_ITEM( '', ( #698 ), #699 );
#175 = STYLED_ITEM( '', ( #700 ), #701 );
#176 = STYLED_ITEM( '', ( #702 ), #703 );
#177 = STYLED_ITEM( '', ( #704 ), #705 );
#178 = STYLED_ITEM( '', ( #706 ), #707 );
#179 = STYLED_ITEM( '', ( #708 ), #709 );
#180 = STYLED_ITEM( '', ( #710 ), #711 );
#181 = STYLED_ITEM( '', ( #712 ), #713 );
#182 = STYLED_ITEM( '', ( #714 ), #715 );
#183 = STYLED_ITEM( '', ( #716 ), #717 );
#184 = STYLED_ITEM( '', ( #718 ), #719 );
#185 = STYLED_ITEM( '', ( #720 ), #721 );
#186 = STYLED_ITEM( '', ( #722 ), #723 );
#187 = STYLED_ITEM( '', ( #724 ), #725 );
#188 = STYLED_ITEM( '', ( #726 ), #727 );
#189 = STYLED_ITEM( '', ( #728 ), #729 );
#190 = STYLED_ITEM( '', ( #730 ), #731 );
#191 = STYLED_ITEM( '', ( #732 ), #733 );
#192 = STYLED_ITEM( '', ( #734 ), #735 );
#193 = STYLED_ITEM( '', ( #736 ), #737 );
#194 = STYLED_ITEM( '', ( #738 ), #739 );
#195 = STYLED_ITEM( '', ( #740 ), #741 );
#196 = STYLED_ITEM( '', ( #742 ), #743 );
#197 = STYLED_ITEM( '', ( #744 ), #745 );
#198 = STYLED_ITEM( '', ( #746 ), #747 );
#199 = STYLED_ITEM( '', ( #748 ), #749 );
#200 = STYLED_ITEM( '', ( #750 ), #751 );
#201 = STYLED_ITEM( '', ( #752 ), #753 );
#202 = STYLED_ITEM( '', ( #754 ), #755 );
#203 = STYLED_ITEM( '', ( #756 ), #757 );
#204 = STYLED_ITEM( '', ( #758 ), #759 );
#205 = STYLED_ITEM( '', ( #760 ), #761 );
#206 = STYLED_ITEM( '', ( #762 ), #763 );
#207 = STYLED_ITEM( '', ( #764 ), #765 );
#208 = STYLED_ITEM( '', ( #766 ), #767 );
#209 = STYLED_ITEM( '', ( #768 ), #769 );
#210 = STYLED_ITEM( '', ( #770 ), #771 );
#211 = STYLED_ITEM( '', ( #772 ), #773 );
#212 = STYLED_ITEM( '', ( #774 ), #775 );
#213 = STYLED_ITEM( '', ( #776 ), #777 );
#214 = STYLED_ITEM( '', ( #778 ), #779 );
#215 = STYLED_ITEM( '', ( #780 ), #781 );
#216 = STYLED_ITEM( '', ( #782 ), #783 );
#217 = STYLED_ITEM( '', ( #784 ), #785 );
#218 = STYLED_ITEM( '', ( #786 ), #787 );
#219 = STYLED_ITEM( '', ( #788 ), #789 );
#220 = STYLED_ITEM( '', ( #790 ), #791 );
#221 = STYLED_ITEM( '', ( #792 ), #793 );
#222 = STYLED_ITEM( '', ( #794 ), #795 );
#223 = STYLED_ITEM( '', ( #796 ), #797 );
#224 = STYLED_ITEM( '', ( #798 ), #799 );
#225 = STYLED_ITEM( '', ( #800 ), #801 );
#226 = STYLED_ITEM( '', ( #802 ), #803 );
#227 = STYLED_ITEM( '', ( #804 ), #805 );
#228 = STYLED_ITEM( '', ( #806 ), #807 );
#229 = STYLED_ITEM( '', ( #808 ), #809 );
#230 = STYLED_ITEM( '', ( #810 ), #811 );
#231 = STYLED_ITEM( '', ( #812 ), #813 );
#232 = STYLED_ITEM( '', ( #814 ), #815 );
#233 = STYLED_ITEM( '', ( #816 ), #817 );
#234 = STYLED_ITEM( '', ( #818 ), #819 );
#235 = STYLED_ITEM( '', ( #820 ), #821 );
#236 = STYLED_ITEM( '', ( #822 ), #823 );
#237 = STYLED_ITEM( '', ( #824 ), #825 );
#238 = STYLED_ITEM( '', ( #826 ), #827 );
#239 = STYLED_ITEM( '', ( #828 ), #829 );
#240 = STYLED_ITEM( '', ( #830 ), #831 );
#241 = STYLED_ITEM( '', ( #832 ), #833 );
#242 = STYLED_ITEM( '', ( #834 ), #835 );
#243 = STYLED_ITEM( '', ( #836 ), #837 );
#244 = STYLED_ITEM( '', ( #838 ), #839 );
#245 = STYLED_ITEM( '', ( #840 ), #841 );
#246 = STYLED_ITEM( '', ( #842 ), #843 );
#247 = STYLED_ITEM( '', ( #844 ), #845 );
#248 = STYLED_ITEM( '', ( #846 ), #847 );
#249 = STYLED_ITEM( '', ( #848 ), #849 );
#250 = STYLED_ITEM( '', ( #850 ), #851 );
#251 = STYLED_ITEM( '', ( #852 ), #853 );
#252 = STYLED_ITEM( '', ( #854 ), #855 );
#253 = STYLED_ITEM( '', ( #856 ), #857 );
#254 = STYLED_ITEM( '', ( #858 ), #859 );
#255 = STYLED_ITEM( '', ( #860 ), #861 );
#256 = STYLED_ITEM( '', ( #862 ), #863 );
#257 = STYLED_ITEM( '', ( #864 ), #865 );
#258 = STYLED_ITEM( '', ( #866 ), #867 );
#259 = STYLED_ITEM( '', ( #868 ), #869 );
#260 = STYLED_ITEM( '', ( #870 ), #871 );
#261 = STYLED_ITEM( '', ( #872 ), #873 );
#262 = STYLED_ITEM( '', ( #874 ), #875 );
#263 = STYLED_ITEM( '', ( #876 ), #877 );
#264 = STYLED_ITEM( '', ( #878 ), #879 );
#265 = STYLED_ITEM( '', ( #880 ), #881 );
#266 = STYLED_ITEM( '', ( #882 ), #883 );
#267 = STYLED_ITEM( '', ( #884 ), #885 );
#268 = STYLED_ITEM( '', ( #886 ), #887 );
#269 = STYLED_ITEM( '', ( #888 ), #889 );
#270 = STYLED_ITEM( '', ( #890 ), #891 );
#271 = STYLED_ITEM( '', ( #892 ), #893 );
#272 = STYLED_ITEM( '', ( #894 ), #895 );
#273 = STYLED_ITEM( '', ( #896 ), #897 );
#274 = STYLED_ITEM( '', ( #898 ), #899 );
#275 = STYLED_ITEM( '', ( #900 ), #901 );
#276 = STYLED_ITEM( '', ( #902 ), #903 );
#277 = STYLED_ITEM( '', ( #904 ), #905 );
#278 = STYLED_ITEM( '', ( #906 ), #907 );
#279 = STYLED_ITEM( '', ( #908 ), #909 );
#280 = STYLED_ITEM( '', ( #910 ), #911 );
#281 = STYLED_ITEM( '', ( #912 ), #913 );
#282 = STYLED_ITEM( '', ( #914 ), #915 );
#283 = STYLED_ITEM( '', ( #916 ), #917 );
#284 = STYLED_ITEM( '', ( #918 ), #919 );
#285 = STYLED_ITEM( '', ( #920 ), #921 );
#286 = STYLED_ITEM( '', ( #922 ), #923 );
#287 = STYLED_ITEM( '', ( #924 ), #925 );
#288 = STYLED_ITEM( '', ( #926 ), #927 );
#289 = STYLED_ITEM( '', ( #928 ), #929 );
#290 = STYLED_ITEM( '', ( #930 ), #931 );
#291 = STYLED_ITEM( '', ( #932 ), #933 );
#292 = STYLED_ITEM( '', ( #934 ), #935 );
#293 = STYLED_ITEM( '', ( #936 ), #937 );
#294 = STYLED_ITEM( '', ( #938 ), #939 );
#295 = STYLED_ITEM( '', ( #940 ), #941 );
#296 = STYLED_ITEM( '', ( #942 ), #943 );
#297 = STYLED_ITEM( '', ( #944 ), #945 );
#298 = STYLED_ITEM( '', ( #946 ), #947 );
#299 = STYLED_ITEM( '', ( #948 ), #949 );
#300 = STYLED_ITEM( '', ( #950 ), #951 );
#301 = STYLED_ITEM( '', ( #952 ), #953 );
#302 = STYLED_ITEM( '', ( #954 ), #955 );
#303 = STYLED_ITEM( '', ( #956 ), #957 );
#304 = STYLED_ITEM( '', ( #958 ), #959 );
#305 = STYLED_ITEM( '', ( #960 ), #961 );
#306 = STYLED_ITEM( '', ( #962 ), #963 );
#307 = STYLED_ITEM( '', ( #964 ), #965 );
#308 = STYLED_ITEM( '', ( #966 ), #967 );
#309 = STYLED_ITEM( '', ( #968 ), #969 );
#310 = STYLED_ITEM( '', ( #970 ), #971 );
#311 = STYLED_ITEM( '', ( #972 ), #973 );
#312 = STYLED_ITEM( '', ( #974 ), #975 );
#313 = STYLED_ITEM( '', ( #976 ), #977 );
#314 = STYLED_ITEM( '', ( #978 ), #979 );
#315 = STYLED_ITEM( '', ( #980 ), #981 );
#316 = STYLED_ITEM( '', ( #982 ), #983 );
#317 = STYLED_ITEM( '', ( #984 ), #985 );
#318 = STYLED_ITEM( '', ( #986 ), #987 );
#319 = STYLED_ITEM( '', ( #988 ), #989 );
#320 = STYLED_ITEM( '', ( #990 ), #991 );
#321 = STYLED_ITEM( '', ( #992 ), #993 );
#322 = STYLED_ITEM( '', ( #994 ), #995 );
#323 = STYLED_ITEM( '', ( #996 ), #997 );
#324 = STYLED_ITEM( '', ( #998 ), #999 );
#325 = STYLED_ITEM( '', ( #1000 ), #1001 );
#326 = STYLED_ITEM( '', ( #1002 ), #1003 );
#327 = STYLED_ITEM( '', ( #1004 ), #1005 );
#328 = STYLED_ITEM( '', ( #1006 ), #1007 );
#329 = STYLED_ITEM( '', ( #1008 ), #1009 );
#330 = STYLED_ITEM( '', ( #1010 ), #1011 );
#331 = STYLED_ITEM( '', ( #1012 ), #1013 );
#332 = STYLED_ITEM( '', ( #1014 ), #1015 );
#333 = STYLED_ITEM( '', ( #1016 ), #1017 );
#334 = STYLED_ITEM( '', ( #1018 ), #1019 );
#335 = STYLED_ITEM( '', ( #1020 ), #1021 );
#336 = STYLED_ITEM( '', ( #1022 ), #1023 );
#337 = STYLED_ITEM( '', ( #1024 ), #1025 );
#338 = STYLED_ITEM( '', ( #1026 ), #1027 );
#339 = STYLED_ITEM( '', ( #1028 ), #1029 );
#340 = STYLED_ITEM( '', ( #1030 ), #1031 );
#341 = STYLED_ITEM( '', ( #1032 ), #1033 );
#342 = STYLED_ITEM( '', ( #1034 ), #1035 );
#343 = STYLED_ITEM( '', ( #1036 ), #1037 );
#344 = STYLED_ITEM( '', ( #1038 ), #1039 );
#345 = STYLED_ITEM( '', ( #1040 ), #1041 );
#346 = STYLED_ITEM( '', ( #1042 ), #1043 );
#347 = STYLED_ITEM( '', ( #1044 ), #1045 );
#348 = STYLED_ITEM( '', ( #1046 ), #1047 );
#349 = STYLED_ITEM( '', ( #1048 ), #1049 );
#350 = STYLED_ITEM( '', ( #1050 ), #1051 );
#351 = STYLED_ITEM( '', ( #1052 ), #1053 );
#352 = STYLED_ITEM( '', ( #1054 ), #1055 );
#353 = STYLED_ITEM( '', ( #1056 ), #1057 );
#354 = STYLED_ITEM( '', ( #1058 ), #1059 );
#355 = STYLED_ITEM( '', ( #1060 ), #1061 );
#356 = STYLED_ITEM( '', ( #1062 ), #1063 );
#357 = STYLED_ITEM( '', ( #1064 ), #1065 );
#358 = STYLED_ITEM( '', ( #1066 ), #1067 );
#359 = STYLED_ITEM( '', ( #1068 ), #1069 );
#360 = STYLED_ITEM( '', ( #1070 ), #1071 );
#361 = STYLED_ITEM( '', ( #1072 ), #1073 );
#362 = STYLED_ITEM( '', ( #1074 ), #1075 );
#363 = STYLED_ITEM( '', ( #1076 ), #1077 );
#364 = STYLED_ITEM( '', ( #1078 ), #1079 );
#365 = STYLED_ITEM( '', ( #1080 ), #1081 );
#366 = STYLED_ITEM( '', ( #1082 ), #1083 );
#367 = STYLED_ITEM( '', ( #1084 ), #1085 );
#368 = STYLED_ITEM( '', ( #1086 ), #1087 );
#369 = STYLED_ITEM( '', ( #1088 ), #1089 );
#370 = STYLED_ITEM( '', ( #1090 ), #1091 );
#371 = STYLED_ITEM( '', ( #1092 ), #1093 );
#372 = STYLED_ITEM( '', ( #1094 ), #1095 );
#373 = STYLED_ITEM( '', ( #1096 ), #1097 );
#374 = STYLED_ITEM( '', ( #1098 ), #1099 );
#375 = STYLED_ITEM( '', ( #1100 ), #1101 );
#376 = STYLED_ITEM( '', ( #1102 ), #1103 );
#377 = STYLED_ITEM( '', ( #1104 ), #1105 );
#378 = STYLED_ITEM( '', ( #1106 ), #1107 );
#379 = STYLED_ITEM( '', ( #1108 ), #1109 );
#380 = STYLED_ITEM( '', ( #1110 ), #1111 );
#381 = STYLED_ITEM( '', ( #1112 ), #1113 );
#382 = STYLED_ITEM( '', ( #1114 ), #1115 );
#383 = STYLED_ITEM( '', ( #1116 ), #1117 );
#384 = STYLED_ITEM( '', ( #1118 ), #1119 );
#385 = STYLED_ITEM( '', ( #1120 ), #1121 );
#386 = STYLED_ITEM( '', ( #1122 ), #1123 );
#387 = STYLED_ITEM( '', ( #1124 ), #1125 );
#388 = STYLED_ITEM( '', ( #1126 ), #1127 );
#389 = STYLED_ITEM( '', ( #1128 ), #1129 );
#390 = STYLED_ITEM( '', ( #1130 ), #1131 );
#391 = STYLED_ITEM( '', ( #1132 ), #1133 );
#392 = STYLED_ITEM( '', ( #1134 ), #1135 );
#393 = STYLED_ITEM( '', ( #1136 ), #1137 );
#394 = STYLED_ITEM( '', ( #1138 ), #1139 );
#395 = STYLED_ITEM( '', ( #1140 ), #1141 );
#396 = STYLED_ITEM( '', ( #1142 ), #1143 );
#397 = STYLED_ITEM( '', ( #1144 ), #1145 );
#398 = STYLED_ITEM( '', ( #1146 ), #1147 );
#399 = STYLED_ITEM( '', ( #1148 ), #1149 );
#400 = STYLED_ITEM( '', ( #1150 ), #1151 );
#403 = UNCERTAINTY_MEASURE_WITH_UNIT( LENGTH_MEASURE( 0.00100000000000000 ), #405, '', '' );
#405 =  ( CONVERSION_BASED_UNIT( 'MILLIMETRE', #1154 )LENGTH_UNIT(  )NAMED_UNIT( #1157 ) );
#406 =  ( NAMED_UNIT( #1159 )PLANE_ANGLE_UNIT(  )SI_UNIT( $, .RADIAN. ) );
#407 =  ( NAMED_UNIT( #1159 )SI_UNIT( $, .STERADIAN. )SOLID_ANGLE_UNIT(  ) );
#409 = PRODUCT( 'Assem1', 'Assem1', 'PART-Assem1-DESC', ( #1165 ) );
#410 = PRODUCT_DEFINITION( 'NONE', 'NONE', #1166, #1 );
#411 = AXIS2_PLACEMENT_3D( '', #1167, #1168, #1169 );
#412 = AXIS2_PLACEMENT_3D( '', #1170, #1171, #1172 );
#413 = AXIS2_PLACEMENT_3D( '', #1173, #1174, #1175 );
#414 = AXIS2_PLACEMENT_3D( '', #1176, #1177, #1178 );
#415 =  ( GEOMETRIC_REPRESENTATION_CONTEXT( 3 )GLOBAL_UNCERTAINTY_ASSIGNED_CONTEXT( ( #1181 ) )GLOBAL_UNIT_ASSIGNED_CONTEXT( ( #1183, #1184, #1185 ) )REPRESENTATION_CONTEXT( 'NONE', 'WORKSPACE' ) );
#416 = PRODUCT( 'Stecker Schraubanschluss GST18-3 Wieland-+-H-00000620', 'Stecker Schraubanschluss GST18-3 Wieland-+-H-00000620', 'PART-Stecker Schraubanschluss GST18-3 Wieland-+-H-00000620-DESC', ( #1165 ) );
#419 = ITEM_DEFINED_TRANSFORMATION( '', '', #411, #412 );
#421 = NEXT_ASSEMBLY_USAGE_OCCURRENCE( 'NAUO1', 'NAUO1', 'NAUO1', #410, #422, $ );
#422 = PRODUCT_DEFINITION( 'Stecker Schraubanschluss GST18-3 Wieland-+-H-00000620', 'Stecker Schraubanschluss GST18-3 Wieland-+-H-00000620', #1187, #1 );
#423 = MANIFOLD_SOLID_BREP( 'Stecker Schraubanschluss GST18-3 Wieland-+-H-00000620', #1188 );
#424 = PRODUCT( 'Leitung H05VV-F 3G1,5mm\X2\00B2\X0\, 2m-+-H-00000621', 'Leitung H05VV-F 3G1,5mm\X2\00B2\X0\, 2m-+-H-00000621', 'PART-Leitung H05VV-F 3G1,5mm\X2\00B2\X0\, 2m-+-H-00000621-DESC', ( #1165 ) );
#427 = ITEM_DEFINED_TRANSFORMATION( '', '', #411, #413 );
#429 = NEXT_ASSEMBLY_USAGE_OCCURRENCE( 'NAUO2', 'NAUO2', 'NAUO2', #410, #430, $ );
#430 = PRODUCT_DEFINITION( 'Leitung H05VV-F 3G1,5mm\X2\00B2\X0\, 2m-+-H-00000621', 'Leitung H05VV-F 3G1,5mm\X2\00B2\X0\, 2m-+-H-00000621', #1189, #1 );
#431 = MANIFOLD_SOLID_BREP( 'Leitung H05VV-F 3G1,5mm\X2\00B2\X0\, 2m-+-H-00000621', #1190 );
#432 = PRODUCT( 'Buchse Schraubanschluss GST18-3 Wieland-+-H-00000619_00065452', 'Buchse Schraubanschluss GST18-3 Wieland-+-H-00000619_00065452', 'PART-Buchse Schraubanschluss GST18-3 Wieland-+-H-00000619_00065452-DESC', ( #1165 ) );
#435 = ITEM_DEFINED_TRANSFORMATION( '', '', #411, #414 );
#437 = NEXT_ASSEMBLY_USAGE_OCCURRENCE( 'NAUO3', 'NAUO3', 'NAUO3', #410, #438, $ );
#438 = PRODUCT_DEFINITION( 'Buchse Schraubanschluss GST18-3 Wieland-+-H-00000619_00065452', 'Buchse Schraubanschluss GST18-3 Wieland-+-H-00000619_00065452', #1191, #1 );
#439 = MANIFOLD_SOLID_BREP( 'Buchse Schraubanschluss GST18-3 Wieland-+-H-00000619_00065452', #1192 );
#440 = PRESENTATION_STYLE_ASSIGNMENT( ( #1193 ) );
#441 = ADVANCED_FACE( 'NONE', ( #1194, #1195 ), #1196, .T. );
#442 = PRESENTATION_STYLE_ASSIGNMENT( ( #1197 ) );
#443 = ADVANCED_FACE( 'F38', ( #1198 ), #1199, .T. );
#444 = PRESENTATION_STYLE_ASSIGNMENT( ( #1200 ) );
#445 = ADVANCED_FACE( 'F34', ( #1201 ), #1202, .F. );
#446 = PRESENTATION_STYLE_ASSIGNMENT( ( #1203 ) );
#447 = ADVANCED_FACE( 'F72', ( #1204 ), #1205, .F. );
#448 = PRESENTATION_STYLE_ASSIGNMENT( ( #1206 ) );
#449 = ADVANCED_FACE( 'F128', ( #1207 ), #1208, .F. );
#450 = PRESENTATION_STYLE_ASSIGNMENT( ( #1209 ) );
#451 = ADVANCED_FACE( 'F126', ( #1210 ), #1211, .F. );
#452 = PRESENTATION_STYLE_ASSIGNMENT( ( #1212 ) );
#453 = ADVANCED_FACE( 'F11', ( #1213 ), #1214, .T. );
#454 = PRESENTATION_STYLE_ASSIGNMENT( ( #1215 ) );
#455 = ADVANCED_FACE( 'F68', ( #1216 ), #1217, .F. );
#456 = PRESENTATION_STYLE_ASSIGNMENT( ( #1218 ) );
#457 = ADVANCED_FACE( 'F52', ( #1219 ), #1220, .T. );
#458 = PRESENTATION_STYLE_ASSIGNMENT( ( #1221 ) );
#459 = ADVANCED_FACE( 'F20', ( #1222 ), #1223, .T. );
#460 = PRESENTATION_STYLE_ASSIGNMENT( ( #1224 ) );
#461 = ADVANCED_FACE( 'F97', ( #1225 ), #1226, .F. );
#462 = PRESENTATION_STYLE_ASSIGNMENT( ( #1227 ) );
#463 = ADVANCED_FACE( 'F36', ( #1228 ), #1229, .T. );
#464 = PRESENTATION_STYLE_ASSIGNMENT( ( #1230 ) );
#465 = ADVANCED_FACE( 'F103', ( #1231 ), #1232, .T. );
#466 = PRESENTATION_STYLE_ASSIGNMENT( ( #1233 ) );
#467 = ADVANCED_FACE( 'F104', ( #1234 ), #1235, .F. );
#468 = PRESENTATION_STYLE_ASSIGNMENT( ( #1236 ) );
#469 = ADVANCED_FACE( 'F65', ( #1237 ), #1238, .F. );
#470 = PRESENTATION_STYLE_ASSIGNMENT( ( #1239 ) );
#471 = ADVANCED_FACE( 'F142', ( #1240 ), #1241, .T. );
#472 = PRESENTATION_STYLE_ASSIGNMENT( ( #1242 ) );
#473 = ADVANCED_FACE( 'F121', ( #1243 ), #1244, .F. );
#474 = PRESENTATION_STYLE_ASSIGNMENT( ( #1245 ) );
#475 = ADVANCED_FACE( 'F60', ( #1246 ), #1247, .F. );
#476 = PRESENTATION_STYLE_ASSIGNMENT( ( #1248 ) );
#477 = ADVANCED_FACE( 'F146', ( #1249 ), #1250, .T. );
#478 = PRESENTATION_STYLE_ASSIGNMENT( ( #1251 ) );
#479 = ADVANCED_FACE( 'F56', ( #1252 ), #1253, .T. );
#480 = PRESENTATION_STYLE_ASSIGNMENT( ( #1254 ) );
#481 = ADVANCED_FACE( 'F67', ( #1255 ), #1256, .F. );
#482 = PRESENTATION_STYLE_ASSIGNMENT( ( #1257 ) );
#483 = ADVANCED_FACE( 'F79', ( #1258 ), #1259, .F. );
#484 = PRESENTATION_STYLE_ASSIGNMENT( ( #1260 ) );
#485 = ADVANCED_FACE( 'F168', ( #1261 ), #1262, .T. );
#486 = PRESENTATION_STYLE_ASSIGNMENT( ( #1263 ) );
#487 = ADVANCED_FACE( 'F113', ( #1264 ), #1265, .F. );
#488 = PRESENTATION_STYLE_ASSIGNMENT( ( #1266 ) );
#489 = ADVANCED_FACE( 'F95', ( #1267 ), #1268, .F. );
#490 = PRESENTATION_STYLE_ASSIGNMENT( ( #1269 ) );
#491 = ADVANCED_FACE( 'F1', ( #1270 ), #1271, .T. );
#492 = PRESENTATION_STYLE_ASSIGNMENT( ( #1272 ) );
#493 = ADVANCED_FACE( 'F126', ( #1273 ), #1274, .T. );
#494 = PRESENTATION_STYLE_ASSIGNMENT( ( #1275 ) );
#495 = ADVANCED_FACE( 'F63', ( #1276 ), #1277, .T. );
#496 = PRESENTATION_STYLE_ASSIGNMENT( ( #1278 ) );
#497 = ADVANCED_FACE( 'F45', ( #1279, #1280 ), #1281, .T. );
#498 = PRESENTATION_STYLE_ASSIGNMENT( ( #1282 ) );
#499 = ADVANCED_FACE( 'F47', ( #1283 ), #1284, .F. );
#500 = PRESENTATION_STYLE_ASSIGNMENT( ( #1285 ) );
#501 = ADVANCED_FACE( 'F109', ( #1286 ), #1287, .T. );
#502 = PRESENTATION_STYLE_ASSIGNMENT( ( #1288 ) );
#503 = ADVANCED_FACE( 'F156', ( #1289 ), #1290, .F. );
#504 = PRESENTATION_STYLE_ASSIGNMENT( ( #1291 ) );
#505 = ADVANCED_FACE( 'F86', ( #1292 ), #1293, .F. );
#506 = PRESENTATION_STYLE_ASSIGNMENT( ( #1294 ) );
#507 = ADVANCED_FACE( 'F99', ( #1295 ), #1296, .T. );
#508 = PRESENTATION_STYLE_ASSIGNMENT( ( #1297 ) );
#509 = ADVANCED_FACE( 'F121', ( #1298 ), #1299, .F. );
#510 = PRESENTATION_STYLE_ASSIGNMENT( ( #1300 ) );
#511 = ADVANCED_FACE( 'F53', ( #1301 ), #1302, .T. );
#512 = PRESENTATION_STYLE_ASSIGNMENT( ( #1303 ) );
#513 = ADVANCED_FACE( 'F118', ( #1304 ), #1305, .T. );
#514 = PRESENTATION_STYLE_ASSIGNMENT( ( #1306 ) );
#515 = ADVANCED_FACE( 'F81', ( #1307 ), #1308, .F. );
#516 = PRESENTATION_STYLE_ASSIGNMENT( ( #1309 ) );
#517 = ADVANCED_FACE( 'F54', ( #1310, #1311 ), #1312, .F. );
#518 = PRESENTATION_STYLE_ASSIGNMENT( ( #1313 ) );
#519 = ADVANCED_FACE( 'F96', ( #1314 ), #1315, .F. );
#520 = PRESENTATION_STYLE_ASSIGNMENT( ( #1316 ) );
#521 = ADVANCED_FACE( 'F78', ( #1317 ), #1318, .T. );
#522 = PRESENTATION_STYLE_ASSIGNMENT( ( #1319 ) );
#523 = ADVANCED_FACE( 'F163', ( #1320 ), #1321, .T. );
#524 = PRESENTATION_STYLE_ASSIGNMENT( ( #1322 ) );
#525 = ADVANCED_FACE( 'F174', ( #1323 ), #1324, .F. );
#526 = PRESENTATION_STYLE_ASSIGNMENT( ( #1325 ) );
#527 = ADVANCED_FACE( 'F71', ( #1326 ), #1327, .F. );
#528 = PRESENTATION_STYLE_ASSIGNMENT( ( #1328 ) );
#529 = ADVANCED_FACE( 'F116', ( #1329 ), #1330, .F. );
#530 = PRESENTATION_STYLE_ASSIGNMENT( ( #1331 ) );
#531 = ADVANCED_FACE( 'F50', ( #1332 ), #1333, .F. );
#532 = PRESENTATION_STYLE_ASSIGNMENT( ( #1334 ) );
#533 = ADVANCED_FACE( 'F182', ( #1335, #1336 ), #1337, .T. );
#534 = PRESENTATION_STYLE_ASSIGNMENT( ( #1338 ) );
#535 = ADVANCED_FACE( 'F139', ( #1339 ), #1340, .T. );
#536 = PRESENTATION_STYLE_ASSIGNMENT( ( #1341 ) );
#537 = ADVANCED_FACE( 'F12', ( #1342 ), #1343, .T. );
#538 = PRESENTATION_STYLE_ASSIGNMENT( ( #1344 ) );
#539 = ADVANCED_FACE( 'F53', ( #1345 ), #1346, .F. );
#540 = PRESENTATION_STYLE_ASSIGNMENT( ( #1347 ) );
#541 = ADVANCED_FACE( 'F63', ( #1348 ), #1349, .F. );
#542 = PRESENTATION_STYLE_ASSIGNMENT( ( #1350 ) );
#543 = ADVANCED_FACE( 'F98', ( #1351 ), #1352, .F. );
#544 = PRESENTATION_STYLE_ASSIGNMENT( ( #1353 ) );
#545 = ADVANCED_FACE( 'F105', ( #1354 ), #1355, .F. );
#546 = PRESENTATION_STYLE_ASSIGNMENT( ( #1356 ) );
#547 = ADVANCED_FACE( 'F80', ( #1357 ), #1358, .F. );
#548 = PRESENTATION_STYLE_ASSIGNMENT( ( #1359 ) );
#549 = ADVANCED_FACE( 'F93', ( #1360 ), #1361, .F. );
#550 = PRESENTATION_STYLE_ASSIGNMENT( ( #1362 ) );
#551 = ADVANCED_FACE( 'F66', ( #1363 ), #1364, .F. );
#552 = PRESENTATION_STYLE_ASSIGNMENT( ( #1365 ) );
#553 = ADVANCED_FACE( 'F21', ( #1366, #1367 ), #1368, .F. );
#554 = PRESENTATION_STYLE_ASSIGNMENT( ( #1369 ) );
#555 = ADVANCED_FACE( 'F42', ( #1370 ), #1371, .T. );
#556 = PRESENTATION_STYLE_ASSIGNMENT( ( #1372 ) );
#557 = ADVANCED_FACE( 'F73', ( #1373 ), #1374, .T. );
#558 = PRESENTATION_STYLE_ASSIGNMENT( ( #1375 ) );
#559 = ADVANCED_FACE( 'F132', ( #1376 ), #1377, .F. );
#560 = PRESENTATION_STYLE_ASSIGNMENT( ( #1378 ) );
#561 = ADVANCED_FACE( 'F61', ( #1379 ), #1380, .F. );
#562 = PRESENTATION_STYLE_ASSIGNMENT( ( #1381 ) );
#563 = ADVANCED_FACE( 'F147', ( #1382 ), #1383, .T. );
#564 = PRESENTATION_STYLE_ASSIGNMENT( ( #1384 ) );
#565 = ADVANCED_FACE( 'F3', ( #1385 ), #1386, .T. );
#566 = PRESENTATION_STYLE_ASSIGNMENT( ( #1387 ) );
#567 = ADVANCED_FACE( 'F37', ( #1388 ), #1389, .T. );
#568 = PRESENTATION_STYLE_ASSIGNMENT( ( #1390 ) );
#569 = ADVANCED_FACE( 'F110', ( #1391 ), #1392, .F. );
#570 = PRESENTATION_STYLE_ASSIGNMENT( ( #1393 ) );
#571 = ADVANCED_FACE( 'F2', ( #1394 ), #1395, .F. );
#572 = PRESENTATION_STYLE_ASSIGNMENT( ( #1396 ) );
#573 = ADVANCED_FACE( 'F26', ( #1397 ), #1398, .T. );
#574 = PRESENTATION_STYLE_ASSIGNMENT( ( #1399 ) );
#575 = ADVANCED_FACE( 'F143', ( #1400 ), #1401, .F. );
#576 = PRESENTATION_STYLE_ASSIGNMENT( ( #1402 ) );
#577 = ADVANCED_FACE( 'F78', ( #1403 ), #1404, .F. );
#578 = PRESENTATION_STYLE_ASSIGNMENT( ( #1405 ) );
#579 = ADVANCED_FACE( 'F9', ( #1406 ), #1407, .T. );
#580 = PRESENTATION_STYLE_ASSIGNMENT( ( #1408 ) );
#581 = ADVANCED_FACE( 'F35', ( #1409 ), #1410, .F. );
#582 = PRESENTATION_STYLE_ASSIGNMENT( ( #1411 ) );
#583 = ADVANCED_FACE( 'F34', ( #1412 ), #1413, .T. );
#584 = PRESENTATION_STYLE_ASSIGNMENT( ( #1414 ) );
#585 = ADVANCED_FACE( 'F156', ( #1415 ), #1416, .F. );
#586 = PRESENTATION_STYLE_ASSIGNMENT( ( #1417 ) );
#587 = ADVANCED_FACE( 'F69', ( #1418 ), #1419, .F. );
#588 = PRESENTATION_STYLE_ASSIGNMENT( ( #1420 ) );
#589 = ADVANCED_FACE( 'F5', ( #1421 ), #1422, .T. );
#590 = PRESENTATION_STYLE_ASSIGNMENT( ( #1423 ) );
#591 = ADVANCED_FACE( 'F125', ( #1424 ), #1425, .F. );
#592 = PRESENTATION_STYLE_ASSIGNMENT( ( #1426 ) );
#593 = ADVANCED_FACE( 'F30', ( #1427 ), #1428, .F. );
#594 = PRESENTATION_STYLE_ASSIGNMENT( ( #1429 ) );
#595 = ADVANCED_FACE( 'F77', ( #1430 ), #1431, .T. );
#596 = PRESENTATION_STYLE_ASSIGNMENT( ( #1432 ) );
#597 = ADVANCED_FACE( 'F124', ( #1433 ), #1434, .T. );
#598 = PRESENTATION_STYLE_ASSIGNMENT( ( #1435 ) );
#599 = ADVANCED_FACE( 'F185', ( #1436, #1437 ), #1438, .T. );
#600 = PRESENTATION_STYLE_ASSIGNMENT( ( #1439 ) );
#601 = ADVANCED_FACE( 'F173', ( #1440 ), #1441, .F. );
#602 = PRESENTATION_STYLE_ASSIGNMENT( ( #1442 ) );
#603 = ADVANCED_FACE( 'F181', ( #1443, #1444 ), #1445, .T. );
#604 = PRESENTATION_STYLE_ASSIGNMENT( ( #1446 ) );
#605 = ADVANCED_FACE( 'F69', ( #1447 ), #1448, .F. );
#606 = PRESENTATION_STYLE_ASSIGNMENT( ( #1449 ) );
#607 = ADVANCED_FACE( 'F10', ( #1450 ), #1451, .T. );
#608 = PRESENTATION_STYLE_ASSIGNMENT( ( #1452 ) );
#609 = ADVANCED_FACE( 'F130', ( #1453 ), #1454, .T. );
#610 = PRESENTATION_STYLE_ASSIGNMENT( ( #1455 ) );
#611 = ADVANCED_FACE( 'F48', ( #1456 ), #1457, .F. );
#612 = PRESENTATION_STYLE_ASSIGNMENT( ( #1458 ) );
#613 = ADVANCED_FACE( 'F155', ( #1459 ), #1460, .T. );
#614 = PRESENTATION_STYLE_ASSIGNMENT( ( #1461 ) );
#615 = ADVANCED_FACE( 'F111', ( #1462 ), #1463, .F. );
#616 = PRESENTATION_STYLE_ASSIGNMENT( ( #1464 ) );
#617 = ADVANCED_FACE( 'F85', ( #1465 ), #1466, .F. );
#618 = PRESENTATION_STYLE_ASSIGNMENT( ( #1467 ) );
#619 = ADVANCED_FACE( 'F131', ( #1468 ), #1469, .F. );
#620 = PRESENTATION_STYLE_ASSIGNMENT( ( #1470 ) );
#621 = ADVANCED_FACE( 'F87', ( #1471 ), #1472, .F. );
#622 = PRESENTATION_STYLE_ASSIGNMENT( ( #1473 ) );
#623 = ADVANCED_FACE( 'F19', ( #1474 ), #1475, .T. );
#624 = PRESENTATION_STYLE_ASSIGNMENT( ( #1476 ) );
#625 = ADVANCED_FACE( 'F108', ( #1477 ), #1478, .T. );
#626 = PRESENTATION_STYLE_ASSIGNMENT( ( #1479 ) );
#627 = ADVANCED_FACE( 'F6', ( #1480 ), #1481, .T. );
#628 = PRESENTATION_STYLE_ASSIGNMENT( ( #1482 ) );
#629 = ADVANCED_FACE( 'F171', ( #1483 ), #1484, .F. );
#630 = PRESENTATION_STYLE_ASSIGNMENT( ( #1485 ) );
#631 = ADVANCED_FACE( 'F132', ( #1486 ), #1487, .T. );
#632 = PRESENTATION_STYLE_ASSIGNMENT( ( #1488 ) );
#633 = ADVANCED_FACE( 'F72', ( #1489 ), #1490, .F. );
#634 = PRESENTATION_STYLE_ASSIGNMENT( ( #1491 ) );
#635 = ADVANCED_FACE( 'F136', ( #1492 ), #1493, .F. );
#636 = PRESENTATION_STYLE_ASSIGNMENT( ( #1494 ) );
#637 = ADVANCED_FACE( 'F16', ( #1495 ), #1496, .T. );
#638 = PRESENTATION_STYLE_ASSIGNMENT( ( #1497 ) );
#639 = ADVANCED_FACE( 'F24', ( #1498 ), #1499, .T. );
#640 = PRESENTATION_STYLE_ASSIGNMENT( ( #1500 ) );
#641 = ADVANCED_FACE( 'F49', ( #1501 ), #1502, .F. );
#642 = PRESENTATION_STYLE_ASSIGNMENT( ( #1503 ) );
#643 = ADVANCED_FACE( 'F170', ( #1504 ), #1505, .F. );
#644 = PRESENTATION_STYLE_ASSIGNMENT( ( #1506 ) );
#645 = ADVANCED_FACE( 'F138', ( #1507 ), #1508, .T. );
#646 = PRESENTATION_STYLE_ASSIGNMENT( ( #1509 ) );
#647 = ADVANCED_FACE( 'F107', ( #1510 ), #1511, .F. );
#648 = PRESENTATION_STYLE_ASSIGNMENT( ( #1512 ) );
#649 = ADVANCED_FACE( 'F89', ( #1513 ), #1514, .T. );
#650 = PRESENTATION_STYLE_ASSIGNMENT( ( #1515 ) );
#651 = ADVANCED_FACE( 'F134', ( #1516 ), #1517, .F. );
#652 = PRESENTATION_STYLE_ASSIGNMENT( ( #1518 ) );
#653 = ADVANCED_FACE( 'F33', ( #1519 ), #1520, .F. );
#654 = PRESENTATION_STYLE_ASSIGNMENT( ( #1521 ) );
#655 = ADVANCED_FACE( 'F149', ( #1522 ), #1523, .F. );
#656 = PRESENTATION_STYLE_ASSIGNMENT( ( #1524 ) );
#657 = ADVANCED_FACE( 'F76', ( #1525 ), #1526, .T. );
#658 = PRESENTATION_STYLE_ASSIGNMENT( ( #1527 ) );
#659 = ADVANCED_FACE( 'F114', ( #1528 ), #1529, .T. );
#660 = PRESENTATION_STYLE_ASSIGNMENT( ( #1530 ) );
#661 = ADVANCED_FACE( 'F15', ( #1531 ), #1532, .T. );
#662 = PRESENTATION_STYLE_ASSIGNMENT( ( #1533 ) );
#663 = ADVANCED_FACE( 'F62', ( #1534 ), #1535, .F. );
#664 = PRESENTATION_STYLE_ASSIGNMENT( ( #1536 ) );
#665 = ADVANCED_FACE( 'F41', ( #1537 ), #1538, .T. );
#666 = PRESENTATION_STYLE_ASSIGNMENT( ( #1539 ) );
#667 = ADVANCED_FACE( 'F124', ( #1540 ), #1541, .T. );
#668 = PRESENTATION_STYLE_ASSIGNMENT( ( #1542 ) );
#669 = ADVANCED_FACE( 'F13', ( #1543 ), #1544, .T. );
#670 = PRESENTATION_STYLE_ASSIGNMENT( ( #1545 ) );
#671 = ADVANCED_FACE( 'F112', ( #1546 ), #1547, .F. );
#672 = PRESENTATION_STYLE_ASSIGNMENT( ( #1548 ) );
#673 = ADVANCED_FACE( 'F39', ( #1549 ), #1550, .F. );
#674 = PRESENTATION_STYLE_ASSIGNMENT( ( #1551 ) );
#675 = ADVANCED_FACE( 'F24', ( #1552 ), #1553, .T. );
#676 = PRESENTATION_STYLE_ASSIGNMENT( ( #1554 ) );
#677 = ADVANCED_FACE( 'F48', ( #1555 ), #1556, .F. );
#678 = PRESENTATION_STYLE_ASSIGNMENT( ( #1557 ) );
#679 = ADVANCED_FACE( 'F94', ( #1558 ), #1559, .T. );
#680 = PRESENTATION_STYLE_ASSIGNMENT( ( #1560 ) );
#681 = ADVANCED_FACE( 'F27', ( #1561, #1562 ), #1563, .F. );
#682 = PRESENTATION_STYLE_ASSIGNMENT( ( #1564 ) );
#683 = ADVANCED_FACE( 'F67', ( #1565 ), #1566, .F. );
#684 = PRESENTATION_STYLE_ASSIGNMENT( ( #1567 ) );
#685 = ADVANCED_FACE( 'NONE', ( #1568 ), #1569, .T. );
#686 = PRESENTATION_STYLE_ASSIGNMENT( ( #1570 ) );
#687 = ADVANCED_FACE( 'F120', ( #1571 ), #1572, .T. );
#688 = PRESENTATION_STYLE_ASSIGNMENT( ( #1573 ) );
#689 = ADVANCED_FACE( 'F32', ( #1574 ), #1575, .F. );
#690 = PRESENTATION_STYLE_ASSIGNMENT( ( #1576 ) );
#691 = ADVANCED_FACE( 'F43', ( #1577 ), #1578, .F. );
#692 = PRESENTATION_STYLE_ASSIGNMENT( ( #1579 ) );
#693 = ADVANCED_FACE( 'F27', ( #1580 ), #1581, .F. );
#694 = PRESENTATION_STYLE_ASSIGNMENT( ( #1582 ) );
#695 = ADVANCED_FACE( 'F13', ( #1583 ), #1584, .T. );
#696 = PRESENTATION_STYLE_ASSIGNMENT( ( #1585 ) );
#697 = ADVANCED_FACE( 'F164', ( #1586, #1587 ), #1588, .F. );
#698 = PRESENTATION_STYLE_ASSIGNMENT( ( #1589 ) );
#699 = ADVANCED_FACE( 'F106', ( #1590 ), #1591, .T. );
#700 = PRESENTATION_STYLE_ASSIGNMENT( ( #1592 ) );
#701 = ADVANCED_FACE( 'F75', ( #1593 ), #1594, .T. );
#702 = PRESENTATION_STYLE_ASSIGNMENT( ( #1595 ) );
#703 = ADVANCED_FACE( 'F150', ( #1596 ), #1597, .F. );
#704 = PRESENTATION_STYLE_ASSIGNMENT( ( #1598 ) );
#705 = ADVANCED_FACE( 'F165', ( #1599, #1600 ), #1601, .T. );
#706 = PRESENTATION_STYLE_ASSIGNMENT( ( #1602 ) );
#707 = ADVANCED_FACE( 'F135', ( #1603 ), #1604, .F. );
#708 = PRESENTATION_STYLE_ASSIGNMENT( ( #1605 ) );
#709 = ADVANCED_FACE( 'F58', ( #1606 ), #1607, .T. );
#710 = PRESENTATION_STYLE_ASSIGNMENT( ( #1608 ) );
#711 = ADVANCED_FACE( 'F9', ( #1609 ), #1610, .T. );
#712 = PRESENTATION_STYLE_ASSIGNMENT( ( #1611 ) );
#713 = ADVANCED_FACE( 'F111', ( #1612 ), #1613, .T. );
#714 = PRESENTATION_STYLE_ASSIGNMENT( ( #1614 ) );
#715 = ADVANCED_FACE( 'NONE', ( #1615 ), #1616, .T. );
#716 = PRESENTATION_STYLE_ASSIGNMENT( ( #1617 ) );
#717 = ADVANCED_FACE( 'F117', ( #1618 ), #1619, .T. );
#718 = PRESENTATION_STYLE_ASSIGNMENT( ( #1620 ) );
#719 = ADVANCED_FACE( 'F115', ( #1621 ), #1622, .F. );
#720 = PRESENTATION_STYLE_ASSIGNMENT( ( #1623 ) );
#721 = ADVANCED_FACE( 'F40', ( #1624 ), #1625, .T. );
#722 = PRESENTATION_STYLE_ASSIGNMENT( ( #1626 ) );
#723 = ADVANCED_FACE( 'F164', ( #1627 ), #1628, .T. );
#724 = PRESENTATION_STYLE_ASSIGNMENT( ( #1629 ) );
#725 = ADVANCED_FACE( 'F157', ( #1630 ), #1631, .F. );
#726 = PRESENTATION_STYLE_ASSIGNMENT( ( #1632 ) );
#727 = ADVANCED_FACE( 'F75', ( #1633 ), #1634, .F. );
#728 = PRESENTATION_STYLE_ASSIGNMENT( ( #1635 ) );
#729 = ADVANCED_FACE( 'F122', ( #1636 ), #1637, .T. );
#730 = PRESENTATION_STYLE_ASSIGNMENT( ( #1638 ) );
#731 = ADVANCED_FACE( 'F40', ( #1639 ), #1640, .F. );
#732 = PRESENTATION_STYLE_ASSIGNMENT( ( #1641 ) );
#733 = ADVANCED_FACE( 'F77', ( #1642 ), #1643, .F. );
#734 = PRESENTATION_STYLE_ASSIGNMENT( ( #1644 ) );
#735 = ADVANCED_FACE( 'F100', ( #1645 ), #1646, .T. );
#736 = PRESENTATION_STYLE_ASSIGNMENT( ( #1647 ) );
#737 = ADVANCED_FACE( 'F46', ( #1648 ), #1649, .F. );
#738 = PRESENTATION_STYLE_ASSIGNMENT( ( #1650 ) );
#739 = ADVANCED_FACE( 'F68', ( #1651 ), #1652, .F. );
#740 = PRESENTATION_STYLE_ASSIGNMENT( ( #1653 ) );
#741 = ADVANCED_FACE( 'F82', ( #1654, #1655, #1656 ), #1657, .T. );
#742 = PRESENTATION_STYLE_ASSIGNMENT( ( #1658 ) );
#743 = ADVANCED_FACE( 'F28', ( #1659 ), #1660, .T. );
#744 = PRESENTATION_STYLE_ASSIGNMENT( ( #1661 ) );
#745 = ADVANCED_FACE( 'F62', ( #1662 ), #1663, .T. );
#746 = PRESENTATION_STYLE_ASSIGNMENT( ( #1664 ) );
#747 = ADVANCED_FACE( 'F137', ( #1665 ), #1666, .T. );
#748 = PRESENTATION_STYLE_ASSIGNMENT( ( #1667 ) );
#749 = ADVANCED_FACE( 'F46', ( #1668 ), #1669, .F. );
#750 = PRESENTATION_STYLE_ASSIGNMENT( ( #1670 ) );
#751 = ADVANCED_FACE( 'F101', ( #1671 ), #1672, .T. );
#752 = PRESENTATION_STYLE_ASSIGNMENT( ( #1673 ) );
#753 = ADVANCED_FACE( 'F81', ( #1674 ), #1675, .F. );
#754 = PRESENTATION_STYLE_ASSIGNMENT( ( #1676 ) );
#755 = ADVANCED_FACE( 'F148', ( #1677 ), #1678, .F. );
#756 = PRESENTATION_STYLE_ASSIGNMENT( ( #1679 ) );
#757 = ADVANCED_FACE( 'F138', ( #1680 ), #1681, .F. );
#758 = PRESENTATION_STYLE_ASSIGNMENT( ( #1682 ) );
#759 = ADVANCED_FACE( 'F135', ( #1683 ), #1684, .T. );
#760 = PRESENTATION_STYLE_ASSIGNMENT( ( #1685 ) );
#761 = ADVANCED_FACE( 'F160', ( #1686 ), #1687, .T. );
#762 = PRESENTATION_STYLE_ASSIGNMENT( ( #1688 ) );
#763 = ADVANCED_FACE( 'F112', ( #1689 ), #1690, .T. );
#764 = PRESENTATION_STYLE_ASSIGNMENT( ( #1691 ) );
#765 = ADVANCED_FACE( 'F83', ( #1692 ), #1693, .T. );
#766 = PRESENTATION_STYLE_ASSIGNMENT( ( #1694 ) );
#767 = ADVANCED_FACE( 'F175', ( #1695 ), #1696, .F. );
#768 = PRESENTATION_STYLE_ASSIGNMENT( ( #1697 ) );
#769 = ADVANCED_FACE( 'F1', ( #1698, #1699, #1700, #1701 ), #1702, .T. );
#770 = PRESENTATION_STYLE_ASSIGNMENT( ( #1703 ) );
#771 = ADVANCED_FACE( 'F100', ( #1704 ), #1705, .F. );
#772 = PRESENTATION_STYLE_ASSIGNMENT( ( #1706 ) );
#773 = ADVANCED_FACE( 'F14', ( #1707 ), #1708, .T. );
#774 = PRESENTATION_STYLE_ASSIGNMENT( ( #1709 ) );
#775 = ADVANCED_FACE( 'F57', ( #1710 ), #1711, .T. );
#776 = PRESENTATION_STYLE_ASSIGNMENT( ( #1712 ) );
#777 = ADVANCED_FACE( 'F4', ( #1713 ), #1714, .T. );
#778 = PRESENTATION_STYLE_ASSIGNMENT( ( #1715 ) );
#779 = ADVANCED_FACE( 'F172', ( #1716 ), #1717, .F. );
#780 = PRESENTATION_STYLE_ASSIGNMENT( ( #1718 ) );
#781 = ADVANCED_FACE( 'F26', ( #1719 ), #1720, .T. );
#782 = PRESENTATION_STYLE_ASSIGNMENT( ( #1721 ) );
#783 = ADVANCED_FACE( 'F41', ( #1722 ), #1723, .F. );
#784 = PRESENTATION_STYLE_ASSIGNMENT( ( #1724 ) );
#785 = ADVANCED_FACE( 'F18', ( #1725 ), #1726, .T. );
#786 = PRESENTATION_STYLE_ASSIGNMENT( ( #1727 ) );
#787 = ADVANCED_FACE( 'F114', ( #1728 ), #1729, .F. );
#788 = PRESENTATION_STYLE_ASSIGNMENT( ( #1730 ) );
#789 = ADVANCED_FACE( 'F143', ( #1731 ), #1732, .T. );
#790 = PRESENTATION_STYLE_ASSIGNMENT( ( #1733 ) );
#791 = ADVANCED_FACE( 'F31', ( #1734 ), #1735, .T. );
#792 = PRESENTATION_STYLE_ASSIGNMENT( ( #1736 ) );
#793 = ADVANCED_FACE( 'F103', ( #1737 ), #1738, .F. );
#794 = PRESENTATION_STYLE_ASSIGNMENT( ( #1739 ) );
#795 = ADVANCED_FACE( 'F147', ( #1740 ), #1741, .F. );
#796 = PRESENTATION_STYLE_ASSIGNMENT( ( #1742 ) );
#797 = ADVANCED_FACE( 'F158', ( #1743 ), #1744, .T. );
#798 = PRESENTATION_STYLE_ASSIGNMENT( ( #1745 ) );
#799 = ADVANCED_FACE( 'F123', ( #1746 ), #1747, .T. );
#800 = PRESENTATION_STYLE_ASSIGNMENT( ( #1748 ) );
#801 = ADVANCED_FACE( 'F183', ( #1749, #1750 ), #1751, .T. );
#802 = PRESENTATION_STYLE_ASSIGNMENT( ( #1752 ) );
#803 = ADVANCED_FACE( 'F117', ( #1753 ), #1754, .F. );
#804 = PRESENTATION_STYLE_ASSIGNMENT( ( #1755 ) );
#805 = ADVANCED_FACE( 'F49', ( #1756 ), #1757, .F. );
#806 = PRESENTATION_STYLE_ASSIGNMENT( ( #1758 ) );
#807 = ADVANCED_FACE( 'F141', ( #1759 ), #1760, .T. );
#808 = PRESENTATION_STYLE_ASSIGNMENT( ( #1761 ) );
#809 = ADVANCED_FACE( 'F76', ( #1762 ), #1763, .T. );
#810 = PRESENTATION_STYLE_ASSIGNMENT( ( #1764 ) );
#811 = ADVANCED_FACE( 'F115', ( #1765 ), #1766, .T. );
#812 = PRESENTATION_STYLE_ASSIGNMENT( ( #1767 ) );
#813 = ADVANCED_FACE( 'F109', ( #1768 ), #1769, .F. );
#814 = PRESENTATION_STYLE_ASSIGNMENT( ( #1770 ) );
#815 = ADVANCED_FACE( 'F55', ( #1771 ), #1772, .T. );
#816 = PRESENTATION_STYLE_ASSIGNMENT( ( #1773 ) );
#817 = ADVANCED_FACE( 'F136', ( #1774 ), #1775, .T. );
#818 = PRESENTATION_STYLE_ASSIGNMENT( ( #1776 ) );
#819 = ADVANCED_FACE( 'F10', ( #1777 ), #1778, .T. );
#820 = PRESENTATION_STYLE_ASSIGNMENT( ( #1779 ) );
#821 = ADVANCED_FACE( 'F88', ( #1780 ), #1781, .F. );
#822 = PRESENTATION_STYLE_ASSIGNMENT( ( #1782 ) );
#823 = ADVANCED_FACE( 'F8', ( #1783 ), #1784, .T. );
#824 = PRESENTATION_STYLE_ASSIGNMENT( ( #1785 ) );
#825 = ADVANCED_FACE( 'F142', ( #1786 ), #1787, .F. );
#826 = PRESENTATION_STYLE_ASSIGNMENT( ( #1788 ) );
#827 = ADVANCED_FACE( 'F91', ( #1789 ), #1790, .F. );
#828 = PRESENTATION_STYLE_ASSIGNMENT( ( #1791 ) );
#829 = ADVANCED_FACE( 'F123', ( #1792 ), #1793, .F. );
#830 = PRESENTATION_STYLE_ASSIGNMENT( ( #1794 ) );
#831 = ADVANCED_FACE( 'F149', ( #1795 ), #1796, .T. );
#832 = PRESENTATION_STYLE_ASSIGNMENT( ( #1797 ) );
#833 = ADVANCED_FACE( 'F42', ( #1798 ), #1799, .F. );
#834 = PRESENTATION_STYLE_ASSIGNMENT( ( #1800 ) );
#835 = ADVANCED_FACE( 'F60', ( #1801 ), #1802, .T. );
#836 = PRESENTATION_STYLE_ASSIGNMENT( ( #1803 ) );
#837 = ADVANCED_FACE( 'F70', ( #1804 ), #1805, .F. );
#838 = PRESENTATION_STYLE_ASSIGNMENT( ( #1806 ) );
#839 = ADVANCED_FACE( 'F39', ( #1807 ), #1808, .T. );
#840 = PRESENTATION_STYLE_ASSIGNMENT( ( #1809 ) );
#841 = ADVANCED_FACE( 'F70', ( #1810 ), #1811, .F. );
#842 = PRESENTATION_STYLE_ASSIGNMENT( ( #1812 ) );
#843 = ADVANCED_FACE( 'F50', ( #1813 ), #1814, .F. );
#844 = PRESENTATION_STYLE_ASSIGNMENT( ( #1815 ) );
#845 = ADVANCED_FACE( 'F128', ( #1816 ), #1817, .T. );
#846 = PRESENTATION_STYLE_ASSIGNMENT( ( #1818 ) );
#847 = ADVANCED_FACE( 'F84', ( #1819 ), #1820, .T. );
#848 = PRESENTATION_STYLE_ASSIGNMENT( ( #1821 ) );
#849 = ADVANCED_FACE( 'F113', ( #1822 ), #1823, .F. );
#850 = PRESENTATION_STYLE_ASSIGNMENT( ( #1824 ) );
#851 = ADVANCED_FACE( 'F122', ( #1825 ), #1826, .T. );
#852 = PRESENTATION_STYLE_ASSIGNMENT( ( #1827 ) );
#853 = ADVANCED_FACE( 'F45', ( #1828 ), #1829, .F. );
#854 = PRESENTATION_STYLE_ASSIGNMENT( ( #1830 ) );
#855 = ADVANCED_FACE( 'F15', ( #1831 ), #1832, .T. );
#856 = PRESENTATION_STYLE_ASSIGNMENT( ( #1833 ) );
#857 = ADVANCED_FACE( 'F137', ( #1834 ), #1835, .F. );
#858 = PRESENTATION_STYLE_ASSIGNMENT( ( #1836 ) );
#859 = ADVANCED_FACE( 'F97', ( #1837 ), #1838, .T. );
#860 = PRESENTATION_STYLE_ASSIGNMENT( ( #1839 ) );
#861 = ADVANCED_FACE( 'F51', ( #1840 ), #1841, .F. );
#862 = PRESENTATION_STYLE_ASSIGNMENT( ( #1842 ) );
#863 = ADVANCED_FACE( 'F141', ( #1843 ), #1844, .F. );
#864 = PRESENTATION_STYLE_ASSIGNMENT( ( #1845 ) );
#865 = ADVANCED_FACE( 'F133', ( #1846 ), #1847, .F. );
#866 = PRESENTATION_STYLE_ASSIGNMENT( ( #1848 ) );
#867 = ADVANCED_FACE( 'F37', ( #1849 ), #1850, .F. );
#868 = PRESENTATION_STYLE_ASSIGNMENT( ( #1851 ) );
#869 = ADVANCED_FACE( 'F163', ( #1852 ), #1853, .F. );
#870 = PRESENTATION_STYLE_ASSIGNMENT( ( #1854 ) );
#871 = ADVANCED_FACE( 'F152', ( #1855 ), #1856, .F. );
#872 = PRESENTATION_STYLE_ASSIGNMENT( ( #1857 ) );
#873 = ADVANCED_FACE( 'F139', ( #1858 ), #1859, .F. );
#874 = PRESENTATION_STYLE_ASSIGNMENT( ( #1860 ) );
#875 = ADVANCED_FACE( 'F64', ( #1861 ), #1862, .T. );
#876 = PRESENTATION_STYLE_ASSIGNMENT( ( #1863 ) );
#877 = ADVANCED_FACE( 'F101', ( #1864 ), #1865, .F. );
#878 = PRESENTATION_STYLE_ASSIGNMENT( ( #1866 ) );
#879 = ADVANCED_FACE( 'F59', ( #1867 ), #1868, .F. );
#880 = PRESENTATION_STYLE_ASSIGNMENT( ( #1869 ) );
#881 = ADVANCED_FACE( 'F90', ( #1870 ), #1871, .T. );
#882 = PRESENTATION_STYLE_ASSIGNMENT( ( #1872 ) );
#883 = ADVANCED_FACE( 'F16', ( #1873 ), #1874, .T. );
#884 = PRESENTATION_STYLE_ASSIGNMENT( ( #1875 ) );
#885 = ADVANCED_FACE( 'F162', ( #1876, #1877, #1878 ), #1879, .T. );
#886 = PRESENTATION_STYLE_ASSIGNMENT( ( #1880 ) );
#887 = ADVANCED_FACE( 'F14', ( #1881 ), #1882, .T. );
#888 = PRESENTATION_STYLE_ASSIGNMENT( ( #1883 ) );
#889 = ADVANCED_FACE( 'F17', ( #1884 ), #1885, .T. );
#890 = PRESENTATION_STYLE_ASSIGNMENT( ( #1886 ) );
#891 = ADVANCED_FACE( 'F90', ( #1887 ), #1888, .F. );
#892 = PRESENTATION_STYLE_ASSIGNMENT( ( #1889 ) );
#893 = ADVANCED_FACE( 'F166', ( #1890 ), #1891, .T. );
#894 = PRESENTATION_STYLE_ASSIGNMENT( ( #1892 ) );
#895 = ADVANCED_FACE( 'F21', ( #1893 ), #1894, .T. );
#896 = PRESENTATION_STYLE_ASSIGNMENT( ( #1895 ) );
#897 = ADVANCED_FACE( 'F145', ( #1896 ), #1897, .F. );
#898 = PRESENTATION_STYLE_ASSIGNMENT( ( #1898 ) );
#899 = ADVANCED_FACE( 'F107', ( #1899 ), #1900, .T. );
#900 = PRESENTATION_STYLE_ASSIGNMENT( ( #1901 ) );
#901 = ADVANCED_FACE( 'F57', ( #1902 ), #1903, .F. );
#902 = PRESENTATION_STYLE_ASSIGNMENT( ( #1904 ) );
#903 = ADVANCED_FACE( 'F129', ( #1905 ), #1906, .F. );
#904 = PRESENTATION_STYLE_ASSIGNMENT( ( #1907 ) );
#905 = ADVANCED_FACE( 'F148', ( #1908 ), #1909, .F. );
#906 = PRESENTATION_STYLE_ASSIGNMENT( ( #1910 ) );
#907 = ADVANCED_FACE( 'F88', ( #1911 ), #1912, .T. );
#908 = PRESENTATION_STYLE_ASSIGNMENT( ( #1913 ) );
#909 = ADVANCED_FACE( 'F145', ( #1914 ), #1915, .F. );
#910 = PRESENTATION_STYLE_ASSIGNMENT( ( #1916 ) );
#911 = ADVANCED_FACE( 'F43', ( #1917 ), #1918, .T. );
#912 = PRESENTATION_STYLE_ASSIGNMENT( ( #1919 ) );
#913 = ADVANCED_FACE( 'F93', ( #1920 ), #1921, .T. );
#914 = PRESENTATION_STYLE_ASSIGNMENT( ( #1922 ) );
#915 = ADVANCED_FACE( 'F25', ( #1923 ), #1924, .T. );
#916 = PRESENTATION_STYLE_ASSIGNMENT( ( #1925 ) );
#917 = ADVANCED_FACE( 'F18', ( #1926 ), #1927, .T. );
#918 = PRESENTATION_STYLE_ASSIGNMENT( ( #1928 ) );
#919 = ADVANCED_FACE( 'F71', ( #1929 ), #1930, .F. );
#920 = PRESENTATION_STYLE_ASSIGNMENT( ( #1931 ) );
#921 = ADVANCED_FACE( 'F51', ( #1932 ), #1933, .T. );
#922 = PRESENTATION_STYLE_ASSIGNMENT( ( #1934 ) );
#923 = ADVANCED_FACE( 'F56', ( #1935, #1936 ), #1937, .T. );
#924 = PRESENTATION_STYLE_ASSIGNMENT( ( #1938 ) );
#925 = ADVANCED_FACE( 'F99', ( #1939 ), #1940, .F. );
#926 = PRESENTATION_STYLE_ASSIGNMENT( ( #1941 ) );
#927 = ADVANCED_FACE( 'F161', ( #1942, #1943, #1944 ), #1945, .T. );
#928 = PRESENTATION_STYLE_ASSIGNMENT( ( #1946 ) );
#929 = ADVANCED_FACE( 'NONE', ( #1947, #1948 ), #1949, .F. );
#930 = PRESENTATION_STYLE_ASSIGNMENT( ( #1950 ) );
#931 = ADVANCED_FACE( 'F144', ( #1951 ), #1952, .F. );
#932 = PRESENTATION_STYLE_ASSIGNMENT( ( #1953 ) );
#933 = ADVANCED_FACE( 'F151', ( #1954 ), #1955, .F. );
#934 = PRESENTATION_STYLE_ASSIGNMENT( ( #1956 ) );
#935 = ADVANCED_FACE( 'F167', ( #1957 ), #1958, .T. );
#936 = PRESENTATION_STYLE_ASSIGNMENT( ( #1959 ) );
#937 = ADVANCED_FACE( 'F120', ( #1960 ), #1961, .T. );
#938 = PRESENTATION_STYLE_ASSIGNMENT( ( #1962 ) );
#939 = ADVANCED_FACE( 'F61', ( #1963 ), #1964, .T. );
#940 = PRESENTATION_STYLE_ASSIGNMENT( ( #1965 ) );
#941 = ADVANCED_FACE( 'F144', ( #1966 ), #1967, .T. );
#942 = PRESENTATION_STYLE_ASSIGNMENT( ( #1968 ) );
#943 = ADVANCED_FACE( 'F74', ( #1969 ), #1970, .F. );
#944 = PRESENTATION_STYLE_ASSIGNMENT( ( #1971 ) );
#945 = ADVANCED_FACE( 'F6', ( #1972 ), #1973, .T. );
#946 = PRESENTATION_STYLE_ASSIGNMENT( ( #1974 ) );
#947 = ADVANCED_FACE( 'F154', ( #1975 ), #1976, .T. );
#948 = PRESENTATION_STYLE_ASSIGNMENT( ( #1977 ) );
#949 = ADVANCED_FACE( 'F152', ( #1978 ), #1979, .T. );
#950 = PRESENTATION_STYLE_ASSIGNMENT( ( #1980 ) );
#951 = ADVANCED_FACE( 'F55', ( #1981, #1982 ), #1983, .T. );
#952 = PRESENTATION_STYLE_ASSIGNMENT( ( #1984 ) );
#953 = ADVANCED_FACE( 'F153', ( #1985 ), #1986, .F. );
#954 = PRESENTATION_STYLE_ASSIGNMENT( ( #1987 ) );
#955 = ADVANCED_FACE( 'F154', ( #1988 ), #1989, .F. );
#956 = PRESENTATION_STYLE_ASSIGNMENT( ( #1990 ) );
#957 = ADVANCED_FACE( 'F12', ( #1991 ), #1992, .T. );
#958 = PRESENTATION_STYLE_ASSIGNMENT( ( #1993 ) );
#959 = ADVANCED_FACE( 'F31', ( #1994 ), #1995, .F. );
#960 = PRESENTATION_STYLE_ASSIGNMENT( ( #1996 ) );
#961 = ADVANCED_FACE( 'F118', ( #1997 ), #1998, .T. );
#962 = PRESENTATION_STYLE_ASSIGNMENT( ( #1999 ) );
#963 = ADVANCED_FACE( 'F33', ( #2000 ), #2001, .T. );
#964 = PRESENTATION_STYLE_ASSIGNMENT( ( #2002 ) );
#965 = ADVANCED_FACE( 'F65', ( #2003 ), #2004, .T. );
#966 = PRESENTATION_STYLE_ASSIGNMENT( ( #2005 ) );
#967 = ADVANCED_FACE( 'F3', ( #2006 ), #2007, .T. );
#968 = PRESENTATION_STYLE_ASSIGNMENT( ( #2008 ) );
#969 = ADVANCED_FACE( 'F7', ( #2009 ), #2010, .T. );
#970 = PRESENTATION_STYLE_ASSIGNMENT( ( #2011 ) );
#971 = ADVANCED_FACE( 'F28', ( #2012 ), #2013, .F. );
#972 = PRESENTATION_STYLE_ASSIGNMENT( ( #2014 ) );
#973 = ADVANCED_FACE( 'F30', ( #2015 ), #2016, .T. );
#974 = PRESENTATION_STYLE_ASSIGNMENT( ( #2017 ) );
#975 = ADVANCED_FACE( 'F102', ( #2018 ), #2019, .T. );
#976 = PRESENTATION_STYLE_ASSIGNMENT( ( #2020 ) );
#977 = ADVANCED_FACE( 'F150', ( #2021 ), #2022, .T. );
#978 = PRESENTATION_STYLE_ASSIGNMENT( ( #2023 ) );
#979 = ADVANCED_FACE( 'F155', ( #2024 ), #2025, .F. );
#980 = PRESENTATION_STYLE_ASSIGNMENT( ( #2026 ) );
#981 = ADVANCED_FACE( 'F158', ( #2027 ), #2028, .T. );
#982 = PRESENTATION_STYLE_ASSIGNMENT( ( #2029 ) );
#983 = ADVANCED_FACE( 'F125', ( #2030 ), #2031, .T. );
#984 = PRESENTATION_STYLE_ASSIGNMENT( ( #2032 ) );
#985 = ADVANCED_FACE( 'F140', ( #2033 ), #2034, .F. );
#986 = PRESENTATION_STYLE_ASSIGNMENT( ( #2035 ) );
#987 = ADVANCED_FACE( 'F17', ( #2036 ), #2037, .T. );
#988 = PRESENTATION_STYLE_ASSIGNMENT( ( #2038 ) );
#989 = ADVANCED_FACE( 'NONE', ( #2039, #2040 ), #2041, .T. );
#990 = PRESENTATION_STYLE_ASSIGNMENT( ( #2042 ) );
#991 = ADVANCED_FACE( 'F177', ( #2043, #2044 ), #2045, .T. );
#992 = PRESENTATION_STYLE_ASSIGNMENT( ( #2046 ) );
#993 = ADVANCED_FACE( 'F134', ( #2047 ), #2048, .T. );
#994 = PRESENTATION_STYLE_ASSIGNMENT( ( #2049 ) );
#995 = ADVANCED_FACE( 'F66', ( #2050 ), #2051, .T. );
#996 = PRESENTATION_STYLE_ASSIGNMENT( ( #2052 ) );
#997 = ADVANCED_FACE( 'F161', ( #2053 ), #2054, .T. );
#998 = PRESENTATION_STYLE_ASSIGNMENT( ( #2055 ) );
#999 = ADVANCED_FACE( 'F92', ( #2056 ), #2057, .T. );
#1000 = PRESENTATION_STYLE_ASSIGNMENT( ( #2058 ) );
#1001 = ADVANCED_FACE( 'F29', ( #2059 ), #2060, .F. );
#1002 = PRESENTATION_STYLE_ASSIGNMENT( ( #2061 ) );
#1003 = ADVANCED_FACE( 'F159', ( #2062 ), #2063, .T. );
#1004 = PRESENTATION_STYLE_ASSIGNMENT( ( #2064 ) );
#1005 = ADVANCED_FACE( 'F80', ( #2065 ), #2066, .T. );
#1006 = PRESENTATION_STYLE_ASSIGNMENT( ( #2067 ) );
#1007 = ADVANCED_FACE( 'F130', ( #2068 ), #2069, .F. );
#1008 = PRESENTATION_STYLE_ASSIGNMENT( ( #2070 ) );
#1009 = ADVANCED_FACE( 'F176', ( #2071, #2072 ), #2073, .F. );
#1010 = PRESENTATION_STYLE_ASSIGNMENT( ( #2074 ) );
#1011 = ADVANCED_FACE( 'F157', ( #2075 ), #2076, .F. );
#1012 = PRESENTATION_STYLE_ASSIGNMENT( ( #2077 ) );
#1013 = ADVANCED_FACE( 'F108', ( #2078 ), #2079, .F. );
#1014 = PRESENTATION_STYLE_ASSIGNMENT( ( #2080 ) );
#1015 = ADVANCED_FACE( 'F52', ( #2081 ), #2082, .F. );
#1016 = PRESENTATION_STYLE_ASSIGNMENT( ( #2083 ) );
#1017 = ADVANCED_FACE( 'F89', ( #2084 ), #2085, .F. );
#1018 = PRESENTATION_STYLE_ASSIGNMENT( ( #2086 ) );
#1019 = ADVANCED_FACE( 'F4', ( #2087 ), #2088, .T. );
#1020 = PRESENTATION_STYLE_ASSIGNMENT( ( #2089 ) );
#1021 = ADVANCED_FACE( 'F102', ( #2090 ), #2091, .F. );
#1022 = PRESENTATION_STYLE_ASSIGNMENT( ( #2092 ) );
#1023 = ADVANCED_FACE( 'F129', ( #2093 ), #2094, .F. );
#1024 = PRESENTATION_STYLE_ASSIGNMENT( ( #2095 ) );
#1025 = ADVANCED_FACE( 'F153', ( #2096 ), #2097, .T. );
#1026 = PRESENTATION_STYLE_ASSIGNMENT( ( #2098 ) );
#1027 = ADVANCED_FACE( 'F110', ( #2099 ), #2100, .T. );
#1028 = PRESENTATION_STYLE_ASSIGNMENT( ( #2101 ) );
#1029 = ADVANCED_FACE( 'F127', ( #2102 ), #2103, .T. );
#1030 = PRESENTATION_STYLE_ASSIGNMENT( ( #2104 ) );
#1031 = ADVANCED_FACE( 'F82', ( #2105 ), #2106, .T. );
#1032 = PRESENTATION_STYLE_ASSIGNMENT( ( #2107 ) );
#1033 = ADVANCED_FACE( 'F19', ( #2108 ), #2109, .T. );
#1034 = PRESENTATION_STYLE_ASSIGNMENT( ( #2110 ) );
#1035 = ADVANCED_FACE( 'F98', ( #2111 ), #2112, .F. );
#1036 = PRESENTATION_STYLE_ASSIGNMENT( ( #2113 ) );
#1037 = ADVANCED_FACE( 'F87', ( #2114 ), #2115, .F. );
#1038 = PRESENTATION_STYLE_ASSIGNMENT( ( #2116 ) );
#1039 = ADVANCED_FACE( 'F35', ( #2117 ), #2118, .T. );
#1040 = PRESENTATION_STYLE_ASSIGNMENT( ( #2119 ) );
#1041 = ADVANCED_FACE( 'F85', ( #2120 ), #2121, .T. );
#1042 = PRESENTATION_STYLE_ASSIGNMENT( ( #2122 ) );
#1043 = ADVANCED_FACE( 'F165', ( #2123 ), #2124, .T. );
#1044 = PRESENTATION_STYLE_ASSIGNMENT( ( #2125 ) );
#1045 = ADVANCED_FACE( 'F186', ( #2126, #2127 ), #2128, .T. );
#1046 = PRESENTATION_STYLE_ASSIGNMENT( ( #2129 ) );
#1047 = ADVANCED_FACE( 'F44', ( #2130, #2131 ), #2132, .T. );
#1048 = PRESENTATION_STYLE_ASSIGNMENT( ( #2133 ) );
#1049 = ADVANCED_FACE( 'F22', ( #2134, #2135 ), #2136, .F. );
#1050 = PRESENTATION_STYLE_ASSIGNMENT( ( #2137 ) );
#1051 = ADVANCED_FACE( 'F119', ( #2138 ), #2139, .T. );
#1052 = PRESENTATION_STYLE_ASSIGNMENT( ( #2140 ) );
#1053 = ADVANCED_FACE( 'F54', ( #2141 ), #2142, .T. );
#1054 = PRESENTATION_STYLE_ASSIGNMENT( ( #2143 ) );
#1055 = ADVANCED_FACE( 'F180', ( #2144 ), #2145, .T. );
#1056 = PRESENTATION_STYLE_ASSIGNMENT( ( #2146 ) );
#1057 = ADVANCED_FACE( 'F73', ( #2147 ), #2148, .F. );
#1058 = PRESENTATION_STYLE_ASSIGNMENT( ( #2149 ) );
#1059 = ADVANCED_FACE( 'F146', ( #2150 ), #2151, .F. );
#1060 = PRESENTATION_STYLE_ASSIGNMENT( ( #2152 ) );
#1061 = ADVANCED_FACE( 'F178', ( #2153 ), #2154, .T. );
#1062 = PRESENTATION_STYLE_ASSIGNMENT( ( #2155 ) );
#1063 = ADVANCED_FACE( 'F25', ( #2156 ), #2157, .T. );
#1064 = PRESENTATION_STYLE_ASSIGNMENT( ( #2158 ) );
#1065 = ADVANCED_FACE( 'F105', ( #2159 ), #2160, .T. );
#1066 = PRESENTATION_STYLE_ASSIGNMENT( ( #2161 ) );
#1067 = ADVANCED_FACE( 'F151', ( #2162 ), #2163, .T. );
#1068 = PRESENTATION_STYLE_ASSIGNMENT( ( #2164 ) );
#1069 = ADVANCED_FACE( 'F44', ( #2165 ), #2166, .F. );
#1070 = PRESENTATION_STYLE_ASSIGNMENT( ( #2167 ) );
#1071 = ADVANCED_FACE( 'F74', ( #2168 ), #2169, .T. );
#1072 = PRESENTATION_STYLE_ASSIGNMENT( ( #2170 ) );
#1073 = ADVANCED_FACE( 'F159', ( #2171 ), #2172, .T. );
#1074 = PRESENTATION_STYLE_ASSIGNMENT( ( #2173 ) );
#1075 = ADVANCED_FACE( 'F47', ( #2174 ), #2175, .F. );
#1076 = PRESENTATION_STYLE_ASSIGNMENT( ( #2176 ) );
#1077 = ADVANCED_FACE( 'F5', ( #2177 ), #2178, .T. );
#1078 = PRESENTATION_STYLE_ASSIGNMENT( ( #2179 ) );
#1079 = ADVANCED_FACE( 'F86', ( #2180 ), #2181, .F. );
#1080 = PRESENTATION_STYLE_ASSIGNMENT( ( #2182 ) );
#1081 = ADVANCED_FACE( 'F20', ( #2183 ), #2184, .T. );
#1082 = PRESENTATION_STYLE_ASSIGNMENT( ( #2185 ) );
#1083 = ADVANCED_FACE( 'F95', ( #2186 ), #2187, .F. );
#1084 = PRESENTATION_STYLE_ASSIGNMENT( ( #2188 ) );
#1085 = ADVANCED_FACE( 'F94', ( #2189 ), #2190, .F. );
#1086 = PRESENTATION_STYLE_ASSIGNMENT( ( #2191 ) );
#1087 = ADVANCED_FACE( 'F58', ( #2192 ), #2193, .F. );
#1088 = PRESENTATION_STYLE_ASSIGNMENT( ( #2194 ) );
#1089 = ADVANCED_FACE( 'F91', ( #2195 ), #2196, .T. );
#1090 = PRESENTATION_STYLE_ASSIGNMENT( ( #2197 ) );
#1091 = ADVANCED_FACE( 'F127', ( #2198 ), #2199, .F. );
#1092 = PRESENTATION_STYLE_ASSIGNMENT( ( #2200 ) );
#1093 = ADVANCED_FACE( 'F116', ( #2201 ), #2202, .T. );
#1094 = PRESENTATION_STYLE_ASSIGNMENT( ( #2203 ) );
#1095 = ADVANCED_FACE( 'F92', ( #2204 ), #2205, .F. );
#1096 = PRESENTATION_STYLE_ASSIGNMENT( ( #2206 ) );
#1097 = ADVANCED_FACE( 'F11', ( #2207 ), #2208, .T. );
#1098 = PRESENTATION_STYLE_ASSIGNMENT( ( #2209 ) );
#1099 = ADVANCED_FACE( 'F36', ( #2210 ), #2211, .F. );
#1100 = PRESENTATION_STYLE_ASSIGNMENT( ( #2212 ) );
#1101 = ADVANCED_FACE( 'F133', ( #2213 ), #2214, .T. );
#1102 = PRESENTATION_STYLE_ASSIGNMENT( ( #2215 ) );
#1103 = ADVANCED_FACE( 'F38', ( #2216 ), #2217, .F. );
#1104 = PRESENTATION_STYLE_ASSIGNMENT( ( #2218 ) );
#1105 = ADVANCED_FACE( 'F83', ( #2219 ), #2220, .T. );
#1106 = PRESENTATION_STYLE_ASSIGNMENT( ( #2221 ) );
#1107 = ADVANCED_FACE( 'F7', ( #2222 ), #2223, .T. );
#1108 = PRESENTATION_STYLE_ASSIGNMENT( ( #2224 ) );
#1109 = ADVANCED_FACE( 'F22', ( #2225 ), #2226, .T. );
#1110 = PRESENTATION_STYLE_ASSIGNMENT( ( #2227 ) );
#1111 = ADVANCED_FACE( 'F84', ( #2228 ), #2229, .T. );
#1112 = PRESENTATION_STYLE_ASSIGNMENT( ( #2230 ) );
#1113 = ADVANCED_FACE( 'F104', ( #2231 ), #2232, .T. );
#1114 = PRESENTATION_STYLE_ASSIGNMENT( ( #2233 ) );
#1115 = ADVANCED_FACE( 'F96', ( #2234 ), #2235, .T. );
#1116 = PRESENTATION_STYLE_ASSIGNMENT( ( #2236 ) );
#1117 = ADVANCED_FACE( 'F64', ( #2237 ), #2238, .F. );
#1118 = PRESENTATION_STYLE_ASSIGNMENT( ( #2239 ) );
#1119 = ADVANCED_FACE( 'F160', ( #2240 ), #2241, .F. );
#1120 = PRESENTATION_STYLE_ASSIGNMENT( ( #2242 ) );
#1121 = ADVANCED_FACE( 'F179', ( #2243 ), #2244, .T. );
#1122 = PRESENTATION_STYLE_ASSIGNMENT( ( #2245 ) );
#1123 = ADVANCED_FACE( 'F184', ( #2246, #2247 ), #2248, .T. );
#1124 = PRESENTATION_STYLE_ASSIGNMENT( ( #2249 ) );
#1125 = ADVANCED_FACE( 'F23', ( #2250 ), #2251, .T. );
#1126 = PRESENTATION_STYLE_ASSIGNMENT( ( #2252 ) );
#1127 = ADVANCED_FACE( 'F169', ( #2253 ), #2254, .F. );
#1128 = PRESENTATION_STYLE_ASSIGNMENT( ( #2255 ) );
#1129 = ADVANCED_FACE( 'F2', ( #2256 ), #2257, .T. );
#1130 = PRESENTATION_STYLE_ASSIGNMENT( ( #2258 ) );
#1131 = ADVANCED_FACE( 'F119', ( #2259 ), #2260, .F. );
#1132 = PRESENTATION_STYLE_ASSIGNMENT( ( #2261 ) );
#1133 = ADVANCED_FACE( 'F8', ( #2262, #2263, #2264 ), #2265, .T. );
#1134 = PRESENTATION_STYLE_ASSIGNMENT( ( #2266 ) );
#1135 = ADVANCED_FACE( 'F140', ( #2267 ), #2268, .T. );
#1136 = PRESENTATION_STYLE_ASSIGNMENT( ( #2269 ) );
#1137 = ADVANCED_FACE( 'F23', ( #2270 ), #2271, .T. );
#1138 = PRESENTATION_STYLE_ASSIGNMENT( ( #2272 ) );
#1139 = ADVANCED_FACE( 'F79', ( #2273 ), #2274, .F. );
#1140 = PRESENTATION_STYLE_ASSIGNMENT( ( #2275 ) );
#1141 = ADVANCED_FACE( 'F162', ( #2276 ), #2277, .F. );
#1142 = PRESENTATION_STYLE_ASSIGNMENT( ( #2278 ) );
#1143 = ADVANCED_FACE( 'F59', ( #2279 ), #2280, .T. );
#1144 = PRESENTATION_STYLE_ASSIGNMENT( ( #2281 ) );
#1145 = ADVANCED_FACE( 'F131', ( #2282 ), #2283, .F. );
#1146 = PRESENTATION_STYLE_ASSIGNMENT( ( #2284 ) );
#1147 = ADVANCED_FACE( 'F29', ( #2285 ), #2286, .T. );
#1148 = PRESENTATION_STYLE_ASSIGNMENT( ( #2287 ) );
#1149 = ADVANCED_FACE( 'F32', ( #2288 ), #2289, .T. );
#1150 = PRESENTATION_STYLE_ASSIGNMENT( ( #2290 ) );
#1151 = ADVANCED_FACE( 'F106', ( #2291 ), #2292, .F. );
#1154 = LENGTH_MEASURE_WITH_UNIT( LENGTH_MEASURE( 1.00000000000000 ), #2293 );
#1157 = DIMENSIONAL_EXPONENTS( 1.00000000000000, 0.000000000000000, 0.000000000000000, 0.000000000000000, 0.000000000000000, 0.000000000000000, 0.000000000000000 );
#1159 = DIMENSIONAL_EXPONENTS( 0.000000000000000, 0.000000000000000, 0.000000000000000, 0.000000000000000, 0.000000000000000, 0.000000000000000, 0.000000000000000 );
#1165 = PRODUCT_CONTEXT( '', #22, 'mechanical' );
#1166 = PRODUCT_DEFINITION_FORMATION_WITH_SPECIFIED_SOURCE( ' ', 'NONE', #409, .NOT_KNOWN. );
#1167 = CARTESIAN_POINT( '', ( 0.000000000000000, 0.000000000000000, 0.000000000000000 ) );
#1168 = DIRECTION( '', ( 0.000000000000000, 0.000000000000000, 1.00000000000000 ) );
#1169 = DIRECTION( '', ( 1.00000000000000, 0.000000000000000, 0.000000000000000 ) );
#1170 = CARTESIAN_POINT( '', ( 150.400000000000, -16.3500000000003, 95.0000000000000 ) );
#1171 = DIRECTION( '', ( -1.00000000000000, 0.000000000000000, 0.000000000000000 ) );
#1172 = DIRECTION( '', ( 0.000000000000000, 0.000000000000000, -1.00000000000000 ) );
#1173 = CARTESIAN_POINT( '', ( 0.000000000000000, 0.000000000000000, 0.000000000000000 ) );
#1174 = DIRECTION( '', ( 0.000000000000000, 0.000000000000000, 1.00000000000000 ) );
#1175 = DIRECTION( '', ( 1.00000000000000, 0.000000000000000, 0.000000000000000 ) );
#1176 = CARTESIAN_POINT( '', ( -150.400000000000, 43.3500000000000, 95.0000000000000 ) );
#1177 = DIRECTION( '', ( 1.00000000000000, 1.47451495458029E-017, -8.24205013325985E-017 ) );
#1178 = DIRECTION( '', ( -8.24205013325985E-017, 2.77555756156289E-017, -1.00000000000000 ) );
#1181 = UNCERTAINTY_MEASURE_WITH_UNIT( LENGTH_MEASURE( 0.00100000000000000 ), #1183, '', '' );
#1183 =  ( CONVERSION_BASED_UNIT( 'MILLIMETRE', #2296 )LENGTH_UNIT(  )NAMED_UNIT( #2299 ) );
#1184 =  ( NAMED_UNIT( #2301 )PLANE_ANGLE_UNIT(  )SI_UNIT( $, .RADIAN. ) );
#1185 =  ( NAMED_UNIT( #2301 )SI_UNIT( $, .STERADIAN. )SOLID_ANGLE_UNIT(  ) );
#1187 = PRODUCT_DEFINITION_FORMATION_WITH_SPECIFIED_SOURCE( ' ', 'NONE', #416, .NOT_KNOWN. );
#1188 = CLOSED_SHELL( '', ( #731, #863, #575, #871, #979, #1045, #971, #1001, #505, #649, #865, #903, #507, #859, #1113, #1065, #501, #543, #899, #597, #1043, #893, #523, #953, #901, #955, #825, #819, #997, #653, #1011, #757, #799, #503, #1073, #981, #741, #1087, #1107, #919, #1103, #933, #1037, #765, #881, #751, #913, #625, #1059, #1109, #923, #643, #485, #991, #935, #777, #887, #623, #565, #581, #627, #1121, #1055, #1061, #1131, #803, #687, #905, #795, #655, #907, #873, #491, #1125, #763, #571, #487, #1111, #787, #599, #749, #459, #853, #713, #999, #1027, #635, #879, #455, #1053, #475, #727, #499, #589, #733, #1069, #783, #547, #1115, #577, #493, #845, #1029, #683, #579, #551, #1117, #855, #541, #619, #1007, #559, #931, #489, #445, #889, #573, #509, #729, #605, #465, #841, #1141, #723, #1119, #1133, #601, #1123, #1099, #975, #679, #951, #961, #857, #1127, #707, #921, #895, #1089, #957, #633, #1057, #943, #753, #677, #457, #719, #767, #531, #1009, #985, #651, #669, #959, #689, #1139, #657, #629, #525, #673, #639, #983, #699, #909, #703, #593, #735, #693, #663, #603, #1063, #529, #785, #533, #801, #469, #637, #561, #641, #1097, #867, #511, #1041, #691, #833, #779 ) );
#1189 = PRODUCT_DEFINITION_FORMATION_WITH_SPECIFIED_SOURCE( ' ', 'NONE', #424, .NOT_KNOWN. );
#1190 = CLOSED_SHELL( '', ( #441, #715, #989, #929, #685 ) );
#1191 = PRODUCT_DEFINITION_FORMATION_WITH_SPECIFIED_SOURCE( ' ', 'NONE', #432, .NOT_KNOWN. );
#1192 = CLOSED_SHELL( '', ( #697, #1067, #823, #1075, #711, #835, #1143, #583, #443, #769, #535, #563, #645, #477, #789, #911, #791, #945, #969, #495, #781, #537, #453, #607, #1077, #755, #681, #1035, #467, #447, #1079, #995, #737, #621, #773, #805, #479, #947, #647, #725, #915, #747, #1091, #1025, #869, #591, #1023, #829, #553, #1129, #1049, #967, #1019, #875, #497, #1039, #973, #807, #471, #1135, #555, #963, #1081, #521, #809, #1031, #717, #811, #609, #567, #843, #617, #527, #545, #701, #1071, #793, #461, #1013, #1021, #775, #721, #661, #937, #473, #705, #513, #1101, #631, #847, #1145, #1085, #1083, #549, #557, #797, #771, #1015, #743, #897, #993, #861, #665, #839, #1151, #977, #813, #877, #515, #745, #917, #1137, #1147, #463, #883, #695, #569, #615, #1033, #827, #925, #611, #939, #517, #1047, #815, #965, #1149, #539, #941, #831, #987, #761, #1003, #585, #1093, #659, #519, #1005, #483, #667, #449, #451, #817, #759, #949, #927, #613, #1095, #885, #739, #587, #671, #849, #675, #851, #595, #481, #1105, #891, #709, #1017, #821, #837, #1051 ) );
#1193 = SURFACE_STYLE_USAGE( .BOTH., #2307 );
#1194 = FACE_OUTER_BOUND( '', #2308, .T. );
#1195 = FACE_OUTER_BOUND( '', #2309, .T. );
#1196 = CYLINDRICAL_SURFACE( '', #2310, 4.00000000000000 );
#1197 = SURFACE_STYLE_USAGE( .BOTH., #2311 );
#1198 = FACE_OUTER_BOUND( '', #2312, .T. );
#1199 = PLANE( '', #2313 );
#1200 = SURFACE_STYLE_USAGE( .BOTH., #2314 );
#1201 = FACE_OUTER_BOUND( '', #2315, .T. );
#1202 = CYLINDRICAL_SURFACE( '', #2316, 3.74999999999921 );
#1203 = SURFACE_STYLE_USAGE( .BOTH., #2317 );
#1204 = FACE_OUTER_BOUND( '', #2318, .T. );
#1205 = PLANE( '', #2319 );
#1206 = SURFACE_STYLE_USAGE( .BOTH., #2320 );
#1207 = FACE_OUTER_BOUND( '', #2321, .T. );
#1208 = CYLINDRICAL_SURFACE( '', #2322, 0.999999999999548 );
#1209 = SURFACE_STYLE_USAGE( .BOTH., #2323 );
#1210 = FACE_OUTER_BOUND( '', #2324, .T. );
#1211 = CYLINDRICAL_SURFACE( '', #2325, 1.00000000000426 );
#1212 = SURFACE_STYLE_USAGE( .BOTH., #2326 );
#1213 = FACE_OUTER_BOUND( '', #2327, .T. );
#1214 = PLANE( '', #2328 );
#1215 = SURFACE_STYLE_USAGE( .BOTH., #2329 );
#1216 = FACE_OUTER_BOUND( '', #2330, .T. );
#1217 = PLANE( '', #2331 );
#1218 = SURFACE_STYLE_USAGE( .BOTH., #2332 );
#1219 = FACE_OUTER_BOUND( '', #2333, .T. );
#1220 = PLANE( '', #2334 );
#1221 = SURFACE_STYLE_USAGE( .BOTH., #2335 );
#1222 = FACE_OUTER_BOUND( '', #2336, .T. );
#1223 = CYLINDRICAL_SURFACE( '', #2337, 4.55000000000066 );
#1224 = SURFACE_STYLE_USAGE( .BOTH., #2338 );
#1225 = FACE_OUTER_BOUND( '', #2339, .T. );
#1226 = PLANE( '', #2340 );
#1227 = SURFACE_STYLE_USAGE( .BOTH., #2341 );
#1228 = FACE_OUTER_BOUND( '', #2342, .T. );
#1229 = PLANE( '', #2343 );
#1230 = SURFACE_STYLE_USAGE( .BOTH., #2344 );
#1231 = FACE_OUTER_BOUND( '', #2345, .T. );
#1232 = PLANE( '', #2346 );
#1233 = SURFACE_STYLE_USAGE( .BOTH., #2347 );
#1234 = FACE_OUTER_BOUND( '', #2348, .T. );
#1235 = PLANE( '', #2349 );
#1236 = SURFACE_STYLE_USAGE( .BOTH., #2350 );
#1237 = FACE_OUTER_BOUND( '', #2351, .T. );
#1238 = PLANE( '', #2352 );
#1239 = SURFACE_STYLE_USAGE( .BOTH., #2353 );
#1240 = FACE_OUTER_BOUND( '', #2354, .T. );
#1241 = PLANE( '', #2355 );
#1242 = SURFACE_STYLE_USAGE( .BOTH., #2356 );
#1243 = FACE_OUTER_BOUND( '', #2357, .T. );
#1244 = PLANE( '', #2358 );
#1245 = SURFACE_STYLE_USAGE( .BOTH., #2359 );
#1246 = FACE_OUTER_BOUND( '', #2360, .T. );
#1247 = PLANE( '', #2361 );
#1248 = SURFACE_STYLE_USAGE( .BOTH., #2362 );
#1249 = FACE_OUTER_BOUND( '', #2363, .T. );
#1250 = PLANE( '', #2364 );
#1251 = SURFACE_STYLE_USAGE( .BOTH., #2365 );
#1252 = FACE_OUTER_BOUND( '', #2366, .T. );
#1253 = CONICAL_SURFACE( '', #2367, 3.64999999999953, 0.523598775599902 );
#1254 = SURFACE_STYLE_USAGE( .BOTH., #2368 );
#1255 = FACE_OUTER_BOUND( '', #2369, .T. );
#1256 = PLANE( '', #2370 );
#1257 = SURFACE_STYLE_USAGE( .BOTH., #2371 );
#1258 = FACE_OUTER_BOUND( '', #2372, .T. );
#1259 = CYLINDRICAL_SURFACE( '', #2373, 1.00000000000426 );
#1260 = SURFACE_STYLE_USAGE( .BOTH., #2374 );
#1261 = FACE_OUTER_BOUND( '', #2375, .T. );
#1262 = CYLINDRICAL_SURFACE( '', #2376, 3.00000000000250 );
#1263 = SURFACE_STYLE_USAGE( .BOTH., #2377 );
#1264 = FACE_OUTER_BOUND( '', #2378, .T. );
#1265 = PLANE( '', #2379 );
#1266 = SURFACE_STYLE_USAGE( .BOTH., #2380 );
#1267 = FACE_OUTER_BOUND( '', #2381, .T. );
#1268 = CYLINDRICAL_SURFACE( '', #2382, 1.50000000000015 );
#1269 = SURFACE_STYLE_USAGE( .BOTH., #2383 );
#1270 = FACE_OUTER_BOUND( '', #2384, .T. );
#1271 = PLANE( '', #2385 );
#1272 = SURFACE_STYLE_USAGE( .BOTH., #2386 );
#1273 = FACE_OUTER_BOUND( '', #2387, .T. );
#1274 = PLANE( '', #2388 );
#1275 = SURFACE_STYLE_USAGE( .BOTH., #2389 );
#1276 = FACE_OUTER_BOUND( '', #2390, .T. );
#1277 = PLANE( '', #2391 );
#1278 = SURFACE_STYLE_USAGE( .BOTH., #2392 );
#1279 = FACE_OUTER_BOUND( '', #2393, .T. );
#1280 = FACE_BOUND( '', #2394, .T. );
#1281 = PLANE( '', #2395 );
#1282 = SURFACE_STYLE_USAGE( .BOTH., #2396 );
#1283 = FACE_OUTER_BOUND( '', #2397, .T. );
#1284 = PLANE( '', #2398 );
#1285 = SURFACE_STYLE_USAGE( .BOTH., #2399 );
#1286 = FACE_OUTER_BOUND( '', #2400, .T. );
#1287 = PLANE( '', #2401 );
#1288 = SURFACE_STYLE_USAGE( .BOTH., #2402 );
#1289 = FACE_OUTER_BOUND( '', #2403, .T. );
#1290 = PLANE( '', #2404 );
#1291 = SURFACE_STYLE_USAGE( .BOTH., #2405 );
#1292 = FACE_OUTER_BOUND( '', #2406, .T. );
#1293 = CYLINDRICAL_SURFACE( '', #2407, 1.99999999999982 );
#1294 = SURFACE_STYLE_USAGE( .BOTH., #2408 );
#1295 = FACE_OUTER_BOUND( '', #2409, .T. );
#1296 = PLANE( '', #2410 );
#1297 = SURFACE_STYLE_USAGE( .BOTH., #2411 );
#1298 = FACE_OUTER_BOUND( '', #2412, .T. );
#1299 = PLANE( '', #2413 );
#1300 = SURFACE_STYLE_USAGE( .BOTH., #2414 );
#1301 = FACE_OUTER_BOUND( '', #2415, .T. );
#1302 = PLANE( '', #2416 );
#1303 = SURFACE_STYLE_USAGE( .BOTH., #2417 );
#1304 = FACE_OUTER_BOUND( '', #2418, .T. );
#1305 = PLANE( '', #2419 );
#1306 = SURFACE_STYLE_USAGE( .BOTH., #2420 );
#1307 = FACE_OUTER_BOUND( '', #2421, .T. );
#1308 = CYLINDRICAL_SURFACE( '', #2422, 0.999999999998995 );
#1309 = SURFACE_STYLE_USAGE( .BOTH., #2423 );
#1310 = FACE_OUTER_BOUND( '', #2424, .T. );
#1311 = FACE_BOUND( '', #2425, .T. );
#1312 = PLANE( '', #2426 );
#1313 = SURFACE_STYLE_USAGE( .BOTH., #2427 );
#1314 = FACE_OUTER_BOUND( '', #2428, .T. );
#1315 = PLANE( '', #2429 );
#1316 = SURFACE_STYLE_USAGE( .BOTH., #2430 );
#1317 = FACE_OUTER_BOUND( '', #2431, .T. );
#1318 = PLANE( '', #2432 );
#1319 = SURFACE_STYLE_USAGE( .BOTH., #2433 );
#1320 = FACE_OUTER_BOUND( '', #2434, .T. );
#1321 = PLANE( '', #2435 );
#1322 = SURFACE_STYLE_USAGE( .BOTH., #2436 );
#1323 = FACE_OUTER_BOUND( '', #2437, .T. );
#1324 = PLANE( '', #2438 );
#1325 = SURFACE_STYLE_USAGE( .BOTH., #2439 );
#1326 = FACE_OUTER_BOUND( '', #2440, .T. );
#1327 = PLANE( '', #2441 );
#1328 = SURFACE_STYLE_USAGE( .BOTH., #2442 );
#1329 = FACE_OUTER_BOUND( '', #2443, .T. );
#1330 = CYLINDRICAL_SURFACE( '', #2444, 1.00000000000426 );
#1331 = SURFACE_STYLE_USAGE( .BOTH., #2445 );
#1332 = FACE_OUTER_BOUND( '', #2446, .T. );
#1333 = PLANE( '', #2447 );
#1334 = SURFACE_STYLE_USAGE( .BOTH., #2448 );
#1335 = FACE_OUTER_BOUND( '', #2449, .T. );
#1336 = FACE_OUTER_BOUND( '', #2450, .T. );
#1337 = CYLINDRICAL_SURFACE( '', #2451, 1.24999999999977 );
#1338 = SURFACE_STYLE_USAGE( .BOTH., #2452 );
#1339 = FACE_OUTER_BOUND( '', #2453, .T. );
#1340 = PLANE( '', #2454 );
#1341 = SURFACE_STYLE_USAGE( .BOTH., #2455 );
#1342 = FACE_OUTER_BOUND( '', #2456, .T. );
#1343 = PLANE( '', #2457 );
#1344 = SURFACE_STYLE_USAGE( .BOTH., #2458 );
#1345 = FACE_OUTER_BOUND( '', #2459, .T. );
#1346 = PLANE( '', #2460 );
#1347 = SURFACE_STYLE_USAGE( .BOTH., #2461 );
#1348 = FACE_OUTER_BOUND( '', #2462, .T. );
#1349 = PLANE( '', #2463 );
#1350 = SURFACE_STYLE_USAGE( .BOTH., #2464 );
#1351 = FACE_OUTER_BOUND( '', #2465, .T. );
#1352 = CYLINDRICAL_SURFACE( '', #2466, 1.49999999999997 );
#1353 = SURFACE_STYLE_USAGE( .BOTH., #2467 );
#1354 = FACE_OUTER_BOUND( '', #2468, .T. );
#1355 = PLANE( '', #2469 );
#1356 = SURFACE_STYLE_USAGE( .BOTH., #2470 );
#1357 = FACE_OUTER_BOUND( '', #2471, .T. );
#1358 = PLANE( '', #2472 );
#1359 = SURFACE_STYLE_USAGE( .BOTH., #2473 );
#1360 = FACE_OUTER_BOUND( '', #2474, .T. );
#1361 = PLANE( '', #2475 );
#1362 = SURFACE_STYLE_USAGE( .BOTH., #2476 );
#1363 = FACE_OUTER_BOUND( '', #2477, .T. );
#1364 = PLANE( '', #2478 );
#1365 = SURFACE_STYLE_USAGE( .BOTH., #2479 );
#1366 = FACE_OUTER_BOUND( '', #2480, .T. );
#1367 = FACE_OUTER_BOUND( '', #2481, .T. );
#1368 = CYLINDRICAL_SURFACE( '', #2482, 1.40000000000058 );
#1369 = SURFACE_STYLE_USAGE( .BOTH., #2483 );
#1370 = FACE_OUTER_BOUND( '', #2484, .T. );
#1371 = CYLINDRICAL_SURFACE( '', #2485, 3.65000000000046 );
#1372 = SURFACE_STYLE_USAGE( .BOTH., #2486 );
#1373 = FACE_OUTER_BOUND( '', #2487, .T. );
#1374 = CYLINDRICAL_SURFACE( '', #2488, 3.00000000000250 );
#1375 = SURFACE_STYLE_USAGE( .BOTH., #2489 );
#1376 = FACE_OUTER_BOUND( '', #2490, .T. );
#1377 = CYLINDRICAL_SURFACE( '', #2491, 1.99999999999961 );
#1378 = SURFACE_STYLE_USAGE( .BOTH., #2492 );
#1379 = FACE_OUTER_BOUND( '', #2493, .T. );
#1380 = PLANE( '', #2494 );
#1381 = SURFACE_STYLE_USAGE( .BOTH., #2495 );
#1382 = FACE_OUTER_BOUND( '', #2496, .T. );
#1383 = PLANE( '', #2497 );
#1384 = SURFACE_STYLE_USAGE( .BOTH., #2498 );
#1385 = FACE_OUTER_BOUND( '', #2499, .T. );
#1386 = PLANE( '', #2500 );
#1387 = SURFACE_STYLE_USAGE( .BOTH., #2501 );
#1388 = FACE_OUTER_BOUND( '', #2502, .T. );
#1389 = PLANE( '', #2503 );
#1390 = SURFACE_STYLE_USAGE( .BOTH., #2504 );
#1391 = FACE_OUTER_BOUND( '', #2505, .T. );
#1392 = CYLINDRICAL_SURFACE( '', #2506, 1.99999999999961 );
#1393 = SURFACE_STYLE_USAGE( .BOTH., #2507 );
#1394 = FACE_OUTER_BOUND( '', #2508, .T. );
#1395 = PLANE( '', #2509 );
#1396 = SURFACE_STYLE_USAGE( .BOTH., #2510 );
#1397 = FACE_OUTER_BOUND( '', #2511, .T. );
#1398 = CYLINDRICAL_SURFACE( '', #2512, 4.54999999999957 );
#1399 = SURFACE_STYLE_USAGE( .BOTH., #2513 );
#1400 = FACE_OUTER_BOUND( '', #2514, .T. );
#1401 = PLANE( '', #2515 );
#1402 = SURFACE_STYLE_USAGE( .BOTH., #2516 );
#1403 = FACE_OUTER_BOUND( '', #2517, .T. );
#1404 = PLANE( '', #2518 );
#1405 = SURFACE_STYLE_USAGE( .BOTH., #2519 );
#1406 = FACE_OUTER_BOUND( '', #2520, .T. );
#1407 = PLANE( '', #2521 );
#1408 = SURFACE_STYLE_USAGE( .BOTH., #2522 );
#1409 = FACE_OUTER_BOUND( '', #2523, .T. );
#1410 = PLANE( '', #2524 );
#1411 = SURFACE_STYLE_USAGE( .BOTH., #2525 );
#1412 = FACE_OUTER_BOUND( '', #2526, .T. );
#1413 = CYLINDRICAL_SURFACE( '', #2527, 3.64999999999964 );
#1414 = SURFACE_STYLE_USAGE( .BOTH., #2528 );
#1415 = FACE_OUTER_BOUND( '', #2529, .T. );
#1416 = CYLINDRICAL_SURFACE( '', #2530, 2.00000000000028 );
#1417 = SURFACE_STYLE_USAGE( .BOTH., #2531 );
#1418 = FACE_OUTER_BOUND( '', #2532, .T. );
#1419 = PLANE( '', #2533 );
#1420 = SURFACE_STYLE_USAGE( .BOTH., #2534 );
#1421 = FACE_OUTER_BOUND( '', #2535, .T. );
#1422 = PLANE( '', #2536 );
#1423 = SURFACE_STYLE_USAGE( .BOTH., #2537 );
#1424 = FACE_OUTER_BOUND( '', #2538, .T. );
#1425 = PLANE( '', #2539 );
#1426 = SURFACE_STYLE_USAGE( .BOTH., #2540 );
#1427 = FACE_OUTER_BOUND( '', #2541, .T. );
#1428 = PLANE( '', #2542 );
#1429 = SURFACE_STYLE_USAGE( .BOTH., #2543 );
#1430 = FACE_OUTER_BOUND( '', #2544, .T. );
#1431 = CYLINDRICAL_SURFACE( '', #2545, 3.00000000001105 );
#1432 = SURFACE_STYLE_USAGE( .BOTH., #2546 );
#1433 = FACE_OUTER_BOUND( '', #2547, .T. );
#1434 = PLANE( '', #2548 );
#1435 = SURFACE_STYLE_USAGE( .BOTH., #2549 );
#1436 = FACE_OUTER_BOUND( '', #2550, .T. );
#1437 = FACE_BOUND( '', #2551, .T. );
#1438 = PLANE( '', #2552 );
#1439 = SURFACE_STYLE_USAGE( .BOTH., #2553 );
#1440 = FACE_OUTER_BOUND( '', #2554, .T. );
#1441 = PLANE( '', #2555 );
#1442 = SURFACE_STYLE_USAGE( .BOTH., #2556 );
#1443 = FACE_OUTER_BOUND( '', #2557, .T. );
#1444 = FACE_BOUND( '', #2558, .T. );
#1445 = PLANE( '', #2559 );
#1446 = SURFACE_STYLE_USAGE( .BOTH., #2560 );
#1447 = FACE_OUTER_BOUND( '', #2561, .T. );
#1448 = CYLINDRICAL_SURFACE( '', #2562, 3.75000000000361 );
#1449 = SURFACE_STYLE_USAGE( .BOTH., #2563 );
#1450 = FACE_OUTER_BOUND( '', #2564, .T. );
#1451 = PLANE( '', #2565 );
#1452 = SURFACE_STYLE_USAGE( .BOTH., #2566 );
#1453 = FACE_OUTER_BOUND( '', #2567, .T. );
#1454 = CYLINDRICAL_SURFACE( '', #2568, 2.99999999999953 );
#1455 = SURFACE_STYLE_USAGE( .BOTH., #2569 );
#1456 = FACE_OUTER_BOUND( '', #2570, .T. );
#1457 = PLANE( '', #2571 );
#1458 = SURFACE_STYLE_USAGE( .BOTH., #2572 );
#1459 = FACE_OUTER_BOUND( '', #2573, .T. );
#1460 = PLANE( '', #2574 );
#1461 = SURFACE_STYLE_USAGE( .BOTH., #2575 );
#1462 = FACE_OUTER_BOUND( '', #2576, .T. );
#1463 = PLANE( '', #2577 );
#1464 = SURFACE_STYLE_USAGE( .BOTH., #2578 );
#1465 = FACE_OUTER_BOUND( '', #2579, .T. );
#1466 = PLANE( '', #2580 );
#1467 = SURFACE_STYLE_USAGE( .BOTH., #2581 );
#1468 = FACE_OUTER_BOUND( '', #2582, .T. );
#1469 = PLANE( '', #2583 );
#1470 = SURFACE_STYLE_USAGE( .BOTH., #2584 );
#1471 = FACE_OUTER_BOUND( '', #2585, .T. );
#1472 = PLANE( '', #2586 );
#1473 = SURFACE_STYLE_USAGE( .BOTH., #2587 );
#1474 = FACE_OUTER_BOUND( '', #2588, .T. );
#1475 = PLANE( '', #2589 );
#1476 = SURFACE_STYLE_USAGE( .BOTH., #2590 );
#1477 = FACE_OUTER_BOUND( '', #2591, .T. );
#1478 = PLANE( '', #2592 );
#1479 = SURFACE_STYLE_USAGE( .BOTH., #2593 );
#1480 = FACE_OUTER_BOUND( '', #2594, .T. );
#1481 = PLANE( '', #2595 );
#1482 = SURFACE_STYLE_USAGE( .BOTH., #2596 );
#1483 = FACE_OUTER_BOUND( '', #2597, .T. );
#1484 = PLANE( '', #2598 );
#1485 = SURFACE_STYLE_USAGE( .BOTH., #2599 );
#1486 = FACE_OUTER_BOUND( '', #2600, .T. );
#1487 = PLANE( '', #2601 );
#1488 = SURFACE_STYLE_USAGE( .BOTH., #2602 );
#1489 = FACE_OUTER_BOUND( '', #2603, .T. );
#1490 = PLANE( '', #2604 );
#1491 = SURFACE_STYLE_USAGE( .BOTH., #2605 );
#1492 = FACE_OUTER_BOUND( '', #2606, .T. );
#1493 = PLANE( '', #2607 );
#1494 = SURFACE_STYLE_USAGE( .BOTH., #2608 );
#1495 = FACE_OUTER_BOUND( '', #2609, .T. );
#1496 = PLANE( '', #2610 );
#1497 = SURFACE_STYLE_USAGE( .BOTH., #2611 );
#1498 = FACE_OUTER_BOUND( '', #2612, .T. );
#1499 = CYLINDRICAL_SURFACE( '', #2613, 4.54999999999813 );
#1500 = SURFACE_STYLE_USAGE( .BOTH., #2614 );
#1501 = FACE_OUTER_BOUND( '', #2615, .T. );
#1502 = PLANE( '', #2616 );
#1503 = SURFACE_STYLE_USAGE( .BOTH., #2617 );
#1504 = FACE_OUTER_BOUND( '', #2618, .T. );
#1505 = PLANE( '', #2619 );
#1506 = SURFACE_STYLE_USAGE( .BOTH., #2620 );
#1507 = FACE_OUTER_BOUND( '', #2621, .T. );
#1508 = PLANE( '', #2622 );
#1509 = SURFACE_STYLE_USAGE( .BOTH., #2623 );
#1510 = FACE_OUTER_BOUND( '', #2624, .T. );
#1511 = PLANE( '', #2625 );
#1512 = SURFACE_STYLE_USAGE( .BOTH., #2626 );
#1513 = FACE_OUTER_BOUND( '', #2627, .T. );
#1514 = PLANE( '', #2628 );
#1515 = SURFACE_STYLE_USAGE( .BOTH., #2629 );
#1516 = FACE_OUTER_BOUND( '', #2630, .T. );
#1517 = PLANE( '', #2631 );
#1518 = SURFACE_STYLE_USAGE( .BOTH., #2632 );
#1519 = FACE_OUTER_BOUND( '', #2633, .T. );
#1520 = PLANE( '', #2634 );
#1521 = SURFACE_STYLE_USAGE( .BOTH., #2635 );
#1522 = FACE_OUTER_BOUND( '', #2636, .T. );
#1523 = PLANE( '', #2637 );
#1524 = SURFACE_STYLE_USAGE( .BOTH., #2638 );
#1525 = FACE_OUTER_BOUND( '', #2639, .T. );
#1526 = PLANE( '', #2640 );
#1527 = SURFACE_STYLE_USAGE( .BOTH., #2641 );
#1528 = FACE_OUTER_BOUND( '', #2642, .T. );
#1529 = PLANE( '', #2643 );
#1530 = SURFACE_STYLE_USAGE( .BOTH., #2644 );
#1531 = FACE_OUTER_BOUND( '', #2645, .T. );
#1532 = PLANE( '', #2646 );
#1533 = SURFACE_STYLE_USAGE( .BOTH., #2647 );
#1534 = FACE_OUTER_BOUND( '', #2648, .T. );
#1535 = PLANE( '', #2649 );
#1536 = SURFACE_STYLE_USAGE( .BOTH., #2650 );
#1537 = FACE_OUTER_BOUND( '', #2651, .T. );
#1538 = PLANE( '', #2652 );
#1539 = SURFACE_STYLE_USAGE( .BOTH., #2653 );
#1540 = FACE_OUTER_BOUND( '', #2654, .T. );
#1541 = CYLINDRICAL_SURFACE( '', #2655, 2.99999999999124 );
#1542 = SURFACE_STYLE_USAGE( .BOTH., #2656 );
#1543 = FACE_OUTER_BOUND( '', #2657, .T. );
#1544 = PLANE( '', #2658 );
#1545 = SURFACE_STYLE_USAGE( .BOTH., #2659 );
#1546 = FACE_OUTER_BOUND( '', #2660, .T. );
#1547 = PLANE( '', #2661 );
#1548 = SURFACE_STYLE_USAGE( .BOTH., #2662 );
#1549 = FACE_OUTER_BOUND( '', #2663, .T. );
#1550 = PLANE( '', #2664 );
#1551 = SURFACE_STYLE_USAGE( .BOTH., #2665 );
#1552 = FACE_OUTER_BOUND( '', #2666, .T. );
#1553 = CYLINDRICAL_SURFACE( '', #2667, 3.64999999999957 );
#1554 = SURFACE_STYLE_USAGE( .BOTH., #2668 );
#1555 = FACE_OUTER_BOUND( '', #2669, .T. );
#1556 = PLANE( '', #2670 );
#1557 = SURFACE_STYLE_USAGE( .BOTH., #2671 );
#1558 = FACE_OUTER_BOUND( '', #2672, .T. );
#1559 = PLANE( '', #2673 );
#1560 = SURFACE_STYLE_USAGE( .BOTH., #2674 );
#1561 = FACE_OUTER_BOUND( '', #2675, .T. );
#1562 = FACE_OUTER_BOUND( '', #2676, .T. );
#1563 = CYLINDRICAL_SURFACE( '', #2677, 1.40000000000057 );
#1564 = SURFACE_STYLE_USAGE( .BOTH., #2678 );
#1565 = FACE_OUTER_BOUND( '', #2679, .T. );
#1566 = PLANE( '', #2680 );
#1567 = SURFACE_STYLE_USAGE( .BOTH., #2681 );
#1568 = FACE_OUTER_BOUND( '', #2682, .T. );
#1569 = PLANE( '', #2683 );
#1570 = SURFACE_STYLE_USAGE( .BOTH., #2684 );
#1571 = FACE_OUTER_BOUND( '', #2685, .T. );
#1572 = CYLINDRICAL_SURFACE( '', #2686, 2.99999999999960 );
#1573 = SURFACE_STYLE_USAGE( .BOTH., #2687 );
#1574 = FACE_OUTER_BOUND( '', #2688, .T. );
#1575 = CYLINDRICAL_SURFACE( '', #2689, 3.75000000000092 );
#1576 = SURFACE_STYLE_USAGE( .BOTH., #2690 );
#1577 = FACE_OUTER_BOUND( '', #2691, .T. );
#1578 = PLANE( '', #2692 );
#1579 = SURFACE_STYLE_USAGE( .BOTH., #2693 );
#1580 = FACE_OUTER_BOUND( '', #2694, .T. );
#1581 = PLANE( '', #2695 );
#1582 = SURFACE_STYLE_USAGE( .BOTH., #2696 );
#1583 = FACE_OUTER_BOUND( '', #2697, .T. );
#1584 = PLANE( '', #2698 );
#1585 = SURFACE_STYLE_USAGE( .BOTH., #2699 );
#1586 = FACE_OUTER_BOUND( '', #2700, .T. );
#1587 = FACE_OUTER_BOUND( '', #2701, .T. );
#1588 = CYLINDRICAL_SURFACE( '', #2702, 5.40000000000000 );
#1589 = SURFACE_STYLE_USAGE( .BOTH., #2703 );
#1590 = FACE_OUTER_BOUND( '', #2704, .T. );
#1591 = PLANE( '', #2705 );
#1592 = SURFACE_STYLE_USAGE( .BOTH., #2706 );
#1593 = FACE_OUTER_BOUND( '', #2707, .T. );
#1594 = CYLINDRICAL_SURFACE( '', #2708, 2.99999999999960 );
#1595 = SURFACE_STYLE_USAGE( .BOTH., #2709 );
#1596 = FACE_OUTER_BOUND( '', #2710, .T. );
#1597 = PLANE( '', #2711 );
#1598 = SURFACE_STYLE_USAGE( .BOTH., #2712 );
#1599 = FACE_OUTER_BOUND( '', #2713, .T. );
#1600 = FACE_BOUND( '', #2714, .T. );
#1601 = PLANE( '', #2715 );
#1602 = SURFACE_STYLE_USAGE( .BOTH., #2716 );
#1603 = FACE_OUTER_BOUND( '', #2717, .T. );
#1604 = PLANE( '', #2718 );
#1605 = SURFACE_STYLE_USAGE( .BOTH., #2719 );
#1606 = FACE_OUTER_BOUND( '', #2720, .T. );
#1607 = CONICAL_SURFACE( '', #2721, 3.64999999999971, 0.523598775598209 );
#1608 = SURFACE_STYLE_USAGE( .BOTH., #2722 );
#1609 = FACE_OUTER_BOUND( '', #2723, .T. );
#1610 = PLANE( '', #2724 );
#1611 = SURFACE_STYLE_USAGE( .BOTH., #2725 );
#1612 = FACE_OUTER_BOUND( '', #2726, .T. );
#1613 = PLANE( '', #2727 );
#1614 = SURFACE_STYLE_USAGE( .BOTH., #2728 );
#1615 = FACE_OUTER_BOUND( '', #2729, .T. );
#1616 = PLANE( '', #2730 );
#1617 = SURFACE_STYLE_USAGE( .BOTH., #2731 );
#1618 = FACE_OUTER_BOUND( '', #2732, .T. );
#1619 = PLANE( '', #2733 );
#1620 = SURFACE_STYLE_USAGE( .BOTH., #2734 );
#1621 = FACE_OUTER_BOUND( '', #2735, .T. );
#1622 = PLANE( '', #2736 );
#1623 = SURFACE_STYLE_USAGE( .BOTH., #2737 );
#1624 = FACE_OUTER_BOUND( '', #2738, .T. );
#1625 = PLANE( '', #2739 );
#1626 = SURFACE_STYLE_USAGE( .BOTH., #2740 );
#1627 = FACE_OUTER_BOUND( '', #2741, .T. );
#1628 = CYLINDRICAL_SURFACE( '', #2742, 3.00000000001105 );
#1629 = SURFACE_STYLE_USAGE( .BOTH., #2743 );
#1630 = FACE_OUTER_BOUND( '', #2744, .T. );
#1631 = CYLINDRICAL_SURFACE( '', #2745, 1.99999999999982 );
#1632 = SURFACE_STYLE_USAGE( .BOTH., #2746 );
#1633 = FACE_OUTER_BOUND( '', #2747, .T. );
#1634 = CYLINDRICAL_SURFACE( '', #2748, 3.74999999999927 );
#1635 = SURFACE_STYLE_USAGE( .BOTH., #2749 );
#1636 = FACE_OUTER_BOUND( '', #2750, .T. );
#1637 = CYLINDRICAL_SURFACE( '', #2751, 3.00000000000220 );
#1638 = SURFACE_STYLE_USAGE( .BOTH., #2752 );
#1639 = FACE_OUTER_BOUND( '', #2753, .T. );
#1640 = CYLINDRICAL_SURFACE( '', #2754, 3.75000000000022 );
#1641 = SURFACE_STYLE_USAGE( .BOTH., #2755 );
#1642 = FACE_OUTER_BOUND( '', #2756, .T. );
#1643 = PLANE( '', #2757 );
#1644 = SURFACE_STYLE_USAGE( .BOTH., #2758 );
#1645 = FACE_OUTER_BOUND( '', #2759, .T. );
#1646 = PLANE( '', #2760 );
#1647 = SURFACE_STYLE_USAGE( .BOTH., #2761 );
#1648 = FACE_OUTER_BOUND( '', #2762, .T. );
#1649 = PLANE( '', #2763 );
#1650 = SURFACE_STYLE_USAGE( .BOTH., #2764 );
#1651 = FACE_OUTER_BOUND( '', #2765, .T. );
#1652 = PLANE( '', #2766 );
#1653 = SURFACE_STYLE_USAGE( .BOTH., #2767 );
#1654 = FACE_OUTER_BOUND( '', #2768, .T. );
#1655 = FACE_BOUND( '', #2769, .T. );
#1656 = FACE_BOUND( '', #2770, .T. );
#1657 = PLANE( '', #2771 );
#1658 = SURFACE_STYLE_USAGE( .BOTH., #2772 );
#1659 = FACE_OUTER_BOUND( '', #2773, .T. );
#1660 = PLANE( '', #2774 );
#1661 = SURFACE_STYLE_USAGE( .BOTH., #2775 );
#1662 = FACE_OUTER_BOUND( '', #2776, .T. );
#1663 = CONICAL_SURFACE( '', #2777, 3.18811978464796, 0.523598775598599 );
#1664 = SURFACE_STYLE_USAGE( .BOTH., #2778 );
#1665 = FACE_OUTER_BOUND( '', #2779, .T. );
#1666 = PLANE( '', #2780 );
#1667 = SURFACE_STYLE_USAGE( .BOTH., #2781 );
#1668 = FACE_OUTER_BOUND( '', #2782, .T. );
#1669 = CYLINDRICAL_SURFACE( '', #2783, 3.75000000000206 );
#1670 = SURFACE_STYLE_USAGE( .BOTH., #2784 );
#1671 = FACE_OUTER_BOUND( '', #2785, .T. );
#1672 = PLANE( '', #2786 );
#1673 = SURFACE_STYLE_USAGE( .BOTH., #2787 );
#1674 = FACE_OUTER_BOUND( '', #2788, .T. );
#1675 = PLANE( '', #2789 );
#1676 = SURFACE_STYLE_USAGE( .BOTH., #2790 );
#1677 = FACE_OUTER_BOUND( '', #2791, .T. );
#1678 = CYLINDRICAL_SURFACE( '', #2792, 1.50000000000015 );
#1679 = SURFACE_STYLE_USAGE( .BOTH., #2793 );
#1680 = FACE_OUTER_BOUND( '', #2794, .T. );
#1681 = PLANE( '', #2795 );
#1682 = SURFACE_STYLE_USAGE( .BOTH., #2796 );
#1683 = FACE_OUTER_BOUND( '', #2797, .T. );
#1684 = PLANE( '', #2798 );
#1685 = SURFACE_STYLE_USAGE( .BOTH., #2799 );
#1686 = FACE_OUTER_BOUND( '', #2800, .T. );
#1687 = PLANE( '', #2801 );
#1688 = SURFACE_STYLE_USAGE( .BOTH., #2802 );
#1689 = FACE_OUTER_BOUND( '', #2803, .T. );
#1690 = CYLINDRICAL_SURFACE( '', #2804, 2.99999999999953 );
#1691 = SURFACE_STYLE_USAGE( .BOTH., #2805 );
#1692 = FACE_OUTER_BOUND( '', #2806, .T. );
#1693 = PLANE( '', #2807 );
#1694 = SURFACE_STYLE_USAGE( .BOTH., #2808 );
#1695 = FACE_OUTER_BOUND( '', #2809, .T. );
#1696 = PLANE( '', #2810 );
#1697 = SURFACE_STYLE_USAGE( .BOTH., #2811 );
#1698 = FACE_OUTER_BOUND( '', #2812, .T. );
#1699 = FACE_BOUND( '', #2813, .T. );
#1700 = FACE_BOUND( '', #2814, .T. );
#1701 = FACE_BOUND( '', #2815, .T. );
#1702 = PLANE( '', #2816 );
#1703 = SURFACE_STYLE_USAGE( .BOTH., #2817 );
#1704 = FACE_OUTER_BOUND( '', #2818, .T. );
#1705 = PLANE( '', #2819 );
#1706 = SURFACE_STYLE_USAGE( .BOTH., #2820 );
#1707 = FACE_OUTER_BOUND( '', #2821, .T. );
#1708 = PLANE( '', #2822 );
#1709 = SURFACE_STYLE_USAGE( .BOTH., #2823 );
#1710 = FACE_OUTER_BOUND( '', #2824, .T. );
#1711 = PLANE( '', #2825 );
#1712 = SURFACE_STYLE_USAGE( .BOTH., #2826 );
#1713 = FACE_OUTER_BOUND( '', #2827, .T. );
#1714 = PLANE( '', #2828 );
#1715 = SURFACE_STYLE_USAGE( .BOTH., #2829 );
#1716 = FACE_OUTER_BOUND( '', #2830, .T. );
#1717 = PLANE( '', #2831 );
#1718 = SURFACE_STYLE_USAGE( .BOTH., #2832 );
#1719 = FACE_OUTER_BOUND( '', #2833, .T. );
#1720 = CYLINDRICAL_SURFACE( '', #2834, 3.64999999999963 );
#1721 = SURFACE_STYLE_USAGE( .BOTH., #2835 );
#1722 = FACE_OUTER_BOUND( '', #2836, .T. );
#1723 = PLANE( '', #2837 );
#1724 = SURFACE_STYLE_USAGE( .BOTH., #2838 );
#1725 = FACE_OUTER_BOUND( '', #2839, .T. );
#1726 = PLANE( '', #2840 );
#1727 = SURFACE_STYLE_USAGE( .BOTH., #2841 );
#1728 = FACE_OUTER_BOUND( '', #2842, .T. );
#1729 = CYLINDRICAL_SURFACE( '', #2843, 0.999999999999548 );
#1730 = SURFACE_STYLE_USAGE( .BOTH., #2844 );
#1731 = FACE_OUTER_BOUND( '', #2845, .T. );
#1732 = PLANE( '', #2846 );
#1733 = SURFACE_STYLE_USAGE( .BOTH., #2847 );
#1734 = FACE_OUTER_BOUND( '', #2848, .T. );
#1735 = PLANE( '', #2849 );
#1736 = SURFACE_STYLE_USAGE( .BOTH., #2850 );
#1737 = FACE_OUTER_BOUND( '', #2851, .T. );
#1738 = PLANE( '', #2852 );
#1739 = SURFACE_STYLE_USAGE( .BOTH., #2853 );
#1740 = FACE_OUTER_BOUND( '', #2854, .T. );
#1741 = PLANE( '', #2855 );
#1742 = SURFACE_STYLE_USAGE( .BOTH., #2856 );
#1743 = FACE_OUTER_BOUND( '', #2857, .T. );
#1744 = PLANE( '', #2858 );
#1745 = SURFACE_STYLE_USAGE( .BOTH., #2859 );
#1746 = FACE_OUTER_BOUND( '', #2860, .T. );
#1747 = PLANE( '', #2861 );
#1748 = SURFACE_STYLE_USAGE( .BOTH., #2862 );
#1749 = FACE_OUTER_BOUND( '', #2863, .T. );
#1750 = FACE_OUTER_BOUND( '', #2864, .T. );
#1751 = CYLINDRICAL_SURFACE( '', #2865, 1.24999999999980 );
#1752 = SURFACE_STYLE_USAGE( .BOTH., #2866 );
#1753 = FACE_OUTER_BOUND( '', #2867, .T. );
#1754 = PLANE( '', #2868 );
#1755 = SURFACE_STYLE_USAGE( .BOTH., #2869 );
#1756 = FACE_OUTER_BOUND( '', #2870, .T. );
#1757 = PLANE( '', #2871 );
#1758 = SURFACE_STYLE_USAGE( .BOTH., #2872 );
#1759 = FACE_OUTER_BOUND( '', #2873, .T. );
#1760 = PLANE( '', #2874 );
#1761 = SURFACE_STYLE_USAGE( .BOTH., #2875 );
#1762 = FACE_OUTER_BOUND( '', #2876, .T. );
#1763 = PLANE( '', #2877 );
#1764 = SURFACE_STYLE_USAGE( .BOTH., #2878 );
#1765 = FACE_OUTER_BOUND( '', #2879, .T. );
#1766 = PLANE( '', #2880 );
#1767 = SURFACE_STYLE_USAGE( .BOTH., #2881 );
#1768 = FACE_OUTER_BOUND( '', #2882, .T. );
#1769 = CYLINDRICAL_SURFACE( '', #2883, 1.99999999999984 );
#1770 = SURFACE_STYLE_USAGE( .BOTH., #2884 );
#1771 = FACE_OUTER_BOUND( '', #2885, .T. );
#1772 = PLANE( '', #2886 );
#1773 = SURFACE_STYLE_USAGE( .BOTH., #2887 );
#1774 = FACE_OUTER_BOUND( '', #2888, .T. );
#1775 = PLANE( '', #2889 );
#1776 = SURFACE_STYLE_USAGE( .BOTH., #2890 );
#1777 = FACE_OUTER_BOUND( '', #2891, .T. );
#1778 = PLANE( '', #2892 );
#1779 = SURFACE_STYLE_USAGE( .BOTH., #2893 );
#1780 = FACE_OUTER_BOUND( '', #2894, .T. );
#1781 = PLANE( '', #2895 );
#1782 = SURFACE_STYLE_USAGE( .BOTH., #2896 );
#1783 = FACE_OUTER_BOUND( '', #2897, .T. );
#1784 = PLANE( '', #2898 );
#1785 = SURFACE_STYLE_USAGE( .BOTH., #2899 );
#1786 = FACE_OUTER_BOUND( '', #2900, .T. );
#1787 = PLANE( '', #2901 );
#1788 = SURFACE_STYLE_USAGE( .BOTH., #2902 );
#1789 = FACE_OUTER_BOUND( '', #2903, .T. );
#1790 = PLANE( '', #2904 );
#1791 = SURFACE_STYLE_USAGE( .BOTH., #2905 );
#1792 = FACE_OUTER_BOUND( '', #2906, .T. );
#1793 = PLANE( '', #2907 );
#1794 = SURFACE_STYLE_USAGE( .BOTH., #2908 );
#1795 = FACE_OUTER_BOUND( '', #2909, .T. );
#1796 = PLANE( '', #2910 );
#1797 = SURFACE_STYLE_USAGE( .BOTH., #2911 );
#1798 = FACE_OUTER_BOUND( '', #2912, .T. );
#1799 = CYLINDRICAL_SURFACE( '', #2913, 3.75000000000091 );
#1800 = SURFACE_STYLE_USAGE( .BOTH., #2914 );
#1801 = FACE_OUTER_BOUND( '', #2915, .T. );
#1802 = CONICAL_SURFACE( '', #2916, 3.18811978464847, 0.523598775598413 );
#1803 = SURFACE_STYLE_USAGE( .BOTH., #2917 );
#1804 = FACE_OUTER_BOUND( '', #2918, .T. );
#1805 = PLANE( '', #2919 );
#1806 = SURFACE_STYLE_USAGE( .BOTH., #2920 );
#1807 = FACE_OUTER_BOUND( '', #2921, .T. );
#1808 = PLANE( '', #2922 );
#1809 = SURFACE_STYLE_USAGE( .BOTH., #2923 );
#1810 = FACE_OUTER_BOUND( '', #2924, .T. );
#1811 = CYLINDRICAL_SURFACE( '', #2925, 3.75000000000317 );
#1812 = SURFACE_STYLE_USAGE( .BOTH., #2926 );
#1813 = FACE_OUTER_BOUND( '', #2927, .T. );
#1814 = PLANE( '', #2928 );
#1815 = SURFACE_STYLE_USAGE( .BOTH., #2929 );
#1816 = FACE_OUTER_BOUND( '', #2930, .T. );
#1817 = PLANE( '', #2931 );
#1818 = SURFACE_STYLE_USAGE( .BOTH., #2932 );
#1819 = FACE_OUTER_BOUND( '', #2933, .T. );
#1820 = PLANE( '', #2934 );
#1821 = SURFACE_STYLE_USAGE( .BOTH., #2935 );
#1822 = FACE_OUTER_BOUND( '', #2936, .T. );
#1823 = PLANE( '', #2937 );
#1824 = SURFACE_STYLE_USAGE( .BOTH., #2938 );
#1825 = FACE_OUTER_BOUND( '', #2939, .T. );
#1826 = CYLINDRICAL_SURFACE( '', #2940, 2.99999999999960 );
#1827 = SURFACE_STYLE_USAGE( .BOTH., #2941 );
#1828 = FACE_OUTER_BOUND( '', #2942, .T. );
#1829 = PLANE( '', #2943 );
#1830 = SURFACE_STYLE_USAGE( .BOTH., #2944 );
#1831 = FACE_OUTER_BOUND( '', #2945, .T. );
#1832 = CYLINDRICAL_SURFACE( '', #2946, 4.54999999999982 );
#1833 = SURFACE_STYLE_USAGE( .BOTH., #2947 );
#1834 = FACE_OUTER_BOUND( '', #2948, .T. );
#1835 = PLANE( '', #2949 );
#1836 = SURFACE_STYLE_USAGE( .BOTH., #2950 );
#1837 = FACE_OUTER_BOUND( '', #2951, .T. );
#1838 = PLANE( '', #2952 );
#1839 = SURFACE_STYLE_USAGE( .BOTH., #2953 );
#1840 = FACE_OUTER_BOUND( '', #2954, .T. );
#1841 = PLANE( '', #2955 );
#1842 = SURFACE_STYLE_USAGE( .BOTH., #2956 );
#1843 = FACE_OUTER_BOUND( '', #2957, .T. );
#1844 = CYLINDRICAL_SURFACE( '', #2958, 1.50000000000014 );
#1845 = SURFACE_STYLE_USAGE( .BOTH., #2959 );
#1846 = FACE_OUTER_BOUND( '', #2960, .T. );
#1847 = CYLINDRICAL_SURFACE( '', #2961, 1.99999999999984 );
#1848 = SURFACE_STYLE_USAGE( .BOTH., #2962 );
#1849 = FACE_OUTER_BOUND( '', #2963, .T. );
#1850 = PLANE( '', #2964 );
#1851 = SURFACE_STYLE_USAGE( .BOTH., #2965 );
#1852 = FACE_OUTER_BOUND( '', #2966, .T. );
#1853 = PLANE( '', #2967 );
#1854 = SURFACE_STYLE_USAGE( .BOTH., #2968 );
#1855 = FACE_OUTER_BOUND( '', #2969, .T. );
#1856 = PLANE( '', #2970 );
#1857 = SURFACE_STYLE_USAGE( .BOTH., #2971 );
#1858 = FACE_OUTER_BOUND( '', #2972, .T. );
#1859 = PLANE( '', #2973 );
#1860 = SURFACE_STYLE_USAGE( .BOTH., #2974 );
#1861 = FACE_OUTER_BOUND( '', #2975, .T. );
#1862 = CONICAL_SURFACE( '', #2976, 3.65000000000033, 0.523598775598251 );
#1863 = SURFACE_STYLE_USAGE( .BOTH., #2977 );
#1864 = FACE_OUTER_BOUND( '', #2978, .T. );
#1865 = CYLINDRICAL_SURFACE( '', #2979, 1.50000000000014 );
#1866 = SURFACE_STYLE_USAGE( .BOTH., #2980 );
#1867 = FACE_OUTER_BOUND( '', #2981, .T. );
#1868 = PLANE( '', #2982 );
#1869 = SURFACE_STYLE_USAGE( .BOTH., #2983 );
#1870 = FACE_OUTER_BOUND( '', #2984, .T. );
#1871 = PLANE( '', #2985 );
#1872 = SURFACE_STYLE_USAGE( .BOTH., #2986 );
#1873 = FACE_OUTER_BOUND( '', #2987, .T. );
#1874 = PLANE( '', #2988 );
#1875 = SURFACE_STYLE_USAGE( .BOTH., #2989 );
#1876 = FACE_OUTER_BOUND( '', #2990, .T. );
#1877 = FACE_BOUND( '', #2991, .T. );
#1878 = FACE_BOUND( '', #2992, .T. );
#1879 = PLANE( '', #2993 );
#1880 = SURFACE_STYLE_USAGE( .BOTH., #2994 );
#1881 = FACE_OUTER_BOUND( '', #2995, .T. );
#1882 = PLANE( '', #2996 );
#1883 = SURFACE_STYLE_USAGE( .BOTH., #2997 );
#1884 = FACE_OUTER_BOUND( '', #2998, .T. );
#1885 = CYLINDRICAL_SURFACE( '', #2999, 4.55000000000138 );
#1886 = SURFACE_STYLE_USAGE( .BOTH., #3000 );
#1887 = FACE_OUTER_BOUND( '', #3001, .T. );
#1888 = PLANE( '', #3002 );
#1889 = SURFACE_STYLE_USAGE( .BOTH., #3003 );
#1890 = FACE_OUTER_BOUND( '', #3004, .T. );
#1891 = CYLINDRICAL_SURFACE( '', #3005, 2.99999999999960 );
#1892 = SURFACE_STYLE_USAGE( .BOTH., #3006 );
#1893 = FACE_OUTER_BOUND( '', #3007, .T. );
#1894 = CYLINDRICAL_SURFACE( '', #3008, 4.55000000000116 );
#1895 = SURFACE_STYLE_USAGE( .BOTH., #3009 );
#1896 = FACE_OUTER_BOUND( '', #3010, .T. );
#1897 = CYLINDRICAL_SURFACE( '', #3011, 1.49999999999997 );
#1898 = SURFACE_STYLE_USAGE( .BOTH., #3012 );
#1899 = FACE_OUTER_BOUND( '', #3013, .T. );
#1900 = PLANE( '', #3014 );
#1901 = SURFACE_STYLE_USAGE( .BOTH., #3015 );
#1902 = FACE_OUTER_BOUND( '', #3016, .T. );
#1903 = PLANE( '', #3017 );
#1904 = SURFACE_STYLE_USAGE( .BOTH., #3018 );
#1905 = FACE_OUTER_BOUND( '', #3019, .T. );
#1906 = PLANE( '', #3020 );
#1907 = SURFACE_STYLE_USAGE( .BOTH., #3021 );
#1908 = FACE_OUTER_BOUND( '', #3022, .T. );
#1909 = PLANE( '', #3023 );
#1910 = SURFACE_STYLE_USAGE( .BOTH., #3024 );
#1911 = FACE_OUTER_BOUND( '', #3025, .T. );
#1912 = PLANE( '', #3026 );
#1913 = SURFACE_STYLE_USAGE( .BOTH., #3027 );
#1914 = FACE_OUTER_BOUND( '', #3028, .T. );
#1915 = PLANE( '', #3029 );
#1916 = SURFACE_STYLE_USAGE( .BOTH., #3030 );
#1917 = FACE_OUTER_BOUND( '', #3031, .T. );
#1918 = PLANE( '', #3032 );
#1919 = SURFACE_STYLE_USAGE( .BOTH., #3033 );
#1920 = FACE_OUTER_BOUND( '', #3034, .T. );
#1921 = PLANE( '', #3035 );
#1922 = SURFACE_STYLE_USAGE( .BOTH., #3036 );
#1923 = FACE_OUTER_BOUND( '', #3037, .T. );
#1924 = CYLINDRICAL_SURFACE( '', #3038, 3.65000000000007 );
#1925 = SURFACE_STYLE_USAGE( .BOTH., #3039 );
#1926 = FACE_OUTER_BOUND( '', #3040, .T. );
#1927 = PLANE( '', #3041 );
#1928 = SURFACE_STYLE_USAGE( .BOTH., #3042 );
#1929 = FACE_OUTER_BOUND( '', #3043, .T. );
#1930 = PLANE( '', #3044 );
#1931 = SURFACE_STYLE_USAGE( .BOTH., #3045 );
#1932 = FACE_OUTER_BOUND( '', #3046, .T. );
#1933 = CYLINDRICAL_SURFACE( '', #3047, 4.54999999999965 );
#1934 = SURFACE_STYLE_USAGE( .BOTH., #3048 );
#1935 = FACE_OUTER_BOUND( '', #3049, .T. );
#1936 = FACE_BOUND( '', #3050, .T. );
#1937 = PLANE( '', #3051 );
#1938 = SURFACE_STYLE_USAGE( .BOTH., #3052 );
#1939 = FACE_OUTER_BOUND( '', #3053, .T. );
#1940 = PLANE( '', #3054 );
#1941 = SURFACE_STYLE_USAGE( .BOTH., #3055 );
#1942 = FACE_OUTER_BOUND( '', #3056, .T. );
#1943 = FACE_BOUND( '', #3057, .T. );
#1944 = FACE_BOUND( '', #3058, .T. );
#1945 = PLANE( '', #3059 );
#1946 = SURFACE_STYLE_USAGE( .BOTH., #3060 );
#1947 = FACE_OUTER_BOUND( '', #3061, .T. );
#1948 = FACE_OUTER_BOUND( '', #3062, .T. );
#1949 = ( BOUNDED_SURFACE(  )B_SPLINE_SURFACE( 3, 2, ( ( #3065, #3066, #3067, #3068, #3069, #3070, #3071, #3072, #3073, #3074, #3075, #3076, #3077, #3078, #3079, #3080, #3081, #3082, #3083, #3084, #3085, #3086, #3087, #3088, #3089, #3090, #3091, #3092, #3093, #3094, #3095, #3096, #3097, #3098, #3099, #3100, #3101, #3102, #3103, #3104, #3105, #3106, #3107, #3108, #3109, #3110, #3111, #3112, #3113, #3114, #3115, #3116, #3117, #3118, #3119, #3120, #3121, #3122, #3123, #3124, #3125, #3126, #3127, #3128, #3129, #3130, #3131, #3132, #3133, #3134, #3135, #3136, #3137, #3138, #3139, #3140, #3141, #3142, #3143, #3144, #3145, #3146, #3147, #3148, #3149, #3150, #3151, #3152, #3153, #3154, #3155, #3156, #3157, #3158, #3159, #3160, #3161 ), ( #3162, #3163, #3164, #3165, #3166, #3167, #3168, #3169, #3170, #3171, #3172, #3173, #3174, #3175, #3176, #3177, #3178, #3179, #3180, #3181, #3182, #3183, #3184, #3185, #3186, #3187, #3188, #3189, #3190, #3191, #3192, #3193, #3194, #3195, #3196, #3197, #3198, #3199, #3200, #3201, #3202, #3203, #3204, #3205, #3206, #3207, #3208, #3209, #3210, #3211, #3212, #3213, #3214, #3215, #3216, #3217, #3218, #3219, #3220, #3221, #3222, #3223, #3224, #3225, #3226, #3227, #3228, #3229, #3230, #3231, #3232, #3233, #3234, #3235, #3236, #3237, #3238, #3239, #3240, #3241, #3242, #3243, #3244, #3245, #3246, #3247, #3248, #3249, #3250, #3251, #3252, #3253, #3254, #3255, #3256, #3257, #3258 ), ( #3259, #3260, #3261, #3262, #3263, #3264, #3265, #3266, #3267, #3268, #3269, #3270, #3271, #3272, #3273, #3274, #3275, #3276, #3277, #3278, #3279, #3280, #3281, #3282, #3283, #3284, #3285, #3286, #3287, #3288, #3289, #3290, #3291, #3292, #3293, #3294, #3295, #3296, #3297, #3298, #3299, #3300, #3301, #3302, #3303, #3304, #3305, #3306, #3307, #3308, #3309, #3310, #3311, #3312, #3313, #3314, #3315, #3316, #3317, #3318, #3319, #3320, #3321, #3322, #3323, #3324, #3325, #3326, #3327, #3328, #3329, #3330, #3331, #3332, #3333, #3334, #3335, #3336, #3337, #3338, #3339, #3340, #3341, #3342, #3343, #3344, #3345, #3346, #3347, #3348, #3349, #3350, #3351, #3352, #3353, #3354, #3355 ), ( #3356, #3357, #3358, #3359, #3360, #3361, #3362, #3363, #3364, #3365, #3366, #3367, #3368, #3369, #3370, #3371, #3372, #3373, #3374, #3375, #3376, #3377, #3378, #3379, #3380, #3381, #3382, #3383, #3384, #3385, #3386, #3387, #3388, #3389, #3390, #3391, #3392, #3393, #3394, #3395, #3396, #3397, #3398, #3399, #3400, #3401, #3402, #3403, #3404, #3405, #3406, #3407, #3408, #3409, #3410, #3411, #3412, #3413, #3414, #3415, #3416, #3417, #3418, #3419, #3420, #3421, #3422, #3423, #3424, #3425, #3426, #3427, #3428, #3429, #3430, #3431, #3432, #3433, #3434, #3435, #3436, #3437, #3438, #3439, #3440, #3441, #3442, #3443, #3444, #3445, #3446, #3447, #3448, #3449, #3450, #3451, #3452 ), ( #3453, #3454, #3455, #3456, #3457, #3458, #3459, #3460, #3461, #3462, #3463, #3464, #3465, #3466, #3467, #3468, #3469, #3470, #3471, #3472, #3473, #3474, #3475, #3476, #3477, #3478, #3479, #3480, #3481, #3482, #3483, #3484, #3485, #3486, #3487, #3488, #3489, #3490, #3491, #3492, #3493, #3494, #3495, #3496, #3497, #3498, #3499, #3500, #3501, #3502, #3503, #3504, #3505, #3506, #3507, #3508, #3509, #3510, #3511, #3512, #3513, #3514, #3515, #3516, #3517, #3518, #3519, #3520, #3521, #3522, #3523, #3524, #3525, #3526, #3527, #3528, #3529, #3530, #3531, #3532, #3533, #3534, #3535, #3536, #3537, #3538, #3539, #3540, #3541, #3542, #3543, #3544, #3545, #3546, #3547, #3548, #3549 ), ( #3550, #3551, #3552, #3553, #3554, #3555, #3556, #3557, #3558, #3559, #3560, #3561, #3562, #3563, #3564, #3565, #3566, #3567, #3568, #3569, #3570, #3571, #3572, #3573, #3574, #3575, #3576, #3577, #3578, #3579, #3580, #3581, #3582, #3583, #3584, #3585, #3586, #3587, #3588, #3589, #3590, #3591, #3592, #3593, #3594, #3595, #3596, #3597, #3598, #3599, #3600, #3601, #3602, #3603, #3604, #3605, #3606, #3607, #3608, #3609, #3610, #3611, #3612, #3613, #3614, #3615, #3616, #3617, #3618, #3619, #3620, #3621, #3622, #3623, #3624, #3625, #3626, #3627, #3628, #3629, #3630, #3631, #3632, #3633, #3634, #3635, #3636, #3637, #3638, #3639, #3640, #3641, #3642, #3643, #3644, #3645, #3646 ), ( #3647, #3648, #3649, #3650, #3651, #3652, #3653, #3654, #3655, #3656, #3657, #3658, #3659, #3660, #3661, #3662, #3663, #3664, #3665, #3666, #3667, #3668, #3669, #3670, #3671, #3672, #3673, #3674, #3675, #3676, #3677, #3678, #3679, #3680, #3681, #3682, #3683, #3684, #3685, #3686, #3687, #3688, #3689, #3690, #3691, #3692, #3693, #3694, #3695, #3696, #3697, #3698, #3699, #3700, #3701, #3702, #3703, #3704, #3705, #3706, #3707, #3708, #3709, #3710, #3711, #3712, #3713, #3714, #3715, #3716, #3717, #3718, #3719, #3720, #3721, #3722, #3723, #3724, #3725, #3726, #3727, #3728, #3729, #3730, #3731, #3732, #3733, #3734, #3735, #3736, #3737, #3738, #3739, #3740, #3741, #3742, #3743 ) ), .UNSPECIFIED., .T., .F., .F. )B_SPLINE_SURFACE_WITH_KNOTS( ( 4, 3, 4 ), ( 3, 2, 2, 2, 2, 2, 2, 2, 2, 2, 2, 2, 2, 2, 2, 2, 2, 2, 2, 2, 2, 2, 2, 2, 2, 2, 2, 2, 2, 2, 2, 2, 2, 2, 2, 2, 2, 2, 2, 2, 2, 2, 2, 2, 2, 2, 2, 2, 3 ), ( 0.000000000000000, 0.500000000000000, 1.00000000000000 ), ( 0.000000000000000, 0.0208333333333334, 0.0416666666666667, 0.0625000000000000, 0.0833333333333333, 0.104166666666667, 0.125000000000000, 0.145833333333333, 0.166666666666667, 0.187500000000000, 0.208333333333334, 0.229166666666666, 0.250000000000000, 0.270833333333334, 0.291666666666667, 0.312500000000000, 0.333333333333334, 0.354166666666667, 0.375000000000000, 0.395833333333334, 0.416666666666667, 0.437500000000000, 0.458333333333333, 0.479166666666667, 0.500000000000000, 0.520833333333333, 0.541666666666667, 0.562500000000000, 0.583333333333333, 0.604166666666667, 0.625000000000000, 0.645833333333333, 0.666666666666667, 0.687500000000000, 0.708333333333333, 0.729166666666667, 0.750000000000000, 0.770833333333333, 0.791666666666667, 0.812500000000000, 0.833333333333333, 0.854166666666667, 0.875000000000000, 0.895833333333333, 0.916666666666667, 0.937500000000000, 0.958333333333333, 0.979166666666667, 1.00000000000000 ), .UNSPECIFIED. )GEOMETRIC_REPRESENTATION_ITEM(  )RATIONAL_B_SPLINE_SURFACE( ( ( 1.00000000000000, 0.980785280403230, 1.00000000000000, 0.980785280403230, 1.00000000000000, 0.980785280403230, 1.00000000000000, 0.980785280403230, 1.00000000000000, 0.980785280403230, 1.00000000000000, 0.980785280403230, 1.00000000000000, 0.980785280403230, 1.00000000000000, 0.980785280403230, 1.00000000000000, 0.980785280403230, 1.00000000000000, 0.980785280403230, 1.00000000000000, 0.980785280403230, 1.00000000000000, 0.980785280403230, 1.00000000000000, 0.980785280403230, 1.00000000000000, 0.980785280403230, 1.00000000000000, 0.980785280403230, 1.00000000000000, 0.980785280403230, 1.00000000000000, 0.980785280403230, 1.00000000000000, 0.980785280403230, 1.00000000000000, 0.980785280403230, 1.00000000000000, 0.980785280403230, 1.00000000000000, 0.980785280403230, 1.00000000000000, 0.980785280403230, 1.00000000000000, 0.980785280403230, 1.00000000000000, 0.980785280403230, 1.00000000000000, 0.980785280403230, 1.00000000000000, 0.980785280403230, 1.00000000000000, 0.980785280403230, 1.00000000000000, 0.980785280403230, 1.00000000000000, 0.980785280403230, 1.00000000000000, 0.980785280403230, 1.00000000000000, 0.980785280403230, 1.00000000000000, 0.980785280403230, 1.00000000000000, 0.980785280403230, 1.00000000000000, 0.980785280403230, 1.00000000000000, 0.980785280403230, 1.00000000000000, 0.980785280403230, 1.00000000000000, 0.980785280403230, 1.00000000000000, 0.980785280403230, 1.00000000000000, 0.980785280403230, 1.00000000000000, 0.980785280403230, 1.00000000000000, 0.980785280403230, 1.00000000000000, 0.980785280403230, 1.00000000000000, 0.980785280403230, 1.00000000000000, 0.980785280403230, 1.00000000000000, 0.980785280403230, 1.00000000000000, 0.980785280403230, 1.00000000000000, 0.980785280403230, 1.00000000000000, 0.980785280403230, 1.00000000000000 ), ( 0.333333333333334, 0.326928426801077, 0.333333333333334, 0.326928426801077, 0.333333333333334, 0.326928426801077, 0.333333333333334, 0.326928426801077, 0.333333333333334, 0.326928426801077, 0.333333333333334, 0.326928426801077, 0.333333333333334, 0.326928426801077, 0.333333333333334, 0.326928426801077, 0.333333333333334, 0.326928426801077, 0.333333333333334, 0.326928426801077, 0.333333333333334, 0.326928426801077, 0.333333333333334, 0.326928426801077, 0.333333333333334, 0.326928426801077, 0.333333333333334, 0.326928426801077, 0.333333333333334, 0.326928426801077, 0.333333333333334, 0.326928426801077, 0.333333333333334, 0.326928426801077, 0.333333333333334, 0.326928426801077, 0.333333333333334, 0.326928426801077, 0.333333333333334, 0.326928426801077, 0.333333333333334, 0.326928426801077, 0.333333333333334, 0.326928426801077, 0.333333333333334, 0.326928426801077, 0.333333333333334, 0.326928426801077, 0.333333333333334, 0.326928426801077, 0.333333333333334, 0.326928426801077, 0.333333333333334, 0.326928426801077, 0.333333333333334, 0.326928426801077, 0.333333333333334, 0.326928426801077, 0.333333333333334, 0.326928426801077, 0.333333333333334, 0.326928426801077, 0.333333333333334, 0.326928426801077, 0.333333333333334, 0.326928426801077, 0.333333333333334, 0.326928426801077, 0.333333333333334, 0.326928426801077, 0.333333333333334, 0.326928426801077, 0.333333333333334, 0.326928426801077, 0.333333333333334, 0.326928426801077, 0.333333333333334, 0.326928426801077, 0.333333333333334, 0.326928426801077, 0.333333333333334, 0.326928426801077, 0.333333333333334, 0.326928426801077, 0.333333333333334, 0.326928426801077, 0.333333333333334, 0.326928426801077, 0.333333333333334, 0.326928426801077, 0.333333333333334, 0.326928426801077, 0.333333333333334, 0.326928426801077, 0.333333333333334, 0.326928426801077, 0.333333333333334 ), ( 0.333333333333334, 0.326928426801077, 0.333333333333334, 0.326928426801077, 0.333333333333334, 0.326928426801077, 0.333333333333334, 0.326928426801077, 0.333333333333334, 0.326928426801077, 0.333333333333334, 0.326928426801077, 0.333333333333334, 0.326928426801077, 0.333333333333334, 0.326928426801077, 0.333333333333334, 0.326928426801077, 0.333333333333334, 0.326928426801077, 0.333333333333334, 0.326928426801077, 0.333333333333334, 0.326928426801077, 0.333333333333334, 0.326928426801077, 0.333333333333334, 0.326928426801077, 0.333333333333334, 0.326928426801077, 0.333333333333334, 0.326928426801077, 0.333333333333334, 0.326928426801077, 0.333333333333334, 0.326928426801077, 0.333333333333334, 0.326928426801077, 0.333333333333334, 0.326928426801077, 0.333333333333334, 0.326928426801077, 0.333333333333334, 0.326928426801077, 0.333333333333334, 0.326928426801077, 0.333333333333334, 0.326928426801077, 0.333333333333334, 0.326928426801077, 0.333333333333334, 0.326928426801077, 0.333333333333334, 0.326928426801077, 0.333333333333334, 0.326928426801077, 0.333333333333334, 0.326928426801077, 0.333333333333334, 0.326928426801077, 0.333333333333334, 0.326928426801077, 0.333333333333334, 0.326928426801077, 0.333333333333334, 0.326928426801077, 0.333333333333334, 0.326928426801077, 0.333333333333334, 0.326928426801077, 0.333333333333334, 0.326928426801077, 0.333333333333334, 0.326928426801077, 0.333333333333334, 0.326928426801077, 0.333333333333334, 0.326928426801077, 0.333333333333334, 0.326928426801077, 0.333333333333334, 0.326928426801077, 0.333333333333334, 0.326928426801077, 0.333333333333334, 0.326928426801077, 0.333333333333334, 0.326928426801077, 0.333333333333334, 0.326928426801077, 0.333333333333334, 0.326928426801077, 0.333333333333334, 0.326928426801077, 0.333333333333334, 0.326928426801077, 0.333333333333334 ), ( 1.00000000000000, 0.980785280403230, 1.00000000000000, 0.980785280403230, 1.00000000000000, 0.980785280403230, 1.00000000000000, 0.980785280403230, 1.00000000000000, 0.980785280403230, 1.00000000000000, 0.980785280403230, 1.00000000000000, 0.980785280403230, 1.00000000000000, 0.980785280403230, 1.00000000000000, 0.980785280403230, 1.00000000000000, 0.980785280403230, 1.00000000000000, 0.980785280403230, 1.00000000000000, 0.980785280403230, 1.00000000000000, 0.980785280403230, 1.00000000000000, 0.980785280403230, 1.00000000000000, 0.980785280403230, 1.00000000000000, 0.980785280403230, 1.00000000000000, 0.980785280403230, 1.00000000000000, 0.980785280403230, 1.00000000000000, 0.980785280403230, 1.00000000000000, 0.980785280403230, 1.00000000000000, 0.980785280403230, 1.00000000000000, 0.980785280403230, 1.00000000000000, 0.980785280403230, 1.00000000000000, 0.980785280403230, 1.00000000000000, 0.980785280403230, 1.00000000000000, 0.980785280403230, 1.00000000000000, 0.980785280403230, 1.00000000000000, 0.980785280403230, 1.00000000000000, 0.980785280403230, 1.00000000000000, 0.980785280403230, 1.00000000000000, 0.980785280403230, 1.00000000000000, 0.980785280403230, 1.00000000000000, 0.980785280403230, 1.00000000000000, 0.980785280403230, 1.00000000000000, 0.980785280403230, 1.00000000000000, 0.980785280403230, 1.00000000000000, 0.980785280403230, 1.00000000000000, 0.980785280403230, 1.00000000000000, 0.980785280403230, 1.00000000000000, 0.980785280403230, 1.00000000000000, 0.980785280403230, 1.00000000000000, 0.980785280403230, 1.00000000000000, 0.980785280403230, 1.00000000000000, 0.980785280403230, 1.00000000000000, 0.980785280403230, 1.00000000000000, 0.980785280403230, 1.00000000000000, 0.980785280403230, 1.00000000000000, 0.980785280403230, 1.00000000000000 ), ( 0.333333333333334, 0.326928426801077, 0.333333333333334, 0.326928426801077, 0.333333333333334, 0.326928426801077, 0.333333333333334, 0.326928426801077, 0.333333333333334, 0.326928426801077, 0.333333333333334, 0.326928426801077, 0.333333333333334, 0.326928426801077, 0.333333333333334, 0.326928426801077, 0.333333333333334, 0.326928426801077, 0.333333333333334, 0.326928426801077, 0.333333333333334, 0.326928426801077, 0.333333333333334, 0.326928426801077, 0.333333333333334, 0.326928426801077, 0.333333333333334, 0.326928426801077, 0.333333333333334, 0.326928426801077, 0.333333333333334, 0.326928426801077, 0.333333333333334, 0.326928426801077, 0.333333333333334, 0.326928426801077, 0.333333333333334, 0.326928426801077, 0.333333333333334, 0.326928426801077, 0.333333333333334, 0.326928426801077, 0.333333333333334, 0.326928426801077, 0.333333333333334, 0.326928426801077, 0.333333333333334, 0.326928426801077, 0.333333333333334, 0.326928426801077, 0.333333333333334, 0.326928426801077, 0.333333333333334, 0.326928426801077, 0.333333333333334, 0.326928426801077, 0.333333333333334, 0.326928426801077, 0.333333333333334, 0.326928426801077, 0.333333333333334, 0.326928426801077, 0.333333333333334, 0.326928426801077, 0.333333333333334, 0.326928426801077, 0.333333333333334, 0.326928426801077, 0.333333333333334, 0.326928426801077, 0.333333333333334, 0.326928426801077, 0.333333333333334, 0.326928426801077, 0.333333333333334, 0.326928426801077, 0.333333333333334, 0.326928426801077, 0.333333333333334, 0.326928426801077, 0.333333333333334, 0.326928426801077, 0.333333333333334, 0.326928426801077, 0.333333333333334, 0.326928426801077, 0.333333333333334, 0.326928426801077, 0.333333333333334, 0.326928426801077, 0.333333333333334, 0.326928426801077, 0.333333333333334, 0.326928426801077, 0.333333333333334, 0.326928426801077, 0.333333333333334 ), ( 0.333333333333334, 0.326928426801077, 0.333333333333334, 0.326928426801077, 0.333333333333334, 0.326928426801077, 0.333333333333334, 0.326928426801077, 0.333333333333334, 0.326928426801077, 0.333333333333334, 0.326928426801077, 0.333333333333334, 0.326928426801077, 0.333333333333334, 0.326928426801077, 0.333333333333334, 0.326928426801077, 0.333333333333334, 0.326928426801077, 0.333333333333334, 0.326928426801077, 0.333333333333334, 0.326928426801077, 0.333333333333334, 0.326928426801077, 0.333333333333334, 0.326928426801077, 0.333333333333334, 0.326928426801077, 0.333333333333334, 0.326928426801077, 0.333333333333334, 0.326928426801077, 0.333333333333334, 0.326928426801077, 0.333333333333334, 0.326928426801077, 0.333333333333334, 0.326928426801077, 0.333333333333334, 0.326928426801077, 0.333333333333334, 0.326928426801077, 0.333333333333334, 0.326928426801077, 0.333333333333334, 0.326928426801077, 0.333333333333334, 0.326928426801077, 0.333333333333334, 0.326928426801077, 0.333333333333334, 0.326928426801077, 0.333333333333334, 0.326928426801077, 0.333333333333334, 0.326928426801077, 0.333333333333334, 0.326928426801077, 0.333333333333334, 0.326928426801077, 0.333333333333334, 0.326928426801077, 0.333333333333334, 0.326928426801077, 0.333333333333334, 0.326928426801077, 0.333333333333334, 0.326928426801077, 0.333333333333334, 0.326928426801077, 0.333333333333334, 0.326928426801077, 0.333333333333334, 0.326928426801077, 0.333333333333334, 0.326928426801077, 0.333333333333334, 0.326928426801077, 0.333333333333334, 0.326928426801077, 0.333333333333334, 0.326928426801077, 0.333333333333334, 0.326928426801077, 0.333333333333334, 0.326928426801077, 0.333333333333334, 0.326928426801077, 0.333333333333334, 0.326928426801077, 0.333333333333334, 0.326928426801077, 0.333333333333334, 0.326928426801077, 0.333333333333334 ), ( 1.00000000000000, 0.980785280403230, 1.00000000000000, 0.980785280403230, 1.00000000000000, 0.980785280403230, 1.00000000000000, 0.980785280403230, 1.00000000000000, 0.980785280403230, 1.00000000000000, 0.980785280403230, 1.00000000000000, 0.980785280403230, 1.00000000000000, 0.980785280403230, 1.00000000000000, 0.980785280403230, 1.00000000000000, 0.980785280403230, 1.00000000000000, 0.980785280403230, 1.00000000000000, 0.980785280403230, 1.00000000000000, 0.980785280403230, 1.00000000000000, 0.980785280403230, 1.00000000000000, 0.980785280403230, 1.00000000000000, 0.980785280403230, 1.00000000000000, 0.980785280403230, 1.00000000000000, 0.980785280403230, 1.00000000000000, 0.980785280403230, 1.00000000000000, 0.980785280403230, 1.00000000000000, 0.980785280403230, 1.00000000000000, 0.980785280403230, 1.00000000000000, 0.980785280403230, 1.00000000000000, 0.980785280403230, 1.00000000000000, 0.980785280403230, 1.00000000000000, 0.980785280403230, 1.00000000000000, 0.980785280403230, 1.00000000000000, 0.980785280403230, 1.00000000000000, 0.980785280403230, 1.00000000000000, 0.980785280403230, 1.00000000000000, 0.980785280403230, 1.00000000000000, 0.980785280403230, 1.00000000000000, 0.980785280403230, 1.00000000000000, 0.980785280403230, 1.00000000000000, 0.980785280403230, 1.00000000000000, 0.980785280403230, 1.00000000000000, 0.980785280403230, 1.00000000000000, 0.980785280403230, 1.00000000000000, 0.980785280403230, 1.00000000000000, 0.980785280403230, 1.00000000000000, 0.980785280403230, 1.00000000000000, 0.980785280403230, 1.00000000000000, 0.980785280403230, 1.00000000000000, 0.980785280403230, 1.00000000000000, 0.980785280403230, 1.00000000000000, 0.980785280403230, 1.00000000000000, 0.980785280403230, 1.00000000000000, 0.980785280403230, 1.00000000000000 ) ) )REPRESENTATION_ITEM( '' )SURFACE(  ) );
#1950 = SURFACE_STYLE_USAGE( .BOTH., #3749 );
#1951 = FACE_OUTER_BOUND( '', #3750, .T. );
#1952 = CYLINDRICAL_SURFACE( '', #3751, 1.49999999999997 );
#1953 = SURFACE_STYLE_USAGE( .BOTH., #3752 );
#1954 = FACE_OUTER_BOUND( '', #3753, .T. );
#1955 = PLANE( '', #3754 );
#1956 = SURFACE_STYLE_USAGE( .BOTH., #3755 );
#1957 = FACE_OUTER_BOUND( '', #3756, .T. );
#1958 = PLANE( '', #3757 );
#1959 = SURFACE_STYLE_USAGE( .BOTH., #3758 );
#1960 = FACE_OUTER_BOUND( '', #3759, .T. );
#1961 = CYLINDRICAL_SURFACE( '', #3760, 3.00000000000220 );
#1962 = SURFACE_STYLE_USAGE( .BOTH., #3761 );
#1963 = FACE_OUTER_BOUND( '', #3762, .T. );
#1964 = PLANE( '', #3763 );
#1965 = SURFACE_STYLE_USAGE( .BOTH., #3764 );
#1966 = FACE_OUTER_BOUND( '', #3765, .T. );
#1967 = PLANE( '', #3766 );
#1968 = SURFACE_STYLE_USAGE( .BOTH., #3767 );
#1969 = FACE_OUTER_BOUND( '', #3768, .T. );
#1970 = PLANE( '', #3769 );
#1971 = SURFACE_STYLE_USAGE( .BOTH., #3770 );
#1972 = FACE_OUTER_BOUND( '', #3771, .T. );
#1973 = PLANE( '', #3772 );
#1974 = SURFACE_STYLE_USAGE( .BOTH., #3773 );
#1975 = FACE_OUTER_BOUND( '', #3774, .T. );
#1976 = PLANE( '', #3775 );
#1977 = SURFACE_STYLE_USAGE( .BOTH., #3776 );
#1978 = FACE_OUTER_BOUND( '', #3777, .T. );
#1979 = PLANE( '', #3778 );
#1980 = SURFACE_STYLE_USAGE( .BOTH., #3779 );
#1981 = FACE_OUTER_BOUND( '', #3780, .T. );
#1982 = FACE_BOUND( '', #3781, .T. );
#1983 = PLANE( '', #3782 );
#1984 = SURFACE_STYLE_USAGE( .BOTH., #3783 );
#1985 = FACE_OUTER_BOUND( '', #3784, .T. );
#1986 = PLANE( '', #3785 );
#1987 = SURFACE_STYLE_USAGE( .BOTH., #3786 );
#1988 = FACE_OUTER_BOUND( '', #3787, .T. );
#1989 = PLANE( '', #3788 );
#1990 = SURFACE_STYLE_USAGE( .BOTH., #3789 );
#1991 = FACE_OUTER_BOUND( '', #3790, .T. );
#1992 = CYLINDRICAL_SURFACE( '', #3791, 4.55000000000221 );
#1993 = SURFACE_STYLE_USAGE( .BOTH., #3792 );
#1994 = FACE_OUTER_BOUND( '', #3793, .T. );
#1995 = PLANE( '', #3794 );
#1996 = SURFACE_STYLE_USAGE( .BOTH., #3795 );
#1997 = FACE_OUTER_BOUND( '', #3796, .T. );
#1998 = CYLINDRICAL_SURFACE( '', #3797, 2.99999999999124 );
#1999 = SURFACE_STYLE_USAGE( .BOTH., #3798 );
#2000 = FACE_OUTER_BOUND( '', #3799, .T. );
#2001 = PLANE( '', #3800 );
#2002 = SURFACE_STYLE_USAGE( .BOTH., #3801 );
#2003 = FACE_OUTER_BOUND( '', #3802, .T. );
#2004 = PLANE( '', #3803 );
#2005 = SURFACE_STYLE_USAGE( .BOTH., #3804 );
#2006 = FACE_OUTER_BOUND( '', #3805, .T. );
#2007 = PLANE( '', #3806 );
#2008 = SURFACE_STYLE_USAGE( .BOTH., #3807 );
#2009 = FACE_OUTER_BOUND( '', #3808, .T. );
#2010 = PLANE( '', #3809 );
#2011 = SURFACE_STYLE_USAGE( .BOTH., #3810 );
#2012 = FACE_OUTER_BOUND( '', #3811, .T. );
#2013 = CYLINDRICAL_SURFACE( '', #3812, 3.74999999999740 );
#2014 = SURFACE_STYLE_USAGE( .BOTH., #3813 );
#2015 = FACE_OUTER_BOUND( '', #3814, .T. );
#2016 = PLANE( '', #3815 );
#2017 = SURFACE_STYLE_USAGE( .BOTH., #3816 );
#2018 = FACE_OUTER_BOUND( '', #3817, .T. );
#2019 = PLANE( '', #3818 );
#2020 = SURFACE_STYLE_USAGE( .BOTH., #3819 );
#2021 = FACE_OUTER_BOUND( '', #3820, .T. );
#2022 = PLANE( '', #3821 );
#2023 = SURFACE_STYLE_USAGE( .BOTH., #3822 );
#2024 = FACE_OUTER_BOUND( '', #3823, .T. );
#2025 = PLANE( '', #3824 );
#2026 = SURFACE_STYLE_USAGE( .BOTH., #3825 );
#2027 = FACE_OUTER_BOUND( '', #3826, .T. );
#2028 = CYLINDRICAL_SURFACE( '', #3827, 2.99999999999953 );
#2029 = SURFACE_STYLE_USAGE( .BOTH., #3828 );
#2030 = FACE_OUTER_BOUND( '', #3829, .T. );
#2031 = PLANE( '', #3830 );
#2032 = SURFACE_STYLE_USAGE( .BOTH., #3831 );
#2033 = FACE_OUTER_BOUND( '', #3832, .T. );
#2034 = PLANE( '', #3833 );
#2035 = SURFACE_STYLE_USAGE( .BOTH., #3834 );
#2036 = FACE_OUTER_BOUND( '', #3835, .T. );
#2037 = PLANE( '', #3836 );
#2038 = SURFACE_STYLE_USAGE( .BOTH., #3837 );
#2039 = FACE_OUTER_BOUND( '', #3838, .T. );
#2040 = FACE_OUTER_BOUND( '', #3839, .T. );
#2041 = CYLINDRICAL_SURFACE( '', #3840, 4.00000000000000 );
#2042 = SURFACE_STYLE_USAGE( .BOTH., #3841 );
#2043 = FACE_OUTER_BOUND( '', #3842, .T. );
#2044 = FACE_BOUND( '', #3843, .T. );
#2045 = PLANE( '', #3844 );
#2046 = SURFACE_STYLE_USAGE( .BOTH., #3845 );
#2047 = FACE_OUTER_BOUND( '', #3846, .T. );
#2048 = PLANE( '', #3847 );
#2049 = SURFACE_STYLE_USAGE( .BOTH., #3848 );
#2050 = FACE_OUTER_BOUND( '', #3849, .T. );
#2051 = CONICAL_SURFACE( '', #3850, 3.64999999999963, 0.523598775598617 );
#2052 = SURFACE_STYLE_USAGE( .BOTH., #3851 );
#2053 = FACE_OUTER_BOUND( '', #3852, .T. );
#2054 = PLANE( '', #3853 );
#2055 = SURFACE_STYLE_USAGE( .BOTH., #3854 );
#2056 = FACE_OUTER_BOUND( '', #3855, .T. );
#2057 = PLANE( '', #3856 );
#2058 = SURFACE_STYLE_USAGE( .BOTH., #3857 );
#2059 = FACE_OUTER_BOUND( '', #3858, .T. );
#2060 = PLANE( '', #3859 );
#2061 = SURFACE_STYLE_USAGE( .BOTH., #3860 );
#2062 = FACE_OUTER_BOUND( '', #3861, .T. );
#2063 = PLANE( '', #3862 );
#2064 = SURFACE_STYLE_USAGE( .BOTH., #3863 );
#2065 = FACE_OUTER_BOUND( '', #3864, .T. );
#2066 = PLANE( '', #3865 );
#2067 = SURFACE_STYLE_USAGE( .BOTH., #3866 );
#2068 = FACE_OUTER_BOUND( '', #3867, .T. );
#2069 = PLANE( '', #3868 );
#2070 = SURFACE_STYLE_USAGE( .BOTH., #3869 );
#2071 = FACE_OUTER_BOUND( '', #3870, .T. );
#2072 = FACE_OUTER_BOUND( '', #3871, .T. );
#2073 = CYLINDRICAL_SURFACE( '', #3872, 5.40000000000000 );
#2074 = SURFACE_STYLE_USAGE( .BOTH., #3873 );
#2075 = FACE_OUTER_BOUND( '', #3874, .T. );
#2076 = PLANE( '', #3875 );
#2077 = SURFACE_STYLE_USAGE( .BOTH., #3876 );
#2078 = FACE_OUTER_BOUND( '', #3877, .T. );
#2079 = PLANE( '', #3878 );
#2080 = SURFACE_STYLE_USAGE( .BOTH., #3879 );
#2081 = FACE_OUTER_BOUND( '', #3880, .T. );
#2082 = PLANE( '', #3881 );
#2083 = SURFACE_STYLE_USAGE( .BOTH., #3882 );
#2084 = FACE_OUTER_BOUND( '', #3883, .T. );
#2085 = PLANE( '', #3884 );
#2086 = SURFACE_STYLE_USAGE( .BOTH., #3885 );
#2087 = FACE_OUTER_BOUND( '', #3886, .T. );
#2088 = PLANE( '', #3887 );
#2089 = SURFACE_STYLE_USAGE( .BOTH., #3888 );
#2090 = FACE_OUTER_BOUND( '', #3889, .T. );
#2091 = PLANE( '', #3890 );
#2092 = SURFACE_STYLE_USAGE( .BOTH., #3891 );
#2093 = FACE_OUTER_BOUND( '', #3892, .T. );
#2094 = PLANE( '', #3893 );
#2095 = SURFACE_STYLE_USAGE( .BOTH., #3894 );
#2096 = FACE_OUTER_BOUND( '', #3895, .T. );
#2097 = PLANE( '', #3896 );
#2098 = SURFACE_STYLE_USAGE( .BOTH., #3897 );
#2099 = FACE_OUTER_BOUND( '', #3898, .T. );
#2100 = PLANE( '', #3899 );
#2101 = SURFACE_STYLE_USAGE( .BOTH., #3900 );
#2102 = FACE_OUTER_BOUND( '', #3901, .T. );
#2103 = PLANE( '', #3902 );
#2104 = SURFACE_STYLE_USAGE( .BOTH., #3903 );
#2105 = FACE_OUTER_BOUND( '', #3904, .T. );
#2106 = PLANE( '', #3905 );
#2107 = SURFACE_STYLE_USAGE( .BOTH., #3906 );
#2108 = FACE_OUTER_BOUND( '', #3907, .T. );
#2109 = PLANE( '', #3908 );
#2110 = SURFACE_STYLE_USAGE( .BOTH., #3909 );
#2111 = FACE_OUTER_BOUND( '', #3910, .T. );
#2112 = CYLINDRICAL_SURFACE( '', #3911, 1.49999999999997 );
#2113 = SURFACE_STYLE_USAGE( .BOTH., #3912 );
#2114 = FACE_OUTER_BOUND( '', #3913, .T. );
#2115 = CYLINDRICAL_SURFACE( '', #3914, 2.00000000000028 );
#2116 = SURFACE_STYLE_USAGE( .BOTH., #3915 );
#2117 = FACE_OUTER_BOUND( '', #3916, .T. );
#2118 = PLANE( '', #3917 );
#2119 = SURFACE_STYLE_USAGE( .BOTH., #3918 );
#2120 = FACE_OUTER_BOUND( '', #3919, .T. );
#2121 = PLANE( '', #3920 );
#2122 = SURFACE_STYLE_USAGE( .BOTH., #3921 );
#2123 = FACE_OUTER_BOUND( '', #3922, .T. );
#2124 = PLANE( '', #3923 );
#2125 = SURFACE_STYLE_USAGE( .BOTH., #3924 );
#2126 = FACE_OUTER_BOUND( '', #3925, .T. );
#2127 = FACE_BOUND( '', #3926, .T. );
#2128 = PLANE( '', #3927 );
#2129 = SURFACE_STYLE_USAGE( .BOTH., #3928 );
#2130 = FACE_OUTER_BOUND( '', #3929, .T. );
#2131 = FACE_BOUND( '', #3930, .T. );
#2132 = PLANE( '', #3931 );
#2133 = SURFACE_STYLE_USAGE( .BOTH., #3932 );
#2134 = FACE_OUTER_BOUND( '', #3933, .T. );
#2135 = FACE_OUTER_BOUND( '', #3934, .T. );
#2136 = CYLINDRICAL_SURFACE( '', #3935, 1.40000000000002 );
#2137 = SURFACE_STYLE_USAGE( .BOTH., #3936 );
#2138 = FACE_OUTER_BOUND( '', #3937, .T. );
#2139 = PLANE( '', #3938 );
#2140 = SURFACE_STYLE_USAGE( .BOTH., #3939 );
#2141 = FACE_OUTER_BOUND( '', #3940, .T. );
#2142 = PLANE( '', #3941 );
#2143 = SURFACE_STYLE_USAGE( .BOTH., #3942 );
#2144 = FACE_OUTER_BOUND( '', #3943, .T. );
#2145 = SPHERICAL_SURFACE( '', #3944, 1.24999999999996 );
#2146 = SURFACE_STYLE_USAGE( .BOTH., #3945 );
#2147 = FACE_OUTER_BOUND( '', #3946, .T. );
#2148 = PLANE( '', #3947 );
#2149 = SURFACE_STYLE_USAGE( .BOTH., #3948 );
#2150 = FACE_OUTER_BOUND( '', #3949, .T. );
#2151 = PLANE( '', #3950 );
#2152 = SURFACE_STYLE_USAGE( .BOTH., #3951 );
#2153 = FACE_OUTER_BOUND( '', #3952, .T. );
#2154 = SPHERICAL_SURFACE( '', #3953, 1.25000000000000 );
#2155 = SURFACE_STYLE_USAGE( .BOTH., #3954 );
#2156 = FACE_OUTER_BOUND( '', #3955, .T. );
#2157 = CYLINDRICAL_SURFACE( '', #3956, 4.55000000000047 );
#2158 = SURFACE_STYLE_USAGE( .BOTH., #3957 );
#2159 = FACE_OUTER_BOUND( '', #3958, .T. );
#2160 = PLANE( '', #3959 );
#2161 = SURFACE_STYLE_USAGE( .BOTH., #3960 );
#2162 = FACE_OUTER_BOUND( '', #3961, .T. );
#2163 = PLANE( '', #3962 );
#2164 = SURFACE_STYLE_USAGE( .BOTH., #3963 );
#2165 = FACE_OUTER_BOUND( '', #3964, .T. );
#2166 = PLANE( '', #3965 );
#2167 = SURFACE_STYLE_USAGE( .BOTH., #3966 );
#2168 = FACE_OUTER_BOUND( '', #3967, .T. );
#2169 = PLANE( '', #3968 );
#2170 = SURFACE_STYLE_USAGE( .BOTH., #3969 );
#2171 = FACE_OUTER_BOUND( '', #3970, .T. );
#2172 = PLANE( '', #3971 );
#2173 = SURFACE_STYLE_USAGE( .BOTH., #3972 );
#2174 = FACE_OUTER_BOUND( '', #3973, .T. );
#2175 = PLANE( '', #3974 );
#2176 = SURFACE_STYLE_USAGE( .BOTH., #3975 );
#2177 = FACE_OUTER_BOUND( '', #3976, .T. );
#2178 = PLANE( '', #3977 );
#2179 = SURFACE_STYLE_USAGE( .BOTH., #3978 );
#2180 = FACE_OUTER_BOUND( '', #3979, .T. );
#2181 = PLANE( '', #3980 );
#2182 = SURFACE_STYLE_USAGE( .BOTH., #3981 );
#2183 = FACE_OUTER_BOUND( '', #3982, .T. );
#2184 = PLANE( '', #3983 );
#2185 = SURFACE_STYLE_USAGE( .BOTH., #3984 );
#2186 = FACE_OUTER_BOUND( '', #3985, .T. );
#2187 = PLANE( '', #3986 );
#2188 = SURFACE_STYLE_USAGE( .BOTH., #3987 );
#2189 = FACE_OUTER_BOUND( '', #3988, .T. );
#2190 = PLANE( '', #3989 );
#2191 = SURFACE_STYLE_USAGE( .BOTH., #3990 );
#2192 = FACE_OUTER_BOUND( '', #3991, .T. );
#2193 = PLANE( '', #3992 );
#2194 = SURFACE_STYLE_USAGE( .BOTH., #3993 );
#2195 = FACE_OUTER_BOUND( '', #3994, .T. );
#2196 = PLANE( '', #3995 );
#2197 = SURFACE_STYLE_USAGE( .BOTH., #3996 );
#2198 = FACE_OUTER_BOUND( '', #3997, .T. );
#2199 = PLANE( '', #3998 );
#2200 = SURFACE_STYLE_USAGE( .BOTH., #3999 );
#2201 = FACE_OUTER_BOUND( '', #4000, .T. );
#2202 = PLANE( '', #4001 );
#2203 = SURFACE_STYLE_USAGE( .BOTH., #4002 );
#2204 = FACE_OUTER_BOUND( '', #4003, .T. );
#2205 = PLANE( '', #4004 );
#2206 = SURFACE_STYLE_USAGE( .BOTH., #4005 );
#2207 = FACE_OUTER_BOUND( '', #4006, .T. );
#2208 = PLANE( '', #4007 );
#2209 = SURFACE_STYLE_USAGE( .BOTH., #4008 );
#2210 = FACE_OUTER_BOUND( '', #4009, .T. );
#2211 = PLANE( '', #4010 );
#2212 = SURFACE_STYLE_USAGE( .BOTH., #4011 );
#2213 = FACE_OUTER_BOUND( '', #4012, .T. );
#2214 = PLANE( '', #4013 );
#2215 = SURFACE_STYLE_USAGE( .BOTH., #4014 );
#2216 = FACE_OUTER_BOUND( '', #4015, .T. );
#2217 = PLANE( '', #4016 );
#2218 = SURFACE_STYLE_USAGE( .BOTH., #4017 );
#2219 = FACE_OUTER_BOUND( '', #4018, .T. );
#2220 = CYLINDRICAL_SURFACE( '', #4019, 2.99999999999953 );
#2221 = SURFACE_STYLE_USAGE( .BOTH., #4020 );
#2222 = FACE_OUTER_BOUND( '', #4021, .T. );
#2223 = PLANE( '', #4022 );
#2224 = SURFACE_STYLE_USAGE( .BOTH., #4023 );
#2225 = FACE_OUTER_BOUND( '', #4024, .T. );
#2226 = PLANE( '', #4025 );
#2227 = SURFACE_STYLE_USAGE( .BOTH., #4026 );
#2228 = FACE_OUTER_BOUND( '', #4027, .T. );
#2229 = PLANE( '', #4028 );
#2230 = SURFACE_STYLE_USAGE( .BOTH., #4029 );
#2231 = FACE_OUTER_BOUND( '', #4030, .T. );
#2232 = PLANE( '', #4031 );
#2233 = SURFACE_STYLE_USAGE( .BOTH., #4032 );
#2234 = FACE_OUTER_BOUND( '', #4033, .T. );
#2235 = PLANE( '', #4034 );
#2236 = SURFACE_STYLE_USAGE( .BOTH., #4035 );
#2237 = FACE_OUTER_BOUND( '', #4036, .T. );
#2238 = CYLINDRICAL_SURFACE( '', #4037, 3.75000000000035 );
#2239 = SURFACE_STYLE_USAGE( .BOTH., #4038 );
#2240 = FACE_OUTER_BOUND( '', #4039, .T. );
#2241 = CYLINDRICAL_SURFACE( '', #4040, 0.999999999998995 );
#2242 = SURFACE_STYLE_USAGE( .BOTH., #4041 );
#2243 = FACE_OUTER_BOUND( '', #4042, .T. );
#2244 = SPHERICAL_SURFACE( '', #4043, 1.25000000000004 );
#2245 = SURFACE_STYLE_USAGE( .BOTH., #4044 );
#2246 = FACE_OUTER_BOUND( '', #4045, .T. );
#2247 = FACE_OUTER_BOUND( '', #4046, .T. );
#2248 = CYLINDRICAL_SURFACE( '', #4047, 1.24999999999980 );
#2249 = SURFACE_STYLE_USAGE( .BOTH., #4048 );
#2250 = FACE_OUTER_BOUND( '', #4049, .T. );
#2251 = PLANE( '', #4050 );
#2252 = SURFACE_STYLE_USAGE( .BOTH., #4051 );
#2253 = FACE_OUTER_BOUND( '', #4052, .T. );
#2254 = PLANE( '', #4053 );
#2255 = SURFACE_STYLE_USAGE( .BOTH., #4054 );
#2256 = FACE_OUTER_BOUND( '', #4055, .T. );
#2257 = PLANE( '', #4056 );
#2258 = SURFACE_STYLE_USAGE( .BOTH., #4057 );
#2259 = FACE_OUTER_BOUND( '', #4058, .T. );
#2260 = PLANE( '', #4059 );
#2261 = SURFACE_STYLE_USAGE( .BOTH., #4060 );
#2262 = FACE_OUTER_BOUND( '', #4061, .T. );
#2263 = FACE_BOUND( '', #4062, .T. );
#2264 = FACE_BOUND( '', #4063, .T. );
#2265 = PLANE( '', #4064 );
#2266 = SURFACE_STYLE_USAGE( .BOTH., #4065 );
#2267 = FACE_OUTER_BOUND( '', #4066, .T. );
#2268 = PLANE( '', #4067 );
#2269 = SURFACE_STYLE_USAGE( .BOTH., #4068 );
#2270 = FACE_OUTER_BOUND( '', #4069, .T. );
#2271 = CYLINDRICAL_SURFACE( '', #4070, 3.64999999999931 );
#2272 = SURFACE_STYLE_USAGE( .BOTH., #4071 );
#2273 = FACE_OUTER_BOUND( '', #4072, .T. );
#2274 = PLANE( '', #4073 );
#2275 = SURFACE_STYLE_USAGE( .BOTH., #4074 );
#2276 = FACE_OUTER_BOUND( '', #4075, .T. );
#2277 = CYLINDRICAL_SURFACE( '', #4076, 1.00000000000426 );
#2278 = SURFACE_STYLE_USAGE( .BOTH., #4077 );
#2279 = FACE_OUTER_BOUND( '', #4078, .T. );
#2280 = PLANE( '', #4079 );
#2281 = SURFACE_STYLE_USAGE( .BOTH., #4080 );
#2282 = FACE_OUTER_BOUND( '', #4081, .T. );
#2283 = PLANE( '', #4082 );
#2284 = SURFACE_STYLE_USAGE( .BOTH., #4083 );
#2285 = FACE_OUTER_BOUND( '', #4084, .T. );
#2286 = PLANE( '', #4085 );
#2287 = SURFACE_STYLE_USAGE( .BOTH., #4086 );
#2288 = FACE_OUTER_BOUND( '', #4087, .T. );
#2289 = PLANE( '', #4088 );
#2290 = SURFACE_STYLE_USAGE( .BOTH., #4089 );
#2291 = FACE_OUTER_BOUND( '', #4090, .T. );
#2292 = PLANE( '', #4091 );
#2293 =  ( LENGTH_UNIT(  )NAMED_UNIT( #1157 )SI_UNIT( .MILLI., .METRE. ) );
#2296 = LENGTH_MEASURE_WITH_UNIT( LENGTH_MEASURE( 1.00000000000000 ), #4093 );
#2299 = DIMENSIONAL_EXPONENTS( 1.00000000000000, 0.000000000000000, 0.000000000000000, 0.000000000000000, 0.000000000000000, 0.000000000000000, 0.000000000000000 );
#2301 = DIMENSIONAL_EXPONENTS( 0.000000000000000, 0.000000000000000, 0.000000000000000, 0.000000000000000, 0.000000000000000, 0.000000000000000, 0.000000000000000 );
#2307 = SURFACE_SIDE_STYLE( '', ( #4094 ) );
#2308 = EDGE_LOOP( '', ( #4095 ) );
#2309 = EDGE_LOOP( '', ( #4096 ) );
#2310 = AXIS2_PLACEMENT_3D( '', #4097, #4098, #4099 );
#2311 = SURFACE_SIDE_STYLE( '', ( #4100 ) );
#2312 = EDGE_LOOP( '', ( #4101, #4102, #4103, #4104, #4105, #4106, #4107, #4108 ) );
#2313 = AXIS2_PLACEMENT_3D( '', #4109, #4110, #4111 );
#2314 = SURFACE_SIDE_STYLE( '', ( #4112 ) );
#2315 = EDGE_LOOP( '', ( #4113, #4114, #4115, #4116 ) );
#2316 = AXIS2_PLACEMENT_3D( '', #4117, #4118, #4119 );
#2317 = SURFACE_SIDE_STYLE( '', ( #4120 ) );
#2318 = EDGE_LOOP( '', ( #4121, #4122, #4123, #4124 ) );
#2319 = AXIS2_PLACEMENT_3D( '', #4125, #4126, #4127 );
#2320 = SURFACE_SIDE_STYLE( '', ( #4128 ) );
#2321 = EDGE_LOOP( '', ( #4129, #4130, #4131, #4132 ) );
#2322 = AXIS2_PLACEMENT_3D( '', #4133, #4134, #4135 );
#2323 = SURFACE_SIDE_STYLE( '', ( #4136 ) );
#2324 = EDGE_LOOP( '', ( #4137, #4138, #4139, #4140 ) );
#2325 = AXIS2_PLACEMENT_3D( '', #4141, #4142, #4143 );
#2326 = SURFACE_SIDE_STYLE( '', ( #4144 ) );
#2327 = EDGE_LOOP( '', ( #4145, #4146, #4147, #4148 ) );
#2328 = AXIS2_PLACEMENT_3D( '', #4149, #4150, #4151 );
#2329 = SURFACE_SIDE_STYLE( '', ( #4152 ) );
#2330 = EDGE_LOOP( '', ( #4153, #4154, #4155, #4156 ) );
#2331 = AXIS2_PLACEMENT_3D( '', #4157, #4158, #4159 );
#2332 = SURFACE_SIDE_STYLE( '', ( #4160 ) );
#2333 = EDGE_LOOP( '', ( #4161, #4162, #4163, #4164 ) );
#2334 = AXIS2_PLACEMENT_3D( '', #4165, #4166, #4167 );
#2335 = SURFACE_SIDE_STYLE( '', ( #4168 ) );
#2336 = EDGE_LOOP( '', ( #4169, #4170, #4171, #4172 ) );
#2337 = AXIS2_PLACEMENT_3D( '', #4173, #4174, #4175 );
#2338 = SURFACE_SIDE_STYLE( '', ( #4176 ) );
#2339 = EDGE_LOOP( '', ( #4177, #4178, #4179, #4180, #4181, #4182, #4183, #4184 ) );
#2340 = AXIS2_PLACEMENT_3D( '', #4185, #4186, #4187 );
#2341 = SURFACE_SIDE_STYLE( '', ( #4188 ) );
#2342 = EDGE_LOOP( '', ( #4189, #4190, #4191, #4192 ) );
#2343 = AXIS2_PLACEMENT_3D( '', #4193, #4194, #4195 );
#2344 = SURFACE_SIDE_STYLE( '', ( #4196 ) );
#2345 = EDGE_LOOP( '', ( #4197, #4198, #4199, #4200 ) );
#2346 = AXIS2_PLACEMENT_3D( '', #4201, #4202, #4203 );
#2347 = SURFACE_SIDE_STYLE( '', ( #4204 ) );
#2348 = EDGE_LOOP( '', ( #4205, #4206, #4207, #4208, #4209 ) );
#2349 = AXIS2_PLACEMENT_3D( '', #4210, #4211, #4212 );
#2350 = SURFACE_SIDE_STYLE( '', ( #4213 ) );
#2351 = EDGE_LOOP( '', ( #4214, #4215, #4216, #4217 ) );
#2352 = AXIS2_PLACEMENT_3D( '', #4218, #4219, #4220 );
#2353 = SURFACE_SIDE_STYLE( '', ( #4221 ) );
#2354 = EDGE_LOOP( '', ( #4222, #4223, #4224, #4225 ) );
#2355 = AXIS2_PLACEMENT_3D( '', #4226, #4227, #4228 );
#2356 = SURFACE_SIDE_STYLE( '', ( #4229 ) );
#2357 = EDGE_LOOP( '', ( #4230, #4231, #4232, #4233 ) );
#2358 = AXIS2_PLACEMENT_3D( '', #4234, #4235, #4236 );
#2359 = SURFACE_SIDE_STYLE( '', ( #4237 ) );
#2360 = EDGE_LOOP( '', ( #4238, #4239, #4240, #4241, #4242, #4243, #4244, #4245, #4246, #4247, #4248, #4249, #4250, #4251, #4252, #4253, #4254, #4255 ) );
#2361 = AXIS2_PLACEMENT_3D( '', #4256, #4257, #4258 );
#2362 = SURFACE_SIDE_STYLE( '', ( #4259 ) );
#2363 = EDGE_LOOP( '', ( #4260, #4261, #4262, #4263, #4264, #4265 ) );
#2364 = AXIS2_PLACEMENT_3D( '', #4266, #4267, #4268 );
#2365 = SURFACE_SIDE_STYLE( '', ( #4269 ) );
#2366 = EDGE_LOOP( '', ( #4270, #4271, #4272, #4273 ) );
#2367 = AXIS2_PLACEMENT_3D( '', #4274, #4275, #4276 );
#2368 = SURFACE_SIDE_STYLE( '', ( #4277 ) );
#2369 = EDGE_LOOP( '', ( #4278, #4279, #4280, #4281, #4282, #4283, #4284, #4285 ) );
#2370 = AXIS2_PLACEMENT_3D( '', #4286, #4287, #4288 );
#2371 = SURFACE_SIDE_STYLE( '', ( #4289 ) );
#2372 = EDGE_LOOP( '', ( #4290, #4291, #4292, #4293 ) );
#2373 = AXIS2_PLACEMENT_3D( '', #4294, #4295, #4296 );
#2374 = SURFACE_SIDE_STYLE( '', ( #4297 ) );
#2375 = EDGE_LOOP( '', ( #4298, #4299, #4300, #4301 ) );
#2376 = AXIS2_PLACEMENT_3D( '', #4302, #4303, #4304 );
#2377 = SURFACE_SIDE_STYLE( '', ( #4305 ) );
#2378 = EDGE_LOOP( '', ( #4306, #4307, #4308, #4309 ) );
#2379 = AXIS2_PLACEMENT_3D( '', #4310, #4311, #4312 );
#2380 = SURFACE_SIDE_STYLE( '', ( #4313 ) );
#2381 = EDGE_LOOP( '', ( #4314, #4315, #4316, #4317, #4318, #4319 ) );
#2382 = AXIS2_PLACEMENT_3D( '', #4320, #4321, #4322 );
#2383 = SURFACE_SIDE_STYLE( '', ( #4323 ) );
#2384 = EDGE_LOOP( '', ( #4324, #4325, #4326, #4327, #4328, #4329, #4330, #4331 ) );
#2385 = AXIS2_PLACEMENT_3D( '', #4332, #4333, #4334 );
#2386 = SURFACE_SIDE_STYLE( '', ( #4335 ) );
#2387 = EDGE_LOOP( '', ( #4336, #4337, #4338, #4339 ) );
#2388 = AXIS2_PLACEMENT_3D( '', #4340, #4341, #4342 );
#2389 = SURFACE_SIDE_STYLE( '', ( #4343 ) );
#2390 = EDGE_LOOP( '', ( #4344, #4345, #4346, #4347 ) );
#2391 = AXIS2_PLACEMENT_3D( '', #4348, #4349, #4350 );
#2392 = SURFACE_SIDE_STYLE( '', ( #4351 ) );
#2393 = EDGE_LOOP( '', ( #4352, #4353, #4354, #4355 ) );
#2394 = EDGE_LOOP( '', ( #4356 ) );
#2395 = AXIS2_PLACEMENT_3D( '', #4357, #4358, #4359 );
#2396 = SURFACE_SIDE_STYLE( '', ( #4360 ) );
#2397 = EDGE_LOOP( '', ( #4361, #4362, #4363, #4364 ) );
#2398 = AXIS2_PLACEMENT_3D( '', #4365, #4366, #4367 );
#2399 = SURFACE_SIDE_STYLE( '', ( #4368 ) );
#2400 = EDGE_LOOP( '', ( #4369, #4370, #4371, #4372, #4373, #4374, #4375, #4376, #4377, #4378, #4379, #4380, #4381, #4382, #4383, #4384, #4385, #4386, #4387, #4388 ) );
#2401 = AXIS2_PLACEMENT_3D( '', #4389, #4390, #4391 );
#2402 = SURFACE_SIDE_STYLE( '', ( #4392 ) );
#2403 = EDGE_LOOP( '', ( #4393, #4394, #4395, #4396 ) );
#2404 = AXIS2_PLACEMENT_3D( '', #4397, #4398, #4399 );
#2405 = SURFACE_SIDE_STYLE( '', ( #4400 ) );
#2406 = EDGE_LOOP( '', ( #4401, #4402, #4403, #4404 ) );
#2407 = AXIS2_PLACEMENT_3D( '', #4405, #4406, #4407 );
#2408 = SURFACE_SIDE_STYLE( '', ( #4408 ) );
#2409 = EDGE_LOOP( '', ( #4409, #4410, #4411, #4412 ) );
#2410 = AXIS2_PLACEMENT_3D( '', #4413, #4414, #4415 );
#2411 = SURFACE_SIDE_STYLE( '', ( #4416 ) );
#2412 = EDGE_LOOP( '', ( #4417, #4418, #4419, #4420 ) );
#2413 = AXIS2_PLACEMENT_3D( '', #4421, #4422, #4423 );
#2414 = SURFACE_SIDE_STYLE( '', ( #4424 ) );
#2415 = EDGE_LOOP( '', ( #4425, #4426, #4427, #4428 ) );
#2416 = AXIS2_PLACEMENT_3D( '', #4429, #4430, #4431 );
#2417 = SURFACE_SIDE_STYLE( '', ( #4432 ) );
#2418 = EDGE_LOOP( '', ( #4433, #4434, #4435, #4436, #4437, #4438, #4439, #4440 ) );
#2419 = AXIS2_PLACEMENT_3D( '', #4441, #4442, #4443 );
#2420 = SURFACE_SIDE_STYLE( '', ( #4444 ) );
#2421 = EDGE_LOOP( '', ( #4445, #4446, #4447, #4448 ) );
#2422 = AXIS2_PLACEMENT_3D( '', #4449, #4450, #4451 );
#2423 = SURFACE_SIDE_STYLE( '', ( #4452 ) );
#2424 = EDGE_LOOP( '', ( #4453, #4454, #4455, #4456 ) );
#2425 = EDGE_LOOP( '', ( #4457 ) );
#2426 = AXIS2_PLACEMENT_3D( '', #4458, #4459, #4460 );
#2427 = SURFACE_SIDE_STYLE( '', ( #4461 ) );
#2428 = EDGE_LOOP( '', ( #4462, #4463, #4464, #4465 ) );
#2429 = AXIS2_PLACEMENT_3D( '', #4466, #4467, #4468 );
#2430 = SURFACE_SIDE_STYLE( '', ( #4469 ) );
#2431 = EDGE_LOOP( '', ( #4470, #4471, #4472, #4473 ) );
#2432 = AXIS2_PLACEMENT_3D( '', #4474, #4475, #4476 );
#2433 = SURFACE_SIDE_STYLE( '', ( #4477 ) );
#2434 = EDGE_LOOP( '', ( #4478, #4479, #4480, #4481 ) );
#2435 = AXIS2_PLACEMENT_3D( '', #4482, #4483, #4484 );
#2436 = SURFACE_SIDE_STYLE( '', ( #4485 ) );
#2437 = EDGE_LOOP( '', ( #4486, #4487, #4488, #4489, #4490, #4491, #4492, #4493 ) );
#2438 = AXIS2_PLACEMENT_3D( '', #4494, #4495, #4496 );
#2439 = SURFACE_SIDE_STYLE( '', ( #4497 ) );
#2440 = EDGE_LOOP( '', ( #4498, #4499, #4500, #4501, #4502, #4503, #4504, #4505 ) );
#2441 = AXIS2_PLACEMENT_3D( '', #4506, #4507, #4508 );
#2442 = SURFACE_SIDE_STYLE( '', ( #4509 ) );
#2443 = EDGE_LOOP( '', ( #4510, #4511, #4512, #4513 ) );
#2444 = AXIS2_PLACEMENT_3D( '', #4514, #4515, #4516 );
#2445 = SURFACE_SIDE_STYLE( '', ( #4517 ) );
#2446 = EDGE_LOOP( '', ( #4518, #4519, #4520, #4521 ) );
#2447 = AXIS2_PLACEMENT_3D( '', #4522, #4523, #4524 );
#2448 = SURFACE_SIDE_STYLE( '', ( #4525 ) );
#2449 = EDGE_LOOP( '', ( #4526 ) );
#2450 = EDGE_LOOP( '', ( #4527 ) );
#2451 = AXIS2_PLACEMENT_3D( '', #4528, #4529, #4530 );
#2452 = SURFACE_SIDE_STYLE( '', ( #4531 ) );
#2453 = EDGE_LOOP( '', ( #4532, #4533, #4534, #4535 ) );
#2454 = AXIS2_PLACEMENT_3D( '', #4536, #4537, #4538 );
#2455 = SURFACE_SIDE_STYLE( '', ( #4539 ) );
#2456 = EDGE_LOOP( '', ( #4540, #4541, #4542, #4543 ) );
#2457 = AXIS2_PLACEMENT_3D( '', #4544, #4545, #4546 );
#2458 = SURFACE_SIDE_STYLE( '', ( #4547 ) );
#2459 = EDGE_LOOP( '', ( #4548, #4549, #4550, #4551 ) );
#2460 = AXIS2_PLACEMENT_3D( '', #4552, #4553, #4554 );
#2461 = SURFACE_SIDE_STYLE( '', ( #4555 ) );
#2462 = EDGE_LOOP( '', ( #4556, #4557, #4558, #4559 ) );
#2463 = AXIS2_PLACEMENT_3D( '', #4560, #4561, #4562 );
#2464 = SURFACE_SIDE_STYLE( '', ( #4563 ) );
#2465 = EDGE_LOOP( '', ( #4564, #4565, #4566, #4567, #4568, #4569 ) );
#2466 = AXIS2_PLACEMENT_3D( '', #4570, #4571, #4572 );
#2467 = SURFACE_SIDE_STYLE( '', ( #4573 ) );
#2468 = EDGE_LOOP( '', ( #4574, #4575, #4576, #4577, #4578 ) );
#2469 = AXIS2_PLACEMENT_3D( '', #4579, #4580, #4581 );
#2470 = SURFACE_SIDE_STYLE( '', ( #4582 ) );
#2471 = EDGE_LOOP( '', ( #4583, #4584, #4585, #4586 ) );
#2472 = AXIS2_PLACEMENT_3D( '', #4587, #4588, #4589 );
#2473 = SURFACE_SIDE_STYLE( '', ( #4590 ) );
#2474 = EDGE_LOOP( '', ( #4591, #4592, #4593, #4594 ) );
#2475 = AXIS2_PLACEMENT_3D( '', #4595, #4596, #4597 );
#2476 = SURFACE_SIDE_STYLE( '', ( #4598 ) );
#2477 = EDGE_LOOP( '', ( #4599, #4600, #4601, #4602 ) );
#2478 = AXIS2_PLACEMENT_3D( '', #4603, #4604, #4605 );
#2479 = SURFACE_SIDE_STYLE( '', ( #4606 ) );
#2480 = EDGE_LOOP( '', ( #4607 ) );
#2481 = EDGE_LOOP( '', ( #4608 ) );
#2482 = AXIS2_PLACEMENT_3D( '', #4609, #4610, #4611 );
#2483 = SURFACE_SIDE_STYLE( '', ( #4612 ) );
#2484 = EDGE_LOOP( '', ( #4613, #4614, #4615, #4616, #4617, #4618, #4619, #4620 ) );
#2485 = AXIS2_PLACEMENT_3D( '', #4621, #4622, #4623 );
#2486 = SURFACE_SIDE_STYLE( '', ( #4624 ) );
#2487 = EDGE_LOOP( '', ( #4625, #4626, #4627, #4628 ) );
#2488 = AXIS2_PLACEMENT_3D( '', #4629, #4630, #4631 );
#2489 = SURFACE_SIDE_STYLE( '', ( #4632 ) );
#2490 = EDGE_LOOP( '', ( #4633, #4634, #4635, #4636 ) );
#2491 = AXIS2_PLACEMENT_3D( '', #4637, #4638, #4639 );
#2492 = SURFACE_SIDE_STYLE( '', ( #4640 ) );
#2493 = EDGE_LOOP( '', ( #4641, #4642, #4643, #4644 ) );
#2494 = AXIS2_PLACEMENT_3D( '', #4645, #4646, #4647 );
#2495 = SURFACE_SIDE_STYLE( '', ( #4648 ) );
#2496 = EDGE_LOOP( '', ( #4649, #4650, #4651, #4652, #4653, #4654 ) );
#2497 = AXIS2_PLACEMENT_3D( '', #4655, #4656, #4657 );
#2498 = SURFACE_SIDE_STYLE( '', ( #4658 ) );
#2499 = EDGE_LOOP( '', ( #4659, #4660, #4661, #4662 ) );
#2500 = AXIS2_PLACEMENT_3D( '', #4663, #4664, #4665 );
#2501 = SURFACE_SIDE_STYLE( '', ( #4666 ) );
#2502 = EDGE_LOOP( '', ( #4667, #4668, #4669, #4670 ) );
#2503 = AXIS2_PLACEMENT_3D( '', #4671, #4672, #4673 );
#2504 = SURFACE_SIDE_STYLE( '', ( #4674 ) );
#2505 = EDGE_LOOP( '', ( #4675, #4676, #4677, #4678 ) );
#2506 = AXIS2_PLACEMENT_3D( '', #4679, #4680, #4681 );
#2507 = SURFACE_SIDE_STYLE( '', ( #4682 ) );
#2508 = EDGE_LOOP( '', ( #4683, #4684, #4685, #4686, #4687, #4688, #4689, #4690 ) );
#2509 = AXIS2_PLACEMENT_3D( '', #4691, #4692, #4693 );
#2510 = SURFACE_SIDE_STYLE( '', ( #4694 ) );
#2511 = EDGE_LOOP( '', ( #4695, #4696, #4697, #4698 ) );
#2512 = AXIS2_PLACEMENT_3D( '', #4699, #4700, #4701 );
#2513 = SURFACE_SIDE_STYLE( '', ( #4702 ) );
#2514 = EDGE_LOOP( '', ( #4703, #4704, #4705, #4706, #4707, #4708 ) );
#2515 = AXIS2_PLACEMENT_3D( '', #4709, #4710, #4711 );
#2516 = SURFACE_SIDE_STYLE( '', ( #4712 ) );
#2517 = EDGE_LOOP( '', ( #4713, #4714, #4715, #4716 ) );
#2518 = AXIS2_PLACEMENT_3D( '', #4717, #4718, #4719 );
#2519 = SURFACE_SIDE_STYLE( '', ( #4720 ) );
#2520 = EDGE_LOOP( '', ( #4721, #4722, #4723, #4724, #4725, #4726 ) );
#2521 = AXIS2_PLACEMENT_3D( '', #4727, #4728, #4729 );
#2522 = SURFACE_SIDE_STYLE( '', ( #4730 ) );
#2523 = EDGE_LOOP( '', ( #4731, #4732, #4733, #4734 ) );
#2524 = AXIS2_PLACEMENT_3D( '', #4735, #4736, #4737 );
#2525 = SURFACE_SIDE_STYLE( '', ( #4738 ) );
#2526 = EDGE_LOOP( '', ( #4739, #4740, #4741, #4742, #4743, #4744, #4745, #4746 ) );
#2527 = AXIS2_PLACEMENT_3D( '', #4747, #4748, #4749 );
#2528 = SURFACE_SIDE_STYLE( '', ( #4750 ) );
#2529 = EDGE_LOOP( '', ( #4751, #4752, #4753, #4754 ) );
#2530 = AXIS2_PLACEMENT_3D( '', #4755, #4756, #4757 );
#2531 = SURFACE_SIDE_STYLE( '', ( #4758 ) );
#2532 = EDGE_LOOP( '', ( #4759, #4760, #4761, #4762 ) );
#2533 = AXIS2_PLACEMENT_3D( '', #4763, #4764, #4765 );
#2534 = SURFACE_SIDE_STYLE( '', ( #4766 ) );
#2535 = EDGE_LOOP( '', ( #4767, #4768, #4769, #4770, #4771, #4772 ) );
#2536 = AXIS2_PLACEMENT_3D( '', #4773, #4774, #4775 );
#2537 = SURFACE_SIDE_STYLE( '', ( #4776 ) );
#2538 = EDGE_LOOP( '', ( #4777, #4778, #4779, #4780 ) );
#2539 = AXIS2_PLACEMENT_3D( '', #4781, #4782, #4783 );
#2540 = SURFACE_SIDE_STYLE( '', ( #4784 ) );
#2541 = EDGE_LOOP( '', ( #4785, #4786, #4787, #4788 ) );
#2542 = AXIS2_PLACEMENT_3D( '', #4789, #4790, #4791 );
#2543 = SURFACE_SIDE_STYLE( '', ( #4792 ) );
#2544 = EDGE_LOOP( '', ( #4793, #4794, #4795, #4796 ) );
#2545 = AXIS2_PLACEMENT_3D( '', #4797, #4798, #4799 );
#2546 = SURFACE_SIDE_STYLE( '', ( #4800 ) );
#2547 = EDGE_LOOP( '', ( #4801, #4802, #4803, #4804, #4805, #4806, #4807, #4808 ) );
#2548 = AXIS2_PLACEMENT_3D( '', #4809, #4810, #4811 );
#2549 = SURFACE_SIDE_STYLE( '', ( #4812 ) );
#2550 = EDGE_LOOP( '', ( #4813, #4814, #4815, #4816, #4817, #4818, #4819, #4820, #4821, #4822, #4823, #4824 ) );
#2551 = EDGE_LOOP( '', ( #4825 ) );
#2552 = AXIS2_PLACEMENT_3D( '', #4826, #4827, #4828 );
#2553 = SURFACE_SIDE_STYLE( '', ( #4829 ) );
#2554 = EDGE_LOOP( '', ( #4830, #4831, #4832, #4833, #4834, #4835, #4836, #4837 ) );
#2555 = AXIS2_PLACEMENT_3D( '', #4838, #4839, #4840 );
#2556 = SURFACE_SIDE_STYLE( '', ( #4841 ) );
#2557 = EDGE_LOOP( '', ( #4842, #4843, #4844, #4845, #4846, #4847, #4848, #4849, #4850, #4851, #4852, #4853, #4854, #4855, #4856, #4857, #4858, #4859 ) );
#2558 = EDGE_LOOP( '', ( #4860 ) );
#2559 = AXIS2_PLACEMENT_3D( '', #4861, #4862, #4863 );
#2560 = SURFACE_SIDE_STYLE( '', ( #4864 ) );
#2561 = EDGE_LOOP( '', ( #4865, #4866, #4867, #4868 ) );
#2562 = AXIS2_PLACEMENT_3D( '', #4869, #4870, #4871 );
#2563 = SURFACE_SIDE_STYLE( '', ( #4872 ) );
#2564 = EDGE_LOOP( '', ( #4873, #4874, #4875, #4876 ) );
#2565 = AXIS2_PLACEMENT_3D( '', #4877, #4878, #4879 );
#2566 = SURFACE_SIDE_STYLE( '', ( #4880 ) );
#2567 = EDGE_LOOP( '', ( #4881, #4882, #4883, #4884 ) );
#2568 = AXIS2_PLACEMENT_3D( '', #4885, #4886, #4887 );
#2569 = SURFACE_SIDE_STYLE( '', ( #4888 ) );
#2570 = EDGE_LOOP( '', ( #4889, #4890, #4891, #4892 ) );
#2571 = AXIS2_PLACEMENT_3D( '', #4893, #4894, #4895 );
#2572 = SURFACE_SIDE_STYLE( '', ( #4896 ) );
#2573 = EDGE_LOOP( '', ( #4897, #4898, #4899, #4900 ) );
#2574 = AXIS2_PLACEMENT_3D( '', #4901, #4902, #4903 );
#2575 = SURFACE_SIDE_STYLE( '', ( #4904 ) );
#2576 = EDGE_LOOP( '', ( #4905, #4906, #4907, #4908 ) );
#2577 = AXIS2_PLACEMENT_3D( '', #4909, #4910, #4911 );
#2578 = SURFACE_SIDE_STYLE( '', ( #4912 ) );
#2579 = EDGE_LOOP( '', ( #4913, #4914, #4915, #4916 ) );
#2580 = AXIS2_PLACEMENT_3D( '', #4917, #4918, #4919 );
#2581 = SURFACE_SIDE_STYLE( '', ( #4920 ) );
#2582 = EDGE_LOOP( '', ( #4921, #4922, #4923, #4924 ) );
#2583 = AXIS2_PLACEMENT_3D( '', #4925, #4926, #4927 );
#2584 = SURFACE_SIDE_STYLE( '', ( #4928 ) );
#2585 = EDGE_LOOP( '', ( #4929, #4930, #4931, #4932, #4933, #4934, #4935, #4936, #4937, #4938, #4939, #4940, #4941, #4942, #4943, #4944, #4945, #4946, #4947, #4948 ) );
#2586 = AXIS2_PLACEMENT_3D( '', #4949, #4950, #4951 );
#2587 = SURFACE_SIDE_STYLE( '', ( #4952 ) );
#2588 = EDGE_LOOP( '', ( #4953, #4954, #4955, #4956 ) );
#2589 = AXIS2_PLACEMENT_3D( '', #4957, #4958, #4959 );
#2590 = SURFACE_SIDE_STYLE( '', ( #4960 ) );
#2591 = EDGE_LOOP( '', ( #4961, #4962, #4963, #4964 ) );
#2592 = AXIS2_PLACEMENT_3D( '', #4965, #4966, #4967 );
#2593 = SURFACE_SIDE_STYLE( '', ( #4968 ) );
#2594 = EDGE_LOOP( '', ( #4969, #4970, #4971, #4972 ) );
#2595 = AXIS2_PLACEMENT_3D( '', #4973, #4974, #4975 );
#2596 = SURFACE_SIDE_STYLE( '', ( #4976 ) );
#2597 = EDGE_LOOP( '', ( #4977, #4978, #4979, #4980 ) );
#2598 = AXIS2_PLACEMENT_3D( '', #4981, #4982, #4983 );
#2599 = SURFACE_SIDE_STYLE( '', ( #4984 ) );
#2600 = EDGE_LOOP( '', ( #4985, #4986, #4987, #4988 ) );
#2601 = AXIS2_PLACEMENT_3D( '', #4989, #4990, #4991 );
#2602 = SURFACE_SIDE_STYLE( '', ( #4992 ) );
#2603 = EDGE_LOOP( '', ( #4993, #4994, #4995, #4996 ) );
#2604 = AXIS2_PLACEMENT_3D( '', #4997, #4998, #4999 );
#2605 = SURFACE_SIDE_STYLE( '', ( #5000 ) );
#2606 = EDGE_LOOP( '', ( #5001, #5002, #5003, #5004, #5005 ) );
#2607 = AXIS2_PLACEMENT_3D( '', #5006, #5007, #5008 );
#2608 = SURFACE_SIDE_STYLE( '', ( #5009 ) );
#2609 = EDGE_LOOP( '', ( #5010, #5011, #5012, #5013, #5014, #5015 ) );
#2610 = AXIS2_PLACEMENT_3D( '', #5016, #5017, #5018 );
#2611 = SURFACE_SIDE_STYLE( '', ( #5019 ) );
#2612 = EDGE_LOOP( '', ( #5020, #5021, #5022, #5023 ) );
#2613 = AXIS2_PLACEMENT_3D( '', #5024, #5025, #5026 );
#2614 = SURFACE_SIDE_STYLE( '', ( #5027 ) );
#2615 = EDGE_LOOP( '', ( #5028, #5029, #5030, #5031 ) );
#2616 = AXIS2_PLACEMENT_3D( '', #5032, #5033, #5034 );
#2617 = SURFACE_SIDE_STYLE( '', ( #5035 ) );
#2618 = EDGE_LOOP( '', ( #5036, #5037, #5038, #5039, #5040, #5041, #5042, #5043 ) );
#2619 = AXIS2_PLACEMENT_3D( '', #5044, #5045, #5046 );
#2620 = SURFACE_SIDE_STYLE( '', ( #5047 ) );
#2621 = EDGE_LOOP( '', ( #5048, #5049, #5050, #5051, #5052, #5053, #5054, #5055 ) );
#2622 = AXIS2_PLACEMENT_3D( '', #5056, #5057, #5058 );
#2623 = SURFACE_SIDE_STYLE( '', ( #5059 ) );
#2624 = EDGE_LOOP( '', ( #5060, #5061, #5062, #5063, #5064 ) );
#2625 = AXIS2_PLACEMENT_3D( '', #5065, #5066, #5067 );
#2626 = SURFACE_SIDE_STYLE( '', ( #5068 ) );
#2627 = EDGE_LOOP( '', ( #5069, #5070, #5071, #5072, #5073 ) );
#2628 = AXIS2_PLACEMENT_3D( '', #5074, #5075, #5076 );
#2629 = SURFACE_SIDE_STYLE( '', ( #5077 ) );
#2630 = EDGE_LOOP( '', ( #5078, #5079, #5080, #5081 ) );
#2631 = AXIS2_PLACEMENT_3D( '', #5082, #5083, #5084 );
#2632 = SURFACE_SIDE_STYLE( '', ( #5085 ) );
#2633 = EDGE_LOOP( '', ( #5086, #5087, #5088, #5089 ) );
#2634 = AXIS2_PLACEMENT_3D( '', #5090, #5091, #5092 );
#2635 = SURFACE_SIDE_STYLE( '', ( #5093 ) );
#2636 = EDGE_LOOP( '', ( #5094, #5095, #5096, #5097 ) );
#2637 = AXIS2_PLACEMENT_3D( '', #5098, #5099, #5100 );
#2638 = SURFACE_SIDE_STYLE( '', ( #5101 ) );
#2639 = EDGE_LOOP( '', ( #5102, #5103, #5104, #5105 ) );
#2640 = AXIS2_PLACEMENT_3D( '', #5106, #5107, #5108 );
#2641 = SURFACE_SIDE_STYLE( '', ( #5109 ) );
#2642 = EDGE_LOOP( '', ( #5110, #5111, #5112, #5113, #5114, #5115, #5116, #5117 ) );
#2643 = AXIS2_PLACEMENT_3D( '', #5118, #5119, #5120 );
#2644 = SURFACE_SIDE_STYLE( '', ( #5121 ) );
#2645 = EDGE_LOOP( '', ( #5122, #5123, #5124, #5125 ) );
#2646 = AXIS2_PLACEMENT_3D( '', #5126, #5127, #5128 );
#2647 = SURFACE_SIDE_STYLE( '', ( #5129 ) );
#2648 = EDGE_LOOP( '', ( #5130, #5131, #5132, #5133 ) );
#2649 = AXIS2_PLACEMENT_3D( '', #5134, #5135, #5136 );
#2650 = SURFACE_SIDE_STYLE( '', ( #5137 ) );
#2651 = EDGE_LOOP( '', ( #5138, #5139, #5140, #5141 ) );
#2652 = AXIS2_PLACEMENT_3D( '', #5142, #5143, #5144 );
#2653 = SURFACE_SIDE_STYLE( '', ( #5145 ) );
#2654 = EDGE_LOOP( '', ( #5146, #5147, #5148, #5149 ) );
#2655 = AXIS2_PLACEMENT_3D( '', #5150, #5151, #5152 );
#2656 = SURFACE_SIDE_STYLE( '', ( #5153 ) );
#2657 = EDGE_LOOP( '', ( #5154, #5155, #5156, #5157 ) );
#2658 = AXIS2_PLACEMENT_3D( '', #5158, #5159, #5160 );
#2659 = SURFACE_SIDE_STYLE( '', ( #5161 ) );
#2660 = EDGE_LOOP( '', ( #5162, #5163, #5164, #5165 ) );
#2661 = AXIS2_PLACEMENT_3D( '', #5166, #5167, #5168 );
#2662 = SURFACE_SIDE_STYLE( '', ( #5169 ) );
#2663 = EDGE_LOOP( '', ( #5170, #5171, #5172, #5173 ) );
#2664 = AXIS2_PLACEMENT_3D( '', #5174, #5175, #5176 );
#2665 = SURFACE_SIDE_STYLE( '', ( #5177 ) );
#2666 = EDGE_LOOP( '', ( #5178, #5179, #5180, #5181 ) );
#2667 = AXIS2_PLACEMENT_3D( '', #5182, #5183, #5184 );
#2668 = SURFACE_SIDE_STYLE( '', ( #5185 ) );
#2669 = EDGE_LOOP( '', ( #5186, #5187, #5188, #5189 ) );
#2670 = AXIS2_PLACEMENT_3D( '', #5190, #5191, #5192 );
#2671 = SURFACE_SIDE_STYLE( '', ( #5193 ) );
#2672 = EDGE_LOOP( '', ( #5194, #5195, #5196 ) );
#2673 = AXIS2_PLACEMENT_3D( '', #5197, #5198, #5199 );
#2674 = SURFACE_SIDE_STYLE( '', ( #5200 ) );
#2675 = EDGE_LOOP( '', ( #5201 ) );
#2676 = EDGE_LOOP( '', ( #5202 ) );
#2677 = AXIS2_PLACEMENT_3D( '', #5203, #5204, #5205 );
#2678 = SURFACE_SIDE_STYLE( '', ( #5206 ) );
#2679 = EDGE_LOOP( '', ( #5207, #5208, #5209, #5210 ) );
#2680 = AXIS2_PLACEMENT_3D( '', #5211, #5212, #5213 );
#2681 = SURFACE_SIDE_STYLE( '', ( #5214 ) );
#2682 = EDGE_LOOP( '', ( #5215 ) );
#2683 = AXIS2_PLACEMENT_3D( '', #5216, #5217, #5218 );
#2684 = SURFACE_SIDE_STYLE( '', ( #5219 ) );
#2685 = EDGE_LOOP( '', ( #5220, #5221, #5222, #5223 ) );
#2686 = AXIS2_PLACEMENT_3D( '', #5224, #5225, #5226 );
#2687 = SURFACE_SIDE_STYLE( '', ( #5227 ) );
#2688 = EDGE_LOOP( '', ( #5228, #5229, #5230, #5231 ) );
#2689 = AXIS2_PLACEMENT_3D( '', #5232, #5233, #5234 );
#2690 = SURFACE_SIDE_STYLE( '', ( #5235 ) );
#2691 = EDGE_LOOP( '', ( #5236, #5237, #5238, #5239 ) );
#2692 = AXIS2_PLACEMENT_3D( '', #5240, #5241, #5242 );
#2693 = SURFACE_SIDE_STYLE( '', ( #5243 ) );
#2694 = EDGE_LOOP( '', ( #5244, #5245, #5246, #5247 ) );
#2695 = AXIS2_PLACEMENT_3D( '', #5248, #5249, #5250 );
#2696 = SURFACE_SIDE_STYLE( '', ( #5251 ) );
#2697 = EDGE_LOOP( '', ( #5252, #5253, #5254, #5255, #5256, #5257, #5258, #5259 ) );
#2698 = AXIS2_PLACEMENT_3D( '', #5260, #5261, #5262 );
#2699 = SURFACE_SIDE_STYLE( '', ( #5263 ) );
#2700 = EDGE_LOOP( '', ( #5264 ) );
#2701 = EDGE_LOOP( '', ( #5265 ) );
#2702 = AXIS2_PLACEMENT_3D( '', #5266, #5267, #5268 );
#2703 = SURFACE_SIDE_STYLE( '', ( #5269 ) );
#2704 = EDGE_LOOP( '', ( #5270, #5271, #5272, #5273 ) );
#2705 = AXIS2_PLACEMENT_3D( '', #5274, #5275, #5276 );
#2706 = SURFACE_SIDE_STYLE( '', ( #5277 ) );
#2707 = EDGE_LOOP( '', ( #5278, #5279, #5280, #5281 ) );
#2708 = AXIS2_PLACEMENT_3D( '', #5282, #5283, #5284 );
#2709 = SURFACE_SIDE_STYLE( '', ( #5285 ) );
#2710 = EDGE_LOOP( '', ( #5286, #5287, #5288, #5289 ) );
#2711 = AXIS2_PLACEMENT_3D( '', #5290, #5291, #5292 );
#2712 = SURFACE_SIDE_STYLE( '', ( #5293 ) );
#2713 = EDGE_LOOP( '', ( #5294, #5295, #5296, #5297 ) );
#2714 = EDGE_LOOP( '', ( #5298 ) );
#2715 = AXIS2_PLACEMENT_3D( '', #5299, #5300, #5301 );
#2716 = SURFACE_SIDE_STYLE( '', ( #5302 ) );
#2717 = EDGE_LOOP( '', ( #5303, #5304, #5305, #5306, #5307 ) );
#2718 = AXIS2_PLACEMENT_3D( '', #5308, #5309, #5310 );
#2719 = SURFACE_SIDE_STYLE( '', ( #5311 ) );
#2720 = EDGE_LOOP( '', ( #5312, #5313, #5314, #5315 ) );
#2721 = AXIS2_PLACEMENT_3D( '', #5316, #5317, #5318 );
#2722 = SURFACE_SIDE_STYLE( '', ( #5319 ) );
#2723 = EDGE_LOOP( '', ( #5320, #5321, #5322, #5323 ) );
#2724 = AXIS2_PLACEMENT_3D( '', #5324, #5325, #5326 );
#2725 = SURFACE_SIDE_STYLE( '', ( #5327 ) );
#2726 = EDGE_LOOP( '', ( #5328, #5329, #5330, #5331 ) );
#2727 = AXIS2_PLACEMENT_3D( '', #5332, #5333, #5334 );
#2728 = SURFACE_SIDE_STYLE( '', ( #5335 ) );
#2729 = EDGE_LOOP( '', ( #5336 ) );
#2730 = AXIS2_PLACEMENT_3D( '', #5337, #5338, #5339 );
#2731 = SURFACE_SIDE_STYLE( '', ( #5340 ) );
#2732 = EDGE_LOOP( '', ( #5341, #5342, #5343, #5344 ) );
#2733 = AXIS2_PLACEMENT_3D( '', #5345, #5346, #5347 );
#2734 = SURFACE_SIDE_STYLE( '', ( #5348 ) );
#2735 = EDGE_LOOP( '', ( #5349, #5350, #5351, #5352 ) );
#2736 = AXIS2_PLACEMENT_3D( '', #5353, #5354, #5355 );
#2737 = SURFACE_SIDE_STYLE( '', ( #5356 ) );
#2738 = EDGE_LOOP( '', ( #5357, #5358, #5359, #5360 ) );
#2739 = AXIS2_PLACEMENT_3D( '', #5361, #5362, #5363 );
#2740 = SURFACE_SIDE_STYLE( '', ( #5364 ) );
#2741 = EDGE_LOOP( '', ( #5365, #5366, #5367, #5368 ) );
#2742 = AXIS2_PLACEMENT_3D( '', #5369, #5370, #5371 );
#2743 = SURFACE_SIDE_STYLE( '', ( #5372 ) );
#2744 = EDGE_LOOP( '', ( #5373, #5374, #5375, #5376 ) );
#2745 = AXIS2_PLACEMENT_3D( '', #5377, #5378, #5379 );
#2746 = SURFACE_SIDE_STYLE( '', ( #5380 ) );
#2747 = EDGE_LOOP( '', ( #5381, #5382, #5383, #5384 ) );
#2748 = AXIS2_PLACEMENT_3D( '', #5385, #5386, #5387 );
#2749 = SURFACE_SIDE_STYLE( '', ( #5388 ) );
#2750 = EDGE_LOOP( '', ( #5389, #5390, #5391, #5392 ) );
#2751 = AXIS2_PLACEMENT_3D( '', #5393, #5394, #5395 );
#2752 = SURFACE_SIDE_STYLE( '', ( #5396 ) );
#2753 = EDGE_LOOP( '', ( #5397, #5398, #5399, #5400 ) );
#2754 = AXIS2_PLACEMENT_3D( '', #5401, #5402, #5403 );
#2755 = SURFACE_SIDE_STYLE( '', ( #5404 ) );
#2756 = EDGE_LOOP( '', ( #5405, #5406, #5407, #5408 ) );
#2757 = AXIS2_PLACEMENT_3D( '', #5409, #5410, #5411 );
#2758 = SURFACE_SIDE_STYLE( '', ( #5412 ) );
#2759 = EDGE_LOOP( '', ( #5413, #5414, #5415, #5416, #5417, #5418, #5419, #5420 ) );
#2760 = AXIS2_PLACEMENT_3D( '', #5421, #5422, #5423 );
#2761 = SURFACE_SIDE_STYLE( '', ( #5424 ) );
#2762 = EDGE_LOOP( '', ( #5425, #5426, #5427, #5428 ) );
#2763 = AXIS2_PLACEMENT_3D( '', #5429, #5430, #5431 );
#2764 = SURFACE_SIDE_STYLE( '', ( #5432 ) );
#2765 = EDGE_LOOP( '', ( #5433, #5434, #5435, #5436, #5437, #5438, #5439, #5440 ) );
#2766 = AXIS2_PLACEMENT_3D( '', #5441, #5442, #5443 );
#2767 = SURFACE_SIDE_STYLE( '', ( #5444 ) );
#2768 = EDGE_LOOP( '', ( #5445, #5446, #5447, #5448, #5449, #5450, #5451, #5452, #5453, #5454, #5455, #5456, #5457, #5458, #5459, #5460, #5461, #5462, #5463, #5464, #5465, #5466, #5467, #5468, #5469, #5470 ) );
#2769 = EDGE_LOOP( '', ( #5471, #5472, #5473, #5474, #5475, #5476, #5477, #5478, #5479, #5480, #5481, #5482 ) );
#2770 = EDGE_LOOP( '', ( #5483, #5484, #5485, #5486, #5487, #5488, #5489, #5490, #5491, #5492, #5493, #5494 ) );
#2771 = AXIS2_PLACEMENT_3D( '', #5495, #5496, #5497 );
#2772 = SURFACE_SIDE_STYLE( '', ( #5498 ) );
#2773 = EDGE_LOOP( '', ( #5499, #5500, #5501, #5502 ) );
#2774 = AXIS2_PLACEMENT_3D( '', #5503, #5504, #5505 );
#2775 = SURFACE_SIDE_STYLE( '', ( #5506 ) );
#2776 = EDGE_LOOP( '', ( #5507, #5508, #5509, #5510 ) );
#2777 = AXIS2_PLACEMENT_3D( '', #5511, #5512, #5513 );
#2778 = SURFACE_SIDE_STYLE( '', ( #5514 ) );
#2779 = EDGE_LOOP( '', ( #5515, #5516, #5517, #5518 ) );
#2780 = AXIS2_PLACEMENT_3D( '', #5519, #5520, #5521 );
#2781 = SURFACE_SIDE_STYLE( '', ( #5522 ) );
#2782 = EDGE_LOOP( '', ( #5523, #5524, #5525, #5526 ) );
#2783 = AXIS2_PLACEMENT_3D( '', #5527, #5528, #5529 );
#2784 = SURFACE_SIDE_STYLE( '', ( #5530 ) );
#2785 = EDGE_LOOP( '', ( #5531, #5532, #5533, #5534 ) );
#2786 = AXIS2_PLACEMENT_3D( '', #5535, #5536, #5537 );
#2787 = SURFACE_SIDE_STYLE( '', ( #5538 ) );
#2788 = EDGE_LOOP( '', ( #5539, #5540, #5541, #5542, #5543, #5544, #5545, #5546 ) );
#2789 = AXIS2_PLACEMENT_3D( '', #5547, #5548, #5549 );
#2790 = SURFACE_SIDE_STYLE( '', ( #5550 ) );
#2791 = EDGE_LOOP( '', ( #5551, #5552, #5553, #5554, #5555, #5556 ) );
#2792 = AXIS2_PLACEMENT_3D( '', #5557, #5558, #5559 );
#2793 = SURFACE_SIDE_STYLE( '', ( #5560 ) );
#2794 = EDGE_LOOP( '', ( #5561, #5562, #5563, #5564, #5565 ) );
#2795 = AXIS2_PLACEMENT_3D( '', #5566, #5567, #5568 );
#2796 = SURFACE_SIDE_STYLE( '', ( #5569 ) );
#2797 = EDGE_LOOP( '', ( #5570, #5571, #5572, #5573 ) );
#2798 = AXIS2_PLACEMENT_3D( '', #5574, #5575, #5576 );
#2799 = SURFACE_SIDE_STYLE( '', ( #5577 ) );
#2800 = EDGE_LOOP( '', ( #5578, #5579, #5580, #5581 ) );
#2801 = AXIS2_PLACEMENT_3D( '', #5582, #5583, #5584 );
#2802 = SURFACE_SIDE_STYLE( '', ( #5585 ) );
#2803 = EDGE_LOOP( '', ( #5586, #5587, #5588, #5589 ) );
#2804 = AXIS2_PLACEMENT_3D( '', #5590, #5591, #5592 );
#2805 = SURFACE_SIDE_STYLE( '', ( #5593 ) );
#2806 = EDGE_LOOP( '', ( #5594, #5595, #5596, #5597 ) );
#2807 = AXIS2_PLACEMENT_3D( '', #5598, #5599, #5600 );
#2808 = SURFACE_SIDE_STYLE( '', ( #5601 ) );
#2809 = EDGE_LOOP( '', ( #5602 ) );
#2810 = AXIS2_PLACEMENT_3D( '', #5603, #5604, #5605 );
#2811 = SURFACE_SIDE_STYLE( '', ( #5606 ) );
#2812 = EDGE_LOOP( '', ( #5607, #5608, #5609, #5610 ) );
#2813 = EDGE_LOOP( '', ( #5611, #5612, #5613, #5614, #5615, #5616, #5617, #5618, #5619, #5620, #5621, #5622, #5623, #5624, #5625, #5626, #5627, #5628, #5629, #5630 ) );
#2814 = EDGE_LOOP( '', ( #5631, #5632, #5633, #5634, #5635, #5636, #5637, #5638, #5639, #5640, #5641, #5642 ) );
#2815 = EDGE_LOOP( '', ( #5643, #5644, #5645, #5646, #5647, #5648, #5649, #5650, #5651, #5652, #5653, #5654 ) );
#2816 = AXIS2_PLACEMENT_3D( '', #5655, #5656, #5657 );
#2817 = SURFACE_SIDE_STYLE( '', ( #5658 ) );
#2818 = EDGE_LOOP( '', ( #5659, #5660, #5661, #5662, #5663, #5664 ) );
#2819 = AXIS2_PLACEMENT_3D( '', #5665, #5666, #5667 );
#2820 = SURFACE_SIDE_STYLE( '', ( #5668 ) );
#2821 = EDGE_LOOP( '', ( #5669, #5670, #5671, #5672, #5673, #5674, #5675, #5676 ) );
#2822 = AXIS2_PLACEMENT_3D( '', #5677, #5678, #5679 );
#2823 = SURFACE_SIDE_STYLE( '', ( #5680 ) );
#2824 = EDGE_LOOP( '', ( #5681, #5682, #5683, #5684 ) );
#2825 = AXIS2_PLACEMENT_3D( '', #5685, #5686, #5687 );
#2826 = SURFACE_SIDE_STYLE( '', ( #5688 ) );
#2827 = EDGE_LOOP( '', ( #5689, #5690, #5691, #5692, #5693, #5694 ) );
#2828 = AXIS2_PLACEMENT_3D( '', #5695, #5696, #5697 );
#2829 = SURFACE_SIDE_STYLE( '', ( #5698 ) );
#2830 = EDGE_LOOP( '', ( #5699, #5700, #5701, #5702 ) );
#2831 = AXIS2_PLACEMENT_3D( '', #5703, #5704, #5705 );
#2832 = SURFACE_SIDE_STYLE( '', ( #5706 ) );
#2833 = EDGE_LOOP( '', ( #5707, #5708, #5709, #5710 ) );
#2834 = AXIS2_PLACEMENT_3D( '', #5711, #5712, #5713 );
#2835 = SURFACE_SIDE_STYLE( '', ( #5714 ) );
#2836 = EDGE_LOOP( '', ( #5715, #5716, #5717, #5718 ) );
#2837 = AXIS2_PLACEMENT_3D( '', #5719, #5720, #5721 );
#2838 = SURFACE_SIDE_STYLE( '', ( #5722 ) );
#2839 = EDGE_LOOP( '', ( #5723, #5724, #5725, #5726 ) );
#2840 = AXIS2_PLACEMENT_3D( '', #5727, #5728, #5729 );
#2841 = SURFACE_SIDE_STYLE( '', ( #5730 ) );
#2842 = EDGE_LOOP( '', ( #5731, #5732, #5733, #5734 ) );
#2843 = AXIS2_PLACEMENT_3D( '', #5735, #5736, #5737 );
#2844 = SURFACE_SIDE_STYLE( '', ( #5738 ) );
#2845 = EDGE_LOOP( '', ( #5739, #5740, #5741, #5742 ) );
#2846 = AXIS2_PLACEMENT_3D( '', #5743, #5744, #5745 );
#2847 = SURFACE_SIDE_STYLE( '', ( #5746 ) );
#2848 = EDGE_LOOP( '', ( #5747, #5748, #5749, #5750 ) );
#2849 = AXIS2_PLACEMENT_3D( '', #5751, #5752, #5753 );
#2850 = SURFACE_SIDE_STYLE( '', ( #5754 ) );
#2851 = EDGE_LOOP( '', ( #5755, #5756, #5757 ) );
#2852 = AXIS2_PLACEMENT_3D( '', #5758, #5759, #5760 );
#2853 = SURFACE_SIDE_STYLE( '', ( #5761 ) );
#2854 = EDGE_LOOP( '', ( #5762, #5763, #5764, #5765 ) );
#2855 = AXIS2_PLACEMENT_3D( '', #5766, #5767, #5768 );
#2856 = SURFACE_SIDE_STYLE( '', ( #5769 ) );
#2857 = EDGE_LOOP( '', ( #5770, #5771, #5772, #5773 ) );
#2858 = AXIS2_PLACEMENT_3D( '', #5774, #5775, #5776 );
#2859 = SURFACE_SIDE_STYLE( '', ( #5777 ) );
#2860 = EDGE_LOOP( '', ( #5778, #5779, #5780, #5781 ) );
#2861 = AXIS2_PLACEMENT_3D( '', #5782, #5783, #5784 );
#2862 = SURFACE_SIDE_STYLE( '', ( #5785 ) );
#2863 = EDGE_LOOP( '', ( #5786 ) );
#2864 = EDGE_LOOP( '', ( #5787 ) );
#2865 = AXIS2_PLACEMENT_3D( '', #5788, #5789, #5790 );
#2866 = SURFACE_SIDE_STYLE( '', ( #5791 ) );
#2867 = EDGE_LOOP( '', ( #5792, #5793, #5794, #5795 ) );
#2868 = AXIS2_PLACEMENT_3D( '', #5796, #5797, #5798 );
#2869 = SURFACE_SIDE_STYLE( '', ( #5799 ) );
#2870 = EDGE_LOOP( '', ( #5800, #5801, #5802, #5803 ) );
#2871 = AXIS2_PLACEMENT_3D( '', #5804, #5805, #5806 );
#2872 = SURFACE_SIDE_STYLE( '', ( #5807 ) );
#2873 = EDGE_LOOP( '', ( #5808, #5809, #5810, #5811 ) );
#2874 = AXIS2_PLACEMENT_3D( '', #5812, #5813, #5814 );
#2875 = SURFACE_SIDE_STYLE( '', ( #5815 ) );
#2876 = EDGE_LOOP( '', ( #5816, #5817, #5818, #5819 ) );
#2877 = AXIS2_PLACEMENT_3D( '', #5820, #5821, #5822 );
#2878 = SURFACE_SIDE_STYLE( '', ( #5823 ) );
#2879 = EDGE_LOOP( '', ( #5824, #5825, #5826, #5827, #5828, #5829, #5830, #5831 ) );
#2880 = AXIS2_PLACEMENT_3D( '', #5832, #5833, #5834 );
#2881 = SURFACE_SIDE_STYLE( '', ( #5835 ) );
#2882 = EDGE_LOOP( '', ( #5836, #5837, #5838, #5839 ) );
#2883 = AXIS2_PLACEMENT_3D( '', #5840, #5841, #5842 );
#2884 = SURFACE_SIDE_STYLE( '', ( #5843 ) );
#2885 = EDGE_LOOP( '', ( #5844, #5845, #5846, #5847 ) );
#2886 = AXIS2_PLACEMENT_3D( '', #5848, #5849, #5850 );
#2887 = SURFACE_SIDE_STYLE( '', ( #5851 ) );
#2888 = EDGE_LOOP( '', ( #5852, #5853, #5854, #5855 ) );
#2889 = AXIS2_PLACEMENT_3D( '', #5856, #5857, #5858 );
#2890 = SURFACE_SIDE_STYLE( '', ( #5859 ) );
#2891 = EDGE_LOOP( '', ( #5860, #5861, #5862, #5863, #5864, #5865 ) );
#2892 = AXIS2_PLACEMENT_3D( '', #5866, #5867, #5868 );
#2893 = SURFACE_SIDE_STYLE( '', ( #5869 ) );
#2894 = EDGE_LOOP( '', ( #5870, #5871, #5872, #5873 ) );
#2895 = AXIS2_PLACEMENT_3D( '', #5874, #5875, #5876 );
#2896 = SURFACE_SIDE_STYLE( '', ( #5877 ) );
#2897 = EDGE_LOOP( '', ( #5878, #5879, #5880, #5881 ) );
#2898 = AXIS2_PLACEMENT_3D( '', #5882, #5883, #5884 );
#2899 = SURFACE_SIDE_STYLE( '', ( #5885 ) );
#2900 = EDGE_LOOP( '', ( #5886, #5887, #5888, #5889, #5890, #5891 ) );
#2901 = AXIS2_PLACEMENT_3D( '', #5892, #5893, #5894 );
#2902 = SURFACE_SIDE_STYLE( '', ( #5895 ) );
#2903 = EDGE_LOOP( '', ( #5896, #5897, #5898, #5899, #5900, #5901, #5902, #5903 ) );
#2904 = AXIS2_PLACEMENT_3D( '', #5904, #5905, #5906 );
#2905 = SURFACE_SIDE_STYLE( '', ( #5907 ) );
#2906 = EDGE_LOOP( '', ( #5908, #5909, #5910, #5911 ) );
#2907 = AXIS2_PLACEMENT_3D( '', #5912, #5913, #5914 );
#2908 = SURFACE_SIDE_STYLE( '', ( #5915 ) );
#2909 = EDGE_LOOP( '', ( #5916, #5917, #5918 ) );
#2910 = AXIS2_PLACEMENT_3D( '', #5919, #5920, #5921 );
#2911 = SURFACE_SIDE_STYLE( '', ( #5922 ) );
#2912 = EDGE_LOOP( '', ( #5923, #5924, #5925, #5926 ) );
#2913 = AXIS2_PLACEMENT_3D( '', #5927, #5928, #5929 );
#2914 = SURFACE_SIDE_STYLE( '', ( #5930 ) );
#2915 = EDGE_LOOP( '', ( #5931, #5932, #5933, #5934 ) );
#2916 = AXIS2_PLACEMENT_3D( '', #5935, #5936, #5937 );
#2917 = SURFACE_SIDE_STYLE( '', ( #5938 ) );
#2918 = EDGE_LOOP( '', ( #5939, #5940, #5941, #5942 ) );
#2919 = AXIS2_PLACEMENT_3D( '', #5943, #5944, #5945 );
#2920 = SURFACE_SIDE_STYLE( '', ( #5946 ) );
#2921 = EDGE_LOOP( '', ( #5947, #5948, #5949, #5950 ) );
#2922 = AXIS2_PLACEMENT_3D( '', #5951, #5952, #5953 );
#2923 = SURFACE_SIDE_STYLE( '', ( #5954 ) );
#2924 = EDGE_LOOP( '', ( #5955, #5956, #5957, #5958 ) );
#2925 = AXIS2_PLACEMENT_3D( '', #5959, #5960, #5961 );
#2926 = SURFACE_SIDE_STYLE( '', ( #5962 ) );
#2927 = EDGE_LOOP( '', ( #5963, #5964, #5965, #5966 ) );
#2928 = AXIS2_PLACEMENT_3D( '', #5967, #5968, #5969 );
#2929 = SURFACE_SIDE_STYLE( '', ( #5970 ) );
#2930 = EDGE_LOOP( '', ( #5971, #5972, #5973, #5974, #5975, #5976, #5977, #5978 ) );
#2931 = AXIS2_PLACEMENT_3D( '', #5979, #5980, #5981 );
#2932 = SURFACE_SIDE_STYLE( '', ( #5982 ) );
#2933 = EDGE_LOOP( '', ( #5983, #5984, #5985, #5986 ) );
#2934 = AXIS2_PLACEMENT_3D( '', #5987, #5988, #5989 );
#2935 = SURFACE_SIDE_STYLE( '', ( #5990 ) );
#2936 = EDGE_LOOP( '', ( #5991, #5992, #5993, #5994 ) );
#2937 = AXIS2_PLACEMENT_3D( '', #5995, #5996, #5997 );
#2938 = SURFACE_SIDE_STYLE( '', ( #5998 ) );
#2939 = EDGE_LOOP( '', ( #5999, #6000, #6001, #6002 ) );
#2940 = AXIS2_PLACEMENT_3D( '', #6003, #6004, #6005 );
#2941 = SURFACE_SIDE_STYLE( '', ( #6006 ) );
#2942 = EDGE_LOOP( '', ( #6007, #6008, #6009, #6010 ) );
#2943 = AXIS2_PLACEMENT_3D( '', #6011, #6012, #6013 );
#2944 = SURFACE_SIDE_STYLE( '', ( #6014 ) );
#2945 = EDGE_LOOP( '', ( #6015, #6016, #6017, #6018 ) );
#2946 = AXIS2_PLACEMENT_3D( '', #6019, #6020, #6021 );
#2947 = SURFACE_SIDE_STYLE( '', ( #6022 ) );
#2948 = EDGE_LOOP( '', ( #6023, #6024, #6025, #6026, #6027 ) );
#2949 = AXIS2_PLACEMENT_3D( '', #6028, #6029, #6030 );
#2950 = SURFACE_SIDE_STYLE( '', ( #6031 ) );
#2951 = EDGE_LOOP( '', ( #6032, #6033, #6034, #6035, #6036, #6037 ) );
#2952 = AXIS2_PLACEMENT_3D( '', #6038, #6039, #6040 );
#2953 = SURFACE_SIDE_STYLE( '', ( #6041 ) );
#2954 = EDGE_LOOP( '', ( #6042, #6043, #6044, #6045 ) );
#2955 = AXIS2_PLACEMENT_3D( '', #6046, #6047, #6048 );
#2956 = SURFACE_SIDE_STYLE( '', ( #6049 ) );
#2957 = EDGE_LOOP( '', ( #6050, #6051, #6052, #6053, #6054, #6055 ) );
#2958 = AXIS2_PLACEMENT_3D( '', #6056, #6057, #6058 );
#2959 = SURFACE_SIDE_STYLE( '', ( #6059 ) );
#2960 = EDGE_LOOP( '', ( #6060, #6061, #6062, #6063 ) );
#2961 = AXIS2_PLACEMENT_3D( '', #6064, #6065, #6066 );
#2962 = SURFACE_SIDE_STYLE( '', ( #6067 ) );
#2963 = EDGE_LOOP( '', ( #6068, #6069, #6070, #6071 ) );
#2964 = AXIS2_PLACEMENT_3D( '', #6072, #6073, #6074 );
#2965 = SURFACE_SIDE_STYLE( '', ( #6075 ) );
#2966 = EDGE_LOOP( '', ( #6076 ) );
#2967 = AXIS2_PLACEMENT_3D( '', #6077, #6078, #6079 );
#2968 = SURFACE_SIDE_STYLE( '', ( #6080 ) );
#2969 = EDGE_LOOP( '', ( #6081, #6082, #6083, #6084 ) );
#2970 = AXIS2_PLACEMENT_3D( '', #6085, #6086, #6087 );
#2971 = SURFACE_SIDE_STYLE( '', ( #6088 ) );
#2972 = EDGE_LOOP( '', ( #6089, #6090, #6091 ) );
#2973 = AXIS2_PLACEMENT_3D( '', #6092, #6093, #6094 );
#2974 = SURFACE_SIDE_STYLE( '', ( #6095 ) );
#2975 = EDGE_LOOP( '', ( #6096, #6097, #6098, #6099 ) );
#2976 = AXIS2_PLACEMENT_3D( '', #6100, #6101, #6102 );
#2977 = SURFACE_SIDE_STYLE( '', ( #6103 ) );
#2978 = EDGE_LOOP( '', ( #6104, #6105, #6106, #6107, #6108, #6109 ) );
#2979 = AXIS2_PLACEMENT_3D( '', #6110, #6111, #6112 );
#2980 = SURFACE_SIDE_STYLE( '', ( #6113 ) );
#2981 = EDGE_LOOP( '', ( #6114, #6115, #6116, #6117, #6118, #6119, #6120, #6121, #6122, #6123, #6124, #6125, #6126, #6127, #6128, #6129, #6130, #6131, #6132, #6133 ) );
#2982 = AXIS2_PLACEMENT_3D( '', #6134, #6135, #6136 );
#2983 = SURFACE_SIDE_STYLE( '', ( #6137 ) );
#2984 = EDGE_LOOP( '', ( #6138, #6139, #6140, #6141, #6142 ) );
#2985 = AXIS2_PLACEMENT_3D( '', #6143, #6144, #6145 );
#2986 = SURFACE_SIDE_STYLE( '', ( #6146 ) );
#2987 = EDGE_LOOP( '', ( #6147, #6148, #6149, #6150 ) );
#2988 = AXIS2_PLACEMENT_3D( '', #6151, #6152, #6153 );
#2989 = SURFACE_SIDE_STYLE( '', ( #6154 ) );
#2990 = EDGE_LOOP( '', ( #6155, #6156, #6157, #6158, #6159, #6160, #6161, #6162, #6163, #6164, #6165, #6166, #6167, #6168, #6169, #6170, #6171, #6172, #6173, #6174, #6175, #6176, #6177, #6178, #6179, #6180 ) );
#2991 = EDGE_LOOP( '', ( #6181, #6182, #6183, #6184 ) );
#2992 = EDGE_LOOP( '', ( #6185, #6186, #6187, #6188 ) );
#2993 = AXIS2_PLACEMENT_3D( '', #6189, #6190, #6191 );
#2994 = SURFACE_SIDE_STYLE( '', ( #6192 ) );
#2995 = EDGE_LOOP( '', ( #6193, #6194, #6195, #6196 ) );
#2996 = AXIS2_PLACEMENT_3D( '', #6197, #6198, #6199 );
#2997 = SURFACE_SIDE_STYLE( '', ( #6200 ) );
#2998 = EDGE_LOOP( '', ( #6201, #6202, #6203, #6204 ) );
#2999 = AXIS2_PLACEMENT_3D( '', #6205, #6206, #6207 );
#3000 = SURFACE_SIDE_STYLE( '', ( #6208 ) );
#3001 = EDGE_LOOP( '', ( #6209, #6210, #6211, #6212 ) );
#3002 = AXIS2_PLACEMENT_3D( '', #6213, #6214, #6215 );
#3003 = SURFACE_SIDE_STYLE( '', ( #6216 ) );
#3004 = EDGE_LOOP( '', ( #6217, #6218, #6219, #6220 ) );
#3005 = AXIS2_PLACEMENT_3D( '', #6221, #6222, #6223 );
#3006 = SURFACE_SIDE_STYLE( '', ( #6224 ) );
#3007 = EDGE_LOOP( '', ( #6225, #6226, #6227, #6228 ) );
#3008 = AXIS2_PLACEMENT_3D( '', #6229, #6230, #6231 );
#3009 = SURFACE_SIDE_STYLE( '', ( #6232 ) );
#3010 = EDGE_LOOP( '', ( #6233, #6234, #6235, #6236, #6237, #6238 ) );
#3011 = AXIS2_PLACEMENT_3D( '', #6239, #6240, #6241 );
#3012 = SURFACE_SIDE_STYLE( '', ( #6242 ) );
#3013 = EDGE_LOOP( '', ( #6243, #6244, #6245, #6246 ) );
#3014 = AXIS2_PLACEMENT_3D( '', #6247, #6248, #6249 );
#3015 = SURFACE_SIDE_STYLE( '', ( #6250 ) );
#3016 = EDGE_LOOP( '', ( #6251, #6252, #6253, #6254, #6255, #6256, #6257, #6258 ) );
#3017 = AXIS2_PLACEMENT_3D( '', #6259, #6260, #6261 );
#3018 = SURFACE_SIDE_STYLE( '', ( #6262 ) );
#3019 = EDGE_LOOP( '', ( #6263, #6264, #6265, #6266 ) );
#3020 = AXIS2_PLACEMENT_3D( '', #6267, #6268, #6269 );
#3021 = SURFACE_SIDE_STYLE( '', ( #6270 ) );
#3022 = EDGE_LOOP( '', ( #6271, #6272, #6273, #6274 ) );
#3023 = AXIS2_PLACEMENT_3D( '', #6275, #6276, #6277 );
#3024 = SURFACE_SIDE_STYLE( '', ( #6278 ) );
#3025 = EDGE_LOOP( '', ( #6279, #6280, #6281, #6282 ) );
#3026 = AXIS2_PLACEMENT_3D( '', #6283, #6284, #6285 );
#3027 = SURFACE_SIDE_STYLE( '', ( #6286 ) );
#3028 = EDGE_LOOP( '', ( #6287, #6288, #6289, #6290 ) );
#3029 = AXIS2_PLACEMENT_3D( '', #6291, #6292, #6293 );
#3030 = SURFACE_SIDE_STYLE( '', ( #6294 ) );
#3031 = EDGE_LOOP( '', ( #6295, #6296, #6297, #6298, #6299, #6300, #6301, #6302 ) );
#3032 = AXIS2_PLACEMENT_3D( '', #6303, #6304, #6305 );
#3033 = SURFACE_SIDE_STYLE( '', ( #6306 ) );
#3034 = EDGE_LOOP( '', ( #6307, #6308, #6309 ) );
#3035 = AXIS2_PLACEMENT_3D( '', #6310, #6311, #6312 );
#3036 = SURFACE_SIDE_STYLE( '', ( #6313 ) );
#3037 = EDGE_LOOP( '', ( #6314, #6315, #6316, #6317 ) );
#3038 = AXIS2_PLACEMENT_3D( '', #6318, #6319, #6320 );
#3039 = SURFACE_SIDE_STYLE( '', ( #6321 ) );
#3040 = EDGE_LOOP( '', ( #6322, #6323, #6324, #6325 ) );
#3041 = AXIS2_PLACEMENT_3D( '', #6326, #6327, #6328 );
#3042 = SURFACE_SIDE_STYLE( '', ( #6329 ) );
#3043 = EDGE_LOOP( '', ( #6330, #6331, #6332, #6333 ) );
#3044 = AXIS2_PLACEMENT_3D( '', #6334, #6335, #6336 );
#3045 = SURFACE_SIDE_STYLE( '', ( #6337 ) );
#3046 = EDGE_LOOP( '', ( #6338, #6339, #6340, #6341, #6342, #6343, #6344, #6345 ) );
#3047 = AXIS2_PLACEMENT_3D( '', #6346, #6347, #6348 );
#3048 = SURFACE_SIDE_STYLE( '', ( #6349 ) );
#3049 = EDGE_LOOP( '', ( #6350, #6351, #6352, #6353, #6354, #6355, #6356, #6357, #6358, #6359 ) );
#3050 = EDGE_LOOP( '', ( #6360, #6361, #6362, #6363, #6364, #6365, #6366, #6367, #6368, #6369, #6370, #6371 ) );
#3051 = AXIS2_PLACEMENT_3D( '', #6372, #6373, #6374 );
#3052 = SURFACE_SIDE_STYLE( '', ( #6375 ) );
#3053 = EDGE_LOOP( '', ( #6376, #6377, #6378, #6379, #6380, #6381 ) );
#3054 = AXIS2_PLACEMENT_3D( '', #6382, #6383, #6384 );
#3055 = SURFACE_SIDE_STYLE( '', ( #6385 ) );
#3056 = EDGE_LOOP( '', ( #6386, #6387, #6388, #6389, #6390, #6391, #6392, #6393, #6394, #6395, #6396, #6397, #6398, #6399, #6400, #6401, #6402, #6403, #6404, #6405, #6406, #6407, #6408, #6409, #6410, #6411 ) );
#3057 = EDGE_LOOP( '', ( #6412, #6413, #6414, #6415, #6416, #6417, #6418, #6419, #6420, #6421, #6422, #6423 ) );
#3058 = EDGE_LOOP( '', ( #6424, #6425, #6426, #6427, #6428, #6429, #6430, #6431, #6432, #6433, #6434, #6435 ) );
#3059 = AXIS2_PLACEMENT_3D( '', #6436, #6437, #6438 );
#3060 = SURFACE_SIDE_STYLE( '', ( #6439 ) );
#3061 = EDGE_LOOP( '', ( #6440 ) );
#3062 = EDGE_LOOP( '', ( #6441 ) );
#3065 = CARTESIAN_POINT( '', ( 0.000000000000000, 0.000000000000000, 91.0000000000000 ) );
#3066 = CARTESIAN_POINT( '', ( -18.1010254315489, 0.281250000000000, 91.0000000000001 ) );
#3067 = CARTESIAN_POINT( '', ( -34.8241923452232, 0.562500000000000, 84.0730374585271 ) );
#3068 = CARTESIAN_POINT( '', ( -51.5473592588975, 0.843750000000001, 77.1460749170542 ) );
#3069 = CARTESIAN_POINT( '', ( -64.3467170879758, 1.12500000000000, 64.3467170879758 ) );
#3070 = CARTESIAN_POINT( '', ( -77.1460749170542, 1.40625000000000, 51.5473592588975 ) );
#3071 = CARTESIAN_POINT( '', ( -84.0730374585271, 1.68750000000000, 34.8241923452232 ) );
#3072 = CARTESIAN_POINT( '', ( -91.0000000000001, 1.96875000000000, 18.1010254315489 ) );
#3073 = CARTESIAN_POINT( '', ( -91.0000000000000, 2.25000000000000, 5.57214293612046E-015 ) );
#3074 = CARTESIAN_POINT( '', ( -91.0000000000001, 2.53125000000000, -18.1010254315489 ) );
#3075 = CARTESIAN_POINT( '', ( -84.0730374585271, 2.81250000000000, -34.8241923452232 ) );
#3076 = CARTESIAN_POINT( '', ( -77.1460749170542, 3.09375000000000, -51.5473592588975 ) );
#3077 = CARTESIAN_POINT( '', ( -64.3467170879758, 3.37500000000000, -64.3467170879758 ) );
#3078 = CARTESIAN_POINT( '', ( -51.5473592588975, 3.65625000000000, -77.1460749170542 ) );
#3079 = CARTESIAN_POINT( '', ( -34.8241923452232, 3.93750000000000, -84.0730374585271 ) );
#3080 = CARTESIAN_POINT( '', ( -18.1010254315489, 4.21875000000000, -91.0000000000001 ) );
#3081 = CARTESIAN_POINT( '', ( -1.11442858722409E-014, 4.50000000000000, -91.0000000000000 ) );
#3082 = CARTESIAN_POINT( '', ( 18.1010254315489, 4.78125000000001, -91.0000000000001 ) );
#3083 = CARTESIAN_POINT( '', ( 34.8241923452232, 5.06250000000000, -84.0730374585271 ) );
#3084 = CARTESIAN_POINT( '', ( 51.5473592588975, 5.34375000000000, -77.1460749170542 ) );
#3085 = CARTESIAN_POINT( '', ( 64.3467170879758, 5.62500000000000, -64.3467170879759 ) );
#3086 = CARTESIAN_POINT( '', ( 77.1460749170542, 5.90625000000000, -51.5473592588975 ) );
#3087 = CARTESIAN_POINT( '', ( 84.0730374585271, 6.18750000000000, -34.8241923452232 ) );
#3088 = CARTESIAN_POINT( '', ( 91.0000000000001, 6.46875000000001, -18.1010254315489 ) );
#3089 = CARTESIAN_POINT( '', ( 91.0000000000000, 6.75000000000000, -1.67164288083614E-014 ) );
#3090 = CARTESIAN_POINT( '', ( 91.0000000000001, 7.03125000000000, 18.1010254315489 ) );
#3091 = CARTESIAN_POINT( '', ( 84.0730374585271, 7.31250000000000, 34.8241923452232 ) );
#3092 = CARTESIAN_POINT( '', ( 77.1460749170542, 7.59375000000000, 51.5473592588975 ) );
#3093 = CARTESIAN_POINT( '', ( 64.3467170879759, 7.87500000000000, 64.3467170879758 ) );
#3094 = CARTESIAN_POINT( '', ( 51.5473592588975, 8.15625000000001, 77.1460749170542 ) );
#3095 = CARTESIAN_POINT( '', ( 34.8241923452233, 8.43750000000000, 84.0730374585271 ) );
#3096 = CARTESIAN_POINT( '', ( 18.1010254315489, 8.71875000000000, 91.0000000000001 ) );
#3097 = CARTESIAN_POINT( '', ( 0.000000000000000, 9.00000000000000, 91.0000000000000 ) );
#3098 = CARTESIAN_POINT( '', ( -18.1010254315489, 9.28125000000000, 91.0000000000001 ) );
#3099 = CARTESIAN_POINT( '', ( -34.8241923452232, 9.56250000000000, 84.0730374585271 ) );
#3100 = CARTESIAN_POINT( '', ( -51.5473592588975, 9.84375000000001, 77.1460749170542 ) );
#3101 = CARTESIAN_POINT( '', ( -64.3467170879758, 10.1250000000000, 64.3467170879758 ) );
#3102 = CARTESIAN_POINT( '', ( -77.1460749170542, 10.4062500000000, 51.5473592588975 ) );
#3103 = CARTESIAN_POINT( '', ( -84.0730374585271, 10.6875000000000, 34.8241923452232 ) );
#3104 = CARTESIAN_POINT( '', ( -91.0000000000001, 10.9687500000000, 18.1010254315489 ) );
#3105 = CARTESIAN_POINT( '', ( -91.0000000000000, 11.2500000000000, 5.57214293612046E-015 ) );
#3106 = CARTESIAN_POINT( '', ( -91.0000000000001, 11.5312500000000, -18.1010254315489 ) );
#3107 = CARTESIAN_POINT( '', ( -84.0730374585271, 11.8125000000000, -34.8241923452232 ) );
#3108 = CARTESIAN_POINT( '', ( -77.1460749170542, 12.0937500000000, -51.5473592588975 ) );
#3109 = CARTESIAN_POINT( '', ( -64.3467170879758, 12.3750000000000, -64.3467170879758 ) );
#3110 = CARTESIAN_POINT( '', ( -51.5473592588975, 12.6562500000000, -77.1460749170542 ) );
#3111 = CARTESIAN_POINT( '', ( -34.8241923452232, 12.9375000000000, -84.0730374585271 ) );
#3112 = CARTESIAN_POINT( '', ( -18.1010254315489, 13.2187500000000, -91.0000000000001 ) );
#3113 = CARTESIAN_POINT( '', ( -1.11442858722409E-014, 13.5000000000000, -91.0000000000000 ) );
#3114 = CARTESIAN_POINT( '', ( 18.1010254315489, 13.7812500000000, -91.0000000000001 ) );
#3115 = CARTESIAN_POINT( '', ( 34.8241923452232, 14.0625000000000, -84.0730374585271 ) );
#3116 = CARTESIAN_POINT( '', ( 51.5473592588975, 14.3437500000000, -77.1460749170542 ) );
#3117 = CARTESIAN_POINT( '', ( 64.3467170879758, 14.6250000000000, -64.3467170879759 ) );
#3118 = CARTESIAN_POINT( '', ( 77.1460749170542, 14.9062500000000, -51.5473592588975 ) );
#3119 = CARTESIAN_POINT( '', ( 84.0730374585271, 15.1875000000000, -34.8241923452232 ) );
#3120 = CARTESIAN_POINT( '', ( 91.0000000000001, 15.4687500000000, -18.1010254315489 ) );
#3121 = CARTESIAN_POINT( '', ( 91.0000000000000, 15.7500000000000, -1.67164288083614E-014 ) );
#3122 = CARTESIAN_POINT( '', ( 91.0000000000001, 16.0312500000000, 18.1010254315489 ) );
#3123 = CARTESIAN_POINT( '', ( 84.0730374585271, 16.3125000000000, 34.8241923452232 ) );
#3124 = CARTESIAN_POINT( '', ( 77.1460749170542, 16.5937500000000, 51.5473592588975 ) );
#3125 = CARTESIAN_POINT( '', ( 64.3467170879759, 16.8750000000000, 64.3467170879758 ) );
#3126 = CARTESIAN_POINT( '', ( 51.5473592588975, 17.1562500000000, 77.1460749170542 ) );
#3127 = CARTESIAN_POINT( '', ( 34.8241923452233, 17.4375000000000, 84.0730374585271 ) );
#3128 = CARTESIAN_POINT( '', ( 18.1010254315489, 17.7187500000000, 91.0000000000001 ) );
#3129 = CARTESIAN_POINT( '', ( 0.000000000000000, 18.0000000000000, 91.0000000000000 ) );
#3130 = CARTESIAN_POINT( '', ( -18.1010254315489, 18.2812500000000, 91.0000000000001 ) );
#3131 = CARTESIAN_POINT( '', ( -34.8241923452232, 18.5625000000000, 84.0730374585271 ) );
#3132 = CARTESIAN_POINT( '', ( -51.5473592588975, 18.8437500000000, 77.1460749170542 ) );
#3133 = CARTESIAN_POINT( '', ( -64.3467170879758, 19.1250000000000, 64.3467170879758 ) );
#3134 = CARTESIAN_POINT( '', ( -77.1460749170542, 19.4062500000000, 51.5473592588975 ) );
#3135 = CARTESIAN_POINT( '', ( -84.0730374585271, 19.6875000000000, 34.8241923452232 ) );
#3136 = CARTESIAN_POINT( '', ( -91.0000000000001, 19.9687500000000, 18.1010254315489 ) );
#3137 = CARTESIAN_POINT( '', ( -91.0000000000000, 20.2500000000000, 5.57214293612046E-015 ) );
#3138 = CARTESIAN_POINT( '', ( -91.0000000000001, 20.5312500000000, -18.1010254315489 ) );
#3139 = CARTESIAN_POINT( '', ( -84.0730374585271, 20.8125000000000, -34.8241923452232 ) );
#3140 = CARTESIAN_POINT( '', ( -77.1460749170542, 21.0937500000000, -51.5473592588975 ) );
#3141 = CARTESIAN_POINT( '', ( -64.3467170879758, 21.3750000000000, -64.3467170879758 ) );
#3142 = CARTESIAN_POINT( '', ( -51.5473592588975, 21.6562500000000, -77.1460749170542 ) );
#3143 = CARTESIAN_POINT( '', ( -34.8241923452232, 21.9375000000000, -84.0730374585271 ) );
#3144 = CARTESIAN_POINT( '', ( -18.1010254315489, 22.2187500000000, -91.0000000000001 ) );
#3145 = CARTESIAN_POINT( '', ( -1.11442858722409E-014, 22.5000000000000, -91.0000000000000 ) );
#3146 = CARTESIAN_POINT( '', ( 18.1010254315489, 22.7812500000000, -91.0000000000001 ) );
#3147 = CARTESIAN_POINT( '', ( 34.8241923452232, 23.0625000000000, -84.0730374585271 ) );
#3148 = CARTESIAN_POINT( '', ( 51.5473592588975, 23.3437500000000, -77.1460749170542 ) );
#3149 = CARTESIAN_POINT( '', ( 64.3467170879758, 23.6250000000000, -64.3467170879759 ) );
#3150 = CARTESIAN_POINT( '', ( 77.1460749170542, 23.9062500000000, -51.5473592588975 ) );
#3151 = CARTESIAN_POINT( '', ( 84.0730374585271, 24.1875000000000, -34.8241923452232 ) );
#3152 = CARTESIAN_POINT( '', ( 91.0000000000001, 24.4687500000000, -18.1010254315489 ) );
#3153 = CARTESIAN_POINT( '', ( 91.0000000000000, 24.7500000000000, -1.67164288083614E-014 ) );
#3154 = CARTESIAN_POINT( '', ( 91.0000000000001, 25.0312500000000, 18.1010254315489 ) );
#3155 = CARTESIAN_POINT( '', ( 84.0730374585271, 25.3125000000000, 34.8241923452232 ) );
#3156 = CARTESIAN_POINT( '', ( 77.1460749170542, 25.5937500000000, 51.5473592588975 ) );
#3157 = CARTESIAN_POINT( '', ( 64.3467170879759, 25.8750000000000, 64.3467170879758 ) );
#3158 = CARTESIAN_POINT( '', ( 51.5473592588975, 26.1562500000000, 77.1460749170542 ) );
#3159 = CARTESIAN_POINT( '', ( 34.8241923452233, 26.4375000000000, 84.0730374585271 ) );
#3160 = CARTESIAN_POINT( '', ( 18.1010254315489, 26.7187500000000, 91.0000000000001 ) );
#3161 = CARTESIAN_POINT( '', ( 0.000000000000000, 27.0000000000000, 91.0000000000000 ) );
#3162 = CARTESIAN_POINT( '', ( 0.000000000000000, 8.00000000000000, 91.0000000000000 ) );
#3163 = CARTESIAN_POINT( '', ( -18.1010254315489, 8.28125000000000, 91.0000000000000 ) );
#3164 = CARTESIAN_POINT( '', ( -34.8241923452232, 8.56250000000000, 84.0730374585271 ) );
#3165 = CARTESIAN_POINT( '', ( -51.5473592588974, 8.84375000000000, 77.1460749170542 ) );
#3166 = CARTESIAN_POINT( '', ( -64.3467170879758, 9.12500000000001, 64.3467170879758 ) );
#3167 = CARTESIAN_POINT( '', ( -77.1460749170542, 9.40625000000001, 51.5473592588975 ) );
#3168 = CARTESIAN_POINT( '', ( -84.0730374585271, 9.68750000000000, 34.8241923452232 ) );
#3169 = CARTESIAN_POINT( '', ( -91.0000000000000, 9.96875000000001, 18.1010254315489 ) );
#3170 = CARTESIAN_POINT( '', ( -91.0000000000000, 10.2500000000000, 5.57214293612046E-015 ) );
#3171 = CARTESIAN_POINT( '', ( -91.0000000000000, 10.5312500000000, -18.1010254315489 ) );
#3172 = CARTESIAN_POINT( '', ( -84.0730374585271, 10.8125000000000, -34.8241923452232 ) );
#3173 = CARTESIAN_POINT( '', ( -77.1460749170542, 11.0937500000000, -51.5473592588974 ) );
#3174 = CARTESIAN_POINT( '', ( -64.3467170879758, 11.3750000000000, -64.3467170879758 ) );
#3175 = CARTESIAN_POINT( '', ( -51.5473592588974, 11.6562500000000, -77.1460749170542 ) );
#3176 = CARTESIAN_POINT( '', ( -34.8241923452232, 11.9375000000000, -84.0730374585271 ) );
#3177 = CARTESIAN_POINT( '', ( -18.1010254315489, 12.2187500000000, -91.0000000000000 ) );
#3178 = CARTESIAN_POINT( '', ( -1.11442858722409E-014, 12.5000000000000, -91.0000000000000 ) );
#3179 = CARTESIAN_POINT( '', ( 18.1010254315489, 12.7812500000000, -91.0000000000000 ) );
#3180 = CARTESIAN_POINT( '', ( 34.8241923452232, 13.0625000000000, -84.0730374585271 ) );
#3181 = CARTESIAN_POINT( '', ( 51.5473592588974, 13.3437500000000, -77.1460749170542 ) );
#3182 = CARTESIAN_POINT( '', ( 64.3467170879758, 13.6250000000000, -64.3467170879758 ) );
#3183 = CARTESIAN_POINT( '', ( 77.1460749170542, 13.9062500000000, -51.5473592588974 ) );
#3184 = CARTESIAN_POINT( '', ( 84.0730374585271, 14.1875000000000, -34.8241923452232 ) );
#3185 = CARTESIAN_POINT( '', ( 91.0000000000000, 14.4687500000000, -18.1010254315489 ) );
#3186 = CARTESIAN_POINT( '', ( 91.0000000000000, 14.7500000000000, -1.67164288083614E-014 ) );
#3187 = CARTESIAN_POINT( '', ( 91.0000000000000, 15.0312500000000, 18.1010254315489 ) );
#3188 = CARTESIAN_POINT( '', ( 84.0730374585271, 15.3125000000000, 34.8241923452232 ) );
#3189 = CARTESIAN_POINT( '', ( 77.1460749170542, 15.5937500000000, 51.5473592588974 ) );
#3190 = CARTESIAN_POINT( '', ( 64.3467170879758, 15.8750000000000, 64.3467170879758 ) );
#3191 = CARTESIAN_POINT( '', ( 51.5473592588974, 16.1562500000000, 77.1460749170542 ) );
#3192 = CARTESIAN_POINT( '', ( 34.8241923452232, 16.4375000000000, 84.0730374585271 ) );
#3193 = CARTESIAN_POINT( '', ( 18.1010254315489, 16.7187500000000, 91.0000000000000 ) );
#3194 = CARTESIAN_POINT( '', ( 0.000000000000000, 17.0000000000000, 91.0000000000000 ) );
#3195 = CARTESIAN_POINT( '', ( -18.1010254315489, 17.2812500000000, 91.0000000000000 ) );
#3196 = CARTESIAN_POINT( '', ( -34.8241923452232, 17.5625000000000, 84.0730374585271 ) );
#3197 = CARTESIAN_POINT( '', ( -51.5473592588974, 17.8437500000000, 77.1460749170542 ) );
#3198 = CARTESIAN_POINT( '', ( -64.3467170879758, 18.1250000000000, 64.3467170879758 ) );
#3199 = CARTESIAN_POINT( '', ( -77.1460749170542, 18.4062500000000, 51.5473592588975 ) );
#3200 = CARTESIAN_POINT( '', ( -84.0730374585271, 18.6875000000000, 34.8241923452232 ) );
#3201 = CARTESIAN_POINT( '', ( -91.0000000000000, 18.9687500000000, 18.1010254315489 ) );
#3202 = CARTESIAN_POINT( '', ( -91.0000000000000, 19.2500000000000, 5.57214293612046E-015 ) );
#3203 = CARTESIAN_POINT( '', ( -91.0000000000000, 19.5312500000000, -18.1010254315489 ) );
#3204 = CARTESIAN_POINT( '', ( -84.0730374585271, 19.8125000000000, -34.8241923452232 ) );
#3205 = CARTESIAN_POINT( '', ( -77.1460749170542, 20.0937500000000, -51.5473592588974 ) );
#3206 = CARTESIAN_POINT( '', ( -64.3467170879758, 20.3750000000000, -64.3467170879758 ) );
#3207 = CARTESIAN_POINT( '', ( -51.5473592588974, 20.6562500000000, -77.1460749170542 ) );
#3208 = CARTESIAN_POINT( '', ( -34.8241923452232, 20.9375000000000, -84.0730374585271 ) );
#3209 = CARTESIAN_POINT( '', ( -18.1010254315489, 21.2187500000000, -91.0000000000000 ) );
#3210 = CARTESIAN_POINT( '', ( -1.11442858722409E-014, 21.5000000000000, -91.0000000000000 ) );
#3211 = CARTESIAN_POINT( '', ( 18.1010254315489, 21.7812500000000, -91.0000000000000 ) );
#3212 = CARTESIAN_POINT( '', ( 34.8241923452232, 22.0625000000000, -84.0730374585271 ) );
#3213 = CARTESIAN_POINT( '', ( 51.5473592588974, 22.3437500000000, -77.1460749170542 ) );
#3214 = CARTESIAN_POINT( '', ( 64.3467170879758, 22.6250000000000, -64.3467170879758 ) );
#3215 = CARTESIAN_POINT( '', ( 77.1460749170542, 22.9062500000000, -51.5473592588974 ) );
#3216 = CARTESIAN_POINT( '', ( 84.0730374585271, 23.1875000000000, -34.8241923452232 ) );
#3217 = CARTESIAN_POINT( '', ( 91.0000000000000, 23.4687500000000, -18.1010254315489 ) );
#3218 = CARTESIAN_POINT( '', ( 91.0000000000000, 23.7500000000000, -1.67164288083614E-014 ) );
#3219 = CARTESIAN_POINT( '', ( 91.0000000000000, 24.0312500000000, 18.1010254315489 ) );
#3220 = CARTESIAN_POINT( '', ( 84.0730374585271, 24.3125000000000, 34.8241923452232 ) );
#3221 = CARTESIAN_POINT( '', ( 77.1460749170542, 24.5937500000000, 51.5473592588974 ) );
#3222 = CARTESIAN_POINT( '', ( 64.3467170879758, 24.8750000000000, 64.3467170879758 ) );
#3223 = CARTESIAN_POINT( '', ( 51.5473592588974, 25.1562500000000, 77.1460749170542 ) );
#3224 = CARTESIAN_POINT( '', ( 34.8241923452232, 25.4375000000000, 84.0730374585271 ) );
#3225 = CARTESIAN_POINT( '', ( 18.1010254315489, 25.7187500000000, 91.0000000000000 ) );
#3226 = CARTESIAN_POINT( '', ( 0.000000000000000, 26.0000000000000, 91.0000000000000 ) );
#3227 = CARTESIAN_POINT( '', ( -18.1010254315489, 26.2812500000000, 91.0000000000000 ) );
#3228 = CARTESIAN_POINT( '', ( -34.8241923452232, 26.5625000000000, 84.0730374585271 ) );
#3229 = CARTESIAN_POINT( '', ( -51.5473592588974, 26.8437500000000, 77.1460749170542 ) );
#3230 = CARTESIAN_POINT( '', ( -64.3467170879758, 27.1250000000000, 64.3467170879758 ) );
#3231 = CARTESIAN_POINT( '', ( -77.1460749170542, 27.4062500000000, 51.5473592588975 ) );
#3232 = CARTESIAN_POINT( '', ( -84.0730374585271, 27.6875000000000, 34.8241923452232 ) );
#3233 = CARTESIAN_POINT( '', ( -91.0000000000000, 27.9687500000000, 18.1010254315489 ) );
#3234 = CARTESIAN_POINT( '', ( -91.0000000000000, 28.2500000000000, 5.57214293612046E-015 ) );
#3235 = CARTESIAN_POINT( '', ( -91.0000000000000, 28.5312500000000, -18.1010254315489 ) );
#3236 = CARTESIAN_POINT( '', ( -84.0730374585271, 28.8125000000000, -34.8241923452232 ) );
#3237 = CARTESIAN_POINT( '', ( -77.1460749170542, 29.0937500000000, -51.5473592588974 ) );
#3238 = CARTESIAN_POINT( '', ( -64.3467170879758, 29.3750000000000, -64.3467170879758 ) );
#3239 = CARTESIAN_POINT( '', ( -51.5473592588974, 29.6562500000000, -77.1460749170542 ) );
#3240 = CARTESIAN_POINT( '', ( -34.8241923452232, 29.9375000000000, -84.0730374585271 ) );
#3241 = CARTESIAN_POINT( '', ( -18.1010254315489, 30.2187500000000, -91.0000000000000 ) );
#3242 = CARTESIAN_POINT( '', ( -1.11442858722409E-014, 30.5000000000000, -91.0000000000000 ) );
#3243 = CARTESIAN_POINT( '', ( 18.1010254315489, 30.7812500000000, -91.0000000000000 ) );
#3244 = CARTESIAN_POINT( '', ( 34.8241923452232, 31.0625000000000, -84.0730374585271 ) );
#3245 = CARTESIAN_POINT( '', ( 51.5473592588974, 31.3437499999999, -77.1460749170542 ) );
#3246 = CARTESIAN_POINT( '', ( 64.3467170879758, 31.6250000000000, -64.3467170879758 ) );
#3247 = CARTESIAN_POINT( '', ( 77.1460749170542, 31.9062500000000, -51.5473592588974 ) );
#3248 = CARTESIAN_POINT( '', ( 84.0730374585271, 32.1875000000000, -34.8241923452232 ) );
#3249 = CARTESIAN_POINT( '', ( 91.0000000000000, 32.4687500000000, -18.1010254315489 ) );
#3250 = CARTESIAN_POINT( '', ( 91.0000000000000, 32.7500000000000, -1.67164288083614E-014 ) );
#3251 = CARTESIAN_POINT( '', ( 91.0000000000000, 33.0312500000000, 18.1010254315489 ) );
#3252 = CARTESIAN_POINT( '', ( 84.0730374585271, 33.3125000000000, 34.8241923452232 ) );
#3253 = CARTESIAN_POINT( '', ( 77.1460749170542, 33.5937500000000, 51.5473592588974 ) );
#3254 = CARTESIAN_POINT( '', ( 64.3467170879758, 33.8750000000000, 64.3467170879758 ) );
#3255 = CARTESIAN_POINT( '', ( 51.5473592588974, 34.1562500000000, 77.1460749170542 ) );
#3256 = CARTESIAN_POINT( '', ( 34.8241923452232, 34.4375000000000, 84.0730374585271 ) );
#3257 = CARTESIAN_POINT( '', ( 18.1010254315489, 34.7187500000000, 91.0000000000000 ) );
#3258 = CARTESIAN_POINT( '', ( 0.000000000000000, 35.0000000000000, 91.0000000000000 ) );
#3259 = CARTESIAN_POINT( '', ( 0.000000000000000, 8.00000000000000, 98.9999999999999 ) );
#3260 = CARTESIAN_POINT( '', ( -19.6923243705861, 8.28125000000000, 98.9999999999999 ) );
#3261 = CARTESIAN_POINT( '', ( -37.8856598041439, 8.56250000000000, 91.4640737186173 ) );
#3262 = CARTESIAN_POINT( '', ( -56.0789952377017, 8.84375000000000, 83.9281474372348 ) );
#3263 = CARTESIAN_POINT( '', ( -70.0035713374681, 9.12500000000001, 70.0035713374682 ) );
#3264 = CARTESIAN_POINT( '', ( -83.9281474372348, 9.40625000000001, 56.0789952377017 ) );
#3265 = CARTESIAN_POINT( '', ( -91.4640737186173, 9.68750000000000, 37.8856598041439 ) );
#3266 = CARTESIAN_POINT( '', ( -98.9999999999999, 9.96875000000001, 19.6923243705862 ) );
#3267 = CARTESIAN_POINT( '', ( -98.9999999999999, 10.2500000000000, 6.06200165577940E-015 ) );
#3268 = CARTESIAN_POINT( '', ( -98.9999999999999, 10.5312500000000, -19.6923243705861 ) );
#3269 = CARTESIAN_POINT( '', ( -91.4640737186173, 10.8125000000000, -37.8856598041439 ) );
#3270 = CARTESIAN_POINT( '', ( -83.9281474372348, 11.0937500000000, -56.0789952377015 ) );
#3271 = CARTESIAN_POINT( '', ( -70.0035713374682, 11.3750000000000, -70.0035713374681 ) );
#3272 = CARTESIAN_POINT( '', ( -56.0789952377017, 11.6562500000000, -83.9281474372348 ) );
#3273 = CARTESIAN_POINT( '', ( -37.8856598041439, 11.9375000000000, -91.4640737186173 ) );
#3274 = CARTESIAN_POINT( '', ( -19.6923243705862, 12.2187500000000, -98.9999999999999 ) );
#3275 = CARTESIAN_POINT( '', ( -1.21240033115588E-014, 12.5000000000000, -98.9999999999999 ) );
#3276 = CARTESIAN_POINT( '', ( 19.6923243705862, 12.7812500000000, -98.9999999999999 ) );
#3277 = CARTESIAN_POINT( '', ( 37.8856598041439, 13.0625000000000, -91.4640737186173 ) );
#3278 = CARTESIAN_POINT( '', ( 56.0789952377015, 13.3437500000000, -83.9281474372348 ) );
#3279 = CARTESIAN_POINT( '', ( 70.0035713374681, 13.6250000000000, -70.0035713374682 ) );
#3280 = CARTESIAN_POINT( '', ( 83.9281474372348, 13.9062500000000, -56.0789952377017 ) );
#3281 = CARTESIAN_POINT( '', ( 91.4640737186173, 14.1875000000000, -37.8856598041439 ) );
#3282 = CARTESIAN_POINT( '', ( 98.9999999999999, 14.4687500000000, -19.6923243705862 ) );
#3283 = CARTESIAN_POINT( '', ( 98.9999999999999, 14.7500000000000, -1.81860049673382E-014 ) );
#3284 = CARTESIAN_POINT( '', ( 98.9999999999999, 15.0312500000000, 19.6923243705862 ) );
#3285 = CARTESIAN_POINT( '', ( 91.4640737186173, 15.3125000000000, 37.8856598041439 ) );
#3286 = CARTESIAN_POINT( '', ( 83.9281474372348, 15.5937500000000, 56.0789952377015 ) );
#3287 = CARTESIAN_POINT( '', ( 70.0035713374682, 15.8750000000000, 70.0035713374681 ) );
#3288 = CARTESIAN_POINT( '', ( 56.0789952377017, 16.1562500000000, 83.9281474372348 ) );
#3289 = CARTESIAN_POINT( '', ( 37.8856598041439, 16.4375000000000, 91.4640737186173 ) );
#3290 = CARTESIAN_POINT( '', ( 19.6923243705862, 16.7187500000000, 98.9999999999999 ) );
#3291 = CARTESIAN_POINT( '', ( 0.000000000000000, 17.0000000000000, 98.9999999999999 ) );
#3292 = CARTESIAN_POINT( '', ( -19.6923243705861, 17.2812500000000, 98.9999999999999 ) );
#3293 = CARTESIAN_POINT( '', ( -37.8856598041439, 17.5625000000000, 91.4640737186173 ) );
#3294 = CARTESIAN_POINT( '', ( -56.0789952377017, 17.8437500000000, 83.9281474372348 ) );
#3295 = CARTESIAN_POINT( '', ( -70.0035713374681, 18.1250000000000, 70.0035713374682 ) );
#3296 = CARTESIAN_POINT( '', ( -83.9281474372348, 18.4062500000000, 56.0789952377017 ) );
#3297 = CARTESIAN_POINT( '', ( -91.4640737186173, 18.6875000000000, 37.8856598041439 ) );
#3298 = CARTESIAN_POINT( '', ( -98.9999999999999, 18.9687500000000, 19.6923243705862 ) );
#3299 = CARTESIAN_POINT( '', ( -98.9999999999999, 19.2500000000000, 6.06200165577940E-015 ) );
#3300 = CARTESIAN_POINT( '', ( -98.9999999999999, 19.5312500000000, -19.6923243705861 ) );
#3301 = CARTESIAN_POINT( '', ( -91.4640737186173, 19.8125000000000, -37.8856598041439 ) );
#3302 = CARTESIAN_POINT( '', ( -83.9281474372348, 20.0937500000000, -56.0789952377015 ) );
#3303 = CARTESIAN_POINT( '', ( -70.0035713374682, 20.3750000000000, -70.0035713374681 ) );
#3304 = CARTESIAN_POINT( '', ( -56.0789952377017, 20.6562500000000, -83.9281474372348 ) );
#3305 = CARTESIAN_POINT( '', ( -37.8856598041439, 20.9375000000000, -91.4640737186173 ) );
#3306 = CARTESIAN_POINT( '', ( -19.6923243705862, 21.2187500000000, -98.9999999999999 ) );
#3307 = CARTESIAN_POINT( '', ( -1.21240033115588E-014, 21.5000000000000, -98.9999999999999 ) );
#3308 = CARTESIAN_POINT( '', ( 19.6923243705862, 21.7812500000000, -98.9999999999999 ) );
#3309 = CARTESIAN_POINT( '', ( 37.8856598041439, 22.0625000000000, -91.4640737186173 ) );
#3310 = CARTESIAN_POINT( '', ( 56.0789952377015, 22.3437500000000, -83.9281474372348 ) );
#3311 = CARTESIAN_POINT( '', ( 70.0035713374681, 22.6250000000000, -70.0035713374682 ) );
#3312 = CARTESIAN_POINT( '', ( 83.9281474372348, 22.9062500000000, -56.0789952377017 ) );
#3313 = CARTESIAN_POINT( '', ( 91.4640737186173, 23.1875000000000, -37.8856598041439 ) );
#3314 = CARTESIAN_POINT( '', ( 98.9999999999999, 23.4687500000000, -19.6923243705862 ) );
#3315 = CARTESIAN_POINT( '', ( 98.9999999999999, 23.7500000000000, -1.81860049673382E-014 ) );
#3316 = CARTESIAN_POINT( '', ( 98.9999999999999, 24.0312500000000, 19.6923243705862 ) );
#3317 = CARTESIAN_POINT( '', ( 91.4640737186173, 24.3125000000000, 37.8856598041439 ) );
#3318 = CARTESIAN_POINT( '', ( 83.9281474372348, 24.5937500000000, 56.0789952377015 ) );
#3319 = CARTESIAN_POINT( '', ( 70.0035713374682, 24.8750000000000, 70.0035713374681 ) );
#3320 = CARTESIAN_POINT( '', ( 56.0789952377017, 25.1562500000000, 83.9281474372348 ) );
#3321 = CARTESIAN_POINT( '', ( 37.8856598041439, 25.4375000000000, 91.4640737186173 ) );
#3322 = CARTESIAN_POINT( '', ( 19.6923243705862, 25.7187500000000, 98.9999999999999 ) );
#3323 = CARTESIAN_POINT( '', ( 0.000000000000000, 26.0000000000000, 98.9999999999999 ) );
#3324 = CARTESIAN_POINT( '', ( -19.6923243705861, 26.2812500000000, 98.9999999999999 ) );
#3325 = CARTESIAN_POINT( '', ( -37.8856598041439, 26.5625000000000, 91.4640737186173 ) );
#3326 = CARTESIAN_POINT( '', ( -56.0789952377017, 26.8437500000000, 83.9281474372348 ) );
#3327 = CARTESIAN_POINT( '', ( -70.0035713374681, 27.1250000000000, 70.0035713374682 ) );
#3328 = CARTESIAN_POINT( '', ( -83.9281474372348, 27.4062500000000, 56.0789952377017 ) );
#3329 = CARTESIAN_POINT( '', ( -91.4640737186173, 27.6875000000000, 37.8856598041439 ) );
#3330 = CARTESIAN_POINT( '', ( -98.9999999999999, 27.9687500000000, 19.6923243705862 ) );
#3331 = CARTESIAN_POINT( '', ( -98.9999999999999, 28.2500000000000, 6.06200165577940E-015 ) );
#3332 = CARTESIAN_POINT( '', ( -98.9999999999999, 28.5312500000000, -19.6923243705861 ) );
#3333 = CARTESIAN_POINT( '', ( -91.4640737186173, 28.8125000000000, -37.8856598041439 ) );
#3334 = CARTESIAN_POINT( '', ( -83.9281474372348, 29.0937500000000, -56.0789952377015 ) );
#3335 = CARTESIAN_POINT( '', ( -70.0035713374682, 29.3750000000000, -70.0035713374681 ) );
#3336 = CARTESIAN_POINT( '', ( -56.0789952377017, 29.6562500000000, -83.9281474372348 ) );
#3337 = CARTESIAN_POINT( '', ( -37.8856598041439, 29.9375000000000, -91.4640737186173 ) );
#3338 = CARTESIAN_POINT( '', ( -19.6923243705862, 30.2187500000000, -98.9999999999999 ) );
#3339 = CARTESIAN_POINT( '', ( -1.21240033115588E-014, 30.5000000000000, -98.9999999999999 ) );
#3340 = CARTESIAN_POINT( '', ( 19.6923243705862, 30.7812500000000, -98.9999999999999 ) );
#3341 = CARTESIAN_POINT( '', ( 37.8856598041439, 31.0625000000000, -91.4640737186173 ) );
#3342 = CARTESIAN_POINT( '', ( 56.0789952377015, 31.3437499999999, -83.9281474372348 ) );
#3343 = CARTESIAN_POINT( '', ( 70.0035713374681, 31.6250000000000, -70.0035713374682 ) );
#3344 = CARTESIAN_POINT( '', ( 83.9281474372348, 31.9062500000000, -56.0789952377017 ) );
#3345 = CARTESIAN_POINT( '', ( 91.4640737186173, 32.1875000000000, -37.8856598041439 ) );
#3346 = CARTESIAN_POINT( '', ( 98.9999999999999, 32.4687500000000, -19.6923243705862 ) );
#3347 = CARTESIAN_POINT( '', ( 98.9999999999999, 32.7500000000000, -1.81860049673382E-014 ) );
#3348 = CARTESIAN_POINT( '', ( 98.9999999999999, 33.0312500000000, 19.6923243705862 ) );
#3349 = CARTESIAN_POINT( '', ( 91.4640737186173, 33.3125000000000, 37.8856598041439 ) );
#3350 = CARTESIAN_POINT( '', ( 83.9281474372348, 33.5937500000000, 56.0789952377015 ) );
#3351 = CARTESIAN_POINT( '', ( 70.0035713374682, 33.8750000000000, 70.0035713374681 ) );
#3352 = CARTESIAN_POINT( '', ( 56.0789952377017, 34.1562500000000, 83.9281474372348 ) );
#3353 = CARTESIAN_POINT( '', ( 37.8856598041439, 34.4375000000000, 91.4640737186173 ) );
#3354 = CARTESIAN_POINT( '', ( 19.6923243705862, 34.7187500000000, 98.9999999999999 ) );
#3355 = CARTESIAN_POINT( '', ( 0.000000000000000, 35.0000000000000, 98.9999999999999 ) );
#3356 = CARTESIAN_POINT( '', ( 0.000000000000000, 4.89858719658942E-016, 99.0000000000000 ) );
#3357 = CARTESIAN_POINT( '', ( -19.6923243705861, 0.281250000000001, 99.0000000000000 ) );
#3358 = CARTESIAN_POINT( '', ( -37.8856598041439, 0.562500000000000, 91.4640737186174 ) );
#3359 = CARTESIAN_POINT( '', ( -56.0789952377016, 0.843750000000001, 83.9281474372348 ) );
#3360 = CARTESIAN_POINT( '', ( -70.0035713374682, 1.12500000000000, 70.0035713374682 ) );
#3361 = CARTESIAN_POINT( '', ( -83.9281474372348, 1.40625000000000, 56.0789952377016 ) );
#3362 = CARTESIAN_POINT( '', ( -91.4640737186174, 1.68750000000000, 37.8856598041439 ) );
#3363 = CARTESIAN_POINT( '', ( -99.0000000000000, 1.96875000000000, 19.6923243705861 ) );
#3364 = CARTESIAN_POINT( '', ( -99.0000000000000, 2.25000000000000, 6.06200165577940E-015 ) );
#3365 = CARTESIAN_POINT( '', ( -99.0000000000000, 2.53125000000000, -19.6923243705861 ) );
#3366 = CARTESIAN_POINT( '', ( -91.4640737186174, 2.81250000000000, -37.8856598041439 ) );
#3367 = CARTESIAN_POINT( '', ( -83.9281474372348, 3.09375000000000, -56.0789952377016 ) );
#3368 = CARTESIAN_POINT( '', ( -70.0035713374682, 3.37500000000000, -70.0035713374682 ) );
#3369 = CARTESIAN_POINT( '', ( -56.0789952377016, 3.65625000000000, -83.9281474372348 ) );
#3370 = CARTESIAN_POINT( '', ( -37.8856598041439, 3.93750000000000, -91.4640737186174 ) );
#3371 = CARTESIAN_POINT( '', ( -19.6923243705862, 4.21875000000000, -99.0000000000000 ) );
#3372 = CARTESIAN_POINT( '', ( -1.21240033115588E-014, 4.50000000000000, -99.0000000000000 ) );
#3373 = CARTESIAN_POINT( '', ( 19.6923243705861, 4.78125000000001, -99.0000000000000 ) );
#3374 = CARTESIAN_POINT( '', ( 37.8856598041439, 5.06250000000000, -91.4640737186174 ) );
#3375 = CARTESIAN_POINT( '', ( 56.0789952377016, 5.34375000000000, -83.9281474372348 ) );
#3376 = CARTESIAN_POINT( '', ( 70.0035713374682, 5.62500000000000, -70.0035713374682 ) );
#3377 = CARTESIAN_POINT( '', ( 83.9281474372348, 5.90625000000000, -56.0789952377016 ) );
#3378 = CARTESIAN_POINT( '', ( 91.4640737186174, 6.18750000000000, -37.8856598041439 ) );
#3379 = CARTESIAN_POINT( '', ( 99.0000000000000, 6.46875000000001, -19.6923243705862 ) );
#3380 = CARTESIAN_POINT( '', ( 99.0000000000000, 6.75000000000000, -1.81860049673382E-014 ) );
#3381 = CARTESIAN_POINT( '', ( 99.0000000000000, 7.03125000000000, 19.6923243705861 ) );
#3382 = CARTESIAN_POINT( '', ( 91.4640737186174, 7.31250000000000, 37.8856598041439 ) );
#3383 = CARTESIAN_POINT( '', ( 83.9281474372348, 7.59375000000000, 56.0789952377016 ) );
#3384 = CARTESIAN_POINT( '', ( 70.0035713374682, 7.87500000000000, 70.0035713374682 ) );
#3385 = CARTESIAN_POINT( '', ( 56.0789952377016, 8.15625000000001, 83.9281474372348 ) );
#3386 = CARTESIAN_POINT( '', ( 37.8856598041439, 8.43750000000000, 91.4640737186174 ) );
#3387 = CARTESIAN_POINT( '', ( 19.6923243705862, 8.71875000000000, 99.0000000000000 ) );
#3388 = CARTESIAN_POINT( '', ( 0.000000000000000, 9.00000000000000, 99.0000000000000 ) );
#3389 = CARTESIAN_POINT( '', ( -19.6923243705861, 9.28125000000000, 99.0000000000000 ) );
#3390 = CARTESIAN_POINT( '', ( -37.8856598041439, 9.56250000000000, 91.4640737186174 ) );
#3391 = CARTESIAN_POINT( '', ( -56.0789952377016, 9.84375000000001, 83.9281474372348 ) );
#3392 = CARTESIAN_POINT( '', ( -70.0035713374682, 10.1250000000000, 70.0035713374682 ) );
#3393 = CARTESIAN_POINT( '', ( -83.9281474372348, 10.4062500000000, 56.0789952377016 ) );
#3394 = CARTESIAN_POINT( '', ( -91.4640737186174, 10.6875000000000, 37.8856598041439 ) );
#3395 = CARTESIAN_POINT( '', ( -99.0000000000000, 10.9687500000000, 19.6923243705861 ) );
#3396 = CARTESIAN_POINT( '', ( -99.0000000000000, 11.2500000000000, 6.06200165577940E-015 ) );
#3397 = CARTESIAN_POINT( '', ( -99.0000000000000, 11.5312500000000, -19.6923243705861 ) );
#3398 = CARTESIAN_POINT( '', ( -91.4640737186174, 11.8125000000000, -37.8856598041439 ) );
#3399 = CARTESIAN_POINT( '', ( -83.9281474372348, 12.0937500000000, -56.0789952377016 ) );
#3400 = CARTESIAN_POINT( '', ( -70.0035713374682, 12.3750000000000, -70.0035713374682 ) );
#3401 = CARTESIAN_POINT( '', ( -56.0789952377016, 12.6562500000000, -83.9281474372348 ) );
#3402 = CARTESIAN_POINT( '', ( -37.8856598041439, 12.9375000000000, -91.4640737186174 ) );
#3403 = CARTESIAN_POINT( '', ( -19.6923243705862, 13.2187500000000, -99.0000000000000 ) );
#3404 = CARTESIAN_POINT( '', ( -1.21240033115588E-014, 13.5000000000000, -99.0000000000000 ) );
#3405 = CARTESIAN_POINT( '', ( 19.6923243705861, 13.7812500000000, -99.0000000000000 ) );
#3406 = CARTESIAN_POINT( '', ( 37.8856598041439, 14.0625000000000, -91.4640737186174 ) );
#3407 = CARTESIAN_POINT( '', ( 56.0789952377016, 14.3437500000000, -83.9281474372348 ) );
#3408 = CARTESIAN_POINT( '', ( 70.0035713374682, 14.6250000000000, -70.0035713374682 ) );
#3409 = CARTESIAN_POINT( '', ( 83.9281474372348, 14.9062500000000, -56.0789952377016 ) );
#3410 = CARTESIAN_POINT( '', ( 91.4640737186174, 15.1875000000000, -37.8856598041439 ) );
#3411 = CARTESIAN_POINT( '', ( 99.0000000000000, 15.4687500000000, -19.6923243705862 ) );
#3412 = CARTESIAN_POINT( '', ( 99.0000000000000, 15.7500000000000, -1.81860049673382E-014 ) );
#3413 = CARTESIAN_POINT( '', ( 99.0000000000000, 16.0312500000000, 19.6923243705861 ) );
#3414 = CARTESIAN_POINT( '', ( 91.4640737186174, 16.3125000000000, 37.8856598041439 ) );
#3415 = CARTESIAN_POINT( '', ( 83.9281474372348, 16.5937500000000, 56.0789952377016 ) );
#3416 = CARTESIAN_POINT( '', ( 70.0035713374682, 16.8750000000000, 70.0035713374682 ) );
#3417 = CARTESIAN_POINT( '', ( 56.0789952377016, 17.1562500000000, 83.9281474372348 ) );
#3418 = CARTESIAN_POINT( '', ( 37.8856598041439, 17.4375000000000, 91.4640737186174 ) );
#3419 = CARTESIAN_POINT( '', ( 19.6923243705862, 17.7187500000000, 99.0000000000000 ) );
#3420 = CARTESIAN_POINT( '', ( 0.000000000000000, 18.0000000000000, 99.0000000000000 ) );
#3421 = CARTESIAN_POINT( '', ( -19.6923243705861, 18.2812500000000, 99.0000000000000 ) );
#3422 = CARTESIAN_POINT( '', ( -37.8856598041439, 18.5625000000000, 91.4640737186174 ) );
#3423 = CARTESIAN_POINT( '', ( -56.0789952377016, 18.8437500000000, 83.9281474372348 ) );
#3424 = CARTESIAN_POINT( '', ( -70.0035713374682, 19.1250000000000, 70.0035713374682 ) );
#3425 = CARTESIAN_POINT( '', ( -83.9281474372348, 19.4062500000000, 56.0789952377016 ) );
#3426 = CARTESIAN_POINT( '', ( -91.4640737186174, 19.6875000000000, 37.8856598041439 ) );
#3427 = CARTESIAN_POINT( '', ( -99.0000000000000, 19.9687500000000, 19.6923243705861 ) );
#3428 = CARTESIAN_POINT( '', ( -99.0000000000000, 20.2500000000000, 6.06200165577940E-015 ) );
#3429 = CARTESIAN_POINT( '', ( -99.0000000000000, 20.5312500000000, -19.6923243705861 ) );
#3430 = CARTESIAN_POINT( '', ( -91.4640737186174, 20.8125000000000, -37.8856598041439 ) );
#3431 = CARTESIAN_POINT( '', ( -83.9281474372348, 21.0937500000000, -56.0789952377016 ) );
#3432 = CARTESIAN_POINT( '', ( -70.0035713374682, 21.3750000000000, -70.0035713374682 ) );
#3433 = CARTESIAN_POINT( '', ( -56.0789952377016, 21.6562500000000, -83.9281474372348 ) );
#3434 = CARTESIAN_POINT( '', ( -37.8856598041439, 21.9375000000000, -91.4640737186174 ) );
#3435 = CARTESIAN_POINT( '', ( -19.6923243705862, 22.2187500000000, -99.0000000000000 ) );
#3436 = CARTESIAN_POINT( '', ( -1.21240033115588E-014, 22.5000000000000, -99.0000000000000 ) );
#3437 = CARTESIAN_POINT( '', ( 19.6923243705861, 22.7812500000000, -99.0000000000000 ) );
#3438 = CARTESIAN_POINT( '', ( 37.8856598041439, 23.0625000000000, -91.4640737186174 ) );
#3439 = CARTESIAN_POINT( '', ( 56.0789952377016, 23.3437500000000, -83.9281474372348 ) );
#3440 = CARTESIAN_POINT( '', ( 70.0035713374682, 23.6250000000000, -70.0035713374682 ) );
#3441 = CARTESIAN_POINT( '', ( 83.9281474372348, 23.9062500000000, -56.0789952377016 ) );
#3442 = CARTESIAN_POINT( '', ( 91.4640737186174, 24.1875000000000, -37.8856598041439 ) );
#3443 = CARTESIAN_POINT( '', ( 99.0000000000000, 24.4687500000000, -19.6923243705862 ) );
#3444 = CARTESIAN_POINT( '', ( 99.0000000000000, 24.7500000000000, -1.81860049673382E-014 ) );
#3445 = CARTESIAN_POINT( '', ( 99.0000000000000, 25.0312500000000, 19.6923243705861 ) );
#3446 = CARTESIAN_POINT( '', ( 91.4640737186174, 25.3125000000000, 37.8856598041439 ) );
#3447 = CARTESIAN_POINT( '', ( 83.9281474372348, 25.5937500000000, 56.0789952377016 ) );
#3448 = CARTESIAN_POINT( '', ( 70.0035713374682, 25.8750000000000, 70.0035713374682 ) );
#3449 = CARTESIAN_POINT( '', ( 56.0789952377016, 26.1562500000000, 83.9281474372348 ) );
#3450 = CARTESIAN_POINT( '', ( 37.8856598041439, 26.4375000000000, 91.4640737186174 ) );
#3451 = CARTESIAN_POINT( '', ( 19.6923243705862, 26.7187500000000, 99.0000000000000 ) );
#3452 = CARTESIAN_POINT( '', ( 0.000000000000000, 27.0000000000000, 99.0000000000000 ) );
#3453 = CARTESIAN_POINT( '', ( 0.000000000000000, -8.00000000000000, 98.9999999999999 ) );
#3454 = CARTESIAN_POINT( '', ( -19.6923243705861, -7.71875000000001, 98.9999999999999 ) );
#3455 = CARTESIAN_POINT( '', ( -37.8856598041439, -7.43750000000001, 91.4640737186173 ) );
#3456 = CARTESIAN_POINT( '', ( -56.0789952377017, -7.15625000000001, 83.9281474372348 ) );
#3457 = CARTESIAN_POINT( '', ( -70.0035713374681, -6.87500000000000, 70.0035713374682 ) );
#3458 = CARTESIAN_POINT( '', ( -83.9281474372348, -6.59375000000001, 56.0789952377017 ) );
#3459 = CARTESIAN_POINT( '', ( -91.4640737186173, -6.31250000000001, 37.8856598041439 ) );
#3460 = CARTESIAN_POINT( '', ( -98.9999999999999, -6.03125000000001, 19.6923243705862 ) );
#3461 = CARTESIAN_POINT( '', ( -98.9999999999999, -5.75000000000001, 6.06200165577940E-015 ) );
#3462 = CARTESIAN_POINT( '', ( -98.9999999999999, -5.46875000000002, -19.6923243705861 ) );
#3463 = CARTESIAN_POINT( '', ( -91.4640737186173, -5.18750000000001, -37.8856598041439 ) );
#3464 = CARTESIAN_POINT( '', ( -83.9281474372348, -4.90625000000000, -56.0789952377015 ) );
#3465 = CARTESIAN_POINT( '', ( -70.0035713374682, -4.62500000000001, -70.0035713374681 ) );
#3466 = CARTESIAN_POINT( '', ( -56.0789952377017, -4.34375000000001, -83.9281474372348 ) );
#3467 = CARTESIAN_POINT( '', ( -37.8856598041439, -4.06250000000001, -91.4640737186173 ) );
#3468 = CARTESIAN_POINT( '', ( -19.6923243705862, -3.78125000000000, -98.9999999999999 ) );
#3469 = CARTESIAN_POINT( '', ( -1.21240033115588E-014, -3.50000000000001, -98.9999999999999 ) );
#3470 = CARTESIAN_POINT( '', ( 19.6923243705862, -3.21875000000001, -98.9999999999999 ) );
#3471 = CARTESIAN_POINT( '', ( 37.8856598041439, -2.93750000000001, -91.4640737186173 ) );
#3472 = CARTESIAN_POINT( '', ( 56.0789952377015, -2.65625000000001, -83.9281474372348 ) );
#3473 = CARTESIAN_POINT( '', ( 70.0035713374681, -2.37500000000001, -70.0035713374682 ) );
#3474 = CARTESIAN_POINT( '', ( 83.9281474372348, -2.09375000000001, -56.0789952377017 ) );
#3475 = CARTESIAN_POINT( '', ( 91.4640737186173, -1.81250000000001, -37.8856598041439 ) );
#3476 = CARTESIAN_POINT( '', ( 98.9999999999999, -1.53125000000001, -19.6923243705862 ) );
#3477 = CARTESIAN_POINT( '', ( 98.9999999999999, -1.25000000000001, -1.81860049673382E-014 ) );
#3478 = CARTESIAN_POINT( '', ( 98.9999999999999, -0.968750000000011, 19.6923243705862 ) );
#3479 = CARTESIAN_POINT( '', ( 91.4640737186173, -0.687500000000011, 37.8856598041439 ) );
#3480 = CARTESIAN_POINT( '', ( 83.9281474372348, -0.406250000000011, 56.0789952377015 ) );
#3481 = CARTESIAN_POINT( '', ( 70.0035713374682, -0.125000000000011, 70.0035713374681 ) );
#3482 = CARTESIAN_POINT( '', ( 56.0789952377017, 0.156249999999988, 83.9281474372348 ) );
#3483 = CARTESIAN_POINT( '', ( 37.8856598041439, 0.437499999999988, 91.4640737186173 ) );
#3484 = CARTESIAN_POINT( '', ( 19.6923243705862, 0.718749999999987, 98.9999999999999 ) );
#3485 = CARTESIAN_POINT( '', ( 0.000000000000000, 0.999999999999988, 98.9999999999999 ) );
#3486 = CARTESIAN_POINT( '', ( -19.6923243705861, 1.28124999999999, 98.9999999999999 ) );
#3487 = CARTESIAN_POINT( '', ( -37.8856598041439, 1.56249999999999, 91.4640737186173 ) );
#3488 = CARTESIAN_POINT( '', ( -56.0789952377017, 1.84374999999999, 83.9281474372348 ) );
#3489 = CARTESIAN_POINT( '', ( -70.0035713374681, 2.12499999999999, 70.0035713374682 ) );
#3490 = CARTESIAN_POINT( '', ( -83.9281474372348, 2.40624999999999, 56.0789952377017 ) );
#3491 = CARTESIAN_POINT( '', ( -91.4640737186173, 2.68749999999999, 37.8856598041439 ) );
#3492 = CARTESIAN_POINT( '', ( -98.9999999999999, 2.96874999999999, 19.6923243705862 ) );
#3493 = CARTESIAN_POINT( '', ( -98.9999999999999, 3.24999999999999, 6.06200165577940E-015 ) );
#3494 = CARTESIAN_POINT( '', ( -98.9999999999999, 3.53124999999999, -19.6923243705861 ) );
#3495 = CARTESIAN_POINT( '', ( -91.4640737186173, 3.81249999999999, -37.8856598041439 ) );
#3496 = CARTESIAN_POINT( '', ( -83.9281474372348, 4.09374999999998, -56.0789952377015 ) );
#3497 = CARTESIAN_POINT( '', ( -70.0035713374682, 4.37499999999999, -70.0035713374681 ) );
#3498 = CARTESIAN_POINT( '', ( -56.0789952377017, 4.65624999999998, -83.9281474372348 ) );
#3499 = CARTESIAN_POINT( '', ( -37.8856598041439, 4.93749999999999, -91.4640737186173 ) );
#3500 = CARTESIAN_POINT( '', ( -19.6923243705862, 5.21874999999998, -98.9999999999999 ) );
#3501 = CARTESIAN_POINT( '', ( -1.21240033115588E-014, 5.49999999999999, -98.9999999999999 ) );
#3502 = CARTESIAN_POINT( '', ( 19.6923243705862, 5.78124999999998, -98.9999999999999 ) );
#3503 = CARTESIAN_POINT( '', ( 37.8856598041439, 6.06249999999999, -91.4640737186173 ) );
#3504 = CARTESIAN_POINT( '', ( 56.0789952377015, 6.34374999999999, -83.9281474372348 ) );
#3505 = CARTESIAN_POINT( '', ( 70.0035713374681, 6.62499999999999, -70.0035713374682 ) );
#3506 = CARTESIAN_POINT( '', ( 83.9281474372348, 6.90624999999999, -56.0789952377017 ) );
#3507 = CARTESIAN_POINT( '', ( 91.4640737186173, 7.18749999999999, -37.8856598041439 ) );
#3508 = CARTESIAN_POINT( '', ( 98.9999999999999, 7.46874999999999, -19.6923243705862 ) );
#3509 = CARTESIAN_POINT( '', ( 98.9999999999999, 7.74999999999999, -1.81860049673382E-014 ) );
#3510 = CARTESIAN_POINT( '', ( 98.9999999999999, 8.03124999999999, 19.6923243705862 ) );
#3511 = CARTESIAN_POINT( '', ( 91.4640737186173, 8.31249999999998, 37.8856598041439 ) );
#3512 = CARTESIAN_POINT( '', ( 83.9281474372348, 8.59374999999998, 56.0789952377015 ) );
#3513 = CARTESIAN_POINT( '', ( 70.0035713374682, 8.87499999999999, 70.0035713374681 ) );
#3514 = CARTESIAN_POINT( '', ( 56.0789952377017, 9.15624999999998, 83.9281474372348 ) );
#3515 = CARTESIAN_POINT( '', ( 37.8856598041439, 9.43749999999999, 91.4640737186173 ) );
#3516 = CARTESIAN_POINT( '', ( 19.6923243705862, 9.71874999999998, 98.9999999999999 ) );
#3517 = CARTESIAN_POINT( '', ( 0.000000000000000, 9.99999999999998, 98.9999999999999 ) );
#3518 = CARTESIAN_POINT( '', ( -19.6923243705861, 10.2812500000000, 98.9999999999999 ) );
#3519 = CARTESIAN_POINT( '', ( -37.8856598041439, 10.5625000000000, 91.4640737186173 ) );
#3520 = CARTESIAN_POINT( '', ( -56.0789952377017, 10.8437500000000, 83.9281474372348 ) );
#3521 = CARTESIAN_POINT( '', ( -70.0035713374681, 11.1250000000000, 70.0035713374682 ) );
#3522 = CARTESIAN_POINT( '', ( -83.9281474372348, 11.4062500000000, 56.0789952377017 ) );
#3523 = CARTESIAN_POINT( '', ( -91.4640737186173, 11.6875000000000, 37.8856598041439 ) );
#3524 = CARTESIAN_POINT( '', ( -98.9999999999999, 11.9687500000000, 19.6923243705862 ) );
#3525 = CARTESIAN_POINT( '', ( -98.9999999999999, 12.2500000000000, 6.06200165577940E-015 ) );
#3526 = CARTESIAN_POINT( '', ( -98.9999999999999, 12.5312500000000, -19.6923243705861 ) );
#3527 = CARTESIAN_POINT( '', ( -91.4640737186173, 12.8125000000000, -37.8856598041439 ) );
#3528 = CARTESIAN_POINT( '', ( -83.9281474372348, 13.0937500000000, -56.0789952377015 ) );
#3529 = CARTESIAN_POINT( '', ( -70.0035713374682, 13.3750000000000, -70.0035713374681 ) );
#3530 = CARTESIAN_POINT( '', ( -56.0789952377017, 13.6562500000000, -83.9281474372348 ) );
#3531 = CARTESIAN_POINT( '', ( -37.8856598041439, 13.9375000000000, -91.4640737186173 ) );
#3532 = CARTESIAN_POINT( '', ( -19.6923243705862, 14.2187500000000, -98.9999999999999 ) );
#3533 = CARTESIAN_POINT( '', ( -1.21240033115588E-014, 14.5000000000000, -98.9999999999999 ) );
#3534 = CARTESIAN_POINT( '', ( 19.6923243705862, 14.7812500000000, -98.9999999999999 ) );
#3535 = CARTESIAN_POINT( '', ( 37.8856598041439, 15.0625000000000, -91.4640737186173 ) );
#3536 = CARTESIAN_POINT( '', ( 56.0789952377015, 15.3437500000000, -83.9281474372348 ) );
#3537 = CARTESIAN_POINT( '', ( 70.0035713374681, 15.6250000000000, -70.0035713374682 ) );
#3538 = CARTESIAN_POINT( '', ( 83.9281474372348, 15.9062500000000, -56.0789952377017 ) );
#3539 = CARTESIAN_POINT( '', ( 91.4640737186173, 16.1875000000000, -37.8856598041439 ) );
#3540 = CARTESIAN_POINT( '', ( 98.9999999999999, 16.4687500000000, -19.6923243705862 ) );
#3541 = CARTESIAN_POINT( '', ( 98.9999999999999, 16.7500000000000, -1.81860049673382E-014 ) );
#3542 = CARTESIAN_POINT( '', ( 98.9999999999999, 17.0312500000000, 19.6923243705862 ) );
#3543 = CARTESIAN_POINT( '', ( 91.4640737186173, 17.3125000000000, 37.8856598041439 ) );
#3544 = CARTESIAN_POINT( '', ( 83.9281474372348, 17.5937500000000, 56.0789952377015 ) );
#3545 = CARTESIAN_POINT( '', ( 70.0035713374682, 17.8750000000000, 70.0035713374681 ) );
#3546 = CARTESIAN_POINT( '', ( 56.0789952377017, 18.1562500000000, 83.9281474372348 ) );
#3547 = CARTESIAN_POINT( '', ( 37.8856598041439, 18.4375000000000, 91.4640737186173 ) );
#3548 = CARTESIAN_POINT( '', ( 19.6923243705862, 18.7187500000000, 98.9999999999999 ) );
#3549 = CARTESIAN_POINT( '', ( 0.000000000000000, 19.0000000000000, 98.9999999999999 ) );
#3550 = CARTESIAN_POINT( '', ( 0.000000000000000, -8.00000000000000, 91.0000000000000 ) );
#3551 = CARTESIAN_POINT( '', ( -18.1010254315489, -7.71875000000001, 91.0000000000000 ) );
#3552 = CARTESIAN_POINT( '', ( -34.8241923452232, -7.43750000000001, 84.0730374585271 ) );
#3553 = CARTESIAN_POINT( '', ( -51.5473592588974, -7.15625000000001, 77.1460749170542 ) );
#3554 = CARTESIAN_POINT( '', ( -64.3467170879758, -6.87500000000000, 64.3467170879758 ) );
#3555 = CARTESIAN_POINT( '', ( -77.1460749170542, -6.59375000000001, 51.5473592588975 ) );
#3556 = CARTESIAN_POINT( '', ( -84.0730374585271, -6.31250000000001, 34.8241923452232 ) );
#3557 = CARTESIAN_POINT( '', ( -91.0000000000000, -6.03125000000001, 18.1010254315489 ) );
#3558 = CARTESIAN_POINT( '', ( -91.0000000000000, -5.75000000000001, 5.57214293612046E-015 ) );
#3559 = CARTESIAN_POINT( '', ( -91.0000000000000, -5.46875000000002, -18.1010254315489 ) );
#3560 = CARTESIAN_POINT( '', ( -84.0730374585271, -5.18750000000001, -34.8241923452232 ) );
#3561 = CARTESIAN_POINT( '', ( -77.1460749170542, -4.90625000000000, -51.5473592588974 ) );
#3562 = CARTESIAN_POINT( '', ( -64.3467170879758, -4.62500000000001, -64.3467170879758 ) );
#3563 = CARTESIAN_POINT( '', ( -51.5473592588974, -4.34375000000001, -77.1460749170542 ) );
#3564 = CARTESIAN_POINT( '', ( -34.8241923452232, -4.06250000000001, -84.0730374585271 ) );
#3565 = CARTESIAN_POINT( '', ( -18.1010254315489, -3.78125000000000, -91.0000000000000 ) );
#3566 = CARTESIAN_POINT( '', ( -1.11442858722409E-014, -3.50000000000001, -91.0000000000000 ) );
#3567 = CARTESIAN_POINT( '', ( 18.1010254315489, -3.21875000000001, -91.0000000000000 ) );
#3568 = CARTESIAN_POINT( '', ( 34.8241923452232, -2.93750000000001, -84.0730374585271 ) );
#3569 = CARTESIAN_POINT( '', ( 51.5473592588974, -2.65625000000001, -77.1460749170542 ) );
#3570 = CARTESIAN_POINT( '', ( 64.3467170879758, -2.37500000000001, -64.3467170879758 ) );
#3571 = CARTESIAN_POINT( '', ( 77.1460749170542, -2.09375000000001, -51.5473592588974 ) );
#3572 = CARTESIAN_POINT( '', ( 84.0730374585271, -1.81250000000001, -34.8241923452232 ) );
#3573 = CARTESIAN_POINT( '', ( 91.0000000000000, -1.53125000000001, -18.1010254315489 ) );
#3574 = CARTESIAN_POINT( '', ( 91.0000000000000, -1.25000000000001, -1.67164288083614E-014 ) );
#3575 = CARTESIAN_POINT( '', ( 91.0000000000000, -0.968750000000011, 18.1010254315489 ) );
#3576 = CARTESIAN_POINT( '', ( 84.0730374585271, -0.687500000000011, 34.8241923452232 ) );
#3577 = CARTESIAN_POINT( '', ( 77.1460749170542, -0.406250000000011, 51.5473592588974 ) );
#3578 = CARTESIAN_POINT( '', ( 64.3467170879758, -0.125000000000011, 64.3467170879758 ) );
#3579 = CARTESIAN_POINT( '', ( 51.5473592588974, 0.156249999999988, 77.1460749170542 ) );
#3580 = CARTESIAN_POINT( '', ( 34.8241923452232, 0.437499999999988, 84.0730374585271 ) );
#3581 = CARTESIAN_POINT( '', ( 18.1010254315489, 0.718749999999987, 91.0000000000000 ) );
#3582 = CARTESIAN_POINT( '', ( 0.000000000000000, 0.999999999999988, 91.0000000000000 ) );
#3583 = CARTESIAN_POINT( '', ( -18.1010254315489, 1.28124999999999, 91.0000000000000 ) );
#3584 = CARTESIAN_POINT( '', ( -34.8241923452232, 1.56249999999999, 84.0730374585271 ) );
#3585 = CARTESIAN_POINT( '', ( -51.5473592588974, 1.84374999999999, 77.1460749170542 ) );
#3586 = CARTESIAN_POINT( '', ( -64.3467170879758, 2.12499999999999, 64.3467170879758 ) );
#3587 = CARTESIAN_POINT( '', ( -77.1460749170542, 2.40624999999999, 51.5473592588975 ) );
#3588 = CARTESIAN_POINT( '', ( -84.0730374585271, 2.68749999999999, 34.8241923452232 ) );
#3589 = CARTESIAN_POINT( '', ( -91.0000000000000, 2.96874999999999, 18.1010254315489 ) );
#3590 = CARTESIAN_POINT( '', ( -91.0000000000000, 3.24999999999999, 5.57214293612046E-015 ) );
#3591 = CARTESIAN_POINT( '', ( -91.0000000000000, 3.53124999999999, -18.1010254315489 ) );
#3592 = CARTESIAN_POINT( '', ( -84.0730374585271, 3.81249999999999, -34.8241923452232 ) );
#3593 = CARTESIAN_POINT( '', ( -77.1460749170542, 4.09374999999998, -51.5473592588974 ) );
#3594 = CARTESIAN_POINT( '', ( -64.3467170879758, 4.37499999999999, -64.3467170879758 ) );
#3595 = CARTESIAN_POINT( '', ( -51.5473592588974, 4.65624999999998, -77.1460749170542 ) );
#3596 = CARTESIAN_POINT( '', ( -34.8241923452232, 4.93749999999999, -84.0730374585271 ) );
#3597 = CARTESIAN_POINT( '', ( -18.1010254315489, 5.21874999999998, -91.0000000000000 ) );
#3598 = CARTESIAN_POINT( '', ( -1.11442858722409E-014, 5.49999999999999, -91.0000000000000 ) );
#3599 = CARTESIAN_POINT( '', ( 18.1010254315489, 5.78124999999998, -91.0000000000000 ) );
#3600 = CARTESIAN_POINT( '', ( 34.8241923452232, 6.06249999999999, -84.0730374585271 ) );
#3601 = CARTESIAN_POINT( '', ( 51.5473592588974, 6.34374999999999, -77.1460749170542 ) );
#3602 = CARTESIAN_POINT( '', ( 64.3467170879758, 6.62499999999999, -64.3467170879758 ) );
#3603 = CARTESIAN_POINT( '', ( 77.1460749170542, 6.90624999999999, -51.5473592588974 ) );
#3604 = CARTESIAN_POINT( '', ( 84.0730374585271, 7.18749999999999, -34.8241923452232 ) );
#3605 = CARTESIAN_POINT( '', ( 91.0000000000000, 7.46874999999999, -18.1010254315489 ) );
#3606 = CARTESIAN_POINT( '', ( 91.0000000000000, 7.74999999999999, -1.67164288083614E-014 ) );
#3607 = CARTESIAN_POINT( '', ( 91.0000000000000, 8.03124999999999, 18.1010254315489 ) );
#3608 = CARTESIAN_POINT( '', ( 84.0730374585271, 8.31249999999998, 34.8241923452232 ) );
#3609 = CARTESIAN_POINT( '', ( 77.1460749170542, 8.59374999999998, 51.5473592588974 ) );
#3610 = CARTESIAN_POINT( '', ( 64.3467170879758, 8.87499999999999, 64.3467170879758 ) );
#3611 = CARTESIAN_POINT( '', ( 51.5473592588974, 9.15624999999998, 77.1460749170542 ) );
#3612 = CARTESIAN_POINT( '', ( 34.8241923452232, 9.43749999999999, 84.0730374585271 ) );
#3613 = CARTESIAN_POINT( '', ( 18.1010254315489, 9.71874999999998, 91.0000000000000 ) );
#3614 = CARTESIAN_POINT( '', ( 0.000000000000000, 9.99999999999998, 91.0000000000000 ) );
#3615 = CARTESIAN_POINT( '', ( -18.1010254315489, 10.2812500000000, 91.0000000000000 ) );
#3616 = CARTESIAN_POINT( '', ( -34.8241923452232, 10.5625000000000, 84.0730374585271 ) );
#3617 = CARTESIAN_POINT( '', ( -51.5473592588974, 10.8437500000000, 77.1460749170542 ) );
#3618 = CARTESIAN_POINT( '', ( -64.3467170879758, 11.1250000000000, 64.3467170879758 ) );
#3619 = CARTESIAN_POINT( '', ( -77.1460749170542, 11.4062500000000, 51.5473592588975 ) );
#3620 = CARTESIAN_POINT( '', ( -84.0730374585271, 11.6875000000000, 34.8241923452232 ) );
#3621 = CARTESIAN_POINT( '', ( -91.0000000000000, 11.9687500000000, 18.1010254315489 ) );
#3622 = CARTESIAN_POINT( '', ( -91.0000000000000, 12.2500000000000, 5.57214293612046E-015 ) );
#3623 = CARTESIAN_POINT( '', ( -91.0000000000000, 12.5312500000000, -18.1010254315489 ) );
#3624 = CARTESIAN_POINT( '', ( -84.0730374585271, 12.8125000000000, -34.8241923452232 ) );
#3625 = CARTESIAN_POINT( '', ( -77.1460749170542, 13.0937500000000, -51.5473592588974 ) );
#3626 = CARTESIAN_POINT( '', ( -64.3467170879758, 13.3750000000000, -64.3467170879758 ) );
#3627 = CARTESIAN_POINT( '', ( -51.5473592588974, 13.6562500000000, -77.1460749170542 ) );
#3628 = CARTESIAN_POINT( '', ( -34.8241923452232, 13.9375000000000, -84.0730374585271 ) );
#3629 = CARTESIAN_POINT( '', ( -18.1010254315489, 14.2187500000000, -91.0000000000000 ) );
#3630 = CARTESIAN_POINT( '', ( -1.11442858722409E-014, 14.5000000000000, -91.0000000000000 ) );
#3631 = CARTESIAN_POINT( '', ( 18.1010254315489, 14.7812500000000, -91.0000000000000 ) );
#3632 = CARTESIAN_POINT( '', ( 34.8241923452232, 15.0625000000000, -84.0730374585271 ) );
#3633 = CARTESIAN_POINT( '', ( 51.5473592588974, 15.3437500000000, -77.1460749170542 ) );
#3634 = CARTESIAN_POINT( '', ( 64.3467170879758, 15.6250000000000, -64.3467170879758 ) );
#3635 = CARTESIAN_POINT( '', ( 77.1460749170542, 15.9062500000000, -51.5473592588974 ) );
#3636 = CARTESIAN_POINT( '', ( 84.0730374585271, 16.1875000000000, -34.8241923452232 ) );
#3637 = CARTESIAN_POINT( '', ( 91.0000000000000, 16.4687500000000, -18.1010254315489 ) );
#3638 = CARTESIAN_POINT( '', ( 91.0000000000000, 16.7500000000000, -1.67164288083614E-014 ) );
#3639 = CARTESIAN_POINT( '', ( 91.0000000000000, 17.0312500000000, 18.1010254315489 ) );
#3640 = CARTESIAN_POINT( '', ( 84.0730374585271, 17.3125000000000, 34.8241923452232 ) );
#3641 = CARTESIAN_POINT( '', ( 77.1460749170542, 17.5937500000000, 51.5473592588974 ) );
#3642 = CARTESIAN_POINT( '', ( 64.3467170879758, 17.8750000000000, 64.3467170879758 ) );
#3643 = CARTESIAN_POINT( '', ( 51.5473592588974, 18.1562500000000, 77.1460749170542 ) );
#3644 = CARTESIAN_POINT( '', ( 34.8241923452232, 18.4375000000000, 84.0730374585271 ) );
#3645 = CARTESIAN_POINT( '', ( 18.1010254315489, 18.7187500000000, 91.0000000000000 ) );
#3646 = CARTESIAN_POINT( '', ( 0.000000000000000, 19.0000000000000, 91.0000000000000 ) );
#3647 = CARTESIAN_POINT( '', ( 0.000000000000000, 0.000000000000000, 91.0000000000000 ) );
#3648 = CARTESIAN_POINT( '', ( -18.1010254315489, 0.281250000000000, 91.0000000000001 ) );
#3649 = CARTESIAN_POINT( '', ( -34.8241923452232, 0.562500000000000, 84.0730374585271 ) );
#3650 = CARTESIAN_POINT( '', ( -51.5473592588975, 0.843750000000001, 77.1460749170542 ) );
#3651 = CARTESIAN_POINT( '', ( -64.3467170879758, 1.12500000000000, 64.3467170879758 ) );
#3652 = CARTESIAN_POINT( '', ( -77.1460749170542, 1.40625000000000, 51.5473592588975 ) );
#3653 = CARTESIAN_POINT( '', ( -84.0730374585271, 1.68750000000000, 34.8241923452232 ) );
#3654 = CARTESIAN_POINT( '', ( -91.0000000000001, 1.96875000000000, 18.1010254315489 ) );
#3655 = CARTESIAN_POINT( '', ( -91.0000000000000, 2.25000000000000, 5.57214293612046E-015 ) );
#3656 = CARTESIAN_POINT( '', ( -91.0000000000001, 2.53125000000000, -18.1010254315489 ) );
#3657 = CARTESIAN_POINT( '', ( -84.0730374585271, 2.81250000000000, -34.8241923452232 ) );
#3658 = CARTESIAN_POINT( '', ( -77.1460749170542, 3.09375000000000, -51.5473592588975 ) );
#3659 = CARTESIAN_POINT( '', ( -64.3467170879758, 3.37500000000000, -64.3467170879758 ) );
#3660 = CARTESIAN_POINT( '', ( -51.5473592588975, 3.65625000000000, -77.1460749170542 ) );
#3661 = CARTESIAN_POINT( '', ( -34.8241923452232, 3.93750000000000, -84.0730374585271 ) );
#3662 = CARTESIAN_POINT( '', ( -18.1010254315489, 4.21875000000000, -91.0000000000001 ) );
#3663 = CARTESIAN_POINT( '', ( -1.11442858722409E-014, 4.50000000000000, -91.0000000000000 ) );
#3664 = CARTESIAN_POINT( '', ( 18.1010254315489, 4.78125000000001, -91.0000000000001 ) );
#3665 = CARTESIAN_POINT( '', ( 34.8241923452232, 5.06250000000000, -84.0730374585271 ) );
#3666 = CARTESIAN_POINT( '', ( 51.5473592588975, 5.34375000000000, -77.1460749170542 ) );
#3667 = CARTESIAN_POINT( '', ( 64.3467170879758, 5.62500000000000, -64.3467170879759 ) );
#3668 = CARTESIAN_POINT( '', ( 77.1460749170542, 5.90625000000000, -51.5473592588975 ) );
#3669 = CARTESIAN_POINT( '', ( 84.0730374585271, 6.18750000000000, -34.8241923452232 ) );
#3670 = CARTESIAN_POINT( '', ( 91.0000000000001, 6.46875000000001, -18.1010254315489 ) );
#3671 = CARTESIAN_POINT( '', ( 91.0000000000000, 6.75000000000000, -1.67164288083614E-014 ) );
#3672 = CARTESIAN_POINT( '', ( 91.0000000000001, 7.03125000000000, 18.1010254315489 ) );
#3673 = CARTESIAN_POINT( '', ( 84.0730374585271, 7.31250000000000, 34.8241923452232 ) );
#3674 = CARTESIAN_POINT( '', ( 77.1460749170542, 7.59375000000000, 51.5473592588975 ) );
#3675 = CARTESIAN_POINT( '', ( 64.3467170879759, 7.87500000000000, 64.3467170879758 ) );
#3676 = CARTESIAN_POINT( '', ( 51.5473592588975, 8.15625000000001, 77.1460749170542 ) );
#3677 = CARTESIAN_POINT( '', ( 34.8241923452233, 8.43750000000000, 84.0730374585271 ) );
#3678 = CARTESIAN_POINT( '', ( 18.1010254315489, 8.71875000000000, 91.0000000000001 ) );
#3679 = CARTESIAN_POINT( '', ( 0.000000000000000, 9.00000000000000, 91.0000000000000 ) );
#3680 = CARTESIAN_POINT( '', ( -18.1010254315489, 9.28125000000000, 91.0000000000001 ) );
#3681 = CARTESIAN_POINT( '', ( -34.8241923452232, 9.56250000000000, 84.0730374585271 ) );
#3682 = CARTESIAN_POINT( '', ( -51.5473592588975, 9.84375000000001, 77.1460749170542 ) );
#3683 = CARTESIAN_POINT( '', ( -64.3467170879758, 10.1250000000000, 64.3467170879758 ) );
#3684 = CARTESIAN_POINT( '', ( -77.1460749170542, 10.4062500000000, 51.5473592588975 ) );
#3685 = CARTESIAN_POINT( '', ( -84.0730374585271, 10.6875000000000, 34.8241923452232 ) );
#3686 = CARTESIAN_POINT( '', ( -91.0000000000001, 10.9687500000000, 18.1010254315489 ) );
#3687 = CARTESIAN_POINT( '', ( -91.0000000000000, 11.2500000000000, 5.57214293612046E-015 ) );
#3688 = CARTESIAN_POINT( '', ( -91.0000000000001, 11.5312500000000, -18.1010254315489 ) );
#3689 = CARTESIAN_POINT( '', ( -84.0730374585271, 11.8125000000000, -34.8241923452232 ) );
#3690 = CARTESIAN_POINT( '', ( -77.1460749170542, 12.0937500000000, -51.5473592588975 ) );
#3691 = CARTESIAN_POINT( '', ( -64.3467170879758, 12.3750000000000, -64.3467170879758 ) );
#3692 = CARTESIAN_POINT( '', ( -51.5473592588975, 12.6562500000000, -77.1460749170542 ) );
#3693 = CARTESIAN_POINT( '', ( -34.8241923452232, 12.9375000000000, -84.0730374585271 ) );
#3694 = CARTESIAN_POINT( '', ( -18.1010254315489, 13.2187500000000, -91.0000000000001 ) );
#3695 = CARTESIAN_POINT( '', ( -1.11442858722409E-014, 13.5000000000000, -91.0000000000000 ) );
#3696 = CARTESIAN_POINT( '', ( 18.1010254315489, 13.7812500000000, -91.0000000000001 ) );
#3697 = CARTESIAN_POINT( '', ( 34.8241923452232, 14.0625000000000, -84.0730374585271 ) );
#3698 = CARTESIAN_POINT( '', ( 51.5473592588975, 14.3437500000000, -77.1460749170542 ) );
#3699 = CARTESIAN_POINT( '', ( 64.3467170879758, 14.6250000000000, -64.3467170879759 ) );
#3700 = CARTESIAN_POINT( '', ( 77.1460749170542, 14.9062500000000, -51.5473592588975 ) );
#3701 = CARTESIAN_POINT( '', ( 84.0730374585271, 15.1875000000000, -34.8241923452232 ) );
#3702 = CARTESIAN_POINT( '', ( 91.0000000000001, 15.4687500000000, -18.1010254315489 ) );
#3703 = CARTESIAN_POINT( '', ( 91.0000000000000, 15.7500000000000, -1.67164288083614E-014 ) );
#3704 = CARTESIAN_POINT( '', ( 91.0000000000001, 16.0312500000000, 18.1010254315489 ) );
#3705 = CARTESIAN_POINT( '', ( 84.0730374585271, 16.3125000000000, 34.8241923452232 ) );
#3706 = CARTESIAN_POINT( '', ( 77.1460749170542, 16.5937500000000, 51.5473592588975 ) );
#3707 = CARTESIAN_POINT( '', ( 64.3467170879759, 16.8750000000000, 64.3467170879758 ) );
#3708 = CARTESIAN_POINT( '', ( 51.5473592588975, 17.1562500000000, 77.1460749170542 ) );
#3709 = CARTESIAN_POINT( '', ( 34.8241923452233, 17.4375000000000, 84.0730374585271 ) );
#3710 = CARTESIAN_POINT( '', ( 18.1010254315489, 17.7187500000000, 91.0000000000001 ) );
#3711 = CARTESIAN_POINT( '', ( 0.000000000000000, 18.0000000000000, 91.0000000000000 ) );
#3712 = CARTESIAN_POINT( '', ( -18.1010254315489, 18.2812500000000, 91.0000000000001 ) );
#3713 = CARTESIAN_POINT( '', ( -34.8241923452232, 18.5625000000000, 84.0730374585271 ) );
#3714 = CARTESIAN_POINT( '', ( -51.5473592588975, 18.8437500000000, 77.1460749170542 ) );
#3715 = CARTESIAN_POINT( '', ( -64.3467170879758, 19.1250000000000, 64.3467170879758 ) );
#3716 = CARTESIAN_POINT( '', ( -77.1460749170542, 19.4062500000000, 51.5473592588975 ) );
#3717 = CARTESIAN_POINT( '', ( -84.0730374585271, 19.6875000000000, 34.8241923452232 ) );
#3718 = CARTESIAN_POINT( '', ( -91.0000000000001, 19.9687500000000, 18.1010254315489 ) );
#3719 = CARTESIAN_POINT( '', ( -91.0000000000000, 20.2500000000000, 5.57214293612046E-015 ) );
#3720 = CARTESIAN_POINT( '', ( -91.0000000000001, 20.5312500000000, -18.1010254315489 ) );
#3721 = CARTESIAN_POINT( '', ( -84.0730374585271, 20.8125000000000, -34.8241923452232 ) );
#3722 = CARTESIAN_POINT( '', ( -77.1460749170542, 21.0937500000000, -51.5473592588975 ) );
#3723 = CARTESIAN_POINT( '', ( -64.3467170879758, 21.3750000000000, -64.3467170879758 ) );
#3724 = CARTESIAN_POINT( '', ( -51.5473592588975, 21.6562500000000, -77.1460749170542 ) );
#3725 = CARTESIAN_POINT( '', ( -34.8241923452232, 21.9375000000000, -84.0730374585271 ) );
#3726 = CARTESIAN_POINT( '', ( -18.1010254315489, 22.2187500000000, -91.0000000000001 ) );
#3727 = CARTESIAN_POINT( '', ( -1.11442858722409E-014, 22.5000000000000, -91.0000000000000 ) );
#3728 = CARTESIAN_POINT( '', ( 18.1010254315489, 22.7812500000000, -91.0000000000001 ) );
#3729 = CARTESIAN_POINT( '', ( 34.8241923452232, 23.0625000000000, -84.0730374585271 ) );
#3730 = CARTESIAN_POINT( '', ( 51.5473592588975, 23.3437500000000, -77.1460749170542 ) );
#3731 = CARTESIAN_POINT( '', ( 64.3467170879758, 23.6250000000000, -64.3467170879759 ) );
#3732 = CARTESIAN_POINT( '', ( 77.1460749170542, 23.9062500000000, -51.5473592588975 ) );
#3733 = CARTESIAN_POINT( '', ( 84.0730374585271, 24.1875000000000, -34.8241923452232 ) );
#3734 = CARTESIAN_POINT( '', ( 91.0000000000001, 24.4687500000000, -18.1010254315489 ) );
#3735 = CARTESIAN_POINT( '', ( 91.0000000000000, 24.7500000000000, -1.67164288083614E-014 ) );
#3736 = CARTESIAN_POINT( '', ( 91.0000000000001, 25.0312500000000, 18.1010254315489 ) );
#3737 = CARTESIAN_POINT( '', ( 84.0730374585271, 25.3125000000000, 34.8241923452232 ) );
#3738 = CARTESIAN_POINT( '', ( 77.1460749170542, 25.5937500000000, 51.5473592588975 ) );
#3739 = CARTESIAN_POINT( '', ( 64.3467170879759, 25.8750000000000, 64.3467170879758 ) );
#3740 = CARTESIAN_POINT( '', ( 51.5473592588975, 26.1562500000000, 77.1460749170542 ) );
#3741 = CARTESIAN_POINT( '', ( 34.8241923452233, 26.4375000000000, 84.0730374585271 ) );
#3742 = CARTESIAN_POINT( '', ( 18.1010254315489, 26.7187500000000, 91.0000000000001 ) );
#3743 = CARTESIAN_POINT( '', ( 0.000000000000000, 27.0000000000000, 91.0000000000000 ) );
#3749 = SURFACE_SIDE_STYLE( '', ( #6442 ) );
#3750 = EDGE_LOOP( '', ( #6443, #6444, #6445, #6446, #6447, #6448 ) );
#3751 = AXIS2_PLACEMENT_3D( '', #6449, #6450, #6451 );
#3752 = SURFACE_SIDE_STYLE( '', ( #6452 ) );
#3753 = EDGE_LOOP( '', ( #6453, #6454, #6455, #6456, #6457, #6458, #6459, #6460 ) );
#3754 = AXIS2_PLACEMENT_3D( '', #6461, #6462, #6463 );
#3755 = SURFACE_SIDE_STYLE( '', ( #6464 ) );
#3756 = EDGE_LOOP( '', ( #6465, #6466, #6467, #6468 ) );
#3757 = AXIS2_PLACEMENT_3D( '', #6469, #6470, #6471 );
#3758 = SURFACE_SIDE_STYLE( '', ( #6472 ) );
#3759 = EDGE_LOOP( '', ( #6473, #6474, #6475, #6476 ) );
#3760 = AXIS2_PLACEMENT_3D( '', #6477, #6478, #6479 );
#3761 = SURFACE_SIDE_STYLE( '', ( #6480 ) );
#3762 = EDGE_LOOP( '', ( #6481, #6482, #6483, #6484 ) );
#3763 = AXIS2_PLACEMENT_3D( '', #6485, #6486, #6487 );
#3764 = SURFACE_SIDE_STYLE( '', ( #6488 ) );
#3765 = EDGE_LOOP( '', ( #6489, #6490, #6491, #6492, #6493, #6494, #6495, #6496 ) );
#3766 = AXIS2_PLACEMENT_3D( '', #6497, #6498, #6499 );
#3767 = SURFACE_SIDE_STYLE( '', ( #6500 ) );
#3768 = EDGE_LOOP( '', ( #6501, #6502, #6503, #6504 ) );
#3769 = AXIS2_PLACEMENT_3D( '', #6505, #6506, #6507 );
#3770 = SURFACE_SIDE_STYLE( '', ( #6508 ) );
#3771 = EDGE_LOOP( '', ( #6509, #6510, #6511, #6512, #6513, #6514, #6515, #6516 ) );
#3772 = AXIS2_PLACEMENT_3D( '', #6517, #6518, #6519 );
#3773 = SURFACE_SIDE_STYLE( '', ( #6520 ) );
#3774 = EDGE_LOOP( '', ( #6521, #6522, #6523, #6524, #6525 ) );
#3775 = AXIS2_PLACEMENT_3D( '', #6526, #6527, #6528 );
#3776 = SURFACE_SIDE_STYLE( '', ( #6529 ) );
#3777 = EDGE_LOOP( '', ( #6530, #6531, #6532, #6533, #6534 ) );
#3778 = AXIS2_PLACEMENT_3D( '', #6535, #6536, #6537 );
#3779 = SURFACE_SIDE_STYLE( '', ( #6538 ) );
#3780 = EDGE_LOOP( '', ( #6539, #6540, #6541, #6542, #6543, #6544, #6545, #6546, #6547, #6548 ) );
#3781 = EDGE_LOOP( '', ( #6549, #6550, #6551, #6552, #6553, #6554, #6555, #6556, #6557, #6558, #6559, #6560 ) );
#3782 = AXIS2_PLACEMENT_3D( '', #6561, #6562, #6563 );
#3783 = SURFACE_SIDE_STYLE( '', ( #6564 ) );
#3784 = EDGE_LOOP( '', ( #6565, #6566, #6567, #6568 ) );
#3785 = AXIS2_PLACEMENT_3D( '', #6569, #6570, #6571 );
#3786 = SURFACE_SIDE_STYLE( '', ( #6572 ) );
#3787 = EDGE_LOOP( '', ( #6573, #6574, #6575, #6576 ) );
#3788 = AXIS2_PLACEMENT_3D( '', #6577, #6578, #6579 );
#3789 = SURFACE_SIDE_STYLE( '', ( #6580 ) );
#3790 = EDGE_LOOP( '', ( #6581, #6582, #6583, #6584 ) );
#3791 = AXIS2_PLACEMENT_3D( '', #6585, #6586, #6587 );
#3792 = SURFACE_SIDE_STYLE( '', ( #6588 ) );
#3793 = EDGE_LOOP( '', ( #6589, #6590, #6591, #6592 ) );
#3794 = AXIS2_PLACEMENT_3D( '', #6593, #6594, #6595 );
#3795 = SURFACE_SIDE_STYLE( '', ( #6596 ) );
#3796 = EDGE_LOOP( '', ( #6597, #6598, #6599, #6600 ) );
#3797 = AXIS2_PLACEMENT_3D( '', #6601, #6602, #6603 );
#3798 = SURFACE_SIDE_STYLE( '', ( #6604 ) );
#3799 = EDGE_LOOP( '', ( #6605, #6606, #6607, #6608 ) );
#3800 = AXIS2_PLACEMENT_3D( '', #6609, #6610, #6611 );
#3801 = SURFACE_SIDE_STYLE( '', ( #6612 ) );
#3802 = EDGE_LOOP( '', ( #6613, #6614, #6615, #6616 ) );
#3803 = AXIS2_PLACEMENT_3D( '', #6617, #6618, #6619 );
#3804 = SURFACE_SIDE_STYLE( '', ( #6620 ) );
#3805 = EDGE_LOOP( '', ( #6621 ) );
#3806 = AXIS2_PLACEMENT_3D( '', #6622, #6623, #6624 );
#3807 = SURFACE_SIDE_STYLE( '', ( #6625 ) );
#3808 = EDGE_LOOP( '', ( #6626, #6627, #6628, #6629 ) );
#3809 = AXIS2_PLACEMENT_3D( '', #6630, #6631, #6632 );
#3810 = SURFACE_SIDE_STYLE( '', ( #6633 ) );
#3811 = EDGE_LOOP( '', ( #6634, #6635, #6636, #6637 ) );
#3812 = AXIS2_PLACEMENT_3D( '', #6638, #6639, #6640 );
#3813 = SURFACE_SIDE_STYLE( '', ( #6641 ) );
#3814 = EDGE_LOOP( '', ( #6642, #6643, #6644, #6645 ) );
#3815 = AXIS2_PLACEMENT_3D( '', #6646, #6647, #6648 );
#3816 = SURFACE_SIDE_STYLE( '', ( #6649 ) );
#3817 = EDGE_LOOP( '', ( #6650, #6651, #6652, #6653 ) );
#3818 = AXIS2_PLACEMENT_3D( '', #6654, #6655, #6656 );
#3819 = SURFACE_SIDE_STYLE( '', ( #6657 ) );
#3820 = EDGE_LOOP( '', ( #6658, #6659, #6660 ) );
#3821 = AXIS2_PLACEMENT_3D( '', #6661, #6662, #6663 );
#3822 = SURFACE_SIDE_STYLE( '', ( #6664 ) );
#3823 = EDGE_LOOP( '', ( #6665, #6666, #6667, #6668, #6669, #6670, #6671, #6672, #6673, #6674, #6675, #6676, #6677, #6678, #6679, #6680, #6681, #6682, #6683, #6684 ) );
#3824 = AXIS2_PLACEMENT_3D( '', #6685, #6686, #6687 );
#3825 = SURFACE_SIDE_STYLE( '', ( #6688 ) );
#3826 = EDGE_LOOP( '', ( #6689, #6690, #6691, #6692 ) );
#3827 = AXIS2_PLACEMENT_3D( '', #6693, #6694, #6695 );
#3828 = SURFACE_SIDE_STYLE( '', ( #6696 ) );
#3829 = EDGE_LOOP( '', ( #6697, #6698, #6699, #6700 ) );
#3830 = AXIS2_PLACEMENT_3D( '', #6701, #6702, #6703 );
#3831 = SURFACE_SIDE_STYLE( '', ( #6704 ) );
#3832 = EDGE_LOOP( '', ( #6705, #6706, #6707 ) );
#3833 = AXIS2_PLACEMENT_3D( '', #6708, #6709, #6710 );
#3834 = SURFACE_SIDE_STYLE( '', ( #6711 ) );
#3835 = EDGE_LOOP( '', ( #6712, #6713, #6714, #6715 ) );
#3836 = AXIS2_PLACEMENT_3D( '', #6716, #6717, #6718 );
#3837 = SURFACE_SIDE_STYLE( '', ( #6719 ) );
#3838 = EDGE_LOOP( '', ( #6720 ) );
#3839 = EDGE_LOOP( '', ( #6721 ) );
#3840 = AXIS2_PLACEMENT_3D( '', #6722, #6723, #6724 );
#3841 = SURFACE_SIDE_STYLE( '', ( #6725 ) );
#3842 = EDGE_LOOP( '', ( #6726, #6727, #6728, #6729 ) );
#3843 = EDGE_LOOP( '', ( #6730 ) );
#3844 = AXIS2_PLACEMENT_3D( '', #6731, #6732, #6733 );
#3845 = SURFACE_SIDE_STYLE( '', ( #6734 ) );
#3846 = EDGE_LOOP( '', ( #6735, #6736, #6737, #6738, #6739, #6740, #6741, #6742, #6743, #6744, #6745, #6746, #6747, #6748, #6749, #6750, #6751, #6752, #6753, #6754 ) );
#3847 = AXIS2_PLACEMENT_3D( '', #6755, #6756, #6757 );
#3848 = SURFACE_SIDE_STYLE( '', ( #6758 ) );
#3849 = EDGE_LOOP( '', ( #6759, #6760, #6761, #6762 ) );
#3850 = AXIS2_PLACEMENT_3D( '', #6763, #6764, #6765 );
#3851 = SURFACE_SIDE_STYLE( '', ( #6766 ) );
#3852 = EDGE_LOOP( '', ( #6767, #6768, #6769, #6770 ) );
#3853 = AXIS2_PLACEMENT_3D( '', #6771, #6772, #6773 );
#3854 = SURFACE_SIDE_STYLE( '', ( #6774 ) );
#3855 = EDGE_LOOP( '', ( #6775, #6776, #6777, #6778, #6779 ) );
#3856 = AXIS2_PLACEMENT_3D( '', #6780, #6781, #6782 );
#3857 = SURFACE_SIDE_STYLE( '', ( #6783 ) );
#3858 = EDGE_LOOP( '', ( #6784, #6785, #6786, #6787 ) );
#3859 = AXIS2_PLACEMENT_3D( '', #6788, #6789, #6790 );
#3860 = SURFACE_SIDE_STYLE( '', ( #6791 ) );
#3861 = EDGE_LOOP( '', ( #6792, #6793, #6794, #6795 ) );
#3862 = AXIS2_PLACEMENT_3D( '', #6796, #6797, #6798 );
#3863 = SURFACE_SIDE_STYLE( '', ( #6799 ) );
#3864 = EDGE_LOOP( '', ( #6800, #6801, #6802, #6803 ) );
#3865 = AXIS2_PLACEMENT_3D( '', #6804, #6805, #6806 );
#3866 = SURFACE_SIDE_STYLE( '', ( #6807 ) );
#3867 = EDGE_LOOP( '', ( #6808, #6809, #6810, #6811 ) );
#3868 = AXIS2_PLACEMENT_3D( '', #6812, #6813, #6814 );
#3869 = SURFACE_SIDE_STYLE( '', ( #6815 ) );
#3870 = EDGE_LOOP( '', ( #6816 ) );
#3871 = EDGE_LOOP( '', ( #6817 ) );
#3872 = AXIS2_PLACEMENT_3D( '', #6818, #6819, #6820 );
#3873 = SURFACE_SIDE_STYLE( '', ( #6821 ) );
#3874 = EDGE_LOOP( '', ( #6822, #6823, #6824, #6825 ) );
#3875 = AXIS2_PLACEMENT_3D( '', #6826, #6827, #6828 );
#3876 = SURFACE_SIDE_STYLE( '', ( #6829 ) );
#3877 = EDGE_LOOP( '', ( #6830, #6831, #6832, #6833 ) );
#3878 = AXIS2_PLACEMENT_3D( '', #6834, #6835, #6836 );
#3879 = SURFACE_SIDE_STYLE( '', ( #6837 ) );
#3880 = EDGE_LOOP( '', ( #6838, #6839, #6840, #6841 ) );
#3881 = AXIS2_PLACEMENT_3D( '', #6842, #6843, #6844 );
#3882 = SURFACE_SIDE_STYLE( '', ( #6845 ) );
#3883 = EDGE_LOOP( '', ( #6846, #6847, #6848, #6849 ) );
#3884 = AXIS2_PLACEMENT_3D( '', #6850, #6851, #6852 );
#3885 = SURFACE_SIDE_STYLE( '', ( #6853 ) );
#3886 = EDGE_LOOP( '', ( #6854 ) );
#3887 = AXIS2_PLACEMENT_3D( '', #6855, #6856, #6857 );
#3888 = SURFACE_SIDE_STYLE( '', ( #6858 ) );
#3889 = EDGE_LOOP( '', ( #6859, #6860, #6861 ) );
#3890 = AXIS2_PLACEMENT_3D( '', #6862, #6863, #6864 );
#3891 = SURFACE_SIDE_STYLE( '', ( #6865 ) );
#3892 = EDGE_LOOP( '', ( #6866, #6867, #6868, #6869 ) );
#3893 = AXIS2_PLACEMENT_3D( '', #6870, #6871, #6872 );
#3894 = SURFACE_SIDE_STYLE( '', ( #6873 ) );
#3895 = EDGE_LOOP( '', ( #6874, #6875, #6876, #6877, #6878 ) );
#3896 = AXIS2_PLACEMENT_3D( '', #6879, #6880, #6881 );
#3897 = SURFACE_SIDE_STYLE( '', ( #6882 ) );
#3898 = EDGE_LOOP( '', ( #6883, #6884, #6885, #6886 ) );
#3899 = AXIS2_PLACEMENT_3D( '', #6887, #6888, #6889 );
#3900 = SURFACE_SIDE_STYLE( '', ( #6890 ) );
#3901 = EDGE_LOOP( '', ( #6891, #6892, #6893, #6894, #6895, #6896, #6897, #6898 ) );
#3902 = AXIS2_PLACEMENT_3D( '', #6899, #6900, #6901 );
#3903 = SURFACE_SIDE_STYLE( '', ( #6902 ) );
#3904 = EDGE_LOOP( '', ( #6903, #6904, #6905, #6906 ) );
#3905 = AXIS2_PLACEMENT_3D( '', #6907, #6908, #6909 );
#3906 = SURFACE_SIDE_STYLE( '', ( #6910 ) );
#3907 = EDGE_LOOP( '', ( #6911, #6912, #6913, #6914 ) );
#3908 = AXIS2_PLACEMENT_3D( '', #6915, #6916, #6917 );
#3909 = SURFACE_SIDE_STYLE( '', ( #6918 ) );
#3910 = EDGE_LOOP( '', ( #6919, #6920, #6921, #6922, #6923, #6924 ) );
#3911 = AXIS2_PLACEMENT_3D( '', #6925, #6926, #6927 );
#3912 = SURFACE_SIDE_STYLE( '', ( #6928 ) );
#3913 = EDGE_LOOP( '', ( #6929, #6930, #6931, #6932 ) );
#3914 = AXIS2_PLACEMENT_3D( '', #6933, #6934, #6935 );
#3915 = SURFACE_SIDE_STYLE( '', ( #6936 ) );
#3916 = EDGE_LOOP( '', ( #6937, #6938, #6939, #6940 ) );
#3917 = AXIS2_PLACEMENT_3D( '', #6941, #6942, #6943 );
#3918 = SURFACE_SIDE_STYLE( '', ( #6944 ) );
#3919 = EDGE_LOOP( '', ( #6945, #6946, #6947, #6948 ) );
#3920 = AXIS2_PLACEMENT_3D( '', #6949, #6950, #6951 );
#3921 = SURFACE_SIDE_STYLE( '', ( #6952 ) );
#3922 = EDGE_LOOP( '', ( #6953, #6954, #6955, #6956 ) );
#3923 = AXIS2_PLACEMENT_3D( '', #6957, #6958, #6959 );
#3924 = SURFACE_SIDE_STYLE( '', ( #6960 ) );
#3925 = EDGE_LOOP( '', ( #6961, #6962, #6963, #6964, #6965, #6966, #6967, #6968, #6969, #6970, #6971, #6972 ) );
#3926 = EDGE_LOOP( '', ( #6973 ) );
#3927 = AXIS2_PLACEMENT_3D( '', #6974, #6975, #6976 );
#3928 = SURFACE_SIDE_STYLE( '', ( #6977 ) );
#3929 = EDGE_LOOP( '', ( #6978, #6979, #6980, #6981 ) );
#3930 = EDGE_LOOP( '', ( #6982 ) );
#3931 = AXIS2_PLACEMENT_3D( '', #6983, #6984, #6985 );
#3932 = SURFACE_SIDE_STYLE( '', ( #6986 ) );
#3933 = EDGE_LOOP( '', ( #6987 ) );
#3934 = EDGE_LOOP( '', ( #6988 ) );
#3935 = AXIS2_PLACEMENT_3D( '', #6989, #6990, #6991 );
#3936 = SURFACE_SIDE_STYLE( '', ( #6992 ) );
#3937 = EDGE_LOOP( '', ( #6993, #6994, #6995, #6996 ) );
#3938 = AXIS2_PLACEMENT_3D( '', #6997, #6998, #6999 );
#3939 = SURFACE_SIDE_STYLE( '', ( #7000 ) );
#3940 = EDGE_LOOP( '', ( #7001, #7002, #7003, #7004 ) );
#3941 = AXIS2_PLACEMENT_3D( '', #7005, #7006, #7007 );
#3942 = SURFACE_SIDE_STYLE( '', ( #7008 ) );
#3943 = EDGE_LOOP( '', ( #7009 ) );
#3944 = AXIS2_PLACEMENT_3D( '', #7010, #7011, #7012 );
#3945 = SURFACE_SIDE_STYLE( '', ( #7013 ) );
#3946 = EDGE_LOOP( '', ( #7014, #7015, #7016, #7017 ) );
#3947 = AXIS2_PLACEMENT_3D( '', #7018, #7019, #7020 );
#3948 = SURFACE_SIDE_STYLE( '', ( #7021 ) );
#3949 = EDGE_LOOP( '', ( #7022, #7023, #7024, #7025, #7026, #7027, #7028, #7029 ) );
#3950 = AXIS2_PLACEMENT_3D( '', #7030, #7031, #7032 );
#3951 = SURFACE_SIDE_STYLE( '', ( #7033 ) );
#3952 = EDGE_LOOP( '', ( #7034 ) );
#3953 = AXIS2_PLACEMENT_3D( '', #7035, #7036, #7037 );
#3954 = SURFACE_SIDE_STYLE( '', ( #7038 ) );
#3955 = EDGE_LOOP( '', ( #7039, #7040, #7041, #7042 ) );
#3956 = AXIS2_PLACEMENT_3D( '', #7043, #7044, #7045 );
#3957 = SURFACE_SIDE_STYLE( '', ( #7046 ) );
#3958 = EDGE_LOOP( '', ( #7047, #7048, #7049, #7050, #7051, #7052, #7053, #7054 ) );
#3959 = AXIS2_PLACEMENT_3D( '', #7055, #7056, #7057 );
#3960 = SURFACE_SIDE_STYLE( '', ( #7058 ) );
#3961 = EDGE_LOOP( '', ( #7059, #7060, #7061, #7062, #7063 ) );
#3962 = AXIS2_PLACEMENT_3D( '', #7064, #7065, #7066 );
#3963 = SURFACE_SIDE_STYLE( '', ( #7067 ) );
#3964 = EDGE_LOOP( '', ( #7068, #7069, #7070, #7071 ) );
#3965 = AXIS2_PLACEMENT_3D( '', #7072, #7073, #7074 );
#3966 = SURFACE_SIDE_STYLE( '', ( #7075 ) );
#3967 = EDGE_LOOP( '', ( #7076, #7077, #7078, #7079 ) );
#3968 = AXIS2_PLACEMENT_3D( '', #7080, #7081, #7082 );
#3969 = SURFACE_SIDE_STYLE( '', ( #7083 ) );
#3970 = EDGE_LOOP( '', ( #7084, #7085, #7086, #7087 ) );
#3971 = AXIS2_PLACEMENT_3D( '', #7088, #7089, #7090 );
#3972 = SURFACE_SIDE_STYLE( '', ( #7091 ) );
#3973 = EDGE_LOOP( '', ( #7092, #7093, #7094, #7095 ) );
#3974 = AXIS2_PLACEMENT_3D( '', #7096, #7097, #7098 );
#3975 = SURFACE_SIDE_STYLE( '', ( #7099 ) );
#3976 = EDGE_LOOP( '', ( #7100, #7101, #7102, #7103, #7104, #7105, #7106, #7107 ) );
#3977 = AXIS2_PLACEMENT_3D( '', #7108, #7109, #7110 );
#3978 = SURFACE_SIDE_STYLE( '', ( #7111 ) );
#3979 = EDGE_LOOP( '', ( #7112, #7113, #7114, #7115 ) );
#3980 = AXIS2_PLACEMENT_3D( '', #7116, #7117, #7118 );
#3981 = SURFACE_SIDE_STYLE( '', ( #7119 ) );
#3982 = EDGE_LOOP( '', ( #7120, #7121, #7122, #7123 ) );
#3983 = AXIS2_PLACEMENT_3D( '', #7124, #7125, #7126 );
#3984 = SURFACE_SIDE_STYLE( '', ( #7127 ) );
#3985 = EDGE_LOOP( '', ( #7128, #7129, #7130, #7131 ) );
#3986 = AXIS2_PLACEMENT_3D( '', #7132, #7133, #7134 );
#3987 = SURFACE_SIDE_STYLE( '', ( #7135 ) );
#3988 = EDGE_LOOP( '', ( #7136, #7137, #7138, #7139 ) );
#3989 = AXIS2_PLACEMENT_3D( '', #7140, #7141, #7142 );
#3990 = SURFACE_SIDE_STYLE( '', ( #7143 ) );
#3991 = EDGE_LOOP( '', ( #7144, #7145, #7146, #7147, #7148, #7149, #7150, #7151 ) );
#3992 = AXIS2_PLACEMENT_3D( '', #7152, #7153, #7154 );
#3993 = SURFACE_SIDE_STYLE( '', ( #7155 ) );
#3994 = EDGE_LOOP( '', ( #7156, #7157, #7158, #7159, #7160 ) );
#3995 = AXIS2_PLACEMENT_3D( '', #7161, #7162, #7163 );
#3996 = SURFACE_SIDE_STYLE( '', ( #7164 ) );
#3997 = EDGE_LOOP( '', ( #7165, #7166, #7167, #7168 ) );
#3998 = AXIS2_PLACEMENT_3D( '', #7169, #7170, #7171 );
#3999 = SURFACE_SIDE_STYLE( '', ( #7172 ) );
#4000 = EDGE_LOOP( '', ( #7173, #7174, #7175, #7176 ) );
#4001 = AXIS2_PLACEMENT_3D( '', #7177, #7178, #7179 );
#4002 = SURFACE_SIDE_STYLE( '', ( #7180 ) );
#4003 = EDGE_LOOP( '', ( #7181, #7182, #7183, #7184 ) );
#4004 = AXIS2_PLACEMENT_3D( '', #7185, #7186, #7187 );
#4005 = SURFACE_SIDE_STYLE( '', ( #7188 ) );
#4006 = EDGE_LOOP( '', ( #7189, #7190, #7191, #7192, #7193, #7194 ) );
#4007 = AXIS2_PLACEMENT_3D( '', #7195, #7196, #7197 );
#4008 = SURFACE_SIDE_STYLE( '', ( #7198 ) );
#4009 = EDGE_LOOP( '', ( #7199, #7200, #7201, #7202 ) );
#4010 = AXIS2_PLACEMENT_3D( '', #7203, #7204, #7205 );
#4011 = SURFACE_SIDE_STYLE( '', ( #7206 ) );
#4012 = EDGE_LOOP( '', ( #7207, #7208, #7209, #7210 ) );
#4013 = AXIS2_PLACEMENT_3D( '', #7211, #7212, #7213 );
#4014 = SURFACE_SIDE_STYLE( '', ( #7214 ) );
#4015 = EDGE_LOOP( '', ( #7215, #7216, #7217, #7218 ) );
#4016 = AXIS2_PLACEMENT_3D( '', #7219, #7220, #7221 );
#4017 = SURFACE_SIDE_STYLE( '', ( #7222 ) );
#4018 = EDGE_LOOP( '', ( #7223, #7224, #7225, #7226 ) );
#4019 = AXIS2_PLACEMENT_3D( '', #7227, #7228, #7229 );
#4020 = SURFACE_SIDE_STYLE( '', ( #7230 ) );
#4021 = EDGE_LOOP( '', ( #7231, #7232, #7233, #7234, #7235, #7236, #7237, #7238 ) );
#4022 = AXIS2_PLACEMENT_3D( '', #7239, #7240, #7241 );
#4023 = SURFACE_SIDE_STYLE( '', ( #7242 ) );
#4024 = EDGE_LOOP( '', ( #7243, #7244, #7245, #7246 ) );
#4025 = AXIS2_PLACEMENT_3D( '', #7247, #7248, #7249 );
#4026 = SURFACE_SIDE_STYLE( '', ( #7250 ) );
#4027 = EDGE_LOOP( '', ( #7251, #7252, #7253, #7254 ) );
#4028 = AXIS2_PLACEMENT_3D( '', #7255, #7256, #7257 );
#4029 = SURFACE_SIDE_STYLE( '', ( #7258 ) );
#4030 = EDGE_LOOP( '', ( #7259, #7260, #7261, #7262 ) );
#4031 = AXIS2_PLACEMENT_3D( '', #7263, #7264, #7265 );
#4032 = SURFACE_SIDE_STYLE( '', ( #7266 ) );
#4033 = EDGE_LOOP( '', ( #7267, #7268, #7269, #7270, #7271, #7272 ) );
#4034 = AXIS2_PLACEMENT_3D( '', #7273, #7274, #7275 );
#4035 = SURFACE_SIDE_STYLE( '', ( #7276 ) );
#4036 = EDGE_LOOP( '', ( #7277, #7278, #7279, #7280 ) );
#4037 = AXIS2_PLACEMENT_3D( '', #7281, #7282, #7283 );
#4038 = SURFACE_SIDE_STYLE( '', ( #7284 ) );
#4039 = EDGE_LOOP( '', ( #7285, #7286, #7287, #7288 ) );
#4040 = AXIS2_PLACEMENT_3D( '', #7289, #7290, #7291 );
#4041 = SURFACE_SIDE_STYLE( '', ( #7292 ) );
#4042 = EDGE_LOOP( '', ( #7293 ) );
#4043 = AXIS2_PLACEMENT_3D( '', #7294, #7295, #7296 );
#4044 = SURFACE_SIDE_STYLE( '', ( #7297 ) );
#4045 = EDGE_LOOP( '', ( #7298 ) );
#4046 = EDGE_LOOP( '', ( #7299 ) );
#4047 = AXIS2_PLACEMENT_3D( '', #7300, #7301, #7302 );
#4048 = SURFACE_SIDE_STYLE( '', ( #7303 ) );
#4049 = EDGE_LOOP( '', ( #7304, #7305, #7306, #7307 ) );
#4050 = AXIS2_PLACEMENT_3D( '', #7308, #7309, #7310 );
#4051 = SURFACE_SIDE_STYLE( '', ( #7311 ) );
#4052 = EDGE_LOOP( '', ( #7312, #7313, #7314, #7315 ) );
#4053 = AXIS2_PLACEMENT_3D( '', #7316, #7317, #7318 );
#4054 = SURFACE_SIDE_STYLE( '', ( #7319 ) );
#4055 = EDGE_LOOP( '', ( #7320 ) );
#4056 = AXIS2_PLACEMENT_3D( '', #7321, #7322, #7323 );
#4057 = SURFACE_SIDE_STYLE( '', ( #7324 ) );
#4058 = EDGE_LOOP( '', ( #7325, #7326, #7327, #7328 ) );
#4059 = AXIS2_PLACEMENT_3D( '', #7329, #7330, #7331 );
#4060 = SURFACE_SIDE_STYLE( '', ( #7332 ) );
#4061 = EDGE_LOOP( '', ( #7333, #7334, #7335, #7336, #7337, #7338, #7339, #7340, #7341, #7342, #7343, #7344, #7345, #7346, #7347, #7348, #7349, #7350, #7351, #7352, #7353, #7354, #7355, #7356, #7357, #7358, #7359, #7360, #7361, #7362, #7363, #7364, #7365, #7366, #7367, #7368, #7369, #7370 ) );
#4062 = EDGE_LOOP( '', ( #7371, #7372, #7373, #7374 ) );
#4063 = EDGE_LOOP( '', ( #7375, #7376, #7377, #7378 ) );
#4064 = AXIS2_PLACEMENT_3D( '', #7379, #7380, #7381 );
#4065 = SURFACE_SIDE_STYLE( '', ( #7382 ) );
#4066 = EDGE_LOOP( '', ( #7383, #7384, #7385, #7386 ) );
#4067 = AXIS2_PLACEMENT_3D( '', #7387, #7388, #7389 );
#4068 = SURFACE_SIDE_STYLE( '', ( #7390 ) );
#4069 = EDGE_LOOP( '', ( #7391, #7392, #7393, #7394 ) );
#4070 = AXIS2_PLACEMENT_3D( '', #7395, #7396, #7397 );
#4071 = SURFACE_SIDE_STYLE( '', ( #7398 ) );
#4072 = EDGE_LOOP( '', ( #7399, #7400, #7401, #7402 ) );
#4073 = AXIS2_PLACEMENT_3D( '', #7403, #7404, #7405 );
#4074 = SURFACE_SIDE_STYLE( '', ( #7406 ) );
#4075 = EDGE_LOOP( '', ( #7407, #7408, #7409, #7410 ) );
#4076 = AXIS2_PLACEMENT_3D( '', #7411, #7412, #7413 );
#4077 = SURFACE_SIDE_STYLE( '', ( #7414 ) );
#4078 = EDGE_LOOP( '', ( #7415, #7416, #7417, #7418 ) );
#4079 = AXIS2_PLACEMENT_3D( '', #7419, #7420, #7421 );
#4080 = SURFACE_SIDE_STYLE( '', ( #7422 ) );
#4081 = EDGE_LOOP( '', ( #7423, #7424, #7425, #7426 ) );
#4082 = AXIS2_PLACEMENT_3D( '', #7427, #7428, #7429 );
#4083 = SURFACE_SIDE_STYLE( '', ( #7430 ) );
#4084 = EDGE_LOOP( '', ( #7431, #7432, #7433, #7434 ) );
#4085 = AXIS2_PLACEMENT_3D( '', #7435, #7436, #7437 );
#4086 = SURFACE_SIDE_STYLE( '', ( #7438 ) );
#4087 = EDGE_LOOP( '', ( #7439, #7440, #7441, #7442 ) );
#4088 = AXIS2_PLACEMENT_3D( '', #7443, #7444, #7445 );
#4089 = SURFACE_SIDE_STYLE( '', ( #7446 ) );
#4090 = EDGE_LOOP( '', ( #7447, #7448, #7449, #7450, #7451 ) );
#4091 = AXIS2_PLACEMENT_3D( '', #7452, #7453, #7454 );
#4093 =  ( LENGTH_UNIT(  )NAMED_UNIT( #2299 )SI_UNIT( .MILLI., .METRE. ) );
#4094 = SURFACE_STYLE_FILL_AREA( #7456 );
#4095 = ORIENTED_EDGE( '', *, *, #7457, .T. );
#4096 = ORIENTED_EDGE( '', *, *, #7458, .F. );
#4097 = CARTESIAN_POINT( '', ( -100.000000000000, 27.0000000000000, 95.0000000000000 ) );
#4098 = DIRECTION( '', ( -1.00000000000000, -0.000000000000000, -0.000000000000000 ) );
#4099 = DIRECTION( '', ( 0.000000000000000, 0.000000000000000, -1.00000000000000 ) );
#4100 = SURFACE_STYLE_FILL_AREA( #7459 );
#4101 = ORIENTED_EDGE( '', *, *, #7460, .T. );
#4102 = ORIENTED_EDGE( '', *, *, #7461, .F. );
#4103 = ORIENTED_EDGE( '', *, *, #7462, .T. );
#4104 = ORIENTED_EDGE( '', *, *, #7463, .F. );
#4105 = ORIENTED_EDGE( '', *, *, #7464, .T. );
#4106 = ORIENTED_EDGE( '', *, *, #7465, .T. );
#4107 = ORIENTED_EDGE( '', *, *, #7466, .T. );
#4108 = ORIENTED_EDGE( '', *, *, #7467, .T. );
#4109 = CARTESIAN_POINT( '', ( 3.15000020116570, -14.6560912659350, 0.0999999999999960 ) );
#4110 = DIRECTION( '', ( 1.00000000000000, 0.000000000000000, 0.000000000000000 ) );
#4111 = DIRECTION( '', ( 0.000000000000000, 1.00000000000000, 0.000000000000000 ) );
#4112 = SURFACE_STYLE_FILL_AREA( #7468 );
#4113 = ORIENTED_EDGE( '', *, *, #7469, .F. );
#4114 = ORIENTED_EDGE( '', *, *, #7470, .F. );
#4115 = ORIENTED_EDGE( '', *, *, #7471, .F. );
#4116 = ORIENTED_EDGE( '', *, *, #7472, .F. );
#4117 = CARTESIAN_POINT( '', ( -9.74999933317382, -16.5999997766692, -16.9999999999994 ) );
#4118 = DIRECTION( '', ( 1.47336951020291E-013, 1.60982338570682E-013, -1.00000000000000 ) );
#4119 = DIRECTION( '', ( 0.000000000000000, -1.00000000000000, -1.60982338570682E-013 ) );
#4120 = SURFACE_STYLE_FILL_AREA( #7473 );
#4121 = ORIENTED_EDGE( '', *, *, #7474, .T. );
#4122 = ORIENTED_EDGE( '', *, *, #7475, .F. );
#4123 = ORIENTED_EDGE( '', *, *, #7476, .T. );
#4124 = ORIENTED_EDGE( '', *, *, #7477, .T. );
#4125 = CARTESIAN_POINT( '', ( -3.07500000000000, -19.5000024447210, 2.42053974630330 ) );
#4126 = DIRECTION( '', ( 0.000000000000000, -0.139173224534038, -0.990268051374373 ) );
#4127 = DIRECTION( '', ( 0.000000000000000, -0.990268051374373, 0.139173224534038 ) );
#4128 = SURFACE_STYLE_FILL_AREA( #7478 );
#4129 = ORIENTED_EDGE( '', *, *, #7479, .F. );
#4130 = ORIENTED_EDGE( '', *, *, #7480, .T. );
#4131 = ORIENTED_EDGE( '', *, *, #7481, .F. );
#4132 = ORIENTED_EDGE( '', *, *, #7482, .F. );
#4133 = CARTESIAN_POINT( '', ( 10.9999999999994, -10.0999999999995, 29.9142135623733 ) );
#4134 = DIRECTION( '', ( -4.54497550706129E-013, 1.00000000000000, -1.88459682420298E-013 ) );
#4135 = DIRECTION( '', ( 1.00000000000000, 4.54497550706129E-013, 0.000000000000000 ) );
#4136 = SURFACE_STYLE_FILL_AREA( #7483 );
#4137 = ORIENTED_EDGE( '', *, *, #7484, .F. );
#4138 = ORIENTED_EDGE( '', *, *, #7485, .F. );
#4139 = ORIENTED_EDGE( '', *, *, #7486, .F. );
#4140 = ORIENTED_EDGE( '', *, *, #7487, .T. );
#4141 = CARTESIAN_POINT( '', ( 11.0000000000043, -10.1000000000000, 30.2502776662260 ) );
#4142 = DIRECTION( '', ( -1.05818132034135E-013, 1.00000000000000, 2.34744957761009E-014 ) );
#4143 = DIRECTION( '', ( 1.00000000000000, 1.05818132034135E-013, 0.000000000000000 ) );
#4144 = SURFACE_STYLE_FILL_AREA( #7488 );
#4145 = ORIENTED_EDGE( '', *, *, #7489, .T. );
#4146 = ORIENTED_EDGE( '', *, *, #7490, .F. );
#4147 = ORIENTED_EDGE( '', *, *, #7491, .T. );
#4148 = ORIENTED_EDGE( '', *, *, #7492, .F. );
#4149 = CARTESIAN_POINT( '', ( -10.4999997988340, -11.1000001573940, -4.33680900000000E-015 ) );
#4150 = DIRECTION( '', ( -0.000000000000000, 1.00000000000000, 0.000000000000000 ) );
#4151 = DIRECTION( '', ( 1.00000000000000, 0.000000000000000, 0.000000000000000 ) );
#4152 = SURFACE_STYLE_FILL_AREA( #7493 );
#4153 = ORIENTED_EDGE( '', *, *, #7494, .F. );
#4154 = ORIENTED_EDGE( '', *, *, #7495, .T. );
#4155 = ORIENTED_EDGE( '', *, *, #7496, .F. );
#4156 = ORIENTED_EDGE( '', *, *, #7497, .T. );
#4157 = CARTESIAN_POINT( '', ( 3.25000066682700, -18.4708284700750, -17.0000000000000 ) );
#4158 = DIRECTION( '', ( 1.00000000000000, 0.000000000000000, 0.000000000000000 ) );
#4159 = DIRECTION( '', ( 0.000000000000000, 1.00000000000000, 0.000000000000000 ) );
#4160 = SURFACE_STYLE_FILL_AREA( #7498 );
#4161 = ORIENTED_EDGE( '', *, *, #7499, .T. );
#4162 = ORIENTED_EDGE( '', *, *, #7500, .F. );
#4163 = ORIENTED_EDGE( '', *, *, #7501, .T. );
#4164 = ORIENTED_EDGE( '', *, *, #7502, .T. );
#4165 = CARTESIAN_POINT( '', ( -1.64999933317300, -22.6999997766690, -3.52314900000000E-015 ) );
#4166 = DIRECTION( '', ( -1.00000000000000, 0.000000000000000, 0.000000000000000 ) );
#4167 = DIRECTION( '', ( 0.000000000000000, 0.000000000000000, 1.00000000000000 ) );
#4168 = SURFACE_STYLE_FILL_AREA( #7503 );
#4169 = ORIENTED_EDGE( '', *, *, #7504, .F. );
#4170 = ORIENTED_EDGE( '', *, *, #7505, .T. );
#4171 = ORIENTED_EDGE( '', *, *, #7506, .F. );
#4172 = ORIENTED_EDGE( '', *, *, #7507, .F. );
#4173 = CARTESIAN_POINT( '', ( 9.75000066682761, -16.5999997766693, -7.37818924853566E-016 ) );
#4174 = DIRECTION( '', ( -2.44327192208893E-016, 4.90537092068075E-023, 1.00000000000000 ) );
#4175 = DIRECTION( '', ( -1.00000000000000, 0.000000000000000, -2.44327192208893E-016 ) );
#4176 = SURFACE_STYLE_FILL_AREA( #7508 );
#4177 = ORIENTED_EDGE( '', *, *, #7509, .F. );
#4178 = ORIENTED_EDGE( '', *, *, #7510, .F. );
#4179 = ORIENTED_EDGE( '', *, *, #7511, .F. );
#4180 = ORIENTED_EDGE( '', *, *, #7512, .F. );
#4181 = ORIENTED_EDGE( '', *, *, #7513, .F. );
#4182 = ORIENTED_EDGE( '', *, *, #7514, .T. );
#4183 = ORIENTED_EDGE( '', *, *, #7515, .T. );
#4184 = ORIENTED_EDGE( '', *, *, #7516, .T. );
#4185 = CARTESIAN_POINT( '', ( -3.30000017971580, -20.0999999999990, 10.3349997770120 ) );
#4186 = DIRECTION( '', ( -0.000000000000000, 1.00000000000000, 0.000000000000000 ) );
#4187 = DIRECTION( '', ( 1.00000000000000, 0.000000000000000, 0.000000000000000 ) );
#4188 = SURFACE_STYLE_FILL_AREA( #7517 );
#4189 = ORIENTED_EDGE( '', *, *, #7518, .T. );
#4190 = ORIENTED_EDGE( '', *, *, #7519, .F. );
#4191 = ORIENTED_EDGE( '', *, *, #7520, .T. );
#4192 = ORIENTED_EDGE( '', *, *, #7521, .F. );
#4193 = CARTESIAN_POINT( '', ( 4.45000020116570, -16.1000001573940, -4.33680900000000E-015 ) );
#4194 = DIRECTION( '', ( 1.00000000000000, 0.000000000000000, 0.000000000000000 ) );
#4195 = DIRECTION( '', ( 0.000000000000000, 1.00000000000000, 0.000000000000000 ) );
#4196 = SURFACE_STYLE_FILL_AREA( #7522 );
#4197 = ORIENTED_EDGE( '', *, *, #7523, .T. );
#4198 = ORIENTED_EDGE( '', *, *, #7524, .F. );
#4199 = ORIENTED_EDGE( '', *, *, #7525, .F. );
#4200 = ORIENTED_EDGE( '', *, *, #7526, .F. );
#4201 = CARTESIAN_POINT( '', ( 5.87500000000000, -20.0999999999990, 6.34999999999980 ) );
#4202 = DIRECTION( '', ( -1.00000000000000, 0.000000000000000, 0.000000000000000 ) );
#4203 = DIRECTION( '', ( 0.000000000000000, 0.000000000000000, 1.00000000000000 ) );
#4204 = SURFACE_STYLE_FILL_AREA( #7527 );
#4205 = ORIENTED_EDGE( '', *, *, #7528, .F. );
#4206 = ORIENTED_EDGE( '', *, *, #7529, .F. );
#4207 = ORIENTED_EDGE( '', *, *, #7530, .F. );
#4208 = ORIENTED_EDGE( '', *, *, #7531, .F. );
#4209 = ORIENTED_EDGE( '', *, *, #7532, .T. );
#4210 = CARTESIAN_POINT( '', ( -3.07499999999960, -22.2000000000000, 4.79999999999980 ) );
#4211 = DIRECTION( '', ( 0.707106781186833, 0.707106781186262, 0.000000000000000 ) );
#4212 = DIRECTION( '', ( 0.000000000000000, 0.000000000000000, -1.00000000000000 ) );
#4213 = SURFACE_STYLE_FILL_AREA( #7533 );
#4214 = ORIENTED_EDGE( '', *, *, #7534, .F. );
#4215 = ORIENTED_EDGE( '', *, *, #7535, .T. );
#4216 = ORIENTED_EDGE( '', *, *, #7536, .F. );
#4217 = ORIENTED_EDGE( '', *, *, #7537, .F. );
#4218 = CARTESIAN_POINT( '', ( 3.25000066682700, -16.1194418683650, -17.0000000000000 ) );
#4219 = DIRECTION( '', ( 1.00000000000000, 0.000000000000000, 0.000000000000000 ) );
#4220 = DIRECTION( '', ( 0.000000000000000, 1.00000000000000, 0.000000000000000 ) );
#4221 = SURFACE_STYLE_FILL_AREA( #7538 );
#4222 = ORIENTED_EDGE( '', *, *, #7539, .T. );
#4223 = ORIENTED_EDGE( '', *, *, #7540, .F. );
#4224 = ORIENTED_EDGE( '', *, *, #7541, .F. );
#4225 = ORIENTED_EDGE( '', *, *, #7542, .T. );
#4226 = CARTESIAN_POINT( '', ( 3.87500000000000, -20.0999999999990, 6.88196601124990 ) );
#4227 = DIRECTION( '', ( 1.00000000000000, 0.000000000000000, 0.000000000000000 ) );
#4228 = DIRECTION( '', ( 0.000000000000000, 1.00000000000000, 0.000000000000000 ) );
#4229 = SURFACE_STYLE_FILL_AREA( #7543 );
#4230 = ORIENTED_EDGE( '', *, *, #7544, .F. );
#4231 = ORIENTED_EDGE( '', *, *, #7545, .T. );
#4232 = ORIENTED_EDGE( '', *, *, #7546, .F. );
#4233 = ORIENTED_EDGE( '', *, *, #7547, .F. );
#4234 = CARTESIAN_POINT( '', ( 9.02551293665100, -10.1000000000000, 51.3283628290600 ) );
#4235 = DIRECTION( '', ( -0.766044443118999, 0.000000000000000, -0.642787609686514 ) );
#4236 = DIRECTION( '', ( -0.642787609686514, 0.000000000000000, 0.766044443118999 ) );
#4237 = SURFACE_STYLE_FILL_AREA( #7548 );
#4238 = ORIENTED_EDGE( '', *, *, #7549, .T. );
#4239 = ORIENTED_EDGE( '', *, *, #7550, .T. );
#4240 = ORIENTED_EDGE( '', *, *, #7551, .F. );
#4241 = ORIENTED_EDGE( '', *, *, #7552, .F. );
#4242 = ORIENTED_EDGE( '', *, *, #7553, .F. );
#4243 = ORIENTED_EDGE( '', *, *, #7554, .F. );
#4244 = ORIENTED_EDGE( '', *, *, #7555, .F. );
#4245 = ORIENTED_EDGE( '', *, *, #7556, .F. );
#4246 = ORIENTED_EDGE( '', *, *, #7557, .F. );
#4247 = ORIENTED_EDGE( '', *, *, #7558, .T. );
#4248 = ORIENTED_EDGE( '', *, *, #7559, .T. );
#4249 = ORIENTED_EDGE( '', *, *, #7536, .T. );
#4250 = ORIENTED_EDGE( '', *, *, #7560, .F. );
#4251 = ORIENTED_EDGE( '', *, *, #7561, .F. );
#4252 = ORIENTED_EDGE( '', *, *, #7562, .T. );
#4253 = ORIENTED_EDGE( '', *, *, #7563, .F. );
#4254 = ORIENTED_EDGE( '', *, *, #7564, .T. );
#4255 = ORIENTED_EDGE( '', *, *, #7565, .T. );
#4256 = CARTESIAN_POINT( '', ( -4.77749900892370, -9.78500015437600, -15.5000000000000 ) );
#4257 = DIRECTION( '', ( 0.000000000000000, 0.000000000000000, 1.00000000000000 ) );
#4258 = DIRECTION( '', ( 1.00000000000000, 0.000000000000000, 0.000000000000000 ) );
#4259 = SURFACE_STYLE_FILL_AREA( #7566 );
#4260 = ORIENTED_EDGE( '', *, *, #7567, .T. );
#4261 = ORIENTED_EDGE( '', *, *, #7568, .F. );
#4262 = ORIENTED_EDGE( '', *, *, #7569, .T. );
#4263 = ORIENTED_EDGE( '', *, *, #7570, .F. );
#4264 = ORIENTED_EDGE( '', *, *, #7571, .F. );
#4265 = ORIENTED_EDGE( '', *, *, #7572, .F. );
#4266 = CARTESIAN_POINT( '', ( 5.87499999999940, -21.9999999999990, 9.01803398874970 ) );
#4267 = DIRECTION( '', ( -1.00000000000000, 0.000000000000000, 9.36396624279589E-013 ) );
#4268 = DIRECTION( '', ( 0.000000000000000, 1.00000000000000, 0.000000000000000 ) );
#4269 = SURFACE_STYLE_FILL_AREA( #7573 );
#4270 = ORIENTED_EDGE( '', *, *, #7574, .T. );
#4271 = ORIENTED_EDGE( '', *, *, #7575, .T. );
#4272 = ORIENTED_EDGE( '', *, *, #7576, .T. );
#4273 = ORIENTED_EDGE( '', *, *, #7577, .F. );
#4274 = CARTESIAN_POINT( '', ( 9.75000020116574, -16.6000001573925, -16.2000000000062 ) );
#4275 = DIRECTION( '', ( 1.24173703737154E-012, -1.27656637163680E-012, 1.00000000000000 ) );
#4276 = DIRECTION( '', ( -2.50766797656927E-039, -1.00000000000000, -1.27656637163680E-012 ) );
#4277 = SURFACE_STYLE_FILL_AREA( #7578 );
#4278 = ORIENTED_EDGE( '', *, *, #7476, .F. );
#4279 = ORIENTED_EDGE( '', *, *, #7532, .F. );
#4280 = ORIENTED_EDGE( '', *, *, #7579, .F. );
#4281 = ORIENTED_EDGE( '', *, *, #7580, .T. );
#4282 = ORIENTED_EDGE( '', *, *, #7581, .F. );
#4283 = ORIENTED_EDGE( '', *, *, #7582, .T. );
#4284 = ORIENTED_EDGE( '', *, *, #7583, .F. );
#4285 = ORIENTED_EDGE( '', *, *, #7584, .F. );
#4286 = CARTESIAN_POINT( '', ( -3.07499999999910, -9.50898398214210, 5.12428609281750 ) );
#4287 = DIRECTION( '', ( 1.00000000000000, -5.81601074082032E-014, 0.000000000000000 ) );
#4288 = DIRECTION( '', ( 0.000000000000000, 0.000000000000000, 1.00000000000000 ) );
#4289 = SURFACE_STYLE_FILL_AREA( #7585 );
#4290 = ORIENTED_EDGE( '', *, *, #7586, .F. );
#4291 = ORIENTED_EDGE( '', *, *, #7587, .F. );
#4292 = ORIENTED_EDGE( '', *, *, #7588, .T. );
#4293 = ORIENTED_EDGE( '', *, *, #7589, .T. );
#4294 = CARTESIAN_POINT( '', ( -11.0000000000043, -10.1000000000000, 30.2502776662260 ) );
#4295 = DIRECTION( '', ( 1.05818132034135E-013, 1.00000000000000, 2.34744957761009E-014 ) );
#4296 = DIRECTION( '', ( 1.00000000000000, -1.05818132034135E-013, 0.000000000000000 ) );
#4297 = SURFACE_STYLE_FILL_AREA( #7590 );
#4298 = ORIENTED_EDGE( '', *, *, #7591, .T. );
#4299 = ORIENTED_EDGE( '', *, *, #7592, .F. );
#4300 = ORIENTED_EDGE( '', *, *, #7593, .F. );
#4301 = ORIENTED_EDGE( '', *, *, #7594, .T. );
#4302 = CARTESIAN_POINT( '', ( -6.72737960729290, -10.1000000000003, 49.3999999999977 ) );
#4303 = DIRECTION( '', ( 5.08417288252102E-014, 1.00000000000000, -1.09287578986448E-013 ) );
#4304 = DIRECTION( '', ( 0.000000000000000, -1.09287578986448E-013, -1.00000000000000 ) );
#4305 = SURFACE_STYLE_FILL_AREA( #7595 );
#4306 = ORIENTED_EDGE( '', *, *, #7596, .F. );
#4307 = ORIENTED_EDGE( '', *, *, #7597, .T. );
#4308 = ORIENTED_EDGE( '', *, *, #7598, .F. );
#4309 = ORIENTED_EDGE( '', *, *, #7599, .F. );
#4310 = CARTESIAN_POINT( '', ( 10.2928932188130, -10.1000000000000, 29.2071067811870 ) );
#4311 = DIRECTION( '', ( -0.707106781186548, 0.000000000000000, -0.707106781186547 ) );
#4312 = DIRECTION( '', ( -0.707106781186547, 0.000000000000000, 0.707106781186548 ) );
#4313 = SURFACE_STYLE_FILL_AREA( #7600 );
#4314 = ORIENTED_EDGE( '', *, *, #7601, .F. );
#4315 = ORIENTED_EDGE( '', *, *, #7602, .F. );
#4316 = ORIENTED_EDGE( '', *, *, #7603, .T. );
#4317 = ORIENTED_EDGE( '', *, *, #7604, .T. );
#4318 = ORIENTED_EDGE( '', *, *, #7605, .T. );
#4319 = ORIENTED_EDGE( '', *, *, #7606, .F. );
#4320 = CARTESIAN_POINT( '', ( 4.87500000000017, -21.9999999999993, 7.99999999999968 ) );
#4321 = DIRECTION( '', ( -1.96601993944018E-013, -1.00000000000000, 1.33124992704114E-013 ) );
#4322 = DIRECTION( '', ( -1.00000000000000, 1.96601993944018E-013, 0.000000000000000 ) );
#4323 = SURFACE_STYLE_FILL_AREA( #7607 );
#4324 = ORIENTED_EDGE( '', *, *, #7608, .F. );
#4325 = ORIENTED_EDGE( '', *, *, #7609, .T. );
#4326 = ORIENTED_EDGE( '', *, *, #7610, .T. );
#4327 = ORIENTED_EDGE( '', *, *, #7611, .T. );
#4328 = ORIENTED_EDGE( '', *, *, #7612, .T. );
#4329 = ORIENTED_EDGE( '', *, *, #7613, .T. );
#4330 = ORIENTED_EDGE( '', *, *, #7614, .T. );
#4331 = ORIENTED_EDGE( '', *, *, #7615, .F. );
#4332 = CARTESIAN_POINT( '', ( -14.1000001044490, -10.0000000000000, 24.2573593128810 ) );
#4333 = DIRECTION( '', ( -1.00000000000000, -9.81796973364632E-010, -1.92042242255071E-008 ) );
#4334 = DIRECTION( '', ( -1.92042242255071E-008, 0.000000000000000, 1.00000000000000 ) );
#4335 = SURFACE_STYLE_FILL_AREA( #7616 );
#4336 = ORIENTED_EDGE( '', *, *, #7617, .T. );
#4337 = ORIENTED_EDGE( '', *, *, #7618, .F. );
#4338 = ORIENTED_EDGE( '', *, *, #7619, .F. );
#4339 = ORIENTED_EDGE( '', *, *, #7620, .T. );
#4340 = CARTESIAN_POINT( '', ( 6.80000000000000, -19.5000024447210, 4.89428607762750 ) );
#4341 = DIRECTION( '', ( 0.000000000000000, -3.63411009669307E-008, -0.999999999999999 ) );
#4342 = DIRECTION( '', ( 0.000000000000000, -0.999999999999999, 3.63411009669307E-008 ) );
#4343 = SURFACE_STYLE_FILL_AREA( #7621 );
#4344 = ORIENTED_EDGE( '', *, *, #7622, .F. );
#4345 = ORIENTED_EDGE( '', *, *, #7623, .T. );
#4346 = ORIENTED_EDGE( '', *, *, #7624, .F. );
#4347 = ORIENTED_EDGE( '', *, *, #7625, .F. );
#4348 = CARTESIAN_POINT( '', ( -6.59999979883430, -14.7560912659250, -16.2000000000000 ) );
#4349 = DIRECTION( '', ( 0.866025403784439, 0.000000000000000, -0.500000000000000 ) );
#4350 = DIRECTION( '', ( 0.000000000000000, -1.00000000000000, 0.000000000000000 ) );
#4351 = SURFACE_STYLE_FILL_AREA( #7626 );
#4352 = ORIENTED_EDGE( '', *, *, #7627, .F. );
#4353 = ORIENTED_EDGE( '', *, *, #7628, .F. );
#4354 = ORIENTED_EDGE( '', *, *, #7623, .F. );
#4355 = ORIENTED_EDGE( '', *, *, #7629, .F. );
#4356 = ORIENTED_EDGE( '', *, *, #7630, .T. );
#4357 = CARTESIAN_POINT( '', ( -5.09750004857780, -12.4000001573930, -17.0000000000000 ) );
#4358 = DIRECTION( '', ( 0.000000000000000, 0.000000000000000, -1.00000000000000 ) );
#4359 = DIRECTION( '', ( 0.000000000000000, -1.00000000000000, 0.000000000000000 ) );
#4360 = SURFACE_STYLE_FILL_AREA( #7631 );
#4361 = ORIENTED_EDGE( '', *, *, #7632, .F. );
#4362 = ORIENTED_EDGE( '', *, *, #7633, .F. );
#4363 = ORIENTED_EDGE( '', *, *, #7634, .F. );
#4364 = ORIENTED_EDGE( '', *, *, #7635, .T. );
#4365 = CARTESIAN_POINT( '', ( 6.50000066682700, -14.7291710832820, -17.0000000000000 ) );
#4366 = DIRECTION( '', ( -1.00000000000000, 0.000000000000000, 0.000000000000000 ) );
#4367 = DIRECTION( '', ( 0.000000000000000, 0.000000000000000, 1.00000000000000 ) );
#4368 = SURFACE_STYLE_FILL_AREA( #7636 );
#4369 = ORIENTED_EDGE( '', *, *, #7637, .F. );
#4370 = ORIENTED_EDGE( '', *, *, #7638, .T. );
#4371 = ORIENTED_EDGE( '', *, *, #7639, .T. );
#4372 = ORIENTED_EDGE( '', *, *, #7640, .T. );
#4373 = ORIENTED_EDGE( '', *, *, #7641, .F. );
#4374 = ORIENTED_EDGE( '', *, *, #7606, .T. );
#4375 = ORIENTED_EDGE( '', *, *, #7642, .F. );
#4376 = ORIENTED_EDGE( '', *, *, #7643, .T. );
#4377 = ORIENTED_EDGE( '', *, *, #7644, .T. );
#4378 = ORIENTED_EDGE( '', *, *, #7645, .F. );
#4379 = ORIENTED_EDGE( '', *, *, #7646, .F. );
#4380 = ORIENTED_EDGE( '', *, *, #7647, .T. );
#4381 = ORIENTED_EDGE( '', *, *, #7648, .T. );
#4382 = ORIENTED_EDGE( '', *, *, #7649, .T. );
#4383 = ORIENTED_EDGE( '', *, *, #7650, .F. );
#4384 = ORIENTED_EDGE( '', *, *, #7651, .F. );
#4385 = ORIENTED_EDGE( '', *, *, #7652, .F. );
#4386 = ORIENTED_EDGE( '', *, *, #7653, .F. );
#4387 = ORIENTED_EDGE( '', *, *, #7654, .F. );
#4388 = ORIENTED_EDGE( '', *, *, #7655, .F. );
#4389 = CARTESIAN_POINT( '', ( 6.97499990315960, -21.8999999999990, 4.65249981415360 ) );
#4390 = DIRECTION( '', ( 0.000000000000000, -1.00000000000000, 0.000000000000000 ) );
#4391 = DIRECTION( '', ( 0.000000000000000, 0.000000000000000, -1.00000000000000 ) );
#4392 = SURFACE_STYLE_FILL_AREA( #7656 );
#4393 = ORIENTED_EDGE( '', *, *, #7657, .T. );
#4394 = ORIENTED_EDGE( '', *, *, #7658, .F. );
#4395 = ORIENTED_EDGE( '', *, *, #7659, .T. );
#4396 = ORIENTED_EDGE( '', *, *, #7660, .T. );
#4397 = CARTESIAN_POINT( '', ( -2.77500000000000, -22.7999999999990, 4.79999999999980 ) );
#4398 = DIRECTION( '', ( 0.000000000000000, 0.000000000000000, -1.00000000000000 ) );
#4399 = DIRECTION( '', ( 0.000000000000000, -1.00000000000000, 0.000000000000000 ) );
#4400 = SURFACE_STYLE_FILL_AREA( #7661 );
#4401 = ORIENTED_EDGE( '', *, *, #7651, .T. );
#4402 = ORIENTED_EDGE( '', *, *, #7662, .F. );
#4403 = ORIENTED_EDGE( '', *, *, #7663, .F. );
#4404 = ORIENTED_EDGE( '', *, *, #7664, .T. );
#4405 = CARTESIAN_POINT( '', ( 4.87500000000020, -22.6999999999944, 7.99999999999989 ) );
#4406 = DIRECTION( '', ( -2.33146835171304E-012, -1.00000000000000, -8.81212206892396E-013 ) );
#4407 = DIRECTION( '', ( -1.00000000000000, 2.33146835171304E-012, 0.000000000000000 ) );
#4408 = SURFACE_STYLE_FILL_AREA( #7665 );
#4409 = ORIENTED_EDGE( '', *, *, #7666, .F. );
#4410 = ORIENTED_EDGE( '', *, *, #7667, .F. );
#4411 = ORIENTED_EDGE( '', *, *, #7668, .F. );
#4412 = ORIENTED_EDGE( '', *, *, #7669, .T. );
#4413 = CARTESIAN_POINT( '', ( 3.30000017971580, -20.0999999999990, 10.3349997770120 ) );
#4414 = DIRECTION( '', ( 0.000000000000000, -1.00000000000000, 0.000000000000000 ) );
#4415 = DIRECTION( '', ( 0.000000000000000, 0.000000000000000, -1.00000000000000 ) );
#4416 = SURFACE_STYLE_FILL_AREA( #7670 );
#4417 = ORIENTED_EDGE( '', *, *, #7671, .F. );
#4418 = ORIENTED_EDGE( '', *, *, #7672, .T. );
#4419 = ORIENTED_EDGE( '', *, *, #7673, .F. );
#4420 = ORIENTED_EDGE( '', *, *, #7674, .F. );
#4421 = CARTESIAN_POINT( '', ( 9.02551293665100, -10.1000000000000, 51.3283628290600 ) );
#4422 = DIRECTION( '', ( -0.766044443118999, 0.000000000000000, -0.642787609686514 ) );
#4423 = DIRECTION( '', ( -0.642787609686514, 0.000000000000000, 0.766044443118999 ) );
#4424 = SURFACE_STYLE_FILL_AREA( #7675 );
#4425 = ORIENTED_EDGE( '', *, *, #7676, .T. );
#4426 = ORIENTED_EDGE( '', *, *, #7502, .F. );
#4427 = ORIENTED_EDGE( '', *, *, #7677, .T. );
#4428 = ORIENTED_EDGE( '', *, *, #7678, .F. );
#4429 = CARTESIAN_POINT( '', ( 1.65000066682700, -22.6999997766690, -2.71686900000000E-015 ) );
#4430 = DIRECTION( '', ( 0.000000000000000, -1.00000000000000, 0.000000000000000 ) );
#4431 = DIRECTION( '', ( 0.000000000000000, 0.000000000000000, -1.00000000000000 ) );
#4432 = SURFACE_STYLE_FILL_AREA( #7679 );
#4433 = ORIENTED_EDGE( '', *, *, #7680, .F. );
#4434 = ORIENTED_EDGE( '', *, *, #7681, .T. );
#4435 = ORIENTED_EDGE( '', *, *, #7682, .T. );
#4436 = ORIENTED_EDGE( '', *, *, #7683, .T. );
#4437 = ORIENTED_EDGE( '', *, *, #7684, .F. );
#4438 = ORIENTED_EDGE( '', *, *, #7685, .F. );
#4439 = ORIENTED_EDGE( '', *, *, #7686, .F. );
#4440 = ORIENTED_EDGE( '', *, *, #7687, .F. );
#4441 = CARTESIAN_POINT( '', ( 3.07500000000000, -22.1999999999990, 4.79999999999980 ) );
#4442 = DIRECTION( '', ( 0.000000000000000, 0.0348995282638745, -0.999390825916948 ) );
#4443 = DIRECTION( '', ( -1.00000000000000, 0.000000000000000, 0.000000000000000 ) );
#4444 = SURFACE_STYLE_FILL_AREA( #7688 );
#4445 = ORIENTED_EDGE( '', *, *, #7689, .F. );
#4446 = ORIENTED_EDGE( '', *, *, #7690, .T. );
#4447 = ORIENTED_EDGE( '', *, *, #7691, .T. );
#4448 = ORIENTED_EDGE( '', *, *, #7692, .F. );
#4449 = CARTESIAN_POINT( '', ( -10.9999999999989, -10.0999999999995, 29.9142135623730 ) );
#4450 = DIRECTION( '', ( 4.54497550706380E-013, 1.00000000000000, -1.88459682420176E-013 ) );
#4451 = DIRECTION( '', ( 1.00000000000000, -4.54497550706380E-013, 0.000000000000000 ) );
#4452 = SURFACE_STYLE_FILL_AREA( #7693 );
#4453 = ORIENTED_EDGE( '', *, *, #7694, .F. );
#4454 = ORIENTED_EDGE( '', *, *, #7695, .F. );
#4455 = ORIENTED_EDGE( '', *, *, #7696, .F. );
#4456 = ORIENTED_EDGE( '', *, *, #7697, .F. );
#4457 = ORIENTED_EDGE( '', *, *, #7698, .F. );
#4458 = CARTESIAN_POINT( '', ( -4.67249983921640, -11.9500001573940, -15.5000000000000 ) );
#4459 = DIRECTION( '', ( 0.000000000000000, 0.000000000000000, 1.00000000000000 ) );
#4460 = DIRECTION( '', ( 1.00000000000000, 0.000000000000000, 0.000000000000000 ) );
#4461 = SURFACE_STYLE_FILL_AREA( #7699 );
#4462 = ORIENTED_EDGE( '', *, *, #7700, .T. );
#4463 = ORIENTED_EDGE( '', *, *, #7701, .F. );
#4464 = ORIENTED_EDGE( '', *, *, #7702, .T. );
#4465 = ORIENTED_EDGE( '', *, *, #7703, .T. );
#4466 = CARTESIAN_POINT( '', ( -3.30000017971580, -20.0999999999990, 10.3349997770120 ) );
#4467 = DIRECTION( '', ( -0.000000000000000, 1.00000000000000, 0.000000000000000 ) );
#4468 = DIRECTION( '', ( 1.00000000000000, 0.000000000000000, 0.000000000000000 ) );
#4469 = SURFACE_STYLE_FILL_AREA( #7704 );
#4470 = ORIENTED_EDGE( '', *, *, #7705, .T. );
#4471 = ORIENTED_EDGE( '', *, *, #7706, .T. );
#4472 = ORIENTED_EDGE( '', *, *, #7707, .F. );
#4473 = ORIENTED_EDGE( '', *, *, #7587, .T. );
#4474 = CARTESIAN_POINT( '', ( -13.7189233604780, -10.1000000000000, 38.4472292021360 ) );
#4475 = DIRECTION( '', ( -0.906307786825870, 0.000000000000000, -0.422618262192718 ) );
#4476 = DIRECTION( '', ( -0.422618262192718, 0.000000000000000, 0.906307786825870 ) );
#4477 = SURFACE_STYLE_FILL_AREA( #7708 );
#4478 = ORIENTED_EDGE( '', *, *, #7709, .T. );
#4479 = ORIENTED_EDGE( '', *, *, #7710, .T. );
#4480 = ORIENTED_EDGE( '', *, *, #7711, .F. );
#4481 = ORIENTED_EDGE( '', *, *, #7712, .T. );
#4482 = CARTESIAN_POINT( '', ( -13.7189233604780, -10.1000000000000, 38.4472292021360 ) );
#4483 = DIRECTION( '', ( -0.906307786825870, 0.000000000000000, -0.422618262192718 ) );
#4484 = DIRECTION( '', ( -0.422618262192718, 0.000000000000000, 0.906307786825870 ) );
#4485 = SURFACE_STYLE_FILL_AREA( #7713 );
#4486 = ORIENTED_EDGE( '', *, *, #7714, .F. );
#4487 = ORIENTED_EDGE( '', *, *, #7715, .F. );
#4488 = ORIENTED_EDGE( '', *, *, #7716, .F. );
#4489 = ORIENTED_EDGE( '', *, *, #7717, .T. );
#4490 = ORIENTED_EDGE( '', *, *, #7718, .F. );
#4491 = ORIENTED_EDGE( '', *, *, #7719, .T. );
#4492 = ORIENTED_EDGE( '', *, *, #7720, .F. );
#4493 = ORIENTED_EDGE( '', *, *, #7721, .F. );
#4494 = CARTESIAN_POINT( '', ( -3.07499999999910, -9.50898398214210, 5.12428609281750 ) );
#4495 = DIRECTION( '', ( 1.00000000000000, -5.81601074082032E-014, 0.000000000000000 ) );
#4496 = DIRECTION( '', ( 0.000000000000000, 0.000000000000000, 1.00000000000000 ) );
#4497 = SURFACE_STYLE_FILL_AREA( #7722 );
#4498 = ORIENTED_EDGE( '', *, *, #7723, .T. );
#4499 = ORIENTED_EDGE( '', *, *, #7724, .T. );
#4500 = ORIENTED_EDGE( '', *, *, #7725, .T. );
#4501 = ORIENTED_EDGE( '', *, *, #7581, .T. );
#4502 = ORIENTED_EDGE( '', *, *, #7726, .T. );
#4503 = ORIENTED_EDGE( '', *, *, #7727, .F. );
#4504 = ORIENTED_EDGE( '', *, *, #7515, .F. );
#4505 = ORIENTED_EDGE( '', *, *, #7728, .F. );
#4506 = CARTESIAN_POINT( '', ( -3.07500000000000, -22.1999999999990, 4.79999999999980 ) );
#4507 = DIRECTION( '', ( 0.000000000000000, -0.0348995282638745, 0.999390825916948 ) );
#4508 = DIRECTION( '', ( -1.00000000000000, 0.000000000000000, 0.000000000000000 ) );
#4509 = SURFACE_STYLE_FILL_AREA( #7729 );
#4510 = ORIENTED_EDGE( '', *, *, #7730, .F. );
#4511 = ORIENTED_EDGE( '', *, *, #7731, .F. );
#4512 = ORIENTED_EDGE( '', *, *, #7732, .F. );
#4513 = ORIENTED_EDGE( '', *, *, #7733, .T. );
#4514 = CARTESIAN_POINT( '', ( 11.0000000000043, -10.1000000000000, 30.2502776662260 ) );
#4515 = DIRECTION( '', ( -1.05818132034135E-013, 1.00000000000000, 2.34744957761009E-014 ) );
#4516 = DIRECTION( '', ( 1.00000000000000, 1.05818132034135E-013, 0.000000000000000 ) );
#4517 = SURFACE_STYLE_FILL_AREA( #7734 );
#4518 = ORIENTED_EDGE( '', *, *, #7735, .F. );
#4519 = ORIENTED_EDGE( '', *, *, #7736, .T. );
#4520 = ORIENTED_EDGE( '', *, *, #7737, .F. );
#4521 = ORIENTED_EDGE( '', *, *, #7738, .F. );
#4522 = CARTESIAN_POINT( '', ( 5.20000066682700, -17.1360609997720, -17.0000000000000 ) );
#4523 = DIRECTION( '', ( 0.000000000000000, -1.00000000000000, 0.000000000000000 ) );
#4524 = DIRECTION( '', ( 0.000000000000000, 0.000000000000000, -1.00000000000000 ) );
#4525 = SURFACE_STYLE_FILL_AREA( #7739 );
#4526 = ORIENTED_EDGE( '', *, *, #7740, .F. );
#4527 = ORIENTED_EDGE( '', *, *, #7741, .T. );
#4528 = CARTESIAN_POINT( '', ( 6.66826970269034E-007, -16.5999997766690, -11.7500000000000 ) );
#4529 = DIRECTION( '', ( -0.000000000000000, -0.000000000000000, -1.00000000000000 ) );
#4530 = DIRECTION( '', ( 1.00000000000000, 0.000000000000000, 0.000000000000000 ) );
#4531 = SURFACE_STYLE_FILL_AREA( #7742 );
#4532 = ORIENTED_EDGE( '', *, *, #7743, .F. );
#4533 = ORIENTED_EDGE( '', *, *, #7569, .F. );
#4534 = ORIENTED_EDGE( '', *, *, #7744, .T. );
#4535 = ORIENTED_EDGE( '', *, *, #7745, .F. );
#4536 = CARTESIAN_POINT( '', ( 5.87500000000000, -20.0999999999990, 9.64999999999980 ) );
#4537 = DIRECTION( '', ( 0.000000000000000, 0.000000000000000, -1.00000000000000 ) );
#4538 = DIRECTION( '', ( 0.000000000000000, -1.00000000000000, 0.000000000000000 ) );
#4539 = SURFACE_STYLE_FILL_AREA( #7746 );
#4540 = ORIENTED_EDGE( '', *, *, #7747, .F. );
#4541 = ORIENTED_EDGE( '', *, *, #7748, .T. );
#4542 = ORIENTED_EDGE( '', *, *, #7749, .T. );
#4543 = ORIENTED_EDGE( '', *, *, #7490, .T. );
#4544 = CARTESIAN_POINT( '', ( -8.99999979883430, -11.1000001573940, -4.33680900000000E-015 ) );
#4545 = DIRECTION( '', ( 1.00000000000000, 0.000000000000000, 0.000000000000000 ) );
#4546 = DIRECTION( '', ( 0.000000000000000, 1.00000000000000, 0.000000000000000 ) );
#4547 = SURFACE_STYLE_FILL_AREA( #7750 );
#4548 = ORIENTED_EDGE( '', *, *, #7751, .F. );
#4549 = ORIENTED_EDGE( '', *, *, #7752, .F. );
#4550 = ORIENTED_EDGE( '', *, *, #7753, .F. );
#4551 = ORIENTED_EDGE( '', *, *, #7754, .F. );
#4552 = CARTESIAN_POINT( '', ( 2.43750005029140, -13.9187500555070, -14.0000000000000 ) );
#4553 = DIRECTION( '', ( 0.000000000000000, 0.000000000000000, 1.00000000000000 ) );
#4554 = DIRECTION( '', ( 1.00000000000000, 0.000000000000000, 0.000000000000000 ) );
#4555 = SURFACE_STYLE_FILL_AREA( #7755 );
#4556 = ORIENTED_EDGE( '', *, *, #7756, .F. );
#4557 = ORIENTED_EDGE( '', *, *, #7757, .F. );
#4558 = ORIENTED_EDGE( '', *, *, #7561, .T. );
#4559 = ORIENTED_EDGE( '', *, *, #7758, .T. );
#4560 = CARTESIAN_POINT( '', ( -0.799999333172960, -12.9363267563240, -17.0000000000000 ) );
#4561 = DIRECTION( '', ( 1.00000000000000, 0.000000000000000, 0.000000000000000 ) );
#4562 = DIRECTION( '', ( 0.000000000000000, 1.00000000000000, 0.000000000000000 ) );
#4563 = SURFACE_STYLE_FILL_AREA( #7759 );
#4564 = ORIENTED_EDGE( '', *, *, #7760, .T. );
#4565 = ORIENTED_EDGE( '', *, *, #7526, .T. );
#4566 = ORIENTED_EDGE( '', *, *, #7761, .F. );
#4567 = ORIENTED_EDGE( '', *, *, #7762, .F. );
#4568 = ORIENTED_EDGE( '', *, *, #7645, .T. );
#4569 = ORIENTED_EDGE( '', *, *, #7763, .T. );
#4570 = CARTESIAN_POINT( '', ( 4.87500000000000, -21.9999999999985, 7.99999999999977 ) );
#4571 = DIRECTION( '', ( -3.63135447637819E-013, -1.00000000000000, 2.45769217299778E-013 ) );
#4572 = DIRECTION( '', ( -1.00000000000000, 3.63135447637819E-013, 0.000000000000000 ) );
#4573 = SURFACE_STYLE_FILL_AREA( #7764 );
#4574 = ORIENTED_EDGE( '', *, *, #7765, .T. );
#4575 = ORIENTED_EDGE( '', *, *, #7766, .T. );
#4576 = ORIENTED_EDGE( '', *, *, #7767, .T. );
#4577 = ORIENTED_EDGE( '', *, *, #7768, .F. );
#4578 = ORIENTED_EDGE( '', *, *, #7769, .F. );
#4579 = CARTESIAN_POINT( '', ( -7.30000000000000, -22.6999999999990, 4.79999999999980 ) );
#4580 = DIRECTION( '', ( -0.707106781186688, 0.707106781186407, 0.000000000000000 ) );
#4581 = DIRECTION( '', ( 0.000000000000000, 0.000000000000000, 1.00000000000000 ) );
#4582 = SURFACE_STYLE_FILL_AREA( #7770 );
#4583 = ORIENTED_EDGE( '', *, *, #7771, .T. );
#4584 = ORIENTED_EDGE( '', *, *, #7772, .F. );
#4585 = ORIENTED_EDGE( '', *, *, #7773, .F. );
#4586 = ORIENTED_EDGE( '', *, *, #7774, .T. );
#4587 = CARTESIAN_POINT( '', ( 0.850000666826990, -21.8999997766690, -17.0000000000000 ) );
#4588 = DIRECTION( '', ( 1.00000000000000, 0.000000000000000, 0.000000000000000 ) );
#4589 = DIRECTION( '', ( 0.000000000000000, 1.00000000000000, 0.000000000000000 ) );
#4590 = SURFACE_STYLE_FILL_AREA( #7775 );
#4591 = ORIENTED_EDGE( '', *, *, #7776, .F. );
#4592 = ORIENTED_EDGE( '', *, *, #7777, .T. );
#4593 = ORIENTED_EDGE( '', *, *, #7512, .T. );
#4594 = ORIENTED_EDGE( '', *, *, #7778, .T. );
#4595 = CARTESIAN_POINT( '', ( -5.87500000000000, -20.0999999999990, 6.34999999999980 ) );
#4596 = DIRECTION( '', ( -1.00000000000000, 0.000000000000000, 0.000000000000000 ) );
#4597 = DIRECTION( '', ( 0.000000000000000, 0.000000000000000, 1.00000000000000 ) );
#4598 = SURFACE_STYLE_FILL_AREA( #7779 );
#4599 = ORIENTED_EDGE( '', *, *, #7780, .F. );
#4600 = ORIENTED_EDGE( '', *, *, #7537, .T. );
#4601 = ORIENTED_EDGE( '', *, *, #7559, .F. );
#4602 = ORIENTED_EDGE( '', *, *, #7781, .T. );
#4603 = CARTESIAN_POINT( '', ( 4.55000066682710, -16.1194418683650, -17.0000000000000 ) );
#4604 = DIRECTION( '', ( -0.000000000000000, 1.00000000000000, 0.000000000000000 ) );
#4605 = DIRECTION( '', ( 1.00000000000000, 0.000000000000000, 0.000000000000000 ) );
#4606 = SURFACE_STYLE_FILL_AREA( #7782 );
#4607 = ORIENTED_EDGE( '', *, *, #7783, .F. );
#4608 = ORIENTED_EDGE( '', *, *, #7630, .F. );
#4609 = CARTESIAN_POINT( '', ( -9.74999979883453, -16.6000001573931, -17.0000000000000 ) );
#4610 = DIRECTION( '', ( -0.000000000000000, -0.000000000000000, -1.00000000000000 ) );
#4611 = DIRECTION( '', ( 1.00000000000000, 0.000000000000000, 0.000000000000000 ) );
#4612 = SURFACE_STYLE_FILL_AREA( #7784 );
#4613 = ORIENTED_EDGE( '', *, *, #7785, .F. );
#4614 = ORIENTED_EDGE( '', *, *, #7786, .T. );
#4615 = ORIENTED_EDGE( '', *, *, #7787, .T. );
#4616 = ORIENTED_EDGE( '', *, *, #7461, .T. );
#4617 = ORIENTED_EDGE( '', *, *, #7788, .F. );
#4618 = ORIENTED_EDGE( '', *, *, #7789, .T. );
#4619 = ORIENTED_EDGE( '', *, *, #7790, .T. );
#4620 = ORIENTED_EDGE( '', *, *, #7791, .T. );
#4621 = CARTESIAN_POINT( '', ( 2.01165208757718E-007, -16.6000001573936, 0.0999999999999926 ) );
#4622 = DIRECTION( '', ( -6.57204741540787E-016, 1.19507916143259E-016, 1.00000000000000 ) );
#4623 = DIRECTION( '', ( -1.00000000000000, 0.000000000000000, -6.57204741540787E-016 ) );
#4624 = SURFACE_STYLE_FILL_AREA( #7792 );
#4625 = ORIENTED_EDGE( '', *, *, #7793, .T. );
#4626 = ORIENTED_EDGE( '', *, *, #7794, .F. );
#4627 = ORIENTED_EDGE( '', *, *, #7795, .F. );
#4628 = ORIENTED_EDGE( '', *, *, #7796, .T. );
#4629 = CARTESIAN_POINT( '', ( -6.72737960729290, -10.1000000000003, 49.3999999999977 ) );
#4630 = DIRECTION( '', ( 5.08417288252102E-014, 1.00000000000000, -1.09287578986448E-013 ) );
#4631 = DIRECTION( '', ( 0.000000000000000, -1.09287578986448E-013, -1.00000000000000 ) );
#4632 = SURFACE_STYLE_FILL_AREA( #7797 );
#4633 = ORIENTED_EDGE( '', *, *, #7798, .F. );
#4634 = ORIENTED_EDGE( '', *, *, #7799, .T. );
#4635 = ORIENTED_EDGE( '', *, *, #7800, .F. );
#4636 = ORIENTED_EDGE( '', *, *, #7801, .F. );
#4637 = CARTESIAN_POINT( '', ( -4.87500000000040, -22.6999999999944, 7.99999999999989 ) );
#4638 = DIRECTION( '', ( 2.33146835171329E-012, -1.00000000000000, -8.81212206892396E-013 ) );
#4639 = DIRECTION( '', ( -1.00000000000000, -2.33146835171328E-012, 0.000000000000000 ) );
#4640 = SURFACE_STYLE_FILL_AREA( #7802 );
#4641 = ORIENTED_EDGE( '', *, *, #7803, .F. );
#4642 = ORIENTED_EDGE( '', *, *, #7804, .F. );
#4643 = ORIENTED_EDGE( '', *, *, #7563, .T. );
#4644 = ORIENTED_EDGE( '', *, *, #7805, .F. );
#4645 = CARTESIAN_POINT( '', ( -2.49999933317310, -10.8999997766690, -17.0000000000000 ) );
#4646 = DIRECTION( '', ( -1.00000000000000, 0.000000000000000, 0.000000000000000 ) );
#4647 = DIRECTION( '', ( 0.000000000000000, 0.000000000000000, 1.00000000000000 ) );
#4648 = SURFACE_STYLE_FILL_AREA( #7806 );
#4649 = ORIENTED_EDGE( '', *, *, #7807, .F. );
#4650 = ORIENTED_EDGE( '', *, *, #7808, .T. );
#4651 = ORIENTED_EDGE( '', *, *, #7809, .F. );
#4652 = ORIENTED_EDGE( '', *, *, #7810, .F. );
#4653 = ORIENTED_EDGE( '', *, *, #7745, .T. );
#4654 = ORIENTED_EDGE( '', *, *, #7811, .T. );
#4655 = CARTESIAN_POINT( '', ( 3.87500000000000, -21.9999999999990, 10.3000000000000 ) );
#4656 = DIRECTION( '', ( 1.00000000000000, 0.000000000000000, 0.000000000000000 ) );
#4657 = DIRECTION( '', ( 0.000000000000000, 1.00000000000000, 0.000000000000000 ) );
#4658 = SURFACE_STYLE_FILL_AREA( #7812 );
#4659 = ORIENTED_EDGE( '', *, *, #7813, .T. );
#4660 = ORIENTED_EDGE( '', *, *, #7814, .T. );
#4661 = ORIENTED_EDGE( '', *, *, #7815, .F. );
#4662 = ORIENTED_EDGE( '', *, *, #7816, .F. );
#4663 = CARTESIAN_POINT( '', ( -14.2000000000000, -10.0000000000000, -6.93889400000000E-015 ) );
#4664 = DIRECTION( '', ( 2.44327253521127E-016, 0.000000000000000, -1.00000000000000 ) );
#4665 = DIRECTION( '', ( 0.000000000000000, -1.00000000000000, 0.000000000000000 ) );
#4666 = SURFACE_STYLE_FILL_AREA( #7817 );
#4667 = ORIENTED_EDGE( '', *, *, #7818, .T. );
#4668 = ORIENTED_EDGE( '', *, *, #7467, .F. );
#4669 = ORIENTED_EDGE( '', *, *, #7819, .T. );
#4670 = ORIENTED_EDGE( '', *, *, #7519, .T. );
#4671 = CARTESIAN_POINT( '', ( 4.45000020116570, -17.1000001573940, -4.33680900000000E-015 ) );
#4672 = DIRECTION( '', ( 0.000000000000000, -1.00000000000000, 0.000000000000000 ) );
#4673 = DIRECTION( '', ( 0.000000000000000, 0.000000000000000, -1.00000000000000 ) );
#4674 = SURFACE_STYLE_FILL_AREA( #7820 );
#4675 = ORIENTED_EDGE( '', *, *, #7821, .F. );
#4676 = ORIENTED_EDGE( '', *, *, #7822, .T. );
#4677 = ORIENTED_EDGE( '', *, *, #7823, .F. );
#4678 = ORIENTED_EDGE( '', *, *, #7824, .F. );
#4679 = CARTESIAN_POINT( '', ( -4.87500000000040, -22.6999999999944, 7.99999999999989 ) );
#4680 = DIRECTION( '', ( 2.33146835171329E-012, -1.00000000000000, -8.81212206892396E-013 ) );
#4681 = DIRECTION( '', ( -1.00000000000000, -2.33146835171328E-012, 0.000000000000000 ) );
#4682 = SURFACE_STYLE_FILL_AREA( #7825 );
#4683 = ORIENTED_EDGE( '', *, *, #7826, .F. );
#4684 = ORIENTED_EDGE( '', *, *, #7827, .F. );
#4685 = ORIENTED_EDGE( '', *, *, #7828, .F. );
#4686 = ORIENTED_EDGE( '', *, *, #7829, .F. );
#4687 = ORIENTED_EDGE( '', *, *, #7830, .F. );
#4688 = ORIENTED_EDGE( '', *, *, #7831, .F. );
#4689 = ORIENTED_EDGE( '', *, *, #7832, .F. );
#4690 = ORIENTED_EDGE( '', *, *, #7813, .F. );
#4691 = CARTESIAN_POINT( '', ( 14.0999998955510, -10.0000000000000, 24.2573593128810 ) );
#4692 = DIRECTION( '', ( -1.00000000000000, -9.81796837839360E-010, -1.92042242255071E-008 ) );
#4693 = DIRECTION( '', ( -1.92042242255071E-008, 0.000000000000000, 1.00000000000000 ) );
#4694 = SURFACE_STYLE_FILL_AREA( #7833 );
#4695 = ORIENTED_EDGE( '', *, *, #7834, .F. );
#4696 = ORIENTED_EDGE( '', *, *, #7830, .T. );
#4697 = ORIENTED_EDGE( '', *, *, #7835, .T. );
#4698 = ORIENTED_EDGE( '', *, *, #7836, .T. );
#4699 = CARTESIAN_POINT( '', ( 9.75000066682762, -16.5999997766690, -7.37818662765221E-016 ) );
#4700 = DIRECTION( '', ( -2.44327252575135E-016, 1.05410646101863E-023, 1.00000000000000 ) );
#4701 = DIRECTION( '', ( -1.00000000000000, 0.000000000000000, -2.44327252575135E-016 ) );
#4702 = SURFACE_STYLE_FILL_AREA( #7837 );
#4703 = ORIENTED_EDGE( '', *, *, #7838, .F. );
#4704 = ORIENTED_EDGE( '', *, *, #7839, .T. );
#4705 = ORIENTED_EDGE( '', *, *, #7840, .T. );
#4706 = ORIENTED_EDGE( '', *, *, #7841, .T. );
#4707 = ORIENTED_EDGE( '', *, *, #7842, .F. );
#4708 = ORIENTED_EDGE( '', *, *, #7843, .T. );
#4709 = CARTESIAN_POINT( '', ( -5.87499999999940, -21.9999999999990, 9.01803398874970 ) );
#4710 = DIRECTION( '', ( -1.00000000000000, 0.000000000000000, -9.36396624279589E-013 ) );
#4711 = DIRECTION( '', ( -9.36396624279589E-013, 0.000000000000000, 1.00000000000000 ) );
#4712 = SURFACE_STYLE_FILL_AREA( #7844 );
#4713 = ORIENTED_EDGE( '', *, *, #7845, .T. );
#4714 = ORIENTED_EDGE( '', *, *, #7846, .T. );
#4715 = ORIENTED_EDGE( '', *, *, #7847, .F. );
#4716 = ORIENTED_EDGE( '', *, *, #7848, .F. );
#4717 = CARTESIAN_POINT( '', ( -0.849999333173010, -19.8999997766690, -17.0000000000000 ) );
#4718 = DIRECTION( '', ( -1.00000000000000, -4.98732999343332E-015, 0.000000000000000 ) );
#4719 = DIRECTION( '', ( -4.98732999343332E-015, 1.00000000000000, 0.000000000000000 ) );
#4720 = SURFACE_STYLE_FILL_AREA( #7849 );
#4721 = ORIENTED_EDGE( '', *, *, #7850, .T. );
#4722 = ORIENTED_EDGE( '', *, *, #7851, .T. );
#4723 = ORIENTED_EDGE( '', *, *, #7852, .T. );
#4724 = ORIENTED_EDGE( '', *, *, #7853, .T. );
#4725 = ORIENTED_EDGE( '', *, *, #7836, .F. );
#4726 = ORIENTED_EDGE( '', *, *, #7854, .F. );
#4727 = CARTESIAN_POINT( '', ( 5.37507209598150, -17.8499997766690, -1.80673300000000E-015 ) );
#4728 = DIRECTION( '', ( 0.000000000000000, -1.00000000000000, 0.000000000000000 ) );
#4729 = DIRECTION( '', ( 0.000000000000000, 0.000000000000000, -1.00000000000000 ) );
#4730 = SURFACE_STYLE_FILL_AREA( #7855 );
#4731 = ORIENTED_EDGE( '', *, *, #7856, .F. );
#4732 = ORIENTED_EDGE( '', *, *, #7857, .F. );
#4733 = ORIENTED_EDGE( '', *, *, #7858, .F. );
#4734 = ORIENTED_EDGE( '', *, *, #7472, .T. );
#4735 = CARTESIAN_POINT( '', ( -6.49999933317300, -18.4708284712660, -17.0000000000000 ) );
#4736 = DIRECTION( '', ( 1.00000000000000, 0.000000000000000, 0.000000000000000 ) );
#4737 = DIRECTION( '', ( 0.000000000000000, 1.00000000000000, 0.000000000000000 ) );
#4738 = SURFACE_STYLE_FILL_AREA( #7859 );
#4739 = ORIENTED_EDGE( '', *, *, #7860, .F. );
#4740 = ORIENTED_EDGE( '', *, *, #7463, .T. );
#4741 = ORIENTED_EDGE( '', *, *, #7861, .T. );
#4742 = ORIENTED_EDGE( '', *, *, #7862, .T. );
#4743 = ORIENTED_EDGE( '', *, *, #7863, .F. );
#4744 = ORIENTED_EDGE( '', *, *, #7864, .T. );
#4745 = ORIENTED_EDGE( '', *, *, #7754, .T. );
#4746 = ORIENTED_EDGE( '', *, *, #7865, .T. );
#4747 = CARTESIAN_POINT( '', ( 2.01165397189671E-007, -16.6000001573937, 0.100000000000000 ) );
#4748 = DIRECTION( '', ( 2.62881896616374E-015, 5.17287374229073E-016, 1.00000000000000 ) );
#4749 = DIRECTION( '', ( -1.00000000000000, 0.000000000000000, 2.62881896616374E-015 ) );
#4750 = SURFACE_STYLE_FILL_AREA( #7866 );
#4751 = ORIENTED_EDGE( '', *, *, #7867, .T. );
#4752 = ORIENTED_EDGE( '', *, *, #7868, .F. );
#4753 = ORIENTED_EDGE( '', *, *, #7869, .F. );
#4754 = ORIENTED_EDGE( '', *, *, #7870, .T. );
#4755 = CARTESIAN_POINT( '', ( 4.87500000000029, -22.7000000000004, 7.99999999999964 ) );
#4756 = DIRECTION( '', ( -6.67868538250977E-013, -1.00000000000000, 2.52430580103041E-013 ) );
#4757 = DIRECTION( '', ( -1.00000000000000, 6.67868538250977E-013, 0.000000000000000 ) );
#4758 = SURFACE_STYLE_FILL_AREA( #7871 );
#4759 = ORIENTED_EDGE( '', *, *, #7725, .F. );
#4760 = ORIENTED_EDGE( '', *, *, #7872, .T. );
#4761 = ORIENTED_EDGE( '', *, *, #7873, .F. );
#4762 = ORIENTED_EDGE( '', *, *, #7582, .F. );
#4763 = CARTESIAN_POINT( '', ( -6.80000000000000, -19.5000024447210, 4.89428607762750 ) );
#4764 = DIRECTION( '', ( -0.000000000000000, 3.63411009669307E-008, 0.999999999999999 ) );
#4765 = DIRECTION( '', ( 1.00000000000000, 0.000000000000000, 0.000000000000000 ) );
#4766 = SURFACE_STYLE_FILL_AREA( #7874 );
#4767 = ORIENTED_EDGE( '', *, *, #7875, .F. );
#4768 = ORIENTED_EDGE( '', *, *, #7876, .T. );
#4769 = ORIENTED_EDGE( '', *, *, #7877, .T. );
#4770 = ORIENTED_EDGE( '', *, *, #7878, .F. );
#4771 = ORIENTED_EDGE( '', *, *, #7879, .T. );
#4772 = ORIENTED_EDGE( '', *, *, #7880, .T. );
#4773 = CARTESIAN_POINT( '', ( -14.2000000000000, -10.0000000000000, -6.93889400000000E-015 ) );
#4774 = DIRECTION( '', ( 2.44327253521127E-016, 0.000000000000000, -1.00000000000000 ) );
#4775 = DIRECTION( '', ( 0.000000000000000, -1.00000000000000, 0.000000000000000 ) );
#4776 = SURFACE_STYLE_FILL_AREA( #7881 );
#4777 = ORIENTED_EDGE( '', *, *, #7882, .F. );
#4778 = ORIENTED_EDGE( '', *, *, #7487, .F. );
#4779 = ORIENTED_EDGE( '', *, *, #7883, .F. );
#4780 = ORIENTED_EDGE( '', *, *, #7884, .F. );
#4781 = CARTESIAN_POINT( '', ( 13.7189233604780, -10.1000000000000, 38.4472292021360 ) );
#4782 = DIRECTION( '', ( -0.906307786825870, 0.000000000000000, 0.422618262192718 ) );
#4783 = DIRECTION( '', ( 0.000000000000000, 1.00000000000000, 0.000000000000000 ) );
#4784 = SURFACE_STYLE_FILL_AREA( #7885 );
#4785 = ORIENTED_EDGE( '', *, *, #7886, .F. );
#4786 = ORIENTED_EDGE( '', *, *, #7887, .T. );
#4787 = ORIENTED_EDGE( '', *, *, #7888, .F. );
#4788 = ORIENTED_EDGE( '', *, *, #7889, .T. );
#4789 = CARTESIAN_POINT( '', ( -8.89999933317300, -10.8999997766690, -17.0000000000000 ) );
#4790 = DIRECTION( '', ( -0.000000000000000, 1.00000000000000, 0.000000000000000 ) );
#4791 = DIRECTION( '', ( 1.00000000000000, 0.000000000000000, 0.000000000000000 ) );
#4792 = SURFACE_STYLE_FILL_AREA( #7890 );
#4793 = ORIENTED_EDGE( '', *, *, #7891, .F. );
#4794 = ORIENTED_EDGE( '', *, *, #7892, .F. );
#4795 = ORIENTED_EDGE( '', *, *, #7893, .T. );
#4796 = ORIENTED_EDGE( '', *, *, #7706, .F. );
#4797 = CARTESIAN_POINT( '', ( -10.9999999999890, -10.0999999999999, 39.7150839887161 ) );
#4798 = DIRECTION( '', ( -4.68375338512013E-014, 1.00000000000000, -1.04331092338402E-014 ) );
#4799 = DIRECTION( '', ( 1.00000000000000, 4.68375338512013E-014, 0.000000000000000 ) );
#4800 = SURFACE_STYLE_FILL_AREA( #7894 );
#4801 = ORIENTED_EDGE( '', *, *, #7647, .F. );
#4802 = ORIENTED_EDGE( '', *, *, #7895, .T. );
#4803 = ORIENTED_EDGE( '', *, *, #7896, .T. );
#4804 = ORIENTED_EDGE( '', *, *, #7897, .T. );
#4805 = ORIENTED_EDGE( '', *, *, #7640, .F. );
#4806 = ORIENTED_EDGE( '', *, *, #7898, .F. );
#4807 = ORIENTED_EDGE( '', *, *, #7617, .F. );
#4808 = ORIENTED_EDGE( '', *, *, #7899, .F. );
#4809 = CARTESIAN_POINT( '', ( 3.07500000000000, -22.1999999999990, 4.79999999999980 ) );
#4810 = DIRECTION( '', ( 0.000000000000000, 0.0348995282638745, -0.999390825916948 ) );
#4811 = DIRECTION( '', ( -1.00000000000000, 0.000000000000000, 0.000000000000000 ) );
#4812 = SURFACE_STYLE_FILL_AREA( #7900 );
#4813 = ORIENTED_EDGE( '', *, *, #7901, .T. );
#4814 = ORIENTED_EDGE( '', *, *, #7902, .T. );
#4815 = ORIENTED_EDGE( '', *, *, #7735, .T. );
#4816 = ORIENTED_EDGE( '', *, *, #7903, .T. );
#4817 = ORIENTED_EDGE( '', *, *, #7904, .T. );
#4818 = ORIENTED_EDGE( '', *, *, #7632, .T. );
#4819 = ORIENTED_EDGE( '', *, *, #7905, .T. );
#4820 = ORIENTED_EDGE( '', *, *, #7906, .T. );
#4821 = ORIENTED_EDGE( '', *, *, #7907, .T. );
#4822 = ORIENTED_EDGE( '', *, *, #7908, .T. );
#4823 = ORIENTED_EDGE( '', *, *, #7909, .T. );
#4824 = ORIENTED_EDGE( '', *, *, #7910, .T. );
#4825 = ORIENTED_EDGE( '', *, *, #7911, .T. );
#4826 = CARTESIAN_POINT( '', ( -14.2000000000000, -10.0000000000000, -6.93889400000000E-015 ) );
#4827 = DIRECTION( '', ( 2.44327253521127E-016, 0.000000000000000, -1.00000000000000 ) );
#4828 = DIRECTION( '', ( 0.000000000000000, -1.00000000000000, 0.000000000000000 ) );
#4829 = SURFACE_STYLE_FILL_AREA( #7912 );
#4830 = ORIENTED_EDGE( '', *, *, #7913, .F. );
#4831 = ORIENTED_EDGE( '', *, *, #7914, .T. );
#4832 = ORIENTED_EDGE( '', *, *, #7659, .F. );
#4833 = ORIENTED_EDGE( '', *, *, #7915, .F. );
#4834 = ORIENTED_EDGE( '', *, *, #7916, .F. );
#4835 = ORIENTED_EDGE( '', *, *, #7917, .F. );
#4836 = ORIENTED_EDGE( '', *, *, #7918, .F. );
#4837 = ORIENTED_EDGE( '', *, *, #7919, .F. );
#4838 = CARTESIAN_POINT( '', ( -6.79999999999970, -23.2590879290360, 5.12428609281750 ) );
#4839 = DIRECTION( '', ( -1.00000000000000, 0.000000000000000, 0.000000000000000 ) );
#4840 = DIRECTION( '', ( 0.000000000000000, 0.000000000000000, 1.00000000000000 ) );
#4841 = SURFACE_STYLE_FILL_AREA( #7920 );
#4842 = ORIENTED_EDGE( '', *, *, #7494, .T. );
#4843 = ORIENTED_EDGE( '', *, *, #7921, .T. );
#4844 = ORIENTED_EDGE( '', *, *, #7922, .T. );
#4845 = ORIENTED_EDGE( '', *, *, #7923, .T. );
#4846 = ORIENTED_EDGE( '', *, *, #7924, .T. );
#4847 = ORIENTED_EDGE( '', *, *, #7925, .T. );
#4848 = ORIENTED_EDGE( '', *, *, #7926, .T. );
#4849 = ORIENTED_EDGE( '', *, *, #7927, .T. );
#4850 = ORIENTED_EDGE( '', *, *, #7928, .T. );
#4851 = ORIENTED_EDGE( '', *, *, #7929, .T. );
#4852 = ORIENTED_EDGE( '', *, *, #7803, .T. );
#4853 = ORIENTED_EDGE( '', *, *, #7930, .T. );
#4854 = ORIENTED_EDGE( '', *, *, #7756, .T. );
#4855 = ORIENTED_EDGE( '', *, *, #7931, .T. );
#4856 = ORIENTED_EDGE( '', *, *, #7534, .T. );
#4857 = ORIENTED_EDGE( '', *, *, #7780, .T. );
#4858 = ORIENTED_EDGE( '', *, *, #7932, .T. );
#4859 = ORIENTED_EDGE( '', *, *, #7933, .T. );
#4860 = ORIENTED_EDGE( '', *, *, #7740, .T. );
#4861 = CARTESIAN_POINT( '', ( -4.77749900892370, -10.6250000312920, -1.50000000000000 ) );
#4862 = DIRECTION( '', ( 0.000000000000000, 0.000000000000000, -1.00000000000000 ) );
#4863 = DIRECTION( '', ( 0.000000000000000, -1.00000000000000, 0.000000000000000 ) );
#4864 = SURFACE_STYLE_FILL_AREA( #7934 );
#4865 = ORIENTED_EDGE( '', *, *, #7921, .F. );
#4866 = ORIENTED_EDGE( '', *, *, #7497, .F. );
#4867 = ORIENTED_EDGE( '', *, *, #7935, .F. );
#4868 = ORIENTED_EDGE( '', *, *, #7936, .F. );
#4869 = CARTESIAN_POINT( '', ( 6.66824169883243E-007, -16.5999997766665, -17.0000000000043 ) );
#4870 = DIRECTION( '', ( 8.22884081867570E-013, -8.45619870422015E-013, -1.00000000000000 ) );
#4871 = DIRECTION( '', ( 0.000000000000000, -1.00000000000000, 8.45619870422015E-013 ) );
#4872 = SURFACE_STYLE_FILL_AREA( #7937 );
#4873 = ORIENTED_EDGE( '', *, *, #7938, .F. );
#4874 = ORIENTED_EDGE( '', *, *, #7492, .T. );
#4875 = ORIENTED_EDGE( '', *, *, #7939, .T. );
#4876 = ORIENTED_EDGE( '', *, *, #7940, .T. );
#4877 = CARTESIAN_POINT( '', ( -10.4999997988340, -13.4000001573940, -4.33680900000000E-015 ) );
#4878 = DIRECTION( '', ( -1.00000000000000, 0.000000000000000, 0.000000000000000 ) );
#4879 = DIRECTION( '', ( 0.000000000000000, 0.000000000000000, 1.00000000000000 ) );
#4880 = SURFACE_STYLE_FILL_AREA( #7941 );
#4881 = ORIENTED_EDGE( '', *, *, #7942, .F. );
#4882 = ORIENTED_EDGE( '', *, *, #7943, .F. );
#4883 = ORIENTED_EDGE( '', *, *, #7944, .F. );
#4884 = ORIENTED_EDGE( '', *, *, #7945, .F. );
#4885 = CARTESIAN_POINT( '', ( 11.1000000000006, -10.1000000000002, 24.1573593128805 ) );
#4886 = DIRECTION( '', ( -6.07153216591979E-014, 1.00000000000000, -2.51279576560317E-014 ) );
#4887 = DIRECTION( '', ( 1.00000000000000, 6.07153216591979E-014, 0.000000000000000 ) );
#4888 = SURFACE_STYLE_FILL_AREA( #7946 );
#4889 = ORIENTED_EDGE( '', *, *, #7947, .F. );
#4890 = ORIENTED_EDGE( '', *, *, #7948, .F. );
#4891 = ORIENTED_EDGE( '', *, *, #7949, .F. );
#4892 = ORIENTED_EDGE( '', *, *, #7950, .F. );
#4893 = CARTESIAN_POINT( '', ( 5.26100024580960, -16.0700001380410, -15.5000000000000 ) );
#4894 = DIRECTION( '', ( 0.000000000000000, 0.000000000000000, 1.00000000000000 ) );
#4895 = DIRECTION( '', ( 1.00000000000000, 0.000000000000000, 0.000000000000000 ) );
#4896 = SURFACE_STYLE_FILL_AREA( #7951 );
#4897 = ORIENTED_EDGE( '', *, *, #7952, .F. );
#4898 = ORIENTED_EDGE( '', *, *, #7953, .F. );
#4899 = ORIENTED_EDGE( '', *, *, #7954, .F. );
#4900 = ORIENTED_EDGE( '', *, *, #7955, .F. );
#4901 = CARTESIAN_POINT( '', ( 7.53625000000000, -19.3399999999990, 2.79999999999980 ) );
#4902 = DIRECTION( '', ( 0.000000000000000, 0.000000000000000, 1.00000000000000 ) );
#4903 = DIRECTION( '', ( 1.00000000000000, 0.000000000000000, 0.000000000000000 ) );
#4904 = SURFACE_STYLE_FILL_AREA( #7956 );
#4905 = ORIENTED_EDGE( '', *, *, #7957, .F. );
#4906 = ORIENTED_EDGE( '', *, *, #7958, .T. );
#4907 = ORIENTED_EDGE( '', *, *, #7959, .F. );
#4908 = ORIENTED_EDGE( '', *, *, #7822, .F. );
#4909 = CARTESIAN_POINT( '', ( -6.37500000000000, -22.6999999999990, 9.32287565553260 ) );
#4910 = DIRECTION( '', ( -1.00000000000000, 0.000000000000000, 0.000000000000000 ) );
#4911 = DIRECTION( '', ( 0.000000000000000, 0.000000000000000, 1.00000000000000 ) );
#4912 = SURFACE_STYLE_FILL_AREA( #7960 );
#4913 = ORIENTED_EDGE( '', *, *, #7961, .T. );
#4914 = ORIENTED_EDGE( '', *, *, #7767, .F. );
#4915 = ORIENTED_EDGE( '', *, *, #7962, .T. );
#4916 = ORIENTED_EDGE( '', *, *, #7963, .T. );
#4917 = CARTESIAN_POINT( '', ( -2.77500000000000, -22.7999999999990, 4.79999999999980 ) );
#4918 = DIRECTION( '', ( 0.000000000000000, 0.000000000000000, -1.00000000000000 ) );
#4919 = DIRECTION( '', ( 0.000000000000000, -1.00000000000000, 0.000000000000000 ) );
#4920 = SURFACE_STYLE_FILL_AREA( #7964 );
#4921 = ORIENTED_EDGE( '', *, *, #7965, .F. );
#4922 = ORIENTED_EDGE( '', *, *, #7966, .T. );
#4923 = ORIENTED_EDGE( '', *, *, #7967, .F. );
#4924 = ORIENTED_EDGE( '', *, *, #7799, .F. );
#4925 = CARTESIAN_POINT( '', ( -6.37500000000000, -22.6999999999990, 9.32287565553260 ) );
#4926 = DIRECTION( '', ( -1.00000000000000, 0.000000000000000, 0.000000000000000 ) );
#4927 = DIRECTION( '', ( 0.000000000000000, 0.000000000000000, 1.00000000000000 ) );
#4928 = SURFACE_STYLE_FILL_AREA( #7968 );
#4929 = ORIENTED_EDGE( '', *, *, #7969, .T. );
#4930 = ORIENTED_EDGE( '', *, *, #7970, .T. );
#4931 = ORIENTED_EDGE( '', *, *, #7971, .T. );
#4932 = ORIENTED_EDGE( '', *, *, #7972, .T. );
#4933 = ORIENTED_EDGE( '', *, *, #7957, .T. );
#4934 = ORIENTED_EDGE( '', *, *, #7821, .T. );
#4935 = ORIENTED_EDGE( '', *, *, #7973, .T. );
#4936 = ORIENTED_EDGE( '', *, *, #7963, .F. );
#4937 = ORIENTED_EDGE( '', *, *, #7974, .F. );
#4938 = ORIENTED_EDGE( '', *, *, #7723, .F. );
#4939 = ORIENTED_EDGE( '', *, *, #7975, .T. );
#4940 = ORIENTED_EDGE( '', *, *, #7976, .T. );
#4941 = ORIENTED_EDGE( '', *, *, #7977, .F. );
#4942 = ORIENTED_EDGE( '', *, *, #7978, .F. );
#4943 = ORIENTED_EDGE( '', *, *, #7979, .T. );
#4944 = ORIENTED_EDGE( '', *, *, #7980, .F. );
#4945 = ORIENTED_EDGE( '', *, *, #7981, .T. );
#4946 = ORIENTED_EDGE( '', *, *, #7726, .F. );
#4947 = ORIENTED_EDGE( '', *, *, #7580, .F. );
#4948 = ORIENTED_EDGE( '', *, *, #7982, .F. );
#4949 = CARTESIAN_POINT( '', ( -6.97499990315950, -21.8999999999990, 4.65249981415360 ) );
#4950 = DIRECTION( '', ( -0.000000000000000, 1.00000000000000, 0.000000000000000 ) );
#4951 = DIRECTION( '', ( 1.00000000000000, 0.000000000000000, 0.000000000000000 ) );
#4952 = SURFACE_STYLE_FILL_AREA( #7983 );
#4953 = ORIENTED_EDGE( '', *, *, #7984, .T. );
#4954 = ORIENTED_EDGE( '', *, *, #7507, .T. );
#4955 = ORIENTED_EDGE( '', *, *, #7985, .F. );
#4956 = ORIENTED_EDGE( '', *, *, #7986, .F. );
#4957 = CARTESIAN_POINT( '', ( 8.10000066682700, -12.3597167672460, -1.14095900000000E-015 ) );
#4958 = DIRECTION( '', ( -1.00000000000000, 0.000000000000000, 0.000000000000000 ) );
#4959 = DIRECTION( '', ( 0.000000000000000, 0.000000000000000, 1.00000000000000 ) );
#4960 = SURFACE_STYLE_FILL_AREA( #7987 );
#4961 = ORIENTED_EDGE( '', *, *, #7601, .T. );
#4962 = ORIENTED_EDGE( '', *, *, #7641, .T. );
#4963 = ORIENTED_EDGE( '', *, *, #7897, .F. );
#4964 = ORIENTED_EDGE( '', *, *, #7988, .T. );
#4965 = CARTESIAN_POINT( '', ( 3.37500000000000, -21.8999999999990, 7.99999999999980 ) );
#4966 = DIRECTION( '', ( 1.00000000000000, 0.000000000000000, 0.000000000000000 ) );
#4967 = DIRECTION( '', ( 0.000000000000000, 1.00000000000000, 0.000000000000000 ) );
#4968 = SURFACE_STYLE_FILL_AREA( #7989 );
#4969 = ORIENTED_EDGE( '', *, *, #7990, .F. );
#4970 = ORIENTED_EDGE( '', *, *, #7991, .T. );
#4971 = ORIENTED_EDGE( '', *, *, #7992, .T. );
#4972 = ORIENTED_EDGE( '', *, *, #7609, .F. );
#4973 = CARTESIAN_POINT( '', ( -14.2000000000000, -10.0000000000000, -6.93889400000000E-015 ) );
#4974 = DIRECTION( '', ( 2.44327253521127E-016, 0.000000000000000, -1.00000000000000 ) );
#4975 = DIRECTION( '', ( 0.000000000000000, -1.00000000000000, 0.000000000000000 ) );
#4976 = SURFACE_STYLE_FILL_AREA( #7993 );
#4977 = ORIENTED_EDGE( '', *, *, #7994, .F. );
#4978 = ORIENTED_EDGE( '', *, *, #7721, .T. );
#4979 = ORIENTED_EDGE( '', *, *, #7995, .F. );
#4980 = ORIENTED_EDGE( '', *, *, #7917, .T. );
#4981 = CARTESIAN_POINT( '', ( -3.07500000000000, -19.5000024447210, 2.42053974630330 ) );
#4982 = DIRECTION( '', ( 0.000000000000000, -3.63411008792388E-008, -0.999999999999999 ) );
#4983 = DIRECTION( '', ( 0.000000000000000, -0.999999999999999, 3.63411008792388E-008 ) );
#4984 = SURFACE_STYLE_FILL_AREA( #7996 );
#4985 = ORIENTED_EDGE( '', *, *, #7997, .F. );
#4986 = ORIENTED_EDGE( '', *, *, #7998, .F. );
#4987 = ORIENTED_EDGE( '', *, *, #7999, .F. );
#4988 = ORIENTED_EDGE( '', *, *, #8000, .T. );
#4989 = CARTESIAN_POINT( '', ( 2.77500000000000, -22.7999999999990, 4.79999999999980 ) );
#4990 = DIRECTION( '', ( 0.000000000000000, 0.000000000000000, 1.00000000000000 ) );
#4991 = DIRECTION( '', ( 1.00000000000000, 0.000000000000000, 0.000000000000000 ) );
#4992 = SURFACE_STYLE_FILL_AREA( #8001 );
#4993 = ORIENTED_EDGE( '', *, *, #7925, .F. );
#4994 = ORIENTED_EDGE( '', *, *, #8002, .F. );
#4995 = ORIENTED_EDGE( '', *, *, #8003, .F. );
#4996 = ORIENTED_EDGE( '', *, *, #8004, .T. );
#4997 = CARTESIAN_POINT( '', ( -4.54999933317290, -17.1360609997720, -17.0000000000000 ) );
#4998 = DIRECTION( '', ( 0.000000000000000, -1.00000000000000, 0.000000000000000 ) );
#4999 = DIRECTION( '', ( 0.000000000000000, 0.000000000000000, -1.00000000000000 ) );
#5000 = SURFACE_STYLE_FILL_AREA( #8005 );
#5001 = ORIENTED_EDGE( '', *, *, #8006, .F. );
#5002 = ORIENTED_EDGE( '', *, *, #8007, .F. );
#5003 = ORIENTED_EDGE( '', *, *, #8008, .T. );
#5004 = ORIENTED_EDGE( '', *, *, #8009, .F. );
#5005 = ORIENTED_EDGE( '', *, *, #8010, .F. );
#5006 = CARTESIAN_POINT( '', ( -2.87500000000000, -22.6999999999990, 7.99999999999980 ) );
#5007 = DIRECTION( '', ( 1.00000000000000, 0.000000000000000, 0.000000000000000 ) );
#5008 = DIRECTION( '', ( 0.000000000000000, 1.00000000000000, 0.000000000000000 ) );
#5009 = SURFACE_STYLE_FILL_AREA( #8011 );
#5010 = ORIENTED_EDGE( '', *, *, #7505, .F. );
#5011 = ORIENTED_EDGE( '', *, *, #8012, .T. );
#5012 = ORIENTED_EDGE( '', *, *, #8013, .T. );
#5013 = ORIENTED_EDGE( '', *, *, #7557, .T. );
#5014 = ORIENTED_EDGE( '', *, *, #8014, .F. );
#5015 = ORIENTED_EDGE( '', *, *, #8015, .T. );
#5016 = CARTESIAN_POINT( '', ( 4.37492923767250, -15.3499997766690, -2.05109500000000E-015 ) );
#5017 = DIRECTION( '', ( -0.000000000000000, 1.00000000000000, 0.000000000000000 ) );
#5018 = DIRECTION( '', ( 1.00000000000000, 0.000000000000000, 0.000000000000000 ) );
#5019 = SURFACE_STYLE_FILL_AREA( #8016 );
#5020 = ORIENTED_EDGE( '', *, *, #8017, .F. );
#5021 = ORIENTED_EDGE( '', *, *, #7610, .F. );
#5022 = ORIENTED_EDGE( '', *, *, #7992, .F. );
#5023 = ORIENTED_EDGE( '', *, *, #8018, .F. );
#5024 = CARTESIAN_POINT( '', ( -9.74999933317481, -16.5999997766678, -5.50220349657977E-015 ) );
#5025 = DIRECTION( '', ( -2.44326742092992E-016, -6.18126673757904E-022, 1.00000000000000 ) );
#5026 = DIRECTION( '', ( -1.00000000000000, 0.000000000000000, -2.44326742092992E-016 ) );
#5027 = SURFACE_STYLE_FILL_AREA( #8019 );
#5028 = ORIENTED_EDGE( '', *, *, #7903, .F. );
#5029 = ORIENTED_EDGE( '', *, *, #7738, .T. );
#5030 = ORIENTED_EDGE( '', *, *, #8020, .F. );
#5031 = ORIENTED_EDGE( '', *, *, #8021, .T. );
#5032 = CARTESIAN_POINT( '', ( 5.20000066682700, -16.1194418683650, -17.0000000000000 ) );
#5033 = DIRECTION( '', ( -1.00000000000000, 0.000000000000000, 0.000000000000000 ) );
#5034 = DIRECTION( '', ( 0.000000000000000, 0.000000000000000, 1.00000000000000 ) );
#5035 = SURFACE_STYLE_FILL_AREA( #8022 );
#5036 = ORIENTED_EDGE( '', *, *, #8023, .T. );
#5037 = ORIENTED_EDGE( '', *, *, #7913, .T. );
#5038 = ORIENTED_EDGE( '', *, *, #8024, .T. );
#5039 = ORIENTED_EDGE( '', *, *, #7718, .T. );
#5040 = ORIENTED_EDGE( '', *, *, #8025, .T. );
#5041 = ORIENTED_EDGE( '', *, *, #8026, .F. );
#5042 = ORIENTED_EDGE( '', *, *, #8027, .F. );
#5043 = ORIENTED_EDGE( '', *, *, #8028, .F. );
#5044 = CARTESIAN_POINT( '', ( -3.07500000000000, -22.1999999999990, 4.79999999999980 ) );
#5045 = DIRECTION( '', ( 0.000000000000000, -0.0348995282638745, 0.999390825916948 ) );
#5046 = DIRECTION( '', ( -1.00000000000000, 0.000000000000000, 0.000000000000000 ) );
#5047 = SURFACE_STYLE_FILL_AREA( #8029 );
#5048 = ORIENTED_EDGE( '', *, *, #7810, .T. );
#5049 = ORIENTED_EDGE( '', *, *, #8030, .F. );
#5050 = ORIENTED_EDGE( '', *, *, #7539, .F. );
#5051 = ORIENTED_EDGE( '', *, *, #8031, .F. );
#5052 = ORIENTED_EDGE( '', *, *, #8032, .F. );
#5053 = ORIENTED_EDGE( '', *, *, #8033, .F. );
#5054 = ORIENTED_EDGE( '', *, *, #7570, .T. );
#5055 = ORIENTED_EDGE( '', *, *, #7743, .T. );
#5056 = CARTESIAN_POINT( '', ( 6.44999991566880, -19.4999999999990, 6.26750008031480 ) );
#5057 = DIRECTION( '', ( 0.000000000000000, -1.00000000000000, 0.000000000000000 ) );
#5058 = DIRECTION( '', ( 0.000000000000000, 0.000000000000000, -1.00000000000000 ) );
#5059 = SURFACE_STYLE_FILL_AREA( #8034 );
#5060 = ORIENTED_EDGE( '', *, *, #7961, .F. );
#5061 = ORIENTED_EDGE( '', *, *, #7973, .F. );
#5062 = ORIENTED_EDGE( '', *, *, #7824, .T. );
#5063 = ORIENTED_EDGE( '', *, *, #8035, .F. );
#5064 = ORIENTED_EDGE( '', *, *, #8036, .T. );
#5065 = CARTESIAN_POINT( '', ( -6.87500000000000, -22.6999999999990, 4.79999999999980 ) );
#5066 = DIRECTION( '', ( -1.00000000000000, 0.000000000000000, 0.000000000000000 ) );
#5067 = DIRECTION( '', ( 0.000000000000000, 0.000000000000000, 1.00000000000000 ) );
#5068 = SURFACE_STYLE_FILL_AREA( #8037 );
#5069 = ORIENTED_EDGE( '', *, *, #8038, .T. );
#5070 = ORIENTED_EDGE( '', *, *, #8039, .F. );
#5071 = ORIENTED_EDGE( '', *, *, #8040, .F. );
#5072 = ORIENTED_EDGE( '', *, *, #7662, .T. );
#5073 = ORIENTED_EDGE( '', *, *, #7650, .T. );
#5074 = CARTESIAN_POINT( '', ( 6.87500000000000, -22.6999999999990, 4.79999999999980 ) );
#5075 = DIRECTION( '', ( -1.00000000000000, 0.000000000000000, 0.000000000000000 ) );
#5076 = DIRECTION( '', ( 0.000000000000000, 0.000000000000000, 1.00000000000000 ) );
#5077 = SURFACE_STYLE_FILL_AREA( #8041 );
#5078 = ORIENTED_EDGE( '', *, *, #8042, .F. );
#5079 = ORIENTED_EDGE( '', *, *, #8043, .T. );
#5080 = ORIENTED_EDGE( '', *, *, #8044, .T. );
#5081 = ORIENTED_EDGE( '', *, *, #8045, .F. );
#5082 = CARTESIAN_POINT( '', ( -7.53625000000000, -19.3399999999990, 2.79999999999980 ) );
#5083 = DIRECTION( '', ( 0.000000000000000, 0.000000000000000, -1.00000000000000 ) );
#5084 = DIRECTION( '', ( 0.000000000000000, -1.00000000000000, 0.000000000000000 ) );
#5085 = SURFACE_STYLE_FILL_AREA( #8046 );
#5086 = ORIENTED_EDGE( '', *, *, #8047, .F. );
#5087 = ORIENTED_EDGE( '', *, *, #7470, .T. );
#5088 = ORIENTED_EDGE( '', *, *, #8048, .F. );
#5089 = ORIENTED_EDGE( '', *, *, #8049, .T. );
#5090 = CARTESIAN_POINT( '', ( -13.3999993331730, -15.7397672498350, -17.0000000000000 ) );
#5091 = DIRECTION( '', ( -1.00000000000000, 0.000000000000000, 0.000000000000000 ) );
#5092 = DIRECTION( '', ( 0.000000000000000, 0.000000000000000, 1.00000000000000 ) );
#5093 = SURFACE_STYLE_FILL_AREA( #8050 );
#5094 = ORIENTED_EDGE( '', *, *, #8051, .F. );
#5095 = ORIENTED_EDGE( '', *, *, #8052, .T. );
#5096 = ORIENTED_EDGE( '', *, *, #8053, .T. );
#5097 = ORIENTED_EDGE( '', *, *, #8054, .T. );
#5098 = CARTESIAN_POINT( '', ( -5.87500000000000, -20.0999999999990, 6.34999999999980 ) );
#5099 = DIRECTION( '', ( -1.00000000000000, 0.000000000000000, 0.000000000000000 ) );
#5100 = DIRECTION( '', ( 0.000000000000000, 0.000000000000000, 1.00000000000000 ) );
#5101 = SURFACE_STYLE_FILL_AREA( #8055 );
#5102 = ORIENTED_EDGE( '', *, *, #8056, .T. );
#5103 = ORIENTED_EDGE( '', *, *, #7847, .T. );
#5104 = ORIENTED_EDGE( '', *, *, #8057, .T. );
#5105 = ORIENTED_EDGE( '', *, *, #7773, .T. );
#5106 = CARTESIAN_POINT( '', ( -0.934999333173010, -19.7999997766690, -2.30000000000000 ) );
#5107 = DIRECTION( '', ( 0.000000000000000, 0.000000000000000, -1.00000000000000 ) );
#5108 = DIRECTION( '', ( 0.000000000000000, -1.00000000000000, 0.000000000000000 ) );
#5109 = SURFACE_STYLE_FILL_AREA( #8058 );
#5110 = ORIENTED_EDGE( '', *, *, #8059, .T. );
#5111 = ORIENTED_EDGE( '', *, *, #8060, .T. );
#5112 = ORIENTED_EDGE( '', *, *, #8061, .F. );
#5113 = ORIENTED_EDGE( '', *, *, #8062, .T. );
#5114 = ORIENTED_EDGE( '', *, *, #7685, .T. );
#5115 = ORIENTED_EDGE( '', *, *, #8063, .F. );
#5116 = ORIENTED_EDGE( '', *, *, #8064, .T. );
#5117 = ORIENTED_EDGE( '', *, *, #8065, .T. );
#5118 = CARTESIAN_POINT( '', ( 3.07499999999910, -9.50898398214210, 5.12428609281750 ) );
#5119 = DIRECTION( '', ( 1.00000000000000, 1.97742830032689E-027, 3.39997360467044E-014 ) );
#5120 = DIRECTION( '', ( 1.07619722060146E-042, 1.00000000000000, -5.81601074082032E-014 ) );
#5121 = SURFACE_STYLE_FILL_AREA( #8066 );
#5122 = ORIENTED_EDGE( '', *, *, #8067, .T. );
#5123 = ORIENTED_EDGE( '', *, *, #8068, .F. );
#5124 = ORIENTED_EDGE( '', *, *, #7948, .T. );
#5125 = ORIENTED_EDGE( '', *, *, #8069, .T. );
#5126 = CARTESIAN_POINT( '', ( 5.30000020116570, -16.1000001573940, -4.33680900000000E-015 ) );
#5127 = DIRECTION( '', ( -0.000000000000000, 1.00000000000000, 0.000000000000000 ) );
#5128 = DIRECTION( '', ( 1.00000000000000, 0.000000000000000, 0.000000000000000 ) );
#5129 = SURFACE_STYLE_FILL_AREA( #8070 );
#5130 = ORIENTED_EDGE( '', *, *, #7930, .F. );
#5131 = ORIENTED_EDGE( '', *, *, #7805, .T. );
#5132 = ORIENTED_EDGE( '', *, *, #7562, .F. );
#5133 = ORIENTED_EDGE( '', *, *, #7757, .T. );
#5134 = CARTESIAN_POINT( '', ( -0.799999333172960, -10.8999997766690, -17.0000000000000 ) );
#5135 = DIRECTION( '', ( -0.000000000000000, 1.00000000000000, 0.000000000000000 ) );
#5136 = DIRECTION( '', ( 1.00000000000000, 0.000000000000000, 0.000000000000000 ) );
#5137 = SURFACE_STYLE_FILL_AREA( #8071 );
#5138 = ORIENTED_EDGE( '', *, *, #8072, .T. );
#5139 = ORIENTED_EDGE( '', *, *, #7791, .F. );
#5140 = ORIENTED_EDGE( '', *, *, #8073, .T. );
#5141 = ORIENTED_EDGE( '', *, *, #8074, .T. );
#5142 = CARTESIAN_POINT( '', ( -0.749999798834300, -21.6000001573940, -4.33680900000000E-015 ) );
#5143 = DIRECTION( '', ( -1.00000000000000, 0.000000000000000, 0.000000000000000 ) );
#5144 = DIRECTION( '', ( 0.000000000000000, 0.000000000000000, 1.00000000000000 ) );
#5145 = SURFACE_STYLE_FILL_AREA( #8075 );
#5146 = ORIENTED_EDGE( '', *, *, #8076, .F. );
#5147 = ORIENTED_EDGE( '', *, *, #7884, .T. );
#5148 = ORIENTED_EDGE( '', *, *, #8077, .F. );
#5149 = ORIENTED_EDGE( '', *, *, #8078, .T. );
#5150 = CARTESIAN_POINT( '', ( 11.0000000000088, -10.0999999999999, 39.7150839887114 ) );
#5151 = DIRECTION( '', ( 4.68375338515106E-014, 1.00000000000000, -1.04331092337679E-014 ) );
#5152 = DIRECTION( '', ( 1.00000000000000, -4.68375338515106E-014, 0.000000000000000 ) );
#5153 = SURFACE_STYLE_FILL_AREA( #8079 );
#5154 = ORIENTED_EDGE( '', *, *, #7879, .F. );
#5155 = ORIENTED_EDGE( '', *, *, #8080, .F. );
#5156 = ORIENTED_EDGE( '', *, *, #7553, .T. );
#5157 = ORIENTED_EDGE( '', *, *, #8081, .T. );
#5158 = CARTESIAN_POINT( '', ( -3.29999933317300, -13.4675087551330, -3.92628900000000E-015 ) );
#5159 = DIRECTION( '', ( -1.00000000000000, 0.000000000000000, 0.000000000000000 ) );
#5160 = DIRECTION( '', ( 0.000000000000000, 0.000000000000000, 1.00000000000000 ) );
#5161 = SURFACE_STYLE_FILL_AREA( #8082 );
#5162 = ORIENTED_EDGE( '', *, *, #7972, .F. );
#5163 = ORIENTED_EDGE( '', *, *, #8083, .T. );
#5164 = ORIENTED_EDGE( '', *, *, #8084, .F. );
#5165 = ORIENTED_EDGE( '', *, *, #7958, .F. );
#5166 = CARTESIAN_POINT( '', ( -6.37500000000000, -22.6999999999990, 10.7000000000000 ) );
#5167 = DIRECTION( '', ( 0.000000000000000, 0.000000000000000, 1.00000000000000 ) );
#5168 = DIRECTION( '', ( 1.00000000000000, 0.000000000000000, 0.000000000000000 ) );
#5169 = SURFACE_STYLE_FILL_AREA( #8085 );
#5170 = ORIENTED_EDGE( '', *, *, #7902, .F. );
#5171 = ORIENTED_EDGE( '', *, *, #8086, .T. );
#5172 = ORIENTED_EDGE( '', *, *, #8087, .F. );
#5173 = ORIENTED_EDGE( '', *, *, #7736, .F. );
#5174 = CARTESIAN_POINT( '', ( 6.50000066682700, -17.1360609997720, -17.0000000000000 ) );
#5175 = DIRECTION( '', ( -1.00000000000000, 0.000000000000000, 0.000000000000000 ) );
#5176 = DIRECTION( '', ( 0.000000000000000, 0.000000000000000, 1.00000000000000 ) );
#5177 = SURFACE_STYLE_FILL_AREA( #8088 );
#5178 = ORIENTED_EDGE( '', *, *, #8089, .F. );
#5179 = ORIENTED_EDGE( '', *, *, #8090, .T. );
#5180 = ORIENTED_EDGE( '', *, *, #7577, .T. );
#5181 = ORIENTED_EDGE( '', *, *, #8091, .T. );
#5182 = CARTESIAN_POINT( '', ( 9.75000020116574, -16.6000001573925, -4.33680900000000E-015 ) );
#5183 = DIRECTION( '', ( -0.000000000000000, -0.000000000000000, 1.00000000000000 ) );
#5184 = DIRECTION( '', ( -1.00000000000000, 0.000000000000000, 0.000000000000000 ) );
#5185 = SURFACE_STYLE_FILL_AREA( #8092 );
#5186 = ORIENTED_EDGE( '', *, *, #7904, .F. );
#5187 = ORIENTED_EDGE( '', *, *, #8021, .F. );
#5188 = ORIENTED_EDGE( '', *, *, #8093, .F. );
#5189 = ORIENTED_EDGE( '', *, *, #7633, .T. );
#5190 = CARTESIAN_POINT( '', ( 6.50000066682700, -16.1194418683650, -17.0000000000000 ) );
#5191 = DIRECTION( '', ( -0.000000000000000, 1.00000000000000, 0.000000000000000 ) );
#5192 = DIRECTION( '', ( 1.00000000000000, 0.000000000000000, 0.000000000000000 ) );
#5193 = SURFACE_STYLE_FILL_AREA( #8094 );
#5194 = ORIENTED_EDGE( '', *, *, #8095, .F. );
#5195 = ORIENTED_EDGE( '', *, *, #8096, .F. );
#5196 = ORIENTED_EDGE( '', *, *, #8039, .T. );
#5197 = CARTESIAN_POINT( '', ( 7.53625000000000, -22.8600000000000, 4.79999999999980 ) );
#5198 = DIRECTION( '', ( 0.000000000000000, 0.000000000000000, -1.00000000000000 ) );
#5199 = DIRECTION( '', ( 0.000000000000000, -1.00000000000000, 0.000000000000000 ) );
#5200 = SURFACE_STYLE_FILL_AREA( #8097 );
#5201 = ORIENTED_EDGE( '', *, *, #8098, .F. );
#5202 = ORIENTED_EDGE( '', *, *, #7698, .T. );
#5203 = CARTESIAN_POINT( '', ( 2.01165508362290E-007, -16.6000001573931, -17.0000000000000 ) );
#5204 = DIRECTION( '', ( -0.000000000000000, -0.000000000000000, -1.00000000000000 ) );
#5205 = DIRECTION( '', ( 1.00000000000000, 0.000000000000000, 0.000000000000000 ) );
#5206 = SURFACE_STYLE_FILL_AREA( #8099 );
#5207 = ORIENTED_EDGE( '', *, *, #7933, .F. );
#5208 = ORIENTED_EDGE( '', *, *, #8100, .T. );
#5209 = ORIENTED_EDGE( '', *, *, #8101, .T. );
#5210 = ORIENTED_EDGE( '', *, *, #7495, .F. );
#5211 = CARTESIAN_POINT( '', ( 3.25000066682700, -17.1360609997720, -17.0000000000000 ) );
#5212 = DIRECTION( '', ( 0.000000000000000, -1.00000000000000, 0.000000000000000 ) );
#5213 = DIRECTION( '', ( 0.000000000000000, 0.000000000000000, -1.00000000000000 ) );
#5214 = SURFACE_STYLE_FILL_AREA( #8102 );
#5215 = ORIENTED_EDGE( '', *, *, #8103, .T. );
#5216 = CARTESIAN_POINT( '', ( 100.000000000000, 2.44929359829471E-016, 95.0000000000000 ) );
#5217 = DIRECTION( '', ( 1.00000000000000, 0.000000000000000, 0.000000000000000 ) );
#5218 = DIRECTION( '', ( 0.000000000000000, 1.00000000000000, 0.000000000000000 ) );
#5219 = SURFACE_STYLE_FILL_AREA( #8104 );
#5220 = ORIENTED_EDGE( '', *, *, #8105, .F. );
#5221 = ORIENTED_EDGE( '', *, *, #8106, .T. );
#5222 = ORIENTED_EDGE( '', *, *, #8107, .F. );
#5223 = ORIENTED_EDGE( '', *, *, #7672, .F. );
#5224 = CARTESIAN_POINT( '', ( 11.0000000000003, -10.1000000000000, 44.3080892972017 ) );
#5225 = DIRECTION( '', ( 2.60208521396555E-014, 1.00000000000000, 9.53222715848106E-015 ) );
#5226 = DIRECTION( '', ( 1.00000000000000, -2.60208521396555E-014, 0.000000000000000 ) );
#5227 = SURFACE_STYLE_FILL_AREA( #8108 );
#5228 = ORIENTED_EDGE( '', *, *, #8109, .F. );
#5229 = ORIENTED_EDGE( '', *, *, #8049, .F. );
#5230 = ORIENTED_EDGE( '', *, *, #8110, .F. );
#5231 = ORIENTED_EDGE( '', *, *, #8111, .F. );
#5232 = CARTESIAN_POINT( '', ( -9.74999933317214, -16.5999997766697, -17.0000000000000 ) );
#5233 = DIRECTION( '', ( -2.79576168716688E-014, 2.77555756156221E-014, -1.00000000000000 ) );
#5234 = DIRECTION( '', ( 0.000000000000000, -1.00000000000000, -2.77555756156221E-014 ) );
#5235 = SURFACE_STYLE_FILL_AREA( #8112 );
#5236 = ORIENTED_EDGE( '', *, *, #7908, .F. );
#5237 = ORIENTED_EDGE( '', *, *, #8113, .F. );
#5238 = ORIENTED_EDGE( '', *, *, #8114, .F. );
#5239 = ORIENTED_EDGE( '', *, *, #8115, .F. );
#5240 = CARTESIAN_POINT( '', ( 10.6000006668270, -12.9476033031190, -17.0000000000000 ) );
#5241 = DIRECTION( '', ( 1.00000000000000, 0.000000000000000, 0.000000000000000 ) );
#5242 = DIRECTION( '', ( 0.000000000000000, 1.00000000000000, 0.000000000000000 ) );
#5243 = SURFACE_STYLE_FILL_AREA( #8116 );
#5244 = ORIENTED_EDGE( '', *, *, #8117, .F. );
#5245 = ORIENTED_EDGE( '', *, *, #8118, .T. );
#5246 = ORIENTED_EDGE( '', *, *, #8119, .F. );
#5247 = ORIENTED_EDGE( '', *, *, #8120, .F. );
#5248 = CARTESIAN_POINT( '', ( -6.49999933317300, -16.1194418683650, -17.0000000000000 ) );
#5249 = DIRECTION( '', ( 1.00000000000000, 0.000000000000000, 0.000000000000000 ) );
#5250 = DIRECTION( '', ( 0.000000000000000, 1.00000000000000, 0.000000000000000 ) );
#5251 = SURFACE_STYLE_FILL_AREA( #8121 );
#5252 = ORIENTED_EDGE( '', *, *, #8122, .T. );
#5253 = ORIENTED_EDGE( '', *, *, #8123, .F. );
#5254 = ORIENTED_EDGE( '', *, *, #8124, .T. );
#5255 = ORIENTED_EDGE( '', *, *, #8090, .F. );
#5256 = ORIENTED_EDGE( '', *, *, #8125, .T. );
#5257 = ORIENTED_EDGE( '', *, *, #8126, .F. );
#5258 = ORIENTED_EDGE( '', *, *, #8127, .T. );
#5259 = ORIENTED_EDGE( '', *, *, #8128, .F. );
#5260 = CARTESIAN_POINT( '', ( 7.89429521455780, -13.4000001573940, 0.0999999999999960 ) );
#5261 = DIRECTION( '', ( -0.000000000000000, 1.00000000000000, 0.000000000000000 ) );
#5262 = DIRECTION( '', ( 1.00000000000000, 0.000000000000000, 0.000000000000000 ) );
#5263 = SURFACE_STYLE_FILL_AREA( #8129 );
#5264 = ORIENTED_EDGE( '', *, *, #8130, .F. );
#5265 = ORIENTED_EDGE( '', *, *, #8131, .F. );
#5266 = CARTESIAN_POINT( '', ( -3.85975973404839E-014, -16.3500000000000, 52.4000000000000 ) );
#5267 = DIRECTION( '', ( -0.000000000000000, -0.000000000000000, 1.00000000000000 ) );
#5268 = DIRECTION( '', ( -1.00000000000000, 0.000000000000000, 0.000000000000000 ) );
#5269 = SURFACE_STYLE_FILL_AREA( #8132 );
#5270 = ORIENTED_EDGE( '', *, *, #7666, .T. );
#5271 = ORIENTED_EDGE( '', *, *, #8133, .F. );
#5272 = ORIENTED_EDGE( '', *, *, #7643, .F. );
#5273 = ORIENTED_EDGE( '', *, *, #8134, .T. );
#5274 = CARTESIAN_POINT( '', ( 5.87500000000050, -21.8999999999990, 10.2000000000000 ) );
#5275 = DIRECTION( '', ( 0.000000000000000, 0.000000000000000, -1.00000000000000 ) );
#5276 = DIRECTION( '', ( 0.000000000000000, -1.00000000000000, 0.000000000000000 ) );
#5277 = SURFACE_STYLE_FILL_AREA( #8135 );
#5278 = ORIENTED_EDGE( '', *, *, #8136, .T. );
#5279 = ORIENTED_EDGE( '', *, *, #8137, .F. );
#5280 = ORIENTED_EDGE( '', *, *, #8138, .F. );
#5281 = ORIENTED_EDGE( '', *, *, #8139, .T. );
#5282 = CARTESIAN_POINT( '', ( -11.0000000000003, -10.1000000000000, 44.3080892972017 ) );
#5283 = DIRECTION( '', ( -2.60208521396555E-014, 1.00000000000000, 9.53222715848106E-015 ) );
#5284 = DIRECTION( '', ( 1.00000000000000, 2.60208521396555E-014, 0.000000000000000 ) );
#5285 = SURFACE_STYLE_FILL_AREA( #8140 );
#5286 = ORIENTED_EDGE( '', *, *, #8141, .T. );
#5287 = ORIENTED_EDGE( '', *, *, #8142, .T. );
#5288 = ORIENTED_EDGE( '', *, *, #8143, .F. );
#5289 = ORIENTED_EDGE( '', *, *, #7842, .T. );
#5290 = CARTESIAN_POINT( '', ( -5.87500000000000, -20.0999999999990, 9.64999999999980 ) );
#5291 = DIRECTION( '', ( 0.000000000000000, 0.000000000000000, 1.00000000000000 ) );
#5292 = DIRECTION( '', ( 1.00000000000000, 0.000000000000000, 0.000000000000000 ) );
#5293 = SURFACE_STYLE_FILL_AREA( #8144 );
#5294 = ORIENTED_EDGE( '', *, *, #8145, .T. );
#5295 = ORIENTED_EDGE( '', *, *, #8146, .T. );
#5296 = ORIENTED_EDGE( '', *, *, #8147, .F. );
#5297 = ORIENTED_EDGE( '', *, *, #7794, .T. );
#5298 = ORIENTED_EDGE( '', *, *, #8131, .T. );
#5299 = CARTESIAN_POINT( '', ( 6.82737960729410, -10.0000000000000, 52.4000000000000 ) );
#5300 = DIRECTION( '', ( 0.000000000000000, 0.000000000000000, 1.00000000000000 ) );
#5301 = DIRECTION( '', ( 1.00000000000000, 0.000000000000000, 0.000000000000000 ) );
#5302 = SURFACE_STYLE_FILL_AREA( #8148 );
#5303 = ORIENTED_EDGE( '', *, *, #7657, .F. );
#5304 = ORIENTED_EDGE( '', *, *, #8149, .F. );
#5305 = ORIENTED_EDGE( '', *, *, #7801, .T. );
#5306 = ORIENTED_EDGE( '', *, *, #8150, .F. );
#5307 = ORIENTED_EDGE( '', *, *, #8151, .T. );
#5308 = CARTESIAN_POINT( '', ( -6.87500000000000, -22.6999999999990, 4.79999999999980 ) );
#5309 = DIRECTION( '', ( -1.00000000000000, 0.000000000000000, 0.000000000000000 ) );
#5310 = DIRECTION( '', ( 0.000000000000000, 0.000000000000000, 1.00000000000000 ) );
#5311 = SURFACE_STYLE_FILL_AREA( #8152 );
#5312 = ORIENTED_EDGE( '', *, *, #8153, .T. );
#5313 = ORIENTED_EDGE( '', *, *, #8154, .T. );
#5314 = ORIENTED_EDGE( '', *, *, #8155, .F. );
#5315 = ORIENTED_EDGE( '', *, *, #8156, .T. );
#5316 = CARTESIAN_POINT( '', ( 9.75000020116635, -16.6000001573938, -16.2000000000000 ) );
#5317 = DIRECTION( '', ( 1.33074677609190E-014, 2.02081347378288E-015, 1.00000000000000 ) );
#5318 = DIRECTION( '', ( 1.00000000000000, 0.000000000000000, -1.33074677609190E-014 ) );
#5319 = SURFACE_STYLE_FILL_AREA( #8157 );
#5320 = ORIENTED_EDGE( '', *, *, #8158, .T. );
#5321 = ORIENTED_EDGE( '', *, *, #8159, .F. );
#5322 = ORIENTED_EDGE( '', *, *, #8160, .T. );
#5323 = ORIENTED_EDGE( '', *, *, #8161, .T. );
#5324 = CARTESIAN_POINT( '', ( -5.29999979883430, -17.1000001573940, -4.33680900000000E-015 ) );
#5325 = DIRECTION( '', ( 0.000000000000000, -1.00000000000000, 0.000000000000000 ) );
#5326 = DIRECTION( '', ( 0.000000000000000, 0.000000000000000, -1.00000000000000 ) );
#5327 = SURFACE_STYLE_FILL_AREA( #8162 );
#5328 = ORIENTED_EDGE( '', *, *, #8163, .F. );
#5329 = ORIENTED_EDGE( '', *, *, #8164, .F. );
#5330 = ORIENTED_EDGE( '', *, *, #8165, .F. );
#5331 = ORIENTED_EDGE( '', *, *, #7638, .F. );
#5332 = CARTESIAN_POINT( '', ( 2.77500000000000, -22.7999999999990, 4.79999999999980 ) );
#5333 = DIRECTION( '', ( 0.000000000000000, 0.000000000000000, 1.00000000000000 ) );
#5334 = DIRECTION( '', ( 1.00000000000000, 0.000000000000000, 0.000000000000000 ) );
#5335 = SURFACE_STYLE_FILL_AREA( #8166 );
#5336 = ORIENTED_EDGE( '', *, *, #7458, .T. );
#5337 = CARTESIAN_POINT( '', ( -100.000000000000, 27.0000000000000, 95.0000000000000 ) );
#5338 = DIRECTION( '', ( -1.00000000000000, 0.000000000000000, 0.000000000000000 ) );
#5339 = DIRECTION( '', ( 0.000000000000000, 0.000000000000000, 1.00000000000000 ) );
#5340 = SURFACE_STYLE_FILL_AREA( #8167 );
#5341 = ORIENTED_EDGE( '', *, *, #8168, .T. );
#5342 = ORIENTED_EDGE( '', *, *, #8169, .F. );
#5343 = ORIENTED_EDGE( '', *, *, #8170, .F. );
#5344 = ORIENTED_EDGE( '', *, *, #8060, .F. );
#5345 = CARTESIAN_POINT( '', ( 3.07500000000000, -19.5000024447210, 2.42053974630330 ) );
#5346 = DIRECTION( '', ( -0.000000000000000, 3.63411008792388E-008, 0.999999999999999 ) );
#5347 = DIRECTION( '', ( 1.00000000000000, 0.000000000000000, 0.000000000000000 ) );
#5348 = SURFACE_STYLE_FILL_AREA( #8171 );
#5349 = ORIENTED_EDGE( '', *, *, #8172, .F. );
#5350 = ORIENTED_EDGE( '', *, *, #8173, .T. );
#5351 = ORIENTED_EDGE( '', *, *, #8174, .F. );
#5352 = ORIENTED_EDGE( '', *, *, #7731, .T. );
#5353 = CARTESIAN_POINT( '', ( 10.0000000000000, -10.1000000000000, 30.2502776662260 ) );
#5354 = DIRECTION( '', ( -1.00000000000000, 0.000000000000000, 0.000000000000000 ) );
#5355 = DIRECTION( '', ( 0.000000000000000, 0.000000000000000, 1.00000000000000 ) );
#5356 = SURFACE_STYLE_FILL_AREA( #8175 );
#5357 = ORIENTED_EDGE( '', *, *, #8176, .T. );
#5358 = ORIENTED_EDGE( '', *, *, #8074, .F. );
#5359 = ORIENTED_EDGE( '', *, *, #8177, .T. );
#5360 = ORIENTED_EDGE( '', *, *, #8178, .F. );
#5361 = CARTESIAN_POINT( '', ( 0.750000201165700, -21.6000001573940, -4.33680900000000E-015 ) );
#5362 = DIRECTION( '', ( 0.000000000000000, -1.00000000000000, 0.000000000000000 ) );
#5363 = DIRECTION( '', ( 0.000000000000000, 0.000000000000000, -1.00000000000000 ) );
#5364 = SURFACE_STYLE_FILL_AREA( #8179 );
#5365 = ORIENTED_EDGE( '', *, *, #8180, .F. );
#5366 = ORIENTED_EDGE( '', *, *, #8181, .F. );
#5367 = ORIENTED_EDGE( '', *, *, #8182, .T. );
#5368 = ORIENTED_EDGE( '', *, *, #7710, .F. );
#5369 = CARTESIAN_POINT( '', ( -10.9999999999890, -10.0999999999999, 39.7150839887161 ) );
#5370 = DIRECTION( '', ( -4.68375338512013E-014, 1.00000000000000, -1.04331092338402E-014 ) );
#5371 = DIRECTION( '', ( 1.00000000000000, 4.68375338512013E-014, 0.000000000000000 ) );
#5372 = SURFACE_STYLE_FILL_AREA( #8183 );
#5373 = ORIENTED_EDGE( '', *, *, #8184, .T. );
#5374 = ORIENTED_EDGE( '', *, *, #8185, .F. );
#5375 = ORIENTED_EDGE( '', *, *, #8186, .F. );
#5376 = ORIENTED_EDGE( '', *, *, #8187, .T. );
#5377 = CARTESIAN_POINT( '', ( 4.87500000000020, -22.6999999999944, 7.99999999999989 ) );
#5378 = DIRECTION( '', ( -2.33146835171304E-012, -1.00000000000000, -8.81212206892396E-013 ) );
#5379 = DIRECTION( '', ( -1.00000000000000, 2.33146835171304E-012, 0.000000000000000 ) );
#5380 = SURFACE_STYLE_FILL_AREA( #8188 );
#5381 = ORIENTED_EDGE( '', *, *, #7929, .F. );
#5382 = ORIENTED_EDGE( '', *, *, #8189, .F. );
#5383 = ORIENTED_EDGE( '', *, *, #7564, .F. );
#5384 = ORIENTED_EDGE( '', *, *, #7804, .T. );
#5385 = CARTESIAN_POINT( '', ( 6.66826237456786E-007, -16.5999997766683, -17.0000000000063 ) );
#5386 = DIRECTION( '', ( -1.32394095686575E-012, 1.07406776850163E-012, -1.00000000000000 ) );
#5387 = DIRECTION( '', ( 1.00000000000000, 0.000000000000000, -1.32394095686575E-012 ) );
#5388 = SURFACE_STYLE_FILL_AREA( #8190 );
#5389 = ORIENTED_EDGE( '', *, *, #8191, .F. );
#5390 = ORIENTED_EDGE( '', *, *, #7674, .T. );
#5391 = ORIENTED_EDGE( '', *, *, #8192, .F. );
#5392 = ORIENTED_EDGE( '', *, *, #8193, .F. );
#5393 = CARTESIAN_POINT( '', ( 6.72737960729300, -10.1000000000003, 49.3999999999980 ) );
#5394 = DIRECTION( '', ( -5.08417288252097E-014, 1.00000000000000, -1.09287578986459E-013 ) );
#5395 = DIRECTION( '', ( 0.000000000000000, -1.09287578986459E-013, -1.00000000000000 ) );
#5396 = SURFACE_STYLE_FILL_AREA( #8194 );
#5397 = ORIENTED_EDGE( '', *, *, #8195, .F. );
#5398 = ORIENTED_EDGE( '', *, *, #8086, .F. );
#5399 = ORIENTED_EDGE( '', *, *, #7901, .F. );
#5400 = ORIENTED_EDGE( '', *, *, #8196, .F. );
#5401 = CARTESIAN_POINT( '', ( 9.75000066682726, -16.5999997766687, -17.0000000000006 ) );
#5402 = DIRECTION( '', ( -8.34725535874067E-014, -1.72084568816889E-013, -1.00000000000000 ) );
#5403 = DIRECTION( '', ( -4.21428698778055E-041, -1.00000000000000, 1.72084568816889E-013 ) );
#5404 = SURFACE_STYLE_FILL_AREA( #8197 );
#5405 = ORIENTED_EDGE( '', *, *, #7676, .F. );
#5406 = ORIENTED_EDGE( '', *, *, #8198, .F. );
#5407 = ORIENTED_EDGE( '', *, *, #8199, .F. );
#5408 = ORIENTED_EDGE( '', *, *, #7499, .F. );
#5409 = CARTESIAN_POINT( '', ( -1.83249922227110, -19.6999997766690, -1.50000000000000 ) );
#5410 = DIRECTION( '', ( 0.000000000000000, 0.000000000000000, -1.00000000000000 ) );
#5411 = DIRECTION( '', ( 0.000000000000000, -1.00000000000000, 0.000000000000000 ) );
#5412 = SURFACE_STYLE_FILL_AREA( #8200 );
#5413 = ORIENTED_EDGE( '', *, *, #7602, .T. );
#5414 = ORIENTED_EDGE( '', *, *, #7988, .F. );
#5415 = ORIENTED_EDGE( '', *, *, #7896, .F. );
#5416 = ORIENTED_EDGE( '', *, *, #8201, .F. );
#5417 = ORIENTED_EDGE( '', *, *, #7761, .T. );
#5418 = ORIENTED_EDGE( '', *, *, #7525, .T. );
#5419 = ORIENTED_EDGE( '', *, *, #8202, .T. );
#5420 = ORIENTED_EDGE( '', *, *, #8203, .T. );
#5421 = CARTESIAN_POINT( '', ( 3.30000017971580, -20.0999999999990, 10.3349997770120 ) );
#5422 = DIRECTION( '', ( 0.000000000000000, -1.00000000000000, 0.000000000000000 ) );
#5423 = DIRECTION( '', ( 0.000000000000000, 0.000000000000000, -1.00000000000000 ) );
#5424 = SURFACE_STYLE_FILL_AREA( #8204 );
#5425 = ORIENTED_EDGE( '', *, *, #7491, .F. );
#5426 = ORIENTED_EDGE( '', *, *, #7749, .F. );
#5427 = ORIENTED_EDGE( '', *, *, #8205, .F. );
#5428 = ORIENTED_EDGE( '', *, *, #7939, .F. );
#5429 = CARTESIAN_POINT( '', ( -10.5374995619060, -11.0425002150240, -15.5000000000000 ) );
#5430 = DIRECTION( '', ( 0.000000000000000, 0.000000000000000, 1.00000000000000 ) );
#5431 = DIRECTION( '', ( 1.00000000000000, 0.000000000000000, 0.000000000000000 ) );
#5432 = SURFACE_STYLE_FILL_AREA( #8206 );
#5433 = ORIENTED_EDGE( '', *, *, #7724, .F. );
#5434 = ORIENTED_EDGE( '', *, *, #7974, .T. );
#5435 = ORIENTED_EDGE( '', *, *, #7962, .F. );
#5436 = ORIENTED_EDGE( '', *, *, #7766, .F. );
#5437 = ORIENTED_EDGE( '', *, *, #7474, .F. );
#5438 = ORIENTED_EDGE( '', *, *, #8207, .F. );
#5439 = ORIENTED_EDGE( '', *, *, #8208, .F. );
#5440 = ORIENTED_EDGE( '', *, *, #7872, .F. );
#5441 = CARTESIAN_POINT( '', ( -6.79999999999970, -23.2590879290360, 5.12428609281750 ) );
#5442 = DIRECTION( '', ( -1.00000000000000, 0.000000000000000, 0.000000000000000 ) );
#5443 = DIRECTION( '', ( 0.000000000000000, 0.000000000000000, 1.00000000000000 ) );
#5444 = SURFACE_STYLE_FILL_AREA( #8209 );
#5445 = ORIENTED_EDGE( '', *, *, #8210, .F. );
#5446 = ORIENTED_EDGE( '', *, *, #7614, .F. );
#5447 = ORIENTED_EDGE( '', *, *, #8211, .T. );
#5448 = ORIENTED_EDGE( '', *, *, #7828, .T. );
#5449 = ORIENTED_EDGE( '', *, *, #8212, .T. );
#5450 = ORIENTED_EDGE( '', *, *, #7596, .T. );
#5451 = ORIENTED_EDGE( '', *, *, #8213, .T. );
#5452 = ORIENTED_EDGE( '', *, *, #8172, .T. );
#5453 = ORIENTED_EDGE( '', *, *, #7730, .T. );
#5454 = ORIENTED_EDGE( '', *, *, #8214, .T. );
#5455 = ORIENTED_EDGE( '', *, *, #8215, .T. );
#5456 = ORIENTED_EDGE( '', *, *, #8216, .T. );
#5457 = ORIENTED_EDGE( '', *, *, #8105, .T. );
#5458 = ORIENTED_EDGE( '', *, *, #7671, .T. );
#5459 = ORIENTED_EDGE( '', *, *, #8191, .T. );
#5460 = ORIENTED_EDGE( '', *, *, #8217, .F. );
#5461 = ORIENTED_EDGE( '', *, *, #7591, .F. );
#5462 = ORIENTED_EDGE( '', *, *, #8218, .F. );
#5463 = ORIENTED_EDGE( '', *, *, #8219, .F. );
#5464 = ORIENTED_EDGE( '', *, *, #8220, .F. );
#5465 = ORIENTED_EDGE( '', *, *, #8180, .T. );
#5466 = ORIENTED_EDGE( '', *, *, #7709, .F. );
#5467 = ORIENTED_EDGE( '', *, *, #8221, .T. );
#5468 = ORIENTED_EDGE( '', *, *, #8222, .F. );
#5469 = ORIENTED_EDGE( '', *, *, #8223, .T. );
#5470 = ORIENTED_EDGE( '', *, *, #8224, .F. );
#5471 = ORIENTED_EDGE( '', *, *, #8225, .T. );
#5472 = ORIENTED_EDGE( '', *, *, #8226, .F. );
#5473 = ORIENTED_EDGE( '', *, *, #8227, .T. );
#5474 = ORIENTED_EDGE( '', *, *, #8228, .T. );
#5475 = ORIENTED_EDGE( '', *, *, #8229, .T. );
#5476 = ORIENTED_EDGE( '', *, *, #8230, .T. );
#5477 = ORIENTED_EDGE( '', *, *, #8231, .T. );
#5478 = ORIENTED_EDGE( '', *, *, #8232, .T. );
#5479 = ORIENTED_EDGE( '', *, *, #7663, .T. );
#5480 = ORIENTED_EDGE( '', *, *, #8040, .T. );
#5481 = ORIENTED_EDGE( '', *, *, #8096, .T. );
#5482 = ORIENTED_EDGE( '', *, *, #8233, .F. );
#5483 = ORIENTED_EDGE( '', *, *, #8234, .T. );
#5484 = ORIENTED_EDGE( '', *, *, #8009, .T. );
#5485 = ORIENTED_EDGE( '', *, *, #8235, .T. );
#5486 = ORIENTED_EDGE( '', *, *, #8236, .T. );
#5487 = ORIENTED_EDGE( '', *, *, #8042, .T. );
#5488 = ORIENTED_EDGE( '', *, *, #8237, .T. );
#5489 = ORIENTED_EDGE( '', *, *, #8238, .T. );
#5490 = ORIENTED_EDGE( '', *, *, #8150, .T. );
#5491 = ORIENTED_EDGE( '', *, *, #7800, .T. );
#5492 = ORIENTED_EDGE( '', *, *, #7967, .T. );
#5493 = ORIENTED_EDGE( '', *, *, #8239, .T. );
#5494 = ORIENTED_EDGE( '', *, *, #8240, .T. );
#5495 = CARTESIAN_POINT( '', ( 14.5525002688170, -22.7000000000000, -1.40999909937380 ) );
#5496 = DIRECTION( '', ( 0.000000000000000, -1.00000000000000, 0.000000000000000 ) );
#5497 = DIRECTION( '', ( 0.000000000000000, 0.000000000000000, -1.00000000000000 ) );
#5498 = SURFACE_STYLE_FILL_AREA( #8241 );
#5499 = ORIENTED_EDGE( '', *, *, #8242, .T. );
#5500 = ORIENTED_EDGE( '', *, *, #8243, .T. );
#5501 = ORIENTED_EDGE( '', *, *, #8244, .T. );
#5502 = ORIENTED_EDGE( '', *, *, #8245, .F. );
#5503 = CARTESIAN_POINT( '', ( -3.14999979883430, -17.1000001573940, -4.33680900000000E-015 ) );
#5504 = DIRECTION( '', ( 0.000000000000000, -1.00000000000000, 0.000000000000000 ) );
#5505 = DIRECTION( '', ( 0.000000000000000, 0.000000000000000, -1.00000000000000 ) );
#5506 = SURFACE_STYLE_FILL_AREA( #8246 );
#5507 = ORIENTED_EDGE( '', *, *, #7696, .T. );
#5508 = ORIENTED_EDGE( '', *, *, #8247, .T. );
#5509 = ORIENTED_EDGE( '', *, *, #7787, .F. );
#5510 = ORIENTED_EDGE( '', *, *, #8248, .T. );
#5511 = CARTESIAN_POINT( '', ( 2.01165518921506E-007, -16.6000001573935, -15.5000000000000 ) );
#5512 = DIRECTION( '', ( 2.31427927057849E-026, 4.24414514717276E-014, 1.00000000000000 ) );
#5513 = DIRECTION( '', ( 0.000000000000000, -1.00000000000000, 4.24414514717275E-014 ) );
#5514 = SURFACE_STYLE_FILL_AREA( #8249 );
#5515 = ORIENTED_EDGE( '', *, *, #8250, .T. );
#5516 = ORIENTED_EDGE( '', *, *, #7567, .F. );
#5517 = ORIENTED_EDGE( '', *, *, #8251, .F. );
#5518 = ORIENTED_EDGE( '', *, *, #7807, .T. );
#5519 = CARTESIAN_POINT( '', ( 5.87500000000050, -21.8999999999990, 10.2000000000000 ) );
#5520 = DIRECTION( '', ( 0.000000000000000, 0.000000000000000, -1.00000000000000 ) );
#5521 = DIRECTION( '', ( 0.000000000000000, -1.00000000000000, 0.000000000000000 ) );
#5522 = SURFACE_STYLE_FILL_AREA( #8252 );
#5523 = ORIENTED_EDGE( '', *, *, #7905, .F. );
#5524 = ORIENTED_EDGE( '', *, *, #7635, .F. );
#5525 = ORIENTED_EDGE( '', *, *, #8253, .F. );
#5526 = ORIENTED_EDGE( '', *, *, #8254, .F. );
#5527 = CARTESIAN_POINT( '', ( 9.75000066682830, -16.5999997766705, -16.9999999999982 ) );
#5528 = DIRECTION( '', ( 3.08887746066658E-013, -4.16333634234206E-013, -1.00000000000000 ) );
#5529 = DIRECTION( '', ( -1.55948458863246E-040, -1.00000000000000, 4.16333634234206E-013 ) );
#5530 = SURFACE_STYLE_FILL_AREA( #8255 );
#5531 = ORIENTED_EDGE( '', *, *, #8256, .T. );
#5532 = ORIENTED_EDGE( '', *, *, #7603, .F. );
#5533 = ORIENTED_EDGE( '', *, *, #8203, .F. );
#5534 = ORIENTED_EDGE( '', *, *, #8257, .T. );
#5535 = CARTESIAN_POINT( '', ( 3.87500000000000, -20.0999999999990, 6.88196601124990 ) );
#5536 = DIRECTION( '', ( 1.00000000000000, 0.000000000000000, 0.000000000000000 ) );
#5537 = DIRECTION( '', ( 0.000000000000000, 1.00000000000000, 0.000000000000000 ) );
#5538 = SURFACE_STYLE_FILL_AREA( #8258 );
#5539 = ORIENTED_EDGE( '', *, *, #8259, .F. );
#5540 = ORIENTED_EDGE( '', *, *, #7774, .F. );
#5541 = ORIENTED_EDGE( '', *, *, #8057, .F. );
#5542 = ORIENTED_EDGE( '', *, *, #7846, .F. );
#5543 = ORIENTED_EDGE( '', *, *, #8260, .F. );
#5544 = ORIENTED_EDGE( '', *, *, #8261, .T. );
#5545 = ORIENTED_EDGE( '', *, *, #7922, .F. );
#5546 = ORIENTED_EDGE( '', *, *, #7936, .T. );
#5547 = CARTESIAN_POINT( '', ( -1.88115064622860, -19.8999997766690, -17.1000000000000 ) );
#5548 = DIRECTION( '', ( 0.000000000000000, -1.00000000000000, 0.000000000000000 ) );
#5549 = DIRECTION( '', ( 0.000000000000000, 0.000000000000000, -1.00000000000000 ) );
#5550 = SURFACE_STYLE_FILL_AREA( #8262 );
#5551 = ORIENTED_EDGE( '', *, *, #8263, .F. );
#5552 = ORIENTED_EDGE( '', *, *, #8264, .F. );
#5553 = ORIENTED_EDGE( '', *, *, #7540, .T. );
#5554 = ORIENTED_EDGE( '', *, *, #8030, .T. );
#5555 = ORIENTED_EDGE( '', *, *, #7809, .T. );
#5556 = ORIENTED_EDGE( '', *, *, #8265, .F. );
#5557 = CARTESIAN_POINT( '', ( 4.87500000000017, -21.9999999999993, 7.99999999999968 ) );
#5558 = DIRECTION( '', ( -1.96601993944018E-013, -1.00000000000000, 1.33124992704114E-013 ) );
#5559 = DIRECTION( '', ( -1.00000000000000, 1.96601993944018E-013, 0.000000000000000 ) );
#5560 = SURFACE_STYLE_FILL_AREA( #8266 );
#5561 = ORIENTED_EDGE( '', *, *, #8043, .F. );
#5562 = ORIENTED_EDGE( '', *, *, #8236, .F. );
#5563 = ORIENTED_EDGE( '', *, *, #8267, .F. );
#5564 = ORIENTED_EDGE( '', *, *, #8268, .F. );
#5565 = ORIENTED_EDGE( '', *, *, #7715, .T. );
#5566 = CARTESIAN_POINT( '', ( -3.07499999999960, -22.2000000000000, 4.79999999999980 ) );
#5567 = DIRECTION( '', ( 0.707106781186833, 0.707106781186262, 0.000000000000000 ) );
#5568 = DIRECTION( '', ( 0.000000000000000, 0.000000000000000, -1.00000000000000 ) );
#5569 = SURFACE_STYLE_FILL_AREA( #8269 );
#5570 = ORIENTED_EDGE( '', *, *, #8263, .T. );
#5571 = ORIENTED_EDGE( '', *, *, #8270, .T. );
#5572 = ORIENTED_EDGE( '', *, *, #7683, .F. );
#5573 = ORIENTED_EDGE( '', *, *, #8271, .T. );
#5574 = CARTESIAN_POINT( '', ( 3.37500000000000, -21.8999999999990, 7.99999999999980 ) );
#5575 = DIRECTION( '', ( 1.00000000000000, 0.000000000000000, 0.000000000000000 ) );
#5576 = DIRECTION( '', ( 0.000000000000000, 1.00000000000000, 0.000000000000000 ) );
#5577 = SURFACE_STYLE_FILL_AREA( #8272 );
#5578 = ORIENTED_EDGE( '', *, *, #8273, .T. );
#5579 = ORIENTED_EDGE( '', *, *, #8274, .F. );
#5580 = ORIENTED_EDGE( '', *, *, #8275, .F. );
#5581 = ORIENTED_EDGE( '', *, *, #7868, .T. );
#5582 = CARTESIAN_POINT( '', ( 3.37500000000000, -22.6999999999990, 10.7000000000000 ) );
#5583 = DIRECTION( '', ( 1.00000000000000, 0.000000000000000, 0.000000000000000 ) );
#5584 = DIRECTION( '', ( 0.000000000000000, 1.00000000000000, 0.000000000000000 ) );
#5585 = SURFACE_STYLE_FILL_AREA( #8276 );
#5586 = ORIENTED_EDGE( '', *, *, #8212, .F. );
#5587 = ORIENTED_EDGE( '', *, *, #7827, .T. );
#5588 = ORIENTED_EDGE( '', *, *, #8277, .F. );
#5589 = ORIENTED_EDGE( '', *, *, #7597, .F. );
#5590 = CARTESIAN_POINT( '', ( 11.1000000000006, -10.1000000000002, 24.1573593128805 ) );
#5591 = DIRECTION( '', ( -6.07153216591979E-014, 1.00000000000000, -2.51279576560317E-014 ) );
#5592 = DIRECTION( '', ( 1.00000000000000, 6.07153216591979E-014, 0.000000000000000 ) );
#5593 = SURFACE_STYLE_FILL_AREA( #8278 );
#5594 = ORIENTED_EDGE( '', *, *, #7654, .T. );
#5595 = ORIENTED_EDGE( '', *, *, #8279, .F. );
#5596 = ORIENTED_EDGE( '', *, *, #8230, .F. );
#5597 = ORIENTED_EDGE( '', *, *, #8280, .T. );
#5598 = CARTESIAN_POINT( '', ( 3.37500000000000, -22.6999999999990, 10.7000000000000 ) );
#5599 = DIRECTION( '', ( 1.00000000000000, 0.000000000000000, 0.000000000000000 ) );
#5600 = DIRECTION( '', ( 0.000000000000000, 1.00000000000000, 0.000000000000000 ) );
#5601 = SURFACE_STYLE_FILL_AREA( #8281 );
#5602 = ORIENTED_EDGE( '', *, *, #8282, .T. );
#5603 = CARTESIAN_POINT( '', ( -5.94000000000000, -10.4709246874520, 50.4000000000000 ) );
#5604 = DIRECTION( '', ( 0.000000000000000, 0.000000000000000, -1.00000000000000 ) );
#5605 = DIRECTION( '', ( 0.000000000000000, -1.00000000000000, 0.000000000000000 ) );
#5606 = SURFACE_STYLE_FILL_AREA( #8283 );
#5607 = ORIENTED_EDGE( '', *, *, #8284, .T. );
#5608 = ORIENTED_EDGE( '', *, *, #8285, .F. );
#5609 = ORIENTED_EDGE( '', *, *, #8286, .F. );
#5610 = ORIENTED_EDGE( '', *, *, #8287, .T. );
#5611 = ORIENTED_EDGE( '', *, *, #8288, .T. );
#5612 = ORIENTED_EDGE( '', *, *, #7863, .T. );
#5613 = ORIENTED_EDGE( '', *, *, #8289, .F. );
#5614 = ORIENTED_EDGE( '', *, *, #8290, .F. );
#5615 = ORIENTED_EDGE( '', *, *, #8291, .F. );
#5616 = ORIENTED_EDGE( '', *, *, #8242, .F. );
#5617 = ORIENTED_EDGE( '', *, *, #8292, .F. );
#5618 = ORIENTED_EDGE( '', *, *, #7785, .T. );
#5619 = ORIENTED_EDGE( '', *, *, #8072, .F. );
#5620 = ORIENTED_EDGE( '', *, *, #8176, .F. );
#5621 = ORIENTED_EDGE( '', *, *, #8293, .F. );
#5622 = ORIENTED_EDGE( '', *, *, #7788, .T. );
#5623 = ORIENTED_EDGE( '', *, *, #7460, .F. );
#5624 = ORIENTED_EDGE( '', *, *, #7818, .F. );
#5625 = ORIENTED_EDGE( '', *, *, #7518, .F. );
#5626 = ORIENTED_EDGE( '', *, *, #8294, .F. );
#5627 = ORIENTED_EDGE( '', *, *, #7464, .F. );
#5628 = ORIENTED_EDGE( '', *, *, #7860, .T. );
#5629 = ORIENTED_EDGE( '', *, *, #8295, .T. );
#5630 = ORIENTED_EDGE( '', *, *, #8296, .F. );
#5631 = ORIENTED_EDGE( '', *, *, #8297, .T. );
#5632 = ORIENTED_EDGE( '', *, *, #8125, .F. );
#5633 = ORIENTED_EDGE( '', *, *, #8089, .T. );
#5634 = ORIENTED_EDGE( '', *, *, #8298, .F. );
#5635 = ORIENTED_EDGE( '', *, *, #8067, .F. );
#5636 = ORIENTED_EDGE( '', *, *, #8299, .F. );
#5637 = ORIENTED_EDGE( '', *, *, #8300, .F. );
#5638 = ORIENTED_EDGE( '', *, *, #8301, .F. );
#5639 = ORIENTED_EDGE( '', *, *, #8302, .T. );
#5640 = ORIENTED_EDGE( '', *, *, #8122, .F. );
#5641 = ORIENTED_EDGE( '', *, *, #8303, .T. );
#5642 = ORIENTED_EDGE( '', *, *, #8304, .F. );
#5643 = ORIENTED_EDGE( '', *, *, #8305, .F. );
#5644 = ORIENTED_EDGE( '', *, *, #8306, .F. );
#5645 = ORIENTED_EDGE( '', *, *, #8307, .T. );
#5646 = ORIENTED_EDGE( '', *, *, #8308, .F. );
#5647 = ORIENTED_EDGE( '', *, *, #7747, .T. );
#5648 = ORIENTED_EDGE( '', *, *, #7489, .F. );
#5649 = ORIENTED_EDGE( '', *, *, #7938, .T. );
#5650 = ORIENTED_EDGE( '', *, *, #8309, .F. );
#5651 = ORIENTED_EDGE( '', *, *, #8310, .T. );
#5652 = ORIENTED_EDGE( '', *, *, #8311, .F. );
#5653 = ORIENTED_EDGE( '', *, *, #8158, .F. );
#5654 = ORIENTED_EDGE( '', *, *, #8312, .F. );
#5655 = CARTESIAN_POINT( '', ( -14.2000000000000, -10.0000000000000, -6.93889400000000E-015 ) );
#5656 = DIRECTION( '', ( 2.44327253521127E-016, 0.000000000000000, -1.00000000000000 ) );
#5657 = DIRECTION( '', ( 0.000000000000000, -1.00000000000000, 0.000000000000000 ) );
#5658 = SURFACE_STYLE_FILL_AREA( #8313 );
#5659 = ORIENTED_EDGE( '', *, *, #8314, .T. );
#5660 = ORIENTED_EDGE( '', *, *, #7703, .F. );
#5661 = ORIENTED_EDGE( '', *, *, #8315, .F. );
#5662 = ORIENTED_EDGE( '', *, *, #8316, .T. );
#5663 = ORIENTED_EDGE( '', *, *, #8317, .T. );
#5664 = ORIENTED_EDGE( '', *, *, #7979, .F. );
#5665 = CARTESIAN_POINT( '', ( -3.87500000000000, -21.9999999999990, 10.3000000000000 ) );
#5666 = DIRECTION( '', ( 1.00000000000000, 0.000000000000000, 0.000000000000000 ) );
#5667 = DIRECTION( '', ( 0.000000000000000, 1.00000000000000, 0.000000000000000 ) );
#5668 = SURFACE_STYLE_FILL_AREA( #8318 );
#5669 = ORIENTED_EDGE( '', *, *, #8298, .T. );
#5670 = ORIENTED_EDGE( '', *, *, #8091, .F. );
#5671 = ORIENTED_EDGE( '', *, *, #8319, .T. );
#5672 = ORIENTED_EDGE( '', *, *, #8320, .F. );
#5673 = ORIENTED_EDGE( '', *, *, #8301, .T. );
#5674 = ORIENTED_EDGE( '', *, *, #8321, .T. );
#5675 = ORIENTED_EDGE( '', *, *, #7949, .T. );
#5676 = ORIENTED_EDGE( '', *, *, #8068, .T. );
#5677 = CARTESIAN_POINT( '', ( 6.60000020116570, -18.5439090488520, 0.0999999999999960 ) );
#5678 = DIRECTION( '', ( -1.00000000000000, 0.000000000000000, 0.000000000000000 ) );
#5679 = DIRECTION( '', ( 0.000000000000000, 0.000000000000000, 1.00000000000000 ) );
#5680 = SURFACE_STYLE_FILL_AREA( #8322 );
#5681 = ORIENTED_EDGE( '', *, *, #8154, .F. );
#5682 = ORIENTED_EDGE( '', *, *, #8323, .T. );
#5683 = ORIENTED_EDGE( '', *, *, #7574, .F. );
#5684 = ORIENTED_EDGE( '', *, *, #8124, .F. );
#5685 = CARTESIAN_POINT( '', ( 7.99429521455780, -13.4000001573940, -16.2000000000000 ) );
#5686 = DIRECTION( '', ( 0.000000000000000, 0.866025403784767, -0.499999999999431 ) );
#5687 = DIRECTION( '', ( -1.00000000000000, 0.000000000000000, 0.000000000000000 ) );
#5688 = SURFACE_STYLE_FILL_AREA( #8324 );
#5689 = ORIENTED_EDGE( '', *, *, #8325, .F. );
#5690 = ORIENTED_EDGE( '', *, *, #7985, .T. );
#5691 = ORIENTED_EDGE( '', *, *, #7506, .T. );
#5692 = ORIENTED_EDGE( '', *, *, #8015, .F. );
#5693 = ORIENTED_EDGE( '', *, *, #8326, .T. );
#5694 = ORIENTED_EDGE( '', *, *, #8327, .F. );
#5695 = CARTESIAN_POINT( '', ( -14.2000000000000, -10.0000000000000, -6.93889400000000E-015 ) );
#5696 = DIRECTION( '', ( 2.44327253521127E-016, 0.000000000000000, -1.00000000000000 ) );
#5697 = DIRECTION( '', ( 0.000000000000000, -1.00000000000000, 0.000000000000000 ) );
#5698 = SURFACE_STYLE_FILL_AREA( #8328 );
#5699 = ORIENTED_EDGE( '', *, *, #8024, .F. );
#5700 = ORIENTED_EDGE( '', *, *, #7919, .T. );
#5701 = ORIENTED_EDGE( '', *, *, #8329, .F. );
#5702 = ORIENTED_EDGE( '', *, *, #7719, .F. );
#5703 = CARTESIAN_POINT( '', ( -6.80000000000000, -19.5000024447210, 4.89428607762750 ) );
#5704 = DIRECTION( '', ( -0.000000000000000, 3.63411009669307E-008, 0.999999999999999 ) );
#5705 = DIRECTION( '', ( 1.00000000000000, 0.000000000000000, 0.000000000000000 ) );
#5706 = SURFACE_STYLE_FILL_AREA( #8330 );
#5707 = ORIENTED_EDGE( '', *, *, #8307, .F. );
#5708 = ORIENTED_EDGE( '', *, *, #8331, .T. );
#5709 = ORIENTED_EDGE( '', *, *, #8332, .T. );
#5710 = ORIENTED_EDGE( '', *, *, #8333, .T. );
#5711 = CARTESIAN_POINT( '', ( -9.74999979883385, -16.6000001573938, -4.33680900000000E-015 ) );
#5712 = DIRECTION( '', ( -0.000000000000000, -0.000000000000000, 1.00000000000000 ) );
#5713 = DIRECTION( '', ( -1.00000000000000, 0.000000000000000, 0.000000000000000 ) );
#5714 = SURFACE_STYLE_FILL_AREA( #8334 );
#5715 = ORIENTED_EDGE( '', *, *, #7910, .F. );
#5716 = ORIENTED_EDGE( '', *, *, #8335, .T. );
#5717 = ORIENTED_EDGE( '', *, *, #8336, .F. );
#5718 = ORIENTED_EDGE( '', *, *, #8196, .T. );
#5719 = CARTESIAN_POINT( '', ( 13.4000006668270, -17.4602323033730, -17.0000000000000 ) );
#5720 = DIRECTION( '', ( 1.00000000000000, 0.000000000000000, 0.000000000000000 ) );
#5721 = DIRECTION( '', ( 0.000000000000000, 1.00000000000000, 0.000000000000000 ) );
#5722 = SURFACE_STYLE_FILL_AREA( #8337 );
#5723 = ORIENTED_EDGE( '', *, *, #8338, .F. );
#5724 = ORIENTED_EDGE( '', *, *, #8339, .F. );
#5725 = ORIENTED_EDGE( '', *, *, #7815, .T. );
#5726 = ORIENTED_EDGE( '', *, *, #8340, .T. );
#5727 = CARTESIAN_POINT( '', ( 11.4000006668270, -10.0999997766690, -3.34678600000000E-016 ) );
#5728 = DIRECTION( '', ( 1.00000000000000, 0.000000000000000, 0.000000000000000 ) );
#5729 = DIRECTION( '', ( 0.000000000000000, 1.00000000000000, 0.000000000000000 ) );
#5730 = SURFACE_STYLE_FILL_AREA( #8341 );
#5731 = ORIENTED_EDGE( '', *, *, #8213, .F. );
#5732 = ORIENTED_EDGE( '', *, *, #7599, .T. );
#5733 = ORIENTED_EDGE( '', *, *, #8342, .F. );
#5734 = ORIENTED_EDGE( '', *, *, #8173, .F. );
#5735 = CARTESIAN_POINT( '', ( 10.9999999999994, -10.0999999999995, 29.9142135623733 ) );
#5736 = DIRECTION( '', ( -4.54497550706129E-013, 1.00000000000000, -1.88459682420298E-013 ) );
#5737 = DIRECTION( '', ( 1.00000000000000, 4.54497550706129E-013, 0.000000000000000 ) );
#5738 = SURFACE_STYLE_FILL_AREA( #8343 );
#5739 = ORIENTED_EDGE( '', *, *, #8250, .F. );
#5740 = ORIENTED_EDGE( '', *, *, #7811, .F. );
#5741 = ORIENTED_EDGE( '', *, *, #7744, .F. );
#5742 = ORIENTED_EDGE( '', *, *, #7568, .T. );
#5743 = CARTESIAN_POINT( '', ( 3.30000017971580, -20.0999999999990, 10.3349997770120 ) );
#5744 = DIRECTION( '', ( 0.000000000000000, -1.00000000000000, 0.000000000000000 ) );
#5745 = DIRECTION( '', ( 0.000000000000000, 0.000000000000000, -1.00000000000000 ) );
#5746 = SURFACE_STYLE_FILL_AREA( #8344 );
#5747 = ORIENTED_EDGE( '', *, *, #8288, .F. );
#5748 = ORIENTED_EDGE( '', *, *, #8345, .T. );
#5749 = ORIENTED_EDGE( '', *, *, #7751, .T. );
#5750 = ORIENTED_EDGE( '', *, *, #7864, .F. );
#5751 = CARTESIAN_POINT( '', ( 0.900000201165700, -13.0626989262290, -4.33680900000000E-015 ) );
#5752 = DIRECTION( '', ( -1.00000000000000, 0.000000000000000, 0.000000000000000 ) );
#5753 = DIRECTION( '', ( 0.000000000000000, 0.000000000000000, 1.00000000000000 ) );
#5754 = SURFACE_STYLE_FILL_AREA( #8346 );
#5755 = ORIENTED_EDGE( '', *, *, #7768, .T. );
#5756 = ORIENTED_EDGE( '', *, *, #8036, .F. );
#5757 = ORIENTED_EDGE( '', *, *, #8347, .F. );
#5758 = CARTESIAN_POINT( '', ( -7.53625000000000, -22.8600000000000, 4.79999999999980 ) );
#5759 = DIRECTION( '', ( 0.000000000000000, 0.000000000000000, 1.00000000000000 ) );
#5760 = DIRECTION( '', ( 1.00000000000000, 0.000000000000000, 0.000000000000000 ) );
#5761 = SURFACE_STYLE_FILL_AREA( #8348 );
#5762 = ORIENTED_EDGE( '', *, *, #8349, .F. );
#5763 = ORIENTED_EDGE( '', *, *, #8350, .F. );
#5764 = ORIENTED_EDGE( '', *, *, #8351, .T. );
#5765 = ORIENTED_EDGE( '', *, *, #8352, .T. );
#5766 = CARTESIAN_POINT( '', ( -3.87500000000000, -20.0999999999990, 6.88196601124990 ) );
#5767 = DIRECTION( '', ( 1.00000000000000, 0.000000000000000, 0.000000000000000 ) );
#5768 = DIRECTION( '', ( 0.000000000000000, 1.00000000000000, 0.000000000000000 ) );
#5769 = SURFACE_STYLE_FILL_AREA( #8353 );
#5770 = ORIENTED_EDGE( '', *, *, #8354, .T. );
#5771 = ORIENTED_EDGE( '', *, *, #8187, .F. );
#5772 = ORIENTED_EDGE( '', *, *, #8355, .F. );
#5773 = ORIENTED_EDGE( '', *, *, #8356, .T. );
#5774 = CARTESIAN_POINT( '', ( 6.37500000000000, -22.6999999999990, 9.32287565553260 ) );
#5775 = DIRECTION( '', ( -1.00000000000000, 0.000000000000000, 0.000000000000000 ) );
#5776 = DIRECTION( '', ( 0.000000000000000, 0.000000000000000, 1.00000000000000 ) );
#5777 = SURFACE_STYLE_FILL_AREA( #8357 );
#5778 = ORIENTED_EDGE( '', *, *, #8358, .F. );
#5779 = ORIENTED_EDGE( '', *, *, #8359, .F. );
#5780 = ORIENTED_EDGE( '', *, *, #8360, .F. );
#5781 = ORIENTED_EDGE( '', *, *, #8361, .T. );
#5782 = CARTESIAN_POINT( '', ( 3.07500000000000, -19.5000024447210, 2.42053974630330 ) );
#5783 = DIRECTION( '', ( -0.000000000000000, 0.139173224534038, 0.990268051374373 ) );
#5784 = DIRECTION( '', ( 1.00000000000000, 0.000000000000000, 0.000000000000000 ) );
#5785 = SURFACE_STYLE_FILL_AREA( #8362 );
#5786 = ORIENTED_EDGE( '', *, *, #7911, .F. );
#5787 = ORIENTED_EDGE( '', *, *, #8363, .T. );
#5788 = CARTESIAN_POINT( '', ( 9.75000066682694, -16.5999997766690, -10.2500000000000 ) );
#5789 = DIRECTION( '', ( -0.000000000000000, -0.000000000000000, -1.00000000000000 ) );
#5790 = DIRECTION( '', ( 1.00000000000000, 0.000000000000000, 0.000000000000000 ) );
#5791 = SURFACE_STYLE_FILL_AREA( #8364 );
#5792 = ORIENTED_EDGE( '', *, *, #8214, .F. );
#5793 = ORIENTED_EDGE( '', *, *, #7733, .F. );
#5794 = ORIENTED_EDGE( '', *, *, #8365, .F. );
#5795 = ORIENTED_EDGE( '', *, *, #8366, .F. );
#5796 = CARTESIAN_POINT( '', ( 13.7189233604780, -10.1000000000000, 38.4472292021360 ) );
#5797 = DIRECTION( '', ( -0.906307786825870, 0.000000000000000, 0.422618262192718 ) );
#5798 = DIRECTION( '', ( 0.000000000000000, 1.00000000000000, 0.000000000000000 ) );
#5799 = SURFACE_STYLE_FILL_AREA( #8367 );
#5800 = ORIENTED_EDGE( '', *, *, #8368, .F. );
#5801 = ORIENTED_EDGE( '', *, *, #8369, .F. );
#5802 = ORIENTED_EDGE( '', *, *, #8127, .F. );
#5803 = ORIENTED_EDGE( '', *, *, #8370, .F. );
#5804 = CARTESIAN_POINT( '', ( 8.96250022924510, -11.0425002150240, -15.5000000000000 ) );
#5805 = DIRECTION( '', ( 0.000000000000000, 0.000000000000000, 1.00000000000000 ) );
#5806 = DIRECTION( '', ( 1.00000000000000, 0.000000000000000, 0.000000000000000 ) );
#5807 = SURFACE_STYLE_FILL_AREA( #8371 );
#5808 = ORIENTED_EDGE( '', *, *, #8031, .T. );
#5809 = ORIENTED_EDGE( '', *, *, #7542, .F. );
#5810 = ORIENTED_EDGE( '', *, *, #8372, .F. );
#5811 = ORIENTED_EDGE( '', *, *, #8373, .T. );
#5812 = CARTESIAN_POINT( '', ( 3.87500000000000, -20.0999999999990, 6.34999999999980 ) );
#5813 = DIRECTION( '', ( 0.000000000000000, 0.000000000000000, 1.00000000000000 ) );
#5814 = DIRECTION( '', ( 1.00000000000000, 0.000000000000000, 0.000000000000000 ) );
#5815 = SURFACE_STYLE_FILL_AREA( #8374 );
#5816 = ORIENTED_EDGE( '', *, *, #8375, .T. );
#5817 = ORIENTED_EDGE( '', *, *, #8139, .F. );
#5818 = ORIENTED_EDGE( '', *, *, #8376, .F. );
#5819 = ORIENTED_EDGE( '', *, *, #7892, .T. );
#5820 = CARTESIAN_POINT( '', ( -14.0000000000000, -10.1000000000000, 44.3080892972010 ) );
#5821 = DIRECTION( '', ( -1.00000000000000, 0.000000000000000, 0.000000000000000 ) );
#5822 = DIRECTION( '', ( 0.000000000000000, 0.000000000000000, 1.00000000000000 ) );
#5823 = SURFACE_STYLE_FILL_AREA( #8377 );
#5824 = ORIENTED_EDGE( '', *, *, #7687, .T. );
#5825 = ORIENTED_EDGE( '', *, *, #8378, .F. );
#5826 = ORIENTED_EDGE( '', *, *, #8379, .F. );
#5827 = ORIENTED_EDGE( '', *, *, #8169, .T. );
#5828 = ORIENTED_EDGE( '', *, *, #8380, .T. );
#5829 = ORIENTED_EDGE( '', *, *, #8381, .T. );
#5830 = ORIENTED_EDGE( '', *, *, #7999, .T. );
#5831 = ORIENTED_EDGE( '', *, *, #8382, .F. );
#5832 = CARTESIAN_POINT( '', ( 6.79999999999980, -23.2590879290360, 5.12428609281750 ) );
#5833 = DIRECTION( '', ( -1.00000000000000, 0.000000000000000, 0.000000000000000 ) );
#5834 = DIRECTION( '', ( 0.000000000000000, 0.000000000000000, 1.00000000000000 ) );
#5835 = SURFACE_STYLE_FILL_AREA( #8383 );
#5836 = ORIENTED_EDGE( '', *, *, #7970, .F. );
#5837 = ORIENTED_EDGE( '', *, *, #8384, .T. );
#5838 = ORIENTED_EDGE( '', *, *, #8385, .F. );
#5839 = ORIENTED_EDGE( '', *, *, #8386, .F. );
#5840 = CARTESIAN_POINT( '', ( -4.87499999999984, -22.7000000000004, 8.00000000000000 ) );
#5841 = DIRECTION( '', ( 6.67868538251127E-013, -1.00000000000000, 2.52430580102946E-013 ) );
#5842 = DIRECTION( '', ( -1.00000000000000, -6.67868538251127E-013, 0.000000000000000 ) );
#5843 = SURFACE_STYLE_FILL_AREA( #8387 );
#5844 = ORIENTED_EDGE( '', *, *, #7576, .F. );
#5845 = ORIENTED_EDGE( '', *, *, #8388, .T. );
#5846 = ORIENTED_EDGE( '', *, *, #8156, .F. );
#5847 = ORIENTED_EDGE( '', *, *, #8319, .F. );
#5848 = CARTESIAN_POINT( '', ( 6.60000020116570, -18.4439090488520, -16.2000000000000 ) );
#5849 = DIRECTION( '', ( -0.866025403784439, 0.000000000000000, -0.500000000000000 ) );
#5850 = DIRECTION( '', ( -0.499999999999999, 0.000000000000000, 0.866025403784439 ) );
#5851 = SURFACE_STYLE_FILL_AREA( #8389 );
#5852 = ORIENTED_EDGE( '', *, *, #8390, .T. );
#5853 = ORIENTED_EDGE( '', *, *, #8391, .T. );
#5854 = ORIENTED_EDGE( '', *, *, #7681, .F. );
#5855 = ORIENTED_EDGE( '', *, *, #8392, .T. );
#5856 = CARTESIAN_POINT( '', ( 6.37500000000000, -21.8999999999990, 4.79999999999980 ) );
#5857 = DIRECTION( '', ( -1.00000000000000, 0.000000000000000, 0.000000000000000 ) );
#5858 = DIRECTION( '', ( 0.000000000000000, 0.000000000000000, 1.00000000000000 ) );
#5859 = SURFACE_STYLE_FILL_AREA( #8393 );
#5860 = ORIENTED_EDGE( '', *, *, #8394, .F. );
#5861 = ORIENTED_EDGE( '', *, *, #8395, .T. );
#5862 = ORIENTED_EDGE( '', *, *, #8396, .T. );
#5863 = ORIENTED_EDGE( '', *, *, #8397, .T. );
#5864 = ORIENTED_EDGE( '', *, *, #8398, .F. );
#5865 = ORIENTED_EDGE( '', *, *, #8399, .T. );
#5866 = CARTESIAN_POINT( '', ( -4.37492790401840, -17.8499997766690, -4.18892400000000E-015 ) );
#5867 = DIRECTION( '', ( 0.000000000000000, -1.00000000000000, 0.000000000000000 ) );
#5868 = DIRECTION( '', ( 0.000000000000000, 0.000000000000000, -1.00000000000000 ) );
#5869 = SURFACE_STYLE_FILL_AREA( #8400 );
#5870 = ORIENTED_EDGE( '', *, *, #8401, .F. );
#5871 = ORIENTED_EDGE( '', *, *, #7516, .F. );
#5872 = ORIENTED_EDGE( '', *, *, #7727, .T. );
#5873 = ORIENTED_EDGE( '', *, *, #7981, .F. );
#5874 = CARTESIAN_POINT( '', ( -3.37500000000000, -21.8999999999990, 7.99999999999980 ) );
#5875 = DIRECTION( '', ( 1.00000000000000, 0.000000000000000, 0.000000000000000 ) );
#5876 = DIRECTION( '', ( 0.000000000000000, 1.00000000000000, 0.000000000000000 ) );
#5877 = SURFACE_STYLE_FILL_AREA( #8402 );
#5878 = ORIENTED_EDGE( '', *, *, #8312, .T. );
#5879 = ORIENTED_EDGE( '', *, *, #8161, .F. );
#5880 = ORIENTED_EDGE( '', *, *, #8403, .T. );
#5881 = ORIENTED_EDGE( '', *, *, #8404, .F. );
#5882 = CARTESIAN_POINT( '', ( -5.29999979883430, -16.1000001573940, -4.33680900000000E-015 ) );
#5883 = DIRECTION( '', ( 1.00000000000000, 0.000000000000000, 0.000000000000000 ) );
#5884 = DIRECTION( '', ( 0.000000000000000, 1.00000000000000, 0.000000000000000 ) );
#5885 = SURFACE_STYLE_FILL_AREA( #8405 );
#5886 = ORIENTED_EDGE( '', *, *, #8406, .T. );
#5887 = ORIENTED_EDGE( '', *, *, #8407, .F. );
#5888 = ORIENTED_EDGE( '', *, *, #8142, .F. );
#5889 = ORIENTED_EDGE( '', *, *, #8408, .T. );
#5890 = ORIENTED_EDGE( '', *, *, #8409, .T. );
#5891 = ORIENTED_EDGE( '', *, *, #8410, .F. );
#5892 = CARTESIAN_POINT( '', ( -3.87500000000000, -21.9999999999990, 10.3000000000000 ) );
#5893 = DIRECTION( '', ( 1.00000000000000, 0.000000000000000, 0.000000000000000 ) );
#5894 = DIRECTION( '', ( 0.000000000000000, 1.00000000000000, 0.000000000000000 ) );
#5895 = SURFACE_STYLE_FILL_AREA( #8411 );
#5896 = ORIENTED_EDGE( '', *, *, #8316, .F. );
#5897 = ORIENTED_EDGE( '', *, *, #8412, .F. );
#5898 = ORIENTED_EDGE( '', *, *, #8413, .F. );
#5899 = ORIENTED_EDGE( '', *, *, #8414, .T. );
#5900 = ORIENTED_EDGE( '', *, *, #7776, .T. );
#5901 = ORIENTED_EDGE( '', *, *, #8415, .T. );
#5902 = ORIENTED_EDGE( '', *, *, #8416, .T. );
#5903 = ORIENTED_EDGE( '', *, *, #8417, .T. );
#5904 = CARTESIAN_POINT( '', ( -6.44999991566870, -19.4999999999990, 6.26750008031480 ) );
#5905 = DIRECTION( '', ( -0.000000000000000, 1.00000000000000, 0.000000000000000 ) );
#5906 = DIRECTION( '', ( 1.00000000000000, 0.000000000000000, 0.000000000000000 ) );
#5907 = SURFACE_STYLE_FILL_AREA( #8418 );
#5908 = ORIENTED_EDGE( '', *, *, #8419, .F. );
#5909 = ORIENTED_EDGE( '', *, *, #8078, .F. );
#5910 = ORIENTED_EDGE( '', *, *, #8420, .F. );
#5911 = ORIENTED_EDGE( '', *, *, #8421, .F. );
#5912 = CARTESIAN_POINT( '', ( 14.0000000000000, -10.1000000000000, 44.3080892972010 ) );
#5913 = DIRECTION( '', ( -1.00000000000000, 0.000000000000000, 0.000000000000000 ) );
#5914 = DIRECTION( '', ( 0.000000000000000, 0.000000000000000, 1.00000000000000 ) );
#5915 = SURFACE_STYLE_FILL_AREA( #8422 );
#5916 = ORIENTED_EDGE( '', *, *, #8423, .F. );
#5917 = ORIENTED_EDGE( '', *, *, #8424, .F. );
#5918 = ORIENTED_EDGE( '', *, *, #8425, .T. );
#5919 = CARTESIAN_POINT( '', ( 7.53625000000000, -22.8600000000000, 4.79999999999980 ) );
#5920 = DIRECTION( '', ( 0.000000000000000, 0.000000000000000, -1.00000000000000 ) );
#5921 = DIRECTION( '', ( 0.000000000000000, -1.00000000000000, 0.000000000000000 ) );
#5922 = SURFACE_STYLE_FILL_AREA( #8426 );
#5923 = ORIENTED_EDGE( '', *, *, #7909, .F. );
#5924 = ORIENTED_EDGE( '', *, *, #8115, .T. );
#5925 = ORIENTED_EDGE( '', *, *, #8427, .F. );
#5926 = ORIENTED_EDGE( '', *, *, #8335, .F. );
#5927 = CARTESIAN_POINT( '', ( 9.75000066682639, -16.5999997766699, -17.0000000000003 ) );
#5928 = DIRECTION( '', ( 5.59152337406603E-014, 5.64363370850984E-014, -1.00000000000000 ) );
#5929 = DIRECTION( '', ( 0.000000000000000, -1.00000000000000, -5.64363370850984E-014 ) );
#5930 = SURFACE_STYLE_FILL_AREA( #8428 );
#5931 = ORIENTED_EDGE( '', *, *, #8429, .T. );
#5932 = ORIENTED_EDGE( '', *, *, #7861, .F. );
#5933 = ORIENTED_EDGE( '', *, *, #8430, .T. );
#5934 = ORIENTED_EDGE( '', *, *, #7694, .T. );
#5935 = CARTESIAN_POINT( '', ( 2.01165645122639E-007, -16.6000001573934, -15.5000000000000 ) );
#5936 = DIRECTION( '', ( -2.61501271343733E-027, 4.89709055442933E-015, 1.00000000000000 ) );
#5937 = DIRECTION( '', ( 0.000000000000000, -1.00000000000000, 4.89709055442933E-015 ) );
#5938 = SURFACE_STYLE_FILL_AREA( #8431 );
#5939 = ORIENTED_EDGE( '', *, *, #7477, .F. );
#5940 = ORIENTED_EDGE( '', *, *, #7584, .T. );
#5941 = ORIENTED_EDGE( '', *, *, #8432, .F. );
#5942 = ORIENTED_EDGE( '', *, *, #8207, .T. );
#5943 = CARTESIAN_POINT( '', ( -3.07500000000000, -19.5000024447210, 2.42053974630330 ) );
#5944 = DIRECTION( '', ( 0.000000000000000, -3.63411008792388E-008, -0.999999999999999 ) );
#5945 = DIRECTION( '', ( 0.000000000000000, -0.999999999999999, 3.63411008792388E-008 ) );
#5946 = SURFACE_STYLE_FILL_AREA( #8433 );
#5947 = ORIENTED_EDGE( '', *, *, #8293, .T. );
#5948 = ORIENTED_EDGE( '', *, *, #8178, .T. );
#5949 = ORIENTED_EDGE( '', *, *, #8434, .T. );
#5950 = ORIENTED_EDGE( '', *, *, #7789, .F. );
#5951 = CARTESIAN_POINT( '', ( 0.750000201165700, -20.1721143772920, -4.33680900000000E-015 ) );
#5952 = DIRECTION( '', ( 1.00000000000000, 0.000000000000000, 0.000000000000000 ) );
#5953 = DIRECTION( '', ( 0.000000000000000, 1.00000000000000, 0.000000000000000 ) );
#5954 = SURFACE_STYLE_FILL_AREA( #8435 );
#5955 = ORIENTED_EDGE( '', *, *, #7923, .F. );
#5956 = ORIENTED_EDGE( '', *, *, #8261, .F. );
#5957 = ORIENTED_EDGE( '', *, *, #8436, .F. );
#5958 = ORIENTED_EDGE( '', *, *, #8437, .F. );
#5959 = CARTESIAN_POINT( '', ( 6.66829637514799E-007, -16.5999997766668, -17.0000000000043 ) );
#5960 = DIRECTION( '', ( -8.22884081867465E-013, -8.45619870422114E-013, -1.00000000000000 ) );
#5961 = DIRECTION( '', ( 0.000000000000000, -1.00000000000000, 8.45619870422114E-013 ) );
#5962 = SURFACE_STYLE_FILL_AREA( #8438 );
#5963 = ORIENTED_EDGE( '', *, *, #8439, .F. );
#5964 = ORIENTED_EDGE( '', *, *, #7520, .F. );
#5965 = ORIENTED_EDGE( '', *, *, #7819, .F. );
#5966 = ORIENTED_EDGE( '', *, *, #7466, .F. );
#5967 = CARTESIAN_POINT( '', ( 4.48900018818680, -17.1300001767460, -14.0000000000000 ) );
#5968 = DIRECTION( '', ( 0.000000000000000, 0.000000000000000, 1.00000000000000 ) );
#5969 = DIRECTION( '', ( 1.00000000000000, 0.000000000000000, 0.000000000000000 ) );
#5970 = SURFACE_STYLE_FILL_AREA( #8440 );
#5971 = ORIENTED_EDGE( '', *, *, #8360, .T. );
#5972 = ORIENTED_EDGE( '', *, *, #8441, .T. );
#5973 = ORIENTED_EDGE( '', *, *, #8442, .F. );
#5974 = ORIENTED_EDGE( '', *, *, #7618, .T. );
#5975 = ORIENTED_EDGE( '', *, *, #7898, .T. );
#5976 = ORIENTED_EDGE( '', *, *, #7639, .F. );
#5977 = ORIENTED_EDGE( '', *, *, #8165, .T. );
#5978 = ORIENTED_EDGE( '', *, *, #8443, .T. );
#5979 = CARTESIAN_POINT( '', ( 3.07499999999910, -9.50898398214210, 5.12428609281750 ) );
#5980 = DIRECTION( '', ( 1.00000000000000, 1.97742830032689E-027, 3.39997360467044E-014 ) );
#5981 = DIRECTION( '', ( 1.07619722060146E-042, 1.00000000000000, -5.81601074082032E-014 ) );
#5982 = SURFACE_STYLE_FILL_AREA( #8444 );
#5983 = ORIENTED_EDGE( '', *, *, #8445, .T. );
#5984 = ORIENTED_EDGE( '', *, *, #8446, .F. );
#5985 = ORIENTED_EDGE( '', *, *, #8447, .F. );
#5986 = ORIENTED_EDGE( '', *, *, #8285, .T. );
#5987 = CARTESIAN_POINT( '', ( -14.1000000000000, -10.1000000000000, 24.1573593128810 ) );
#5988 = DIRECTION( '', ( -1.00000000000000, 0.000000000000000, 0.000000000000000 ) );
#5989 = DIRECTION( '', ( 0.000000000000000, 0.000000000000000, 1.00000000000000 ) );
#5990 = SURFACE_STYLE_FILL_AREA( #8448 );
#5991 = ORIENTED_EDGE( '', *, *, #7971, .F. );
#5992 = ORIENTED_EDGE( '', *, *, #8386, .T. );
#5993 = ORIENTED_EDGE( '', *, *, #8449, .F. );
#5994 = ORIENTED_EDGE( '', *, *, #8083, .F. );
#5995 = CARTESIAN_POINT( '', ( -3.37500000000000, -22.6999999999990, 10.7000000000000 ) );
#5996 = DIRECTION( '', ( 1.00000000000000, 0.000000000000000, 0.000000000000000 ) );
#5997 = DIRECTION( '', ( 0.000000000000000, 1.00000000000000, 0.000000000000000 ) );
#5998 = SURFACE_STYLE_FILL_AREA( #8450 );
#5999 = ORIENTED_EDGE( '', *, *, #8451, .F. );
#6000 = ORIENTED_EDGE( '', *, *, #8421, .T. );
#6001 = ORIENTED_EDGE( '', *, *, #8452, .F. );
#6002 = ORIENTED_EDGE( '', *, *, #7545, .F. );
#6003 = CARTESIAN_POINT( '', ( 11.0000000000003, -10.1000000000000, 44.3080892972017 ) );
#6004 = DIRECTION( '', ( 2.60208521396555E-014, 1.00000000000000, 9.53222715848106E-015 ) );
#6005 = DIRECTION( '', ( 1.00000000000000, -2.60208521396555E-014, 0.000000000000000 ) );
#6006 = SURFACE_STYLE_FILL_AREA( #8453 );
#6007 = ORIENTED_EDGE( '', *, *, #7906, .F. );
#6008 = ORIENTED_EDGE( '', *, *, #8254, .T. );
#6009 = ORIENTED_EDGE( '', *, *, #8454, .F. );
#6010 = ORIENTED_EDGE( '', *, *, #8455, .F. );
#6011 = CARTESIAN_POINT( '', ( 8.90000066682700, -10.8999997766690, -17.0000000000000 ) );
#6012 = DIRECTION( '', ( -1.00000000000000, 0.000000000000000, 0.000000000000000 ) );
#6013 = DIRECTION( '', ( 0.000000000000000, 0.000000000000000, 1.00000000000000 ) );
#6014 = SURFACE_STYLE_FILL_AREA( #8456 );
#6015 = ORIENTED_EDGE( '', *, *, #8326, .F. );
#6016 = ORIENTED_EDGE( '', *, *, #8014, .T. );
#6017 = ORIENTED_EDGE( '', *, *, #7556, .T. );
#6018 = ORIENTED_EDGE( '', *, *, #8457, .F. );
#6019 = CARTESIAN_POINT( '', ( 6.66827209342805E-007, -16.5999997766688, -3.12000969696964E-015 ) );
#6020 = DIRECTION( '', ( -2.44327304591381E-016, -1.53180149363194E-022, 1.00000000000000 ) );
#6021 = DIRECTION( '', ( -1.00000000000000, 0.000000000000000, -2.44327304591381E-016 ) );
#6022 = SURFACE_STYLE_FILL_AREA( #8458 );
#6023 = ORIENTED_EDGE( '', *, *, #8045, .T. );
#6024 = ORIENTED_EDGE( '', *, *, #7915, .T. );
#6025 = ORIENTED_EDGE( '', *, *, #7658, .T. );
#6026 = ORIENTED_EDGE( '', *, *, #8459, .F. );
#6027 = ORIENTED_EDGE( '', *, *, #8237, .F. );
#6028 = CARTESIAN_POINT( '', ( -7.30000000000000, -22.6999999999990, 4.79999999999980 ) );
#6029 = DIRECTION( '', ( -0.707106781186688, 0.707106781186407, 0.000000000000000 ) );
#6030 = DIRECTION( '', ( 0.000000000000000, 0.000000000000000, 1.00000000000000 ) );
#6031 = SURFACE_STYLE_FILL_AREA( #8460 );
#6032 = ORIENTED_EDGE( '', *, *, #8133, .T. );
#6033 = ORIENTED_EDGE( '', *, *, #7669, .F. );
#6034 = ORIENTED_EDGE( '', *, *, #8461, .T. );
#6035 = ORIENTED_EDGE( '', *, *, #8462, .F. );
#6036 = ORIENTED_EDGE( '', *, *, #7763, .F. );
#6037 = ORIENTED_EDGE( '', *, *, #7644, .F. );
#6038 = CARTESIAN_POINT( '', ( 5.87499999999940, -21.9999999999990, 9.01803398874970 ) );
#6039 = DIRECTION( '', ( -1.00000000000000, 0.000000000000000, 9.36396624279589E-013 ) );
#6040 = DIRECTION( '', ( 0.000000000000000, 1.00000000000000, 0.000000000000000 ) );
#6041 = SURFACE_STYLE_FILL_AREA( #8463 );
#6042 = ORIENTED_EDGE( '', *, *, #8434, .F. );
#6043 = ORIENTED_EDGE( '', *, *, #8177, .F. );
#6044 = ORIENTED_EDGE( '', *, *, #8073, .F. );
#6045 = ORIENTED_EDGE( '', *, *, #7790, .F. );
#6046 = CARTESIAN_POINT( '', ( 0.787500117439800, -21.6356970578430, -14.0000000000000 ) );
#6047 = DIRECTION( '', ( 0.000000000000000, 0.000000000000000, 1.00000000000000 ) );
#6048 = DIRECTION( '', ( 1.00000000000000, 0.000000000000000, 0.000000000000000 ) );
#6049 = SURFACE_STYLE_FILL_AREA( #8464 );
#6050 = ORIENTED_EDGE( '', *, *, #8465, .T. );
#6051 = ORIENTED_EDGE( '', *, *, #8409, .F. );
#6052 = ORIENTED_EDGE( '', *, *, #8466, .F. );
#6053 = ORIENTED_EDGE( '', *, *, #8352, .F. );
#6054 = ORIENTED_EDGE( '', *, *, #8467, .T. );
#6055 = ORIENTED_EDGE( '', *, *, #8468, .T. );
#6056 = CARTESIAN_POINT( '', ( -4.87500000000013, -21.9999999999993, 7.99999999999968 ) );
#6057 = DIRECTION( '', ( 1.96601993944019E-013, -1.00000000000000, 1.33124992704114E-013 ) );
#6058 = DIRECTION( '', ( -1.00000000000000, -1.96601993944020E-013, 0.000000000000000 ) );
#6059 = SURFACE_STYLE_FILL_AREA( #8469 );
#6060 = ORIENTED_EDGE( '', *, *, #8470, .F. );
#6061 = ORIENTED_EDGE( '', *, *, #8010, .T. );
#6062 = ORIENTED_EDGE( '', *, *, #8234, .F. );
#6063 = ORIENTED_EDGE( '', *, *, #8471, .F. );
#6064 = CARTESIAN_POINT( '', ( -4.87499999999984, -22.7000000000004, 8.00000000000000 ) );
#6065 = DIRECTION( '', ( 6.67868538251127E-013, -1.00000000000000, 2.52430580102946E-013 ) );
#6066 = DIRECTION( '', ( -1.00000000000000, -6.67868538251127E-013, 0.000000000000000 ) );
#6067 = SURFACE_STYLE_FILL_AREA( #8472 );
#6068 = ORIENTED_EDGE( '', *, *, #8473, .F. );
#6069 = ORIENTED_EDGE( '', *, *, #8474, .T. );
#6070 = ORIENTED_EDGE( '', *, *, #8475, .F. );
#6071 = ORIENTED_EDGE( '', *, *, #8476, .T. );
#6072 = CARTESIAN_POINT( '', ( -5.19999933317300, -17.1360609997720, -17.0000000000000 ) );
#6073 = DIRECTION( '', ( 1.00000000000000, 0.000000000000000, 0.000000000000000 ) );
#6074 = DIRECTION( '', ( 0.000000000000000, 1.00000000000000, 0.000000000000000 ) );
#6075 = SURFACE_STYLE_FILL_AREA( #8477 );
#6076 = ORIENTED_EDGE( '', *, *, #8130, .T. );
#6077 = CARTESIAN_POINT( '', ( -5.94000000000000, -10.4709246874520, 50.4000000000000 ) );
#6078 = DIRECTION( '', ( 0.000000000000000, 0.000000000000000, -1.00000000000000 ) );
#6079 = DIRECTION( '', ( 0.000000000000000, -1.00000000000000, 0.000000000000000 ) );
#6080 = SURFACE_STYLE_FILL_AREA( #8478 );
#6081 = ORIENTED_EDGE( '', *, *, #8479, .F. );
#6082 = ORIENTED_EDGE( '', *, *, #8406, .F. );
#6083 = ORIENTED_EDGE( '', *, *, #8480, .T. );
#6084 = ORIENTED_EDGE( '', *, *, #7838, .T. );
#6085 = CARTESIAN_POINT( '', ( -5.87500000000050, -21.8999999999990, 10.2000000000000 ) );
#6086 = DIRECTION( '', ( 0.000000000000000, 0.000000000000000, 1.00000000000000 ) );
#6087 = DIRECTION( '', ( 1.00000000000000, 0.000000000000000, 0.000000000000000 ) );
#6088 = SURFACE_STYLE_FILL_AREA( #8481 );
#6089 = ORIENTED_EDGE( '', *, *, #8235, .F. );
#6090 = ORIENTED_EDGE( '', *, *, #8008, .F. );
#6091 = ORIENTED_EDGE( '', *, *, #8267, .T. );
#6092 = CARTESIAN_POINT( '', ( -7.53625000000000, -22.8600000000000, 4.79999999999980 ) );
#6093 = DIRECTION( '', ( 0.000000000000000, 0.000000000000000, 1.00000000000000 ) );
#6094 = DIRECTION( '', ( 1.00000000000000, 0.000000000000000, 0.000000000000000 ) );
#6095 = SURFACE_STYLE_FILL_AREA( #8482 );
#6096 = ORIENTED_EDGE( '', *, *, #7629, .T. );
#6097 = ORIENTED_EDGE( '', *, *, #7622, .T. );
#6098 = ORIENTED_EDGE( '', *, *, #8483, .F. );
#6099 = ORIENTED_EDGE( '', *, *, #8484, .T. );
#6100 = CARTESIAN_POINT( '', ( -9.74999979883459, -16.6000001573931, -16.2000000000000 ) );
#6101 = DIRECTION( '', ( -2.52302723184409E-015, 2.09117350528693E-014, 1.00000000000000 ) );
#6102 = DIRECTION( '', ( 0.000000000000000, -1.00000000000000, 2.09117350528693E-014 ) );
#6103 = SURFACE_STYLE_FILL_AREA( #8485 );
#6104 = ORIENTED_EDGE( '', *, *, #7980, .T. );
#6105 = ORIENTED_EDGE( '', *, *, #8317, .F. );
#6106 = ORIENTED_EDGE( '', *, *, #8417, .F. );
#6107 = ORIENTED_EDGE( '', *, *, #8486, .F. );
#6108 = ORIENTED_EDGE( '', *, *, #7509, .T. );
#6109 = ORIENTED_EDGE( '', *, *, #8401, .T. );
#6110 = CARTESIAN_POINT( '', ( -4.87500000000013, -21.9999999999993, 7.99999999999968 ) );
#6111 = DIRECTION( '', ( 1.96601993944019E-013, -1.00000000000000, 1.33124992704114E-013 ) );
#6112 = DIRECTION( '', ( -1.00000000000000, -1.96601993944020E-013, 0.000000000000000 ) );
#6113 = SURFACE_STYLE_FILL_AREA( #8487 );
#6114 = ORIENTED_EDGE( '', *, *, #7771, .F. );
#6115 = ORIENTED_EDGE( '', *, *, #8259, .T. );
#6116 = ORIENTED_EDGE( '', *, *, #7935, .T. );
#6117 = ORIENTED_EDGE( '', *, *, #7496, .T. );
#6118 = ORIENTED_EDGE( '', *, *, #8101, .F. );
#6119 = ORIENTED_EDGE( '', *, *, #8488, .F. );
#6120 = ORIENTED_EDGE( '', *, *, #7851, .F. );
#6121 = ORIENTED_EDGE( '', *, *, #8489, .F. );
#6122 = ORIENTED_EDGE( '', *, *, #8490, .F. );
#6123 = ORIENTED_EDGE( '', *, *, #7677, .F. );
#6124 = ORIENTED_EDGE( '', *, *, #7501, .F. );
#6125 = ORIENTED_EDGE( '', *, *, #8491, .F. );
#6126 = ORIENTED_EDGE( '', *, *, #8397, .F. );
#6127 = ORIENTED_EDGE( '', *, *, #8492, .F. );
#6128 = ORIENTED_EDGE( '', *, *, #8003, .T. );
#6129 = ORIENTED_EDGE( '', *, *, #8493, .F. );
#6130 = ORIENTED_EDGE( '', *, *, #8436, .T. );
#6131 = ORIENTED_EDGE( '', *, *, #8260, .T. );
#6132 = ORIENTED_EDGE( '', *, *, #7845, .F. );
#6133 = ORIENTED_EDGE( '', *, *, #8494, .T. );
#6134 = CARTESIAN_POINT( '', ( -4.77749900892370, -9.78500015437600, -15.5000000000000 ) );
#6135 = DIRECTION( '', ( 0.000000000000000, 0.000000000000000, 1.00000000000000 ) );
#6136 = DIRECTION( '', ( 1.00000000000000, 0.000000000000000, 0.000000000000000 ) );
#6137 = SURFACE_STYLE_FILL_AREA( #8495 );
#6138 = ORIENTED_EDGE( '', *, *, #7637, .T. );
#6139 = ORIENTED_EDGE( '', *, *, #8496, .F. );
#6140 = ORIENTED_EDGE( '', *, *, #8228, .F. );
#6141 = ORIENTED_EDGE( '', *, *, #8497, .F. );
#6142 = ORIENTED_EDGE( '', *, *, #8163, .T. );
#6143 = CARTESIAN_POINT( '', ( 2.87500000000000, -22.6999999999990, 7.99999999999980 ) );
#6144 = DIRECTION( '', ( 1.00000000000000, 0.000000000000000, 0.000000000000000 ) );
#6145 = DIRECTION( '', ( 0.000000000000000, 1.00000000000000, 0.000000000000000 ) );
#6146 = SURFACE_STYLE_FILL_AREA( #8498 );
#6147 = ORIENTED_EDGE( '', *, *, #8299, .T. );
#6148 = ORIENTED_EDGE( '', *, *, #8069, .F. );
#6149 = ORIENTED_EDGE( '', *, *, #7947, .T. );
#6150 = ORIENTED_EDGE( '', *, *, #8499, .F. );
#6151 = CARTESIAN_POINT( '', ( 5.30000020116570, -17.1000001573940, -4.33680900000000E-015 ) );
#6152 = DIRECTION( '', ( -1.00000000000000, 0.000000000000000, 0.000000000000000 ) );
#6153 = DIRECTION( '', ( 0.000000000000000, 0.000000000000000, 1.00000000000000 ) );
#6154 = SURFACE_STYLE_FILL_AREA( #8500 );
#6155 = ORIENTED_EDGE( '', *, *, #8501, .T. );
#6156 = ORIENTED_EDGE( '', *, *, #7944, .T. );
#6157 = ORIENTED_EDGE( '', *, *, #8502, .T. );
#6158 = ORIENTED_EDGE( '', *, *, #8286, .T. );
#6159 = ORIENTED_EDGE( '', *, *, #8447, .T. );
#6160 = ORIENTED_EDGE( '', *, *, #8503, .T. );
#6161 = ORIENTED_EDGE( '', *, *, #8504, .T. );
#6162 = ORIENTED_EDGE( '', *, *, #7691, .F. );
#6163 = ORIENTED_EDGE( '', *, *, #8505, .F. );
#6164 = ORIENTED_EDGE( '', *, *, #7588, .F. );
#6165 = ORIENTED_EDGE( '', *, *, #7707, .T. );
#6166 = ORIENTED_EDGE( '', *, *, #7893, .F. );
#6167 = ORIENTED_EDGE( '', *, *, #8376, .T. );
#6168 = ORIENTED_EDGE( '', *, *, #8138, .T. );
#6169 = ORIENTED_EDGE( '', *, *, #8506, .T. );
#6170 = ORIENTED_EDGE( '', *, *, #7795, .T. );
#6171 = ORIENTED_EDGE( '', *, *, #8147, .T. );
#6172 = ORIENTED_EDGE( '', *, *, #8507, .T. );
#6173 = ORIENTED_EDGE( '', *, *, #7546, .T. );
#6174 = ORIENTED_EDGE( '', *, *, #8452, .T. );
#6175 = ORIENTED_EDGE( '', *, *, #8420, .T. );
#6176 = ORIENTED_EDGE( '', *, *, #8077, .T. );
#6177 = ORIENTED_EDGE( '', *, *, #7883, .T. );
#6178 = ORIENTED_EDGE( '', *, *, #7486, .T. );
#6179 = ORIENTED_EDGE( '', *, *, #8508, .T. );
#6180 = ORIENTED_EDGE( '', *, *, #7481, .T. );
#6181 = ORIENTED_EDGE( '', *, *, #7873, .T. );
#6182 = ORIENTED_EDGE( '', *, *, #8208, .T. );
#6183 = ORIENTED_EDGE( '', *, *, #8432, .T. );
#6184 = ORIENTED_EDGE( '', *, *, #7583, .T. );
#6185 = ORIENTED_EDGE( '', *, *, #8509, .T. );
#6186 = ORIENTED_EDGE( '', *, *, #8061, .T. );
#6187 = ORIENTED_EDGE( '', *, *, #8170, .T. );
#6188 = ORIENTED_EDGE( '', *, *, #8379, .T. );
#6189 = CARTESIAN_POINT( '', ( -14.5525002688170, -10.1000000000000, 53.8099998235700 ) );
#6190 = DIRECTION( '', ( -0.000000000000000, 1.00000000000000, 0.000000000000000 ) );
#6191 = DIRECTION( '', ( 1.00000000000000, 0.000000000000000, 0.000000000000000 ) );
#6192 = SURFACE_STYLE_FILL_AREA( #8510 );
#6193 = ORIENTED_EDGE( '', *, *, #8327, .T. );
#6194 = ORIENTED_EDGE( '', *, *, #8457, .T. );
#6195 = ORIENTED_EDGE( '', *, *, #7555, .T. );
#6196 = ORIENTED_EDGE( '', *, *, #8511, .F. );
#6197 = CARTESIAN_POINT( '', ( 6.66827034000000E-007, -10.0999997766690, -3.12000900000000E-015 ) );
#6198 = DIRECTION( '', ( 1.00000000000000, 5.53633211476725E-032, 1.30266637227893E-047 ) );
#6199 = DIRECTION( '', ( 2.18777880862306E-062, -2.35294116262333E-016, 1.00000000000000 ) );
#6200 = SURFACE_STYLE_FILL_AREA( #8512 );
#6201 = ORIENTED_EDGE( '', *, *, #8513, .F. );
#6202 = ORIENTED_EDGE( '', *, *, #8340, .F. );
#6203 = ORIENTED_EDGE( '', *, *, #7814, .F. );
#6204 = ORIENTED_EDGE( '', *, *, #7832, .T. );
#6205 = CARTESIAN_POINT( '', ( 9.75000066682604, -16.5999997766699, -7.37818550389196E-016 ) );
#6206 = DIRECTION( '', ( -2.44327228255456E-016, -5.60515828498946E-024, 1.00000000000000 ) );
#6207 = DIRECTION( '', ( -1.00000000000000, 0.000000000000000, -2.44327228255456E-016 ) );
#6208 = SURFACE_STYLE_FILL_AREA( #8514 );
#6209 = ORIENTED_EDGE( '', *, *, #7700, .F. );
#6210 = ORIENTED_EDGE( '', *, *, #8314, .F. );
#6211 = ORIENTED_EDGE( '', *, *, #7978, .T. );
#6212 = ORIENTED_EDGE( '', *, *, #8515, .T. );
#6213 = CARTESIAN_POINT( '', ( -5.87500000000050, -21.8999999999990, 10.2000000000000 ) );
#6214 = DIRECTION( '', ( 0.000000000000000, 0.000000000000000, 1.00000000000000 ) );
#6215 = DIRECTION( '', ( 1.00000000000000, 0.000000000000000, 0.000000000000000 ) );
#6216 = SURFACE_STYLE_FILL_AREA( #8516 );
#6217 = ORIENTED_EDGE( '', *, *, #8219, .T. );
#6218 = ORIENTED_EDGE( '', *, *, #8517, .F. );
#6219 = ORIENTED_EDGE( '', *, *, #8518, .F. );
#6220 = ORIENTED_EDGE( '', *, *, #8519, .T. );
#6221 = CARTESIAN_POINT( '', ( -11.0000000000003, -10.1000000000000, 44.3080892972017 ) );
#6222 = DIRECTION( '', ( -2.60208521396555E-014, 1.00000000000000, 9.53222715848106E-015 ) );
#6223 = DIRECTION( '', ( 1.00000000000000, 2.60208521396555E-014, 0.000000000000000 ) );
#6224 = SURFACE_STYLE_FILL_AREA( #8520 );
#6225 = ORIENTED_EDGE( '', *, *, #8521, .F. );
#6226 = ORIENTED_EDGE( '', *, *, #8522, .F. );
#6227 = ORIENTED_EDGE( '', *, *, #7876, .F. );
#6228 = ORIENTED_EDGE( '', *, *, #8523, .T. );
#6229 = CARTESIAN_POINT( '', ( -9.74999933317414, -16.5999997766695, -5.50220007514542E-015 ) );
#6230 = DIRECTION( '', ( -2.44327192208637E-016, -4.90536882994111E-023, 1.00000000000000 ) );
#6231 = DIRECTION( '', ( -1.00000000000000, 0.000000000000000, -2.44327192208637E-016 ) );
#6232 = SURFACE_STYLE_FILL_AREA( #8524 );
#6233 = ORIENTED_EDGE( '', *, *, #8033, .T. );
#6234 = ORIENTED_EDGE( '', *, *, #8525, .T. );
#6235 = ORIENTED_EDGE( '', *, *, #8526, .F. );
#6236 = ORIENTED_EDGE( '', *, *, #8390, .F. );
#6237 = ORIENTED_EDGE( '', *, *, #8527, .T. );
#6238 = ORIENTED_EDGE( '', *, *, #7571, .T. );
#6239 = CARTESIAN_POINT( '', ( 4.87500000000000, -21.9999999999985, 7.99999999999977 ) );
#6240 = DIRECTION( '', ( -3.63135447637819E-013, -1.00000000000000, 2.45769217299778E-013 ) );
#6241 = DIRECTION( '', ( -1.00000000000000, 3.63135447637819E-013, 0.000000000000000 ) );
#6242 = SURFACE_STYLE_FILL_AREA( #8528 );
#6243 = ORIENTED_EDGE( '', *, *, #7762, .T. );
#6244 = ORIENTED_EDGE( '', *, *, #8201, .T. );
#6245 = ORIENTED_EDGE( '', *, *, #7895, .F. );
#6246 = ORIENTED_EDGE( '', *, *, #7646, .T. );
#6247 = CARTESIAN_POINT( '', ( 6.37500000000000, -21.8999999999990, 4.79999999999980 ) );
#6248 = DIRECTION( '', ( -1.00000000000000, 0.000000000000000, 0.000000000000000 ) );
#6249 = DIRECTION( '', ( 0.000000000000000, 0.000000000000000, 1.00000000000000 ) );
#6250 = SURFACE_STYLE_FILL_AREA( #8529 );
#6251 = ORIENTED_EDGE( '', *, *, #7926, .F. );
#6252 = ORIENTED_EDGE( '', *, *, #8004, .F. );
#6253 = ORIENTED_EDGE( '', *, *, #8492, .T. );
#6254 = ORIENTED_EDGE( '', *, *, #8396, .F. );
#6255 = ORIENTED_EDGE( '', *, *, #8530, .F. );
#6256 = ORIENTED_EDGE( '', *, *, #8531, .F. );
#6257 = ORIENTED_EDGE( '', *, *, #7550, .F. );
#6258 = ORIENTED_EDGE( '', *, *, #8532, .F. );
#6259 = CARTESIAN_POINT( '', ( -4.54999933317290, -15.2499997766690, -17.1000000000000 ) );
#6260 = DIRECTION( '', ( -1.00000000000000, 0.000000000000000, -5.84964893061947E-015 ) );
#6261 = DIRECTION( '', ( -5.84964893061947E-015, 0.000000000000000, 1.00000000000000 ) );
#6262 = SURFACE_STYLE_FILL_AREA( #8533 );
#6263 = ORIENTED_EDGE( '', *, *, #8534, .F. );
#6264 = ORIENTED_EDGE( '', *, *, #8471, .T. );
#6265 = ORIENTED_EDGE( '', *, *, #8240, .F. );
#6266 = ORIENTED_EDGE( '', *, *, #8535, .F. );
#6267 = CARTESIAN_POINT( '', ( -3.37500000000000, -22.6999999999990, 10.7000000000000 ) );
#6268 = DIRECTION( '', ( 1.00000000000000, 0.000000000000000, 0.000000000000000 ) );
#6269 = DIRECTION( '', ( 0.000000000000000, 1.00000000000000, 0.000000000000000 ) );
#6270 = SURFACE_STYLE_FILL_AREA( #8536 );
#6271 = ORIENTED_EDGE( '', *, *, #8537, .F. );
#6272 = ORIENTED_EDGE( '', *, *, #8054, .F. );
#6273 = ORIENTED_EDGE( '', *, *, #8538, .T. );
#6274 = ORIENTED_EDGE( '', *, *, #8350, .T. );
#6275 = CARTESIAN_POINT( '', ( -3.87500000000000, -20.0999999999990, 6.34999999999980 ) );
#6276 = DIRECTION( '', ( 0.000000000000000, 0.000000000000000, -1.00000000000000 ) );
#6277 = DIRECTION( '', ( 0.000000000000000, -1.00000000000000, 0.000000000000000 ) );
#6278 = SURFACE_STYLE_FILL_AREA( #8539 );
#6279 = ORIENTED_EDGE( '', *, *, #8225, .F. );
#6280 = ORIENTED_EDGE( '', *, *, #8540, .F. );
#6281 = ORIENTED_EDGE( '', *, *, #8361, .F. );
#6282 = ORIENTED_EDGE( '', *, *, #8541, .F. );
#6283 = CARTESIAN_POINT( '', ( 7.53625000000000, -19.3399999999990, 2.79999999999980 ) );
#6284 = DIRECTION( '', ( 0.000000000000000, 0.000000000000000, 1.00000000000000 ) );
#6285 = DIRECTION( '', ( 1.00000000000000, 0.000000000000000, 0.000000000000000 ) );
#6286 = SURFACE_STYLE_FILL_AREA( #8542 );
#6287 = ORIENTED_EDGE( '', *, *, #8479, .T. );
#6288 = ORIENTED_EDGE( '', *, *, #7843, .F. );
#6289 = ORIENTED_EDGE( '', *, *, #8143, .T. );
#6290 = ORIENTED_EDGE( '', *, *, #8407, .T. );
#6291 = CARTESIAN_POINT( '', ( -3.30000017971580, -20.0999999999990, 10.3349997770120 ) );
#6292 = DIRECTION( '', ( -0.000000000000000, 1.00000000000000, 0.000000000000000 ) );
#6293 = DIRECTION( '', ( 1.00000000000000, 0.000000000000000, 0.000000000000000 ) );
#6294 = SURFACE_STYLE_FILL_AREA( #8543 );
#6295 = ORIENTED_EDGE( '', *, *, #8289, .T. );
#6296 = ORIENTED_EDGE( '', *, *, #7862, .F. );
#6297 = ORIENTED_EDGE( '', *, *, #8544, .T. );
#6298 = ORIENTED_EDGE( '', *, *, #7786, .F. );
#6299 = ORIENTED_EDGE( '', *, *, #8292, .T. );
#6300 = ORIENTED_EDGE( '', *, *, #8245, .T. );
#6301 = ORIENTED_EDGE( '', *, *, #8545, .T. );
#6302 = ORIENTED_EDGE( '', *, *, #8546, .T. );
#6303 = CARTESIAN_POINT( '', ( -3.14999979883430, -18.5439090488530, 0.0999999999999960 ) );
#6304 = DIRECTION( '', ( -1.00000000000000, 0.000000000000000, 0.000000000000000 ) );
#6305 = DIRECTION( '', ( 0.000000000000000, 0.000000000000000, 1.00000000000000 ) );
#6306 = SURFACE_STYLE_FILL_AREA( #8547 );
#6307 = ORIENTED_EDGE( '', *, *, #8227, .F. );
#6308 = ORIENTED_EDGE( '', *, *, #8548, .F. );
#6309 = ORIENTED_EDGE( '', *, *, #8497, .T. );
#6310 = CARTESIAN_POINT( '', ( 7.53625000000000, -22.8600000000000, 4.79999999999980 ) );
#6311 = DIRECTION( '', ( 0.000000000000000, 0.000000000000000, -1.00000000000000 ) );
#6312 = DIRECTION( '', ( 0.000000000000000, -1.00000000000000, 0.000000000000000 ) );
#6313 = SURFACE_STYLE_FILL_AREA( #8549 );
#6314 = ORIENTED_EDGE( '', *, *, #8310, .F. );
#6315 = ORIENTED_EDGE( '', *, *, #8550, .T. );
#6316 = ORIENTED_EDGE( '', *, *, #8483, .T. );
#6317 = ORIENTED_EDGE( '', *, *, #8551, .T. );
#6318 = CARTESIAN_POINT( '', ( -9.74999979883438, -16.6000001573932, -4.33680900000000E-015 ) );
#6319 = DIRECTION( '', ( -0.000000000000000, -0.000000000000000, 1.00000000000000 ) );
#6320 = DIRECTION( '', ( -1.00000000000000, 0.000000000000000, 0.000000000000000 ) );
#6321 = SURFACE_STYLE_FILL_AREA( #8552 );
#6322 = ORIENTED_EDGE( '', *, *, #8303, .F. );
#6323 = ORIENTED_EDGE( '', *, *, #8128, .T. );
#6324 = ORIENTED_EDGE( '', *, *, #8369, .T. );
#6325 = ORIENTED_EDGE( '', *, *, #8553, .T. );
#6326 = CARTESIAN_POINT( '', ( 10.5000002011660, -11.1000001573940, -4.33680900000000E-015 ) );
#6327 = DIRECTION( '', ( 1.00000000000000, 0.000000000000000, 0.000000000000000 ) );
#6328 = DIRECTION( '', ( 0.000000000000000, 1.00000000000000, 0.000000000000000 ) );
#6329 = SURFACE_STYLE_FILL_AREA( #8554 );
#6330 = ORIENTED_EDGE( '', *, *, #7924, .F. );
#6331 = ORIENTED_EDGE( '', *, *, #8437, .T. );
#6332 = ORIENTED_EDGE( '', *, *, #8493, .T. );
#6333 = ORIENTED_EDGE( '', *, *, #8002, .T. );
#6334 = CARTESIAN_POINT( '', ( -3.24999933317300, -17.1360609997720, -17.0000000000000 ) );
#6335 = DIRECTION( '', ( -1.00000000000000, 0.000000000000000, 0.000000000000000 ) );
#6336 = DIRECTION( '', ( 0.000000000000000, 0.000000000000000, 1.00000000000000 ) );
#6337 = SURFACE_STYLE_FILL_AREA( #8555 );
#6338 = ORIENTED_EDGE( '', *, *, #8556, .F. );
#6339 = ORIENTED_EDGE( '', *, *, #8398, .T. );
#6340 = ORIENTED_EDGE( '', *, *, #8491, .T. );
#6341 = ORIENTED_EDGE( '', *, *, #7500, .T. );
#6342 = ORIENTED_EDGE( '', *, *, #8199, .T. );
#6343 = ORIENTED_EDGE( '', *, *, #8557, .T. );
#6344 = ORIENTED_EDGE( '', *, *, #8489, .T. );
#6345 = ORIENTED_EDGE( '', *, *, #7850, .F. );
#6346 = CARTESIAN_POINT( '', ( 6.66827887408082E-007, -16.5999997766687, 0.0999999999999906 ) );
#6347 = DIRECTION( '', ( -8.20609803414678E-016, -1.74931850522194E-014, 1.00000000000000 ) );
#6348 = DIRECTION( '', ( 0.000000000000000, 1.00000000000000, 1.74931850522194E-014 ) );
#6349 = SURFACE_STYLE_FILL_AREA( #8558 );
#6350 = ORIENTED_EDGE( '', *, *, #8521, .T. );
#6351 = ORIENTED_EDGE( '', *, *, #8559, .F. );
#6352 = ORIENTED_EDGE( '', *, *, #8530, .T. );
#6353 = ORIENTED_EDGE( '', *, *, #8395, .F. );
#6354 = ORIENTED_EDGE( '', *, *, #8560, .T. );
#6355 = ORIENTED_EDGE( '', *, *, #7611, .F. );
#6356 = ORIENTED_EDGE( '', *, *, #8017, .T. );
#6357 = ORIENTED_EDGE( '', *, *, #8561, .F. );
#6358 = ORIENTED_EDGE( '', *, *, #8562, .F. );
#6359 = ORIENTED_EDGE( '', *, *, #8563, .T. );
#6360 = ORIENTED_EDGE( '', *, *, #8564, .T. );
#6361 = ORIENTED_EDGE( '', *, *, #8475, .T. );
#6362 = ORIENTED_EDGE( '', *, *, #8565, .T. );
#6363 = ORIENTED_EDGE( '', *, *, #8119, .T. );
#6364 = ORIENTED_EDGE( '', *, *, #8566, .T. );
#6365 = ORIENTED_EDGE( '', *, *, #8567, .T. );
#6366 = ORIENTED_EDGE( '', *, *, #7888, .T. );
#6367 = ORIENTED_EDGE( '', *, *, #8568, .T. );
#6368 = ORIENTED_EDGE( '', *, *, #8110, .T. );
#6369 = ORIENTED_EDGE( '', *, *, #8048, .T. );
#6370 = ORIENTED_EDGE( '', *, *, #7469, .T. );
#6371 = ORIENTED_EDGE( '', *, *, #7858, .T. );
#6372 = CARTESIAN_POINT( '', ( 14.8049993440510, -9.78500015437600, -17.0000000000000 ) );
#6373 = DIRECTION( '', ( 0.000000000000000, 0.000000000000000, -1.00000000000000 ) );
#6374 = DIRECTION( '', ( 0.000000000000000, -1.00000000000000, 0.000000000000000 ) );
#6375 = SURFACE_STYLE_FILL_AREA( #8569 );
#6376 = ORIENTED_EDGE( '', *, *, #8515, .F. );
#6377 = ORIENTED_EDGE( '', *, *, #7977, .T. );
#6378 = ORIENTED_EDGE( '', *, *, #8570, .T. );
#6379 = ORIENTED_EDGE( '', *, *, #8413, .T. );
#6380 = ORIENTED_EDGE( '', *, *, #8571, .F. );
#6381 = ORIENTED_EDGE( '', *, *, #7701, .T. );
#6382 = CARTESIAN_POINT( '', ( -5.87499999999940, -21.9999999999990, 9.01803398874970 ) );
#6383 = DIRECTION( '', ( -1.00000000000000, 0.000000000000000, -9.36396624279589E-013 ) );
#6384 = DIRECTION( '', ( -9.36396624279589E-013, 0.000000000000000, 1.00000000000000 ) );
#6385 = SURFACE_STYLE_FILL_AREA( #8572 );
#6386 = ORIENTED_EDGE( '', *, *, #8573, .F. );
#6387 = ORIENTED_EDGE( '', *, *, #8445, .F. );
#6388 = ORIENTED_EDGE( '', *, *, #8284, .F. );
#6389 = ORIENTED_EDGE( '', *, *, #8574, .T. );
#6390 = ORIENTED_EDGE( '', *, *, #7942, .T. );
#6391 = ORIENTED_EDGE( '', *, *, #8575, .T. );
#6392 = ORIENTED_EDGE( '', *, *, #7479, .T. );
#6393 = ORIENTED_EDGE( '', *, *, #8576, .T. );
#6394 = ORIENTED_EDGE( '', *, *, #7484, .T. );
#6395 = ORIENTED_EDGE( '', *, *, #7882, .T. );
#6396 = ORIENTED_EDGE( '', *, *, #8076, .T. );
#6397 = ORIENTED_EDGE( '', *, *, #8419, .T. );
#6398 = ORIENTED_EDGE( '', *, *, #8451, .T. );
#6399 = ORIENTED_EDGE( '', *, *, #7544, .T. );
#6400 = ORIENTED_EDGE( '', *, *, #8577, .T. );
#6401 = ORIENTED_EDGE( '', *, *, #8145, .F. );
#6402 = ORIENTED_EDGE( '', *, *, #7793, .F. );
#6403 = ORIENTED_EDGE( '', *, *, #8578, .F. );
#6404 = ORIENTED_EDGE( '', *, *, #8136, .F. );
#6405 = ORIENTED_EDGE( '', *, *, #8375, .F. );
#6406 = ORIENTED_EDGE( '', *, *, #7891, .T. );
#6407 = ORIENTED_EDGE( '', *, *, #7705, .F. );
#6408 = ORIENTED_EDGE( '', *, *, #7586, .T. );
#6409 = ORIENTED_EDGE( '', *, *, #8579, .F. );
#6410 = ORIENTED_EDGE( '', *, *, #7689, .T. );
#6411 = ORIENTED_EDGE( '', *, *, #8580, .F. );
#6412 = ORIENTED_EDGE( '', *, *, #8385, .T. );
#6413 = ORIENTED_EDGE( '', *, *, #8581, .T. );
#6414 = ORIENTED_EDGE( '', *, *, #8582, .T. );
#6415 = ORIENTED_EDGE( '', *, *, #7529, .T. );
#6416 = ORIENTED_EDGE( '', *, *, #8583, .T. );
#6417 = ORIENTED_EDGE( '', *, *, #7769, .T. );
#6418 = ORIENTED_EDGE( '', *, *, #8347, .T. );
#6419 = ORIENTED_EDGE( '', *, *, #8035, .T. );
#6420 = ORIENTED_EDGE( '', *, *, #7823, .T. );
#6421 = ORIENTED_EDGE( '', *, *, #7959, .T. );
#6422 = ORIENTED_EDGE( '', *, *, #8084, .T. );
#6423 = ORIENTED_EDGE( '', *, *, #8449, .T. );
#6424 = ORIENTED_EDGE( '', *, *, #7952, .T. );
#6425 = ORIENTED_EDGE( '', *, *, #8584, .F. );
#6426 = ORIENTED_EDGE( '', *, *, #8423, .T. );
#6427 = ORIENTED_EDGE( '', *, *, #8585, .T. );
#6428 = ORIENTED_EDGE( '', *, *, #7869, .T. );
#6429 = ORIENTED_EDGE( '', *, *, #8275, .T. );
#6430 = ORIENTED_EDGE( '', *, *, #8586, .T. );
#6431 = ORIENTED_EDGE( '', *, *, #8355, .T. );
#6432 = ORIENTED_EDGE( '', *, *, #8186, .T. );
#6433 = ORIENTED_EDGE( '', *, *, #8587, .T. );
#6434 = ORIENTED_EDGE( '', *, *, #8588, .T. );
#6435 = ORIENTED_EDGE( '', *, *, #8589, .F. );
#6436 = CARTESIAN_POINT( '', ( 14.5525002688170, -22.7000000000000, -1.40999909937380 ) );
#6437 = DIRECTION( '', ( 0.000000000000000, -1.00000000000000, 0.000000000000000 ) );
#6438 = DIRECTION( '', ( 0.000000000000000, 0.000000000000000, -1.00000000000000 ) );
#6439 = SURFACE_STYLE_FILL_AREA( #8590 );
#6440 = ORIENTED_EDGE( '', *, *, #7457, .F. );
#6441 = ORIENTED_EDGE( '', *, *, #8591, .F. );
#6442 = SURFACE_STYLE_FILL_AREA( #8592 );
#6443 = ORIENTED_EDGE( '', *, *, #8593, .T. );
#6444 = ORIENTED_EDGE( '', *, *, #8594, .T. );
#6445 = ORIENTED_EDGE( '', *, *, #8052, .F. );
#6446 = ORIENTED_EDGE( '', *, *, #8595, .F. );
#6447 = ORIENTED_EDGE( '', *, *, #7840, .F. );
#6448 = ORIENTED_EDGE( '', *, *, #8596, .F. );
#6449 = CARTESIAN_POINT( '', ( -4.87500000000000, -21.9999999999985, 7.99999999999977 ) );
#6450 = DIRECTION( '', ( 3.63135447637819E-013, -1.00000000000000, 2.45769217299778E-013 ) );
#6451 = DIRECTION( '', ( -1.00000000000000, -3.63135447637819E-013, 0.000000000000000 ) );
#6452 = SURFACE_STYLE_FILL_AREA( #8597 );
#6453 = ORIENTED_EDGE( '', *, *, #8408, .F. );
#6454 = ORIENTED_EDGE( '', *, *, #8141, .F. );
#6455 = ORIENTED_EDGE( '', *, *, #7841, .F. );
#6456 = ORIENTED_EDGE( '', *, *, #8595, .T. );
#6457 = ORIENTED_EDGE( '', *, *, #8051, .T. );
#6458 = ORIENTED_EDGE( '', *, *, #8537, .T. );
#6459 = ORIENTED_EDGE( '', *, *, #8349, .T. );
#6460 = ORIENTED_EDGE( '', *, *, #8466, .T. );
#6461 = CARTESIAN_POINT( '', ( -6.44999991566870, -19.4999999999990, 6.26750008031480 ) );
#6462 = DIRECTION( '', ( -0.000000000000000, 1.00000000000000, 0.000000000000000 ) );
#6463 = DIRECTION( '', ( 1.00000000000000, 0.000000000000000, 0.000000000000000 ) );
#6464 = SURFACE_STYLE_FILL_AREA( #8598 );
#6465 = ORIENTED_EDGE( '', *, *, #8218, .T. );
#6466 = ORIENTED_EDGE( '', *, *, #7594, .F. );
#6467 = ORIENTED_EDGE( '', *, *, #8599, .F. );
#6468 = ORIENTED_EDGE( '', *, *, #8517, .T. );
#6469 = CARTESIAN_POINT( '', ( -9.02551293665100, -10.1000000000000, 51.3283628290600 ) );
#6470 = DIRECTION( '', ( -0.766044443118999, 0.000000000000000, 0.642787609686514 ) );
#6471 = DIRECTION( '', ( 0.000000000000000, 1.00000000000000, 0.000000000000000 ) );
#6472 = SURFACE_STYLE_FILL_AREA( #8600 );
#6473 = ORIENTED_EDGE( '', *, *, #8577, .F. );
#6474 = ORIENTED_EDGE( '', *, *, #7547, .T. );
#6475 = ORIENTED_EDGE( '', *, *, #8507, .F. );
#6476 = ORIENTED_EDGE( '', *, *, #8146, .F. );
#6477 = CARTESIAN_POINT( '', ( 6.72737960729300, -10.1000000000003, 49.3999999999980 ) );
#6478 = DIRECTION( '', ( -5.08417288252097E-014, 1.00000000000000, -1.09287578986459E-013 ) );
#6479 = DIRECTION( '', ( 0.000000000000000, -1.09287578986459E-013, -1.00000000000000 ) );
#6480 = SURFACE_STYLE_FILL_AREA( #8601 );
#6481 = ORIENTED_EDGE( '', *, *, #8248, .F. );
#6482 = ORIENTED_EDGE( '', *, *, #8544, .F. );
#6483 = ORIENTED_EDGE( '', *, *, #8429, .F. );
#6484 = ORIENTED_EDGE( '', *, *, #7697, .T. );
#6485 = CARTESIAN_POINT( '', ( -2.68811958348260, -14.7560912659340, -15.5000000000000 ) );
#6486 = DIRECTION( '', ( -0.866025403784439, 0.000000000000000, -0.500000000000000 ) );
#6487 = DIRECTION( '', ( -0.500000000000000, 0.000000000000000, 0.866025403784439 ) );
#6488 = SURFACE_STYLE_FILL_AREA( #8602 );
#6489 = ORIENTED_EDGE( '', *, *, #8264, .T. );
#6490 = ORIENTED_EDGE( '', *, *, #8271, .F. );
#6491 = ORIENTED_EDGE( '', *, *, #7682, .F. );
#6492 = ORIENTED_EDGE( '', *, *, #8391, .F. );
#6493 = ORIENTED_EDGE( '', *, *, #8526, .T. );
#6494 = ORIENTED_EDGE( '', *, *, #8603, .T. );
#6495 = ORIENTED_EDGE( '', *, *, #8372, .T. );
#6496 = ORIENTED_EDGE( '', *, *, #7541, .T. );
#6497 = CARTESIAN_POINT( '', ( 3.30000017971580, -20.0999999999990, 10.3349997770120 ) );
#6498 = DIRECTION( '', ( 0.000000000000000, -1.00000000000000, 0.000000000000000 ) );
#6499 = DIRECTION( '', ( 0.000000000000000, 0.000000000000000, -1.00000000000000 ) );
#6500 = SURFACE_STYLE_FILL_AREA( #8604 );
#6501 = ORIENTED_EDGE( '', *, *, #7928, .F. );
#6502 = ORIENTED_EDGE( '', *, *, #8605, .T. );
#6503 = ORIENTED_EDGE( '', *, *, #7565, .F. );
#6504 = ORIENTED_EDGE( '', *, *, #8189, .T. );
#6505 = CARTESIAN_POINT( '', ( -3.24999933317300, -14.7291710832630, -17.0000000000000 ) );
#6506 = DIRECTION( '', ( -1.00000000000000, 0.000000000000000, 0.000000000000000 ) );
#6507 = DIRECTION( '', ( 0.000000000000000, 0.000000000000000, 1.00000000000000 ) );
#6508 = SURFACE_STYLE_FILL_AREA( #8606 );
#6509 = ORIENTED_EDGE( '', *, *, #8311, .T. );
#6510 = ORIENTED_EDGE( '', *, *, #8551, .F. );
#6511 = ORIENTED_EDGE( '', *, *, #7625, .T. );
#6512 = ORIENTED_EDGE( '', *, *, #8331, .F. );
#6513 = ORIENTED_EDGE( '', *, *, #8306, .T. );
#6514 = ORIENTED_EDGE( '', *, *, #8607, .T. );
#6515 = ORIENTED_EDGE( '', *, *, #8608, .T. );
#6516 = ORIENTED_EDGE( '', *, *, #8159, .T. );
#6517 = CARTESIAN_POINT( '', ( -6.59999979883430, -14.6560912659250, 0.0999999999999960 ) );
#6518 = DIRECTION( '', ( 1.00000000000000, 0.000000000000000, 0.000000000000000 ) );
#6519 = DIRECTION( '', ( 0.000000000000000, 1.00000000000000, 0.000000000000000 ) );
#6520 = SURFACE_STYLE_FILL_AREA( #8609 );
#6521 = ORIENTED_EDGE( '', *, *, #7997, .T. );
#6522 = ORIENTED_EDGE( '', *, *, #8610, .F. );
#6523 = ORIENTED_EDGE( '', *, *, #8587, .F. );
#6524 = ORIENTED_EDGE( '', *, *, #8185, .T. );
#6525 = ORIENTED_EDGE( '', *, *, #8611, .T. );
#6526 = CARTESIAN_POINT( '', ( 6.87500000000000, -22.6999999999990, 4.79999999999980 ) );
#6527 = DIRECTION( '', ( -1.00000000000000, 0.000000000000000, 0.000000000000000 ) );
#6528 = DIRECTION( '', ( 0.000000000000000, 0.000000000000000, 1.00000000000000 ) );
#6529 = SURFACE_STYLE_FILL_AREA( #8612 );
#6530 = ORIENTED_EDGE( '', *, *, #7953, .T. );
#6531 = ORIENTED_EDGE( '', *, *, #8589, .T. );
#6532 = ORIENTED_EDGE( '', *, *, #8613, .T. );
#6533 = ORIENTED_EDGE( '', *, *, #8000, .F. );
#6534 = ORIENTED_EDGE( '', *, *, #8381, .F. );
#6535 = CARTESIAN_POINT( '', ( 7.30000000000000, -22.6999999999990, 4.79999999999980 ) );
#6536 = DIRECTION( '', ( -0.707106781186759, -0.707106781186336, 0.000000000000000 ) );
#6537 = DIRECTION( '', ( -0.707106781186336, 0.707106781186759, 0.000000000000000 ) );
#6538 = SURFACE_STYLE_FILL_AREA( #8614 );
#6539 = ORIENTED_EDGE( '', *, *, #7834, .T. );
#6540 = ORIENTED_EDGE( '', *, *, #7853, .F. );
#6541 = ORIENTED_EDGE( '', *, *, #8615, .T. );
#6542 = ORIENTED_EDGE( '', *, *, #8012, .F. );
#6543 = ORIENTED_EDGE( '', *, *, #7504, .T. );
#6544 = ORIENTED_EDGE( '', *, *, #7984, .F. );
#6545 = ORIENTED_EDGE( '', *, *, #8616, .F. );
#6546 = ORIENTED_EDGE( '', *, *, #8338, .T. );
#6547 = ORIENTED_EDGE( '', *, *, #8513, .T. );
#6548 = ORIENTED_EDGE( '', *, *, #7831, .T. );
#6549 = ORIENTED_EDGE( '', *, *, #8093, .T. );
#6550 = ORIENTED_EDGE( '', *, *, #8020, .T. );
#6551 = ORIENTED_EDGE( '', *, *, #7737, .T. );
#6552 = ORIENTED_EDGE( '', *, *, #8087, .T. );
#6553 = ORIENTED_EDGE( '', *, *, #8195, .T. );
#6554 = ORIENTED_EDGE( '', *, *, #8336, .T. );
#6555 = ORIENTED_EDGE( '', *, *, #8427, .T. );
#6556 = ORIENTED_EDGE( '', *, *, #8114, .T. );
#6557 = ORIENTED_EDGE( '', *, *, #8617, .T. );
#6558 = ORIENTED_EDGE( '', *, *, #8454, .T. );
#6559 = ORIENTED_EDGE( '', *, *, #8253, .T. );
#6560 = ORIENTED_EDGE( '', *, *, #7634, .T. );
#6561 = CARTESIAN_POINT( '', ( 14.8049993440510, -9.78500015437600, -17.0000000000000 ) );
#6562 = DIRECTION( '', ( 0.000000000000000, 0.000000000000000, -1.00000000000000 ) );
#6563 = DIRECTION( '', ( 0.000000000000000, -1.00000000000000, 0.000000000000000 ) );
#6564 = SURFACE_STYLE_FILL_AREA( #8618 );
#6565 = ORIENTED_EDGE( '', *, *, #8593, .F. );
#6566 = ORIENTED_EDGE( '', *, *, #8619, .F. );
#6567 = ORIENTED_EDGE( '', *, *, #8028, .T. );
#6568 = ORIENTED_EDGE( '', *, *, #8620, .F. );
#6569 = CARTESIAN_POINT( '', ( -6.37500000000000, -21.8999999999990, 4.79999999999980 ) );
#6570 = DIRECTION( '', ( -1.00000000000000, 0.000000000000000, 0.000000000000000 ) );
#6571 = DIRECTION( '', ( 0.000000000000000, 0.000000000000000, 1.00000000000000 ) );
#6572 = SURFACE_STYLE_FILL_AREA( #8621 );
#6573 = ORIENTED_EDGE( '', *, *, #8468, .F. );
#6574 = ORIENTED_EDGE( '', *, *, #8622, .F. );
#6575 = ORIENTED_EDGE( '', *, *, #8026, .T. );
#6576 = ORIENTED_EDGE( '', *, *, #8623, .F. );
#6577 = CARTESIAN_POINT( '', ( -3.37500000000000, -21.8999999999990, 7.99999999999980 ) );
#6578 = DIRECTION( '', ( 1.00000000000000, 0.000000000000000, 0.000000000000000 ) );
#6579 = DIRECTION( '', ( 0.000000000000000, 1.00000000000000, 0.000000000000000 ) );
#6580 = SURFACE_STYLE_FILL_AREA( #8624 );
#6581 = ORIENTED_EDGE( '', *, *, #7880, .F. );
#6582 = ORIENTED_EDGE( '', *, *, #8081, .F. );
#6583 = ORIENTED_EDGE( '', *, *, #7552, .T. );
#6584 = ORIENTED_EDGE( '', *, *, #8625, .T. );
#6585 = CARTESIAN_POINT( '', ( 6.66829296207955E-007, -16.5999997766692, -3.12001856479037E-015 ) );
#6586 = DIRECTION( '', ( -2.44325600401370E-016, -1.29166066836185E-021, 1.00000000000000 ) );
#6587 = DIRECTION( '', ( -1.00000000000000, 0.000000000000000, -2.44325600401370E-016 ) );
#6588 = SURFACE_STYLE_FILL_AREA( #8626 );
#6589 = ORIENTED_EDGE( '', *, *, #8627, .F. );
#6590 = ORIENTED_EDGE( '', *, *, #8111, .T. );
#6591 = ORIENTED_EDGE( '', *, *, #8568, .F. );
#6592 = ORIENTED_EDGE( '', *, *, #7887, .F. );
#6593 = CARTESIAN_POINT( '', ( -10.5999993331730, -10.8999997766690, -17.0000000000000 ) );
#6594 = DIRECTION( '', ( -1.00000000000000, 0.000000000000000, 0.000000000000000 ) );
#6595 = DIRECTION( '', ( 0.000000000000000, 0.000000000000000, 1.00000000000000 ) );
#6596 = SURFACE_STYLE_FILL_AREA( #8628 );
#6597 = ORIENTED_EDGE( '', *, *, #8215, .F. );
#6598 = ORIENTED_EDGE( '', *, *, #8366, .T. );
#6599 = ORIENTED_EDGE( '', *, *, #8629, .F. );
#6600 = ORIENTED_EDGE( '', *, *, #8630, .T. );
#6601 = CARTESIAN_POINT( '', ( 11.0000000000088, -10.0999999999999, 39.7150839887114 ) );
#6602 = DIRECTION( '', ( 4.68375338515106E-014, 1.00000000000000, -1.04331092337679E-014 ) );
#6603 = DIRECTION( '', ( 1.00000000000000, -4.68375338515106E-014, 0.000000000000000 ) );
#6604 = SURFACE_STYLE_FILL_AREA( #8631 );
#6605 = ORIENTED_EDGE( '', *, *, #8295, .F. );
#6606 = ORIENTED_EDGE( '', *, *, #7865, .F. );
#6607 = ORIENTED_EDGE( '', *, *, #7753, .T. );
#6608 = ORIENTED_EDGE( '', *, *, #8632, .T. );
#6609 = CARTESIAN_POINT( '', ( 2.40000020116570, -11.1000001573940, -4.33680900000000E-015 ) );
#6610 = DIRECTION( '', ( 1.00000000000000, 0.000000000000000, 0.000000000000000 ) );
#6611 = DIRECTION( '', ( 0.000000000000000, 1.00000000000000, 0.000000000000000 ) );
#6612 = SURFACE_STYLE_FILL_AREA( #8633 );
#6613 = ORIENTED_EDGE( '', *, *, #8634, .F. );
#6614 = ORIENTED_EDGE( '', *, *, #7627, .T. );
#6615 = ORIENTED_EDGE( '', *, *, #8484, .F. );
#6616 = ORIENTED_EDGE( '', *, *, #8635, .F. );
#6617 = CARTESIAN_POINT( '', ( -11.5057047854420, -13.4000001573940, -16.2000000000000 ) );
#6618 = DIRECTION( '', ( 0.000000000000000, 0.866025403784767, -0.499999999999431 ) );
#6619 = DIRECTION( '', ( -1.00000000000000, 0.000000000000000, 0.000000000000000 ) );
#6620 = SURFACE_STYLE_FILL_AREA( #8636 );
#6621 = ORIENTED_EDGE( '', *, *, #8637, .T. );
#6622 = CARTESIAN_POINT( '', ( -14.2000000000000, -10.0000000000000, -6.93889400000000E-015 ) );
#6623 = DIRECTION( '', ( 2.44327253521127E-016, 0.000000000000000, -1.00000000000000 ) );
#6624 = DIRECTION( '', ( 0.000000000000000, -1.00000000000000, 0.000000000000000 ) );
#6625 = SURFACE_STYLE_FILL_AREA( #8638 );
#6626 = ORIENTED_EDGE( '', *, *, #8305, .T. );
#6627 = ORIENTED_EDGE( '', *, *, #8404, .T. );
#6628 = ORIENTED_EDGE( '', *, *, #8639, .T. );
#6629 = ORIENTED_EDGE( '', *, *, #8607, .F. );
#6630 = CARTESIAN_POINT( '', ( -6.59999979883430, -16.1000001573940, -4.33680900000000E-015 ) );
#6631 = DIRECTION( '', ( -0.000000000000000, 1.00000000000000, 0.000000000000000 ) );
#6632 = DIRECTION( '', ( 1.00000000000000, 0.000000000000000, 0.000000000000000 ) );
#6633 = SURFACE_STYLE_FILL_AREA( #8640 );
#6634 = ORIENTED_EDGE( '', *, *, #8641, .F. );
#6635 = ORIENTED_EDGE( '', *, *, #8642, .T. );
#6636 = ORIENTED_EDGE( '', *, *, #8566, .F. );
#6637 = ORIENTED_EDGE( '', *, *, #8118, .F. );
#6638 = CARTESIAN_POINT( '', ( -9.74999933317112, -16.5999997766668, -17.0000000000030 ) );
#6639 = DIRECTION( '', ( 5.22243199806091E-013, 7.03141248929754E-013, -1.00000000000000 ) );
#6640 = DIRECTION( '', ( 0.000000000000000, -1.00000000000000, -7.03141248929754E-013 ) );
#6641 = SURFACE_STYLE_FILL_AREA( #8643 );
#6642 = ORIENTED_EDGE( '', *, *, #8290, .T. );
#6643 = ORIENTED_EDGE( '', *, *, #8546, .F. );
#6644 = ORIENTED_EDGE( '', *, *, #8644, .T. );
#6645 = ORIENTED_EDGE( '', *, *, #8645, .T. );
#6646 = CARTESIAN_POINT( '', ( -4.44999979883430, -16.1000001573940, -4.33680900000000E-015 ) );
#6647 = DIRECTION( '', ( -0.000000000000000, 1.00000000000000, 0.000000000000000 ) );
#6648 = DIRECTION( '', ( 1.00000000000000, 0.000000000000000, 0.000000000000000 ) );
#6649 = SURFACE_STYLE_FILL_AREA( #8646 );
#6650 = ORIENTED_EDGE( '', *, *, #8647, .T. );
#6651 = ORIENTED_EDGE( '', *, *, #8257, .F. );
#6652 = ORIENTED_EDGE( '', *, *, #8202, .F. );
#6653 = ORIENTED_EDGE( '', *, *, #7524, .T. );
#6654 = CARTESIAN_POINT( '', ( 3.87500000000000, -20.0999999999990, 6.34999999999980 ) );
#6655 = DIRECTION( '', ( 0.000000000000000, 0.000000000000000, 1.00000000000000 ) );
#6656 = DIRECTION( '', ( 1.00000000000000, 0.000000000000000, 0.000000000000000 ) );
#6657 = SURFACE_STYLE_FILL_AREA( #8648 );
#6658 = ORIENTED_EDGE( '', *, *, #8613, .F. );
#6659 = ORIENTED_EDGE( '', *, *, #8588, .F. );
#6660 = ORIENTED_EDGE( '', *, *, #8610, .T. );
#6661 = CARTESIAN_POINT( '', ( 7.53625000000000, -22.8600000000000, 4.79999999999980 ) );
#6662 = DIRECTION( '', ( 0.000000000000000, 0.000000000000000, -1.00000000000000 ) );
#6663 = DIRECTION( '', ( 0.000000000000000, -1.00000000000000, 0.000000000000000 ) );
#6664 = SURFACE_STYLE_FILL_AREA( #8649 );
#6665 = ORIENTED_EDGE( '', *, *, #8006, .T. );
#6666 = ORIENTED_EDGE( '', *, *, #8470, .T. );
#6667 = ORIENTED_EDGE( '', *, *, #8534, .T. );
#6668 = ORIENTED_EDGE( '', *, *, #8650, .T. );
#6669 = ORIENTED_EDGE( '', *, *, #7965, .T. );
#6670 = ORIENTED_EDGE( '', *, *, #7798, .T. );
#6671 = ORIENTED_EDGE( '', *, *, #8149, .T. );
#6672 = ORIENTED_EDGE( '', *, *, #7660, .F. );
#6673 = ORIENTED_EDGE( '', *, *, #7914, .F. );
#6674 = ORIENTED_EDGE( '', *, *, #8023, .F. );
#6675 = ORIENTED_EDGE( '', *, *, #8619, .T. );
#6676 = ORIENTED_EDGE( '', *, *, #8596, .T. );
#6677 = ORIENTED_EDGE( '', *, *, #7839, .F. );
#6678 = ORIENTED_EDGE( '', *, *, #8480, .F. );
#6679 = ORIENTED_EDGE( '', *, *, #8410, .T. );
#6680 = ORIENTED_EDGE( '', *, *, #8465, .F. );
#6681 = ORIENTED_EDGE( '', *, *, #8623, .T. );
#6682 = ORIENTED_EDGE( '', *, *, #8025, .F. );
#6683 = ORIENTED_EDGE( '', *, *, #7717, .F. );
#6684 = ORIENTED_EDGE( '', *, *, #8651, .F. );
#6685 = CARTESIAN_POINT( '', ( -6.97499990315950, -21.8999999999990, 4.65249981415360 ) );
#6686 = DIRECTION( '', ( -0.000000000000000, 1.00000000000000, 0.000000000000000 ) );
#6687 = DIRECTION( '', ( 1.00000000000000, 0.000000000000000, 0.000000000000000 ) );
#6688 = SURFACE_STYLE_FILL_AREA( #8652 );
#6689 = ORIENTED_EDGE( '', *, *, #8210, .T. );
#6690 = ORIENTED_EDGE( '', *, *, #8653, .F. );
#6691 = ORIENTED_EDGE( '', *, *, #8654, .F. );
#6692 = ORIENTED_EDGE( '', *, *, #7615, .T. );
#6693 = CARTESIAN_POINT( '', ( -11.1000000000006, -10.1000000000002, 24.1573593128805 ) );
#6694 = DIRECTION( '', ( 6.07153216591979E-014, 1.00000000000000, -2.51279576560317E-014 ) );
#6695 = DIRECTION( '', ( 1.00000000000000, -6.07153216591979E-014, 0.000000000000000 ) );
#6696 = SURFACE_STYLE_FILL_AREA( #8655 );
#6697 = ORIENTED_EDGE( '', *, *, #8359, .T. );
#6698 = ORIENTED_EDGE( '', *, *, #8656, .F. );
#6699 = ORIENTED_EDGE( '', *, *, #8657, .F. );
#6700 = ORIENTED_EDGE( '', *, *, #8441, .F. );
#6701 = CARTESIAN_POINT( '', ( 3.07500000000000, -19.5000024447210, 2.42053974630330 ) );
#6702 = DIRECTION( '', ( -0.000000000000000, 3.63411008792388E-008, 0.999999999999999 ) );
#6703 = DIRECTION( '', ( 1.00000000000000, 0.000000000000000, 0.000000000000000 ) );
#6704 = SURFACE_STYLE_FILL_AREA( #8658 );
#6705 = ORIENTED_EDGE( '', *, *, #8459, .T. );
#6706 = ORIENTED_EDGE( '', *, *, #8151, .F. );
#6707 = ORIENTED_EDGE( '', *, *, #8238, .F. );
#6708 = CARTESIAN_POINT( '', ( -7.53625000000000, -22.8600000000000, 4.79999999999980 ) );
#6709 = DIRECTION( '', ( 0.000000000000000, 0.000000000000000, 1.00000000000000 ) );
#6710 = DIRECTION( '', ( 1.00000000000000, 0.000000000000000, 0.000000000000000 ) );
#6711 = SURFACE_STYLE_FILL_AREA( #8659 );
#6712 = ORIENTED_EDGE( '', *, *, #8300, .T. );
#6713 = ORIENTED_EDGE( '', *, *, #8499, .T. );
#6714 = ORIENTED_EDGE( '', *, *, #7950, .T. );
#6715 = ORIENTED_EDGE( '', *, *, #8321, .F. );
#6716 = CARTESIAN_POINT( '', ( 6.60000020116570, -17.1000001573940, -4.33680900000000E-015 ) );
#6717 = DIRECTION( '', ( 0.000000000000000, -1.00000000000000, 0.000000000000000 ) );
#6718 = DIRECTION( '', ( 0.000000000000000, 0.000000000000000, -1.00000000000000 ) );
#6719 = SURFACE_STYLE_FILL_AREA( #8660 );
#6720 = ORIENTED_EDGE( '', *, *, #8591, .T. );
#6721 = ORIENTED_EDGE( '', *, *, #8103, .F. );
#6722 = CARTESIAN_POINT( '', ( 100.000000000000, 2.44929359829471E-016, 95.0000000000000 ) );
#6723 = DIRECTION( '', ( 1.00000000000000, -0.000000000000000, -0.000000000000000 ) );
#6724 = DIRECTION( '', ( 0.000000000000000, 0.000000000000000, 1.00000000000000 ) );
#6725 = SURFACE_STYLE_FILL_AREA( #8661 );
#6726 = ORIENTED_EDGE( '', *, *, #8217, .T. );
#6727 = ORIENTED_EDGE( '', *, *, #8193, .T. );
#6728 = ORIENTED_EDGE( '', *, *, #8662, .F. );
#6729 = ORIENTED_EDGE( '', *, *, #7592, .T. );
#6730 = ORIENTED_EDGE( '', *, *, #8663, .T. );
#6731 = CARTESIAN_POINT( '', ( 6.82737960729410, -10.0000000000000, 52.4000000000000 ) );
#6732 = DIRECTION( '', ( 0.000000000000000, 0.000000000000000, 1.00000000000000 ) );
#6733 = DIRECTION( '', ( 1.00000000000000, 0.000000000000000, 0.000000000000000 ) );
#6734 = SURFACE_STYLE_FILL_AREA( #8664 );
#6735 = ORIENTED_EDGE( '', *, *, #8665, .F. );
#6736 = ORIENTED_EDGE( '', *, *, #8666, .T. );
#6737 = ORIENTED_EDGE( '', *, *, #8063, .T. );
#6738 = ORIENTED_EDGE( '', *, *, #7684, .T. );
#6739 = ORIENTED_EDGE( '', *, *, #8270, .F. );
#6740 = ORIENTED_EDGE( '', *, *, #8265, .T. );
#6741 = ORIENTED_EDGE( '', *, *, #7808, .F. );
#6742 = ORIENTED_EDGE( '', *, *, #8251, .T. );
#6743 = ORIENTED_EDGE( '', *, *, #7572, .T. );
#6744 = ORIENTED_EDGE( '', *, *, #8527, .F. );
#6745 = ORIENTED_EDGE( '', *, *, #8392, .F. );
#6746 = ORIENTED_EDGE( '', *, *, #7680, .T. );
#6747 = ORIENTED_EDGE( '', *, *, #8382, .T. );
#6748 = ORIENTED_EDGE( '', *, *, #7998, .T. );
#6749 = ORIENTED_EDGE( '', *, *, #8611, .F. );
#6750 = ORIENTED_EDGE( '', *, *, #8184, .F. );
#6751 = ORIENTED_EDGE( '', *, *, #8354, .F. );
#6752 = ORIENTED_EDGE( '', *, *, #8667, .F. );
#6753 = ORIENTED_EDGE( '', *, *, #8273, .F. );
#6754 = ORIENTED_EDGE( '', *, *, #7867, .F. );
#6755 = CARTESIAN_POINT( '', ( 6.97499990315960, -21.8999999999990, 4.65249981415360 ) );
#6756 = DIRECTION( '', ( 0.000000000000000, -1.00000000000000, 0.000000000000000 ) );
#6757 = DIRECTION( '', ( 0.000000000000000, 0.000000000000000, -1.00000000000000 ) );
#6758 = SURFACE_STYLE_FILL_AREA( #8668 );
#6759 = ORIENTED_EDGE( '', *, *, #7624, .T. );
#6760 = ORIENTED_EDGE( '', *, *, #7628, .T. );
#6761 = ORIENTED_EDGE( '', *, *, #8634, .T. );
#6762 = ORIENTED_EDGE( '', *, *, #8332, .F. );
#6763 = CARTESIAN_POINT( '', ( -9.74999979883385, -16.6000001573938, -16.2000000000024 ) );
#6764 = DIRECTION( '', ( -4.85897101587468E-013, -4.99980574445970E-013, 1.00000000000000 ) );
#6765 = DIRECTION( '', ( 0.000000000000000, -1.00000000000000, -4.99980574445970E-013 ) );
#6766 = SURFACE_STYLE_FILL_AREA( #8669 );
#6767 = ORIENTED_EDGE( '', *, *, #8222, .T. );
#6768 = ORIENTED_EDGE( '', *, *, #8670, .F. );
#6769 = ORIENTED_EDGE( '', *, *, #8671, .T. );
#6770 = ORIENTED_EDGE( '', *, *, #8672, .F. );
#6771 = CARTESIAN_POINT( '', ( -10.0000000000000, -10.1000000000000, 30.2502776662260 ) );
#6772 = DIRECTION( '', ( -1.00000000000000, 0.000000000000000, 0.000000000000000 ) );
#6773 = DIRECTION( '', ( 0.000000000000000, 0.000000000000000, 1.00000000000000 ) );
#6774 = SURFACE_STYLE_FILL_AREA( #8673 );
#6775 = ORIENTED_EDGE( '', *, *, #8541, .T. );
#6776 = ORIENTED_EDGE( '', *, *, #8443, .F. );
#6777 = ORIENTED_EDGE( '', *, *, #8164, .T. );
#6778 = ORIENTED_EDGE( '', *, *, #8548, .T. );
#6779 = ORIENTED_EDGE( '', *, *, #8226, .T. );
#6780 = CARTESIAN_POINT( '', ( 3.07499999999970, -22.2000000000000, 4.79999999999980 ) );
#6781 = DIRECTION( '', ( 0.707106781186763, -0.707106781186332, 0.000000000000000 ) );
#6782 = DIRECTION( '', ( 0.000000000000000, 0.000000000000000, -1.00000000000000 ) );
#6783 = SURFACE_STYLE_FILL_AREA( #8674 );
#6784 = ORIENTED_EDGE( '', *, *, #8675, .F. );
#6785 = ORIENTED_EDGE( '', *, *, #7889, .F. );
#6786 = ORIENTED_EDGE( '', *, *, #8567, .F. );
#6787 = ORIENTED_EDGE( '', *, *, #8642, .F. );
#6788 = CARTESIAN_POINT( '', ( -8.89999933317300, -12.9476033031190, -17.0000000000000 ) );
#6789 = DIRECTION( '', ( 1.00000000000000, 0.000000000000000, 0.000000000000000 ) );
#6790 = DIRECTION( '', ( 0.000000000000000, 1.00000000000000, 0.000000000000000 ) );
#6791 = SURFACE_STYLE_FILL_AREA( #8676 );
#6792 = ORIENTED_EDGE( '', *, *, #8667, .T. );
#6793 = ORIENTED_EDGE( '', *, *, #8356, .F. );
#6794 = ORIENTED_EDGE( '', *, *, #8586, .F. );
#6795 = ORIENTED_EDGE( '', *, *, #8274, .T. );
#6796 = CARTESIAN_POINT( '', ( 6.37500000000000, -22.6999999999990, 10.7000000000000 ) );
#6797 = DIRECTION( '', ( 0.000000000000000, 0.000000000000000, -1.00000000000000 ) );
#6798 = DIRECTION( '', ( 0.000000000000000, -1.00000000000000, 0.000000000000000 ) );
#6799 = SURFACE_STYLE_FILL_AREA( #8677 );
#6800 = ORIENTED_EDGE( '', *, *, #8579, .T. );
#6801 = ORIENTED_EDGE( '', *, *, #7589, .F. );
#6802 = ORIENTED_EDGE( '', *, *, #8505, .T. );
#6803 = ORIENTED_EDGE( '', *, *, #7690, .F. );
#6804 = CARTESIAN_POINT( '', ( -10.0000000000000, -10.1000000000000, 30.2502776662260 ) );
#6805 = DIRECTION( '', ( -1.00000000000000, 0.000000000000000, 0.000000000000000 ) );
#6806 = DIRECTION( '', ( 0.000000000000000, 0.000000000000000, 1.00000000000000 ) );
#6807 = SURFACE_STYLE_FILL_AREA( #8678 );
#6808 = ORIENTED_EDGE( '', *, *, #8650, .F. );
#6809 = ORIENTED_EDGE( '', *, *, #8535, .T. );
#6810 = ORIENTED_EDGE( '', *, *, #8239, .F. );
#6811 = ORIENTED_EDGE( '', *, *, #7966, .F. );
#6812 = CARTESIAN_POINT( '', ( -6.37500000000000, -22.6999999999990, 10.7000000000000 ) );
#6813 = DIRECTION( '', ( 0.000000000000000, 0.000000000000000, 1.00000000000000 ) );
#6814 = DIRECTION( '', ( 1.00000000000000, 0.000000000000000, 0.000000000000000 ) );
#6815 = SURFACE_STYLE_FILL_AREA( #8679 );
#6816 = ORIENTED_EDGE( '', *, *, #8282, .F. );
#6817 = ORIENTED_EDGE( '', *, *, #8663, .F. );
#6818 = CARTESIAN_POINT( '', ( -3.85975973404839E-014, -16.3500000000000, 52.4000000000000 ) );
#6819 = DIRECTION( '', ( -0.000000000000000, -0.000000000000000, 1.00000000000000 ) );
#6820 = DIRECTION( '', ( -1.00000000000000, 0.000000000000000, 0.000000000000000 ) );
#6821 = SURFACE_STYLE_FILL_AREA( #8680 );
#6822 = ORIENTED_EDGE( '', *, *, #8007, .T. );
#6823 = ORIENTED_EDGE( '', *, *, #8651, .T. );
#6824 = ORIENTED_EDGE( '', *, *, #7716, .T. );
#6825 = ORIENTED_EDGE( '', *, *, #8268, .T. );
#6826 = CARTESIAN_POINT( '', ( -2.77500000000000, -22.7999999999990, 4.79999999999980 ) );
#6827 = DIRECTION( '', ( 0.000000000000000, 0.000000000000000, -1.00000000000000 ) );
#6828 = DIRECTION( '', ( 0.000000000000000, -1.00000000000000, 0.000000000000000 ) );
#6829 = SURFACE_STYLE_FILL_AREA( #8681 );
#6830 = ORIENTED_EDGE( '', *, *, #8583, .F. );
#6831 = ORIENTED_EDGE( '', *, *, #7528, .T. );
#6832 = ORIENTED_EDGE( '', *, *, #7475, .T. );
#6833 = ORIENTED_EDGE( '', *, *, #7765, .F. );
#6834 = CARTESIAN_POINT( '', ( -7.53625000000000, -19.3399999999990, 2.79999999999980 ) );
#6835 = DIRECTION( '', ( 0.000000000000000, 0.000000000000000, -1.00000000000000 ) );
#6836 = DIRECTION( '', ( 0.000000000000000, -1.00000000000000, 0.000000000000000 ) );
#6837 = SURFACE_STYLE_FILL_AREA( #8682 );
#6838 = ORIENTED_EDGE( '', *, *, #8683, .F. );
#6839 = ORIENTED_EDGE( '', *, *, #8644, .F. );
#6840 = ORIENTED_EDGE( '', *, *, #8545, .F. );
#6841 = ORIENTED_EDGE( '', *, *, #8244, .F. );
#6842 = CARTESIAN_POINT( '', ( -3.11099970713260, -17.1300001767460, -14.0000000000000 ) );
#6843 = DIRECTION( '', ( 0.000000000000000, 0.000000000000000, 1.00000000000000 ) );
#6844 = DIRECTION( '', ( 1.00000000000000, 0.000000000000000, 0.000000000000000 ) );
#6845 = SURFACE_STYLE_FILL_AREA( #8684 );
#6846 = ORIENTED_EDGE( '', *, *, #8685, .F. );
#6847 = ORIENTED_EDGE( '', *, *, #7975, .F. );
#6848 = ORIENTED_EDGE( '', *, *, #7728, .T. );
#6849 = ORIENTED_EDGE( '', *, *, #7514, .F. );
#6850 = CARTESIAN_POINT( '', ( -6.37500000000000, -21.8999999999990, 4.79999999999980 ) );
#6851 = DIRECTION( '', ( -1.00000000000000, 0.000000000000000, 0.000000000000000 ) );
#6852 = DIRECTION( '', ( 0.000000000000000, 0.000000000000000, 1.00000000000000 ) );
#6853 = SURFACE_STYLE_FILL_AREA( #8686 );
#6854 = ORIENTED_EDGE( '', *, *, #8098, .T. );
#6855 = CARTESIAN_POINT( '', ( -14.2000000000000, -10.0000000000000, -6.93889400000000E-015 ) );
#6856 = DIRECTION( '', ( 2.44327253521127E-016, 0.000000000000000, -1.00000000000000 ) );
#6857 = DIRECTION( '', ( 0.000000000000000, -1.00000000000000, 0.000000000000000 ) );
#6858 = SURFACE_STYLE_FILL_AREA( #8687 );
#6859 = ORIENTED_EDGE( '', *, *, #8582, .F. );
#6860 = ORIENTED_EDGE( '', *, *, #8688, .F. );
#6861 = ORIENTED_EDGE( '', *, *, #7530, .T. );
#6862 = CARTESIAN_POINT( '', ( -7.53625000000000, -22.8600000000000, 4.79999999999980 ) );
#6863 = DIRECTION( '', ( 0.000000000000000, 0.000000000000000, 1.00000000000000 ) );
#6864 = DIRECTION( '', ( 1.00000000000000, 0.000000000000000, 0.000000000000000 ) );
#6865 = SURFACE_STYLE_FILL_AREA( #8689 );
#6866 = ORIENTED_EDGE( '', *, *, #8575, .F. );
#6867 = ORIENTED_EDGE( '', *, *, #7945, .T. );
#6868 = ORIENTED_EDGE( '', *, *, #8501, .F. );
#6869 = ORIENTED_EDGE( '', *, *, #7480, .F. );
#6870 = CARTESIAN_POINT( '', ( 10.2928932188130, -10.1000000000000, 29.2071067811870 ) );
#6871 = DIRECTION( '', ( -0.707106781186548, 0.000000000000000, -0.707106781186547 ) );
#6872 = DIRECTION( '', ( -0.707106781186547, 0.000000000000000, 0.707106781186548 ) );
#6873 = SURFACE_STYLE_FILL_AREA( #8690 );
#6874 = ORIENTED_EDGE( '', *, *, #8665, .T. );
#6875 = ORIENTED_EDGE( '', *, *, #7870, .F. );
#6876 = ORIENTED_EDGE( '', *, *, #8585, .F. );
#6877 = ORIENTED_EDGE( '', *, *, #8425, .F. );
#6878 = ORIENTED_EDGE( '', *, *, #8691, .T. );
#6879 = CARTESIAN_POINT( '', ( 2.87500000000000, -22.6999999999990, 7.99999999999980 ) );
#6880 = DIRECTION( '', ( 1.00000000000000, 0.000000000000000, 0.000000000000000 ) );
#6881 = DIRECTION( '', ( 0.000000000000000, 1.00000000000000, 0.000000000000000 ) );
#6882 = SURFACE_STYLE_FILL_AREA( #8692 );
#6883 = ORIENTED_EDGE( '', *, *, #8038, .F. );
#6884 = ORIENTED_EDGE( '', *, *, #7649, .F. );
#6885 = ORIENTED_EDGE( '', *, *, #8693, .F. );
#6886 = ORIENTED_EDGE( '', *, *, #8694, .T. );
#6887 = CARTESIAN_POINT( '', ( 2.77500000000000, -22.7999999999990, 4.79999999999980 ) );
#6888 = DIRECTION( '', ( 0.000000000000000, 0.000000000000000, 1.00000000000000 ) );
#6889 = DIRECTION( '', ( 1.00000000000000, 0.000000000000000, 0.000000000000000 ) );
#6890 = SURFACE_STYLE_FILL_AREA( #8695 );
#6891 = ORIENTED_EDGE( '', *, *, #7899, .T. );
#6892 = ORIENTED_EDGE( '', *, *, #7620, .F. );
#6893 = ORIENTED_EDGE( '', *, *, #8696, .F. );
#6894 = ORIENTED_EDGE( '', *, *, #8656, .T. );
#6895 = ORIENTED_EDGE( '', *, *, #8358, .T. );
#6896 = ORIENTED_EDGE( '', *, *, #8697, .T. );
#6897 = ORIENTED_EDGE( '', *, *, #8693, .T. );
#6898 = ORIENTED_EDGE( '', *, *, #7648, .F. );
#6899 = CARTESIAN_POINT( '', ( 6.79999999999980, -23.2590879290360, 5.12428609281750 ) );
#6900 = DIRECTION( '', ( -1.00000000000000, 0.000000000000000, 0.000000000000000 ) );
#6901 = DIRECTION( '', ( 0.000000000000000, 0.000000000000000, 1.00000000000000 ) );
#6902 = SURFACE_STYLE_FILL_AREA( #8698 );
#6903 = ORIENTED_EDGE( '', *, *, #8580, .T. );
#6904 = ORIENTED_EDGE( '', *, *, #7692, .T. );
#6905 = ORIENTED_EDGE( '', *, *, #8504, .F. );
#6906 = ORIENTED_EDGE( '', *, *, #8699, .T. );
#6907 = CARTESIAN_POINT( '', ( -10.2928932188130, -10.1000000000000, 29.2071067811870 ) );
#6908 = DIRECTION( '', ( -0.707106781186548, 0.000000000000000, 0.707106781186547 ) );
#6909 = DIRECTION( '', ( 0.000000000000000, 1.00000000000000, 0.000000000000000 ) );
#6910 = SURFACE_STYLE_FILL_AREA( #8700 );
#6911 = ORIENTED_EDGE( '', *, *, #8304, .T. );
#6912 = ORIENTED_EDGE( '', *, *, #8553, .F. );
#6913 = ORIENTED_EDGE( '', *, *, #8368, .T. );
#6914 = ORIENTED_EDGE( '', *, *, #8701, .F. );
#6915 = CARTESIAN_POINT( '', ( 9.00000020116570, -11.1000001573940, -4.33680900000000E-015 ) );
#6916 = DIRECTION( '', ( -0.000000000000000, 1.00000000000000, 0.000000000000000 ) );
#6917 = DIRECTION( '', ( 1.00000000000000, 0.000000000000000, 0.000000000000000 ) );
#6918 = SURFACE_STYLE_FILL_AREA( #8702 );
#6919 = ORIENTED_EDGE( '', *, *, #8685, .T. );
#6920 = ORIENTED_EDGE( '', *, *, #7513, .T. );
#6921 = ORIENTED_EDGE( '', *, *, #7777, .F. );
#6922 = ORIENTED_EDGE( '', *, *, #8414, .F. );
#6923 = ORIENTED_EDGE( '', *, *, #8570, .F. );
#6924 = ORIENTED_EDGE( '', *, *, #7976, .F. );
#6925 = CARTESIAN_POINT( '', ( -4.87500000000000, -21.9999999999985, 7.99999999999977 ) );
#6926 = DIRECTION( '', ( 3.63135447637819E-013, -1.00000000000000, 2.45769217299778E-013 ) );
#6927 = DIRECTION( '', ( -1.00000000000000, -3.63135447637819E-013, 0.000000000000000 ) );
#6928 = SURFACE_STYLE_FILL_AREA( #8703 );
#6929 = ORIENTED_EDGE( '', *, *, #7655, .T. );
#6930 = ORIENTED_EDGE( '', *, *, #8280, .F. );
#6931 = ORIENTED_EDGE( '', *, *, #8229, .F. );
#6932 = ORIENTED_EDGE( '', *, *, #8496, .T. );
#6933 = CARTESIAN_POINT( '', ( 4.87500000000029, -22.7000000000004, 7.99999999999964 ) );
#6934 = DIRECTION( '', ( -6.67868538250977E-013, -1.00000000000000, 2.52430580103041E-013 ) );
#6935 = DIRECTION( '', ( -1.00000000000000, 6.67868538250977E-013, 0.000000000000000 ) );
#6936 = SURFACE_STYLE_FILL_AREA( #8704 );
#6937 = ORIENTED_EDGE( '', *, *, #8294, .T. );
#6938 = ORIENTED_EDGE( '', *, *, #7521, .T. );
#6939 = ORIENTED_EDGE( '', *, *, #8439, .T. );
#6940 = ORIENTED_EDGE( '', *, *, #7465, .F. );
#6941 = CARTESIAN_POINT( '', ( 3.15000020116570, -16.1000001573940, -4.33680900000000E-015 ) );
#6942 = DIRECTION( '', ( -0.000000000000000, 1.00000000000000, 0.000000000000000 ) );
#6943 = DIRECTION( '', ( 1.00000000000000, 0.000000000000000, 0.000000000000000 ) );
#6944 = SURFACE_STYLE_FILL_AREA( #8705 );
#6945 = ORIENTED_EDGE( '', *, *, #7652, .T. );
#6946 = ORIENTED_EDGE( '', *, *, #7664, .F. );
#6947 = ORIENTED_EDGE( '', *, *, #8232, .F. );
#6948 = ORIENTED_EDGE( '', *, *, #8706, .T. );
#6949 = CARTESIAN_POINT( '', ( 6.37500000000000, -22.6999999999990, 9.32287565553260 ) );
#6950 = DIRECTION( '', ( -1.00000000000000, 0.000000000000000, 0.000000000000000 ) );
#6951 = DIRECTION( '', ( 0.000000000000000, 0.000000000000000, 1.00000000000000 ) );
#6952 = SURFACE_STYLE_FILL_AREA( #8707 );
#6953 = ORIENTED_EDGE( '', *, *, #8220, .T. );
#6954 = ORIENTED_EDGE( '', *, *, #8519, .F. );
#6955 = ORIENTED_EDGE( '', *, *, #8708, .F. );
#6956 = ORIENTED_EDGE( '', *, *, #8181, .T. );
#6957 = CARTESIAN_POINT( '', ( -14.0000000000000, -10.1000000000000, 44.3080892972010 ) );
#6958 = DIRECTION( '', ( -1.00000000000000, 0.000000000000000, 0.000000000000000 ) );
#6959 = DIRECTION( '', ( 0.000000000000000, 0.000000000000000, 1.00000000000000 ) );
#6960 = SURFACE_STYLE_FILL_AREA( #8709 );
#6961 = ORIENTED_EDGE( '', *, *, #8641, .T. );
#6962 = ORIENTED_EDGE( '', *, *, #8117, .T. );
#6963 = ORIENTED_EDGE( '', *, *, #8710, .T. );
#6964 = ORIENTED_EDGE( '', *, *, #8473, .T. );
#6965 = ORIENTED_EDGE( '', *, *, #8711, .T. );
#6966 = ORIENTED_EDGE( '', *, *, #7856, .T. );
#6967 = ORIENTED_EDGE( '', *, *, #7471, .T. );
#6968 = ORIENTED_EDGE( '', *, *, #8047, .T. );
#6969 = ORIENTED_EDGE( '', *, *, #8109, .T. );
#6970 = ORIENTED_EDGE( '', *, *, #8627, .T. );
#6971 = ORIENTED_EDGE( '', *, *, #7886, .T. );
#6972 = ORIENTED_EDGE( '', *, *, #8675, .T. );
#6973 = ORIENTED_EDGE( '', *, *, #8712, .T. );
#6974 = CARTESIAN_POINT( '', ( -14.2000000000000, -10.0000000000000, -6.93889400000000E-015 ) );
#6975 = DIRECTION( '', ( 2.44327253521127E-016, 0.000000000000000, -1.00000000000000 ) );
#6976 = DIRECTION( '', ( 0.000000000000000, -1.00000000000000, 0.000000000000000 ) );
#6977 = SURFACE_STYLE_FILL_AREA( #8713 );
#6978 = ORIENTED_EDGE( '', *, *, #8323, .F. );
#6979 = ORIENTED_EDGE( '', *, *, #8153, .F. );
#6980 = ORIENTED_EDGE( '', *, *, #8388, .F. );
#6981 = ORIENTED_EDGE( '', *, *, #7575, .F. );
#6982 = ORIENTED_EDGE( '', *, *, #8714, .T. );
#6983 = CARTESIAN_POINT( '', ( 13.6024993844330, -12.4000001573930, -17.0000000000000 ) );
#6984 = DIRECTION( '', ( 0.000000000000000, 0.000000000000000, -1.00000000000000 ) );
#6985 = DIRECTION( '', ( 0.000000000000000, -1.00000000000000, 0.000000000000000 ) );
#6986 = SURFACE_STYLE_FILL_AREA( #8715 );
#6987 = ORIENTED_EDGE( '', *, *, #8637, .F. );
#6988 = ORIENTED_EDGE( '', *, *, #8714, .F. );
#6989 = CARTESIAN_POINT( '', ( 9.75000020116557, -16.6000001573942, -17.0000000000000 ) );
#6990 = DIRECTION( '', ( -0.000000000000000, -0.000000000000000, -1.00000000000000 ) );
#6991 = DIRECTION( '', ( 1.00000000000000, 0.000000000000000, 0.000000000000000 ) );
#6992 = SURFACE_STYLE_FILL_AREA( #8716 );
#6993 = ORIENTED_EDGE( '', *, *, #8380, .F. );
#6994 = ORIENTED_EDGE( '', *, *, #8168, .F. );
#6995 = ORIENTED_EDGE( '', *, *, #8059, .F. );
#6996 = ORIENTED_EDGE( '', *, *, #7954, .T. );
#6997 = CARTESIAN_POINT( '', ( 3.07500000000000, -19.5000024447210, 2.42053974630330 ) );
#6998 = DIRECTION( '', ( -0.000000000000000, 0.139173224534038, 0.990268051374373 ) );
#6999 = DIRECTION( '', ( 1.00000000000000, 0.000000000000000, 0.000000000000000 ) );
#7000 = SURFACE_STYLE_FILL_AREA( #8717 );
#7001 = ORIENTED_EDGE( '', *, *, #8198, .T. );
#7002 = ORIENTED_EDGE( '', *, *, #7678, .T. );
#7003 = ORIENTED_EDGE( '', *, *, #8490, .T. );
#7004 = ORIENTED_EDGE( '', *, *, #8557, .F. );
#7005 = CARTESIAN_POINT( '', ( 1.65000066682700, -20.8402827860920, -2.71686900000000E-015 ) );
#7006 = DIRECTION( '', ( 1.00000000000000, 0.000000000000000, 0.000000000000000 ) );
#7007 = DIRECTION( '', ( 0.000000000000000, 1.00000000000000, 0.000000000000000 ) );
#7008 = SURFACE_STYLE_FILL_AREA( #8718 );
#7009 = ORIENTED_EDGE( '', *, *, #8719, .F. );
#7010 = CARTESIAN_POINT( '', ( -9.74999933317303, -16.5999997766688, -10.2500000000001 ) );
#7011 = DIRECTION( '', ( 1.49880108324401E-013, 1.00000000000000, -9.61481343191956E-015 ) );
#7012 = DIRECTION( '', ( 1.00000000000000, -1.49880108324401E-013, -5.55111512312596E-015 ) );
#7013 = SURFACE_STYLE_FILL_AREA( #8720 );
#7014 = ORIENTED_EDGE( '', *, *, #7927, .F. );
#7015 = ORIENTED_EDGE( '', *, *, #8532, .T. );
#7016 = ORIENTED_EDGE( '', *, *, #7549, .F. );
#7017 = ORIENTED_EDGE( '', *, *, #8605, .F. );
#7018 = CARTESIAN_POINT( '', ( -3.24999933317300, -16.1194418683650, -17.0000000000000 ) );
#7019 = DIRECTION( '', ( -0.000000000000000, 1.00000000000000, 0.000000000000000 ) );
#7020 = DIRECTION( '', ( 1.00000000000000, 0.000000000000000, 0.000000000000000 ) );
#7021 = SURFACE_STYLE_FILL_AREA( #8721 );
#7022 = ORIENTED_EDGE( '', *, *, #8467, .F. );
#7023 = ORIENTED_EDGE( '', *, *, #8351, .F. );
#7024 = ORIENTED_EDGE( '', *, *, #8538, .F. );
#7025 = ORIENTED_EDGE( '', *, *, #8053, .F. );
#7026 = ORIENTED_EDGE( '', *, *, #8594, .F. );
#7027 = ORIENTED_EDGE( '', *, *, #8620, .T. );
#7028 = ORIENTED_EDGE( '', *, *, #8027, .T. );
#7029 = ORIENTED_EDGE( '', *, *, #8622, .T. );
#7030 = CARTESIAN_POINT( '', ( -3.30000017971580, -20.0999999999990, 10.3349997770120 ) );
#7031 = DIRECTION( '', ( -0.000000000000000, 1.00000000000000, 0.000000000000000 ) );
#7032 = DIRECTION( '', ( 1.00000000000000, 0.000000000000000, 0.000000000000000 ) );
#7033 = SURFACE_STYLE_FILL_AREA( #8722 );
#7034 = ORIENTED_EDGE( '', *, *, #7741, .F. );
#7035 = CARTESIAN_POINT( '', ( 6.66826971885838E-007, -16.5999997766688, -11.7500000000000 ) );
#7036 = DIRECTION( '', ( 1.49880108324384E-013, 1.00000000000000, -1.49029608194743E-013 ) );
#7037 = DIRECTION( '', ( 1.00000000000000, -1.49880108324397E-013, -8.60422844084501E-014 ) );
#7038 = SURFACE_STYLE_FILL_AREA( #8723 );
#7039 = ORIENTED_EDGE( '', *, *, #8560, .F. );
#7040 = ORIENTED_EDGE( '', *, *, #8394, .T. );
#7041 = ORIENTED_EDGE( '', *, *, #8724, .F. );
#7042 = ORIENTED_EDGE( '', *, *, #7612, .F. );
#7043 = CARTESIAN_POINT( '', ( -9.74999933317366, -16.5999997766685, -5.50220049950373E-015 ) );
#7044 = DIRECTION( '', ( -2.44327245786221E-016, 2.01021950040506E-022, 1.00000000000000 ) );
#7045 = DIRECTION( '', ( -1.00000000000000, 0.000000000000000, -2.44327245786221E-016 ) );
#7046 = SURFACE_STYLE_FILL_AREA( #8725 );
#7047 = ORIENTED_EDGE( '', *, *, #8726, .T. );
#7048 = ORIENTED_EDGE( '', *, *, #7604, .F. );
#7049 = ORIENTED_EDGE( '', *, *, #8256, .F. );
#7050 = ORIENTED_EDGE( '', *, *, #8647, .F. );
#7051 = ORIENTED_EDGE( '', *, *, #7523, .F. );
#7052 = ORIENTED_EDGE( '', *, *, #7760, .F. );
#7053 = ORIENTED_EDGE( '', *, *, #8462, .T. );
#7054 = ORIENTED_EDGE( '', *, *, #8727, .T. );
#7055 = CARTESIAN_POINT( '', ( 6.44999991566880, -19.4999999999990, 6.26750008031480 ) );
#7056 = DIRECTION( '', ( 0.000000000000000, -1.00000000000000, 0.000000000000000 ) );
#7057 = DIRECTION( '', ( 0.000000000000000, 0.000000000000000, -1.00000000000000 ) );
#7058 = SURFACE_STYLE_FILL_AREA( #8728 );
#7059 = ORIENTED_EDGE( '', *, *, #7955, .T. );
#7060 = ORIENTED_EDGE( '', *, *, #8065, .F. );
#7061 = ORIENTED_EDGE( '', *, *, #8729, .T. );
#7062 = ORIENTED_EDGE( '', *, *, #8424, .T. );
#7063 = ORIENTED_EDGE( '', *, *, #8584, .T. );
#7064 = CARTESIAN_POINT( '', ( 3.07499999999970, -22.2000000000000, 4.79999999999980 ) );
#7065 = DIRECTION( '', ( 0.707106781186763, -0.707106781186332, 0.000000000000000 ) );
#7066 = DIRECTION( '', ( 0.000000000000000, 0.000000000000000, -1.00000000000000 ) );
#7067 = SURFACE_STYLE_FILL_AREA( #8730 );
#7068 = ORIENTED_EDGE( '', *, *, #7907, .F. );
#7069 = ORIENTED_EDGE( '', *, *, #8455, .T. );
#7070 = ORIENTED_EDGE( '', *, *, #8617, .F. );
#7071 = ORIENTED_EDGE( '', *, *, #8113, .T. );
#7072 = CARTESIAN_POINT( '', ( 10.6000006668270, -10.8999997766690, -17.0000000000000 ) );
#7073 = DIRECTION( '', ( -0.000000000000000, 1.00000000000000, 0.000000000000000 ) );
#7074 = DIRECTION( '', ( 1.00000000000000, 0.000000000000000, 0.000000000000000 ) );
#7075 = SURFACE_STYLE_FILL_AREA( #8731 );
#7076 = ORIENTED_EDGE( '', *, *, #8578, .T. );
#7077 = ORIENTED_EDGE( '', *, *, #7796, .F. );
#7078 = ORIENTED_EDGE( '', *, *, #8506, .F. );
#7079 = ORIENTED_EDGE( '', *, *, #8137, .T. );
#7080 = CARTESIAN_POINT( '', ( -9.02551293665100, -10.1000000000000, 51.3283628290600 ) );
#7081 = DIRECTION( '', ( -0.766044443118999, 0.000000000000000, 0.642787609686514 ) );
#7082 = DIRECTION( '', ( 0.000000000000000, 1.00000000000000, 0.000000000000000 ) );
#7083 = SURFACE_STYLE_FILL_AREA( #8732 );
#7084 = ORIENTED_EDGE( '', *, *, #8224, .T. );
#7085 = ORIENTED_EDGE( '', *, *, #8733, .T. );
#7086 = ORIENTED_EDGE( '', *, *, #8734, .F. );
#7087 = ORIENTED_EDGE( '', *, *, #8653, .T. );
#7088 = CARTESIAN_POINT( '', ( -10.2928932188130, -10.1000000000000, 29.2071067811870 ) );
#7089 = DIRECTION( '', ( -0.707106781186548, 0.000000000000000, 0.707106781186547 ) );
#7090 = DIRECTION( '', ( 0.000000000000000, 1.00000000000000, 0.000000000000000 ) );
#7091 = SURFACE_STYLE_FILL_AREA( #8735 );
#7092 = ORIENTED_EDGE( '', *, *, #8403, .F. );
#7093 = ORIENTED_EDGE( '', *, *, #8160, .F. );
#7094 = ORIENTED_EDGE( '', *, *, #8608, .F. );
#7095 = ORIENTED_EDGE( '', *, *, #8639, .F. );
#7096 = CARTESIAN_POINT( '', ( -6.63900002837180, -16.0700001380410, -15.5000000000000 ) );
#7097 = DIRECTION( '', ( 0.000000000000000, 0.000000000000000, 1.00000000000000 ) );
#7098 = DIRECTION( '', ( 1.00000000000000, 0.000000000000000, 0.000000000000000 ) );
#7099 = SURFACE_STYLE_FILL_AREA( #8736 );
#7100 = ORIENTED_EDGE( '', *, *, #8308, .T. );
#7101 = ORIENTED_EDGE( '', *, *, #8333, .F. );
#7102 = ORIENTED_EDGE( '', *, *, #8635, .T. );
#7103 = ORIENTED_EDGE( '', *, *, #8550, .F. );
#7104 = ORIENTED_EDGE( '', *, *, #8309, .T. );
#7105 = ORIENTED_EDGE( '', *, *, #7940, .F. );
#7106 = ORIENTED_EDGE( '', *, *, #8205, .T. );
#7107 = ORIENTED_EDGE( '', *, *, #7748, .F. );
#7108 = CARTESIAN_POINT( '', ( -11.6057047854420, -13.4000001573940, 0.0999999999999960 ) );
#7109 = DIRECTION( '', ( -0.000000000000000, 1.00000000000000, 0.000000000000000 ) );
#7110 = DIRECTION( '', ( 1.00000000000000, 0.000000000000000, 0.000000000000000 ) );
#7111 = SURFACE_STYLE_FILL_AREA( #8737 );
#7112 = ORIENTED_EDGE( '', *, *, #8738, .T. );
#7113 = ORIENTED_EDGE( '', *, *, #7982, .T. );
#7114 = ORIENTED_EDGE( '', *, *, #7579, .T. );
#7115 = ORIENTED_EDGE( '', *, *, #7531, .T. );
#7116 = CARTESIAN_POINT( '', ( -2.77500000000000, -22.7999999999990, 4.79999999999980 ) );
#7117 = DIRECTION( '', ( 0.000000000000000, 0.000000000000000, -1.00000000000000 ) );
#7118 = DIRECTION( '', ( 0.000000000000000, -1.00000000000000, 0.000000000000000 ) );
#7119 = SURFACE_STYLE_FILL_AREA( #8739 );
#7120 = ORIENTED_EDGE( '', *, *, #8297, .F. );
#7121 = ORIENTED_EDGE( '', *, *, #8701, .T. );
#7122 = ORIENTED_EDGE( '', *, *, #8370, .T. );
#7123 = ORIENTED_EDGE( '', *, *, #8126, .T. );
#7124 = CARTESIAN_POINT( '', ( 9.00000020116570, -13.4000001573940, -4.33680900000000E-015 ) );
#7125 = DIRECTION( '', ( -1.00000000000000, 0.000000000000000, 0.000000000000000 ) );
#7126 = DIRECTION( '', ( 0.000000000000000, 0.000000000000000, 1.00000000000000 ) );
#7127 = SURFACE_STYLE_FILL_AREA( #8740 );
#7128 = ORIENTED_EDGE( '', *, *, #8416, .F. );
#7129 = ORIENTED_EDGE( '', *, *, #8741, .F. );
#7130 = ORIENTED_EDGE( '', *, *, #7510, .T. );
#7131 = ORIENTED_EDGE( '', *, *, #8486, .T. );
#7132 = CARTESIAN_POINT( '', ( -3.87500000000000, -20.0999999999990, 6.88196601124990 ) );
#7133 = DIRECTION( '', ( 1.00000000000000, 0.000000000000000, 0.000000000000000 ) );
#7134 = DIRECTION( '', ( 0.000000000000000, 1.00000000000000, 0.000000000000000 ) );
#7135 = SURFACE_STYLE_FILL_AREA( #8742 );
#7136 = ORIENTED_EDGE( '', *, *, #8415, .F. );
#7137 = ORIENTED_EDGE( '', *, *, #7778, .F. );
#7138 = ORIENTED_EDGE( '', *, *, #7511, .T. );
#7139 = ORIENTED_EDGE( '', *, *, #8741, .T. );
#7140 = CARTESIAN_POINT( '', ( -3.87500000000000, -20.0999999999990, 6.34999999999980 ) );
#7141 = DIRECTION( '', ( 0.000000000000000, 0.000000000000000, -1.00000000000000 ) );
#7142 = DIRECTION( '', ( 0.000000000000000, -1.00000000000000, 0.000000000000000 ) );
#7143 = SURFACE_STYLE_FILL_AREA( #8743 );
#7144 = ORIENTED_EDGE( '', *, *, #7932, .F. );
#7145 = ORIENTED_EDGE( '', *, *, #7781, .F. );
#7146 = ORIENTED_EDGE( '', *, *, #7558, .F. );
#7147 = ORIENTED_EDGE( '', *, *, #8013, .F. );
#7148 = ORIENTED_EDGE( '', *, *, #8615, .F. );
#7149 = ORIENTED_EDGE( '', *, *, #7852, .F. );
#7150 = ORIENTED_EDGE( '', *, *, #8488, .T. );
#7151 = ORIENTED_EDGE( '', *, *, #8100, .F. );
#7152 = CARTESIAN_POINT( '', ( 4.55000066682710, -17.9499997766690, -17.1000000000000 ) );
#7153 = DIRECTION( '', ( 1.00000000000000, 0.000000000000000, 0.000000000000000 ) );
#7154 = DIRECTION( '', ( 0.000000000000000, 1.00000000000000, 0.000000000000000 ) );
#7155 = SURFACE_STYLE_FILL_AREA( #8744 );
#7156 = ORIENTED_EDGE( '', *, *, #8540, .T. );
#7157 = ORIENTED_EDGE( '', *, *, #8233, .T. );
#7158 = ORIENTED_EDGE( '', *, *, #8095, .T. );
#7159 = ORIENTED_EDGE( '', *, *, #8694, .F. );
#7160 = ORIENTED_EDGE( '', *, *, #8697, .F. );
#7161 = CARTESIAN_POINT( '', ( 7.30000000000000, -22.6999999999990, 4.79999999999980 ) );
#7162 = DIRECTION( '', ( -0.707106781186759, -0.707106781186336, 0.000000000000000 ) );
#7163 = DIRECTION( '', ( -0.707106781186336, 0.707106781186759, 0.000000000000000 ) );
#7164 = SURFACE_STYLE_FILL_AREA( #8745 );
#7165 = ORIENTED_EDGE( '', *, *, #8576, .F. );
#7166 = ORIENTED_EDGE( '', *, *, #7482, .T. );
#7167 = ORIENTED_EDGE( '', *, *, #8508, .F. );
#7168 = ORIENTED_EDGE( '', *, *, #7485, .T. );
#7169 = CARTESIAN_POINT( '', ( 10.0000000000000, -10.1000000000000, 30.2502776662260 ) );
#7170 = DIRECTION( '', ( -1.00000000000000, 0.000000000000000, 0.000000000000000 ) );
#7171 = DIRECTION( '', ( 0.000000000000000, 0.000000000000000, 1.00000000000000 ) );
#7172 = SURFACE_STYLE_FILL_AREA( #8746 );
#7173 = ORIENTED_EDGE( '', *, *, #7686, .T. );
#7174 = ORIENTED_EDGE( '', *, *, #8062, .F. );
#7175 = ORIENTED_EDGE( '', *, *, #8509, .F. );
#7176 = ORIENTED_EDGE( '', *, *, #8378, .T. );
#7177 = CARTESIAN_POINT( '', ( 6.80000000000000, -19.5000024447210, 4.89428607762750 ) );
#7178 = DIRECTION( '', ( 0.000000000000000, -3.63411009669307E-008, -0.999999999999999 ) );
#7179 = DIRECTION( '', ( 0.000000000000000, -0.999999999999999, 3.63411009669307E-008 ) );
#7180 = SURFACE_STYLE_FILL_AREA( #8747 );
#7181 = ORIENTED_EDGE( '', *, *, #8412, .T. );
#7182 = ORIENTED_EDGE( '', *, *, #8315, .T. );
#7183 = ORIENTED_EDGE( '', *, *, #7702, .F. );
#7184 = ORIENTED_EDGE( '', *, *, #8571, .T. );
#7185 = CARTESIAN_POINT( '', ( -5.87500000000000, -20.0999999999990, 9.64999999999980 ) );
#7186 = DIRECTION( '', ( 0.000000000000000, 0.000000000000000, 1.00000000000000 ) );
#7187 = DIRECTION( '', ( 1.00000000000000, 0.000000000000000, 0.000000000000000 ) );
#7188 = SURFACE_STYLE_FILL_AREA( #8748 );
#7189 = ORIENTED_EDGE( '', *, *, #8625, .F. );
#7190 = ORIENTED_EDGE( '', *, *, #7551, .T. );
#7191 = ORIENTED_EDGE( '', *, *, #8531, .T. );
#7192 = ORIENTED_EDGE( '', *, *, #8559, .T. );
#7193 = ORIENTED_EDGE( '', *, *, #8523, .F. );
#7194 = ORIENTED_EDGE( '', *, *, #7875, .T. );
#7195 = CARTESIAN_POINT( '', ( -5.37507076232750, -15.3499997766690, -4.43328600000000E-015 ) );
#7196 = DIRECTION( '', ( -0.000000000000000, 1.00000000000000, 0.000000000000000 ) );
#7197 = DIRECTION( '', ( 1.00000000000000, 0.000000000000000, 0.000000000000000 ) );
#7198 = SURFACE_STYLE_FILL_AREA( #8749 );
#7199 = ORIENTED_EDGE( '', *, *, #8711, .F. );
#7200 = ORIENTED_EDGE( '', *, *, #8476, .F. );
#7201 = ORIENTED_EDGE( '', *, *, #8564, .F. );
#7202 = ORIENTED_EDGE( '', *, *, #7857, .T. );
#7203 = CARTESIAN_POINT( '', ( -6.49999933317310, -17.1360609997720, -17.0000000000000 ) );
#7204 = DIRECTION( '', ( 0.000000000000000, -1.00000000000000, 0.000000000000000 ) );
#7205 = DIRECTION( '', ( 0.000000000000000, 0.000000000000000, -1.00000000000000 ) );
#7206 = SURFACE_STYLE_FILL_AREA( #8750 );
#7207 = ORIENTED_EDGE( '', *, *, #8691, .F. );
#7208 = ORIENTED_EDGE( '', *, *, #8729, .F. );
#7209 = ORIENTED_EDGE( '', *, *, #8064, .F. );
#7210 = ORIENTED_EDGE( '', *, *, #8666, .F. );
#7211 = CARTESIAN_POINT( '', ( 2.77500000000000, -22.7999999999990, 4.79999999999980 ) );
#7212 = DIRECTION( '', ( 0.000000000000000, 0.000000000000000, 1.00000000000000 ) );
#7213 = DIRECTION( '', ( 1.00000000000000, 0.000000000000000, 0.000000000000000 ) );
#7214 = SURFACE_STYLE_FILL_AREA( #8751 );
#7215 = ORIENTED_EDGE( '', *, *, #8710, .F. );
#7216 = ORIENTED_EDGE( '', *, *, #8120, .T. );
#7217 = ORIENTED_EDGE( '', *, *, #8565, .F. );
#7218 = ORIENTED_EDGE( '', *, *, #8474, .F. );
#7219 = CARTESIAN_POINT( '', ( -5.19999933317300, -16.1194418683650, -17.0000000000000 ) );
#7220 = DIRECTION( '', ( -0.000000000000000, 1.00000000000000, 0.000000000000000 ) );
#7221 = DIRECTION( '', ( 1.00000000000000, 0.000000000000000, 0.000000000000000 ) );
#7222 = SURFACE_STYLE_FILL_AREA( #8752 );
#7223 = ORIENTED_EDGE( '', *, *, #8573, .T. );
#7224 = ORIENTED_EDGE( '', *, *, #8699, .F. );
#7225 = ORIENTED_EDGE( '', *, *, #8503, .F. );
#7226 = ORIENTED_EDGE( '', *, *, #8446, .T. );
#7227 = CARTESIAN_POINT( '', ( -11.1000000000006, -10.1000000000002, 24.1573593128805 ) );
#7228 = DIRECTION( '', ( 6.07153216591979E-014, 1.00000000000000, -2.51279576560317E-014 ) );
#7229 = DIRECTION( '', ( 1.00000000000000, -6.07153216591979E-014, 0.000000000000000 ) );
#7230 = SURFACE_STYLE_FILL_AREA( #8753 );
#7231 = ORIENTED_EDGE( '', *, *, #8724, .T. );
#7232 = ORIENTED_EDGE( '', *, *, #8399, .F. );
#7233 = ORIENTED_EDGE( '', *, *, #8556, .T. );
#7234 = ORIENTED_EDGE( '', *, *, #7854, .T. );
#7235 = ORIENTED_EDGE( '', *, *, #7835, .F. );
#7236 = ORIENTED_EDGE( '', *, *, #7829, .T. );
#7237 = ORIENTED_EDGE( '', *, *, #8211, .F. );
#7238 = ORIENTED_EDGE( '', *, *, #7613, .F. );
#7239 = CARTESIAN_POINT( '', ( -14.2000000000000, -10.0000000000000, -6.93889400000000E-015 ) );
#7240 = DIRECTION( '', ( 2.44327253521127E-016, 0.000000000000000, -1.00000000000000 ) );
#7241 = DIRECTION( '', ( 0.000000000000000, -1.00000000000000, 0.000000000000000 ) );
#7242 = SURFACE_STYLE_FILL_AREA( #8754 );
#7243 = ORIENTED_EDGE( '', *, *, #8563, .F. );
#7244 = ORIENTED_EDGE( '', *, *, #8755, .F. );
#7245 = ORIENTED_EDGE( '', *, *, #7877, .F. );
#7246 = ORIENTED_EDGE( '', *, *, #8522, .T. );
#7247 = CARTESIAN_POINT( '', ( -8.09999933317300, -10.0999997766690, -5.09906000000000E-015 ) );
#7248 = DIRECTION( '', ( 1.00000000000000, 0.000000000000000, 0.000000000000000 ) );
#7249 = DIRECTION( '', ( 0.000000000000000, 1.00000000000000, 0.000000000000000 ) );
#7250 = SURFACE_STYLE_FILL_AREA( #8756 );
#7251 = ORIENTED_EDGE( '', *, *, #7653, .T. );
#7252 = ORIENTED_EDGE( '', *, *, #8706, .F. );
#7253 = ORIENTED_EDGE( '', *, *, #8231, .F. );
#7254 = ORIENTED_EDGE( '', *, *, #8279, .T. );
#7255 = CARTESIAN_POINT( '', ( 6.37500000000000, -22.6999999999990, 10.7000000000000 ) );
#7256 = DIRECTION( '', ( 0.000000000000000, 0.000000000000000, -1.00000000000000 ) );
#7257 = DIRECTION( '', ( 0.000000000000000, -1.00000000000000, 0.000000000000000 ) );
#7258 = SURFACE_STYLE_FILL_AREA( #8757 );
#7259 = ORIENTED_EDGE( '', *, *, #8727, .F. );
#7260 = ORIENTED_EDGE( '', *, *, #8461, .F. );
#7261 = ORIENTED_EDGE( '', *, *, #7668, .T. );
#7262 = ORIENTED_EDGE( '', *, *, #8758, .F. );
#7263 = CARTESIAN_POINT( '', ( 5.87500000000000, -20.0999999999990, 9.64999999999980 ) );
#7264 = DIRECTION( '', ( 0.000000000000000, 0.000000000000000, -1.00000000000000 ) );
#7265 = DIRECTION( '', ( 0.000000000000000, -1.00000000000000, 0.000000000000000 ) );
#7266 = SURFACE_STYLE_FILL_AREA( #8759 );
#7267 = ORIENTED_EDGE( '', *, *, #8134, .F. );
#7268 = ORIENTED_EDGE( '', *, *, #7642, .T. );
#7269 = ORIENTED_EDGE( '', *, *, #7605, .F. );
#7270 = ORIENTED_EDGE( '', *, *, #8726, .F. );
#7271 = ORIENTED_EDGE( '', *, *, #8758, .T. );
#7272 = ORIENTED_EDGE( '', *, *, #7667, .T. );
#7273 = CARTESIAN_POINT( '', ( 3.87500000000000, -21.9999999999990, 10.3000000000000 ) );
#7274 = DIRECTION( '', ( 1.00000000000000, 0.000000000000000, 0.000000000000000 ) );
#7275 = DIRECTION( '', ( 0.000000000000000, 1.00000000000000, 0.000000000000000 ) );
#7276 = SURFACE_STYLE_FILL_AREA( #8760 );
#7277 = ORIENTED_EDGE( '', *, *, #7931, .F. );
#7278 = ORIENTED_EDGE( '', *, *, #7758, .F. );
#7279 = ORIENTED_EDGE( '', *, *, #7560, .T. );
#7280 = ORIENTED_EDGE( '', *, *, #7535, .F. );
#7281 = CARTESIAN_POINT( '', ( 6.66826777172627E-007, -16.5999997766690, -17.0000000000003 ) );
#7282 = DIRECTION( '', ( 3.72646311494453E-014, 8.41919127007332E-014, -1.00000000000000 ) );
#7283 = DIRECTION( '', ( 0.000000000000000, -1.00000000000000, -8.41919127007332E-014 ) );
#7284 = SURFACE_STYLE_FILL_AREA( #8761 );
#7285 = ORIENTED_EDGE( '', *, *, #8223, .F. );
#7286 = ORIENTED_EDGE( '', *, *, #8672, .T. );
#7287 = ORIENTED_EDGE( '', *, *, #8762, .T. );
#7288 = ORIENTED_EDGE( '', *, *, #8733, .F. );
#7289 = CARTESIAN_POINT( '', ( -10.9999999999989, -10.0999999999995, 29.9142135623730 ) );
#7290 = DIRECTION( '', ( 4.54497550706380E-013, 1.00000000000000, -1.88459682420176E-013 ) );
#7291 = DIRECTION( '', ( 1.00000000000000, -4.54497550706380E-013, 0.000000000000000 ) );
#7292 = SURFACE_STYLE_FILL_AREA( #8763 );
#7293 = ORIENTED_EDGE( '', *, *, #8363, .F. );
#7294 = CARTESIAN_POINT( '', ( 9.75000066682697, -16.5999997766688, -10.2500000000000 ) );
#7295 = DIRECTION( '', ( 1.49880108324391E-013, 1.00000000000000, -9.61481343191812E-015 ) );
#7296 = DIRECTION( '', ( 1.00000000000000, -1.49880108324391E-013, -5.55111512312559E-015 ) );
#7297 = SURFACE_STYLE_FILL_AREA( #8764 );
#7298 = ORIENTED_EDGE( '', *, *, #8712, .F. );
#7299 = ORIENTED_EDGE( '', *, *, #8719, .T. );
#7300 = CARTESIAN_POINT( '', ( -9.74999933317306, -16.5999997766690, -10.2500000000000 ) );
#7301 = DIRECTION( '', ( -0.000000000000000, -0.000000000000000, -1.00000000000000 ) );
#7302 = DIRECTION( '', ( 1.00000000000000, 0.000000000000000, 0.000000000000000 ) );
#7303 = SURFACE_STYLE_FILL_AREA( #8765 );
#7304 = ORIENTED_EDGE( '', *, *, #8561, .T. );
#7305 = ORIENTED_EDGE( '', *, *, #8018, .T. );
#7306 = ORIENTED_EDGE( '', *, *, #7991, .F. );
#7307 = ORIENTED_EDGE( '', *, *, #8766, .F. );
#7308 = CARTESIAN_POINT( '', ( -11.3999993331730, -12.3597167672380, -5.90534000000000E-015 ) );
#7309 = DIRECTION( '', ( -1.00000000000000, 0.000000000000000, 0.000000000000000 ) );
#7310 = DIRECTION( '', ( 0.000000000000000, 0.000000000000000, 1.00000000000000 ) );
#7311 = SURFACE_STYLE_FILL_AREA( #8767 );
#7312 = ORIENTED_EDGE( '', *, *, #7916, .T. );
#7313 = ORIENTED_EDGE( '', *, *, #8044, .F. );
#7314 = ORIENTED_EDGE( '', *, *, #7714, .T. );
#7315 = ORIENTED_EDGE( '', *, *, #7994, .T. );
#7316 = CARTESIAN_POINT( '', ( -3.07500000000000, -19.5000024447210, 2.42053974630330 ) );
#7317 = DIRECTION( '', ( 0.000000000000000, -0.139173224534038, -0.990268051374373 ) );
#7318 = DIRECTION( '', ( 0.000000000000000, -0.990268051374373, 0.139173224534038 ) );
#7319 = SURFACE_STYLE_FILL_AREA( #8768 );
#7320 = ORIENTED_EDGE( '', *, *, #7783, .T. );
#7321 = CARTESIAN_POINT( '', ( -14.2000000000000, -10.0000000000000, -6.93889400000000E-015 ) );
#7322 = DIRECTION( '', ( 2.44327253521127E-016, 0.000000000000000, -1.00000000000000 ) );
#7323 = DIRECTION( '', ( 0.000000000000000, -1.00000000000000, 0.000000000000000 ) );
#7324 = SURFACE_STYLE_FILL_AREA( #8769 );
#7325 = ORIENTED_EDGE( '', *, *, #8216, .F. );
#7326 = ORIENTED_EDGE( '', *, *, #8630, .F. );
#7327 = ORIENTED_EDGE( '', *, *, #8770, .F. );
#7328 = ORIENTED_EDGE( '', *, *, #8106, .F. );
#7329 = CARTESIAN_POINT( '', ( 14.0000000000000, -10.1000000000000, 44.3080892972010 ) );
#7330 = DIRECTION( '', ( -1.00000000000000, 0.000000000000000, 0.000000000000000 ) );
#7331 = DIRECTION( '', ( 0.000000000000000, 0.000000000000000, 1.00000000000000 ) );
#7332 = SURFACE_STYLE_FILL_AREA( #8771 );
#7333 = ORIENTED_EDGE( '', *, *, #8080, .T. );
#7334 = ORIENTED_EDGE( '', *, *, #7878, .T. );
#7335 = ORIENTED_EDGE( '', *, *, #8755, .T. );
#7336 = ORIENTED_EDGE( '', *, *, #8562, .T. );
#7337 = ORIENTED_EDGE( '', *, *, #8766, .T. );
#7338 = ORIENTED_EDGE( '', *, *, #7990, .T. );
#7339 = ORIENTED_EDGE( '', *, *, #7608, .T. );
#7340 = ORIENTED_EDGE( '', *, *, #8654, .T. );
#7341 = ORIENTED_EDGE( '', *, *, #8734, .T. );
#7342 = ORIENTED_EDGE( '', *, *, #8762, .F. );
#7343 = ORIENTED_EDGE( '', *, *, #8671, .F. );
#7344 = ORIENTED_EDGE( '', *, *, #8772, .F. );
#7345 = ORIENTED_EDGE( '', *, *, #7711, .T. );
#7346 = ORIENTED_EDGE( '', *, *, #8182, .F. );
#7347 = ORIENTED_EDGE( '', *, *, #8708, .T. );
#7348 = ORIENTED_EDGE( '', *, *, #8518, .T. );
#7349 = ORIENTED_EDGE( '', *, *, #8599, .T. );
#7350 = ORIENTED_EDGE( '', *, *, #7593, .T. );
#7351 = ORIENTED_EDGE( '', *, *, #8662, .T. );
#7352 = ORIENTED_EDGE( '', *, *, #8192, .T. );
#7353 = ORIENTED_EDGE( '', *, *, #7673, .T. );
#7354 = ORIENTED_EDGE( '', *, *, #8107, .T. );
#7355 = ORIENTED_EDGE( '', *, *, #8770, .T. );
#7356 = ORIENTED_EDGE( '', *, *, #8629, .T. );
#7357 = ORIENTED_EDGE( '', *, *, #8365, .T. );
#7358 = ORIENTED_EDGE( '', *, *, #7732, .T. );
#7359 = ORIENTED_EDGE( '', *, *, #8174, .T. );
#7360 = ORIENTED_EDGE( '', *, *, #8342, .T. );
#7361 = ORIENTED_EDGE( '', *, *, #7598, .T. );
#7362 = ORIENTED_EDGE( '', *, *, #8277, .T. );
#7363 = ORIENTED_EDGE( '', *, *, #7826, .T. );
#7364 = ORIENTED_EDGE( '', *, *, #7816, .T. );
#7365 = ORIENTED_EDGE( '', *, *, #8339, .T. );
#7366 = ORIENTED_EDGE( '', *, *, #8616, .T. );
#7367 = ORIENTED_EDGE( '', *, *, #7986, .T. );
#7368 = ORIENTED_EDGE( '', *, *, #8325, .T. );
#7369 = ORIENTED_EDGE( '', *, *, #8511, .T. );
#7370 = ORIENTED_EDGE( '', *, *, #7554, .T. );
#7371 = ORIENTED_EDGE( '', *, *, #8329, .T. );
#7372 = ORIENTED_EDGE( '', *, *, #7918, .T. );
#7373 = ORIENTED_EDGE( '', *, *, #7995, .T. );
#7374 = ORIENTED_EDGE( '', *, *, #7720, .T. );
#7375 = ORIENTED_EDGE( '', *, *, #7619, .T. );
#7376 = ORIENTED_EDGE( '', *, *, #8442, .T. );
#7377 = ORIENTED_EDGE( '', *, *, #8657, .T. );
#7378 = ORIENTED_EDGE( '', *, *, #8696, .T. );
#7379 = CARTESIAN_POINT( '', ( -14.6525002688170, -10.1000000315680, 53.9099998235700 ) );
#7380 = DIRECTION( '', ( 1.14110232466774E-010, 1.00000000000000, 3.73484013405944E-009 ) );
#7381 = DIRECTION( '', ( 0.999533586377286, -3.87740912134232E-026, -0.0305386591676926 ) );
#7382 = SURFACE_STYLE_FILL_AREA( #8773 );
#7383 = ORIENTED_EDGE( '', *, *, #8032, .T. );
#7384 = ORIENTED_EDGE( '', *, *, #8373, .F. );
#7385 = ORIENTED_EDGE( '', *, *, #8603, .F. );
#7386 = ORIENTED_EDGE( '', *, *, #8525, .F. );
#7387 = CARTESIAN_POINT( '', ( 5.87500000000000, -20.0999999999990, 6.34999999999980 ) );
#7388 = DIRECTION( '', ( -1.00000000000000, 0.000000000000000, 0.000000000000000 ) );
#7389 = DIRECTION( '', ( 0.000000000000000, 0.000000000000000, 1.00000000000000 ) );
#7390 = SURFACE_STYLE_FILL_AREA( #8774 );
#7391 = ORIENTED_EDGE( '', *, *, #8302, .F. );
#7392 = ORIENTED_EDGE( '', *, *, #8320, .T. );
#7393 = ORIENTED_EDGE( '', *, *, #8155, .T. );
#7394 = ORIENTED_EDGE( '', *, *, #8123, .T. );
#7395 = CARTESIAN_POINT( '', ( 9.75000020116635, -16.6000001573938, -4.33680900000000E-015 ) );
#7396 = DIRECTION( '', ( -0.000000000000000, -0.000000000000000, 1.00000000000000 ) );
#7397 = DIRECTION( '', ( -1.00000000000000, 0.000000000000000, 0.000000000000000 ) );
#7398 = SURFACE_STYLE_FILL_AREA( #8775 );
#7399 = ORIENTED_EDGE( '', *, *, #8494, .F. );
#7400 = ORIENTED_EDGE( '', *, *, #7848, .T. );
#7401 = ORIENTED_EDGE( '', *, *, #8056, .F. );
#7402 = ORIENTED_EDGE( '', *, *, #7772, .T. );
#7403 = CARTESIAN_POINT( '', ( -0.849999333173000, -21.8999997766690, -17.0000000000000 ) );
#7404 = DIRECTION( '', ( 0.000000000000000, -1.00000000000000, 0.000000000000000 ) );
#7405 = DIRECTION( '', ( 0.000000000000000, 0.000000000000000, -1.00000000000000 ) );
#7406 = SURFACE_STYLE_FILL_AREA( #8776 );
#7407 = ORIENTED_EDGE( '', *, *, #8221, .F. );
#7408 = ORIENTED_EDGE( '', *, *, #7712, .F. );
#7409 = ORIENTED_EDGE( '', *, *, #8772, .T. );
#7410 = ORIENTED_EDGE( '', *, *, #8670, .T. );
#7411 = CARTESIAN_POINT( '', ( -11.0000000000043, -10.1000000000000, 30.2502776662260 ) );
#7412 = DIRECTION( '', ( 1.05818132034135E-013, 1.00000000000000, 2.34744957761009E-014 ) );
#7413 = DIRECTION( '', ( 1.00000000000000, -1.05818132034135E-013, 0.000000000000000 ) );
#7414 = SURFACE_STYLE_FILL_AREA( #8777 );
#7415 = ORIENTED_EDGE( '', *, *, #8430, .F. );
#7416 = ORIENTED_EDGE( '', *, *, #7462, .F. );
#7417 = ORIENTED_EDGE( '', *, *, #8247, .F. );
#7418 = ORIENTED_EDGE( '', *, *, #7695, .T. );
#7419 = CARTESIAN_POINT( '', ( 2.68811998581400, -18.4439090488520, -15.5000000000000 ) );
#7420 = DIRECTION( '', ( 0.866025403784439, 0.000000000000000, -0.500000000000000 ) );
#7421 = DIRECTION( '', ( 0.000000000000000, -1.00000000000000, 0.000000000000000 ) );
#7422 = SURFACE_STYLE_FILL_AREA( #8778 );
#7423 = ORIENTED_EDGE( '', *, *, #8574, .F. );
#7424 = ORIENTED_EDGE( '', *, *, #8287, .F. );
#7425 = ORIENTED_EDGE( '', *, *, #8502, .F. );
#7426 = ORIENTED_EDGE( '', *, *, #7943, .T. );
#7427 = CARTESIAN_POINT( '', ( 14.1000000000000, -10.1000000000000, 24.1573593128810 ) );
#7428 = DIRECTION( '', ( -1.00000000000000, 0.000000000000000, 0.000000000000000 ) );
#7429 = DIRECTION( '', ( 0.000000000000000, 0.000000000000000, 1.00000000000000 ) );
#7430 = SURFACE_STYLE_FILL_AREA( #8779 );
#7431 = ORIENTED_EDGE( '', *, *, #8291, .T. );
#7432 = ORIENTED_EDGE( '', *, *, #8645, .F. );
#7433 = ORIENTED_EDGE( '', *, *, #8683, .T. );
#7434 = ORIENTED_EDGE( '', *, *, #8243, .F. );
#7435 = CARTESIAN_POINT( '', ( -4.44999979883430, -17.1000001573940, -4.33680900000000E-015 ) );
#7436 = DIRECTION( '', ( -1.00000000000000, 0.000000000000000, 0.000000000000000 ) );
#7437 = DIRECTION( '', ( 0.000000000000000, 0.000000000000000, 1.00000000000000 ) );
#7438 = SURFACE_STYLE_FILL_AREA( #8780 );
#7439 = ORIENTED_EDGE( '', *, *, #8296, .T. );
#7440 = ORIENTED_EDGE( '', *, *, #8632, .F. );
#7441 = ORIENTED_EDGE( '', *, *, #7752, .T. );
#7442 = ORIENTED_EDGE( '', *, *, #8345, .F. );
#7443 = CARTESIAN_POINT( '', ( 0.900000201165700, -11.1000001573940, -4.33680900000000E-015 ) );
#7444 = DIRECTION( '', ( -0.000000000000000, 1.00000000000000, 0.000000000000000 ) );
#7445 = DIRECTION( '', ( 1.00000000000000, 0.000000000000000, 0.000000000000000 ) );
#7446 = SURFACE_STYLE_FILL_AREA( #8781 );
#7447 = ORIENTED_EDGE( '', *, *, #7969, .F. );
#7448 = ORIENTED_EDGE( '', *, *, #8738, .F. );
#7449 = ORIENTED_EDGE( '', *, *, #8688, .T. );
#7450 = ORIENTED_EDGE( '', *, *, #8581, .F. );
#7451 = ORIENTED_EDGE( '', *, *, #8384, .F. );
#7452 = CARTESIAN_POINT( '', ( -2.87500000000000, -22.6999999999990, 7.99999999999980 ) );
#7453 = DIRECTION( '', ( 1.00000000000000, 0.000000000000000, 0.000000000000000 ) );
#7454 = DIRECTION( '', ( 0.000000000000000, 1.00000000000000, 0.000000000000000 ) );
#7456 = FILL_AREA_STYLE( '', ( #8782 ) );
#7457 = EDGE_CURVE( 'NONE', #8783, #8783, #8784, .T. );
#7458 = EDGE_CURVE( 'NONE', #8785, #8785, #8786, .T. );
#7459 = FILL_AREA_STYLE( '', ( #8787 ) );
#7460 = EDGE_CURVE( 'NONE', #8788, #8789, #8790, .T. );
#7461 = EDGE_CURVE( 'NONE', #8791, #8789, #8792, .T. );
#7462 = EDGE_CURVE( 'NONE', #8791, #8793, #8794, .T. );
#7463 = EDGE_CURVE( 'NONE', #8795, #8793, #8796, .T. );
#7464 = EDGE_CURVE( 'NONE', #8795, #8797, #8798, .T. );
#7465 = EDGE_CURVE( 'NONE', #8797, #8799, #8800, .T. );
#7466 = EDGE_CURVE( 'NONE', #8799, #8801, #8802, .T. );
#7467 = EDGE_CURVE( 'NONE', #8801, #8788, #8803, .T. );
#7468 = FILL_AREA_STYLE( '', ( #8804 ) );
#7469 = EDGE_CURVE( 'NONE', #8805, #8806, #8807, .T. );
#7470 = EDGE_CURVE( 'NONE', #8808, #8805, #8809, .T. );
#7471 = EDGE_CURVE( 'NONE', #8810, #8808, #8811, .T. );
#7472 = EDGE_CURVE( 'NONE', #8806, #8810, #8812, .T. );
#7473 = FILL_AREA_STYLE( '', ( #8813 ) );
#7474 = EDGE_CURVE( 'NONE', #8814, #8815, #8816, .T. );
#7475 = EDGE_CURVE( 'NONE', #8817, #8815, #8818, .T. );
#7476 = EDGE_CURVE( 'NONE', #8817, #8819, #8820, .T. );
#7477 = EDGE_CURVE( 'NONE', #8819, #8814, #8821, .T. );
#7478 = FILL_AREA_STYLE( '', ( #8822 ) );
#7479 = EDGE_CURVE( 'NONE', #8823, #8824, #8825, .T. );
#7480 = EDGE_CURVE( 'NONE', #8823, #8826, #8827, .T. );
#7481 = EDGE_CURVE( 'NONE', #8828, #8826, #8829, .T. );
#7482 = EDGE_CURVE( 'NONE', #8824, #8828, #8830, .T. );
#7483 = FILL_AREA_STYLE( '', ( #8831 ) );
#7484 = EDGE_CURVE( 'NONE', #8832, #8833, #8834, .T. );
#7485 = EDGE_CURVE( 'NONE', #8835, #8832, #8836, .T. );
#7486 = EDGE_CURVE( 'NONE', #8837, #8835, #8838, .T. );
#7487 = EDGE_CURVE( 'NONE', #8837, #8833, #8839, .T. );
#7488 = FILL_AREA_STYLE( '', ( #8840 ) );
#7489 = EDGE_CURVE( 'NONE', #8841, #8842, #8843, .T. );
#7490 = EDGE_CURVE( 'NONE', #8844, #8842, #8845, .T. );
#7491 = EDGE_CURVE( 'NONE', #8844, #8846, #8847, .T. );
#7492 = EDGE_CURVE( 'NONE', #8841, #8846, #8848, .T. );
#7493 = FILL_AREA_STYLE( '', ( #8849 ) );
#7494 = EDGE_CURVE( 'NONE', #8850, #8851, #8852, .T. );
#7495 = EDGE_CURVE( 'NONE', #8850, #8853, #8854, .T. );
#7496 = EDGE_CURVE( 'NONE', #8855, #8853, #8856, .T. );
#7497 = EDGE_CURVE( 'NONE', #8855, #8851, #8857, .T. );
#7498 = FILL_AREA_STYLE( '', ( #8858 ) );
#7499 = EDGE_CURVE( 'NONE', #8859, #8860, #8861, .T. );
#7500 = EDGE_CURVE( 'NONE', #8862, #8860, #8863, .T. );
#7501 = EDGE_CURVE( 'NONE', #8862, #8864, #8865, .T. );
#7502 = EDGE_CURVE( 'NONE', #8864, #8859, #8866, .T. );
#7503 = FILL_AREA_STYLE( '', ( #8867 ) );
#7504 = EDGE_CURVE( 'NONE', #8868, #8869, #8870, .T. );
#7505 = EDGE_CURVE( 'NONE', #8868, #8871, #8872, .T. );
#7506 = EDGE_CURVE( 'NONE', #8873, #8871, #8874, .T. );
#7507 = EDGE_CURVE( 'NONE', #8869, #8873, #8875, .T. );
#7508 = FILL_AREA_STYLE( '', ( #8876 ) );
#7509 = EDGE_CURVE( 'NONE', #8877, #8878, #8879, .T. );
#7510 = EDGE_CURVE( 'NONE', #8880, #8877, #8881, .T. );
#7511 = EDGE_CURVE( 'NONE', #8882, #8880, #8883, .T. );
#7512 = EDGE_CURVE( 'NONE', #8884, #8882, #8885, .T. );
#7513 = EDGE_CURVE( 'NONE', #8886, #8884, #8887, .T. );
#7514 = EDGE_CURVE( 'NONE', #8886, #8888, #8889, .T. );
#7515 = EDGE_CURVE( 'NONE', #8888, #8890, #8891, .T. );
#7516 = EDGE_CURVE( 'NONE', #8890, #8878, #8892, .T. );
#7517 = FILL_AREA_STYLE( '', ( #8893 ) );
#7518 = EDGE_CURVE( 'NONE', #8894, #8895, #8896, .T. );
#7519 = EDGE_CURVE( 'NONE', #8897, #8895, #8898, .T. );
#7520 = EDGE_CURVE( 'NONE', #8897, #8899, #8900, .T. );
#7521 = EDGE_CURVE( 'NONE', #8894, #8899, #8901, .T. );
#7522 = FILL_AREA_STYLE( '', ( #8902 ) );
#7523 = EDGE_CURVE( 'NONE', #8903, #8904, #8905, .T. );
#7524 = EDGE_CURVE( 'NONE', #8906, #8904, #8907, .T. );
#7525 = EDGE_CURVE( 'NONE', #8908, #8906, #8909, .T. );
#7526 = EDGE_CURVE( 'NONE', #8903, #8908, #8910, .T. );
#7527 = FILL_AREA_STYLE( '', ( #8911 ) );
#7528 = EDGE_CURVE( 'NONE', #8912, #8817, #8913, .T. );
#7529 = EDGE_CURVE( 'NONE', #8914, #8912, #8915, .T. );
#7530 = EDGE_CURVE( 'NONE', #8916, #8914, #8917, .T. );
#7531 = EDGE_CURVE( 'NONE', #8918, #8916, #8919, .T. );
#7532 = EDGE_CURVE( 'NONE', #8918, #8817, #8920, .T. );
#7533 = FILL_AREA_STYLE( '', ( #8921 ) );
#7534 = EDGE_CURVE( 'NONE', #8922, #8923, #8924, .T. );
#7535 = EDGE_CURVE( 'NONE', #8922, #8925, #8926, .T. );
#7536 = EDGE_CURVE( 'NONE', #8927, #8925, #8928, .T. );
#7537 = EDGE_CURVE( 'NONE', #8923, #8927, #8929, .T. );
#7538 = FILL_AREA_STYLE( '', ( #8930 ) );
#7539 = EDGE_CURVE( 'NONE', #8931, #8932, #8933, .T. );
#7540 = EDGE_CURVE( 'NONE', #8934, #8932, #8935, .T. );
#7541 = EDGE_CURVE( 'NONE', #8936, #8934, #8937, .T. );
#7542 = EDGE_CURVE( 'NONE', #8936, #8931, #8938, .T. );
#7543 = FILL_AREA_STYLE( '', ( #8939 ) );
#7544 = EDGE_CURVE( 'NONE', #8940, #8941, #8942, .T. );
#7545 = EDGE_CURVE( 'NONE', #8940, #8943, #8944, .T. );
#7546 = EDGE_CURVE( 'NONE', #8945, #8943, #8946, .T. );
#7547 = EDGE_CURVE( 'NONE', #8941, #8945, #8947, .T. );
#7548 = FILL_AREA_STYLE( '', ( #8948 ) );
#7549 = EDGE_CURVE( 'NONE', #8949, #8950, #8951, .T. );
#7550 = EDGE_CURVE( 'NONE', #8950, #8952, #8953, .T. );
#7551 = EDGE_CURVE( 'NONE', #8954, #8952, #8955, .T. );
#7552 = EDGE_CURVE( 'NONE', #8956, #8954, #8957, .T. );
#7553 = EDGE_CURVE( 'NONE', #8958, #8956, #8959, .T. );
#7554 = EDGE_CURVE( 'NONE', #8960, #8958, #8961, .T. );
#7555 = EDGE_CURVE( 'NONE', #8962, #8960, #8963, .T. );
#7556 = EDGE_CURVE( 'NONE', #8964, #8962, #8965, .T. );
#7557 = EDGE_CURVE( 'NONE', #8966, #8964, #8967, .T. );
#7558 = EDGE_CURVE( 'NONE', #8966, #8968, #8969, .T. );
#7559 = EDGE_CURVE( 'NONE', #8968, #8927, #8970, .T. );
#7560 = EDGE_CURVE( 'NONE', #8971, #8925, #8972, .T. );
#7561 = EDGE_CURVE( 'NONE', #8973, #8971, #8974, .T. );
#7562 = EDGE_CURVE( 'NONE', #8973, #8975, #8976, .T. );
#7563 = EDGE_CURVE( 'NONE', #8977, #8975, #8978, .T. );
#7564 = EDGE_CURVE( 'NONE', #8977, #8979, #8980, .T. );
#7565 = EDGE_CURVE( 'NONE', #8979, #8949, #8981, .T. );
#7566 = FILL_AREA_STYLE( '', ( #8982 ) );
#7567 = EDGE_CURVE( 'NONE', #8983, #8984, #8985, .T. );
#7568 = EDGE_CURVE( 'NONE', #8986, #8984, #8987, .T. );
#7569 = EDGE_CURVE( 'NONE', #8986, #8988, #8989, .T. );
#7570 = EDGE_CURVE( 'NONE', #8990, #8988, #8991, .T. );
#7571 = EDGE_CURVE( 'NONE', #8992, #8990, #8993, .T. );
#7572 = EDGE_CURVE( 'NONE', #8983, #8992, #8994, .T. );
#7573 = FILL_AREA_STYLE( '', ( #8995 ) );
#7574 = EDGE_CURVE( 'NONE', #8996, #8997, #8998, .T. );
#7575 = EDGE_CURVE( 'NONE', #8997, #8999, #9000, .T. );
#7576 = EDGE_CURVE( 'NONE', #8999, #9001, #9002, .T. );
#7577 = EDGE_CURVE( 'NONE', #8996, #9001, #9003, .T. );
#7578 = FILL_AREA_STYLE( '', ( #9004 ) );
#7579 = EDGE_CURVE( 'NONE', #9005, #8918, #9006, .T. );
#7580 = EDGE_CURVE( 'NONE', #9005, #9007, #9008, .T. );
#7581 = EDGE_CURVE( 'NONE', #9009, #9007, #9010, .T. );
#7582 = EDGE_CURVE( 'NONE', #9009, #9011, #9012, .T. );
#7583 = EDGE_CURVE( 'NONE', #9013, #9011, #9014, .T. );
#7584 = EDGE_CURVE( 'NONE', #8819, #9013, #9015, .T. );
#7585 = FILL_AREA_STYLE( '', ( #9016 ) );
#7586 = EDGE_CURVE( 'NONE', #9017, #9018, #9019, .T. );
#7587 = EDGE_CURVE( 'NONE', #9020, #9017, #9021, .T. );
#7588 = EDGE_CURVE( 'NONE', #9020, #9022, #9023, .T. );
#7589 = EDGE_CURVE( 'NONE', #9022, #9018, #9024, .T. );
#7590 = FILL_AREA_STYLE( '', ( #9025 ) );
#7591 = EDGE_CURVE( 'NONE', #9026, #9027, #9028, .T. );
#7592 = EDGE_CURVE( 'NONE', #9029, #9027, #9030, .T. );
#7593 = EDGE_CURVE( 'NONE', #9031, #9029, #9032, .T. );
#7594 = EDGE_CURVE( 'NONE', #9031, #9026, #9033, .T. );
#7595 = FILL_AREA_STYLE( '', ( #9034 ) );
#7596 = EDGE_CURVE( 'NONE', #9035, #9036, #9037, .T. );
#7597 = EDGE_CURVE( 'NONE', #9035, #9038, #9039, .T. );
#7598 = EDGE_CURVE( 'NONE', #9040, #9038, #9041, .T. );
#7599 = EDGE_CURVE( 'NONE', #9036, #9040, #9042, .T. );
#7600 = FILL_AREA_STYLE( '', ( #9043 ) );
#7601 = EDGE_CURVE( 'NONE', #9044, #9045, #9046, .T. );
#7602 = EDGE_CURVE( 'NONE', #9047, #9044, #9048, .T. );
#7603 = EDGE_CURVE( 'NONE', #9047, #9049, #9050, .T. );
#7604 = EDGE_CURVE( 'NONE', #9049, #9051, #9052, .T. );
#7605 = EDGE_CURVE( 'NONE', #9051, #9053, #9054, .T. );
#7606 = EDGE_CURVE( 'NONE', #9045, #9053, #9055, .T. );
#7607 = FILL_AREA_STYLE( '', ( #9056 ) );
#7608 = EDGE_CURVE( 'NONE', #9057, #9058, #9059, .T. );
#7609 = EDGE_CURVE( 'NONE', #9057, #9060, #9061, .T. );
#7610 = EDGE_CURVE( 'NONE', #9060, #9062, #9063, .T. );
#7611 = EDGE_CURVE( 'NONE', #9062, #9064, #9065, .T. );
#7612 = EDGE_CURVE( 'NONE', #9064, #9066, #9067, .T. );
#7613 = EDGE_CURVE( 'NONE', #9066, #9068, #9069, .T. );
#7614 = EDGE_CURVE( 'NONE', #9068, #9070, #9071, .T. );
#7615 = EDGE_CURVE( 'NONE', #9058, #9070, #9072, .T. );
#7616 = FILL_AREA_STYLE( '', ( #9073 ) );
#7617 = EDGE_CURVE( 'NONE', #9074, #9075, #9076, .T. );
#7618 = EDGE_CURVE( 'NONE', #9077, #9075, #9078, .T. );
#7619 = EDGE_CURVE( 'NONE', #9079, #9077, #9080, .T. );
#7620 = EDGE_CURVE( 'NONE', #9079, #9074, #9081, .T. );
#7621 = FILL_AREA_STYLE( '', ( #9082 ) );
#7622 = EDGE_CURVE( 'NONE', #9083, #9084, #9085, .T. );
#7623 = EDGE_CURVE( 'NONE', #9083, #9086, #9087, .T. );
#7624 = EDGE_CURVE( 'NONE', #9088, #9086, #9089, .T. );
#7625 = EDGE_CURVE( 'NONE', #9084, #9088, #9090, .T. );
#7626 = FILL_AREA_STYLE( '', ( #9091 ) );
#7627 = EDGE_CURVE( 'NONE', #9092, #9093, #9094, .T. );
#7628 = EDGE_CURVE( 'NONE', #9086, #9092, #9095, .T. );
#7629 = EDGE_CURVE( 'NONE', #9093, #9083, #9096, .T. );
#7630 = EDGE_CURVE( 'NONE', #9097, #9097, #9098, .T. );
#7631 = FILL_AREA_STYLE( '', ( #9099 ) );
#7632 = EDGE_CURVE( 'NONE', #9100, #9101, #9102, .T. );
#7633 = EDGE_CURVE( 'NONE', #9103, #9100, #9104, .T. );
#7634 = EDGE_CURVE( 'NONE', #9105, #9103, #9106, .T. );
#7635 = EDGE_CURVE( 'NONE', #9105, #9101, #9107, .T. );
#7636 = FILL_AREA_STYLE( '', ( #9108 ) );
#7637 = EDGE_CURVE( 'NONE', #9109, #9110, #9111, .T. );
#7638 = EDGE_CURVE( 'NONE', #9109, #9112, #9113, .T. );
#7639 = EDGE_CURVE( 'NONE', #9112, #9114, #9115, .T. );
#7640 = EDGE_CURVE( 'NONE', #9114, #9116, #9117, .T. );
#7641 = EDGE_CURVE( 'NONE', #9045, #9116, #9118, .T. );
#7642 = EDGE_CURVE( 'NONE', #9119, #9053, #9120, .T. );
#7643 = EDGE_CURVE( 'NONE', #9119, #9121, #9122, .T. );
#7644 = EDGE_CURVE( 'NONE', #9121, #9123, #9124, .T. );
#7645 = EDGE_CURVE( 'NONE', #9125, #9123, #9126, .T. );
#7646 = EDGE_CURVE( 'NONE', #9127, #9125, #9128, .T. );
#7647 = EDGE_CURVE( 'NONE', #9127, #9129, #9130, .T. );
#7648 = EDGE_CURVE( 'NONE', #9129, #9131, #9132, .T. );
#7649 = EDGE_CURVE( 'NONE', #9131, #9133, #9134, .T. );
#7650 = EDGE_CURVE( 'NONE', #9135, #9133, #9136, .T. );
#7651 = EDGE_CURVE( 'NONE', #9137, #9135, #9138, .T. );
#7652 = EDGE_CURVE( 'NONE', #9139, #9137, #9140, .T. );
#7653 = EDGE_CURVE( 'NONE', #9141, #9139, #9142, .T. );
#7654 = EDGE_CURVE( 'NONE', #9143, #9141, #9144, .T. );
#7655 = EDGE_CURVE( 'NONE', #9110, #9143, #9145, .T. );
#7656 = FILL_AREA_STYLE( '', ( #9146 ) );
#7657 = EDGE_CURVE( 'NONE', #9147, #9148, #9149, .T. );
#7658 = EDGE_CURVE( 'NONE', #9150, #9148, #9151, .T. );
#7659 = EDGE_CURVE( 'NONE', #9150, #9152, #9153, .T. );
#7660 = EDGE_CURVE( 'NONE', #9152, #9147, #9154, .T. );
#7661 = FILL_AREA_STYLE( '', ( #9155 ) );
#7662 = EDGE_CURVE( 'NONE', #9156, #9135, #9157, .T. );
#7663 = EDGE_CURVE( 'NONE', #9158, #9156, #9159, .T. );
#7664 = EDGE_CURVE( 'NONE', #9158, #9137, #9160, .T. );
#7665 = FILL_AREA_STYLE( '', ( #9161 ) );
#7666 = EDGE_CURVE( 'NONE', #9162, #9163, #9164, .T. );
#7667 = EDGE_CURVE( 'NONE', #9165, #9162, #9166, .T. );
#7668 = EDGE_CURVE( 'NONE', #9167, #9165, #9168, .T. );
#7669 = EDGE_CURVE( 'NONE', #9167, #9163, #9169, .T. );
#7670 = FILL_AREA_STYLE( '', ( #9170 ) );
#7671 = EDGE_CURVE( 'NONE', #9171, #9172, #9173, .T. );
#7672 = EDGE_CURVE( 'NONE', #9171, #9174, #9175, .T. );
#7673 = EDGE_CURVE( 'NONE', #9176, #9174, #9177, .T. );
#7674 = EDGE_CURVE( 'NONE', #9172, #9176, #9178, .T. );
#7675 = FILL_AREA_STYLE( '', ( #9179 ) );
#7676 = EDGE_CURVE( 'NONE', #9180, #8859, #9181, .T. );
#7677 = EDGE_CURVE( 'NONE', #8864, #9182, #9183, .T. );
#7678 = EDGE_CURVE( 'NONE', #9180, #9182, #9184, .T. );
#7679 = FILL_AREA_STYLE( '', ( #9185 ) );
#7680 = EDGE_CURVE( 'NONE', #9186, #9187, #9188, .T. );
#7681 = EDGE_CURVE( 'NONE', #9186, #9189, #9190, .T. );
#7682 = EDGE_CURVE( 'NONE', #9189, #9191, #9192, .T. );
#7683 = EDGE_CURVE( 'NONE', #9191, #9193, #9194, .T. );
#7684 = EDGE_CURVE( 'NONE', #9195, #9193, #9196, .T. );
#7685 = EDGE_CURVE( 'NONE', #9197, #9195, #9198, .T. );
#7686 = EDGE_CURVE( 'NONE', #9199, #9197, #9200, .T. );
#7687 = EDGE_CURVE( 'NONE', #9187, #9199, #9201, .T. );
#7688 = FILL_AREA_STYLE( '', ( #9202 ) );
#7689 = EDGE_CURVE( 'NONE', #9203, #9204, #9205, .T. );
#7690 = EDGE_CURVE( 'NONE', #9203, #9206, #9207, .T. );
#7691 = EDGE_CURVE( 'NONE', #9206, #9208, #9209, .T. );
#7692 = EDGE_CURVE( 'NONE', #9204, #9208, #9210, .T. );
#7693 = FILL_AREA_STYLE( '', ( #9211 ) );
#7694 = EDGE_CURVE( 'NONE', #9212, #9213, #9214, .T. );
#7695 = EDGE_CURVE( 'NONE', #9215, #9212, #9216, .T. );
#7696 = EDGE_CURVE( 'NONE', #9217, #9215, #9218, .T. );
#7697 = EDGE_CURVE( 'NONE', #9213, #9217, #9219, .T. );
#7698 = EDGE_CURVE( 'NONE', #9220, #9220, #9221, .T. );
#7699 = FILL_AREA_STYLE( '', ( #9222 ) );
#7700 = EDGE_CURVE( 'NONE', #9223, #9224, #9225, .T. );
#7701 = EDGE_CURVE( 'NONE', #9226, #9224, #9227, .T. );
#7702 = EDGE_CURVE( 'NONE', #9226, #9228, #9229, .T. );
#7703 = EDGE_CURVE( 'NONE', #9228, #9223, #9230, .T. );
#7704 = FILL_AREA_STYLE( '', ( #9231 ) );
#7705 = EDGE_CURVE( 'NONE', #9017, #9232, #9233, .T. );
#7706 = EDGE_CURVE( 'NONE', #9232, #9234, #9235, .T. );
#7707 = EDGE_CURVE( 'NONE', #9020, #9234, #9236, .T. );
#7708 = FILL_AREA_STYLE( '', ( #9237 ) );
#7709 = EDGE_CURVE( 'NONE', #9238, #9239, #9240, .T. );
#7710 = EDGE_CURVE( 'NONE', #9239, #9241, #9242, .T. );
#7711 = EDGE_CURVE( 'NONE', #9243, #9241, #9244, .T. );
#7712 = EDGE_CURVE( 'NONE', #9243, #9238, #9245, .T. );
#7713 = FILL_AREA_STYLE( '', ( #9246 ) );
#7714 = EDGE_CURVE( 'NONE', #9247, #9248, #9249, .T. );
#7715 = EDGE_CURVE( 'NONE', #9250, #9247, #9251, .T. );
#7716 = EDGE_CURVE( 'NONE', #9252, #9250, #9253, .T. );
#7717 = EDGE_CURVE( 'NONE', #9252, #9254, #9255, .T. );
#7718 = EDGE_CURVE( 'NONE', #9256, #9254, #9257, .T. );
#7719 = EDGE_CURVE( 'NONE', #9256, #9258, #9259, .T. );
#7720 = EDGE_CURVE( 'NONE', #9260, #9258, #9261, .T. );
#7721 = EDGE_CURVE( 'NONE', #9248, #9260, #9262, .T. );
#7722 = FILL_AREA_STYLE( '', ( #9263 ) );
#7723 = EDGE_CURVE( 'NONE', #9264, #9265, #9266, .T. );
#7724 = EDGE_CURVE( 'NONE', #9265, #9267, #9268, .T. );
#7725 = EDGE_CURVE( 'NONE', #9267, #9009, #9269, .T. );
#7726 = EDGE_CURVE( 'NONE', #9007, #9270, #9271, .T. );
#7727 = EDGE_CURVE( 'NONE', #8890, #9270, #9272, .T. );
#7728 = EDGE_CURVE( 'NONE', #9264, #8888, #9273, .T. );
#7729 = FILL_AREA_STYLE( '', ( #9274 ) );
#7730 = EDGE_CURVE( 'NONE', #9275, #9276, #9277, .T. );
#7731 = EDGE_CURVE( 'NONE', #9278, #9275, #9279, .T. );
#7732 = EDGE_CURVE( 'NONE', #9280, #9278, #9281, .T. );
#7733 = EDGE_CURVE( 'NONE', #9280, #9276, #9282, .T. );
#7734 = FILL_AREA_STYLE( '', ( #9283 ) );
#7735 = EDGE_CURVE( 'NONE', #9284, #9285, #9286, .T. );
#7736 = EDGE_CURVE( 'NONE', #9284, #9287, #9288, .T. );
#7737 = EDGE_CURVE( 'NONE', #9289, #9287, #9290, .T. );
#7738 = EDGE_CURVE( 'NONE', #9285, #9289, #9291, .T. );
#7739 = FILL_AREA_STYLE( '', ( #9292 ) );
#7740 = EDGE_CURVE( 'NONE', #9293, #9293, #9294, .T. );
#7741 = EDGE_CURVE( 'NONE', #9295, #9295, #9296, .T. );
#7742 = FILL_AREA_STYLE( '', ( #9297 ) );
#7743 = EDGE_CURVE( 'NONE', #8988, #9298, #9299, .T. );
#7744 = EDGE_CURVE( 'NONE', #8986, #9300, #9301, .T. );
#7745 = EDGE_CURVE( 'NONE', #9298, #9300, #9302, .T. );
#7746 = FILL_AREA_STYLE( '', ( #9303 ) );
#7747 = EDGE_CURVE( 'NONE', #9304, #8842, #9305, .T. );
#7748 = EDGE_CURVE( 'NONE', #9304, #9306, #9307, .T. );
#7749 = EDGE_CURVE( 'NONE', #9306, #8844, #9308, .T. );
#7750 = FILL_AREA_STYLE( '', ( #9309 ) );
#7751 = EDGE_CURVE( 'NONE', #9310, #9311, #9312, .T. );
#7752 = EDGE_CURVE( 'NONE', #9313, #9310, #9314, .T. );
#7753 = EDGE_CURVE( 'NONE', #9315, #9313, #9316, .T. );
#7754 = EDGE_CURVE( 'NONE', #9311, #9315, #9317, .T. );
#7755 = FILL_AREA_STYLE( '', ( #9318 ) );
#7756 = EDGE_CURVE( 'NONE', #9319, #9320, #9321, .T. );
#7757 = EDGE_CURVE( 'NONE', #8973, #9319, #9322, .T. );
#7758 = EDGE_CURVE( 'NONE', #8971, #9320, #9323, .T. );
#7759 = FILL_AREA_STYLE( '', ( #9324 ) );
#7760 = EDGE_CURVE( 'NONE', #9325, #8903, #9326, .T. );
#7761 = EDGE_CURVE( 'NONE', #9327, #8908, #9328, .T. );
#7762 = EDGE_CURVE( 'NONE', #9125, #9327, #9329, .T. );
#7763 = EDGE_CURVE( 'NONE', #9123, #9325, #9330, .T. );
#7764 = FILL_AREA_STYLE( '', ( #9331 ) );
#7765 = EDGE_CURVE( 'NONE', #9332, #8815, #9333, .T. );
#7766 = EDGE_CURVE( 'NONE', #8815, #9334, #9335, .T. );
#7767 = EDGE_CURVE( 'NONE', #9334, #9336, #9337, .T. );
#7768 = EDGE_CURVE( 'NONE', #9338, #9336, #9339, .T. );
#7769 = EDGE_CURVE( 'NONE', #9332, #9338, #9340, .T. );
#7770 = FILL_AREA_STYLE( '', ( #9341 ) );
#7771 = EDGE_CURVE( 'NONE', #9342, #9343, #9344, .T. );
#7772 = EDGE_CURVE( 'NONE', #9345, #9343, #9346, .T. );
#7773 = EDGE_CURVE( 'NONE', #9347, #9345, #9348, .T. );
#7774 = EDGE_CURVE( 'NONE', #9347, #9342, #9349, .T. );
#7775 = FILL_AREA_STYLE( '', ( #9350 ) );
#7776 = EDGE_CURVE( 'NONE', #9351, #9352, #9353, .T. );
#7777 = EDGE_CURVE( 'NONE', #9351, #8884, #9354, .T. );
#7778 = EDGE_CURVE( 'NONE', #8882, #9352, #9355, .T. );
#7779 = FILL_AREA_STYLE( '', ( #9356 ) );
#7780 = EDGE_CURVE( 'NONE', #8923, #9357, #9358, .T. );
#7781 = EDGE_CURVE( 'NONE', #8968, #9357, #9359, .T. );
#7782 = FILL_AREA_STYLE( '', ( #9360 ) );
#7783 = EDGE_CURVE( 'NONE', #9361, #9361, #9362, .T. );
#7784 = FILL_AREA_STYLE( '', ( #9363 ) );
#7785 = EDGE_CURVE( 'NONE', #9364, #9365, #9366, .T. );
#7786 = EDGE_CURVE( 'NONE', #9364, #9367, #9368, .T. );
#7787 = EDGE_CURVE( 'NONE', #9367, #8791, #9369, .T. );
#7788 = EDGE_CURVE( 'NONE', #9370, #8789, #9371, .T. );
#7789 = EDGE_CURVE( 'NONE', #9370, #9372, #9373, .T. );
#7790 = EDGE_CURVE( 'NONE', #9372, #9374, #9375, .T. );
#7791 = EDGE_CURVE( 'NONE', #9374, #9365, #9376, .T. );
#7792 = FILL_AREA_STYLE( '', ( #9377 ) );
#7793 = EDGE_CURVE( 'NONE', #9378, #9379, #9380, .T. );
#7794 = EDGE_CURVE( 'NONE', #9381, #9379, #9382, .T. );
#7795 = EDGE_CURVE( 'NONE', #9383, #9381, #9384, .T. );
#7796 = EDGE_CURVE( 'NONE', #9383, #9378, #9385, .T. );
#7797 = FILL_AREA_STYLE( '', ( #9386 ) );
#7798 = EDGE_CURVE( 'NONE', #9387, #9388, #9389, .T. );
#7799 = EDGE_CURVE( 'NONE', #9387, #9390, #9391, .T. );
#7800 = EDGE_CURVE( 'NONE', #9392, #9390, #9393, .T. );
#7801 = EDGE_CURVE( 'NONE', #9388, #9392, #9394, .T. );
#7802 = FILL_AREA_STYLE( '', ( #9395 ) );
#7803 = EDGE_CURVE( 'NONE', #9396, #9397, #9398, .T. );
#7804 = EDGE_CURVE( 'NONE', #8977, #9396, #9399, .T. );
#7805 = EDGE_CURVE( 'NONE', #9397, #8975, #9400, .T. );
#7806 = FILL_AREA_STYLE( '', ( #9401 ) );
#7807 = EDGE_CURVE( 'NONE', #9402, #9403, #9404, .T. );
#7808 = EDGE_CURVE( 'NONE', #9402, #9405, #9406, .T. );
#7809 = EDGE_CURVE( 'NONE', #9407, #9405, #9408, .T. );
#7810 = EDGE_CURVE( 'NONE', #9298, #9407, #9409, .T. );
#7811 = EDGE_CURVE( 'NONE', #9300, #9403, #9410, .T. );
#7812 = FILL_AREA_STYLE( '', ( #9411 ) );
#7813 = EDGE_CURVE( 'NONE', #9412, #9413, #9414, .T. );
#7814 = EDGE_CURVE( 'NONE', #9413, #9415, #9416, .T. );
#7815 = EDGE_CURVE( 'NONE', #9417, #9415, #9418, .T. );
#7816 = EDGE_CURVE( 'NONE', #9412, #9417, #9419, .T. );
#7817 = FILL_AREA_STYLE( '', ( #9420 ) );
#7818 = EDGE_CURVE( 'NONE', #8895, #8788, #9421, .T. );
#7819 = EDGE_CURVE( 'NONE', #8801, #8897, #9422, .T. );
#7820 = FILL_AREA_STYLE( '', ( #9423 ) );
#7821 = EDGE_CURVE( 'NONE', #9424, #9425, #9426, .T. );
#7822 = EDGE_CURVE( 'NONE', #9424, #9427, #9428, .T. );
#7823 = EDGE_CURVE( 'NONE', #9429, #9427, #9430, .T. );
#7824 = EDGE_CURVE( 'NONE', #9425, #9429, #9431, .T. );
#7825 = FILL_AREA_STYLE( '', ( #9432 ) );
#7826 = EDGE_CURVE( 'NONE', #9433, #9412, #9434, .T. );
#7827 = EDGE_CURVE( 'NONE', #9435, #9433, #9436, .T. );
#7828 = EDGE_CURVE( 'NONE', #9437, #9435, #9438, .T. );
#7829 = EDGE_CURVE( 'NONE', #9439, #9437, #9440, .T. );
#7830 = EDGE_CURVE( 'NONE', #9441, #9439, #9442, .T. );
#7831 = EDGE_CURVE( 'NONE', #9443, #9441, #9444, .T. );
#7832 = EDGE_CURVE( 'NONE', #9413, #9443, #9445, .T. );
#7833 = FILL_AREA_STYLE( '', ( #9446 ) );
#7834 = EDGE_CURVE( 'NONE', #9441, #9447, #9448, .T. );
#7835 = EDGE_CURVE( 'NONE', #9439, #9449, #9450, .T. );
#7836 = EDGE_CURVE( 'NONE', #9449, #9447, #9451, .T. );
#7837 = FILL_AREA_STYLE( '', ( #9452 ) );
#7838 = EDGE_CURVE( 'NONE', #9453, #9454, #9455, .T. );
#7839 = EDGE_CURVE( 'NONE', #9453, #9456, #9457, .T. );
#7840 = EDGE_CURVE( 'NONE', #9456, #9458, #9459, .T. );
#7841 = EDGE_CURVE( 'NONE', #9458, #9460, #9461, .T. );
#7842 = EDGE_CURVE( 'NONE', #9462, #9460, #9463, .T. );
#7843 = EDGE_CURVE( 'NONE', #9462, #9454, #9464, .T. );
#7844 = FILL_AREA_STYLE( '', ( #9465 ) );
#7845 = EDGE_CURVE( 'NONE', #9466, #9467, #9468, .T. );
#7846 = EDGE_CURVE( 'NONE', #9467, #9469, #9470, .T. );
#7847 = EDGE_CURVE( 'NONE', #9471, #9469, #9472, .T. );
#7848 = EDGE_CURVE( 'NONE', #9466, #9471, #9473, .T. );
#7849 = FILL_AREA_STYLE( '', ( #9474 ) );
#7850 = EDGE_CURVE( 'NONE', #9475, #9476, #9477, .T. );
#7851 = EDGE_CURVE( 'NONE', #9476, #9478, #9479, .T. );
#7852 = EDGE_CURVE( 'NONE', #9478, #9480, #9481, .T. );
#7853 = EDGE_CURVE( 'NONE', #9480, #9447, #9482, .T. );
#7854 = EDGE_CURVE( 'NONE', #9475, #9449, #9483, .T. );
#7855 = FILL_AREA_STYLE( '', ( #9484 ) );
#7856 = EDGE_CURVE( 'NONE', #9485, #8810, #9486, .T. );
#7857 = EDGE_CURVE( 'NONE', #9487, #9485, #9488, .T. );
#7858 = EDGE_CURVE( 'NONE', #8806, #9487, #9489, .T. );
#7859 = FILL_AREA_STYLE( '', ( #9490 ) );
#7860 = EDGE_CURVE( 'NONE', #8795, #9491, #9492, .T. );
#7861 = EDGE_CURVE( 'NONE', #8793, #9493, #9494, .T. );
#7862 = EDGE_CURVE( 'NONE', #9493, #9495, #9496, .T. );
#7863 = EDGE_CURVE( 'NONE', #9497, #9495, #9498, .T. );
#7864 = EDGE_CURVE( 'NONE', #9497, #9311, #9499, .T. );
#7865 = EDGE_CURVE( 'NONE', #9315, #9491, #9500, .T. );
#7866 = FILL_AREA_STYLE( '', ( #9501 ) );
#7867 = EDGE_CURVE( 'NONE', #9502, #9503, #9504, .T. );
#7868 = EDGE_CURVE( 'NONE', #9505, #9503, #9506, .T. );
#7869 = EDGE_CURVE( 'NONE', #9507, #9505, #9508, .T. );
#7870 = EDGE_CURVE( 'NONE', #9507, #9502, #9509, .T. );
#7871 = FILL_AREA_STYLE( '', ( #9510 ) );
#7872 = EDGE_CURVE( 'NONE', #9267, #9511, #9512, .T. );
#7873 = EDGE_CURVE( 'NONE', #9011, #9511, #9513, .T. );
#7874 = FILL_AREA_STYLE( '', ( #9514 ) );
#7875 = EDGE_CURVE( 'NONE', #9515, #9516, #9517, .T. );
#7876 = EDGE_CURVE( 'NONE', #9515, #9518, #9519, .T. );
#7877 = EDGE_CURVE( 'NONE', #9518, #9520, #9521, .T. );
#7878 = EDGE_CURVE( 'NONE', #9522, #9520, #9523, .T. );
#7879 = EDGE_CURVE( 'NONE', #9522, #9524, #9525, .T. );
#7880 = EDGE_CURVE( 'NONE', #9524, #9516, #9526, .T. );
#7881 = FILL_AREA_STYLE( '', ( #9527 ) );
#7882 = EDGE_CURVE( 'NONE', #8833, #9528, #9529, .T. );
#7883 = EDGE_CURVE( 'NONE', #9530, #8837, #9531, .T. );
#7884 = EDGE_CURVE( 'NONE', #9528, #9530, #9532, .T. );
#7885 = FILL_AREA_STYLE( '', ( #9533 ) );
#7886 = EDGE_CURVE( 'NONE', #9534, #9535, #9536, .T. );
#7887 = EDGE_CURVE( 'NONE', #9534, #9537, #9538, .T. );
#7888 = EDGE_CURVE( 'NONE', #9539, #9537, #9540, .T. );
#7889 = EDGE_CURVE( 'NONE', #9539, #9535, #9541, .T. );
#7890 = FILL_AREA_STYLE( '', ( #9542 ) );
#7891 = EDGE_CURVE( 'NONE', #9543, #9232, #9544, .T. );
#7892 = EDGE_CURVE( 'NONE', #9545, #9543, #9546, .T. );
#7893 = EDGE_CURVE( 'NONE', #9545, #9234, #9547, .T. );
#7894 = FILL_AREA_STYLE( '', ( #9548 ) );
#7895 = EDGE_CURVE( 'NONE', #9127, #9549, #9550, .T. );
#7896 = EDGE_CURVE( 'NONE', #9549, #9551, #9552, .T. );
#7897 = EDGE_CURVE( 'NONE', #9551, #9116, #9553, .T. );
#7898 = EDGE_CURVE( 'NONE', #9075, #9114, #9554, .T. );
#7899 = EDGE_CURVE( 'NONE', #9129, #9074, #9555, .T. );
#7900 = FILL_AREA_STYLE( '', ( #9556 ) );
#7901 = EDGE_CURVE( 'NONE', #9557, #9558, #9559, .T. );
#7902 = EDGE_CURVE( 'NONE', #9558, #9284, #9560, .T. );
#7903 = EDGE_CURVE( 'NONE', #9285, #9561, #9562, .T. );
#7904 = EDGE_CURVE( 'NONE', #9561, #9100, #9563, .T. );
#7905 = EDGE_CURVE( 'NONE', #9101, #9564, #9565, .T. );
#7906 = EDGE_CURVE( 'NONE', #9564, #9566, #9567, .T. );
#7907 = EDGE_CURVE( 'NONE', #9566, #9568, #9569, .T. );
#7908 = EDGE_CURVE( 'NONE', #9568, #9570, #9571, .T. );
#7909 = EDGE_CURVE( 'NONE', #9570, #9572, #9573, .T. );
#7910 = EDGE_CURVE( 'NONE', #9572, #9557, #9574, .T. );
#7911 = EDGE_CURVE( 'NONE', #9575, #9575, #9576, .T. );
#7912 = FILL_AREA_STYLE( '', ( #9577 ) );
#7913 = EDGE_CURVE( 'NONE', #9578, #9579, #9580, .T. );
#7914 = EDGE_CURVE( 'NONE', #9578, #9152, #9581, .T. );
#7915 = EDGE_CURVE( 'NONE', #9582, #9150, #9583, .T. );
#7916 = EDGE_CURVE( 'NONE', #9584, #9582, #9585, .T. );
#7917 = EDGE_CURVE( 'NONE', #9586, #9584, #9587, .T. );
#7918 = EDGE_CURVE( 'NONE', #9588, #9586, #9589, .T. );
#7919 = EDGE_CURVE( 'NONE', #9579, #9588, #9590, .T. );
#7920 = FILL_AREA_STYLE( '', ( #9591 ) );
#7921 = EDGE_CURVE( 'NONE', #8851, #9592, #9593, .T. );
#7922 = EDGE_CURVE( 'NONE', #9592, #9594, #9595, .T. );
#7923 = EDGE_CURVE( 'NONE', #9594, #9596, #9597, .T. );
#7924 = EDGE_CURVE( 'NONE', #9596, #9598, #9599, .T. );
#7925 = EDGE_CURVE( 'NONE', #9598, #9600, #9601, .T. );
#7926 = EDGE_CURVE( 'NONE', #9600, #9602, #9603, .T. );
#7927 = EDGE_CURVE( 'NONE', #9602, #9604, #9605, .T. );
#7928 = EDGE_CURVE( 'NONE', #9604, #9606, #9607, .T. );
#7929 = EDGE_CURVE( 'NONE', #9606, #9396, #9608, .T. );
#7930 = EDGE_CURVE( 'NONE', #9397, #9319, #9609, .T. );
#7931 = EDGE_CURVE( 'NONE', #9320, #8922, #9610, .T. );
#7932 = EDGE_CURVE( 'NONE', #9357, #9611, #9612, .T. );
#7933 = EDGE_CURVE( 'NONE', #9611, #8850, #9613, .T. );
#7934 = FILL_AREA_STYLE( '', ( #9614 ) );
#7935 = EDGE_CURVE( 'NONE', #9615, #8855, #9616, .T. );
#7936 = EDGE_CURVE( 'NONE', #9592, #9615, #9617, .T. );
#7937 = FILL_AREA_STYLE( '', ( #9618 ) );
#7938 = EDGE_CURVE( 'NONE', #8841, #9619, #9620, .T. );
#7939 = EDGE_CURVE( 'NONE', #8846, #9621, #9622, .T. );
#7940 = EDGE_CURVE( 'NONE', #9621, #9619, #9623, .T. );
#7941 = FILL_AREA_STYLE( '', ( #9624 ) );
#7942 = EDGE_CURVE( 'NONE', #9625, #9626, #9627, .T. );
#7943 = EDGE_CURVE( 'NONE', #9628, #9625, #9629, .T. );
#7944 = EDGE_CURVE( 'NONE', #9630, #9628, #9631, .T. );
#7945 = EDGE_CURVE( 'NONE', #9626, #9630, #9632, .T. );
#7946 = FILL_AREA_STYLE( '', ( #9633 ) );
#7947 = EDGE_CURVE( 'NONE', #9634, #9635, #9636, .T. );
#7948 = EDGE_CURVE( 'NONE', #9637, #9634, #9638, .T. );
#7949 = EDGE_CURVE( 'NONE', #9639, #9637, #9640, .T. );
#7950 = EDGE_CURVE( 'NONE', #9635, #9639, #9641, .T. );
#7951 = FILL_AREA_STYLE( '', ( #9642 ) );
#7952 = EDGE_CURVE( 'NONE', #9643, #9644, #9645, .T. );
#7953 = EDGE_CURVE( 'NONE', #9646, #9643, #9647, .T. );
#7954 = EDGE_CURVE( 'NONE', #9648, #9646, #9649, .T. );
#7955 = EDGE_CURVE( 'NONE', #9644, #9648, #9650, .T. );
#7956 = FILL_AREA_STYLE( '', ( #9651 ) );
#7957 = EDGE_CURVE( 'NONE', #9652, #9424, #9653, .T. );
#7958 = EDGE_CURVE( 'NONE', #9652, #9654, #9655, .T. );
#7959 = EDGE_CURVE( 'NONE', #9427, #9654, #9656, .T. );
#7960 = FILL_AREA_STYLE( '', ( #9657 ) );
#7961 = EDGE_CURVE( 'NONE', #9658, #9336, #9659, .T. );
#7962 = EDGE_CURVE( 'NONE', #9334, #9660, #9661, .T. );
#7963 = EDGE_CURVE( 'NONE', #9660, #9658, #9662, .T. );
#7964 = FILL_AREA_STYLE( '', ( #9663 ) );
#7965 = EDGE_CURVE( 'NONE', #9664, #9387, #9665, .T. );
#7966 = EDGE_CURVE( 'NONE', #9664, #9666, #9667, .T. );
#7967 = EDGE_CURVE( 'NONE', #9390, #9666, #9668, .T. );
#7968 = FILL_AREA_STYLE( '', ( #9669 ) );
#7969 = EDGE_CURVE( 'NONE', #9670, #9671, #9672, .T. );
#7970 = EDGE_CURVE( 'NONE', #9671, #9673, #9674, .T. );
#7971 = EDGE_CURVE( 'NONE', #9673, #9675, #9676, .T. );
#7972 = EDGE_CURVE( 'NONE', #9675, #9652, #9677, .T. );
#7973 = EDGE_CURVE( 'NONE', #9425, #9658, #9678, .T. );
#7974 = EDGE_CURVE( 'NONE', #9265, #9660, #9679, .T. );
#7975 = EDGE_CURVE( 'NONE', #9264, #9680, #9681, .T. );
#7976 = EDGE_CURVE( 'NONE', #9680, #9682, #9683, .T. );
#7977 = EDGE_CURVE( 'NONE', #9684, #9682, #9685, .T. );
#7978 = EDGE_CURVE( 'NONE', #9686, #9684, #9687, .T. );
#7979 = EDGE_CURVE( 'NONE', #9686, #9688, #9689, .T. );
#7980 = EDGE_CURVE( 'NONE', #9690, #9688, #9691, .T. );
#7981 = EDGE_CURVE( 'NONE', #9690, #9270, #9692, .T. );
#7982 = EDGE_CURVE( 'NONE', #9670, #9005, #9693, .T. );
#7983 = FILL_AREA_STYLE( '', ( #9694 ) );
#7984 = EDGE_CURVE( 'NONE', #9695, #8869, #9696, .T. );
#7985 = EDGE_CURVE( 'NONE', #9697, #8873, #9698, .T. );
#7986 = EDGE_CURVE( 'NONE', #9695, #9697, #9699, .T. );
#7987 = FILL_AREA_STYLE( '', ( #9700 ) );
#7988 = EDGE_CURVE( 'NONE', #9551, #9044, #9701, .T. );
#7989 = FILL_AREA_STYLE( '', ( #9702 ) );
#7990 = EDGE_CURVE( 'NONE', #9703, #9057, #9704, .T. );
#7991 = EDGE_CURVE( 'NONE', #9703, #9705, #9706, .T. );
#7992 = EDGE_CURVE( 'NONE', #9705, #9060, #9707, .T. );
#7993 = FILL_AREA_STYLE( '', ( #9708 ) );
#7994 = EDGE_CURVE( 'NONE', #9248, #9584, #9709, .T. );
#7995 = EDGE_CURVE( 'NONE', #9586, #9260, #9710, .T. );
#7996 = FILL_AREA_STYLE( '', ( #9711 ) );
#7997 = EDGE_CURVE( 'NONE', #9712, #9713, #9714, .T. );
#7998 = EDGE_CURVE( 'NONE', #9715, #9712, #9716, .T. );
#7999 = EDGE_CURVE( 'NONE', #9717, #9715, #9718, .T. );
#8000 = EDGE_CURVE( 'NONE', #9717, #9713, #9719, .T. );
#8001 = FILL_AREA_STYLE( '', ( #9720 ) );
#8002 = EDGE_CURVE( 'NONE', #9721, #9598, #9722, .T. );
#8003 = EDGE_CURVE( 'NONE', #9723, #9721, #9724, .T. );
#8004 = EDGE_CURVE( 'NONE', #9723, #9600, #9725, .T. );
#8005 = FILL_AREA_STYLE( '', ( #9726 ) );
#8006 = EDGE_CURVE( 'NONE', #9727, #9728, #9729, .T. );
#8007 = EDGE_CURVE( 'NONE', #9730, #9727, #9731, .T. );
#8008 = EDGE_CURVE( 'NONE', #9730, #9732, #9733, .T. );
#8009 = EDGE_CURVE( 'NONE', #9734, #9732, #9735, .T. );
#8010 = EDGE_CURVE( 'NONE', #9728, #9734, #9736, .T. );
#8011 = FILL_AREA_STYLE( '', ( #9737 ) );
#8012 = EDGE_CURVE( 'NONE', #8868, #9738, #9739, .T. );
#8013 = EDGE_CURVE( 'NONE', #9738, #8966, #9740, .T. );
#8014 = EDGE_CURVE( 'NONE', #9741, #8964, #9742, .T. );
#8015 = EDGE_CURVE( 'NONE', #9741, #8871, #9743, .T. );
#8016 = FILL_AREA_STYLE( '', ( #9744 ) );
#8017 = EDGE_CURVE( 'NONE', #9062, #9745, #9746, .T. );
#8018 = EDGE_CURVE( 'NONE', #9745, #9705, #9747, .T. );
#8019 = FILL_AREA_STYLE( '', ( #9748 ) );
#8020 = EDGE_CURVE( 'NONE', #9749, #9289, #9750, .T. );
#8021 = EDGE_CURVE( 'NONE', #9749, #9561, #9751, .T. );
#8022 = FILL_AREA_STYLE( '', ( #9752 ) );
#8023 = EDGE_CURVE( 'NONE', #9753, #9578, #9754, .T. );
#8024 = EDGE_CURVE( 'NONE', #9579, #9256, #9755, .T. );
#8025 = EDGE_CURVE( 'NONE', #9254, #9756, #9757, .T. );
#8026 = EDGE_CURVE( 'NONE', #9758, #9756, #9759, .T. );
#8027 = EDGE_CURVE( 'NONE', #9760, #9758, #9761, .T. );
#8028 = EDGE_CURVE( 'NONE', #9753, #9760, #9762, .T. );
#8029 = FILL_AREA_STYLE( '', ( #9763 ) );
#8030 = EDGE_CURVE( 'NONE', #8932, #9407, #9764, .T. );
#8031 = EDGE_CURVE( 'NONE', #9765, #8931, #9766, .T. );
#8032 = EDGE_CURVE( 'NONE', #9767, #9765, #9768, .T. );
#8033 = EDGE_CURVE( 'NONE', #8990, #9767, #9769, .T. );
#8034 = FILL_AREA_STYLE( '', ( #9770 ) );
#8035 = EDGE_CURVE( 'NONE', #9771, #9429, #9772, .T. );
#8036 = EDGE_CURVE( 'NONE', #9771, #9336, #9773, .T. );
#8037 = FILL_AREA_STYLE( '', ( #9774 ) );
#8038 = EDGE_CURVE( 'NONE', #9133, #9775, #9776, .T. );
#8039 = EDGE_CURVE( 'NONE', #9777, #9775, #9778, .T. );
#8040 = EDGE_CURVE( 'NONE', #9156, #9777, #9779, .T. );
#8041 = FILL_AREA_STYLE( '', ( #9780 ) );
#8042 = EDGE_CURVE( 'NONE', #9781, #9782, #9783, .T. );
#8043 = EDGE_CURVE( 'NONE', #9781, #9247, #9784, .T. );
#8044 = EDGE_CURVE( 'NONE', #9247, #9582, #9785, .T. );
#8045 = EDGE_CURVE( 'NONE', #9782, #9582, #9786, .T. );
#8046 = FILL_AREA_STYLE( '', ( #9787 ) );
#8047 = EDGE_CURVE( 'NONE', #8808, #9788, #9789, .T. );
#8048 = EDGE_CURVE( 'NONE', #9790, #8805, #9791, .T. );
#8049 = EDGE_CURVE( 'NONE', #9790, #9788, #9792, .T. );
#8050 = FILL_AREA_STYLE( '', ( #9793 ) );
#8051 = EDGE_CURVE( 'NONE', #9794, #9795, #9796, .T. );
#8052 = EDGE_CURVE( 'NONE', #9794, #9797, #9798, .T. );
#8053 = EDGE_CURVE( 'NONE', #9797, #9799, #9800, .T. );
#8054 = EDGE_CURVE( 'NONE', #9799, #9795, #9801, .T. );
#8055 = FILL_AREA_STYLE( '', ( #9802 ) );
#8056 = EDGE_CURVE( 'NONE', #9345, #9471, #9803, .T. );
#8057 = EDGE_CURVE( 'NONE', #9469, #9347, #9804, .T. );
#8058 = FILL_AREA_STYLE( '', ( #9805 ) );
#8059 = EDGE_CURVE( 'NONE', #9648, #9806, #9807, .T. );
#8060 = EDGE_CURVE( 'NONE', #9806, #9808, #9809, .T. );
#8061 = EDGE_CURVE( 'NONE', #9810, #9808, #9811, .T. );
#8062 = EDGE_CURVE( 'NONE', #9810, #9197, #9812, .T. );
#8063 = EDGE_CURVE( 'NONE', #9813, #9195, #9814, .T. );
#8064 = EDGE_CURVE( 'NONE', #9813, #9815, #9816, .T. );
#8065 = EDGE_CURVE( 'NONE', #9815, #9648, #9817, .T. );
#8066 = FILL_AREA_STYLE( '', ( #9818 ) );
#8067 = EDGE_CURVE( 'NONE', #9819, #9820, #9821, .T. );
#8068 = EDGE_CURVE( 'NONE', #9637, #9820, #9822, .T. );
#8069 = EDGE_CURVE( 'NONE', #9634, #9819, #9823, .T. );
#8070 = FILL_AREA_STYLE( '', ( #9824 ) );
#8071 = FILL_AREA_STYLE( '', ( #9825 ) );
#8072 = EDGE_CURVE( 'NONE', #9826, #9365, #9827, .T. );
#8073 = EDGE_CURVE( 'NONE', #9374, #9828, #9829, .T. );
#8074 = EDGE_CURVE( 'NONE', #9828, #9826, #9830, .T. );
#8075 = FILL_AREA_STYLE( '', ( #9831 ) );
#8076 = EDGE_CURVE( 'NONE', #9528, #9832, #9833, .T. );
#8077 = EDGE_CURVE( 'NONE', #9834, #9530, #9835, .T. );
#8078 = EDGE_CURVE( 'NONE', #9834, #9832, #9836, .T. );
#8079 = FILL_AREA_STYLE( '', ( #9837 ) );
#8080 = EDGE_CURVE( 'NONE', #8958, #9522, #9838, .T. );
#8081 = EDGE_CURVE( 'NONE', #8956, #9524, #9839, .T. );
#8082 = FILL_AREA_STYLE( '', ( #9840 ) );
#8083 = EDGE_CURVE( 'NONE', #9675, #9841, #9842, .T. );
#8084 = EDGE_CURVE( 'NONE', #9654, #9841, #9843, .T. );
#8085 = FILL_AREA_STYLE( '', ( #9844 ) );
#8086 = EDGE_CURVE( 'NONE', #9558, #9845, #9846, .T. );
#8087 = EDGE_CURVE( 'NONE', #9287, #9845, #9847, .T. );
#8088 = FILL_AREA_STYLE( '', ( #9848 ) );
#8089 = EDGE_CURVE( 'NONE', #9849, #9850, #9851, .T. );
#8090 = EDGE_CURVE( 'NONE', #9849, #8996, #9852, .T. );
#8091 = EDGE_CURVE( 'NONE', #9001, #9850, #9853, .T. );
#8092 = FILL_AREA_STYLE( '', ( #9854 ) );
#8093 = EDGE_CURVE( 'NONE', #9103, #9749, #9855, .T. );
#8094 = FILL_AREA_STYLE( '', ( #9856 ) );
#8095 = EDGE_CURVE( 'NONE', #9857, #9775, #9858, .T. );
#8096 = EDGE_CURVE( 'NONE', #9777, #9857, #9859, .T. );
#8097 = FILL_AREA_STYLE( '', ( #9860 ) );
#8098 = EDGE_CURVE( 'NONE', #9861, #9861, #9862, .T. );
#8099 = FILL_AREA_STYLE( '', ( #9863 ) );
#8100 = EDGE_CURVE( 'NONE', #9611, #9864, #9865, .T. );
#8101 = EDGE_CURVE( 'NONE', #9864, #8853, #9866, .T. );
#8102 = FILL_AREA_STYLE( '', ( #9867 ) );
#8103 = EDGE_CURVE( 'NONE', #9868, #9868, #9869, .T. );
#8104 = FILL_AREA_STYLE( '', ( #9870 ) );
#8105 = EDGE_CURVE( 'NONE', #9871, #9171, #9872, .T. );
#8106 = EDGE_CURVE( 'NONE', #9871, #9873, #9874, .T. );
#8107 = EDGE_CURVE( 'NONE', #9174, #9873, #9875, .T. );
#8108 = FILL_AREA_STYLE( '', ( #9876 ) );
#8109 = EDGE_CURVE( 'NONE', #9788, #9877, #9878, .T. );
#8110 = EDGE_CURVE( 'NONE', #9879, #9790, #9880, .T. );
#8111 = EDGE_CURVE( 'NONE', #9877, #9879, #9881, .T. );
#8112 = FILL_AREA_STYLE( '', ( #9882 ) );
#8113 = EDGE_CURVE( 'NONE', #9883, #9568, #9884, .T. );
#8114 = EDGE_CURVE( 'NONE', #9885, #9883, #9886, .T. );
#8115 = EDGE_CURVE( 'NONE', #9570, #9885, #9887, .T. );
#8116 = FILL_AREA_STYLE( '', ( #9888 ) );
#8117 = EDGE_CURVE( 'NONE', #9889, #9890, #9891, .T. );
#8118 = EDGE_CURVE( 'NONE', #9889, #9892, #9893, .T. );
#8119 = EDGE_CURVE( 'NONE', #9894, #9892, #9895, .T. );
#8120 = EDGE_CURVE( 'NONE', #9890, #9894, #9896, .T. );
#8121 = FILL_AREA_STYLE( '', ( #9897 ) );
#8122 = EDGE_CURVE( 'NONE', #9898, #9899, #9900, .T. );
#8123 = EDGE_CURVE( 'NONE', #9901, #9899, #9902, .T. );
#8124 = EDGE_CURVE( 'NONE', #9901, #8996, #9903, .T. );
#8125 = EDGE_CURVE( 'NONE', #9849, #9904, #9905, .T. );
#8126 = EDGE_CURVE( 'NONE', #9906, #9904, #9907, .T. );
#8127 = EDGE_CURVE( 'NONE', #9906, #9908, #9909, .T. );
#8128 = EDGE_CURVE( 'NONE', #9898, #9908, #9910, .T. );
#8129 = FILL_AREA_STYLE( '', ( #9911 ) );
#8130 = EDGE_CURVE( 'NONE', #9912, #9912, #9913, .T. );
#8131 = EDGE_CURVE( 'NONE', #9914, #9914, #9915, .T. );
#8132 = FILL_AREA_STYLE( '', ( #9916 ) );
#8133 = EDGE_CURVE( 'NONE', #9121, #9163, #9917, .T. );
#8134 = EDGE_CURVE( 'NONE', #9119, #9162, #9918, .T. );
#8135 = FILL_AREA_STYLE( '', ( #9919 ) );
#8136 = EDGE_CURVE( 'NONE', #9920, #9921, #9922, .T. );
#8137 = EDGE_CURVE( 'NONE', #9923, #9921, #9924, .T. );
#8138 = EDGE_CURVE( 'NONE', #9925, #9923, #9926, .T. );
#8139 = EDGE_CURVE( 'NONE', #9925, #9920, #9927, .T. );
#8140 = FILL_AREA_STYLE( '', ( #9928 ) );
#8141 = EDGE_CURVE( 'NONE', #9460, #9929, #9930, .T. );
#8142 = EDGE_CURVE( 'NONE', #9929, #9931, #9932, .T. );
#8143 = EDGE_CURVE( 'NONE', #9462, #9931, #9933, .T. );
#8144 = FILL_AREA_STYLE( '', ( #9934 ) );
#8145 = EDGE_CURVE( 'NONE', #9379, #9935, #9936, .T. );
#8146 = EDGE_CURVE( 'NONE', #9935, #9937, #9938, .T. );
#8147 = EDGE_CURVE( 'NONE', #9381, #9937, #9939, .T. );
#8148 = FILL_AREA_STYLE( '', ( #9940 ) );
#8149 = EDGE_CURVE( 'NONE', #9388, #9147, #9941, .T. );
#8150 = EDGE_CURVE( 'NONE', #9942, #9392, #9943, .T. );
#8151 = EDGE_CURVE( 'NONE', #9942, #9148, #9944, .T. );
#8152 = FILL_AREA_STYLE( '', ( #9945 ) );
#8153 = EDGE_CURVE( 'NONE', #9946, #9947, #9948, .T. );
#8154 = EDGE_CURVE( 'NONE', #9947, #9901, #9949, .T. );
#8155 = EDGE_CURVE( 'NONE', #9950, #9901, #9951, .T. );
#8156 = EDGE_CURVE( 'NONE', #9950, #9946, #9952, .T. );
#8157 = FILL_AREA_STYLE( '', ( #9953 ) );
#8158 = EDGE_CURVE( 'NONE', #9954, #9955, #9956, .T. );
#8159 = EDGE_CURVE( 'NONE', #9957, #9955, #9958, .T. );
#8160 = EDGE_CURVE( 'NONE', #9957, #9959, #9960, .T. );
#8161 = EDGE_CURVE( 'NONE', #9959, #9954, #9961, .T. );
#8162 = FILL_AREA_STYLE( '', ( #9962 ) );
#8163 = EDGE_CURVE( 'NONE', #9963, #9109, #9964, .T. );
#8164 = EDGE_CURVE( 'NONE', #9965, #9963, #9966, .T. );
#8165 = EDGE_CURVE( 'NONE', #9112, #9965, #9967, .T. );
#8166 = FILL_AREA_STYLE( '', ( #9968 ) );
#8167 = FILL_AREA_STYLE( '', ( #9969 ) );
#8168 = EDGE_CURVE( 'NONE', #9806, #9970, #9971, .T. );
#8169 = EDGE_CURVE( 'NONE', #9972, #9970, #9973, .T. );
#8170 = EDGE_CURVE( 'NONE', #9808, #9972, #9974, .T. );
#8171 = FILL_AREA_STYLE( '', ( #9975 ) );
#8172 = EDGE_CURVE( 'NONE', #9976, #9275, #9977, .T. );
#8173 = EDGE_CURVE( 'NONE', #9976, #9978, #9979, .T. );
#8174 = EDGE_CURVE( 'NONE', #9278, #9978, #9980, .T. );
#8175 = FILL_AREA_STYLE( '', ( #9981 ) );
#8176 = EDGE_CURVE( 'NONE', #9982, #9826, #9983, .T. );
#8177 = EDGE_CURVE( 'NONE', #9828, #9984, #9985, .T. );
#8178 = EDGE_CURVE( 'NONE', #9982, #9984, #9986, .T. );
#8179 = FILL_AREA_STYLE( '', ( #9987 ) );
#8180 = EDGE_CURVE( 'NONE', #9988, #9239, #9989, .T. );
#8181 = EDGE_CURVE( 'NONE', #9990, #9988, #9991, .T. );
#8182 = EDGE_CURVE( 'NONE', #9990, #9241, #9992, .T. );
#8183 = FILL_AREA_STYLE( '', ( #9993 ) );
#8184 = EDGE_CURVE( 'NONE', #9994, #9995, #9996, .T. );
#8185 = EDGE_CURVE( 'NONE', #9997, #9995, #9998, .T. );
#8186 = EDGE_CURVE( 'NONE', #9999, #9997, #10000, .T. );
#8187 = EDGE_CURVE( 'NONE', #9999, #9994, #10001, .T. );
#8188 = FILL_AREA_STYLE( '', ( #10002 ) );
#8189 = EDGE_CURVE( 'NONE', #8979, #9606, #10003, .T. );
#8190 = FILL_AREA_STYLE( '', ( #10004 ) );
#8191 = EDGE_CURVE( 'NONE', #9172, #10005, #10006, .T. );
#8192 = EDGE_CURVE( 'NONE', #10007, #9176, #10008, .T. );
#8193 = EDGE_CURVE( 'NONE', #10005, #10007, #10009, .T. );
#8194 = FILL_AREA_STYLE( '', ( #10010 ) );
#8195 = EDGE_CURVE( 'NONE', #9845, #10011, #10012, .T. );
#8196 = EDGE_CURVE( 'NONE', #10011, #9557, #10013, .T. );
#8197 = FILL_AREA_STYLE( '', ( #10014 ) );
#8198 = EDGE_CURVE( 'NONE', #10015, #9180, #10016, .T. );
#8199 = EDGE_CURVE( 'NONE', #8860, #10015, #10017, .T. );
#8200 = FILL_AREA_STYLE( '', ( #10018 ) );
#8201 = EDGE_CURVE( 'NONE', #9327, #9549, #10019, .T. );
#8202 = EDGE_CURVE( 'NONE', #8906, #10020, #10021, .T. );
#8203 = EDGE_CURVE( 'NONE', #10020, #9047, #10022, .T. );
#8204 = FILL_AREA_STYLE( '', ( #10023 ) );
#8205 = EDGE_CURVE( 'NONE', #9621, #9306, #10024, .T. );
#8206 = FILL_AREA_STYLE( '', ( #10025 ) );
#8207 = EDGE_CURVE( 'NONE', #10026, #8814, #10027, .T. );
#8208 = EDGE_CURVE( 'NONE', #9511, #10026, #10028, .T. );
#8209 = FILL_AREA_STYLE( '', ( #10029 ) );
#8210 = EDGE_CURVE( 'NONE', #9070, #10030, #10031, .T. );
#8211 = EDGE_CURVE( 'NONE', #9068, #9437, #10032, .T. );
#8212 = EDGE_CURVE( 'NONE', #9435, #9035, #10033, .T. );
#8213 = EDGE_CURVE( 'NONE', #9036, #9976, #10034, .T. );
#8214 = EDGE_CURVE( 'NONE', #9276, #10035, #10036, .T. );
#8215 = EDGE_CURVE( 'NONE', #10035, #10037, #10038, .T. );
#8216 = EDGE_CURVE( 'NONE', #10037, #9871, #10039, .T. );
#8217 = EDGE_CURVE( 'NONE', #9027, #10005, #10040, .T. );
#8218 = EDGE_CURVE( 'NONE', #10041, #9026, #10042, .T. );
#8219 = EDGE_CURVE( 'NONE', #10043, #10041, #10044, .T. );
#8220 = EDGE_CURVE( 'NONE', #9988, #10043, #10045, .T. );
#8221 = EDGE_CURVE( 'NONE', #9238, #10046, #10047, .T. );
#8222 = EDGE_CURVE( 'NONE', #10048, #10046, #10049, .T. );
#8223 = EDGE_CURVE( 'NONE', #10048, #10050, #10051, .T. );
#8224 = EDGE_CURVE( 'NONE', #10030, #10050, #10052, .T. );
#8225 = EDGE_CURVE( 'NONE', #10053, #10054, #10055, .T. );
#8226 = EDGE_CURVE( 'NONE', #10056, #10054, #10057, .T. );
#8227 = EDGE_CURVE( 'NONE', #10056, #10058, #10059, .T. );
#8228 = EDGE_CURVE( 'NONE', #10058, #10060, #10061, .T. );
#8229 = EDGE_CURVE( 'NONE', #10060, #10062, #10063, .T. );
#8230 = EDGE_CURVE( 'NONE', #10062, #10064, #10065, .T. );
#8231 = EDGE_CURVE( 'NONE', #10064, #10066, #10067, .T. );
#8232 = EDGE_CURVE( 'NONE', #10066, #9158, #10068, .T. );
#8233 = EDGE_CURVE( 'NONE', #10053, #9857, #10069, .T. );
#8234 = EDGE_CURVE( 'NONE', #10070, #9734, #10071, .T. );
#8235 = EDGE_CURVE( 'NONE', #9732, #10072, #10073, .T. );
#8236 = EDGE_CURVE( 'NONE', #10072, #9781, #10074, .T. );
#8237 = EDGE_CURVE( 'NONE', #9782, #10075, #10076, .T. );
#8238 = EDGE_CURVE( 'NONE', #10075, #9942, #10077, .T. );
#8239 = EDGE_CURVE( 'NONE', #9666, #10078, #10079, .T. );
#8240 = EDGE_CURVE( 'NONE', #10078, #10070, #10080, .T. );
#8241 = FILL_AREA_STYLE( '', ( #10081 ) );
#8242 = EDGE_CURVE( 'NONE', #10082, #10083, #10084, .T. );
#8243 = EDGE_CURVE( 'NONE', #10083, #10085, #10086, .T. );
#8244 = EDGE_CURVE( 'NONE', #10085, #10087, #10088, .T. );
#8245 = EDGE_CURVE( 'NONE', #10082, #10087, #10089, .T. );
#8246 = FILL_AREA_STYLE( '', ( #10090 ) );
#8247 = EDGE_CURVE( 'NONE', #9215, #8791, #10091, .T. );
#8248 = EDGE_CURVE( 'NONE', #9367, #9217, #10092, .T. );
#8249 = FILL_AREA_STYLE( '', ( #10093 ) );
#8250 = EDGE_CURVE( 'NONE', #9403, #8984, #10094, .T. );
#8251 = EDGE_CURVE( 'NONE', #9402, #8983, #10095, .T. );
#8252 = FILL_AREA_STYLE( '', ( #10096 ) );
#8253 = EDGE_CURVE( 'NONE', #10097, #9105, #10098, .T. );
#8254 = EDGE_CURVE( 'NONE', #9564, #10097, #10099, .T. );
#8255 = FILL_AREA_STYLE( '', ( #10100 ) );
#8256 = EDGE_CURVE( 'NONE', #10101, #9049, #10102, .T. );
#8257 = EDGE_CURVE( 'NONE', #10020, #10101, #10103, .T. );
#8258 = FILL_AREA_STYLE( '', ( #10104 ) );
#8259 = EDGE_CURVE( 'NONE', #9342, #9615, #10105, .T. );
#8260 = EDGE_CURVE( 'NONE', #10106, #9467, #10107, .T. );
#8261 = EDGE_CURVE( 'NONE', #10106, #9594, #10108, .T. );
#8262 = FILL_AREA_STYLE( '', ( #10109 ) );
#8263 = EDGE_CURVE( 'NONE', #10110, #10111, #10112, .T. );
#8264 = EDGE_CURVE( 'NONE', #8934, #10110, #10113, .T. );
#8265 = EDGE_CURVE( 'NONE', #10111, #9405, #10114, .T. );
#8266 = FILL_AREA_STYLE( '', ( #10115 ) );
#8267 = EDGE_CURVE( 'NONE', #9730, #10072, #10116, .T. );
#8268 = EDGE_CURVE( 'NONE', #9250, #9730, #10117, .T. );
#8269 = FILL_AREA_STYLE( '', ( #10118 ) );
#8270 = EDGE_CURVE( 'NONE', #10111, #9193, #10119, .T. );
#8271 = EDGE_CURVE( 'NONE', #9191, #10110, #10120, .T. );
#8272 = FILL_AREA_STYLE( '', ( #10121 ) );
#8273 = EDGE_CURVE( 'NONE', #9503, #10122, #10123, .T. );
#8274 = EDGE_CURVE( 'NONE', #10124, #10122, #10125, .T. );
#8275 = EDGE_CURVE( 'NONE', #9505, #10124, #10126, .T. );
#8276 = FILL_AREA_STYLE( '', ( #10127 ) );
#8277 = EDGE_CURVE( 'NONE', #9038, #9433, #10128, .T. );
#8278 = FILL_AREA_STYLE( '', ( #10129 ) );
#8279 = EDGE_CURVE( 'NONE', #10064, #9141, #10130, .T. );
#8280 = EDGE_CURVE( 'NONE', #10062, #9143, #10131, .T. );
#8281 = FILL_AREA_STYLE( '', ( #10132 ) );
#8282 = EDGE_CURVE( 'NONE', #10133, #10133, #10134, .T. );
#8283 = FILL_AREA_STYLE( '', ( #10135 ) );
#8284 = EDGE_CURVE( 'NONE', #10136, #10137, #10138, .T. );
#8285 = EDGE_CURVE( 'NONE', #10139, #10137, #10140, .T. );
#8286 = EDGE_CURVE( 'NONE', #10141, #10139, #10142, .T. );
#8287 = EDGE_CURVE( 'NONE', #10141, #10136, #10143, .T. );
#8288 = EDGE_CURVE( 'NONE', #10144, #9497, #10145, .T. );
#8289 = EDGE_CURVE( 'NONE', #10146, #9495, #10147, .T. );
#8290 = EDGE_CURVE( 'NONE', #10148, #10146, #10149, .T. );
#8291 = EDGE_CURVE( 'NONE', #10083, #10148, #10150, .T. );
#8292 = EDGE_CURVE( 'NONE', #9364, #10082, #10151, .T. );
#8293 = EDGE_CURVE( 'NONE', #9370, #9982, #10152, .T. );
#8294 = EDGE_CURVE( 'NONE', #8797, #8894, #10153, .T. );
#8295 = EDGE_CURVE( 'NONE', #9491, #10154, #10155, .T. );
#8296 = EDGE_CURVE( 'NONE', #10144, #10154, #10156, .T. );
#8297 = EDGE_CURVE( 'NONE', #10157, #9904, #10158, .T. );
#8298 = EDGE_CURVE( 'NONE', #9820, #9850, #10159, .T. );
#8299 = EDGE_CURVE( 'NONE', #10160, #9819, #10161, .T. );
#8300 = EDGE_CURVE( 'NONE', #10162, #10160, #10163, .T. );
#8301 = EDGE_CURVE( 'NONE', #10164, #10162, #10165, .T. );
#8302 = EDGE_CURVE( 'NONE', #10164, #9899, #10166, .T. );
#8303 = EDGE_CURVE( 'NONE', #9898, #10167, #10168, .T. );
#8304 = EDGE_CURVE( 'NONE', #10157, #10167, #10169, .T. );
#8305 = EDGE_CURVE( 'NONE', #10170, #10171, #10172, .T. );
#8306 = EDGE_CURVE( 'NONE', #10173, #10170, #10174, .T. );
#8307 = EDGE_CURVE( 'NONE', #10173, #10175, #10176, .T. );
#8308 = EDGE_CURVE( 'NONE', #9304, #10175, #10177, .T. );
#8309 = EDGE_CURVE( 'NONE', #10178, #9619, #10179, .T. );
#8310 = EDGE_CURVE( 'NONE', #10178, #10180, #10181, .T. );
#8311 = EDGE_CURVE( 'NONE', #9955, #10180, #10182, .T. );
#8312 = EDGE_CURVE( 'NONE', #10171, #9954, #10183, .T. );
#8313 = FILL_AREA_STYLE( '', ( #10184 ) );
#8314 = EDGE_CURVE( 'NONE', #9686, #9223, #10185, .T. );
#8315 = EDGE_CURVE( 'NONE', #10186, #9228, #10187, .T. );
#8316 = EDGE_CURVE( 'NONE', #10186, #10188, #10189, .T. );
#8317 = EDGE_CURVE( 'NONE', #10188, #9688, #10190, .T. );
#8318 = FILL_AREA_STYLE( '', ( #10191 ) );
#8319 = EDGE_CURVE( 'NONE', #9001, #9950, #10192, .T. );
#8320 = EDGE_CURVE( 'NONE', #10164, #9950, #10193, .T. );
#8321 = EDGE_CURVE( 'NONE', #10162, #9639, #10194, .T. );
#8322 = FILL_AREA_STYLE( '', ( #10195 ) );
#8323 = EDGE_CURVE( 'NONE', #9947, #8997, #10196, .T. );
#8324 = FILL_AREA_STYLE( '', ( #10197 ) );
#8325 = EDGE_CURVE( 'NONE', #9697, #10198, #10199, .T. );
#8326 = EDGE_CURVE( 'NONE', #9741, #10200, #10201, .T. );
#8327 = EDGE_CURVE( 'NONE', #10198, #10200, #10202, .T. );
#8328 = FILL_AREA_STYLE( '', ( #10203 ) );
#8329 = EDGE_CURVE( 'NONE', #9258, #9588, #10204, .T. );
#8330 = FILL_AREA_STYLE( '', ( #10205 ) );
#8331 = EDGE_CURVE( 'NONE', #10173, #9088, #10206, .T. );
#8332 = EDGE_CURVE( 'NONE', #9088, #10207, #10208, .T. );
#8333 = EDGE_CURVE( 'NONE', #10207, #10175, #10209, .T. );
#8334 = FILL_AREA_STYLE( '', ( #10210 ) );
#8335 = EDGE_CURVE( 'NONE', #9572, #10211, #10212, .T. );
#8336 = EDGE_CURVE( 'NONE', #10011, #10211, #10213, .T. );
#8337 = FILL_AREA_STYLE( '', ( #10214 ) );
#8338 = EDGE_CURVE( 'NONE', #10215, #10216, #10217, .T. );
#8339 = EDGE_CURVE( 'NONE', #9417, #10215, #10218, .T. );
#8340 = EDGE_CURVE( 'NONE', #9415, #10216, #10219, .T. );
#8341 = FILL_AREA_STYLE( '', ( #10220 ) );
#8342 = EDGE_CURVE( 'NONE', #9978, #9040, #10221, .T. );
#8343 = FILL_AREA_STYLE( '', ( #10222 ) );
#8344 = FILL_AREA_STYLE( '', ( #10223 ) );
#8345 = EDGE_CURVE( 'NONE', #10144, #9310, #10224, .T. );
#8346 = FILL_AREA_STYLE( '', ( #10225 ) );
#8347 = EDGE_CURVE( 'NONE', #9338, #9771, #10226, .T. );
#8348 = FILL_AREA_STYLE( '', ( #10227 ) );
#8349 = EDGE_CURVE( 'NONE', #10228, #10229, #10230, .T. );
#8350 = EDGE_CURVE( 'NONE', #10231, #10228, #10232, .T. );
#8351 = EDGE_CURVE( 'NONE', #10231, #10233, #10234, .T. );
#8352 = EDGE_CURVE( 'NONE', #10233, #10229, #10235, .T. );
#8353 = FILL_AREA_STYLE( '', ( #10236 ) );
#8354 = EDGE_CURVE( 'NONE', #10237, #9994, #10238, .T. );
#8355 = EDGE_CURVE( 'NONE', #10239, #9999, #10240, .T. );
#8356 = EDGE_CURVE( 'NONE', #10239, #10237, #10241, .T. );
#8357 = FILL_AREA_STYLE( '', ( #10242 ) );
#8358 = EDGE_CURVE( 'NONE', #10243, #10244, #10245, .T. );
#8359 = EDGE_CURVE( 'NONE', #10246, #10243, #10247, .T. );
#8360 = EDGE_CURVE( 'NONE', #10248, #10246, #10249, .T. );
#8361 = EDGE_CURVE( 'NONE', #10248, #10244, #10250, .T. );
#8362 = FILL_AREA_STYLE( '', ( #10251 ) );
#8363 = EDGE_CURVE( 'NONE', #10252, #10252, #10253, .T. );
#8364 = FILL_AREA_STYLE( '', ( #10254 ) );
#8365 = EDGE_CURVE( 'NONE', #10255, #9280, #10256, .T. );
#8366 = EDGE_CURVE( 'NONE', #10035, #10255, #10257, .T. );
#8367 = FILL_AREA_STYLE( '', ( #10258 ) );
#8368 = EDGE_CURVE( 'NONE', #10259, #10260, #10261, .T. );
#8369 = EDGE_CURVE( 'NONE', #9908, #10259, #10262, .T. );
#8370 = EDGE_CURVE( 'NONE', #10260, #9906, #10263, .T. );
#8371 = FILL_AREA_STYLE( '', ( #10264 ) );
#8372 = EDGE_CURVE( 'NONE', #10265, #8936, #10266, .T. );
#8373 = EDGE_CURVE( 'NONE', #10265, #9765, #10267, .T. );
#8374 = FILL_AREA_STYLE( '', ( #10268 ) );
#8375 = EDGE_CURVE( 'NONE', #9543, #9920, #10269, .T. );
#8376 = EDGE_CURVE( 'NONE', #9545, #9925, #10270, .T. );
#8377 = FILL_AREA_STYLE( '', ( #10271 ) );
#8378 = EDGE_CURVE( 'NONE', #10272, #9199, #10273, .T. );
#8379 = EDGE_CURVE( 'NONE', #9972, #10272, #10274, .T. );
#8380 = EDGE_CURVE( 'NONE', #9970, #9646, #10275, .T. );
#8381 = EDGE_CURVE( 'NONE', #9646, #9717, #10276, .T. );
#8382 = EDGE_CURVE( 'NONE', #9187, #9715, #10277, .T. );
#8383 = FILL_AREA_STYLE( '', ( #10278 ) );
#8384 = EDGE_CURVE( 'NONE', #9671, #10279, #10280, .T. );
#8385 = EDGE_CURVE( 'NONE', #10281, #10279, #10282, .T. );
#8386 = EDGE_CURVE( 'NONE', #9673, #10281, #10283, .T. );
#8387 = FILL_AREA_STYLE( '', ( #10284 ) );
#8388 = EDGE_CURVE( 'NONE', #8999, #9946, #10285, .T. );
#8389 = FILL_AREA_STYLE( '', ( #10286 ) );
#8390 = EDGE_CURVE( 'NONE', #10287, #10288, #10289, .T. );
#8391 = EDGE_CURVE( 'NONE', #10288, #9189, #10290, .T. );
#8392 = EDGE_CURVE( 'NONE', #9186, #10287, #10291, .T. );
#8393 = FILL_AREA_STYLE( '', ( #10292 ) );
#8394 = EDGE_CURVE( 'NONE', #10293, #10294, #10295, .T. );
#8395 = EDGE_CURVE( 'NONE', #10293, #10296, #10297, .T. );
#8396 = EDGE_CURVE( 'NONE', #10296, #10298, #10299, .T. );
#8397 = EDGE_CURVE( 'NONE', #10298, #10300, #10301, .T. );
#8398 = EDGE_CURVE( 'NONE', #10302, #10300, #10303, .T. );
#8399 = EDGE_CURVE( 'NONE', #10302, #10294, #10304, .T. );
#8400 = FILL_AREA_STYLE( '', ( #10305 ) );
#8401 = EDGE_CURVE( 'NONE', #8878, #9690, #10306, .T. );
#8402 = FILL_AREA_STYLE( '', ( #10307 ) );
#8403 = EDGE_CURVE( 'NONE', #9959, #10308, #10309, .T. );
#8404 = EDGE_CURVE( 'NONE', #10171, #10308, #10310, .T. );
#8405 = FILL_AREA_STYLE( '', ( #10311 ) );
#8406 = EDGE_CURVE( 'NONE', #10312, #10313, #10314, .T. );
#8407 = EDGE_CURVE( 'NONE', #9931, #10313, #10315, .T. );
#8408 = EDGE_CURVE( 'NONE', #9929, #10316, #10317, .T. );
#8409 = EDGE_CURVE( 'NONE', #10316, #10318, #10319, .T. );
#8410 = EDGE_CURVE( 'NONE', #10312, #10318, #10320, .T. );
#8411 = FILL_AREA_STYLE( '', ( #10321 ) );
#8412 = EDGE_CURVE( 'NONE', #10322, #10186, #10323, .T. );
#8413 = EDGE_CURVE( 'NONE', #10324, #10322, #10325, .T. );
#8414 = EDGE_CURVE( 'NONE', #10324, #9351, #10326, .T. );
#8415 = EDGE_CURVE( 'NONE', #9352, #10327, #10328, .T. );
#8416 = EDGE_CURVE( 'NONE', #10327, #10329, #10330, .T. );
#8417 = EDGE_CURVE( 'NONE', #10329, #10188, #10331, .T. );
#8418 = FILL_AREA_STYLE( '', ( #10332 ) );
#8419 = EDGE_CURVE( 'NONE', #9832, #10333, #10334, .T. );
#8420 = EDGE_CURVE( 'NONE', #10335, #9834, #10336, .T. );
#8421 = EDGE_CURVE( 'NONE', #10333, #10335, #10337, .T. );
#8422 = FILL_AREA_STYLE( '', ( #10338 ) );
#8423 = EDGE_CURVE( 'NONE', #10339, #10340, #10341, .T. );
#8424 = EDGE_CURVE( 'NONE', #10342, #10339, #10343, .T. );
#8425 = EDGE_CURVE( 'NONE', #10342, #10340, #10344, .T. );
#8426 = FILL_AREA_STYLE( '', ( #10345 ) );
#8427 = EDGE_CURVE( 'NONE', #10211, #9885, #10346, .T. );
#8428 = FILL_AREA_STYLE( '', ( #10347 ) );
#8429 = EDGE_CURVE( 'NONE', #9213, #9493, #10348, .T. );
#8430 = EDGE_CURVE( 'NONE', #8793, #9212, #10349, .T. );
#8431 = FILL_AREA_STYLE( '', ( #10350 ) );
#8432 = EDGE_CURVE( 'NONE', #10026, #9013, #10351, .T. );
#8433 = FILL_AREA_STYLE( '', ( #10352 ) );
#8434 = EDGE_CURVE( 'NONE', #9984, #9372, #10353, .T. );
#8435 = FILL_AREA_STYLE( '', ( #10354 ) );
#8436 = EDGE_CURVE( 'NONE', #10355, #10106, #10356, .T. );
#8437 = EDGE_CURVE( 'NONE', #9596, #10355, #10357, .T. );
#8438 = FILL_AREA_STYLE( '', ( #10358 ) );
#8439 = EDGE_CURVE( 'NONE', #8899, #8799, #10359, .T. );
#8440 = FILL_AREA_STYLE( '', ( #10360 ) );
#8441 = EDGE_CURVE( 'NONE', #10246, #10361, #10362, .T. );
#8442 = EDGE_CURVE( 'NONE', #9077, #10361, #10363, .T. );
#8443 = EDGE_CURVE( 'NONE', #9965, #10248, #10364, .T. );
#8444 = FILL_AREA_STYLE( '', ( #10365 ) );
#8445 = EDGE_CURVE( 'NONE', #10137, #10366, #10367, .T. );
#8446 = EDGE_CURVE( 'NONE', #10368, #10366, #10369, .T. );
#8447 = EDGE_CURVE( 'NONE', #10139, #10368, #10370, .T. );
#8448 = FILL_AREA_STYLE( '', ( #10371 ) );
#8449 = EDGE_CURVE( 'NONE', #9841, #10281, #10372, .T. );
#8450 = FILL_AREA_STYLE( '', ( #10373 ) );
#8451 = EDGE_CURVE( 'NONE', #10333, #8940, #10374, .T. );
#8452 = EDGE_CURVE( 'NONE', #8943, #10335, #10375, .T. );
#8453 = FILL_AREA_STYLE( '', ( #10376 ) );
#8454 = EDGE_CURVE( 'NONE', #10377, #10097, #10378, .T. );
#8455 = EDGE_CURVE( 'NONE', #9566, #10377, #10379, .T. );
#8456 = FILL_AREA_STYLE( '', ( #10380 ) );
#8457 = EDGE_CURVE( 'NONE', #10200, #8962, #10381, .T. );
#8458 = FILL_AREA_STYLE( '', ( #10382 ) );
#8459 = EDGE_CURVE( 'NONE', #10075, #9148, #10383, .T. );
#8460 = FILL_AREA_STYLE( '', ( #10384 ) );
#8461 = EDGE_CURVE( 'NONE', #9167, #10385, #10386, .T. );
#8462 = EDGE_CURVE( 'NONE', #9325, #10385, #10387, .T. );
#8463 = FILL_AREA_STYLE( '', ( #10388 ) );
#8464 = FILL_AREA_STYLE( '', ( #10389 ) );
#8465 = EDGE_CURVE( 'NONE', #10390, #10318, #10391, .T. );
#8466 = EDGE_CURVE( 'NONE', #10229, #10316, #10392, .T. );
#8467 = EDGE_CURVE( 'NONE', #10233, #10393, #10394, .T. );
#8468 = EDGE_CURVE( 'NONE', #10393, #10390, #10395, .T. );
#8469 = FILL_AREA_STYLE( '', ( #10396 ) );
#8470 = EDGE_CURVE( 'NONE', #9728, #10397, #10398, .T. );
#8471 = EDGE_CURVE( 'NONE', #10397, #10070, #10399, .T. );
#8472 = FILL_AREA_STYLE( '', ( #10400 ) );
#8473 = EDGE_CURVE( 'NONE', #10401, #10402, #10403, .T. );
#8474 = EDGE_CURVE( 'NONE', #10401, #10404, #10405, .T. );
#8475 = EDGE_CURVE( 'NONE', #10406, #10404, #10407, .T. );
#8476 = EDGE_CURVE( 'NONE', #10406, #10402, #10408, .T. );
#8477 = FILL_AREA_STYLE( '', ( #10409 ) );
#8478 = FILL_AREA_STYLE( '', ( #10410 ) );
#8479 = EDGE_CURVE( 'NONE', #10313, #9454, #10411, .T. );
#8480 = EDGE_CURVE( 'NONE', #10312, #9453, #10412, .T. );
#8481 = FILL_AREA_STYLE( '', ( #10413 ) );
#8482 = FILL_AREA_STYLE( '', ( #10414 ) );
#8483 = EDGE_CURVE( 'NONE', #10415, #9084, #10416, .T. );
#8484 = EDGE_CURVE( 'NONE', #10415, #9093, #10417, .T. );
#8485 = FILL_AREA_STYLE( '', ( #10418 ) );
#8486 = EDGE_CURVE( 'NONE', #8877, #10329, #10419, .T. );
#8487 = FILL_AREA_STYLE( '', ( #10420 ) );
#8488 = EDGE_CURVE( 'NONE', #9478, #9864, #10421, .T. );
#8489 = EDGE_CURVE( 'NONE', #10422, #9476, #10423, .T. );
#8490 = EDGE_CURVE( 'NONE', #9182, #10422, #10424, .T. );
#8491 = EDGE_CURVE( 'NONE', #10300, #8862, #10425, .T. );
#8492 = EDGE_CURVE( 'NONE', #9723, #10298, #10426, .T. );
#8493 = EDGE_CURVE( 'NONE', #10355, #9721, #10427, .T. );
#8494 = EDGE_CURVE( 'NONE', #9466, #9343, #10428, .T. );
#8495 = FILL_AREA_STYLE( '', ( #10429 ) );
#8496 = EDGE_CURVE( 'NONE', #10060, #9110, #10430, .T. );
#8497 = EDGE_CURVE( 'NONE', #9963, #10058, #10431, .T. );
#8498 = FILL_AREA_STYLE( '', ( #10432 ) );
#8499 = EDGE_CURVE( 'NONE', #10160, #9635, #10433, .T. );
#8500 = FILL_AREA_STYLE( '', ( #10434 ) );
#8501 = EDGE_CURVE( 'NONE', #8826, #9630, #10435, .T. );
#8502 = EDGE_CURVE( 'NONE', #9628, #10141, #10436, .T. );
#8503 = EDGE_CURVE( 'NONE', #10368, #10437, #10438, .T. );
#8504 = EDGE_CURVE( 'NONE', #10437, #9208, #10439, .T. );
#8505 = EDGE_CURVE( 'NONE', #9022, #9206, #10440, .T. );
#8506 = EDGE_CURVE( 'NONE', #9923, #9383, #10441, .T. );
#8507 = EDGE_CURVE( 'NONE', #9937, #8945, #10442, .T. );
#8508 = EDGE_CURVE( 'NONE', #8835, #8828, #10443, .T. );
#8509 = EDGE_CURVE( 'NONE', #10272, #9810, #10444, .T. );
#8510 = FILL_AREA_STYLE( '', ( #10445 ) );
#8511 = EDGE_CURVE( 'NONE', #10198, #8960, #10446, .T. );
#8512 = FILL_AREA_STYLE( '', ( #10447 ) );
#8513 = EDGE_CURVE( 'NONE', #10216, #9443, #10448, .T. );
#8514 = FILL_AREA_STYLE( '', ( #10449 ) );
#8515 = EDGE_CURVE( 'NONE', #9684, #9224, #10450, .T. );
#8516 = FILL_AREA_STYLE( '', ( #10451 ) );
#8517 = EDGE_CURVE( 'NONE', #10452, #10041, #10453, .T. );
#8518 = EDGE_CURVE( 'NONE', #10454, #10452, #10455, .T. );
#8519 = EDGE_CURVE( 'NONE', #10454, #10043, #10456, .T. );
#8520 = FILL_AREA_STYLE( '', ( #10457 ) );
#8521 = EDGE_CURVE( 'NONE', #10458, #10459, #10460, .T. );
#8522 = EDGE_CURVE( 'NONE', #9518, #10458, #10461, .T. );
#8523 = EDGE_CURVE( 'NONE', #9515, #10459, #10462, .T. );
#8524 = FILL_AREA_STYLE( '', ( #10463 ) );
#8525 = EDGE_CURVE( 'NONE', #9767, #10464, #10465, .T. );
#8526 = EDGE_CURVE( 'NONE', #10288, #10464, #10466, .T. );
#8527 = EDGE_CURVE( 'NONE', #10287, #8992, #10467, .T. );
#8528 = FILL_AREA_STYLE( '', ( #10468 ) );
#8529 = FILL_AREA_STYLE( '', ( #10469 ) );
#8530 = EDGE_CURVE( 'NONE', #10470, #10296, #10471, .T. );
#8531 = EDGE_CURVE( 'NONE', #8952, #10470, #10472, .T. );
#8532 = EDGE_CURVE( 'NONE', #9602, #8950, #10473, .T. );
#8533 = FILL_AREA_STYLE( '', ( #10474 ) );
#8534 = EDGE_CURVE( 'NONE', #10397, #10475, #10476, .T. );
#8535 = EDGE_CURVE( 'NONE', #10475, #10078, #10477, .T. );
#8536 = FILL_AREA_STYLE( '', ( #10478 ) );
#8537 = EDGE_CURVE( 'NONE', #9795, #10228, #10479, .T. );
#8538 = EDGE_CURVE( 'NONE', #9799, #10231, #10480, .T. );
#8539 = FILL_AREA_STYLE( '', ( #10481 ) );
#8540 = EDGE_CURVE( 'NONE', #10244, #10053, #10482, .T. );
#8541 = EDGE_CURVE( 'NONE', #10054, #10248, #10483, .T. );
#8542 = FILL_AREA_STYLE( '', ( #10484 ) );
#8543 = FILL_AREA_STYLE( '', ( #10485 ) );
#8544 = EDGE_CURVE( 'NONE', #9493, #9367, #10486, .T. );
#8545 = EDGE_CURVE( 'NONE', #10087, #10487, #10488, .T. );
#8546 = EDGE_CURVE( 'NONE', #10487, #10146, #10489, .T. );
#8547 = FILL_AREA_STYLE( '', ( #10490 ) );
#8548 = EDGE_CURVE( 'NONE', #9963, #10056, #10491, .T. );
#8549 = FILL_AREA_STYLE( '', ( #10492 ) );
#8550 = EDGE_CURVE( 'NONE', #10178, #10415, #10493, .T. );
#8551 = EDGE_CURVE( 'NONE', #9084, #10180, #10494, .T. );
#8552 = FILL_AREA_STYLE( '', ( #10495 ) );
#8553 = EDGE_CURVE( 'NONE', #10259, #10167, #10496, .T. );
#8554 = FILL_AREA_STYLE( '', ( #10497 ) );
#8555 = FILL_AREA_STYLE( '', ( #10498 ) );
#8556 = EDGE_CURVE( 'NONE', #10302, #9475, #10499, .T. );
#8557 = EDGE_CURVE( 'NONE', #10015, #10422, #10500, .T. );
#8558 = FILL_AREA_STYLE( '', ( #10501 ) );
#8559 = EDGE_CURVE( 'NONE', #10470, #10459, #10502, .T. );
#8560 = EDGE_CURVE( 'NONE', #10293, #9064, #10503, .T. );
#8561 = EDGE_CURVE( 'NONE', #10504, #9745, #10505, .T. );
#8562 = EDGE_CURVE( 'NONE', #10506, #10504, #10507, .T. );
#8563 = EDGE_CURVE( 'NONE', #10506, #10458, #10508, .T. );
#8564 = EDGE_CURVE( 'NONE', #9487, #10406, #10509, .T. );
#8565 = EDGE_CURVE( 'NONE', #10404, #9894, #10510, .T. );
#8566 = EDGE_CURVE( 'NONE', #9892, #10511, #10512, .T. );
#8567 = EDGE_CURVE( 'NONE', #10511, #9539, #10513, .T. );
#8568 = EDGE_CURVE( 'NONE', #9537, #9879, #10514, .T. );
#8569 = FILL_AREA_STYLE( '', ( #10515 ) );
#8570 = EDGE_CURVE( 'NONE', #9682, #10324, #10516, .T. );
#8571 = EDGE_CURVE( 'NONE', #9226, #10322, #10517, .T. );
#8572 = FILL_AREA_STYLE( '', ( #10518 ) );
#8573 = EDGE_CURVE( 'NONE', #10366, #10519, #10520, .T. );
#8574 = EDGE_CURVE( 'NONE', #10136, #9625, #10521, .T. );
#8575 = EDGE_CURVE( 'NONE', #9626, #8823, #10522, .T. );
#8576 = EDGE_CURVE( 'NONE', #8824, #8832, #10523, .T. );
#8577 = EDGE_CURVE( 'NONE', #8941, #9935, #10524, .T. );
#8578 = EDGE_CURVE( 'NONE', #9921, #9378, #10525, .T. );
#8579 = EDGE_CURVE( 'NONE', #9203, #9018, #10526, .T. );
#8580 = EDGE_CURVE( 'NONE', #10519, #9204, #10527, .T. );
#8581 = EDGE_CURVE( 'NONE', #10279, #10528, #10529, .T. );
#8582 = EDGE_CURVE( 'NONE', #10528, #8914, #10530, .T. );
#8583 = EDGE_CURVE( 'NONE', #8912, #9332, #10531, .T. );
#8584 = EDGE_CURVE( 'NONE', #10339, #9644, #10532, .T. );
#8585 = EDGE_CURVE( 'NONE', #10340, #9507, #10533, .T. );
#8586 = EDGE_CURVE( 'NONE', #10124, #10239, #10534, .T. );
#8587 = EDGE_CURVE( 'NONE', #9997, #10535, #10536, .T. );
#8588 = EDGE_CURVE( 'NONE', #10535, #10537, #10538, .T. );
#8589 = EDGE_CURVE( 'NONE', #9643, #10537, #10539, .T. );
#8590 = FILL_AREA_STYLE( '', ( #10540 ) );
#8591 = EDGE_CURVE( 'NONE', #10541, #10541, #10542, .T. );
#8592 = FILL_AREA_STYLE( '', ( #10543 ) );
#8593 = EDGE_CURVE( 'NONE', #10544, #10545, #10546, .T. );
#8594 = EDGE_CURVE( 'NONE', #10545, #9797, #10547, .T. );
#8595 = EDGE_CURVE( 'NONE', #9458, #9794, #10548, .T. );
#8596 = EDGE_CURVE( 'NONE', #10544, #9456, #10549, .T. );
#8597 = FILL_AREA_STYLE( '', ( #10550 ) );
#8598 = FILL_AREA_STYLE( '', ( #10551 ) );
#8599 = EDGE_CURVE( 'NONE', #10452, #9031, #10552, .T. );
#8600 = FILL_AREA_STYLE( '', ( #10553 ) );
#8601 = FILL_AREA_STYLE( '', ( #10554 ) );
#8602 = FILL_AREA_STYLE( '', ( #10555 ) );
#8603 = EDGE_CURVE( 'NONE', #10464, #10265, #10556, .T. );
#8604 = FILL_AREA_STYLE( '', ( #10557 ) );
#8605 = EDGE_CURVE( 'NONE', #9604, #8949, #10558, .T. );
#8606 = FILL_AREA_STYLE( '', ( #10559 ) );
#8607 = EDGE_CURVE( 'NONE', #10170, #10560, #10561, .T. );
#8608 = EDGE_CURVE( 'NONE', #10560, #9957, #10562, .T. );
#8609 = FILL_AREA_STYLE( '', ( #10563 ) );
#8610 = EDGE_CURVE( 'NONE', #10535, #9713, #10564, .T. );
#8611 = EDGE_CURVE( 'NONE', #9995, #9712, #10565, .T. );
#8612 = FILL_AREA_STYLE( '', ( #10566 ) );
#8613 = EDGE_CURVE( 'NONE', #10537, #9713, #10567, .T. );
#8614 = FILL_AREA_STYLE( '', ( #10568 ) );
#8615 = EDGE_CURVE( 'NONE', #9480, #9738, #10569, .T. );
#8616 = EDGE_CURVE( 'NONE', #10215, #9695, #10570, .T. );
#8617 = EDGE_CURVE( 'NONE', #9883, #10377, #10571, .T. );
#8618 = FILL_AREA_STYLE( '', ( #10572 ) );
#8619 = EDGE_CURVE( 'NONE', #9753, #10544, #10573, .T. );
#8620 = EDGE_CURVE( 'NONE', #10545, #9760, #10574, .T. );
#8621 = FILL_AREA_STYLE( '', ( #10575 ) );
#8622 = EDGE_CURVE( 'NONE', #9758, #10393, #10576, .T. );
#8623 = EDGE_CURVE( 'NONE', #10390, #9756, #10577, .T. );
#8624 = FILL_AREA_STYLE( '', ( #10578 ) );
#8625 = EDGE_CURVE( 'NONE', #8954, #9516, #10579, .T. );
#8626 = FILL_AREA_STYLE( '', ( #10580 ) );
#8627 = EDGE_CURVE( 'NONE', #9877, #9534, #10581, .T. );
#8628 = FILL_AREA_STYLE( '', ( #10582 ) );
#8629 = EDGE_CURVE( 'NONE', #10583, #10255, #10584, .T. );
#8630 = EDGE_CURVE( 'NONE', #10583, #10037, #10585, .T. );
#8631 = FILL_AREA_STYLE( '', ( #10586 ) );
#8632 = EDGE_CURVE( 'NONE', #9313, #10154, #10587, .T. );
#8633 = FILL_AREA_STYLE( '', ( #10588 ) );
#8634 = EDGE_CURVE( 'NONE', #9092, #10207, #10589, .T. );
#8635 = EDGE_CURVE( 'NONE', #10207, #10415, #10590, .T. );
#8636 = FILL_AREA_STYLE( '', ( #10591 ) );
#8637 = EDGE_CURVE( 'NONE', #10592, #10592, #10593, .T. );
#8638 = FILL_AREA_STYLE( '', ( #10594 ) );
#8639 = EDGE_CURVE( 'NONE', #10308, #10560, #10595, .T. );
#8640 = FILL_AREA_STYLE( '', ( #10596 ) );
#8641 = EDGE_CURVE( 'NONE', #10597, #9889, #10598, .T. );
#8642 = EDGE_CURVE( 'NONE', #10597, #10511, #10599, .T. );
#8643 = FILL_AREA_STYLE( '', ( #10600 ) );
#8644 = EDGE_CURVE( 'NONE', #10487, #10601, #10602, .T. );
#8645 = EDGE_CURVE( 'NONE', #10601, #10148, #10603, .T. );
#8646 = FILL_AREA_STYLE( '', ( #10604 ) );
#8647 = EDGE_CURVE( 'NONE', #8904, #10101, #10605, .T. );
#8648 = FILL_AREA_STYLE( '', ( #10606 ) );
#8649 = FILL_AREA_STYLE( '', ( #10607 ) );
#8650 = EDGE_CURVE( 'NONE', #10475, #9664, #10608, .T. );
#8651 = EDGE_CURVE( 'NONE', #9727, #9252, #10609, .T. );
#8652 = FILL_AREA_STYLE( '', ( #10610 ) );
#8653 = EDGE_CURVE( 'NONE', #10611, #10030, #10612, .T. );
#8654 = EDGE_CURVE( 'NONE', #9058, #10611, #10613, .T. );
#8655 = FILL_AREA_STYLE( '', ( #10614 ) );
#8656 = EDGE_CURVE( 'NONE', #10615, #10243, #10616, .T. );
#8657 = EDGE_CURVE( 'NONE', #10361, #10615, #10617, .T. );
#8658 = FILL_AREA_STYLE( '', ( #10618 ) );
#8659 = FILL_AREA_STYLE( '', ( #10619 ) );
#8660 = FILL_AREA_STYLE( '', ( #10620 ) );
#8661 = FILL_AREA_STYLE( '', ( #10621 ) );
#8662 = EDGE_CURVE( 'NONE', #9029, #10007, #10622, .T. );
#8663 = EDGE_CURVE( 'NONE', #10623, #10623, #10624, .T. );
#8664 = FILL_AREA_STYLE( '', ( #10625 ) );
#8665 = EDGE_CURVE( 'NONE', #10626, #9502, #10627, .T. );
#8666 = EDGE_CURVE( 'NONE', #10626, #9813, #10628, .T. );
#8667 = EDGE_CURVE( 'NONE', #10122, #10237, #10629, .T. );
#8668 = FILL_AREA_STYLE( '', ( #10630 ) );
#8669 = FILL_AREA_STYLE( '', ( #10631 ) );
#8670 = EDGE_CURVE( 'NONE', #10632, #10046, #10633, .T. );
#8671 = EDGE_CURVE( 'NONE', #10632, #10634, #10635, .T. );
#8672 = EDGE_CURVE( 'NONE', #10048, #10634, #10636, .T. );
#8673 = FILL_AREA_STYLE( '', ( #10637 ) );
#8674 = FILL_AREA_STYLE( '', ( #10638 ) );
#8675 = EDGE_CURVE( 'NONE', #9535, #10597, #10639, .T. );
#8676 = FILL_AREA_STYLE( '', ( #10640 ) );
#8677 = FILL_AREA_STYLE( '', ( #10641 ) );
#8678 = FILL_AREA_STYLE( '', ( #10642 ) );
#8679 = FILL_AREA_STYLE( '', ( #10643 ) );
#8680 = FILL_AREA_STYLE( '', ( #10644 ) );
#8681 = FILL_AREA_STYLE( '', ( #10645 ) );
#8682 = FILL_AREA_STYLE( '', ( #10646 ) );
#8683 = EDGE_CURVE( 'NONE', #10601, #10085, #10647, .T. );
#8684 = FILL_AREA_STYLE( '', ( #10648 ) );
#8685 = EDGE_CURVE( 'NONE', #9680, #8886, #10649, .T. );
#8686 = FILL_AREA_STYLE( '', ( #10650 ) );
#8687 = FILL_AREA_STYLE( '', ( #10651 ) );
#8688 = EDGE_CURVE( 'NONE', #8916, #10528, #10652, .T. );
#8689 = FILL_AREA_STYLE( '', ( #10653 ) );
#8690 = FILL_AREA_STYLE( '', ( #10654 ) );
#8691 = EDGE_CURVE( 'NONE', #10342, #10626, #10655, .T. );
#8692 = FILL_AREA_STYLE( '', ( #10656 ) );
#8693 = EDGE_CURVE( 'NONE', #10657, #9131, #10658, .T. );
#8694 = EDGE_CURVE( 'NONE', #10657, #9775, #10659, .T. );
#8695 = FILL_AREA_STYLE( '', ( #10660 ) );
#8696 = EDGE_CURVE( 'NONE', #10615, #9079, #10661, .T. );
#8697 = EDGE_CURVE( 'NONE', #10244, #10657, #10662, .T. );
#8698 = FILL_AREA_STYLE( '', ( #10663 ) );
#8699 = EDGE_CURVE( 'NONE', #10437, #10519, #10664, .T. );
#8700 = FILL_AREA_STYLE( '', ( #10665 ) );
#8701 = EDGE_CURVE( 'NONE', #10157, #10260, #10666, .T. );
#8702 = FILL_AREA_STYLE( '', ( #10667 ) );
#8703 = FILL_AREA_STYLE( '', ( #10668 ) );
#8704 = FILL_AREA_STYLE( '', ( #10669 ) );
#8705 = FILL_AREA_STYLE( '', ( #10670 ) );
#8706 = EDGE_CURVE( 'NONE', #10066, #9139, #10671, .T. );
#8707 = FILL_AREA_STYLE( '', ( #10672 ) );
#8708 = EDGE_CURVE( 'NONE', #9990, #10454, #10673, .T. );
#8709 = FILL_AREA_STYLE( '', ( #10674 ) );
#8710 = EDGE_CURVE( 'NONE', #9890, #10401, #10675, .T. );
#8711 = EDGE_CURVE( 'NONE', #10402, #9485, #10676, .T. );
#8712 = EDGE_CURVE( 'NONE', #10677, #10677, #10678, .T. );
#8713 = FILL_AREA_STYLE( '', ( #10679 ) );
#8714 = EDGE_CURVE( 'NONE', #10680, #10680, #10681, .T. );
#8715 = FILL_AREA_STYLE( '', ( #10682 ) );
#8716 = FILL_AREA_STYLE( '', ( #10683 ) );
#8717 = FILL_AREA_STYLE( '', ( #10684 ) );
#8718 = FILL_AREA_STYLE( '', ( #10685 ) );
#8719 = EDGE_CURVE( 'NONE', #10686, #10686, #10687, .T. );
#8720 = FILL_AREA_STYLE( '', ( #10688 ) );
#8721 = FILL_AREA_STYLE( '', ( #10689 ) );
#8722 = FILL_AREA_STYLE( '', ( #10690 ) );
#8723 = FILL_AREA_STYLE( '', ( #10691 ) );
#8724 = EDGE_CURVE( 'NONE', #9066, #10294, #10692, .T. );
#8725 = FILL_AREA_STYLE( '', ( #10693 ) );
#8726 = EDGE_CURVE( 'NONE', #10694, #9051, #10695, .T. );
#8727 = EDGE_CURVE( 'NONE', #10385, #10694, #10696, .T. );
#8728 = FILL_AREA_STYLE( '', ( #10697 ) );
#8729 = EDGE_CURVE( 'NONE', #9815, #10342, #10698, .T. );
#8730 = FILL_AREA_STYLE( '', ( #10699 ) );
#8731 = FILL_AREA_STYLE( '', ( #10700 ) );
#8732 = FILL_AREA_STYLE( '', ( #10701 ) );
#8733 = EDGE_CURVE( 'NONE', #10050, #10702, #10703, .T. );
#8734 = EDGE_CURVE( 'NONE', #10611, #10702, #10704, .T. );
#8735 = FILL_AREA_STYLE( '', ( #10705 ) );
#8736 = FILL_AREA_STYLE( '', ( #10706 ) );
#8737 = FILL_AREA_STYLE( '', ( #10707 ) );
#8738 = EDGE_CURVE( 'NONE', #8916, #9670, #10708, .T. );
#8739 = FILL_AREA_STYLE( '', ( #10709 ) );
#8740 = FILL_AREA_STYLE( '', ( #10710 ) );
#8741 = EDGE_CURVE( 'NONE', #8880, #10327, #10711, .T. );
#8742 = FILL_AREA_STYLE( '', ( #10712 ) );
#8743 = FILL_AREA_STYLE( '', ( #10713 ) );
#8744 = FILL_AREA_STYLE( '', ( #10714 ) );
#8745 = FILL_AREA_STYLE( '', ( #10715 ) );
#8746 = FILL_AREA_STYLE( '', ( #10716 ) );
#8747 = FILL_AREA_STYLE( '', ( #10717 ) );
#8748 = FILL_AREA_STYLE( '', ( #10718 ) );
#8749 = FILL_AREA_STYLE( '', ( #10719 ) );
#8750 = FILL_AREA_STYLE( '', ( #10720 ) );
#8751 = FILL_AREA_STYLE( '', ( #10721 ) );
#8752 = FILL_AREA_STYLE( '', ( #10722 ) );
#8753 = FILL_AREA_STYLE( '', ( #10723 ) );
#8754 = FILL_AREA_STYLE( '', ( #10724 ) );
#8755 = EDGE_CURVE( 'NONE', #9520, #10506, #10725, .T. );
#8756 = FILL_AREA_STYLE( '', ( #10726 ) );
#8757 = FILL_AREA_STYLE( '', ( #10727 ) );
#8758 = EDGE_CURVE( 'NONE', #10694, #9165, #10728, .T. );
#8759 = FILL_AREA_STYLE( '', ( #10729 ) );
#8760 = FILL_AREA_STYLE( '', ( #10730 ) );
#8761 = FILL_AREA_STYLE( '', ( #10731 ) );
#8762 = EDGE_CURVE( 'NONE', #10634, #10702, #10732, .T. );
#8763 = FILL_AREA_STYLE( '', ( #10733 ) );
#8764 = FILL_AREA_STYLE( '', ( #10734 ) );
#8765 = FILL_AREA_STYLE( '', ( #10735 ) );
#8766 = EDGE_CURVE( 'NONE', #10504, #9703, #10736, .T. );
#8767 = FILL_AREA_STYLE( '', ( #10737 ) );
#8768 = FILL_AREA_STYLE( '', ( #10738 ) );
#8769 = FILL_AREA_STYLE( '', ( #10739 ) );
#8770 = EDGE_CURVE( 'NONE', #9873, #10583, #10740, .T. );
#8771 = FILL_AREA_STYLE( '', ( #10741 ) );
#8772 = EDGE_CURVE( 'NONE', #9243, #10632, #10742, .T. );
#8773 = FILL_AREA_STYLE( '', ( #10743 ) );
#8774 = FILL_AREA_STYLE( '', ( #10744 ) );
#8775 = FILL_AREA_STYLE( '', ( #10745 ) );
#8776 = FILL_AREA_STYLE( '', ( #10746 ) );
#8777 = FILL_AREA_STYLE( '', ( #10747 ) );
#8778 = FILL_AREA_STYLE( '', ( #10748 ) );
#8779 = FILL_AREA_STYLE( '', ( #10749 ) );
#8780 = FILL_AREA_STYLE( '', ( #10750 ) );
#8781 = FILL_AREA_STYLE( '', ( #10751 ) );
#8782 = FILL_AREA_STYLE_COLOUR( '', #10752 );
#8783 = VERTEX_POINT( '', #10753 );
#8784 = CIRCLE( '', #10754, 4.00000000000000 );
#8785 = VERTEX_POINT( '', #10755 );
#8786 = CIRCLE( '', #10756, 4.00000000000000 );
#8787 = FILL_AREA_STYLE_COLOUR( '', #10757 );
#8788 = VERTEX_POINT( 'NONE', #10758 );
#8789 = VERTEX_POINT( 'NONE', #10759 );
#8790 = LINE( '', #10760, #10761 );
#8791 = VERTEX_POINT( 'NONE', #10762 );
#8792 = LINE( '', #10763, #10764 );
#8793 = VERTEX_POINT( 'NONE', #10765 );
#8794 = LINE( '', #10766, #10767 );
#8795 = VERTEX_POINT( 'NONE', #10768 );
#8796 = LINE( '', #10769, #10770 );
#8797 = VERTEX_POINT( 'NONE', #10771 );
#8798 = LINE( '', #10772, #10773 );
#8799 = VERTEX_POINT( 'NONE', #10774 );
#8800 = LINE( '', #10775, #10776 );
#8801 = VERTEX_POINT( 'NONE', #10777 );
#8802 = LINE( '', #10778, #10779 );
#8803 = LINE( '', #10780, #10781 );
#8804 = FILL_AREA_STYLE_COLOUR( '', #10782 );
#8805 = VERTEX_POINT( 'NONE', #10783 );
#8806 = VERTEX_POINT( 'NONE', #10784 );
#8807 = CIRCLE( '', #10785, 3.74999999999921 );
#8808 = VERTEX_POINT( 'NONE', #10786 );
#8809 = LINE( '', #10787, #10788 );
#8810 = VERTEX_POINT( 'NONE', #10789 );
#8811 = CIRCLE( '', #10790, 3.74999999999921 );
#8812 = LINE( '', #10791, #10792 );
#8813 = FILL_AREA_STYLE_COLOUR( '', #10793 );
#8814 = VERTEX_POINT( 'NONE', #10794 );
#8815 = VERTEX_POINT( 'NONE', #10795 );
#8816 = LINE( '', #10796, #10797 );
#8817 = VERTEX_POINT( 'NONE', #10798 );
#8818 = LINE( '', #10799, #10800 );
#8819 = VERTEX_POINT( 'NONE', #10801 );
#8820 = LINE( '', #10802, #10803 );
#8821 = LINE( '', #10804, #10805 );
#8822 = FILL_AREA_STYLE_COLOUR( '', #10806 );
#8823 = VERTEX_POINT( 'NONE', #10807 );
#8824 = VERTEX_POINT( 'NONE', #10808 );
#8825 = CIRCLE( '', #10809, 0.999999999999548 );
#8826 = VERTEX_POINT( 'NONE', #10810 );
#8827 = LINE( '', #10811, #10812 );
#8828 = VERTEX_POINT( 'NONE', #10813 );
#8829 = CIRCLE( '', #10814, 0.999999999999548 );
#8830 = LINE( '', #10815, #10816 );
#8831 = FILL_AREA_STYLE_COLOUR( '', #10817 );
#8832 = VERTEX_POINT( 'NONE', #10818 );
#8833 = VERTEX_POINT( 'NONE', #10819 );
#8834 = CIRCLE( '', #10820, 1.00000000000426 );
#8835 = VERTEX_POINT( 'NONE', #10821 );
#8836 = LINE( '', #10822, #10823 );
#8837 = VERTEX_POINT( 'NONE', #10824 );
#8838 = CIRCLE( '', #10825, 1.00000000000426 );
#8839 = LINE( '', #10826, #10827 );
#8840 = FILL_AREA_STYLE_COLOUR( '', #10828 );
#8841 = VERTEX_POINT( 'NONE', #10829 );
#8842 = VERTEX_POINT( 'NONE', #10830 );
#8843 = LINE( '', #10831, #10832 );
#8844 = VERTEX_POINT( 'NONE', #10833 );
#8845 = LINE( '', #10834, #10835 );
#8846 = VERTEX_POINT( 'NONE', #10836 );
#8847 = LINE( '', #10837, #10838 );
#8848 = LINE( '', #10839, #10840 );
#8849 = FILL_AREA_STYLE_COLOUR( '', #10841 );
#8850 = VERTEX_POINT( 'NONE', #10842 );
#8851 = VERTEX_POINT( 'NONE', #10843 );
#8852 = LINE( '', #10844, #10845 );
#8853 = VERTEX_POINT( 'NONE', #10846 );
#8854 = LINE( '', #10847, #10848 );
#8855 = VERTEX_POINT( 'NONE', #10849 );
#8856 = LINE( '', #10850, #10851 );
#8857 = LINE( '', #10852, #10853 );
#8858 = FILL_AREA_STYLE_COLOUR( '', #10854 );
#8859 = VERTEX_POINT( 'NONE', #10855 );
#8860 = VERTEX_POINT( 'NONE', #10856 );
#8861 = LINE( '', #10857, #10858 );
#8862 = VERTEX_POINT( 'NONE', #10859 );
#8863 = LINE( '', #10860, #10861 );
#8864 = VERTEX_POINT( 'NONE', #10862 );
#8865 = LINE( '', #10863, #10864 );
#8866 = LINE( '', #10865, #10866 );
#8867 = FILL_AREA_STYLE_COLOUR( '', #10867 );
#8868 = VERTEX_POINT( 'NONE', #10868 );
#8869 = VERTEX_POINT( 'NONE', #10869 );
#8870 = CIRCLE( '', #10870, 4.55000000000066 );
#8871 = VERTEX_POINT( 'NONE', #10871 );
#8872 = LINE( '', #10872, #10873 );
#8873 = VERTEX_POINT( 'NONE', #10874 );
#8874 = CIRCLE( '', #10875, 4.55000000000066 );
#8875 = LINE( '', #10876, #10877 );
#8876 = FILL_AREA_STYLE_COLOUR( '', #10878 );
#8877 = VERTEX_POINT( 'NONE', #10879 );
#8878 = VERTEX_POINT( 'NONE', #10880 );
#8879 = CIRCLE( '', #10881, 1.50000000000014 );
#8880 = VERTEX_POINT( 'NONE', #10882 );
#8881 = LINE( '', #10883, #10884 );
#8882 = VERTEX_POINT( 'NONE', #10885 );
#8883 = LINE( '', #10886, #10887 );
#8884 = VERTEX_POINT( 'NONE', #10888 );
#8885 = LINE( '', #10889, #10890 );
#8886 = VERTEX_POINT( 'NONE', #10891 );
#8887 = CIRCLE( '', #10892, 1.49999999999997 );
#8888 = VERTEX_POINT( 'NONE', #10893 );
#8889 = LINE( '', #10894, #10895 );
#8890 = VERTEX_POINT( 'NONE', #10896 );
#8891 = LINE( '', #10897, #10898 );
#8892 = LINE( '', #10899, #10900 );
#8893 = FILL_AREA_STYLE_COLOUR( '', #10901 );
#8894 = VERTEX_POINT( 'NONE', #10902 );
#8895 = VERTEX_POINT( 'NONE', #10903 );
#8896 = LINE( '', #10904, #10905 );
#8897 = VERTEX_POINT( 'NONE', #10906 );
#8898 = LINE( '', #10907, #10908 );
#8899 = VERTEX_POINT( 'NONE', #10909 );
#8900 = LINE( '', #10910, #10911 );
#8901 = LINE( '', #10912, #10913 );
#8902 = FILL_AREA_STYLE_COLOUR( '', #10914 );
#8903 = VERTEX_POINT( 'NONE', #10915 );
#8904 = VERTEX_POINT( 'NONE', #10916 );
#8905 = LINE( '', #10917, #10918 );
#8906 = VERTEX_POINT( 'NONE', #10919 );
#8907 = LINE( '', #10920, #10921 );
#8908 = VERTEX_POINT( 'NONE', #10922 );
#8909 = LINE( '', #10923, #10924 );
#8910 = LINE( '', #10925, #10926 );
#8911 = FILL_AREA_STYLE_COLOUR( '', #10927 );
#8912 = VERTEX_POINT( 'NONE', #10928 );
#8913 = LINE( '', #10929, #10930 );
#8914 = VERTEX_POINT( 'NONE', #10931 );
#8915 = LINE( '', #10932, #10933 );
#8916 = VERTEX_POINT( 'NONE', #10934 );
#8917 = LINE( '', #10935, #10936 );
#8918 = VERTEX_POINT( 'NONE', #10937 );
#8919 = LINE( '', #10938, #10939 );
#8920 = LINE( '', #10940, #10941 );
#8921 = FILL_AREA_STYLE_COLOUR( '', #10942 );
#8922 = VERTEX_POINT( 'NONE', #10943 );
#8923 = VERTEX_POINT( 'NONE', #10944 );
#8924 = LINE( '', #10945, #10946 );
#8925 = VERTEX_POINT( 'NONE', #10947 );
#8926 = LINE( '', #10948, #10949 );
#8927 = VERTEX_POINT( 'NONE', #10950 );
#8928 = LINE( '', #10951, #10952 );
#8929 = LINE( '', #10953, #10954 );
#8930 = FILL_AREA_STYLE_COLOUR( '', #10955 );
#8931 = VERTEX_POINT( 'NONE', #10956 );
#8932 = VERTEX_POINT( 'NONE', #10957 );
#8933 = LINE( '', #10958, #10959 );
#8934 = VERTEX_POINT( 'NONE', #10960 );
#8935 = LINE( '', #10961, #10962 );
#8936 = VERTEX_POINT( 'NONE', #10963 );
#8937 = LINE( '', #10964, #10965 );
#8938 = LINE( '', #10966, #10967 );
#8939 = FILL_AREA_STYLE_COLOUR( '', #10968 );
#8940 = VERTEX_POINT( 'NONE', #10969 );
#8941 = VERTEX_POINT( 'NONE', #10970 );
#8942 = LINE( '', #10971, #10972 );
#8943 = VERTEX_POINT( 'NONE', #10973 );
#8944 = LINE( '', #10974, #10975 );
#8945 = VERTEX_POINT( 'NONE', #10976 );
#8946 = LINE( '', #10977, #10978 );
#8947 = LINE( '', #10979, #10980 );
#8948 = FILL_AREA_STYLE_COLOUR( '', #10981 );
#8949 = VERTEX_POINT( 'NONE', #10982 );
#8950 = VERTEX_POINT( 'NONE', #10983 );
#8951 = LINE( '', #10984, #10985 );
#8952 = VERTEX_POINT( 'NONE', #10986 );
#8953 = LINE( '', #10987, #10988 );
#8954 = VERTEX_POINT( 'NONE', #10989 );
#8955 = LINE( '', #10990, #10991 );
#8956 = VERTEX_POINT( 'NONE', #10992 );
#8957 = CIRCLE( '', #10993, 4.55000000000221 );
#8958 = VERTEX_POINT( 'NONE', #10994 );
#8959 = LINE( '', #10995, #10996 );
#8960 = VERTEX_POINT( 'NONE', #10997 );
#8961 = LINE( '', #10998, #10999 );
#8962 = VERTEX_POINT( 'NONE', #11000 );
#8963 = LINE( '', #11001, #11002 );
#8964 = VERTEX_POINT( 'NONE', #11003 );
#8965 = CIRCLE( '', #11004, 4.54999999999982 );
#8966 = VERTEX_POINT( 'NONE', #11005 );
#8967 = LINE( '', #11006, #11007 );
#8968 = VERTEX_POINT( 'NONE', #11008 );
#8969 = LINE( '', #11009, #11010 );
#8970 = LINE( '', #11011, #11012 );
#8971 = VERTEX_POINT( 'NONE', #11013 );
#8972 = CIRCLE( '', #11014, 3.75000000000035 );
#8973 = VERTEX_POINT( 'NONE', #11015 );
#8974 = LINE( '', #11016, #11017 );
#8975 = VERTEX_POINT( 'NONE', #11018 );
#8976 = LINE( '', #11019, #11020 );
#8977 = VERTEX_POINT( 'NONE', #11021 );
#8978 = LINE( '', #11022, #11023 );
#8979 = VERTEX_POINT( 'NONE', #11024 );
#8980 = CIRCLE( '', #11025, 3.74999999999927 );
#8981 = LINE( '', #11026, #11027 );
#8982 = FILL_AREA_STYLE_COLOUR( '', #11028 );
#8983 = VERTEX_POINT( 'NONE', #11029 );
#8984 = VERTEX_POINT( 'NONE', #11030 );
#8985 = LINE( '', #11031, #11032 );
#8986 = VERTEX_POINT( 'NONE', #11033 );
#8987 = LINE( '', #11034, #11035 );
#8988 = VERTEX_POINT( 'NONE', #11036 );
#8989 = LINE( '', #11037, #11038 );
#8990 = VERTEX_POINT( 'NONE', #11039 );
#8991 = LINE( '', #11040, #11041 );
#8992 = VERTEX_POINT( 'NONE', #11042 );
#8993 = LINE( '', #11043, #11044 );
#8994 = LINE( '', #11045, #11046 );
#8995 = FILL_AREA_STYLE_COLOUR( '', #11047 );
#8996 = VERTEX_POINT( 'NONE', #11048 );
#8997 = VERTEX_POINT( 'NONE', #11049 );
#8998 = CIRCLE( '', #11050, 98.1277598313592 );
#8999 = VERTEX_POINT( 'NONE', #11051 );
#9000 = CIRCLE( '', #11052, 3.18811978464641 );
#9001 = VERTEX_POINT( 'NONE', #11053 );
#9002 = CIRCLE( '', #11054, 92.2820759421558 );
#9003 = CIRCLE( '', #11055, 3.64999999999957 );
#9004 = FILL_AREA_STYLE_COLOUR( '', #11056 );
#9005 = VERTEX_POINT( 'NONE', #11057 );
#9006 = LINE( '', #11058, #11059 );
#9007 = VERTEX_POINT( 'NONE', #11060 );
#9008 = LINE( '', #11061, #11062 );
#9009 = VERTEX_POINT( 'NONE', #11063 );
#9010 = LINE( '', #11064, #11065 );
#9011 = VERTEX_POINT( 'NONE', #11066 );
#9012 = LINE( '', #11067, #11068 );
#9013 = VERTEX_POINT( 'NONE', #11069 );
#9014 = LINE( '', #11070, #11071 );
#9015 = LINE( '', #11072, #11073 );
#9016 = FILL_AREA_STYLE_COLOUR( '', #11074 );
#9017 = VERTEX_POINT( 'NONE', #11075 );
#9018 = VERTEX_POINT( 'NONE', #11076 );
#9019 = CIRCLE( '', #11077, 1.00000000000426 );
#9020 = VERTEX_POINT( 'NONE', #11078 );
#9021 = LINE( '', #11079, #11080 );
#9022 = VERTEX_POINT( 'NONE', #11081 );
#9023 = CIRCLE( '', #11082, 1.00000000000426 );
#9024 = LINE( '', #11083, #11084 );
#9025 = FILL_AREA_STYLE_COLOUR( '', #11085 );
#9026 = VERTEX_POINT( 'NONE', #11086 );
#9027 = VERTEX_POINT( 'NONE', #11087 );
#9028 = CIRCLE( '', #11088, 3.00000000000250 );
#9029 = VERTEX_POINT( 'NONE', #11089 );
#9030 = LINE( '', #11090, #11091 );
#9031 = VERTEX_POINT( 'NONE', #11092 );
#9032 = CIRCLE( '', #11093, 3.00000000000250 );
#9033 = LINE( '', #11094, #11095 );
#9034 = FILL_AREA_STYLE_COLOUR( '', #11096 );
#9035 = VERTEX_POINT( 'NONE', #11097 );
#9036 = VERTEX_POINT( 'NONE', #11098 );
#9037 = LINE( '', #11099, #11100 );
#9038 = VERTEX_POINT( 'NONE', #11101 );
#9039 = LINE( '', #11102, #11103 );
#9040 = VERTEX_POINT( 'NONE', #11104 );
#9041 = LINE( '', #11105, #11106 );
#9042 = LINE( '', #11107, #11108 );
#9043 = FILL_AREA_STYLE_COLOUR( '', #11109 );
#9044 = VERTEX_POINT( 'NONE', #11110 );
#9045 = VERTEX_POINT( 'NONE', #11111 );
#9046 = LINE( '', #11112, #11113 );
#9047 = VERTEX_POINT( 'NONE', #11114 );
#9048 = CIRCLE( '', #11115, 1.50000000000015 );
#9049 = VERTEX_POINT( 'NONE', #11116 );
#9050 = LINE( '', #11117, #11118 );
#9051 = VERTEX_POINT( 'NONE', #11119 );
#9052 = CIRCLE( '', #11120, 1.50000000000015 );
#9053 = VERTEX_POINT( 'NONE', #11121 );
#9054 = LINE( '', #11122, #11123 );
#9055 = CIRCLE( '', #11124, 1.50000000000015 );
#9056 = FILL_AREA_STYLE_COLOUR( '', #11125 );
#9057 = VERTEX_POINT( 'NONE', #11126 );
#9058 = VERTEX_POINT( 'NONE', #11127 );
#9059 = LINE( '', #11128, #11129 );
#9060 = VERTEX_POINT( 'NONE', #11130 );
#9061 = LINE( '', #11131, #11132 );
#9062 = VERTEX_POINT( 'NONE', #11133 );
#9063 = LINE( '', #11134, #11135 );
#9064 = VERTEX_POINT( 'NONE', #11136 );
#9065 = LINE( '', #11137, #11138 );
#9066 = VERTEX_POINT( 'NONE', #11139 );
#9067 = LINE( '', #11140, #11141 );
#9068 = VERTEX_POINT( 'NONE', #11142 );
#9069 = LINE( '', #11143, #11144 );
#9070 = VERTEX_POINT( 'NONE', #11145 );
#9071 = LINE( '', #11146, #11147 );
#9072 = LINE( '', #11148, #11149 );
#9073 = FILL_AREA_STYLE_COLOUR( '', #11150 );
#9074 = VERTEX_POINT( 'NONE', #11151 );
#9075 = VERTEX_POINT( 'NONE', #11152 );
#9076 = LINE( '', #11153, #11154 );
#9077 = VERTEX_POINT( 'NONE', #11155 );
#9078 = LINE( '', #11156, #11157 );
#9079 = VERTEX_POINT( 'NONE', #11158 );
#9080 = LINE( '', #11159, #11160 );
#9081 = LINE( '', #11161, #11162 );
#9082 = FILL_AREA_STYLE_COLOUR( '', #11163 );
#9083 = VERTEX_POINT( 'NONE', #11164 );
#9084 = VERTEX_POINT( 'NONE', #11165 );
#9085 = CIRCLE( '', #11166, 92.2820761429312 );
#9086 = VERTEX_POINT( 'NONE', #11167 );
#9087 = LINE( '', #11168, #11169 );
#9088 = VERTEX_POINT( 'NONE', #11170 );
#9089 = CIRCLE( '', #11171, 92.2820759990832 );
#9090 = LINE( '', #11172, #11173 );
#9091 = FILL_AREA_STYLE_COLOUR( '', #11174 );
#9092 = VERTEX_POINT( 'NONE', #11175 );
#9093 = VERTEX_POINT( 'NONE', #11176 );
#9094 = LINE( '', #11177, #11178 );
#9095 = CIRCLE( '', #11179, 3.18811978464768 );
#9096 = CIRCLE( '', #11180, 3.18811978464852 );
#9097 = VERTEX_POINT( '', #11181 );
#9098 = CIRCLE( '', #11182, 1.40000000000058 );
#9099 = FILL_AREA_STYLE_COLOUR( '', #11183 );
#9100 = VERTEX_POINT( 'NONE', #11184 );
#9101 = VERTEX_POINT( 'NONE', #11185 );
#9102 = LINE( '', #11186, #11187 );
#9103 = VERTEX_POINT( 'NONE', #11188 );
#9104 = LINE( '', #11189, #11190 );
#9105 = VERTEX_POINT( 'NONE', #11191 );
#9106 = LINE( '', #11192, #11193 );
#9107 = LINE( '', #11194, #11195 );
#9108 = FILL_AREA_STYLE_COLOUR( '', #11196 );
#9109 = VERTEX_POINT( 'NONE', #11197 );
#9110 = VERTEX_POINT( 'NONE', #11198 );
#9111 = LINE( '', #11199, #11200 );
#9112 = VERTEX_POINT( 'NONE', #11201 );
#9113 = LINE( '', #11202, #11203 );
#9114 = VERTEX_POINT( 'NONE', #11204 );
#9115 = LINE( '', #11205, #11206 );
#9116 = VERTEX_POINT( 'NONE', #11207 );
#9117 = LINE( '', #11208, #11209 );
#9118 = LINE( '', #11210, #11211 );
#9119 = VERTEX_POINT( 'NONE', #11212 );
#9120 = LINE( '', #11213, #11214 );
#9121 = VERTEX_POINT( 'NONE', #11215 );
#9122 = LINE( '', #11216, #11217 );
#9123 = VERTEX_POINT( 'NONE', #11218 );
#9124 = LINE( '', #11219, #11220 );
#9125 = VERTEX_POINT( 'NONE', #11221 );
#9126 = CIRCLE( '', #11222, 1.49999999999997 );
#9127 = VERTEX_POINT( 'NONE', #11223 );
#9128 = LINE( '', #11224, #11225 );
#9129 = VERTEX_POINT( 'NONE', #11226 );
#9130 = LINE( '', #11227, #11228 );
#9131 = VERTEX_POINT( 'NONE', #11229 );
#9132 = LINE( '', #11230, #11231 );
#9133 = VERTEX_POINT( 'NONE', #11232 );
#9134 = LINE( '', #11233, #11234 );
#9135 = VERTEX_POINT( 'NONE', #11235 );
#9136 = LINE( '', #11236, #11237 );
#9137 = VERTEX_POINT( 'NONE', #11238 );
#9138 = CIRCLE( '', #11239, 1.99999999999982 );
#9139 = VERTEX_POINT( 'NONE', #11240 );
#9140 = LINE( '', #11241, #11242 );
#9141 = VERTEX_POINT( 'NONE', #11243 );
#9142 = LINE( '', #11244, #11245 );
#9143 = VERTEX_POINT( 'NONE', #11246 );
#9144 = LINE( '', #11247, #11248 );
#9145 = CIRCLE( '', #11249, 2.00000000000028 );
#9146 = FILL_AREA_STYLE_COLOUR( '', #11250 );
#9147 = VERTEX_POINT( 'NONE', #11251 );
#9148 = VERTEX_POINT( 'NONE', #11252 );
#9149 = LINE( '', #11253, #11254 );
#9150 = VERTEX_POINT( 'NONE', #11255 );
#9151 = LINE( '', #11256, #11257 );
#9152 = VERTEX_POINT( 'NONE', #11258 );
#9153 = LINE( '', #11259, #11260 );
#9154 = LINE( '', #11261, #11262 );
#9155 = FILL_AREA_STYLE_COLOUR( '', #11263 );
#9156 = VERTEX_POINT( 'NONE', #11264 );
#9157 = LINE( '', #11265, #11266 );
#9158 = VERTEX_POINT( 'NONE', #11267 );
#9159 = CIRCLE( '', #11268, 1.99999999999982 );
#9160 = LINE( '', #11269, #11270 );
#9161 = FILL_AREA_STYLE_COLOUR( '', #11271 );
#9162 = VERTEX_POINT( 'NONE', #11272 );
#9163 = VERTEX_POINT( 'NONE', #11273 );
#9164 = LINE( '', #11274, #11275 );
#9165 = VERTEX_POINT( 'NONE', #11276 );
#9166 = LINE( '', #11277, #11278 );
#9167 = VERTEX_POINT( 'NONE', #11279 );
#9168 = LINE( '', #11280, #11281 );
#9169 = LINE( '', #11282, #11283 );
#9170 = FILL_AREA_STYLE_COLOUR( '', #11284 );
#9171 = VERTEX_POINT( 'NONE', #11285 );
#9172 = VERTEX_POINT( 'NONE', #11286 );
#9173 = LINE( '', #11287, #11288 );
#9174 = VERTEX_POINT( 'NONE', #11289 );
#9175 = LINE( '', #11290, #11291 );
#9176 = VERTEX_POINT( 'NONE', #11292 );
#9177 = LINE( '', #11293, #11294 );
#9178 = LINE( '', #11295, #11296 );
#9179 = FILL_AREA_STYLE_COLOUR( '', #11297 );
#9180 = VERTEX_POINT( 'NONE', #11298 );
#9181 = LINE( '', #11299, #11300 );
#9182 = VERTEX_POINT( 'NONE', #11301 );
#9183 = LINE( '', #11302, #11303 );
#9184 = LINE( '', #11304, #11305 );
#9185 = FILL_AREA_STYLE_COLOUR( '', #11306 );
#9186 = VERTEX_POINT( 'NONE', #11307 );
#9187 = VERTEX_POINT( 'NONE', #11308 );
#9188 = LINE( '', #11309, #11310 );
#9189 = VERTEX_POINT( 'NONE', #11311 );
#9190 = LINE( '', #11312, #11313 );
#9191 = VERTEX_POINT( 'NONE', #11314 );
#9192 = LINE( '', #11315, #11316 );
#9193 = VERTEX_POINT( 'NONE', #11317 );
#9194 = LINE( '', #11318, #11319 );
#9195 = VERTEX_POINT( 'NONE', #11320 );
#9196 = LINE( '', #11321, #11322 );
#9197 = VERTEX_POINT( 'NONE', #11323 );
#9198 = LINE( '', #11324, #11325 );
#9199 = VERTEX_POINT( 'NONE', #11326 );
#9200 = LINE( '', #11327, #11328 );
#9201 = LINE( '', #11329, #11330 );
#9202 = FILL_AREA_STYLE_COLOUR( '', #11331 );
#9203 = VERTEX_POINT( 'NONE', #11332 );
#9204 = VERTEX_POINT( 'NONE', #11333 );
#9205 = CIRCLE( '', #11334, 0.999999999998995 );
#9206 = VERTEX_POINT( 'NONE', #11335 );
#9207 = LINE( '', #11336, #11337 );
#9208 = VERTEX_POINT( 'NONE', #11338 );
#9209 = CIRCLE( '', #11339, 0.999999999998995 );
#9210 = LINE( '', #11340, #11341 );
#9211 = FILL_AREA_STYLE_COLOUR( '', #11342 );
#9212 = VERTEX_POINT( 'NONE', #11343 );
#9213 = VERTEX_POINT( 'NONE', #11344 );
#9214 = CIRCLE( '', #11345, 3.18811978464847 );
#9215 = VERTEX_POINT( 'NONE', #11346 );
#9216 = LINE( '', #11347, #11348 );
#9217 = VERTEX_POINT( 'NONE', #11349 );
#9218 = CIRCLE( '', #11350, 3.18811978464796 );
#9219 = LINE( '', #11351, #11352 );
#9220 = VERTEX_POINT( '', #11353 );
#9221 = CIRCLE( '', #11354, 1.40000000000057 );
#9222 = FILL_AREA_STYLE_COLOUR( '', #11355 );
#9223 = VERTEX_POINT( 'NONE', #11356 );
#9224 = VERTEX_POINT( 'NONE', #11357 );
#9225 = LINE( '', #11358, #11359 );
#9226 = VERTEX_POINT( 'NONE', #11360 );
#9227 = LINE( '', #11361, #11362 );
#9228 = VERTEX_POINT( 'NONE', #11363 );
#9229 = LINE( '', #11364, #11365 );
#9230 = LINE( '', #11366, #11367 );
#9231 = FILL_AREA_STYLE_COLOUR( '', #11368 );
#9232 = VERTEX_POINT( 'NONE', #11369 );
#9233 = LINE( '', #11370, #11371 );
#9234 = VERTEX_POINT( 'NONE', #11372 );
#9235 = LINE( '', #11373, #11374 );
#9236 = LINE( '', #11375, #11376 );
#9237 = FILL_AREA_STYLE_COLOUR( '', #11377 );
#9238 = VERTEX_POINT( 'NONE', #11378 );
#9239 = VERTEX_POINT( 'NONE', #11379 );
#9240 = LINE( '', #11380, #11381 );
#9241 = VERTEX_POINT( 'NONE', #11382 );
#9242 = LINE( '', #11383, #11384 );
#9243 = VERTEX_POINT( 'NONE', #11385 );
#9244 = LINE( '', #11386, #11387 );
#9245 = LINE( '', #11388, #11389 );
#9246 = FILL_AREA_STYLE_COLOUR( '', #11390 );
#9247 = VERTEX_POINT( 'NONE', #11391 );
#9248 = VERTEX_POINT( 'NONE', #11392 );
#9249 = LINE( '', #11393, #11394 );
#9250 = VERTEX_POINT( 'NONE', #11395 );
#9251 = LINE( '', #11396, #11397 );
#9252 = VERTEX_POINT( 'NONE', #11398 );
#9253 = LINE( '', #11399, #11400 );
#9254 = VERTEX_POINT( 'NONE', #11401 );
#9255 = LINE( '', #11402, #11403 );
#9256 = VERTEX_POINT( 'NONE', #11404 );
#9257 = LINE( '', #11405, #11406 );
#9258 = VERTEX_POINT( 'NONE', #11407 );
#9259 = LINE( '', #11408, #11409 );
#9260 = VERTEX_POINT( 'NONE', #11410 );
#9261 = LINE( '', #11411, #11412 );
#9262 = LINE( '', #11413, #11414 );
#9263 = FILL_AREA_STYLE_COLOUR( '', #11415 );
#9264 = VERTEX_POINT( 'NONE', #11416 );
#9265 = VERTEX_POINT( 'NONE', #11417 );
#9266 = LINE( '', #11418, #11419 );
#9267 = VERTEX_POINT( 'NONE', #11420 );
#9268 = LINE( '', #11421, #11422 );
#9269 = LINE( '', #11423, #11424 );
#9270 = VERTEX_POINT( 'NONE', #11425 );
#9271 = LINE( '', #11426, #11427 );
#9272 = LINE( '', #11428, #11429 );
#9273 = LINE( '', #11430, #11431 );
#9274 = FILL_AREA_STYLE_COLOUR( '', #11432 );
#9275 = VERTEX_POINT( 'NONE', #11433 );
#9276 = VERTEX_POINT( 'NONE', #11434 );
#9277 = CIRCLE( '', #11435, 1.00000000000426 );
#9278 = VERTEX_POINT( 'NONE', #11436 );
#9279 = LINE( '', #11437, #11438 );
#9280 = VERTEX_POINT( 'NONE', #11439 );
#9281 = CIRCLE( '', #11440, 1.00000000000426 );
#9282 = LINE( '', #11441, #11442 );
#9283 = FILL_AREA_STYLE_COLOUR( '', #11443 );
#9284 = VERTEX_POINT( 'NONE', #11444 );
#9285 = VERTEX_POINT( 'NONE', #11445 );
#9286 = LINE( '', #11446, #11447 );
#9287 = VERTEX_POINT( 'NONE', #11448 );
#9288 = LINE( '', #11449, #11450 );
#9289 = VERTEX_POINT( 'NONE', #11451 );
#9290 = LINE( '', #11452, #11453 );
#9291 = LINE( '', #11454, #11455 );
#9292 = FILL_AREA_STYLE_COLOUR( '', #11456 );
#9293 = VERTEX_POINT( '', #11457 );
#9294 = CIRCLE( '', #11458, 1.24999999999977 );
#9295 = VERTEX_POINT( '', #11459 );
#9296 = CIRCLE( '', #11460, 1.24999999999977 );
#9297 = FILL_AREA_STYLE_COLOUR( '', #11461 );
#9298 = VERTEX_POINT( 'NONE', #11462 );
#9299 = LINE( '', #11463, #11464 );
#9300 = VERTEX_POINT( 'NONE', #11465 );
#9301 = LINE( '', #11466, #11467 );
#9302 = LINE( '', #11468, #11469 );
#9303 = FILL_AREA_STYLE_COLOUR( '', #11470 );
#9304 = VERTEX_POINT( 'NONE', #11471 );
#9305 = LINE( '', #11472, #11473 );
#9306 = VERTEX_POINT( 'NONE', #11474 );
#9307 = LINE( '', #11475, #11476 );
#9308 = LINE( '', #11477, #11478 );
#9309 = FILL_AREA_STYLE_COLOUR( '', #11479 );
#9310 = VERTEX_POINT( 'NONE', #11480 );
#9311 = VERTEX_POINT( 'NONE', #11481 );
#9312 = LINE( '', #11482, #11483 );
#9313 = VERTEX_POINT( 'NONE', #11484 );
#9314 = LINE( '', #11485, #11486 );
#9315 = VERTEX_POINT( 'NONE', #11487 );
#9316 = LINE( '', #11488, #11489 );
#9317 = CIRCLE( '', #11490, 3.64999999999964 );
#9318 = FILL_AREA_STYLE_COLOUR( '', #11491 );
#9319 = VERTEX_POINT( 'NONE', #11492 );
#9320 = VERTEX_POINT( 'NONE', #11493 );
#9321 = LINE( '', #11494, #11495 );
#9322 = LINE( '', #11496, #11497 );
#9323 = LINE( '', #11498, #11499 );
#9324 = FILL_AREA_STYLE_COLOUR( '', #11500 );
#9325 = VERTEX_POINT( 'NONE', #11501 );
#9326 = CIRCLE( '', #11502, 1.49999999999997 );
#9327 = VERTEX_POINT( 'NONE', #11503 );
#9328 = CIRCLE( '', #11504, 1.49999999999997 );
#9329 = LINE( '', #11505, #11506 );
#9330 = LINE( '', #11507, #11508 );
#9331 = FILL_AREA_STYLE_COLOUR( '', #11509 );
#9332 = VERTEX_POINT( 'NONE', #11510 );
#9333 = LINE( '', #11511, #11512 );
#9334 = VERTEX_POINT( 'NONE', #11513 );
#9335 = LINE( '', #11514, #11515 );
#9336 = VERTEX_POINT( 'NONE', #11516 );
#9337 = LINE( '', #11517, #11518 );
#9338 = VERTEX_POINT( 'NONE', #11519 );
#9339 = LINE( '', #11520, #11521 );
#9340 = LINE( '', #11522, #11523 );
#9341 = FILL_AREA_STYLE_COLOUR( '', #11524 );
#9342 = VERTEX_POINT( 'NONE', #11525 );
#9343 = VERTEX_POINT( 'NONE', #11526 );
#9344 = LINE( '', #11527, #11528 );
#9345 = VERTEX_POINT( 'NONE', #11529 );
#9346 = LINE( '', #11530, #11531 );
#9347 = VERTEX_POINT( 'NONE', #11532 );
#9348 = LINE( '', #11533, #11534 );
#9349 = LINE( '', #11535, #11536 );
#9350 = FILL_AREA_STYLE_COLOUR( '', #11537 );
#9351 = VERTEX_POINT( 'NONE', #11538 );
#9352 = VERTEX_POINT( 'NONE', #11539 );
#9353 = LINE( '', #11540, #11541 );
#9354 = LINE( '', #11542, #11543 );
#9355 = LINE( '', #11544, #11545 );
#9356 = FILL_AREA_STYLE_COLOUR( '', #11546 );
#9357 = VERTEX_POINT( 'NONE', #11547 );
#9358 = LINE( '', #11548, #11549 );
#9359 = LINE( '', #11550, #11551 );
#9360 = FILL_AREA_STYLE_COLOUR( '', #11552 );
#9361 = VERTEX_POINT( '', #11553 );
#9362 = CIRCLE( '', #11554, 1.40000000000058 );
#9363 = FILL_AREA_STYLE_COLOUR( '', #11555 );
#9364 = VERTEX_POINT( 'NONE', #11556 );
#9365 = VERTEX_POINT( 'NONE', #11557 );
#9366 = CIRCLE( '', #11558, 3.65000000000046 );
#9367 = VERTEX_POINT( 'NONE', #11559 );
#9368 = LINE( '', #11560, #11561 );
#9369 = CIRCLE( '', #11562, 3.65000000000046 );
#9370 = VERTEX_POINT( 'NONE', #11563 );
#9371 = CIRCLE( '', #11564, 3.65000000000046 );
#9372 = VERTEX_POINT( 'NONE', #11565 );
#9373 = LINE( '', #11566, #11567 );
#9374 = VERTEX_POINT( 'NONE', #11568 );
#9375 = CIRCLE( '', #11569, 3.65000000000046 );
#9376 = LINE( '', #11570, #11571 );
#9377 = FILL_AREA_STYLE_COLOUR( '', #11572 );
#9378 = VERTEX_POINT( 'NONE', #11573 );
#9379 = VERTEX_POINT( 'NONE', #11574 );
#9380 = CIRCLE( '', #11575, 3.00000000000250 );
#9381 = VERTEX_POINT( 'NONE', #11576 );
#9382 = LINE( '', #11577, #11578 );
#9383 = VERTEX_POINT( 'NONE', #11579 );
#9384 = CIRCLE( '', #11580, 3.00000000000250 );
#9385 = LINE( '', #11581, #11582 );
#9386 = FILL_AREA_STYLE_COLOUR( '', #11583 );
#9387 = VERTEX_POINT( 'NONE', #11584 );
#9388 = VERTEX_POINT( 'NONE', #11585 );
#9389 = CIRCLE( '', #11586, 1.99999999999961 );
#9390 = VERTEX_POINT( 'NONE', #11587 );
#9391 = LINE( '', #11588, #11589 );
#9392 = VERTEX_POINT( 'NONE', #11590 );
#9393 = CIRCLE( '', #11591, 1.99999999999961 );
#9394 = LINE( '', #11592, #11593 );
#9395 = FILL_AREA_STYLE_COLOUR( '', #11594 );
#9396 = VERTEX_POINT( 'NONE', #11595 );
#9397 = VERTEX_POINT( 'NONE', #11596 );
#9398 = LINE( '', #11597, #11598 );
#9399 = LINE( '', #11599, #11600 );
#9400 = LINE( '', #11601, #11602 );
#9401 = FILL_AREA_STYLE_COLOUR( '', #11603 );
#9402 = VERTEX_POINT( 'NONE', #11604 );
#9403 = VERTEX_POINT( 'NONE', #11605 );
#9404 = LINE( '', #11606, #11607 );
#9405 = VERTEX_POINT( 'NONE', #11608 );
#9406 = LINE( '', #11609, #11610 );
#9407 = VERTEX_POINT( 'NONE', #11611 );
#9408 = LINE( '', #11612, #11613 );
#9409 = LINE( '', #11614, #11615 );
#9410 = LINE( '', #11616, #11617 );
#9411 = FILL_AREA_STYLE_COLOUR( '', #11618 );
#9412 = VERTEX_POINT( 'NONE', #11619 );
#9413 = VERTEX_POINT( 'NONE', #11620 );
#9414 = LINE( '', #11621, #11622 );
#9415 = VERTEX_POINT( 'NONE', #11623 );
#9416 = CIRCLE( '', #11624, 4.55000000000138 );
#9417 = VERTEX_POINT( 'NONE', #11625 );
#9418 = LINE( '', #11626, #11627 );
#9419 = LINE( '', #11628, #11629 );
#9420 = FILL_AREA_STYLE_COLOUR( '', #11630 );
#9421 = LINE( '', #11631, #11632 );
#9422 = LINE( '', #11633, #11634 );
#9423 = FILL_AREA_STYLE_COLOUR( '', #11635 );
#9424 = VERTEX_POINT( 'NONE', #11636 );
#9425 = VERTEX_POINT( 'NONE', #11637 );
#9426 = CIRCLE( '', #11638, 1.99999999999961 );
#9427 = VERTEX_POINT( 'NONE', #11639 );
#9428 = LINE( '', #11640, #11641 );
#9429 = VERTEX_POINT( 'NONE', #11642 );
#9430 = CIRCLE( '', #11643, 1.99999999999961 );
#9431 = LINE( '', #11644, #11645 );
#9432 = FILL_AREA_STYLE_COLOUR( '', #11646 );
#9433 = VERTEX_POINT( 'NONE', #11647 );
#9434 = LINE( '', #11648, #11649 );
#9435 = VERTEX_POINT( 'NONE', #11650 );
#9436 = LINE( '', #11651, #11652 );
#9437 = VERTEX_POINT( 'NONE', #11653 );
#9438 = LINE( '', #11654, #11655 );
#9439 = VERTEX_POINT( 'NONE', #11656 );
#9440 = LINE( '', #11657, #11658 );
#9441 = VERTEX_POINT( 'NONE', #11659 );
#9442 = LINE( '', #11660, #11661 );
#9443 = VERTEX_POINT( 'NONE', #11662 );
#9444 = LINE( '', #11663, #11664 );
#9445 = LINE( '', #11665, #11666 );
#9446 = FILL_AREA_STYLE_COLOUR( '', #11667 );
#9447 = VERTEX_POINT( 'NONE', #11668 );
#9448 = CIRCLE( '', #11669, 4.54999999999957 );
#9449 = VERTEX_POINT( 'NONE', #11670 );
#9450 = CIRCLE( '', #11671, 4.54999999999957 );
#9451 = LINE( '', #11672, #11673 );
#9452 = FILL_AREA_STYLE_COLOUR( '', #11674 );
#9453 = VERTEX_POINT( 'NONE', #11675 );
#9454 = VERTEX_POINT( 'NONE', #11676 );
#9455 = LINE( '', #11677, #11678 );
#9456 = VERTEX_POINT( 'NONE', #11679 );
#9457 = LINE( '', #11680, #11681 );
#9458 = VERTEX_POINT( 'NONE', #11682 );
#9459 = LINE( '', #11683, #11684 );
#9460 = VERTEX_POINT( 'NONE', #11685 );
#9461 = LINE( '', #11686, #11687 );
#9462 = VERTEX_POINT( 'NONE', #11688 );
#9463 = LINE( '', #11689, #11690 );
#9464 = LINE( '', #11691, #11692 );
#9465 = FILL_AREA_STYLE_COLOUR( '', #11693 );
#9466 = VERTEX_POINT( 'NONE', #11694 );
#9467 = VERTEX_POINT( 'NONE', #11695 );
#9468 = LINE( '', #11696, #11697 );
#9469 = VERTEX_POINT( 'NONE', #11698 );
#9470 = LINE( '', #11699, #11700 );
#9471 = VERTEX_POINT( 'NONE', #11701 );
#9472 = LINE( '', #11702, #11703 );
#9473 = LINE( '', #11704, #11705 );
#9474 = FILL_AREA_STYLE_COLOUR( '', #11706 );
#9475 = VERTEX_POINT( 'NONE', #11707 );
#9476 = VERTEX_POINT( 'NONE', #11708 );
#9477 = LINE( '', #11709, #11710 );
#9478 = VERTEX_POINT( 'NONE', #11711 );
#9479 = LINE( '', #11712, #11713 );
#9480 = VERTEX_POINT( 'NONE', #11714 );
#9481 = LINE( '', #11715, #11716 );
#9482 = LINE( '', #11717, #11718 );
#9483 = LINE( '', #11719, #11720 );
#9484 = FILL_AREA_STYLE_COLOUR( '', #11721 );
#9485 = VERTEX_POINT( 'NONE', #11722 );
#9486 = LINE( '', #11723, #11724 );
#9487 = VERTEX_POINT( 'NONE', #11725 );
#9488 = LINE( '', #11726, #11727 );
#9489 = LINE( '', #11728, #11729 );
#9490 = FILL_AREA_STYLE_COLOUR( '', #11730 );
#9491 = VERTEX_POINT( 'NONE', #11731 );
#9492 = CIRCLE( '', #11732, 3.64999999999964 );
#9493 = VERTEX_POINT( 'NONE', #11733 );
#9494 = CIRCLE( '', #11734, 3.64999999999955 );
#9495 = VERTEX_POINT( 'NONE', #11735 );
#9496 = LINE( '', #11736, #11737 );
#9497 = VERTEX_POINT( 'NONE', #11738 );
#9498 = CIRCLE( '', #11739, 3.64999999999964 );
#9499 = LINE( '', #11740, #11741 );
#9500 = LINE( '', #11742, #11743 );
#9501 = FILL_AREA_STYLE_COLOUR( '', #11744 );
#9502 = VERTEX_POINT( 'NONE', #11745 );
#9503 = VERTEX_POINT( 'NONE', #11746 );
#9504 = CIRCLE( '', #11747, 2.00000000000028 );
#9505 = VERTEX_POINT( 'NONE', #11748 );
#9506 = LINE( '', #11749, #11750 );
#9507 = VERTEX_POINT( 'NONE', #11751 );
#9508 = CIRCLE( '', #11752, 2.00000000000028 );
#9509 = LINE( '', #11753, #11754 );
#9510 = FILL_AREA_STYLE_COLOUR( '', #11755 );
#9511 = VERTEX_POINT( 'NONE', #11756 );
#9512 = LINE( '', #11757, #11758 );
#9513 = LINE( '', #11759, #11760 );
#9514 = FILL_AREA_STYLE_COLOUR( '', #11761 );
#9515 = VERTEX_POINT( 'NONE', #11762 );
#9516 = VERTEX_POINT( 'NONE', #11763 );
#9517 = LINE( '', #11764, #11765 );
#9518 = VERTEX_POINT( 'NONE', #11766 );
#9519 = CIRCLE( '', #11767, 4.55000000000116 );
#9520 = VERTEX_POINT( 'NONE', #11768 );
#9521 = LINE( '', #11769, #11770 );
#9522 = VERTEX_POINT( 'NONE', #11771 );
#9523 = LINE( '', #11772, #11773 );
#9524 = VERTEX_POINT( 'NONE', #11774 );
#9525 = LINE( '', #11775, #11776 );
#9526 = CIRCLE( '', #11777, 4.55000000000221 );
#9527 = FILL_AREA_STYLE_COLOUR( '', #11778 );
#9528 = VERTEX_POINT( 'NONE', #11779 );
#9529 = LINE( '', #11780, #11781 );
#9530 = VERTEX_POINT( 'NONE', #11782 );
#9531 = LINE( '', #11783, #11784 );
#9532 = LINE( '', #11785, #11786 );
#9533 = FILL_AREA_STYLE_COLOUR( '', #11787 );
#9534 = VERTEX_POINT( 'NONE', #11788 );
#9535 = VERTEX_POINT( 'NONE', #11789 );
#9536 = LINE( '', #11790, #11791 );
#9537 = VERTEX_POINT( 'NONE', #11792 );
#9538 = LINE( '', #11793, #11794 );
#9539 = VERTEX_POINT( 'NONE', #11795 );
#9540 = LINE( '', #11796, #11797 );
#9541 = LINE( '', #11798, #11799 );
#9542 = FILL_AREA_STYLE_COLOUR( '', #11800 );
#9543 = VERTEX_POINT( 'NONE', #11801 );
#9544 = CIRCLE( '', #11802, 3.00000000001105 );
#9545 = VERTEX_POINT( 'NONE', #11803 );
#9546 = LINE( '', #11804, #11805 );
#9547 = CIRCLE( '', #11806, 3.00000000001105 );
#9548 = FILL_AREA_STYLE_COLOUR( '', #11807 );
#9549 = VERTEX_POINT( 'NONE', #11808 );
#9550 = LINE( '', #11809, #11810 );
#9551 = VERTEX_POINT( 'NONE', #11811 );
#9552 = LINE( '', #11812, #11813 );
#9553 = LINE( '', #11814, #11815 );
#9554 = LINE( '', #11816, #11817 );
#9555 = LINE( '', #11818, #11819 );
#9556 = FILL_AREA_STYLE_COLOUR( '', #11820 );
#9557 = VERTEX_POINT( 'NONE', #11821 );
#9558 = VERTEX_POINT( 'NONE', #11822 );
#9559 = CIRCLE( '', #11823, 3.75000000000022 );
#9560 = LINE( '', #11824, #11825 );
#9561 = VERTEX_POINT( 'NONE', #11826 );
#9562 = LINE( '', #11827, #11828 );
#9563 = LINE( '', #11829, #11830 );
#9564 = VERTEX_POINT( 'NONE', #11831 );
#9565 = CIRCLE( '', #11832, 3.75000000000206 );
#9566 = VERTEX_POINT( 'NONE', #11833 );
#9567 = LINE( '', #11834, #11835 );
#9568 = VERTEX_POINT( 'NONE', #11836 );
#9569 = LINE( '', #11837, #11838 );
#9570 = VERTEX_POINT( 'NONE', #11839 );
#9571 = LINE( '', #11840, #11841 );
#9572 = VERTEX_POINT( 'NONE', #11842 );
#9573 = CIRCLE( '', #11843, 3.75000000000091 );
#9574 = LINE( '', #11844, #11845 );
#9575 = VERTEX_POINT( '', #11846 );
#9576 = CIRCLE( '', #11847, 1.24999999999980 );
#9577 = FILL_AREA_STYLE_COLOUR( '', #11848 );
#9578 = VERTEX_POINT( 'NONE', #11849 );
#9579 = VERTEX_POINT( 'NONE', #11850 );
#9580 = LINE( '', #11851, #11852 );
#9581 = LINE( '', #11853, #11854 );
#9582 = VERTEX_POINT( 'NONE', #11855 );
#9583 = LINE( '', #11856, #11857 );
#9584 = VERTEX_POINT( 'NONE', #11858 );
#9585 = LINE( '', #11859, #11860 );
#9586 = VERTEX_POINT( 'NONE', #11861 );
#9587 = LINE( '', #11862, #11863 );
#9588 = VERTEX_POINT( 'NONE', #11864 );
#9589 = LINE( '', #11865, #11866 );
#9590 = LINE( '', #11867, #11868 );
#9591 = FILL_AREA_STYLE_COLOUR( '', #11869 );
#9592 = VERTEX_POINT( 'NONE', #11870 );
#9593 = CIRCLE( '', #11871, 3.75000000000361 );
#9594 = VERTEX_POINT( 'NONE', #11872 );
#9595 = LINE( '', #11873, #11874 );
#9596 = VERTEX_POINT( 'NONE', #11875 );
#9597 = CIRCLE( '', #11876, 3.75000000000317 );
#9598 = VERTEX_POINT( 'NONE', #11877 );
#9599 = LINE( '', #11878, #11879 );
#9600 = VERTEX_POINT( 'NONE', #11880 );
#9601 = LINE( '', #11881, #11882 );
#9602 = VERTEX_POINT( 'NONE', #11883 );
#9603 = LINE( '', #11884, #11885 );
#9604 = VERTEX_POINT( 'NONE', #11886 );
#9605 = LINE( '', #11887, #11888 );
#9606 = VERTEX_POINT( 'NONE', #11889 );
#9607 = LINE( '', #11890, #11891 );
#9608 = CIRCLE( '', #11892, 3.74999999999927 );
#9609 = LINE( '', #11893, #11894 );
#9610 = CIRCLE( '', #11895, 3.75000000000035 );
#9611 = VERTEX_POINT( 'NONE', #11896 );
#9612 = LINE( '', #11897, #11898 );
#9613 = LINE( '', #11899, #11900 );
#9614 = FILL_AREA_STYLE_COLOUR( '', #11901 );
#9615 = VERTEX_POINT( 'NONE', #11902 );
#9616 = CIRCLE( '', #11903, 3.75000000000361 );
#9617 = LINE( '', #11904, #11905 );
#9618 = FILL_AREA_STYLE_COLOUR( '', #11906 );
#9619 = VERTEX_POINT( 'NONE', #11907 );
#9620 = LINE( '', #11908, #11909 );
#9621 = VERTEX_POINT( 'NONE', #11910 );
#9622 = LINE( '', #11911, #11912 );
#9623 = LINE( '', #11913, #11914 );
#9624 = FILL_AREA_STYLE_COLOUR( '', #11915 );
#9625 = VERTEX_POINT( 'NONE', #11916 );
#9626 = VERTEX_POINT( 'NONE', #11917 );
#9627 = CIRCLE( '', #11918, 2.99999999999953 );
#9628 = VERTEX_POINT( 'NONE', #11919 );
#9629 = LINE( '', #11920, #11921 );
#9630 = VERTEX_POINT( 'NONE', #11922 );
#9631 = CIRCLE( '', #11923, 2.99999999999953 );
#9632 = LINE( '', #11924, #11925 );
#9633 = FILL_AREA_STYLE_COLOUR( '', #11926 );
#9634 = VERTEX_POINT( 'NONE', #11927 );
#9635 = VERTEX_POINT( 'NONE', #11928 );
#9636 = LINE( '', #11929, #11930 );
#9637 = VERTEX_POINT( 'NONE', #11931 );
#9638 = LINE( '', #11932, #11933 );
#9639 = VERTEX_POINT( 'NONE', #11934 );
#9640 = LINE( '', #11935, #11936 );
#9641 = LINE( '', #11937, #11938 );
#9642 = FILL_AREA_STYLE_COLOUR( '', #11939 );
#9643 = VERTEX_POINT( 'NONE', #11940 );
#9644 = VERTEX_POINT( 'NONE', #11941 );
#9645 = LINE( '', #11942, #11943 );
#9646 = VERTEX_POINT( 'NONE', #11944 );
#9647 = LINE( '', #11945, #11946 );
#9648 = VERTEX_POINT( 'NONE', #11947 );
#9649 = LINE( '', #11948, #11949 );
#9650 = LINE( '', #11950, #11951 );
#9651 = FILL_AREA_STYLE_COLOUR( '', #11952 );
#9652 = VERTEX_POINT( 'NONE', #11953 );
#9653 = LINE( '', #11954, #11955 );
#9654 = VERTEX_POINT( 'NONE', #11956 );
#9655 = LINE( '', #11957, #11958 );
#9656 = LINE( '', #11959, #11960 );
#9657 = FILL_AREA_STYLE_COLOUR( '', #11961 );
#9658 = VERTEX_POINT( 'NONE', #11962 );
#9659 = LINE( '', #11963, #11964 );
#9660 = VERTEX_POINT( 'NONE', #11965 );
#9661 = LINE( '', #11966, #11967 );
#9662 = LINE( '', #11968, #11969 );
#9663 = FILL_AREA_STYLE_COLOUR( '', #11970 );
#9664 = VERTEX_POINT( 'NONE', #11971 );
#9665 = LINE( '', #11972, #11973 );
#9666 = VERTEX_POINT( 'NONE', #11974 );
#9667 = LINE( '', #11975, #11976 );
#9668 = LINE( '', #11977, #11978 );
#9669 = FILL_AREA_STYLE_COLOUR( '', #11979 );
#9670 = VERTEX_POINT( 'NONE', #11980 );
#9671 = VERTEX_POINT( 'NONE', #11981 );
#9672 = LINE( '', #11982, #11983 );
#9673 = VERTEX_POINT( 'NONE', #11984 );
#9674 = CIRCLE( '', #11985, 1.99999999999984 );
#9675 = VERTEX_POINT( 'NONE', #11986 );
#9676 = LINE( '', #11987, #11988 );
#9677 = LINE( '', #11989, #11990 );
#9678 = LINE( '', #11991, #11992 );
#9679 = LINE( '', #11993, #11994 );
#9680 = VERTEX_POINT( 'NONE', #11995 );
#9681 = LINE( '', #11996, #11997 );
#9682 = VERTEX_POINT( 'NONE', #11998 );
#9683 = CIRCLE( '', #11999, 1.49999999999997 );
#9684 = VERTEX_POINT( 'NONE', #12000 );
#9685 = LINE( '', #12001, #12002 );
#9686 = VERTEX_POINT( 'NONE', #12003 );
#9687 = LINE( '', #12004, #12005 );
#9688 = VERTEX_POINT( 'NONE', #12006 );
#9689 = LINE( '', #12007, #12008 );
#9690 = VERTEX_POINT( 'NONE', #12009 );
#9691 = CIRCLE( '', #12010, 1.50000000000014 );
#9692 = LINE( '', #12011, #12012 );
#9693 = LINE( '', #12013, #12014 );
#9694 = FILL_AREA_STYLE_COLOUR( '', #12015 );
#9695 = VERTEX_POINT( 'NONE', #12016 );
#9696 = LINE( '', #12017, #12018 );
#9697 = VERTEX_POINT( 'NONE', #12019 );
#9698 = LINE( '', #12020, #12021 );
#9699 = LINE( '', #12022, #12023 );
#9700 = FILL_AREA_STYLE_COLOUR( '', #12024 );
#9701 = LINE( '', #12025, #12026 );
#9702 = FILL_AREA_STYLE_COLOUR( '', #12027 );
#9703 = VERTEX_POINT( 'NONE', #12028 );
#9704 = LINE( '', #12029, #12030 );
#9705 = VERTEX_POINT( 'NONE', #12031 );
#9706 = LINE( '', #12032, #12033 );
#9707 = CIRCLE( '', #12034, 4.54999999999813 );
#9708 = FILL_AREA_STYLE_COLOUR( '', #12035 );
#9709 = LINE( '', #12036, #12037 );
#9710 = LINE( '', #12038, #12039 );
#9711 = FILL_AREA_STYLE_COLOUR( '', #12040 );
#9712 = VERTEX_POINT( 'NONE', #12041 );
#9713 = VERTEX_POINT( 'NONE', #12042 );
#9714 = LINE( '', #12043, #12044 );
#9715 = VERTEX_POINT( 'NONE', #12045 );
#9716 = LINE( '', #12046, #12047 );
#9717 = VERTEX_POINT( 'NONE', #12048 );
#9718 = LINE( '', #12049, #12050 );
#9719 = LINE( '', #12051, #12052 );
#9720 = FILL_AREA_STYLE_COLOUR( '', #12053 );
#9721 = VERTEX_POINT( 'NONE', #12054 );
#9722 = LINE( '', #12055, #12056 );
#9723 = VERTEX_POINT( 'NONE', #12057 );
#9724 = LINE( '', #12058, #12059 );
#9725 = LINE( '', #12060, #12061 );
#9726 = FILL_AREA_STYLE_COLOUR( '', #12062 );
#9727 = VERTEX_POINT( 'NONE', #12063 );
#9728 = VERTEX_POINT( 'NONE', #12064 );
#9729 = LINE( '', #12065, #12066 );
#9730 = VERTEX_POINT( 'NONE', #12067 );
#9731 = LINE( '', #12068, #12069 );
#9732 = VERTEX_POINT( 'NONE', #12070 );
#9733 = LINE( '', #12071, #12072 );
#9734 = VERTEX_POINT( 'NONE', #12073 );
#9735 = LINE( '', #12074, #12075 );
#9736 = LINE( '', #12076, #12077 );
#9737 = FILL_AREA_STYLE_COLOUR( '', #12078 );
#9738 = VERTEX_POINT( 'NONE', #12079 );
#9739 = LINE( '', #12080, #12081 );
#9740 = LINE( '', #12082, #12083 );
#9741 = VERTEX_POINT( 'NONE', #12084 );
#9742 = LINE( '', #12085, #12086 );
#9743 = LINE( '', #12087, #12088 );
#9744 = FILL_AREA_STYLE_COLOUR( '', #12089 );
#9745 = VERTEX_POINT( 'NONE', #12090 );
#9746 = CIRCLE( '', #12091, 4.54999999999813 );
#9747 = LINE( '', #12092, #12093 );
#9748 = FILL_AREA_STYLE_COLOUR( '', #12094 );
#9749 = VERTEX_POINT( 'NONE', #12095 );
#9750 = LINE( '', #12096, #12097 );
#9751 = LINE( '', #12098, #12099 );
#9752 = FILL_AREA_STYLE_COLOUR( '', #12100 );
#9753 = VERTEX_POINT( 'NONE', #12101 );
#9754 = LINE( '', #12102, #12103 );
#9755 = LINE( '', #12104, #12105 );
#9756 = VERTEX_POINT( 'NONE', #12106 );
#9757 = LINE( '', #12107, #12108 );
#9758 = VERTEX_POINT( 'NONE', #12109 );
#9759 = LINE( '', #12110, #12111 );
#9760 = VERTEX_POINT( 'NONE', #12112 );
#9761 = LINE( '', #12113, #12114 );
#9762 = LINE( '', #12115, #12116 );
#9763 = FILL_AREA_STYLE_COLOUR( '', #12117 );
#9764 = CIRCLE( '', #12118, 1.50000000000015 );
#9765 = VERTEX_POINT( 'NONE', #12119 );
#9766 = LINE( '', #12120, #12121 );
#9767 = VERTEX_POINT( 'NONE', #12122 );
#9768 = LINE( '', #12123, #12124 );
#9769 = CIRCLE( '', #12125, 1.49999999999997 );
#9770 = FILL_AREA_STYLE_COLOUR( '', #12126 );
#9771 = VERTEX_POINT( 'NONE', #12127 );
#9772 = LINE( '', #12128, #12129 );
#9773 = LINE( '', #12130, #12131 );
#9774 = FILL_AREA_STYLE_COLOUR( '', #12132 );
#9775 = VERTEX_POINT( 'NONE', #12133 );
#9776 = LINE( '', #12134, #12135 );
#9777 = VERTEX_POINT( 'NONE', #12136 );
#9778 = LINE( '', #12137, #12138 );
#9779 = LINE( '', #12139, #12140 );
#9780 = FILL_AREA_STYLE_COLOUR( '', #12141 );
#9781 = VERTEX_POINT( 'NONE', #12142 );
#9782 = VERTEX_POINT( 'NONE', #12143 );
#9783 = LINE( '', #12144, #12145 );
#9784 = LINE( '', #12146, #12147 );
#9785 = LINE( '', #12148, #12149 );
#9786 = LINE( '', #12150, #12151 );
#9787 = FILL_AREA_STYLE_COLOUR( '', #12152 );
#9788 = VERTEX_POINT( 'NONE', #12153 );
#9789 = LINE( '', #12154, #12155 );
#9790 = VERTEX_POINT( 'NONE', #12156 );
#9791 = LINE( '', #12157, #12158 );
#9792 = LINE( '', #12159, #12160 );
#9793 = FILL_AREA_STYLE_COLOUR( '', #12161 );
#9794 = VERTEX_POINT( 'NONE', #12162 );
#9795 = VERTEX_POINT( 'NONE', #12163 );
#9796 = LINE( '', #12164, #12165 );
#9797 = VERTEX_POINT( 'NONE', #12166 );
#9798 = LINE( '', #12167, #12168 );
#9799 = VERTEX_POINT( 'NONE', #12169 );
#9800 = LINE( '', #12170, #12171 );
#9801 = LINE( '', #12172, #12173 );
#9802 = FILL_AREA_STYLE_COLOUR( '', #12174 );
#9803 = LINE( '', #12175, #12176 );
#9804 = LINE( '', #12177, #12178 );
#9805 = FILL_AREA_STYLE_COLOUR( '', #12179 );
#9806 = VERTEX_POINT( 'NONE', #12180 );
#9807 = LINE( '', #12181, #12182 );
#9808 = VERTEX_POINT( 'NONE', #12183 );
#9809 = LINE( '', #12184, #12185 );
#9810 = VERTEX_POINT( 'NONE', #12186 );
#9811 = LINE( '', #12187, #12188 );
#9812 = LINE( '', #12189, #12190 );
#9813 = VERTEX_POINT( 'NONE', #12191 );
#9814 = LINE( '', #12192, #12193 );
#9815 = VERTEX_POINT( 'NONE', #12194 );
#9816 = LINE( '', #12195, #12196 );
#9817 = LINE( '', #12197, #12198 );
#9818 = FILL_AREA_STYLE_COLOUR( '', #12199 );
#9819 = VERTEX_POINT( 'NONE', #12200 );
#9820 = VERTEX_POINT( 'NONE', #12201 );
#9821 = LINE( '', #12202, #12203 );
#9822 = LINE( '', #12204, #12205 );
#9823 = LINE( '', #12206, #12207 );
#9824 = FILL_AREA_STYLE_COLOUR( '', #12208 );
#9825 = FILL_AREA_STYLE_COLOUR( '', #12209 );
#9826 = VERTEX_POINT( 'NONE', #12210 );
#9827 = LINE( '', #12211, #12212 );
#9828 = VERTEX_POINT( 'NONE', #12213 );
#9829 = LINE( '', #12214, #12215 );
#9830 = LINE( '', #12216, #12217 );
#9831 = FILL_AREA_STYLE_COLOUR( '', #12218 );
#9832 = VERTEX_POINT( 'NONE', #12219 );
#9833 = CIRCLE( '', #12220, 2.99999999999124 );
#9834 = VERTEX_POINT( 'NONE', #12221 );
#9835 = CIRCLE( '', #12222, 2.99999999999124 );
#9836 = LINE( '', #12223, #12224 );
#9837 = FILL_AREA_STYLE_COLOUR( '', #12225 );
#9838 = LINE( '', #12226, #12227 );
#9839 = LINE( '', #12228, #12229 );
#9840 = FILL_AREA_STYLE_COLOUR( '', #12230 );
#9841 = VERTEX_POINT( 'NONE', #12231 );
#9842 = LINE( '', #12232, #12233 );
#9843 = LINE( '', #12234, #12235 );
#9844 = FILL_AREA_STYLE_COLOUR( '', #12236 );
#9845 = VERTEX_POINT( 'NONE', #12237 );
#9846 = LINE( '', #12238, #12239 );
#9847 = LINE( '', #12240, #12241 );
#9848 = FILL_AREA_STYLE_COLOUR( '', #12242 );
#9849 = VERTEX_POINT( 'NONE', #12243 );
#9850 = VERTEX_POINT( 'NONE', #12244 );
#9851 = CIRCLE( '', #12245, 3.64999999999957 );
#9852 = LINE( '', #12246, #12247 );
#9853 = LINE( '', #12248, #12249 );
#9854 = FILL_AREA_STYLE_COLOUR( '', #12250 );
#9855 = LINE( '', #12251, #12252 );
#9856 = FILL_AREA_STYLE_COLOUR( '', #12253 );
#9857 = VERTEX_POINT( 'NONE', #12254 );
#9858 = LINE( '', #12255, #12256 );
#9859 = LINE( '', #12257, #12258 );
#9860 = FILL_AREA_STYLE_COLOUR( '', #12259 );
#9861 = VERTEX_POINT( '', #12260 );
#9862 = CIRCLE( '', #12261, 1.40000000000057 );
#9863 = FILL_AREA_STYLE_COLOUR( '', #12262 );
#9864 = VERTEX_POINT( 'NONE', #12263 );
#9865 = LINE( '', #12264, #12265 );
#9866 = LINE( '', #12266, #12267 );
#9867 = FILL_AREA_STYLE_COLOUR( '', #12268 );
#9868 = VERTEX_POINT( '', #12269 );
#9869 = CIRCLE( '', #12270, 4.00000000000000 );
#9870 = FILL_AREA_STYLE_COLOUR( '', #12271 );
#9871 = VERTEX_POINT( 'NONE', #12272 );
#9872 = CIRCLE( '', #12273, 2.99999999999960 );
#9873 = VERTEX_POINT( 'NONE', #12274 );
#9874 = LINE( '', #12275, #12276 );
#9875 = CIRCLE( '', #12277, 2.99999999999960 );
#9876 = FILL_AREA_STYLE_COLOUR( '', #12278 );
#9877 = VERTEX_POINT( 'NONE', #12279 );
#9878 = CIRCLE( '', #12280, 3.75000000000093 );
#9879 = VERTEX_POINT( 'NONE', #12281 );
#9880 = CIRCLE( '', #12282, 3.75000000000092 );
#9881 = LINE( '', #12283, #12284 );
#9882 = FILL_AREA_STYLE_COLOUR( '', #12285 );
#9883 = VERTEX_POINT( 'NONE', #12286 );
#9884 = LINE( '', #12287, #12288 );
#9885 = VERTEX_POINT( 'NONE', #12289 );
#9886 = LINE( '', #12290, #12291 );
#9887 = LINE( '', #12292, #12293 );
#9888 = FILL_AREA_STYLE_COLOUR( '', #12294 );
#9889 = VERTEX_POINT( 'NONE', #12295 );
#9890 = VERTEX_POINT( 'NONE', #12296 );
#9891 = LINE( '', #12297, #12298 );
#9892 = VERTEX_POINT( 'NONE', #12299 );
#9893 = LINE( '', #12300, #12301 );
#9894 = VERTEX_POINT( 'NONE', #12302 );
#9895 = LINE( '', #12303, #12304 );
#9896 = LINE( '', #12305, #12306 );
#9897 = FILL_AREA_STYLE_COLOUR( '', #12307 );
#9898 = VERTEX_POINT( 'NONE', #12308 );
#9899 = VERTEX_POINT( 'NONE', #12309 );
#9900 = LINE( '', #12310, #12311 );
#9901 = VERTEX_POINT( 'NONE', #12312 );
#9902 = LINE( '', #12313, #12314 );
#9903 = LINE( '', #12315, #12316 );
#9904 = VERTEX_POINT( 'NONE', #12317 );
#9905 = LINE( '', #12318, #12319 );
#9906 = VERTEX_POINT( 'NONE', #12320 );
#9907 = LINE( '', #12321, #12322 );
#9908 = VERTEX_POINT( 'NONE', #12323 );
#9909 = LINE( '', #12324, #12325 );
#9910 = LINE( '', #12326, #12327 );
#9911 = FILL_AREA_STYLE_COLOUR( '', #12328 );
#9912 = VERTEX_POINT( '', #12329 );
#9913 = CIRCLE( '', #12330, 5.40000000000000 );
#9914 = VERTEX_POINT( '', #12331 );
#9915 = CIRCLE( '', #12332, 5.40000000000000 );
#9916 = FILL_AREA_STYLE_COLOUR( '', #12333 );
#9917 = LINE( '', #12334, #12335 );
#9918 = LINE( '', #12336, #12337 );
#9919 = FILL_AREA_STYLE_COLOUR( '', #12338 );
#9920 = VERTEX_POINT( 'NONE', #12339 );
#9921 = VERTEX_POINT( 'NONE', #12340 );
#9922 = CIRCLE( '', #12341, 2.99999999999960 );
#9923 = VERTEX_POINT( 'NONE', #12342 );
#9924 = LINE( '', #12343, #12344 );
#9925 = VERTEX_POINT( 'NONE', #12345 );
#9926 = CIRCLE( '', #12346, 2.99999999999960 );
#9927 = LINE( '', #12347, #12348 );
#9928 = FILL_AREA_STYLE_COLOUR( '', #12349 );
#9929 = VERTEX_POINT( 'NONE', #12350 );
#9930 = LINE( '', #12351, #12352 );
#9931 = VERTEX_POINT( 'NONE', #12353 );
#9932 = LINE( '', #12354, #12355 );
#9933 = LINE( '', #12356, #12357 );
#9934 = FILL_AREA_STYLE_COLOUR( '', #12358 );
#9935 = VERTEX_POINT( 'NONE', #12359 );
#9936 = LINE( '', #12360, #12361 );
#9937 = VERTEX_POINT( 'NONE', #12362 );
#9938 = LINE( '', #12363, #12364 );
#9939 = LINE( '', #12365, #12366 );
#9940 = FILL_AREA_STYLE_COLOUR( '', #12367 );
#9941 = LINE( '', #12368, #12369 );
#9942 = VERTEX_POINT( 'NONE', #12370 );
#9943 = LINE( '', #12371, #12372 );
#9944 = LINE( '', #12373, #12374 );
#9945 = FILL_AREA_STYLE_COLOUR( '', #12375 );
#9946 = VERTEX_POINT( 'NONE', #12376 );
#9947 = VERTEX_POINT( 'NONE', #12377 );
#9948 = CIRCLE( '', #12378, 3.18811978464823 );
#9949 = CIRCLE( '', #12379, 98.1277599570125 );
#9950 = VERTEX_POINT( 'NONE', #12380 );
#9951 = CIRCLE( '', #12381, 3.64999999999931 );
#9952 = CIRCLE( '', #12382, 92.2820758084470 );
#9953 = FILL_AREA_STYLE_COLOUR( '', #12383 );
#9954 = VERTEX_POINT( 'NONE', #12384 );
#9955 = VERTEX_POINT( 'NONE', #12385 );
#9956 = LINE( '', #12386, #12387 );
#9957 = VERTEX_POINT( 'NONE', #12388 );
#9958 = LINE( '', #12389, #12390 );
#9959 = VERTEX_POINT( 'NONE', #12391 );
#9960 = LINE( '', #12392, #12393 );
#9961 = LINE( '', #12394, #12395 );
#9962 = FILL_AREA_STYLE_COLOUR( '', #12396 );
#9963 = VERTEX_POINT( 'NONE', #12397 );
#9964 = LINE( '', #12398, #12399 );
#9965 = VERTEX_POINT( 'NONE', #12400 );
#9966 = LINE( '', #12401, #12402 );
#9967 = LINE( '', #12403, #12404 );
#9968 = FILL_AREA_STYLE_COLOUR( '', #12405 );
#9969 = FILL_AREA_STYLE_COLOUR( '', #12406 );
#9970 = VERTEX_POINT( 'NONE', #12407 );
#9971 = LINE( '', #12408, #12409 );
#9972 = VERTEX_POINT( 'NONE', #12410 );
#9973 = LINE( '', #12411, #12412 );
#9974 = LINE( '', #12413, #12414 );
#9975 = FILL_AREA_STYLE_COLOUR( '', #12415 );
#9976 = VERTEX_POINT( 'NONE', #12416 );
#9977 = LINE( '', #12417, #12418 );
#9978 = VERTEX_POINT( 'NONE', #12419 );
#9979 = LINE( '', #12420, #12421 );
#9980 = LINE( '', #12422, #12423 );
#9981 = FILL_AREA_STYLE_COLOUR( '', #12424 );
#9982 = VERTEX_POINT( 'NONE', #12425 );
#9983 = LINE( '', #12426, #12427 );
#9984 = VERTEX_POINT( 'NONE', #12428 );
#9985 = LINE( '', #12429, #12430 );
#9986 = LINE( '', #12431, #12432 );
#9987 = FILL_AREA_STYLE_COLOUR( '', #12433 );
#9988 = VERTEX_POINT( 'NONE', #12434 );
#9989 = CIRCLE( '', #12435, 3.00000000001105 );
#9990 = VERTEX_POINT( 'NONE', #12436 );
#9991 = LINE( '', #12437, #12438 );
#9992 = CIRCLE( '', #12439, 3.00000000001105 );
#9993 = FILL_AREA_STYLE_COLOUR( '', #12440 );
#9994 = VERTEX_POINT( 'NONE', #12441 );
#9995 = VERTEX_POINT( 'NONE', #12442 );
#9996 = CIRCLE( '', #12443, 1.99999999999982 );
#9997 = VERTEX_POINT( 'NONE', #12444 );
#9998 = LINE( '', #12445, #12446 );
#9999 = VERTEX_POINT( 'NONE', #12447 );
#10000 = CIRCLE( '', #12448, 1.99999999999982 );
#10001 = LINE( '', #12449, #12450 );
#10002 = FILL_AREA_STYLE_COLOUR( '', #12451 );
#10003 = LINE( '', #12452, #12453 );
#10004 = FILL_AREA_STYLE_COLOUR( '', #12454 );
#10005 = VERTEX_POINT( 'NONE', #12455 );
#10006 = CIRCLE( '', #12456, 3.00000000000220 );
#10007 = VERTEX_POINT( 'NONE', #12457 );
#10008 = CIRCLE( '', #12458, 3.00000000000220 );
#10009 = LINE( '', #12459, #12460 );
#10010 = FILL_AREA_STYLE_COLOUR( '', #12461 );
#10011 = VERTEX_POINT( 'NONE', #12462 );
#10012 = CIRCLE( '', #12463, 3.75000000000022 );
#10013 = LINE( '', #12464, #12465 );
#10014 = FILL_AREA_STYLE_COLOUR( '', #12466 );
#10015 = VERTEX_POINT( 'NONE', #12467 );
#10016 = LINE( '', #12468, #12469 );
#10017 = CIRCLE( '', #12470, 4.54999999999965 );
#10018 = FILL_AREA_STYLE_COLOUR( '', #12471 );
#10019 = LINE( '', #12472, #12473 );
#10020 = VERTEX_POINT( 'NONE', #12474 );
#10021 = LINE( '', #12475, #12476 );
#10022 = LINE( '', #12477, #12478 );
#10023 = FILL_AREA_STYLE_COLOUR( '', #12479 );
#10024 = LINE( '', #12480, #12481 );
#10025 = FILL_AREA_STYLE_COLOUR( '', #12482 );
#10026 = VERTEX_POINT( 'NONE', #12483 );
#10027 = LINE( '', #12484, #12485 );
#10028 = LINE( '', #12486, #12487 );
#10029 = FILL_AREA_STYLE_COLOUR( '', #12488 );
#10030 = VERTEX_POINT( 'NONE', #12489 );
#10031 = CIRCLE( '', #12490, 2.99999999999953 );
#10032 = LINE( '', #12491, #12492 );
#10033 = CIRCLE( '', #12493, 2.99999999999953 );
#10034 = CIRCLE( '', #12494, 0.999999999999548 );
#10035 = VERTEX_POINT( 'NONE', #12495 );
#10036 = LINE( '', #12496, #12497 );
#10037 = VERTEX_POINT( 'NONE', #12498 );
#10038 = CIRCLE( '', #12499, 2.99999999999124 );
#10039 = LINE( '', #12500, #12501 );
#10040 = LINE( '', #12502, #12503 );
#10041 = VERTEX_POINT( 'NONE', #12504 );
#10042 = LINE( '', #12505, #12506 );
#10043 = VERTEX_POINT( 'NONE', #12507 );
#10044 = CIRCLE( '', #12508, 2.99999999999960 );
#10045 = LINE( '', #12509, #12510 );
#10046 = VERTEX_POINT( 'NONE', #12511 );
#10047 = CIRCLE( '', #12512, 1.00000000000426 );
#10048 = VERTEX_POINT( 'NONE', #12513 );
#10049 = LINE( '', #12514, #12515 );
#10050 = VERTEX_POINT( 'NONE', #12516 );
#10051 = CIRCLE( '', #12517, 0.999999999998995 );
#10052 = LINE( '', #12518, #12519 );
#10053 = VERTEX_POINT( 'NONE', #12520 );
#10054 = VERTEX_POINT( 'NONE', #12521 );
#10055 = LINE( '', #12522, #12523 );
#10056 = VERTEX_POINT( 'NONE', #12524 );
#10057 = LINE( '', #12525, #12526 );
#10058 = VERTEX_POINT( 'NONE', #12527 );
#10059 = LINE( '', #12528, #12529 );
#10060 = VERTEX_POINT( 'NONE', #12530 );
#10061 = LINE( '', #12531, #12532 );
#10062 = VERTEX_POINT( 'NONE', #12533 );
#10063 = CIRCLE( '', #12534, 2.00000000000028 );
#10064 = VERTEX_POINT( 'NONE', #12535 );
#10065 = LINE( '', #12536, #12537 );
#10066 = VERTEX_POINT( 'NONE', #12538 );
#10067 = LINE( '', #12539, #12540 );
#10068 = LINE( '', #12541, #12542 );
#10069 = LINE( '', #12543, #12544 );
#10070 = VERTEX_POINT( 'NONE', #12545 );
#10071 = CIRCLE( '', #12546, 1.99999999999984 );
#10072 = VERTEX_POINT( 'NONE', #12547 );
#10073 = LINE( '', #12548, #12549 );
#10074 = LINE( '', #12550, #12551 );
#10075 = VERTEX_POINT( 'NONE', #12552 );
#10076 = LINE( '', #12553, #12554 );
#10077 = LINE( '', #12555, #12556 );
#10078 = VERTEX_POINT( 'NONE', #12557 );
#10079 = LINE( '', #12558, #12559 );
#10080 = LINE( '', #12560, #12561 );
#10081 = FILL_AREA_STYLE_COLOUR( '', #12562 );
#10082 = VERTEX_POINT( 'NONE', #12563 );
#10083 = VERTEX_POINT( 'NONE', #12564 );
#10084 = LINE( '', #12565, #12566 );
#10085 = VERTEX_POINT( 'NONE', #12567 );
#10086 = LINE( '', #12568, #12569 );
#10087 = VERTEX_POINT( 'NONE', #12570 );
#10088 = LINE( '', #12571, #12572 );
#10089 = LINE( '', #12573, #12574 );
#10090 = FILL_AREA_STYLE_COLOUR( '', #12575 );
#10091 = CIRCLE( '', #12576, 92.2820759509280 );
#10092 = CIRCLE( '', #12577, 92.2820758155264 );
#10093 = FILL_AREA_STYLE_COLOUR( '', #12578 );
#10094 = LINE( '', #12579, #12580 );
#10095 = LINE( '', #12581, #12582 );
#10096 = FILL_AREA_STYLE_COLOUR( '', #12583 );
#10097 = VERTEX_POINT( 'NONE', #12584 );
#10098 = CIRCLE( '', #12585, 3.75000000000206 );
#10099 = LINE( '', #12586, #12587 );
#10100 = FILL_AREA_STYLE_COLOUR( '', #12588 );
#10101 = VERTEX_POINT( 'NONE', #12589 );
#10102 = LINE( '', #12590, #12591 );
#10103 = LINE( '', #12592, #12593 );
#10104 = FILL_AREA_STYLE_COLOUR( '', #12594 );
#10105 = LINE( '', #12595, #12596 );
#10106 = VERTEX_POINT( 'NONE', #12597 );
#10107 = LINE( '', #12598, #12599 );
#10108 = LINE( '', #12600, #12601 );
#10109 = FILL_AREA_STYLE_COLOUR( '', #12602 );
#10110 = VERTEX_POINT( 'NONE', #12603 );
#10111 = VERTEX_POINT( 'NONE', #12604 );
#10112 = LINE( '', #12605, #12606 );
#10113 = CIRCLE( '', #12607, 1.50000000000015 );
#10114 = CIRCLE( '', #12608, 1.50000000000015 );
#10115 = FILL_AREA_STYLE_COLOUR( '', #12609 );
#10116 = LINE( '', #12610, #12611 );
#10117 = LINE( '', #12612, #12613 );
#10118 = FILL_AREA_STYLE_COLOUR( '', #12614 );
#10119 = LINE( '', #12615, #12616 );
#10120 = LINE( '', #12617, #12618 );
#10121 = FILL_AREA_STYLE_COLOUR( '', #12619 );
#10122 = VERTEX_POINT( 'NONE', #12620 );
#10123 = LINE( '', #12621, #12622 );
#10124 = VERTEX_POINT( 'NONE', #12623 );
#10125 = LINE( '', #12624, #12625 );
#10126 = LINE( '', #12626, #12627 );
#10127 = FILL_AREA_STYLE_COLOUR( '', #12628 );
#10128 = CIRCLE( '', #12629, 2.99999999999953 );
#10129 = FILL_AREA_STYLE_COLOUR( '', #12630 );
#10130 = LINE( '', #12631, #12632 );
#10131 = LINE( '', #12633, #12634 );
#10132 = FILL_AREA_STYLE_COLOUR( '', #12635 );
#10133 = VERTEX_POINT( '', #12636 );
#10134 = CIRCLE( '', #12637, 5.40000000000000 );
#10135 = FILL_AREA_STYLE_COLOUR( '', #12638 );
#10136 = VERTEX_POINT( 'NONE', #12639 );
#10137 = VERTEX_POINT( 'NONE', #12640 );
#10138 = LINE( '', #12641, #12642 );
#10139 = VERTEX_POINT( 'NONE', #12643 );
#10140 = LINE( '', #12644, #12645 );
#10141 = VERTEX_POINT( 'NONE', #12646 );
#10142 = LINE( '', #12647, #12648 );
#10143 = LINE( '', #12649, #12650 );
#10144 = VERTEX_POINT( 'NONE', #12651 );
#10145 = LINE( '', #12652, #12653 );
#10146 = VERTEX_POINT( 'NONE', #12654 );
#10147 = LINE( '', #12655, #12656 );
#10148 = VERTEX_POINT( 'NONE', #12657 );
#10149 = LINE( '', #12658, #12659 );
#10150 = LINE( '', #12660, #12661 );
#10151 = LINE( '', #12662, #12663 );
#10152 = LINE( '', #12664, #12665 );
#10153 = LINE( '', #12666, #12667 );
#10154 = VERTEX_POINT( 'NONE', #12668 );
#10155 = LINE( '', #12669, #12670 );
#10156 = LINE( '', #12671, #12672 );
#10157 = VERTEX_POINT( 'NONE', #12673 );
#10158 = LINE( '', #12674, #12675 );
#10159 = LINE( '', #12676, #12677 );
#10160 = VERTEX_POINT( 'NONE', #12678 );
#10161 = LINE( '', #12679, #12680 );
#10162 = VERTEX_POINT( 'NONE', #12681 );
#10163 = LINE( '', #12682, #12683 );
#10164 = VERTEX_POINT( 'NONE', #12684 );
#10165 = LINE( '', #12685, #12686 );
#10166 = CIRCLE( '', #12687, 3.64999999999931 );
#10167 = VERTEX_POINT( 'NONE', #12688 );
#10168 = LINE( '', #12689, #12690 );
#10169 = LINE( '', #12691, #12692 );
#10170 = VERTEX_POINT( 'NONE', #12693 );
#10171 = VERTEX_POINT( 'NONE', #12694 );
#10172 = LINE( '', #12695, #12696 );
#10173 = VERTEX_POINT( 'NONE', #12697 );
#10174 = LINE( '', #12698, #12699 );
#10175 = VERTEX_POINT( 'NONE', #12700 );
#10176 = CIRCLE( '', #12701, 3.64999999999963 );
#10177 = LINE( '', #12702, #12703 );
#10178 = VERTEX_POINT( 'NONE', #12704 );
#10179 = LINE( '', #12705, #12706 );
#10180 = VERTEX_POINT( 'NONE', #12707 );
#10181 = CIRCLE( '', #12708, 3.65000000000007 );
#10182 = LINE( '', #12709, #12710 );
#10183 = LINE( '', #12711, #12712 );
#10184 = FILL_AREA_STYLE_COLOUR( '', #12713 );
#10185 = LINE( '', #12714, #12715 );
#10186 = VERTEX_POINT( 'NONE', #12716 );
#10187 = LINE( '', #12717, #12718 );
#10188 = VERTEX_POINT( 'NONE', #12719 );
#10189 = LINE( '', #12720, #12721 );
#10190 = LINE( '', #12722, #12723 );
#10191 = FILL_AREA_STYLE_COLOUR( '', #12724 );
#10192 = LINE( '', #12725, #12726 );
#10193 = LINE( '', #12727, #12728 );
#10194 = LINE( '', #12729, #12730 );
#10195 = FILL_AREA_STYLE_COLOUR( '', #12731 );
#10196 = LINE( '', #12732, #12733 );
#10197 = FILL_AREA_STYLE_COLOUR( '', #12734 );
#10198 = VERTEX_POINT( 'NONE', #12735 );
#10199 = LINE( '', #12736, #12737 );
#10200 = VERTEX_POINT( 'NONE', #12738 );
#10201 = CIRCLE( '', #12739, 4.54999999999982 );
#10202 = LINE( '', #12740, #12741 );
#10203 = FILL_AREA_STYLE_COLOUR( '', #12742 );
#10204 = LINE( '', #12743, #12744 );
#10205 = FILL_AREA_STYLE_COLOUR( '', #12745 );
#10206 = LINE( '', #12746, #12747 );
#10207 = VERTEX_POINT( 'NONE', #12748 );
#10208 = CIRCLE( '', #12749, 3.64999999999965 );
#10209 = LINE( '', #12750, #12751 );
#10210 = FILL_AREA_STYLE_COLOUR( '', #12752 );
#10211 = VERTEX_POINT( 'NONE', #12753 );
#10212 = LINE( '', #12754, #12755 );
#10213 = LINE( '', #12756, #12757 );
#10214 = FILL_AREA_STYLE_COLOUR( '', #12758 );
#10215 = VERTEX_POINT( 'NONE', #12759 );
#10216 = VERTEX_POINT( 'NONE', #12760 );
#10217 = LINE( '', #12761, #12762 );
#10218 = LINE( '', #12763, #12764 );
#10219 = LINE( '', #12765, #12766 );
#10220 = FILL_AREA_STYLE_COLOUR( '', #12767 );
#10221 = CIRCLE( '', #12768, 0.999999999999548 );
#10222 = FILL_AREA_STYLE_COLOUR( '', #12769 );
#10223 = FILL_AREA_STYLE_COLOUR( '', #12770 );
#10224 = LINE( '', #12771, #12772 );
#10225 = FILL_AREA_STYLE_COLOUR( '', #12773 );
#10226 = LINE( '', #12774, #12775 );
#10227 = FILL_AREA_STYLE_COLOUR( '', #12776 );
#10228 = VERTEX_POINT( 'NONE', #12777 );
#10229 = VERTEX_POINT( 'NONE', #12778 );
#10230 = LINE( '', #12779, #12780 );
#10231 = VERTEX_POINT( 'NONE', #12781 );
#10232 = LINE( '', #12782, #12783 );
#10233 = VERTEX_POINT( 'NONE', #12784 );
#10234 = LINE( '', #12785, #12786 );
#10235 = LINE( '', #12787, #12788 );
#10236 = FILL_AREA_STYLE_COLOUR( '', #12789 );
#10237 = VERTEX_POINT( 'NONE', #12790 );
#10238 = LINE( '', #12791, #12792 );
#10239 = VERTEX_POINT( 'NONE', #12793 );
#10240 = LINE( '', #12794, #12795 );
#10241 = LINE( '', #12796, #12797 );
#10242 = FILL_AREA_STYLE_COLOUR( '', #12798 );
#10243 = VERTEX_POINT( 'NONE', #12799 );
#10244 = VERTEX_POINT( 'NONE', #12800 );
#10245 = LINE( '', #12801, #12802 );
#10246 = VERTEX_POINT( 'NONE', #12803 );
#10247 = LINE( '', #12804, #12805 );
#10248 = VERTEX_POINT( 'NONE', #12806 );
#10249 = LINE( '', #12807, #12808 );
#10250 = LINE( '', #12809, #12810 );
#10251 = FILL_AREA_STYLE_COLOUR( '', #12811 );
#10252 = VERTEX_POINT( '', #12812 );
#10253 = CIRCLE( '', #12813, 1.24999999999980 );
#10254 = FILL_AREA_STYLE_COLOUR( '', #12814 );
#10255 = VERTEX_POINT( 'NONE', #12815 );
#10256 = LINE( '', #12816, #12817 );
#10257 = LINE( '', #12818, #12819 );
#10258 = FILL_AREA_STYLE_COLOUR( '', #12820 );
#10259 = VERTEX_POINT( 'NONE', #12821 );
#10260 = VERTEX_POINT( 'NONE', #12822 );
#10261 = LINE( '', #12823, #12824 );
#10262 = LINE( '', #12825, #12826 );
#10263 = LINE( '', #12827, #12828 );
#10264 = FILL_AREA_STYLE_COLOUR( '', #12829 );
#10265 = VERTEX_POINT( 'NONE', #12830 );
#10266 = LINE( '', #12831, #12832 );
#10267 = LINE( '', #12833, #12834 );
#10268 = FILL_AREA_STYLE_COLOUR( '', #12835 );
#10269 = LINE( '', #12836, #12837 );
#10270 = LINE( '', #12838, #12839 );
#10271 = FILL_AREA_STYLE_COLOUR( '', #12840 );
#10272 = VERTEX_POINT( 'NONE', #12841 );
#10273 = LINE( '', #12842, #12843 );
#10274 = LINE( '', #12844, #12845 );
#10275 = LINE( '', #12846, #12847 );
#10276 = LINE( '', #12848, #12849 );
#10277 = LINE( '', #12850, #12851 );
#10278 = FILL_AREA_STYLE_COLOUR( '', #12852 );
#10279 = VERTEX_POINT( 'NONE', #12853 );
#10280 = LINE( '', #12854, #12855 );
#10281 = VERTEX_POINT( 'NONE', #12856 );
#10282 = CIRCLE( '', #12857, 1.99999999999984 );
#10283 = LINE( '', #12858, #12859 );
#10284 = FILL_AREA_STYLE_COLOUR( '', #12860 );
#10285 = LINE( '', #12861, #12862 );
#10286 = FILL_AREA_STYLE_COLOUR( '', #12863 );
#10287 = VERTEX_POINT( 'NONE', #12864 );
#10288 = VERTEX_POINT( 'NONE', #12865 );
#10289 = LINE( '', #12866, #12867 );
#10290 = LINE( '', #12868, #12869 );
#10291 = LINE( '', #12870, #12871 );
#10292 = FILL_AREA_STYLE_COLOUR( '', #12872 );
#10293 = VERTEX_POINT( 'NONE', #12873 );
#10294 = VERTEX_POINT( 'NONE', #12874 );
#10295 = LINE( '', #12875, #12876 );
#10296 = VERTEX_POINT( 'NONE', #12877 );
#10297 = LINE( '', #12878, #12879 );
#10298 = VERTEX_POINT( 'NONE', #12880 );
#10299 = LINE( '', #12881, #12882 );
#10300 = VERTEX_POINT( 'NONE', #12883 );
#10301 = LINE( '', #12884, #12885 );
#10302 = VERTEX_POINT( 'NONE', #12886 );
#10303 = LINE( '', #12887, #12888 );
#10304 = LINE( '', #12889, #12890 );
#10305 = FILL_AREA_STYLE_COLOUR( '', #12891 );
#10306 = LINE( '', #12892, #12893 );
#10307 = FILL_AREA_STYLE_COLOUR( '', #12894 );
#10308 = VERTEX_POINT( 'NONE', #12895 );
#10309 = LINE( '', #12896, #12897 );
#10310 = LINE( '', #12898, #12899 );
#10311 = FILL_AREA_STYLE_COLOUR( '', #12900 );
#10312 = VERTEX_POINT( 'NONE', #12901 );
#10313 = VERTEX_POINT( 'NONE', #12902 );
#10314 = LINE( '', #12903, #12904 );
#10315 = LINE( '', #12905, #12906 );
#10316 = VERTEX_POINT( 'NONE', #12907 );
#10317 = LINE( '', #12908, #12909 );
#10318 = VERTEX_POINT( 'NONE', #12910 );
#10319 = LINE( '', #12911, #12912 );
#10320 = LINE( '', #12913, #12914 );
#10321 = FILL_AREA_STYLE_COLOUR( '', #12915 );
#10322 = VERTEX_POINT( 'NONE', #12916 );
#10323 = LINE( '', #12917, #12918 );
#10324 = VERTEX_POINT( 'NONE', #12919 );
#10325 = LINE( '', #12920, #12921 );
#10326 = CIRCLE( '', #12922, 1.49999999999997 );
#10327 = VERTEX_POINT( 'NONE', #12923 );
#10328 = LINE( '', #12924, #12925 );
#10329 = VERTEX_POINT( 'NONE', #12926 );
#10330 = LINE( '', #12927, #12928 );
#10331 = CIRCLE( '', #12929, 1.50000000000014 );
#10332 = FILL_AREA_STYLE_COLOUR( '', #12930 );
#10333 = VERTEX_POINT( 'NONE', #12931 );
#10334 = LINE( '', #12932, #12933 );
#10335 = VERTEX_POINT( 'NONE', #12934 );
#10336 = LINE( '', #12935, #12936 );
#10337 = LINE( '', #12937, #12938 );
#10338 = FILL_AREA_STYLE_COLOUR( '', #12939 );
#10339 = VERTEX_POINT( 'NONE', #12940 );
#10340 = VERTEX_POINT( 'NONE', #12941 );
#10341 = LINE( '', #12942, #12943 );
#10342 = VERTEX_POINT( 'NONE', #12944 );
#10343 = LINE( '', #12945, #12946 );
#10344 = LINE( '', #12947, #12948 );
#10345 = FILL_AREA_STYLE_COLOUR( '', #12949 );
#10346 = CIRCLE( '', #12950, 3.75000000000091 );
#10347 = FILL_AREA_STYLE_COLOUR( '', #12951 );
#10348 = CIRCLE( '', #12952, 92.2820759268114 );
#10349 = CIRCLE( '', #12953, 92.2820757629311 );
#10350 = FILL_AREA_STYLE_COLOUR( '', #12954 );
#10351 = LINE( '', #12955, #12956 );
#10352 = FILL_AREA_STYLE_COLOUR( '', #12957 );
#10353 = LINE( '', #12958, #12959 );
#10354 = FILL_AREA_STYLE_COLOUR( '', #12960 );
#10355 = VERTEX_POINT( 'NONE', #12961 );
#10356 = CIRCLE( '', #12962, 3.75000000000317 );
#10357 = LINE( '', #12963, #12964 );
#10358 = FILL_AREA_STYLE_COLOUR( '', #12965 );
#10359 = LINE( '', #12966, #12967 );
#10360 = FILL_AREA_STYLE_COLOUR( '', #12968 );
#10361 = VERTEX_POINT( 'NONE', #12969 );
#10362 = LINE( '', #12970, #12971 );
#10363 = LINE( '', #12972, #12973 );
#10364 = LINE( '', #12974, #12975 );
#10365 = FILL_AREA_STYLE_COLOUR( '', #12976 );
#10366 = VERTEX_POINT( 'NONE', #12977 );
#10367 = LINE( '', #12978, #12979 );
#10368 = VERTEX_POINT( 'NONE', #12980 );
#10369 = LINE( '', #12981, #12982 );
#10370 = LINE( '', #12983, #12984 );
#10371 = FILL_AREA_STYLE_COLOUR( '', #12985 );
#10372 = LINE( '', #12986, #12987 );
#10373 = FILL_AREA_STYLE_COLOUR( '', #12988 );
#10374 = CIRCLE( '', #12989, 2.99999999999960 );
#10375 = CIRCLE( '', #12990, 2.99999999999960 );
#10376 = FILL_AREA_STYLE_COLOUR( '', #12991 );
#10377 = VERTEX_POINT( 'NONE', #12992 );
#10378 = LINE( '', #12993, #12994 );
#10379 = LINE( '', #12995, #12996 );
#10380 = FILL_AREA_STYLE_COLOUR( '', #12997 );
#10381 = LINE( '', #12998, #12999 );
#10382 = FILL_AREA_STYLE_COLOUR( '', #13000 );
#10383 = LINE( '', #13001, #13002 );
#10384 = FILL_AREA_STYLE_COLOUR( '', #13003 );
#10385 = VERTEX_POINT( 'NONE', #13004 );
#10386 = LINE( '', #13005, #13006 );
#10387 = LINE( '', #13007, #13008 );
#10388 = FILL_AREA_STYLE_COLOUR( '', #13009 );
#10389 = FILL_AREA_STYLE_COLOUR( '', #13010 );
#10390 = VERTEX_POINT( 'NONE', #13011 );
#10391 = CIRCLE( '', #13012, 1.50000000000014 );
#10392 = CIRCLE( '', #13013, 1.50000000000014 );
#10393 = VERTEX_POINT( 'NONE', #13014 );
#10394 = CIRCLE( '', #13015, 1.50000000000014 );
#10395 = LINE( '', #13016, #13017 );
#10396 = FILL_AREA_STYLE_COLOUR( '', #13018 );
#10397 = VERTEX_POINT( 'NONE', #13019 );
#10398 = CIRCLE( '', #13020, 1.99999999999984 );
#10399 = LINE( '', #13021, #13022 );
#10400 = FILL_AREA_STYLE_COLOUR( '', #13023 );
#10401 = VERTEX_POINT( 'NONE', #13024 );
#10402 = VERTEX_POINT( 'NONE', #13025 );
#10403 = LINE( '', #13026, #13027 );
#10404 = VERTEX_POINT( 'NONE', #13028 );
#10405 = LINE( '', #13029, #13030 );
#10406 = VERTEX_POINT( 'NONE', #13031 );
#10407 = LINE( '', #13032, #13033 );
#10408 = LINE( '', #13034, #13035 );
#10409 = FILL_AREA_STYLE_COLOUR( '', #13036 );
#10410 = FILL_AREA_STYLE_COLOUR( '', #13037 );
#10411 = LINE( '', #13038, #13039 );
#10412 = LINE( '', #13040, #13041 );
#10413 = FILL_AREA_STYLE_COLOUR( '', #13042 );
#10414 = FILL_AREA_STYLE_COLOUR( '', #13043 );
#10415 = VERTEX_POINT( 'NONE', #13044 );
#10416 = CIRCLE( '', #13045, 3.65000000000007 );
#10417 = CIRCLE( '', #13046, 98.1277597902657 );
#10418 = FILL_AREA_STYLE_COLOUR( '', #13047 );
#10419 = LINE( '', #13048, #13049 );
#10420 = FILL_AREA_STYLE_COLOUR( '', #13050 );
#10421 = LINE( '', #13051, #13052 );
#10422 = VERTEX_POINT( 'NONE', #13053 );
#10423 = CIRCLE( '', #13054, 4.54999999999965 );
#10424 = LINE( '', #13055, #13056 );
#10425 = CIRCLE( '', #13057, 4.54999999999965 );
#10426 = LINE( '', #13058, #13059 );
#10427 = LINE( '', #13060, #13061 );
#10428 = LINE( '', #13062, #13063 );
#10429 = FILL_AREA_STYLE_COLOUR( '', #13064 );
#10430 = LINE( '', #13065, #13066 );
#10431 = LINE( '', #13067, #13068 );
#10432 = FILL_AREA_STYLE_COLOUR( '', #13069 );
#10433 = LINE( '', #13070, #13071 );
#10434 = FILL_AREA_STYLE_COLOUR( '', #13072 );
#10435 = LINE( '', #13073, #13074 );
#10436 = LINE( '', #13075, #13076 );
#10437 = VERTEX_POINT( 'NONE', #13077 );
#10438 = CIRCLE( '', #13078, 2.99999999999953 );
#10439 = LINE( '', #13079, #13080 );
#10440 = LINE( '', #13081, #13082 );
#10441 = LINE( '', #13083, #13084 );
#10442 = CIRCLE( '', #13085, 3.00000000000220 );
#10443 = LINE( '', #13086, #13087 );
#10444 = LINE( '', #13088, #13089 );
#10445 = FILL_AREA_STYLE_COLOUR( '', #13090 );
#10446 = LINE( '', #13091, #13092 );
#10447 = FILL_AREA_STYLE_COLOUR( '', #13093 );
#10448 = CIRCLE( '', #13094, 4.55000000000138 );
#10449 = FILL_AREA_STYLE_COLOUR( '', #13095 );
#10450 = LINE( '', #13096, #13097 );
#10451 = FILL_AREA_STYLE_COLOUR( '', #13098 );
#10452 = VERTEX_POINT( 'NONE', #13099 );
#10453 = LINE( '', #13100, #13101 );
#10454 = VERTEX_POINT( 'NONE', #13102 );
#10455 = CIRCLE( '', #13103, 2.99999999999960 );
#10456 = LINE( '', #13104, #13105 );
#10457 = FILL_AREA_STYLE_COLOUR( '', #13106 );
#10458 = VERTEX_POINT( 'NONE', #13107 );
#10459 = VERTEX_POINT( 'NONE', #13108 );
#10460 = CIRCLE( '', #13109, 4.55000000000116 );
#10461 = LINE( '', #13110, #13111 );
#10462 = LINE( '', #13112, #13113 );
#10463 = FILL_AREA_STYLE_COLOUR( '', #13114 );
#10464 = VERTEX_POINT( 'NONE', #13115 );
#10465 = LINE( '', #13116, #13117 );
#10466 = CIRCLE( '', #13118, 1.49999999999997 );
#10467 = CIRCLE( '', #13119, 1.49999999999997 );
#10468 = FILL_AREA_STYLE_COLOUR( '', #13120 );
#10469 = FILL_AREA_STYLE_COLOUR( '', #13121 );
#10470 = VERTEX_POINT( 'NONE', #13122 );
#10471 = LINE( '', #13123, #13124 );
#10472 = LINE( '', #13125, #13126 );
#10473 = LINE( '', #13127, #13128 );
#10474 = FILL_AREA_STYLE_COLOUR( '', #13129 );
#10475 = VERTEX_POINT( 'NONE', #13130 );
#10476 = LINE( '', #13131, #13132 );
#10477 = LINE( '', #13133, #13134 );
#10478 = FILL_AREA_STYLE_COLOUR( '', #13135 );
#10479 = LINE( '', #13136, #13137 );
#10480 = LINE( '', #13138, #13139 );
#10481 = FILL_AREA_STYLE_COLOUR( '', #13140 );
#10482 = LINE( '', #13141, #13142 );
#10483 = LINE( '', #13143, #13144 );
#10484 = FILL_AREA_STYLE_COLOUR( '', #13145 );
#10485 = FILL_AREA_STYLE_COLOUR( '', #13146 );
#10486 = LINE( '', #13147, #13148 );
#10487 = VERTEX_POINT( 'NONE', #13149 );
#10488 = LINE( '', #13150, #13151 );
#10489 = LINE( '', #13152, #13153 );
#10490 = FILL_AREA_STYLE_COLOUR( '', #13154 );
#10491 = LINE( '', #13155, #13156 );
#10492 = FILL_AREA_STYLE_COLOUR( '', #13157 );
#10493 = LINE( '', #13158, #13159 );
#10494 = LINE( '', #13160, #13161 );
#10495 = FILL_AREA_STYLE_COLOUR( '', #13162 );
#10496 = LINE( '', #13163, #13164 );
#10497 = FILL_AREA_STYLE_COLOUR( '', #13165 );
#10498 = FILL_AREA_STYLE_COLOUR( '', #13166 );
#10499 = CIRCLE( '', #13167, 4.54999999999965 );
#10500 = LINE( '', #13168, #13169 );
#10501 = FILL_AREA_STYLE_COLOUR( '', #13170 );
#10502 = LINE( '', #13171, #13172 );
#10503 = CIRCLE( '', #13173, 4.55000000000047 );
#10504 = VERTEX_POINT( 'NONE', #13174 );
#10505 = LINE( '', #13175, #13176 );
#10506 = VERTEX_POINT( 'NONE', #13177 );
#10507 = LINE( '', #13178, #13179 );
#10508 = LINE( '', #13180, #13181 );
#10509 = LINE( '', #13182, #13183 );
#10510 = LINE( '', #13184, #13185 );
#10511 = VERTEX_POINT( 'NONE', #13186 );
#10512 = CIRCLE( '', #13187, 3.74999999999740 );
#10513 = LINE( '', #13188, #13189 );
#10514 = LINE( '', #13190, #13191 );
#10515 = FILL_AREA_STYLE_COLOUR( '', #13192 );
#10516 = LINE( '', #13193, #13194 );
#10517 = LINE( '', #13195, #13196 );
#10518 = FILL_AREA_STYLE_COLOUR( '', #13197 );
#10519 = VERTEX_POINT( 'NONE', #13198 );
#10520 = CIRCLE( '', #13199, 2.99999999999953 );
#10521 = LINE( '', #13200, #13201 );
#10522 = LINE( '', #13202, #13203 );
#10523 = LINE( '', #13204, #13205 );
#10524 = CIRCLE( '', #13206, 3.00000000000220 );
#10525 = LINE( '', #13207, #13208 );
#10526 = LINE( '', #13209, #13210 );
#10527 = LINE( '', #13211, #13212 );
#10528 = VERTEX_POINT( 'NONE', #13213 );
#10529 = LINE( '', #13214, #13215 );
#10530 = LINE( '', #13216, #13217 );
#10531 = LINE( '', #13218, #13219 );
#10532 = LINE( '', #13220, #13221 );
#10533 = LINE( '', #13222, #13223 );
#10534 = LINE( '', #13224, #13225 );
#10535 = VERTEX_POINT( 'NONE', #13226 );
#10536 = LINE( '', #13227, #13228 );
#10537 = VERTEX_POINT( 'NONE', #13229 );
#10538 = LINE( '', #13230, #13231 );
#10539 = LINE( '', #13232, #13233 );
#10540 = FILL_AREA_STYLE_COLOUR( '', #13234 );
#10541 = VERTEX_POINT( '', #13235 );
#10542 = CIRCLE( '', #13236, 4.00000000000000 );
#10543 = FILL_AREA_STYLE_COLOUR( '', #13237 );
#10544 = VERTEX_POINT( 'NONE', #13238 );
#10545 = VERTEX_POINT( 'NONE', #13239 );
#10546 = LINE( '', #13240, #13241 );
#10547 = CIRCLE( '', #13242, 1.49999999999997 );
#10548 = CIRCLE( '', #13243, 1.49999999999997 );
#10549 = CIRCLE( '', #13244, 1.49999999999997 );
#10550 = FILL_AREA_STYLE_COLOUR( '', #13245 );
#10551 = FILL_AREA_STYLE_COLOUR( '', #13246 );
#10552 = LINE( '', #13247, #13248 );
#10553 = FILL_AREA_STYLE_COLOUR( '', #13249 );
#10554 = FILL_AREA_STYLE_COLOUR( '', #13250 );
#10555 = FILL_AREA_STYLE_COLOUR( '', #13251 );
#10556 = LINE( '', #13252, #13253 );
#10557 = FILL_AREA_STYLE_COLOUR( '', #13254 );
#10558 = LINE( '', #13255, #13256 );
#10559 = FILL_AREA_STYLE_COLOUR( '', #13257 );
#10560 = VERTEX_POINT( 'NONE', #13258 );
#10561 = LINE( '', #13259, #13260 );
#10562 = LINE( '', #13261, #13262 );
#10563 = FILL_AREA_STYLE_COLOUR( '', #13263 );
#10564 = LINE( '', #13264, #13265 );
#10565 = LINE( '', #13266, #13267 );
#10566 = FILL_AREA_STYLE_COLOUR( '', #13268 );
#10567 = LINE( '', #13269, #13270 );
#10568 = FILL_AREA_STYLE_COLOUR( '', #13271 );
#10569 = LINE( '', #13272, #13273 );
#10570 = LINE( '', #13274, #13275 );
#10571 = LINE( '', #13276, #13277 );
#10572 = FILL_AREA_STYLE_COLOUR( '', #13278 );
#10573 = LINE( '', #13279, #13280 );
#10574 = LINE( '', #13281, #13282 );
#10575 = FILL_AREA_STYLE_COLOUR( '', #13283 );
#10576 = LINE( '', #13284, #13285 );
#10577 = LINE( '', #13286, #13287 );
#10578 = FILL_AREA_STYLE_COLOUR( '', #13288 );
#10579 = LINE( '', #13289, #13290 );
#10580 = FILL_AREA_STYLE_COLOUR( '', #13291 );
#10581 = LINE( '', #13292, #13293 );
#10582 = FILL_AREA_STYLE_COLOUR( '', #13294 );
#10583 = VERTEX_POINT( 'NONE', #13295 );
#10584 = CIRCLE( '', #13296, 2.99999999999124 );
#10585 = LINE( '', #13297, #13298 );
#10586 = FILL_AREA_STYLE_COLOUR( '', #13299 );
#10587 = LINE( '', #13300, #13301 );
#10588 = FILL_AREA_STYLE_COLOUR( '', #13302 );
#10589 = CIRCLE( '', #13303, 98.1277599675342 );
#10590 = LINE( '', #13304, #13305 );
#10591 = FILL_AREA_STYLE_COLOUR( '', #13306 );
#10592 = VERTEX_POINT( '', #13307 );
#10593 = CIRCLE( '', #13308, 1.40000000000002 );
#10594 = FILL_AREA_STYLE_COLOUR( '', #13309 );
#10595 = LINE( '', #13310, #13311 );
#10596 = FILL_AREA_STYLE_COLOUR( '', #13312 );
#10597 = VERTEX_POINT( 'NONE', #13313 );
#10598 = CIRCLE( '', #13314, 3.74999999999740 );
#10599 = LINE( '', #13315, #13316 );
#10600 = FILL_AREA_STYLE_COLOUR( '', #13317 );
#10601 = VERTEX_POINT( 'NONE', #13318 );
#10602 = LINE( '', #13319, #13320 );
#10603 = LINE( '', #13321, #13322 );
#10604 = FILL_AREA_STYLE_COLOUR( '', #13323 );
#10605 = LINE( '', #13324, #13325 );
#10606 = FILL_AREA_STYLE_COLOUR( '', #13326 );
#10607 = FILL_AREA_STYLE_COLOUR( '', #13327 );
#10608 = LINE( '', #13328, #13329 );
#10609 = LINE( '', #13330, #13331 );
#10610 = FILL_AREA_STYLE_COLOUR( '', #13332 );
#10611 = VERTEX_POINT( 'NONE', #13333 );
#10612 = LINE( '', #13334, #13335 );
#10613 = CIRCLE( '', #13336, 2.99999999999953 );
#10614 = FILL_AREA_STYLE_COLOUR( '', #13337 );
#10615 = VERTEX_POINT( 'NONE', #13338 );
#10616 = LINE( '', #13339, #13340 );
#10617 = LINE( '', #13341, #13342 );
#10618 = FILL_AREA_STYLE_COLOUR( '', #13343 );
#10619 = FILL_AREA_STYLE_COLOUR( '', #13344 );
#10620 = FILL_AREA_STYLE_COLOUR( '', #13345 );
#10621 = FILL_AREA_STYLE_COLOUR( '', #13346 );
#10622 = LINE( '', #13347, #13348 );
#10623 = VERTEX_POINT( '', #13349 );
#10624 = CIRCLE( '', #13350, 5.40000000000000 );
#10625 = FILL_AREA_STYLE_COLOUR( '', #13351 );
#10626 = VERTEX_POINT( 'NONE', #13352 );
#10627 = LINE( '', #13353, #13354 );
#10628 = LINE( '', #13355, #13356 );
#10629 = LINE( '', #13357, #13358 );
#10630 = FILL_AREA_STYLE_COLOUR( '', #13359 );
#10631 = FILL_AREA_STYLE_COLOUR( '', #13360 );
#10632 = VERTEX_POINT( 'NONE', #13361 );
#10633 = LINE( '', #13362, #13363 );
#10634 = VERTEX_POINT( 'NONE', #13364 );
#10635 = LINE( '', #13365, #13366 );
#10636 = LINE( '', #13367, #13368 );
#10637 = FILL_AREA_STYLE_COLOUR( '', #13369 );
#10638 = FILL_AREA_STYLE_COLOUR( '', #13370 );
#10639 = LINE( '', #13371, #13372 );
#10640 = FILL_AREA_STYLE_COLOUR( '', #13373 );
#10641 = FILL_AREA_STYLE_COLOUR( '', #13374 );
#10642 = FILL_AREA_STYLE_COLOUR( '', #13375 );
#10643 = FILL_AREA_STYLE_COLOUR( '', #13376 );
#10644 = FILL_AREA_STYLE_COLOUR( '', #13377 );
#10645 = FILL_AREA_STYLE_COLOUR( '', #13378 );
#10646 = FILL_AREA_STYLE_COLOUR( '', #13379 );
#10647 = LINE( '', #13380, #13381 );
#10648 = FILL_AREA_STYLE_COLOUR( '', #13382 );
#10649 = LINE( '', #13383, #13384 );
#10650 = FILL_AREA_STYLE_COLOUR( '', #13385 );
#10651 = FILL_AREA_STYLE_COLOUR( '', #13386 );
#10652 = LINE( '', #13387, #13388 );
#10653 = FILL_AREA_STYLE_COLOUR( '', #13389 );
#10654 = FILL_AREA_STYLE_COLOUR( '', #13390 );
#10655 = LINE( '', #13391, #13392 );
#10656 = FILL_AREA_STYLE_COLOUR( '', #13393 );
#10657 = VERTEX_POINT( 'NONE', #13394 );
#10658 = LINE( '', #13395, #13396 );
#10659 = LINE( '', #13397, #13398 );
#10660 = FILL_AREA_STYLE_COLOUR( '', #13399 );
#10661 = LINE( '', #13400, #13401 );
#10662 = LINE( '', #13402, #13403 );
#10663 = FILL_AREA_STYLE_COLOUR( '', #13404 );
#10664 = LINE( '', #13405, #13406 );
#10665 = FILL_AREA_STYLE_COLOUR( '', #13407 );
#10666 = LINE( '', #13408, #13409 );
#10667 = FILL_AREA_STYLE_COLOUR( '', #13410 );
#10668 = FILL_AREA_STYLE_COLOUR( '', #13411 );
#10669 = FILL_AREA_STYLE_COLOUR( '', #13412 );
#10670 = FILL_AREA_STYLE_COLOUR( '', #13413 );
#10671 = LINE( '', #13414, #13415 );
#10672 = FILL_AREA_STYLE_COLOUR( '', #13416 );
#10673 = LINE( '', #13417, #13418 );
#10674 = FILL_AREA_STYLE_COLOUR( '', #13419 );
#10675 = LINE( '', #13420, #13421 );
#10676 = LINE( '', #13422, #13423 );
#10677 = VERTEX_POINT( '', #13424 );
#10678 = CIRCLE( '', #13425, 1.24999999999980 );
#10679 = FILL_AREA_STYLE_COLOUR( '', #13426 );
#10680 = VERTEX_POINT( '', #13427 );
#10681 = CIRCLE( '', #13428, 1.40000000000002 );
#10682 = FILL_AREA_STYLE_COLOUR( '', #13429 );
#10683 = FILL_AREA_STYLE_COLOUR( '', #13430 );
#10684 = FILL_AREA_STYLE_COLOUR( '', #13431 );
#10685 = FILL_AREA_STYLE_COLOUR( '', #13432 );
#10686 = VERTEX_POINT( '', #13433 );
#10687 = CIRCLE( '', #13434, 1.24999999999980 );
#10688 = FILL_AREA_STYLE_COLOUR( '', #13435 );
#10689 = FILL_AREA_STYLE_COLOUR( '', #13436 );
#10690 = FILL_AREA_STYLE_COLOUR( '', #13437 );
#10691 = FILL_AREA_STYLE_COLOUR( '', #13438 );
#10692 = CIRCLE( '', #13439, 4.55000000000047 );
#10693 = FILL_AREA_STYLE_COLOUR( '', #13440 );
#10694 = VERTEX_POINT( 'NONE', #13441 );
#10695 = LINE( '', #13442, #13443 );
#10696 = LINE( '', #13444, #13445 );
#10697 = FILL_AREA_STYLE_COLOUR( '', #13446 );
#10698 = LINE( '', #13447, #13448 );
#10699 = FILL_AREA_STYLE_COLOUR( '', #13449 );
#10700 = FILL_AREA_STYLE_COLOUR( '', #13450 );
#10701 = FILL_AREA_STYLE_COLOUR( '', #13451 );
#10702 = VERTEX_POINT( 'NONE', #13452 );
#10703 = LINE( '', #13453, #13454 );
#10704 = LINE( '', #13455, #13456 );
#10705 = FILL_AREA_STYLE_COLOUR( '', #13457 );
#10706 = FILL_AREA_STYLE_COLOUR( '', #13458 );
#10707 = FILL_AREA_STYLE_COLOUR( '', #13459 );
#10708 = LINE( '', #13460, #13461 );
#10709 = FILL_AREA_STYLE_COLOUR( '', #13462 );
#10710 = FILL_AREA_STYLE_COLOUR( '', #13463 );
#10711 = LINE( '', #13464, #13465 );
#10712 = FILL_AREA_STYLE_COLOUR( '', #13466 );
#10713 = FILL_AREA_STYLE_COLOUR( '', #13467 );
#10714 = FILL_AREA_STYLE_COLOUR( '', #13468 );
#10715 = FILL_AREA_STYLE_COLOUR( '', #13469 );
#10716 = FILL_AREA_STYLE_COLOUR( '', #13470 );
#10717 = FILL_AREA_STYLE_COLOUR( '', #13471 );
#10718 = FILL_AREA_STYLE_COLOUR( '', #13472 );
#10719 = FILL_AREA_STYLE_COLOUR( '', #13473 );
#10720 = FILL_AREA_STYLE_COLOUR( '', #13474 );
#10721 = FILL_AREA_STYLE_COLOUR( '', #13475 );
#10722 = FILL_AREA_STYLE_COLOUR( '', #13476 );
#10723 = FILL_AREA_STYLE_COLOUR( '', #13477 );
#10724 = FILL_AREA_STYLE_COLOUR( '', #13478 );
#10725 = LINE( '', #13479, #13480 );
#10726 = FILL_AREA_STYLE_COLOUR( '', #13481 );
#10727 = FILL_AREA_STYLE_COLOUR( '', #13482 );
#10728 = LINE( '', #13483, #13484 );
#10729 = FILL_AREA_STYLE_COLOUR( '', #13485 );
#10730 = FILL_AREA_STYLE_COLOUR( '', #13486 );
#10731 = FILL_AREA_STYLE_COLOUR( '', #13487 );
#10732 = CIRCLE( '', #13488, 0.999999999998995 );
#10733 = FILL_AREA_STYLE_COLOUR( '', #13489 );
#10734 = FILL_AREA_STYLE_COLOUR( '', #13490 );
#10735 = FILL_AREA_STYLE_COLOUR( '', #13491 );
#10736 = LINE( '', #13492, #13493 );
#10737 = FILL_AREA_STYLE_COLOUR( '', #13494 );
#10738 = FILL_AREA_STYLE_COLOUR( '', #13495 );
#10739 = FILL_AREA_STYLE_COLOUR( '', #13496 );
#10740 = LINE( '', #13497, #13498 );
#10741 = FILL_AREA_STYLE_COLOUR( '', #13499 );
#10742 = CIRCLE( '', #13500, 1.00000000000426 );
#10743 = FILL_AREA_STYLE_COLOUR( '', #13501 );
#10744 = FILL_AREA_STYLE_COLOUR( '', #13502 );
#10745 = FILL_AREA_STYLE_COLOUR( '', #13503 );
#10746 = FILL_AREA_STYLE_COLOUR( '', #13504 );
#10747 = FILL_AREA_STYLE_COLOUR( '', #13505 );
#10748 = FILL_AREA_STYLE_COLOUR( '', #13506 );
#10749 = FILL_AREA_STYLE_COLOUR( '', #13507 );
#10750 = FILL_AREA_STYLE_COLOUR( '', #13508 );
#10751 = FILL_AREA_STYLE_COLOUR( '', #13509 );
#10752 = COLOUR_RGB( '', 0.200000002980232, 0.200000002980232, 0.200000002980232 );
#10753 = CARTESIAN_POINT( '', ( 0.000000000000000, 27.0000000000000, 99.0000000000000 ) );
#10754 = AXIS2_PLACEMENT_3D( '', #13510, #13511, #13512 );
#10755 = CARTESIAN_POINT( '', ( -100.000000000000, 27.0000000000000, 99.0000000000000 ) );
#10756 = AXIS2_PLACEMENT_3D( '', #13513, #13514, #13515 );
#10757 = COLOUR_RGB( '', 0.200000002980232, 0.200000002980232, 0.200000002980232 );
#10758 = CARTESIAN_POINT( '', ( 3.15000020116570, -17.1000001573940, -4.04317070491319E-015 ) );
#10759 = CARTESIAN_POINT( '', ( 3.15000020116578, -18.4439090488522, -3.08318540159907E-015 ) );
#10760 = CARTESIAN_POINT( '', ( 3.15000020116570, -16.6000001573935, -4.32325616278595E-015 ) );
#10761 = VECTOR( '', #13516, 1000.00000000000 );
#10762 = CARTESIAN_POINT( '', ( 3.15000020116570, -18.4439090488520, -14.7000000000000 ) );
#10763 = CARTESIAN_POINT( '', ( 3.15000020116588, -18.4439090488521, -8.50000000000000 ) );
#10764 = VECTOR( '', #13517, 1000.00000000000 );
#10765 = CARTESIAN_POINT( '', ( 3.15000020116573, -14.7560912659355, -14.6999999999993 ) );
#10766 = CARTESIAN_POINT( '', ( 3.15000020116570, -16.6000001573935, -14.7000000000000 ) );
#10767 = VECTOR( '', #13518, 1000.00000000000 );
#10768 = CARTESIAN_POINT( '', ( 3.15000020116576, -14.7560912659357, -3.63868262105553E-015 ) );
#10769 = CARTESIAN_POINT( '', ( 3.15000020116583, -14.7560912659349, -8.50000000000010 ) );
#10770 = VECTOR( '', #13519, 1000.00000000000 );
#10771 = CARTESIAN_POINT( '', ( 3.15000020116570, -16.1000001573940, -4.62592937262415E-015 ) );
#10772 = CARTESIAN_POINT( '', ( 3.15000020116570, -16.6000001573935, -4.33680868994202E-015 ) );
#10773 = VECTOR( '', #13520, 1000.00000000000 );
#10774 = CARTESIAN_POINT( '', ( 3.15000020116570, -16.1000001573940, -14.0000000000000 ) );
#10775 = CARTESIAN_POINT( '', ( 3.15000020116570, -16.1000001573940, -8.50000000000000 ) );
#10776 = VECTOR( '', #13521, 1000.00000000000 );
#10777 = CARTESIAN_POINT( '', ( 3.15000020116570, -17.1000001573940, -14.0000000000000 ) );
#10778 = CARTESIAN_POINT( '', ( 3.15000020116570, -16.6000001573935, -14.0000000000000 ) );
#10779 = VECTOR( '', #13522, 1000.00000000000 );
#10780 = CARTESIAN_POINT( '', ( 3.15000020116570, -17.1000001573940, -8.50000000000000 ) );
#10781 = VECTOR( '', #13523, 1000.00000000000 );
#10782 = COLOUR_RGB( '', 0.200000002980232, 0.200000002980232, 0.200000002980232 );
#10783 = CARTESIAN_POINT( '', ( -13.3999993331585, -17.4602323034347, -17.0000000000008 ) );
#10784 = CARTESIAN_POINT( '', ( -6.49999933343465, -18.4708284705091, -17.0000000000000 ) );
#10785 = AXIS2_PLACEMENT_3D( '', #13524, #13525, #13526 );
#10786 = CARTESIAN_POINT( '', ( -13.3999993331585, -17.4602323034414, 6.24422482997843E-014 ) );
#10787 = CARTESIAN_POINT( '', ( -13.3999993331440, -17.4602323034960, -8.50000000000000 ) );
#10788 = VECTOR( '', #13527, 1000.00000000000 );
#10789 = CARTESIAN_POINT( '', ( -6.49999933343470, -18.4708284705083, 9.98364066148063E-013 ) );
#10790 = AXIS2_PLACEMENT_3D( '', #13528, #13529, #13530 );
#10791 = CARTESIAN_POINT( '', ( -6.49999933369630, -18.4708284709650, -8.50000000000000 ) );
#10792 = VECTOR( '', #13531, 1000.00000000000 );
#10793 = COLOUR_RGB( '', 0.200000002980232, 0.200000002980232, 0.200000002980232 );
#10794 = CARTESIAN_POINT( '', ( -6.79999999999970, -19.5000012293941, 2.42053957550010 ) );
#10795 = CARTESIAN_POINT( '', ( -6.80000000000000, -22.1999999999987, 2.79999999999978 ) );
#10796 = CARTESIAN_POINT( '', ( -6.79999999999970, -19.5000024447210, 2.42053974630330 ) );
#10797 = VECTOR( '', #13532, 1000.00000000000 );
#10798 = CARTESIAN_POINT( '', ( -3.07500000000022, -22.1999999999995, 2.79999999999987 ) );
#10799 = CARTESIAN_POINT( '', ( -4.93750000000000, -22.1999999999990, 2.79999999999980 ) );
#10800 = VECTOR( '', #13533, 1000.00000000000 );
#10801 = CARTESIAN_POINT( '', ( -3.07499999999976, -19.5000024447210, 2.42053974630330 ) );
#10802 = CARTESIAN_POINT( '', ( -3.07499999999984, -19.5000024447210, 2.42053974630330 ) );
#10803 = VECTOR( '', #13534, 1000.00000000000 );
#10804 = CARTESIAN_POINT( '', ( -4.93750000000000, -19.5000024447210, 2.42053974630330 ) );
#10805 = VECTOR( '', #13535, 1000.00000000000 );
#10806 = COLOUR_RGB( '', 0.200000002980232, 0.200000002980232, 0.200000002980232 );
#10807 = CARTESIAN_POINT( '', ( 10.2928932188139, -22.7000000000000, 29.2071067811862 ) );
#10808 = CARTESIAN_POINT( '', ( 10.0000000000000, -22.7000000000000, 29.9142135623744 ) );
#10809 = AXIS2_PLACEMENT_3D( '', #13536, #13537, #13538 );
#10810 = CARTESIAN_POINT( '', ( 10.2928932188130, -10.1000000000000, 29.2071067811869 ) );
#10811 = CARTESIAN_POINT( '', ( 10.2928932188130, -16.4000000000000, 29.2071067811870 ) );
#10812 = VECTOR( '', #13539, 1000.00000000000 );
#10813 = CARTESIAN_POINT( '', ( 10.0000000000000, -10.1000000000000, 29.9142135623731 ) );
#10814 = AXIS2_PLACEMENT_3D( '', #13540, #13541, #13542 );
#10815 = CARTESIAN_POINT( '', ( 10.0000000000000, -16.4000000000000, 29.9142135623730 ) );
#10816 = VECTOR( '', #13543, 1000.00000000000 );
#10817 = COLOUR_RGB( '', 0.200000002980232, 0.200000002980232, 0.200000002980232 );
#10818 = CARTESIAN_POINT( '', ( 10.0000000000000, -22.7000000000000, 30.2502776662259 ) );
#10819 = CARTESIAN_POINT( '', ( 10.0936922131744, -22.7000000000000, 30.6728959284199 ) );
#10820 = AXIS2_PLACEMENT_3D( '', #13544, #13545, #13546 );
#10821 = CARTESIAN_POINT( '', ( 10.0000000000000, -10.1000000000000, 30.2502776662260 ) );
#10822 = CARTESIAN_POINT( '', ( 10.0000000000000, -16.4000000000000, 30.2502776662260 ) );
#10823 = VECTOR( '', #13547, 1000.00000000000 );
#10824 = CARTESIAN_POINT( '', ( 10.0936922131743, -10.1000000000000, 30.6728959284197 ) );
#10825 = AXIS2_PLACEMENT_3D( '', #13548, #13549, #13550 );
#10826 = CARTESIAN_POINT( '', ( 10.0936922131740, -16.4000000000000, 30.6728959284190 ) );
#10827 = VECTOR( '', #13551, 1000.00000000000 );
#10828 = COLOUR_RGB( '', 0.200000002980232, 0.200000002980232, 0.200000002980232 );
#10829 = CARTESIAN_POINT( '', ( -10.4999997988340, -11.1000001573940, -5.08658806367928E-015 ) );
#10830 = CARTESIAN_POINT( '', ( -8.99999979883430, -11.1000001573940, -4.99496534360888E-015 ) );
#10831 = CARTESIAN_POINT( '', ( -9.74999979883415, -11.1000001573940, -4.33680900000000E-015 ) );
#10832 = VECTOR( '', #13552, 1000.00000000000 );
#10833 = CARTESIAN_POINT( '', ( -8.99999979883430, -11.1000001573940, -15.5000000000000 ) );
#10834 = CARTESIAN_POINT( '', ( -8.99999979883430, -11.1000001573940, -8.50000000000000 ) );
#10835 = VECTOR( '', #13553, 1000.00000000000 );
#10836 = CARTESIAN_POINT( '', ( -10.4999997988340, -11.1000001573940, -15.5000000000000 ) );
#10837 = CARTESIAN_POINT( '', ( -9.74999979883415, -11.1000001573940, -15.5000000000000 ) );
#10838 = VECTOR( '', #13554, 1000.00000000000 );
#10839 = CARTESIAN_POINT( '', ( -10.4999997988340, -11.1000001573940, -8.50000000000000 ) );
#10840 = VECTOR( '', #13555, 1000.00000000000 );
#10841 = COLOUR_RGB( '', 0.200000002980232, 0.200000002980232, 0.200000002980232 );
#10842 = CARTESIAN_POINT( '', ( 3.25000066682700, -17.1360609997720, -1.50000000000000 ) );
#10843 = CARTESIAN_POINT( '', ( 3.25000066682295, -18.4708284700452, -1.50000000000079 ) );
#10844 = CARTESIAN_POINT( '', ( 3.25000066682700, -17.8034447349235, -1.50000000000000 ) );
#10845 = VECTOR( '', #13556, 1000.00000000000 );
#10846 = CARTESIAN_POINT( '', ( 3.25000066682700, -17.1360609997720, -15.5000000000000 ) );
#10847 = CARTESIAN_POINT( '', ( 3.25000066682700, -17.1360609997720, -8.50000000000000 ) );
#10848 = VECTOR( '', #13557, 1000.00000000000 );
#10849 = CARTESIAN_POINT( '', ( 3.25000066682295, -18.4708284700612, -15.5000000000008 ) );
#10850 = CARTESIAN_POINT( '', ( 3.25000066682700, -17.8034447349235, -15.5000000000000 ) );
#10851 = VECTOR( '', #13558, 1000.00000000000 );
#10852 = CARTESIAN_POINT( '', ( 3.25000066681890, -18.4708284700700, -8.50000000000000 ) );
#10853 = VECTOR( '', #13559, 1000.00000000000 );
#10854 = COLOUR_RGB( '', 0.200000002980232, 0.200000002980232, 0.200000002980232 );
#10855 = CARTESIAN_POINT( '', ( -1.64999933317300, -22.6999997766690, -1.50000000000000 ) );
#10856 = CARTESIAN_POINT( '', ( -1.64999933317291, -20.8402827860913, -1.49999999999996 ) );
#10857 = CARTESIAN_POINT( '', ( -1.64999933317300, -21.2732464023865, -1.50000000000000 ) );
#10858 = VECTOR( '', #13560, 1000.00000000000 );
#10859 = CARTESIAN_POINT( '', ( -1.64999933317286, -20.8402827860911, -15.5000000000000 ) );
#10860 = CARTESIAN_POINT( '', ( -1.64999933317281, -20.8402827860917, -8.50000000000012 ) );
#10861 = VECTOR( '', #13561, 1000.00000000000 );
#10862 = CARTESIAN_POINT( '', ( -1.64999933317294, -22.6999997766690, -15.5000000000000 ) );
#10863 = CARTESIAN_POINT( '', ( -1.64999933317290, -16.4000000000000, -15.5000000000000 ) );
#10864 = VECTOR( '', #13562, 1000.00000000000 );
#10865 = CARTESIAN_POINT( '', ( -1.64999933317300, -22.6999997766690, -8.50000000000000 ) );
#10866 = VECTOR( '', #13563, 1000.00000000000 );
#10867 = COLOUR_RGB( '', 0.200000002980232, 0.200000002980232, 0.200000002980232 );
#10868 = CARTESIAN_POINT( '', ( 5.37507209598152, -15.3499997766690, -17.0000000000000 ) );
#10869 = CARTESIAN_POINT( '', ( 8.10000066682700, -12.3597167672460, -17.0000000000000 ) );
#10870 = AXIS2_PLACEMENT_3D( '', #13564, #13565, #13566 );
#10871 = CARTESIAN_POINT( '', ( 5.37507209598152, -15.3499997766690, -2.48907488693175E-015 ) );
#10872 = CARTESIAN_POINT( '', ( 5.37507209598150, -15.3499997766690, -8.50000000000000 ) );
#10873 = VECTOR( '', #13567, 1000.00000000000 );
#10874 = CARTESIAN_POINT( '', ( 8.10000066682700, -12.3597167672460, -1.11779711554331E-015 ) );
#10875 = AXIS2_PLACEMENT_3D( '', #13568, #13569, #13570 );
#10876 = CARTESIAN_POINT( '', ( 8.10000066682700, -12.3597167672460, -8.50000000000000 ) );
#10877 = VECTOR( '', #13571, 1000.00000000000 );
#10878 = COLOUR_RGB( '', 0.200000002980232, 0.200000002980232, 0.200000002980232 );
#10879 = CARTESIAN_POINT( '', ( -3.87500000000000, -20.0999999999990, 6.88196601124982 ) );
#10880 = CARTESIAN_POINT( '', ( -3.37500000000000, -20.0999999999989, 7.99999999999961 ) );
#10881 = AXIS2_PLACEMENT_3D( '', #13572, #13573, #13574 );
#10882 = CARTESIAN_POINT( '', ( -3.87500000000000, -20.0999999999990, 6.34999999999980 ) );
#10883 = CARTESIAN_POINT( '', ( -3.87500000000000, -20.0999999999990, 7.49999995958870 ) );
#10884 = VECTOR( '', #13575, 1000.00000000000 );
#10885 = CARTESIAN_POINT( '', ( -5.87500000000000, -20.0999999999990, 6.34999999999980 ) );
#10886 = CARTESIAN_POINT( '', ( -4.87500000714170, -20.0999999999990, 6.34999999999980 ) );
#10887 = VECTOR( '', #13576, 1000.00000000000 );
#10888 = CARTESIAN_POINT( '', ( -5.87500000000000, -20.0999999999990, 6.88196601124937 ) );
#10889 = CARTESIAN_POINT( '', ( -5.87500000000000, -20.0999999999990, 7.49999995958870 ) );
#10890 = VECTOR( '', #13577, 1000.00000000000 );
#10891 = CARTESIAN_POINT( '', ( -6.37500000000000, -20.0999999999990, 7.99999999999955 ) );
#10892 = AXIS2_PLACEMENT_3D( '', #13578, #13579, #13580 );
#10893 = CARTESIAN_POINT( '', ( -6.37500000000000, -20.0999999999990, 4.87333368233261 ) );
#10894 = CARTESIAN_POINT( '', ( -6.37500000000000, -20.0999999999990, 6.39999999999980 ) );
#10895 = VECTOR( '', #13581, 1000.00000000000 );
#10896 = CARTESIAN_POINT( '', ( -3.37500000000000, -20.0999999999990, 4.87333368233262 ) );
#10897 = CARTESIAN_POINT( '', ( -4.93750000000000, -20.0999999999990, 4.87333368233263 ) );
#10898 = VECTOR( '', #13582, 1000.00000000000 );
#10899 = CARTESIAN_POINT( '', ( -3.37500000000000, -20.0999999999990, 6.39999999999980 ) );
#10900 = VECTOR( '', #13583, 1000.00000000000 );
#10901 = COLOUR_RGB( '', 0.200000002980232, 0.200000002980232, 0.200000002980232 );
#10902 = CARTESIAN_POINT( '', ( 4.45000020116570, -16.1000001573940, -5.20417063463574E-015 ) );
#10903 = CARTESIAN_POINT( '', ( 4.45000020116570, -17.1000001573940, -4.91505005530628E-015 ) );
#10904 = CARTESIAN_POINT( '', ( 4.45000020116570, -16.6000001573940, -4.33680900000000E-015 ) );
#10905 = VECTOR( '', #13584, 1000.00000000000 );
#10906 = CARTESIAN_POINT( '', ( 4.45000020116570, -17.1000001573940, -14.0000000000000 ) );
#10907 = CARTESIAN_POINT( '', ( 4.45000020116570, -17.1000001573940, -7.50000000000000 ) );
#10908 = VECTOR( '', #13585, 1000.00000000000 );
#10909 = CARTESIAN_POINT( '', ( 4.45000020116570, -16.1000001573940, -14.0000000000000 ) );
#10910 = CARTESIAN_POINT( '', ( 4.45000020116570, -16.6000001864970, -14.0000000000000 ) );
#10911 = VECTOR( '', #13586, 1000.00000000000 );
#10912 = CARTESIAN_POINT( '', ( 4.45000020116570, -16.1000001573940, -7.50000000000000 ) );
#10913 = VECTOR( '', #13587, 1000.00000000000 );
#10914 = COLOUR_RGB( '', 0.200000002980232, 0.200000002980232, 0.200000002980232 );
#10915 = CARTESIAN_POINT( '', ( 5.87500000000000, -19.4999999999992, 6.88196601124919 ) );
#10916 = CARTESIAN_POINT( '', ( 5.87500000000000, -19.4999999999990, 6.34999999999980 ) );
#10917 = CARTESIAN_POINT( '', ( 5.87500000000000, -19.4999999999990, 6.61598300562485 ) );
#10918 = VECTOR( '', #13588, 1000.00000000000 );
#10919 = CARTESIAN_POINT( '', ( 5.87500000000000, -20.0999999999990, 6.34999999999980 ) );
#10920 = CARTESIAN_POINT( '', ( 5.87500000000000, -19.7999999999990, 6.34999999999980 ) );
#10921 = VECTOR( '', #13589, 1000.00000000000 );
#10922 = CARTESIAN_POINT( '', ( 5.87500000000000, -20.0999999999988, 6.88196601124936 ) );
#10923 = CARTESIAN_POINT( '', ( 5.87500000000000, -20.0999999999990, 7.49999995958870 ) );
#10924 = VECTOR( '', #13590, 1000.00000000000 );
#10925 = CARTESIAN_POINT( '', ( 5.87500000000000, -20.6999999999990, 6.88196601124990 ) );
#10926 = VECTOR( '', #13591, 1000.00000000000 );
#10927 = COLOUR_RGB( '', 0.200000002980232, 0.200000002980232, 0.200000002980232 );
#10928 = CARTESIAN_POINT( '', ( -2.57500000000000, -22.7000000000000, 2.79999999999980 ) );
#10929 = CARTESIAN_POINT( '', ( -2.82499999999980, -22.4500000000000, 2.79999999999980 ) );
#10930 = VECTOR( '', #13592, 1000.00000000000 );
#10931 = CARTESIAN_POINT( '', ( -2.57500000000000, -22.7000000000000, 4.79999999999980 ) );
#10932 = CARTESIAN_POINT( '', ( -2.57500000000000, -22.7000000000000, 3.79999999999980 ) );
#10933 = VECTOR( '', #13593, 1000.00000000000 );
#10934 = CARTESIAN_POINT( '', ( -2.87499999999994, -22.4000000000000, 4.79999999999980 ) );
#10935 = CARTESIAN_POINT( '', ( -2.82499999999980, -22.4500000000000, 4.79999999999980 ) );
#10936 = VECTOR( '', #13594, 1000.00000000000 );
#10937 = CARTESIAN_POINT( '', ( -3.07499999999976, -22.2000000000000, 4.79999999999980 ) );
#10938 = CARTESIAN_POINT( '', ( -2.82499999999980, -22.4500000000000, 4.79999999999980 ) );
#10939 = VECTOR( '', #13595, 1000.00000000000 );
#10940 = CARTESIAN_POINT( '', ( -3.07499999999984, -22.2000000000000, 3.65741294221925 ) );
#10941 = VECTOR( '', #13596, 1000.00000000000 );
#10942 = COLOUR_RGB( '', 0.200000002980232, 0.200000002980232, 0.200000002980232 );
#10943 = CARTESIAN_POINT( '', ( 3.25000066682295, -14.7291710832760, -1.50000000000008 ) );
#10944 = CARTESIAN_POINT( '', ( 3.25000066682700, -16.1194418683650, -1.50000000000000 ) );
#10945 = CARTESIAN_POINT( '', ( 3.25000066682700, -15.4243064758140, -1.50000000000000 ) );
#10946 = VECTOR( '', #13597, 1000.00000000000 );
#10947 = CARTESIAN_POINT( '', ( 3.25000066682295, -14.7291710832750, -15.5000000000000 ) );
#10948 = CARTESIAN_POINT( '', ( 3.25000066681890, -14.7291710832680, -8.50000000000000 ) );
#10949 = VECTOR( '', #13598, 1000.00000000000 );
#10950 = CARTESIAN_POINT( '', ( 3.25000066682700, -16.1194418683650, -15.5000000000000 ) );
#10951 = CARTESIAN_POINT( '', ( 3.25000066682700, -15.4243064758140, -15.5000000000000 ) );
#10952 = VECTOR( '', #13599, 1000.00000000000 );
#10953 = CARTESIAN_POINT( '', ( 3.25000066682700, -16.1194418683650, -8.50000000000000 ) );
#10954 = VECTOR( '', #13600, 1000.00000000000 );
#10955 = COLOUR_RGB( '', 0.200000002980232, 0.200000002980232, 0.200000002980232 );
#10956 = CARTESIAN_POINT( '', ( 3.87500000000000, -19.4999999999990, 6.34999999999980 ) );
#10957 = CARTESIAN_POINT( '', ( 3.87500000000000, -19.4999999999989, 6.88196601124986 ) );
#10958 = CARTESIAN_POINT( '', ( 3.87500000000000, -19.4999999999990, 6.61598300562485 ) );
#10959 = VECTOR( '', #13601, 1000.00000000000 );
#10960 = CARTESIAN_POINT( '', ( 3.87500000000000, -20.0999999999991, 6.88196601124989 ) );
#10961 = CARTESIAN_POINT( '', ( 3.87500000000000, -20.6999999999991, 6.88196601124989 ) );
#10962 = VECTOR( '', #13602, 1000.00000000000 );
#10963 = CARTESIAN_POINT( '', ( 3.87500000000000, -20.0999999999990, 6.34999999999980 ) );
#10964 = CARTESIAN_POINT( '', ( 3.87500000000000, -20.0999999999990, 7.49999995958870 ) );
#10965 = VECTOR( '', #13603, 1000.00000000000 );
#10966 = CARTESIAN_POINT( '', ( 3.87500000000000, -19.7999999999990, 6.34999999999980 ) );
#10967 = VECTOR( '', #13604, 1000.00000000000 );
#10968 = COLOUR_RGB( '', 0.200000002980232, 0.200000002980232, 0.200000002980232 );
#10969 = CARTESIAN_POINT( '', ( 13.2981333293570, -22.7000000000000, 46.2364521262611 ) );
#10970 = CARTESIAN_POINT( '', ( 9.02551293665120, -22.7000000000000, 51.3283628290598 ) );
#10971 = CARTESIAN_POINT( '', ( 11.1618231330040, -22.7000000000000, 48.7824074776605 ) );
#10972 = VECTOR( '', #13605, 1000.00000000000 );
#10973 = CARTESIAN_POINT( '', ( 13.2981333293570, -10.1000000000000, 46.2364521262610 ) );
#10974 = CARTESIAN_POINT( '', ( 13.2981333293570, -16.4000000000000, 46.2364521262610 ) );
#10975 = VECTOR( '', #13606, 1000.00000000000 );
#10976 = CARTESIAN_POINT( '', ( 9.02551293665140, -10.1000000000000, 51.3283628290595 ) );
#10977 = CARTESIAN_POINT( '', ( 9.02551293665100, -10.1000000000000, 51.3283628290600 ) );
#10978 = VECTOR( '', #13607, 1000.00000000000 );
#10979 = CARTESIAN_POINT( '', ( 9.02551293665100, -16.4000000000000, 51.3283628290600 ) );
#10980 = VECTOR( '', #13608, 1000.00000000000 );
#10981 = COLOUR_RGB( '', 0.200000002980232, 0.200000002980232, 0.200000002980232 );
#10982 = CARTESIAN_POINT( '', ( -3.24999933317300, -16.1194418683650, -15.5000000000000 ) );
#10983 = CARTESIAN_POINT( '', ( -4.54999933317295, -16.1194418683650, -15.5000000000000 ) );
#10984 = CARTESIAN_POINT( '', ( -3.89999933317295, -16.1194418683650, -15.5000000000000 ) );
#10985 = VECTOR( '', #13609, 1000.00000000000 );
#10986 = CARTESIAN_POINT( '', ( -4.54999933317300, -15.3499997766690, -15.5000000000000 ) );
#10987 = CARTESIAN_POINT( '', ( -4.54999933317291, -16.5999997766690, -15.5000000000000 ) );
#10988 = VECTOR( '', #13610, 1000.00000000000 );
#10989 = CARTESIAN_POINT( '', ( -4.37492790401841, -15.3499997766690, -15.5000000000000 ) );
#10990 = CARTESIAN_POINT( '', ( -4.87499933317295, -15.3499997766690, -15.5000000000000 ) );
#10991 = VECTOR( '', #13611, 1000.00000000000 );
#10992 = CARTESIAN_POINT( '', ( -3.29999933317300, -13.4675087551330, -15.5000000000000 ) );
#10993 = AXIS2_PLACEMENT_3D( '', #13612, #13613, #13614 );
#10994 = CARTESIAN_POINT( '', ( -3.29999933317300, -10.0999997747687, -15.5000000000000 ) );
#10995 = CARTESIAN_POINT( '', ( -3.29999933317300, -11.7837542659010, -15.5000000000000 ) );
#10996 = VECTOR( '', #13615, 1000.00000000000 );
#10997 = CARTESIAN_POINT( '', ( 6.66827038152472E-007, -10.0999997753371, -15.5000000000000 ) );
#10998 = CARTESIAN_POINT( '', ( 0.000000000000000, -10.0999997740052, -15.5000000000000 ) );
#10999 = VECTOR( '', #13616, 1000.00000000000 );
#11000 = CARTESIAN_POINT( '', ( 6.66827037935517E-007, -12.0499997766690, -15.5000000000000 ) );
#11001 = CARTESIAN_POINT( '', ( 6.66827038031670E-007, -16.4000000000000, -15.5000000000000 ) );
#11002 = VECTOR( '', #13617, 1000.00000000000 );
#11003 = CARTESIAN_POINT( '', ( 4.37492923767252, -15.3499997766690, -15.5000000000000 ) );
#11004 = AXIS2_PLACEMENT_3D( '', #13618, #13619, #13620 );
#11005 = CARTESIAN_POINT( '', ( 4.55000066682705, -15.3499997766690, -15.5000000000000 ) );
#11006 = CARTESIAN_POINT( '', ( 4.87500066682700, -15.3499997766690, -15.5000000000000 ) );
#11007 = VECTOR( '', #13621, 1000.00000000000 );
#11008 = CARTESIAN_POINT( '', ( 4.55000066682710, -16.1194418683650, -15.5000000000000 ) );
#11009 = CARTESIAN_POINT( '', ( 4.55000066682710, -16.5999997766690, -15.5000000000000 ) );
#11010 = VECTOR( '', #13622, 1000.00000000000 );
#11011 = CARTESIAN_POINT( '', ( 3.90000066682704, -16.1194418683650, -15.5000000000000 ) );
#11012 = VECTOR( '', #13623, 1000.00000000000 );
#11013 = CARTESIAN_POINT( '', ( -0.799999333172955, -12.9363267563241, -15.5000000000000 ) );
#11014 = AXIS2_PLACEMENT_3D( '', #13624, #13625, #13626 );
#11015 = CARTESIAN_POINT( '', ( -0.799999333172960, -10.8999997766690, -15.5000000000000 ) );
#11016 = CARTESIAN_POINT( '', ( -0.799999333172960, -16.4000000000000, -15.5000000000000 ) );
#11017 = VECTOR( '', #13627, 1000.00000000000 );
#11018 = CARTESIAN_POINT( '', ( -2.49999933317314, -10.8999997766690, -15.5000000000000 ) );
#11019 = CARTESIAN_POINT( '', ( -1.64999933317303, -10.8999997766690, -15.5000000000000 ) );
#11020 = VECTOR( '', #13628, 1000.00000000000 );
#11021 = CARTESIAN_POINT( '', ( -2.49999933317315, -13.8049148047957, -15.5000000000015 ) );
#11022 = CARTESIAN_POINT( '', ( -2.49999933317320, -16.4000000000000, -15.5000000000000 ) );
#11023 = VECTOR( '', #13629, 1000.00000000000 );
#11024 = CARTESIAN_POINT( '', ( -3.24999933316910, -14.7291710832773, -15.5000000000010 ) );
#11025 = AXIS2_PLACEMENT_3D( '', #13630, #13631, #13632 );
#11026 = CARTESIAN_POINT( '', ( -3.24999933317300, -15.4243064758140, -15.5000000000000 ) );
#11027 = VECTOR( '', #13633, 1000.00000000000 );
#11028 = COLOUR_RGB( '', 0.200000002980232, 0.200000002980232, 0.200000002980232 );
#11029 = CARTESIAN_POINT( '', ( 5.87500000000050, -21.8999999999990, 10.2000000000000 ) );
#11030 = CARTESIAN_POINT( '', ( 5.87500000000034, -20.0999999999990, 10.2000000000000 ) );
#11031 = CARTESIAN_POINT( '', ( 5.87500000000051, -20.6999999999990, 10.2000000000000 ) );
#11032 = VECTOR( '', #13634, 1000.00000000000 );
#11033 = CARTESIAN_POINT( '', ( 5.87500000000000, -20.0999999999990, 9.64999999999980 ) );
#11034 = CARTESIAN_POINT( '', ( 5.87500000000000, -20.0999999999990, 7.49999995958870 ) );
#11035 = VECTOR( '', #13635, 1000.00000000000 );
#11036 = CARTESIAN_POINT( '', ( 5.87500000000000, -19.4999999999990, 9.64999999999980 ) );
#11037 = CARTESIAN_POINT( '', ( 5.87500000000000, -20.6999999999990, 9.64999999999980 ) );
#11038 = VECTOR( '', #13636, 1000.00000000000 );
#11039 = CARTESIAN_POINT( '', ( 5.87499999999974, -19.4999999999992, 9.11803398874996 ) );
#11040 = CARTESIAN_POINT( '', ( 5.87500000000000, -19.4999999999990, 7.99999994287025 ) );
#11041 = VECTOR( '', #13637, 1000.00000000000 );
#11042 = CARTESIAN_POINT( '', ( 5.87500000000000, -21.8999999999987, 9.11803398874965 ) );
#11043 = CARTESIAN_POINT( '', ( 5.87499999999949, -20.6999999999990, 9.11803398875008 ) );
#11044 = VECTOR( '', #13638, 1000.00000000000 );
#11045 = CARTESIAN_POINT( '', ( 5.87500000000050, -21.8999999999990, 7.74999982594430 ) );
#11046 = VECTOR( '', #13639, 1000.00000000000 );
#11047 = COLOUR_RGB( '', 0.200000002980232, 0.200000002980232, 0.200000002980232 );
#11048 = CARTESIAN_POINT( '', ( 7.99429521455694, -13.4000001573935, -16.1999999999993 ) );
#11049 = CARTESIAN_POINT( '', ( 8.11696382490710, -13.8618803727450, -17.0000000000012 ) );
#11050 = AXIS2_PLACEMENT_3D( '', #13640, #13641, #13642 );
#11051 = CARTESIAN_POINT( '', ( 7.06188041651740, -14.8859057070646, -17.0000000000012 ) );
#11052 = AXIS2_PLACEMENT_3D( '', #13643, #13644, #13645 );
#11053 = CARTESIAN_POINT( '', ( 6.60000020116570, -14.7560912659349, -16.1999999999992 ) );
#11054 = AXIS2_PLACEMENT_3D( '', #13646, #13647, #13648 );
#11055 = AXIS2_PLACEMENT_3D( '', #13649, #13650, #13651 );
#11056 = COLOUR_RGB( '', 0.200000002980232, 0.200000002980232, 0.200000002980232 );
#11057 = CARTESIAN_POINT( '', ( -3.07499999999980, -21.8999999999990, 4.79999999999980 ) );
#11058 = CARTESIAN_POINT( '', ( -3.07499999999950, -16.3840359555891, 4.79999999999980 ) );
#11059 = VECTOR( '', #13652, 1000.00000000000 );
#11060 = CARTESIAN_POINT( '', ( -3.07499999999982, -21.8999999999990, 4.81047624033303 ) );
#11061 = CARTESIAN_POINT( '', ( -3.07499999999980, -21.8999999999990, 7.74999982594430 ) );
#11062 = VECTOR( '', #13653, 1000.00000000000 );
#11063 = CARTESIAN_POINT( '', ( -3.07499999999989, -19.5000024447200, 4.89428607762752 ) );
#11064 = CARTESIAN_POINT( '', ( -3.07499999999985, -22.1999999999990, 4.79999999999980 ) );
#11065 = VECTOR( '', #13654, 1000.00000000000 );
#11066 = CARTESIAN_POINT( '', ( -3.07499999999910, -10.1000000000000, 4.89428573602102 ) );
#11067 = CARTESIAN_POINT( '', ( -3.07499999999950, -14.5544932134315, 4.89428589790225 ) );
#11068 = VECTOR( '', #13655, 1000.00000000000 );
#11069 = CARTESIAN_POINT( '', ( -3.07499999999908, -10.1000000000002, 2.42053949009848 ) );
#11070 = CARTESIAN_POINT( '', ( -3.07499999999910, -10.1000000000000, 26.2000003620981 ) );
#11071 = VECTOR( '', #13656, 1000.00000000000 );
#11072 = CARTESIAN_POINT( '', ( -3.07499999999950, -16.3840359555891, 2.42053974630330 ) );
#11073 = VECTOR( '', #13657, 1000.00000000000 );
#11074 = COLOUR_RGB( '', 0.200000002980232, 0.200000002980232, 0.200000002980232 );
#11075 = CARTESIAN_POINT( '', ( -10.0936922131744, -22.7000000000000, 30.6728959284199 ) );
#11076 = CARTESIAN_POINT( '', ( -10.0000000000000, -22.7000000000000, 30.2502776662259 ) );
#11077 = AXIS2_PLACEMENT_3D( '', #13658, #13659, #13660 );
#11078 = CARTESIAN_POINT( '', ( -10.0936922131743, -10.1000000000000, 30.6728959284197 ) );
#11079 = CARTESIAN_POINT( '', ( -10.0936922131740, -16.4000000000000, 30.6728959284190 ) );
#11080 = VECTOR( '', #13661, 1000.00000000000 );
#11081 = CARTESIAN_POINT( '', ( -10.0000000000000, -10.1000000000000, 30.2502776662260 ) );
#11082 = AXIS2_PLACEMENT_3D( '', #13662, #13663, #13664 );
#11083 = CARTESIAN_POINT( '', ( -10.0000000000000, -16.4000000000000, 30.2502776662260 ) );
#11084 = VECTOR( '', #13665, 1000.00000000000 );
#11085 = COLOUR_RGB( '', 0.200000002980232, 0.200000002980232, 0.200000002980232 );
#11086 = CARTESIAN_POINT( '', ( -9.02551293665126, -22.7000000000000, 51.3283628290597 ) );
#11087 = CARTESIAN_POINT( '', ( -6.72737960729377, -22.7000000000000, 52.4000000000000 ) );
#11088 = AXIS2_PLACEMENT_3D( '', #13666, #13667, #13668 );
#11089 = CARTESIAN_POINT( '', ( -6.72737960729345, -10.1000000268327, 52.4000000000000 ) );
#11090 = CARTESIAN_POINT( '', ( -6.72737960729400, -16.4000000000000, 52.4000000000000 ) );
#11091 = VECTOR( '', #13669, 1000.00000000000 );
#11092 = CARTESIAN_POINT( '', ( -9.02551293665146, -10.1000000247004, 51.3283628290595 ) );
#11093 = AXIS2_PLACEMENT_3D( '', #13670, #13671, #13672 );
#11094 = CARTESIAN_POINT( '', ( -9.02551293665100, -16.4000000000000, 51.3283628290600 ) );
#11095 = VECTOR( '', #13673, 1000.00000000000 );
#11096 = COLOUR_RGB( '', 0.200000002980232, 0.200000002980232, 0.200000002980232 );
#11097 = CARTESIAN_POINT( '', ( 13.2213203435601, -22.7000000000000, 26.2786796564398 ) );
#11098 = CARTESIAN_POINT( '', ( 10.2928932188139, -22.7000000000000, 29.2071067811862 ) );
#11099 = CARTESIAN_POINT( '', ( 11.7571067811865, -22.7000000000000, 27.7428932188135 ) );
#11100 = VECTOR( '', #13674, 1000.00000000000 );
#11101 = CARTESIAN_POINT( '', ( 13.2213203435600, -10.0999999276391, 26.2786796564400 ) );
#11102 = CARTESIAN_POINT( '', ( 13.2213203435600, -16.4000000000000, 26.2786796564400 ) );
#11103 = VECTOR( '', #13675, 1000.00000000000 );
#11104 = CARTESIAN_POINT( '', ( 10.2928932188130, -10.0999999421533, 29.2071067811869 ) );
#11105 = CARTESIAN_POINT( '', ( 10.2928932188130, -10.0999999421532, 29.2071067811870 ) );
#11106 = VECTOR( '', #13676, 1000.00000000000 );
#11107 = CARTESIAN_POINT( '', ( 10.2928932188130, -16.4000000000000, 29.2071067811870 ) );
#11108 = VECTOR( '', #13677, 1000.00000000000 );
#11109 = COLOUR_RGB( '', 0.200000002980232, 0.200000002980232, 0.200000002980232 );
#11110 = CARTESIAN_POINT( '', ( 3.37500000000000, -20.0999999999990, 7.99999999999961 ) );
#11111 = CARTESIAN_POINT( '', ( 3.37500000000000, -21.8999999999991, 7.99999999999973 ) );
#11112 = CARTESIAN_POINT( '', ( 3.37500000000000, -20.9999999999990, 7.99999999999980 ) );
#11113 = VECTOR( '', #13678, 1000.00000000000 );
#11114 = CARTESIAN_POINT( '', ( 3.87500000000000, -20.0999999999991, 6.88196601124989 ) );
#11115 = AXIS2_PLACEMENT_3D( '', #13679, #13680, #13681 );
#11116 = CARTESIAN_POINT( '', ( 3.87500000000000, -19.4999999999989, 6.88196601124986 ) );
#11117 = CARTESIAN_POINT( '', ( 3.87500000000000, -20.6999999999991, 6.88196601124989 ) );
#11118 = VECTOR( '', #13682, 1000.00000000000 );
#11119 = CARTESIAN_POINT( '', ( 3.87500000000000, -19.4999999999988, 9.11803398874925 ) );
#11120 = AXIS2_PLACEMENT_3D( '', #13683, #13684, #13685 );
#11121 = CARTESIAN_POINT( '', ( 3.87500000000000, -21.8999999999991, 9.11803398874962 ) );
#11122 = CARTESIAN_POINT( '', ( 3.87500000000005, -20.6999999999991, 9.11803398874965 ) );
#11123 = VECTOR( '', #13686, 1000.00000000000 );
#11124 = AXIS2_PLACEMENT_3D( '', #13687, #13688, #13689 );
#11125 = COLOUR_RGB( '', 0.200000002980232, 0.200000002980232, 0.200000002980232 );
#11126 = CARTESIAN_POINT( '', ( -14.0999998795023, -10.0999998302858, -5.49329100725989E-015 ) );
#11127 = CARTESIAN_POINT( '', ( -14.1000000000000, -10.0999999245212, 24.1573593128808 ) );
#11128 = CARTESIAN_POINT( '', ( -14.1000000000000, -10.0999998990256, 18.4049999117850 ) );
#11129 = VECTOR( '', #13690, 1000.00000000000 );
#11130 = CARTESIAN_POINT( '', ( -14.0999996334353, -15.2658338597530, -6.70983752218158E-015 ) );
#11131 = CARTESIAN_POINT( '', ( -14.0999996323217, -16.4000000000000, 0.000000000000000 ) );
#11132 = VECTOR( '', #13691, 1000.00000000000 );
#11133 = CARTESIAN_POINT( '', ( -14.0999993200683, -15.2658333275282, -17.0000000000000 ) );
#11134 = CARTESIAN_POINT( '', ( -14.0999997021610, -15.2658333702560, 3.57867965644050 ) );
#11135 = VECTOR( '', #13692, 1000.00000000000 );
#11136 = CARTESIAN_POINT( '', ( -14.0999993187587, -17.9341662300820, -17.0000000000000 ) );
#11137 = CARTESIAN_POINT( '', ( -14.0999993058499, -16.4000000000000, -17.0000000000000 ) );
#11138 = VECTOR( '', #13693, 1000.00000000000 );
#11139 = CARTESIAN_POINT( '', ( -14.0999996308155, -17.9341656978571, -3.56565090152706E-015 ) );
#11140 = CARTESIAN_POINT( '', ( -14.0999996995413, -17.9341661830820, 3.57867965644050 ) );
#11141 = VECTOR( '', #13694, 1000.00000000000 );
#11142 = CARTESIAN_POINT( '', ( -14.0999997507576, -22.7000000000000, -2.45752492430047E-015 ) );
#11143 = CARTESIAN_POINT( '', ( -14.0999996323217, -16.4000000000000, 0.000000000000000 ) );
#11144 = VECTOR( '', #13695, 1000.00000000000 );
#11145 = CARTESIAN_POINT( '', ( -14.1000000450299, -22.7000000000000, 24.1573592840746 ) );
#11146 = CARTESIAN_POINT( '', ( -14.0999996948622, -22.7000000000000, 3.57867965644050 ) );
#11147 = VECTOR( '', #13696, 1000.00000000000 );
#11148 = CARTESIAN_POINT( '', ( -14.1000000000000, -16.4000000000000, 24.1573593128810 ) );
#11149 = VECTOR( '', #13697, 1000.00000000000 );
#11150 = COLOUR_RGB( '', 0.200000002980232, 0.200000002980232, 0.200000002980232 );
#11151 = CARTESIAN_POINT( '', ( 6.79999999999985, -19.5000024447202, 4.89428607762752 ) );
#11152 = CARTESIAN_POINT( '', ( 3.07499999999969, -19.5000058685335, 4.89428595806523 ) );
#11153 = CARTESIAN_POINT( '', ( 4.93750000000000, -19.5000024447210, 4.89428607762750 ) );
#11154 = VECTOR( '', #13698, 1000.00000000000 );
#11155 = CARTESIAN_POINT( '', ( 3.07499999999914, -10.0999999626314, 4.89428573602103 ) );
#11156 = CARTESIAN_POINT( '', ( 3.07499999999951, -16.3840359555891, 4.89428573602100 ) );
#11157 = VECTOR( '', #13699, 1000.00000000000 );
#11158 = CARTESIAN_POINT( '', ( 6.79999999999946, -10.0999999627376, 4.89428590682427 ) );
#11159 = CARTESIAN_POINT( '', ( 0.000000000000000, -10.0999998501745, 4.89428573602100 ) );
#11160 = VECTOR( '', #13700, 1000.00000000000 );
#11161 = CARTESIAN_POINT( '', ( 6.79999999999955, -14.5544932134314, 4.89428589790225 ) );
#11162 = VECTOR( '', #13701, 1000.00000000000 );
#11163 = COLOUR_RGB( '', 0.200000002980232, 0.200000002980232, 0.200000002980232 );
#11164 = CARTESIAN_POINT( '', ( -7.06188001418600, -18.3140946077221, -17.0000000000000 ) );
#11165 = CARTESIAN_POINT( '', ( -6.59999979883845, -18.4439090488589, -16.2000000000000 ) );
#11166 = AXIS2_PLACEMENT_3D( '', #13702, #13703, #13704 );
#11167 = CARTESIAN_POINT( '', ( -7.06188001418600, -14.8859057070643, -17.0000000000005 ) );
#11168 = CARTESIAN_POINT( '', ( -7.06188001418600, -16.6000001573935, -17.0000000000000 ) );
#11169 = VECTOR( '', #13705, 1000.00000000000 );
#11170 = CARTESIAN_POINT( '', ( -6.59999979883845, -14.7560912659281, -16.1999999999997 ) );
#11171 = AXIS2_PLACEMENT_3D( '', #13706, #13707, #13708 );
#11172 = CARTESIAN_POINT( '', ( -6.59999979883430, -16.6000001573935, -16.2000000000000 ) );
#11173 = VECTOR( '', #13709, 1000.00000000000 );
#11174 = COLOUR_RGB( '', 0.200000002980232, 0.200000002980232, 0.200000002980232 );
#11175 = CARTESIAN_POINT( '', ( -8.11696342257607, -13.8618803727450, -17.0000000000005 ) );
#11176 = CARTESIAN_POINT( '', ( -11.3830361750934, -13.8618803727450, -17.0000000000000 ) );
#11177 = CARTESIAN_POINT( '', ( -9.74999979883415, -13.8618803727450, -17.0000000000000 ) );
#11178 = VECTOR( '', #13710, 1000.00000000000 );
#11179 = AXIS2_PLACEMENT_3D( '', #13711, #13712, #13713 );
#11180 = AXIS2_PLACEMENT_3D( '', #13714, #13715, #13716 );
#11181 = CARTESIAN_POINT( '', ( -8.34999979883395, -16.6000001573931, -17.0000000000000 ) );
#11182 = AXIS2_PLACEMENT_3D( '', #13717, #13718, #13719 );
#11183 = COLOUR_RGB( '', 0.200000002980232, 0.200000002980232, 0.200000002980232 );
#11184 = CARTESIAN_POINT( '', ( 6.50000066682700, -16.1194418683650, -1.71597505505516E-015 ) );
#11185 = CARTESIAN_POINT( '', ( 6.50000066682680, -14.7291710832737, 3.90572641032358E-013 ) );
#11186 = CARTESIAN_POINT( '', ( 6.50000066682700, -16.4000000000000, -1.88131968918866E-015 ) );
#11187 = VECTOR( '', #13720, 1000.00000000000 );
#11188 = CARTESIAN_POINT( '', ( 6.50000066682700, -16.1194418683650, -17.0000000000000 ) );
#11189 = CARTESIAN_POINT( '', ( 6.50000066682700, -16.1194418683650, -8.50000000000000 ) );
#11190 = VECTOR( '', #13721, 1000.00000000000 );
#11191 = CARTESIAN_POINT( '', ( 6.50000066682680, -14.7291710832818, -16.9999999999996 ) );
#11192 = CARTESIAN_POINT( '', ( 6.50000066682700, -15.4243064758235, -17.0000000000000 ) );
#11193 = VECTOR( '', #13722, 1000.00000000000 );
#11194 = CARTESIAN_POINT( '', ( 6.50000066682660, -14.7291710832820, -8.50000000000000 ) );
#11195 = VECTOR( '', #13723, 1000.00000000000 );
#11196 = COLOUR_RGB( '', 0.200000002980232, 0.200000002980232, 0.200000002980232 );
#11197 = CARTESIAN_POINT( '', ( 2.87500000000000, -21.8999999999990, 4.79999999999980 ) );
#11198 = CARTESIAN_POINT( '', ( 2.87500000000000, -21.8999999999990, 8.00000000000327 ) );
#11199 = CARTESIAN_POINT( '', ( 2.87500000000000, -21.8999999999990, 6.39999999999980 ) );
#11200 = VECTOR( '', #13724, 1000.00000000000 );
#11201 = CARTESIAN_POINT( '', ( 3.07499999999980, -21.8999999999990, 4.79999999999980 ) );
#11202 = CARTESIAN_POINT( '', ( 4.87500005079750, -21.8999999999990, 4.79999999999980 ) );
#11203 = VECTOR( '', #13725, 1000.00000000000 );
#11204 = CARTESIAN_POINT( '', ( 3.07499999999982, -21.8999999999990, 4.81047624033300 ) );
#11205 = CARTESIAN_POINT( '', ( 3.07499999999980, -21.8999999999990, 7.74999982594430 ) );
#11206 = VECTOR( '', #13726, 1000.00000000000 );
#11207 = CARTESIAN_POINT( '', ( 3.37500000000000, -21.8999999999990, 4.81047624033303 ) );
#11208 = CARTESIAN_POINT( '', ( 4.87500005079750, -21.8999999999990, 4.81047624033300 ) );
#11209 = VECTOR( '', #13727, 1000.00000000000 );
#11210 = CARTESIAN_POINT( '', ( 3.37500000000000, -21.8999999999990, 6.39999999999980 ) );
#11211 = VECTOR( '', #13728, 1000.00000000000 );
#11212 = CARTESIAN_POINT( '', ( 3.87500000000000, -21.8999999999990, 10.2000000000000 ) );
#11213 = CARTESIAN_POINT( '', ( 3.87500000000000, -21.8999999999990, 9.65901699437480 ) );
#11214 = VECTOR( '', #13729, 1000.00000000000 );
#11215 = CARTESIAN_POINT( '', ( 5.87500000000050, -21.8999999999990, 10.2000000000000 ) );
#11216 = CARTESIAN_POINT( '', ( 4.87500005079750, -21.8999999999990, 10.2000000000000 ) );
#11217 = VECTOR( '', #13730, 1000.00000000000 );
#11218 = CARTESIAN_POINT( '', ( 5.87500000000000, -21.8999999999987, 9.11803398874965 ) );
#11219 = CARTESIAN_POINT( '', ( 5.87500000000050, -21.8999999999990, 7.74999982594430 ) );
#11220 = VECTOR( '', #13731, 1000.00000000000 );
#11221 = CARTESIAN_POINT( '', ( 6.37500000000000, -21.8999999999990, 7.99999999999978 ) );
#11222 = AXIS2_PLACEMENT_3D( '', #13732, #13733, #13734 );
#11223 = CARTESIAN_POINT( '', ( 6.37500000000000, -21.8999999999990, 4.81047624033303 ) );
#11224 = CARTESIAN_POINT( '', ( 6.37500000000000, -21.8999999999990, 6.39999999999980 ) );
#11225 = VECTOR( '', #13735, 1000.00000000000 );
#11226 = CARTESIAN_POINT( '', ( 6.79999999999980, -21.8999999999990, 4.81047624033300 ) );
#11227 = CARTESIAN_POINT( '', ( 4.87500005079750, -21.8999999999990, 4.81047624033300 ) );
#11228 = VECTOR( '', #13736, 1000.00000000000 );
#11229 = CARTESIAN_POINT( '', ( 6.79999999999980, -21.8999999999990, 4.79999999999980 ) );
#11230 = CARTESIAN_POINT( '', ( 6.79999999999980, -21.8999999999990, 7.74999982594430 ) );
#11231 = VECTOR( '', #13737, 1000.00000000000 );
#11232 = CARTESIAN_POINT( '', ( 6.87500000000000, -21.8999999999990, 4.79999999999980 ) );
#11233 = CARTESIAN_POINT( '', ( 4.87500005079750, -21.8999999999990, 4.79999999999980 ) );
#11234 = VECTOR( '', #13738, 1000.00000000000 );
#11235 = CARTESIAN_POINT( '', ( 6.87500000000000, -21.8999999999990, 8.00000000000020 ) );
#11236 = CARTESIAN_POINT( '', ( 6.87500000000000, -21.8999999999990, 6.39999999999980 ) );
#11237 = VECTOR( '', #13739, 1000.00000000000 );
#11238 = CARTESIAN_POINT( '', ( 6.37499999999990, -21.8999999999984, 9.32287565553368 ) );
#11239 = AXIS2_PLACEMENT_3D( '', #13740, #13741, #13742 );
#11240 = CARTESIAN_POINT( '', ( 6.37500000000000, -21.8999999999990, 10.7000000000000 ) );
#11241 = CARTESIAN_POINT( '', ( 6.37500000000000, -21.8999999999990, 10.0114378277663 ) );
#11242 = VECTOR( '', #13743, 1000.00000000000 );
#11243 = CARTESIAN_POINT( '', ( 3.37500000000000, -21.8999999999990, 10.7000000000000 ) );
#11244 = CARTESIAN_POINT( '', ( 4.87500000000000, -21.8999999999990, 10.7000000000000 ) );
#11245 = VECTOR( '', #13744, 1000.00000000000 );
#11246 = CARTESIAN_POINT( '', ( 3.37500000000000, -21.8999999999992, 9.32287565553292 ) );
#11247 = CARTESIAN_POINT( '', ( 3.37500000000000, -21.8999999999990, 10.0114378277673 ) );
#11248 = VECTOR( '', #13745, 1000.00000000000 );
#11249 = AXIS2_PLACEMENT_3D( '', #13746, #13747, #13748 );
#11250 = COLOUR_RGB( '', 0.200000002980232, 0.200000002980232, 0.200000002980232 );
#11251 = CARTESIAN_POINT( '', ( -6.87500000000000, -21.8999999999990, 4.79999999999980 ) );
#11252 = CARTESIAN_POINT( '', ( -6.87500000000000, -22.2749999999988, 4.79999999999980 ) );
#11253 = CARTESIAN_POINT( '', ( -6.87500000000000, -22.2999999999990, 4.79999999999980 ) );
#11254 = VECTOR( '', #13749, 1000.00000000000 );
#11255 = CARTESIAN_POINT( '', ( -6.79999999999970, -22.1999999999987, 4.79999999999980 ) );
#11256 = CARTESIAN_POINT( '', ( -7.30000000000000, -22.6999999999990, 4.79999999999980 ) );
#11257 = VECTOR( '', #13750, 1000.00000000000 );
#11258 = CARTESIAN_POINT( '', ( -6.79999999999970, -21.8999999999990, 4.79999999999980 ) );
#11259 = CARTESIAN_POINT( '', ( -6.79999999999970, -16.3840359555889, 4.79999999999980 ) );
#11260 = VECTOR( '', #13751, 1000.00000000000 );
#11261 = CARTESIAN_POINT( '', ( -4.87500005079740, -21.8999999999990, 4.79999999999980 ) );
#11262 = VECTOR( '', #13752, 1000.00000000000 );
#11263 = COLOUR_RGB( '', 0.200000002980232, 0.200000002980232, 0.200000002980232 );
#11264 = CARTESIAN_POINT( '', ( 6.87500000000000, -22.7000000000000, 7.99999999999984 ) );
#11265 = CARTESIAN_POINT( '', ( 6.87500000000000, -22.2999999999990, 7.99999999999980 ) );
#11266 = VECTOR( '', #13753, 1000.00000000000 );
#11267 = CARTESIAN_POINT( '', ( 6.37499999999990, -22.6999999999994, 9.32287565553227 ) );
#11268 = AXIS2_PLACEMENT_3D( '', #13754, #13755, #13756 );
#11269 = CARTESIAN_POINT( '', ( 6.37499999999980, -22.2999999999990, 9.32287565553240 ) );
#11270 = VECTOR( '', #13757, 1000.00000000000 );
#11271 = COLOUR_RGB( '', 0.200000002980232, 0.200000002980232, 0.200000002980232 );
#11272 = CARTESIAN_POINT( '', ( 3.87500000000000, -20.0999999999990, 10.2000000000000 ) );
#11273 = CARTESIAN_POINT( '', ( 5.87500000000034, -20.0999999999990, 10.2000000000000 ) );
#11274 = CARTESIAN_POINT( '', ( 4.87500000000025, -20.0999999999990, 10.2000000000000 ) );
#11275 = VECTOR( '', #13758, 1000.00000000000 );
#11276 = CARTESIAN_POINT( '', ( 3.87500000000000, -20.0999999999990, 9.64999999999980 ) );
#11277 = CARTESIAN_POINT( '', ( 3.87500000000000, -20.0999999999990, 9.65901699437480 ) );
#11278 = VECTOR( '', #13759, 1000.00000000000 );
#11279 = CARTESIAN_POINT( '', ( 5.87500000000000, -20.0999999999990, 9.64999999999980 ) );
#11280 = CARTESIAN_POINT( '', ( 4.87500000000000, -20.0999999999990, 9.64999999999980 ) );
#11281 = VECTOR( '', #13760, 1000.00000000000 );
#11282 = CARTESIAN_POINT( '', ( 5.87500000000000, -20.0999999999990, 7.49999995958870 ) );
#11283 = VECTOR( '', #13761, 1000.00000000000 );
#11284 = COLOUR_RGB( '', 0.200000002980232, 0.200000002980232, 0.200000002980232 );
#11285 = CARTESIAN_POINT( '', ( 13.2981333293570, -22.7000000000000, 46.2364521262611 ) );
#11286 = CARTESIAN_POINT( '', ( 9.02551293665120, -22.7000000000000, 51.3283628290598 ) );
#11287 = CARTESIAN_POINT( '', ( 11.1618231330040, -22.7000000000000, 48.7824074776605 ) );
#11288 = VECTOR( '', #13762, 1000.00000000000 );
#11289 = CARTESIAN_POINT( '', ( 13.2981333293570, -10.1000000025370, 46.2364521262610 ) );
#11290 = CARTESIAN_POINT( '', ( 13.2981333293570, -16.4000000000000, 46.2364521262610 ) );
#11291 = VECTOR( '', #13763, 1000.00000000000 );
#11292 = CARTESIAN_POINT( '', ( 9.02551293665100, -10.1000000246279, 51.3283628290600 ) );
#11293 = CARTESIAN_POINT( '', ( 9.02551293665100, -10.1000000246279, 51.3283628290600 ) );
#11294 = VECTOR( '', #13764, 1000.00000000000 );
#11295 = CARTESIAN_POINT( '', ( 9.02551293665100, -16.4000000000000, 51.3283628290600 ) );
#11296 = VECTOR( '', #13765, 1000.00000000000 );
#11297 = COLOUR_RGB( '', 0.200000002980232, 0.200000002980232, 0.200000002980232 );
#11298 = CARTESIAN_POINT( '', ( 1.65000066682700, -22.6999997766690, -1.50000000000000 ) );
#11299 = CARTESIAN_POINT( '', ( 6.98491949935147E-007, -22.6999997766690, -1.50000000000000 ) );
#11300 = VECTOR( '', #13766, 1000.00000000000 );
#11301 = CARTESIAN_POINT( '', ( 1.65000066682700, -22.6999997766690, -15.5000000000000 ) );
#11302 = CARTESIAN_POINT( '', ( 6.98492000350548E-007, -22.6999997766690, -15.5000000000000 ) );
#11303 = VECTOR( '', #13767, 1000.00000000000 );
#11304 = CARTESIAN_POINT( '', ( 1.65000066682700, -22.6999997766690, -8.50000000000000 ) );
#11305 = VECTOR( '', #13768, 1000.00000000000 );
#11306 = COLOUR_RGB( '', 0.200000002980232, 0.200000002980232, 0.200000002980232 );
#11307 = CARTESIAN_POINT( '', ( 6.37500000000000, -21.8999999999990, 4.81047624033303 ) );
#11308 = CARTESIAN_POINT( '', ( 6.79999999999980, -21.8999999999990, 4.81047624033300 ) );
#11309 = CARTESIAN_POINT( '', ( 4.87500005079750, -21.8999999999990, 4.81047624033300 ) );
#11310 = VECTOR( '', #13769, 1000.00000000000 );
#11311 = CARTESIAN_POINT( '', ( 6.37500000000000, -20.0999999999990, 4.87333368233261 ) );
#11312 = CARTESIAN_POINT( '', ( 6.37500000000000, -20.8500012223600, 4.84714303881365 ) );
#11313 = VECTOR( '', #13770, 1000.00000000000 );
#11314 = CARTESIAN_POINT( '', ( 3.37500000000000, -20.0999999999990, 4.87333368233262 ) );
#11315 = CARTESIAN_POINT( '', ( 4.93750000000000, -20.0999999999990, 4.87333368233263 ) );
#11316 = VECTOR( '', #13771, 1000.00000000000 );
#11317 = CARTESIAN_POINT( '', ( 3.37500000000000, -21.8999999999990, 4.81047624033303 ) );
#11318 = CARTESIAN_POINT( '', ( 3.37500000000000, -20.8500012223600, 4.84714303881365 ) );
#11319 = VECTOR( '', #13772, 1000.00000000000 );
#11320 = CARTESIAN_POINT( '', ( 3.07499999999982, -21.8999999999990, 4.81047624033300 ) );
#11321 = CARTESIAN_POINT( '', ( 4.87500005079750, -21.8999999999990, 4.81047624033300 ) );
#11322 = VECTOR( '', #13773, 1000.00000000000 );
#11323 = CARTESIAN_POINT( '', ( 3.07499999999969, -19.5000058685335, 4.89428595806523 ) );
#11324 = CARTESIAN_POINT( '', ( 3.07499999999969, -19.5000024447210, 4.89428607762750 ) );
#11325 = VECTOR( '', #13774, 1000.00000000000 );
#11326 = CARTESIAN_POINT( '', ( 6.79999999999985, -19.5000024447202, 4.89428607762752 ) );
#11327 = CARTESIAN_POINT( '', ( 4.93750000000000, -19.5000024447210, 4.89428607762750 ) );
#11328 = VECTOR( '', #13775, 1000.00000000000 );
#11329 = CARTESIAN_POINT( '', ( 6.79999999999980, -21.8999999999990, 4.81047624033300 ) );
#11330 = VECTOR( '', #13776, 1000.00000000000 );
#11331 = COLOUR_RGB( '', 0.200000002980232, 0.200000002980232, 0.200000002980232 );
#11332 = CARTESIAN_POINT( '', ( -10.0000000000000, -22.7000000000000, 29.9142135623742 ) );
#11333 = CARTESIAN_POINT( '', ( -10.2928932188138, -22.7000000000000, 29.2071067811862 ) );
#11334 = AXIS2_PLACEMENT_3D( '', #13777, #13778, #13779 );
#11335 = CARTESIAN_POINT( '', ( -10.0000000000000, -10.1000000000000, 29.9142135623730 ) );
#11336 = CARTESIAN_POINT( '', ( -10.0000000000000, -16.4000000000000, 29.9142135623730 ) );
#11337 = VECTOR( '', #13780, 1000.00000000000 );
#11338 = CARTESIAN_POINT( '', ( -10.2928932188130, -10.1000000000000, 29.2071067811871 ) );
#11339 = AXIS2_PLACEMENT_3D( '', #13781, #13782, #13783 );
#11340 = CARTESIAN_POINT( '', ( -10.2928932188130, -16.4000000000000, 29.2071067811870 ) );
#11341 = VECTOR( '', #13784, 1000.00000000000 );
#11342 = COLOUR_RGB( '', 0.200000002980232, 0.200000002980232, 0.200000002980232 );
#11343 = CARTESIAN_POINT( '', ( 2.68811998581400, -14.8859057070644, -15.5000000000000 ) );
#11344 = CARTESIAN_POINT( '', ( -2.68811958348257, -14.8859057070642, -15.5000000000000 ) );
#11345 = AXIS2_PLACEMENT_3D( '', #13785, #13786, #13787 );
#11346 = CARTESIAN_POINT( '', ( 2.68811998581405, -18.3140946077215, -15.5000000000000 ) );
#11347 = CARTESIAN_POINT( '', ( 2.68811998581400, -16.6000001573935, -15.5000000000000 ) );
#11348 = VECTOR( '', #13788, 1000.00000000000 );
#11349 = CARTESIAN_POINT( '', ( -2.68811958348260, -18.3140946077220, -15.5000000000000 ) );
#11350 = AXIS2_PLACEMENT_3D( '', #13789, #13790, #13791 );
#11351 = CARTESIAN_POINT( '', ( -2.68811958348260, -16.6000001573935, -15.5000000000000 ) );
#11352 = VECTOR( '', #13792, 1000.00000000000 );
#11353 = CARTESIAN_POINT( '', ( 1.40000020116608, -16.6000001573931, -15.5000000000000 ) );
#11354 = AXIS2_PLACEMENT_3D( '', #13793, #13794, #13795 );
#11355 = COLOUR_RGB( '', 0.200000002980232, 0.200000002980232, 0.200000002980232 );
#11356 = CARTESIAN_POINT( '', ( -3.87500000000000, -20.0999999999990, 10.2000000000000 ) );
#11357 = CARTESIAN_POINT( '', ( -5.87500000000034, -20.0999999999990, 10.2000000000000 ) );
#11358 = CARTESIAN_POINT( '', ( -4.87500000000025, -20.0999999999990, 10.2000000000000 ) );
#11359 = VECTOR( '', #13796, 1000.00000000000 );
#11360 = CARTESIAN_POINT( '', ( -5.87500000000000, -20.0999999999990, 9.64999999999980 ) );
#11361 = CARTESIAN_POINT( '', ( -5.87500000000000, -20.0999999999990, 7.49999995958870 ) );
#11362 = VECTOR( '', #13797, 1000.00000000000 );
#11363 = CARTESIAN_POINT( '', ( -3.87500000000000, -20.0999999999990, 9.64999999999980 ) );
#11364 = CARTESIAN_POINT( '', ( -4.87500000000000, -20.0999999999990, 9.64999999999980 ) );
#11365 = VECTOR( '', #13798, 1000.00000000000 );
#11366 = CARTESIAN_POINT( '', ( -3.87500000000000, -20.0999999999990, 9.65901699437480 ) );
#11367 = VECTOR( '', #13799, 1000.00000000000 );
#11368 = COLOUR_RGB( '', 0.200000002980232, 0.200000002980232, 0.200000002980232 );
#11369 = CARTESIAN_POINT( '', ( -13.7189233604773, -22.7000000000000, 38.4472292021346 ) );
#11370 = CARTESIAN_POINT( '', ( -11.9063077868260, -22.7000000000000, 34.5600625652775 ) );
#11371 = VECTOR( '', #13800, 1000.00000000000 );
#11372 = CARTESIAN_POINT( '', ( -13.7189233604773, -10.1000000000000, 38.4472292021346 ) );
#11373 = CARTESIAN_POINT( '', ( -13.7189233604780, -16.4000000000000, 38.4472292021360 ) );
#11374 = VECTOR( '', #13801, 1000.00000000000 );
#11375 = CARTESIAN_POINT( '', ( -10.0936922131740, -10.1000000000000, 30.6728959284190 ) );
#11376 = VECTOR( '', #13802, 1000.00000000000 );
#11377 = COLOUR_RGB( '', 0.200000002980232, 0.200000002980232, 0.200000002980232 );
#11378 = CARTESIAN_POINT( '', ( -10.0936922131744, -22.7000000000000, 30.6728959284199 ) );
#11379 = CARTESIAN_POINT( '', ( -13.7189233604773, -22.7000000000000, 38.4472292021346 ) );
#11380 = CARTESIAN_POINT( '', ( -11.9063077868260, -22.7000000000000, 34.5600625652775 ) );
#11381 = VECTOR( '', #13803, 1000.00000000000 );
#11382 = CARTESIAN_POINT( '', ( -13.7189233604773, -10.0999999762751, 38.4472292021346 ) );
#11383 = CARTESIAN_POINT( '', ( -13.7189233604780, -16.4000000000000, 38.4472292021360 ) );
#11384 = VECTOR( '', #13804, 1000.00000000000 );
#11385 = CARTESIAN_POINT( '', ( -10.0936922131743, -10.0999999453014, 30.6728959284197 ) );
#11386 = CARTESIAN_POINT( '', ( -10.0936922131740, -10.0999999453013, 30.6728959284190 ) );
#11387 = VECTOR( '', #13805, 1000.00000000000 );
#11388 = CARTESIAN_POINT( '', ( -10.0936922131740, -16.4000000000000, 30.6728959284190 ) );
#11389 = VECTOR( '', #13806, 1000.00000000000 );
#11390 = COLOUR_RGB( '', 0.200000002980232, 0.200000002980232, 0.200000002980232 );
#11391 = CARTESIAN_POINT( '', ( -3.07500000000022, -22.1999999999995, 2.79999999999987 ) );
#11392 = CARTESIAN_POINT( '', ( -3.07499999999976, -19.5000024447210, 2.42053974630330 ) );
#11393 = CARTESIAN_POINT( '', ( -3.07499999999984, -19.5000024447210, 2.42053974630330 ) );
#11394 = VECTOR( '', #13807, 1000.00000000000 );
#11395 = CARTESIAN_POINT( '', ( -3.07499999999976, -22.2000000000000, 4.79999999999980 ) );
#11396 = CARTESIAN_POINT( '', ( -3.07499999999984, -22.2000000000000, 3.65741294221925 ) );
#11397 = VECTOR( '', #13808, 1000.00000000000 );
#11398 = CARTESIAN_POINT( '', ( -3.07499999999980, -21.8999999999990, 4.79999999999980 ) );
#11399 = CARTESIAN_POINT( '', ( -3.07499999999950, -16.3840359555891, 4.79999999999980 ) );
#11400 = VECTOR( '', #13809, 1000.00000000000 );
#11401 = CARTESIAN_POINT( '', ( -3.07499999999982, -21.8999999999990, 4.81047624033303 ) );
#11402 = CARTESIAN_POINT( '', ( -3.07499999999980, -21.8999999999990, 7.74999982594430 ) );
#11403 = VECTOR( '', #13810, 1000.00000000000 );
#11404 = CARTESIAN_POINT( '', ( -3.07499999999989, -19.5000024447200, 4.89428607762752 ) );
#11405 = CARTESIAN_POINT( '', ( -3.07499999999985, -22.1999999999990, 4.79999999999980 ) );
#11406 = VECTOR( '', #13811, 1000.00000000000 );
#11407 = CARTESIAN_POINT( '', ( -3.07499999999910, -10.0999999624559, 4.89428573602102 ) );
#11408 = CARTESIAN_POINT( '', ( -3.07499999999950, -14.5544932134315, 4.89428589790225 ) );
#11409 = VECTOR( '', #13812, 1000.00000000000 );
#11410 = CARTESIAN_POINT( '', ( -3.07499999999908, -10.0999999601463, 2.42053949009849 ) );
#11411 = CARTESIAN_POINT( '', ( -3.07499999999910, -10.0999999002838, 18.4049999117850 ) );
#11412 = VECTOR( '', #13813, 1000.00000000000 );
#11413 = CARTESIAN_POINT( '', ( -3.07499999999950, -16.3840359555891, 2.42053974630330 ) );
#11414 = VECTOR( '', #13814, 1000.00000000000 );
#11415 = COLOUR_RGB( '', 0.200000002980232, 0.200000002980232, 0.200000002980232 );
#11416 = CARTESIAN_POINT( '', ( -6.37500000000000, -21.8999999999990, 4.81047624033303 ) );
#11417 = CARTESIAN_POINT( '', ( -6.79999999999970, -21.8999999999990, 4.81047624033303 ) );
#11418 = CARTESIAN_POINT( '', ( -4.87500005079740, -21.8999999999990, 4.81047624033300 ) );
#11419 = VECTOR( '', #13815, 1000.00000000000 );
#11420 = CARTESIAN_POINT( '', ( -6.79999999999970, -19.5000024447202, 4.89428607762752 ) );
#11421 = CARTESIAN_POINT( '', ( -6.79999999999970, -22.1999999999990, 4.79999999999980 ) );
#11422 = VECTOR( '', #13816, 1000.00000000000 );
#11423 = CARTESIAN_POINT( '', ( -4.93750000000000, -19.5000024447210, 4.89428607762750 ) );
#11424 = VECTOR( '', #13817, 1000.00000000000 );
#11425 = CARTESIAN_POINT( '', ( -3.37500000000000, -21.8999999999990, 4.81047624033303 ) );
#11426 = CARTESIAN_POINT( '', ( -4.87500005079740, -21.8999999999990, 4.81047624033300 ) );
#11427 = VECTOR( '', #13818, 1000.00000000000 );
#11428 = CARTESIAN_POINT( '', ( -3.37500000000000, -20.8500012223600, 4.84714303881365 ) );
#11429 = VECTOR( '', #13819, 1000.00000000000 );
#11430 = CARTESIAN_POINT( '', ( -6.37500000000000, -20.8500012223600, 4.84714303881365 ) );
#11431 = VECTOR( '', #13820, 1000.00000000000 );
#11432 = COLOUR_RGB( '', 0.200000002980232, 0.200000002980232, 0.200000002980232 );
#11433 = CARTESIAN_POINT( '', ( 10.0000000000000, -22.7000000000000, 30.2502776662259 ) );
#11434 = CARTESIAN_POINT( '', ( 10.0936922131744, -22.7000000000000, 30.6728959284199 ) );
#11435 = AXIS2_PLACEMENT_3D( '', #13821, #13822, #13823 );
#11436 = CARTESIAN_POINT( '', ( 10.0000000000000, -10.0999999730080, 30.2502776662260 ) );
#11437 = CARTESIAN_POINT( '', ( 10.0000000000000, -16.4000000000000, 30.2502776662260 ) );
#11438 = VECTOR( '', #13824, 1000.00000000000 );
#11439 = CARTESIAN_POINT( '', ( 10.0936922131743, -10.0999999468105, 30.6728959284197 ) );
#11440 = AXIS2_PLACEMENT_3D( '', #13825, #13826, #13827 );
#11441 = CARTESIAN_POINT( '', ( 10.0936922131740, -16.4000000000000, 30.6728959284190 ) );
#11442 = VECTOR( '', #13828, 1000.00000000000 );
#11443 = COLOUR_RGB( '', 0.200000002980232, 0.200000002980232, 0.200000002980232 );
#11444 = CARTESIAN_POINT( '', ( 6.50000066682700, -17.1360609997720, -1.71597505505516E-015 ) );
#11445 = CARTESIAN_POINT( '', ( 5.20000066682700, -17.1360609997720, -1.81124649199227E-015 ) );
#11446 = CARTESIAN_POINT( '', ( 5.85000066682700, -17.1360609997720, -1.69069500000000E-015 ) );
#11447 = VECTOR( '', #13829, 1000.00000000000 );
#11448 = CARTESIAN_POINT( '', ( 6.50000066682700, -17.1360609997720, -17.0000000000000 ) );
#11449 = CARTESIAN_POINT( '', ( 6.50000066682700, -17.1360609997720, -8.50000000000000 ) );
#11450 = VECTOR( '', #13830, 1000.00000000000 );
#11451 = CARTESIAN_POINT( '', ( 5.20000066682700, -17.1360609997720, -17.0000000000000 ) );
#11452 = CARTESIAN_POINT( '', ( 5.85000066682700, -17.1360609997720, -17.0000000000000 ) );
#11453 = VECTOR( '', #13831, 1000.00000000000 );
#11454 = CARTESIAN_POINT( '', ( 5.20000066682700, -17.1360609997720, -8.50000000000000 ) );
#11455 = VECTOR( '', #13832, 1000.00000000000 );
#11456 = COLOUR_RGB( '', 0.600000023841858, 0.466666668653488, 0.000000000000000 );
#11457 = CARTESIAN_POINT( '', ( 1.25000066682674, -16.5999997766690, -1.50000000000000 ) );
#11458 = AXIS2_PLACEMENT_3D( '', #13833, #13834, #13835 );
#11459 = CARTESIAN_POINT( '', ( 1.25000066682674, -16.5999997766690, -11.7500000000000 ) );
#11460 = AXIS2_PLACEMENT_3D( '', #13836, #13837, #13838 );
#11461 = COLOUR_RGB( '', 0.200000002980232, 0.200000002980232, 0.200000002980232 );
#11462 = CARTESIAN_POINT( '', ( 3.87500000000000, -19.4999999999990, 9.64999999999980 ) );
#11463 = CARTESIAN_POINT( '', ( 4.87500003003520, -19.4999999999990, 9.64999999999980 ) );
#11464 = VECTOR( '', #13839, 1000.00000000000 );
#11465 = CARTESIAN_POINT( '', ( 3.87500000000000, -20.0999999999990, 9.64999999999980 ) );
#11466 = CARTESIAN_POINT( '', ( 4.87500000000000, -20.0999999999990, 9.64999999999980 ) );
#11467 = VECTOR( '', #13840, 1000.00000000000 );
#11468 = CARTESIAN_POINT( '', ( 3.87500000000000, -20.6999999999990, 9.64999999999980 ) );
#11469 = VECTOR( '', #13841, 1000.00000000000 );
#11470 = COLOUR_RGB( '', 0.200000002980232, 0.200000002980232, 0.200000002980232 );
#11471 = CARTESIAN_POINT( '', ( -8.99999979883430, -13.4000001573940, -4.33680868994202E-015 ) );
#11472 = CARTESIAN_POINT( '', ( -8.99999979883430, -16.4000000000000, -5.66839223253988E-015 ) );
#11473 = VECTOR( '', #13842, 1000.00000000000 );
#11474 = CARTESIAN_POINT( '', ( -8.99999979883430, -13.4000001573940, -15.5000000000000 ) );
#11475 = CARTESIAN_POINT( '', ( -8.99999979883430, -13.4000001573940, -8.50000000000000 ) );
#11476 = VECTOR( '', #13843, 1000.00000000000 );
#11477 = CARTESIAN_POINT( '', ( -8.99999979883430, -12.2500001573940, -15.5000000000000 ) );
#11478 = VECTOR( '', #13844, 1000.00000000000 );
#11479 = COLOUR_RGB( '', 0.200000002980232, 0.200000002980232, 0.200000002980232 );
#11480 = CARTESIAN_POINT( '', ( 0.900000201165700, -11.1000001573940, -14.0000000000000 ) );
#11481 = CARTESIAN_POINT( '', ( 0.900000201165684, -13.0626989262292, -14.0000000000000 ) );
#11482 = CARTESIAN_POINT( '', ( 0.900000201165700, -12.0813495418115, -14.0000000000000 ) );
#11483 = VECTOR( '', #13845, 1000.00000000000 );
#11484 = CARTESIAN_POINT( '', ( 2.40000020116570, -11.1000001573940, -14.0000000000000 ) );
#11485 = CARTESIAN_POINT( '', ( 1.65000020116570, -11.1000001573940, -14.0000000000000 ) );
#11486 = VECTOR( '', #13846, 1000.00000000000 );
#11487 = CARTESIAN_POINT( '', ( 2.40000020116543, -13.8500001573938, -14.0000000000000 ) );
#11488 = CARTESIAN_POINT( '', ( 2.40000020116570, -12.4750001573935, -14.0000000000000 ) );
#11489 = VECTOR( '', #13847, 1000.00000000000 );
#11490 = AXIS2_PLACEMENT_3D( '', #13848, #13849, #13850 );
#11491 = COLOUR_RGB( '', 0.200000002980232, 0.200000002980232, 0.200000002980232 );
#11492 = CARTESIAN_POINT( '', ( -0.799999333172960, -10.8999997766690, -1.50000000000000 ) );
#11493 = CARTESIAN_POINT( '', ( -0.799999333172958, -12.9363267563247, -1.50000000000016 ) );
#11494 = CARTESIAN_POINT( '', ( -0.799999333172960, -11.9181632664965, -1.50000000000000 ) );
#11495 = VECTOR( '', #13851, 1000.00000000000 );
#11496 = CARTESIAN_POINT( '', ( -0.799999333172960, -10.8999997766690, -8.50000000000000 ) );
#11497 = VECTOR( '', #13852, 1000.00000000000 );
#11498 = CARTESIAN_POINT( '', ( -0.799999333172950, -12.9363267563240, -8.50000000000000 ) );
#11499 = VECTOR( '', #13853, 1000.00000000000 );
#11500 = COLOUR_RGB( '', 0.200000002980232, 0.200000002980232, 0.200000002980232 );
#11501 = CARTESIAN_POINT( '', ( 5.87499999999974, -19.4999999999992, 9.11803398874996 ) );
#11502 = AXIS2_PLACEMENT_3D( '', #13854, #13855, #13856 );
#11503 = CARTESIAN_POINT( '', ( 6.37500000000000, -20.0999999999990, 7.99999999999955 ) );
#11504 = AXIS2_PLACEMENT_3D( '', #13857, #13858, #13859 );
#11505 = CARTESIAN_POINT( '', ( 6.37500000000000, -20.9999999999990, 7.99999999999980 ) );
#11506 = VECTOR( '', #13860, 1000.00000000000 );
#11507 = CARTESIAN_POINT( '', ( 5.87499999999949, -20.6999999999990, 9.11803398875008 ) );
#11508 = VECTOR( '', #13861, 1000.00000000000 );
#11509 = COLOUR_RGB( '', 0.200000002980232, 0.200000002980232, 0.200000002980232 );
#11510 = CARTESIAN_POINT( '', ( -7.30000000000050, -22.6999999999995, 2.79999999999980 ) );
#11511 = CARTESIAN_POINT( '', ( -7.30000000000000, -22.6999999999990, 2.79999999999980 ) );
#11512 = VECTOR( '', #13862, 1000.00000000000 );
#11513 = CARTESIAN_POINT( '', ( -6.79999999999970, -22.1999999999987, 4.79999999999980 ) );
#11514 = CARTESIAN_POINT( '', ( -6.79999999999970, -22.1999999999990, 3.65741294221925 ) );
#11515 = VECTOR( '', #13863, 1000.00000000000 );
#11516 = CARTESIAN_POINT( '', ( -6.87500000000000, -22.2749999999988, 4.79999999999980 ) );
#11517 = CARTESIAN_POINT( '', ( -7.30000000000000, -22.6999999999990, 4.79999999999980 ) );
#11518 = VECTOR( '', #13864, 1000.00000000000 );
#11519 = CARTESIAN_POINT( '', ( -7.30000000000000, -22.7000000000000, 4.79999999999980 ) );
#11520 = CARTESIAN_POINT( '', ( -7.04999999999960, -22.4499999999985, 4.79999999999980 ) );
#11521 = VECTOR( '', #13865, 1000.00000000000 );
#11522 = CARTESIAN_POINT( '', ( -7.30000000000000, -22.6999999999990, 3.79999999999980 ) );
#11523 = VECTOR( '', #13866, 1000.00000000000 );
#11524 = COLOUR_RGB( '', 0.200000002980232, 0.200000002980232, 0.200000002980232 );
#11525 = CARTESIAN_POINT( '', ( 0.850000666826990, -19.8999997766690, -15.5000000000000 ) );
#11526 = CARTESIAN_POINT( '', ( 0.850000666826990, -21.8999997766690, -15.5000000000000 ) );
#11527 = CARTESIAN_POINT( '', ( 0.850000666826990, -16.4000000000000, -15.5000000000000 ) );
#11528 = VECTOR( '', #13867, 1000.00000000000 );
#11529 = CARTESIAN_POINT( '', ( 0.850000666826990, -21.8999997766690, -2.30000000000000 ) );
#11530 = CARTESIAN_POINT( '', ( 0.850000666826990, -21.8999997766690, -8.50000000000000 ) );
#11531 = VECTOR( '', #13868, 1000.00000000000 );
#11532 = CARTESIAN_POINT( '', ( 0.850000666826990, -19.8999997766690, -2.30000000000000 ) );
#11533 = CARTESIAN_POINT( '', ( 0.850000666826990, -20.8999997766690, -2.30000000000000 ) );
#11534 = VECTOR( '', #13869, 1000.00000000000 );
#11535 = CARTESIAN_POINT( '', ( 0.850000666826990, -19.8999997766690, -8.50000000000000 ) );
#11536 = VECTOR( '', #13870, 1000.00000000000 );
#11537 = COLOUR_RGB( '', 0.200000002980232, 0.200000002980232, 0.200000002980232 );
#11538 = CARTESIAN_POINT( '', ( -5.87500000000000, -19.4999999999988, 6.88196601124920 ) );
#11539 = CARTESIAN_POINT( '', ( -5.87500000000000, -19.4999999999990, 6.34999999999980 ) );
#11540 = CARTESIAN_POINT( '', ( -5.87500000000000, -19.4999999999990, 6.61598300562485 ) );
#11541 = VECTOR( '', #13871, 1000.00000000000 );
#11542 = CARTESIAN_POINT( '', ( -5.87500000000000, -20.6999999999990, 6.88196601124993 ) );
#11543 = VECTOR( '', #13872, 1000.00000000000 );
#11544 = CARTESIAN_POINT( '', ( -5.87500000000000, -19.7999999999990, 6.34999999999980 ) );
#11545 = VECTOR( '', #13873, 1000.00000000000 );
#11546 = COLOUR_RGB( '', 0.200000002980232, 0.200000002980232, 0.200000002980232 );
#11547 = CARTESIAN_POINT( '', ( 4.55000066682701, -16.1194418683650, -1.50000000000000 ) );
#11548 = CARTESIAN_POINT( '', ( 6.98492000350548E-007, -16.1194418683650, -1.50000000000000 ) );
#11549 = VECTOR( '', #13874, 1000.00000000000 );
#11550 = CARTESIAN_POINT( '', ( 4.55000066682707, -16.1194418683650, -8.50000000000000 ) );
#11551 = VECTOR( '', #13875, 1000.00000000000 );
#11552 = COLOUR_RGB( '', 0.200000002980232, 0.200000002980232, 0.200000002980232 );
#11553 = CARTESIAN_POINT( '', ( -8.34999979883395, -16.6000001573931, -6.93889390390723E-015 ) );
#11554 = AXIS2_PLACEMENT_3D( '', #13876, #13877, #13878 );
#11555 = COLOUR_RGB( '', 0.200000002980232, 0.200000002980232, 0.200000002980232 );
#11556 = CARTESIAN_POINT( '', ( -3.14999979883402, -18.4439090488533, -5.49556428819216E-015 ) );
#11557 = CARTESIAN_POINT( '', ( -0.749999798834321, -20.1721143772924, -3.83827275679752E-015 ) );
#11558 = AXIS2_PLACEMENT_3D( '', #13879, #13880, #13881 );
#11559 = CARTESIAN_POINT( '', ( -3.14999979883436, -18.4439090488532, -14.6999999999995 ) );
#11560 = CARTESIAN_POINT( '', ( -3.14999979883375, -18.4439090488527, -8.50000000000000 ) );
#11561 = VECTOR( '', #13882, 1000.00000000000 );
#11562 = AXIS2_PLACEMENT_3D( '', #13883, #13884, #13885 );
#11563 = CARTESIAN_POINT( '', ( 0.750000201165731, -20.1721143772923, -3.87311519500530E-015 ) );
#11564 = AXIS2_PLACEMENT_3D( '', #13886, #13887, #13888 );
#11565 = CARTESIAN_POINT( '', ( 0.750000201165732, -20.1721143772923, -14.0000000000000 ) );
#11566 = CARTESIAN_POINT( '', ( 0.750000201165763, -20.1721143772923, -8.50000000000000 ) );
#11567 = VECTOR( '', #13889, 1000.00000000000 );
#11568 = CARTESIAN_POINT( '', ( -0.749999798834320, -20.1721143772924, -14.0000000000000 ) );
#11569 = AXIS2_PLACEMENT_3D( '', #13890, #13891, #13892 );
#11570 = CARTESIAN_POINT( '', ( -0.749999798834340, -20.1721143772922, -8.50000000000000 ) );
#11571 = VECTOR( '', #13893, 1000.00000000000 );
#11572 = COLOUR_RGB( '', 0.200000002980232, 0.200000002980232, 0.200000002980232 );
#11573 = CARTESIAN_POINT( '', ( -9.02551293665126, -22.7000000000000, 51.3283628290597 ) );
#11574 = CARTESIAN_POINT( '', ( -6.72737960729377, -22.7000000000000, 52.4000000000000 ) );
#11575 = AXIS2_PLACEMENT_3D( '', #13894, #13895, #13896 );
#11576 = CARTESIAN_POINT( '', ( -6.72737960729345, -10.1000000000000, 52.4000000000000 ) );
#11577 = CARTESIAN_POINT( '', ( -6.72737960729400, -16.4000000000000, 52.4000000000000 ) );
#11578 = VECTOR( '', #13897, 1000.00000000000 );
#11579 = CARTESIAN_POINT( '', ( -9.02551293665146, -10.1000000000000, 51.3283628290595 ) );
#11580 = AXIS2_PLACEMENT_3D( '', #13898, #13899, #13900 );
#11581 = CARTESIAN_POINT( '', ( -9.02551293665100, -16.4000000000000, 51.3283628290600 ) );
#11582 = VECTOR( '', #13901, 1000.00000000000 );
#11583 = COLOUR_RGB( '', 0.200000002980232, 0.200000002980232, 0.200000002980232 );
#11584 = CARTESIAN_POINT( '', ( -6.37500000000000, -21.8999999999984, 9.32287565553373 ) );
#11585 = CARTESIAN_POINT( '', ( -6.87500000000000, -21.8999999999990, 8.00000000000020 ) );
#11586 = AXIS2_PLACEMENT_3D( '', #13902, #13903, #13904 );
#11587 = CARTESIAN_POINT( '', ( -6.37500000000000, -22.6999999999994, 9.32287565553232 ) );
#11588 = CARTESIAN_POINT( '', ( -6.37500000000000, -22.2999999999990, 9.32287565553260 ) );
#11589 = VECTOR( '', #13905, 1000.00000000000 );
#11590 = CARTESIAN_POINT( '', ( -6.87500000000000, -22.7000000000000, 7.99999999999984 ) );
#11591 = AXIS2_PLACEMENT_3D( '', #13906, #13907, #13908 );
#11592 = CARTESIAN_POINT( '', ( -6.87500000000000, -22.2999999999990, 7.99999999999980 ) );
#11593 = VECTOR( '', #13909, 1000.00000000000 );
#11594 = COLOUR_RGB( '', 0.200000002980232, 0.200000002980232, 0.200000002980232 );
#11595 = CARTESIAN_POINT( '', ( -2.49999933317310, -13.8049148048115, -1.50000000000150 ) );
#11596 = CARTESIAN_POINT( '', ( -2.49999933317310, -10.8999997766690, -1.50000000000000 ) );
#11597 = CARTESIAN_POINT( '', ( -2.49999933317310, -12.3524572907315, -1.50000000000000 ) );
#11598 = VECTOR( '', #13910, 1000.00000000000 );
#11599 = CARTESIAN_POINT( '', ( -2.49999933317310, -13.8049148047940, -8.50000000000000 ) );
#11600 = VECTOR( '', #13911, 1000.00000000000 );
#11601 = CARTESIAN_POINT( '', ( -2.49999933317310, -10.8999997766690, -8.50000000000000 ) );
#11602 = VECTOR( '', #13912, 1000.00000000000 );
#11603 = COLOUR_RGB( '', 0.200000002980232, 0.200000002980232, 0.200000002980232 );
#11604 = CARTESIAN_POINT( '', ( 3.87500000000000, -21.8999999999990, 10.2000000000000 ) );
#11605 = CARTESIAN_POINT( '', ( 3.87500000000000, -20.0999999999990, 10.2000000000000 ) );
#11606 = CARTESIAN_POINT( '', ( 3.87500000000000, -20.9999999999990, 10.2000000000000 ) );
#11607 = VECTOR( '', #13913, 1000.00000000000 );
#11608 = CARTESIAN_POINT( '', ( 3.87500000000000, -21.8999999999991, 9.11803398874962 ) );
#11609 = CARTESIAN_POINT( '', ( 3.87500000000000, -21.8999999999990, 9.65901699437480 ) );
#11610 = VECTOR( '', #13914, 1000.00000000000 );
#11611 = CARTESIAN_POINT( '', ( 3.87500000000000, -19.4999999999988, 9.11803398874925 ) );
#11612 = CARTESIAN_POINT( '', ( 3.87500000000005, -20.6999999999991, 9.11803398874965 ) );
#11613 = VECTOR( '', #13915, 1000.00000000000 );
#11614 = CARTESIAN_POINT( '', ( 3.87500000000000, -19.4999999999990, 7.99999994287025 ) );
#11615 = VECTOR( '', #13916, 1000.00000000000 );
#11616 = CARTESIAN_POINT( '', ( 3.87500000000000, -20.0999999999990, 9.65901699437480 ) );
#11617 = VECTOR( '', #13917, 1000.00000000000 );
#11618 = COLOUR_RGB( '', 0.200000002980232, 0.200000002980232, 0.200000002980232 );
#11619 = CARTESIAN_POINT( '', ( 14.1000000000000, -10.0999998145593, -5.50143524904393E-015 ) );
#11620 = CARTESIAN_POINT( '', ( 14.1000001832824, -15.2658322831745, -2.29056843165532E-016 ) );
#11621 = CARTESIAN_POINT( '', ( 14.1000000000000, -16.4000000000000, -2.44327253521127E-017 ) );
#11622 = VECTOR( '', #13918, 1000.00000000000 );
#11623 = CARTESIAN_POINT( '', ( 11.4000006668270, -12.3597167672460, -4.25727735351301E-016 ) );
#11624 = AXIS2_PLACEMENT_3D( '', #13919, #13920, #13921 );
#11625 = CARTESIAN_POINT( '', ( 11.4000006668270, -10.0999998190645, -4.15924764394589E-015 ) );
#11626 = CARTESIAN_POINT( '', ( 11.4000006668270, -11.2298582719575, -3.34678600000000E-016 ) );
#11627 = VECTOR( '', #13922, 1000.00000000000 );
#11628 = CARTESIAN_POINT( '', ( 0.000000000000000, -10.0999998318951, -8.67361737988404E-015 ) );
#11629 = VECTOR( '', #13923, 1000.00000000000 );
#11630 = COLOUR_RGB( '', 0.200000002980232, 0.200000002980232, 0.200000002980232 );
#11631 = CARTESIAN_POINT( '', ( 3.80000020116570, -17.1000001573940, -4.33680900000000E-015 ) );
#11632 = VECTOR( '', #13924, 1000.00000000000 );
#11633 = CARTESIAN_POINT( '', ( 3.80000020116570, -17.1000001573940, -14.0000000000000 ) );
#11634 = VECTOR( '', #13925, 1000.00000000000 );
#11635 = COLOUR_RGB( '', 0.200000002980232, 0.200000002980232, 0.200000002980232 );
#11636 = CARTESIAN_POINT( '', ( -6.37500000000000, -21.8999999999984, 9.32287565553373 ) );
#11637 = CARTESIAN_POINT( '', ( -6.87500000000000, -21.8999999999990, 8.00000000000020 ) );
#11638 = AXIS2_PLACEMENT_3D( '', #13926, #13927, #13928 );
#11639 = CARTESIAN_POINT( '', ( -6.37500000000000, -22.6999999999994, 9.32287565553232 ) );
#11640 = CARTESIAN_POINT( '', ( -6.37500000000000, -22.2999999999990, 9.32287565553260 ) );
#11641 = VECTOR( '', #13929, 1000.00000000000 );
#11642 = CARTESIAN_POINT( '', ( -6.87500000000000, -22.7000000000000, 7.99999999999984 ) );
#11643 = AXIS2_PLACEMENT_3D( '', #13930, #13931, #13932 );
#11644 = CARTESIAN_POINT( '', ( -6.87500000000000, -22.2999999999990, 7.99999999999980 ) );
#11645 = VECTOR( '', #13933, 1000.00000000000 );
#11646 = COLOUR_RGB( '', 0.200000002980232, 0.200000002980232, 0.200000002980232 );
#11647 = CARTESIAN_POINT( '', ( 14.0999999487848, -10.0999999237280, 24.1573593128808 ) );
#11648 = CARTESIAN_POINT( '', ( 14.1000000000000, -10.0999999022439, 18.4049999117850 ) );
#11649 = VECTOR( '', #13934, 1000.00000000000 );
#11650 = CARTESIAN_POINT( '', ( 14.0999999099402, -22.7000000000000, 24.1573593416873 ) );
#11651 = CARTESIAN_POINT( '', ( 14.0999999037549, -16.4000000000000, 24.1573593128810 ) );
#11652 = VECTOR( '', #13935, 1000.00000000000 );
#11653 = CARTESIAN_POINT( '', ( 14.1000003738636, -22.7000000000000, -1.44560289664734E-016 ) );
#11654 = CARTESIAN_POINT( '', ( 14.1000003051378, -22.7000000000000, 3.57867965644050 ) );
#11655 = VECTOR( '', #13936, 1000.00000000000 );
#11656 = CARTESIAN_POINT( '', ( 14.1000005180058, -17.9341666683080, -2.44326059809696E-017 ) );
#11657 = CARTESIAN_POINT( '', ( 14.1000003676783, -16.4000000000000, 3.46944695195362E-015 ) );
#11658 = VECTOR( '', #13937, 1000.00000000000 );
#11659 = CARTESIAN_POINT( '', ( 14.1000006812417, -17.9341661830821, -17.0000000000000 ) );
#11660 = CARTESIAN_POINT( '', ( 14.1000003004587, -17.9341661830820, 3.57867965644050 ) );
#11661 = VECTOR( '', #13938, 1000.00000000000 );
#11662 = CARTESIAN_POINT( '', ( 14.1000006799318, -15.2658333702559, -17.0000000000000 ) );
#11663 = CARTESIAN_POINT( '', ( 14.1000006668270, -16.4000000000000, -17.0000000000000 ) );
#11664 = VECTOR( '', #13939, 1000.00000000000 );
#11665 = CARTESIAN_POINT( '', ( 14.1000002978390, -15.2658333702560, 3.57867965644050 ) );
#11666 = VECTOR( '', #13940, 1000.00000000000 );
#11667 = COLOUR_RGB( '', 0.200000002980232, 0.200000002980232, 0.200000002980232 );
#11668 = CARTESIAN_POINT( '', ( 5.37507209598205, -17.8499997766690, -17.0000000000000 ) );
#11669 = AXIS2_PLACEMENT_3D( '', #13941, #13942, #13943 );
#11670 = CARTESIAN_POINT( '', ( 5.37507209598205, -17.8499997766690, -2.48907499762640E-015 ) );
#11671 = AXIS2_PLACEMENT_3D( '', #13944, #13945, #13946 );
#11672 = CARTESIAN_POINT( '', ( 5.37507209598150, -17.8499997766690, -8.50000000000000 ) );
#11673 = VECTOR( '', #13947, 1000.00000000000 );
#11674 = COLOUR_RGB( '', 0.200000002980232, 0.200000002980232, 0.200000002980232 );
#11675 = CARTESIAN_POINT( '', ( -5.87500000000050, -21.8999999999990, 10.2000000000000 ) );
#11676 = CARTESIAN_POINT( '', ( -5.87500000000034, -20.0999999999990, 10.2000000000000 ) );
#11677 = CARTESIAN_POINT( '', ( -5.87500000000051, -20.6999999999990, 10.2000000000000 ) );
#11678 = VECTOR( '', #13948, 1000.00000000000 );
#11679 = CARTESIAN_POINT( '', ( -5.87500000000000, -21.8999999999992, 9.11803398874964 ) );
#11680 = CARTESIAN_POINT( '', ( -5.87500000000050, -21.8999999999990, 7.74999982594430 ) );
#11681 = VECTOR( '', #13949, 1000.00000000000 );
#11682 = CARTESIAN_POINT( '', ( -5.87499999999973, -19.4999999999986, 9.11803398874995 ) );
#11683 = CARTESIAN_POINT( '', ( -5.87499999999947, -20.6999999999990, 9.11803398875006 ) );
#11684 = VECTOR( '', #13950, 1000.00000000000 );
#11685 = CARTESIAN_POINT( '', ( -5.87500000000000, -19.4999999999990, 9.64999999999980 ) );
#11686 = CARTESIAN_POINT( '', ( -5.87500000000000, -19.4999999999990, 7.99999994287025 ) );
#11687 = VECTOR( '', #13951, 1000.00000000000 );
#11688 = CARTESIAN_POINT( '', ( -5.87500000000000, -20.0999999999990, 9.64999999999980 ) );
#11689 = CARTESIAN_POINT( '', ( -5.87500000000000, -20.6999999999990, 9.64999999999980 ) );
#11690 = VECTOR( '', #13952, 1000.00000000000 );
#11691 = CARTESIAN_POINT( '', ( -5.87500000000000, -20.0999999999990, 7.49999995958870 ) );
#11692 = VECTOR( '', #13953, 1000.00000000000 );
#11693 = COLOUR_RGB( '', 0.200000002980232, 0.200000002980232, 0.200000002980232 );
#11694 = CARTESIAN_POINT( '', ( -0.849999333173004, -21.8999997766690, -15.5000000000000 ) );
#11695 = CARTESIAN_POINT( '', ( -0.849999333173010, -19.8999997766690, -15.5000000000000 ) );
#11696 = CARTESIAN_POINT( '', ( -0.849999333173010, -16.4000000000000, -15.5000000000000 ) );
#11697 = VECTOR( '', #13954, 1000.00000000000 );
#11698 = CARTESIAN_POINT( '', ( -0.849999333173010, -19.8999997766690, -2.30000000000000 ) );
#11699 = CARTESIAN_POINT( '', ( -0.849999333173010, -19.8999997766690, -8.50000000000000 ) );
#11700 = VECTOR( '', #13955, 1000.00000000000 );
#11701 = CARTESIAN_POINT( '', ( -0.849999333173009, -21.8999997766690, -2.30000000000000 ) );
#11702 = CARTESIAN_POINT( '', ( -0.849999333173010, -20.8999997766690, -2.30000000000000 ) );
#11703 = VECTOR( '', #13956, 1000.00000000000 );
#11704 = CARTESIAN_POINT( '', ( -0.849999333173005, -21.8999997766690, -8.50000000000000 ) );
#11705 = VECTOR( '', #13957, 1000.00000000000 );
#11706 = COLOUR_RGB( '', 0.200000002980232, 0.200000002980232, 0.200000002980232 );
#11707 = CARTESIAN_POINT( '', ( 4.37492923767271, -17.8499997766690, -3.49671338208824E-015 ) );
#11708 = CARTESIAN_POINT( '', ( 4.37492923767267, -17.8499997766690, -15.5000000000000 ) );
#11709 = CARTESIAN_POINT( '', ( 4.37492923767250, -17.8499997766690, -8.50000000000000 ) );
#11710 = VECTOR( '', #13958, 1000.00000000000 );
#11711 = CARTESIAN_POINT( '', ( 4.55000066682703, -17.8499997766690, -15.5000000000000 ) );
#11712 = CARTESIAN_POINT( '', ( 6.98492000350548E-007, -17.8499997766690, -15.5000000000000 ) );
#11713 = VECTOR( '', #13959, 1000.00000000000 );
#11714 = CARTESIAN_POINT( '', ( 4.55000066682700, -17.8499997766690, -17.0000000000000 ) );
#11715 = CARTESIAN_POINT( '', ( 4.55000066682710, -17.8499997766690, -8.50000000000000 ) );
#11716 = VECTOR( '', #13960, 1000.00000000000 );
#11717 = CARTESIAN_POINT( '', ( 4.87500066682700, -17.8499997766690, -17.0000000000000 ) );
#11718 = VECTOR( '', #13961, 1000.00000000000 );
#11719 = CARTESIAN_POINT( '', ( 0.000000000000000, -17.8499997766690, -3.46944700000000E-015 ) );
#11720 = VECTOR( '', #13962, 1000.00000000000 );
#11721 = COLOUR_RGB( '', 0.200000002980232, 0.200000002980232, 0.200000002980232 );
#11722 = CARTESIAN_POINT( '', ( -6.49999933317307, -17.1360609997720, -4.98996013763125E-015 ) );
#11723 = CARTESIAN_POINT( '', ( -6.49999933317300, -16.4000000000000, -5.05757398496332E-015 ) );
#11724 = VECTOR( '', #13963, 1000.00000000000 );
#11725 = CARTESIAN_POINT( '', ( -6.49999933317300, -17.1360609997720, -17.0000000000000 ) );
#11726 = CARTESIAN_POINT( '', ( -6.49999933317300, -17.1360609997720, -8.50000000000000 ) );
#11727 = VECTOR( '', #13964, 1000.00000000000 );
#11728 = CARTESIAN_POINT( '', ( -6.49999933317300, -17.8034447355190, -17.0000000000000 ) );
#11729 = VECTOR( '', #13965, 1000.00000000000 );
#11730 = COLOUR_RGB( '', 0.200000002980232, 0.200000002980232, 0.200000002980232 );
#11731 = CARTESIAN_POINT( '', ( 2.40000020116543, -13.8500001573938, -1.78557656739339E-015 ) );
#11732 = AXIS2_PLACEMENT_3D( '', #13966, #13967, #13968 );
#11733 = CARTESIAN_POINT( '', ( -3.14999979883391, -14.7560912659348, -14.6999999999998 ) );
#11734 = AXIS2_PLACEMENT_3D( '', #13969, #13970, #13971 );
#11735 = CARTESIAN_POINT( '', ( -3.14999979883389, -14.7560912659348, -3.85426237624935E-015 ) );
#11736 = CARTESIAN_POINT( '', ( -3.14999979883352, -14.7560912659342, -8.50000000000000 ) );
#11737 = VECTOR( '', #13972, 1000.00000000000 );
#11738 = CARTESIAN_POINT( '', ( 0.900000201165696, -13.0626989262292, -3.35949968786907E-015 ) );
#11739 = AXIS2_PLACEMENT_3D( '', #13973, #13974, #13975 );
#11740 = CARTESIAN_POINT( '', ( 0.900000201165678, -13.0626989262290, -8.50000000000000 ) );
#11741 = VECTOR( '', #13976, 1000.00000000000 );
#11742 = CARTESIAN_POINT( '', ( 2.40000020116516, -13.8500001573930, -8.50000000000013 ) );
#11743 = VECTOR( '', #13977, 1000.00000000000 );
#11744 = COLOUR_RGB( '', 0.200000002980232, 0.200000002980232, 0.200000002980232 );
#11745 = CARTESIAN_POINT( '', ( 2.87500000000000, -21.8999999999990, 8.00000000000327 ) );
#11746 = CARTESIAN_POINT( '', ( 3.37500000000000, -21.8999999999992, 9.32287565553292 ) );
#11747 = AXIS2_PLACEMENT_3D( '', #13978, #13979, #13980 );
#11748 = CARTESIAN_POINT( '', ( 3.37500000000000, -22.7000000000000, 9.32287565553332 ) );
#11749 = CARTESIAN_POINT( '', ( 3.37500000000000, -22.2999999999990, 9.32287565553460 ) );
#11750 = VECTOR( '', #13981, 1000.00000000000 );
#11751 = CARTESIAN_POINT( '', ( 2.87500000000000, -22.7000000000000, 8.00000000000337 ) );
#11752 = AXIS2_PLACEMENT_3D( '', #13982, #13983, #13984 );
#11753 = CARTESIAN_POINT( '', ( 2.87500000000000, -22.2999999999990, 8.00000000000710 ) );
#11754 = VECTOR( '', #13985, 1000.00000000000 );
#11755 = COLOUR_RGB( '', 0.200000002980232, 0.200000002980232, 0.200000002980232 );
#11756 = CARTESIAN_POINT( '', ( -6.79999999999922, -10.0999999999999, 4.89428582142266 ) );
#11757 = CARTESIAN_POINT( '', ( -6.79999999999970, -16.3840359555889, 4.89428607762750 ) );
#11758 = VECTOR( '', #13986, 1000.00000000000 );
#11759 = CARTESIAN_POINT( '', ( 0.000000000000000, -10.1000000000000, 4.89428573602100 ) );
#11760 = VECTOR( '', #13987, 1000.00000000000 );
#11761 = COLOUR_RGB( '', 0.200000002980232, 0.200000002980232, 0.200000002980232 );
#11762 = CARTESIAN_POINT( '', ( -5.37507076232756, -15.3499997766690, -4.44981910097579E-015 ) );
#11763 = CARTESIAN_POINT( '', ( -4.37492790401841, -15.3499997766690, -4.87127341075317E-015 ) );
#11764 = CARTESIAN_POINT( '', ( -4.87499933317295, -15.3499997766690, -4.31110500000000E-015 ) );
#11765 = VECTOR( '', #13988, 1000.00000000000 );
#11766 = CARTESIAN_POINT( '', ( -8.09999933317300, -12.3597167672419, -5.65006773217091E-015 ) );
#11767 = AXIS2_PLACEMENT_3D( '', #13989, #13990, #13991 );
#11768 = CARTESIAN_POINT( '', ( -8.09999933317300, -10.0999998128701, -7.02033629146280E-015 ) );
#11769 = CARTESIAN_POINT( '', ( -8.09999933317300, -16.4000000000000, -5.44849759059712E-015 ) );
#11770 = VECTOR( '', #13992, 1000.00000000000 );
#11771 = CARTESIAN_POINT( '', ( -3.29999933317300, -10.0999998040937, -6.47467207678987E-015 ) );
#11772 = CARTESIAN_POINT( '', ( 0.000000000000000, -10.0999998318951, -8.67361737988404E-015 ) );
#11773 = VECTOR( '', #13993, 1000.00000000000 );
#11774 = CARTESIAN_POINT( '', ( -3.29999933317300, -13.4675087551330, -3.64047764504673E-015 ) );
#11775 = CARTESIAN_POINT( '', ( -3.29999933317300, -16.4000000000000, -4.27572677369571E-015 ) );
#11776 = VECTOR( '', #13994, 1000.00000000000 );
#11777 = AXIS2_PLACEMENT_3D( '', #13995, #13996, #13997 );
#11778 = COLOUR_RGB( '', 0.200000002980232, 0.200000002980232, 0.200000002980232 );
#11779 = CARTESIAN_POINT( '', ( 13.7189233604782, -22.7000000000000, 38.4472292021364 ) );
#11780 = CARTESIAN_POINT( '', ( 11.9063077868260, -22.7000000000000, 34.5600625652775 ) );
#11781 = VECTOR( '', #13998, 1000.00000000000 );
#11782 = CARTESIAN_POINT( '', ( 13.7189233604782, -10.1000000000000, 38.4472292021365 ) );
#11783 = CARTESIAN_POINT( '', ( 13.7189233604780, -10.1000000000000, 38.4472292021360 ) );
#11784 = VECTOR( '', #13999, 1000.00000000000 );
#11785 = CARTESIAN_POINT( '', ( 13.7189233604780, -16.4000000000000, 38.4472292021360 ) );
#11786 = VECTOR( '', #14000, 1000.00000000000 );
#11787 = COLOUR_RGB( '', 0.200000002980232, 0.200000002980232, 0.200000002980232 );
#11788 = CARTESIAN_POINT( '', ( -10.5999993331730, -10.8999997766690, -5.65778805077679E-015 ) );
#11789 = CARTESIAN_POINT( '', ( -8.89999933317300, -10.8999997766690, -5.38088394044815E-015 ) );
#11790 = CARTESIAN_POINT( '', ( 0.000000000000000, -10.8999997766690, -3.46944700000000E-015 ) );
#11791 = VECTOR( '', #14001, 1000.00000000000 );
#11792 = CARTESIAN_POINT( '', ( -10.5999993331730, -10.8999997766690, -17.0000000000000 ) );
#11793 = CARTESIAN_POINT( '', ( -10.5999993331730, -10.8999997766690, -8.50000000000000 ) );
#11794 = VECTOR( '', #14002, 1000.00000000000 );
#11795 = CARTESIAN_POINT( '', ( -8.89999933317300, -10.8999997766690, -17.0000000000000 ) );
#11796 = CARTESIAN_POINT( '', ( -9.74999933317300, -10.8999997766690, -17.0000000000000 ) );
#11797 = VECTOR( '', #14003, 1000.00000000000 );
#11798 = CARTESIAN_POINT( '', ( -8.89999933317300, -10.8999997766690, -8.50000000000000 ) );
#11799 = VECTOR( '', #14004, 1000.00000000000 );
#11800 = COLOUR_RGB( '', 0.200000002980232, 0.200000002980232, 0.200000002980232 );
#11801 = CARTESIAN_POINT( '', ( -14.0000000000000, -22.7000000000000, 39.7150839887151 ) );
#11802 = AXIS2_PLACEMENT_3D( '', #14005, #14006, #14007 );
#11803 = CARTESIAN_POINT( '', ( -14.0000000000000, -10.1000000000000, 39.7150839887150 ) );
#11804 = CARTESIAN_POINT( '', ( -14.0000000000000, -16.4000000000000, 39.7150839887140 ) );
#11805 = VECTOR( '', #14008, 1000.00000000000 );
#11806 = AXIS2_PLACEMENT_3D( '', #14009, #14010, #14011 );
#11807 = COLOUR_RGB( '', 0.200000002980232, 0.200000002980232, 0.200000002980232 );
#11808 = CARTESIAN_POINT( '', ( 6.37500000000000, -20.0999999999990, 4.87333368233261 ) );
#11809 = CARTESIAN_POINT( '', ( 6.37500000000000, -20.8500012223600, 4.84714303881365 ) );
#11810 = VECTOR( '', #14012, 1000.00000000000 );
#11811 = CARTESIAN_POINT( '', ( 3.37500000000000, -20.0999999999990, 4.87333368233262 ) );
#11812 = CARTESIAN_POINT( '', ( 4.93750000000000, -20.0999999999990, 4.87333368233263 ) );
#11813 = VECTOR( '', #14013, 1000.00000000000 );
#11814 = CARTESIAN_POINT( '', ( 3.37500000000000, -20.8500012223600, 4.84714303881365 ) );
#11815 = VECTOR( '', #14014, 1000.00000000000 );
#11816 = CARTESIAN_POINT( '', ( 3.07499999999969, -19.5000024447210, 4.89428607762750 ) );
#11817 = VECTOR( '', #14015, 1000.00000000000 );
#11818 = CARTESIAN_POINT( '', ( 6.79999999999980, -21.8999999999990, 4.81047624033300 ) );
#11819 = VECTOR( '', #14016, 1000.00000000000 );
#11820 = COLOUR_RGB( '', 0.200000002980232, 0.200000002980232, 0.200000002980232 );
#11821 = CARTESIAN_POINT( '', ( 13.4000006668270, -17.4602323033755, -4.50758713574931E-013 ) );
#11822 = CARTESIAN_POINT( '', ( 6.50000066682700, -18.4708284700531, -1.63633549079696E-013 ) );
#11823 = AXIS2_PLACEMENT_3D( '', #14017, #14018, #14019 );
#11824 = CARTESIAN_POINT( '', ( 6.50000066682700, -16.4000000000000, -1.88131968918866E-015 ) );
#11825 = VECTOR( '', #14020, 1000.00000000000 );
#11826 = CARTESIAN_POINT( '', ( 5.20000066682700, -16.1194418683650, -1.81124649199227E-015 ) );
#11827 = CARTESIAN_POINT( '', ( 5.20000066682700, -16.6277514340685, -1.84950800000000E-015 ) );
#11828 = VECTOR( '', #14021, 1000.00000000000 );
#11829 = CARTESIAN_POINT( '', ( 5.85000066682700, -16.1194418683650, -1.69069500000000E-015 ) );
#11830 = VECTOR( '', #14022, 1000.00000000000 );
#11831 = CARTESIAN_POINT( '', ( 8.90000066682895, -12.9476033031142, 7.61237936312348E-013 ) );
#11832 = AXIS2_PLACEMENT_3D( '', #14023, #14024, #14025 );
#11833 = CARTESIAN_POINT( '', ( 8.90000066682700, -10.8999997766690, -1.32505151890492E-015 ) );
#11834 = CARTESIAN_POINT( '', ( 8.90000066682700, -11.9238015398940, -9.45496800000000E-016 ) );
#11835 = VECTOR( '', #14026, 1000.00000000000 );
#11836 = CARTESIAN_POINT( '', ( 10.6000006668270, -10.8999997766690, -4.69906116584016E-016 ) );
#11837 = CARTESIAN_POINT( '', ( 0.000000000000000, -10.8999997766690, -3.46944700000000E-015 ) );
#11838 = VECTOR( '', #14027, 1000.00000000000 );
#11839 = CARTESIAN_POINT( '', ( 10.6000006668270, -12.9476033031197, -1.03003374506483E-013 ) );
#11840 = CARTESIAN_POINT( '', ( 10.6000006668270, -11.9238015398940, -5.30140400000000E-016 ) );
#11841 = VECTOR( '', #14028, 1000.00000000000 );
#11842 = CARTESIAN_POINT( '', ( 13.4000006668270, -15.7397672499672, -2.46383775795314E-014 ) );
#11843 = AXIS2_PLACEMENT_3D( '', #14029, #14030, #14031 );
#11844 = CARTESIAN_POINT( '', ( 13.4000006668270, -16.4000000000000, -1.95461639892892E-016 ) );
#11845 = VECTOR( '', #14032, 1000.00000000000 );
#11846 = CARTESIAN_POINT( '', ( 11.0000006668267, -16.5999997766690, 0.000000000000000 ) );
#11847 = AXIS2_PLACEMENT_3D( '', #14033, #14034, #14035 );
#11848 = COLOUR_RGB( '', 0.200000002980232, 0.200000002980232, 0.200000002980232 );
#11849 = CARTESIAN_POINT( '', ( -6.79999999999970, -21.8999999999990, 4.81047624033303 ) );
#11850 = CARTESIAN_POINT( '', ( -6.79999999999970, -19.5000024447202, 4.89428607762752 ) );
#11851 = CARTESIAN_POINT( '', ( -6.79999999999970, -22.1999999999990, 4.79999999999980 ) );
#11852 = VECTOR( '', #14036, 1000.00000000000 );
#11853 = CARTESIAN_POINT( '', ( -6.79999999999970, -21.8999999999990, 7.74999982594430 ) );
#11854 = VECTOR( '', #14037, 1000.00000000000 );
#11855 = CARTESIAN_POINT( '', ( -6.80000000000000, -22.1999999999987, 2.79999999999978 ) );
#11856 = CARTESIAN_POINT( '', ( -6.79999999999970, -22.1999999999990, 3.65741294221925 ) );
#11857 = VECTOR( '', #14038, 1000.00000000000 );
#11858 = CARTESIAN_POINT( '', ( -6.79999999999970, -19.5000012293941, 2.42053957550010 ) );
#11859 = CARTESIAN_POINT( '', ( -6.79999999999970, -19.5000024447210, 2.42053974630330 ) );
#11860 = VECTOR( '', #14039, 1000.00000000000 );
#11861 = CARTESIAN_POINT( '', ( -6.79999999999922, -10.0999999600398, 2.42053940469688 ) );
#11862 = CARTESIAN_POINT( '', ( -6.79999999999970, -16.3840359555889, 2.42053940469690 ) );
#11863 = VECTOR( '', #14040, 1000.00000000000 );
#11864 = CARTESIAN_POINT( '', ( -6.79999999999922, -10.0999999623494, 4.89428582142266 ) );
#11865 = CARTESIAN_POINT( '', ( -6.79999999999910, -10.0999998998587, 18.4049999117850 ) );
#11866 = VECTOR( '', #14041, 1000.00000000000 );
#11867 = CARTESIAN_POINT( '', ( -6.79999999999970, -16.3840359555889, 4.89428607762750 ) );
#11868 = VECTOR( '', #14042, 1000.00000000000 );
#11869 = COLOUR_RGB( '', 0.200000002980232, 0.200000002980232, 0.200000002980232 );
#11870 = CARTESIAN_POINT( '', ( 1.78115197986425, -19.8999997766690, -1.50000000000073 ) );
#11871 = AXIS2_PLACEMENT_3D( '', #14043, #14044, #14045 );
#11872 = CARTESIAN_POINT( '', ( -1.78115064621016, -19.8999997766690, -1.50000000000073 ) );
#11873 = CARTESIAN_POINT( '', ( 6.98492000350548E-007, -19.8999997766690, -1.50000000000000 ) );
#11874 = VECTOR( '', #14046, 1000.00000000000 );
#11875 = CARTESIAN_POINT( '', ( -3.24999933316890, -18.4708284700451, -1.50000000000079 ) );
#11876 = AXIS2_PLACEMENT_3D( '', #14047, #14048, #14049 );
#11877 = CARTESIAN_POINT( '', ( -3.24999933317300, -17.1360609997720, -1.50000000000000 ) );
#11878 = CARTESIAN_POINT( '', ( -3.24999933317300, -17.8034447349235, -1.50000000000000 ) );
#11879 = VECTOR( '', #14050, 1000.00000000000 );
#11880 = CARTESIAN_POINT( '', ( -4.54999933317299, -17.1360609997720, -1.50000000000000 ) );
#11881 = CARTESIAN_POINT( '', ( 6.98492000350548E-007, -17.1360609997720, -1.50000000000000 ) );
#11882 = VECTOR( '', #14051, 1000.00000000000 );
#11883 = CARTESIAN_POINT( '', ( -4.54999933317300, -16.1194418683650, -1.50000000000000 ) );
#11884 = CARTESIAN_POINT( '', ( -4.54999933317299, -16.5999997766690, -1.50000000000000 ) );
#11885 = VECTOR( '', #14052, 1000.00000000000 );
#11886 = CARTESIAN_POINT( '', ( -3.24999933317300, -16.1194418683650, -1.50000000000000 ) );
#11887 = CARTESIAN_POINT( '', ( 6.98492000350548E-007, -16.1194418683650, -1.50000000000000 ) );
#11888 = VECTOR( '', #14053, 1000.00000000000 );
#11889 = CARTESIAN_POINT( '', ( -3.24999933316910, -14.7291710833009, -1.50000000000101 ) );
#11890 = CARTESIAN_POINT( '', ( -3.24999933317300, -15.4243064758140, -1.50000000000000 ) );
#11891 = VECTOR( '', #14054, 1000.00000000000 );
#11892 = AXIS2_PLACEMENT_3D( '', #14055, #14056, #14057 );
#11893 = CARTESIAN_POINT( '', ( 6.98491999916867E-007, -10.8999997766690, -1.50000000000000 ) );
#11894 = VECTOR( '', #14058, 1000.00000000000 );
#11895 = AXIS2_PLACEMENT_3D( '', #14059, #14060, #14061 );
#11896 = CARTESIAN_POINT( '', ( 4.55000066682702, -17.1360609997720, -1.50000000000000 ) );
#11897 = CARTESIAN_POINT( '', ( 4.55000066682706, -16.5999997766690, -1.50000000000000 ) );
#11898 = VECTOR( '', #14062, 1000.00000000000 );
#11899 = CARTESIAN_POINT( '', ( 6.98492000350548E-007, -17.1360609997720, -1.50000000000000 ) );
#11900 = VECTOR( '', #14063, 1000.00000000000 );
#11901 = COLOUR_RGB( '', 0.200000002980232, 0.200000002980232, 0.200000002980232 );
#11902 = CARTESIAN_POINT( '', ( 1.78115197988098, -19.8999997766690, -15.5000000000008 ) );
#11903 = AXIS2_PLACEMENT_3D( '', #14064, #14065, #14066 );
#11904 = CARTESIAN_POINT( '', ( 1.78115197988270, -19.8999997766690, -8.50000000000000 ) );
#11905 = VECTOR( '', #14067, 1000.00000000000 );
#11906 = COLOUR_RGB( '', 0.200000002980232, 0.200000002980232, 0.200000002980232 );
#11907 = CARTESIAN_POINT( '', ( -10.4999997988340, -13.4000001573940, -4.33680868994202E-015 ) );
#11908 = CARTESIAN_POINT( '', ( -10.4999997988340, -16.4000000000000, -6.03488311282150E-015 ) );
#11909 = VECTOR( '', #14068, 1000.00000000000 );
#11910 = CARTESIAN_POINT( '', ( -10.4999997988340, -13.4000001573940, -15.5000000000000 ) );
#11911 = CARTESIAN_POINT( '', ( -10.4999997988340, -12.2500001573940, -15.5000000000000 ) );
#11912 = VECTOR( '', #14069, 1000.00000000000 );
#11913 = CARTESIAN_POINT( '', ( -10.4999997988340, -13.4000001573940, -8.50000000000000 ) );
#11914 = VECTOR( '', #14070, 1000.00000000000 );
#11915 = COLOUR_RGB( '', 0.200000002980232, 0.200000002980232, 0.200000002980232 );
#11916 = CARTESIAN_POINT( '', ( 14.1000000000000, -22.7000000000000, 24.1573593128809 ) );
#11917 = CARTESIAN_POINT( '', ( 13.2213203435601, -22.7000000000000, 26.2786796564398 ) );
#11918 = AXIS2_PLACEMENT_3D( '', #14071, #14072, #14073 );
#11919 = CARTESIAN_POINT( '', ( 14.1000000000000, -10.1000000000000, 24.1573593128808 ) );
#11920 = CARTESIAN_POINT( '', ( 14.1000000000000, -16.4000000000000, 24.1573593128810 ) );
#11921 = VECTOR( '', #14074, 1000.00000000000 );
#11922 = CARTESIAN_POINT( '', ( 13.2213203435600, -10.1000000000000, 26.2786796564400 ) );
#11923 = AXIS2_PLACEMENT_3D( '', #14075, #14076, #14077 );
#11924 = CARTESIAN_POINT( '', ( 13.2213203435600, -16.4000000000000, 26.2786796564400 ) );
#11925 = VECTOR( '', #14078, 1000.00000000000 );
#11926 = COLOUR_RGB( '', 0.200000002980232, 0.200000002980232, 0.200000002980232 );
#11927 = CARTESIAN_POINT( '', ( 5.30000020116570, -16.1000001573940, -15.5000000000000 ) );
#11928 = CARTESIAN_POINT( '', ( 5.30000020116570, -17.1000001573940, -15.5000000000000 ) );
#11929 = CARTESIAN_POINT( '', ( 5.30000020116570, -16.6000001282900, -15.5000000000000 ) );
#11930 = VECTOR( '', #14079, 1000.00000000000 );
#11931 = CARTESIAN_POINT( '', ( 6.60000020116570, -16.1000001573940, -15.5000000000000 ) );
#11932 = CARTESIAN_POINT( '', ( 5.95000020116570, -16.1000001573940, -15.5000000000000 ) );
#11933 = VECTOR( '', #14080, 1000.00000000000 );
#11934 = CARTESIAN_POINT( '', ( 6.60000020116570, -17.1000001573940, -15.5000000000000 ) );
#11935 = CARTESIAN_POINT( '', ( 6.60000020116570, -16.6000001573935, -15.5000000000000 ) );
#11936 = VECTOR( '', #14081, 1000.00000000000 );
#11937 = CARTESIAN_POINT( '', ( 5.95000025350605, -17.1000001573940, -15.5000000000000 ) );
#11938 = VECTOR( '', #14082, 1000.00000000000 );
#11939 = COLOUR_RGB( '', 0.200000002980232, 0.200000002980232, 0.200000002980232 );
#11940 = CARTESIAN_POINT( '', ( 7.30000000000000, -22.6999999999993, 2.79999999999980 ) );
#11941 = CARTESIAN_POINT( '', ( 2.57500000000000, -22.7000000000000, 2.79999999999980 ) );
#11942 = CARTESIAN_POINT( '', ( 0.000000000000000, -22.7000000000000, 2.79999999999980 ) );
#11943 = VECTOR( '', #14083, 1000.00000000000 );
#11944 = CARTESIAN_POINT( '', ( 6.80000000000000, -22.1999999999987, 2.79999999999978 ) );
#11945 = CARTESIAN_POINT( '', ( 7.04999999999965, -22.4499999999985, 2.79999999999980 ) );
#11946 = VECTOR( '', #14084, 1000.00000000000 );
#11947 = CARTESIAN_POINT( '', ( 3.07500000000026, -22.1999999999995, 2.79999999999980 ) );
#11948 = CARTESIAN_POINT( '', ( 4.93750000000000, -22.1999999999990, 2.79999999999980 ) );
#11949 = VECTOR( '', #14085, 1000.00000000000 );
#11950 = CARTESIAN_POINT( '', ( 2.82499999999985, -22.4500000000000, 2.79999999999980 ) );
#11951 = VECTOR( '', #14086, 1000.00000000000 );
#11952 = COLOUR_RGB( '', 0.200000002980232, 0.200000002980232, 0.200000002980232 );
#11953 = CARTESIAN_POINT( '', ( -6.37500000000000, -21.8999999999990, 10.7000000000000 ) );
#11954 = CARTESIAN_POINT( '', ( -6.37500000000000, -21.8999999999990, 10.0114378277663 ) );
#11955 = VECTOR( '', #14087, 1000.00000000000 );
#11956 = CARTESIAN_POINT( '', ( -6.37500000000000, -22.7000000000000, 10.7000000000000 ) );
#11957 = CARTESIAN_POINT( '', ( -6.37500000000000, -22.2999999999990, 10.7000000000000 ) );
#11958 = VECTOR( '', #14088, 1000.00000000000 );
#11959 = CARTESIAN_POINT( '', ( -6.37500000000000, -22.7000000000000, 26.2000003620981 ) );
#11960 = VECTOR( '', #14089, 1000.00000000000 );
#11961 = COLOUR_RGB( '', 0.200000002980232, 0.200000002980232, 0.200000002980232 );
#11962 = CARTESIAN_POINT( '', ( -6.87500000000000, -21.8999999999990, 4.79999999999980 ) );
#11963 = CARTESIAN_POINT( '', ( -6.87500000000000, -22.2999999999990, 4.79999999999980 ) );
#11964 = VECTOR( '', #14090, 1000.00000000000 );
#11965 = CARTESIAN_POINT( '', ( -6.79999999999970, -21.8999999999990, 4.79999999999980 ) );
#11966 = CARTESIAN_POINT( '', ( -6.79999999999970, -16.3840359555889, 4.79999999999980 ) );
#11967 = VECTOR( '', #14091, 1000.00000000000 );
#11968 = CARTESIAN_POINT( '', ( -4.87500005079740, -21.8999999999990, 4.79999999999980 ) );
#11969 = VECTOR( '', #14092, 1000.00000000000 );
#11970 = COLOUR_RGB( '', 0.200000002980232, 0.200000002980232, 0.200000002980232 );
#11971 = CARTESIAN_POINT( '', ( -6.37500000000000, -21.8999999999990, 10.7000000000000 ) );
#11972 = CARTESIAN_POINT( '', ( -6.37500000000000, -21.8999999999990, 10.0114378277663 ) );
#11973 = VECTOR( '', #14093, 1000.00000000000 );
#11974 = CARTESIAN_POINT( '', ( -6.37500000000000, -22.7000000000000, 10.7000000000000 ) );
#11975 = CARTESIAN_POINT( '', ( -6.37500000000000, -22.2999999999990, 10.7000000000000 ) );
#11976 = VECTOR( '', #14094, 1000.00000000000 );
#11977 = CARTESIAN_POINT( '', ( -6.37500000000000, -22.7000000000000, 26.2000003620981 ) );
#11978 = VECTOR( '', #14095, 1000.00000000000 );
#11979 = COLOUR_RGB( '', 0.200000002980232, 0.200000002980232, 0.200000002980232 );
#11980 = CARTESIAN_POINT( '', ( -2.87500000000000, -21.8999999999990, 4.79999999999980 ) );
#11981 = CARTESIAN_POINT( '', ( -2.87500000000000, -21.8999999999990, 7.99999999999976 ) );
#11982 = CARTESIAN_POINT( '', ( -2.87500000000000, -21.8999999999990, 6.39999999999980 ) );
#11983 = VECTOR( '', #14096, 1000.00000000000 );
#11984 = CARTESIAN_POINT( '', ( -3.37500000000060, -21.8999999999992, 9.32287565553242 ) );
#11985 = AXIS2_PLACEMENT_3D( '', #14097, #14098, #14099 );
#11986 = CARTESIAN_POINT( '', ( -3.37500000000000, -21.8999999999990, 10.7000000000000 ) );
#11987 = CARTESIAN_POINT( '', ( -3.37500000000000, -21.8999999999990, 10.0114378277673 ) );
#11988 = VECTOR( '', #14100, 1000.00000000000 );
#11989 = CARTESIAN_POINT( '', ( -4.87500000000000, -21.8999999999990, 10.7000000000000 ) );
#11990 = VECTOR( '', #14101, 1000.00000000000 );
#11991 = CARTESIAN_POINT( '', ( -6.87500000000000, -21.8999999999990, 6.39999999999980 ) );
#11992 = VECTOR( '', #14102, 1000.00000000000 );
#11993 = CARTESIAN_POINT( '', ( -6.79999999999970, -21.8999999999990, 7.74999982594430 ) );
#11994 = VECTOR( '', #14103, 1000.00000000000 );
#11995 = CARTESIAN_POINT( '', ( -6.37500000000000, -21.8999999999992, 7.99999999999978 ) );
#11996 = CARTESIAN_POINT( '', ( -6.37500000000000, -21.8999999999990, 6.39999999999980 ) );
#11997 = VECTOR( '', #14104, 1000.00000000000 );
#11998 = CARTESIAN_POINT( '', ( -5.87500000000000, -21.8999999999992, 9.11803398874964 ) );
#11999 = AXIS2_PLACEMENT_3D( '', #14105, #14106, #14107 );
#12000 = CARTESIAN_POINT( '', ( -5.87500000000050, -21.8999999999990, 10.2000000000000 ) );
#12001 = CARTESIAN_POINT( '', ( -5.87500000000050, -21.8999999999990, 7.74999982594430 ) );
#12002 = VECTOR( '', #14108, 1000.00000000000 );
#12003 = CARTESIAN_POINT( '', ( -3.87500000000000, -21.8999999999990, 10.2000000000000 ) );
#12004 = CARTESIAN_POINT( '', ( -4.87500005079740, -21.8999999999990, 10.2000000000000 ) );
#12005 = VECTOR( '', #14109, 1000.00000000000 );
#12006 = CARTESIAN_POINT( '', ( -3.87500000000000, -21.8999999999991, 9.11803398874965 ) );
#12007 = CARTESIAN_POINT( '', ( -3.87500000000000, -21.8999999999990, 9.65901699437480 ) );
#12008 = VECTOR( '', #14110, 1000.00000000000 );
#12009 = CARTESIAN_POINT( '', ( -3.37500000000000, -21.8999999999990, 7.99999999999973 ) );
#12010 = AXIS2_PLACEMENT_3D( '', #14111, #14112, #14113 );
#12011 = CARTESIAN_POINT( '', ( -3.37500000000000, -21.8999999999990, 6.39999999999980 ) );
#12012 = VECTOR( '', #14114, 1000.00000000000 );
#12013 = CARTESIAN_POINT( '', ( -4.87500005079740, -21.8999999999990, 4.79999999999980 ) );
#12014 = VECTOR( '', #14115, 1000.00000000000 );
#12015 = COLOUR_RGB( '', 0.200000002980232, 0.200000002980232, 0.200000002980232 );
#12016 = CARTESIAN_POINT( '', ( 8.10000066682700, -10.0999997720806, -17.0000000000000 ) );
#12017 = CARTESIAN_POINT( '', ( 8.10000066682700, -11.2298582719575, -17.0000000000000 ) );
#12018 = VECTOR( '', #14116, 1000.00000000000 );
#12019 = CARTESIAN_POINT( '', ( 8.10000066682700, -10.0999998605768, -7.45198041777432E-016 ) );
#12020 = CARTESIAN_POINT( '', ( 8.10000066682700, -16.4000000000000, -1.49039608355486E-015 ) );
#12021 = VECTOR( '', #14117, 1000.00000000000 );
#12022 = CARTESIAN_POINT( '', ( 8.10000066682700, -10.0999999015592, 18.4049999117850 ) );
#12023 = VECTOR( '', #14118, 1000.00000000000 );
#12024 = COLOUR_RGB( '', 0.200000002980232, 0.200000002980232, 0.200000002980232 );
#12025 = CARTESIAN_POINT( '', ( 3.37500000000000, -20.0999999999990, 6.39999999999980 ) );
#12026 = VECTOR( '', #14119, 1000.00000000000 );
#12027 = COLOUR_RGB( '', 0.200000002980232, 0.200000002980232, 0.200000002980232 );
#12028 = CARTESIAN_POINT( '', ( -11.3999993331730, -10.0999998870627, -7.28909627033603E-015 ) );
#12029 = CARTESIAN_POINT( '', ( 0.000000000000000, -10.0999998318951, -8.67361737988404E-015 ) );
#12030 = VECTOR( '', #14120, 1000.00000000000 );
#12031 = CARTESIAN_POINT( '', ( -11.3999993331730, -12.3597167672421, -6.05321017053049E-015 ) );
#12032 = CARTESIAN_POINT( '', ( -11.3999993331730, -16.4000000000000, -6.25477752721684E-015 ) );
#12033 = VECTOR( '', #14121, 1000.00000000000 );
#12034 = AXIS2_PLACEMENT_3D( '', #14122, #14123, #14124 );
#12035 = COLOUR_RGB( '', 0.200000002980232, 0.200000002980232, 0.200000002980232 );
#12036 = CARTESIAN_POINT( '', ( -4.93750000000000, -19.5000024447210, 2.42053974630330 ) );
#12037 = VECTOR( '', #14125, 1000.00000000000 );
#12038 = CARTESIAN_POINT( '', ( 0.000000000000000, -10.0999998409355, 2.42053940469691 ) );
#12039 = VECTOR( '', #14126, 1000.00000000000 );
#12040 = COLOUR_RGB( '', 0.200000002980232, 0.200000002980232, 0.200000002980232 );
#12041 = CARTESIAN_POINT( '', ( 6.87500000000000, -21.8999999999990, 4.79999999999980 ) );
#12042 = CARTESIAN_POINT( '', ( 6.87500000000000, -22.2749999999988, 4.79999999999980 ) );
#12043 = CARTESIAN_POINT( '', ( 6.87500000000000, -22.2999999999990, 4.79999999999980 ) );
#12044 = VECTOR( '', #14127, 1000.00000000000 );
#12045 = CARTESIAN_POINT( '', ( 6.79999999999980, -21.8999999999990, 4.79999999999980 ) );
#12046 = CARTESIAN_POINT( '', ( 4.87500005079750, -21.8999999999990, 4.79999999999980 ) );
#12047 = VECTOR( '', #14128, 1000.00000000000 );
#12048 = CARTESIAN_POINT( '', ( 6.79999999999980, -22.1999999999991, 4.79999999999980 ) );
#12049 = CARTESIAN_POINT( '', ( 6.79999999999980, -16.3840359555889, 4.79999999999980 ) );
#12050 = VECTOR( '', #14129, 1000.00000000000 );
#12051 = CARTESIAN_POINT( '', ( 6.79999999999960, -22.1999999999990, 4.79999999999980 ) );
#12052 = VECTOR( '', #14130, 1000.00000000000 );
#12053 = COLOUR_RGB( '', 0.200000002980232, 0.200000002980232, 0.200000002980232 );
#12054 = CARTESIAN_POINT( '', ( -3.24999933317300, -17.1360609997720, -15.5000000000000 ) );
#12055 = CARTESIAN_POINT( '', ( -3.24999933317300, -17.1360609997720, -8.50000000000000 ) );
#12056 = VECTOR( '', #14131, 1000.00000000000 );
#12057 = CARTESIAN_POINT( '', ( -4.54999933317290, -17.1360609997720, -15.5000000000000 ) );
#12058 = CARTESIAN_POINT( '', ( -3.89999933317295, -17.1360609997720, -15.5000000000000 ) );
#12059 = VECTOR( '', #14132, 1000.00000000000 );
#12060 = CARTESIAN_POINT( '', ( -4.54999933317295, -17.1360609997720, -8.50000000000000 ) );
#12061 = VECTOR( '', #14133, 1000.00000000000 );
#12062 = COLOUR_RGB( '', 0.200000002980232, 0.200000002980232, 0.200000002980232 );
#12063 = CARTESIAN_POINT( '', ( -2.87500000000000, -21.8999999999990, 4.79999999999980 ) );
#12064 = CARTESIAN_POINT( '', ( -2.87500000000000, -21.8999999999990, 7.99999999999976 ) );
#12065 = CARTESIAN_POINT( '', ( -2.87500000000000, -21.8999999999990, 6.39999999999980 ) );
#12066 = VECTOR( '', #14134, 1000.00000000000 );
#12067 = CARTESIAN_POINT( '', ( -2.87499999999994, -22.4000000000000, 4.79999999999980 ) );
#12068 = CARTESIAN_POINT( '', ( -2.87500000000000, -22.2999999999990, 4.79999999999980 ) );
#12069 = VECTOR( '', #14135, 1000.00000000000 );
#12070 = CARTESIAN_POINT( '', ( -2.87500000000000, -22.6999999999997, 4.79999999999980 ) );
#12071 = CARTESIAN_POINT( '', ( -2.87500000000000, -21.0999999999995, 4.79999999999980 ) );
#12072 = VECTOR( '', #14136, 1000.00000000000 );
#12073 = CARTESIAN_POINT( '', ( -2.87500000000000, -22.7000000000000, 7.99999999999986 ) );
#12074 = CARTESIAN_POINT( '', ( -2.87500000000000, -22.7000000000000, 26.2000003620981 ) );
#12075 = VECTOR( '', #14137, 1000.00000000000 );
#12076 = CARTESIAN_POINT( '', ( -2.87500000000000, -22.2999999999990, 7.99999999999980 ) );
#12077 = VECTOR( '', #14138, 1000.00000000000 );
#12078 = COLOUR_RGB( '', 0.200000002980232, 0.200000002980232, 0.200000002980232 );
#12079 = CARTESIAN_POINT( '', ( 4.55000066682700, -15.3499997766690, -17.0000000000000 ) );
#12080 = CARTESIAN_POINT( '', ( 4.87500066682700, -15.3499997766690, -17.0000000000000 ) );
#12081 = VECTOR( '', #14139, 1000.00000000000 );
#12082 = CARTESIAN_POINT( '', ( 4.55000066682705, -15.3499997766690, -8.50000000000000 ) );
#12083 = VECTOR( '', #14140, 1000.00000000000 );
#12084 = CARTESIAN_POINT( '', ( 4.37492923767252, -15.3499997766690, -2.06762830296721E-015 ) );
#12085 = CARTESIAN_POINT( '', ( 4.37492923767250, -15.3499997766690, -8.50000000000000 ) );
#12086 = VECTOR( '', #14141, 1000.00000000000 );
#12087 = CARTESIAN_POINT( '', ( 4.87500066682700, -15.3499997766690, -1.92891400000000E-015 ) );
#12088 = VECTOR( '', #14142, 1000.00000000000 );
#12089 = COLOUR_RGB( '', 0.200000002980232, 0.200000002980232, 0.200000002980232 );
#12090 = CARTESIAN_POINT( '', ( -11.3999993331730, -12.3597167672421, -17.0000000000000 ) );
#12091 = AXIS2_PLACEMENT_3D( '', #14143, #14144, #14145 );
#12092 = CARTESIAN_POINT( '', ( -11.3999993331730, -12.3597167672380, -8.50000000000000 ) );
#12093 = VECTOR( '', #14146, 1000.00000000000 );
#12094 = COLOUR_RGB( '', 0.200000002980232, 0.200000002980232, 0.200000002980232 );
#12095 = CARTESIAN_POINT( '', ( 5.20000066682700, -16.1194418683650, -17.0000000000000 ) );
#12096 = CARTESIAN_POINT( '', ( 5.20000066682700, -16.6277514340685, -17.0000000000000 ) );
#12097 = VECTOR( '', #14147, 1000.00000000000 );
#12098 = CARTESIAN_POINT( '', ( 5.20000066682700, -16.1194418683650, -8.50000000000000 ) );
#12099 = VECTOR( '', #14148, 1000.00000000000 );
#12100 = COLOUR_RGB( '', 0.200000002980232, 0.200000002980232, 0.200000002980232 );
#12101 = CARTESIAN_POINT( '', ( -6.37500000000000, -21.8999999999990, 4.81047624033303 ) );
#12102 = CARTESIAN_POINT( '', ( -4.87500005079740, -21.8999999999990, 4.81047624033300 ) );
#12103 = VECTOR( '', #14149, 1000.00000000000 );
#12104 = CARTESIAN_POINT( '', ( -4.93750000000000, -19.5000024447210, 4.89428607762750 ) );
#12105 = VECTOR( '', #14150, 1000.00000000000 );
#12106 = CARTESIAN_POINT( '', ( -3.37500000000000, -21.8999999999990, 4.81047624033303 ) );
#12107 = CARTESIAN_POINT( '', ( -4.87500005079740, -21.8999999999990, 4.81047624033300 ) );
#12108 = VECTOR( '', #14151, 1000.00000000000 );
#12109 = CARTESIAN_POINT( '', ( -3.37500000000000, -20.0999999999990, 4.87333368233262 ) );
#12110 = CARTESIAN_POINT( '', ( -3.37500000000000, -20.8500012223600, 4.84714303881365 ) );
#12111 = VECTOR( '', #14152, 1000.00000000000 );
#12112 = CARTESIAN_POINT( '', ( -6.37500000000000, -20.0999999999990, 4.87333368233261 ) );
#12113 = CARTESIAN_POINT( '', ( -4.93750000000000, -20.0999999999990, 4.87333368233263 ) );
#12114 = VECTOR( '', #14153, 1000.00000000000 );
#12115 = CARTESIAN_POINT( '', ( -6.37500000000000, -20.8500012223600, 4.84714303881365 ) );
#12116 = VECTOR( '', #14154, 1000.00000000000 );
#12117 = COLOUR_RGB( '', 0.200000002980232, 0.200000002980232, 0.200000002980232 );
#12118 = AXIS2_PLACEMENT_3D( '', #14155, #14156, #14157 );
#12119 = CARTESIAN_POINT( '', ( 5.87500000000000, -19.4999999999990, 6.34999999999980 ) );
#12120 = CARTESIAN_POINT( '', ( 4.87500000000000, -19.4999999999990, 6.34999999999980 ) );
#12121 = VECTOR( '', #14158, 1000.00000000000 );
#12122 = CARTESIAN_POINT( '', ( 5.87500000000000, -19.4999999999992, 6.88196601124919 ) );
#12123 = CARTESIAN_POINT( '', ( 5.87500000000000, -19.4999999999990, 6.61598300562485 ) );
#12124 = VECTOR( '', #14159, 1000.00000000000 );
#12125 = AXIS2_PLACEMENT_3D( '', #14160, #14161, #14162 );
#12126 = COLOUR_RGB( '', 0.200000002980232, 0.200000002980232, 0.200000002980232 );
#12127 = CARTESIAN_POINT( '', ( -6.87500000000000, -22.6999999999997, 4.79999999999980 ) );
#12128 = CARTESIAN_POINT( '', ( -6.87500000000000, -22.7000000000000, 26.2000003620981 ) );
#12129 = VECTOR( '', #14163, 1000.00000000000 );
#12130 = CARTESIAN_POINT( '', ( -6.87500000000000, -21.0999999999995, 4.79999999999980 ) );
#12131 = VECTOR( '', #14164, 1000.00000000000 );
#12132 = COLOUR_RGB( '', 0.200000002980232, 0.200000002980232, 0.200000002980232 );
#12133 = CARTESIAN_POINT( '', ( 6.87500000000000, -22.2749999999988, 4.79999999999980 ) );
#12134 = CARTESIAN_POINT( '', ( 6.87500000000000, -22.2999999999990, 4.79999999999980 ) );
#12135 = VECTOR( '', #14165, 1000.00000000000 );
#12136 = CARTESIAN_POINT( '', ( 6.87500000000000, -22.7000000000000, 4.79999999999980 ) );
#12137 = CARTESIAN_POINT( '', ( 6.87500000000000, -21.0999999999995, 4.79999999999980 ) );
#12138 = VECTOR( '', #14166, 1000.00000000000 );
#12139 = CARTESIAN_POINT( '', ( 6.87500000000000, -22.7000000000000, 26.2000003620981 ) );
#12140 = VECTOR( '', #14167, 1000.00000000000 );
#12141 = COLOUR_RGB( '', 0.200000002980232, 0.200000002980232, 0.200000002980232 );
#12142 = CARTESIAN_POINT( '', ( -2.57500000000000, -22.7000000000000, 2.79999999999980 ) );
#12143 = CARTESIAN_POINT( '', ( -7.30000000000050, -22.6999999999995, 2.79999999999980 ) );
#12144 = CARTESIAN_POINT( '', ( 0.000000000000000, -22.7000000000000, 2.79999999999980 ) );
#12145 = VECTOR( '', #14168, 1000.00000000000 );
#12146 = CARTESIAN_POINT( '', ( -2.82499999999980, -22.4500000000000, 2.79999999999980 ) );
#12147 = VECTOR( '', #14169, 1000.00000000000 );
#12148 = CARTESIAN_POINT( '', ( -4.93750000000000, -22.1999999999990, 2.79999999999980 ) );
#12149 = VECTOR( '', #14170, 1000.00000000000 );
#12150 = CARTESIAN_POINT( '', ( -7.30000000000000, -22.6999999999990, 2.79999999999980 ) );
#12151 = VECTOR( '', #14171, 1000.00000000000 );
#12152 = COLOUR_RGB( '', 0.200000002980232, 0.200000002980232, 0.200000002980232 );
#12153 = CARTESIAN_POINT( '', ( -13.3999993331585, -15.7397672499048, -1.74989265102696E-014 ) );
#12154 = CARTESIAN_POINT( '', ( -13.3999993331730, -16.5999997766690, -6.39399400000000E-015 ) );
#12155 = VECTOR( '', #14172, 1000.00000000000 );
#12156 = CARTESIAN_POINT( '', ( -13.3999993331585, -15.7397672499036, -17.0000000000000 ) );
#12157 = CARTESIAN_POINT( '', ( -13.3999993331730, -16.5999997766690, -17.0000000000000 ) );
#12158 = VECTOR( '', #14173, 1000.00000000000 );
#12159 = CARTESIAN_POINT( '', ( -13.3999993331440, -15.7397672498420, -8.50000000000000 ) );
#12160 = VECTOR( '', #14174, 1000.00000000000 );
#12161 = COLOUR_RGB( '', 0.200000002980232, 0.200000002980232, 0.200000002980232 );
#12162 = CARTESIAN_POINT( '', ( -5.87500000000000, -19.4999999999988, 6.88196601124920 ) );
#12163 = CARTESIAN_POINT( '', ( -5.87500000000000, -19.4999999999990, 6.34999999999980 ) );
#12164 = CARTESIAN_POINT( '', ( -5.87500000000000, -19.4999999999990, 6.61598300562485 ) );
#12165 = VECTOR( '', #14175, 1000.00000000000 );
#12166 = CARTESIAN_POINT( '', ( -5.87500000000000, -20.0999999999990, 6.88196601124937 ) );
#12167 = CARTESIAN_POINT( '', ( -5.87500000000000, -20.6999999999990, 6.88196601124993 ) );
#12168 = VECTOR( '', #14176, 1000.00000000000 );
#12169 = CARTESIAN_POINT( '', ( -5.87500000000000, -20.0999999999990, 6.34999999999980 ) );
#12170 = CARTESIAN_POINT( '', ( -5.87500000000000, -20.0999999999990, 7.49999995958870 ) );
#12171 = VECTOR( '', #14177, 1000.00000000000 );
#12172 = CARTESIAN_POINT( '', ( -5.87500000000000, -19.7999999999990, 6.34999999999980 ) );
#12173 = VECTOR( '', #14178, 1000.00000000000 );
#12174 = COLOUR_RGB( '', 0.200000002980232, 0.200000002980232, 0.200000002980232 );
#12175 = CARTESIAN_POINT( '', ( 6.66826990652035E-007, -21.8999997766690, -2.30000000000000 ) );
#12176 = VECTOR( '', #14179, 1000.00000000000 );
#12177 = CARTESIAN_POINT( '', ( 6.66826990055724E-007, -19.8999997766690, -2.30000000000000 ) );
#12178 = VECTOR( '', #14180, 1000.00000000000 );
#12179 = COLOUR_RGB( '', 0.200000002980232, 0.200000002980232, 0.200000002980232 );
#12180 = CARTESIAN_POINT( '', ( 3.07499999999973, -19.5000024671960, 2.42053974630330 ) );
#12181 = CARTESIAN_POINT( '', ( 3.07499999999991, -22.2000000000000, 2.79999999999980 ) );
#12182 = VECTOR( '', #14181, 1000.00000000000 );
#12183 = CARTESIAN_POINT( '', ( 3.07499999999916, -10.1000000000002, 2.42053949009848 ) );
#12184 = CARTESIAN_POINT( '', ( 3.07499999999955, -16.3840359555891, 2.42053974630330 ) );
#12185 = VECTOR( '', #14182, 1000.00000000000 );
#12186 = CARTESIAN_POINT( '', ( 3.07499999999914, -10.1000000000000, 4.89428573602103 ) );
#12187 = CARTESIAN_POINT( '', ( 3.07499999999910, -10.1000000000000, 26.2000003620981 ) );
#12188 = VECTOR( '', #14183, 1000.00000000000 );
#12189 = CARTESIAN_POINT( '', ( 3.07499999999951, -16.3840359555891, 4.89428573602100 ) );
#12190 = VECTOR( '', #14184, 1000.00000000000 );
#12191 = CARTESIAN_POINT( '', ( 3.07499999999980, -21.8999999999990, 4.79999999999980 ) );
#12192 = CARTESIAN_POINT( '', ( 3.07499999999980, -21.8999999999990, 7.74999982594430 ) );
#12193 = VECTOR( '', #14185, 1000.00000000000 );
#12194 = CARTESIAN_POINT( '', ( 3.07499999999984, -22.2000000000000, 4.79999999999980 ) );
#12195 = CARTESIAN_POINT( '', ( 3.07499999999951, -16.3840359555891, 4.79999999999980 ) );
#12196 = VECTOR( '', #14186, 1000.00000000000 );
#12197 = CARTESIAN_POINT( '', ( 3.07499999999984, -22.2000000000000, 3.65741294221925 ) );
#12198 = VECTOR( '', #14187, 1000.00000000000 );
#12199 = COLOUR_RGB( '', 0.200000002980232, 0.200000002980232, 0.200000002980232 );
#12200 = CARTESIAN_POINT( '', ( 5.30000020116570, -16.1000001573940, -4.62592947597681E-015 ) );
#12201 = CARTESIAN_POINT( '', ( 6.60000020116570, -16.1000001573940, -4.04317070491319E-015 ) );
#12202 = CARTESIAN_POINT( '', ( 5.95000020116570, -16.1000001573940, -4.33680900000000E-015 ) );
#12203 = VECTOR( '', #14188, 1000.00000000000 );
#12204 = CARTESIAN_POINT( '', ( 6.60000020116570, -16.1000001573940, -8.50000000000000 ) );
#12205 = VECTOR( '', #14189, 1000.00000000000 );
#12206 = CARTESIAN_POINT( '', ( 5.30000020116570, -16.1000001573940, -8.50000000000000 ) );
#12207 = VECTOR( '', #14190, 1000.00000000000 );
#12208 = COLOUR_RGB( '', 0.200000002980232, 0.200000002980232, 0.200000002980232 );
#12209 = COLOUR_RGB( '', 0.200000002980232, 0.200000002980232, 0.200000002980232 );
#12210 = CARTESIAN_POINT( '', ( -0.749999798834300, -21.6000001573940, -4.91505005530628E-015 ) );
#12211 = CARTESIAN_POINT( '', ( -0.749999798834300, -20.8860572673430, -4.33680900000000E-015 ) );
#12212 = VECTOR( '', #14191, 1000.00000000000 );
#12213 = CARTESIAN_POINT( '', ( -0.749999798834300, -21.6000001573940, -14.0000000000000 ) );
#12214 = CARTESIAN_POINT( '', ( -0.749999798834300, -20.8860572673430, -14.0000000000000 ) );
#12215 = VECTOR( '', #14192, 1000.00000000000 );
#12216 = CARTESIAN_POINT( '', ( -0.749999798834300, -21.6000001573940, -7.50000000000000 ) );
#12217 = VECTOR( '', #14193, 1000.00000000000 );
#12218 = COLOUR_RGB( '', 0.200000002980232, 0.200000002980232, 0.200000002980232 );
#12219 = CARTESIAN_POINT( '', ( 14.0000000000000, -22.7000000000000, 39.7150839887128 ) );
#12220 = AXIS2_PLACEMENT_3D( '', #14194, #14195, #14196 );
#12221 = CARTESIAN_POINT( '', ( 14.0000000000000, -10.1000000000000, 39.7150839887127 ) );
#12222 = AXIS2_PLACEMENT_3D( '', #14197, #14198, #14199 );
#12223 = CARTESIAN_POINT( '', ( 14.0000000000000, -16.4000000000000, 39.7150839887140 ) );
#12224 = VECTOR( '', #14200, 1000.00000000000 );
#12225 = COLOUR_RGB( '', 0.200000002980232, 0.200000002980232, 0.200000002980232 );
#12226 = CARTESIAN_POINT( '', ( -3.29999933317300, -10.0999999002581, 18.4049999117850 ) );
#12227 = VECTOR( '', #14201, 1000.00000000000 );
#12228 = CARTESIAN_POINT( '', ( -3.29999933317300, -13.4675087551330, -8.50000000000000 ) );
#12229 = VECTOR( '', #14202, 1000.00000000000 );
#12230 = COLOUR_RGB( '', 0.200000002980232, 0.200000002980232, 0.200000002980232 );
#12231 = CARTESIAN_POINT( '', ( -3.37500000000000, -22.7000000000000, 10.7000000000000 ) );
#12232 = CARTESIAN_POINT( '', ( -3.37500000000000, -22.2999999999990, 10.7000000000000 ) );
#12233 = VECTOR( '', #14203, 1000.00000000000 );
#12234 = CARTESIAN_POINT( '', ( 0.000000000000000, -22.7000000000000, 10.7000000000000 ) );
#12235 = VECTOR( '', #14204, 1000.00000000000 );
#12236 = COLOUR_RGB( '', 0.200000002980232, 0.200000002980232, 0.200000002980232 );
#12237 = CARTESIAN_POINT( '', ( 6.50000066682700, -18.4708284700560, -16.9999999999997 ) );
#12238 = CARTESIAN_POINT( '', ( 6.50000066682700, -18.4708284700560, -8.50000000000000 ) );
#12239 = VECTOR( '', #14205, 1000.00000000000 );
#12240 = CARTESIAN_POINT( '', ( 6.50000066682700, -17.8034447349140, -17.0000000000000 ) );
#12241 = VECTOR( '', #14206, 1000.00000000000 );
#12242 = COLOUR_RGB( '', 0.200000002980232, 0.200000002980232, 0.200000002980232 );
#12243 = CARTESIAN_POINT( '', ( 7.99429521455694, -13.4000001573935, -1.85688707761030E-015 ) );
#12244 = CARTESIAN_POINT( '', ( 6.60000020116570, -14.7560912659350, -2.87661931749004E-015 ) );
#12245 = AXIS2_PLACEMENT_3D( '', #14207, #14208, #14209 );
#12246 = CARTESIAN_POINT( '', ( 7.99429521455780, -13.4000001573930, -8.50000000000000 ) );
#12247 = VECTOR( '', #14210, 1000.00000000000 );
#12248 = CARTESIAN_POINT( '', ( 6.60000020116570, -14.7560912659350, -8.50000000000000 ) );
#12249 = VECTOR( '', #14211, 1000.00000000000 );
#12250 = COLOUR_RGB( '', 0.200000002980232, 0.200000002980232, 0.200000002980232 );
#12251 = CARTESIAN_POINT( '', ( 5.85000066682700, -16.1194418683650, -17.0000000000000 ) );
#12252 = VECTOR( '', #14212, 1000.00000000000 );
#12253 = COLOUR_RGB( '', 0.200000002980232, 0.200000002980232, 0.200000002980232 );
#12254 = CARTESIAN_POINT( '', ( 7.30000000000000, -22.6999999999993, 4.79999999999980 ) );
#12255 = CARTESIAN_POINT( '', ( 7.04999999999965, -22.4499999999985, 4.79999999999980 ) );
#12256 = VECTOR( '', #14213, 1000.00000000000 );
#12257 = CARTESIAN_POINT( '', ( 0.000000000000000, -22.7000000000000, 4.79999999999980 ) );
#12258 = VECTOR( '', #14214, 1000.00000000000 );
#12259 = COLOUR_RGB( '', 0.200000002980232, 0.200000002980232, 0.200000002980232 );
#12260 = CARTESIAN_POINT( '', ( 1.40000020116608, -16.6000001573931, -3.46944695195362E-015 ) );
#12261 = AXIS2_PLACEMENT_3D( '', #14215, #14216, #14217 );
#12262 = COLOUR_RGB( '', 0.200000002980232, 0.200000002980232, 0.200000002980232 );
#12263 = CARTESIAN_POINT( '', ( 4.55000066682703, -17.1360609997720, -15.5000000000000 ) );
#12264 = CARTESIAN_POINT( '', ( 4.55000066682709, -17.1360609997720, -8.50000000000000 ) );
#12265 = VECTOR( '', #14218, 1000.00000000000 );
#12266 = CARTESIAN_POINT( '', ( 6.98492000350548E-007, -17.1360609997720, -15.5000000000000 ) );
#12267 = VECTOR( '', #14219, 1000.00000000000 );
#12268 = COLOUR_RGB( '', 0.200000002980232, 0.200000002980232, 0.200000002980232 );
#12269 = CARTESIAN_POINT( '', ( 100.000000000000, 2.44929359829471E-016, 91.0000000000000 ) );
#12270 = AXIS2_PLACEMENT_3D( '', #14220, #14221, #14222 );
#12271 = COLOUR_RGB( '', 0.200000002980232, 0.200000002980232, 0.200000002980232 );
#12272 = CARTESIAN_POINT( '', ( 14.0000000000000, -22.7000000000000, 44.3080892972013 ) );
#12273 = AXIS2_PLACEMENT_3D( '', #14223, #14224, #14225 );
#12274 = CARTESIAN_POINT( '', ( 14.0000000000000, -10.0999999989761, 44.3080892972014 ) );
#12275 = CARTESIAN_POINT( '', ( 14.0000000000000, -16.4000000000000, 44.3080892972010 ) );
#12276 = VECTOR( '', #14226, 1000.00000000000 );
#12277 = AXIS2_PLACEMENT_3D( '', #14227, #14228, #14229 );
#12278 = COLOUR_RGB( '', 0.200000002980232, 0.200000002980232, 0.200000002980232 );
#12279 = CARTESIAN_POINT( '', ( -10.5999993331730, -12.9476033031193, -5.66395901306060E-014 ) );
#12280 = AXIS2_PLACEMENT_3D( '', #14230, #14231, #14232 );
#12281 = CARTESIAN_POINT( '', ( -10.5999993331730, -12.9476033031190, -17.0000000000000 ) );
#12282 = AXIS2_PLACEMENT_3D( '', #14233, #14234, #14235 );
#12283 = CARTESIAN_POINT( '', ( -10.5999993331730, -12.9476033031190, -8.50000000000000 ) );
#12284 = VECTOR( '', #14236, 1000.00000000000 );
#12285 = COLOUR_RGB( '', 0.200000002980232, 0.200000002980232, 0.200000002980232 );
#12286 = CARTESIAN_POINT( '', ( 10.6000006668270, -10.8999997766690, -17.0000000000000 ) );
#12287 = CARTESIAN_POINT( '', ( 10.6000006668270, -10.8999997766690, -8.50000000000000 ) );
#12288 = VECTOR( '', #14237, 1000.00000000000 );
#12289 = CARTESIAN_POINT( '', ( 10.6000006668270, -12.9476033031191, -17.0000000000000 ) );
#12290 = CARTESIAN_POINT( '', ( 10.6000006668270, -16.4000000000000, -17.0000000000000 ) );
#12291 = VECTOR( '', #14238, 1000.00000000000 );
#12292 = CARTESIAN_POINT( '', ( 10.6000006668270, -12.9476033031190, -8.50000000000000 ) );
#12293 = VECTOR( '', #14239, 1000.00000000000 );
#12294 = COLOUR_RGB( '', 0.200000002980232, 0.200000002980232, 0.200000002980232 );
#12295 = CARTESIAN_POINT( '', ( -6.49999933343465, -14.7291710828411, -6.63166309627062E-013 ) );
#12296 = CARTESIAN_POINT( '', ( -6.49999933317300, -16.1194418683650, -4.98996013763125E-015 ) );
#12297 = CARTESIAN_POINT( '', ( -6.49999933317300, -16.4000000000000, -5.05757398496332E-015 ) );
#12298 = VECTOR( '', #14240, 1000.00000000000 );
#12299 = CARTESIAN_POINT( '', ( -6.49999933343465, -14.7291710828274, -17.0000000000007 ) );
#12300 = CARTESIAN_POINT( '', ( -6.49999933369630, -14.7291710823730, -8.50000000000000 ) );
#12301 = VECTOR( '', #14241, 1000.00000000000 );
#12302 = CARTESIAN_POINT( '', ( -6.49999933317300, -16.1194418683650, -17.0000000000000 ) );
#12303 = CARTESIAN_POINT( '', ( -6.49999933317300, -15.4243064752185, -17.0000000000000 ) );
#12304 = VECTOR( '', #14242, 1000.00000000000 );
#12305 = CARTESIAN_POINT( '', ( -6.49999933317300, -16.1194418683650, -8.50000000000000 ) );
#12306 = VECTOR( '', #14243, 1000.00000000000 );
#12307 = COLOUR_RGB( '', 0.200000002980232, 0.200000002980232, 0.200000002980232 );
#12308 = CARTESIAN_POINT( '', ( 10.5000002011660, -13.4000001573940, -4.33680868994202E-015 ) );
#12309 = CARTESIAN_POINT( '', ( 11.5057051877736, -13.4000001573940, -2.71438960529181E-015 ) );
#12310 = CARTESIAN_POINT( '', ( 9.75000020116590, -13.4000001573940, -4.33680868994202E-015 ) );
#12311 = VECTOR( '', #14244, 1000.00000000000 );
#12312 = CARTESIAN_POINT( '', ( 11.5057051877762, -13.4000001573942, -16.2000000000003 ) );
#12313 = CARTESIAN_POINT( '', ( 11.5057051877740, -13.4000001573940, -8.50000000000000 ) );
#12314 = VECTOR( '', #14245, 1000.00000000000 );
#12315 = CARTESIAN_POINT( '', ( 9.75000020116590, -13.4000001573940, -16.2000000000000 ) );
#12316 = VECTOR( '', #14246, 1000.00000000000 );
#12317 = CARTESIAN_POINT( '', ( 9.00000020116570, -13.4000001573940, -4.33680868994202E-015 ) );
#12318 = CARTESIAN_POINT( '', ( 9.75000020116590, -13.4000001573940, -4.33680868994202E-015 ) );
#12319 = VECTOR( '', #14247, 1000.00000000000 );
#12320 = CARTESIAN_POINT( '', ( 9.00000020116570, -13.4000001573940, -15.5000000000000 ) );
#12321 = CARTESIAN_POINT( '', ( 9.00000020116570, -13.4000001573940, -8.50000000000000 ) );
#12322 = VECTOR( '', #14248, 1000.00000000000 );
#12323 = CARTESIAN_POINT( '', ( 10.5000002011660, -13.4000001573940, -15.5000000000000 ) );
#12324 = CARTESIAN_POINT( '', ( 9.75000020116590, -13.4000001573940, -15.5000000000000 ) );
#12325 = VECTOR( '', #14249, 1000.00000000000 );
#12326 = CARTESIAN_POINT( '', ( 10.5000002011660, -13.4000001573940, -8.50000000000000 ) );
#12327 = VECTOR( '', #14250, 1000.00000000000 );
#12328 = COLOUR_RGB( '', 0.200000002980232, 0.200000002980232, 0.200000002980232 );
#12329 = CARTESIAN_POINT( '', ( -5.40000000000004, -16.3500000000000, 50.4000000000000 ) );
#12330 = AXIS2_PLACEMENT_3D( '', #14251, #14252, #14253 );
#12331 = CARTESIAN_POINT( '', ( -5.40000000000004, -16.3500000000000, 52.4000000000000 ) );
#12332 = AXIS2_PLACEMENT_3D( '', #14254, #14255, #14256 );
#12333 = COLOUR_RGB( '', 0.200000002980232, 0.200000002980232, 0.200000002980232 );
#12334 = CARTESIAN_POINT( '', ( 5.87500000000051, -20.6999999999990, 10.2000000000000 ) );
#12335 = VECTOR( '', #14257, 1000.00000000000 );
#12336 = CARTESIAN_POINT( '', ( 3.87500000000000, -20.9999999999990, 10.2000000000000 ) );
#12337 = VECTOR( '', #14258, 1000.00000000000 );
#12338 = COLOUR_RGB( '', 0.200000002980232, 0.200000002980232, 0.200000002980232 );
#12339 = CARTESIAN_POINT( '', ( -14.0000000000000, -22.7000000000000, 44.3080892972013 ) );
#12340 = CARTESIAN_POINT( '', ( -13.2981333293570, -22.7000000000000, 46.2364521262611 ) );
#12341 = AXIS2_PLACEMENT_3D( '', #14259, #14260, #14261 );
#12342 = CARTESIAN_POINT( '', ( -13.2981333293570, -10.1000000000000, 46.2364521262610 ) );
#12343 = CARTESIAN_POINT( '', ( -13.2981333293570, -16.4000000000000, 46.2364521262610 ) );
#12344 = VECTOR( '', #14262, 1000.00000000000 );
#12345 = CARTESIAN_POINT( '', ( -14.0000000000000, -10.1000000000000, 44.3080892972014 ) );
#12346 = AXIS2_PLACEMENT_3D( '', #14263, #14264, #14265 );
#12347 = CARTESIAN_POINT( '', ( -14.0000000000000, -16.4000000000000, 44.3080892972010 ) );
#12348 = VECTOR( '', #14266, 1000.00000000000 );
#12349 = COLOUR_RGB( '', 0.200000002980232, 0.200000002980232, 0.200000002980232 );
#12350 = CARTESIAN_POINT( '', ( -3.87500000000000, -19.4999999999990, 9.64999999999980 ) );
#12351 = CARTESIAN_POINT( '', ( -4.87500003003510, -19.4999999999990, 9.64999999999980 ) );
#12352 = VECTOR( '', #14267, 1000.00000000000 );
#12353 = CARTESIAN_POINT( '', ( -3.87500000000000, -20.0999999999990, 9.64999999999980 ) );
#12354 = CARTESIAN_POINT( '', ( -3.87500000000000, -20.6999999999990, 9.64999999999980 ) );
#12355 = VECTOR( '', #14268, 1000.00000000000 );
#12356 = CARTESIAN_POINT( '', ( -4.87500000000000, -20.0999999999990, 9.64999999999980 ) );
#12357 = VECTOR( '', #14269, 1000.00000000000 );
#12358 = COLOUR_RGB( '', 0.200000002980232, 0.200000002980232, 0.200000002980232 );
#12359 = CARTESIAN_POINT( '', ( 6.72737960729387, -22.7000000000000, 52.4000000000000 ) );
#12360 = CARTESIAN_POINT( '', ( 4.94396190653390E-014, -22.7000000000000, 52.4000000000000 ) );
#12361 = VECTOR( '', #14270, 1000.00000000000 );
#12362 = CARTESIAN_POINT( '', ( 6.72737960729355, -10.1000000000000, 52.4000000000000 ) );
#12363 = CARTESIAN_POINT( '', ( 6.72737960729410, -16.4000000000000, 52.4000000000000 ) );
#12364 = VECTOR( '', #14271, 1000.00000000000 );
#12365 = CARTESIAN_POINT( '', ( 0.000000000000000, -10.1000000000000, 52.4000000000000 ) );
#12366 = VECTOR( '', #14272, 1000.00000000000 );
#12367 = COLOUR_RGB( '', 0.200000002980232, 0.200000002980232, 0.200000002980232 );
#12368 = CARTESIAN_POINT( '', ( -6.87500000000000, -21.8999999999990, 6.39999999999980 ) );
#12369 = VECTOR( '', #14273, 1000.00000000000 );
#12370 = CARTESIAN_POINT( '', ( -6.87500000000000, -22.6999999999997, 4.79999999999980 ) );
#12371 = CARTESIAN_POINT( '', ( -6.87500000000000, -22.7000000000000, 26.2000003620981 ) );
#12372 = VECTOR( '', #14274, 1000.00000000000 );
#12373 = CARTESIAN_POINT( '', ( -6.87500000000000, -21.0999999999995, 4.79999999999980 ) );
#12374 = VECTOR( '', #14275, 1000.00000000000 );
#12375 = COLOUR_RGB( '', 0.200000002980232, 0.200000002980232, 0.200000002980232 );
#12376 = CARTESIAN_POINT( '', ( 7.06188041651740, -18.3140946077214, -17.0000000000000 ) );
#12377 = CARTESIAN_POINT( '', ( 11.3830365774238, -13.8618803727450, -17.0000000000000 ) );
#12378 = AXIS2_PLACEMENT_3D( '', #14276, #14277, #14278 );
#12379 = AXIS2_PLACEMENT_3D( '', #14279, #14280, #14281 );
#12380 = CARTESIAN_POINT( '', ( 6.60000020116573, -18.4439090488510, -16.2000000000000 ) );
#12381 = AXIS2_PLACEMENT_3D( '', #14282, #14283, #14284 );
#12382 = AXIS2_PLACEMENT_3D( '', #14285, #14286, #14287 );
#12383 = COLOUR_RGB( '', 0.200000002980232, 0.200000002980232, 0.200000002980232 );
#12384 = CARTESIAN_POINT( '', ( -5.29999979883430, -17.1000001573940, -4.62592947597681E-015 ) );
#12385 = CARTESIAN_POINT( '', ( -6.59999979883430, -17.1000001573940, -4.62592937262415E-015 ) );
#12386 = CARTESIAN_POINT( '', ( -5.94999979883430, -17.1000001573940, -4.33680900000000E-015 ) );
#12387 = VECTOR( '', #14288, 1000.00000000000 );
#12388 = CARTESIAN_POINT( '', ( -6.59999979883430, -17.1000001573940, -15.5000000000000 ) );
#12389 = CARTESIAN_POINT( '', ( -6.59999979883430, -17.1000001573940, -8.50000000000000 ) );
#12390 = VECTOR( '', #14289, 1000.00000000000 );
#12391 = CARTESIAN_POINT( '', ( -5.29999979883430, -17.1000001573940, -15.5000000000000 ) );
#12392 = CARTESIAN_POINT( '', ( -5.94999979883430, -17.1000001573940, -15.5000000000000 ) );
#12393 = VECTOR( '', #14290, 1000.00000000000 );
#12394 = CARTESIAN_POINT( '', ( -5.29999979883430, -17.1000001573940, -8.50000000000000 ) );
#12395 = VECTOR( '', #14291, 1000.00000000000 );
#12396 = COLOUR_RGB( '', 0.200000002980232, 0.200000002980232, 0.200000002980232 );
#12397 = CARTESIAN_POINT( '', ( 2.87499999999995, -22.4000000000000, 4.79999999999980 ) );
#12398 = CARTESIAN_POINT( '', ( 2.87500000000000, -22.2999999999990, 4.79999999999980 ) );
#12399 = VECTOR( '', #14292, 1000.00000000000 );
#12400 = CARTESIAN_POINT( '', ( 3.07499999999984, -22.2000000000000, 4.79999999999980 ) );
#12401 = CARTESIAN_POINT( '', ( 2.82499999999985, -22.4500000000000, 4.79999999999980 ) );
#12402 = VECTOR( '', #14293, 1000.00000000000 );
#12403 = CARTESIAN_POINT( '', ( 3.07499999999951, -16.3840359555891, 4.79999999999980 ) );
#12404 = VECTOR( '', #14294, 1000.00000000000 );
#12405 = COLOUR_RGB( '', 0.200000002980232, 0.200000002980232, 0.200000002980232 );
#12406 = COLOUR_RGB( '', 0.200000002980232, 0.200000002980232, 0.200000002980232 );
#12407 = CARTESIAN_POINT( '', ( 6.79999999999980, -19.5000012520863, 2.42053957395140 ) );
#12408 = CARTESIAN_POINT( '', ( 4.93750000000000, -19.5000024447210, 2.42053974630330 ) );
#12409 = VECTOR( '', #14295, 1000.00000000000 );
#12410 = CARTESIAN_POINT( '', ( 6.79999999999930, -10.1000000000000, 2.42053940469688 ) );
#12411 = CARTESIAN_POINT( '', ( 6.79999999999980, -16.3840359555889, 2.42053940469690 ) );
#12412 = VECTOR( '', #14296, 1000.00000000000 );
#12413 = CARTESIAN_POINT( '', ( 0.000000000000000, -10.1000000000000, 2.42053940469690 ) );
#12414 = VECTOR( '', #14297, 1000.00000000000 );
#12415 = COLOUR_RGB( '', 0.200000002980232, 0.200000002980232, 0.200000002980232 );
#12416 = CARTESIAN_POINT( '', ( 10.0000000000000, -22.7000000000000, 29.9142135623744 ) );
#12417 = CARTESIAN_POINT( '', ( 10.0000000000000, -22.7000000000000, 30.0822456142995 ) );
#12418 = VECTOR( '', #14298, 1000.00000000000 );
#12419 = CARTESIAN_POINT( '', ( 10.0000000000000, -10.0999999710767, 29.9142135623731 ) );
#12420 = CARTESIAN_POINT( '', ( 10.0000000000000, -16.4000000000000, 29.9142135623730 ) );
#12421 = VECTOR( '', #14299, 1000.00000000000 );
#12422 = CARTESIAN_POINT( '', ( 10.0000000000000, -10.1000000000000, 30.0822456142995 ) );
#12423 = VECTOR( '', #14300, 1000.00000000000 );
#12424 = COLOUR_RGB( '', 0.200000002980232, 0.200000002980232, 0.200000002980232 );
#12425 = CARTESIAN_POINT( '', ( 0.750000201165700, -21.6000001573940, -5.20417063463574E-015 ) );
#12426 = CARTESIAN_POINT( '', ( 2.01165699983269E-007, -21.6000001573940, -4.33680900000000E-015 ) );
#12427 = VECTOR( '', #14301, 1000.00000000000 );
#12428 = CARTESIAN_POINT( '', ( 0.750000201165700, -21.6000001573940, -14.0000000000000 ) );
#12429 = CARTESIAN_POINT( '', ( 2.03726834989600E-007, -21.6000001573940, -14.0000000000000 ) );
#12430 = VECTOR( '', #14302, 1000.00000000000 );
#12431 = CARTESIAN_POINT( '', ( 0.750000201165700, -21.6000001573940, -7.50000000000000 ) );
#12432 = VECTOR( '', #14303, 1000.00000000000 );
#12433 = COLOUR_RGB( '', 0.200000002980232, 0.200000002980232, 0.200000002980232 );
#12434 = CARTESIAN_POINT( '', ( -14.0000000000000, -22.7000000000000, 39.7150839887151 ) );
#12435 = AXIS2_PLACEMENT_3D( '', #14304, #14305, #14306 );
#12436 = CARTESIAN_POINT( '', ( -14.0000000000000, -10.0999999786267, 39.7150839887150 ) );
#12437 = CARTESIAN_POINT( '', ( -14.0000000000000, -16.4000000000000, 39.7150839887140 ) );
#12438 = VECTOR( '', #14307, 1000.00000000000 );
#12439 = AXIS2_PLACEMENT_3D( '', #14308, #14309, #14310 );
#12440 = COLOUR_RGB( '', 0.200000002980232, 0.200000002980232, 0.200000002980232 );
#12441 = CARTESIAN_POINT( '', ( 6.37499999999990, -21.8999999999984, 9.32287565553368 ) );
#12442 = CARTESIAN_POINT( '', ( 6.87500000000000, -21.8999999999990, 8.00000000000020 ) );
#12443 = AXIS2_PLACEMENT_3D( '', #14311, #14312, #14313 );
#12444 = CARTESIAN_POINT( '', ( 6.87500000000000, -22.7000000000000, 7.99999999999984 ) );
#12445 = CARTESIAN_POINT( '', ( 6.87500000000000, -22.2999999999990, 7.99999999999980 ) );
#12446 = VECTOR( '', #14314, 1000.00000000000 );
#12447 = CARTESIAN_POINT( '', ( 6.37499999999990, -22.6999999999994, 9.32287565553227 ) );
#12448 = AXIS2_PLACEMENT_3D( '', #14315, #14316, #14317 );
#12449 = CARTESIAN_POINT( '', ( 6.37499999999980, -22.2999999999990, 9.32287565553240 ) );
#12450 = VECTOR( '', #14318, 1000.00000000000 );
#12451 = COLOUR_RGB( '', 0.200000002980232, 0.200000002980232, 0.200000002980232 );
#12452 = CARTESIAN_POINT( '', ( -3.24999933316520, -14.7291710832680, -8.50000000000000 ) );
#12453 = VECTOR( '', #14319, 1000.00000000000 );
#12454 = COLOUR_RGB( '', 0.200000002980232, 0.200000002980232, 0.200000002980232 );
#12455 = CARTESIAN_POINT( '', ( 6.72737960729387, -22.7000000000000, 52.4000000000000 ) );
#12456 = AXIS2_PLACEMENT_3D( '', #14320, #14321, #14322 );
#12457 = CARTESIAN_POINT( '', ( 6.72737960729355, -10.1000000264980, 52.4000000000000 ) );
#12458 = AXIS2_PLACEMENT_3D( '', #14323, #14324, #14325 );
#12459 = CARTESIAN_POINT( '', ( 6.72737960729410, -16.4000000000000, 52.4000000000000 ) );
#12460 = VECTOR( '', #14326, 1000.00000000000 );
#12461 = COLOUR_RGB( '', 0.200000002980232, 0.200000002980232, 0.200000002980232 );
#12462 = CARTESIAN_POINT( '', ( 13.4000006668270, -17.4602323033740, -17.0000000000000 ) );
#12463 = AXIS2_PLACEMENT_3D( '', #14327, #14328, #14329 );
#12464 = CARTESIAN_POINT( '', ( 13.4000006668270, -17.4602323033730, -8.50000000000000 ) );
#12465 = VECTOR( '', #14330, 1000.00000000000 );
#12466 = COLOUR_RGB( '', 0.200000002980232, 0.200000002980232, 0.200000002980232 );
#12467 = CARTESIAN_POINT( '', ( 1.65000066682700, -20.8402827860917, -1.49999999999996 ) );
#12468 = CARTESIAN_POINT( '', ( 1.65000066682700, -21.7701412813805, -1.50000000000000 ) );
#12469 = VECTOR( '', #14331, 1000.00000000000 );
#12470 = AXIS2_PLACEMENT_3D( '', #14332, #14333, #14334 );
#12471 = COLOUR_RGB( '', 0.200000002980232, 0.200000002980232, 0.200000002980232 );
#12472 = CARTESIAN_POINT( '', ( 6.37500000000000, -20.0999999999990, 6.39999999999980 ) );
#12473 = VECTOR( '', #14335, 1000.00000000000 );
#12474 = CARTESIAN_POINT( '', ( 3.87500000000000, -20.0999999999990, 6.34999999999980 ) );
#12475 = CARTESIAN_POINT( '', ( 4.87500000714175, -20.0999999999990, 6.34999999999980 ) );
#12476 = VECTOR( '', #14336, 1000.00000000000 );
#12477 = CARTESIAN_POINT( '', ( 3.87500000000000, -20.0999999999990, 7.49999995958870 ) );
#12478 = VECTOR( '', #14337, 1000.00000000000 );
#12479 = COLOUR_RGB( '', 0.200000002980232, 0.200000002980232, 0.200000002980232 );
#12480 = CARTESIAN_POINT( '', ( -9.74999979883415, -13.4000001573940, -15.5000000000000 ) );
#12481 = VECTOR( '', #14338, 1000.00000000000 );
#12482 = COLOUR_RGB( '', 0.200000002980232, 0.200000002980232, 0.200000002980232 );
#12483 = CARTESIAN_POINT( '', ( -6.79999999999922, -10.1000000000000, 2.42053940469688 ) );
#12484 = CARTESIAN_POINT( '', ( -6.79999999999970, -16.3840359555889, 2.42053940469690 ) );
#12485 = VECTOR( '', #14339, 1000.00000000000 );
#12486 = CARTESIAN_POINT( '', ( -6.79999999999910, -10.1000000000000, 26.2000003620981 ) );
#12487 = VECTOR( '', #14340, 1000.00000000000 );
#12488 = COLOUR_RGB( '', 0.200000002980232, 0.200000002980232, 0.200000002980232 );
#12489 = CARTESIAN_POINT( '', ( -13.2213203435601, -22.7000000000000, 26.2786796564398 ) );
#12490 = AXIS2_PLACEMENT_3D( '', #14341, #14342, #14343 );
#12491 = CARTESIAN_POINT( '', ( 0.000000000000000, -22.7000000000000, -6.93889390390723E-015 ) );
#12492 = VECTOR( '', #14344, 1000.00000000000 );
#12493 = AXIS2_PLACEMENT_3D( '', #14345, #14346, #14347 );
#12494 = AXIS2_PLACEMENT_3D( '', #14348, #14349, #14350 );
#12495 = CARTESIAN_POINT( '', ( 13.7189233604782, -22.7000000000000, 38.4472292021364 ) );
#12496 = CARTESIAN_POINT( '', ( 11.9063077868260, -22.7000000000000, 34.5600625652775 ) );
#12497 = VECTOR( '', #14351, 1000.00000000000 );
#12498 = CARTESIAN_POINT( '', ( 14.0000000000000, -22.7000000000000, 39.7150839887128 ) );
#12499 = AXIS2_PLACEMENT_3D( '', #14352, #14353, #14354 );
#12500 = CARTESIAN_POINT( '', ( 14.0000000000000, -22.7000000000000, 42.0115866429575 ) );
#12501 = VECTOR( '', #14355, 1000.00000000000 );
#12502 = CARTESIAN_POINT( '', ( 4.94396190653390E-014, -22.7000000000000, 52.4000000000000 ) );
#12503 = VECTOR( '', #14356, 1000.00000000000 );
#12504 = CARTESIAN_POINT( '', ( -13.2981333293570, -22.7000000000000, 46.2364521262611 ) );
#12505 = CARTESIAN_POINT( '', ( -11.1618231330040, -22.7000000000000, 48.7824074776605 ) );
#12506 = VECTOR( '', #14357, 1000.00000000000 );
#12507 = CARTESIAN_POINT( '', ( -14.0000000000000, -22.7000000000000, 44.3080892972013 ) );
#12508 = AXIS2_PLACEMENT_3D( '', #14358, #14359, #14360 );
#12509 = CARTESIAN_POINT( '', ( -14.0000000000000, -22.7000000000000, 42.0115866429575 ) );
#12510 = VECTOR( '', #14361, 1000.00000000000 );
#12511 = CARTESIAN_POINT( '', ( -10.0000000000000, -22.7000000000000, 30.2502776662259 ) );
#12512 = AXIS2_PLACEMENT_3D( '', #14362, #14363, #14364 );
#12513 = CARTESIAN_POINT( '', ( -10.0000000000000, -22.7000000000000, 29.9142135623742 ) );
#12514 = CARTESIAN_POINT( '', ( -10.0000000000000, -22.7000000000000, 30.0822456142995 ) );
#12515 = VECTOR( '', #14365, 1000.00000000000 );
#12516 = CARTESIAN_POINT( '', ( -10.2928932188138, -22.7000000000000, 29.2071067811862 ) );
#12517 = AXIS2_PLACEMENT_3D( '', #14366, #14367, #14368 );
#12518 = CARTESIAN_POINT( '', ( -11.7571067811865, -22.7000000000000, 27.7428932188135 ) );
#12519 = VECTOR( '', #14369, 1000.00000000000 );
#12520 = CARTESIAN_POINT( '', ( 7.30000000000000, -22.6999999999993, 2.79999999999980 ) );
#12521 = CARTESIAN_POINT( '', ( 2.57500000000000, -22.7000000000000, 2.79999999999980 ) );
#12522 = CARTESIAN_POINT( '', ( 0.000000000000000, -22.7000000000000, 2.79999999999980 ) );
#12523 = VECTOR( '', #14370, 1000.00000000000 );
#12524 = CARTESIAN_POINT( '', ( 2.57500000000000, -22.7000000000000, 4.79999999999980 ) );
#12525 = CARTESIAN_POINT( '', ( 2.57500000000000, -22.7000000000000, 3.79999999999980 ) );
#12526 = VECTOR( '', #14371, 1000.00000000000 );
#12527 = CARTESIAN_POINT( '', ( 2.87500000000000, -22.6999999999997, 4.79999999999980 ) );
#12528 = CARTESIAN_POINT( '', ( 0.000000000000000, -22.7000000000000, 4.79999999999980 ) );
#12529 = VECTOR( '', #14372, 1000.00000000000 );
#12530 = CARTESIAN_POINT( '', ( 2.87500000000000, -22.7000000000000, 8.00000000000337 ) );
#12531 = CARTESIAN_POINT( '', ( 2.87500000000000, -22.7000000000000, 26.2000003620981 ) );
#12532 = VECTOR( '', #14373, 1000.00000000000 );
#12533 = CARTESIAN_POINT( '', ( 3.37500000000000, -22.7000000000000, 9.32287565553332 ) );
#12534 = AXIS2_PLACEMENT_3D( '', #14374, #14375, #14376 );
#12535 = CARTESIAN_POINT( '', ( 3.37500000000000, -22.7000000000000, 10.7000000000000 ) );
#12536 = CARTESIAN_POINT( '', ( 3.37500000000000, -22.7000000000000, 26.2000003620981 ) );
#12537 = VECTOR( '', #14377, 1000.00000000000 );
#12538 = CARTESIAN_POINT( '', ( 6.37500000000000, -22.7000000000000, 10.7000000000000 ) );
#12539 = CARTESIAN_POINT( '', ( 0.000000000000000, -22.7000000000000, 10.7000000000000 ) );
#12540 = VECTOR( '', #14378, 1000.00000000000 );
#12541 = CARTESIAN_POINT( '', ( 6.37500000000000, -22.7000000000000, 26.2000003620981 ) );
#12542 = VECTOR( '', #14379, 1000.00000000000 );
#12543 = CARTESIAN_POINT( '', ( 7.30000000000000, -22.6999999999990, 3.79999999999980 ) );
#12544 = VECTOR( '', #14380, 1000.00000000000 );
#12545 = CARTESIAN_POINT( '', ( -3.37500000000060, -22.7000000000000, 9.32287565553283 ) );
#12546 = AXIS2_PLACEMENT_3D( '', #14381, #14382, #14383 );
#12547 = CARTESIAN_POINT( '', ( -2.57500000000000, -22.7000000000000, 4.79999999999980 ) );
#12548 = CARTESIAN_POINT( '', ( 0.000000000000000, -22.7000000000000, 4.79999999999980 ) );
#12549 = VECTOR( '', #14384, 1000.00000000000 );
#12550 = CARTESIAN_POINT( '', ( -2.57500000000000, -22.7000000000000, 3.79999999999980 ) );
#12551 = VECTOR( '', #14385, 1000.00000000000 );
#12552 = CARTESIAN_POINT( '', ( -7.30000000000000, -22.7000000000000, 4.79999999999980 ) );
#12553 = CARTESIAN_POINT( '', ( -7.30000000000000, -22.6999999999990, 3.79999999999980 ) );
#12554 = VECTOR( '', #14386, 1000.00000000000 );
#12555 = CARTESIAN_POINT( '', ( 0.000000000000000, -22.7000000000000, 4.79999999999980 ) );
#12556 = VECTOR( '', #14387, 1000.00000000000 );
#12557 = CARTESIAN_POINT( '', ( -3.37500000000000, -22.7000000000000, 10.7000000000000 ) );
#12558 = CARTESIAN_POINT( '', ( 0.000000000000000, -22.7000000000000, 10.7000000000000 ) );
#12559 = VECTOR( '', #14388, 1000.00000000000 );
#12560 = CARTESIAN_POINT( '', ( -3.37500000000000, -22.7000000000000, 26.2000003620981 ) );
#12561 = VECTOR( '', #14389, 1000.00000000000 );
#12562 = COLOUR_RGB( '', 0.200000002980232, 0.200000002980232, 0.200000002980232 );
#12563 = CARTESIAN_POINT( '', ( -3.14999979883430, -17.1000001573940, -4.04317070491319E-015 ) );
#12564 = CARTESIAN_POINT( '', ( -4.44999979883430, -17.1000001573940, -5.20417063463574E-015 ) );
#12565 = CARTESIAN_POINT( '', ( -3.79999979883430, -17.1000001573940, -4.33680900000000E-015 ) );
#12566 = VECTOR( '', #14390, 1000.00000000000 );
#12567 = CARTESIAN_POINT( '', ( -4.44999979883430, -17.1000001573940, -14.0000000000000 ) );
#12568 = CARTESIAN_POINT( '', ( -4.44999979883430, -17.1000001573940, -7.50000000000000 ) );
#12569 = VECTOR( '', #14391, 1000.00000000000 );
#12570 = CARTESIAN_POINT( '', ( -3.14999979883430, -17.1000001573940, -14.0000000000000 ) );
#12571 = CARTESIAN_POINT( '', ( -3.79999971482905, -17.1000001573940, -14.0000000000000 ) );
#12572 = VECTOR( '', #14392, 1000.00000000000 );
#12573 = CARTESIAN_POINT( '', ( -3.14999979883430, -17.1000001573940, -8.50000000000000 ) );
#12574 = VECTOR( '', #14393, 1000.00000000000 );
#12575 = COLOUR_RGB( '', 0.200000002980232, 0.200000002980232, 0.200000002980232 );
#12576 = AXIS2_PLACEMENT_3D( '', #14394, #14395, #14396 );
#12577 = AXIS2_PLACEMENT_3D( '', #14397, #14398, #14399 );
#12578 = COLOUR_RGB( '', 0.200000002980232, 0.200000002980232, 0.200000002980232 );
#12579 = CARTESIAN_POINT( '', ( 4.87500000000025, -20.0999999999990, 10.2000000000000 ) );
#12580 = VECTOR( '', #14400, 1000.00000000000 );
#12581 = CARTESIAN_POINT( '', ( 4.87500005079750, -21.8999999999990, 10.2000000000000 ) );
#12582 = VECTOR( '', #14401, 1000.00000000000 );
#12583 = COLOUR_RGB( '', 0.200000002980232, 0.200000002980232, 0.200000002980232 );
#12584 = CARTESIAN_POINT( '', ( 8.90000066682895, -12.9476033031184, -16.9999999999993 ) );
#12585 = AXIS2_PLACEMENT_3D( '', #14402, #14403, #14404 );
#12586 = CARTESIAN_POINT( '', ( 8.90000066683090, -12.9476033031180, -8.50000000000000 ) );
#12587 = VECTOR( '', #14405, 1000.00000000000 );
#12588 = COLOUR_RGB( '', 0.200000002980232, 0.200000002980232, 0.200000002980232 );
#12589 = CARTESIAN_POINT( '', ( 3.87500000000000, -19.4999999999990, 6.34999999999980 ) );
#12590 = CARTESIAN_POINT( '', ( 3.87500000000000, -19.4999999999990, 6.61598300562485 ) );
#12591 = VECTOR( '', #14406, 1000.00000000000 );
#12592 = CARTESIAN_POINT( '', ( 3.87500000000000, -19.7999999999990, 6.34999999999980 ) );
#12593 = VECTOR( '', #14407, 1000.00000000000 );
#12594 = COLOUR_RGB( '', 0.200000002980232, 0.200000002980232, 0.200000002980232 );
#12595 = CARTESIAN_POINT( '', ( 6.66827049957894E-007, -19.8999997766690, -15.5000000000000 ) );
#12596 = VECTOR( '', #14408, 1000.00000000000 );
#12597 = CARTESIAN_POINT( '', ( -1.78115064622688, -19.8999997766690, -15.5000000000008 ) );
#12598 = CARTESIAN_POINT( '', ( 6.66827049957894E-007, -19.8999997766690, -15.5000000000000 ) );
#12599 = VECTOR( '', #14409, 1000.00000000000 );
#12600 = CARTESIAN_POINT( '', ( -1.78115064622860, -19.8999997766690, -8.50000000000000 ) );
#12601 = VECTOR( '', #14410, 1000.00000000000 );
#12602 = COLOUR_RGB( '', 0.200000002980232, 0.200000002980232, 0.200000002980232 );
#12603 = CARTESIAN_POINT( '', ( 3.37500000000000, -20.0999999999990, 7.99999999999961 ) );
#12604 = CARTESIAN_POINT( '', ( 3.37500000000000, -21.8999999999991, 7.99999999999973 ) );
#12605 = CARTESIAN_POINT( '', ( 3.37500000000000, -20.9999999999990, 7.99999999999980 ) );
#12606 = VECTOR( '', #14411, 1000.00000000000 );
#12607 = AXIS2_PLACEMENT_3D( '', #14412, #14413, #14414 );
#12608 = AXIS2_PLACEMENT_3D( '', #14415, #14416, #14417 );
#12609 = COLOUR_RGB( '', 0.200000002980232, 0.200000002980232, 0.200000002980232 );
#12610 = CARTESIAN_POINT( '', ( -2.82499999999980, -22.4500000000000, 4.79999999999980 ) );
#12611 = VECTOR( '', #14418, 1000.00000000000 );
#12612 = CARTESIAN_POINT( '', ( -2.82499999999980, -22.4500000000000, 4.79999999999980 ) );
#12613 = VECTOR( '', #14419, 1000.00000000000 );
#12614 = COLOUR_RGB( '', 0.200000002980232, 0.200000002980232, 0.200000002980232 );
#12615 = CARTESIAN_POINT( '', ( 3.37500000000000, -21.8999999999990, 6.39999999999980 ) );
#12616 = VECTOR( '', #14420, 1000.00000000000 );
#12617 = CARTESIAN_POINT( '', ( 3.37500000000000, -20.0999999999990, 6.39999999999980 ) );
#12618 = VECTOR( '', #14421, 1000.00000000000 );
#12619 = COLOUR_RGB( '', 0.200000002980232, 0.200000002980232, 0.200000002980232 );
#12620 = CARTESIAN_POINT( '', ( 3.37500000000000, -21.8999999999990, 10.7000000000000 ) );
#12621 = CARTESIAN_POINT( '', ( 3.37500000000000, -21.8999999999990, 10.0114378277673 ) );
#12622 = VECTOR( '', #14422, 1000.00000000000 );
#12623 = CARTESIAN_POINT( '', ( 3.37500000000000, -22.7000000000000, 10.7000000000000 ) );
#12624 = CARTESIAN_POINT( '', ( 3.37500000000000, -22.2999999999990, 10.7000000000000 ) );
#12625 = VECTOR( '', #14423, 1000.00000000000 );
#12626 = CARTESIAN_POINT( '', ( 3.37500000000000, -22.7000000000000, 26.2000003620981 ) );
#12627 = VECTOR( '', #14424, 1000.00000000000 );
#12628 = COLOUR_RGB( '', 0.200000002980232, 0.200000002980232, 0.200000002980232 );
#12629 = AXIS2_PLACEMENT_3D( '', #14425, #14426, #14427 );
#12630 = COLOUR_RGB( '', 0.200000002980232, 0.200000002980232, 0.200000002980232 );
#12631 = CARTESIAN_POINT( '', ( 3.37500000000000, -22.2999999999990, 10.7000000000000 ) );
#12632 = VECTOR( '', #14428, 1000.00000000000 );
#12633 = CARTESIAN_POINT( '', ( 3.37500000000000, -22.2999999999990, 9.32287565553460 ) );
#12634 = VECTOR( '', #14429, 1000.00000000000 );
#12635 = COLOUR_RGB( '', 0.200000002980232, 0.200000002980232, 0.200000002980232 );
#12636 = CARTESIAN_POINT( '', ( -5.40000000000004, -16.3500000000000, 50.4000000000000 ) );
#12637 = AXIS2_PLACEMENT_3D( '', #14430, #14431, #14432 );
#12638 = COLOUR_RGB( '', 0.200000002980232, 0.200000002980232, 0.200000002980232 );
#12639 = CARTESIAN_POINT( '', ( 14.1000000000000, -22.7000000000000, -4.06397659418063E-015 ) );
#12640 = CARTESIAN_POINT( '', ( -14.1000000000000, -22.7000000000000, -6.93074972618504E-015 ) );
#12641 = CARTESIAN_POINT( '', ( 0.000000000000000, -22.7000000000000, -3.46944700000000E-015 ) );
#12642 = VECTOR( '', #14433, 1000.00000000000 );
#12643 = CARTESIAN_POINT( '', ( -14.1000000000000, -10.1000000000000, -1.11311423362154E-014 ) );
#12644 = CARTESIAN_POINT( '', ( -14.1000000000000, -16.4000000000000, -6.93889400000000E-015 ) );
#12645 = VECTOR( '', #14434, 1000.00000000000 );
#12646 = CARTESIAN_POINT( '', ( 14.1000000000000, -10.1000000000000, -8.82632191133281E-015 ) );
#12647 = CARTESIAN_POINT( '', ( 0.000000000000000, -10.1000000000000, -1.30104260698260E-014 ) );
#12648 = VECTOR( '', #14435, 1000.00000000000 );
#12649 = CARTESIAN_POINT( '', ( 14.1000000000000, -16.4000000000000, -2.44327253521127E-017 ) );
#12650 = VECTOR( '', #14436, 1000.00000000000 );
#12651 = CARTESIAN_POINT( '', ( 0.900000201165700, -11.1000001573940, -4.26351061687038E-015 ) );
#12652 = CARTESIAN_POINT( '', ( 0.900000201165698, -16.4000000000000, -3.24955242268073E-015 ) );
#12653 = VECTOR( '', #14437, 1000.00000000000 );
#12654 = CARTESIAN_POINT( '', ( -3.14999979883430, -16.1000001573940, -4.62592937262415E-015 ) );
#12655 = CARTESIAN_POINT( '', ( -3.14999979883430, -16.6000001573935, -4.33680868994202E-015 ) );
#12656 = VECTOR( '', #14438, 1000.00000000000 );
#12657 = CARTESIAN_POINT( '', ( -4.44999979883430, -16.1000001573940, -4.91505005530628E-015 ) );
#12658 = CARTESIAN_POINT( '', ( -3.79999979883430, -16.1000001573940, -4.33680900000000E-015 ) );
#12659 = VECTOR( '', #14439, 1000.00000000000 );
#12660 = CARTESIAN_POINT( '', ( -4.44999979883430, -16.6000001573940, -4.33680900000000E-015 ) );
#12661 = VECTOR( '', #14440, 1000.00000000000 );
#12662 = CARTESIAN_POINT( '', ( -3.14999979883430, -16.6000001573935, -4.32325616278595E-015 ) );
#12663 = VECTOR( '', #14441, 1000.00000000000 );
#12664 = CARTESIAN_POINT( '', ( 0.750000201165700, -20.8860572673430, -4.33680900000000E-015 ) );
#12665 = VECTOR( '', #14442, 1000.00000000000 );
#12666 = CARTESIAN_POINT( '', ( 3.80000020116570, -16.1000001573940, -4.33680900000000E-015 ) );
#12667 = VECTOR( '', #14443, 1000.00000000000 );
#12668 = CARTESIAN_POINT( '', ( 2.40000020116570, -11.1000001573940, -3.85222641078035E-015 ) );
#12669 = CARTESIAN_POINT( '', ( 2.40000020116570, -16.4000000000000, -2.88306154239903E-015 ) );
#12670 = VECTOR( '', #14444, 1000.00000000000 );
#12671 = CARTESIAN_POINT( '', ( 1.65000020116570, -11.1000001573940, -4.33680900000000E-015 ) );
#12672 = VECTOR( '', #14445, 1000.00000000000 );
#12673 = CARTESIAN_POINT( '', ( 9.00000020116570, -11.1000001573940, -3.89549270276381E-015 ) );
#12674 = CARTESIAN_POINT( '', ( 9.00000020116570, -16.4000000000000, -1.27050166915960E-015 ) );
#12675 = VECTOR( '', #14446, 1000.00000000000 );
#12676 = CARTESIAN_POINT( '', ( 6.60000020116570, -16.6000001573935, -4.32325616278595E-015 ) );
#12677 = VECTOR( '', #14447, 1000.00000000000 );
#12678 = CARTESIAN_POINT( '', ( 5.30000020116570, -17.1000001573940, -4.62592947597681E-015 ) );
#12679 = CARTESIAN_POINT( '', ( 5.30000020116570, -16.6000001573940, -4.33680900000000E-015 ) );
#12680 = VECTOR( '', #14448, 1000.00000000000 );
#12681 = CARTESIAN_POINT( '', ( 6.60000020116570, -17.1000001573940, -4.62592937262415E-015 ) );
#12682 = CARTESIAN_POINT( '', ( 5.95000020116570, -17.1000001573940, -4.33680900000000E-015 ) );
#12683 = VECTOR( '', #14449, 1000.00000000000 );
#12684 = CARTESIAN_POINT( '', ( 6.60000020116575, -18.4439090488510, -6.58289651647399E-016 ) );
#12685 = CARTESIAN_POINT( '', ( 6.60000020116570, -16.6000001573935, -4.33680868994202E-015 ) );
#12686 = VECTOR( '', #14450, 1000.00000000000 );
#12687 = AXIS2_PLACEMENT_3D( '', #14451, #14452, #14453 );
#12688 = CARTESIAN_POINT( '', ( 10.5000002011660, -11.1000001573940, -3.80386998269337E-015 ) );
#12689 = CARTESIAN_POINT( '', ( 10.5000002011660, -16.4000000000000, -9.04010788877833E-016 ) );
#12690 = VECTOR( '', #14454, 1000.00000000000 );
#12691 = CARTESIAN_POINT( '', ( 9.75000020116585, -11.1000001573940, -4.33680900000000E-015 ) );
#12692 = VECTOR( '', #14455, 1000.00000000000 );
#12693 = CARTESIAN_POINT( '', ( -6.59999979883430, -16.1000001573940, -6.36968786670500E-015 ) );
#12694 = CARTESIAN_POINT( '', ( -5.29999979883430, -16.1000001573940, -4.62592947597681E-015 ) );
#12695 = CARTESIAN_POINT( '', ( -5.94999979883430, -16.1000001573940, -4.33680900000000E-015 ) );
#12696 = VECTOR( '', #14456, 1000.00000000000 );
#12697 = CARTESIAN_POINT( '', ( -6.59999979883845, -14.7560912659281, -5.42267109530945E-015 ) );
#12698 = CARTESIAN_POINT( '', ( -6.59999979883430, -16.6000001573935, -4.36391374425415E-015 ) );
#12699 = VECTOR( '', #14457, 1000.00000000000 );
#12700 = CARTESIAN_POINT( '', ( -7.99429481222630, -13.4000001573940, -5.09658032712283E-015 ) );
#12701 = AXIS2_PLACEMENT_3D( '', #14458, #14459, #14460 );
#12702 = CARTESIAN_POINT( '', ( -9.74999979883415, -13.4000001573940, -4.33680868994202E-015 ) );
#12703 = VECTOR( '', #14461, 1000.00000000000 );
#12704 = CARTESIAN_POINT( '', ( -11.5057047854429, -13.4000001573935, -5.08200682408917E-015 ) );
#12705 = CARTESIAN_POINT( '', ( -9.74999979883415, -13.4000001573940, -4.33680868994202E-015 ) );
#12706 = VECTOR( '', #14462, 1000.00000000000 );
#12707 = CARTESIAN_POINT( '', ( -6.59999979883845, -18.4439090488589, -5.08200682408917E-015 ) );
#12708 = AXIS2_PLACEMENT_3D( '', #14463, #14464, #14465 );
#12709 = CARTESIAN_POINT( '', ( -6.59999979883430, -16.6000001573935, -4.33680868994202E-015 ) );
#12710 = VECTOR( '', #14466, 1000.00000000000 );
#12711 = CARTESIAN_POINT( '', ( -5.29999979883430, -16.6000001573940, -4.33680900000000E-015 ) );
#12712 = VECTOR( '', #14467, 1000.00000000000 );
#12713 = COLOUR_RGB( '', 0.200000002980232, 0.200000002980232, 0.200000002980232 );
#12714 = CARTESIAN_POINT( '', ( -3.87500000000000, -20.9999999999990, 10.2000000000000 ) );
#12715 = VECTOR( '', #14468, 1000.00000000000 );
#12716 = CARTESIAN_POINT( '', ( -3.87500000000000, -19.4999999999990, 9.64999999999980 ) );
#12717 = CARTESIAN_POINT( '', ( -3.87500000000000, -20.6999999999990, 9.64999999999980 ) );
#12718 = VECTOR( '', #14469, 1000.00000000000 );
#12719 = CARTESIAN_POINT( '', ( -3.87500000000000, -19.4999999999991, 9.11803398874928 ) );
#12720 = CARTESIAN_POINT( '', ( -3.87500000000000, -19.4999999999990, 7.99999994287025 ) );
#12721 = VECTOR( '', #14470, 1000.00000000000 );
#12722 = CARTESIAN_POINT( '', ( -3.87500000000000, -20.6999999999991, 9.11803398874968 ) );
#12723 = VECTOR( '', #14471, 1000.00000000000 );
#12724 = COLOUR_RGB( '', 0.200000002980232, 0.200000002980232, 0.200000002980232 );
#12725 = CARTESIAN_POINT( '', ( 6.60000020116570, -16.6000001573935, -16.2000000000000 ) );
#12726 = VECTOR( '', #14472, 1000.00000000000 );
#12727 = CARTESIAN_POINT( '', ( 6.60000020116580, -18.4439090488520, -8.50000000000000 ) );
#12728 = VECTOR( '', #14473, 1000.00000000000 );
#12729 = CARTESIAN_POINT( '', ( 6.60000020116570, -17.1000001573940, -8.50000000000000 ) );
#12730 = VECTOR( '', #14474, 1000.00000000000 );
#12731 = COLOUR_RGB( '', 0.200000002980232, 0.200000002980232, 0.200000002980232 );
#12732 = CARTESIAN_POINT( '', ( 9.75000020116590, -13.8618803727450, -17.0000000000000 ) );
#12733 = VECTOR( '', #14475, 1000.00000000000 );
#12734 = COLOUR_RGB( '', 0.200000002980232, 0.200000002980232, 0.200000002980232 );
#12735 = CARTESIAN_POINT( '', ( 6.66827036883197E-007, -10.0999998391016, -3.29472797597681E-015 ) );
#12736 = CARTESIAN_POINT( '', ( 0.000000000000000, -10.0999998318951, 0.000000000000000 ) );
#12737 = VECTOR( '', #14476, 1000.00000000000 );
#12738 = CARTESIAN_POINT( '', ( 6.66827034000000E-007, -12.0499997766690, -3.38208740652639E-015 ) );
#12739 = AXIS2_PLACEMENT_3D( '', #14477, #14478, #14479 );
#12740 = CARTESIAN_POINT( '', ( 6.66827034000000E-007, -11.0749997766690, -3.12000900000000E-015 ) );
#12741 = VECTOR( '', #14480, 1000.00000000000 );
#12742 = COLOUR_RGB( '', 0.200000002980232, 0.200000002980232, 0.200000002980232 );
#12743 = CARTESIAN_POINT( '', ( 0.000000000000000, -10.0999998501745, 4.89428573602100 ) );
#12744 = VECTOR( '', #14481, 1000.00000000000 );
#12745 = COLOUR_RGB( '', 0.200000002980232, 0.200000002980232, 0.200000002980232 );
#12746 = CARTESIAN_POINT( '', ( -6.59999979884260, -14.7560912659210, -8.50000000000000 ) );
#12747 = VECTOR( '', #14482, 1000.00000000000 );
#12748 = CARTESIAN_POINT( '', ( -7.99429481222372, -13.4000001573942, -16.2000000000000 ) );
#12749 = AXIS2_PLACEMENT_3D( '', #14483, #14484, #14485 );
#12750 = CARTESIAN_POINT( '', ( -7.99429481222630, -13.4000001573940, -8.50000000000000 ) );
#12751 = VECTOR( '', #14486, 1000.00000000000 );
#12752 = COLOUR_RGB( '', 0.200000002980232, 0.200000002980232, 0.200000002980232 );
#12753 = CARTESIAN_POINT( '', ( 13.4000006668270, -15.7397672499647, -17.0000000000000 ) );
#12754 = CARTESIAN_POINT( '', ( 13.4000006668270, -15.7397672499650, -8.50000000000000 ) );
#12755 = VECTOR( '', #14487, 1000.00000000000 );
#12756 = CARTESIAN_POINT( '', ( 13.4000006668270, -16.5999997766690, -17.0000000000000 ) );
#12757 = VECTOR( '', #14488, 1000.00000000000 );
#12758 = COLOUR_RGB( '', 0.200000002980232, 0.200000002980232, 0.200000002980232 );
#12759 = CARTESIAN_POINT( '', ( 11.4000006668270, -10.0999997731866, -17.0000000000000 ) );
#12760 = CARTESIAN_POINT( '', ( 11.4000006668270, -12.3597167672460, -17.0000000000000 ) );
#12761 = CARTESIAN_POINT( '', ( 11.4000006668270, -16.4000000000000, -17.0000000000000 ) );
#12762 = VECTOR( '', #14489, 1000.00000000000 );
#12763 = CARTESIAN_POINT( '', ( 11.4000006668270, -10.0999999019358, 18.4049999117850 ) );
#12764 = VECTOR( '', #14490, 1000.00000000000 );
#12765 = CARTESIAN_POINT( '', ( 11.4000006668270, -12.3597167672460, -8.50000000000000 ) );
#12766 = VECTOR( '', #14491, 1000.00000000000 );
#12767 = COLOUR_RGB( '', 0.200000002980232, 0.200000002980232, 0.200000002980232 );
#12768 = AXIS2_PLACEMENT_3D( '', #14492, #14493, #14494 );
#12769 = COLOUR_RGB( '', 0.200000002980232, 0.200000002980232, 0.200000002980232 );
#12770 = COLOUR_RGB( '', 0.200000002980232, 0.200000002980232, 0.200000002980232 );
#12771 = CARTESIAN_POINT( '', ( 0.900000201165700, -11.1000001573940, -7.50000000000000 ) );
#12772 = VECTOR( '', #14495, 1000.00000000000 );
#12773 = COLOUR_RGB( '', 0.200000002980232, 0.200000002980232, 0.200000002980232 );
#12774 = CARTESIAN_POINT( '', ( 0.000000000000000, -22.7000000000000, 4.79999999999980 ) );
#12775 = VECTOR( '', #14496, 1000.00000000000 );
#12776 = COLOUR_RGB( '', 0.200000002980232, 0.200000002980232, 0.200000002980232 );
#12777 = CARTESIAN_POINT( '', ( -3.87500000000000, -19.4999999999990, 6.34999999999980 ) );
#12778 = CARTESIAN_POINT( '', ( -3.87500000000000, -19.4999999999992, 6.88196601124986 ) );
#12779 = CARTESIAN_POINT( '', ( -3.87500000000000, -19.4999999999990, 6.61598300562485 ) );
#12780 = VECTOR( '', #14497, 1000.00000000000 );
#12781 = CARTESIAN_POINT( '', ( -3.87500000000000, -20.0999999999990, 6.34999999999980 ) );
#12782 = CARTESIAN_POINT( '', ( -3.87500000000000, -19.7999999999990, 6.34999999999980 ) );
#12783 = VECTOR( '', #14498, 1000.00000000000 );
#12784 = CARTESIAN_POINT( '', ( -3.87500000000000, -20.0999999999990, 6.88196601124982 ) );
#12785 = CARTESIAN_POINT( '', ( -3.87500000000000, -20.0999999999990, 7.49999995958870 ) );
#12786 = VECTOR( '', #14499, 1000.00000000000 );
#12787 = CARTESIAN_POINT( '', ( -3.87500000000000, -20.6999999999991, 6.88196601124986 ) );
#12788 = VECTOR( '', #14500, 1000.00000000000 );
#12789 = COLOUR_RGB( '', 0.200000002980232, 0.200000002980232, 0.200000002980232 );
#12790 = CARTESIAN_POINT( '', ( 6.37500000000000, -21.8999999999990, 10.7000000000000 ) );
#12791 = CARTESIAN_POINT( '', ( 6.37500000000000, -21.8999999999990, 10.0114378277663 ) );
#12792 = VECTOR( '', #14501, 1000.00000000000 );
#12793 = CARTESIAN_POINT( '', ( 6.37500000000000, -22.7000000000000, 10.7000000000000 ) );
#12794 = CARTESIAN_POINT( '', ( 6.37500000000000, -22.7000000000000, 26.2000003620981 ) );
#12795 = VECTOR( '', #14502, 1000.00000000000 );
#12796 = CARTESIAN_POINT( '', ( 6.37500000000000, -22.2999999999990, 10.7000000000000 ) );
#12797 = VECTOR( '', #14503, 1000.00000000000 );
#12798 = COLOUR_RGB( '', 0.200000002980232, 0.200000002980232, 0.200000002980232 );
#12799 = CARTESIAN_POINT( '', ( 6.79999999999980, -19.5000012520863, 2.42053957395140 ) );
#12800 = CARTESIAN_POINT( '', ( 6.80000000000000, -22.1999999999987, 2.79999999999978 ) );
#12801 = CARTESIAN_POINT( '', ( 6.79999999999980, -19.5000024896700, 2.42053974630330 ) );
#12802 = VECTOR( '', #14504, 1000.00000000000 );
#12803 = CARTESIAN_POINT( '', ( 3.07499999999973, -19.5000024671960, 2.42053974630330 ) );
#12804 = CARTESIAN_POINT( '', ( 4.93750000000000, -19.5000024447210, 2.42053974630330 ) );
#12805 = VECTOR( '', #14505, 1000.00000000000 );
#12806 = CARTESIAN_POINT( '', ( 3.07500000000026, -22.1999999999995, 2.79999999999980 ) );
#12807 = CARTESIAN_POINT( '', ( 3.07499999999991, -22.2000000000000, 2.79999999999980 ) );
#12808 = VECTOR( '', #14506, 1000.00000000000 );
#12809 = CARTESIAN_POINT( '', ( 4.93750000000000, -22.1999999999990, 2.79999999999980 ) );
#12810 = VECTOR( '', #14507, 1000.00000000000 );
#12811 = COLOUR_RGB( '', 0.600000023841858, 0.466666668653488, 0.000000000000000 );
#12812 = CARTESIAN_POINT( '', ( 11.0000006668267, -16.5999997766690, -10.2500000000000 ) );
#12813 = AXIS2_PLACEMENT_3D( '', #14508, #14509, #14510 );
#12814 = COLOUR_RGB( '', 0.200000002980232, 0.200000002980232, 0.200000002980232 );
#12815 = CARTESIAN_POINT( '', ( 13.7189233604782, -10.0999999770546, 38.4472292021365 ) );
#12816 = CARTESIAN_POINT( '', ( 13.7189233604780, -10.0999999770545, 38.4472292021360 ) );
#12817 = VECTOR( '', #14511, 1000.00000000000 );
#12818 = CARTESIAN_POINT( '', ( 13.7189233604780, -16.4000000000000, 38.4472292021360 ) );
#12819 = VECTOR( '', #14512, 1000.00000000000 );
#12820 = COLOUR_RGB( '', 0.200000002980232, 0.200000002980232, 0.200000002980232 );
#12821 = CARTESIAN_POINT( '', ( 10.5000002011660, -11.1000001573940, -15.5000000000000 ) );
#12822 = CARTESIAN_POINT( '', ( 9.00000020116570, -11.1000001573940, -15.5000000000000 ) );
#12823 = CARTESIAN_POINT( '', ( 9.75000020116585, -11.1000001573940, -15.5000000000000 ) );
#12824 = VECTOR( '', #14513, 1000.00000000000 );
#12825 = CARTESIAN_POINT( '', ( 10.5000002011660, -12.2500001573940, -15.5000000000000 ) );
#12826 = VECTOR( '', #14514, 1000.00000000000 );
#12827 = CARTESIAN_POINT( '', ( 9.00000020116570, -12.2500001573940, -15.5000000000000 ) );
#12828 = VECTOR( '', #14515, 1000.00000000000 );
#12829 = COLOUR_RGB( '', 0.200000002980232, 0.200000002980232, 0.200000002980232 );
#12830 = CARTESIAN_POINT( '', ( 5.87500000000000, -20.0999999999990, 6.34999999999980 ) );
#12831 = CARTESIAN_POINT( '', ( 4.87500000714175, -20.0999999999990, 6.34999999999980 ) );
#12832 = VECTOR( '', #14516, 1000.00000000000 );
#12833 = CARTESIAN_POINT( '', ( 5.87500000000000, -19.7999999999990, 6.34999999999980 ) );
#12834 = VECTOR( '', #14517, 1000.00000000000 );
#12835 = COLOUR_RGB( '', 0.200000002980232, 0.200000002980232, 0.200000002980232 );
#12836 = CARTESIAN_POINT( '', ( -14.0000000000000, -22.7000000000000, 42.0115866429575 ) );
#12837 = VECTOR( '', #14518, 1000.00000000000 );
#12838 = CARTESIAN_POINT( '', ( -14.0000000000000, -10.1000000000000, 26.2000003620981 ) );
#12839 = VECTOR( '', #14519, 1000.00000000000 );
#12840 = COLOUR_RGB( '', 0.200000002980232, 0.200000002980232, 0.200000002980232 );
#12841 = CARTESIAN_POINT( '', ( 6.79999999999946, -10.1000000000000, 4.89428590682427 ) );
#12842 = CARTESIAN_POINT( '', ( 6.79999999999955, -14.5544932134314, 4.89428589790225 ) );
#12843 = VECTOR( '', #14520, 1000.00000000000 );
#12844 = CARTESIAN_POINT( '', ( 6.79999999999910, -10.1000000000000, 26.2000003620981 ) );
#12845 = VECTOR( '', #14521, 1000.00000000000 );
#12846 = CARTESIAN_POINT( '', ( 6.79999999999980, -19.5000024896700, 2.42053974630330 ) );
#12847 = VECTOR( '', #14522, 1000.00000000000 );
#12848 = CARTESIAN_POINT( '', ( 6.79999999999980, -22.1999999999990, 3.65741294221925 ) );
#12849 = VECTOR( '', #14523, 1000.00000000000 );
#12850 = CARTESIAN_POINT( '', ( 6.79999999999980, -21.8999999999990, 7.74999982594430 ) );
#12851 = VECTOR( '', #14524, 1000.00000000000 );
#12852 = COLOUR_RGB( '', 0.200000002980232, 0.200000002980232, 0.200000002980232 );
#12853 = CARTESIAN_POINT( '', ( -2.87500000000000, -22.7000000000000, 7.99999999999986 ) );
#12854 = CARTESIAN_POINT( '', ( -2.87500000000000, -22.2999999999990, 7.99999999999980 ) );
#12855 = VECTOR( '', #14525, 1000.00000000000 );
#12856 = CARTESIAN_POINT( '', ( -3.37500000000060, -22.7000000000000, 9.32287565553283 ) );
#12857 = AXIS2_PLACEMENT_3D( '', #14526, #14527, #14528 );
#12858 = CARTESIAN_POINT( '', ( -3.37500000000120, -22.2999999999990, 9.32287565553350 ) );
#12859 = VECTOR( '', #14529, 1000.00000000000 );
#12860 = COLOUR_RGB( '', 0.200000002980232, 0.200000002980232, 0.200000002980232 );
#12861 = CARTESIAN_POINT( '', ( 7.06188041651740, -16.6000001573935, -17.0000000000000 ) );
#12862 = VECTOR( '', #14530, 1000.00000000000 );
#12863 = COLOUR_RGB( '', 0.200000002980232, 0.200000002980232, 0.200000002980232 );
#12864 = CARTESIAN_POINT( '', ( 6.37500000000000, -21.8999999999990, 7.99999999999978 ) );
#12865 = CARTESIAN_POINT( '', ( 6.37500000000000, -20.0999999999990, 7.99999999999955 ) );
#12866 = CARTESIAN_POINT( '', ( 6.37500000000000, -20.9999999999990, 7.99999999999980 ) );
#12867 = VECTOR( '', #14531, 1000.00000000000 );
#12868 = CARTESIAN_POINT( '', ( 6.37500000000000, -20.0999999999990, 6.39999999999980 ) );
#12869 = VECTOR( '', #14532, 1000.00000000000 );
#12870 = CARTESIAN_POINT( '', ( 6.37500000000000, -21.8999999999990, 6.39999999999980 ) );
#12871 = VECTOR( '', #14533, 1000.00000000000 );
#12872 = COLOUR_RGB( '', 0.200000002980232, 0.200000002980232, 0.200000002980232 );
#12873 = CARTESIAN_POINT( '', ( -5.37507076232767, -17.8499997766690, -17.0000000000000 ) );
#12874 = CARTESIAN_POINT( '', ( -5.37507076232768, -17.8499997766690, -4.44981911659746E-015 ) );
#12875 = CARTESIAN_POINT( '', ( -5.37507076232750, -17.8499997766690, -8.50000000000000 ) );
#12876 = VECTOR( '', #14534, 1000.00000000000 );
#12877 = CARTESIAN_POINT( '', ( -4.54999933317300, -17.8499997766690, -17.0000000000000 ) );
#12878 = CARTESIAN_POINT( '', ( -4.87499933317295, -17.8499997766690, -17.0000000000000 ) );
#12879 = VECTOR( '', #14535, 1000.00000000000 );
#12880 = CARTESIAN_POINT( '', ( -4.54999933317292, -17.8499997766690, -15.5000000000000 ) );
#12881 = CARTESIAN_POINT( '', ( -4.54999933317295, -17.8499997766690, -8.50000000000000 ) );
#12882 = VECTOR( '', #14536, 1000.00000000000 );
#12883 = CARTESIAN_POINT( '', ( -4.37492790401766, -17.8499997766690, -15.5000000000000 ) );
#12884 = CARTESIAN_POINT( '', ( -4.87499933317295, -17.8499997766690, -15.5000000000000 ) );
#12885 = VECTOR( '', #14537, 1000.00000000000 );
#12886 = CARTESIAN_POINT( '', ( -4.37492790401770, -17.8499997766690, -8.60723473144232E-015 ) );
#12887 = CARTESIAN_POINT( '', ( -4.37492790401826, -17.8499997766689, -8.50000000000000 ) );
#12888 = VECTOR( '', #14538, 1000.00000000000 );
#12889 = CARTESIAN_POINT( '', ( -4.87499933317295, -17.8499997766690, -4.31110500000000E-015 ) );
#12890 = VECTOR( '', #14539, 1000.00000000000 );
#12891 = COLOUR_RGB( '', 0.200000002980232, 0.200000002980232, 0.200000002980232 );
#12892 = CARTESIAN_POINT( '', ( -3.37500000000000, -20.9999999999990, 7.99999999999980 ) );
#12893 = VECTOR( '', #14540, 1000.00000000000 );
#12894 = COLOUR_RGB( '', 0.200000002980232, 0.200000002980232, 0.200000002980232 );
#12895 = CARTESIAN_POINT( '', ( -5.29999979883430, -16.1000001573940, -15.5000000000000 ) );
#12896 = CARTESIAN_POINT( '', ( -5.29999979883430, -16.6000001282900, -15.5000000000000 ) );
#12897 = VECTOR( '', #14541, 1000.00000000000 );
#12898 = CARTESIAN_POINT( '', ( -5.29999979883430, -16.1000001573940, -8.50000000000000 ) );
#12899 = VECTOR( '', #14542, 1000.00000000000 );
#12900 = COLOUR_RGB( '', 0.200000002980232, 0.200000002980232, 0.200000002980232 );
#12901 = CARTESIAN_POINT( '', ( -3.87500000000000, -21.8999999999990, 10.2000000000000 ) );
#12902 = CARTESIAN_POINT( '', ( -3.87500000000000, -20.0999999999990, 10.2000000000000 ) );
#12903 = CARTESIAN_POINT( '', ( -3.87500000000000, -20.9999999999990, 10.2000000000000 ) );
#12904 = VECTOR( '', #14543, 1000.00000000000 );
#12905 = CARTESIAN_POINT( '', ( -3.87500000000000, -20.0999999999990, 9.65901699437480 ) );
#12906 = VECTOR( '', #14544, 1000.00000000000 );
#12907 = CARTESIAN_POINT( '', ( -3.87500000000000, -19.4999999999991, 9.11803398874928 ) );
#12908 = CARTESIAN_POINT( '', ( -3.87500000000000, -19.4999999999990, 7.99999994287025 ) );
#12909 = VECTOR( '', #14545, 1000.00000000000 );
#12910 = CARTESIAN_POINT( '', ( -3.87500000000000, -21.8999999999991, 9.11803398874965 ) );
#12911 = CARTESIAN_POINT( '', ( -3.87500000000000, -20.6999999999991, 9.11803398874968 ) );
#12912 = VECTOR( '', #14546, 1000.00000000000 );
#12913 = CARTESIAN_POINT( '', ( -3.87500000000000, -21.8999999999990, 9.65901699437480 ) );
#12914 = VECTOR( '', #14547, 1000.00000000000 );
#12915 = COLOUR_RGB( '', 0.200000002980232, 0.200000002980232, 0.200000002980232 );
#12916 = CARTESIAN_POINT( '', ( -5.87500000000000, -19.4999999999990, 9.64999999999980 ) );
#12917 = CARTESIAN_POINT( '', ( -4.87500003003510, -19.4999999999990, 9.64999999999980 ) );
#12918 = VECTOR( '', #14548, 1000.00000000000 );
#12919 = CARTESIAN_POINT( '', ( -5.87499999999973, -19.4999999999986, 9.11803398874995 ) );
#12920 = CARTESIAN_POINT( '', ( -5.87500000000000, -19.4999999999990, 7.99999994287025 ) );
#12921 = VECTOR( '', #14549, 1000.00000000000 );
#12922 = AXIS2_PLACEMENT_3D( '', #14550, #14551, #14552 );
#12923 = CARTESIAN_POINT( '', ( -3.87500000000000, -19.4999999999990, 6.34999999999980 ) );
#12924 = CARTESIAN_POINT( '', ( -4.87500000000000, -19.4999999999990, 6.34999999999980 ) );
#12925 = VECTOR( '', #14553, 1000.00000000000 );
#12926 = CARTESIAN_POINT( '', ( -3.87500000000000, -19.4999999999992, 6.88196601124986 ) );
#12927 = CARTESIAN_POINT( '', ( -3.87500000000000, -19.4999999999990, 6.61598300562485 ) );
#12928 = VECTOR( '', #14554, 1000.00000000000 );
#12929 = AXIS2_PLACEMENT_3D( '', #14555, #14556, #14557 );
#12930 = COLOUR_RGB( '', 0.200000002980232, 0.200000002980232, 0.200000002980232 );
#12931 = CARTESIAN_POINT( '', ( 14.0000000000000, -22.7000000000000, 44.3080892972013 ) );
#12932 = CARTESIAN_POINT( '', ( 14.0000000000000, -22.7000000000000, 42.0115866429575 ) );
#12933 = VECTOR( '', #14558, 1000.00000000000 );
#12934 = CARTESIAN_POINT( '', ( 14.0000000000000, -10.1000000000000, 44.3080892972014 ) );
#12935 = CARTESIAN_POINT( '', ( 14.0000000000000, -10.1000000000000, 26.2000003620981 ) );
#12936 = VECTOR( '', #14559, 1000.00000000000 );
#12937 = CARTESIAN_POINT( '', ( 14.0000000000000, -16.4000000000000, 44.3080892972010 ) );
#12938 = VECTOR( '', #14560, 1000.00000000000 );
#12939 = COLOUR_RGB( '', 0.200000002980232, 0.200000002980232, 0.200000002980232 );
#12940 = CARTESIAN_POINT( '', ( 2.57500000000000, -22.7000000000000, 4.79999999999980 ) );
#12941 = CARTESIAN_POINT( '', ( 2.87500000000000, -22.6999999999997, 4.79999999999980 ) );
#12942 = CARTESIAN_POINT( '', ( 0.000000000000000, -22.7000000000000, 4.79999999999980 ) );
#12943 = VECTOR( '', #14561, 1000.00000000000 );
#12944 = CARTESIAN_POINT( '', ( 2.87499999999995, -22.4000000000000, 4.79999999999980 ) );
#12945 = CARTESIAN_POINT( '', ( 2.82499999999985, -22.4500000000000, 4.79999999999980 ) );
#12946 = VECTOR( '', #14562, 1000.00000000000 );
#12947 = CARTESIAN_POINT( '', ( 2.87500000000000, -21.0999999999995, 4.79999999999980 ) );
#12948 = VECTOR( '', #14563, 1000.00000000000 );
#12949 = COLOUR_RGB( '', 0.200000002980232, 0.200000002980232, 0.200000002980232 );
#12950 = AXIS2_PLACEMENT_3D( '', #14564, #14565, #14566 );
#12951 = COLOUR_RGB( '', 0.200000002980232, 0.200000002980232, 0.200000002980232 );
#12952 = AXIS2_PLACEMENT_3D( '', #14567, #14568, #14569 );
#12953 = AXIS2_PLACEMENT_3D( '', #14570, #14571, #14572 );
#12954 = COLOUR_RGB( '', 0.200000002980232, 0.200000002980232, 0.200000002980232 );
#12955 = CARTESIAN_POINT( '', ( 0.000000000000000, -10.1000000000000, 2.42053940469690 ) );
#12956 = VECTOR( '', #14573, 1000.00000000000 );
#12957 = COLOUR_RGB( '', 0.200000002980232, 0.200000002980232, 0.200000002980232 );
#12958 = CARTESIAN_POINT( '', ( 0.750000201165700, -20.8860571239145, -14.0000000000000 ) );
#12959 = VECTOR( '', #14574, 1000.00000000000 );
#12960 = COLOUR_RGB( '', 0.200000002980232, 0.200000002980232, 0.200000002980232 );
#12961 = CARTESIAN_POINT( '', ( -3.24999933316890, -18.4708284700611, -15.5000000000008 ) );
#12962 = AXIS2_PLACEMENT_3D( '', #14575, #14576, #14577 );
#12963 = CARTESIAN_POINT( '', ( -3.24999933316480, -18.4708284700700, -8.50000000000000 ) );
#12964 = VECTOR( '', #14578, 1000.00000000000 );
#12965 = COLOUR_RGB( '', 0.200000002980232, 0.200000002980232, 0.200000002980232 );
#12966 = CARTESIAN_POINT( '', ( 3.80000018049035, -16.1000001573940, -14.0000000000000 ) );
#12967 = VECTOR( '', #14579, 1000.00000000000 );
#12968 = COLOUR_RGB( '', 0.200000002980232, 0.200000002980232, 0.200000002980232 );
#12969 = CARTESIAN_POINT( '', ( 3.07499999999916, -10.0999999603218, 2.42053949009849 ) );
#12970 = CARTESIAN_POINT( '', ( 3.07499999999955, -16.3840359555891, 2.42053974630330 ) );
#12971 = VECTOR( '', #14580, 1000.00000000000 );
#12972 = CARTESIAN_POINT( '', ( 3.07499999999910, -10.0999999009857, 18.4049999117850 ) );
#12973 = VECTOR( '', #14581, 1000.00000000000 );
#12974 = CARTESIAN_POINT( '', ( 3.07499999999984, -22.2000000000000, 3.65741294221925 ) );
#12975 = VECTOR( '', #14582, 1000.00000000000 );
#12976 = COLOUR_RGB( '', 0.200000002980232, 0.200000002980232, 0.200000002980232 );
#12977 = CARTESIAN_POINT( '', ( -14.1000000000000, -22.7000000000000, 24.1573593128809 ) );
#12978 = CARTESIAN_POINT( '', ( -14.1000000000000, -22.7000000000000, 12.0786796564405 ) );
#12979 = VECTOR( '', #14583, 1000.00000000000 );
#12980 = CARTESIAN_POINT( '', ( -14.1000000000000, -10.1000000000000, 24.1573593128808 ) );
#12981 = CARTESIAN_POINT( '', ( -14.1000000000000, -16.4000000000000, 24.1573593128810 ) );
#12982 = VECTOR( '', #14584, 1000.00000000000 );
#12983 = CARTESIAN_POINT( '', ( -14.1000000000000, -10.1000000000000, 26.2000003620981 ) );
#12984 = VECTOR( '', #14585, 1000.00000000000 );
#12985 = COLOUR_RGB( '', 0.200000002980232, 0.200000002980232, 0.200000002980232 );
#12986 = CARTESIAN_POINT( '', ( -3.37500000000000, -22.7000000000000, 26.2000003620981 ) );
#12987 = VECTOR( '', #14586, 1000.00000000000 );
#12988 = COLOUR_RGB( '', 0.200000002980232, 0.200000002980232, 0.200000002980232 );
#12989 = AXIS2_PLACEMENT_3D( '', #14587, #14588, #14589 );
#12990 = AXIS2_PLACEMENT_3D( '', #14590, #14591, #14592 );
#12991 = COLOUR_RGB( '', 0.200000002980232, 0.200000002980232, 0.200000002980232 );
#12992 = CARTESIAN_POINT( '', ( 8.90000066682700, -10.8999997766690, -17.0000000000000 ) );
#12993 = CARTESIAN_POINT( '', ( 8.90000066682700, -16.4000000000000, -17.0000000000000 ) );
#12994 = VECTOR( '', #14593, 1000.00000000000 );
#12995 = CARTESIAN_POINT( '', ( 8.90000066682700, -10.8999997766690, -8.50000000000000 ) );
#12996 = VECTOR( '', #14594, 1000.00000000000 );
#12997 = COLOUR_RGB( '', 0.200000002980232, 0.200000002980232, 0.200000002980232 );
#12998 = CARTESIAN_POINT( '', ( 6.66827036000000E-007, -12.0499997766690, -8.50000000000000 ) );
#12999 = VECTOR( '', #14595, 1000.00000000000 );
#13000 = COLOUR_RGB( '', 0.200000002980232, 0.200000002980232, 0.200000002980232 );
#13001 = CARTESIAN_POINT( '', ( -7.04999999999960, -22.4499999999985, 4.79999999999980 ) );
#13002 = VECTOR( '', #14596, 1000.00000000000 );
#13003 = COLOUR_RGB( '', 0.200000002980232, 0.200000002980232, 0.200000002980232 );
#13004 = CARTESIAN_POINT( '', ( 5.87500000000000, -19.4999999999990, 9.64999999999980 ) );
#13005 = CARTESIAN_POINT( '', ( 5.87500000000000, -20.6999999999990, 9.64999999999980 ) );
#13006 = VECTOR( '', #14597, 1000.00000000000 );
#13007 = CARTESIAN_POINT( '', ( 5.87500000000000, -19.4999999999990, 7.99999994287025 ) );
#13008 = VECTOR( '', #14598, 1000.00000000000 );
#13009 = COLOUR_RGB( '', 0.200000002980232, 0.200000002980232, 0.200000002980232 );
#13010 = COLOUR_RGB( '', 0.200000002980232, 0.200000002980232, 0.200000002980232 );
#13011 = CARTESIAN_POINT( '', ( -3.37500000000000, -21.8999999999990, 7.99999999999973 ) );
#13012 = AXIS2_PLACEMENT_3D( '', #14599, #14600, #14601 );
#13013 = AXIS2_PLACEMENT_3D( '', #14602, #14603, #14604 );
#13014 = CARTESIAN_POINT( '', ( -3.37500000000000, -20.0999999999989, 7.99999999999961 ) );
#13015 = AXIS2_PLACEMENT_3D( '', #14605, #14606, #14607 );
#13016 = CARTESIAN_POINT( '', ( -3.37500000000000, -20.9999999999990, 7.99999999999980 ) );
#13017 = VECTOR( '', #14608, 1000.00000000000 );
#13018 = COLOUR_RGB( '', 0.200000002980232, 0.200000002980232, 0.200000002980232 );
#13019 = CARTESIAN_POINT( '', ( -3.37500000000060, -21.8999999999992, 9.32287565553242 ) );
#13020 = AXIS2_PLACEMENT_3D( '', #14609, #14610, #14611 );
#13021 = CARTESIAN_POINT( '', ( -3.37500000000120, -22.2999999999990, 9.32287565553350 ) );
#13022 = VECTOR( '', #14612, 1000.00000000000 );
#13023 = COLOUR_RGB( '', 0.200000002980232, 0.200000002980232, 0.200000002980232 );
#13024 = CARTESIAN_POINT( '', ( -5.19999933317300, -16.1194418683650, -4.66173080931014E-015 ) );
#13025 = CARTESIAN_POINT( '', ( -5.19999933317300, -17.1360609997720, -4.66173080931014E-015 ) );
#13026 = CARTESIAN_POINT( '', ( -5.19999933317300, -16.6277514340685, -4.39051100000000E-015 ) );
#13027 = VECTOR( '', #14613, 1000.00000000000 );
#13028 = CARTESIAN_POINT( '', ( -5.19999933317300, -16.1194418683650, -17.0000000000000 ) );
#13029 = CARTESIAN_POINT( '', ( -5.19999933317300, -16.1194418683650, -8.50000000000000 ) );
#13030 = VECTOR( '', #14614, 1000.00000000000 );
#13031 = CARTESIAN_POINT( '', ( -5.19999933317300, -17.1360609997720, -17.0000000000000 ) );
#13032 = CARTESIAN_POINT( '', ( -5.19999933317300, -16.6277514340685, -17.0000000000000 ) );
#13033 = VECTOR( '', #14615, 1000.00000000000 );
#13034 = CARTESIAN_POINT( '', ( -5.19999933317300, -17.1360609997720, -8.50000000000000 ) );
#13035 = VECTOR( '', #14616, 1000.00000000000 );
#13036 = COLOUR_RGB( '', 0.200000002980232, 0.200000002980232, 0.200000002980232 );
#13037 = COLOUR_RGB( '', 0.200000002980232, 0.200000002980232, 0.200000002980232 );
#13038 = CARTESIAN_POINT( '', ( -4.87500000000025, -20.0999999999990, 10.2000000000000 ) );
#13039 = VECTOR( '', #14617, 1000.00000000000 );
#13040 = CARTESIAN_POINT( '', ( -4.87500005079740, -21.8999999999990, 10.2000000000000 ) );
#13041 = VECTOR( '', #14618, 1000.00000000000 );
#13042 = COLOUR_RGB( '', 0.200000002980232, 0.200000002980232, 0.200000002980232 );
#13043 = COLOUR_RGB( '', 0.200000002980232, 0.200000002980232, 0.200000002980232 );
#13044 = CARTESIAN_POINT( '', ( -11.5057047854435, -13.4000001573935, -16.2000000000000 ) );
#13045 = AXIS2_PLACEMENT_3D( '', #14619, #14620, #14621 );
#13046 = AXIS2_PLACEMENT_3D( '', #14622, #14623, #14624 );
#13047 = COLOUR_RGB( '', 0.200000002980232, 0.200000002980232, 0.200000002980232 );
#13048 = CARTESIAN_POINT( '', ( -3.87500000000000, -20.6999999999991, 6.88196601124986 ) );
#13049 = VECTOR( '', #14625, 1000.00000000000 );
#13050 = COLOUR_RGB( '', 0.200000002980232, 0.200000002980232, 0.200000002980232 );
#13051 = CARTESIAN_POINT( '', ( 4.55000066682700, -16.4000000000000, -15.5000000000000 ) );
#13052 = VECTOR( '', #14626, 1000.00000000000 );
#13053 = CARTESIAN_POINT( '', ( 1.65000066682701, -20.8402827860915, -15.5000000000000 ) );
#13054 = AXIS2_PLACEMENT_3D( '', #14627, #14628, #14629 );
#13055 = CARTESIAN_POINT( '', ( 1.65000066682700, -16.4000000000000, -15.5000000000000 ) );
#13056 = VECTOR( '', #14630, 1000.00000000000 );
#13057 = AXIS2_PLACEMENT_3D( '', #14631, #14632, #14633 );
#13058 = CARTESIAN_POINT( '', ( -4.54999933317290, -16.4000000000000, -15.5000000000000 ) );
#13059 = VECTOR( '', #14634, 1000.00000000000 );
#13060 = CARTESIAN_POINT( '', ( -3.24999933317300, -16.4000000000000, -15.5000000000000 ) );
#13061 = VECTOR( '', #14635, 1000.00000000000 );
#13062 = CARTESIAN_POINT( '', ( 6.66826994555163E-007, -21.8999997766690, -15.5000000000000 ) );
#13063 = VECTOR( '', #14636, 1000.00000000000 );
#13064 = COLOUR_RGB( '', 0.200000002980232, 0.200000002980232, 0.200000002980232 );
#13065 = CARTESIAN_POINT( '', ( 2.87500000000000, -22.2999999999990, 8.00000000000710 ) );
#13066 = VECTOR( '', #14637, 1000.00000000000 );
#13067 = CARTESIAN_POINT( '', ( 2.87500000000000, -21.0999999999995, 4.79999999999980 ) );
#13068 = VECTOR( '', #14638, 1000.00000000000 );
#13069 = COLOUR_RGB( '', 0.200000002980232, 0.200000002980232, 0.200000002980232 );
#13070 = CARTESIAN_POINT( '', ( 5.30000020116570, -17.1000001573940, -8.50000000000000 ) );
#13071 = VECTOR( '', #14639, 1000.00000000000 );
#13072 = COLOUR_RGB( '', 0.200000002980232, 0.200000002980232, 0.200000002980232 );
#13073 = CARTESIAN_POINT( '', ( 10.2928932188130, -10.1000000000000, 29.2071067811870 ) );
#13074 = VECTOR( '', #14640, 1000.00000000000 );
#13075 = CARTESIAN_POINT( '', ( 14.1000000000000, -10.1000000000000, 26.2000003620981 ) );
#13076 = VECTOR( '', #14641, 1000.00000000000 );
#13077 = CARTESIAN_POINT( '', ( -13.2213203435600, -10.1000000000000, 26.2786796564400 ) );
#13078 = AXIS2_PLACEMENT_3D( '', #14642, #14643, #14644 );
#13079 = CARTESIAN_POINT( '', ( -13.2213203435600, -10.1000000000000, 26.2786796564400 ) );
#13080 = VECTOR( '', #14645, 1000.00000000000 );
#13081 = CARTESIAN_POINT( '', ( -10.0000000000000, -10.1000000000000, 30.0822456142995 ) );
#13082 = VECTOR( '', #14646, 1000.00000000000 );
#13083 = CARTESIAN_POINT( '', ( -13.2981333293570, -10.1000000000000, 46.2364521262610 ) );
#13084 = VECTOR( '', #14647, 1000.00000000000 );
#13085 = AXIS2_PLACEMENT_3D( '', #14648, #14649, #14650 );
#13086 = CARTESIAN_POINT( '', ( 10.0000000000000, -10.1000000000000, 30.0822456142995 ) );
#13087 = VECTOR( '', #14651, 1000.00000000000 );
#13088 = CARTESIAN_POINT( '', ( 0.000000000000000, -10.1000000000000, 4.89428573602100 ) );
#13089 = VECTOR( '', #14652, 1000.00000000000 );
#13090 = COLOUR_RGB( '', 0.200000002980232, 0.200000002980232, 0.200000002980232 );
#13091 = CARTESIAN_POINT( '', ( 6.66827039766394E-007, -10.0999999006347, 18.4049999117850 ) );
#13092 = VECTOR( '', #14653, 1000.00000000000 );
#13093 = COLOUR_RGB( '', 0.200000002980232, 0.200000002980232, 0.200000002980232 );
#13094 = AXIS2_PLACEMENT_3D( '', #14654, #14655, #14656 );
#13095 = COLOUR_RGB( '', 0.200000002980232, 0.200000002980232, 0.200000002980232 );
#13096 = CARTESIAN_POINT( '', ( -5.87500000000051, -20.6999999999990, 10.2000000000000 ) );
#13097 = VECTOR( '', #14657, 1000.00000000000 );
#13098 = COLOUR_RGB( '', 0.200000002980232, 0.200000002980232, 0.200000002980232 );
#13099 = CARTESIAN_POINT( '', ( -13.2981333293570, -10.1000000030631, 46.2364521262610 ) );
#13100 = CARTESIAN_POINT( '', ( -13.2981333293570, -16.4000000000000, 46.2364521262610 ) );
#13101 = VECTOR( '', #14658, 1000.00000000000 );
#13102 = CARTESIAN_POINT( '', ( -14.0000000000000, -10.0999999994220, 44.3080892972014 ) );
#13103 = AXIS2_PLACEMENT_3D( '', #14659, #14660, #14661 );
#13104 = CARTESIAN_POINT( '', ( -14.0000000000000, -16.4000000000000, 44.3080892972010 ) );
#13105 = VECTOR( '', #14662, 1000.00000000000 );
#13106 = COLOUR_RGB( '', 0.200000002980232, 0.200000002980232, 0.200000002980232 );
#13107 = CARTESIAN_POINT( '', ( -8.09999933317300, -12.3597167672419, -17.0000000000000 ) );
#13108 = CARTESIAN_POINT( '', ( -5.37507076232756, -15.3499997766690, -17.0000000000000 ) );
#13109 = AXIS2_PLACEMENT_3D( '', #14663, #14664, #14665 );
#13110 = CARTESIAN_POINT( '', ( -8.09999933317300, -12.3597167672380, -8.50000000000000 ) );
#13111 = VECTOR( '', #14666, 1000.00000000000 );
#13112 = CARTESIAN_POINT( '', ( -5.37507076232750, -15.3499997766690, -8.50000000000000 ) );
#13113 = VECTOR( '', #14667, 1000.00000000000 );
#13114 = COLOUR_RGB( '', 0.200000002980232, 0.200000002980232, 0.200000002980232 );
#13115 = CARTESIAN_POINT( '', ( 5.87500000000000, -20.0999999999988, 6.88196601124936 ) );
#13116 = CARTESIAN_POINT( '', ( 5.87500000000000, -20.6999999999990, 6.88196601124990 ) );
#13117 = VECTOR( '', #14668, 1000.00000000000 );
#13118 = AXIS2_PLACEMENT_3D( '', #14669, #14670, #14671 );
#13119 = AXIS2_PLACEMENT_3D( '', #14672, #14673, #14674 );
#13120 = COLOUR_RGB( '', 0.200000002980232, 0.200000002980232, 0.200000002980232 );
#13121 = COLOUR_RGB( '', 0.200000002980232, 0.200000002980232, 0.200000002980232 );
#13122 = CARTESIAN_POINT( '', ( -4.54999933317295, -15.3499997766690, -17.0000000000000 ) );
#13123 = CARTESIAN_POINT( '', ( -4.54999933317300, -16.4000000000000, -17.0000000000000 ) );
#13124 = VECTOR( '', #14675, 1000.00000000000 );
#13125 = CARTESIAN_POINT( '', ( -4.54999933317295, -15.3499997766690, -8.50000000000000 ) );
#13126 = VECTOR( '', #14676, 1000.00000000000 );
#13127 = CARTESIAN_POINT( '', ( -4.54999933317295, -16.1194418683650, -8.50000000000000 ) );
#13128 = VECTOR( '', #14677, 1000.00000000000 );
#13129 = COLOUR_RGB( '', 0.200000002980232, 0.200000002980232, 0.200000002980232 );
#13130 = CARTESIAN_POINT( '', ( -3.37500000000000, -21.8999999999990, 10.7000000000000 ) );
#13131 = CARTESIAN_POINT( '', ( -3.37500000000000, -21.8999999999990, 10.0114378277673 ) );
#13132 = VECTOR( '', #14678, 1000.00000000000 );
#13133 = CARTESIAN_POINT( '', ( -3.37500000000000, -22.2999999999990, 10.7000000000000 ) );
#13134 = VECTOR( '', #14679, 1000.00000000000 );
#13135 = COLOUR_RGB( '', 0.200000002980232, 0.200000002980232, 0.200000002980232 );
#13136 = CARTESIAN_POINT( '', ( -4.87500000000000, -19.4999999999990, 6.34999999999980 ) );
#13137 = VECTOR( '', #14680, 1000.00000000000 );
#13138 = CARTESIAN_POINT( '', ( -4.87500000714170, -20.0999999999990, 6.34999999999980 ) );
#13139 = VECTOR( '', #14681, 1000.00000000000 );
#13140 = COLOUR_RGB( '', 0.200000002980232, 0.200000002980232, 0.200000002980232 );
#13141 = CARTESIAN_POINT( '', ( 7.04999999999965, -22.4499999999985, 2.79999999999980 ) );
#13142 = VECTOR( '', #14682, 1000.00000000000 );
#13143 = CARTESIAN_POINT( '', ( 2.82499999999985, -22.4500000000000, 2.79999999999980 ) );
#13144 = VECTOR( '', #14683, 1000.00000000000 );
#13145 = COLOUR_RGB( '', 0.200000002980232, 0.200000002980232, 0.200000002980232 );
#13146 = COLOUR_RGB( '', 0.200000002980232, 0.200000002980232, 0.200000002980232 );
#13147 = CARTESIAN_POINT( '', ( -3.14999979883430, -16.6000001573935, -14.7000000000000 ) );
#13148 = VECTOR( '', #14684, 1000.00000000000 );
#13149 = CARTESIAN_POINT( '', ( -3.14999979883430, -16.1000001573940, -14.0000000000000 ) );
#13150 = CARTESIAN_POINT( '', ( -3.14999979883430, -16.6000001573935, -14.0000000000000 ) );
#13151 = VECTOR( '', #14685, 1000.00000000000 );
#13152 = CARTESIAN_POINT( '', ( -3.14999979883430, -16.1000001573940, -8.50000000000000 ) );
#13153 = VECTOR( '', #14686, 1000.00000000000 );
#13154 = COLOUR_RGB( '', 0.200000002980232, 0.200000002980232, 0.200000002980232 );
#13155 = CARTESIAN_POINT( '', ( 2.82499999999985, -22.4500000000000, 4.79999999999980 ) );
#13156 = VECTOR( '', #14687, 1000.00000000000 );
#13157 = COLOUR_RGB( '', 0.200000002980232, 0.200000002980232, 0.200000002980232 );
#13158 = CARTESIAN_POINT( '', ( -11.5057047854420, -13.4000001573930, -8.50000000000000 ) );
#13159 = VECTOR( '', #14688, 1000.00000000000 );
#13160 = CARTESIAN_POINT( '', ( -6.59999979884260, -18.4439090488660, -8.50000000000000 ) );
#13161 = VECTOR( '', #14689, 1000.00000000000 );
#13162 = COLOUR_RGB( '', 0.200000002980232, 0.200000002980232, 0.200000002980232 );
#13163 = CARTESIAN_POINT( '', ( 10.5000002011660, -11.1000001573940, -8.50000000000000 ) );
#13164 = VECTOR( '', #14690, 1000.00000000000 );
#13165 = COLOUR_RGB( '', 0.200000002980232, 0.200000002980232, 0.200000002980232 );
#13166 = COLOUR_RGB( '', 0.200000002980232, 0.200000002980232, 0.200000002980232 );
#13167 = AXIS2_PLACEMENT_3D( '', #14691, #14692, #14693 );
#13168 = CARTESIAN_POINT( '', ( 1.65000066682702, -20.8402827860918, -8.50000000000012 ) );
#13169 = VECTOR( '', #14694, 1000.00000000000 );
#13170 = COLOUR_RGB( '', 0.200000002980232, 0.200000002980232, 0.200000002980232 );
#13171 = CARTESIAN_POINT( '', ( -4.87499933317295, -15.3499997766690, -17.0000000000000 ) );
#13172 = VECTOR( '', #14695, 1000.00000000000 );
#13173 = AXIS2_PLACEMENT_3D( '', #14696, #14697, #14698 );
#13174 = CARTESIAN_POINT( '', ( -11.3999993331730, -10.0999997671017, -17.0000000000000 ) );
#13175 = CARTESIAN_POINT( '', ( -11.3999993331730, -11.2298582719535, -17.0000000000000 ) );
#13176 = VECTOR( '', #14699, 1000.00000000000 );
#13177 = CARTESIAN_POINT( '', ( -8.09999933317300, -10.0999997705419, -17.0000000000000 ) );
#13178 = CARTESIAN_POINT( '', ( 0.000000000000000, -10.0999997684030, -17.0000000000000 ) );
#13179 = VECTOR( '', #14700, 1000.00000000000 );
#13180 = CARTESIAN_POINT( '', ( -8.09999933317300, -16.4000000000000, -17.0000000000000 ) );
#13181 = VECTOR( '', #14701, 1000.00000000000 );
#13182 = CARTESIAN_POINT( '', ( -5.84999933317305, -17.1360609997720, -17.0000000000000 ) );
#13183 = VECTOR( '', #14702, 1000.00000000000 );
#13184 = CARTESIAN_POINT( '', ( -5.84999933317300, -16.1194418683650, -17.0000000000000 ) );
#13185 = VECTOR( '', #14703, 1000.00000000000 );
#13186 = CARTESIAN_POINT( '', ( -8.89999933317300, -12.9476033031191, -17.0000000000013 ) );
#13187 = AXIS2_PLACEMENT_3D( '', #14704, #14705, #14706 );
#13188 = CARTESIAN_POINT( '', ( -8.89999933317300, -16.4000000000000, -17.0000000000000 ) );
#13189 = VECTOR( '', #14707, 1000.00000000000 );
#13190 = CARTESIAN_POINT( '', ( -10.5999993331730, -16.4000000000000, -17.0000000000000 ) );
#13191 = VECTOR( '', #14708, 1000.00000000000 );
#13192 = COLOUR_RGB( '', 0.200000002980232, 0.200000002980232, 0.200000002980232 );
#13193 = CARTESIAN_POINT( '', ( -5.87499999999947, -20.6999999999990, 9.11803398875006 ) );
#13194 = VECTOR( '', #14709, 1000.00000000000 );
#13195 = CARTESIAN_POINT( '', ( -5.87500000000000, -20.6999999999990, 9.64999999999980 ) );
#13196 = VECTOR( '', #14710, 1000.00000000000 );
#13197 = COLOUR_RGB( '', 0.200000002980232, 0.200000002980232, 0.200000002980232 );
#13198 = CARTESIAN_POINT( '', ( -13.2213203435601, -22.7000000000000, 26.2786796564398 ) );
#13199 = AXIS2_PLACEMENT_3D( '', #14711, #14712, #14713 );
#13200 = CARTESIAN_POINT( '', ( 14.1000000000000, -22.7000000000000, 12.0786796564405 ) );
#13201 = VECTOR( '', #14714, 1000.00000000000 );
#13202 = CARTESIAN_POINT( '', ( 11.7571067811865, -22.7000000000000, 27.7428932188135 ) );
#13203 = VECTOR( '', #14715, 1000.00000000000 );
#13204 = CARTESIAN_POINT( '', ( 10.0000000000000, -22.7000000000000, 30.0822456142995 ) );
#13205 = VECTOR( '', #14716, 1000.00000000000 );
#13206 = AXIS2_PLACEMENT_3D( '', #14717, #14718, #14719 );
#13207 = CARTESIAN_POINT( '', ( -11.1618231330040, -22.7000000000000, 48.7824074776605 ) );
#13208 = VECTOR( '', #14720, 1000.00000000000 );
#13209 = CARTESIAN_POINT( '', ( -10.0000000000000, -22.7000000000000, 30.0822456142995 ) );
#13210 = VECTOR( '', #14721, 1000.00000000000 );
#13211 = CARTESIAN_POINT( '', ( -11.7571067811865, -22.7000000000000, 27.7428932188135 ) );
#13212 = VECTOR( '', #14722, 1000.00000000000 );
#13213 = CARTESIAN_POINT( '', ( -2.87500000000000, -22.6999999999997, 4.79999999999980 ) );
#13214 = CARTESIAN_POINT( '', ( -2.87500000000000, -22.7000000000000, 26.2000003620981 ) );
#13215 = VECTOR( '', #14723, 1000.00000000000 );
#13216 = CARTESIAN_POINT( '', ( 0.000000000000000, -22.7000000000000, 4.79999999999980 ) );
#13217 = VECTOR( '', #14724, 1000.00000000000 );
#13218 = CARTESIAN_POINT( '', ( 0.000000000000000, -22.7000000000000, 2.79999999999980 ) );
#13219 = VECTOR( '', #14725, 1000.00000000000 );
#13220 = CARTESIAN_POINT( '', ( 2.57500000000000, -22.7000000000000, 3.79999999999980 ) );
#13221 = VECTOR( '', #14726, 1000.00000000000 );
#13222 = CARTESIAN_POINT( '', ( 2.87500000000000, -22.7000000000000, 26.2000003620981 ) );
#13223 = VECTOR( '', #14727, 1000.00000000000 );
#13224 = CARTESIAN_POINT( '', ( 0.000000000000000, -22.7000000000000, 10.7000000000000 ) );
#13225 = VECTOR( '', #14728, 1000.00000000000 );
#13226 = CARTESIAN_POINT( '', ( 6.87500000000000, -22.7000000000000, 4.79999999999980 ) );
#13227 = CARTESIAN_POINT( '', ( 6.87500000000000, -22.7000000000000, 26.2000003620981 ) );
#13228 = VECTOR( '', #14729, 1000.00000000000 );
#13229 = CARTESIAN_POINT( '', ( 7.30000000000000, -22.6999999999993, 4.79999999999980 ) );
#13230 = CARTESIAN_POINT( '', ( 0.000000000000000, -22.7000000000000, 4.79999999999980 ) );
#13231 = VECTOR( '', #14730, 1000.00000000000 );
#13232 = CARTESIAN_POINT( '', ( 7.30000000000000, -22.6999999999990, 3.79999999999980 ) );
#13233 = VECTOR( '', #14731, 1000.00000000000 );
#13234 = COLOUR_RGB( '', 0.200000002980232, 0.200000002980232, 0.200000002980232 );
#13235 = CARTESIAN_POINT( '', ( 0.000000000000000, 2.44929359829471E-016, 91.0000000000000 ) );
#13236 = AXIS2_PLACEMENT_3D( '', #14732, #14733, #14734 );
#13237 = COLOUR_RGB( '', 0.200000002980232, 0.200000002980232, 0.200000002980232 );
#13238 = CARTESIAN_POINT( '', ( -6.37500000000000, -21.8999999999992, 7.99999999999978 ) );
#13239 = CARTESIAN_POINT( '', ( -6.37500000000000, -20.0999999999990, 7.99999999999955 ) );
#13240 = CARTESIAN_POINT( '', ( -6.37500000000000, -20.9999999999990, 7.99999999999980 ) );
#13241 = VECTOR( '', #14735, 1000.00000000000 );
#13242 = AXIS2_PLACEMENT_3D( '', #14736, #14737, #14738 );
#13243 = AXIS2_PLACEMENT_3D( '', #14739, #14740, #14741 );
#13244 = AXIS2_PLACEMENT_3D( '', #14742, #14743, #14744 );
#13245 = COLOUR_RGB( '', 0.200000002980232, 0.200000002980232, 0.200000002980232 );
#13246 = COLOUR_RGB( '', 0.200000002980232, 0.200000002980232, 0.200000002980232 );
#13247 = CARTESIAN_POINT( '', ( -13.2981333293570, -10.1000000030631, 46.2364521262610 ) );
#13248 = VECTOR( '', #14745, 1000.00000000000 );
#13249 = COLOUR_RGB( '', 0.200000002980232, 0.200000002980232, 0.200000002980232 );
#13250 = COLOUR_RGB( '', 0.200000002980232, 0.200000002980232, 0.200000002980232 );
#13251 = COLOUR_RGB( '', 0.200000002980232, 0.200000002980232, 0.200000002980232 );
#13252 = CARTESIAN_POINT( '', ( 5.87500000000000, -20.0999999999990, 7.49999995958870 ) );
#13253 = VECTOR( '', #14746, 1000.00000000000 );
#13254 = COLOUR_RGB( '', 0.200000002980232, 0.200000002980232, 0.200000002980232 );
#13255 = CARTESIAN_POINT( '', ( -3.24999933317300, -16.1194418683650, -8.50000000000000 ) );
#13256 = VECTOR( '', #14747, 1000.00000000000 );
#13257 = COLOUR_RGB( '', 0.200000002980232, 0.200000002980232, 0.200000002980232 );
#13258 = CARTESIAN_POINT( '', ( -6.59999979883430, -16.1000001573940, -15.5000000000000 ) );
#13259 = CARTESIAN_POINT( '', ( -6.59999979883430, -16.1000001573940, -8.50000000000000 ) );
#13260 = VECTOR( '', #14748, 1000.00000000000 );
#13261 = CARTESIAN_POINT( '', ( -6.59999979883430, -16.6000001573935, -15.5000000000000 ) );
#13262 = VECTOR( '', #14749, 1000.00000000000 );
#13263 = COLOUR_RGB( '', 0.200000002980232, 0.200000002980232, 0.200000002980232 );
#13264 = CARTESIAN_POINT( '', ( 6.87500000000000, -21.0999999999995, 4.79999999999980 ) );
#13265 = VECTOR( '', #14750, 1000.00000000000 );
#13266 = CARTESIAN_POINT( '', ( 6.87500000000000, -21.8999999999990, 6.39999999999980 ) );
#13267 = VECTOR( '', #14751, 1000.00000000000 );
#13268 = COLOUR_RGB( '', 0.200000002980232, 0.200000002980232, 0.200000002980232 );
#13269 = CARTESIAN_POINT( '', ( 7.04999999999965, -22.4499999999985, 4.79999999999980 ) );
#13270 = VECTOR( '', #14752, 1000.00000000000 );
#13271 = COLOUR_RGB( '', 0.200000002980232, 0.200000002980232, 0.200000002980232 );
#13272 = CARTESIAN_POINT( '', ( 4.55000066682700, -16.4000000000000, -17.0000000000000 ) );
#13273 = VECTOR( '', #14753, 1000.00000000000 );
#13274 = CARTESIAN_POINT( '', ( 0.000000000000000, -10.0999997684030, -17.0000000000000 ) );
#13275 = VECTOR( '', #14754, 1000.00000000000 );
#13276 = CARTESIAN_POINT( '', ( 9.75000066682700, -10.8999997766690, -17.0000000000000 ) );
#13277 = VECTOR( '', #14755, 1000.00000000000 );
#13278 = COLOUR_RGB( '', 0.200000002980232, 0.200000002980232, 0.200000002980232 );
#13279 = CARTESIAN_POINT( '', ( -6.37500000000000, -21.8999999999990, 6.39999999999980 ) );
#13280 = VECTOR( '', #14756, 1000.00000000000 );
#13281 = CARTESIAN_POINT( '', ( -6.37500000000000, -20.0999999999990, 6.39999999999980 ) );
#13282 = VECTOR( '', #14757, 1000.00000000000 );
#13283 = COLOUR_RGB( '', 0.200000002980232, 0.200000002980232, 0.200000002980232 );
#13284 = CARTESIAN_POINT( '', ( -3.37500000000000, -20.0999999999990, 6.39999999999980 ) );
#13285 = VECTOR( '', #14758, 1000.00000000000 );
#13286 = CARTESIAN_POINT( '', ( -3.37500000000000, -21.8999999999990, 6.39999999999980 ) );
#13287 = VECTOR( '', #14759, 1000.00000000000 );
#13288 = COLOUR_RGB( '', 0.200000002980232, 0.200000002980232, 0.200000002980232 );
#13289 = CARTESIAN_POINT( '', ( -4.37492790401840, -15.3499997766690, -8.50000000000000 ) );
#13290 = VECTOR( '', #14760, 1000.00000000000 );
#13291 = COLOUR_RGB( '', 0.200000002980232, 0.200000002980232, 0.200000002980232 );
#13292 = CARTESIAN_POINT( '', ( -10.5999993331730, -11.9238015398940, -5.70987800000000E-015 ) );
#13293 = VECTOR( '', #14761, 1000.00000000000 );
#13294 = COLOUR_RGB( '', 0.200000002980232, 0.200000002980232, 0.200000002980232 );
#13295 = CARTESIAN_POINT( '', ( 14.0000000000000, -10.0999999794383, 39.7150839887127 ) );
#13296 = AXIS2_PLACEMENT_3D( '', #14762, #14763, #14764 );
#13297 = CARTESIAN_POINT( '', ( 14.0000000000000, -16.4000000000000, 39.7150839887140 ) );
#13298 = VECTOR( '', #14765, 1000.00000000000 );
#13299 = COLOUR_RGB( '', 0.200000002980232, 0.200000002980232, 0.200000002980232 );
#13300 = CARTESIAN_POINT( '', ( 2.40000020116570, -11.1000001573940, -7.50000000000000 ) );
#13301 = VECTOR( '', #14766, 1000.00000000000 );
#13302 = COLOUR_RGB( '', 0.200000002980232, 0.200000002980232, 0.200000002980232 );
#13303 = AXIS2_PLACEMENT_3D( '', #14767, #14768, #14769 );
#13304 = CARTESIAN_POINT( '', ( -9.74999979883415, -13.4000001573940, -16.2000000000000 ) );
#13305 = VECTOR( '', #14770, 1000.00000000000 );
#13306 = COLOUR_RGB( '', 0.200000002980232, 0.200000002980232, 0.200000002980232 );
#13307 = CARTESIAN_POINT( '', ( 11.1500002011656, -16.6000001573942, 0.000000000000000 ) );
#13308 = AXIS2_PLACEMENT_3D( '', #14771, #14772, #14773 );
#13309 = COLOUR_RGB( '', 0.200000002980232, 0.200000002980232, 0.200000002980232 );
#13310 = CARTESIAN_POINT( '', ( -5.94999967142940, -16.1000001573940, -15.5000000000000 ) );
#13311 = VECTOR( '', #14774, 1000.00000000000 );
#13312 = COLOUR_RGB( '', 0.200000002980232, 0.200000002980232, 0.200000002980232 );
#13313 = CARTESIAN_POINT( '', ( -8.89999933317300, -12.9476033031261, -1.28985814939437E-012 ) );
#13314 = AXIS2_PLACEMENT_3D( '', #14775, #14776, #14777 );
#13315 = CARTESIAN_POINT( '', ( -8.89999933317300, -12.9476033031190, -8.50000000000000 ) );
#13316 = VECTOR( '', #14778, 1000.00000000000 );
#13317 = COLOUR_RGB( '', 0.200000002980232, 0.200000002980232, 0.200000002980232 );
#13318 = CARTESIAN_POINT( '', ( -4.44999979883430, -16.1000001573940, -14.0000000000000 ) );
#13319 = CARTESIAN_POINT( '', ( -3.79999979883430, -16.1000001573940, -14.0000000000000 ) );
#13320 = VECTOR( '', #14779, 1000.00000000000 );
#13321 = CARTESIAN_POINT( '', ( -4.44999979883430, -16.1000001573940, -7.50000000000000 ) );
#13322 = VECTOR( '', #14780, 1000.00000000000 );
#13323 = COLOUR_RGB( '', 0.200000002980232, 0.200000002980232, 0.200000002980232 );
#13324 = CARTESIAN_POINT( '', ( 4.87500000000000, -19.4999999999990, 6.34999999999980 ) );
#13325 = VECTOR( '', #14781, 1000.00000000000 );
#13326 = COLOUR_RGB( '', 0.200000002980232, 0.200000002980232, 0.200000002980232 );
#13327 = COLOUR_RGB( '', 0.200000002980232, 0.200000002980232, 0.200000002980232 );
#13328 = CARTESIAN_POINT( '', ( -4.87500000000000, -21.8999999999990, 10.7000000000000 ) );
#13329 = VECTOR( '', #14782, 1000.00000000000 );
#13330 = CARTESIAN_POINT( '', ( -4.87500005079740, -21.8999999999990, 4.79999999999980 ) );
#13331 = VECTOR( '', #14783, 1000.00000000000 );
#13332 = COLOUR_RGB( '', 0.200000002980232, 0.200000002980232, 0.200000002980232 );
#13333 = CARTESIAN_POINT( '', ( -13.2213203435600, -10.0999999285328, 26.2786796564400 ) );
#13334 = CARTESIAN_POINT( '', ( -13.2213203435600, -16.4000000000000, 26.2786796564400 ) );
#13335 = VECTOR( '', #14784, 1000.00000000000 );
#13336 = AXIS2_PLACEMENT_3D( '', #14785, #14786, #14787 );
#13337 = COLOUR_RGB( '', 0.200000002980232, 0.200000002980232, 0.200000002980232 );
#13338 = CARTESIAN_POINT( '', ( 6.79999999999930, -10.0999999604279, 2.42053940469688 ) );
#13339 = CARTESIAN_POINT( '', ( 6.79999999999980, -16.3840359555889, 2.42053940469690 ) );
#13340 = VECTOR( '', #14788, 1000.00000000000 );
#13341 = CARTESIAN_POINT( '', ( 0.000000000000000, -10.0999998409355, 2.42053940469691 ) );
#13342 = VECTOR( '', #14789, 1000.00000000000 );
#13343 = COLOUR_RGB( '', 0.200000002980232, 0.200000002980232, 0.200000002980232 );
#13344 = COLOUR_RGB( '', 0.200000002980232, 0.200000002980232, 0.200000002980232 );
#13345 = COLOUR_RGB( '', 0.200000002980232, 0.200000002980232, 0.200000002980232 );
#13346 = COLOUR_RGB( '', 0.200000002980232, 0.200000002980232, 0.200000002980232 );
#13347 = CARTESIAN_POINT( '', ( 0.000000000000000, -10.1000000276004, 52.4000000000000 ) );
#13348 = VECTOR( '', #14790, 1000.00000000000 );
#13349 = CARTESIAN_POINT( '', ( -5.40000000000004, -16.3500000000000, 52.4000000000000 ) );
#13350 = AXIS2_PLACEMENT_3D( '', #14791, #14792, #14793 );
#13351 = COLOUR_RGB( '', 0.200000002980232, 0.200000002980232, 0.200000002980232 );
#13352 = CARTESIAN_POINT( '', ( 2.87500000000000, -21.8999999999990, 4.79999999999980 ) );
#13353 = CARTESIAN_POINT( '', ( 2.87500000000000, -21.8999999999990, 6.39999999999980 ) );
#13354 = VECTOR( '', #14794, 1000.00000000000 );
#13355 = CARTESIAN_POINT( '', ( 4.87500005079750, -21.8999999999990, 4.79999999999980 ) );
#13356 = VECTOR( '', #14795, 1000.00000000000 );
#13357 = CARTESIAN_POINT( '', ( 4.87500000000000, -21.8999999999990, 10.7000000000000 ) );
#13358 = VECTOR( '', #14796, 1000.00000000000 );
#13359 = COLOUR_RGB( '', 0.200000002980232, 0.200000002980232, 0.200000002980232 );
#13360 = COLOUR_RGB( '', 0.200000002980232, 0.200000002980232, 0.200000002980232 );
#13361 = CARTESIAN_POINT( '', ( -10.0000000000000, -10.0999999726507, 30.2502776662260 ) );
#13362 = CARTESIAN_POINT( '', ( -10.0000000000000, -16.4000000000000, 30.2502776662260 ) );
#13363 = VECTOR( '', #14797, 1000.00000000000 );
#13364 = CARTESIAN_POINT( '', ( -10.0000000000000, -10.0999999712393, 29.9142135623730 ) );
#13365 = CARTESIAN_POINT( '', ( -10.0000000000000, -10.1000000000000, 30.0822456142995 ) );
#13366 = VECTOR( '', #14798, 1000.00000000000 );
#13367 = CARTESIAN_POINT( '', ( -10.0000000000000, -16.4000000000000, 29.9142135623730 ) );
#13368 = VECTOR( '', #14799, 1000.00000000000 );
#13369 = COLOUR_RGB( '', 0.200000002980232, 0.200000002980232, 0.200000002980232 );
#13370 = COLOUR_RGB( '', 0.200000002980232, 0.200000002980232, 0.200000002980232 );
#13371 = CARTESIAN_POINT( '', ( -8.89999933317300, -11.9238015398940, -5.29452200000000E-015 ) );
#13372 = VECTOR( '', #14800, 1000.00000000000 );
#13373 = COLOUR_RGB( '', 0.200000002980232, 0.200000002980232, 0.200000002980232 );
#13374 = COLOUR_RGB( '', 0.200000002980232, 0.200000002980232, 0.200000002980232 );
#13375 = COLOUR_RGB( '', 0.200000002980232, 0.200000002980232, 0.200000002980232 );
#13376 = COLOUR_RGB( '', 0.200000002980232, 0.200000002980232, 0.200000002980232 );
#13377 = COLOUR_RGB( '', 0.200000002980232, 0.200000002980232, 0.200000002980232 );
#13378 = COLOUR_RGB( '', 0.200000002980232, 0.200000002980232, 0.200000002980232 );
#13379 = COLOUR_RGB( '', 0.200000002980232, 0.200000002980232, 0.200000002980232 );
#13380 = CARTESIAN_POINT( '', ( -4.44999979883430, -16.6000001864970, -14.0000000000000 ) );
#13381 = VECTOR( '', #14801, 1000.00000000000 );
#13382 = COLOUR_RGB( '', 0.200000002980232, 0.200000002980232, 0.200000002980232 );
#13383 = CARTESIAN_POINT( '', ( -6.37500000000000, -20.9999999999990, 7.99999999999980 ) );
#13384 = VECTOR( '', #14802, 1000.00000000000 );
#13385 = COLOUR_RGB( '', 0.200000002980232, 0.200000002980232, 0.200000002980232 );
#13386 = COLOUR_RGB( '', 0.200000002980232, 0.200000002980232, 0.200000002980232 );
#13387 = CARTESIAN_POINT( '', ( -2.87500000000000, -21.0999999999995, 4.79999999999980 ) );
#13388 = VECTOR( '', #14803, 1000.00000000000 );
#13389 = COLOUR_RGB( '', 0.200000002980232, 0.200000002980232, 0.200000002980232 );
#13390 = COLOUR_RGB( '', 0.200000002980232, 0.200000002980232, 0.200000002980232 );
#13391 = CARTESIAN_POINT( '', ( 2.87500000000000, -22.2999999999990, 4.79999999999980 ) );
#13392 = VECTOR( '', #14804, 1000.00000000000 );
#13393 = COLOUR_RGB( '', 0.200000002980232, 0.200000002980232, 0.200000002980232 );
#13394 = CARTESIAN_POINT( '', ( 6.79999999999980, -22.1999999999991, 4.79999999999980 ) );
#13395 = CARTESIAN_POINT( '', ( 6.79999999999980, -16.3840359555889, 4.79999999999980 ) );
#13396 = VECTOR( '', #14805, 1000.00000000000 );
#13397 = CARTESIAN_POINT( '', ( 6.79999999999960, -22.1999999999990, 4.79999999999980 ) );
#13398 = VECTOR( '', #14806, 1000.00000000000 );
#13399 = COLOUR_RGB( '', 0.200000002980232, 0.200000002980232, 0.200000002980232 );
#13400 = CARTESIAN_POINT( '', ( 6.79999999999910, -10.0999999014108, 18.4049999117850 ) );
#13401 = VECTOR( '', #14807, 1000.00000000000 );
#13402 = CARTESIAN_POINT( '', ( 6.79999999999980, -22.1999999999990, 3.65741294221925 ) );
#13403 = VECTOR( '', #14808, 1000.00000000000 );
#13404 = COLOUR_RGB( '', 0.200000002980232, 0.200000002980232, 0.200000002980232 );
#13405 = CARTESIAN_POINT( '', ( -13.2213203435600, -16.4000000000000, 26.2786796564400 ) );
#13406 = VECTOR( '', #14809, 1000.00000000000 );
#13407 = COLOUR_RGB( '', 0.200000002980232, 0.200000002980232, 0.200000002980232 );
#13408 = CARTESIAN_POINT( '', ( 9.00000020116570, -11.1000001573940, -8.50000000000000 ) );
#13409 = VECTOR( '', #14810, 1000.00000000000 );
#13410 = COLOUR_RGB( '', 0.200000002980232, 0.200000002980232, 0.200000002980232 );
#13411 = COLOUR_RGB( '', 0.200000002980232, 0.200000002980232, 0.200000002980232 );
#13412 = COLOUR_RGB( '', 0.200000002980232, 0.200000002980232, 0.200000002980232 );
#13413 = COLOUR_RGB( '', 0.200000002980232, 0.200000002980232, 0.200000002980232 );
#13414 = CARTESIAN_POINT( '', ( 6.37500000000000, -22.2999999999990, 10.7000000000000 ) );
#13415 = VECTOR( '', #14811, 1000.00000000000 );
#13416 = COLOUR_RGB( '', 0.200000002980232, 0.200000002980232, 0.200000002980232 );
#13417 = CARTESIAN_POINT( '', ( -14.0000000000000, -10.0999998990370, 18.4049999117850 ) );
#13418 = VECTOR( '', #14812, 1000.00000000000 );
#13419 = COLOUR_RGB( '', 0.200000002980232, 0.200000002980232, 0.200000002980232 );
#13420 = CARTESIAN_POINT( '', ( -5.84999933317300, -16.1194418683650, -4.54932350000000E-015 ) );
#13421 = VECTOR( '', #14813, 1000.00000000000 );
#13422 = CARTESIAN_POINT( '', ( -5.84999933317305, -17.1360609997720, -4.54932350000000E-015 ) );
#13423 = VECTOR( '', #14814, 1000.00000000000 );
#13424 = CARTESIAN_POINT( '', ( -8.49999933317326, -16.5999997766690, -5.20417042793042E-015 ) );
#13425 = AXIS2_PLACEMENT_3D( '', #14815, #14816, #14817 );
#13426 = COLOUR_RGB( '', 0.200000002980232, 0.200000002980232, 0.200000002980232 );
#13427 = CARTESIAN_POINT( '', ( 11.1500002011656, -16.6000001573942, -17.0000000000000 ) );
#13428 = AXIS2_PLACEMENT_3D( '', #14818, #14819, #14820 );
#13429 = COLOUR_RGB( '', 0.200000002980232, 0.200000002980232, 0.200000002980232 );
#13430 = COLOUR_RGB( '', 0.200000002980232, 0.200000002980232, 0.200000002980232 );
#13431 = COLOUR_RGB( '', 0.200000002980232, 0.200000002980232, 0.200000002980232 );
#13432 = COLOUR_RGB( '', 0.600000023841858, 0.466666668653488, 0.000000000000000 );
#13433 = CARTESIAN_POINT( '', ( -8.49999933317326, -16.5999997766690, -10.2500000000000 ) );
#13434 = AXIS2_PLACEMENT_3D( '', #14821, #14822, #14823 );
#13435 = COLOUR_RGB( '', 0.200000002980232, 0.200000002980232, 0.200000002980232 );
#13436 = COLOUR_RGB( '', 0.200000002980232, 0.200000002980232, 0.200000002980232 );
#13437 = COLOUR_RGB( '', 0.600000023841858, 0.466666668653488, 0.000000000000000 );
#13438 = COLOUR_RGB( '', 0.200000002980232, 0.200000002980232, 0.200000002980232 );
#13439 = AXIS2_PLACEMENT_3D( '', #14824, #14825, #14826 );
#13440 = COLOUR_RGB( '', 0.200000002980232, 0.200000002980232, 0.200000002980232 );
#13441 = CARTESIAN_POINT( '', ( 3.87500000000000, -19.4999999999990, 9.64999999999980 ) );
#13442 = CARTESIAN_POINT( '', ( 3.87500000000000, -19.4999999999990, 7.99999994287025 ) );
#13443 = VECTOR( '', #14827, 1000.00000000000 );
#13444 = CARTESIAN_POINT( '', ( 4.87500003003520, -19.4999999999990, 9.64999999999980 ) );
#13445 = VECTOR( '', #14828, 1000.00000000000 );
#13446 = COLOUR_RGB( '', 0.200000002980232, 0.200000002980232, 0.200000002980232 );
#13447 = CARTESIAN_POINT( '', ( 2.82499999999985, -22.4500000000000, 4.79999999999980 ) );
#13448 = VECTOR( '', #14829, 1000.00000000000 );
#13449 = COLOUR_RGB( '', 0.200000002980232, 0.200000002980232, 0.200000002980232 );
#13450 = COLOUR_RGB( '', 0.200000002980232, 0.200000002980232, 0.200000002980232 );
#13451 = COLOUR_RGB( '', 0.200000002980232, 0.200000002980232, 0.200000002980232 );
#13452 = CARTESIAN_POINT( '', ( -10.2928932188130, -10.0999999411413, 29.2071067811871 ) );
#13453 = CARTESIAN_POINT( '', ( -10.2928932188130, -16.4000000000000, 29.2071067811870 ) );
#13454 = VECTOR( '', #14830, 1000.00000000000 );
#13455 = CARTESIAN_POINT( '', ( -13.2213203435600, -10.0999999285327, 26.2786796564400 ) );
#13456 = VECTOR( '', #14831, 1000.00000000000 );
#13457 = COLOUR_RGB( '', 0.200000002980232, 0.200000002980232, 0.200000002980232 );
#13458 = COLOUR_RGB( '', 0.200000002980232, 0.200000002980232, 0.200000002980232 );
#13459 = COLOUR_RGB( '', 0.200000002980232, 0.200000002980232, 0.200000002980232 );
#13460 = CARTESIAN_POINT( '', ( -2.87500000000000, -22.2999999999990, 4.79999999999980 ) );
#13461 = VECTOR( '', #14832, 1000.00000000000 );
#13462 = COLOUR_RGB( '', 0.200000002980232, 0.200000002980232, 0.200000002980232 );
#13463 = COLOUR_RGB( '', 0.200000002980232, 0.200000002980232, 0.200000002980232 );
#13464 = CARTESIAN_POINT( '', ( -3.87500000000000, -19.7999999999990, 6.34999999999980 ) );
#13465 = VECTOR( '', #14833, 1000.00000000000 );
#13466 = COLOUR_RGB( '', 0.200000002980232, 0.200000002980232, 0.200000002980232 );
#13467 = COLOUR_RGB( '', 0.200000002980232, 0.200000002980232, 0.200000002980232 );
#13468 = COLOUR_RGB( '', 0.200000002980232, 0.200000002980232, 0.200000002980232 );
#13469 = COLOUR_RGB( '', 0.200000002980232, 0.200000002980232, 0.200000002980232 );
#13470 = COLOUR_RGB( '', 0.200000002980232, 0.200000002980232, 0.200000002980232 );
#13471 = COLOUR_RGB( '', 0.200000002980232, 0.200000002980232, 0.200000002980232 );
#13472 = COLOUR_RGB( '', 0.200000002980232, 0.200000002980232, 0.200000002980232 );
#13473 = COLOUR_RGB( '', 0.200000002980232, 0.200000002980232, 0.200000002980232 );
#13474 = COLOUR_RGB( '', 0.200000002980232, 0.200000002980232, 0.200000002980232 );
#13475 = COLOUR_RGB( '', 0.200000002980232, 0.200000002980232, 0.200000002980232 );
#13476 = COLOUR_RGB( '', 0.200000002980232, 0.200000002980232, 0.200000002980232 );
#13477 = COLOUR_RGB( '', 0.200000002980232, 0.200000002980232, 0.200000002980232 );
#13478 = COLOUR_RGB( '', 0.200000002980232, 0.200000002980232, 0.200000002980232 );
#13479 = CARTESIAN_POINT( '', ( -8.09999933317300, -10.0999998997103, 18.4049999117850 ) );
#13480 = VECTOR( '', #14834, 1000.00000000000 );
#13481 = COLOUR_RGB( '', 0.200000002980232, 0.200000002980232, 0.200000002980232 );
#13482 = COLOUR_RGB( '', 0.200000002980232, 0.200000002980232, 0.200000002980232 );
#13483 = CARTESIAN_POINT( '', ( 3.87500000000000, -20.6999999999990, 9.64999999999980 ) );
#13484 = VECTOR( '', #14835, 1000.00000000000 );
#13485 = COLOUR_RGB( '', 0.200000002980232, 0.200000002980232, 0.200000002980232 );
#13486 = COLOUR_RGB( '', 0.200000002980232, 0.200000002980232, 0.200000002980232 );
#13487 = COLOUR_RGB( '', 0.200000002980232, 0.200000002980232, 0.200000002980232 );
#13488 = AXIS2_PLACEMENT_3D( '', #14836, #14837, #14838 );
#13489 = COLOUR_RGB( '', 0.600000023841858, 0.466666668653488, 0.000000000000000 );
#13490 = COLOUR_RGB( '', 0.600000023841858, 0.466666668653488, 0.000000000000000 );
#13491 = COLOUR_RGB( '', 0.200000002980232, 0.200000002980232, 0.200000002980232 );
#13492 = CARTESIAN_POINT( '', ( -11.3999993331730, -10.0999998993337, 18.4049999117850 ) );
#13493 = VECTOR( '', #14839, 1000.00000000000 );
#13494 = COLOUR_RGB( '', 0.200000002980232, 0.200000002980232, 0.200000002980232 );
#13495 = COLOUR_RGB( '', 0.200000002980232, 0.200000002980232, 0.200000002980232 );
#13496 = COLOUR_RGB( '', 0.200000002980232, 0.200000002980232, 0.200000002980232 );
#13497 = CARTESIAN_POINT( '', ( 14.0000000000000, -10.0999999022325, 18.4049999117850 ) );
#13498 = VECTOR( '', #14840, 1000.00000000000 );
#13499 = COLOUR_RGB( '', 0.200000002980232, 0.200000002980232, 0.200000002980232 );
#13500 = AXIS2_PLACEMENT_3D( '', #14841, #14842, #14843 );
#13501 = COLOUR_RGB( '', 0.200000002980232, 0.200000002980232, 0.200000002980232 );
#13502 = COLOUR_RGB( '', 0.200000002980232, 0.200000002980232, 0.200000002980232 );
#13503 = COLOUR_RGB( '', 0.200000002980232, 0.200000002980232, 0.200000002980232 );
#13504 = COLOUR_RGB( '', 0.200000002980232, 0.200000002980232, 0.200000002980232 );
#13505 = COLOUR_RGB( '', 0.200000002980232, 0.200000002980232, 0.200000002980232 );
#13506 = COLOUR_RGB( '', 0.200000002980232, 0.200000002980232, 0.200000002980232 );
#13507 = COLOUR_RGB( '', 0.200000002980232, 0.200000002980232, 0.200000002980232 );
#13508 = COLOUR_RGB( '', 0.200000002980232, 0.200000002980232, 0.200000002980232 );
#13509 = COLOUR_RGB( '', 0.200000002980232, 0.200000002980232, 0.200000002980232 );
#13510 = CARTESIAN_POINT( '', ( 0.000000000000000, 27.0000000000000, 95.0000000000000 ) );
#13511 = DIRECTION( '', ( -1.00000000000000, 0.000000000000000, 0.000000000000000 ) );
#13512 = DIRECTION( '', ( 0.000000000000000, 0.000000000000000, 1.00000000000000 ) );
#13513 = CARTESIAN_POINT( '', ( -100.000000000000, 27.0000000000000, 95.0000000000000 ) );
#13514 = DIRECTION( '', ( -1.00000000000000, 0.000000000000000, 0.000000000000000 ) );
#13515 = DIRECTION( '', ( 0.000000000000000, 0.000000000000000, 1.00000000000000 ) );
#13516 = DIRECTION( '', ( 0.000000000000000, -1.00000000000000, 0.000000000000000 ) );
#13517 = DIRECTION( '', ( 0.000000000000000, 0.000000000000000, 1.00000000000000 ) );
#13518 = DIRECTION( '', ( 0.000000000000000, 1.00000000000000, 0.000000000000000 ) );
#13519 = DIRECTION( '', ( -2.01712032090324E-016, 0.000000000000000, -1.00000000000000 ) );
#13520 = DIRECTION( '', ( 0.000000000000000, -1.00000000000000, 0.000000000000000 ) );
#13521 = DIRECTION( '', ( 0.000000000000000, 0.000000000000000, -1.00000000000000 ) );
#13522 = DIRECTION( '', ( 0.000000000000000, -1.00000000000000, 0.000000000000000 ) );
#13523 = DIRECTION( '', ( 0.000000000000000, 0.000000000000000, 1.00000000000000 ) );
#13524 = CARTESIAN_POINT( '', ( -9.74999933317382, -16.5999997766692, -17.0000000000000 ) );
#13525 = DIRECTION( '', ( -1.47336951020290E-013, -1.60982338570682E-013, 1.00000000000000 ) );
#13526 = DIRECTION( '', ( 0.000000000000000, -1.00000000000000, -1.60982338570682E-013 ) );
#13527 = DIRECTION( '', ( 0.000000000000000, 0.000000000000000, -1.00000000000000 ) );
#13528 = CARTESIAN_POINT( '', ( -9.74999933317632, -16.5999997766719, 6.69603261727048E-013 ) );
#13529 = DIRECTION( '', ( 1.47336951020291E-013, 1.60590181124219E-013, -1.00000000000000 ) );
#13530 = DIRECTION( '', ( -1.85037170770899E-015, -1.00000000000000, -1.60590181124219E-013 ) );
#13531 = DIRECTION( '', ( 0.000000000000000, 0.000000000000000, 1.00000000000000 ) );
#13532 = DIRECTION( '', ( 0.000000000000000, -0.990268051374373, 0.139173224534038 ) );
#13533 = DIRECTION( '', ( -1.00000000000000, 0.000000000000000, 0.000000000000000 ) );
#13534 = DIRECTION( '', ( 0.000000000000000, 0.990268051374373, -0.139173224534038 ) );
#13535 = DIRECTION( '', ( -1.00000000000000, 0.000000000000000, 0.000000000000000 ) );
#13536 = CARTESIAN_POINT( '', ( 11.0000000000051, -22.6999999999996, 29.9142135623757 ) );
#13537 = DIRECTION( '', ( -4.54497550706128E-013, 1.00000000000000, -1.88459682420298E-013 ) );
#13538 = DIRECTION( '', ( 1.00000000000000, 4.54497550706129E-013, 6.93889390391036E-015 ) );
#13539 = DIRECTION( '', ( 0.000000000000000, 1.00000000000000, 0.000000000000000 ) );
#13540 = CARTESIAN_POINT( '', ( 10.9999999999994, -10.0999999999995, 29.9142135623733 ) );
#13541 = DIRECTION( '', ( 4.54497550706129E-013, -1.00000000000000, 1.88459682420298E-013 ) );
#13542 = DIRECTION( '', ( 1.00000000000000, 4.54497550706129E-013, 0.000000000000000 ) );
#13543 = DIRECTION( '', ( 0.000000000000000, 1.00000000000000, 0.000000000000000 ) );
#13544 = CARTESIAN_POINT( '', ( 11.0000000000057, -22.7000000000000, 30.2502776662257 ) );
#13545 = DIRECTION( '', ( -1.07552855510104E-013, 1.00000000000000, 2.34744957761009E-014 ) );
#13546 = DIRECTION( '', ( 1.00000000000000, 1.07552855510104E-013, -6.93889390387770E-015 ) );
#13547 = DIRECTION( '', ( 0.000000000000000, -1.00000000000000, 0.000000000000000 ) );
#13548 = CARTESIAN_POINT( '', ( 11.0000000000043, -10.1000000000000, 30.2502776662260 ) );
#13549 = DIRECTION( '', ( 1.05818132034135E-013, -1.00000000000000, -2.34744957761009E-014 ) );
#13550 = DIRECTION( '', ( 1.00000000000000, 1.05818132034135E-013, -4.74063666881069E-042 ) );
#13551 = DIRECTION( '', ( 0.000000000000000, -1.00000000000000, 0.000000000000000 ) );
#13552 = DIRECTION( '', ( 1.00000000000000, 0.000000000000000, 0.000000000000000 ) );
#13553 = DIRECTION( '', ( 0.000000000000000, 0.000000000000000, 1.00000000000000 ) );
#13554 = DIRECTION( '', ( -1.00000000000000, 0.000000000000000, 0.000000000000000 ) );
#13555 = DIRECTION( '', ( 0.000000000000000, 0.000000000000000, -1.00000000000000 ) );
#13556 = DIRECTION( '', ( 0.000000000000000, -1.00000000000000, 0.000000000000000 ) );
#13557 = DIRECTION( '', ( 0.000000000000000, 0.000000000000000, -1.00000000000000 ) );
#13558 = DIRECTION( '', ( 0.000000000000000, 1.00000000000000, 0.000000000000000 ) );
#13559 = DIRECTION( '', ( 0.000000000000000, 0.000000000000000, 1.00000000000000 ) );
#13560 = DIRECTION( '', ( 0.000000000000000, 1.00000000000000, 0.000000000000000 ) );
#13561 = DIRECTION( '', ( -1.76498028079035E-016, 0.000000000000000, 1.00000000000000 ) );
#13562 = DIRECTION( '', ( 0.000000000000000, -1.00000000000000, 0.000000000000000 ) );
#13563 = DIRECTION( '', ( 0.000000000000000, 0.000000000000000, 1.00000000000000 ) );
#13564 = CARTESIAN_POINT( '', ( 9.75000066682762, -16.5999997766693, -17.0000000000000 ) );
#13565 = DIRECTION( '', ( -0.000000000000000, -4.90537092068075E-023, -1.00000000000000 ) );
#13566 = DIRECTION( '', ( -1.00000000000000, 0.000000000000000, 0.000000000000000 ) );
#13567 = DIRECTION( '', ( 0.000000000000000, 0.000000000000000, 1.00000000000000 ) );
#13568 = CARTESIAN_POINT( '', ( 9.75000066682761, -16.5999997766693, -1.08725632216436E-015 ) );
#13569 = DIRECTION( '', ( -2.44327192208893E-016, 4.90537092068075E-023, 1.00000000000000 ) );
#13570 = DIRECTION( '', ( -1.00000000000000, -7.62515813616068E-016, -2.44327192208893E-016 ) );
#13571 = DIRECTION( '', ( 0.000000000000000, 0.000000000000000, 1.00000000000000 ) );
#13572 = CARTESIAN_POINT( '', ( -4.87500000000050, -20.0999999999990, 7.99999999999942 ) );
#13573 = DIRECTION( '', ( 1.96601993944019E-013, -1.00000000000000, 1.33124992704114E-013 ) );
#13574 = DIRECTION( '', ( -1.00000000000000, -1.96601993944020E-013, 0.000000000000000 ) );
#13575 = DIRECTION( '', ( 0.000000000000000, 0.000000000000000, 1.00000000000000 ) );
#13576 = DIRECTION( '', ( 1.00000000000000, 0.000000000000000, 0.000000000000000 ) );
#13577 = DIRECTION( '', ( 0.000000000000000, 0.000000000000000, -1.00000000000000 ) );
#13578 = CARTESIAN_POINT( '', ( -4.87500000000071, -20.0999999999984, 7.99999999999931 ) );
#13579 = DIRECTION( '', ( 3.63135447637819E-013, -1.00000000000000, 2.45769217299778E-013 ) );
#13580 = DIRECTION( '', ( -1.00000000000000, -3.63135447637819E-013, 0.000000000000000 ) );
#13581 = DIRECTION( '', ( 0.000000000000000, 0.000000000000000, -1.00000000000000 ) );
#13582 = DIRECTION( '', ( 1.00000000000000, 0.000000000000000, 0.000000000000000 ) );
#13583 = DIRECTION( '', ( 0.000000000000000, 0.000000000000000, 1.00000000000000 ) );
#13584 = DIRECTION( '', ( 0.000000000000000, -1.00000000000000, 0.000000000000000 ) );
#13585 = DIRECTION( '', ( 0.000000000000000, 0.000000000000000, 1.00000000000000 ) );
#13586 = DIRECTION( '', ( 0.000000000000000, 1.00000000000000, 0.000000000000000 ) );
#13587 = DIRECTION( '', ( 0.000000000000000, 0.000000000000000, -1.00000000000000 ) );
#13588 = DIRECTION( '', ( 0.000000000000000, 0.000000000000000, -1.00000000000000 ) );
#13589 = DIRECTION( '', ( 0.000000000000000, 1.00000000000000, 0.000000000000000 ) );
#13590 = DIRECTION( '', ( 0.000000000000000, 0.000000000000000, -1.00000000000000 ) );
#13591 = DIRECTION( '', ( 0.000000000000000, -1.00000000000000, 0.000000000000000 ) );
#13592 = DIRECTION( '', ( -0.707106781186262, 0.707106781186833, 0.000000000000000 ) );
#13593 = DIRECTION( '', ( 0.000000000000000, 0.000000000000000, -1.00000000000000 ) );
#13594 = DIRECTION( '', ( 0.707106781186262, -0.707106781186833, 0.000000000000000 ) );
#13595 = DIRECTION( '', ( 0.707106781186262, -0.707106781186833, 0.000000000000000 ) );
#13596 = DIRECTION( '', ( 0.000000000000000, 0.000000000000000, -1.00000000000000 ) );
#13597 = DIRECTION( '', ( 0.000000000000000, -1.00000000000000, 0.000000000000000 ) );
#13598 = DIRECTION( '', ( 0.000000000000000, 0.000000000000000, -1.00000000000000 ) );
#13599 = DIRECTION( '', ( 0.000000000000000, 1.00000000000000, 0.000000000000000 ) );
#13600 = DIRECTION( '', ( 0.000000000000000, 0.000000000000000, -1.00000000000000 ) );
#13601 = DIRECTION( '', ( 0.000000000000000, 0.000000000000000, 1.00000000000000 ) );
#13602 = DIRECTION( '', ( 0.000000000000000, 1.00000000000000, 0.000000000000000 ) );
#13603 = DIRECTION( '', ( 0.000000000000000, 0.000000000000000, 1.00000000000000 ) );
#13604 = DIRECTION( '', ( 0.000000000000000, 1.00000000000000, 0.000000000000000 ) );
#13605 = DIRECTION( '', ( -0.642787609686515, 0.000000000000000, 0.766044443118999 ) );
#13606 = DIRECTION( '', ( 0.000000000000000, 1.00000000000000, 0.000000000000000 ) );
#13607 = DIRECTION( '', ( 0.642787609686515, 0.000000000000000, -0.766044443118999 ) );
#13608 = DIRECTION( '', ( 0.000000000000000, 1.00000000000000, 0.000000000000000 ) );
#13609 = DIRECTION( '', ( -1.00000000000000, 0.000000000000000, 0.000000000000000 ) );
#13610 = DIRECTION( '', ( 0.000000000000000, 1.00000000000000, 0.000000000000000 ) );
#13611 = DIRECTION( '', ( -1.00000000000000, 0.000000000000000, 0.000000000000000 ) );
#13612 = CARTESIAN_POINT( '', ( 6.66829299995002E-007, -16.5999997766692, -15.5000000000000 ) );
#13613 = DIRECTION( '', ( -3.81257906807905E-016, -1.29166066836185E-021, 1.00000000000000 ) );
#13614 = DIRECTION( '', ( -1.00000000000000, 0.000000000000000, -3.81257906807905E-016 ) );
#13615 = DIRECTION( '', ( 0.000000000000000, -1.00000000000000, 0.000000000000000 ) );
#13616 = DIRECTION( '', ( -1.00000000000000, 1.14143500324669E-010, 0.000000000000000 ) );
#13617 = DIRECTION( '', ( 0.000000000000000, 1.00000000000000, 0.000000000000000 ) );
#13618 = CARTESIAN_POINT( '', ( 6.66827213129879E-007, -16.5999997766688, -15.5000000000000 ) );
#13619 = DIRECTION( '', ( -3.81257906808105E-016, -1.53180149258782E-022, 1.00000000000000 ) );
#13620 = DIRECTION( '', ( -1.00000000000000, 7.62515813616210E-016, -3.81257906808105E-016 ) );
#13621 = DIRECTION( '', ( -1.00000000000000, 0.000000000000000, 0.000000000000000 ) );
#13622 = DIRECTION( '', ( 3.53369596958238E-015, -1.00000000000000, 0.000000000000000 ) );
#13623 = DIRECTION( '', ( -1.00000000000000, 0.000000000000000, 0.000000000000000 ) );
#13624 = CARTESIAN_POINT( '', ( 6.66826721275681E-007, -16.5999997766692, -15.5000000000003 ) );
#13625 = DIRECTION( '', ( 3.72646311494453E-014, 8.41919127007332E-014, -1.00000000000000 ) );
#13626 = DIRECTION( '', ( 1.77635682726810E-015, -1.00000000000000, -8.41919127007331E-014 ) );
#13627 = DIRECTION( '', ( 0.000000000000000, -1.00000000000000, 0.000000000000000 ) );
#13628 = DIRECTION( '', ( -1.00000000000000, 0.000000000000000, 0.000000000000000 ) );
#13629 = DIRECTION( '', ( 0.000000000000000, 1.00000000000000, 0.000000000000000 ) );
#13630 = CARTESIAN_POINT( '', ( 6.66828222884543E-007, -16.5999997766700, -15.5000000000063 ) );
#13631 = DIRECTION( '', ( 1.32347836393883E-012, -1.07406776850163E-012, 1.00000000000000 ) );
#13632 = DIRECTION( '', ( 1.00000000000000, 0.000000000000000, -1.32347836393883E-012 ) );
#13633 = DIRECTION( '', ( 0.000000000000000, -1.00000000000000, 0.000000000000000 ) );
#13634 = DIRECTION( '', ( 0.000000000000000, 1.00000000000000, 0.000000000000000 ) );
#13635 = DIRECTION( '', ( 0.000000000000000, 0.000000000000000, 1.00000000000000 ) );
#13636 = DIRECTION( '', ( 0.000000000000000, 1.00000000000000, 0.000000000000000 ) );
#13637 = DIRECTION( '', ( 0.000000000000000, 0.000000000000000, 1.00000000000000 ) );
#13638 = DIRECTION( '', ( 0.000000000000000, 1.00000000000000, 0.000000000000000 ) );
#13639 = DIRECTION( '', ( 0.000000000000000, 0.000000000000000, -1.00000000000000 ) );
#13640 = CARTESIAN_POINT( '', ( 105.328382488460, -7.17238614740046, -5.41345616892657 ) );
#13641 = DIRECTION( '', ( 2.23225547346070E-010, -0.866025403770225, 0.500000000024618 ) );
#13642 = DIRECTION( '', ( -0.991911844733641, -0.0634643450609259, -0.109923469664550 ) );
#13643 = CARTESIAN_POINT( '', ( 9.75000020116475, -16.6000001573915, -17.0000000000058 ) );
#13644 = DIRECTION( '', ( 1.24173703737154E-012, -1.27650827118873E-012, 1.00000000000000 ) );
#13645 = DIRECTION( '', ( 0.000000000000000, -1.00000000000000, -1.27650827118873E-012 ) );
#13646 = CARTESIAN_POINT( '', ( 0.409994653144909, -106.203982798589, -5.47859590625782 ) );
#13647 = DIRECTION( '', ( 0.866025403779481, -7.82869606632060E-011, 0.500000000008587 ) );
#13648 = DIRECTION( '', ( 0.0720820993184204, 0.989553780181148, -0.124849858177933 ) );
#13649 = CARTESIAN_POINT( '', ( 9.75000020116575, -16.6000001573925, -16.1999999999958 ) );
#13650 = DIRECTION( '', ( -8.36822786054737E-013, 8.60232737402297E-013, 1.00000000000000 ) );
#13651 = DIRECTION( '', ( 0.000000000000000, -1.00000000000000, 8.60232737402297E-013 ) );
#13652 = DIRECTION( '', ( -5.81601074082032E-014, -1.00000000000000, 0.000000000000000 ) );
#13653 = DIRECTION( '', ( 0.000000000000000, 0.000000000000000, 1.00000000000000 ) );
#13654 = DIRECTION( '', ( 0.000000000000000, -0.999390825916948, -0.0348995282638745 ) );
#13655 = DIRECTION( '', ( 1.01108706619468E-013, 0.999999999999999, -3.63411009669318E-008 ) );
#13656 = DIRECTION( '', ( 0.000000000000000, 0.000000000000000, 1.00000000000000 ) );
#13657 = DIRECTION( '', ( 5.81601074082032E-014, 1.00000000000000, 0.000000000000000 ) );
#13658 = CARTESIAN_POINT( '', ( -11.0000000000057, -22.7000000000000, 30.2502776662257 ) );
#13659 = DIRECTION( '', ( 1.07552855510105E-013, 1.00000000000000, 2.34744957761008E-014 ) );
#13660 = DIRECTION( '', ( 1.00000000000000, -1.07552855510104E-013, -1.73472347596942E-014 ) );
#13661 = DIRECTION( '', ( 0.000000000000000, -1.00000000000000, 0.000000000000000 ) );
#13662 = CARTESIAN_POINT( '', ( -11.0000000000043, -10.1000000000000, 30.2502776662260 ) );
#13663 = DIRECTION( '', ( 1.05818132034134E-013, 1.00000000000000, 2.34744957761009E-014 ) );
#13664 = DIRECTION( '', ( 1.00000000000000, -1.05818132034135E-013, 2.77555756155108E-014 ) );
#13665 = DIRECTION( '', ( 0.000000000000000, -1.00000000000000, 0.000000000000000 ) );
#13666 = CARTESIAN_POINT( '', ( -6.72737960729354, -22.7000000000004, 49.3999999999990 ) );
#13667 = DIRECTION( '', ( 5.08417288252102E-014, 1.00000000000000, -1.08709337827789E-013 ) );
#13668 = DIRECTION( '', ( 1.73472347597536E-015, -1.08709337827789E-013, -1.00000000000000 ) );
#13669 = DIRECTION( '', ( 0.000000000000000, -1.00000000000000, 0.000000000000000 ) );
#13670 = CARTESIAN_POINT( '', ( -6.72737960729290, -10.1000000268331, 49.3999999999977 ) );
#13671 = DIRECTION( '', ( 5.08417288252102E-014, 1.00000000000000, -1.09287578986448E-013 ) );
#13672 = DIRECTION( '', ( 0.000000000000000, -1.09287578986448E-013, -1.00000000000000 ) );
#13673 = DIRECTION( '', ( 0.000000000000000, -1.00000000000000, 0.000000000000000 ) );
#13674 = DIRECTION( '', ( -0.707106781186547, 0.000000000000000, 0.707106781186548 ) );
#13675 = DIRECTION( '', ( 0.000000000000000, 1.00000000000000, 0.000000000000000 ) );
#13676 = DIRECTION( '', ( 0.707106781186548, 2.56024286640359E-009, -0.707106781186548 ) );
#13677 = DIRECTION( '', ( 0.000000000000000, 1.00000000000000, 0.000000000000000 ) );
#13678 = DIRECTION( '', ( 0.000000000000000, -1.00000000000000, 0.000000000000000 ) );
#13679 = CARTESIAN_POINT( '', ( 4.87500000000054, -20.0999999999993, 7.99999999999942 ) );
#13680 = DIRECTION( '', ( 1.96601993944018E-013, 1.00000000000000, -1.33124992704114E-013 ) );
#13681 = DIRECTION( '', ( -1.00000000000000, 1.96601993944018E-013, 0.000000000000000 ) );
#13682 = DIRECTION( '', ( 0.000000000000000, 1.00000000000000, 0.000000000000000 ) );
#13683 = CARTESIAN_POINT( '', ( 4.87500000000066, -19.4999999999990, 7.99999999999934 ) );
#13684 = DIRECTION( '', ( 1.96601993944018E-013, 1.00000000000000, -1.33124992704114E-013 ) );
#13685 = DIRECTION( '', ( -1.00000000000000, 1.96601993944018E-013, 0.000000000000000 ) );
#13686 = DIRECTION( '', ( 0.000000000000000, -1.00000000000000, 0.000000000000000 ) );
#13687 = CARTESIAN_POINT( '', ( 4.87500000000019, -21.8999999999994, 7.99999999999966 ) );
#13688 = DIRECTION( '', ( 1.96601993944018E-013, 1.00000000000000, -1.33124992704114E-013 ) );
#13689 = DIRECTION( '', ( -1.00000000000000, 1.96601993944018E-013, 0.000000000000000 ) );
#13690 = DIRECTION( '', ( 0.000000000000000, -3.73483986533732E-009, 1.00000000000000 ) );
#13691 = DIRECTION( '', ( 9.81796837839360E-010, -1.00000000000000, 0.000000000000000 ) );
#13692 = DIRECTION( '', ( 1.92042241835623E-008, 0.000000000000000, -1.00000000000000 ) );
#13693 = DIRECTION( '', ( 9.81796702314089E-010, -1.00000000000000, 0.000000000000000 ) );
#13694 = DIRECTION( '', ( -1.92042241835623E-008, 0.000000000000000, 1.00000000000000 ) );
#13695 = DIRECTION( '', ( 9.81796837839360E-010, -1.00000000000000, 0.000000000000000 ) );
#13696 = DIRECTION( '', ( -1.92042241416176E-008, 0.000000000000000, 1.00000000000000 ) );
#13697 = DIRECTION( '', ( 0.000000000000000, -1.00000000000000, 0.000000000000000 ) );
#13698 = DIRECTION( '', ( -1.00000000000000, 0.000000000000000, 0.000000000000000 ) );
#13699 = DIRECTION( '', ( 5.76239242054161E-014, -1.00000000000000, 0.000000000000000 ) );
#13700 = DIRECTION( '', ( -1.00000000000000, 1.14133673875540E-010, 0.000000000000000 ) );
#13701 = DIRECTION( '', ( 9.09364516603510E-014, -0.999999999999999, 3.63411009669307E-008 ) );
#13702 = CARTESIAN_POINT( '', ( -0.409994331024052, 73.0039826825176, -5.47859582682255 ) );
#13703 = DIRECTION( '', ( -0.866025403863179, -1.09294224628218E-009, 0.499999999863618 ) );
#13704 = DIRECTION( '', ( -0.0720820982924048, -0.989553780181555, -0.124849858767075 ) );
#13705 = DIRECTION( '', ( 0.000000000000000, 1.00000000000000, 0.000000000000000 ) );
#13706 = CARTESIAN_POINT( '', ( -0.409994337976617, -106.203982854864, -5.47859584600369 ) );
#13707 = DIRECTION( '', ( -0.866025403860702, 1.05457854585811E-009, 0.499999999867909 ) );
#13708 = DIRECTION( '', ( -0.0670770070335580, 0.990960493669911, -0.116180786332793 ) );
#13709 = DIRECTION( '', ( 0.000000000000000, 1.00000000000000, 0.000000000000000 ) );
#13710 = DIRECTION( '', ( -1.00000000000000, 0.000000000000000, 0.000000000000000 ) );
#13711 = CARTESIAN_POINT( '', ( -9.74999979883347, -16.6000001573934, -17.0000000000023 ) );
#13712 = DIRECTION( '', ( -4.85897101587468E-013, -4.99503236551916E-013, 1.00000000000000 ) );
#13713 = DIRECTION( '', ( 0.000000000000000, -1.00000000000000, -4.99503236551916E-013 ) );
#13714 = CARTESIAN_POINT( '', ( -9.74999979883459, -16.6000001573931, -17.0000000000004 ) );
#13715 = DIRECTION( '', ( -2.52302723184409E-015, 2.06766045631458E-014, 1.00000000000000 ) );
#13716 = DIRECTION( '', ( 0.000000000000000, -1.00000000000000, 2.06766045631458E-014 ) );
#13717 = CARTESIAN_POINT( '', ( -9.74999979883453, -16.6000001573931, -17.0000000000000 ) );
#13718 = DIRECTION( '', ( 0.000000000000000, 0.000000000000000, 1.00000000000000 ) );
#13719 = DIRECTION( '', ( 1.00000000000000, 0.000000000000000, 0.000000000000000 ) );
#13720 = DIRECTION( '', ( 0.000000000000000, 1.00000000000000, 0.000000000000000 ) );
#13721 = DIRECTION( '', ( 0.000000000000000, 0.000000000000000, 1.00000000000000 ) );
#13722 = DIRECTION( '', ( 0.000000000000000, -1.00000000000000, 0.000000000000000 ) );
#13723 = DIRECTION( '', ( 0.000000000000000, 0.000000000000000, 1.00000000000000 ) );
#13724 = DIRECTION( '', ( 0.000000000000000, 0.000000000000000, 1.00000000000000 ) );
#13725 = DIRECTION( '', ( 1.00000000000000, 0.000000000000000, 0.000000000000000 ) );
#13726 = DIRECTION( '', ( 0.000000000000000, 0.000000000000000, 1.00000000000000 ) );
#13727 = DIRECTION( '', ( 1.00000000000000, 0.000000000000000, 0.000000000000000 ) );
#13728 = DIRECTION( '', ( 0.000000000000000, 0.000000000000000, -1.00000000000000 ) );
#13729 = DIRECTION( '', ( 0.000000000000000, 0.000000000000000, -1.00000000000000 ) );
#13730 = DIRECTION( '', ( 1.00000000000000, 0.000000000000000, 0.000000000000000 ) );
#13731 = DIRECTION( '', ( 0.000000000000000, 0.000000000000000, -1.00000000000000 ) );
#13732 = CARTESIAN_POINT( '', ( 4.87500000000006, -21.8999999999985, 7.99999999999975 ) );
#13733 = DIRECTION( '', ( -3.63135447637819E-013, -1.00000000000000, 2.45769217299778E-013 ) );
#13734 = DIRECTION( '', ( -1.00000000000000, 3.63135447637818E-013, -2.31296463463579E-015 ) );
#13735 = DIRECTION( '', ( 0.000000000000000, 0.000000000000000, 1.00000000000000 ) );
#13736 = DIRECTION( '', ( 1.00000000000000, 0.000000000000000, 0.000000000000000 ) );
#13737 = DIRECTION( '', ( 0.000000000000000, 0.000000000000000, -1.00000000000000 ) );
#13738 = DIRECTION( '', ( 1.00000000000000, 0.000000000000000, 0.000000000000000 ) );
#13739 = DIRECTION( '', ( 0.000000000000000, 0.000000000000000, -1.00000000000000 ) );
#13740 = CARTESIAN_POINT( '', ( 4.87500000000207, -21.8999999999944, 8.00000000000060 ) );
#13741 = DIRECTION( '', ( 2.33146835171304E-012, 1.00000000000000, 8.81212206892396E-013 ) );
#13742 = DIRECTION( '', ( -1.00000000000000, 2.33146835171304E-012, 0.000000000000000 ) );
#13743 = DIRECTION( '', ( 0.000000000000000, 0.000000000000000, -1.00000000000000 ) );
#13744 = DIRECTION( '', ( 1.00000000000000, 0.000000000000000, 0.000000000000000 ) );
#13745 = DIRECTION( '', ( 0.000000000000000, 0.000000000000000, 1.00000000000000 ) );
#13746 = CARTESIAN_POINT( '', ( 4.87500000000082, -21.9000000000004, 7.99999999999944 ) );
#13747 = DIRECTION( '', ( 6.67868538250977E-013, 1.00000000000000, -2.52430580103041E-013 ) );
#13748 = DIRECTION( '', ( -1.00000000000000, 6.67868538250977E-013, 0.000000000000000 ) );
#13749 = DIRECTION( '', ( 0.000000000000000, -1.00000000000000, 0.000000000000000 ) );
#13750 = DIRECTION( '', ( -0.707106781186407, -0.707106781186688, 0.000000000000000 ) );
#13751 = DIRECTION( '', ( 0.000000000000000, 1.00000000000000, 0.000000000000000 ) );
#13752 = DIRECTION( '', ( -1.00000000000000, 0.000000000000000, 0.000000000000000 ) );
#13753 = DIRECTION( '', ( 0.000000000000000, 1.00000000000000, 0.000000000000000 ) );
#13754 = CARTESIAN_POINT( '', ( 4.87500000000020, -22.6999999999953, 7.99999999999989 ) );
#13755 = DIRECTION( '', ( 2.33146835171304E-012, 1.00000000000000, 8.81212206892396E-013 ) );
#13756 = DIRECTION( '', ( -1.00000000000000, 2.33146835171304E-012, 0.000000000000000 ) );
#13757 = DIRECTION( '', ( 0.000000000000000, 1.00000000000000, 0.000000000000000 ) );
#13758 = DIRECTION( '', ( 1.00000000000000, 0.000000000000000, 0.000000000000000 ) );
#13759 = DIRECTION( '', ( 0.000000000000000, 0.000000000000000, 1.00000000000000 ) );
#13760 = DIRECTION( '', ( -1.00000000000000, 0.000000000000000, 0.000000000000000 ) );
#13761 = DIRECTION( '', ( 0.000000000000000, 0.000000000000000, 1.00000000000000 ) );
#13762 = DIRECTION( '', ( -0.642787609686515, 0.000000000000000, 0.766044443118999 ) );
#13763 = DIRECTION( '', ( 0.000000000000000, 1.00000000000000, 0.000000000000000 ) );
#13764 = DIRECTION( '', ( 0.642787609686514, 2.78770483328976E-009, -0.766044443118999 ) );
#13765 = DIRECTION( '', ( 0.000000000000000, 1.00000000000000, 0.000000000000000 ) );
#13766 = DIRECTION( '', ( -1.00000000000000, 0.000000000000000, 0.000000000000000 ) );
#13767 = DIRECTION( '', ( 1.00000000000000, 0.000000000000000, 0.000000000000000 ) );
#13768 = DIRECTION( '', ( 0.000000000000000, 0.000000000000000, -1.00000000000000 ) );
#13769 = DIRECTION( '', ( 1.00000000000000, 0.000000000000000, 0.000000000000000 ) );
#13770 = DIRECTION( '', ( 0.000000000000000, 0.999390825916948, 0.0348995282638745 ) );
#13771 = DIRECTION( '', ( -1.00000000000000, 0.000000000000000, 0.000000000000000 ) );
#13772 = DIRECTION( '', ( 0.000000000000000, -0.999390825916948, -0.0348995282638742 ) );
#13773 = DIRECTION( '', ( 1.00000000000000, 0.000000000000000, 0.000000000000000 ) );
#13774 = DIRECTION( '', ( 5.94142639914638E-014, -0.999390825916947, -0.0348995282639000 ) );
#13775 = DIRECTION( '', ( -1.00000000000000, 0.000000000000000, 0.000000000000000 ) );
#13776 = DIRECTION( '', ( 0.000000000000000, 0.999390825916947, 0.0348995282639000 ) );
#13777 = CARTESIAN_POINT( '', ( -11.0000000000046, -22.6999999999996, 29.9142135623754 ) );
#13778 = DIRECTION( '', ( 4.54497550706380E-013, 1.00000000000000, -1.88459682420176E-013 ) );
#13779 = DIRECTION( '', ( 1.00000000000000, -4.54497550706380E-013, 0.000000000000000 ) );
#13780 = DIRECTION( '', ( 0.000000000000000, 1.00000000000000, 0.000000000000000 ) );
#13781 = CARTESIAN_POINT( '', ( -10.9999999999989, -10.0999999999995, 29.9142135623730 ) );
#13782 = DIRECTION( '', ( 4.54497550706380E-013, 1.00000000000000, -1.88459682420176E-013 ) );
#13783 = DIRECTION( '', ( 1.00000000000000, -4.54497550706380E-013, 0.000000000000000 ) );
#13784 = DIRECTION( '', ( 0.000000000000000, 1.00000000000000, 0.000000000000000 ) );
#13785 = CARTESIAN_POINT( '', ( 2.01165645122639E-007, -16.6000001573934, -15.5000000000000 ) );
#13786 = DIRECTION( '', ( -2.61501271343733E-027, 4.89709055442933E-015, 1.00000000000000 ) );
#13787 = DIRECTION( '', ( 0.000000000000000, -1.00000000000000, 4.89709055442933E-015 ) );
#13788 = DIRECTION( '', ( 0.000000000000000, 1.00000000000000, 0.000000000000000 ) );
#13789 = CARTESIAN_POINT( '', ( 2.01165518921506E-007, -16.6000001573935, -15.5000000000000 ) );
#13790 = DIRECTION( '', ( 2.31427927057849E-026, 4.24414514717276E-014, 1.00000000000000 ) );
#13791 = DIRECTION( '', ( 0.000000000000000, -1.00000000000000, 4.24414514717276E-014 ) );
#13792 = DIRECTION( '', ( 0.000000000000000, -1.00000000000000, 0.000000000000000 ) );
#13793 = CARTESIAN_POINT( '', ( 2.01165508362290E-007, -16.6000001573931, -15.5000000000000 ) );
#13794 = DIRECTION( '', ( 0.000000000000000, 0.000000000000000, -1.00000000000000 ) );
#13795 = DIRECTION( '', ( 1.00000000000000, 0.000000000000000, 0.000000000000000 ) );
#13796 = DIRECTION( '', ( -1.00000000000000, 0.000000000000000, 0.000000000000000 ) );
#13797 = DIRECTION( '', ( 0.000000000000000, 0.000000000000000, 1.00000000000000 ) );
#13798 = DIRECTION( '', ( 1.00000000000000, 0.000000000000000, 0.000000000000000 ) );
#13799 = DIRECTION( '', ( 0.000000000000000, 0.000000000000000, 1.00000000000000 ) );
#13800 = DIRECTION( '', ( -0.422618262192718, 0.000000000000000, 0.906307786825870 ) );
#13801 = DIRECTION( '', ( 0.000000000000000, 1.00000000000000, 0.000000000000000 ) );
#13802 = DIRECTION( '', ( -0.422618262192717, 0.000000000000000, 0.906307786825871 ) );
#13803 = DIRECTION( '', ( -0.422618262192718, 0.000000000000000, 0.906307786825870 ) );
#13804 = DIRECTION( '', ( 0.000000000000000, 1.00000000000000, 0.000000000000000 ) );
#13805 = DIRECTION( '', ( -0.422618262192717, -3.33668959892144E-009, 0.906307786825871 ) );
#13806 = DIRECTION( '', ( 0.000000000000000, -1.00000000000000, 0.000000000000000 ) );
#13807 = DIRECTION( '', ( 0.000000000000000, 0.990268051374373, -0.139173224534038 ) );
#13808 = DIRECTION( '', ( 0.000000000000000, 0.000000000000000, -1.00000000000000 ) );
#13809 = DIRECTION( '', ( -5.81601074082032E-014, -1.00000000000000, 0.000000000000000 ) );
#13810 = DIRECTION( '', ( 0.000000000000000, 0.000000000000000, 1.00000000000000 ) );
#13811 = DIRECTION( '', ( 0.000000000000000, -0.999390825916948, -0.0348995282638745 ) );
#13812 = DIRECTION( '', ( 1.01108706619468E-013, 0.999999999999999, -3.63411009669318E-008 ) );
#13813 = DIRECTION( '', ( 0.000000000000000, -3.73483456418261E-009, 1.00000000000000 ) );
#13814 = DIRECTION( '', ( 5.81601074082032E-014, 1.00000000000000, 0.000000000000000 ) );
#13815 = DIRECTION( '', ( -1.00000000000000, 0.000000000000000, 0.000000000000000 ) );
#13816 = DIRECTION( '', ( 0.000000000000000, 0.999390825916948, 0.0348995282638745 ) );
#13817 = DIRECTION( '', ( 1.00000000000000, 0.000000000000000, 0.000000000000000 ) );
#13818 = DIRECTION( '', ( -1.00000000000000, 0.000000000000000, 0.000000000000000 ) );
#13819 = DIRECTION( '', ( 0.000000000000000, -0.999390825916948, -0.0348995282638742 ) );
#13820 = DIRECTION( '', ( 0.000000000000000, 0.999390825916948, 0.0348995282638745 ) );
#13821 = CARTESIAN_POINT( '', ( 11.0000000000057, -22.7000000000000, 30.2502776662257 ) );
#13822 = DIRECTION( '', ( -1.07552855510104E-013, 1.00000000000000, 2.34744957761009E-014 ) );
#13823 = DIRECTION( '', ( 1.00000000000000, 1.07552855510104E-013, -6.93889390387770E-015 ) );
#13824 = DIRECTION( '', ( 0.000000000000000, -1.00000000000000, 0.000000000000000 ) );
#13825 = CARTESIAN_POINT( '', ( 11.0000000000043, -10.0999999460160, 30.2502776662260 ) );
#13826 = DIRECTION( '', ( 1.05818132034135E-013, -1.00000000000000, -2.34744957761009E-014 ) );
#13827 = DIRECTION( '', ( 1.00000000000000, 1.05818132034135E-013, -4.74063666881069E-042 ) );
#13828 = DIRECTION( '', ( 0.000000000000000, -1.00000000000000, 0.000000000000000 ) );
#13829 = DIRECTION( '', ( -1.00000000000000, 0.000000000000000, -2.44327692307692E-016 ) );
#13830 = DIRECTION( '', ( 0.000000000000000, 0.000000000000000, -1.00000000000000 ) );
#13831 = DIRECTION( '', ( 1.00000000000000, 0.000000000000000, 0.000000000000000 ) );
#13832 = DIRECTION( '', ( 0.000000000000000, 0.000000000000000, -1.00000000000000 ) );
#13833 = CARTESIAN_POINT( '', ( 6.66826970269034E-007, -16.5999997766690, -1.50000000000000 ) );
#13834 = DIRECTION( '', ( 0.000000000000000, 0.000000000000000, 1.00000000000000 ) );
#13835 = DIRECTION( '', ( 1.00000000000000, 0.000000000000000, 0.000000000000000 ) );
#13836 = CARTESIAN_POINT( '', ( 6.66826970269034E-007, -16.5999997766690, -11.7500000000000 ) );
#13837 = DIRECTION( '', ( 0.000000000000000, 0.000000000000000, 1.00000000000000 ) );
#13838 = DIRECTION( '', ( 1.00000000000000, 0.000000000000000, 0.000000000000000 ) );
#13839 = DIRECTION( '', ( -1.00000000000000, 0.000000000000000, 0.000000000000000 ) );
#13840 = DIRECTION( '', ( -1.00000000000000, 0.000000000000000, 0.000000000000000 ) );
#13841 = DIRECTION( '', ( 0.000000000000000, -1.00000000000000, 0.000000000000000 ) );
#13842 = DIRECTION( '', ( 0.000000000000000, 1.00000000000000, 0.000000000000000 ) );
#13843 = DIRECTION( '', ( 0.000000000000000, 0.000000000000000, -1.00000000000000 ) );
#13844 = DIRECTION( '', ( 0.000000000000000, 1.00000000000000, 0.000000000000000 ) );
#13845 = DIRECTION( '', ( 0.000000000000000, -1.00000000000000, 0.000000000000000 ) );
#13846 = DIRECTION( '', ( -1.00000000000000, 0.000000000000000, 0.000000000000000 ) );
#13847 = DIRECTION( '', ( 0.000000000000000, 1.00000000000000, 0.000000000000000 ) );
#13848 = CARTESIAN_POINT( '', ( 2.01165360125685E-007, -16.6000001573937, -14.0000000000000 ) );
#13849 = DIRECTION( '', ( -2.85160023448270E-015, -5.17287374229073E-016, -1.00000000000000 ) );
#13850 = DIRECTION( '', ( -1.00000000000000, 0.000000000000000, 2.85160023448270E-015 ) );
#13851 = DIRECTION( '', ( 0.000000000000000, -1.00000000000000, 0.000000000000000 ) );
#13852 = DIRECTION( '', ( 0.000000000000000, 0.000000000000000, 1.00000000000000 ) );
#13853 = DIRECTION( '', ( 0.000000000000000, 0.000000000000000, 1.00000000000000 ) );
#13854 = CARTESIAN_POINT( '', ( 4.87500000000093, -19.4999999999989, 7.99999999999916 ) );
#13855 = DIRECTION( '', ( 3.63135447637819E-013, 1.00000000000000, -2.45769217299778E-013 ) );
#13856 = DIRECTION( '', ( -1.00000000000000, 3.63135447637819E-013, 0.000000000000000 ) );
#13857 = CARTESIAN_POINT( '', ( 4.87500000000071, -20.0999999999983, 7.99999999999931 ) );
#13858 = DIRECTION( '', ( 3.63135447637819E-013, 1.00000000000000, -2.45769217299778E-013 ) );
#13859 = DIRECTION( '', ( -1.00000000000000, 3.63135447637819E-013, 0.000000000000000 ) );
#13860 = DIRECTION( '', ( 0.000000000000000, 1.00000000000000, 0.000000000000000 ) );
#13861 = DIRECTION( '', ( 0.000000000000000, 1.00000000000000, 0.000000000000000 ) );
#13862 = DIRECTION( '', ( 0.707106781186407, 0.707106781186688, 0.000000000000000 ) );
#13863 = DIRECTION( '', ( 0.000000000000000, 0.000000000000000, 1.00000000000000 ) );
#13864 = DIRECTION( '', ( -0.707106781186407, -0.707106781186688, 0.000000000000000 ) );
#13865 = DIRECTION( '', ( 0.707106781186407, 0.707106781186688, 0.000000000000000 ) );
#13866 = DIRECTION( '', ( 0.000000000000000, 0.000000000000000, 1.00000000000000 ) );
#13867 = DIRECTION( '', ( 0.000000000000000, -1.00000000000000, 0.000000000000000 ) );
#13868 = DIRECTION( '', ( 0.000000000000000, 0.000000000000000, -1.00000000000000 ) );
#13869 = DIRECTION( '', ( 0.000000000000000, -1.00000000000000, 0.000000000000000 ) );
#13870 = DIRECTION( '', ( 0.000000000000000, 0.000000000000000, -1.00000000000000 ) );
#13871 = DIRECTION( '', ( 0.000000000000000, 0.000000000000000, -1.00000000000000 ) );
#13872 = DIRECTION( '', ( -1.70136340913097E-014, -1.00000000000000, 0.000000000000000 ) );
#13873 = DIRECTION( '', ( 0.000000000000000, 1.00000000000000, 0.000000000000000 ) );
#13874 = DIRECTION( '', ( 1.00000000000000, 0.000000000000000, 0.000000000000000 ) );
#13875 = DIRECTION( '', ( -3.93338462576137E-015, 0.000000000000000, 1.00000000000000 ) );
#13876 = CARTESIAN_POINT( '', ( -9.74999979883453, -16.6000001573931, -6.93889390390723E-015 ) );
#13877 = DIRECTION( '', ( 0.000000000000000, 0.000000000000000, -1.00000000000000 ) );
#13878 = DIRECTION( '', ( 1.00000000000000, 0.000000000000000, 0.000000000000000 ) );
#13879 = CARTESIAN_POINT( '', ( 2.01165208823545E-007, -16.6000001573936, -3.59141969635824E-015 ) );
#13880 = DIRECTION( '', ( -6.58274827838529E-016, 1.19507916143259E-016, 1.00000000000000 ) );
#13881 = DIRECTION( '', ( -1.00000000000000, 9.50533411494020E-016, -6.58274827838529E-016 ) );
#13882 = DIRECTION( '', ( 0.000000000000000, 0.000000000000000, -1.00000000000000 ) );
#13883 = CARTESIAN_POINT( '', ( 2.01165215379035E-007, -16.6000001573936, -14.6999999999995 ) );
#13884 = DIRECTION( '', ( 9.84921472138076E-014, -1.17866143025259E-013, 1.00000000000000 ) );
#13885 = DIRECTION( '', ( 0.000000000000000, -1.00000000000000, -1.17866143025259E-013 ) );
#13886 = CARTESIAN_POINT( '', ( 2.01165208823545E-007, -16.6000001573936, -4.98732999343332E-015 ) );
#13887 = DIRECTION( '', ( -6.58274827838529E-016, 1.19507916143259E-016, 1.00000000000000 ) );
#13888 = DIRECTION( '', ( -1.00000000000000, 9.50533411494020E-016, -6.58274827838529E-016 ) );
#13889 = DIRECTION( '', ( 1.38677022062099E-016, 0.000000000000000, -1.00000000000000 ) );
#13890 = CARTESIAN_POINT( '', ( 2.01165218039393E-007, -16.6000001573936, -14.0000000000000 ) );
#13891 = DIRECTION( '', ( 4.75266705747010E-016, -1.19507916143259E-016, -1.00000000000000 ) );
#13892 = DIRECTION( '', ( -1.00000000000000, 0.000000000000000, -4.75266705747010E-016 ) );
#13893 = DIRECTION( '', ( -1.26070020056453E-016, 0.000000000000000, 1.00000000000000 ) );
#13894 = CARTESIAN_POINT( '', ( -6.72737960729354, -22.7000000000004, 49.3999999999990 ) );
#13895 = DIRECTION( '', ( 5.08417288252102E-014, 1.00000000000000, -1.08709337827789E-013 ) );
#13896 = DIRECTION( '', ( 1.73472347597536E-015, -1.08709337827789E-013, -1.00000000000000 ) );
#13897 = DIRECTION( '', ( 0.000000000000000, -1.00000000000000, 0.000000000000000 ) );
#13898 = CARTESIAN_POINT( '', ( -6.72737960729290, -10.1000000000003, 49.3999999999977 ) );
#13899 = DIRECTION( '', ( 5.08417288252102E-014, 1.00000000000000, -1.09287578986448E-013 ) );
#13900 = DIRECTION( '', ( 0.000000000000000, -1.09287578986448E-013, -1.00000000000000 ) );
#13901 = DIRECTION( '', ( 0.000000000000000, -1.00000000000000, 0.000000000000000 ) );
#13902 = CARTESIAN_POINT( '', ( -4.87500000000227, -21.8999999999944, 8.00000000000060 ) );
#13903 = DIRECTION( '', ( 2.33146835171329E-012, -1.00000000000000, -8.81212206892396E-013 ) );
#13904 = DIRECTION( '', ( -1.00000000000000, -2.33146835171328E-012, 0.000000000000000 ) );
#13905 = DIRECTION( '', ( 0.000000000000000, -1.00000000000000, 0.000000000000000 ) );
#13906 = CARTESIAN_POINT( '', ( -4.87500000000040, -22.6999999999953, 7.99999999999989 ) );
#13907 = DIRECTION( '', ( -2.33146835171329E-012, 1.00000000000000, 8.81212206892396E-013 ) );
#13908 = DIRECTION( '', ( -1.00000000000000, -2.33146835171328E-012, 0.000000000000000 ) );
#13909 = DIRECTION( '', ( 0.000000000000000, -1.00000000000000, 0.000000000000000 ) );
#13910 = DIRECTION( '', ( 0.000000000000000, 1.00000000000000, 0.000000000000000 ) );
#13911 = DIRECTION( '', ( 0.000000000000000, 0.000000000000000, 1.00000000000000 ) );
#13912 = DIRECTION( '', ( 0.000000000000000, 0.000000000000000, -1.00000000000000 ) );
#13913 = DIRECTION( '', ( 0.000000000000000, 1.00000000000000, 0.000000000000000 ) );
#13914 = DIRECTION( '', ( 0.000000000000000, 0.000000000000000, -1.00000000000000 ) );
#13915 = DIRECTION( '', ( 0.000000000000000, -1.00000000000000, 0.000000000000000 ) );
#13916 = DIRECTION( '', ( 0.000000000000000, 0.000000000000000, -1.00000000000000 ) );
#13917 = DIRECTION( '', ( 0.000000000000000, 0.000000000000000, 1.00000000000000 ) );
#13918 = DIRECTION( '', ( 0.000000000000000, -1.00000000000000, 0.000000000000000 ) );
#13919 = CARTESIAN_POINT( '', ( 9.75000066682604, -16.5999997766699, -1.08725609732434E-015 ) );
#13920 = DIRECTION( '', ( -2.44327228255456E-016, -5.60515828498946E-024, 1.00000000000000 ) );
#13921 = DIRECTION( '', ( -1.00000000000000, 1.52503162723189E-015, -2.44327228255456E-016 ) );
#13922 = DIRECTION( '', ( 0.000000000000000, -1.00000000000000, 0.000000000000000 ) );
#13923 = DIRECTION( '', ( -1.00000000000000, 1.14136041694607E-010, 0.000000000000000 ) );
#13924 = DIRECTION( '', ( -1.00000000000000, 0.000000000000000, 0.000000000000000 ) );
#13925 = DIRECTION( '', ( 1.00000000000000, 0.000000000000000, 0.000000000000000 ) );
#13926 = CARTESIAN_POINT( '', ( -4.87500000000227, -21.8999999999944, 8.00000000000060 ) );
#13927 = DIRECTION( '', ( 2.33146835171329E-012, -1.00000000000000, -8.81212206892396E-013 ) );
#13928 = DIRECTION( '', ( -1.00000000000000, -2.33146835171328E-012, 0.000000000000000 ) );
#13929 = DIRECTION( '', ( 0.000000000000000, -1.00000000000000, 0.000000000000000 ) );
#13930 = CARTESIAN_POINT( '', ( -4.87500000000040, -22.6999999999953, 7.99999999999989 ) );
#13931 = DIRECTION( '', ( -2.33146835171329E-012, 1.00000000000000, 8.81212206892396E-013 ) );
#13932 = DIRECTION( '', ( -1.00000000000000, -2.33146835171328E-012, 0.000000000000000 ) );
#13933 = DIRECTION( '', ( 0.000000000000000, -1.00000000000000, 0.000000000000000 ) );
#13934 = DIRECTION( '', ( 0.000000000000000, 3.73482638037236E-009, -1.00000000000000 ) );
#13935 = DIRECTION( '', ( -9.81796973364632E-010, 1.00000000000000, 0.000000000000000 ) );
#13936 = DIRECTION( '', ( -1.92042241835623E-008, 0.000000000000000, 1.00000000000000 ) );
#13937 = DIRECTION( '', ( 9.81796702314089E-010, -1.00000000000000, 0.000000000000000 ) );
#13938 = DIRECTION( '', ( -1.92042241416176E-008, 0.000000000000000, 1.00000000000000 ) );
#13939 = DIRECTION( '', ( 0.000000000000000, -1.00000000000000, 0.000000000000000 ) );
#13940 = DIRECTION( '', ( 1.92042242255071E-008, 0.000000000000000, -1.00000000000000 ) );
#13941 = CARTESIAN_POINT( '', ( 9.75000066682763, -16.5999997766690, -17.0000000000000 ) );
#13942 = DIRECTION( '', ( -0.000000000000000, -1.05410646101863E-023, -1.00000000000000 ) );
#13943 = DIRECTION( '', ( -1.00000000000000, 0.000000000000000, 0.000000000000000 ) );
#13944 = CARTESIAN_POINT( '', ( 9.75000066682762, -16.5999997766690, -1.08725612519332E-015 ) );
#13945 = DIRECTION( '', ( 2.44327252575135E-016, -1.05410646101863E-023, -1.00000000000000 ) );
#13946 = DIRECTION( '', ( -1.00000000000000, 0.000000000000000, -2.44327252575135E-016 ) );
#13947 = DIRECTION( '', ( 0.000000000000000, 0.000000000000000, -1.00000000000000 ) );
#13948 = DIRECTION( '', ( 0.000000000000000, 1.00000000000000, 0.000000000000000 ) );
#13949 = DIRECTION( '', ( 0.000000000000000, 0.000000000000000, -1.00000000000000 ) );
#13950 = DIRECTION( '', ( 0.000000000000000, 1.00000000000000, 0.000000000000000 ) );
#13951 = DIRECTION( '', ( 0.000000000000000, 0.000000000000000, 1.00000000000000 ) );
#13952 = DIRECTION( '', ( 0.000000000000000, 1.00000000000000, 0.000000000000000 ) );
#13953 = DIRECTION( '', ( 0.000000000000000, 0.000000000000000, 1.00000000000000 ) );
#13954 = DIRECTION( '', ( 0.000000000000000, 1.00000000000000, 0.000000000000000 ) );
#13955 = DIRECTION( '', ( 0.000000000000000, 0.000000000000000, 1.00000000000000 ) );
#13956 = DIRECTION( '', ( -6.50521303491303E-016, 1.00000000000000, 0.000000000000000 ) );
#13957 = DIRECTION( '', ( -5.86744705109802E-016, 0.000000000000000, 1.00000000000000 ) );
#13958 = DIRECTION( '', ( 0.000000000000000, 0.000000000000000, -1.00000000000000 ) );
#13959 = DIRECTION( '', ( 1.00000000000000, 0.000000000000000, 0.000000000000000 ) );
#13960 = DIRECTION( '', ( 2.01712032090326E-016, 0.000000000000000, -1.00000000000000 ) );
#13961 = DIRECTION( '', ( 1.00000000000000, 0.000000000000000, 0.000000000000000 ) );
#13962 = DIRECTION( '', ( 1.00000000000000, 0.000000000000000, 2.44327253521127E-016 ) );
#13963 = DIRECTION( '', ( 0.000000000000000, -1.00000000000000, 0.000000000000000 ) );
#13964 = DIRECTION( '', ( 0.000000000000000, 0.000000000000000, 1.00000000000000 ) );
#13965 = DIRECTION( '', ( 0.000000000000000, 1.00000000000000, 0.000000000000000 ) );
#13966 = CARTESIAN_POINT( '', ( 2.01165396926806E-007, -16.6000001573937, 4.83825219471656E-015 ) );
#13967 = DIRECTION( '', ( 2.62865150846329E-015, 5.17287374229073E-016, 1.00000000000000 ) );
#13968 = DIRECTION( '', ( -1.00000000000000, 0.000000000000000, 2.62865150846329E-015 ) );
#13969 = CARTESIAN_POINT( '', ( 2.01165364287812E-007, -16.6000001573936, -14.6999999999991 ) );
#13970 = DIRECTION( '', ( -1.61117211916568E-013, 1.93433549239082E-013, 1.00000000000000 ) );
#13971 = DIRECTION( '', ( 0.000000000000000, -1.00000000000000, 1.93433549239082E-013 ) );
#13972 = DIRECTION( '', ( 2.64747042118551E-015, 0.000000000000000, 1.00000000000000 ) );
#13973 = CARTESIAN_POINT( '', ( 2.01165396926806E-007, -16.6000001573937, -3.46944695195362E-015 ) );
#13974 = DIRECTION( '', ( -2.44327253521126E-016, 0.000000000000000, 1.00000000000000 ) );
#13975 = DIRECTION( '', ( -1.00000000000000, 0.000000000000000, -2.44327253521126E-016 ) );
#13976 = DIRECTION( '', ( -1.77758728279599E-015, 0.000000000000000, -1.00000000000000 ) );
#13977 = DIRECTION( '', ( 6.55564104293552E-016, 0.000000000000000, 1.00000000000000 ) );
#13978 = CARTESIAN_POINT( '', ( 4.87500000000082, -21.9000000000004, 7.99999999999944 ) );
#13979 = DIRECTION( '', ( 6.67868538250977E-013, 1.00000000000000, -2.52430580103041E-013 ) );
#13980 = DIRECTION( '', ( -1.00000000000000, 6.67868538250977E-013, 0.000000000000000 ) );
#13981 = DIRECTION( '', ( 0.000000000000000, 1.00000000000000, 0.000000000000000 ) );
#13982 = CARTESIAN_POINT( '', ( 4.87500000000029, -22.7000000000013, 7.99999999999964 ) );
#13983 = DIRECTION( '', ( 6.67868538250977E-013, 1.00000000000000, -2.52430580103041E-013 ) );
#13984 = DIRECTION( '', ( -1.00000000000000, 6.67868538250977E-013, 0.000000000000000 ) );
#13985 = DIRECTION( '', ( 0.000000000000000, 1.00000000000000, 0.000000000000000 ) );
#13986 = DIRECTION( '', ( 0.000000000000000, 1.00000000000000, 0.000000000000000 ) );
#13987 = DIRECTION( '', ( -1.00000000000000, 0.000000000000000, 0.000000000000000 ) );
#13988 = DIRECTION( '', ( 1.00000000000000, 0.000000000000000, 2.44327095844220E-016 ) );
#13989 = CARTESIAN_POINT( '', ( -9.74999933317414, -16.5999997766695, -5.85163766574317E-015 ) );
#13990 = DIRECTION( '', ( -2.44327192208637E-016, -4.90536882994111E-023, 1.00000000000000 ) );
#13991 = DIRECTION( '', ( -1.00000000000000, 7.62515813615984E-016, -2.44327192208637E-016 ) );
#13992 = DIRECTION( '', ( 0.000000000000000, 1.00000000000000, 0.000000000000000 ) );
#13993 = DIRECTION( '', ( -1.00000000000000, 1.14136041694607E-010, 0.000000000000000 ) );
#13994 = DIRECTION( '', ( 0.000000000000000, -1.00000000000000, 0.000000000000000 ) );
#13995 = CARTESIAN_POINT( '', ( 6.66829296207955E-007, -16.5999997766692, -3.46945568393212E-015 ) );
#13996 = DIRECTION( '', ( -2.44325600401370E-016, -1.29166066836185E-021, 1.00000000000000 ) );
#13997 = DIRECTION( '', ( -1.00000000000000, 2.28754744084743E-015, -2.44325600401370E-016 ) );
#13998 = DIRECTION( '', ( 0.422618262192718, 0.000000000000000, 0.906307786825870 ) );
#13999 = DIRECTION( '', ( -0.422618262192718, 0.000000000000000, -0.906307786825870 ) );
#14000 = DIRECTION( '', ( 0.000000000000000, 1.00000000000000, 0.000000000000000 ) );
#14001 = DIRECTION( '', ( 1.00000000000000, 0.000000000000000, 2.44327253521127E-016 ) );
#14002 = DIRECTION( '', ( 0.000000000000000, 0.000000000000000, -1.00000000000000 ) );
#14003 = DIRECTION( '', ( -1.00000000000000, 0.000000000000000, 0.000000000000000 ) );
#14004 = DIRECTION( '', ( 0.000000000000000, 0.000000000000000, 1.00000000000000 ) );
#14005 = CARTESIAN_POINT( '', ( -10.9999999999884, -22.7000000000000, 39.7150839887162 ) );
#14006 = DIRECTION( '', ( 4.74157750098581E-014, -1.00000000000000, 1.04331092338402E-014 ) );
#14007 = DIRECTION( '', ( 1.00000000000000, 4.74157750098581E-014, 0.000000000000000 ) );
#14008 = DIRECTION( '', ( 0.000000000000000, -1.00000000000000, 0.000000000000000 ) );
#14009 = CARTESIAN_POINT( '', ( -10.9999999999890, -10.0999999999999, 39.7150839887161 ) );
#14010 = DIRECTION( '', ( 4.68375338512013E-014, -1.00000000000000, 1.04331092338402E-014 ) );
#14011 = DIRECTION( '', ( 1.00000000000000, 4.68375338512013E-014, 0.000000000000000 ) );
#14012 = DIRECTION( '', ( 0.000000000000000, 0.999390825916948, 0.0348995282638745 ) );
#14013 = DIRECTION( '', ( -1.00000000000000, 0.000000000000000, 0.000000000000000 ) );
#14014 = DIRECTION( '', ( 0.000000000000000, -0.999390825916948, -0.0348995282638742 ) );
#14015 = DIRECTION( '', ( 5.94142639914638E-014, -0.999390825916947, -0.0348995282639000 ) );
#14016 = DIRECTION( '', ( 0.000000000000000, 0.999390825916947, 0.0348995282639000 ) );
#14017 = CARTESIAN_POINT( '', ( 9.75000066682868, -16.5999997766658, -5.96744875736022E-013 ) );
#14018 = DIRECTION( '', ( -8.34725535874067E-014, -1.72130106315256E-013, -1.00000000000000 ) );
#14019 = DIRECTION( '', ( 0.000000000000000, -1.00000000000000, 1.72130106315257E-013 ) );
#14020 = DIRECTION( '', ( 0.000000000000000, 1.00000000000000, 0.000000000000000 ) );
#14021 = DIRECTION( '', ( 0.000000000000000, 1.00000000000000, 0.000000000000000 ) );
#14022 = DIRECTION( '', ( 1.00000000000000, 0.000000000000000, 2.44327692307692E-016 ) );
#14023 = CARTESIAN_POINT( '', ( 9.75000066682305, -16.5999997766634, 1.78329573330416E-012 ) );
#14024 = DIRECTION( '', ( 3.08887746066658E-013, -4.16111359228256E-013, -1.00000000000000 ) );
#14025 = DIRECTION( '', ( 0.000000000000000, -1.00000000000000, 4.16111359228256E-013 ) );
#14026 = DIRECTION( '', ( 0.000000000000000, 1.00000000000000, 0.000000000000000 ) );
#14027 = DIRECTION( '', ( 1.00000000000000, 0.000000000000000, 2.44327253521127E-016 ) );
#14028 = DIRECTION( '', ( 0.000000000000000, -1.00000000000000, 0.000000000000000 ) );
#14029 = CARTESIAN_POINT( '', ( 9.75000066682544, -16.5999997766708, -2.53269627492614E-013 ) );
#14030 = DIRECTION( '', ( 5.59152337406603E-014, 5.60721567409037E-014, -1.00000000000000 ) );
#14031 = DIRECTION( '', ( 9.25185853854073E-016, -1.00000000000000, -5.60721567409037E-014 ) );
#14032 = DIRECTION( '', ( 0.000000000000000, -1.00000000000000, 0.000000000000000 ) );
#14033 = CARTESIAN_POINT( '', ( 9.75000066682694, -16.5999997766690, 0.000000000000000 ) );
#14034 = DIRECTION( '', ( 0.000000000000000, 0.000000000000000, 1.00000000000000 ) );
#14035 = DIRECTION( '', ( 1.00000000000000, 0.000000000000000, 0.000000000000000 ) );
#14036 = DIRECTION( '', ( 0.000000000000000, 0.999390825916948, 0.0348995282638745 ) );
#14037 = DIRECTION( '', ( 0.000000000000000, 0.000000000000000, -1.00000000000000 ) );
#14038 = DIRECTION( '', ( 0.000000000000000, 0.000000000000000, 1.00000000000000 ) );
#14039 = DIRECTION( '', ( 0.000000000000000, -0.990268051374373, 0.139173224534038 ) );
#14040 = DIRECTION( '', ( 0.000000000000000, -1.00000000000000, 0.000000000000000 ) );
#14041 = DIRECTION( '', ( 0.000000000000000, 3.73483637194965E-009, -1.00000000000000 ) );
#14042 = DIRECTION( '', ( 0.000000000000000, 1.00000000000000, 0.000000000000000 ) );
#14043 = CARTESIAN_POINT( '', ( 6.66811415179974E-007, -16.5999997766534, -1.50000000000426 ) );
#14044 = DIRECTION( '', ( 8.22884081867569E-013, -8.45735518653743E-013, -1.00000000000000 ) );
#14045 = DIRECTION( '', ( 3.55271368210581E-015, -1.00000000000000, 8.45735518653746E-013 ) );
#14046 = DIRECTION( '', ( -1.00000000000000, 0.000000000000000, 0.000000000000000 ) );
#14047 = CARTESIAN_POINT( '', ( 6.66842392218068E-007, -16.5999997766538, -1.50000000000426 ) );
#14048 = DIRECTION( '', ( -8.22884081867464E-013, -8.45735518653847E-013, -1.00000000000000 ) );
#14049 = DIRECTION( '', ( 8.88178427419728E-016, -1.00000000000000, 8.45735518653846E-013 ) );
#14050 = DIRECTION( '', ( 0.000000000000000, 1.00000000000000, 0.000000000000000 ) );
#14051 = DIRECTION( '', ( -1.00000000000000, 0.000000000000000, 0.000000000000000 ) );
#14052 = DIRECTION( '', ( 0.000000000000000, 1.00000000000000, 0.000000000000000 ) );
#14053 = DIRECTION( '', ( 1.00000000000000, 0.000000000000000, 0.000000000000000 ) );
#14054 = DIRECTION( '', ( 0.000000000000000, 1.00000000000000, 0.000000000000000 ) );
#14055 = CARTESIAN_POINT( '', ( 6.66846753543609E-007, -16.5999997766850, -1.50000000000631 ) );
#14056 = DIRECTION( '', ( -1.32359401217056E-012, 1.07406776850163E-012, -1.00000000000000 ) );
#14057 = DIRECTION( '', ( 1.00000000000000, 0.000000000000000, -1.32359401217056E-012 ) );
#14058 = DIRECTION( '', ( 1.00000000000000, 0.000000000000000, 0.000000000000000 ) );
#14059 = CARTESIAN_POINT( '', ( 6.66826199570844E-007, -16.5999997766703, -1.50000000000028 ) );
#14060 = DIRECTION( '', ( 3.72646311494453E-014, 8.41919127007332E-014, -1.00000000000000 ) );
#14061 = DIRECTION( '', ( 0.000000000000000, -1.00000000000000, -8.41919127007332E-014 ) );
#14062 = DIRECTION( '', ( 3.34094891669607E-014, -1.00000000000000, 0.000000000000000 ) );
#14063 = DIRECTION( '', ( -1.00000000000000, 0.000000000000000, 0.000000000000000 ) );
#14064 = CARTESIAN_POINT( '', ( 6.66822935557120E-007, -16.5999997766653, -15.5000000000043 ) );
#14065 = DIRECTION( '', ( -8.22884081867570E-013, 8.45619870422015E-013, 1.00000000000000 ) );
#14066 = DIRECTION( '', ( 0.000000000000000, -1.00000000000000, 8.45619870422015E-013 ) );
#14067 = DIRECTION( '', ( 0.000000000000000, 0.000000000000000, -1.00000000000000 ) );
#14068 = DIRECTION( '', ( 0.000000000000000, -1.00000000000000, 0.000000000000000 ) );
#14069 = DIRECTION( '', ( 0.000000000000000, -1.00000000000000, 0.000000000000000 ) );
#14070 = DIRECTION( '', ( 0.000000000000000, 0.000000000000000, 1.00000000000000 ) );
#14071 = CARTESIAN_POINT( '', ( 11.1000000000014, -22.7000000000000, 24.1573593128809 ) );
#14072 = DIRECTION( '', ( 6.01370805005388E-014, -1.00000000000000, 2.51279576560317E-014 ) );
#14073 = DIRECTION( '', ( 1.00000000000000, 6.01370805005388E-014, 2.53727531813023E-042 ) );
#14074 = DIRECTION( '', ( 0.000000000000000, -1.00000000000000, 0.000000000000000 ) );
#14075 = CARTESIAN_POINT( '', ( 11.1000000000006, -10.1000000000002, 24.1573593128805 ) );
#14076 = DIRECTION( '', ( -6.07153216591978E-014, 1.00000000000000, -2.51279576560317E-014 ) );
#14077 = DIRECTION( '', ( 1.00000000000000, 6.07153216591979E-014, 3.46944695195417E-015 ) );
#14078 = DIRECTION( '', ( 0.000000000000000, 1.00000000000000, 0.000000000000000 ) );
#14079 = DIRECTION( '', ( 0.000000000000000, -1.00000000000000, 0.000000000000000 ) );
#14080 = DIRECTION( '', ( -1.00000000000000, 0.000000000000000, 0.000000000000000 ) );
#14081 = DIRECTION( '', ( 0.000000000000000, 1.00000000000000, 0.000000000000000 ) );
#14082 = DIRECTION( '', ( 1.00000000000000, 0.000000000000000, 0.000000000000000 ) );
#14083 = DIRECTION( '', ( -1.00000000000000, 0.000000000000000, 0.000000000000000 ) );
#14084 = DIRECTION( '', ( 0.707106781186336, -0.707106781186759, 0.000000000000000 ) );
#14085 = DIRECTION( '', ( 1.00000000000000, 0.000000000000000, 0.000000000000000 ) );
#14086 = DIRECTION( '', ( 0.707106781186332, 0.707106781186763, 0.000000000000000 ) );
#14087 = DIRECTION( '', ( 0.000000000000000, 0.000000000000000, -1.00000000000000 ) );
#14088 = DIRECTION( '', ( 0.000000000000000, -1.00000000000000, 0.000000000000000 ) );
#14089 = DIRECTION( '', ( 0.000000000000000, 0.000000000000000, 1.00000000000000 ) );
#14090 = DIRECTION( '', ( 0.000000000000000, -1.00000000000000, 0.000000000000000 ) );
#14091 = DIRECTION( '', ( 0.000000000000000, 1.00000000000000, 0.000000000000000 ) );
#14092 = DIRECTION( '', ( -1.00000000000000, 0.000000000000000, 0.000000000000000 ) );
#14093 = DIRECTION( '', ( 0.000000000000000, 0.000000000000000, -1.00000000000000 ) );
#14094 = DIRECTION( '', ( 0.000000000000000, -1.00000000000000, 0.000000000000000 ) );
#14095 = DIRECTION( '', ( 0.000000000000000, 0.000000000000000, 1.00000000000000 ) );
#14096 = DIRECTION( '', ( 0.000000000000000, 0.000000000000000, 1.00000000000000 ) );
#14097 = CARTESIAN_POINT( '', ( -4.87500000000037, -21.9000000000004, 7.99999999999972 ) );
#14098 = DIRECTION( '', ( 6.67868538251127E-013, -1.00000000000000, 2.52430580102946E-013 ) );
#14099 = DIRECTION( '', ( -1.00000000000000, -6.67868538251127E-013, 0.000000000000000 ) );
#14100 = DIRECTION( '', ( 0.000000000000000, 0.000000000000000, 1.00000000000000 ) );
#14101 = DIRECTION( '', ( -1.00000000000000, 0.000000000000000, 0.000000000000000 ) );
#14102 = DIRECTION( '', ( 0.000000000000000, 0.000000000000000, -1.00000000000000 ) );
#14103 = DIRECTION( '', ( 0.000000000000000, 0.000000000000000, -1.00000000000000 ) );
#14104 = DIRECTION( '', ( 0.000000000000000, 0.000000000000000, 1.00000000000000 ) );
#14105 = CARTESIAN_POINT( '', ( -4.87500000000006, -21.8999999999989, 7.99999999999975 ) );
#14106 = DIRECTION( '', ( -3.63135447637819E-013, 1.00000000000000, -2.45769217299778E-013 ) );
#14107 = DIRECTION( '', ( -1.00000000000000, -3.63135447637819E-013, 0.000000000000000 ) );
#14108 = DIRECTION( '', ( 0.000000000000000, 0.000000000000000, -1.00000000000000 ) );
#14109 = DIRECTION( '', ( -1.00000000000000, 0.000000000000000, 0.000000000000000 ) );
#14110 = DIRECTION( '', ( 0.000000000000000, 0.000000000000000, -1.00000000000000 ) );
#14111 = CARTESIAN_POINT( '', ( -4.87500000000015, -21.8999999999993, 7.99999999999966 ) );
#14112 = DIRECTION( '', ( 1.96601993944020E-013, -1.00000000000000, 1.33124992704114E-013 ) );
#14113 = DIRECTION( '', ( -1.00000000000000, -1.96601993944020E-013, 2.31296463463553E-015 ) );
#14114 = DIRECTION( '', ( 0.000000000000000, 0.000000000000000, -1.00000000000000 ) );
#14115 = DIRECTION( '', ( -1.00000000000000, 0.000000000000000, 0.000000000000000 ) );
#14116 = DIRECTION( '', ( 0.000000000000000, -1.00000000000000, 0.000000000000000 ) );
#14117 = DIRECTION( '', ( 0.000000000000000, -1.00000000000000, 0.000000000000000 ) );
#14118 = DIRECTION( '', ( 0.000000000000000, -3.73482923859863E-009, 1.00000000000000 ) );
#14119 = DIRECTION( '', ( 0.000000000000000, 0.000000000000000, 1.00000000000000 ) );
#14120 = DIRECTION( '', ( -1.00000000000000, 1.14136041694607E-010, 0.000000000000000 ) );
#14121 = DIRECTION( '', ( 0.000000000000000, -1.00000000000000, 0.000000000000000 ) );
#14122 = CARTESIAN_POINT( '', ( -9.74999933317481, -16.5999997766678, -5.85164060830399E-015 ) );
#14123 = DIRECTION( '', ( -2.44326742092992E-016, -6.18126673757904E-022, 1.00000000000000 ) );
#14124 = DIRECTION( '', ( -1.00000000000000, 7.62515813616492E-016, -2.44326742092992E-016 ) );
#14125 = DIRECTION( '', ( -1.00000000000000, 0.000000000000000, 0.000000000000000 ) );
#14126 = DIRECTION( '', ( 1.00000000000000, -1.14134857785073E-010, 0.000000000000000 ) );
#14127 = DIRECTION( '', ( 0.000000000000000, -1.00000000000000, 0.000000000000000 ) );
#14128 = DIRECTION( '', ( 1.00000000000000, 0.000000000000000, 0.000000000000000 ) );
#14129 = DIRECTION( '', ( 0.000000000000000, 1.00000000000000, 0.000000000000000 ) );
#14130 = DIRECTION( '', ( 0.707106781188437, -0.707106781184659, 0.000000000000000 ) );
#14131 = DIRECTION( '', ( 0.000000000000000, 0.000000000000000, 1.00000000000000 ) );
#14132 = DIRECTION( '', ( 1.00000000000000, 0.000000000000000, 0.000000000000000 ) );
#14133 = DIRECTION( '', ( -5.84964893061947E-015, 0.000000000000000, 1.00000000000000 ) );
#14134 = DIRECTION( '', ( 0.000000000000000, 0.000000000000000, 1.00000000000000 ) );
#14135 = DIRECTION( '', ( 0.000000000000000, 1.00000000000000, 0.000000000000000 ) );
#14136 = DIRECTION( '', ( 0.000000000000000, -1.00000000000000, 0.000000000000000 ) );
#14137 = DIRECTION( '', ( 0.000000000000000, 0.000000000000000, -1.00000000000000 ) );
#14138 = DIRECTION( '', ( 0.000000000000000, -1.00000000000000, 0.000000000000000 ) );
#14139 = DIRECTION( '', ( -1.00000000000000, 0.000000000000000, 0.000000000000000 ) );
#14140 = DIRECTION( '', ( -5.59750889050656E-015, 0.000000000000000, 1.00000000000000 ) );
#14141 = DIRECTION( '', ( 0.000000000000000, 0.000000000000000, -1.00000000000000 ) );
#14142 = DIRECTION( '', ( 1.00000000000000, 0.000000000000000, 2.44327095844245E-016 ) );
#14143 = CARTESIAN_POINT( '', ( -9.74999933317480, -16.5999997766678, -17.0000000000000 ) );
#14144 = DIRECTION( '', ( 0.000000000000000, 6.18126673757904E-022, -1.00000000000000 ) );
#14145 = DIRECTION( '', ( -1.00000000000000, 0.000000000000000, 0.000000000000000 ) );
#14146 = DIRECTION( '', ( 0.000000000000000, 0.000000000000000, 1.00000000000000 ) );
#14147 = DIRECTION( '', ( 0.000000000000000, -1.00000000000000, 0.000000000000000 ) );
#14148 = DIRECTION( '', ( 0.000000000000000, 0.000000000000000, 1.00000000000000 ) );
#14149 = DIRECTION( '', ( -1.00000000000000, 0.000000000000000, 0.000000000000000 ) );
#14150 = DIRECTION( '', ( 1.00000000000000, 0.000000000000000, 0.000000000000000 ) );
#14151 = DIRECTION( '', ( -1.00000000000000, 0.000000000000000, 0.000000000000000 ) );
#14152 = DIRECTION( '', ( 0.000000000000000, -0.999390825916948, -0.0348995282638742 ) );
#14153 = DIRECTION( '', ( 1.00000000000000, 0.000000000000000, 0.000000000000000 ) );
#14154 = DIRECTION( '', ( 0.000000000000000, 0.999390825916948, 0.0348995282638745 ) );
#14155 = CARTESIAN_POINT( '', ( 4.87500000000066, -19.4999999999990, 7.99999999999934 ) );
#14156 = DIRECTION( '', ( 1.96601993944018E-013, 1.00000000000000, -1.33124992704114E-013 ) );
#14157 = DIRECTION( '', ( -1.00000000000000, 1.96601993944018E-013, 0.000000000000000 ) );
#14158 = DIRECTION( '', ( -1.00000000000000, 0.000000000000000, 0.000000000000000 ) );
#14159 = DIRECTION( '', ( 0.000000000000000, 0.000000000000000, -1.00000000000000 ) );
#14160 = CARTESIAN_POINT( '', ( 4.87500000000093, -19.4999999999989, 7.99999999999916 ) );
#14161 = DIRECTION( '', ( 3.63135447637819E-013, 1.00000000000000, -2.45769217299778E-013 ) );
#14162 = DIRECTION( '', ( -1.00000000000000, 3.63135447637819E-013, 0.000000000000000 ) );
#14163 = DIRECTION( '', ( 0.000000000000000, 0.000000000000000, 1.00000000000000 ) );
#14164 = DIRECTION( '', ( 0.000000000000000, 1.00000000000000, 0.000000000000000 ) );
#14165 = DIRECTION( '', ( 0.000000000000000, -1.00000000000000, 0.000000000000000 ) );
#14166 = DIRECTION( '', ( 0.000000000000000, 1.00000000000000, 0.000000000000000 ) );
#14167 = DIRECTION( '', ( 0.000000000000000, 0.000000000000000, -1.00000000000000 ) );
#14168 = DIRECTION( '', ( -1.00000000000000, 0.000000000000000, 0.000000000000000 ) );
#14169 = DIRECTION( '', ( -0.707106781186262, 0.707106781186833, 0.000000000000000 ) );
#14170 = DIRECTION( '', ( -1.00000000000000, 0.000000000000000, 0.000000000000000 ) );
#14171 = DIRECTION( '', ( 0.707106781186407, 0.707106781186688, 0.000000000000000 ) );
#14172 = DIRECTION( '', ( 0.000000000000000, 1.00000000000000, 0.000000000000000 ) );
#14173 = DIRECTION( '', ( 0.000000000000000, -1.00000000000000, 0.000000000000000 ) );
#14174 = DIRECTION( '', ( 0.000000000000000, 0.000000000000000, 1.00000000000000 ) );
#14175 = DIRECTION( '', ( 0.000000000000000, 0.000000000000000, -1.00000000000000 ) );
#14176 = DIRECTION( '', ( -1.70136340913097E-014, -1.00000000000000, 0.000000000000000 ) );
#14177 = DIRECTION( '', ( 0.000000000000000, 0.000000000000000, -1.00000000000000 ) );
#14178 = DIRECTION( '', ( 0.000000000000000, 1.00000000000000, 0.000000000000000 ) );
#14179 = DIRECTION( '', ( -1.00000000000000, 0.000000000000000, -2.55106393526001E-016 ) );
#14180 = DIRECTION( '', ( 1.00000000000000, 0.000000000000000, 0.000000000000000 ) );
#14181 = DIRECTION( '', ( -5.28077607536948E-014, 0.990268051055057, -0.139173226806088 ) );
#14182 = DIRECTION( '', ( -5.14735874675638E-014, 1.00000000000000, 0.000000000000000 ) );
#14183 = DIRECTION( '', ( 0.000000000000000, 0.000000000000000, -1.00000000000000 ) );
#14184 = DIRECTION( '', ( 5.76239242054161E-014, -1.00000000000000, 0.000000000000000 ) );
#14185 = DIRECTION( '', ( 0.000000000000000, 0.000000000000000, 1.00000000000000 ) );
#14186 = DIRECTION( '', ( 5.73400625098229E-014, -1.00000000000000, 0.000000000000000 ) );
#14187 = DIRECTION( '', ( 2.66084890800269E-015, 0.000000000000000, -1.00000000000000 ) );
#14188 = DIRECTION( '', ( 1.00000000000000, 0.000000000000000, 0.000000000000000 ) );
#14189 = DIRECTION( '', ( 0.000000000000000, 0.000000000000000, 1.00000000000000 ) );
#14190 = DIRECTION( '', ( 0.000000000000000, 0.000000000000000, 1.00000000000000 ) );
#14191 = DIRECTION( '', ( 0.000000000000000, 1.00000000000000, 0.000000000000000 ) );
#14192 = DIRECTION( '', ( 0.000000000000000, -1.00000000000000, 0.000000000000000 ) );
#14193 = DIRECTION( '', ( 0.000000000000000, 0.000000000000000, 1.00000000000000 ) );
#14194 = CARTESIAN_POINT( '', ( 11.0000000000082, -22.7000000000000, 39.7150839887116 ) );
#14195 = DIRECTION( '', ( -4.74157750101712E-014, -1.00000000000000, 1.04331092337679E-014 ) );
#14196 = DIRECTION( '', ( 1.00000000000000, -4.74157750101712E-014, 0.000000000000000 ) );
#14197 = CARTESIAN_POINT( '', ( 11.0000000000088, -10.0999999999999, 39.7150839887114 ) );
#14198 = DIRECTION( '', ( 4.68375338515106E-014, 1.00000000000000, -1.04331092337679E-014 ) );
#14199 = DIRECTION( '', ( 1.00000000000000, -4.68375338515106E-014, 0.000000000000000 ) );
#14200 = DIRECTION( '', ( 0.000000000000000, -1.00000000000000, 0.000000000000000 ) );
#14201 = DIRECTION( '', ( 0.000000000000000, -3.73483468632903E-009, 1.00000000000000 ) );
#14202 = DIRECTION( '', ( 0.000000000000000, 0.000000000000000, 1.00000000000000 ) );
#14203 = DIRECTION( '', ( 0.000000000000000, -1.00000000000000, 0.000000000000000 ) );
#14204 = DIRECTION( '', ( 1.00000000000000, 0.000000000000000, 0.000000000000000 ) );
#14205 = DIRECTION( '', ( 0.000000000000000, 0.000000000000000, -1.00000000000000 ) );
#14206 = DIRECTION( '', ( 0.000000000000000, -1.00000000000000, 0.000000000000000 ) );
#14207 = CARTESIAN_POINT( '', ( 9.75000020116574, -16.6000001573925, -1.85688707761030E-015 ) );
#14208 = DIRECTION( '', ( 0.000000000000000, 0.000000000000000, 1.00000000000000 ) );
#14209 = DIRECTION( '', ( -1.00000000000000, -2.85160023448276E-015, 0.000000000000000 ) );
#14210 = DIRECTION( '', ( 0.000000000000000, 0.000000000000000, -1.00000000000000 ) );
#14211 = DIRECTION( '', ( 0.000000000000000, 0.000000000000000, 1.00000000000000 ) );
#14212 = DIRECTION( '', ( -1.00000000000000, 0.000000000000000, 0.000000000000000 ) );
#14213 = DIRECTION( '', ( -0.707106781186336, 0.707106781186759, 0.000000000000000 ) );
#14214 = DIRECTION( '', ( 1.00000000000000, 0.000000000000000, 0.000000000000000 ) );
#14215 = CARTESIAN_POINT( '', ( 2.01165508362290E-007, -16.6000001573931, -3.46944695195362E-015 ) );
#14216 = DIRECTION( '', ( 0.000000000000000, 0.000000000000000, -1.00000000000000 ) );
#14217 = DIRECTION( '', ( 1.00000000000000, 0.000000000000000, 0.000000000000000 ) );
#14218 = DIRECTION( '', ( 1.76498028079036E-015, 0.000000000000000, -1.00000000000000 ) );
#14219 = DIRECTION( '', ( -1.00000000000000, 0.000000000000000, 0.000000000000000 ) );
#14220 = CARTESIAN_POINT( '', ( 100.000000000000, 2.44929359829471E-016, 95.0000000000000 ) );
#14221 = DIRECTION( '', ( 1.00000000000000, 0.000000000000000, 0.000000000000000 ) );
#14222 = DIRECTION( '', ( 0.000000000000000, 0.000000000000000, -1.00000000000000 ) );
#14223 = CARTESIAN_POINT( '', ( 11.0000000000000, -22.7000000000000, 44.3080892972016 ) );
#14224 = DIRECTION( '', ( -2.65990932983145E-014, -1.00000000000000, -9.53222715848106E-015 ) );
#14225 = DIRECTION( '', ( 1.00000000000000, -2.65990932983145E-014, 4.81254486080748E-043 ) );
#14226 = DIRECTION( '', ( 0.000000000000000, 1.00000000000000, 0.000000000000000 ) );
#14227 = CARTESIAN_POINT( '', ( 11.0000000000003, -10.0999999989760, 44.3080892972017 ) );
#14228 = DIRECTION( '', ( 2.60208521396555E-014, 1.00000000000000, 9.53222715848106E-015 ) );
#14229 = DIRECTION( '', ( 1.00000000000000, -2.60208521396555E-014, 6.93889390390814E-015 ) );
#14230 = CARTESIAN_POINT( '', ( -9.74999933317166, -16.5999997766701, -1.31838984174237E-013 ) );
#14231 = DIRECTION( '', ( -2.79576168716688E-014, 2.80360783727389E-014, -1.00000000000000 ) );
#14232 = DIRECTION( '', ( 0.000000000000000, -1.00000000000000, -2.80360783727389E-014 ) );
#14233 = CARTESIAN_POINT( '', ( -9.74999933317214, -16.5999997766697, -17.0000000000000 ) );
#14234 = DIRECTION( '', ( 2.79576168716688E-014, -2.77555756156221E-014, 1.00000000000000 ) );
#14235 = DIRECTION( '', ( 0.000000000000000, -1.00000000000000, -2.77555756156221E-014 ) );
#14236 = DIRECTION( '', ( 0.000000000000000, 0.000000000000000, -1.00000000000000 ) );
#14237 = DIRECTION( '', ( 0.000000000000000, 0.000000000000000, 1.00000000000000 ) );
#14238 = DIRECTION( '', ( 0.000000000000000, 1.00000000000000, 0.000000000000000 ) );
#14239 = DIRECTION( '', ( 0.000000000000000, 0.000000000000000, -1.00000000000000 ) );
#14240 = DIRECTION( '', ( 0.000000000000000, -1.00000000000000, 0.000000000000000 ) );
#14241 = DIRECTION( '', ( 0.000000000000000, 0.000000000000000, -1.00000000000000 ) );
#14242 = DIRECTION( '', ( 0.000000000000000, 1.00000000000000, 0.000000000000000 ) );
#14243 = DIRECTION( '', ( 0.000000000000000, 0.000000000000000, -1.00000000000000 ) );
#14244 = DIRECTION( '', ( 1.00000000000000, 0.000000000000000, 0.000000000000000 ) );
#14245 = DIRECTION( '', ( 0.000000000000000, 0.000000000000000, 1.00000000000000 ) );
#14246 = DIRECTION( '', ( -1.00000000000000, 0.000000000000000, 0.000000000000000 ) );
#14247 = DIRECTION( '', ( 1.00000000000000, 0.000000000000000, 0.000000000000000 ) );
#14248 = DIRECTION( '', ( 0.000000000000000, 0.000000000000000, 1.00000000000000 ) );
#14249 = DIRECTION( '', ( 1.00000000000000, 0.000000000000000, 0.000000000000000 ) );
#14250 = DIRECTION( '', ( 0.000000000000000, 0.000000000000000, -1.00000000000000 ) );
#14251 = CARTESIAN_POINT( '', ( -3.85975973404839E-014, -16.3500000000000, 50.4000000000000 ) );
#14252 = DIRECTION( '', ( 0.000000000000000, 0.000000000000000, 1.00000000000000 ) );
#14253 = DIRECTION( '', ( -1.00000000000000, 0.000000000000000, 0.000000000000000 ) );
#14254 = CARTESIAN_POINT( '', ( -3.85975973404839E-014, -16.3500000000000, 52.4000000000000 ) );
#14255 = DIRECTION( '', ( 0.000000000000000, 0.000000000000000, -1.00000000000000 ) );
#14256 = DIRECTION( '', ( -1.00000000000000, 0.000000000000000, 0.000000000000000 ) );
#14257 = DIRECTION( '', ( 0.000000000000000, 1.00000000000000, 0.000000000000000 ) );
#14258 = DIRECTION( '', ( 0.000000000000000, 1.00000000000000, 0.000000000000000 ) );
#14259 = CARTESIAN_POINT( '', ( -11.0000000000000, -22.7000000000000, 44.3080892972016 ) );
#14260 = DIRECTION( '', ( -2.65990932983145E-014, 1.00000000000000, 9.53222715848106E-015 ) );
#14261 = DIRECTION( '', ( 1.00000000000000, 2.65990932983145E-014, -2.31296463463605E-015 ) );
#14262 = DIRECTION( '', ( 0.000000000000000, -1.00000000000000, 0.000000000000000 ) );
#14263 = CARTESIAN_POINT( '', ( -11.0000000000003, -10.1000000000000, 44.3080892972017 ) );
#14264 = DIRECTION( '', ( -2.60208521396556E-014, 1.00000000000000, 9.53222715848106E-015 ) );
#14265 = DIRECTION( '', ( 1.00000000000000, 2.60208521396555E-014, 4.62592926927209E-015 ) );
#14266 = DIRECTION( '', ( 0.000000000000000, -1.00000000000000, 0.000000000000000 ) );
#14267 = DIRECTION( '', ( 1.00000000000000, 0.000000000000000, 0.000000000000000 ) );
#14268 = DIRECTION( '', ( 0.000000000000000, -1.00000000000000, 0.000000000000000 ) );
#14269 = DIRECTION( '', ( 1.00000000000000, 0.000000000000000, 0.000000000000000 ) );
#14270 = DIRECTION( '', ( 1.00000000000000, 0.000000000000000, 0.000000000000000 ) );
#14271 = DIRECTION( '', ( 0.000000000000000, 1.00000000000000, 0.000000000000000 ) );
#14272 = DIRECTION( '', ( 1.00000000000000, 0.000000000000000, 0.000000000000000 ) );
#14273 = DIRECTION( '', ( 0.000000000000000, 0.000000000000000, -1.00000000000000 ) );
#14274 = DIRECTION( '', ( 0.000000000000000, 0.000000000000000, 1.00000000000000 ) );
#14275 = DIRECTION( '', ( 0.000000000000000, 1.00000000000000, 0.000000000000000 ) );
#14276 = CARTESIAN_POINT( '', ( 9.75000020116634, -16.6000001573938, -16.9999999999998 ) );
#14277 = DIRECTION( '', ( 1.30589081451458E-014, 2.02081347378288E-015, 1.00000000000000 ) );
#14278 = DIRECTION( '', ( 1.00000000000000, 0.000000000000000, -1.30589081451458E-014 ) );
#14279 = CARTESIAN_POINT( '', ( -85.8283822106548, -7.17238615899835, -5.41345614283011 ) );
#14280 = DIRECTION( '', ( 1.01242904746642E-011, -0.866025403785453, 0.499999999998243 ) );
#14281 = DIRECTION( '', ( 0.990661753928395, -0.0681712719894672, -0.118076106722967 ) );
#14282 = CARTESIAN_POINT( '', ( 9.75000020116635, -16.6000001573938, -16.2000000000000 ) );
#14283 = DIRECTION( '', ( 1.99612016413807E-014, 2.96385976154822E-015, 1.00000000000000 ) );
#14284 = DIRECTION( '', ( 1.00000000000000, 0.000000000000000, -1.99612016413808E-014 ) );
#14285 = CARTESIAN_POINT( '', ( 0.409994669639682, 73.0039823513908, -5.47859591820044 ) );
#14286 = DIRECTION( '', ( 0.866025403785231, -1.10708805938344E-011, 0.499999999998628 ) );
#14287 = DIRECTION( '', ( 0.0670770079378670, -0.990960493672284, -0.116180785790453 ) );
#14288 = DIRECTION( '', ( -1.00000000000000, 0.000000000000000, 0.000000000000000 ) );
#14289 = DIRECTION( '', ( 0.000000000000000, 0.000000000000000, 1.00000000000000 ) );
#14290 = DIRECTION( '', ( 1.00000000000000, 0.000000000000000, 0.000000000000000 ) );
#14291 = DIRECTION( '', ( 0.000000000000000, 0.000000000000000, 1.00000000000000 ) );
#14292 = DIRECTION( '', ( 0.000000000000000, 1.00000000000000, 0.000000000000000 ) );
#14293 = DIRECTION( '', ( -0.707106781186332, -0.707106781186763, 0.000000000000000 ) );
#14294 = DIRECTION( '', ( 5.73400625098229E-014, -1.00000000000000, 0.000000000000000 ) );
#14295 = DIRECTION( '', ( 1.00000000000000, 0.000000000000000, 0.000000000000000 ) );
#14296 = DIRECTION( '', ( 0.000000000000000, -1.00000000000000, 0.000000000000000 ) );
#14297 = DIRECTION( '', ( 1.00000000000000, 0.000000000000000, 0.000000000000000 ) );
#14298 = DIRECTION( '', ( 0.000000000000000, 0.000000000000000, 1.00000000000000 ) );
#14299 = DIRECTION( '', ( 0.000000000000000, 1.00000000000000, 0.000000000000000 ) );
#14300 = DIRECTION( '', ( 0.000000000000000, 0.000000000000000, -1.00000000000000 ) );
#14301 = DIRECTION( '', ( -1.00000000000000, 0.000000000000000, 0.000000000000000 ) );
#14302 = DIRECTION( '', ( 1.00000000000000, 0.000000000000000, 0.000000000000000 ) );
#14303 = DIRECTION( '', ( 0.000000000000000, 0.000000000000000, -1.00000000000000 ) );
#14304 = CARTESIAN_POINT( '', ( -10.9999999999884, -22.7000000000000, 39.7150839887162 ) );
#14305 = DIRECTION( '', ( 4.74157750098581E-014, -1.00000000000000, 1.04331092338402E-014 ) );
#14306 = DIRECTION( '', ( 1.00000000000000, 4.74157750098581E-014, 0.000000000000000 ) );
#14307 = DIRECTION( '', ( 0.000000000000000, -1.00000000000000, 0.000000000000000 ) );
#14308 = CARTESIAN_POINT( '', ( -10.9999999999890, -10.0999999786266, 39.7150839887161 ) );
#14309 = DIRECTION( '', ( 4.68375338512013E-014, -1.00000000000000, 1.04331092338402E-014 ) );
#14310 = DIRECTION( '', ( 1.00000000000000, 4.68375338512013E-014, 0.000000000000000 ) );
#14311 = CARTESIAN_POINT( '', ( 4.87500000000207, -21.8999999999944, 8.00000000000060 ) );
#14312 = DIRECTION( '', ( 2.33146835171304E-012, 1.00000000000000, 8.81212206892396E-013 ) );
#14313 = DIRECTION( '', ( -1.00000000000000, 2.33146835171304E-012, 0.000000000000000 ) );
#14314 = DIRECTION( '', ( 0.000000000000000, 1.00000000000000, 0.000000000000000 ) );
#14315 = CARTESIAN_POINT( '', ( 4.87500000000020, -22.6999999999953, 7.99999999999989 ) );
#14316 = DIRECTION( '', ( 2.33146835171304E-012, 1.00000000000000, 8.81212206892396E-013 ) );
#14317 = DIRECTION( '', ( -1.00000000000000, 2.33146835171304E-012, 0.000000000000000 ) );
#14318 = DIRECTION( '', ( 0.000000000000000, 1.00000000000000, 0.000000000000000 ) );
#14319 = DIRECTION( '', ( 0.000000000000000, 0.000000000000000, 1.00000000000000 ) );
#14320 = CARTESIAN_POINT( '', ( 6.72737960729364, -22.7000000000004, 49.3999999999994 ) );
#14321 = DIRECTION( '', ( 5.08417288252097E-014, -1.00000000000000, 1.08709337827800E-013 ) );
#14322 = DIRECTION( '', ( 0.000000000000000, -1.08709337827800E-013, -1.00000000000000 ) );
#14323 = CARTESIAN_POINT( '', ( 6.72737960729300, -10.1000000246283, 49.3999999999980 ) );
#14324 = DIRECTION( '', ( -5.08417288252097E-014, 1.00000000000000, -1.09287578986459E-013 ) );
#14325 = DIRECTION( '', ( -5.20417042792661E-015, -1.09287578986459E-013, -1.00000000000000 ) );
#14326 = DIRECTION( '', ( 0.000000000000000, 1.00000000000000, 0.000000000000000 ) );
#14327 = CARTESIAN_POINT( '', ( 9.75000066682726, -16.5999997766687, -17.0000000000000 ) );
#14328 = DIRECTION( '', ( 8.34725535874067E-014, 1.72084568816889E-013, 1.00000000000000 ) );
#14329 = DIRECTION( '', ( 0.000000000000000, -1.00000000000000, 1.72084568816889E-013 ) );
#14330 = DIRECTION( '', ( 0.000000000000000, 0.000000000000000, 1.00000000000000 ) );
#14331 = DIRECTION( '', ( 0.000000000000000, -1.00000000000000, 0.000000000000000 ) );
#14332 = CARTESIAN_POINT( '', ( 6.66827888721058E-007, -16.5999997766687, -1.49999999999992 ) );
#14333 = DIRECTION( '', ( -8.20609803414678E-016, -1.74902064748225E-014, 1.00000000000000 ) );
#14334 = DIRECTION( '', ( 0.000000000000000, 1.00000000000000, 1.74902064748225E-014 ) );
#14335 = DIRECTION( '', ( 0.000000000000000, 0.000000000000000, -1.00000000000000 ) );
#14336 = DIRECTION( '', ( -1.00000000000000, 0.000000000000000, 0.000000000000000 ) );
#14337 = DIRECTION( '', ( 0.000000000000000, 0.000000000000000, 1.00000000000000 ) );
#14338 = DIRECTION( '', ( 1.00000000000000, 0.000000000000000, 0.000000000000000 ) );
#14339 = DIRECTION( '', ( 0.000000000000000, -1.00000000000000, 0.000000000000000 ) );
#14340 = DIRECTION( '', ( 0.000000000000000, 0.000000000000000, -1.00000000000000 ) );
#14341 = CARTESIAN_POINT( '', ( -11.1000000000014, -22.7000000000000, 24.1573593128809 ) );
#14342 = DIRECTION( '', ( 6.01370805005388E-014, 1.00000000000000, -2.51279576560317E-014 ) );
#14343 = DIRECTION( '', ( 1.00000000000000, -6.01370805005388E-014, -2.53727531813023E-042 ) );
#14344 = DIRECTION( '', ( 1.00000000000000, 0.000000000000000, 0.000000000000000 ) );
#14345 = CARTESIAN_POINT( '', ( 11.1000000000014, -22.7000000000000, 24.1573593128809 ) );
#14346 = DIRECTION( '', ( 6.01370805005388E-014, -1.00000000000000, 2.51279576560317E-014 ) );
#14347 = DIRECTION( '', ( 1.00000000000000, 6.01370805005388E-014, 2.53727531813023E-042 ) );
#14348 = CARTESIAN_POINT( '', ( 11.0000000000051, -22.6999999999996, 29.9142135623757 ) );
#14349 = DIRECTION( '', ( -4.54497550706128E-013, 1.00000000000000, -1.88459682420298E-013 ) );
#14350 = DIRECTION( '', ( 1.00000000000000, 4.54497550706129E-013, 6.93889390391036E-015 ) );
#14351 = DIRECTION( '', ( 0.422618262192718, 0.000000000000000, 0.906307786825870 ) );
#14352 = CARTESIAN_POINT( '', ( 11.0000000000082, -22.7000000000000, 39.7150839887116 ) );
#14353 = DIRECTION( '', ( -4.74157750101712E-014, -1.00000000000000, 1.04331092337679E-014 ) );
#14354 = DIRECTION( '', ( 1.00000000000000, -4.74157750101712E-014, 0.000000000000000 ) );
#14355 = DIRECTION( '', ( 0.000000000000000, 0.000000000000000, 1.00000000000000 ) );
#14356 = DIRECTION( '', ( 1.00000000000000, 0.000000000000000, 0.000000000000000 ) );
#14357 = DIRECTION( '', ( 0.642787609686515, 0.000000000000000, 0.766044443118999 ) );
#14358 = CARTESIAN_POINT( '', ( -11.0000000000000, -22.7000000000000, 44.3080892972016 ) );
#14359 = DIRECTION( '', ( -2.65990932983145E-014, 1.00000000000000, 9.53222715848106E-015 ) );
#14360 = DIRECTION( '', ( 1.00000000000000, 2.65990932983145E-014, -2.31296463463605E-015 ) );
#14361 = DIRECTION( '', ( 0.000000000000000, 0.000000000000000, 1.00000000000000 ) );
#14362 = CARTESIAN_POINT( '', ( -11.0000000000057, -22.7000000000000, 30.2502776662257 ) );
#14363 = DIRECTION( '', ( 1.07552855510105E-013, 1.00000000000000, 2.34744957761008E-014 ) );
#14364 = DIRECTION( '', ( 1.00000000000000, -1.07552855510104E-013, -1.73472347596942E-014 ) );
#14365 = DIRECTION( '', ( 0.000000000000000, 0.000000000000000, 1.00000000000000 ) );
#14366 = CARTESIAN_POINT( '', ( -11.0000000000046, -22.6999999999996, 29.9142135623754 ) );
#14367 = DIRECTION( '', ( 4.54497550706380E-013, 1.00000000000000, -1.88459682420176E-013 ) );
#14368 = DIRECTION( '', ( 1.00000000000000, -4.54497550706380E-013, 0.000000000000000 ) );
#14369 = DIRECTION( '', ( 0.707106781186547, 0.000000000000000, 0.707106781186548 ) );
#14370 = DIRECTION( '', ( -1.00000000000000, 0.000000000000000, 0.000000000000000 ) );
#14371 = DIRECTION( '', ( 0.000000000000000, 0.000000000000000, -1.00000000000000 ) );
#14372 = DIRECTION( '', ( 1.00000000000000, 0.000000000000000, 0.000000000000000 ) );
#14373 = DIRECTION( '', ( 0.000000000000000, 0.000000000000000, 1.00000000000000 ) );
#14374 = CARTESIAN_POINT( '', ( 4.87500000000029, -22.7000000000013, 7.99999999999964 ) );
#14375 = DIRECTION( '', ( 6.67868538250977E-013, 1.00000000000000, -2.52430580103041E-013 ) );
#14376 = DIRECTION( '', ( -1.00000000000000, 6.67868538250977E-013, 0.000000000000000 ) );
#14377 = DIRECTION( '', ( 0.000000000000000, 0.000000000000000, 1.00000000000000 ) );
#14378 = DIRECTION( '', ( 1.00000000000000, 0.000000000000000, 0.000000000000000 ) );
#14379 = DIRECTION( '', ( 0.000000000000000, 0.000000000000000, -1.00000000000000 ) );
#14380 = DIRECTION( '', ( 0.000000000000000, 0.000000000000000, 1.00000000000000 ) );
#14381 = CARTESIAN_POINT( '', ( -4.87499999999984, -22.7000000000013, 8.00000000000000 ) );
#14382 = DIRECTION( '', ( -6.67868538251127E-013, 1.00000000000000, -2.52430580102946E-013 ) );
#14383 = DIRECTION( '', ( -1.00000000000000, -6.67868538251127E-013, 0.000000000000000 ) );
#14384 = DIRECTION( '', ( 1.00000000000000, 0.000000000000000, 0.000000000000000 ) );
#14385 = DIRECTION( '', ( 0.000000000000000, 0.000000000000000, -1.00000000000000 ) );
#14386 = DIRECTION( '', ( 0.000000000000000, 0.000000000000000, 1.00000000000000 ) );
#14387 = DIRECTION( '', ( 1.00000000000000, 0.000000000000000, 0.000000000000000 ) );
#14388 = DIRECTION( '', ( 1.00000000000000, 0.000000000000000, 0.000000000000000 ) );
#14389 = DIRECTION( '', ( 0.000000000000000, 0.000000000000000, -1.00000000000000 ) );
#14390 = DIRECTION( '', ( -1.00000000000000, 0.000000000000000, 0.000000000000000 ) );
#14391 = DIRECTION( '', ( 0.000000000000000, 0.000000000000000, -1.00000000000000 ) );
#14392 = DIRECTION( '', ( 1.00000000000000, 0.000000000000000, 0.000000000000000 ) );
#14393 = DIRECTION( '', ( 0.000000000000000, 0.000000000000000, -1.00000000000000 ) );
#14394 = CARTESIAN_POINT( '', ( 9.34000574486118, 73.0039824924738, -3.97859590222493 ) );
#14395 = DIRECTION( '', ( -0.866025403783317, 1.63097979307076E-011, 0.500000000001943 ) );
#14396 = DIRECTION( '', ( -0.0720820992646974, -0.989553780181047, -0.124849858209753 ) );
#14397 = CARTESIAN_POINT( '', ( -9.34000532618650, 73.0039823583799, -3.97859591448725 ) );
#14398 = DIRECTION( '', ( 0.866025403789458, -6.97531672397124E-011, 0.499999999991306 ) );
#14399 = DIRECTION( '', ( 0.0670770078874914, -0.990960493672022, -0.116180785821772 ) );
#14400 = DIRECTION( '', ( 1.00000000000000, 0.000000000000000, 0.000000000000000 ) );
#14401 = DIRECTION( '', ( 1.00000000000000, 0.000000000000000, 0.000000000000000 ) );
#14402 = CARTESIAN_POINT( '', ( 9.75000066682830, -16.5999997766705, -16.9999999999982 ) );
#14403 = DIRECTION( '', ( -3.08887746066658E-013, 4.16333634234205E-013, 1.00000000000000 ) );
#14404 = DIRECTION( '', ( 1.55948458863246E-040, -1.00000000000000, 4.16333634234205E-013 ) );
#14405 = DIRECTION( '', ( 0.000000000000000, 0.000000000000000, -1.00000000000000 ) );
#14406 = DIRECTION( '', ( 0.000000000000000, 0.000000000000000, 1.00000000000000 ) );
#14407 = DIRECTION( '', ( 0.000000000000000, 1.00000000000000, 0.000000000000000 ) );
#14408 = DIRECTION( '', ( 1.00000000000000, 0.000000000000000, 0.000000000000000 ) );
#14409 = DIRECTION( '', ( 1.00000000000000, 0.000000000000000, 0.000000000000000 ) );
#14410 = DIRECTION( '', ( 0.000000000000000, 0.000000000000000, 1.00000000000000 ) );
#14411 = DIRECTION( '', ( 0.000000000000000, -1.00000000000000, 0.000000000000000 ) );
#14412 = CARTESIAN_POINT( '', ( 4.87500000000054, -20.0999999999993, 7.99999999999942 ) );
#14413 = DIRECTION( '', ( 1.96601993944018E-013, 1.00000000000000, -1.33124992704114E-013 ) );
#14414 = DIRECTION( '', ( -1.00000000000000, 1.96601993944018E-013, 0.000000000000000 ) );
#14415 = CARTESIAN_POINT( '', ( 4.87500000000019, -21.8999999999994, 7.99999999999966 ) );
#14416 = DIRECTION( '', ( 1.96601993944018E-013, 1.00000000000000, -1.33124992704114E-013 ) );
#14417 = DIRECTION( '', ( -1.00000000000000, 1.96601993944018E-013, 0.000000000000000 ) );
#14418 = DIRECTION( '', ( 0.707106781186262, -0.707106781186833, 0.000000000000000 ) );
#14419 = DIRECTION( '', ( 0.707106781186262, -0.707106781186833, 0.000000000000000 ) );
#14420 = DIRECTION( '', ( 0.000000000000000, 0.000000000000000, -1.00000000000000 ) );
#14421 = DIRECTION( '', ( 0.000000000000000, 0.000000000000000, 1.00000000000000 ) );
#14422 = DIRECTION( '', ( 0.000000000000000, 0.000000000000000, 1.00000000000000 ) );
#14423 = DIRECTION( '', ( 0.000000000000000, 1.00000000000000, 0.000000000000000 ) );
#14424 = DIRECTION( '', ( 0.000000000000000, 0.000000000000000, 1.00000000000000 ) );
#14425 = CARTESIAN_POINT( '', ( 11.1000000000006, -10.0999999237282, 24.1573593128805 ) );
#14426 = DIRECTION( '', ( -6.07153216591979E-014, 1.00000000000000, -2.51279576560317E-014 ) );
#14427 = DIRECTION( '', ( 1.00000000000000, 6.07153216591978E-014, -2.31296463463611E-015 ) );
#14428 = DIRECTION( '', ( 0.000000000000000, 1.00000000000000, 0.000000000000000 ) );
#14429 = DIRECTION( '', ( 0.000000000000000, 1.00000000000000, 0.000000000000000 ) );
#14430 = CARTESIAN_POINT( '', ( -3.85975973404839E-014, -16.3500000000000, 50.4000000000000 ) );
#14431 = DIRECTION( '', ( 0.000000000000000, 0.000000000000000, 1.00000000000000 ) );
#14432 = DIRECTION( '', ( -1.00000000000000, 0.000000000000000, 0.000000000000000 ) );
#14433 = DIRECTION( '', ( -1.00000000000000, 0.000000000000000, -2.44327253521127E-016 ) );
#14434 = DIRECTION( '', ( 0.000000000000000, -1.00000000000000, 0.000000000000000 ) );
#14435 = DIRECTION( '', ( -1.00000000000000, 0.000000000000000, 0.000000000000000 ) );
#14436 = DIRECTION( '', ( 0.000000000000000, -1.00000000000000, 0.000000000000000 ) );
#14437 = DIRECTION( '', ( 0.000000000000000, -1.00000000000000, 0.000000000000000 ) );
#14438 = DIRECTION( '', ( 0.000000000000000, 1.00000000000000, 0.000000000000000 ) );
#14439 = DIRECTION( '', ( 1.00000000000000, 0.000000000000000, 0.000000000000000 ) );
#14440 = DIRECTION( '', ( 0.000000000000000, 1.00000000000000, 0.000000000000000 ) );
#14441 = DIRECTION( '', ( 0.000000000000000, 1.00000000000000, 0.000000000000000 ) );
#14442 = DIRECTION( '', ( 0.000000000000000, -1.00000000000000, 0.000000000000000 ) );
#14443 = DIRECTION( '', ( 1.00000000000000, 0.000000000000000, 0.000000000000000 ) );
#14444 = DIRECTION( '', ( 0.000000000000000, 1.00000000000000, 0.000000000000000 ) );
#14445 = DIRECTION( '', ( 1.00000000000000, 0.000000000000000, 0.000000000000000 ) );
#14446 = DIRECTION( '', ( 0.000000000000000, -1.00000000000000, 0.000000000000000 ) );
#14447 = DIRECTION( '', ( 0.000000000000000, 1.00000000000000, 0.000000000000000 ) );
#14448 = DIRECTION( '', ( 0.000000000000000, 1.00000000000000, 0.000000000000000 ) );
#14449 = DIRECTION( '', ( -1.00000000000000, 0.000000000000000, 0.000000000000000 ) );
#14450 = DIRECTION( '', ( 0.000000000000000, 1.00000000000000, 0.000000000000000 ) );
#14451 = CARTESIAN_POINT( '', ( 9.75000020116635, -16.6000001573938, -6.58289651647399E-016 ) );
#14452 = DIRECTION( '', ( 0.000000000000000, 0.000000000000000, 1.00000000000000 ) );
#14453 = DIRECTION( '', ( -1.00000000000000, 9.50533411494321E-016, 0.000000000000000 ) );
#14454 = DIRECTION( '', ( 0.000000000000000, 1.00000000000000, 0.000000000000000 ) );
#14455 = DIRECTION( '', ( 1.00000000000000, 0.000000000000000, 0.000000000000000 ) );
#14456 = DIRECTION( '', ( 1.00000000000000, 0.000000000000000, 0.000000000000000 ) );
#14457 = DIRECTION( '', ( 0.000000000000000, -1.00000000000000, 0.000000000000000 ) );
#14458 = CARTESIAN_POINT( '', ( -9.74999979883385, -16.6000001573938, -5.42267109530945E-015 ) );
#14459 = DIRECTION( '', ( 0.000000000000000, 0.000000000000000, 1.00000000000000 ) );
#14460 = DIRECTION( '', ( -1.00000000000000, 0.000000000000000, 0.000000000000000 ) );
#14461 = DIRECTION( '', ( 1.00000000000000, 0.000000000000000, 0.000000000000000 ) );
#14462 = DIRECTION( '', ( 1.00000000000000, 0.000000000000000, 0.000000000000000 ) );
#14463 = CARTESIAN_POINT( '', ( -9.74999979883438, -16.6000001573932, -5.08200682408917E-015 ) );
#14464 = DIRECTION( '', ( 0.000000000000000, 0.000000000000000, 1.00000000000000 ) );
#14465 = DIRECTION( '', ( -1.00000000000000, 0.000000000000000, 0.000000000000000 ) );
#14466 = DIRECTION( '', ( 0.000000000000000, -1.00000000000000, 0.000000000000000 ) );
#14467 = DIRECTION( '', ( 0.000000000000000, -1.00000000000000, 0.000000000000000 ) );
#14468 = DIRECTION( '', ( 0.000000000000000, 1.00000000000000, 0.000000000000000 ) );
#14469 = DIRECTION( '', ( 0.000000000000000, -1.00000000000000, 0.000000000000000 ) );
#14470 = DIRECTION( '', ( 0.000000000000000, 0.000000000000000, -1.00000000000000 ) );
#14471 = DIRECTION( '', ( 0.000000000000000, -1.00000000000000, 0.000000000000000 ) );
#14472 = DIRECTION( '', ( 0.000000000000000, -1.00000000000000, 0.000000000000000 ) );
#14473 = DIRECTION( '', ( 0.000000000000000, 0.000000000000000, -1.00000000000000 ) );
#14474 = DIRECTION( '', ( 0.000000000000000, 0.000000000000000, -1.00000000000000 ) );
#14475 = DIRECTION( '', ( -1.00000000000000, 0.000000000000000, 0.000000000000000 ) );
#14476 = DIRECTION( '', ( -1.00000000000000, 1.14136041694607E-010, 0.000000000000000 ) );
#14477 = CARTESIAN_POINT( '', ( 6.66827209342805E-007, -16.5999997766688, -3.46944683707594E-015 ) );
#14478 = DIRECTION( '', ( -2.44327253521127E-016, -3.38437015897821E-047, 1.00000000000000 ) );
#14479 = DIRECTION( '', ( -1.00000000000000, 7.62515813616210E-016, -2.44327253521127E-016 ) );
#14480 = DIRECTION( '', ( 0.000000000000000, -1.00000000000000, 0.000000000000000 ) );
#14481 = DIRECTION( '', ( -1.00000000000000, 1.14133673875540E-010, 0.000000000000000 ) );
#14482 = DIRECTION( '', ( 0.000000000000000, 0.000000000000000, -1.00000000000000 ) );
#14483 = CARTESIAN_POINT( '', ( -9.74999979883386, -16.6000001573938, -16.1999999999984 ) );
#14484 = DIRECTION( '', ( 3.14933306584472E-013, 3.24131893319533E-013, 1.00000000000000 ) );
#14485 = DIRECTION( '', ( 0.000000000000000, -1.00000000000000, 3.24131893319534E-013 ) );
#14486 = DIRECTION( '', ( 0.000000000000000, 0.000000000000000, 1.00000000000000 ) );
#14487 = DIRECTION( '', ( 0.000000000000000, 0.000000000000000, -1.00000000000000 ) );
#14488 = DIRECTION( '', ( 0.000000000000000, 1.00000000000000, 0.000000000000000 ) );
#14489 = DIRECTION( '', ( 0.000000000000000, -1.00000000000000, 0.000000000000000 ) );
#14490 = DIRECTION( '', ( 0.000000000000000, 3.73482765069515E-009, -1.00000000000000 ) );
#14491 = DIRECTION( '', ( 0.000000000000000, 0.000000000000000, -1.00000000000000 ) );
#14492 = CARTESIAN_POINT( '', ( 10.9999999999994, -10.0999999421530, 29.9142135623733 ) );
#14493 = DIRECTION( '', ( 4.54497550706129E-013, -1.00000000000000, 1.88459682420298E-013 ) );
#14494 = DIRECTION( '', ( 1.00000000000000, 4.54497550706129E-013, 0.000000000000000 ) );
#14495 = DIRECTION( '', ( 0.000000000000000, 0.000000000000000, -1.00000000000000 ) );
#14496 = DIRECTION( '', ( 1.00000000000000, 0.000000000000000, 0.000000000000000 ) );
#14497 = DIRECTION( '', ( 0.000000000000000, 0.000000000000000, 1.00000000000000 ) );
#14498 = DIRECTION( '', ( 0.000000000000000, 1.00000000000000, 0.000000000000000 ) );
#14499 = DIRECTION( '', ( 0.000000000000000, 0.000000000000000, 1.00000000000000 ) );
#14500 = DIRECTION( '', ( 0.000000000000000, 1.00000000000000, 0.000000000000000 ) );
#14501 = DIRECTION( '', ( 0.000000000000000, 0.000000000000000, -1.00000000000000 ) );
#14502 = DIRECTION( '', ( 0.000000000000000, 0.000000000000000, -1.00000000000000 ) );
#14503 = DIRECTION( '', ( 0.000000000000000, 1.00000000000000, 0.000000000000000 ) );
#14504 = DIRECTION( '', ( 0.000000000000000, -0.990268051055057, 0.139173226806088 ) );
#14505 = DIRECTION( '', ( 1.00000000000000, 0.000000000000000, 0.000000000000000 ) );
#14506 = DIRECTION( '', ( -5.28077607536948E-014, 0.990268051055057, -0.139173226806088 ) );
#14507 = DIRECTION( '', ( 1.00000000000000, 0.000000000000000, 0.000000000000000 ) );
#14508 = CARTESIAN_POINT( '', ( 9.75000066682694, -16.5999997766690, -10.2500000000000 ) );
#14509 = DIRECTION( '', ( 0.000000000000000, 0.000000000000000, 1.00000000000000 ) );
#14510 = DIRECTION( '', ( 1.00000000000000, 0.000000000000000, 0.000000000000000 ) );
#14511 = DIRECTION( '', ( -0.422618262192717, 3.43313975127384E-009, -0.906307786825871 ) );
#14512 = DIRECTION( '', ( 0.000000000000000, 1.00000000000000, 0.000000000000000 ) );
#14513 = DIRECTION( '', ( -1.00000000000000, 0.000000000000000, 0.000000000000000 ) );
#14514 = DIRECTION( '', ( 0.000000000000000, 1.00000000000000, 0.000000000000000 ) );
#14515 = DIRECTION( '', ( 0.000000000000000, -1.00000000000000, 0.000000000000000 ) );
#14516 = DIRECTION( '', ( -1.00000000000000, 0.000000000000000, 0.000000000000000 ) );
#14517 = DIRECTION( '', ( 0.000000000000000, 1.00000000000000, 0.000000000000000 ) );
#14518 = DIRECTION( '', ( 0.000000000000000, 0.000000000000000, 1.00000000000000 ) );
#14519 = DIRECTION( '', ( 0.000000000000000, 0.000000000000000, 1.00000000000000 ) );
#14520 = DIRECTION( '', ( 9.09364516603510E-014, -0.999999999999999, 3.63411009669307E-008 ) );
#14521 = DIRECTION( '', ( 0.000000000000000, 0.000000000000000, 1.00000000000000 ) );
#14522 = DIRECTION( '', ( 0.000000000000000, -0.990268051055057, 0.139173226806088 ) );
#14523 = DIRECTION( '', ( 0.000000000000000, 0.000000000000000, 1.00000000000000 ) );
#14524 = DIRECTION( '', ( 0.000000000000000, 0.000000000000000, -1.00000000000000 ) );
#14525 = DIRECTION( '', ( 0.000000000000000, -1.00000000000000, 0.000000000000000 ) );
#14526 = CARTESIAN_POINT( '', ( -4.87499999999984, -22.7000000000013, 8.00000000000000 ) );
#14527 = DIRECTION( '', ( -6.67868538251127E-013, 1.00000000000000, -2.52430580102946E-013 ) );
#14528 = DIRECTION( '', ( -1.00000000000000, -6.67868538251127E-013, 0.000000000000000 ) );
#14529 = DIRECTION( '', ( 0.000000000000000, -1.00000000000000, 0.000000000000000 ) );
#14530 = DIRECTION( '', ( 0.000000000000000, -1.00000000000000, 0.000000000000000 ) );
#14531 = DIRECTION( '', ( 0.000000000000000, 1.00000000000000, 0.000000000000000 ) );
#14532 = DIRECTION( '', ( 0.000000000000000, 0.000000000000000, -1.00000000000000 ) );
#14533 = DIRECTION( '', ( 0.000000000000000, 0.000000000000000, 1.00000000000000 ) );
#14534 = DIRECTION( '', ( 0.000000000000000, 0.000000000000000, 1.00000000000000 ) );
#14535 = DIRECTION( '', ( 1.00000000000000, 0.000000000000000, 0.000000000000000 ) );
#14536 = DIRECTION( '', ( -5.84964893061947E-015, 0.000000000000000, 1.00000000000000 ) );
#14537 = DIRECTION( '', ( 1.00000000000000, 0.000000000000000, 0.000000000000000 ) );
#14538 = DIRECTION( '', ( 5.04280080225813E-017, 0.000000000000000, -1.00000000000000 ) );
#14539 = DIRECTION( '', ( -1.00000000000000, 0.000000000000000, -2.44327095844220E-016 ) );
#14540 = DIRECTION( '', ( 0.000000000000000, -1.00000000000000, 0.000000000000000 ) );
#14541 = DIRECTION( '', ( 0.000000000000000, 1.00000000000000, 0.000000000000000 ) );
#14542 = DIRECTION( '', ( 0.000000000000000, 0.000000000000000, -1.00000000000000 ) );
#14543 = DIRECTION( '', ( 0.000000000000000, 1.00000000000000, 0.000000000000000 ) );
#14544 = DIRECTION( '', ( 0.000000000000000, 0.000000000000000, 1.00000000000000 ) );
#14545 = DIRECTION( '', ( 0.000000000000000, 0.000000000000000, -1.00000000000000 ) );
#14546 = DIRECTION( '', ( 0.000000000000000, -1.00000000000000, 0.000000000000000 ) );
#14547 = DIRECTION( '', ( 0.000000000000000, 0.000000000000000, -1.00000000000000 ) );
#14548 = DIRECTION( '', ( 1.00000000000000, 0.000000000000000, 0.000000000000000 ) );
#14549 = DIRECTION( '', ( 0.000000000000000, 0.000000000000000, 1.00000000000000 ) );
#14550 = CARTESIAN_POINT( '', ( -4.87500000000093, -19.4999999999983, 7.99999999999916 ) );
#14551 = DIRECTION( '', ( 3.63135447637816E-013, -1.00000000000000, 2.45769217299778E-013 ) );
#14552 = DIRECTION( '', ( -1.00000000000000, -3.63135447637818E-013, -9.25185853854314E-015 ) );
#14553 = DIRECTION( '', ( 1.00000000000000, 0.000000000000000, 0.000000000000000 ) );
#14554 = DIRECTION( '', ( 0.000000000000000, 0.000000000000000, 1.00000000000000 ) );
#14555 = CARTESIAN_POINT( '', ( -4.87500000000062, -19.4999999999993, 7.99999999999934 ) );
#14556 = DIRECTION( '', ( 1.96601993944019E-013, -1.00000000000000, 1.33124992704114E-013 ) );
#14557 = DIRECTION( '', ( -1.00000000000000, -1.96601993944020E-013, 0.000000000000000 ) );
#14558 = DIRECTION( '', ( 0.000000000000000, 0.000000000000000, 1.00000000000000 ) );
#14559 = DIRECTION( '', ( 0.000000000000000, 0.000000000000000, -1.00000000000000 ) );
#14560 = DIRECTION( '', ( 0.000000000000000, 1.00000000000000, 0.000000000000000 ) );
#14561 = DIRECTION( '', ( 1.00000000000000, 0.000000000000000, 0.000000000000000 ) );
#14562 = DIRECTION( '', ( -0.707106781186332, -0.707106781186763, 0.000000000000000 ) );
#14563 = DIRECTION( '', ( 0.000000000000000, -1.00000000000000, 0.000000000000000 ) );
#14564 = CARTESIAN_POINT( '', ( 9.75000066682639, -16.5999997766699, -17.0000000000003 ) );
#14565 = DIRECTION( '', ( -5.59152337406603E-014, -5.64363370850984E-014, 1.00000000000000 ) );
#14566 = DIRECTION( '', ( 0.000000000000000, -1.00000000000000, -5.64363370850984E-014 ) );
#14567 = CARTESIAN_POINT( '', ( -9.34000532827428, -106.203982783392, -3.97859589798849 ) );
#14568 = DIRECTION( '', ( 0.866025403794409, 1.38847333529503E-010, 0.499999999982731 ) );
#14569 = DIRECTION( '', ( 0.0720820991290585, 0.989553780181018, -0.124849858288289 ) );
#14570 = CARTESIAN_POINT( '', ( 9.34000572168290, -106.203982621113, -3.97859591924186 ) );
#14571 = DIRECTION( '', ( -0.866025403792194, 1.07743403400139E-010, 0.499999999986568 ) );
#14572 = DIRECTION( '', ( -0.0670770078516550, 0.990960493672725, -0.116180785836463 ) );
#14573 = DIRECTION( '', ( 1.00000000000000, 0.000000000000000, 0.000000000000000 ) );
#14574 = DIRECTION( '', ( 0.000000000000000, 1.00000000000000, 0.000000000000000 ) );
#14575 = CARTESIAN_POINT( '', ( 6.66830871840921E-007, -16.5999997766656, -15.5000000000043 ) );
#14576 = DIRECTION( '', ( 8.22884081867465E-013, 8.45619870422114E-013, 1.00000000000000 ) );
#14577 = DIRECTION( '', ( 0.000000000000000, -1.00000000000000, 8.45619870422114E-013 ) );
#14578 = DIRECTION( '', ( 0.000000000000000, 0.000000000000000, -1.00000000000000 ) );
#14579 = DIRECTION( '', ( -1.00000000000000, 0.000000000000000, 0.000000000000000 ) );
#14580 = DIRECTION( '', ( -5.14735874675638E-014, 1.00000000000000, 0.000000000000000 ) );
#14581 = DIRECTION( '', ( 0.000000000000000, 3.73483163266850E-009, -1.00000000000000 ) );
#14582 = DIRECTION( '', ( 2.66084890800269E-015, 0.000000000000000, -1.00000000000000 ) );
#14583 = DIRECTION( '', ( 0.000000000000000, 0.000000000000000, 1.00000000000000 ) );
#14584 = DIRECTION( '', ( 0.000000000000000, -1.00000000000000, 0.000000000000000 ) );
#14585 = DIRECTION( '', ( 0.000000000000000, 0.000000000000000, 1.00000000000000 ) );
#14586 = DIRECTION( '', ( 0.000000000000000, 0.000000000000000, -1.00000000000000 ) );
#14587 = CARTESIAN_POINT( '', ( 11.0000000000000, -22.7000000000000, 44.3080892972016 ) );
#14588 = DIRECTION( '', ( -2.65990932983145E-014, -1.00000000000000, -9.53222715848106E-015 ) );
#14589 = DIRECTION( '', ( 1.00000000000000, -2.65990932983145E-014, 4.81254486080748E-043 ) );
#14590 = CARTESIAN_POINT( '', ( 11.0000000000003, -10.1000000000000, 44.3080892972017 ) );
#14591 = DIRECTION( '', ( 2.60208521396555E-014, 1.00000000000000, 9.53222715848106E-015 ) );
#14592 = DIRECTION( '', ( 1.00000000000000, -2.60208521396555E-014, 6.93889390390814E-015 ) );
#14593 = DIRECTION( '', ( 0.000000000000000, -1.00000000000000, 0.000000000000000 ) );
#14594 = DIRECTION( '', ( 0.000000000000000, 0.000000000000000, -1.00000000000000 ) );
#14595 = DIRECTION( '', ( 2.35294116262333E-016, 0.000000000000000, -1.00000000000000 ) );
#14596 = DIRECTION( '', ( 0.707106781186407, 0.707106781186688, 0.000000000000000 ) );
#14597 = DIRECTION( '', ( 0.000000000000000, 1.00000000000000, 0.000000000000000 ) );
#14598 = DIRECTION( '', ( 0.000000000000000, 0.000000000000000, 1.00000000000000 ) );
#14599 = CARTESIAN_POINT( '', ( -4.87500000000015, -21.8999999999993, 7.99999999999966 ) );
#14600 = DIRECTION( '', ( 1.96601993944020E-013, -1.00000000000000, 1.33124992704114E-013 ) );
#14601 = DIRECTION( '', ( -1.00000000000000, -1.96601993944020E-013, 2.31296463463553E-015 ) );
#14602 = CARTESIAN_POINT( '', ( -4.87500000000062, -19.4999999999993, 7.99999999999934 ) );
#14603 = DIRECTION( '', ( 1.96601993944019E-013, -1.00000000000000, 1.33124992704114E-013 ) );
#14604 = DIRECTION( '', ( -1.00000000000000, -1.96601993944020E-013, 0.000000000000000 ) );
#14605 = CARTESIAN_POINT( '', ( -4.87500000000050, -20.0999999999990, 7.99999999999942 ) );
#14606 = DIRECTION( '', ( 1.96601993944019E-013, -1.00000000000000, 1.33124992704114E-013 ) );
#14607 = DIRECTION( '', ( -1.00000000000000, -1.96601993944020E-013, 0.000000000000000 ) );
#14608 = DIRECTION( '', ( 0.000000000000000, -1.00000000000000, 0.000000000000000 ) );
#14609 = CARTESIAN_POINT( '', ( -4.87500000000037, -21.9000000000004, 7.99999999999972 ) );
#14610 = DIRECTION( '', ( 6.67868538251127E-013, -1.00000000000000, 2.52430580102946E-013 ) );
#14611 = DIRECTION( '', ( -1.00000000000000, -6.67868538251127E-013, 0.000000000000000 ) );
#14612 = DIRECTION( '', ( 0.000000000000000, -1.00000000000000, 0.000000000000000 ) );
#14613 = DIRECTION( '', ( 0.000000000000000, -1.00000000000000, 0.000000000000000 ) );
#14614 = DIRECTION( '', ( 0.000000000000000, 0.000000000000000, -1.00000000000000 ) );
#14615 = DIRECTION( '', ( 0.000000000000000, 1.00000000000000, 0.000000000000000 ) );
#14616 = DIRECTION( '', ( 0.000000000000000, 0.000000000000000, 1.00000000000000 ) );
#14617 = DIRECTION( '', ( -1.00000000000000, 0.000000000000000, 0.000000000000000 ) );
#14618 = DIRECTION( '', ( -1.00000000000000, 0.000000000000000, 0.000000000000000 ) );
#14619 = CARTESIAN_POINT( '', ( -9.74999979883438, -16.6000001573932, -16.2000000000000 ) );
#14620 = DIRECTION( '', ( -3.94908610201648E-015, 3.23181359908002E-014, 1.00000000000000 ) );
#14621 = DIRECTION( '', ( 0.000000000000000, -1.00000000000000, 3.23181359908002E-014 ) );
#14622 = CARTESIAN_POINT( '', ( 85.8283824477210, -7.17238615825881, -5.41345616888422 ) );
#14623 = DIRECTION( '', ( 1.27886495056640E-010, -0.866025403776062, 0.500000000014509 ) );
#14624 = DIRECTION( '', ( -0.991911844733870, -0.0634643449768483, -0.109923469711023 ) );
#14625 = DIRECTION( '', ( 0.000000000000000, 1.00000000000000, 0.000000000000000 ) );
#14626 = DIRECTION( '', ( 0.000000000000000, 1.00000000000000, 0.000000000000000 ) );
#14627 = CARTESIAN_POINT( '', ( 6.66827900209595E-007, -16.5999997766684, -15.5000000000000 ) );
#14628 = DIRECTION( '', ( -8.20609803414678E-016, -1.75378637131735E-014, 1.00000000000000 ) );
#14629 = DIRECTION( '', ( -8.88178410755735E-016, 1.00000000000000, 1.75378637131735E-014 ) );
#14630 = DIRECTION( '', ( 0.000000000000000, 1.00000000000000, 0.000000000000000 ) );
#14631 = CARTESIAN_POINT( '', ( 6.66827900209595E-007, -16.5999997766684, -15.5000000000000 ) );
#14632 = DIRECTION( '', ( -8.20609803414678E-016, -1.75378637131735E-014, 1.00000000000000 ) );
#14633 = DIRECTION( '', ( 0.000000000000000, 1.00000000000000, 1.75378637131735E-014 ) );
#14634 = DIRECTION( '', ( 0.000000000000000, -1.00000000000000, 0.000000000000000 ) );
#14635 = DIRECTION( '', ( 0.000000000000000, 1.00000000000000, 0.000000000000000 ) );
#14636 = DIRECTION( '', ( 1.00000000000000, 0.000000000000000, 0.000000000000000 ) );
#14637 = DIRECTION( '', ( 0.000000000000000, 1.00000000000000, 0.000000000000000 ) );
#14638 = DIRECTION( '', ( 0.000000000000000, -1.00000000000000, 0.000000000000000 ) );
#14639 = DIRECTION( '', ( 0.000000000000000, 0.000000000000000, -1.00000000000000 ) );
#14640 = DIRECTION( '', ( 0.707106781186548, 0.000000000000000, -0.707106781186548 ) );
#14641 = DIRECTION( '', ( 0.000000000000000, 0.000000000000000, -1.00000000000000 ) );
#14642 = CARTESIAN_POINT( '', ( -11.1000000000006, -10.1000000000002, 24.1573593128805 ) );
#14643 = DIRECTION( '', ( 6.07153216591978E-014, 1.00000000000000, -2.51279576560317E-014 ) );
#14644 = DIRECTION( '', ( 1.00000000000000, -6.07153216591979E-014, -2.31296463463611E-015 ) );
#14645 = DIRECTION( '', ( 0.707106781186548, 0.000000000000000, 0.707106781186547 ) );
#14646 = DIRECTION( '', ( 0.000000000000000, 0.000000000000000, -1.00000000000000 ) );
#14647 = DIRECTION( '', ( 0.642787609686515, 0.000000000000000, 0.766044443118999 ) );
#14648 = CARTESIAN_POINT( '', ( 6.72737960729300, -10.1000000000003, 49.3999999999980 ) );
#14649 = DIRECTION( '', ( -5.08417288252097E-014, 1.00000000000000, -1.09287578986459E-013 ) );
#14650 = DIRECTION( '', ( -3.46944695195107E-015, -1.09287578986459E-013, -1.00000000000000 ) );
#14651 = DIRECTION( '', ( 0.000000000000000, 0.000000000000000, -1.00000000000000 ) );
#14652 = DIRECTION( '', ( -1.00000000000000, 0.000000000000000, 0.000000000000000 ) );
#14653 = DIRECTION( '', ( 0.000000000000000, 3.73483309842555E-009, -1.00000000000000 ) );
#14654 = CARTESIAN_POINT( '', ( 9.75000066682604, -16.5999997766699, -17.0000000000000 ) );
#14655 = DIRECTION( '', ( 0.000000000000000, 5.60515828498946E-024, -1.00000000000000 ) );
#14656 = DIRECTION( '', ( -1.00000000000000, 0.000000000000000, 0.000000000000000 ) );
#14657 = DIRECTION( '', ( 0.000000000000000, 1.00000000000000, 0.000000000000000 ) );
#14658 = DIRECTION( '', ( 0.000000000000000, -1.00000000000000, 0.000000000000000 ) );
#14659 = CARTESIAN_POINT( '', ( -11.0000000000003, -10.1000000030630, 44.3080892972017 ) );
#14660 = DIRECTION( '', ( -2.60208521396556E-014, 1.00000000000000, 9.53222715848106E-015 ) );
#14661 = DIRECTION( '', ( 1.00000000000000, 2.60208521396555E-014, 4.62592926927209E-015 ) );
#14662 = DIRECTION( '', ( 0.000000000000000, -1.00000000000000, 0.000000000000000 ) );
#14663 = CARTESIAN_POINT( '', ( -9.74999933317414, -16.5999997766695, -17.0000000000000 ) );
#14664 = DIRECTION( '', ( 0.000000000000000, 4.90536882994111E-023, -1.00000000000000 ) );
#14665 = DIRECTION( '', ( -1.00000000000000, 0.000000000000000, 0.000000000000000 ) );
#14666 = DIRECTION( '', ( 0.000000000000000, 0.000000000000000, -1.00000000000000 ) );
#14667 = DIRECTION( '', ( 0.000000000000000, 0.000000000000000, -1.00000000000000 ) );
#14668 = DIRECTION( '', ( 0.000000000000000, -1.00000000000000, 0.000000000000000 ) );
#14669 = CARTESIAN_POINT( '', ( 4.87500000000071, -20.0999999999983, 7.99999999999931 ) );
#14670 = DIRECTION( '', ( 3.63135447637819E-013, 1.00000000000000, -2.45769217299778E-013 ) );
#14671 = DIRECTION( '', ( -1.00000000000000, 3.63135447637819E-013, 0.000000000000000 ) );
#14672 = CARTESIAN_POINT( '', ( 4.87500000000006, -21.8999999999985, 7.99999999999975 ) );
#14673 = DIRECTION( '', ( -3.63135447637819E-013, -1.00000000000000, 2.45769217299778E-013 ) );
#14674 = DIRECTION( '', ( -1.00000000000000, 3.63135447637818E-013, -2.31296463463579E-015 ) );
#14675 = DIRECTION( '', ( 0.000000000000000, -1.00000000000000, 0.000000000000000 ) );
#14676 = DIRECTION( '', ( 5.84964893061947E-015, 0.000000000000000, -1.00000000000000 ) );
#14677 = DIRECTION( '', ( 5.84964893061947E-015, 0.000000000000000, -1.00000000000000 ) );
#14678 = DIRECTION( '', ( 0.000000000000000, 0.000000000000000, 1.00000000000000 ) );
#14679 = DIRECTION( '', ( 0.000000000000000, -1.00000000000000, 0.000000000000000 ) );
#14680 = DIRECTION( '', ( 1.00000000000000, 0.000000000000000, 0.000000000000000 ) );
#14681 = DIRECTION( '', ( 1.00000000000000, 0.000000000000000, 0.000000000000000 ) );
#14682 = DIRECTION( '', ( 0.707106781186336, -0.707106781186759, 0.000000000000000 ) );
#14683 = DIRECTION( '', ( 0.707106781186332, 0.707106781186763, 0.000000000000000 ) );
#14684 = DIRECTION( '', ( 0.000000000000000, -1.00000000000000, 0.000000000000000 ) );
#14685 = DIRECTION( '', ( 0.000000000000000, 1.00000000000000, 0.000000000000000 ) );
#14686 = DIRECTION( '', ( 0.000000000000000, 0.000000000000000, 1.00000000000000 ) );
#14687 = DIRECTION( '', ( -0.707106781186332, -0.707106781186763, 0.000000000000000 ) );
#14688 = DIRECTION( '', ( 0.000000000000000, 0.000000000000000, -1.00000000000000 ) );
#14689 = DIRECTION( '', ( 0.000000000000000, 0.000000000000000, 1.00000000000000 ) );
#14690 = DIRECTION( '', ( 0.000000000000000, 0.000000000000000, 1.00000000000000 ) );
#14691 = CARTESIAN_POINT( '', ( 6.66827887490143E-007, -16.5999997766687, 1.58700092997565E-014 ) );
#14692 = DIRECTION( '', ( -8.20609803414678E-016, -1.74917778644002E-014, 1.00000000000000 ) );
#14693 = DIRECTION( '', ( 0.000000000000000, 1.00000000000000, 1.74917778644001E-014 ) );
#14694 = DIRECTION( '', ( 1.76498028079035E-016, 2.38020197866584E-014, -1.00000000000000 ) );
#14695 = DIRECTION( '', ( -1.00000000000000, 0.000000000000000, 0.000000000000000 ) );
#14696 = CARTESIAN_POINT( '', ( -9.74999933317366, -16.5999997766685, -17.0000000000000 ) );
#14697 = DIRECTION( '', ( -0.000000000000000, -2.01021950040506E-022, -1.00000000000000 ) );
#14698 = DIRECTION( '', ( -1.00000000000000, 0.000000000000000, 0.000000000000000 ) );
#14699 = DIRECTION( '', ( 0.000000000000000, -1.00000000000000, 0.000000000000000 ) );
#14700 = DIRECTION( '', ( -1.00000000000000, 1.14144210670389E-010, 0.000000000000000 ) );
#14701 = DIRECTION( '', ( 0.000000000000000, -1.00000000000000, 0.000000000000000 ) );
#14702 = DIRECTION( '', ( 1.00000000000000, 0.000000000000000, 0.000000000000000 ) );
#14703 = DIRECTION( '', ( -1.00000000000000, 0.000000000000000, 0.000000000000000 ) );
#14704 = CARTESIAN_POINT( '', ( -9.74999933317112, -16.5999997766668, -17.0000000000030 ) );
#14705 = DIRECTION( '', ( -5.22243199806091E-013, -7.03141248929754E-013, 1.00000000000000 ) );
#14706 = DIRECTION( '', ( 0.000000000000000, -1.00000000000000, -7.03141248929754E-013 ) );
#14707 = DIRECTION( '', ( 0.000000000000000, 1.00000000000000, 0.000000000000000 ) );
#14708 = DIRECTION( '', ( 0.000000000000000, -1.00000000000000, 0.000000000000000 ) );
#14709 = DIRECTION( '', ( 0.000000000000000, 1.00000000000000, 0.000000000000000 ) );
#14710 = DIRECTION( '', ( 0.000000000000000, 1.00000000000000, 0.000000000000000 ) );
#14711 = CARTESIAN_POINT( '', ( -11.1000000000014, -22.7000000000000, 24.1573593128809 ) );
#14712 = DIRECTION( '', ( 6.01370805005388E-014, 1.00000000000000, -2.51279576560317E-014 ) );
#14713 = DIRECTION( '', ( 1.00000000000000, -6.01370805005388E-014, -2.53727531813023E-042 ) );
#14714 = DIRECTION( '', ( 0.000000000000000, 0.000000000000000, 1.00000000000000 ) );
#14715 = DIRECTION( '', ( -0.707106781186547, 0.000000000000000, 0.707106781186548 ) );
#14716 = DIRECTION( '', ( 0.000000000000000, 0.000000000000000, 1.00000000000000 ) );
#14717 = CARTESIAN_POINT( '', ( 6.72737960729364, -22.7000000000004, 49.3999999999994 ) );
#14718 = DIRECTION( '', ( 5.08417288252097E-014, -1.00000000000000, 1.08709337827800E-013 ) );
#14719 = DIRECTION( '', ( 0.000000000000000, -1.08709337827800E-013, -1.00000000000000 ) );
#14720 = DIRECTION( '', ( 0.642787609686515, 0.000000000000000, 0.766044443118999 ) );
#14721 = DIRECTION( '', ( 0.000000000000000, 0.000000000000000, 1.00000000000000 ) );
#14722 = DIRECTION( '', ( 0.707106781186547, 0.000000000000000, 0.707106781186548 ) );
#14723 = DIRECTION( '', ( 0.000000000000000, 0.000000000000000, -1.00000000000000 ) );
#14724 = DIRECTION( '', ( 1.00000000000000, 0.000000000000000, 0.000000000000000 ) );
#14725 = DIRECTION( '', ( -1.00000000000000, 0.000000000000000, 0.000000000000000 ) );
#14726 = DIRECTION( '', ( 0.000000000000000, 0.000000000000000, -1.00000000000000 ) );
#14727 = DIRECTION( '', ( 0.000000000000000, 0.000000000000000, 1.00000000000000 ) );
#14728 = DIRECTION( '', ( 1.00000000000000, 0.000000000000000, 0.000000000000000 ) );
#14729 = DIRECTION( '', ( 0.000000000000000, 0.000000000000000, -1.00000000000000 ) );
#14730 = DIRECTION( '', ( 1.00000000000000, 0.000000000000000, 0.000000000000000 ) );
#14731 = DIRECTION( '', ( 0.000000000000000, 0.000000000000000, 1.00000000000000 ) );
#14732 = CARTESIAN_POINT( '', ( 0.000000000000000, 2.44929359829471E-016, 95.0000000000000 ) );
#14733 = DIRECTION( '', ( 1.00000000000000, 0.000000000000000, 0.000000000000000 ) );
#14734 = DIRECTION( '', ( 0.000000000000000, 0.000000000000000, -1.00000000000000 ) );
#14735 = DIRECTION( '', ( 0.000000000000000, 1.00000000000000, 0.000000000000000 ) );
#14736 = CARTESIAN_POINT( '', ( -4.87500000000071, -20.0999999999984, 7.99999999999931 ) );
#14737 = DIRECTION( '', ( 3.63135447637819E-013, -1.00000000000000, 2.45769217299778E-013 ) );
#14738 = DIRECTION( '', ( -1.00000000000000, -3.63135447637819E-013, 0.000000000000000 ) );
#14739 = CARTESIAN_POINT( '', ( -4.87500000000093, -19.4999999999983, 7.99999999999916 ) );
#14740 = DIRECTION( '', ( 3.63135447637816E-013, -1.00000000000000, 2.45769217299778E-013 ) );
#14741 = DIRECTION( '', ( -1.00000000000000, -3.63135447637818E-013, -9.25185853854314E-015 ) );
#14742 = CARTESIAN_POINT( '', ( -4.87500000000006, -21.8999999999989, 7.99999999999975 ) );
#14743 = DIRECTION( '', ( -3.63135447637819E-013, 1.00000000000000, -2.45769217299778E-013 ) );
#14744 = DIRECTION( '', ( -1.00000000000000, -3.63135447637819E-013, 0.000000000000000 ) );
#14745 = DIRECTION( '', ( 0.642787609686514, -2.93440250121725E-009, 0.766044443118999 ) );
#14746 = DIRECTION( '', ( 0.000000000000000, 0.000000000000000, -1.00000000000000 ) );
#14747 = DIRECTION( '', ( 0.000000000000000, 0.000000000000000, -1.00000000000000 ) );
#14748 = DIRECTION( '', ( 0.000000000000000, 0.000000000000000, -1.00000000000000 ) );
#14749 = DIRECTION( '', ( 0.000000000000000, -1.00000000000000, 0.000000000000000 ) );
#14750 = DIRECTION( '', ( 0.000000000000000, 1.00000000000000, 0.000000000000000 ) );
#14751 = DIRECTION( '', ( 0.000000000000000, 0.000000000000000, -1.00000000000000 ) );
#14752 = DIRECTION( '', ( -0.707106781186336, 0.707106781186759, 0.000000000000000 ) );
#14753 = DIRECTION( '', ( 0.000000000000000, 1.00000000000000, 0.000000000000000 ) );
#14754 = DIRECTION( '', ( -1.00000000000000, 1.14144210670389E-010, 0.000000000000000 ) );
#14755 = DIRECTION( '', ( -1.00000000000000, 0.000000000000000, 0.000000000000000 ) );
#14756 = DIRECTION( '', ( 0.000000000000000, 0.000000000000000, 1.00000000000000 ) );
#14757 = DIRECTION( '', ( 0.000000000000000, 0.000000000000000, -1.00000000000000 ) );
#14758 = DIRECTION( '', ( 0.000000000000000, 0.000000000000000, 1.00000000000000 ) );
#14759 = DIRECTION( '', ( 0.000000000000000, 0.000000000000000, -1.00000000000000 ) );
#14760 = DIRECTION( '', ( 0.000000000000000, 0.000000000000000, 1.00000000000000 ) );
#14761 = DIRECTION( '', ( 0.000000000000000, 1.00000000000000, 0.000000000000000 ) );
#14762 = CARTESIAN_POINT( '', ( 11.0000000000088, -10.0999999770546, 39.7150839887114 ) );
#14763 = DIRECTION( '', ( 4.68375338515106E-014, 1.00000000000000, -1.04331092337679E-014 ) );
#14764 = DIRECTION( '', ( 1.00000000000000, -4.68375338515106E-014, 0.000000000000000 ) );
#14765 = DIRECTION( '', ( 0.000000000000000, -1.00000000000000, 0.000000000000000 ) );
#14766 = DIRECTION( '', ( 0.000000000000000, 0.000000000000000, 1.00000000000000 ) );
#14767 = CARTESIAN_POINT( '', ( -105.328382221086, -7.17238615461808, -5.41345614377379 ) );
#14768 = DIRECTION( '', ( -3.30150327357146E-011, -0.866025403782784, 0.500000000002866 ) );
#14769 = DIRECTION( '', ( 0.990661753928481, -0.0681712720267962, -0.118076106700694 ) );
#14770 = DIRECTION( '', ( -1.00000000000000, 0.000000000000000, 0.000000000000000 ) );
#14771 = CARTESIAN_POINT( '', ( 9.75000020116557, -16.6000001573942, 0.000000000000000 ) );
#14772 = DIRECTION( '', ( 0.000000000000000, 0.000000000000000, -1.00000000000000 ) );
#14773 = DIRECTION( '', ( 1.00000000000000, 0.000000000000000, 0.000000000000000 ) );
#14774 = DIRECTION( '', ( -1.00000000000000, 0.000000000000000, 0.000000000000000 ) );
#14775 = CARTESIAN_POINT( '', ( -9.74999933318000, -16.5999997766788, -3.01841884819965E-012 ) );
#14776 = DIRECTION( '', ( 5.22243199806091E-013, 7.03528484213024E-013, -1.00000000000000 ) );
#14777 = DIRECTION( '', ( 0.000000000000000, -1.00000000000000, -7.03528484213024E-013 ) );
#14778 = DIRECTION( '', ( 0.000000000000000, 0.000000000000000, -1.00000000000000 ) );
#14779 = DIRECTION( '', ( -1.00000000000000, 0.000000000000000, 0.000000000000000 ) );
#14780 = DIRECTION( '', ( 0.000000000000000, 0.000000000000000, 1.00000000000000 ) );
#14781 = DIRECTION( '', ( -1.00000000000000, 0.000000000000000, 0.000000000000000 ) );
#14782 = DIRECTION( '', ( -1.00000000000000, 0.000000000000000, 0.000000000000000 ) );
#14783 = DIRECTION( '', ( -1.00000000000000, 0.000000000000000, 0.000000000000000 ) );
#14784 = DIRECTION( '', ( 0.000000000000000, -1.00000000000000, 0.000000000000000 ) );
#14785 = CARTESIAN_POINT( '', ( -11.1000000000006, -10.0999999285329, 24.1573593128805 ) );
#14786 = DIRECTION( '', ( 6.07153216591978E-014, 1.00000000000000, -2.51279576560317E-014 ) );
#14787 = DIRECTION( '', ( 1.00000000000000, -6.07153216591979E-014, -2.31296463463611E-015 ) );
#14788 = DIRECTION( '', ( 0.000000000000000, -1.00000000000000, 0.000000000000000 ) );
#14789 = DIRECTION( '', ( 1.00000000000000, -1.14134857785073E-010, 0.000000000000000 ) );
#14790 = DIRECTION( '', ( 1.00000000000000, -1.14111002007971E-010, 0.000000000000000 ) );
#14791 = CARTESIAN_POINT( '', ( -3.85975973404839E-014, -16.3500000000000, 52.4000000000000 ) );
#14792 = DIRECTION( '', ( 0.000000000000000, 0.000000000000000, -1.00000000000000 ) );
#14793 = DIRECTION( '', ( -1.00000000000000, 0.000000000000000, 0.000000000000000 ) );
#14794 = DIRECTION( '', ( 0.000000000000000, 0.000000000000000, 1.00000000000000 ) );
#14795 = DIRECTION( '', ( 1.00000000000000, 0.000000000000000, 0.000000000000000 ) );
#14796 = DIRECTION( '', ( 1.00000000000000, 0.000000000000000, 0.000000000000000 ) );
#14797 = DIRECTION( '', ( 0.000000000000000, -1.00000000000000, 0.000000000000000 ) );
#14798 = DIRECTION( '', ( 0.000000000000000, 0.000000000000000, -1.00000000000000 ) );
#14799 = DIRECTION( '', ( 0.000000000000000, 1.00000000000000, 0.000000000000000 ) );
#14800 = DIRECTION( '', ( 0.000000000000000, -1.00000000000000, 0.000000000000000 ) );
#14801 = DIRECTION( '', ( 0.000000000000000, -1.00000000000000, 0.000000000000000 ) );
#14802 = DIRECTION( '', ( 0.000000000000000, 1.00000000000000, 0.000000000000000 ) );
#14803 = DIRECTION( '', ( 0.000000000000000, -1.00000000000000, 0.000000000000000 ) );
#14804 = DIRECTION( '', ( 0.000000000000000, 1.00000000000000, 0.000000000000000 ) );
#14805 = DIRECTION( '', ( 0.000000000000000, 1.00000000000000, 0.000000000000000 ) );
#14806 = DIRECTION( '', ( 0.707106781188437, -0.707106781184659, 0.000000000000000 ) );
#14807 = DIRECTION( '', ( 0.000000000000000, -3.73482984933074E-009, 1.00000000000000 ) );
#14808 = DIRECTION( '', ( 0.000000000000000, 0.000000000000000, 1.00000000000000 ) );
#14809 = DIRECTION( '', ( 0.000000000000000, -1.00000000000000, 0.000000000000000 ) );
#14810 = DIRECTION( '', ( 0.000000000000000, 0.000000000000000, -1.00000000000000 ) );
#14811 = DIRECTION( '', ( 0.000000000000000, 1.00000000000000, 0.000000000000000 ) );
#14812 = DIRECTION( '', ( 0.000000000000000, -3.73483984090803E-009, 1.00000000000000 ) );
#14813 = DIRECTION( '', ( 1.00000000000000, 0.000000000000000, 2.44326923076923E-016 ) );
#14814 = DIRECTION( '', ( -1.00000000000000, 0.000000000000000, -2.44326923076904E-016 ) );
#14815 = CARTESIAN_POINT( '', ( -9.74999933317306, -16.5999997766690, -5.20417042793042E-015 ) );
#14816 = DIRECTION( '', ( 0.000000000000000, 0.000000000000000, 1.00000000000000 ) );
#14817 = DIRECTION( '', ( 1.00000000000000, 0.000000000000000, 0.000000000000000 ) );
#14818 = CARTESIAN_POINT( '', ( 9.75000020116557, -16.6000001573942, -17.0000000000000 ) );
#14819 = DIRECTION( '', ( 0.000000000000000, 0.000000000000000, 1.00000000000000 ) );
#14820 = DIRECTION( '', ( 1.00000000000000, 0.000000000000000, 0.000000000000000 ) );
#14821 = CARTESIAN_POINT( '', ( -9.74999933317306, -16.5999997766690, -10.2500000000000 ) );
#14822 = DIRECTION( '', ( 0.000000000000000, 0.000000000000000, 1.00000000000000 ) );
#14823 = DIRECTION( '', ( 1.00000000000000, 0.000000000000000, 0.000000000000000 ) );
#14824 = CARTESIAN_POINT( '', ( -9.74999933317366, -16.5999997766685, -5.85163777634492E-015 ) );
#14825 = DIRECTION( '', ( -2.44327245786220E-016, 2.01021950040506E-022, 1.00000000000000 ) );
#14826 = DIRECTION( '', ( -1.00000000000000, 0.000000000000000, -2.44327245786220E-016 ) );
#14827 = DIRECTION( '', ( 0.000000000000000, 0.000000000000000, -1.00000000000000 ) );
#14828 = DIRECTION( '', ( -1.00000000000000, 0.000000000000000, 0.000000000000000 ) );
#14829 = DIRECTION( '', ( -0.707106781186332, -0.707106781186763, 0.000000000000000 ) );
#14830 = DIRECTION( '', ( 0.000000000000000, 1.00000000000000, 0.000000000000000 ) );
#14831 = DIRECTION( '', ( 0.707106781186547, -2.72161898531552E-009, 0.707106781186548 ) );
#14832 = DIRECTION( '', ( 0.000000000000000, 1.00000000000000, 0.000000000000000 ) );
#14833 = DIRECTION( '', ( 0.000000000000000, 1.00000000000000, 0.000000000000000 ) );
#14834 = DIRECTION( '', ( 0.000000000000000, 3.73483700711105E-009, -1.00000000000000 ) );
#14835 = DIRECTION( '', ( 0.000000000000000, -1.00000000000000, 0.000000000000000 ) );
#14836 = CARTESIAN_POINT( '', ( -10.9999999999989, -10.0999999424781, 29.9142135623730 ) );
#14837 = DIRECTION( '', ( 4.54497550706380E-013, 1.00000000000000, -1.88459682420176E-013 ) );
#14838 = DIRECTION( '', ( 1.00000000000000, -4.54497550706380E-013, 0.000000000000000 ) );
#14839 = DIRECTION( '', ( 0.000000000000000, -3.73483857058525E-009, 1.00000000000000 ) );
#14840 = DIRECTION( '', ( 0.000000000000000, 3.73482640480165E-009, -1.00000000000000 ) );
#14841 = CARTESIAN_POINT( '', ( -11.0000000000043, -10.0999999453013, 30.2502776662260 ) );
#14842 = DIRECTION( '', ( 1.05818132034134E-013, 1.00000000000000, 2.34744957761009E-014 ) );
#14843 = DIRECTION( '', ( 1.00000000000000, -1.05818132034135E-013, 1.73472347596942E-014 ) );
ENDSEC;
END-ISO-10303-21;
