ISO-10303-21;
HEADER;
FILE_DESCRIPTION( ( 'Unknown' ), '1' );
FILE_NAME( 'S:/Neuheiten_2013-10/KiM/Step_Herbst_2013_02092013/Elektronischer_Transformator_LED_30W_24V_-_0065829.stp', 'Unknown', ( 'Unknown' ), ( 'Unknown' ), 'PSStep 14.0', 'Unknown', '  ' );
FILE_SCHEMA( ( 'AUTOMOTIVE_DESIGN { 1 0 10303 214 1 1 1 1 }' ) );
ENDSEC;
DATA;
#1 = MECHANICAL_DESIGN_GEOMETRIC_PRESENTATION_REPRESENTATION( ' ', ( #10, #11, #12, #13, #14, #15, #16, #17, #18, #19, #20, #21, #22, #23, #24, #25, #26, #27, #28, #29, #30, #31, #32, #33, #34, #35, #36, #37, #38, #39, #40, #41, #42, #43, #44, #45, #46, #47, #48, #49, #50, #51, #52, #53, #54, #55, #56, #57, #58, #59, #60, #61, #62, #63, #64, #65, #66, #67, #68, #69, #70, #71, #72, #73, #74, #75, #76, #77, #78, #79, #80, #81, #82, #83, #84, #85, #86, #87, #88, #89, #90, #91, #92, #93, #94, #95, #96, #97, #98, #99, #100, #101, #102, #103, #104, #105, #106, #107, #108, #109, #110, #111, #112, #113, #114, #115, #116, #117, #118, #119, #120, #121, #122, #123, #124, #125, #126, #127, #128, #129, #130, #131, #132, #133, #134, #135, #136, #137, #138, #139, #140, #141, #142, #143, #144, #145, #146, #147, #148, #149, #150, #151, #152, #153, #154, #155, #156, #157, #158, #159, #160, #161, #162, #163, #164, #165, #166, #167, #168, #169, #170, #171, #172, #173, #174, #175, #176, #177, #178, #179, #180, #181, #182, #183, #184, #185, #186, #187, #188 ), #6 );
#2 = PRODUCT_DEFINITION_CONTEXT( '', #189, 'design' );
#3 = APPLICATION_PROTOCOL_DEFINITION( 'international standard', 'automotive_design', 2001, #189 );
#4 = PRODUCT_CATEGORY_RELATIONSHIP( 'NONE', 'NONE', #190, #191 );
#5 = SHAPE_DEFINITION_REPRESENTATION( #192, #193 );
#6 =  ( GEOMETRIC_REPRESENTATION_CONTEXT( 3 )GLOBAL_UNCERTAINTY_ASSIGNED_CONTEXT( ( #196 ) )GLOBAL_UNIT_ASSIGNED_CONTEXT( ( #198, #199, #200 ) )REPRESENTATION_CONTEXT( 'NONE', 'WORKSPACE' ) );
#10 = STYLED_ITEM( '', ( #202 ), #203 );
#11 = STYLED_ITEM( '', ( #204 ), #205 );
#12 = STYLED_ITEM( '', ( #206 ), #207 );
#13 = STYLED_ITEM( '', ( #208 ), #209 );
#14 = STYLED_ITEM( '', ( #210 ), #211 );
#15 = STYLED_ITEM( '', ( #212 ), #213 );
#16 = STYLED_ITEM( '', ( #214 ), #215 );
#17 = STYLED_ITEM( '', ( #216 ), #217 );
#18 = STYLED_ITEM( '', ( #218 ), #219 );
#19 = STYLED_ITEM( '', ( #220 ), #221 );
#20 = STYLED_ITEM( '', ( #222 ), #223 );
#21 = STYLED_ITEM( '', ( #224 ), #225 );
#22 = STYLED_ITEM( '', ( #226 ), #227 );
#23 = STYLED_ITEM( '', ( #228 ), #229 );
#24 = STYLED_ITEM( '', ( #230 ), #231 );
#25 = STYLED_ITEM( '', ( #232 ), #233 );
#26 = STYLED_ITEM( '', ( #234 ), #235 );
#27 = STYLED_ITEM( '', ( #236 ), #237 );
#28 = STYLED_ITEM( '', ( #238 ), #239 );
#29 = STYLED_ITEM( '', ( #240 ), #241 );
#30 = STYLED_ITEM( '', ( #242 ), #243 );
#31 = STYLED_ITEM( '', ( #244 ), #245 );
#32 = STYLED_ITEM( '', ( #246 ), #247 );
#33 = STYLED_ITEM( '', ( #248 ), #249 );
#34 = STYLED_ITEM( '', ( #250 ), #251 );
#35 = STYLED_ITEM( '', ( #252 ), #253 );
#36 = STYLED_ITEM( '', ( #254 ), #255 );
#37 = STYLED_ITEM( '', ( #256 ), #257 );
#38 = STYLED_ITEM( '', ( #258 ), #259 );
#39 = STYLED_ITEM( '', ( #260 ), #261 );
#40 = STYLED_ITEM( '', ( #262 ), #263 );
#41 = STYLED_ITEM( '', ( #264 ), #265 );
#42 = STYLED_ITEM( '', ( #266 ), #267 );
#43 = STYLED_ITEM( '', ( #268 ), #269 );
#44 = STYLED_ITEM( '', ( #270 ), #271 );
#45 = STYLED_ITEM( '', ( #272 ), #273 );
#46 = STYLED_ITEM( '', ( #274 ), #275 );
#47 = STYLED_ITEM( '', ( #276 ), #277 );
#48 = STYLED_ITEM( '', ( #278 ), #279 );
#49 = STYLED_ITEM( '', ( #280 ), #281 );
#50 = STYLED_ITEM( '', ( #282 ), #283 );
#51 = STYLED_ITEM( '', ( #284 ), #285 );
#52 = STYLED_ITEM( '', ( #286 ), #287 );
#53 = STYLED_ITEM( '', ( #288 ), #289 );
#54 = STYLED_ITEM( '', ( #290 ), #291 );
#55 = STYLED_ITEM( '', ( #292 ), #293 );
#56 = STYLED_ITEM( '', ( #294 ), #295 );
#57 = STYLED_ITEM( '', ( #296 ), #297 );
#58 = STYLED_ITEM( '', ( #298 ), #299 );
#59 = STYLED_ITEM( '', ( #300 ), #301 );
#60 = STYLED_ITEM( '', ( #302 ), #303 );
#61 = STYLED_ITEM( '', ( #304 ), #305 );
#62 = STYLED_ITEM( '', ( #306 ), #307 );
#63 = STYLED_ITEM( '', ( #308 ), #309 );
#64 = STYLED_ITEM( '', ( #310 ), #311 );
#65 = STYLED_ITEM( '', ( #312 ), #313 );
#66 = STYLED_ITEM( '', ( #314 ), #315 );
#67 = STYLED_ITEM( '', ( #316 ), #317 );
#68 = STYLED_ITEM( '', ( #318 ), #319 );
#69 = STYLED_ITEM( '', ( #320 ), #321 );
#70 = STYLED_ITEM( '', ( #322 ), #323 );
#71 = STYLED_ITEM( '', ( #324 ), #325 );
#72 = STYLED_ITEM( '', ( #326 ), #327 );
#73 = STYLED_ITEM( '', ( #328 ), #329 );
#74 = STYLED_ITEM( '', ( #330 ), #331 );
#75 = STYLED_ITEM( '', ( #332 ), #333 );
#76 = STYLED_ITEM( '', ( #334 ), #335 );
#77 = STYLED_ITEM( '', ( #336 ), #337 );
#78 = STYLED_ITEM( '', ( #338 ), #339 );
#79 = STYLED_ITEM( '', ( #340 ), #341 );
#80 = STYLED_ITEM( '', ( #342 ), #343 );
#81 = STYLED_ITEM( '', ( #344 ), #345 );
#82 = STYLED_ITEM( '', ( #346 ), #347 );
#83 = STYLED_ITEM( '', ( #348 ), #349 );
#84 = STYLED_ITEM( '', ( #350 ), #351 );
#85 = STYLED_ITEM( '', ( #352 ), #353 );
#86 = STYLED_ITEM( '', ( #354 ), #355 );
#87 = STYLED_ITEM( '', ( #356 ), #357 );
#88 = STYLED_ITEM( '', ( #358 ), #359 );
#89 = STYLED_ITEM( '', ( #360 ), #361 );
#90 = STYLED_ITEM( '', ( #362 ), #363 );
#91 = STYLED_ITEM( '', ( #364 ), #365 );
#92 = STYLED_ITEM( '', ( #366 ), #367 );
#93 = STYLED_ITEM( '', ( #368 ), #369 );
#94 = STYLED_ITEM( '', ( #370 ), #371 );
#95 = STYLED_ITEM( '', ( #372 ), #373 );
#96 = STYLED_ITEM( '', ( #374 ), #375 );
#97 = STYLED_ITEM( '', ( #376 ), #377 );
#98 = STYLED_ITEM( '', ( #378 ), #379 );
#99 = STYLED_ITEM( '', ( #380 ), #381 );
#100 = STYLED_ITEM( '', ( #382 ), #383 );
#101 = STYLED_ITEM( '', ( #384 ), #385 );
#102 = STYLED_ITEM( '', ( #386 ), #387 );
#103 = STYLED_ITEM( '', ( #388 ), #389 );
#104 = STYLED_ITEM( '', ( #390 ), #391 );
#105 = STYLED_ITEM( '', ( #392 ), #393 );
#106 = STYLED_ITEM( '', ( #394 ), #395 );
#107 = STYLED_ITEM( '', ( #396 ), #397 );
#108 = STYLED_ITEM( '', ( #398 ), #399 );
#109 = STYLED_ITEM( '', ( #400 ), #401 );
#110 = STYLED_ITEM( '', ( #402 ), #403 );
#111 = STYLED_ITEM( '', ( #404 ), #405 );
#112 = STYLED_ITEM( '', ( #406 ), #407 );
#113 = STYLED_ITEM( '', ( #408 ), #409 );
#114 = STYLED_ITEM( '', ( #410 ), #411 );
#115 = STYLED_ITEM( '', ( #412 ), #413 );
#116 = STYLED_ITEM( '', ( #414 ), #415 );
#117 = STYLED_ITEM( '', ( #416 ), #417 );
#118 = STYLED_ITEM( '', ( #418 ), #419 );
#119 = STYLED_ITEM( '', ( #420 ), #421 );
#120 = STYLED_ITEM( '', ( #422 ), #423 );
#121 = STYLED_ITEM( '', ( #424 ), #425 );
#122 = STYLED_ITEM( '', ( #426 ), #427 );
#123 = STYLED_ITEM( '', ( #428 ), #429 );
#124 = STYLED_ITEM( '', ( #430 ), #431 );
#125 = STYLED_ITEM( '', ( #432 ), #433 );
#126 = STYLED_ITEM( '', ( #434 ), #435 );
#127 = STYLED_ITEM( '', ( #436 ), #437 );
#128 = STYLED_ITEM( '', ( #438 ), #439 );
#129 = STYLED_ITEM( '', ( #440 ), #441 );
#130 = STYLED_ITEM( '', ( #442 ), #443 );
#131 = STYLED_ITEM( '', ( #444 ), #445 );
#132 = STYLED_ITEM( '', ( #446 ), #447 );
#133 = STYLED_ITEM( '', ( #448 ), #449 );
#134 = STYLED_ITEM( '', ( #450 ), #451 );
#135 = STYLED_ITEM( '', ( #452 ), #453 );
#136 = STYLED_ITEM( '', ( #454 ), #455 );
#137 = STYLED_ITEM( '', ( #456 ), #457 );
#138 = STYLED_ITEM( '', ( #458 ), #459 );
#139 = STYLED_ITEM( '', ( #460 ), #461 );
#140 = STYLED_ITEM( '', ( #462 ), #463 );
#141 = STYLED_ITEM( '', ( #464 ), #465 );
#142 = STYLED_ITEM( '', ( #466 ), #467 );
#143 = STYLED_ITEM( '', ( #468 ), #469 );
#144 = STYLED_ITEM( '', ( #470 ), #471 );
#145 = STYLED_ITEM( '', ( #472 ), #473 );
#146 = STYLED_ITEM( '', ( #474 ), #475 );
#147 = STYLED_ITEM( '', ( #476 ), #477 );
#148 = STYLED_ITEM( '', ( #478 ), #479 );
#149 = STYLED_ITEM( '', ( #480 ), #481 );
#150 = STYLED_ITEM( '', ( #482 ), #483 );
#151 = STYLED_ITEM( '', ( #484 ), #485 );
#152 = STYLED_ITEM( '', ( #486 ), #487 );
#153 = STYLED_ITEM( '', ( #488 ), #489 );
#154 = STYLED_ITEM( '', ( #490 ), #491 );
#155 = STYLED_ITEM( '', ( #492 ), #493 );
#156 = STYLED_ITEM( '', ( #494 ), #495 );
#157 = STYLED_ITEM( '', ( #496 ), #497 );
#158 = STYLED_ITEM( '', ( #498 ), #499 );
#159 = STYLED_ITEM( '', ( #500 ), #501 );
#160 = STYLED_ITEM( '', ( #502 ), #503 );
#161 = STYLED_ITEM( '', ( #504 ), #505 );
#162 = STYLED_ITEM( '', ( #506 ), #507 );
#163 = STYLED_ITEM( '', ( #508 ), #509 );
#164 = STYLED_ITEM( '', ( #510 ), #511 );
#165 = STYLED_ITEM( '', ( #512 ), #513 );
#166 = STYLED_ITEM( '', ( #514 ), #515 );
#167 = STYLED_ITEM( '', ( #516 ), #517 );
#168 = STYLED_ITEM( '', ( #518 ), #519 );
#169 = STYLED_ITEM( '', ( #520 ), #521 );
#170 = STYLED_ITEM( '', ( #522 ), #523 );
#171 = STYLED_ITEM( '', ( #524 ), #525 );
#172 = STYLED_ITEM( '', ( #526 ), #527 );
#173 = STYLED_ITEM( '', ( #528 ), #529 );
#174 = STYLED_ITEM( '', ( #530 ), #531 );
#175 = STYLED_ITEM( '', ( #532 ), #533 );
#176 = STYLED_ITEM( '', ( #534 ), #535 );
#177 = STYLED_ITEM( '', ( #536 ), #537 );
#178 = STYLED_ITEM( '', ( #538 ), #539 );
#179 = STYLED_ITEM( '', ( #540 ), #541 );
#180 = STYLED_ITEM( '', ( #542 ), #543 );
#181 = STYLED_ITEM( '', ( #544 ), #545 );
#182 = STYLED_ITEM( '', ( #546 ), #547 );
#183 = STYLED_ITEM( '', ( #548 ), #549 );
#184 = STYLED_ITEM( '', ( #550 ), #551 );
#185 = STYLED_ITEM( '', ( #552 ), #553 );
#186 = STYLED_ITEM( '', ( #554 ), #555 );
#187 = STYLED_ITEM( '', ( #556 ), #557 );
#188 = STYLED_ITEM( '', ( #558 ), #559 );
#189 = APPLICATION_CONTEXT( 'core data for automotive mechanical design processes' );
#190 = PRODUCT_CATEGORY( 'part', 'NONE' );
#191 = PRODUCT_RELATED_PRODUCT_CATEGORY( 'detail', ' ', ( #560 ) );
#192 = PRODUCT_DEFINITION_SHAPE( 'NONE', 'NONE', #561 );
#193 = ADVANCED_BREP_SHAPE_REPRESENTATION( 'Elektronischer Transformator-+-00066065(SLT30-24VF)', ( #562, #563 ), #6 );
#196 = UNCERTAINTY_MEASURE_WITH_UNIT( LENGTH_MEASURE( 0.00100000000000000 ), #198, '', '' );
#198 =  ( CONVERSION_BASED_UNIT( 'MILLIMETRE', #566 )LENGTH_UNIT(  )NAMED_UNIT( #569 ) );
#199 =  ( NAMED_UNIT( #571 )PLANE_ANGLE_UNIT(  )SI_UNIT( $, .RADIAN. ) );
#200 =  ( NAMED_UNIT( #571 )SI_UNIT( $, .STERADIAN. )SOLID_ANGLE_UNIT(  ) );
#202 = PRESENTATION_STYLE_ASSIGNMENT( ( #577 ) );
#203 = ADVANCED_FACE( '', ( #578 ), #579, .F. );
#204 = PRESENTATION_STYLE_ASSIGNMENT( ( #580 ) );
#205 = ADVANCED_FACE( '', ( #581 ), #582, .F. );
#206 = PRESENTATION_STYLE_ASSIGNMENT( ( #583 ) );
#207 = ADVANCED_FACE( '', ( #584 ), #585, .F. );
#208 = PRESENTATION_STYLE_ASSIGNMENT( ( #586 ) );
#209 = ADVANCED_FACE( '', ( #587 ), #588, .F. );
#210 = PRESENTATION_STYLE_ASSIGNMENT( ( #589 ) );
#211 = ADVANCED_FACE( '', ( #590 ), #591, .F. );
#212 = PRESENTATION_STYLE_ASSIGNMENT( ( #592 ) );
#213 = ADVANCED_FACE( '', ( #593, #594 ), #595, .T. );
#214 = PRESENTATION_STYLE_ASSIGNMENT( ( #596 ) );
#215 = ADVANCED_FACE( '', ( #597 ), #598, .T. );
#216 = PRESENTATION_STYLE_ASSIGNMENT( ( #599 ) );
#217 = ADVANCED_FACE( '', ( #600 ), #601, .F. );
#218 = PRESENTATION_STYLE_ASSIGNMENT( ( #602 ) );
#219 = ADVANCED_FACE( '', ( #603 ), #604, .F. );
#220 = PRESENTATION_STYLE_ASSIGNMENT( ( #605 ) );
#221 = ADVANCED_FACE( '', ( #606 ), #607, .T. );
#222 = PRESENTATION_STYLE_ASSIGNMENT( ( #608 ) );
#223 = ADVANCED_FACE( '', ( #609, #610 ), #611, .F. );
#224 = PRESENTATION_STYLE_ASSIGNMENT( ( #612 ) );
#225 = ADVANCED_FACE( '', ( #613 ), #614, .F. );
#226 = PRESENTATION_STYLE_ASSIGNMENT( ( #615 ) );
#227 = ADVANCED_FACE( '', ( #616 ), #617, .T. );
#228 = PRESENTATION_STYLE_ASSIGNMENT( ( #618 ) );
#229 = ADVANCED_FACE( '', ( #619 ), #620, .T. );
#230 = PRESENTATION_STYLE_ASSIGNMENT( ( #621 ) );
#231 = ADVANCED_FACE( '', ( #622 ), #623, .F. );
#232 = PRESENTATION_STYLE_ASSIGNMENT( ( #624 ) );
#233 = ADVANCED_FACE( '', ( #625 ), #626, .T. );
#234 = PRESENTATION_STYLE_ASSIGNMENT( ( #627 ) );
#235 = ADVANCED_FACE( '', ( #628 ), #629, .F. );
#236 = PRESENTATION_STYLE_ASSIGNMENT( ( #630 ) );
#237 = ADVANCED_FACE( '', ( #631 ), #632, .F. );
#238 = PRESENTATION_STYLE_ASSIGNMENT( ( #633 ) );
#239 = ADVANCED_FACE( '', ( #634 ), #635, .T. );
#240 = PRESENTATION_STYLE_ASSIGNMENT( ( #636 ) );
#241 = ADVANCED_FACE( '', ( #637 ), #638, .F. );
#242 = PRESENTATION_STYLE_ASSIGNMENT( ( #639 ) );
#243 = ADVANCED_FACE( '', ( #640 ), #641, .T. );
#244 = PRESENTATION_STYLE_ASSIGNMENT( ( #642 ) );
#245 = ADVANCED_FACE( '', ( #643 ), #644, .F. );
#246 = PRESENTATION_STYLE_ASSIGNMENT( ( #645 ) );
#247 = ADVANCED_FACE( '', ( #646 ), #647, .T. );
#248 = PRESENTATION_STYLE_ASSIGNMENT( ( #648 ) );
#249 = ADVANCED_FACE( '', ( #649, #650 ), #651, .T. );
#250 = PRESENTATION_STYLE_ASSIGNMENT( ( #652 ) );
#251 = ADVANCED_FACE( '', ( #653 ), #654, .F. );
#252 = PRESENTATION_STYLE_ASSIGNMENT( ( #655 ) );
#253 = ADVANCED_FACE( '', ( #656, #657 ), #658, .T. );
#254 = PRESENTATION_STYLE_ASSIGNMENT( ( #659 ) );
#255 = ADVANCED_FACE( '', ( #660 ), #661, .T. );
#256 = PRESENTATION_STYLE_ASSIGNMENT( ( #662 ) );
#257 = ADVANCED_FACE( '', ( #663 ), #664, .T. );
#258 = PRESENTATION_STYLE_ASSIGNMENT( ( #665 ) );
#259 = ADVANCED_FACE( '', ( #666 ), #667, .T. );
#260 = PRESENTATION_STYLE_ASSIGNMENT( ( #668 ) );
#261 = ADVANCED_FACE( '', ( #669 ), #670, .F. );
#262 = PRESENTATION_STYLE_ASSIGNMENT( ( #671 ) );
#263 = ADVANCED_FACE( '', ( #672 ), #673, .F. );
#264 = PRESENTATION_STYLE_ASSIGNMENT( ( #674 ) );
#265 = ADVANCED_FACE( '', ( #675 ), #676, .T. );
#266 = PRESENTATION_STYLE_ASSIGNMENT( ( #677 ) );
#267 = ADVANCED_FACE( '', ( #678 ), #679, .F. );
#268 = PRESENTATION_STYLE_ASSIGNMENT( ( #680 ) );
#269 = ADVANCED_FACE( '', ( #681 ), #682, .T. );
#270 = PRESENTATION_STYLE_ASSIGNMENT( ( #683 ) );
#271 = ADVANCED_FACE( '', ( #684 ), #685, .T. );
#272 = PRESENTATION_STYLE_ASSIGNMENT( ( #686 ) );
#273 = ADVANCED_FACE( '', ( #687 ), #688, .T. );
#274 = PRESENTATION_STYLE_ASSIGNMENT( ( #689 ) );
#275 = ADVANCED_FACE( '', ( #690 ), #691, .T. );
#276 = PRESENTATION_STYLE_ASSIGNMENT( ( #692 ) );
#277 = ADVANCED_FACE( '', ( #693 ), #694, .T. );
#278 = PRESENTATION_STYLE_ASSIGNMENT( ( #695 ) );
#279 = ADVANCED_FACE( '', ( #696 ), #697, .F. );
#280 = PRESENTATION_STYLE_ASSIGNMENT( ( #698 ) );
#281 = ADVANCED_FACE( '', ( #699 ), #700, .F. );
#282 = PRESENTATION_STYLE_ASSIGNMENT( ( #701 ) );
#283 = ADVANCED_FACE( '', ( #702 ), #703, .T. );
#284 = PRESENTATION_STYLE_ASSIGNMENT( ( #704 ) );
#285 = ADVANCED_FACE( '', ( #705 ), #706, .T. );
#286 = PRESENTATION_STYLE_ASSIGNMENT( ( #707 ) );
#287 = ADVANCED_FACE( '', ( #708 ), #709, .T. );
#288 = PRESENTATION_STYLE_ASSIGNMENT( ( #710 ) );
#289 = ADVANCED_FACE( '', ( #711 ), #712, .F. );
#290 = PRESENTATION_STYLE_ASSIGNMENT( ( #713 ) );
#291 = ADVANCED_FACE( '', ( #714 ), #715, .T. );
#292 = PRESENTATION_STYLE_ASSIGNMENT( ( #716 ) );
#293 = ADVANCED_FACE( '', ( #717 ), #718, .T. );
#294 = PRESENTATION_STYLE_ASSIGNMENT( ( #719 ) );
#295 = ADVANCED_FACE( '', ( #720 ), #721, .T. );
#296 = PRESENTATION_STYLE_ASSIGNMENT( ( #722 ) );
#297 = ADVANCED_FACE( '', ( #723, #724 ), #725, .F. );
#298 = PRESENTATION_STYLE_ASSIGNMENT( ( #726 ) );
#299 = ADVANCED_FACE( '', ( #727 ), #728, .F. );
#300 = PRESENTATION_STYLE_ASSIGNMENT( ( #729 ) );
#301 = ADVANCED_FACE( '', ( #730 ), #731, .F. );
#302 = PRESENTATION_STYLE_ASSIGNMENT( ( #732 ) );
#303 = ADVANCED_FACE( '', ( #733 ), #734, .F. );
#304 = PRESENTATION_STYLE_ASSIGNMENT( ( #735 ) );
#305 = ADVANCED_FACE( '', ( #736 ), #737, .T. );
#306 = PRESENTATION_STYLE_ASSIGNMENT( ( #738 ) );
#307 = ADVANCED_FACE( '', ( #739 ), #740, .T. );
#308 = PRESENTATION_STYLE_ASSIGNMENT( ( #741 ) );
#309 = ADVANCED_FACE( '', ( #742 ), #743, .T. );
#310 = PRESENTATION_STYLE_ASSIGNMENT( ( #744 ) );
#311 = ADVANCED_FACE( '', ( #745 ), #746, .F. );
#312 = PRESENTATION_STYLE_ASSIGNMENT( ( #747 ) );
#313 = ADVANCED_FACE( '', ( #748 ), #749, .T. );
#314 = PRESENTATION_STYLE_ASSIGNMENT( ( #750 ) );
#315 = ADVANCED_FACE( '', ( #751 ), #752, .F. );
#316 = PRESENTATION_STYLE_ASSIGNMENT( ( #753 ) );
#317 = ADVANCED_FACE( '', ( #754 ), #755, .F. );
#318 = PRESENTATION_STYLE_ASSIGNMENT( ( #756 ) );
#319 = ADVANCED_FACE( '', ( #757, #758 ), #759, .T. );
#320 = PRESENTATION_STYLE_ASSIGNMENT( ( #760 ) );
#321 = ADVANCED_FACE( '', ( #761 ), #762, .F. );
#322 = PRESENTATION_STYLE_ASSIGNMENT( ( #763 ) );
#323 = ADVANCED_FACE( '', ( #764 ), #765, .F. );
#324 = PRESENTATION_STYLE_ASSIGNMENT( ( #766 ) );
#325 = ADVANCED_FACE( '', ( #767 ), #768, .F. );
#326 = PRESENTATION_STYLE_ASSIGNMENT( ( #769 ) );
#327 = ADVANCED_FACE( '', ( #770 ), #771, .F. );
#328 = PRESENTATION_STYLE_ASSIGNMENT( ( #772 ) );
#329 = ADVANCED_FACE( '', ( #773 ), #774, .F. );
#330 = PRESENTATION_STYLE_ASSIGNMENT( ( #775 ) );
#331 = ADVANCED_FACE( '', ( #776 ), #777, .F. );
#332 = PRESENTATION_STYLE_ASSIGNMENT( ( #778 ) );
#333 = ADVANCED_FACE( '', ( #779 ), #780, .T. );
#334 = PRESENTATION_STYLE_ASSIGNMENT( ( #781 ) );
#335 = ADVANCED_FACE( '', ( #782 ), #783, .T. );
#336 = PRESENTATION_STYLE_ASSIGNMENT( ( #784 ) );
#337 = ADVANCED_FACE( '', ( #785 ), #786, .T. );
#338 = PRESENTATION_STYLE_ASSIGNMENT( ( #787 ) );
#339 = ADVANCED_FACE( '', ( #788 ), #789, .F. );
#340 = PRESENTATION_STYLE_ASSIGNMENT( ( #790 ) );
#341 = ADVANCED_FACE( '', ( #791, #792 ), #793, .F. );
#342 = PRESENTATION_STYLE_ASSIGNMENT( ( #794 ) );
#343 = ADVANCED_FACE( '', ( #795 ), #796, .F. );
#344 = PRESENTATION_STYLE_ASSIGNMENT( ( #797 ) );
#345 = ADVANCED_FACE( '', ( #798 ), #799, .F. );
#346 = PRESENTATION_STYLE_ASSIGNMENT( ( #800 ) );
#347 = ADVANCED_FACE( '', ( #801 ), #802, .T. );
#348 = PRESENTATION_STYLE_ASSIGNMENT( ( #803 ) );
#349 = ADVANCED_FACE( '', ( #804 ), #805, .T. );
#350 = PRESENTATION_STYLE_ASSIGNMENT( ( #806 ) );
#351 = ADVANCED_FACE( '', ( #807 ), #808, .F. );
#352 = PRESENTATION_STYLE_ASSIGNMENT( ( #809 ) );
#353 = ADVANCED_FACE( '', ( #810 ), #811, .F. );
#354 = PRESENTATION_STYLE_ASSIGNMENT( ( #812 ) );
#355 = ADVANCED_FACE( '', ( #813 ), #814, .F. );
#356 = PRESENTATION_STYLE_ASSIGNMENT( ( #815 ) );
#357 = ADVANCED_FACE( '', ( #816 ), #817, .T. );
#358 = PRESENTATION_STYLE_ASSIGNMENT( ( #818 ) );
#359 = ADVANCED_FACE( '', ( #819 ), #820, .F. );
#360 = PRESENTATION_STYLE_ASSIGNMENT( ( #821 ) );
#361 = ADVANCED_FACE( '', ( #822 ), #823, .T. );
#362 = PRESENTATION_STYLE_ASSIGNMENT( ( #824 ) );
#363 = ADVANCED_FACE( '', ( #825 ), #826, .F. );
#364 = PRESENTATION_STYLE_ASSIGNMENT( ( #827 ) );
#365 = ADVANCED_FACE( '', ( #828 ), #829, .F. );
#366 = PRESENTATION_STYLE_ASSIGNMENT( ( #830 ) );
#367 = ADVANCED_FACE( '', ( #831, #832 ), #833, .T. );
#368 = PRESENTATION_STYLE_ASSIGNMENT( ( #834 ) );
#369 = ADVANCED_FACE( '', ( #835 ), #836, .F. );
#370 = PRESENTATION_STYLE_ASSIGNMENT( ( #837 ) );
#371 = ADVANCED_FACE( '', ( #838, #839 ), #840, .F. );
#372 = PRESENTATION_STYLE_ASSIGNMENT( ( #841 ) );
#373 = ADVANCED_FACE( '', ( #842 ), #843, .F. );
#374 = PRESENTATION_STYLE_ASSIGNMENT( ( #844 ) );
#375 = ADVANCED_FACE( '', ( #845 ), #846, .F. );
#376 = PRESENTATION_STYLE_ASSIGNMENT( ( #847 ) );
#377 = ADVANCED_FACE( '', ( #848 ), #849, .T. );
#378 = PRESENTATION_STYLE_ASSIGNMENT( ( #850 ) );
#379 = ADVANCED_FACE( '', ( #851 ), #852, .F. );
#380 = PRESENTATION_STYLE_ASSIGNMENT( ( #853 ) );
#381 = ADVANCED_FACE( '', ( #854, #855 ), #856, .T. );
#382 = PRESENTATION_STYLE_ASSIGNMENT( ( #857 ) );
#383 = ADVANCED_FACE( '', ( #858 ), #859, .T. );
#384 = PRESENTATION_STYLE_ASSIGNMENT( ( #860 ) );
#385 = ADVANCED_FACE( '', ( #861 ), #862, .T. );
#386 = PRESENTATION_STYLE_ASSIGNMENT( ( #863 ) );
#387 = ADVANCED_FACE( '', ( #864 ), #865, .F. );
#388 = PRESENTATION_STYLE_ASSIGNMENT( ( #866 ) );
#389 = ADVANCED_FACE( '', ( #867 ), #868, .F. );
#390 = PRESENTATION_STYLE_ASSIGNMENT( ( #869 ) );
#391 = ADVANCED_FACE( '', ( #870 ), #871, .F. );
#392 = PRESENTATION_STYLE_ASSIGNMENT( ( #872 ) );
#393 = ADVANCED_FACE( '', ( #873 ), #874, .T. );
#394 = PRESENTATION_STYLE_ASSIGNMENT( ( #875 ) );
#395 = ADVANCED_FACE( '', ( #876, #877 ), #878, .T. );
#396 = PRESENTATION_STYLE_ASSIGNMENT( ( #879 ) );
#397 = ADVANCED_FACE( '', ( #880 ), #881, .T. );
#398 = PRESENTATION_STYLE_ASSIGNMENT( ( #882 ) );
#399 = ADVANCED_FACE( '', ( #883 ), #884, .F. );
#400 = PRESENTATION_STYLE_ASSIGNMENT( ( #885 ) );
#401 = ADVANCED_FACE( '', ( #886 ), #887, .T. );
#402 = PRESENTATION_STYLE_ASSIGNMENT( ( #888 ) );
#403 = ADVANCED_FACE( '', ( #889 ), #890, .F. );
#404 = PRESENTATION_STYLE_ASSIGNMENT( ( #891 ) );
#405 = ADVANCED_FACE( '', ( #892 ), #893, .F. );
#406 = PRESENTATION_STYLE_ASSIGNMENT( ( #894 ) );
#407 = ADVANCED_FACE( '', ( #895 ), #896, .T. );
#408 = PRESENTATION_STYLE_ASSIGNMENT( ( #897 ) );
#409 = ADVANCED_FACE( '', ( #898 ), #899, .F. );
#410 = PRESENTATION_STYLE_ASSIGNMENT( ( #900 ) );
#411 = ADVANCED_FACE( '', ( #901 ), #902, .F. );
#412 = PRESENTATION_STYLE_ASSIGNMENT( ( #903 ) );
#413 = ADVANCED_FACE( '', ( #904 ), #905, .T. );
#414 = PRESENTATION_STYLE_ASSIGNMENT( ( #906 ) );
#415 = ADVANCED_FACE( '', ( #907 ), #908, .F. );
#416 = PRESENTATION_STYLE_ASSIGNMENT( ( #909 ) );
#417 = ADVANCED_FACE( '', ( #910 ), #911, .F. );
#418 = PRESENTATION_STYLE_ASSIGNMENT( ( #912 ) );
#419 = ADVANCED_FACE( '', ( #913 ), #914, .T. );
#420 = PRESENTATION_STYLE_ASSIGNMENT( ( #915 ) );
#421 = ADVANCED_FACE( '', ( #916 ), #917, .T. );
#422 = PRESENTATION_STYLE_ASSIGNMENT( ( #918 ) );
#423 = ADVANCED_FACE( '', ( #919 ), #920, .T. );
#424 = PRESENTATION_STYLE_ASSIGNMENT( ( #921 ) );
#425 = ADVANCED_FACE( '', ( #922 ), #923, .T. );
#426 = PRESENTATION_STYLE_ASSIGNMENT( ( #924 ) );
#427 = ADVANCED_FACE( '', ( #925 ), #926, .F. );
#428 = PRESENTATION_STYLE_ASSIGNMENT( ( #927 ) );
#429 = ADVANCED_FACE( '', ( #928 ), #929, .F. );
#430 = PRESENTATION_STYLE_ASSIGNMENT( ( #930 ) );
#431 = ADVANCED_FACE( '', ( #931 ), #932, .T. );
#432 = PRESENTATION_STYLE_ASSIGNMENT( ( #933 ) );
#433 = ADVANCED_FACE( '', ( #934 ), #935, .F. );
#434 = PRESENTATION_STYLE_ASSIGNMENT( ( #936 ) );
#435 = ADVANCED_FACE( '', ( #937, #938 ), #939, .T. );
#436 = PRESENTATION_STYLE_ASSIGNMENT( ( #940 ) );
#437 = ADVANCED_FACE( '', ( #941, #942 ), #943, .F. );
#438 = PRESENTATION_STYLE_ASSIGNMENT( ( #944 ) );
#439 = ADVANCED_FACE( '', ( #945 ), #946, .F. );
#440 = PRESENTATION_STYLE_ASSIGNMENT( ( #947 ) );
#441 = ADVANCED_FACE( '', ( #948 ), #949, .F. );
#442 = PRESENTATION_STYLE_ASSIGNMENT( ( #950 ) );
#443 = ADVANCED_FACE( '', ( #951 ), #952, .T. );
#444 = PRESENTATION_STYLE_ASSIGNMENT( ( #953 ) );
#445 = ADVANCED_FACE( '', ( #954 ), #955, .F. );
#446 = PRESENTATION_STYLE_ASSIGNMENT( ( #956 ) );
#447 = ADVANCED_FACE( '', ( #957, #958 ), #959, .F. );
#448 = PRESENTATION_STYLE_ASSIGNMENT( ( #960 ) );
#449 = ADVANCED_FACE( '', ( #961, #962 ), #963, .T. );
#450 = PRESENTATION_STYLE_ASSIGNMENT( ( #964 ) );
#451 = ADVANCED_FACE( '', ( #965, #966 ), #967, .F. );
#452 = PRESENTATION_STYLE_ASSIGNMENT( ( #968 ) );
#453 = ADVANCED_FACE( '', ( #969 ), #970, .F. );
#454 = PRESENTATION_STYLE_ASSIGNMENT( ( #971 ) );
#455 = ADVANCED_FACE( '', ( #972 ), #973, .F. );
#456 = PRESENTATION_STYLE_ASSIGNMENT( ( #974 ) );
#457 = ADVANCED_FACE( '', ( #975 ), #976, .F. );
#458 = PRESENTATION_STYLE_ASSIGNMENT( ( #977 ) );
#459 = ADVANCED_FACE( '', ( #978 ), #979, .T. );
#460 = PRESENTATION_STYLE_ASSIGNMENT( ( #980 ) );
#461 = ADVANCED_FACE( '', ( #981, #982 ), #983, .F. );
#462 = PRESENTATION_STYLE_ASSIGNMENT( ( #984 ) );
#463 = ADVANCED_FACE( '', ( #985 ), #986, .F. );
#464 = PRESENTATION_STYLE_ASSIGNMENT( ( #987 ) );
#465 = ADVANCED_FACE( '', ( #988 ), #989, .F. );
#466 = PRESENTATION_STYLE_ASSIGNMENT( ( #990 ) );
#467 = ADVANCED_FACE( '', ( #991, #992 ), #993, .T. );
#468 = PRESENTATION_STYLE_ASSIGNMENT( ( #994 ) );
#469 = ADVANCED_FACE( '', ( #995, #996 ), #997, .F. );
#470 = PRESENTATION_STYLE_ASSIGNMENT( ( #998 ) );
#471 = ADVANCED_FACE( '', ( #999 ), #1000, .F. );
#472 = PRESENTATION_STYLE_ASSIGNMENT( ( #1001 ) );
#473 = ADVANCED_FACE( '', ( #1002 ), #1003, .T. );
#474 = PRESENTATION_STYLE_ASSIGNMENT( ( #1004 ) );
#475 = ADVANCED_FACE( '', ( #1005 ), #1006, .F. );
#476 = PRESENTATION_STYLE_ASSIGNMENT( ( #1007 ) );
#477 = ADVANCED_FACE( '', ( #1008 ), #1009, .T. );
#478 = PRESENTATION_STYLE_ASSIGNMENT( ( #1010 ) );
#479 = ADVANCED_FACE( '', ( #1011 ), #1012, .F. );
#480 = PRESENTATION_STYLE_ASSIGNMENT( ( #1013 ) );
#481 = ADVANCED_FACE( '', ( #1014 ), #1015, .F. );
#482 = PRESENTATION_STYLE_ASSIGNMENT( ( #1016 ) );
#483 = ADVANCED_FACE( '', ( #1017 ), #1018, .F. );
#484 = PRESENTATION_STYLE_ASSIGNMENT( ( #1019 ) );
#485 = ADVANCED_FACE( '', ( #1020 ), #1021, .T. );
#486 = PRESENTATION_STYLE_ASSIGNMENT( ( #1022 ) );
#487 = ADVANCED_FACE( '', ( #1023, #1024, #1025 ), #1026, .T. );
#488 = PRESENTATION_STYLE_ASSIGNMENT( ( #1027 ) );
#489 = ADVANCED_FACE( '', ( #1028, #1029 ), #1030, .T. );
#490 = PRESENTATION_STYLE_ASSIGNMENT( ( #1031 ) );
#491 = ADVANCED_FACE( '', ( #1032 ), #1033, .F. );
#492 = PRESENTATION_STYLE_ASSIGNMENT( ( #1034 ) );
#493 = ADVANCED_FACE( '', ( #1035 ), #1036, .T. );
#494 = PRESENTATION_STYLE_ASSIGNMENT( ( #1037 ) );
#495 = ADVANCED_FACE( '', ( #1038 ), #1039, .T. );
#496 = PRESENTATION_STYLE_ASSIGNMENT( ( #1040 ) );
#497 = ADVANCED_FACE( '', ( #1041 ), #1042, .F. );
#498 = PRESENTATION_STYLE_ASSIGNMENT( ( #1043 ) );
#499 = ADVANCED_FACE( '', ( #1044 ), #1045, .F. );
#500 = PRESENTATION_STYLE_ASSIGNMENT( ( #1046 ) );
#501 = ADVANCED_FACE( '', ( #1047 ), #1048, .F. );
#502 = PRESENTATION_STYLE_ASSIGNMENT( ( #1049 ) );
#503 = ADVANCED_FACE( '', ( #1050 ), #1051, .T. );
#504 = PRESENTATION_STYLE_ASSIGNMENT( ( #1052 ) );
#505 = ADVANCED_FACE( '', ( #1053 ), #1054, .F. );
#506 = PRESENTATION_STYLE_ASSIGNMENT( ( #1055 ) );
#507 = ADVANCED_FACE( '', ( #1056 ), #1057, .T. );
#508 = PRESENTATION_STYLE_ASSIGNMENT( ( #1058 ) );
#509 = ADVANCED_FACE( '', ( #1059 ), #1060, .F. );
#510 = PRESENTATION_STYLE_ASSIGNMENT( ( #1061 ) );
#511 = ADVANCED_FACE( '', ( #1062 ), #1063, .T. );
#512 = PRESENTATION_STYLE_ASSIGNMENT( ( #1064 ) );
#513 = ADVANCED_FACE( '', ( #1065 ), #1066, .T. );
#514 = PRESENTATION_STYLE_ASSIGNMENT( ( #1067 ) );
#515 = ADVANCED_FACE( '', ( #1068 ), #1069, .T. );
#516 = PRESENTATION_STYLE_ASSIGNMENT( ( #1070 ) );
#517 = ADVANCED_FACE( '', ( #1071, #1072 ), #1073, .T. );
#518 = PRESENTATION_STYLE_ASSIGNMENT( ( #1074 ) );
#519 = ADVANCED_FACE( '', ( #1075 ), #1076, .T. );
#520 = PRESENTATION_STYLE_ASSIGNMENT( ( #1077 ) );
#521 = ADVANCED_FACE( '', ( #1078 ), #1079, .T. );
#522 = PRESENTATION_STYLE_ASSIGNMENT( ( #1080 ) );
#523 = ADVANCED_FACE( '', ( #1081 ), #1082, .T. );
#524 = PRESENTATION_STYLE_ASSIGNMENT( ( #1083 ) );
#525 = ADVANCED_FACE( '', ( #1084 ), #1085, .T. );
#526 = PRESENTATION_STYLE_ASSIGNMENT( ( #1086 ) );
#527 = ADVANCED_FACE( '', ( #1087 ), #1088, .F. );
#528 = PRESENTATION_STYLE_ASSIGNMENT( ( #1089 ) );
#529 = ADVANCED_FACE( '', ( #1090 ), #1091, .F. );
#530 = PRESENTATION_STYLE_ASSIGNMENT( ( #1092 ) );
#531 = ADVANCED_FACE( '', ( #1093 ), #1094, .F. );
#532 = PRESENTATION_STYLE_ASSIGNMENT( ( #1095 ) );
#533 = ADVANCED_FACE( '', ( #1096 ), #1097, .T. );
#534 = PRESENTATION_STYLE_ASSIGNMENT( ( #1098 ) );
#535 = ADVANCED_FACE( '', ( #1099 ), #1100, .F. );
#536 = PRESENTATION_STYLE_ASSIGNMENT( ( #1101 ) );
#537 = ADVANCED_FACE( '', ( #1102 ), #1103, .T. );
#538 = PRESENTATION_STYLE_ASSIGNMENT( ( #1104 ) );
#539 = ADVANCED_FACE( '', ( #1105 ), #1106, .F. );
#540 = PRESENTATION_STYLE_ASSIGNMENT( ( #1107 ) );
#541 = ADVANCED_FACE( '', ( #1108 ), #1109, .F. );
#542 = PRESENTATION_STYLE_ASSIGNMENT( ( #1110 ) );
#543 = ADVANCED_FACE( '', ( #1111 ), #1112, .T. );
#544 = PRESENTATION_STYLE_ASSIGNMENT( ( #1113 ) );
#545 = ADVANCED_FACE( '', ( #1114 ), #1115, .F. );
#546 = PRESENTATION_STYLE_ASSIGNMENT( ( #1116 ) );
#547 = ADVANCED_FACE( '', ( #1117 ), #1118, .F. );
#548 = PRESENTATION_STYLE_ASSIGNMENT( ( #1119 ) );
#549 = ADVANCED_FACE( '', ( #1120 ), #1121, .F. );
#550 = PRESENTATION_STYLE_ASSIGNMENT( ( #1122 ) );
#551 = ADVANCED_FACE( '', ( #1123 ), #1124, .T. );
#552 = PRESENTATION_STYLE_ASSIGNMENT( ( #1125 ) );
#553 = ADVANCED_FACE( '', ( #1126, #1127 ), #1128, .T. );
#554 = PRESENTATION_STYLE_ASSIGNMENT( ( #1129 ) );
#555 = ADVANCED_FACE( '', ( #1130 ), #1131, .T. );
#556 = PRESENTATION_STYLE_ASSIGNMENT( ( #1132 ) );
#557 = ADVANCED_FACE( '', ( #1133 ), #1134, .F. );
#558 = PRESENTATION_STYLE_ASSIGNMENT( ( #1135 ) );
#559 = ADVANCED_FACE( '', ( #1136, #1137 ), #1138, .F. );
#560 = PRODUCT( 'Elektronischer Transformator-+-00066065(SLT30-24VF)', 'Elektronischer Transformator-+-00066065(SLT30-24VF)', 'PART-Elektronischer Transformator-+-00066065(SLT30-24VF)-DESC', ( #1139 ) );
#561 = PRODUCT_DEFINITION( 'NONE', 'NONE', #1140, #2 );
#562 = BREP_WITH_VOIDS( 'Elektronischer Transformator-+-00066065(SLT30-24VF)', #1141, ( #1142, #1143 ) );
#563 = AXIS2_PLACEMENT_3D( '', #1144, #1145, #1146 );
#566 = LENGTH_MEASURE_WITH_UNIT( LENGTH_MEASURE( 1.00000000000000 ), #1147 );
#569 = DIMENSIONAL_EXPONENTS( 1.00000000000000, 0.000000000000000, 0.000000000000000, 0.000000000000000, 0.000000000000000, 0.000000000000000, 0.000000000000000 );
#571 = DIMENSIONAL_EXPONENTS( 0.000000000000000, 0.000000000000000, 0.000000000000000, 0.000000000000000, 0.000000000000000, 0.000000000000000, 0.000000000000000 );
#577 = SURFACE_STYLE_USAGE( .BOTH., #1148 );
#578 = FACE_OUTER_BOUND( '', #1149, .T. );
#579 = PLANE( '', #1150 );
#580 = SURFACE_STYLE_USAGE( .BOTH., #1151 );
#581 = FACE_OUTER_BOUND( '', #1152, .T. );
#582 = PLANE( '', #1153 );
#583 = SURFACE_STYLE_USAGE( .BOTH., #1154 );
#584 = FACE_OUTER_BOUND( '', #1155, .T. );
#585 = PLANE( '', #1156 );
#586 = SURFACE_STYLE_USAGE( .BOTH., #1157 );
#587 = FACE_OUTER_BOUND( '', #1158, .T. );
#588 = PLANE( '', #1159 );
#589 = SURFACE_STYLE_USAGE( .BOTH., #1160 );
#590 = FACE_OUTER_BOUND( '', #1161, .T. );
#591 = CYLINDRICAL_SURFACE( '', #1162, 1.00000000000000 );
#592 = SURFACE_STYLE_USAGE( .BOTH., #1163 );
#593 = FACE_OUTER_BOUND( '', #1164, .T. );
#594 = FACE_OUTER_BOUND( '', #1165, .T. );
#595 = CYLINDRICAL_SURFACE( '', #1166, 3.75000000000000 );
#596 = SURFACE_STYLE_USAGE( .BOTH., #1167 );
#597 = FACE_OUTER_BOUND( '', #1168, .T. );
#598 = CYLINDRICAL_SURFACE( '', #1169, 1.75000000000000 );
#599 = SURFACE_STYLE_USAGE( .BOTH., #1170 );
#600 = FACE_OUTER_BOUND( '', #1171, .T. );
#601 = PLANE( '', #1172 );
#602 = SURFACE_STYLE_USAGE( .BOTH., #1173 );
#603 = FACE_OUTER_BOUND( '', #1174, .T. );
#604 = ( BOUNDED_SURFACE(  )B_SPLINE_SURFACE( 3, 2, ( ( #1177, #1178, #1179, #1180, #1181, #1182, #1183, #1184, #1185, #1186, #1187, #1188, #1189, #1190, #1191, #1192, #1193, #1194, #1195, #1196, #1197, #1198, #1199, #1200, #1201, #1202, #1203, #1204, #1205, #1206, #1207, #1208, #1209, #1210, #1211, #1212, #1213, #1214, #1215, #1216, #1217, #1218, #1219, #1220, #1221, #1222, #1223, #1224, #1225, #1226, #1227, #1228, #1229, #1230, #1231, #1232, #1233, #1234, #1235, #1236, #1237, #1238, #1239, #1240, #1241, #1242, #1243, #1244, #1245, #1246, #1247, #1248, #1249, #1250, #1251, #1252, #1253, #1254, #1255, #1256, #1257, #1258, #1259, #1260, #1261, #1262, #1263, #1264, #1265, #1266, #1267, #1268, #1269, #1270, #1271, #1272, #1273, #1274, #1275, #1276, #1277, #1278, #1279, #1280, #1281, #1282, #1283, #1284, #1285, #1286, #1287, #1288, #1289, #1290, #1291, #1292, #1293, #1294, #1295, #1296, #1297, #1298, #1299, #1300, #1301, #1302, #1303, #1304, #1305, #1306, #1307, #1308, #1309, #1310, #1311, #1312, #1313, #1314, #1315, #1316, #1317 ), ( #1318, #1319, #1320, #1321, #1322, #1323, #1324, #1325, #1326, #1327, #1328, #1329, #1330, #1331, #1332, #1333, #1334, #1335, #1336, #1337, #1338, #1339, #1340, #1341, #1342, #1343, #1344, #1345, #1346, #1347, #1348, #1349, #1350, #1351, #1352, #1353, #1354, #1355, #1356, #1357, #1358, #1359, #1360, #1361, #1362, #1363, #1364, #1365, #1366, #1367, #1368, #1369, #1370, #1371, #1372, #1373, #1374, #1375, #1376, #1377, #1378, #1379, #1380, #1381, #1382, #1383, #1384, #1385, #1386, #1387, #1388, #1389, #1390, #1391, #1392, #1393, #1394, #1395, #1396, #1397, #1398, #1399, #1400, #1401, #1402, #1403, #1404, #1405, #1406, #1407, #1408, #1409, #1410, #1411, #1412, #1413, #1414, #1415, #1416, #1417, #1418, #1419, #1420, #1421, #1422, #1423, #1424, #1425, #1426, #1427, #1428, #1429, #1430, #1431, #1432, #1433, #1434, #1435, #1436, #1437, #1438, #1439, #1440, #1441, #1442, #1443, #1444, #1445, #1446, #1447, #1448, #1449, #1450, #1451, #1452, #1453, #1454, #1455, #1456, #1457, #1458 ), ( #1459, #1460, #1461, #1462, #1463, #1464, #1465, #1466, #1467, #1468, #1469, #1470, #1471, #1472, #1473, #1474, #1475, #1476, #1477, #1478, #1479, #1480, #1481, #1482, #1483, #1484, #1485, #1486, #1487, #1488, #1489, #1490, #1491, #1492, #1493, #1494, #1495, #1496, #1497, #1498, #1499, #1500, #1501, #1502, #1503, #1504, #1505, #1506, #1507, #1508, #1509, #1510, #1511, #1512, #1513, #1514, #1515, #1516, #1517, #1518, #1519, #1520, #1521, #1522, #1523, #1524, #1525, #1526, #1527, #1528, #1529, #1530, #1531, #1532, #1533, #1534, #1535, #1536, #1537, #1538, #1539, #1540, #1541, #1542, #1543, #1544, #1545, #1546, #1547, #1548, #1549, #1550, #1551, #1552, #1553, #1554, #1555, #1556, #1557, #1558, #1559, #1560, #1561, #1562, #1563, #1564, #1565, #1566, #1567, #1568, #1569, #1570, #1571, #1572, #1573, #1574, #1575, #1576, #1577, #1578, #1579, #1580, #1581, #1582, #1583, #1584, #1585, #1586, #1587, #1588, #1589, #1590, #1591, #1592, #1593, #1594, #1595, #1596, #1597, #1598, #1599 ), ( #1600, #1601, #1602, #1603, #1604, #1605, #1606, #1607, #1608, #1609, #1610, #1611, #1612, #1613, #1614, #1615, #1616, #1617, #1618, #1619, #1620, #1621, #1622, #1623, #1624, #1625, #1626, #1627, #1628, #1629, #1630, #1631, #1632, #1633, #1634, #1635, #1636, #1637, #1638, #1639, #1640, #1641, #1642, #1643, #1644, #1645, #1646, #1647, #1648, #1649, #1650, #1651, #1652, #1653, #1654, #1655, #1656, #1657, #1658, #1659, #1660, #1661, #1662, #1663, #1664, #1665, #1666, #1667, #1668, #1669, #1670, #1671, #1672, #1673, #1674, #1675, #1676, #1677, #1678, #1679, #1680, #1681, #1682, #1683, #1684, #1685, #1686, #1687, #1688, #1689, #1690, #1691, #1692, #1693, #1694, #1695, #1696, #1697, #1698, #1699, #1700, #1701, #1702, #1703, #1704, #1705, #1706, #1707, #1708, #1709, #1710, #1711, #1712, #1713, #1714, #1715, #1716, #1717, #1718, #1719, #1720, #1721, #1722, #1723, #1724, #1725, #1726, #1727, #1728, #1729, #1730, #1731, #1732, #1733, #1734, #1735, #1736, #1737, #1738, #1739, #1740 ) ), .UNSPECIFIED., .F., .F., .F. )B_SPLINE_SURFACE_WITH_KNOTS( ( 4, 4 ), ( 3, 2, 2, 2, 2, 2, 2, 2, 2, 2, 2, 2, 2, 2, 2, 2, 2, 2, 2, 2, 2, 2, 2, 2, 2, 2, 2, 2, 2, 2, 2, 2, 2, 2, 2, 2, 2, 2, 2, 2, 2, 2, 2, 2, 2, 2, 2, 2, 2, 2, 2, 2, 2, 2, 2, 2, 2, 2, 2, 2, 2, 2, 2, 2, 2, 2, 2, 2, 2, 2, 3 ), ( 0.000000000000000, 1.00000000000000 ), ( 0.000000000000000, 0.0142857142857143, 0.0285714285714286, 0.0428571428571429, 0.0571428571428571, 0.0714285714285714, 0.0857142857142857, 0.100000000000000, 0.114285714285714, 0.128571428571429, 0.142857142857143, 0.157142857142857, 0.171428571428572, 0.185714285714286, 0.200000000000000, 0.214285714285715, 0.228571428571428, 0.242857142857143, 0.257142857142857, 0.271428571428572, 0.285714285714286, 0.300000000000000, 0.314285714285715, 0.328571428571429, 0.342857142857143, 0.357142857142857, 0.371428571428572, 0.385714285714286, 0.400000000000000, 0.414285714285715, 0.428571428571428, 0.442857142857143, 0.457142857142857, 0.471428571428571, 0.485714285714286, 0.500000000000000, 0.514285714285714, 0.528571428571429, 0.542857142857143, 0.557142857142857, 0.571428571428571, 0.585714285714286, 0.600000000000000, 0.614285714285714, 0.628571428571429, 0.642857142857143, 0.657142857142857, 0.671428571428571, 0.685714285714286, 0.700000000000000, 0.714285714285714, 0.728571428571429, 0.742857142857143, 0.757142857142857, 0.771428571428572, 0.785714285714286, 0.800000000000000, 0.814285714285714, 0.828571428571429, 0.842857142857143, 0.857142857142857, 0.871428571428571, 0.885714285714286, 0.900000000000000, 0.914285714285714, 0.928571428571429, 0.942857142857143, 0.957142857142857, 0.971428571428571, 0.985714285714286, 1.00000000000000 ), .UNSPECIFIED. )GEOMETRIC_REPRESENTATION_ITEM(  )RATIONAL_B_SPLINE_SURFACE( ( ( 1.00000000000000, 0.974927912181824, 1.00000000000000, 0.974927912181824, 1.00000000000000, 0.974927912181824, 1.00000000000000, 0.974927912181824, 1.00000000000000, 0.974927912181824, 1.00000000000000, 0.974927912181824, 1.00000000000000, 0.974927912181824, 1.00000000000000, 0.974927912181824, 1.00000000000000, 0.974927912181824, 1.00000000000000, 0.974927912181824, 1.00000000000000, 0.974927912181824, 1.00000000000000, 0.974927912181824, 1.00000000000000, 0.974927912181824, 1.00000000000000, 0.974927912181824, 1.00000000000000, 0.974927912181824, 1.00000000000000, 0.974927912181824, 1.00000000000000, 0.974927912181824, 1.00000000000000, 0.974927912181824, 1.00000000000000, 0.974927912181824, 1.00000000000000, 0.974927912181824, 1.00000000000000, 0.974927912181824, 1.00000000000000, 0.974927912181824, 1.00000000000000, 0.974927912181824, 1.00000000000000, 0.974927912181824, 1.00000000000000, 0.974927912181824, 1.00000000000000, 0.974927912181824, 1.00000000000000, 0.974927912181824, 1.00000000000000, 0.974927912181824, 1.00000000000000, 0.974927912181824, 1.00000000000000, 0.974927912181824, 1.00000000000000, 0.974927912181824, 1.00000000000000, 0.974927912181824, 1.00000000000000, 0.974927912181824, 1.00000000000000, 0.974927912181824, 1.00000000000000, 0.974927912181824, 1.00000000000000, 0.974927912181824, 1.00000000000000, 0.974927912181824, 1.00000000000000, 0.974927912181824, 1.00000000000000, 0.974927912181824, 1.00000000000000, 0.974927912181824, 1.00000000000000, 0.974927912181824, 1.00000000000000, 0.974927912181824, 1.00000000000000, 0.974927912181824, 1.00000000000000, 0.974927912181824, 1.00000000000000, 0.974927912181824, 1.00000000000000, 0.974927912181824, 1.00000000000000, 0.974927912181824, 1.00000000000000, 0.974927912181824, 1.00000000000000, 0.974927912181824, 1.00000000000000, 0.974927912181824, 1.00000000000000, 0.974927912181824, 1.00000000000000, 0.974927912181824, 1.00000000000000, 0.974927912181824, 1.00000000000000, 0.974927912181824, 1.00000000000000, 0.974927912181824, 1.00000000000000, 0.974927912181824, 1.00000000000000, 0.974927912181824, 1.00000000000000, 0.974927912181824, 1.00000000000000, 0.974927912181824, 1.00000000000000, 0.974927912181824, 1.00000000000000, 0.974927912181824, 1.00000000000000, 0.974927912181824, 1.00000000000000, 0.974927912181824, 1.00000000000000, 0.974927912181824, 1.00000000000000, 0.974927912181824, 1.00000000000000, 0.974927912181824, 1.00000000000000, 0.974927912181824, 1.00000000000000, 0.974927912181824, 1.00000000000000, 0.974927912181824, 1.00000000000000, 0.974927912181824, 1.00000000000000 ), ( 0.333333333333334, 0.324975970727275, 0.333333333333334, 0.324975970727275, 0.333333333333334, 0.324975970727275, 0.333333333333334, 0.324975970727275, 0.333333333333334, 0.324975970727275, 0.333333333333334, 0.324975970727275, 0.333333333333334, 0.324975970727275, 0.333333333333334, 0.324975970727275, 0.333333333333334, 0.324975970727275, 0.333333333333334, 0.324975970727275, 0.333333333333334, 0.324975970727275, 0.333333333333334, 0.324975970727275, 0.333333333333334, 0.324975970727275, 0.333333333333334, 0.324975970727275, 0.333333333333334, 0.324975970727275, 0.333333333333334, 0.324975970727275, 0.333333333333334, 0.324975970727275, 0.333333333333334, 0.324975970727275, 0.333333333333334, 0.324975970727275, 0.333333333333334, 0.324975970727275, 0.333333333333334, 0.324975970727275, 0.333333333333334, 0.324975970727275, 0.333333333333334, 0.324975970727275, 0.333333333333334, 0.324975970727275, 0.333333333333334, 0.324975970727275, 0.333333333333334, 0.324975970727275, 0.333333333333334, 0.324975970727275, 0.333333333333334, 0.324975970727275, 0.333333333333334, 0.324975970727275, 0.333333333333334, 0.324975970727275, 0.333333333333334, 0.324975970727275, 0.333333333333334, 0.324975970727275, 0.333333333333334, 0.324975970727275, 0.333333333333334, 0.324975970727275, 0.333333333333334, 0.324975970727275, 0.333333333333334, 0.324975970727275, 0.333333333333334, 0.324975970727275, 0.333333333333334, 0.324975970727275, 0.333333333333334, 0.324975970727275, 0.333333333333334, 0.324975970727275, 0.333333333333334, 0.324975970727275, 0.333333333333334, 0.324975970727275, 0.333333333333334, 0.324975970727275, 0.333333333333334, 0.324975970727275, 0.333333333333334, 0.324975970727275, 0.333333333333334, 0.324975970727275, 0.333333333333334, 0.324975970727275, 0.333333333333334, 0.324975970727275, 0.333333333333334, 0.324975970727275, 0.333333333333334, 0.324975970727275, 0.333333333333334, 0.324975970727275, 0.333333333333334, 0.324975970727275, 0.333333333333334, 0.324975970727275, 0.333333333333334, 0.324975970727275, 0.333333333333334, 0.324975970727275, 0.333333333333334, 0.324975970727275, 0.333333333333334, 0.324975970727275, 0.333333333333334, 0.324975970727275, 0.333333333333334, 0.324975970727275, 0.333333333333334, 0.324975970727275, 0.333333333333334, 0.324975970727275, 0.333333333333334, 0.324975970727275, 0.333333333333334, 0.324975970727275, 0.333333333333334, 0.324975970727275, 0.333333333333334, 0.324975970727275, 0.333333333333334, 0.324975970727275, 0.333333333333334, 0.324975970727275, 0.333333333333334, 0.324975970727275, 0.333333333333334, 0.324975970727275, 0.333333333333334, 0.324975970727275, 0.333333333333334 ), ( 0.333333333333334, 0.324975970727275, 0.333333333333334, 0.324975970727275, 0.333333333333334, 0.324975970727275, 0.333333333333334, 0.324975970727275, 0.333333333333334, 0.324975970727275, 0.333333333333334, 0.324975970727275, 0.333333333333334, 0.324975970727275, 0.333333333333334, 0.324975970727275, 0.333333333333334, 0.324975970727275, 0.333333333333334, 0.324975970727275, 0.333333333333334, 0.324975970727275, 0.333333333333334, 0.324975970727275, 0.333333333333334, 0.324975970727275, 0.333333333333334, 0.324975970727275, 0.333333333333334, 0.324975970727275, 0.333333333333334, 0.324975970727275, 0.333333333333334, 0.324975970727275, 0.333333333333334, 0.324975970727275, 0.333333333333334, 0.324975970727275, 0.333333333333334, 0.324975970727275, 0.333333333333334, 0.324975970727275, 0.333333333333334, 0.324975970727275, 0.333333333333334, 0.324975970727275, 0.333333333333334, 0.324975970727275, 0.333333333333334, 0.324975970727275, 0.333333333333334, 0.324975970727275, 0.333333333333334, 0.324975970727275, 0.333333333333334, 0.324975970727275, 0.333333333333334, 0.324975970727275, 0.333333333333334, 0.324975970727275, 0.333333333333334, 0.324975970727275, 0.333333333333334, 0.324975970727275, 0.333333333333334, 0.324975970727275, 0.333333333333334, 0.324975970727275, 0.333333333333334, 0.324975970727275, 0.333333333333334, 0.324975970727275, 0.333333333333334, 0.324975970727275, 0.333333333333334, 0.324975970727275, 0.333333333333334, 0.324975970727275, 0.333333333333334, 0.324975970727275, 0.333333333333334, 0.324975970727275, 0.333333333333334, 0.324975970727275, 0.333333333333334, 0.324975970727275, 0.333333333333334, 0.324975970727275, 0.333333333333334, 0.324975970727275, 0.333333333333334, 0.324975970727275, 0.333333333333334, 0.324975970727275, 0.333333333333334, 0.324975970727275, 0.333333333333334, 0.324975970727275, 0.333333333333334, 0.324975970727275, 0.333333333333334, 0.324975970727275, 0.333333333333334, 0.324975970727275, 0.333333333333334, 0.324975970727275, 0.333333333333334, 0.324975970727275, 0.333333333333334, 0.324975970727275, 0.333333333333334, 0.324975970727275, 0.333333333333334, 0.324975970727275, 0.333333333333334, 0.324975970727275, 0.333333333333334, 0.324975970727275, 0.333333333333334, 0.324975970727275, 0.333333333333334, 0.324975970727275, 0.333333333333334, 0.324975970727275, 0.333333333333334, 0.324975970727275, 0.333333333333334, 0.324975970727275, 0.333333333333334, 0.324975970727275, 0.333333333333334, 0.324975970727275, 0.333333333333334, 0.324975970727275, 0.333333333333334, 0.324975970727275, 0.333333333333334, 0.324975970727275, 0.333333333333334, 0.324975970727275, 0.333333333333334 ), ( 1.00000000000000, 0.974927912181824, 1.00000000000000, 0.974927912181824, 1.00000000000000, 0.974927912181824, 1.00000000000000, 0.974927912181824, 1.00000000000000, 0.974927912181824, 1.00000000000000, 0.974927912181824, 1.00000000000000, 0.974927912181824, 1.00000000000000, 0.974927912181824, 1.00000000000000, 0.974927912181824, 1.00000000000000, 0.974927912181824, 1.00000000000000, 0.974927912181824, 1.00000000000000, 0.974927912181824, 1.00000000000000, 0.974927912181824, 1.00000000000000, 0.974927912181824, 1.00000000000000, 0.974927912181824, 1.00000000000000, 0.974927912181824, 1.00000000000000, 0.974927912181824, 1.00000000000000, 0.974927912181824, 1.00000000000000, 0.974927912181824, 1.00000000000000, 0.974927912181824, 1.00000000000000, 0.974927912181824, 1.00000000000000, 0.974927912181824, 1.00000000000000, 0.974927912181824, 1.00000000000000, 0.974927912181824, 1.00000000000000, 0.974927912181824, 1.00000000000000, 0.974927912181824, 1.00000000000000, 0.974927912181824, 1.00000000000000, 0.974927912181824, 1.00000000000000, 0.974927912181824, 1.00000000000000, 0.974927912181824, 1.00000000000000, 0.974927912181824, 1.00000000000000, 0.974927912181824, 1.00000000000000, 0.974927912181824, 1.00000000000000, 0.974927912181824, 1.00000000000000, 0.974927912181824, 1.00000000000000, 0.974927912181824, 1.00000000000000, 0.974927912181824, 1.00000000000000, 0.974927912181824, 1.00000000000000, 0.974927912181824, 1.00000000000000, 0.974927912181824, 1.00000000000000, 0.974927912181824, 1.00000000000000, 0.974927912181824, 1.00000000000000, 0.974927912181824, 1.00000000000000, 0.974927912181824, 1.00000000000000, 0.974927912181824, 1.00000000000000, 0.974927912181824, 1.00000000000000, 0.974927912181824, 1.00000000000000, 0.974927912181824, 1.00000000000000, 0.974927912181824, 1.00000000000000, 0.974927912181824, 1.00000000000000, 0.974927912181824, 1.00000000000000, 0.974927912181824, 1.00000000000000, 0.974927912181824, 1.00000000000000, 0.974927912181824, 1.00000000000000, 0.974927912181824, 1.00000000000000, 0.974927912181824, 1.00000000000000, 0.974927912181824, 1.00000000000000, 0.974927912181824, 1.00000000000000, 0.974927912181824, 1.00000000000000, 0.974927912181824, 1.00000000000000, 0.974927912181824, 1.00000000000000, 0.974927912181824, 1.00000000000000, 0.974927912181824, 1.00000000000000, 0.974927912181824, 1.00000000000000, 0.974927912181824, 1.00000000000000, 0.974927912181824, 1.00000000000000, 0.974927912181824, 1.00000000000000, 0.974927912181824, 1.00000000000000, 0.974927912181824, 1.00000000000000, 0.974927912181824, 1.00000000000000 ) ) )REPRESENTATION_ITEM( '' )SURFACE(  ) );
#605 = SURFACE_STYLE_USAGE( .BOTH., #1746 );
#606 = FACE_OUTER_BOUND( '', #1747, .T. );
#607 = PLANE( '', #1748 );
#608 = SURFACE_STYLE_USAGE( .BOTH., #1749 );
#609 = FACE_OUTER_BOUND( '', #1750, .T. );
#610 = FACE_BOUND( '', #1751, .T. );
#611 = PLANE( '', #1752 );
#612 = SURFACE_STYLE_USAGE( .BOTH., #1753 );
#613 = FACE_OUTER_BOUND( '', #1754, .T. );
#614 = PLANE( '', #1755 );
#615 = SURFACE_STYLE_USAGE( .BOTH., #1756 );
#616 = FACE_OUTER_BOUND( '', #1757, .T. );
#617 = CYLINDRICAL_SURFACE( '', #1758, 4.00000000000000 );
#618 = SURFACE_STYLE_USAGE( .BOTH., #1759 );
#619 = FACE_OUTER_BOUND( '', #1760, .T. );
#620 = PLANE( '', #1761 );
#621 = SURFACE_STYLE_USAGE( .BOTH., #1762 );
#622 = FACE_OUTER_BOUND( '', #1763, .T. );
#623 = TOROIDAL_SURFACE( '', #1764, 2.00000000000000, 1.00000000000000 );
#624 = SURFACE_STYLE_USAGE( .BOTH., #1765 );
#625 = FACE_OUTER_BOUND( '', #1766, .T. );
#626 = CYLINDRICAL_SURFACE( '', #1767, 1.75000000000000 );
#627 = SURFACE_STYLE_USAGE( .BOTH., #1768 );
#628 = FACE_OUTER_BOUND( '', #1769, .T. );
#629 = ( BOUNDED_SURFACE(  )B_SPLINE_SURFACE( 3, 2, ( ( #1772, #1773, #1774, #1775, #1776, #1777, #1778, #1779, #1780, #1781, #1782, #1783, #1784, #1785, #1786, #1787, #1788, #1789, #1790, #1791, #1792, #1793, #1794, #1795, #1796, #1797, #1798, #1799, #1800 ), ( #1801, #1802, #1803, #1804, #1805, #1806, #1807, #1808, #1809, #1810, #1811, #1812, #1813, #1814, #1815, #1816, #1817, #1818, #1819, #1820, #1821, #1822, #1823, #1824, #1825, #1826, #1827, #1828, #1829 ), ( #1830, #1831, #1832, #1833, #1834, #1835, #1836, #1837, #1838, #1839, #1840, #1841, #1842, #1843, #1844, #1845, #1846, #1847, #1848, #1849, #1850, #1851, #1852, #1853, #1854, #1855, #1856, #1857, #1858 ), ( #1859, #1860, #1861, #1862, #1863, #1864, #1865, #1866, #1867, #1868, #1869, #1870, #1871, #1872, #1873, #1874, #1875, #1876, #1877, #1878, #1879, #1880, #1881, #1882, #1883, #1884, #1885, #1886, #1887 ) ), .UNSPECIFIED., .F., .F., .F. )B_SPLINE_SURFACE_WITH_KNOTS( ( 4, 4 ), ( 3, 2, 2, 2, 2, 2, 2, 2, 2, 2, 2, 2, 2, 2, 3 ), ( 0.000000000000000, 1.00000000000000 ), ( 0.000000000000000, 0.0714285714285714, 0.142857142857143, 0.214285714285715, 0.285714285714286, 0.357142857142857, 0.428571428571428, 0.500000000000000, 0.571428571428571, 0.642857142857143, 0.714285714285714, 0.785714285714286, 0.857142857142857, 0.928571428571429, 1.00000000000000 ), .UNSPECIFIED. )GEOMETRIC_REPRESENTATION_ITEM(  )RATIONAL_B_SPLINE_SURFACE( ( ( 1.00000000000000, 0.974927912181824, 1.00000000000000, 0.974927912181824, 1.00000000000000, 0.974927912181824, 1.00000000000000, 0.974927912181824, 1.00000000000000, 0.974927912181824, 1.00000000000000, 0.974927912181824, 1.00000000000000, 0.974927912181824, 1.00000000000000, 0.974927912181824, 1.00000000000000, 0.974927912181824, 1.00000000000000, 0.974927912181824, 1.00000000000000, 0.974927912181824, 1.00000000000000, 0.974927912181824, 1.00000000000000, 0.974927912181824, 1.00000000000000, 0.974927912181824, 1.00000000000000 ), ( 0.333333333333334, 0.324975970727275, 0.333333333333334, 0.324975970727275, 0.333333333333334, 0.324975970727275, 0.333333333333334, 0.324975970727275, 0.333333333333334, 0.324975970727275, 0.333333333333334, 0.324975970727275, 0.333333333333334, 0.324975970727275, 0.333333333333334, 0.324975970727275, 0.333333333333334, 0.324975970727275, 0.333333333333334, 0.324975970727275, 0.333333333333334, 0.324975970727275, 0.333333333333334, 0.324975970727275, 0.333333333333334, 0.324975970727275, 0.333333333333334, 0.324975970727275, 0.333333333333334 ), ( 0.333333333333334, 0.324975970727275, 0.333333333333334, 0.324975970727275, 0.333333333333334, 0.324975970727275, 0.333333333333334, 0.324975970727275, 0.333333333333334, 0.324975970727275, 0.333333333333334, 0.324975970727275, 0.333333333333334, 0.324975970727275, 0.333333333333334, 0.324975970727275, 0.333333333333334, 0.324975970727275, 0.333333333333334, 0.324975970727275, 0.333333333333334, 0.324975970727275, 0.333333333333334, 0.324975970727275, 0.333333333333334, 0.324975970727275, 0.333333333333334, 0.324975970727275, 0.333333333333334 ), ( 1.00000000000000, 0.974927912181824, 1.00000000000000, 0.974927912181824, 1.00000000000000, 0.974927912181824, 1.00000000000000, 0.974927912181824, 1.00000000000000, 0.974927912181824, 1.00000000000000, 0.974927912181824, 1.00000000000000, 0.974927912181824, 1.00000000000000, 0.974927912181824, 1.00000000000000, 0.974927912181824, 1.00000000000000, 0.974927912181824, 1.00000000000000, 0.974927912181824, 1.00000000000000, 0.974927912181824, 1.00000000000000, 0.974927912181824, 1.00000000000000, 0.974927912181824, 1.00000000000000 ) ) )REPRESENTATION_ITEM( '' )SURFACE(  ) );
#630 = SURFACE_STYLE_USAGE( .BOTH., #1893 );
#631 = FACE_OUTER_BOUND( '', #1894, .T. );
#632 = TOROIDAL_SURFACE( '', #1895, 2.00000000000000, 1.00000000000000 );
#633 = SURFACE_STYLE_USAGE( .BOTH., #1896 );
#634 = FACE_OUTER_BOUND( '', #1897, .T. );
#635 = CYLINDRICAL_SURFACE( '', #1898, 4.00000000000000 );
#636 = SURFACE_STYLE_USAGE( .BOTH., #1899 );
#637 = FACE_OUTER_BOUND( '', #1900, .T. );
#638 = PLANE( '', #1901 );
#639 = SURFACE_STYLE_USAGE( .BOTH., #1902 );
#640 = FACE_OUTER_BOUND( '', #1903, .T. );
#641 = CYLINDRICAL_SURFACE( '', #1904, 4.00000000000000 );
#642 = SURFACE_STYLE_USAGE( .BOTH., #1905 );
#643 = FACE_OUTER_BOUND( '', #1906, .T. );
#644 = CYLINDRICAL_SURFACE( '', #1907, 3.00000000000000 );
#645 = SURFACE_STYLE_USAGE( .BOTH., #1908 );
#646 = FACE_OUTER_BOUND( '', #1909, .T. );
#647 = PLANE( '', #1910 );
#648 = SURFACE_STYLE_USAGE( .BOTH., #1911 );
#649 = FACE_OUTER_BOUND( '', #1912, .T. );
#650 = FACE_OUTER_BOUND( '', #1913, .T. );
#651 = TOROIDAL_SURFACE( '', #1914, 4.05000000000000, 0.300000000000000 );
#652 = SURFACE_STYLE_USAGE( .BOTH., #1915 );
#653 = FACE_OUTER_BOUND( '', #1916, .T. );
#654 = PLANE( '', #1917 );
#655 = SURFACE_STYLE_USAGE( .BOTH., #1918 );
#656 = FACE_OUTER_BOUND( '', #1919, .T. );
#657 = FACE_OUTER_BOUND( '', #1920, .T. );
#658 = TOROIDAL_SURFACE( '', #1921, 4.70000000000000, 0.300000000000000 );
#659 = SURFACE_STYLE_USAGE( .BOTH., #1922 );
#660 = FACE_OUTER_BOUND( '', #1923, .T. );
#661 = CYLINDRICAL_SURFACE( '', #1924, 1.00000000000000 );
#662 = SURFACE_STYLE_USAGE( .BOTH., #1925 );
#663 = FACE_OUTER_BOUND( '', #1926, .T. );
#664 = B_SPLINE_SURFACE_WITH_KNOTS( '', 3, 3, ( ( #1927, #1928, #1929, #1930 ), ( #1931, #1932, #1933, #1934 ), ( #1935, #1936, #1937, #1938 ), ( #1939, #1940, #1941, #1942 ), ( #1943, #1944, #1945, #1946 ) ), .UNSPECIFIED., .F., .F., .F., ( 4, 1, 4 ), ( 4, 4 ), ( 0.000000000000000, 0.500000000000000, 1.00000000000000 ), ( 0.000000000000000, 1.00000000000000 ), .UNSPECIFIED. );
#665 = SURFACE_STYLE_USAGE( .BOTH., #1947 );
#666 = FACE_OUTER_BOUND( '', #1948, .T. );
#667 = ( BOUNDED_SURFACE(  )B_SPLINE_SURFACE( 3, 2, ( ( #1951, #1952, #1953 ), ( #1954, #1955, #1956 ), ( #1957, #1958, #1959 ), ( #1960, #1961, #1962 ), ( #1963, #1964, #1965 ), ( #1966, #1967, #1968 ), ( #1969, #1970, #1971 ), ( #1972, #1973, #1974 ), ( #1975, #1976, #1977 ), ( #1978, #1979, #1980 ), ( #1981, #1982, #1983 ), ( #1984, #1985, #1986 ), ( #1987, #1988, #1989 ), ( #1990, #1991, #1992 ), ( #1993, #1994, #1995 ), ( #1996, #1997, #1998 ), ( #1999, #2000, #2001 ), ( #2002, #2003, #2004 ), ( #2005, #2006, #2007 ), ( #2008, #2009, #2010 ), ( #2011, #2012, #2013 ), ( #2014, #2015, #2016 ), ( #2017, #2018, #2019 ), ( #2020, #2021, #2022 ), ( #2023, #2024, #2025 ), ( #2026, #2027, #2028 ), ( #2029, #2030, #2031 ), ( #2032, #2033, #2034 ), ( #2035, #2036, #2037 ), ( #2038, #2039, #2040 ), ( #2041, #2042, #2043 ), ( #2044, #2045, #2046 ), ( #2047, #2048, #2049 ), ( #2050, #2051, #2052 ) ), .UNSPECIFIED., .F., .F., .F. )B_SPLINE_SURFACE_WITH_KNOTS( ( 4, 2, 2, 2, 2, 2, 2, 2, 2, 2, 2, 2, 2, 2, 2, 2, 4 ), ( 3, 3 ), ( 1.57079632679490, 1.66897109721958, 1.76714586764426, 1.86532063806894, 1.96349540849362, 2.06167017891830, 2.15984494934298, 2.25801971976766, 2.35619449019234, 2.45436926061703, 2.55254403104171, 2.65071880146639, 2.74889357189107, 2.84706834231575, 2.94524311274043, 3.04341788316511, 3.14159265358979 ), ( 0.000000000000000, 1.00000000000000 ), .UNSPECIFIED. )GEOMETRIC_REPRESENTATION_ITEM(  )RATIONAL_B_SPLINE_SURFACE( ( ( 1.00000000000000, 1.00000000000000, 1.00000000000000 ), ( 1.00000000000000, 1.00000045520025, 1.00000000000000 ), ( 1.00000000000000, 0.999509428705120, 1.00000000000000 ), ( 1.00000000000000, 0.997561694083171, 1.00000000000000 ), ( 1.00000000000000, 0.996104536320614, 1.00000000000000 ), ( 1.00000000000000, 0.992267201728960, 1.00000000000000 ), ( 1.00000000000000, 0.989887037643271, 1.00000000000000 ), ( 1.00000000000000, 0.984275995358895, 1.00000000000000 ), ( 1.00000000000000, 0.981045140471394, 1.00000000000000 ), ( 1.00000000000000, 0.973833187993164, 1.00000000000000 ), ( 1.00000000000000, 0.969852129719748, 1.00000000000000 ), ( 1.00000000000000, 0.961267436077792, 1.00000000000000 ), ( 1.00000000000000, 0.956663863797758, 1.00000000000000 ), ( 1.00000000000000, 0.946987425559671, 1.00000000000000 ), ( 1.00000000000000, 0.941914656616041, 1.00000000000000 ), ( 1.00000000000000, 0.931476276645543, 1.00000000000000 ), ( 1.00000000000000, 0.926110808593616, 1.00000000000000 ), ( 1.00000000000000, 0.915282991898085, 1.00000000000000 ), ( 1.00000000000000, 0.909820844522995, 1.00000000000000 ), ( 1.00000000000000, 0.899009901608839, 1.00000000000000 ), ( 1.00000000000000, 0.893661375102694, 1.00000000000000 ), ( 1.00000000000000, 0.883295018708462, 1.00000000000000 ), ( 1.00000000000000, 0.878277527305586, 1.00000000000000 ), ( 1.00000000000000, 0.868788435837325, 1.00000000000000 ), ( 1.00000000000000, 0.864317231649179, 1.00000000000000 ), ( 1.00000000000000, 0.856122531283009, 1.00000000000000 ), ( 1.00000000000000, 0.852399457716446, 1.00000000000000 ), ( 1.00000000000000, 0.845876896740107, 1.00000000000000 ), ( 1.00000000000000, 0.843077809143586, 1.00000000000000 ), ( 1.00000000000000, 0.838540485328813, 1.00000000000000 ), ( 1.00000000000000, 0.836802565202498, 1.00000000000000 ), ( 1.00000000000000, 0.834475145862803, 1.00000000000000 ), ( 1.00000000000000, 0.833884893053491, 1.00000000000000 ), ( 1.00000000000000, 0.833885822067168, 1.00000000000000 ) ) )REPRESENTATION_ITEM( '' )SURFACE(  ) );
#668 = SURFACE_STYLE_USAGE( .BOTH., #2058 );
#669 = FACE_OUTER_BOUND( '', #2059, .T. );
#670 = CYLINDRICAL_SURFACE( '', #2060, 1.00000000000000 );
#671 = SURFACE_STYLE_USAGE( .BOTH., #2061 );
#672 = FACE_OUTER_BOUND( '', #2062, .T. );
#673 = PLANE( '', #2063 );
#674 = SURFACE_STYLE_USAGE( .BOTH., #2064 );
#675 = FACE_OUTER_BOUND( '', #2065, .T. );
#676 = B_SPLINE_SURFACE_WITH_KNOTS( '', 3, 3, ( ( #2066, #2067, #2068, #2069 ), ( #2070, #2071, #2072, #2073 ), ( #2074, #2075, #2076, #2077 ), ( #2078, #2079, #2080, #2081 ), ( #2082, #2083, #2084, #2085 ) ), .UNSPECIFIED., .F., .F., .F., ( 4, 1, 4 ), ( 4, 4 ), ( 0.000000000000000, 0.500000000000000, 1.00000000000000 ), ( 0.000000000000000, 1.00000000000000 ), .UNSPECIFIED. );
#677 = SURFACE_STYLE_USAGE( .BOTH., #2086 );
#678 = FACE_OUTER_BOUND( '', #2087, .T. );
#679 = PLANE( '', #2088 );
#680 = SURFACE_STYLE_USAGE( .BOTH., #2089 );
#681 = FACE_OUTER_BOUND( '', #2090, .T. );
#682 = CONICAL_SURFACE( '', #2091, 2.50000000000000, 0.785398163397453 );
#683 = SURFACE_STYLE_USAGE( .BOTH., #2092 );
#684 = FACE_OUTER_BOUND( '', #2093, .T. );
#685 = CYLINDRICAL_SURFACE( '', #2094, 1.00000000000000 );
#686 = SURFACE_STYLE_USAGE( .BOTH., #2095 );
#687 = FACE_OUTER_BOUND( '', #2096, .T. );
#688 = PLANE( '', #2097 );
#689 = SURFACE_STYLE_USAGE( .BOTH., #2098 );
#690 = FACE_OUTER_BOUND( '', #2099, .T. );
#691 = PLANE( '', #2100 );
#692 = SURFACE_STYLE_USAGE( .BOTH., #2101 );
#693 = FACE_OUTER_BOUND( '', #2102, .T. );
#694 = PLANE( '', #2103 );
#695 = SURFACE_STYLE_USAGE( .BOTH., #2104 );
#696 = FACE_OUTER_BOUND( '', #2105, .T. );
#697 = PLANE( '', #2106 );
#698 = SURFACE_STYLE_USAGE( .BOTH., #2107 );
#699 = FACE_OUTER_BOUND( '', #2108, .T. );
#700 = PLANE( '', #2109 );
#701 = SURFACE_STYLE_USAGE( .BOTH., #2110 );
#702 = FACE_OUTER_BOUND( '', #2111, .T. );
#703 = PLANE( '', #2112 );
#704 = SURFACE_STYLE_USAGE( .BOTH., #2113 );
#705 = FACE_OUTER_BOUND( '', #2114, .T. );
#706 = CYLINDRICAL_SURFACE( '', #2115, 4.00000000000000 );
#707 = SURFACE_STYLE_USAGE( .BOTH., #2116 );
#708 = FACE_OUTER_BOUND( '', #2117, .T. );
#709 = CYLINDRICAL_SURFACE( '', #2118, 4.00000000000000 );
#710 = SURFACE_STYLE_USAGE( .BOTH., #2119 );
#711 = FACE_OUTER_BOUND( '', #2120, .T. );
#712 = ( BOUNDED_SURFACE(  )B_SPLINE_SURFACE( 3, 2, ( ( #2123, #2124, #2125, #2126, #2127, #2128, #2129, #2130, #2131, #2132, #2133, #2134, #2135, #2136, #2137, #2138, #2139, #2140, #2141, #2142, #2143, #2144, #2145, #2146, #2147, #2148, #2149, #2150, #2151 ), ( #2152, #2153, #2154, #2155, #2156, #2157, #2158, #2159, #2160, #2161, #2162, #2163, #2164, #2165, #2166, #2167, #2168, #2169, #2170, #2171, #2172, #2173, #2174, #2175, #2176, #2177, #2178, #2179, #2180 ), ( #2181, #2182, #2183, #2184, #2185, #2186, #2187, #2188, #2189, #2190, #2191, #2192, #2193, #2194, #2195, #2196, #2197, #2198, #2199, #2200, #2201, #2202, #2203, #2204, #2205, #2206, #2207, #2208, #2209 ), ( #2210, #2211, #2212, #2213, #2214, #2215, #2216, #2217, #2218, #2219, #2220, #2221, #2222, #2223, #2224, #2225, #2226, #2227, #2228, #2229, #2230, #2231, #2232, #2233, #2234, #2235, #2236, #2237, #2238 ) ), .UNSPECIFIED., .F., .F., .F. )B_SPLINE_SURFACE_WITH_KNOTS( ( 4, 4 ), ( 3, 2, 2, 2, 2, 2, 2, 2, 2, 2, 2, 2, 2, 2, 3 ), ( 0.000000000000000, 1.00000000000000 ), ( 0.000000000000000, 0.0714285714285714, 0.142857142857143, 0.214285714285715, 0.285714285714286, 0.357142857142857, 0.428571428571428, 0.500000000000000, 0.571428571428571, 0.642857142857143, 0.714285714285714, 0.785714285714286, 0.857142857142857, 0.928571428571429, 1.00000000000000 ), .UNSPECIFIED. )GEOMETRIC_REPRESENTATION_ITEM(  )RATIONAL_B_SPLINE_SURFACE( ( ( 1.00000000000000, 0.974927912181824, 1.00000000000000, 0.974927912181824, 1.00000000000000, 0.974927912181824, 1.00000000000000, 0.974927912181824, 1.00000000000000, 0.974927912181824, 1.00000000000000, 0.974927912181824, 1.00000000000000, 0.974927912181824, 1.00000000000000, 0.974927912181824, 1.00000000000000, 0.974927912181824, 1.00000000000000, 0.974927912181824, 1.00000000000000, 0.974927912181824, 1.00000000000000, 0.974927912181824, 1.00000000000000, 0.974927912181824, 1.00000000000000, 0.974927912181824, 1.00000000000000 ), ( 0.333333333333334, 0.324975970727275, 0.333333333333334, 0.324975970727275, 0.333333333333334, 0.324975970727275, 0.333333333333334, 0.324975970727275, 0.333333333333334, 0.324975970727275, 0.333333333333334, 0.324975970727275, 0.333333333333334, 0.324975970727275, 0.333333333333334, 0.324975970727275, 0.333333333333334, 0.324975970727275, 0.333333333333334, 0.324975970727275, 0.333333333333334, 0.324975970727275, 0.333333333333334, 0.324975970727275, 0.333333333333334, 0.324975970727275, 0.333333333333334, 0.324975970727275, 0.333333333333334 ), ( 0.333333333333334, 0.324975970727275, 0.333333333333334, 0.324975970727275, 0.333333333333334, 0.324975970727275, 0.333333333333334, 0.324975970727275, 0.333333333333334, 0.324975970727275, 0.333333333333334, 0.324975970727275, 0.333333333333334, 0.324975970727275, 0.333333333333334, 0.324975970727275, 0.333333333333334, 0.324975970727275, 0.333333333333334, 0.324975970727275, 0.333333333333334, 0.324975970727275, 0.333333333333334, 0.324975970727275, 0.333333333333334, 0.324975970727275, 0.333333333333334, 0.324975970727275, 0.333333333333334 ), ( 1.00000000000000, 0.974927912181824, 1.00000000000000, 0.974927912181824, 1.00000000000000, 0.974927912181824, 1.00000000000000, 0.974927912181824, 1.00000000000000, 0.974927912181824, 1.00000000000000, 0.974927912181824, 1.00000000000000, 0.974927912181824, 1.00000000000000, 0.974927912181824, 1.00000000000000, 0.974927912181824, 1.00000000000000, 0.974927912181824, 1.00000000000000, 0.974927912181824, 1.00000000000000, 0.974927912181824, 1.00000000000000, 0.974927912181824, 1.00000000000000, 0.974927912181824, 1.00000000000000 ) ) )REPRESENTATION_ITEM( '' )SURFACE(  ) );
#713 = SURFACE_STYLE_USAGE( .BOTH., #2244 );
#714 = FACE_OUTER_BOUND( '', #2245, .T. );
#715 = SPHERICAL_SURFACE( '', #2246, 4.00000000000000 );
#716 = SURFACE_STYLE_USAGE( .BOTH., #2247 );
#717 = FACE_OUTER_BOUND( '', #2248, .T. );
#718 = PLANE( '', #2249 );
#719 = SURFACE_STYLE_USAGE( .BOTH., #2250 );
#720 = FACE_OUTER_BOUND( '', #2251, .T. );
#721 = CYLINDRICAL_SURFACE( '', #2252, 5.25000000000000 );
#722 = SURFACE_STYLE_USAGE( .BOTH., #2253 );
#723 = FACE_OUTER_BOUND( '', #2254, .T. );
#724 = FACE_OUTER_BOUND( '', #2255, .T. );
#725 = CYLINDRICAL_SURFACE( '', #2256, 1.00000000000000 );
#726 = SURFACE_STYLE_USAGE( .BOTH., #2257 );
#727 = FACE_OUTER_BOUND( '', #2258, .T. );
#728 = CYLINDRICAL_SURFACE( '', #2259, 3.75000000000000 );
#729 = SURFACE_STYLE_USAGE( .BOTH., #2260 );
#730 = FACE_OUTER_BOUND( '', #2261, .T. );
#731 = CYLINDRICAL_SURFACE( '', #2262, 2.00000000000000 );
#732 = SURFACE_STYLE_USAGE( .BOTH., #2263 );
#733 = FACE_OUTER_BOUND( '', #2264, .T. );
#734 = PLANE( '', #2265 );
#735 = SURFACE_STYLE_USAGE( .BOTH., #2266 );
#736 = FACE_OUTER_BOUND( '', #2267, .T. );
#737 = CYLINDRICAL_SURFACE( '', #2268, 1.75000000000000 );
#738 = SURFACE_STYLE_USAGE( .BOTH., #2269 );
#739 = FACE_OUTER_BOUND( '', #2270, .T. );
#740 = CYLINDRICAL_SURFACE( '', #2271, 4.00000000000000 );
#741 = SURFACE_STYLE_USAGE( .BOTH., #2272 );
#742 = FACE_OUTER_BOUND( '', #2273, .T. );
#743 = CYLINDRICAL_SURFACE( '', #2274, 1.00000000000000 );
#744 = SURFACE_STYLE_USAGE( .BOTH., #2275 );
#745 = FACE_OUTER_BOUND( '', #2276, .T. );
#746 = PLANE( '', #2277 );
#747 = SURFACE_STYLE_USAGE( .BOTH., #2278 );
#748 = FACE_OUTER_BOUND( '', #2279, .T. );
#749 = CYLINDRICAL_SURFACE( '', #2280, 1.00000000000000 );
#750 = SURFACE_STYLE_USAGE( .BOTH., #2281 );
#751 = FACE_OUTER_BOUND( '', #2282, .T. );
#752 = PLANE( '', #2283 );
#753 = SURFACE_STYLE_USAGE( .BOTH., #2284 );
#754 = FACE_OUTER_BOUND( '', #2285, .T. );
#755 = CYLINDRICAL_SURFACE( '', #2286, 1.00000000000000 );
#756 = SURFACE_STYLE_USAGE( .BOTH., #2287 );
#757 = FACE_OUTER_BOUND( '', #2288, .T. );
#758 = FACE_OUTER_BOUND( '', #2289, .T. );
#759 = CYLINDRICAL_SURFACE( '', #2290, 5.00000000000000 );
#760 = SURFACE_STYLE_USAGE( .BOTH., #2291 );
#761 = FACE_OUTER_BOUND( '', #2292, .T. );
#762 = PLANE( '', #2293 );
#763 = SURFACE_STYLE_USAGE( .BOTH., #2294 );
#764 = FACE_OUTER_BOUND( '', #2295, .T. );
#765 = PLANE( '', #2296 );
#766 = SURFACE_STYLE_USAGE( .BOTH., #2297 );
#767 = FACE_OUTER_BOUND( '', #2298, .T. );
#768 = PLANE( '', #2299 );
#769 = SURFACE_STYLE_USAGE( .BOTH., #2300 );
#770 = FACE_OUTER_BOUND( '', #2301, .T. );
#771 = PLANE( '', #2302 );
#772 = SURFACE_STYLE_USAGE( .BOTH., #2303 );
#773 = FACE_OUTER_BOUND( '', #2304, .T. );
#774 = PLANE( '', #2305 );
#775 = SURFACE_STYLE_USAGE( .BOTH., #2306 );
#776 = FACE_OUTER_BOUND( '', #2307, .T. );
#777 = PLANE( '', #2308 );
#778 = SURFACE_STYLE_USAGE( .BOTH., #2309 );
#779 = FACE_OUTER_BOUND( '', #2310, .T. );
#780 = PLANE( '', #2311 );
#781 = SURFACE_STYLE_USAGE( .BOTH., #2312 );
#782 = FACE_OUTER_BOUND( '', #2313, .T. );
#783 = CONICAL_SURFACE( '', #2314, 2.50000000000000, 0.785398163397442 );
#784 = SURFACE_STYLE_USAGE( .BOTH., #2315 );
#785 = FACE_OUTER_BOUND( '', #2316, .T. );
#786 = PLANE( '', #2317 );
#787 = SURFACE_STYLE_USAGE( .BOTH., #2318 );
#788 = FACE_OUTER_BOUND( '', #2319, .T. );
#789 = CYLINDRICAL_SURFACE( '', #2320, 1.00000000000000 );
#790 = SURFACE_STYLE_USAGE( .BOTH., #2321 );
#791 = FACE_OUTER_BOUND( '', #2322, .T. );
#792 = FACE_BOUND( '', #2323, .T. );
#793 = PLANE( '', #2324 );
#794 = SURFACE_STYLE_USAGE( .BOTH., #2325 );
#795 = FACE_OUTER_BOUND( '', #2326, .T. );
#796 = CYLINDRICAL_SURFACE( '', #2327, 1.00000000000000 );
#797 = SURFACE_STYLE_USAGE( .BOTH., #2328 );
#798 = FACE_OUTER_BOUND( '', #2329, .T. );
#799 = ( BOUNDED_SURFACE(  )B_SPLINE_SURFACE( 1, 2, ( ( #2332, #2333, #2334, #2335, #2336, #2337, #2338, #2339, #2340, #2341, #2342, #2343, #2344, #2345, #2346, #2347, #2348, #2349, #2350, #2351, #2352, #2353, #2354, #2355, #2356, #2357, #2358, #2359, #2360, #2361, #2362, #2363, #2364, #2365, #2366, #2367, #2368, #2369, #2370, #2371, #2372, #2373, #2374, #2375, #2376, #2377, #2378, #2379, #2380, #2381, #2382, #2383, #2384, #2385, #2386, #2387, #2388, #2389, #2390, #2391, #2392, #2393, #2394, #2395, #2396, #2397, #2398, #2399, #2400, #2401, #2402, #2403, #2404, #2405, #2406, #2407, #2408, #2409, #2410, #2411, #2412, #2413, #2414, #2415, #2416, #2417, #2418, #2419, #2420, #2421, #2422, #2423, #2424, #2425, #2426, #2427, #2428, #2429, #2430, #2431, #2432, #2433, #2434, #2435, #2436, #2437, #2438, #2439, #2440, #2441, #2442, #2443, #2444, #2445, #2446, #2447, #2448, #2449, #2450, #2451, #2452, #2453, #2454, #2455, #2456, #2457, #2458, #2459, #2460, #2461, #2462, #2463, #2464, #2465, #2466, #2467, #2468, #2469, #2470, #2471, #2472 ), ( #2473, #2474, #2475, #2476, #2477, #2478, #2479, #2480, #2481, #2482, #2483, #2484, #2485, #2486, #2487, #2488, #2489, #2490, #2491, #2492, #2493, #2494, #2495, #2496, #2497, #2498, #2499, #2500, #2501, #2502, #2503, #2504, #2505, #2506, #2507, #2508, #2509, #2510, #2511, #2512, #2513, #2514, #2515, #2516, #2517, #2518, #2519, #2520, #2521, #2522, #2523, #2524, #2525, #2526, #2527, #2528, #2529, #2530, #2531, #2532, #2533, #2534, #2535, #2536, #2537, #2538, #2539, #2540, #2541, #2542, #2543, #2544, #2545, #2546, #2547, #2548, #2549, #2550, #2551, #2552, #2553, #2554, #2555, #2556, #2557, #2558, #2559, #2560, #2561, #2562, #2563, #2564, #2565, #2566, #2567, #2568, #2569, #2570, #2571, #2572, #2573, #2574, #2575, #2576, #2577, #2578, #2579, #2580, #2581, #2582, #2583, #2584, #2585, #2586, #2587, #2588, #2589, #2590, #2591, #2592, #2593, #2594, #2595, #2596, #2597, #2598, #2599, #2600, #2601, #2602, #2603, #2604, #2605, #2606, #2607, #2608, #2609, #2610, #2611, #2612, #2613 ) ), .UNSPECIFIED., .F., .F., .F. )B_SPLINE_SURFACE_WITH_KNOTS( ( 2, 2 ), ( 3, 2, 2, 2, 2, 2, 2, 2, 2, 2, 2, 2, 2, 2, 2, 2, 2, 2, 2, 2, 2, 2, 2, 2, 2, 2, 2, 2, 2, 2, 2, 2, 2, 2, 2, 2, 2, 2, 2, 2, 2, 2, 2, 2, 2, 2, 2, 2, 2, 2, 2, 2, 2, 2, 2, 2, 2, 2, 2, 2, 2, 2, 2, 2, 2, 2, 2, 2, 2, 2, 3 ), ( 0.000000000000000, 1.00000000000000 ), ( 0.000000000000000, 0.0142857142857143, 0.0285714285714286, 0.0428571428571429, 0.0571428571428571, 0.0714285714285714, 0.0857142857142857, 0.100000000000000, 0.114285714285714, 0.128571428571429, 0.142857142857143, 0.157142857142857, 0.171428571428572, 0.185714285714286, 0.200000000000000, 0.214285714285715, 0.228571428571428, 0.242857142857143, 0.257142857142857, 0.271428571428572, 0.285714285714286, 0.300000000000000, 0.314285714285715, 0.328571428571429, 0.342857142857143, 0.357142857142857, 0.371428571428572, 0.385714285714286, 0.400000000000000, 0.414285714285715, 0.428571428571428, 0.442857142857143, 0.457142857142857, 0.471428571428571, 0.485714285714286, 0.500000000000000, 0.514285714285714, 0.528571428571429, 0.542857142857143, 0.557142857142857, 0.571428571428571, 0.585714285714286, 0.600000000000000, 0.614285714285714, 0.628571428571429, 0.642857142857143, 0.657142857142857, 0.671428571428571, 0.685714285714286, 0.700000000000000, 0.714285714285714, 0.728571428571429, 0.742857142857143, 0.757142857142857, 0.771428571428572, 0.785714285714286, 0.800000000000000, 0.814285714285714, 0.828571428571429, 0.842857142857143, 0.857142857142857, 0.871428571428571, 0.885714285714286, 0.900000000000000, 0.914285714285714, 0.928571428571429, 0.942857142857143, 0.957142857142857, 0.971428571428571, 0.985714285714286, 1.00000000000000 ), .UNSPECIFIED. )GEOMETRIC_REPRESENTATION_ITEM(  )RATIONAL_B_SPLINE_SURFACE( ( ( 1.00000000000000, 0.974927912181824, 1.00000000000000, 0.974927912181824, 1.00000000000000, 0.974927912181824, 1.00000000000000, 0.974927912181824, 1.00000000000000, 0.974927912181824, 1.00000000000000, 0.974927912181824, 1.00000000000000, 0.974927912181824, 1.00000000000000, 0.974927912181824, 1.00000000000000, 0.974927912181824, 1.00000000000000, 0.974927912181824, 1.00000000000000, 0.974927912181824, 1.00000000000000, 0.974927912181824, 1.00000000000000, 0.974927912181824, 1.00000000000000, 0.974927912181824, 1.00000000000000, 0.974927912181824, 1.00000000000000, 0.974927912181824, 1.00000000000000, 0.974927912181824, 1.00000000000000, 0.974927912181824, 1.00000000000000, 0.974927912181824, 1.00000000000000, 0.974927912181824, 1.00000000000000, 0.974927912181824, 1.00000000000000, 0.974927912181824, 1.00000000000000, 0.974927912181824, 1.00000000000000, 0.974927912181824, 1.00000000000000, 0.974927912181824, 1.00000000000000, 0.974927912181824, 1.00000000000000, 0.974927912181824, 1.00000000000000, 0.974927912181824, 1.00000000000000, 0.974927912181824, 1.00000000000000, 0.974927912181824, 1.00000000000000, 0.974927912181824, 1.00000000000000, 0.974927912181824, 1.00000000000000, 0.974927912181824, 1.00000000000000, 0.974927912181824, 1.00000000000000, 0.974927912181824, 1.00000000000000, 0.974927912181824, 1.00000000000000, 0.974927912181824, 1.00000000000000, 0.974927912181824, 1.00000000000000, 0.974927912181824, 1.00000000000000, 0.974927912181824, 1.00000000000000, 0.974927912181824, 1.00000000000000, 0.974927912181824, 1.00000000000000, 0.974927912181824, 1.00000000000000, 0.974927912181824, 1.00000000000000, 0.974927912181824, 1.00000000000000, 0.974927912181824, 1.00000000000000, 0.974927912181824, 1.00000000000000, 0.974927912181824, 1.00000000000000, 0.974927912181824, 1.00000000000000, 0.974927912181824, 1.00000000000000, 0.974927912181824, 1.00000000000000, 0.974927912181824, 1.00000000000000, 0.974927912181824, 1.00000000000000, 0.974927912181824, 1.00000000000000, 0.974927912181824, 1.00000000000000, 0.974927912181824, 1.00000000000000, 0.974927912181824, 1.00000000000000, 0.974927912181824, 1.00000000000000, 0.974927912181824, 1.00000000000000, 0.974927912181824, 1.00000000000000, 0.974927912181824, 1.00000000000000, 0.974927912181824, 1.00000000000000, 0.974927912181824, 1.00000000000000, 0.974927912181824, 1.00000000000000, 0.974927912181824, 1.00000000000000, 0.974927912181824, 1.00000000000000, 0.974927912181824, 1.00000000000000, 0.974927912181824, 1.00000000000000, 0.974927912181824, 1.00000000000000, 0.974927912181824, 1.00000000000000 ), ( 1.00000000000000, 0.974927912181824, 1.00000000000000, 0.974927912181824, 1.00000000000000, 0.974927912181824, 1.00000000000000, 0.974927912181824, 1.00000000000000, 0.974927912181824, 1.00000000000000, 0.974927912181824, 1.00000000000000, 0.974927912181824, 1.00000000000000, 0.974927912181824, 1.00000000000000, 0.974927912181824, 1.00000000000000, 0.974927912181824, 1.00000000000000, 0.974927912181824, 1.00000000000000, 0.974927912181824, 1.00000000000000, 0.974927912181824, 1.00000000000000, 0.974927912181824, 1.00000000000000, 0.974927912181824, 1.00000000000000, 0.974927912181824, 1.00000000000000, 0.974927912181824, 1.00000000000000, 0.974927912181824, 1.00000000000000, 0.974927912181824, 1.00000000000000, 0.974927912181824, 1.00000000000000, 0.974927912181824, 1.00000000000000, 0.974927912181824, 1.00000000000000, 0.974927912181824, 1.00000000000000, 0.974927912181824, 1.00000000000000, 0.974927912181824, 1.00000000000000, 0.974927912181824, 1.00000000000000, 0.974927912181824, 1.00000000000000, 0.974927912181824, 1.00000000000000, 0.974927912181824, 1.00000000000000, 0.974927912181824, 1.00000000000000, 0.974927912181824, 1.00000000000000, 0.974927912181824, 1.00000000000000, 0.974927912181824, 1.00000000000000, 0.974927912181824, 1.00000000000000, 0.974927912181824, 1.00000000000000, 0.974927912181824, 1.00000000000000, 0.974927912181824, 1.00000000000000, 0.974927912181824, 1.00000000000000, 0.974927912181824, 1.00000000000000, 0.974927912181824, 1.00000000000000, 0.974927912181824, 1.00000000000000, 0.974927912181824, 1.00000000000000, 0.974927912181824, 1.00000000000000, 0.974927912181824, 1.00000000000000, 0.974927912181824, 1.00000000000000, 0.974927912181824, 1.00000000000000, 0.974927912181824, 1.00000000000000, 0.974927912181824, 1.00000000000000, 0.974927912181824, 1.00000000000000, 0.974927912181824, 1.00000000000000, 0.974927912181824, 1.00000000000000, 0.974927912181824, 1.00000000000000, 0.974927912181824, 1.00000000000000, 0.974927912181824, 1.00000000000000, 0.974927912181824, 1.00000000000000, 0.974927912181824, 1.00000000000000, 0.974927912181824, 1.00000000000000, 0.974927912181824, 1.00000000000000, 0.974927912181824, 1.00000000000000, 0.974927912181824, 1.00000000000000, 0.974927912181824, 1.00000000000000, 0.974927912181824, 1.00000000000000, 0.974927912181824, 1.00000000000000, 0.974927912181824, 1.00000000000000, 0.974927912181824, 1.00000000000000, 0.974927912181824, 1.00000000000000, 0.974927912181824, 1.00000000000000, 0.974927912181824, 1.00000000000000, 0.974927912181824, 1.00000000000000, 0.974927912181824, 1.00000000000000 ) ) )REPRESENTATION_ITEM( '' )SURFACE(  ) );
#800 = SURFACE_STYLE_USAGE( .BOTH., #2619 );
#801 = FACE_OUTER_BOUND( '', #2620, .T. );
#802 = CYLINDRICAL_SURFACE( '', #2621, 4.00000000000000 );
#803 = SURFACE_STYLE_USAGE( .BOTH., #2622 );
#804 = FACE_OUTER_BOUND( '', #2623, .T. );
#805 = ( BOUNDED_SURFACE(  )B_SPLINE_SURFACE( 3, 2, ( ( #2626, #2627, #2628 ), ( #2629, #2630, #2631 ), ( #2632, #2633, #2634 ), ( #2635, #2636, #2637 ), ( #2638, #2639, #2640 ), ( #2641, #2642, #2643 ), ( #2644, #2645, #2646 ), ( #2647, #2648, #2649 ), ( #2650, #2651, #2652 ), ( #2653, #2654, #2655 ), ( #2656, #2657, #2658 ), ( #2659, #2660, #2661 ), ( #2662, #2663, #2664 ), ( #2665, #2666, #2667 ), ( #2668, #2669, #2670 ), ( #2671, #2672, #2673 ), ( #2674, #2675, #2676 ), ( #2677, #2678, #2679 ), ( #2680, #2681, #2682 ), ( #2683, #2684, #2685 ), ( #2686, #2687, #2688 ), ( #2689, #2690, #2691 ), ( #2692, #2693, #2694 ), ( #2695, #2696, #2697 ), ( #2698, #2699, #2700 ), ( #2701, #2702, #2703 ), ( #2704, #2705, #2706 ), ( #2707, #2708, #2709 ), ( #2710, #2711, #2712 ), ( #2713, #2714, #2715 ), ( #2716, #2717, #2718 ), ( #2719, #2720, #2721 ), ( #2722, #2723, #2724 ), ( #2725, #2726, #2727 ) ), .UNSPECIFIED., .F., .F., .F. )B_SPLINE_SURFACE_WITH_KNOTS( ( 4, 2, 2, 2, 2, 2, 2, 2, 2, 2, 2, 2, 2, 2, 2, 2, 4 ), ( 3, 3 ), ( 1.57079632679490, 1.66897109721958, 1.76714586764426, 1.86532063806894, 1.96349540849362, 2.06167017891830, 2.15984494934298, 2.25801971976766, 2.35619449019234, 2.45436926061703, 2.55254403104171, 2.65071880146639, 2.74889357189107, 2.84706834231575, 2.94524311274043, 3.04341788316511, 3.14159265358979 ), ( 0.000000000000000, 1.00000000000000 ), .UNSPECIFIED. )GEOMETRIC_REPRESENTATION_ITEM(  )RATIONAL_B_SPLINE_SURFACE( ( ( 1.00000000000000, 1.00000000000000, 1.00000000000000 ), ( 1.00000000000000, 1.00000045520025, 1.00000000000000 ), ( 1.00000000000000, 0.999509428705120, 1.00000000000000 ), ( 1.00000000000000, 0.997561694083171, 1.00000000000000 ), ( 1.00000000000000, 0.996104536320610, 1.00000000000000 ), ( 1.00000000000000, 0.992267201728964, 1.00000000000000 ), ( 1.00000000000000, 0.989887037643297, 1.00000000000000 ), ( 1.00000000000000, 0.984275995358869, 1.00000000000000 ), ( 1.00000000000000, 0.981045140471437, 1.00000000000000 ), ( 1.00000000000000, 0.973833187993122, 1.00000000000000 ), ( 1.00000000000000, 0.969852129719711, 1.00000000000000 ), ( 1.00000000000000, 0.961267436077831, 1.00000000000000 ), ( 1.00000000000000, 0.956663863797813, 1.00000000000000 ), ( 1.00000000000000, 0.946987425559618, 1.00000000000000 ), ( 1.00000000000000, 0.941914656616085, 1.00000000000000 ), ( 1.00000000000000, 0.931476276645498, 1.00000000000000 ), ( 1.00000000000000, 0.926110808593529, 1.00000000000000 ), ( 1.00000000000000, 0.915282991898175, 1.00000000000000 ), ( 1.00000000000000, 0.909820844523055, 1.00000000000000 ), ( 1.00000000000000, 0.899009901608780, 1.00000000000000 ), ( 1.00000000000000, 0.893661375102802, 1.00000000000000 ), ( 1.00000000000000, 0.883295018708354, 1.00000000000000 ), ( 1.00000000000000, 0.878277527305419, 1.00000000000000 ), ( 1.00000000000000, 0.868788435837493, 1.00000000000000 ), ( 1.00000000000000, 0.864317231649231, 1.00000000000000 ), ( 1.00000000000000, 0.856122531282963, 1.00000000000000 ), ( 1.00000000000000, 0.852399457716329, 1.00000000000000 ), ( 1.00000000000000, 0.845876896740234, 1.00000000000000 ), ( 1.00000000000000, 0.843077809143658, 1.00000000000000 ), ( 1.00000000000000, 0.838540485328752, 1.00000000000000 ), ( 1.00000000000000, 0.836802565202362, 1.00000000000000 ), ( 1.00000000000000, 0.834475145862943, 1.00000000000000 ), ( 1.00000000000000, 0.833884893053392, 1.00000000000000 ), ( 1.00000000000000, 0.833885822067172, 1.00000000000000 ) ) )REPRESENTATION_ITEM( '' )SURFACE(  ) );
#806 = SURFACE_STYLE_USAGE( .BOTH., #2733 );
#807 = FACE_OUTER_BOUND( '', #2734, .T. );
#808 = PLANE( '', #2735 );
#809 = SURFACE_STYLE_USAGE( .BOTH., #2736 );
#810 = FACE_OUTER_BOUND( '', #2737, .T. );
#811 = CYLINDRICAL_SURFACE( '', #2738, 1.00000000000000 );
#812 = SURFACE_STYLE_USAGE( .BOTH., #2739 );
#813 = FACE_OUTER_BOUND( '', #2740, .T. );
#814 = PLANE( '', #2741 );
#815 = SURFACE_STYLE_USAGE( .BOTH., #2742 );
#816 = FACE_OUTER_BOUND( '', #2743, .T. );
#817 = CYLINDRICAL_SURFACE( '', #2744, 1.75000000000000 );
#818 = SURFACE_STYLE_USAGE( .BOTH., #2745 );
#819 = FACE_OUTER_BOUND( '', #2746, .T. );
#820 = PLANE( '', #2747 );
#821 = SURFACE_STYLE_USAGE( .BOTH., #2748 );
#822 = FACE_OUTER_BOUND( '', #2749, .T. );
#823 = SPHERICAL_SURFACE( '', #2750, 4.00000000000000 );
#824 = SURFACE_STYLE_USAGE( .BOTH., #2751 );
#825 = FACE_OUTER_BOUND( '', #2752, .T. );
#826 = ( BOUNDED_SURFACE(  )B_SPLINE_SURFACE( 1, 2, ( ( #2755, #2756, #2757, #2758, #2759, #2760, #2761, #2762, #2763, #2764, #2765, #2766, #2767, #2768, #2769, #2770, #2771, #2772, #2773, #2774, #2775, #2776, #2777, #2778, #2779, #2780, #2781, #2782, #2783 ), ( #2784, #2785, #2786, #2787, #2788, #2789, #2790, #2791, #2792, #2793, #2794, #2795, #2796, #2797, #2798, #2799, #2800, #2801, #2802, #2803, #2804, #2805, #2806, #2807, #2808, #2809, #2810, #2811, #2812 ) ), .UNSPECIFIED., .F., .F., .F. )B_SPLINE_SURFACE_WITH_KNOTS( ( 2, 2 ), ( 3, 2, 2, 2, 2, 2, 2, 2, 2, 2, 2, 2, 2, 2, 3 ), ( 0.000000000000000, 1.00000000000000 ), ( 0.000000000000000, 0.0714285714285714, 0.142857142857143, 0.214285714285715, 0.285714285714286, 0.357142857142857, 0.428571428571428, 0.500000000000000, 0.571428571428571, 0.642857142857143, 0.714285714285714, 0.785714285714286, 0.857142857142857, 0.928571428571429, 1.00000000000000 ), .UNSPECIFIED. )GEOMETRIC_REPRESENTATION_ITEM(  )RATIONAL_B_SPLINE_SURFACE( ( ( 1.00000000000000, 0.974927912181824, 1.00000000000000, 0.974927912181824, 1.00000000000000, 0.974927912181824, 1.00000000000000, 0.974927912181824, 1.00000000000000, 0.974927912181824, 1.00000000000000, 0.974927912181824, 1.00000000000000, 0.974927912181824, 1.00000000000000, 0.974927912181824, 1.00000000000000, 0.974927912181824, 1.00000000000000, 0.974927912181824, 1.00000000000000, 0.974927912181824, 1.00000000000000, 0.974927912181824, 1.00000000000000, 0.974927912181824, 1.00000000000000, 0.974927912181824, 1.00000000000000 ), ( 1.00000000000000, 0.974927912181824, 1.00000000000000, 0.974927912181824, 1.00000000000000, 0.974927912181824, 1.00000000000000, 0.974927912181824, 1.00000000000000, 0.974927912181824, 1.00000000000000, 0.974927912181824, 1.00000000000000, 0.974927912181824, 1.00000000000000, 0.974927912181824, 1.00000000000000, 0.974927912181824, 1.00000000000000, 0.974927912181824, 1.00000000000000, 0.974927912181824, 1.00000000000000, 0.974927912181824, 1.00000000000000, 0.974927912181824, 1.00000000000000, 0.974927912181824, 1.00000000000000 ) ) )REPRESENTATION_ITEM( '' )SURFACE(  ) );
#827 = SURFACE_STYLE_USAGE( .BOTH., #2818 );
#828 = FACE_OUTER_BOUND( '', #2819, .T. );
#829 = PLANE( '', #2820 );
#830 = SURFACE_STYLE_USAGE( .BOTH., #2821 );
#831 = FACE_OUTER_BOUND( '', #2822, .T. );
#832 = FACE_OUTER_BOUND( '', #2823, .T. );
#833 = CYLINDRICAL_SURFACE( '', #2824, 1.90000000000000 );
#834 = SURFACE_STYLE_USAGE( .BOTH., #2825 );
#835 = FACE_OUTER_BOUND( '', #2826, .T. );
#836 = PLANE( '', #2827 );
#837 = SURFACE_STYLE_USAGE( .BOTH., #2828 );
#838 = FACE_OUTER_BOUND( '', #2829, .T. );
#839 = FACE_BOUND( '', #2830, .T. );
#840 = PLANE( '', #2831 );
#841 = SURFACE_STYLE_USAGE( .BOTH., #2832 );
#842 = FACE_OUTER_BOUND( '', #2833, .T. );
#843 = PLANE( '', #2834 );
#844 = SURFACE_STYLE_USAGE( .BOTH., #2835 );
#845 = FACE_OUTER_BOUND( '', #2836, .T. );
#846 = CYLINDRICAL_SURFACE( '', #2837, 1.00000000000000 );
#847 = SURFACE_STYLE_USAGE( .BOTH., #2838 );
#848 = FACE_OUTER_BOUND( '', #2839, .T. );
#849 = PLANE( '', #2840 );
#850 = SURFACE_STYLE_USAGE( .BOTH., #2841 );
#851 = FACE_OUTER_BOUND( '', #2842, .T. );
#852 = PLANE( '', #2843 );
#853 = SURFACE_STYLE_USAGE( .BOTH., #2844 );
#854 = FACE_OUTER_BOUND( '', #2845, .T. );
#855 = FACE_OUTER_BOUND( '', #2846, .T. );
#856 = TOROIDAL_SURFACE( '', #2847, 3.45000000000000, 0.300000000000000 );
#857 = SURFACE_STYLE_USAGE( .BOTH., #2848 );
#858 = FACE_OUTER_BOUND( '', #2849, .T. );
#859 = B_SPLINE_SURFACE_WITH_KNOTS( '', 3, 3, ( ( #2850, #2851, #2852, #2853 ), ( #2854, #2855, #2856, #2857 ), ( #2858, #2859, #2860, #2861 ), ( #2862, #2863, #2864, #2865 ), ( #2866, #2867, #2868, #2869 ) ), .UNSPECIFIED., .F., .F., .F., ( 4, 1, 4 ), ( 4, 4 ), ( 0.000000000000000, 0.500000000000000, 1.00000000000000 ), ( 0.000000000000000, 1.00000000000000 ), .UNSPECIFIED. );
#860 = SURFACE_STYLE_USAGE( .BOTH., #2870 );
#861 = FACE_OUTER_BOUND( '', #2871, .T. );
#862 = CONICAL_SURFACE( '', #2872, 2.50000000000000, 0.785398163397442 );
#863 = SURFACE_STYLE_USAGE( .BOTH., #2873 );
#864 = FACE_OUTER_BOUND( '', #2874, .T. );
#865 = CYLINDRICAL_SURFACE( '', #2875, 1.00000000000000 );
#866 = SURFACE_STYLE_USAGE( .BOTH., #2876 );
#867 = FACE_OUTER_BOUND( '', #2877, .T. );
#868 = CYLINDRICAL_SURFACE( '', #2878, 4.00000000000000 );
#869 = SURFACE_STYLE_USAGE( .BOTH., #2879 );
#870 = FACE_OUTER_BOUND( '', #2880, .T. );
#871 = PLANE( '', #2881 );
#872 = SURFACE_STYLE_USAGE( .BOTH., #2882 );
#873 = FACE_OUTER_BOUND( '', #2883, .T. );
#874 = CYLINDRICAL_SURFACE( '', #2884, 4.00000000000000 );
#875 = SURFACE_STYLE_USAGE( .BOTH., #2885 );
#876 = FACE_OUTER_BOUND( '', #2886, .T. );
#877 = FACE_OUTER_BOUND( '', #2887, .T. );
#878 = CYLINDRICAL_SURFACE( '', #2888, 1.90000000000000 );
#879 = SURFACE_STYLE_USAGE( .BOTH., #2889 );
#880 = FACE_OUTER_BOUND( '', #2890, .T. );
#881 = PLANE( '', #2891 );
#882 = SURFACE_STYLE_USAGE( .BOTH., #2892 );
#883 = FACE_OUTER_BOUND( '', #2893, .T. );
#884 = PLANE( '', #2894 );
#885 = SURFACE_STYLE_USAGE( .BOTH., #2895 );
#886 = FACE_OUTER_BOUND( '', #2896, .T. );
#887 = CYLINDRICAL_SURFACE( '', #2897, 2.00000000000000 );
#888 = SURFACE_STYLE_USAGE( .BOTH., #2898 );
#889 = FACE_OUTER_BOUND( '', #2899, .T. );
#890 = TOROIDAL_SURFACE( '', #2900, 2.00000000000000, 1.00000000000000 );
#891 = SURFACE_STYLE_USAGE( .BOTH., #2901 );
#892 = FACE_OUTER_BOUND( '', #2902, .T. );
#893 = PLANE( '', #2903 );
#894 = SURFACE_STYLE_USAGE( .BOTH., #2904 );
#895 = FACE_OUTER_BOUND( '', #2905, .T. );
#896 = PLANE( '', #2906 );
#897 = SURFACE_STYLE_USAGE( .BOTH., #2907 );
#898 = FACE_OUTER_BOUND( '', #2908, .T. );
#899 = TOROIDAL_SURFACE( '', #2909, 2.00000000000000, 1.00000000000000 );
#900 = SURFACE_STYLE_USAGE( .BOTH., #2910 );
#901 = FACE_OUTER_BOUND( '', #2911, .T. );
#902 = ( BOUNDED_SURFACE(  )B_SPLINE_SURFACE( 1, 2, ( ( #2914, #2915, #2916, #2917, #2918, #2919, #2920, #2921, #2922, #2923, #2924, #2925, #2926, #2927, #2928, #2929, #2930, #2931, #2932, #2933, #2934, #2935, #2936, #2937, #2938, #2939, #2940, #2941, #2942 ), ( #2943, #2944, #2945, #2946, #2947, #2948, #2949, #2950, #2951, #2952, #2953, #2954, #2955, #2956, #2957, #2958, #2959, #2960, #2961, #2962, #2963, #2964, #2965, #2966, #2967, #2968, #2969, #2970, #2971 ) ), .UNSPECIFIED., .F., .F., .F. )B_SPLINE_SURFACE_WITH_KNOTS( ( 2, 2 ), ( 3, 2, 2, 2, 2, 2, 2, 2, 2, 2, 2, 2, 2, 2, 3 ), ( 0.000000000000000, 1.00000000000000 ), ( 0.000000000000000, 0.0714285714285714, 0.142857142857143, 0.214285714285715, 0.285714285714286, 0.357142857142857, 0.428571428571428, 0.500000000000000, 0.571428571428571, 0.642857142857143, 0.714285714285714, 0.785714285714286, 0.857142857142857, 0.928571428571429, 1.00000000000000 ), .UNSPECIFIED. )GEOMETRIC_REPRESENTATION_ITEM(  )RATIONAL_B_SPLINE_SURFACE( ( ( 1.00000000000000, 0.974927912181824, 1.00000000000000, 0.974927912181824, 1.00000000000000, 0.974927912181824, 1.00000000000000, 0.974927912181824, 1.00000000000000, 0.974927912181824, 1.00000000000000, 0.974927912181824, 1.00000000000000, 0.974927912181824, 1.00000000000000, 0.974927912181824, 1.00000000000000, 0.974927912181824, 1.00000000000000, 0.974927912181824, 1.00000000000000, 0.974927912181824, 1.00000000000000, 0.974927912181824, 1.00000000000000, 0.974927912181824, 1.00000000000000, 0.974927912181824, 1.00000000000000 ), ( 1.00000000000000, 0.974927912181824, 1.00000000000000, 0.974927912181824, 1.00000000000000, 0.974927912181824, 1.00000000000000, 0.974927912181824, 1.00000000000000, 0.974927912181824, 1.00000000000000, 0.974927912181824, 1.00000000000000, 0.974927912181824, 1.00000000000000, 0.974927912181824, 1.00000000000000, 0.974927912181824, 1.00000000000000, 0.974927912181824, 1.00000000000000, 0.974927912181824, 1.00000000000000, 0.974927912181824, 1.00000000000000, 0.974927912181824, 1.00000000000000, 0.974927912181824, 1.00000000000000 ) ) )REPRESENTATION_ITEM( '' )SURFACE(  ) );
#903 = SURFACE_STYLE_USAGE( .BOTH., #2977 );
#904 = FACE_OUTER_BOUND( '', #2978, .T. );
#905 = CYLINDRICAL_SURFACE( '', #2979, 2.00000000000000 );
#906 = SURFACE_STYLE_USAGE( .BOTH., #2980 );
#907 = FACE_OUTER_BOUND( '', #2981, .T. );
#908 = PLANE( '', #2982 );
#909 = SURFACE_STYLE_USAGE( .BOTH., #2983 );
#910 = FACE_OUTER_BOUND( '', #2984, .T. );
#911 = PLANE( '', #2985 );
#912 = SURFACE_STYLE_USAGE( .BOTH., #2986 );
#913 = FACE_OUTER_BOUND( '', #2987, .T. );
#914 = CYLINDRICAL_SURFACE( '', #2988, 4.00000000000000 );
#915 = SURFACE_STYLE_USAGE( .BOTH., #2989 );
#916 = FACE_OUTER_BOUND( '', #2990, .T. );
#917 = PLANE( '', #2991 );
#918 = SURFACE_STYLE_USAGE( .BOTH., #2992 );
#919 = FACE_OUTER_BOUND( '', #2993, .T. );
#920 = B_SPLINE_SURFACE_WITH_KNOTS( '', 3, 3, ( ( #2994, #2995, #2996, #2997 ), ( #2998, #2999, #3000, #3001 ), ( #3002, #3003, #3004, #3005 ), ( #3006, #3007, #3008, #3009 ), ( #3010, #3011, #3012, #3013 ) ), .UNSPECIFIED., .F., .F., .F., ( 4, 1, 4 ), ( 4, 4 ), ( 0.000000000000000, 0.500000000000000, 1.00000000000000 ), ( 0.000000000000000, 1.00000000000000 ), .UNSPECIFIED. );
#921 = SURFACE_STYLE_USAGE( .BOTH., #3014 );
#922 = FACE_OUTER_BOUND( '', #3015, .T. );
#923 = SPHERICAL_SURFACE( '', #3016, 4.00000000000000 );
#924 = SURFACE_STYLE_USAGE( .BOTH., #3017 );
#925 = FACE_OUTER_BOUND( '', #3018, .T. );
#926 = CYLINDRICAL_SURFACE( '', #3019, 1.00000000000000 );
#927 = SURFACE_STYLE_USAGE( .BOTH., #3020 );
#928 = FACE_OUTER_BOUND( '', #3021, .T. );
#929 = PLANE( '', #3022 );
#930 = SURFACE_STYLE_USAGE( .BOTH., #3023 );
#931 = FACE_OUTER_BOUND( '', #3024, .T. );
#932 = B_SPLINE_SURFACE_WITH_KNOTS( '', 3, 3, ( ( #3025, #3026, #3027, #3028 ), ( #3029, #3030, #3031, #3032 ), ( #3033, #3034, #3035, #3036 ), ( #3037, #3038, #3039, #3040 ), ( #3041, #3042, #3043, #3044 ) ), .UNSPECIFIED., .F., .F., .F., ( 4, 1, 4 ), ( 4, 4 ), ( 0.000000000000000, 0.500000000000000, 1.00000000000000 ), ( 0.000000000000000, 1.00000000000000 ), .UNSPECIFIED. );
#933 = SURFACE_STYLE_USAGE( .BOTH., #3045 );
#934 = FACE_OUTER_BOUND( '', #3046, .T. );
#935 = PLANE( '', #3047 );
#936 = SURFACE_STYLE_USAGE( .BOTH., #3048 );
#937 = FACE_OUTER_BOUND( '', #3049, .T. );
#938 = FACE_OUTER_BOUND( '', #3050, .T. );
#939 = TOROIDAL_SURFACE( '', #3051, 4.05000000000000, 0.300000000000000 );
#940 = SURFACE_STYLE_USAGE( .BOTH., #3052 );
#941 = FACE_OUTER_BOUND( '', #3053, .T. );
#942 = FACE_OUTER_BOUND( '', #3054, .T. );
#943 = CYLINDRICAL_SURFACE( '', #3055, 1.00000000000000 );
#944 = SURFACE_STYLE_USAGE( .BOTH., #3056 );
#945 = FACE_OUTER_BOUND( '', #3057, .T. );
#946 = TOROIDAL_SURFACE( '', #3058, 2.00000000000000, 1.00000000000000 );
#947 = SURFACE_STYLE_USAGE( .BOTH., #3059 );
#948 = FACE_OUTER_BOUND( '', #3060, .T. );
#949 = CYLINDRICAL_SURFACE( '', #3061, 1.00000000000000 );
#950 = SURFACE_STYLE_USAGE( .BOTH., #3062 );
#951 = FACE_OUTER_BOUND( '', #3063, .T. );
#952 = SPHERICAL_SURFACE( '', #3064, 2.00000000000000 );
#953 = SURFACE_STYLE_USAGE( .BOTH., #3065 );
#954 = FACE_OUTER_BOUND( '', #3066, .T. );
#955 = PLANE( '', #3067 );
#956 = SURFACE_STYLE_USAGE( .BOTH., #3068 );
#957 = FACE_OUTER_BOUND( '', #3069, .T. );
#958 = FACE_BOUND( '', #3070, .T. );
#959 = PLANE( '', #3071 );
#960 = SURFACE_STYLE_USAGE( .BOTH., #3072 );
#961 = FACE_OUTER_BOUND( '', #3073, .T. );
#962 = FACE_BOUND( '', #3074, .T. );
#963 = PLANE( '', #3075 );
#964 = SURFACE_STYLE_USAGE( .BOTH., #3076 );
#965 = FACE_OUTER_BOUND( '', #3077, .T. );
#966 = FACE_OUTER_BOUND( '', #3078, .T. );
#967 = CYLINDRICAL_SURFACE( '', #3079, 3.75000000000000 );
#968 = SURFACE_STYLE_USAGE( .BOTH., #3080 );
#969 = FACE_OUTER_BOUND( '', #3081, .T. );
#970 = CYLINDRICAL_SURFACE( '', #3082, 4.00000000000000 );
#971 = SURFACE_STYLE_USAGE( .BOTH., #3083 );
#972 = FACE_OUTER_BOUND( '', #3084, .T. );
#973 = CYLINDRICAL_SURFACE( '', #3085, 4.00000000000000 );
#974 = SURFACE_STYLE_USAGE( .BOTH., #3086 );
#975 = FACE_OUTER_BOUND( '', #3087, .T. );
#976 = PLANE( '', #3088 );
#977 = SURFACE_STYLE_USAGE( .BOTH., #3089 );
#978 = FACE_OUTER_BOUND( '', #3090, .T. );
#979 = CYLINDRICAL_SURFACE( '', #3091, 2.00000000000000 );
#980 = SURFACE_STYLE_USAGE( .BOTH., #3092 );
#981 = FACE_BOUND( '', #3093, .T. );
#982 = FACE_OUTER_BOUND( '', #3094, .T. );
#983 = PLANE( '', #3095 );
#984 = SURFACE_STYLE_USAGE( .BOTH., #3096 );
#985 = FACE_OUTER_BOUND( '', #3097, .T. );
#986 = TOROIDAL_SURFACE( '', #3098, 2.00000000000000, 1.00000000000000 );
#987 = SURFACE_STYLE_USAGE( .BOTH., #3099 );
#988 = FACE_OUTER_BOUND( '', #3100, .T. );
#989 = TOROIDAL_SURFACE( '', #3101, 2.00000000000000, 1.00000000000000 );
#990 = SURFACE_STYLE_USAGE( .BOTH., #3102 );
#991 = FACE_OUTER_BOUND( '', #3103, .T. );
#992 = FACE_OUTER_BOUND( '', #3104, .T. );
#993 = TOROIDAL_SURFACE( '', #3105, 4.70000000000000, 0.300000000000000 );
#994 = SURFACE_STYLE_USAGE( .BOTH., #3106 );
#995 = FACE_OUTER_BOUND( '', #3107, .T. );
#996 = FACE_BOUND( '', #3108, .T. );
#997 = PLANE( '', #3109 );
#998 = SURFACE_STYLE_USAGE( .BOTH., #3110 );
#999 = FACE_OUTER_BOUND( '', #3111, .T. );
#1000 = ( BOUNDED_SURFACE(  )B_SPLINE_SURFACE( 1, 2, ( ( #3114, #3115, #3116, #3117, #3118, #3119, #3120, #3121, #3122, #3123, #3124, #3125, #3126, #3127, #3128, #3129, #3130, #3131, #3132, #3133, #3134, #3135, #3136, #3137, #3138, #3139, #3140, #3141, #3142, #3143, #3144, #3145, #3146, #3147, #3148, #3149, #3150, #3151, #3152, #3153, #3154, #3155, #3156, #3157, #3158, #3159, #3160, #3161, #3162, #3163, #3164, #3165, #3166, #3167, #3168, #3169, #3170, #3171, #3172, #3173, #3174, #3175, #3176, #3177, #3178, #3179, #3180, #3181, #3182, #3183, #3184, #3185, #3186, #3187, #3188, #3189, #3190, #3191, #3192, #3193, #3194, #3195, #3196, #3197, #3198, #3199, #3200, #3201, #3202, #3203, #3204, #3205, #3206, #3207, #3208, #3209, #3210, #3211, #3212, #3213, #3214, #3215, #3216, #3217, #3218, #3219, #3220, #3221, #3222, #3223, #3224, #3225, #3226, #3227, #3228, #3229, #3230, #3231, #3232, #3233, #3234, #3235, #3236, #3237, #3238, #3239, #3240, #3241, #3242, #3243, #3244, #3245, #3246, #3247, #3248, #3249, #3250, #3251, #3252, #3253, #3254 ), ( #3255, #3256, #3257, #3258, #3259, #3260, #3261, #3262, #3263, #3264, #3265, #3266, #3267, #3268, #3269, #3270, #3271, #3272, #3273, #3274, #3275, #3276, #3277, #3278, #3279, #3280, #3281, #3282, #3283, #3284, #3285, #3286, #3287, #3288, #3289, #3290, #3291, #3292, #3293, #3294, #3295, #3296, #3297, #3298, #3299, #3300, #3301, #3302, #3303, #3304, #3305, #3306, #3307, #3308, #3309, #3310, #3311, #3312, #3313, #3314, #3315, #3316, #3317, #3318, #3319, #3320, #3321, #3322, #3323, #3324, #3325, #3326, #3327, #3328, #3329, #3330, #3331, #3332, #3333, #3334, #3335, #3336, #3337, #3338, #3339, #3340, #3341, #3342, #3343, #3344, #3345, #3346, #3347, #3348, #3349, #3350, #3351, #3352, #3353, #3354, #3355, #3356, #3357, #3358, #3359, #3360, #3361, #3362, #3363, #3364, #3365, #3366, #3367, #3368, #3369, #3370, #3371, #3372, #3373, #3374, #3375, #3376, #3377, #3378, #3379, #3380, #3381, #3382, #3383, #3384, #3385, #3386, #3387, #3388, #3389, #3390, #3391, #3392, #3393, #3394, #3395 ) ), .UNSPECIFIED., .F., .F., .F. )B_SPLINE_SURFACE_WITH_KNOTS( ( 2, 2 ), ( 3, 2, 2, 2, 2, 2, 2, 2, 2, 2, 2, 2, 2, 2, 2, 2, 2, 2, 2, 2, 2, 2, 2, 2, 2, 2, 2, 2, 2, 2, 2, 2, 2, 2, 2, 2, 2, 2, 2, 2, 2, 2, 2, 2, 2, 2, 2, 2, 2, 2, 2, 2, 2, 2, 2, 2, 2, 2, 2, 2, 2, 2, 2, 2, 2, 2, 2, 2, 2, 2, 3 ), ( 0.000000000000000, 1.00000000000000 ), ( 0.000000000000000, 0.0142857142857143, 0.0285714285714286, 0.0428571428571429, 0.0571428571428571, 0.0714285714285714, 0.0857142857142857, 0.100000000000000, 0.114285714285714, 0.128571428571429, 0.142857142857143, 0.157142857142857, 0.171428571428572, 0.185714285714286, 0.200000000000000, 0.214285714285715, 0.228571428571428, 0.242857142857143, 0.257142857142857, 0.271428571428572, 0.285714285714286, 0.300000000000000, 0.314285714285715, 0.328571428571429, 0.342857142857143, 0.357142857142857, 0.371428571428572, 0.385714285714286, 0.400000000000000, 0.414285714285715, 0.428571428571428, 0.442857142857143, 0.457142857142857, 0.471428571428571, 0.485714285714286, 0.500000000000000, 0.514285714285714, 0.528571428571429, 0.542857142857143, 0.557142857142857, 0.571428571428571, 0.585714285714286, 0.600000000000000, 0.614285714285714, 0.628571428571429, 0.642857142857143, 0.657142857142857, 0.671428571428571, 0.685714285714286, 0.700000000000000, 0.714285714285714, 0.728571428571429, 0.742857142857143, 0.757142857142857, 0.771428571428572, 0.785714285714286, 0.800000000000000, 0.814285714285714, 0.828571428571429, 0.842857142857143, 0.857142857142857, 0.871428571428571, 0.885714285714286, 0.900000000000000, 0.914285714285714, 0.928571428571429, 0.942857142857143, 0.957142857142857, 0.971428571428571, 0.985714285714286, 1.00000000000000 ), .UNSPECIFIED. )GEOMETRIC_REPRESENTATION_ITEM(  )RATIONAL_B_SPLINE_SURFACE( ( ( 1.00000000000000, 0.974927912181824, 1.00000000000000, 0.974927912181824, 1.00000000000000, 0.974927912181824, 1.00000000000000, 0.974927912181824, 1.00000000000000, 0.974927912181824, 1.00000000000000, 0.974927912181824, 1.00000000000000, 0.974927912181824, 1.00000000000000, 0.974927912181824, 1.00000000000000, 0.974927912181824, 1.00000000000000, 0.974927912181824, 1.00000000000000, 0.974927912181824, 1.00000000000000, 0.974927912181824, 1.00000000000000, 0.974927912181824, 1.00000000000000, 0.974927912181824, 1.00000000000000, 0.974927912181824, 1.00000000000000, 0.974927912181824, 1.00000000000000, 0.974927912181824, 1.00000000000000, 0.974927912181824, 1.00000000000000, 0.974927912181824, 1.00000000000000, 0.974927912181824, 1.00000000000000, 0.974927912181824, 1.00000000000000, 0.974927912181824, 1.00000000000000, 0.974927912181824, 1.00000000000000, 0.974927912181824, 1.00000000000000, 0.974927912181824, 1.00000000000000, 0.974927912181824, 1.00000000000000, 0.974927912181824, 1.00000000000000, 0.974927912181824, 1.00000000000000, 0.974927912181824, 1.00000000000000, 0.974927912181824, 1.00000000000000, 0.974927912181824, 1.00000000000000, 0.974927912181824, 1.00000000000000, 0.974927912181824, 1.00000000000000, 0.974927912181824, 1.00000000000000, 0.974927912181824, 1.00000000000000, 0.974927912181824, 1.00000000000000, 0.974927912181824, 1.00000000000000, 0.974927912181824, 1.00000000000000, 0.974927912181824, 1.00000000000000, 0.974927912181824, 1.00000000000000, 0.974927912181824, 1.00000000000000, 0.974927912181824, 1.00000000000000, 0.974927912181824, 1.00000000000000, 0.974927912181824, 1.00000000000000, 0.974927912181824, 1.00000000000000, 0.974927912181824, 1.00000000000000, 0.974927912181824, 1.00000000000000, 0.974927912181824, 1.00000000000000, 0.974927912181824, 1.00000000000000, 0.974927912181824, 1.00000000000000, 0.974927912181824, 1.00000000000000, 0.974927912181824, 1.00000000000000, 0.974927912181824, 1.00000000000000, 0.974927912181824, 1.00000000000000, 0.974927912181824, 1.00000000000000, 0.974927912181824, 1.00000000000000, 0.974927912181824, 1.00000000000000, 0.974927912181824, 1.00000000000000, 0.974927912181824, 1.00000000000000, 0.974927912181824, 1.00000000000000, 0.974927912181824, 1.00000000000000, 0.974927912181824, 1.00000000000000, 0.974927912181824, 1.00000000000000, 0.974927912181824, 1.00000000000000, 0.974927912181824, 1.00000000000000, 0.974927912181824, 1.00000000000000, 0.974927912181824, 1.00000000000000, 0.974927912181824, 1.00000000000000, 0.974927912181824, 1.00000000000000, 0.974927912181824, 1.00000000000000 ), ( 1.00000000000000, 0.974927912181824, 1.00000000000000, 0.974927912181824, 1.00000000000000, 0.974927912181824, 1.00000000000000, 0.974927912181824, 1.00000000000000, 0.974927912181824, 1.00000000000000, 0.974927912181824, 1.00000000000000, 0.974927912181824, 1.00000000000000, 0.974927912181824, 1.00000000000000, 0.974927912181824, 1.00000000000000, 0.974927912181824, 1.00000000000000, 0.974927912181824, 1.00000000000000, 0.974927912181824, 1.00000000000000, 0.974927912181824, 1.00000000000000, 0.974927912181824, 1.00000000000000, 0.974927912181824, 1.00000000000000, 0.974927912181824, 1.00000000000000, 0.974927912181824, 1.00000000000000, 0.974927912181824, 1.00000000000000, 0.974927912181824, 1.00000000000000, 0.974927912181824, 1.00000000000000, 0.974927912181824, 1.00000000000000, 0.974927912181824, 1.00000000000000, 0.974927912181824, 1.00000000000000, 0.974927912181824, 1.00000000000000, 0.974927912181824, 1.00000000000000, 0.974927912181824, 1.00000000000000, 0.974927912181824, 1.00000000000000, 0.974927912181824, 1.00000000000000, 0.974927912181824, 1.00000000000000, 0.974927912181824, 1.00000000000000, 0.974927912181824, 1.00000000000000, 0.974927912181824, 1.00000000000000, 0.974927912181824, 1.00000000000000, 0.974927912181824, 1.00000000000000, 0.974927912181824, 1.00000000000000, 0.974927912181824, 1.00000000000000, 0.974927912181824, 1.00000000000000, 0.974927912181824, 1.00000000000000, 0.974927912181824, 1.00000000000000, 0.974927912181824, 1.00000000000000, 0.974927912181824, 1.00000000000000, 0.974927912181824, 1.00000000000000, 0.974927912181824, 1.00000000000000, 0.974927912181824, 1.00000000000000, 0.974927912181824, 1.00000000000000, 0.974927912181824, 1.00000000000000, 0.974927912181824, 1.00000000000000, 0.974927912181824, 1.00000000000000, 0.974927912181824, 1.00000000000000, 0.974927912181824, 1.00000000000000, 0.974927912181824, 1.00000000000000, 0.974927912181824, 1.00000000000000, 0.974927912181824, 1.00000000000000, 0.974927912181824, 1.00000000000000, 0.974927912181824, 1.00000000000000, 0.974927912181824, 1.00000000000000, 0.974927912181824, 1.00000000000000, 0.974927912181824, 1.00000000000000, 0.974927912181824, 1.00000000000000, 0.974927912181824, 1.00000000000000, 0.974927912181824, 1.00000000000000, 0.974927912181824, 1.00000000000000, 0.974927912181824, 1.00000000000000, 0.974927912181824, 1.00000000000000, 0.974927912181824, 1.00000000000000, 0.974927912181824, 1.00000000000000, 0.974927912181824, 1.00000000000000, 0.974927912181824, 1.00000000000000, 0.974927912181824, 1.00000000000000, 0.974927912181824, 1.00000000000000 ) ) )REPRESENTATION_ITEM( '' )SURFACE(  ) );
#1001 = SURFACE_STYLE_USAGE( .BOTH., #3401 );
#1002 = FACE_OUTER_BOUND( '', #3402, .T. );
#1003 = SPHERICAL_SURFACE( '', #3403, 2.00000000000000 );
#1004 = SURFACE_STYLE_USAGE( .BOTH., #3404 );
#1005 = FACE_OUTER_BOUND( '', #3405, .T. );
#1006 = PLANE( '', #3406 );
#1007 = SURFACE_STYLE_USAGE( .BOTH., #3407 );
#1008 = FACE_OUTER_BOUND( '', #3408, .T. );
#1009 = B_SPLINE_SURFACE_WITH_KNOTS( '', 3, 3, ( ( #3409, #3410, #3411, #3412 ), ( #3413, #3414, #3415, #3416 ), ( #3417, #3418, #3419, #3420 ), ( #3421, #3422, #3423, #3424 ), ( #3425, #3426, #3427, #3428 ) ), .UNSPECIFIED., .F., .F., .F., ( 4, 1, 4 ), ( 4, 4 ), ( 0.000000000000000, 0.500000000000000, 1.00000000000000 ), ( 0.000000000000000, 1.00000000000000 ), .UNSPECIFIED. );
#1010 = SURFACE_STYLE_USAGE( .BOTH., #3429 );
#1011 = FACE_OUTER_BOUND( '', #3430, .T. );
#1012 = PLANE( '', #3431 );
#1013 = SURFACE_STYLE_USAGE( .BOTH., #3432 );
#1014 = FACE_OUTER_BOUND( '', #3433, .T. );
#1015 = PLANE( '', #3434 );
#1016 = SURFACE_STYLE_USAGE( .BOTH., #3435 );
#1017 = FACE_OUTER_BOUND( '', #3436, .T. );
#1018 = CYLINDRICAL_SURFACE( '', #3437, 4.00000000000000 );
#1019 = SURFACE_STYLE_USAGE( .BOTH., #3438 );
#1020 = FACE_OUTER_BOUND( '', #3439, .T. );
#1021 = CYLINDRICAL_SURFACE( '', #3440, 4.00000000000000 );
#1022 = SURFACE_STYLE_USAGE( .BOTH., #3441 );
#1023 = FACE_BOUND( '', #3442, .T. );
#1024 = FACE_OUTER_BOUND( '', #3443, .T. );
#1025 = FACE_BOUND( '', #3444, .T. );
#1026 = PLANE( '', #3445 );
#1027 = SURFACE_STYLE_USAGE( .BOTH., #3446 );
#1028 = FACE_OUTER_BOUND( '', #3447, .T. );
#1029 = FACE_OUTER_BOUND( '', #3448, .T. );
#1030 = CYLINDRICAL_SURFACE( '', #3449, 2.00000000000000 );
#1031 = SURFACE_STYLE_USAGE( .BOTH., #3450 );
#1032 = FACE_OUTER_BOUND( '', #3451, .T. );
#1033 = PLANE( '', #3452 );
#1034 = SURFACE_STYLE_USAGE( .BOTH., #3453 );
#1035 = FACE_OUTER_BOUND( '', #3454, .T. );
#1036 = CONICAL_SURFACE( '', #3455, 2.50000000000000, 0.785398163397453 );
#1037 = SURFACE_STYLE_USAGE( .BOTH., #3456 );
#1038 = FACE_OUTER_BOUND( '', #3457, .T. );
#1039 = CYLINDRICAL_SURFACE( '', #3458, 4.00000000000000 );
#1040 = SURFACE_STYLE_USAGE( .BOTH., #3459 );
#1041 = FACE_OUTER_BOUND( '', #3460, .T. );
#1042 = CYLINDRICAL_SURFACE( '', #3461, 3.75000000000000 );
#1043 = SURFACE_STYLE_USAGE( .BOTH., #3462 );
#1044 = FACE_OUTER_BOUND( '', #3463, .T. );
#1045 = PLANE( '', #3464 );
#1046 = SURFACE_STYLE_USAGE( .BOTH., #3465 );
#1047 = FACE_OUTER_BOUND( '', #3466, .T. );
#1048 = TOROIDAL_SURFACE( '', #3467, 2.00000000000000, 1.00000000000000 );
#1049 = SURFACE_STYLE_USAGE( .BOTH., #3468 );
#1050 = FACE_OUTER_BOUND( '', #3469, .T. );
#1051 = PLANE( '', #3470 );
#1052 = SURFACE_STYLE_USAGE( .BOTH., #3471 );
#1053 = FACE_OUTER_BOUND( '', #3472, .T. );
#1054 = CYLINDRICAL_SURFACE( '', #3473, 1.00000000000000 );
#1055 = SURFACE_STYLE_USAGE( .BOTH., #3474 );
#1056 = FACE_OUTER_BOUND( '', #3475, .T. );
#1057 = SPHERICAL_SURFACE( '', #3476, 4.00000000000000 );
#1058 = SURFACE_STYLE_USAGE( .BOTH., #3477 );
#1059 = FACE_OUTER_BOUND( '', #3478, .T. );
#1060 = CYLINDRICAL_SURFACE( '', #3479, 1.00000000000000 );
#1061 = SURFACE_STYLE_USAGE( .BOTH., #3480 );
#1062 = FACE_OUTER_BOUND( '', #3481, .T. );
#1063 = CYLINDRICAL_SURFACE( '', #3482, 5.25000000000000 );
#1064 = SURFACE_STYLE_USAGE( .BOTH., #3483 );
#1065 = FACE_OUTER_BOUND( '', #3484, .T. );
#1066 = PLANE( '', #3485 );
#1067 = SURFACE_STYLE_USAGE( .BOTH., #3486 );
#1068 = FACE_OUTER_BOUND( '', #3487, .T. );
#1069 = CYLINDRICAL_SURFACE( '', #3488, 1.75000000000000 );
#1070 = SURFACE_STYLE_USAGE( .BOTH., #3489 );
#1071 = FACE_BOUND( '', #3490, .T. );
#1072 = FACE_OUTER_BOUND( '', #3491, .T. );
#1073 = PLANE( '', #3492 );
#1074 = SURFACE_STYLE_USAGE( .BOTH., #3493 );
#1075 = FACE_OUTER_BOUND( '', #3494, .T. );
#1076 = PLANE( '', #3495 );
#1077 = SURFACE_STYLE_USAGE( .BOTH., #3496 );
#1078 = FACE_OUTER_BOUND( '', #3497, .T. );
#1079 = CYLINDRICAL_SURFACE( '', #3498, 1.75000000000000 );
#1080 = SURFACE_STYLE_USAGE( .BOTH., #3499 );
#1081 = FACE_OUTER_BOUND( '', #3500, .T. );
#1082 = PLANE( '', #3501 );
#1083 = SURFACE_STYLE_USAGE( .BOTH., #3502 );
#1084 = FACE_OUTER_BOUND( '', #3503, .T. );
#1085 = CYLINDRICAL_SURFACE( '', #3504, 4.00000000000000 );
#1086 = SURFACE_STYLE_USAGE( .BOTH., #3505 );
#1087 = FACE_OUTER_BOUND( '', #3506, .T. );
#1088 = PLANE( '', #3507 );
#1089 = SURFACE_STYLE_USAGE( .BOTH., #3508 );
#1090 = FACE_OUTER_BOUND( '', #3509, .T. );
#1091 = CYLINDRICAL_SURFACE( '', #3510, 3.00000000000000 );
#1092 = SURFACE_STYLE_USAGE( .BOTH., #3511 );
#1093 = FACE_OUTER_BOUND( '', #3512, .T. );
#1094 = PLANE( '', #3513 );
#1095 = SURFACE_STYLE_USAGE( .BOTH., #3514 );
#1096 = FACE_OUTER_BOUND( '', #3515, .T. );
#1097 = CYLINDRICAL_SURFACE( '', #3516, 2.00000000000000 );
#1098 = SURFACE_STYLE_USAGE( .BOTH., #3517 );
#1099 = FACE_OUTER_BOUND( '', #3518, .T. );
#1100 = PLANE( '', #3519 );
#1101 = SURFACE_STYLE_USAGE( .BOTH., #3520 );
#1102 = FACE_OUTER_BOUND( '', #3521, .T. );
#1103 = CYLINDRICAL_SURFACE( '', #3522, 4.00000000000000 );
#1104 = SURFACE_STYLE_USAGE( .BOTH., #3523 );
#1105 = FACE_OUTER_BOUND( '', #3524, .T. );
#1106 = ( BOUNDED_SURFACE(  )B_SPLINE_SURFACE( 3, 2, ( ( #3527, #3528, #3529, #3530, #3531, #3532, #3533, #3534, #3535, #3536, #3537, #3538, #3539, #3540, #3541, #3542, #3543, #3544, #3545, #3546, #3547, #3548, #3549, #3550, #3551, #3552, #3553, #3554, #3555, #3556, #3557, #3558, #3559, #3560, #3561, #3562, #3563, #3564, #3565, #3566, #3567, #3568, #3569, #3570, #3571, #3572, #3573, #3574, #3575, #3576, #3577, #3578, #3579, #3580, #3581, #3582, #3583, #3584, #3585, #3586, #3587, #3588, #3589, #3590, #3591, #3592, #3593, #3594, #3595, #3596, #3597, #3598, #3599, #3600, #3601, #3602, #3603, #3604, #3605, #3606, #3607, #3608, #3609, #3610, #3611, #3612, #3613, #3614, #3615, #3616, #3617, #3618, #3619, #3620, #3621, #3622, #3623, #3624, #3625, #3626, #3627, #3628, #3629, #3630, #3631, #3632, #3633, #3634, #3635, #3636, #3637, #3638, #3639, #3640, #3641, #3642, #3643, #3644, #3645, #3646, #3647, #3648, #3649, #3650, #3651, #3652, #3653, #3654, #3655, #3656, #3657, #3658, #3659, #3660, #3661, #3662, #3663, #3664, #3665, #3666, #3667 ), ( #3668, #3669, #3670, #3671, #3672, #3673, #3674, #3675, #3676, #3677, #3678, #3679, #3680, #3681, #3682, #3683, #3684, #3685, #3686, #3687, #3688, #3689, #3690, #3691, #3692, #3693, #3694, #3695, #3696, #3697, #3698, #3699, #3700, #3701, #3702, #3703, #3704, #3705, #3706, #3707, #3708, #3709, #3710, #3711, #3712, #3713, #3714, #3715, #3716, #3717, #3718, #3719, #3720, #3721, #3722, #3723, #3724, #3725, #3726, #3727, #3728, #3729, #3730, #3731, #3732, #3733, #3734, #3735, #3736, #3737, #3738, #3739, #3740, #3741, #3742, #3743, #3744, #3745, #3746, #3747, #3748, #3749, #3750, #3751, #3752, #3753, #3754, #3755, #3756, #3757, #3758, #3759, #3760, #3761, #3762, #3763, #3764, #3765, #3766, #3767, #3768, #3769, #3770, #3771, #3772, #3773, #3774, #3775, #3776, #3777, #3778, #3779, #3780, #3781, #3782, #3783, #3784, #3785, #3786, #3787, #3788, #3789, #3790, #3791, #3792, #3793, #3794, #3795, #3796, #3797, #3798, #3799, #3800, #3801, #3802, #3803, #3804, #3805, #3806, #3807, #3808 ), ( #3809, #3810, #3811, #3812, #3813, #3814, #3815, #3816, #3817, #3818, #3819, #3820, #3821, #3822, #3823, #3824, #3825, #3826, #3827, #3828, #3829, #3830, #3831, #3832, #3833, #3834, #3835, #3836, #3837, #3838, #3839, #3840, #3841, #3842, #3843, #3844, #3845, #3846, #3847, #3848, #3849, #3850, #3851, #3852, #3853, #3854, #3855, #3856, #3857, #3858, #3859, #3860, #3861, #3862, #3863, #3864, #3865, #3866, #3867, #3868, #3869, #3870, #3871, #3872, #3873, #3874, #3875, #3876, #3877, #3878, #3879, #3880, #3881, #3882, #3883, #3884, #3885, #3886, #3887, #3888, #3889, #3890, #3891, #3892, #3893, #3894, #3895, #3896, #3897, #3898, #3899, #3900, #3901, #3902, #3903, #3904, #3905, #3906, #3907, #3908, #3909, #3910, #3911, #3912, #3913, #3914, #3915, #3916, #3917, #3918, #3919, #3920, #3921, #3922, #3923, #3924, #3925, #3926, #3927, #3928, #3929, #3930, #3931, #3932, #3933, #3934, #3935, #3936, #3937, #3938, #3939, #3940, #3941, #3942, #3943, #3944, #3945, #3946, #3947, #3948, #3949 ), ( #3950, #3951, #3952, #3953, #3954, #3955, #3956, #3957, #3958, #3959, #3960, #3961, #3962, #3963, #3964, #3965, #3966, #3967, #3968, #3969, #3970, #3971, #3972, #3973, #3974, #3975, #3976, #3977, #3978, #3979, #3980, #3981, #3982, #3983, #3984, #3985, #3986, #3987, #3988, #3989, #3990, #3991, #3992, #3993, #3994, #3995, #3996, #3997, #3998, #3999, #4000, #4001, #4002, #4003, #4004, #4005, #4006, #4007, #4008, #4009, #4010, #4011, #4012, #4013, #4014, #4015, #4016, #4017, #4018, #4019, #4020, #4021, #4022, #4023, #4024, #4025, #4026, #4027, #4028, #4029, #4030, #4031, #4032, #4033, #4034, #4035, #4036, #4037, #4038, #4039, #4040, #4041, #4042, #4043, #4044, #4045, #4046, #4047, #4048, #4049, #4050, #4051, #4052, #4053, #4054, #4055, #4056, #4057, #4058, #4059, #4060, #4061, #4062, #4063, #4064, #4065, #4066, #4067, #4068, #4069, #4070, #4071, #4072, #4073, #4074, #4075, #4076, #4077, #4078, #4079, #4080, #4081, #4082, #4083, #4084, #4085, #4086, #4087, #4088, #4089, #4090 ) ), .UNSPECIFIED., .F., .F., .F. )B_SPLINE_SURFACE_WITH_KNOTS( ( 4, 4 ), ( 3, 2, 2, 2, 2, 2, 2, 2, 2, 2, 2, 2, 2, 2, 2, 2, 2, 2, 2, 2, 2, 2, 2, 2, 2, 2, 2, 2, 2, 2, 2, 2, 2, 2, 2, 2, 2, 2, 2, 2, 2, 2, 2, 2, 2, 2, 2, 2, 2, 2, 2, 2, 2, 2, 2, 2, 2, 2, 2, 2, 2, 2, 2, 2, 2, 2, 2, 2, 2, 2, 3 ), ( 0.000000000000000, 1.00000000000000 ), ( 0.000000000000000, 0.0142857142857143, 0.0285714285714286, 0.0428571428571429, 0.0571428571428571, 0.0714285714285714, 0.0857142857142857, 0.100000000000000, 0.114285714285714, 0.128571428571429, 0.142857142857143, 0.157142857142857, 0.171428571428572, 0.185714285714286, 0.200000000000000, 0.214285714285715, 0.228571428571428, 0.242857142857143, 0.257142857142857, 0.271428571428572, 0.285714285714286, 0.300000000000000, 0.314285714285715, 0.328571428571429, 0.342857142857143, 0.357142857142857, 0.371428571428572, 0.385714285714286, 0.400000000000000, 0.414285714285715, 0.428571428571428, 0.442857142857143, 0.457142857142857, 0.471428571428571, 0.485714285714286, 0.500000000000000, 0.514285714285714, 0.528571428571429, 0.542857142857143, 0.557142857142857, 0.571428571428571, 0.585714285714286, 0.600000000000000, 0.614285714285714, 0.628571428571429, 0.642857142857143, 0.657142857142857, 0.671428571428571, 0.685714285714286, 0.700000000000000, 0.714285714285714, 0.728571428571429, 0.742857142857143, 0.757142857142857, 0.771428571428572, 0.785714285714286, 0.800000000000000, 0.814285714285714, 0.828571428571429, 0.842857142857143, 0.857142857142857, 0.871428571428571, 0.885714285714286, 0.900000000000000, 0.914285714285714, 0.928571428571429, 0.942857142857143, 0.957142857142857, 0.971428571428571, 0.985714285714286, 1.00000000000000 ), .UNSPECIFIED. )GEOMETRIC_REPRESENTATION_ITEM(  )RATIONAL_B_SPLINE_SURFACE( ( ( 1.00000000000000, 0.974927912181824, 1.00000000000000, 0.974927912181824, 1.00000000000000, 0.974927912181824, 1.00000000000000, 0.974927912181824, 1.00000000000000, 0.974927912181824, 1.00000000000000, 0.974927912181824, 1.00000000000000, 0.974927912181824, 1.00000000000000, 0.974927912181824, 1.00000000000000, 0.974927912181824, 1.00000000000000, 0.974927912181824, 1.00000000000000, 0.974927912181824, 1.00000000000000, 0.974927912181824, 1.00000000000000, 0.974927912181824, 1.00000000000000, 0.974927912181824, 1.00000000000000, 0.974927912181824, 1.00000000000000, 0.974927912181824, 1.00000000000000, 0.974927912181824, 1.00000000000000, 0.974927912181824, 1.00000000000000, 0.974927912181824, 1.00000000000000, 0.974927912181824, 1.00000000000000, 0.974927912181824, 1.00000000000000, 0.974927912181824, 1.00000000000000, 0.974927912181824, 1.00000000000000, 0.974927912181824, 1.00000000000000, 0.974927912181824, 1.00000000000000, 0.974927912181824, 1.00000000000000, 0.974927912181824, 1.00000000000000, 0.974927912181824, 1.00000000000000, 0.974927912181824, 1.00000000000000, 0.974927912181824, 1.00000000000000, 0.974927912181824, 1.00000000000000, 0.974927912181824, 1.00000000000000, 0.974927912181824, 1.00000000000000, 0.974927912181824, 1.00000000000000, 0.974927912181824, 1.00000000000000, 0.974927912181824, 1.00000000000000, 0.974927912181824, 1.00000000000000, 0.974927912181824, 1.00000000000000, 0.974927912181824, 1.00000000000000, 0.974927912181824, 1.00000000000000, 0.974927912181824, 1.00000000000000, 0.974927912181824, 1.00000000000000, 0.974927912181824, 1.00000000000000, 0.974927912181824, 1.00000000000000, 0.974927912181824, 1.00000000000000, 0.974927912181824, 1.00000000000000, 0.974927912181824, 1.00000000000000, 0.974927912181824, 1.00000000000000, 0.974927912181824, 1.00000000000000, 0.974927912181824, 1.00000000000000, 0.974927912181824, 1.00000000000000, 0.974927912181824, 1.00000000000000, 0.974927912181824, 1.00000000000000, 0.974927912181824, 1.00000000000000, 0.974927912181824, 1.00000000000000, 0.974927912181824, 1.00000000000000, 0.974927912181824, 1.00000000000000, 0.974927912181824, 1.00000000000000, 0.974927912181824, 1.00000000000000, 0.974927912181824, 1.00000000000000, 0.974927912181824, 1.00000000000000, 0.974927912181824, 1.00000000000000, 0.974927912181824, 1.00000000000000, 0.974927912181824, 1.00000000000000, 0.974927912181824, 1.00000000000000, 0.974927912181824, 1.00000000000000, 0.974927912181824, 1.00000000000000, 0.974927912181824, 1.00000000000000, 0.974927912181824, 1.00000000000000, 0.974927912181824, 1.00000000000000 ), ( 0.333333333333334, 0.324975970727275, 0.333333333333334, 0.324975970727275, 0.333333333333334, 0.324975970727275, 0.333333333333334, 0.324975970727275, 0.333333333333334, 0.324975970727275, 0.333333333333334, 0.324975970727275, 0.333333333333334, 0.324975970727275, 0.333333333333334, 0.324975970727275, 0.333333333333334, 0.324975970727275, 0.333333333333334, 0.324975970727275, 0.333333333333334, 0.324975970727275, 0.333333333333334, 0.324975970727275, 0.333333333333334, 0.324975970727275, 0.333333333333334, 0.324975970727275, 0.333333333333334, 0.324975970727275, 0.333333333333334, 0.324975970727275, 0.333333333333334, 0.324975970727275, 0.333333333333334, 0.324975970727275, 0.333333333333334, 0.324975970727275, 0.333333333333334, 0.324975970727275, 0.333333333333334, 0.324975970727275, 0.333333333333334, 0.324975970727275, 0.333333333333334, 0.324975970727275, 0.333333333333334, 0.324975970727275, 0.333333333333334, 0.324975970727275, 0.333333333333334, 0.324975970727275, 0.333333333333334, 0.324975970727275, 0.333333333333334, 0.324975970727275, 0.333333333333334, 0.324975970727275, 0.333333333333334, 0.324975970727275, 0.333333333333334, 0.324975970727275, 0.333333333333334, 0.324975970727275, 0.333333333333334, 0.324975970727275, 0.333333333333334, 0.324975970727275, 0.333333333333334, 0.324975970727275, 0.333333333333334, 0.324975970727275, 0.333333333333334, 0.324975970727275, 0.333333333333334, 0.324975970727275, 0.333333333333334, 0.324975970727275, 0.333333333333334, 0.324975970727275, 0.333333333333334, 0.324975970727275, 0.333333333333334, 0.324975970727275, 0.333333333333334, 0.324975970727275, 0.333333333333334, 0.324975970727275, 0.333333333333334, 0.324975970727275, 0.333333333333334, 0.324975970727275, 0.333333333333334, 0.324975970727275, 0.333333333333334, 0.324975970727275, 0.333333333333334, 0.324975970727275, 0.333333333333334, 0.324975970727275, 0.333333333333334, 0.324975970727275, 0.333333333333334, 0.324975970727275, 0.333333333333334, 0.324975970727275, 0.333333333333334, 0.324975970727275, 0.333333333333334, 0.324975970727275, 0.333333333333334, 0.324975970727275, 0.333333333333334, 0.324975970727275, 0.333333333333334, 0.324975970727275, 0.333333333333334, 0.324975970727275, 0.333333333333334, 0.324975970727275, 0.333333333333334, 0.324975970727275, 0.333333333333334, 0.324975970727275, 0.333333333333334, 0.324975970727275, 0.333333333333334, 0.324975970727275, 0.333333333333334, 0.324975970727275, 0.333333333333334, 0.324975970727275, 0.333333333333334, 0.324975970727275, 0.333333333333334, 0.324975970727275, 0.333333333333334, 0.324975970727275, 0.333333333333334, 0.324975970727275, 0.333333333333334 ), ( 0.333333333333334, 0.324975970727275, 0.333333333333334, 0.324975970727275, 0.333333333333334, 0.324975970727275, 0.333333333333334, 0.324975970727275, 0.333333333333334, 0.324975970727275, 0.333333333333334, 0.324975970727275, 0.333333333333334, 0.324975970727275, 0.333333333333334, 0.324975970727275, 0.333333333333334, 0.324975970727275, 0.333333333333334, 0.324975970727275, 0.333333333333334, 0.324975970727275, 0.333333333333334, 0.324975970727275, 0.333333333333334, 0.324975970727275, 0.333333333333334, 0.324975970727275, 0.333333333333334, 0.324975970727275, 0.333333333333334, 0.324975970727275, 0.333333333333334, 0.324975970727275, 0.333333333333334, 0.324975970727275, 0.333333333333334, 0.324975970727275, 0.333333333333334, 0.324975970727275, 0.333333333333334, 0.324975970727275, 0.333333333333334, 0.324975970727275, 0.333333333333334, 0.324975970727275, 0.333333333333334, 0.324975970727275, 0.333333333333334, 0.324975970727275, 0.333333333333334, 0.324975970727275, 0.333333333333334, 0.324975970727275, 0.333333333333334, 0.324975970727275, 0.333333333333334, 0.324975970727275, 0.333333333333334, 0.324975970727275, 0.333333333333334, 0.324975970727275, 0.333333333333334, 0.324975970727275, 0.333333333333334, 0.324975970727275, 0.333333333333334, 0.324975970727275, 0.333333333333334, 0.324975970727275, 0.333333333333334, 0.324975970727275, 0.333333333333334, 0.324975970727275, 0.333333333333334, 0.324975970727275, 0.333333333333334, 0.324975970727275, 0.333333333333334, 0.324975970727275, 0.333333333333334, 0.324975970727275, 0.333333333333334, 0.324975970727275, 0.333333333333334, 0.324975970727275, 0.333333333333334, 0.324975970727275, 0.333333333333334, 0.324975970727275, 0.333333333333334, 0.324975970727275, 0.333333333333334, 0.324975970727275, 0.333333333333334, 0.324975970727275, 0.333333333333334, 0.324975970727275, 0.333333333333334, 0.324975970727275, 0.333333333333334, 0.324975970727275, 0.333333333333334, 0.324975970727275, 0.333333333333334, 0.324975970727275, 0.333333333333334, 0.324975970727275, 0.333333333333334, 0.324975970727275, 0.333333333333334, 0.324975970727275, 0.333333333333334, 0.324975970727275, 0.333333333333334, 0.324975970727275, 0.333333333333334, 0.324975970727275, 0.333333333333334, 0.324975970727275, 0.333333333333334, 0.324975970727275, 0.333333333333334, 0.324975970727275, 0.333333333333334, 0.324975970727275, 0.333333333333334, 0.324975970727275, 0.333333333333334, 0.324975970727275, 0.333333333333334, 0.324975970727275, 0.333333333333334, 0.324975970727275, 0.333333333333334, 0.324975970727275, 0.333333333333334, 0.324975970727275, 0.333333333333334, 0.324975970727275, 0.333333333333334 ), ( 1.00000000000000, 0.974927912181824, 1.00000000000000, 0.974927912181824, 1.00000000000000, 0.974927912181824, 1.00000000000000, 0.974927912181824, 1.00000000000000, 0.974927912181824, 1.00000000000000, 0.974927912181824, 1.00000000000000, 0.974927912181824, 1.00000000000000, 0.974927912181824, 1.00000000000000, 0.974927912181824, 1.00000000000000, 0.974927912181824, 1.00000000000000, 0.974927912181824, 1.00000000000000, 0.974927912181824, 1.00000000000000, 0.974927912181824, 1.00000000000000, 0.974927912181824, 1.00000000000000, 0.974927912181824, 1.00000000000000, 0.974927912181824, 1.00000000000000, 0.974927912181824, 1.00000000000000, 0.974927912181824, 1.00000000000000, 0.974927912181824, 1.00000000000000, 0.974927912181824, 1.00000000000000, 0.974927912181824, 1.00000000000000, 0.974927912181824, 1.00000000000000, 0.974927912181824, 1.00000000000000, 0.974927912181824, 1.00000000000000, 0.974927912181824, 1.00000000000000, 0.974927912181824, 1.00000000000000, 0.974927912181824, 1.00000000000000, 0.974927912181824, 1.00000000000000, 0.974927912181824, 1.00000000000000, 0.974927912181824, 1.00000000000000, 0.974927912181824, 1.00000000000000, 0.974927912181824, 1.00000000000000, 0.974927912181824, 1.00000000000000, 0.974927912181824, 1.00000000000000, 0.974927912181824, 1.00000000000000, 0.974927912181824, 1.00000000000000, 0.974927912181824, 1.00000000000000, 0.974927912181824, 1.00000000000000, 0.974927912181824, 1.00000000000000, 0.974927912181824, 1.00000000000000, 0.974927912181824, 1.00000000000000, 0.974927912181824, 1.00000000000000, 0.974927912181824, 1.00000000000000, 0.974927912181824, 1.00000000000000, 0.974927912181824, 1.00000000000000, 0.974927912181824, 1.00000000000000, 0.974927912181824, 1.00000000000000, 0.974927912181824, 1.00000000000000, 0.974927912181824, 1.00000000000000, 0.974927912181824, 1.00000000000000, 0.974927912181824, 1.00000000000000, 0.974927912181824, 1.00000000000000, 0.974927912181824, 1.00000000000000, 0.974927912181824, 1.00000000000000, 0.974927912181824, 1.00000000000000, 0.974927912181824, 1.00000000000000, 0.974927912181824, 1.00000000000000, 0.974927912181824, 1.00000000000000, 0.974927912181824, 1.00000000000000, 0.974927912181824, 1.00000000000000, 0.974927912181824, 1.00000000000000, 0.974927912181824, 1.00000000000000, 0.974927912181824, 1.00000000000000, 0.974927912181824, 1.00000000000000, 0.974927912181824, 1.00000000000000, 0.974927912181824, 1.00000000000000, 0.974927912181824, 1.00000000000000, 0.974927912181824, 1.00000000000000, 0.974927912181824, 1.00000000000000, 0.974927912181824, 1.00000000000000 ) ) )REPRESENTATION_ITEM( '' )SURFACE(  ) );
#1107 = SURFACE_STYLE_USAGE( .BOTH., #4096 );
#1108 = FACE_OUTER_BOUND( '', #4097, .T. );
#1109 = PLANE( '', #4098 );
#1110 = SURFACE_STYLE_USAGE( .BOTH., #4099 );
#1111 = FACE_OUTER_BOUND( '', #4100, .T. );
#1112 = CYLINDRICAL_SURFACE( '', #4101, 1.75000000000000 );
#1113 = SURFACE_STYLE_USAGE( .BOTH., #4102 );
#1114 = FACE_OUTER_BOUND( '', #4103, .T. );
#1115 = PLANE( '', #4104 );
#1116 = SURFACE_STYLE_USAGE( .BOTH., #4105 );
#1117 = FACE_OUTER_BOUND( '', #4106, .T. );
#1118 = PLANE( '', #4107 );
#1119 = SURFACE_STYLE_USAGE( .BOTH., #4108 );
#1120 = FACE_OUTER_BOUND( '', #4109, .T. );
#1121 = PLANE( '', #4110 );
#1122 = SURFACE_STYLE_USAGE( .BOTH., #4111 );
#1123 = FACE_OUTER_BOUND( '', #4112, .T. );
#1124 = CYLINDRICAL_SURFACE( '', #4113, 4.00000000000000 );
#1125 = SURFACE_STYLE_USAGE( .BOTH., #4114 );
#1126 = FACE_OUTER_BOUND( '', #4115, .T. );
#1127 = FACE_OUTER_BOUND( '', #4116, .T. );
#1128 = CYLINDRICAL_SURFACE( '', #4117, 2.00000000000000 );
#1129 = SURFACE_STYLE_USAGE( .BOTH., #4118 );
#1130 = FACE_OUTER_BOUND( '', #4119, .T. );
#1131 = CYLINDRICAL_SURFACE( '', #4120, 1.75000000000000 );
#1132 = SURFACE_STYLE_USAGE( .BOTH., #4121 );
#1133 = FACE_OUTER_BOUND( '', #4122, .T. );
#1134 = CYLINDRICAL_SURFACE( '', #4123, 2.00000000000000 );
#1135 = SURFACE_STYLE_USAGE( .BOTH., #4124 );
#1136 = FACE_BOUND( '', #4125, .T. );
#1137 = FACE_OUTER_BOUND( '', #4126, .T. );
#1138 = PLANE( '', #4127 );
#1139 = PRODUCT_CONTEXT( '', #189, 'mechanical' );
#1140 = PRODUCT_DEFINITION_FORMATION_WITH_SPECIFIED_SOURCE( ' ', 'NONE', #560, .NOT_KNOWN. );
#1141 = CLOSED_SHELL( '', ( #469, #243, #543, #331, #461, #305, #491, #449, #477, #383, #265, #443, #511, #385, #213, #203, #371, #519, #313, #501, #387, #375, #261, #381, #451, #427, #267, #555, #399, #233, #429, #357, #207, #215, #411, #289, #363, #235, #221, #377, #229, #245, #513, #205, #263, #529, #217, #365, #373, #483, #445, #323, #453, #325, #531, #351, #389, #359, #329, #455, #209, #557, #433, #457, #301, #303, #239, #315, #275, #417, #535, #405, #413, #333, #293, #447, #369, #241, #391, #415, #479, #459, #401, #533, #259, #285, #485, #349, #393, #287, #525, #425, #227, #495, #551, #347, #507, #291, #537, #419, #361, #307, #317, #237, #497, #335, #407, #421, #509, #463, #309, #247, #339, #465, #493, #527, #353, #299, #435, #319, #253, #559, #517, #249, #467, #251, #515, #471, #539, #345, #219, #311, #521, #225, #541, #503, #403, #545, #505, #231, #343, #439, #441, #409, #211, #355, #269, #481, #271, #273, #255, #397, #277, #337, #295, #499, #431, #423, #257, #553, #223, #473, #489, #341, #395, #367, #327, #379, #321, #549, #279, #475, #487 ) );
#1142 = ORIENTED_CLOSED_SHELL( '', *, #4128, .T. );
#1143 = ORIENTED_CLOSED_SHELL( '', *, #4129, .T. );
#1144 = CARTESIAN_POINT( '', ( 0.000000000000000, 0.000000000000000, 0.000000000000000 ) );
#1145 = DIRECTION( '', ( 0.000000000000000, 0.000000000000000, 1.00000000000000 ) );
#1146 = DIRECTION( '', ( 1.00000000000000, 0.000000000000000, 0.000000000000000 ) );
#1147 =  ( LENGTH_UNIT(  )NAMED_UNIT( #569 )SI_UNIT( .MILLI., .METRE. ) );
#1148 = SURFACE_SIDE_STYLE( '', ( #4131 ) );
#1149 = EDGE_LOOP( '', ( #4132, #4133, #4134, #4135, #4136 ) );
#1150 = AXIS2_PLACEMENT_3D( '', #4137, #4138, #4139 );
#1151 = SURFACE_SIDE_STYLE( '', ( #4140 ) );
#1152 = EDGE_LOOP( '', ( #4141, #4142, #4143, #4144 ) );
#1153 = AXIS2_PLACEMENT_3D( '', #4145, #4146, #4147 );
#1154 = SURFACE_SIDE_STYLE( '', ( #4148 ) );
#1155 = EDGE_LOOP( '', ( #4149, #4150, #4151, #4152 ) );
#1156 = AXIS2_PLACEMENT_3D( '', #4153, #4154, #4155 );
#1157 = SURFACE_SIDE_STYLE( '', ( #4156 ) );
#1158 = EDGE_LOOP( '', ( #4157, #4158, #4159, #4160 ) );
#1159 = AXIS2_PLACEMENT_3D( '', #4161, #4162, #4163 );
#1160 = SURFACE_SIDE_STYLE( '', ( #4164 ) );
#1161 = EDGE_LOOP( '', ( #4165, #4166, #4167, #4168 ) );
#1162 = AXIS2_PLACEMENT_3D( '', #4169, #4170, #4171 );
#1163 = SURFACE_SIDE_STYLE( '', ( #4172 ) );
#1164 = EDGE_LOOP( '', ( #4173, #4174, #4175, #4176, #4177, #4178, #4179, #4180, #4181, #4182, #4183, #4184, #4185, #4186, #4187, #4188 ) );
#1165 = EDGE_LOOP( '', ( #4189 ) );
#1166 = AXIS2_PLACEMENT_3D( '', #4190, #4191, #4192 );
#1167 = SURFACE_SIDE_STYLE( '', ( #4193 ) );
#1168 = EDGE_LOOP( '', ( #4194, #4195, #4196, #4197 ) );
#1169 = AXIS2_PLACEMENT_3D( '', #4198, #4199, #4200 );
#1170 = SURFACE_SIDE_STYLE( '', ( #4201 ) );
#1171 = EDGE_LOOP( '', ( #4202, #4203, #4204, #4205, #4206, #4207, #4208, #4209, #4210 ) );
#1172 = AXIS2_PLACEMENT_3D( '', #4211, #4212, #4213 );
#1173 = SURFACE_SIDE_STYLE( '', ( #4214 ) );
#1174 = EDGE_LOOP( '', ( #4215, #4216, #4217, #4218 ) );
#1177 = CARTESIAN_POINT( '', ( 130.000000000000, 2.50000000000000, 0.900000000000000 ) );
#1178 = CARTESIAN_POINT( '', ( 141.617592846460, 2.71428571428572, 0.900000000000796 ) );
#1179 = CARTESIAN_POINT( '', ( 152.084682321086, 2.92857142857140, -4.14068462376587 ) );
#1180 = CARTESIAN_POINT( '', ( 162.551771795713, 3.14285714285713, -9.18136924753252 ) );
#1181 = CARTESIAN_POINT( '', ( 169.795222457628, 3.35714285714285, -18.2643690853896 ) );
#1182 = CARTESIAN_POINT( '', ( 177.038673119544, 3.57142857142853, -27.3473689232468 ) );
#1183 = CARTESIAN_POINT( '', ( 179.623830730063, 3.78571428571425, -38.6736844616241 ) );
#1184 = CARTESIAN_POINT( '', ( 182.208988340582, 3.99999999999998, -50.0000000000015 ) );
#1185 = CARTESIAN_POINT( '', ( 179.623830730064, 4.21428571428565, -61.3263155383793 ) );
#1186 = CARTESIAN_POINT( '', ( 177.038673119547, 4.42857142857139, -72.6526310767570 ) );
#1187 = CARTESIAN_POINT( '', ( 169.795222457633, 4.64285714285710, -81.7356309146151 ) );
#1188 = CARTESIAN_POINT( '', ( 162.551771795718, 4.85714285714279, -90.8186307524732 ) );
#1189 = CARTESIAN_POINT( '', ( 152.084682321092, 5.07142857142850, -95.8593153762413 ) );
#1190 = CARTESIAN_POINT( '', ( 141.617592846467, 5.28571428571425, -100.900000000009 ) );
#1191 = CARTESIAN_POINT( '', ( 130.000000000007, 5.50000000000000, -100.900000000010 ) );
#1192 = CARTESIAN_POINT( '', ( 118.382407153547, 5.71428571428565, -100.900000000011 ) );
#1193 = CARTESIAN_POINT( '', ( 107.915317678921, 5.92857142857135, -95.8593153762443 ) );
#1194 = CARTESIAN_POINT( '', ( 97.4482282042944, 6.14285714285710, -90.8186307524777 ) );
#1195 = CARTESIAN_POINT( '', ( 90.2047775423789, 6.35714285714280, -81.7356309146206 ) );
#1196 = CARTESIAN_POINT( '', ( 82.9613268804637, 6.57142857142851, -72.6526310767635 ) );
#1197 = CARTESIAN_POINT( '', ( 80.3761692699445, 6.78571428571420, -61.3263155383860 ) );
#1198 = CARTESIAN_POINT( '', ( 77.7910116594254, 6.99999999999991, -50.0000000000087 ) );
#1199 = CARTESIAN_POINT( '', ( 80.3761692699429, 7.21428571428565, -38.6736844616309 ) );
#1200 = CARTESIAN_POINT( '', ( 82.9613268804606, 7.42857142857136, -27.3473689232533 ) );
#1201 = CARTESIAN_POINT( '', ( 90.2047775423745, 7.64285714285705, -18.2643690853951 ) );
#1202 = CARTESIAN_POINT( '', ( 97.4482282042887, 7.85714285714277, -9.18136924753699 ) );
#1203 = CARTESIAN_POINT( '', ( 107.915317678914, 8.07142857142850, -4.14068462376888 ) );
#1204 = CARTESIAN_POINT( '', ( 118.382407153540, 8.28571428571422, 0.899999999999198 ) );
#1205 = CARTESIAN_POINT( '', ( 130.000000000000, 8.49999999999960, 0.900000000000000 ) );
#1206 = CARTESIAN_POINT( '', ( 141.617592846460, 8.71428571428563, 0.900000000000796 ) );
#1207 = CARTESIAN_POINT( '', ( 152.084682321086, 8.92857142857130, -4.14068462376587 ) );
#1208 = CARTESIAN_POINT( '', ( 162.551771795713, 9.14285714285703, -9.18136924753252 ) );
#1209 = CARTESIAN_POINT( '', ( 169.795222457628, 9.35714285714275, -18.2643690853896 ) );
#1210 = CARTESIAN_POINT( '', ( 177.038673119544, 9.57142857142848, -27.3473689232468 ) );
#1211 = CARTESIAN_POINT( '', ( 179.623830730063, 9.78571428571415, -38.6736844616241 ) );
#1212 = CARTESIAN_POINT( '', ( 182.208988340582, 9.99999999999989, -50.0000000000015 ) );
#1213 = CARTESIAN_POINT( '', ( 179.623830730064, 10.2142857142856, -61.3263155383793 ) );
#1214 = CARTESIAN_POINT( '', ( 177.038673119547, 10.4285714285713, -72.6526310767570 ) );
#1215 = CARTESIAN_POINT( '', ( 169.795222457633, 10.6428571428570, -81.7356309146151 ) );
#1216 = CARTESIAN_POINT( '', ( 162.551771795718, 10.8571428571427, -90.8186307524732 ) );
#1217 = CARTESIAN_POINT( '', ( 152.084682321092, 11.0714285714284, -95.8593153762413 ) );
#1218 = CARTESIAN_POINT( '', ( 141.617592846467, 11.2857142857142, -100.900000000009 ) );
#1219 = CARTESIAN_POINT( '', ( 130.000000000007, 11.4999999999998, -100.900000000010 ) );
#1220 = CARTESIAN_POINT( '', ( 118.382407153547, 11.7142857142856, -100.900000000011 ) );
#1221 = CARTESIAN_POINT( '', ( 107.915317678921, 11.9285714285713, -95.8593153762443 ) );
#1222 = CARTESIAN_POINT( '', ( 97.4482282042944, 12.1428571428570, -90.8186307524777 ) );
#1223 = CARTESIAN_POINT( '', ( 90.2047775423789, 12.3571428571427, -81.7356309146206 ) );
#1224 = CARTESIAN_POINT( '', ( 82.9613268804637, 12.5714285714284, -72.6526310767635 ) );
#1225 = CARTESIAN_POINT( '', ( 80.3761692699445, 12.7857142857141, -61.3263155383860 ) );
#1226 = CARTESIAN_POINT( '', ( 77.7910116594254, 12.9999999999999, -50.0000000000087 ) );
#1227 = CARTESIAN_POINT( '', ( 80.3761692699429, 13.2142857142855, -38.6736844616309 ) );
#1228 = CARTESIAN_POINT( '', ( 82.9613268804606, 13.4285714285713, -27.3473689232533 ) );
#1229 = CARTESIAN_POINT( '', ( 90.2047775423745, 13.6428571428570, -18.2643690853951 ) );
#1230 = CARTESIAN_POINT( '', ( 97.4482282042887, 13.8571428571427, -9.18136924753699 ) );
#1231 = CARTESIAN_POINT( '', ( 107.915317678914, 14.0714285714284, -4.14068462376888 ) );
#1232 = CARTESIAN_POINT( '', ( 118.382407153540, 14.2857142857141, 0.899999999999198 ) );
#1233 = CARTESIAN_POINT( '', ( 130.000000000000, 14.4999999999998, 0.900000000000000 ) );
#1234 = CARTESIAN_POINT( '', ( 141.617592846460, 14.7142857142855, 0.900000000000796 ) );
#1235 = CARTESIAN_POINT( '', ( 152.084682321086, 14.9285714285712, -4.14068462376587 ) );
#1236 = CARTESIAN_POINT( '', ( 162.551771795713, 15.1428571428570, -9.18136924753252 ) );
#1237 = CARTESIAN_POINT( '', ( 169.795222457628, 15.3571428571427, -18.2643690853896 ) );
#1238 = CARTESIAN_POINT( '', ( 177.038673119544, 15.5714285714284, -27.3473689232468 ) );
#1239 = CARTESIAN_POINT( '', ( 179.623830730063, 15.7857142857141, -38.6736844616241 ) );
#1240 = CARTESIAN_POINT( '', ( 182.208988340582, 15.9999999999998, -50.0000000000015 ) );
#1241 = CARTESIAN_POINT( '', ( 179.623830730064, 16.2142857142855, -61.3263155383793 ) );
#1242 = CARTESIAN_POINT( '', ( 177.038673119547, 16.4285714285713, -72.6526310767570 ) );
#1243 = CARTESIAN_POINT( '', ( 169.795222457633, 16.6428571428570, -81.7356309146151 ) );
#1244 = CARTESIAN_POINT( '', ( 162.551771795718, 16.8571428571427, -90.8186307524732 ) );
#1245 = CARTESIAN_POINT( '', ( 152.084682321092, 17.0714285714284, -95.8593153762413 ) );
#1246 = CARTESIAN_POINT( '', ( 141.617592846467, 17.2857142857141, -100.900000000009 ) );
#1247 = CARTESIAN_POINT( '', ( 130.000000000007, 17.4999999999996, -100.900000000010 ) );
#1248 = CARTESIAN_POINT( '', ( 118.382407153547, 17.7142857142855, -100.900000000011 ) );
#1249 = CARTESIAN_POINT( '', ( 107.915317678921, 17.9285714285712, -95.8593153762443 ) );
#1250 = CARTESIAN_POINT( '', ( 97.4482282042944, 18.1428571428569, -90.8186307524777 ) );
#1251 = CARTESIAN_POINT( '', ( 90.2047775423789, 18.3571428571427, -81.7356309146206 ) );
#1252 = CARTESIAN_POINT( '', ( 82.9613268804637, 18.5714285714284, -72.6526310767635 ) );
#1253 = CARTESIAN_POINT( '', ( 80.3761692699445, 18.7857142857141, -61.3263155383860 ) );
#1254 = CARTESIAN_POINT( '', ( 77.7910116594254, 18.9999999999998, -50.0000000000087 ) );
#1255 = CARTESIAN_POINT( '', ( 80.3761692699429, 19.2142857142855, -38.6736844616309 ) );
#1256 = CARTESIAN_POINT( '', ( 82.9613268804606, 19.4285714285712, -27.3473689232533 ) );
#1257 = CARTESIAN_POINT( '', ( 90.2047775423745, 19.6428571428569, -18.2643690853951 ) );
#1258 = CARTESIAN_POINT( '', ( 97.4482282042887, 19.8571428571426, -9.18136924753699 ) );
#1259 = CARTESIAN_POINT( '', ( 107.915317678914, 20.0714285714284, -4.14068462376888 ) );
#1260 = CARTESIAN_POINT( '', ( 118.382407153540, 20.2857142857141, 0.899999999999198 ) );
#1261 = CARTESIAN_POINT( '', ( 130.000000000000, 20.4999999999998, 0.900000000000000 ) );
#1262 = CARTESIAN_POINT( '', ( 141.617592846460, 20.7142857142855, 0.900000000000796 ) );
#1263 = CARTESIAN_POINT( '', ( 152.084682321086, 20.9285714285712, -4.14068462376587 ) );
#1264 = CARTESIAN_POINT( '', ( 162.551771795713, 21.1428571428569, -9.18136924753252 ) );
#1265 = CARTESIAN_POINT( '', ( 169.795222457628, 21.3571428571426, -18.2643690853896 ) );
#1266 = CARTESIAN_POINT( '', ( 177.038673119544, 21.5714285714283, -27.3473689232468 ) );
#1267 = CARTESIAN_POINT( '', ( 179.623830730063, 21.7857142857140, -38.6736844616241 ) );
#1268 = CARTESIAN_POINT( '', ( 182.208988340582, 21.9999999999998, -50.0000000000015 ) );
#1269 = CARTESIAN_POINT( '', ( 179.623830730064, 22.2142857142854, -61.3263155383793 ) );
#1270 = CARTESIAN_POINT( '', ( 177.038673119547, 22.4285714285712, -72.6526310767570 ) );
#1271 = CARTESIAN_POINT( '', ( 169.795222457633, 22.6428571428569, -81.7356309146151 ) );
#1272 = CARTESIAN_POINT( '', ( 162.551771795718, 22.8571428571426, -90.8186307524732 ) );
#1273 = CARTESIAN_POINT( '', ( 152.084682321092, 23.0714285714283, -95.8593153762413 ) );
#1274 = CARTESIAN_POINT( '', ( 141.617592846467, 23.2857142857140, -100.900000000009 ) );
#1275 = CARTESIAN_POINT( '', ( 130.000000000007, 23.4999999999996, -100.900000000010 ) );
#1276 = CARTESIAN_POINT( '', ( 118.382407153547, 23.7142857142854, -100.900000000011 ) );
#1277 = CARTESIAN_POINT( '', ( 107.915317678921, 23.9285714285712, -95.8593153762443 ) );
#1278 = CARTESIAN_POINT( '', ( 97.4482282042944, 24.1428571428568, -90.8186307524777 ) );
#1279 = CARTESIAN_POINT( '', ( 90.2047775423789, 24.3571428571425, -81.7356309146206 ) );
#1280 = CARTESIAN_POINT( '', ( 82.9613268804637, 24.5714285714283, -72.6526310767635 ) );
#1281 = CARTESIAN_POINT( '', ( 80.3761692699445, 24.7857142857140, -61.3263155383860 ) );
#1282 = CARTESIAN_POINT( '', ( 77.7910116594254, 24.9999999999997, -50.0000000000087 ) );
#1283 = CARTESIAN_POINT( '', ( 80.3761692699429, 25.2142857142854, -38.6736844616309 ) );
#1284 = CARTESIAN_POINT( '', ( 82.9613268804606, 25.4285714285711, -27.3473689232533 ) );
#1285 = CARTESIAN_POINT( '', ( 90.2047775423745, 25.6428571428569, -18.2643690853951 ) );
#1286 = CARTESIAN_POINT( '', ( 97.4482282042887, 25.8571428571426, -9.18136924753699 ) );
#1287 = CARTESIAN_POINT( '', ( 107.915317678914, 26.0714285714283, -4.14068462376888 ) );
#1288 = CARTESIAN_POINT( '', ( 118.382407153540, 26.2857142857140, 0.899999999999198 ) );
#1289 = CARTESIAN_POINT( '', ( 130.000000000000, 26.4999999999996, 0.900000000000000 ) );
#1290 = CARTESIAN_POINT( '', ( 141.617592846460, 26.7142857142854, 0.900000000000796 ) );
#1291 = CARTESIAN_POINT( '', ( 152.084682321086, 26.9285714285711, -4.14068462376587 ) );
#1292 = CARTESIAN_POINT( '', ( 162.551771795713, 27.1428571428568, -9.18136924753252 ) );
#1293 = CARTESIAN_POINT( '', ( 169.795222457628, 27.3571428571425, -18.2643690853896 ) );
#1294 = CARTESIAN_POINT( '', ( 177.038673119544, 27.5714285714282, -27.3473689232468 ) );
#1295 = CARTESIAN_POINT( '', ( 179.623830730063, 27.7857142857139, -38.6736844616241 ) );
#1296 = CARTESIAN_POINT( '', ( 182.208988340582, 27.9999999999997, -50.0000000000015 ) );
#1297 = CARTESIAN_POINT( '', ( 179.623830730064, 28.2142857142854, -61.3263155383793 ) );
#1298 = CARTESIAN_POINT( '', ( 177.038673119547, 28.4285714285711, -72.6526310767570 ) );
#1299 = CARTESIAN_POINT( '', ( 169.795222457633, 28.6428571428568, -81.7356309146151 ) );
#1300 = CARTESIAN_POINT( '', ( 162.551771795718, 28.8571428571425, -90.8186307524732 ) );
#1301 = CARTESIAN_POINT( '', ( 152.084682321092, 29.0714285714282, -95.8593153762413 ) );
#1302 = CARTESIAN_POINT( '', ( 141.617592846467, 29.2857142857139, -100.900000000009 ) );
#1303 = CARTESIAN_POINT( '', ( 130.000000000007, 29.4999999999996, -100.900000000010 ) );
#1304 = CARTESIAN_POINT( '', ( 118.382407153547, 29.7142857142853, -100.900000000011 ) );
#1305 = CARTESIAN_POINT( '', ( 107.915317678921, 29.9285714285710, -95.8593153762443 ) );
#1306 = CARTESIAN_POINT( '', ( 97.4482282042944, 30.1428571428568, -90.8186307524777 ) );
#1307 = CARTESIAN_POINT( '', ( 90.2047775423789, 30.3571428571425, -81.7356309146206 ) );
#1308 = CARTESIAN_POINT( '', ( 82.9613268804637, 30.5714285714282, -72.6526310767635 ) );
#1309 = CARTESIAN_POINT( '', ( 80.3761692699445, 30.7857142857139, -61.3263155383860 ) );
#1310 = CARTESIAN_POINT( '', ( 77.7910116594254, 30.9999999999996, -50.0000000000087 ) );
#1311 = CARTESIAN_POINT( '', ( 80.3761692699429, 31.2142857142853, -38.6736844616309 ) );
#1312 = CARTESIAN_POINT( '', ( 82.9613268804606, 31.4285714285711, -27.3473689232533 ) );
#1313 = CARTESIAN_POINT( '', ( 90.2047775423745, 31.6428571428568, -18.2643690853951 ) );
#1314 = CARTESIAN_POINT( '', ( 97.4482282042887, 31.8571428571425, -9.18136924753699 ) );
#1315 = CARTESIAN_POINT( '', ( 107.915317678914, 32.0714285714282, -4.14068462376888 ) );
#1316 = CARTESIAN_POINT( '', ( 118.382407153540, 32.2857142857139, 0.899999999999198 ) );
#1317 = CARTESIAN_POINT( '', ( 130.000000000000, 32.4999999999996, 0.900000000000000 ) );
#1318 = CARTESIAN_POINT( '', ( 130.000000000000, 2.50000000000002, 4.40000000000001 ) );
#1319 = CARTESIAN_POINT( '', ( 142.416445006825, 2.71428571428568, 4.40000000000079 ) );
#1320 = CARTESIAN_POINT( '', ( 153.603275407998, 2.92857142857144, -0.987293586107389 ) );
#1321 = CARTESIAN_POINT( '', ( 164.790105809170, 3.14285714285712, -6.37458717221558 ) );
#1322 = CARTESIAN_POINT( '', ( 172.531632646266, 3.35714285714286, -16.0821547788841 ) );
#1323 = CARTESIAN_POINT( '', ( 180.273159483362, 3.57142857142854, -25.7897223855526 ) );
#1324 = CARTESIAN_POINT( '', ( 183.036078422699, 3.78571428571422, -37.8948611927771 ) );
#1325 = CARTESIAN_POINT( '', ( 185.798997362036, 3.99999999999995, -50.0000000000015 ) );
#1326 = CARTESIAN_POINT( '', ( 183.036078422700, 4.21428571428570, -62.1051388072263 ) );
#1327 = CARTESIAN_POINT( '', ( 180.273159483365, 4.42857142857139, -74.2102776144512 ) );
#1328 = CARTESIAN_POINT( '', ( 172.531632646270, 4.64285714285712, -83.9178452211207 ) );
#1329 = CARTESIAN_POINT( '', ( 164.790105809176, 4.85714285714282, -93.6254128277902 ) );
#1330 = CARTESIAN_POINT( '', ( 153.603275408004, 5.07142857142854, -99.0127064138998 ) );
#1331 = CARTESIAN_POINT( '', ( 142.416445006832, 5.28571428571423, -104.400000000010 ) );
#1332 = CARTESIAN_POINT( '', ( 130.000000000007, 5.49999999999996, -104.400000000010 ) );
#1333 = CARTESIAN_POINT( '', ( 117.583554993182, 5.71428571428565, -104.400000000011 ) );
#1334 = CARTESIAN_POINT( '', ( 106.396724592009, 5.92857142857138, -99.0127064139028 ) );
#1335 = CARTESIAN_POINT( '', ( 95.2098941908368, 6.14285714285708, -93.6254128277947 ) );
#1336 = CARTESIAN_POINT( '', ( 87.4683673537408, 6.35714285714280, -83.9178452211260 ) );
#1337 = CARTESIAN_POINT( '', ( 79.7268405166450, 6.57142857142849, -74.2102776144576 ) );
#1338 = CARTESIAN_POINT( '', ( 76.9639215773080, 6.78571428571421, -62.1051388072332 ) );
#1339 = CARTESIAN_POINT( '', ( 74.2010026379712, 6.99999999999990, -50.0000000000087 ) );
#1340 = CARTESIAN_POINT( '', ( 76.9639215773065, 7.21428571428564, -37.8948611927838 ) );
#1341 = CARTESIAN_POINT( '', ( 79.7268405166416, 7.42857142857132, -25.7897223855591 ) );
#1342 = CARTESIAN_POINT( '', ( 87.4683673537365, 7.64285714285709, -16.0821547788895 ) );
#1343 = CARTESIAN_POINT( '', ( 95.2098941908312, 7.85714285714278, -6.37458717222004 ) );
#1344 = CARTESIAN_POINT( '', ( 106.396724592003, 8.07142857142850, -0.987293586110419 ) );
#1345 = CARTESIAN_POINT( '', ( 117.583554993175, 8.28571428571417, 4.39999999999921 ) );
#1346 = CARTESIAN_POINT( '', ( 130.000000000000, 8.49999999999993, 4.40000000000001 ) );
#1347 = CARTESIAN_POINT( '', ( 142.416445006825, 8.71428571428563, 4.40000000000079 ) );
#1348 = CARTESIAN_POINT( '', ( 153.603275407998, 8.92857142857135, -0.987293586107389 ) );
#1349 = CARTESIAN_POINT( '', ( 164.790105809170, 9.14285714285703, -6.37458717221558 ) );
#1350 = CARTESIAN_POINT( '', ( 172.531632646266, 9.35714285714276, -16.0821547788841 ) );
#1351 = CARTESIAN_POINT( '', ( 180.273159483362, 9.57142857142846, -25.7897223855526 ) );
#1352 = CARTESIAN_POINT( '', ( 183.036078422699, 9.78571428571418, -37.8948611927771 ) );
#1353 = CARTESIAN_POINT( '', ( 185.798997362036, 9.99999999999986, -50.0000000000015 ) );
#1354 = CARTESIAN_POINT( '', ( 183.036078422700, 10.2142857142856, -62.1051388072263 ) );
#1355 = CARTESIAN_POINT( '', ( 180.273159483365, 10.4285714285713, -74.2102776144512 ) );
#1356 = CARTESIAN_POINT( '', ( 172.531632646270, 10.6428571428570, -83.9178452211207 ) );
#1357 = CARTESIAN_POINT( '', ( 164.790105809176, 10.8571428571427, -93.6254128277902 ) );
#1358 = CARTESIAN_POINT( '', ( 153.603275408004, 11.0714285714284, -99.0127064138998 ) );
#1359 = CARTESIAN_POINT( '', ( 142.416445006832, 11.2857142857141, -104.400000000010 ) );
#1360 = CARTESIAN_POINT( '', ( 130.000000000007, 11.4999999999999, -104.400000000010 ) );
#1361 = CARTESIAN_POINT( '', ( 117.583554993182, 11.7142857142856, -104.400000000011 ) );
#1362 = CARTESIAN_POINT( '', ( 106.396724592009, 11.9285714285713, -99.0127064139028 ) );
#1363 = CARTESIAN_POINT( '', ( 95.2098941908368, 12.1428571428570, -93.6254128277947 ) );
#1364 = CARTESIAN_POINT( '', ( 87.4683673537408, 12.3571428571427, -83.9178452211260 ) );
#1365 = CARTESIAN_POINT( '', ( 79.7268405166450, 12.5714285714284, -74.2102776144576 ) );
#1366 = CARTESIAN_POINT( '', ( 76.9639215773080, 12.7857142857142, -62.1051388072332 ) );
#1367 = CARTESIAN_POINT( '', ( 74.2010026379712, 12.9999999999998, -50.0000000000087 ) );
#1368 = CARTESIAN_POINT( '', ( 76.9639215773065, 13.2142857142856, -37.8948611927838 ) );
#1369 = CARTESIAN_POINT( '', ( 79.7268405166416, 13.4285714285713, -25.7897223855591 ) );
#1370 = CARTESIAN_POINT( '', ( 87.4683673537365, 13.6428571428570, -16.0821547788895 ) );
#1371 = CARTESIAN_POINT( '', ( 95.2098941908312, 13.8571428571427, -6.37458717222004 ) );
#1372 = CARTESIAN_POINT( '', ( 106.396724592003, 14.0714285714284, -0.987293586110419 ) );
#1373 = CARTESIAN_POINT( '', ( 117.583554993175, 14.2857142857141, 4.39999999999921 ) );
#1374 = CARTESIAN_POINT( '', ( 130.000000000000, 14.4999999999998, 4.40000000000001 ) );
#1375 = CARTESIAN_POINT( '', ( 142.416445006825, 14.7142857142855, 4.40000000000079 ) );
#1376 = CARTESIAN_POINT( '', ( 153.603275407998, 14.9285714285712, -0.987293586107389 ) );
#1377 = CARTESIAN_POINT( '', ( 164.790105809170, 15.1428571428570, -6.37458717221558 ) );
#1378 = CARTESIAN_POINT( '', ( 172.531632646266, 15.3571428571427, -16.0821547788841 ) );
#1379 = CARTESIAN_POINT( '', ( 180.273159483362, 15.5714285714284, -25.7897223855526 ) );
#1380 = CARTESIAN_POINT( '', ( 183.036078422699, 15.7857142857141, -37.8948611927771 ) );
#1381 = CARTESIAN_POINT( '', ( 185.798997362036, 15.9999999999998, -50.0000000000015 ) );
#1382 = CARTESIAN_POINT( '', ( 183.036078422700, 16.2142857142855, -62.1051388072263 ) );
#1383 = CARTESIAN_POINT( '', ( 180.273159483365, 16.4285714285712, -74.2102776144512 ) );
#1384 = CARTESIAN_POINT( '', ( 172.531632646270, 16.6428571428570, -83.9178452211207 ) );
#1385 = CARTESIAN_POINT( '', ( 164.790105809176, 16.8571428571426, -93.6254128277902 ) );
#1386 = CARTESIAN_POINT( '', ( 153.603275408004, 17.0714285714284, -99.0127064138998 ) );
#1387 = CARTESIAN_POINT( '', ( 142.416445006832, 17.2857142857141, -104.400000000010 ) );
#1388 = CARTESIAN_POINT( '', ( 130.000000000007, 17.4999999999998, -104.400000000010 ) );
#1389 = CARTESIAN_POINT( '', ( 117.583554993182, 17.7142857142855, -104.400000000011 ) );
#1390 = CARTESIAN_POINT( '', ( 106.396724592009, 17.9285714285712, -99.0127064139028 ) );
#1391 = CARTESIAN_POINT( '', ( 95.2098941908368, 18.1428571428569, -93.6254128277947 ) );
#1392 = CARTESIAN_POINT( '', ( 87.4683673537408, 18.3571428571426, -83.9178452211260 ) );
#1393 = CARTESIAN_POINT( '', ( 79.7268405166450, 18.5714285714284, -74.2102776144576 ) );
#1394 = CARTESIAN_POINT( '', ( 76.9639215773080, 18.7857142857141, -62.1051388072332 ) );
#1395 = CARTESIAN_POINT( '', ( 74.2010026379712, 18.9999999999998, -50.0000000000087 ) );
#1396 = CARTESIAN_POINT( '', ( 76.9639215773065, 19.2142857142855, -37.8948611927838 ) );
#1397 = CARTESIAN_POINT( '', ( 79.7268405166416, 19.4285714285712, -25.7897223855591 ) );
#1398 = CARTESIAN_POINT( '', ( 87.4683673537365, 19.6428571428569, -16.0821547788895 ) );
#1399 = CARTESIAN_POINT( '', ( 95.2098941908312, 19.8571428571426, -6.37458717222004 ) );
#1400 = CARTESIAN_POINT( '', ( 106.396724592003, 20.0714285714283, -0.987293586110419 ) );
#1401 = CARTESIAN_POINT( '', ( 117.583554993175, 20.2857142857140, 4.39999999999921 ) );
#1402 = CARTESIAN_POINT( '', ( 130.000000000000, 20.4999999999998, 4.40000000000001 ) );
#1403 = CARTESIAN_POINT( '', ( 142.416445006825, 20.7142857142855, 4.40000000000079 ) );
#1404 = CARTESIAN_POINT( '', ( 153.603275407998, 20.9285714285712, -0.987293586107389 ) );
#1405 = CARTESIAN_POINT( '', ( 164.790105809170, 21.1428571428569, -6.37458717221558 ) );
#1406 = CARTESIAN_POINT( '', ( 172.531632646266, 21.3571428571426, -16.0821547788841 ) );
#1407 = CARTESIAN_POINT( '', ( 180.273159483362, 21.5714285714283, -25.7897223855526 ) );
#1408 = CARTESIAN_POINT( '', ( 183.036078422699, 21.7857142857140, -37.8948611927771 ) );
#1409 = CARTESIAN_POINT( '', ( 185.798997362036, 21.9999999999997, -50.0000000000015 ) );
#1410 = CARTESIAN_POINT( '', ( 183.036078422700, 22.2142857142854, -62.1051388072263 ) );
#1411 = CARTESIAN_POINT( '', ( 180.273159483365, 22.4285714285711, -74.2102776144512 ) );
#1412 = CARTESIAN_POINT( '', ( 172.531632646270, 22.6428571428569, -83.9178452211207 ) );
#1413 = CARTESIAN_POINT( '', ( 164.790105809176, 22.8571428571426, -93.6254128277902 ) );
#1414 = CARTESIAN_POINT( '', ( 153.603275408004, 23.0714285714283, -99.0127064138998 ) );
#1415 = CARTESIAN_POINT( '', ( 142.416445006832, 23.2857142857140, -104.400000000010 ) );
#1416 = CARTESIAN_POINT( '', ( 130.000000000007, 23.4999999999997, -104.400000000010 ) );
#1417 = CARTESIAN_POINT( '', ( 117.583554993182, 23.7142857142854, -104.400000000011 ) );
#1418 = CARTESIAN_POINT( '', ( 106.396724592009, 23.9285714285712, -99.0127064139028 ) );
#1419 = CARTESIAN_POINT( '', ( 95.2098941908368, 24.1428571428569, -93.6254128277947 ) );
#1420 = CARTESIAN_POINT( '', ( 87.4683673537408, 24.3571428571426, -83.9178452211260 ) );
#1421 = CARTESIAN_POINT( '', ( 79.7268405166450, 24.5714285714283, -74.2102776144576 ) );
#1422 = CARTESIAN_POINT( '', ( 76.9639215773080, 24.7857142857140, -62.1051388072332 ) );
#1423 = CARTESIAN_POINT( '', ( 74.2010026379712, 24.9999999999997, -50.0000000000087 ) );
#1424 = CARTESIAN_POINT( '', ( 76.9639215773065, 25.2142857142854, -37.8948611927838 ) );
#1425 = CARTESIAN_POINT( '', ( 79.7268405166416, 25.4285714285711, -25.7897223855591 ) );
#1426 = CARTESIAN_POINT( '', ( 87.4683673537365, 25.6428571428568, -16.0821547788895 ) );
#1427 = CARTESIAN_POINT( '', ( 95.2098941908312, 25.8571428571425, -6.37458717222004 ) );
#1428 = CARTESIAN_POINT( '', ( 106.396724592003, 26.0714285714283, -0.987293586110419 ) );
#1429 = CARTESIAN_POINT( '', ( 117.583554993175, 26.2857142857140, 4.39999999999921 ) );
#1430 = CARTESIAN_POINT( '', ( 130.000000000000, 26.4999999999997, 4.40000000000001 ) );
#1431 = CARTESIAN_POINT( '', ( 142.416445006825, 26.7142857142854, 4.40000000000079 ) );
#1432 = CARTESIAN_POINT( '', ( 153.603275407998, 26.9285714285711, -0.987293586107389 ) );
#1433 = CARTESIAN_POINT( '', ( 164.790105809170, 27.1428571428568, -6.37458717221558 ) );
#1434 = CARTESIAN_POINT( '', ( 172.531632646266, 27.3571428571425, -16.0821547788841 ) );
#1435 = CARTESIAN_POINT( '', ( 180.273159483362, 27.5714285714282, -25.7897223855526 ) );
#1436 = CARTESIAN_POINT( '', ( 183.036078422699, 27.7857142857140, -37.8948611927771 ) );
#1437 = CARTESIAN_POINT( '', ( 185.798997362036, 27.9999999999996, -50.0000000000015 ) );
#1438 = CARTESIAN_POINT( '', ( 183.036078422700, 28.2142857142854, -62.1051388072263 ) );
#1439 = CARTESIAN_POINT( '', ( 180.273159483365, 28.4285714285711, -74.2102776144512 ) );
#1440 = CARTESIAN_POINT( '', ( 172.531632646270, 28.6428571428568, -83.9178452211207 ) );
#1441 = CARTESIAN_POINT( '', ( 164.790105809176, 28.8571428571425, -93.6254128277902 ) );
#1442 = CARTESIAN_POINT( '', ( 153.603275408004, 29.0714285714282, -99.0127064138998 ) );
#1443 = CARTESIAN_POINT( '', ( 142.416445006832, 29.2857142857139, -104.400000000010 ) );
#1444 = CARTESIAN_POINT( '', ( 130.000000000007, 29.4999999999996, -104.400000000010 ) );
#1445 = CARTESIAN_POINT( '', ( 117.583554993182, 29.7142857142854, -104.400000000011 ) );
#1446 = CARTESIAN_POINT( '', ( 106.396724592009, 29.9285714285711, -99.0127064139028 ) );
#1447 = CARTESIAN_POINT( '', ( 95.2098941908368, 30.1428571428568, -93.6254128277947 ) );
#1448 = CARTESIAN_POINT( '', ( 87.4683673537408, 30.3571428571425, -83.9178452211260 ) );
#1449 = CARTESIAN_POINT( '', ( 79.7268405166450, 30.5714285714282, -74.2102776144576 ) );
#1450 = CARTESIAN_POINT( '', ( 76.9639215773080, 30.7857142857139, -62.1051388072332 ) );
#1451 = CARTESIAN_POINT( '', ( 74.2010026379712, 30.9999999999997, -50.0000000000087 ) );
#1452 = CARTESIAN_POINT( '', ( 76.9639215773065, 31.2142857142854, -37.8948611927838 ) );
#1453 = CARTESIAN_POINT( '', ( 79.7268405166416, 31.4285714285710, -25.7897223855591 ) );
#1454 = CARTESIAN_POINT( '', ( 87.4683673537365, 31.6428571428567, -16.0821547788895 ) );
#1455 = CARTESIAN_POINT( '', ( 95.2098941908312, 31.8571428571424, -6.37458717222004 ) );
#1456 = CARTESIAN_POINT( '', ( 106.396724592003, 32.0714285714282, -0.987293586110419 ) );
#1457 = CARTESIAN_POINT( '', ( 117.583554993175, 32.2857142857139, 4.39999999999921 ) );
#1458 = CARTESIAN_POINT( '', ( 130.000000000000, 32.4999999999996, 4.40000000000001 ) );
#1459 = CARTESIAN_POINT( '', ( 130.000000000000, 6.00000000000000, 4.40000000000001 ) );
#1460 = CARTESIAN_POINT( '', ( 142.416445006825, 6.21428571428568, 4.40000000000079 ) );
#1461 = CARTESIAN_POINT( '', ( 153.603275407998, 6.42857142857142, -0.987293586107389 ) );
#1462 = CARTESIAN_POINT( '', ( 164.790105809170, 6.64285714285711, -6.37458717221558 ) );
#1463 = CARTESIAN_POINT( '', ( 172.531632646266, 6.85714285714284, -16.0821547788841 ) );
#1464 = CARTESIAN_POINT( '', ( 180.273159483362, 7.07142857142854, -25.7897223855526 ) );
#1465 = CARTESIAN_POINT( '', ( 183.036078422699, 7.28571428571426, -37.8948611927771 ) );
#1466 = CARTESIAN_POINT( '', ( 185.798997362036, 7.49999999999994, -50.0000000000015 ) );
#1467 = CARTESIAN_POINT( '', ( 183.036078422700, 7.71428571428568, -62.1051388072263 ) );
#1468 = CARTESIAN_POINT( '', ( 180.273159483365, 7.92857142857139, -74.2102776144512 ) );
#1469 = CARTESIAN_POINT( '', ( 172.531632646270, 8.14285714285709, -83.9178452211207 ) );
#1470 = CARTESIAN_POINT( '', ( 164.790105809176, 8.35714285714280, -93.6254128277902 ) );
#1471 = CARTESIAN_POINT( '', ( 153.603275408004, 8.57142857142854, -99.0127064138998 ) );
#1472 = CARTESIAN_POINT( '', ( 142.416445006832, 8.78571428571421, -104.400000000010 ) );
#1473 = CARTESIAN_POINT( '', ( 130.000000000007, 8.99999999999999, -104.400000000010 ) );
#1474 = CARTESIAN_POINT( '', ( 117.583554993182, 9.21428571428564, -104.400000000011 ) );
#1475 = CARTESIAN_POINT( '', ( 106.396724592009, 9.42857142857138, -99.0127064139028 ) );
#1476 = CARTESIAN_POINT( '', ( 95.2098941908368, 9.64285714285707, -93.6254128277947 ) );
#1477 = CARTESIAN_POINT( '', ( 87.4683673537408, 9.85714285714281, -83.9178452211260 ) );
#1478 = CARTESIAN_POINT( '', ( 79.7268405166450, 10.0714285714285, -74.2102776144576 ) );
#1479 = CARTESIAN_POINT( '', ( 76.9639215773080, 10.2857142857142, -62.1051388072332 ) );
#1480 = CARTESIAN_POINT( '', ( 74.2010026379712, 10.4999999999999, -50.0000000000087 ) );
#1481 = CARTESIAN_POINT( '', ( 76.9639215773065, 10.7142857142856, -37.8948611927838 ) );
#1482 = CARTESIAN_POINT( '', ( 79.7268405166416, 10.9285714285714, -25.7897223855591 ) );
#1483 = CARTESIAN_POINT( '', ( 87.4683673537365, 11.1428571428571, -16.0821547788895 ) );
#1484 = CARTESIAN_POINT( '', ( 95.2098941908312, 11.3571428571428, -6.37458717222004 ) );
#1485 = CARTESIAN_POINT( '', ( 106.396724592003, 11.5714285714285, -0.987293586110419 ) );
#1486 = CARTESIAN_POINT( '', ( 117.583554993175, 11.7857142857142, 4.39999999999921 ) );
#1487 = CARTESIAN_POINT( '', ( 130.000000000000, 12.0000000000000, 4.40000000000001 ) );
#1488 = CARTESIAN_POINT( '', ( 142.416445006825, 12.2142857142856, 4.40000000000079 ) );
#1489 = CARTESIAN_POINT( '', ( 153.603275407998, 12.4285714285713, -0.987293586107389 ) );
#1490 = CARTESIAN_POINT( '', ( 164.790105809170, 12.6428571428570, -6.37458717221558 ) );
#1491 = CARTESIAN_POINT( '', ( 172.531632646266, 12.8571428571428, -16.0821547788841 ) );
#1492 = CARTESIAN_POINT( '', ( 180.273159483362, 13.0714285714284, -25.7897223855526 ) );
#1493 = CARTESIAN_POINT( '', ( 183.036078422699, 13.2857142857142, -37.8948611927771 ) );
#1494 = CARTESIAN_POINT( '', ( 185.798997362036, 13.4999999999999, -50.0000000000015 ) );
#1495 = CARTESIAN_POINT( '', ( 183.036078422700, 13.7142857142856, -62.1051388072263 ) );
#1496 = CARTESIAN_POINT( '', ( 180.273159483365, 13.9285714285713, -74.2102776144512 ) );
#1497 = CARTESIAN_POINT( '', ( 172.531632646270, 14.1428571428570, -83.9178452211207 ) );
#1498 = CARTESIAN_POINT( '', ( 164.790105809176, 14.3571428571427, -93.6254128277902 ) );
#1499 = CARTESIAN_POINT( '', ( 153.603275408004, 14.5714285714285, -99.0127064138998 ) );
#1500 = CARTESIAN_POINT( '', ( 142.416445006832, 14.7857142857141, -104.400000000010 ) );
#1501 = CARTESIAN_POINT( '', ( 130.000000000007, 15.0000000000000, -104.400000000010 ) );
#1502 = CARTESIAN_POINT( '', ( 117.583554993182, 15.2142857142856, -104.400000000011 ) );
#1503 = CARTESIAN_POINT( '', ( 106.396724592009, 15.4285714285713, -99.0127064139028 ) );
#1504 = CARTESIAN_POINT( '', ( 95.2098941908368, 15.6428571428570, -93.6254128277947 ) );
#1505 = CARTESIAN_POINT( '', ( 87.4683673537408, 15.8571428571427, -83.9178452211260 ) );
#1506 = CARTESIAN_POINT( '', ( 79.7268405166450, 16.0714285714284, -74.2102776144576 ) );
#1507 = CARTESIAN_POINT( '', ( 76.9639215773080, 16.2857142857141, -62.1051388072332 ) );
#1508 = CARTESIAN_POINT( '', ( 74.2010026379712, 16.4999999999998, -50.0000000000087 ) );
#1509 = CARTESIAN_POINT( '', ( 76.9639215773065, 16.7142857142856, -37.8948611927838 ) );
#1510 = CARTESIAN_POINT( '', ( 79.7268405166416, 16.9285714285713, -25.7897223855591 ) );
#1511 = CARTESIAN_POINT( '', ( 87.4683673537365, 17.1428571428570, -16.0821547788895 ) );
#1512 = CARTESIAN_POINT( '', ( 95.2098941908312, 17.3571428571427, -6.37458717222004 ) );
#1513 = CARTESIAN_POINT( '', ( 106.396724592003, 17.5714285714284, -0.987293586110419 ) );
#1514 = CARTESIAN_POINT( '', ( 117.583554993175, 17.7857142857141, 4.39999999999921 ) );
#1515 = CARTESIAN_POINT( '', ( 130.000000000000, 18.0000000000000, 4.40000000000001 ) );
#1516 = CARTESIAN_POINT( '', ( 142.416445006825, 18.2142857142855, 4.40000000000079 ) );
#1517 = CARTESIAN_POINT( '', ( 153.603275407998, 18.4285714285713, -0.987293586107389 ) );
#1518 = CARTESIAN_POINT( '', ( 164.790105809170, 18.6428571428569, -6.37458717221558 ) );
#1519 = CARTESIAN_POINT( '', ( 172.531632646266, 18.8571428571427, -16.0821547788841 ) );
#1520 = CARTESIAN_POINT( '', ( 180.273159483362, 19.0714285714284, -25.7897223855526 ) );
#1521 = CARTESIAN_POINT( '', ( 183.036078422699, 19.2857142857141, -37.8948611927771 ) );
#1522 = CARTESIAN_POINT( '', ( 185.798997362036, 19.4999999999998, -50.0000000000015 ) );
#1523 = CARTESIAN_POINT( '', ( 183.036078422700, 19.7142857142855, -62.1051388072263 ) );
#1524 = CARTESIAN_POINT( '', ( 180.273159483365, 19.9285714285712, -74.2102776144512 ) );
#1525 = CARTESIAN_POINT( '', ( 172.531632646270, 20.1428571428569, -83.9178452211207 ) );
#1526 = CARTESIAN_POINT( '', ( 164.790105809176, 20.3571428571426, -93.6254128277902 ) );
#1527 = CARTESIAN_POINT( '', ( 153.603275408004, 20.5714285714284, -99.0127064138998 ) );
#1528 = CARTESIAN_POINT( '', ( 142.416445006832, 20.7857142857141, -104.400000000010 ) );
#1529 = CARTESIAN_POINT( '', ( 130.000000000007, 21.0000000000000, -104.400000000010 ) );
#1530 = CARTESIAN_POINT( '', ( 117.583554993182, 21.2142857142855, -104.400000000011 ) );
#1531 = CARTESIAN_POINT( '', ( 106.396724592009, 21.4285714285712, -99.0127064139028 ) );
#1532 = CARTESIAN_POINT( '', ( 95.2098941908368, 21.6428571428569, -93.6254128277947 ) );
#1533 = CARTESIAN_POINT( '', ( 87.4683673537408, 21.8571428571426, -83.9178452211260 ) );
#1534 = CARTESIAN_POINT( '', ( 79.7268405166450, 22.0714285714283, -74.2102776144576 ) );
#1535 = CARTESIAN_POINT( '', ( 76.9639215773080, 22.2857142857141, -62.1051388072332 ) );
#1536 = CARTESIAN_POINT( '', ( 74.2010026379712, 22.4999999999998, -50.0000000000087 ) );
#1537 = CARTESIAN_POINT( '', ( 76.9639215773065, 22.7142857142855, -37.8948611927838 ) );
#1538 = CARTESIAN_POINT( '', ( 79.7268405166416, 22.9285714285712, -25.7897223855591 ) );
#1539 = CARTESIAN_POINT( '', ( 87.4683673537365, 23.1428571428569, -16.0821547788895 ) );
#1540 = CARTESIAN_POINT( '', ( 95.2098941908312, 23.3571428571426, -6.37458717222004 ) );
#1541 = CARTESIAN_POINT( '', ( 106.396724592003, 23.5714285714283, -0.987293586110419 ) );
#1542 = CARTESIAN_POINT( '', ( 117.583554993175, 23.7857142857140, 4.39999999999921 ) );
#1543 = CARTESIAN_POINT( '', ( 130.000000000000, 24.0000000000000, 4.40000000000001 ) );
#1544 = CARTESIAN_POINT( '', ( 142.416445006825, 24.2142857142854, 4.40000000000079 ) );
#1545 = CARTESIAN_POINT( '', ( 153.603275407998, 24.4285714285712, -0.987293586107389 ) );
#1546 = CARTESIAN_POINT( '', ( 164.790105809170, 24.6428571428569, -6.37458717221558 ) );
#1547 = CARTESIAN_POINT( '', ( 172.531632646266, 24.8571428571426, -16.0821547788841 ) );
#1548 = CARTESIAN_POINT( '', ( 180.273159483362, 25.0714285714283, -25.7897223855526 ) );
#1549 = CARTESIAN_POINT( '', ( 183.036078422699, 25.2857142857140, -37.8948611927771 ) );
#1550 = CARTESIAN_POINT( '', ( 185.798997362036, 25.4999999999997, -50.0000000000015 ) );
#1551 = CARTESIAN_POINT( '', ( 183.036078422700, 25.7142857142855, -62.1051388072263 ) );
#1552 = CARTESIAN_POINT( '', ( 180.273159483365, 25.9285714285712, -74.2102776144512 ) );
#1553 = CARTESIAN_POINT( '', ( 172.531632646270, 26.1428571428569, -83.9178452211207 ) );
#1554 = CARTESIAN_POINT( '', ( 164.790105809176, 26.3571428571426, -93.6254128277902 ) );
#1555 = CARTESIAN_POINT( '', ( 153.603275408004, 26.5714285714283, -99.0127064138998 ) );
#1556 = CARTESIAN_POINT( '', ( 142.416445006832, 26.7857142857140, -104.400000000010 ) );
#1557 = CARTESIAN_POINT( '', ( 130.000000000007, 27.0000000000000, -104.400000000010 ) );
#1558 = CARTESIAN_POINT( '', ( 117.583554993182, 27.2142857142854, -104.400000000011 ) );
#1559 = CARTESIAN_POINT( '', ( 106.396724592009, 27.4285714285711, -99.0127064139028 ) );
#1560 = CARTESIAN_POINT( '', ( 95.2098941908368, 27.6428571428569, -93.6254128277947 ) );
#1561 = CARTESIAN_POINT( '', ( 87.4683673537408, 27.8571428571426, -83.9178452211260 ) );
#1562 = CARTESIAN_POINT( '', ( 79.7268405166450, 28.0714285714283, -74.2102776144576 ) );
#1563 = CARTESIAN_POINT( '', ( 76.9639215773080, 28.2857142857140, -62.1051388072332 ) );
#1564 = CARTESIAN_POINT( '', ( 74.2010026379712, 28.4999999999997, -50.0000000000087 ) );
#1565 = CARTESIAN_POINT( '', ( 76.9639215773065, 28.7142857142854, -37.8948611927838 ) );
#1566 = CARTESIAN_POINT( '', ( 79.7268405166416, 28.9285714285711, -25.7897223855591 ) );
#1567 = CARTESIAN_POINT( '', ( 87.4683673537365, 29.1428571428568, -16.0821547788895 ) );
#1568 = CARTESIAN_POINT( '', ( 95.2098941908312, 29.3571428571425, -6.37458717222004 ) );
#1569 = CARTESIAN_POINT( '', ( 106.396724592003, 29.5714285714283, -0.987293586110419 ) );
#1570 = CARTESIAN_POINT( '', ( 117.583554993175, 29.7857142857140, 4.39999999999921 ) );
#1571 = CARTESIAN_POINT( '', ( 130.000000000000, 30.0000000000000, 4.40000000000001 ) );
#1572 = CARTESIAN_POINT( '', ( 142.416445006825, 30.2142857142854, 4.40000000000079 ) );
#1573 = CARTESIAN_POINT( '', ( 153.603275407998, 30.4285714285711, -0.987293586107389 ) );
#1574 = CARTESIAN_POINT( '', ( 164.790105809170, 30.6428571428568, -6.37458717221558 ) );
#1575 = CARTESIAN_POINT( '', ( 172.531632646266, 30.8571428571425, -16.0821547788841 ) );
#1576 = CARTESIAN_POINT( '', ( 180.273159483362, 31.0714285714282, -25.7897223855526 ) );
#1577 = CARTESIAN_POINT( '', ( 183.036078422699, 31.2857142857139, -37.8948611927771 ) );
#1578 = CARTESIAN_POINT( '', ( 185.798997362036, 31.4999999999997, -50.0000000000015 ) );
#1579 = CARTESIAN_POINT( '', ( 183.036078422700, 31.7142857142854, -62.1051388072263 ) );
#1580 = CARTESIAN_POINT( '', ( 180.273159483365, 31.9285714285711, -74.2102776144512 ) );
#1581 = CARTESIAN_POINT( '', ( 172.531632646270, 32.1428571428568, -83.9178452211207 ) );
#1582 = CARTESIAN_POINT( '', ( 164.790105809176, 32.3571428571425, -93.6254128277902 ) );
#1583 = CARTESIAN_POINT( '', ( 153.603275408004, 32.5714285714282, -99.0127064138998 ) );
#1584 = CARTESIAN_POINT( '', ( 142.416445006832, 32.7857142857139, -104.400000000010 ) );
#1585 = CARTESIAN_POINT( '', ( 130.000000000007, 33.0000000000000, -104.400000000010 ) );
#1586 = CARTESIAN_POINT( '', ( 117.583554993182, 33.2142857142853, -104.400000000011 ) );
#1587 = CARTESIAN_POINT( '', ( 106.396724592009, 33.4285714285710, -99.0127064139028 ) );
#1588 = CARTESIAN_POINT( '', ( 95.2098941908368, 33.6428571428568, -93.6254128277947 ) );
#1589 = CARTESIAN_POINT( '', ( 87.4683673537408, 33.8571428571425, -83.9178452211260 ) );
#1590 = CARTESIAN_POINT( '', ( 79.7268405166450, 34.0714285714282, -74.2102776144576 ) );
#1591 = CARTESIAN_POINT( '', ( 76.9639215773080, 34.2857142857139, -62.1051388072332 ) );
#1592 = CARTESIAN_POINT( '', ( 74.2010026379712, 34.4999999999996, -50.0000000000087 ) );
#1593 = CARTESIAN_POINT( '', ( 76.9639215773065, 34.7142857142853, -37.8948611927838 ) );
#1594 = CARTESIAN_POINT( '', ( 79.7268405166416, 34.9285714285710, -25.7897223855591 ) );
#1595 = CARTESIAN_POINT( '', ( 87.4683673537365, 35.1428571428568, -16.0821547788895 ) );
#1596 = CARTESIAN_POINT( '', ( 95.2098941908312, 35.3571428571425, -6.37458717222004 ) );
#1597 = CARTESIAN_POINT( '', ( 106.396724592003, 35.5714285714281, -0.987293586110419 ) );
#1598 = CARTESIAN_POINT( '', ( 117.583554993175, 35.7857142857139, 4.39999999999921 ) );
#1599 = CARTESIAN_POINT( '', ( 130.000000000000, 35.9999999999996, 4.40000000000001 ) );
#1600 = CARTESIAN_POINT( '', ( 130.000000000000, 6.00000000000000, 0.900000000000000 ) );
#1601 = CARTESIAN_POINT( '', ( 141.617592846460, 6.21428571428569, 0.900000000000796 ) );
#1602 = CARTESIAN_POINT( '', ( 152.084682321086, 6.42857142857140, -4.14068462376587 ) );
#1603 = CARTESIAN_POINT( '', ( 162.551771795713, 6.64285714285714, -9.18136924753252 ) );
#1604 = CARTESIAN_POINT( '', ( 169.795222457628, 6.85714285714285, -18.2643690853896 ) );
#1605 = CARTESIAN_POINT( '', ( 177.038673119544, 7.07142857142855, -27.3473689232468 ) );
#1606 = CARTESIAN_POINT( '', ( 179.623830730063, 7.28571428571425, -38.6736844616241 ) );
#1607 = CARTESIAN_POINT( '', ( 182.208988340582, 7.49999999999995, -50.0000000000015 ) );
#1608 = CARTESIAN_POINT( '', ( 179.623830730064, 7.71428571428565, -61.3263155383793 ) );
#1609 = CARTESIAN_POINT( '', ( 177.038673119547, 7.92857142857140, -72.6526310767570 ) );
#1610 = CARTESIAN_POINT( '', ( 169.795222457633, 8.14285714285710, -81.7356309146151 ) );
#1611 = CARTESIAN_POINT( '', ( 162.551771795718, 8.35714285714281, -90.8186307524732 ) );
#1612 = CARTESIAN_POINT( '', ( 152.084682321092, 8.57142857142850, -95.8593153762413 ) );
#1613 = CARTESIAN_POINT( '', ( 141.617592846467, 8.78571428571426, -100.900000000009 ) );
#1614 = CARTESIAN_POINT( '', ( 130.000000000007, 9.00000000000000, -100.900000000010 ) );
#1615 = CARTESIAN_POINT( '', ( 118.382407153547, 9.21428571428566, -100.900000000011 ) );
#1616 = CARTESIAN_POINT( '', ( 107.915317678921, 9.42857142857135, -95.8593153762443 ) );
#1617 = CARTESIAN_POINT( '', ( 97.4482282042944, 9.64285714285707, -90.8186307524777 ) );
#1618 = CARTESIAN_POINT( '', ( 90.2047775423789, 9.85714285714280, -81.7356309146206 ) );
#1619 = CARTESIAN_POINT( '', ( 82.9613268804637, 10.0714285714285, -72.6526310767635 ) );
#1620 = CARTESIAN_POINT( '', ( 80.3761692699445, 10.2857142857142, -61.3263155383860 ) );
#1621 = CARTESIAN_POINT( '', ( 77.7910116594254, 10.4999999999999, -50.0000000000087 ) );
#1622 = CARTESIAN_POINT( '', ( 80.3761692699429, 10.7142857142856, -38.6736844616309 ) );
#1623 = CARTESIAN_POINT( '', ( 82.9613268804606, 10.9285714285713, -27.3473689232533 ) );
#1624 = CARTESIAN_POINT( '', ( 90.2047775423745, 11.1428571428570, -18.2643690853951 ) );
#1625 = CARTESIAN_POINT( '', ( 97.4482282042887, 11.3571428571428, -9.18136924753699 ) );
#1626 = CARTESIAN_POINT( '', ( 107.915317678914, 11.5714285714285, -4.14068462376888 ) );
#1627 = CARTESIAN_POINT( '', ( 118.382407153540, 11.7857142857142, 0.899999999999198 ) );
#1628 = CARTESIAN_POINT( '', ( 130.000000000000, 12.0000000000000, 0.900000000000000 ) );
#1629 = CARTESIAN_POINT( '', ( 141.617592846460, 12.2142857142856, 0.900000000000796 ) );
#1630 = CARTESIAN_POINT( '', ( 152.084682321086, 12.4285714285713, -4.14068462376587 ) );
#1631 = CARTESIAN_POINT( '', ( 162.551771795713, 12.6428571428570, -9.18136924753252 ) );
#1632 = CARTESIAN_POINT( '', ( 169.795222457628, 12.8571428571427, -18.2643690853896 ) );
#1633 = CARTESIAN_POINT( '', ( 177.038673119544, 13.0714285714284, -27.3473689232468 ) );
#1634 = CARTESIAN_POINT( '', ( 179.623830730063, 13.2857142857142, -38.6736844616241 ) );
#1635 = CARTESIAN_POINT( '', ( 182.208988340582, 13.4999999999999, -50.0000000000015 ) );
#1636 = CARTESIAN_POINT( '', ( 179.623830730064, 13.7142857142856, -61.3263155383793 ) );
#1637 = CARTESIAN_POINT( '', ( 177.038673119547, 13.9285714285713, -72.6526310767570 ) );
#1638 = CARTESIAN_POINT( '', ( 169.795222457633, 14.1428571428570, -81.7356309146151 ) );
#1639 = CARTESIAN_POINT( '', ( 162.551771795718, 14.3571428571428, -90.8186307524732 ) );
#1640 = CARTESIAN_POINT( '', ( 152.084682321092, 14.5714285714284, -95.8593153762413 ) );
#1641 = CARTESIAN_POINT( '', ( 141.617592846467, 14.7857142857142, -100.900000000009 ) );
#1642 = CARTESIAN_POINT( '', ( 130.000000000007, 14.9999999999998, -100.900000000010 ) );
#1643 = CARTESIAN_POINT( '', ( 118.382407153547, 15.2142857142856, -100.900000000011 ) );
#1644 = CARTESIAN_POINT( '', ( 107.915317678921, 15.4285714285713, -95.8593153762443 ) );
#1645 = CARTESIAN_POINT( '', ( 97.4482282042944, 15.6428571428570, -90.8186307524777 ) );
#1646 = CARTESIAN_POINT( '', ( 90.2047775423789, 15.8571428571427, -81.7356309146206 ) );
#1647 = CARTESIAN_POINT( '', ( 82.9613268804637, 16.0714285714284, -72.6526310767635 ) );
#1648 = CARTESIAN_POINT( '', ( 80.3761692699445, 16.2857142857142, -61.3263155383860 ) );
#1649 = CARTESIAN_POINT( '', ( 77.7910116594254, 16.4999999999999, -50.0000000000087 ) );
#1650 = CARTESIAN_POINT( '', ( 80.3761692699429, 16.7142857142855, -38.6736844616309 ) );
#1651 = CARTESIAN_POINT( '', ( 82.9613268804606, 16.9285714285713, -27.3473689232533 ) );
#1652 = CARTESIAN_POINT( '', ( 90.2047775423745, 17.1428571428570, -18.2643690853951 ) );
#1653 = CARTESIAN_POINT( '', ( 97.4482282042887, 17.3571428571427, -9.18136924753699 ) );
#1654 = CARTESIAN_POINT( '', ( 107.915317678914, 17.5714285714284, -4.14068462376888 ) );
#1655 = CARTESIAN_POINT( '', ( 118.382407153540, 17.7857142857142, 0.899999999999198 ) );
#1656 = CARTESIAN_POINT( '', ( 130.000000000000, 18.0000000000000, 0.900000000000000 ) );
#1657 = CARTESIAN_POINT( '', ( 141.617592846460, 18.2142857142856, 0.900000000000796 ) );
#1658 = CARTESIAN_POINT( '', ( 152.084682321086, 18.4285714285713, -4.14068462376587 ) );
#1659 = CARTESIAN_POINT( '', ( 162.551771795713, 18.6428571428570, -9.18136924753252 ) );
#1660 = CARTESIAN_POINT( '', ( 169.795222457628, 18.8571428571427, -18.2643690853896 ) );
#1661 = CARTESIAN_POINT( '', ( 177.038673119544, 19.0714285714284, -27.3473689232468 ) );
#1662 = CARTESIAN_POINT( '', ( 179.623830730063, 19.2857142857141, -38.6736844616241 ) );
#1663 = CARTESIAN_POINT( '', ( 182.208988340582, 19.4999999999998, -50.0000000000015 ) );
#1664 = CARTESIAN_POINT( '', ( 179.623830730064, 19.7142857142855, -61.3263155383793 ) );
#1665 = CARTESIAN_POINT( '', ( 177.038673119547, 19.9285714285712, -72.6526310767570 ) );
#1666 = CARTESIAN_POINT( '', ( 169.795222457633, 20.1428571428570, -81.7356309146151 ) );
#1667 = CARTESIAN_POINT( '', ( 162.551771795718, 20.3571428571427, -90.8186307524732 ) );
#1668 = CARTESIAN_POINT( '', ( 152.084682321092, 20.5714285714284, -95.8593153762413 ) );
#1669 = CARTESIAN_POINT( '', ( 141.617592846467, 20.7857142857141, -100.900000000009 ) );
#1670 = CARTESIAN_POINT( '', ( 130.000000000007, 21.0000000000000, -100.900000000010 ) );
#1671 = CARTESIAN_POINT( '', ( 118.382407153547, 21.2142857142855, -100.900000000011 ) );
#1672 = CARTESIAN_POINT( '', ( 107.915317678921, 21.4285714285712, -95.8593153762443 ) );
#1673 = CARTESIAN_POINT( '', ( 97.4482282042944, 21.6428571428570, -90.8186307524777 ) );
#1674 = CARTESIAN_POINT( '', ( 90.2047775423789, 21.8571428571427, -81.7356309146206 ) );
#1675 = CARTESIAN_POINT( '', ( 82.9613268804637, 22.0714285714284, -72.6526310767635 ) );
#1676 = CARTESIAN_POINT( '', ( 80.3761692699445, 22.2857142857141, -61.3263155383860 ) );
#1677 = CARTESIAN_POINT( '', ( 77.7910116594254, 22.4999999999998, -50.0000000000087 ) );
#1678 = CARTESIAN_POINT( '', ( 80.3761692699429, 22.7142857142855, -38.6736844616309 ) );
#1679 = CARTESIAN_POINT( '', ( 82.9613268804606, 22.9285714285712, -27.3473689232533 ) );
#1680 = CARTESIAN_POINT( '', ( 90.2047775423745, 23.1428571428569, -18.2643690853951 ) );
#1681 = CARTESIAN_POINT( '', ( 97.4482282042887, 23.3571428571426, -9.18136924753699 ) );
#1682 = CARTESIAN_POINT( '', ( 107.915317678914, 23.5714285714284, -4.14068462376888 ) );
#1683 = CARTESIAN_POINT( '', ( 118.382407153540, 23.7857142857141, 0.899999999999198 ) );
#1684 = CARTESIAN_POINT( '', ( 130.000000000000, 23.9999999999998, 0.900000000000000 ) );
#1685 = CARTESIAN_POINT( '', ( 141.617592846460, 24.2142857142855, 0.900000000000796 ) );
#1686 = CARTESIAN_POINT( '', ( 152.084682321086, 24.4285714285712, -4.14068462376587 ) );
#1687 = CARTESIAN_POINT( '', ( 162.551771795713, 24.6428571428569, -9.18136924753252 ) );
#1688 = CARTESIAN_POINT( '', ( 169.795222457628, 24.8571428571426, -18.2643690853896 ) );
#1689 = CARTESIAN_POINT( '', ( 177.038673119544, 25.0714285714283, -27.3473689232468 ) );
#1690 = CARTESIAN_POINT( '', ( 179.623830730063, 25.2857142857141, -38.6736844616241 ) );
#1691 = CARTESIAN_POINT( '', ( 182.208988340582, 25.4999999999997, -50.0000000000015 ) );
#1692 = CARTESIAN_POINT( '', ( 179.623830730064, 25.7142857142854, -61.3263155383793 ) );
#1693 = CARTESIAN_POINT( '', ( 177.038673119547, 25.9285714285711, -72.6526310767570 ) );
#1694 = CARTESIAN_POINT( '', ( 169.795222457633, 26.1428571428569, -81.7356309146151 ) );
#1695 = CARTESIAN_POINT( '', ( 162.551771795718, 26.3571428571426, -90.8186307524732 ) );
#1696 = CARTESIAN_POINT( '', ( 152.084682321092, 26.5714285714283, -95.8593153762413 ) );
#1697 = CARTESIAN_POINT( '', ( 141.617592846467, 26.7857142857140, -100.900000000009 ) );
#1698 = CARTESIAN_POINT( '', ( 130.000000000007, 27.0000000000000, -100.900000000010 ) );
#1699 = CARTESIAN_POINT( '', ( 118.382407153547, 27.2142857142854, -100.900000000011 ) );
#1700 = CARTESIAN_POINT( '', ( 107.915317678921, 27.4285714285712, -95.8593153762443 ) );
#1701 = CARTESIAN_POINT( '', ( 97.4482282042944, 27.6428571428569, -90.8186307524777 ) );
#1702 = CARTESIAN_POINT( '', ( 90.2047775423789, 27.8571428571426, -81.7356309146206 ) );
#1703 = CARTESIAN_POINT( '', ( 82.9613268804637, 28.0714285714283, -72.6526310767635 ) );
#1704 = CARTESIAN_POINT( '', ( 80.3761692699445, 28.2857142857140, -61.3263155383860 ) );
#1705 = CARTESIAN_POINT( '', ( 77.7910116594254, 28.4999999999997, -50.0000000000087 ) );
#1706 = CARTESIAN_POINT( '', ( 80.3761692699429, 28.7142857142854, -38.6736844616309 ) );
#1707 = CARTESIAN_POINT( '', ( 82.9613268804606, 28.9285714285711, -27.3473689232533 ) );
#1708 = CARTESIAN_POINT( '', ( 90.2047775423745, 29.1428571428568, -18.2643690853951 ) );
#1709 = CARTESIAN_POINT( '', ( 97.4482282042887, 29.3571428571426, -9.18136924753699 ) );
#1710 = CARTESIAN_POINT( '', ( 107.915317678914, 29.5714285714283, -4.14068462376888 ) );
#1711 = CARTESIAN_POINT( '', ( 118.382407153540, 29.7857142857140, 0.899999999999198 ) );
#1712 = CARTESIAN_POINT( '', ( 130.000000000000, 30.0000000000000, 0.900000000000000 ) );
#1713 = CARTESIAN_POINT( '', ( 141.617592846460, 30.2142857142854, 0.900000000000796 ) );
#1714 = CARTESIAN_POINT( '', ( 152.084682321086, 30.4285714285711, -4.14068462376587 ) );
#1715 = CARTESIAN_POINT( '', ( 162.551771795713, 30.6428571428568, -9.18136924753252 ) );
#1716 = CARTESIAN_POINT( '', ( 169.795222457628, 30.8571428571426, -18.2643690853896 ) );
#1717 = CARTESIAN_POINT( '', ( 177.038673119544, 31.0714285714282, -27.3473689232468 ) );
#1718 = CARTESIAN_POINT( '', ( 179.623830730063, 31.2857142857140, -38.6736844616241 ) );
#1719 = CARTESIAN_POINT( '', ( 182.208988340582, 31.4999999999997, -50.0000000000015 ) );
#1720 = CARTESIAN_POINT( '', ( 179.623830730064, 31.7142857142853, -61.3263155383793 ) );
#1721 = CARTESIAN_POINT( '', ( 177.038673119547, 31.9285714285711, -72.6526310767570 ) );
#1722 = CARTESIAN_POINT( '', ( 169.795222457633, 32.1428571428568, -81.7356309146151 ) );
#1723 = CARTESIAN_POINT( '', ( 162.551771795718, 32.3571428571425, -90.8186307524732 ) );
#1724 = CARTESIAN_POINT( '', ( 152.084682321092, 32.5714285714282, -95.8593153762413 ) );
#1725 = CARTESIAN_POINT( '', ( 141.617592846467, 32.7857142857140, -100.900000000009 ) );
#1726 = CARTESIAN_POINT( '', ( 130.000000000007, 32.9999999999996, -100.900000000010 ) );
#1727 = CARTESIAN_POINT( '', ( 118.382407153547, 33.2142857142854, -100.900000000011 ) );
#1728 = CARTESIAN_POINT( '', ( 107.915317678921, 33.4285714285711, -95.8593153762443 ) );
#1729 = CARTESIAN_POINT( '', ( 97.4482282042944, 33.6428571428568, -90.8186307524777 ) );
#1730 = CARTESIAN_POINT( '', ( 90.2047775423789, 33.8571428571425, -81.7356309146206 ) );
#1731 = CARTESIAN_POINT( '', ( 82.9613268804637, 34.0714285714282, -72.6526310767635 ) );
#1732 = CARTESIAN_POINT( '', ( 80.3761692699445, 34.2857142857139, -61.3263155383860 ) );
#1733 = CARTESIAN_POINT( '', ( 77.7910116594254, 34.4999999999996, -50.0000000000087 ) );
#1734 = CARTESIAN_POINT( '', ( 80.3761692699429, 34.7142857142854, -38.6736844616309 ) );
#1735 = CARTESIAN_POINT( '', ( 82.9613268804606, 34.9285714285711, -27.3473689232533 ) );
#1736 = CARTESIAN_POINT( '', ( 90.2047775423745, 35.1428571428568, -18.2643690853951 ) );
#1737 = CARTESIAN_POINT( '', ( 97.4482282042887, 35.3571428571425, -9.18136924753699 ) );
#1738 = CARTESIAN_POINT( '', ( 107.915317678914, 35.5714285714282, -4.14068462376888 ) );
#1739 = CARTESIAN_POINT( '', ( 118.382407153540, 35.7857142857139, 0.899999999999198 ) );
#1740 = CARTESIAN_POINT( '', ( 130.000000000000, 36.0000000000000, 0.900000000000000 ) );
#1746 = SURFACE_SIDE_STYLE( '', ( #4219 ) );
#1747 = EDGE_LOOP( '', ( #4220, #4221, #4222, #4223 ) );
#1748 = AXIS2_PLACEMENT_3D( '', #4224, #4225, #4226 );
#1749 = SURFACE_SIDE_STYLE( '', ( #4227 ) );
#1750 = EDGE_LOOP( '', ( #4228 ) );
#1751 = EDGE_LOOP( '', ( #4229 ) );
#1752 = AXIS2_PLACEMENT_3D( '', #4230, #4231, #4232 );
#1753 = SURFACE_SIDE_STYLE( '', ( #4233 ) );
#1754 = EDGE_LOOP( '', ( #4234, #4235, #4236, #4237 ) );
#1755 = AXIS2_PLACEMENT_3D( '', #4238, #4239, #4240 );
#1756 = SURFACE_SIDE_STYLE( '', ( #4241 ) );
#1757 = EDGE_LOOP( '', ( #4242, #4243, #4244, #4245 ) );
#1758 = AXIS2_PLACEMENT_3D( '', #4246, #4247, #4248 );
#1759 = SURFACE_SIDE_STYLE( '', ( #4249 ) );
#1760 = EDGE_LOOP( '', ( #4250, #4251, #4252, #4253 ) );
#1761 = AXIS2_PLACEMENT_3D( '', #4254, #4255, #4256 );
#1762 = SURFACE_SIDE_STYLE( '', ( #4257 ) );
#1763 = EDGE_LOOP( '', ( #4258, #4259, #4260, #4261 ) );
#1764 = AXIS2_PLACEMENT_3D( '', #4262, #4263, #4264 );
#1765 = SURFACE_SIDE_STYLE( '', ( #4265 ) );
#1766 = EDGE_LOOP( '', ( #4266, #4267, #4268, #4269 ) );
#1767 = AXIS2_PLACEMENT_3D( '', #4270, #4271, #4272 );
#1768 = SURFACE_SIDE_STYLE( '', ( #4273 ) );
#1769 = EDGE_LOOP( '', ( #4274, #4275, #4276, #4277 ) );
#1772 = CARTESIAN_POINT( '', ( -120.000000000000, 6.00000000000000, 0.900000000000000 ) );
#1773 = CARTESIAN_POINT( '', ( -125.306660779571, 6.00000000000001, 1.15000000000000 ) );
#1774 = CARTESIAN_POINT( '', ( -130.087796934483, 8.30247382126875, 1.40000000000000 ) );
#1775 = CARTESIAN_POINT( '', ( -134.868933089395, 10.6049476425375, 1.65000000000000 ) );
#1776 = CARTESIAN_POINT( '', ( -138.177581967382, 14.7538621067844, 1.90000000000000 ) );
#1777 = CARTESIAN_POINT( '', ( -141.486230845368, 18.9027765710314, 2.15000000000000 ) );
#1778 = CARTESIAN_POINT( '', ( -142.667073958227, 24.0763882855157, 2.40000000000000 ) );
#1779 = CARTESIAN_POINT( '', ( -143.847917071087, 29.2500000000000, 2.65000000000000 ) );
#1780 = CARTESIAN_POINT( '', ( -142.667073958227, 34.4236117144843, 2.90000000000000 ) );
#1781 = CARTESIAN_POINT( '', ( -141.486230845368, 39.5972234289686, 3.15000000000000 ) );
#1782 = CARTESIAN_POINT( '', ( -138.177581967382, 43.7461378932156, 3.40000000000000 ) );
#1783 = CARTESIAN_POINT( '', ( -134.868933089395, 47.8950523574625, 3.65000000000000 ) );
#1784 = CARTESIAN_POINT( '', ( -130.087796934483, 50.1975261787313, 3.90000000000000 ) );
#1785 = CARTESIAN_POINT( '', ( -125.306660779571, 52.5000000000001, 4.15000000000000 ) );
#1786 = CARTESIAN_POINT( '', ( -120.000000000000, 52.5000000000000, 4.40000000000000 ) );
#1787 = CARTESIAN_POINT( '', ( -114.693339220429, 52.5000000000001, 4.65000000000000 ) );
#1788 = CARTESIAN_POINT( '', ( -109.912203065517, 50.1975261787313, 4.90000000000000 ) );
#1789 = CARTESIAN_POINT( '', ( -105.131066910604, 47.8950523574625, 5.15000000000000 ) );
#1790 = CARTESIAN_POINT( '', ( -101.822418032618, 43.7461378932156, 5.40000000000000 ) );
#1791 = CARTESIAN_POINT( '', ( -98.5137691546320, 39.5972234289686, 5.64999999999999 ) );
#1792 = CARTESIAN_POINT( '', ( -97.3329260417725, 34.4236117144843, 5.90000000000000 ) );
#1793 = CARTESIAN_POINT( '', ( -96.1520829289131, 29.2500000000000, 6.15000000000000 ) );
#1794 = CARTESIAN_POINT( '', ( -97.3329260417725, 24.0763882855157, 6.40000000000000 ) );
#1795 = CARTESIAN_POINT( '', ( -98.5137691546320, 18.9027765710314, 6.65000000000000 ) );
#1796 = CARTESIAN_POINT( '', ( -101.822418032618, 14.7538621067845, 6.90000000000000 ) );
#1797 = CARTESIAN_POINT( '', ( -105.131066910604, 10.6049476425375, 7.15000000000000 ) );
#1798 = CARTESIAN_POINT( '', ( -109.912203065517, 8.30247382126875, 7.40000000000000 ) );
#1799 = CARTESIAN_POINT( '', ( -114.693339220429, 6.00000000000001, 7.65000000000000 ) );
#1800 = CARTESIAN_POINT( '', ( -120.000000000000, 6.00000000000000, 7.90000000000000 ) );
#1801 = CARTESIAN_POINT( '', ( -120.000000000000, 6.00000000000000, 4.40000000000000 ) );
#1802 = CARTESIAN_POINT( '', ( -125.306660779571, 6.00000000000001, 4.65000000000000 ) );
#1803 = CARTESIAN_POINT( '', ( -130.087796934483, 8.30247382126876, 4.90000000000000 ) );
#1804 = CARTESIAN_POINT( '', ( -134.868933089395, 10.6049476425375, 5.15000000000000 ) );
#1805 = CARTESIAN_POINT( '', ( -138.177581967382, 14.7538621067845, 5.40000000000000 ) );
#1806 = CARTESIAN_POINT( '', ( -141.486230845368, 18.9027765710314, 5.65000000000000 ) );
#1807 = CARTESIAN_POINT( '', ( -142.667073958227, 24.0763882855157, 5.89999999999999 ) );
#1808 = CARTESIAN_POINT( '', ( -143.847917071087, 29.2500000000000, 6.15000000000001 ) );
#1809 = CARTESIAN_POINT( '', ( -142.667073958227, 34.4236117144843, 6.40000000000000 ) );
#1810 = CARTESIAN_POINT( '', ( -141.486230845368, 39.5972234289686, 6.65000000000000 ) );
#1811 = CARTESIAN_POINT( '', ( -138.177581967382, 43.7461378932156, 6.90000000000000 ) );
#1812 = CARTESIAN_POINT( '', ( -134.868933089395, 47.8950523574625, 7.15000000000001 ) );
#1813 = CARTESIAN_POINT( '', ( -130.087796934483, 50.1975261787312, 7.40000000000000 ) );
#1814 = CARTESIAN_POINT( '', ( -125.306660779571, 52.5000000000000, 7.65000000000000 ) );
#1815 = CARTESIAN_POINT( '', ( -120.000000000000, 52.5000000000000, 7.90000000000000 ) );
#1816 = CARTESIAN_POINT( '', ( -114.693339220429, 52.5000000000000, 8.15000000000001 ) );
#1817 = CARTESIAN_POINT( '', ( -109.912203065517, 50.1975261787312, 8.40000000000000 ) );
#1818 = CARTESIAN_POINT( '', ( -105.131066910605, 47.8950523574625, 8.65000000000000 ) );
#1819 = CARTESIAN_POINT( '', ( -101.822418032618, 43.7461378932156, 8.90000000000000 ) );
#1820 = CARTESIAN_POINT( '', ( -98.5137691546319, 39.5972234289686, 9.15000000000001 ) );
#1821 = CARTESIAN_POINT( '', ( -97.3329260417725, 34.4236117144843, 9.40000000000000 ) );
#1822 = CARTESIAN_POINT( '', ( -96.1520829289130, 29.2500000000000, 9.65000000000000 ) );
#1823 = CARTESIAN_POINT( '', ( -97.3329260417725, 24.0763882855157, 9.89999999999999 ) );
#1824 = CARTESIAN_POINT( '', ( -98.5137691546319, 18.9027765710314, 10.1500000000000 ) );
#1825 = CARTESIAN_POINT( '', ( -101.822418032618, 14.7538621067845, 10.4000000000000 ) );
#1826 = CARTESIAN_POINT( '', ( -105.131066910605, 10.6049476425375, 10.6500000000000 ) );
#1827 = CARTESIAN_POINT( '', ( -109.912203065517, 8.30247382126876, 10.9000000000000 ) );
#1828 = CARTESIAN_POINT( '', ( -114.693339220429, 6.00000000000001, 11.1500000000000 ) );
#1829 = CARTESIAN_POINT( '', ( -120.000000000000, 6.00000000000000, 11.4000000000000 ) );
#1830 = CARTESIAN_POINT( '', ( -120.000000000000, 2.50000000000001, 4.40000000000000 ) );
#1831 = CARTESIAN_POINT( '', ( -126.105512939936, 2.49999999999998, 4.65000000000000 ) );
#1832 = CARTESIAN_POINT( '', ( -131.606390021395, 5.14908278361028, 4.90000000000000 ) );
#1833 = CARTESIAN_POINT( '', ( -137.107267102853, 7.79816556722056, 5.15000000000000 ) );
#1834 = CARTESIAN_POINT( '', ( -140.913992156020, 12.5716478002789, 5.40000000000000 ) );
#1835 = CARTESIAN_POINT( '', ( -144.720717209187, 17.3451300333372, 5.65000000000000 ) );
#1836 = CARTESIAN_POINT( '', ( -146.079321650864, 23.2975650166686, 5.89999999999999 ) );
#1837 = CARTESIAN_POINT( '', ( -147.437926092541, 29.2500000000000, 6.15000000000001 ) );
#1838 = CARTESIAN_POINT( '', ( -146.079321650864, 35.2024349833314, 6.40000000000000 ) );
#1839 = CARTESIAN_POINT( '', ( -144.720717209187, 41.1548699666628, 6.65000000000000 ) );
#1840 = CARTESIAN_POINT( '', ( -140.913992156020, 45.9283521997212, 6.90000000000000 ) );
#1841 = CARTESIAN_POINT( '', ( -137.107267102853, 50.7018344327794, 7.15000000000001 ) );
#1842 = CARTESIAN_POINT( '', ( -131.606390021395, 53.3509172163897, 7.40000000000000 ) );
#1843 = CARTESIAN_POINT( '', ( -126.105512939936, 56.0000000000001, 7.65000000000000 ) );
#1844 = CARTESIAN_POINT( '', ( -120.000000000000, 56.0000000000001, 7.90000000000000 ) );
#1845 = CARTESIAN_POINT( '', ( -113.894487060063, 56.0000000000001, 8.15000000000001 ) );
#1846 = CARTESIAN_POINT( '', ( -108.393609978605, 53.3509172163897, 8.40000000000000 ) );
#1847 = CARTESIAN_POINT( '', ( -102.892732897147, 50.7018344327794, 8.65000000000000 ) );
#1848 = CARTESIAN_POINT( '', ( -99.0860078439800, 45.9283521997212, 8.90000000000000 ) );
#1849 = CARTESIAN_POINT( '', ( -95.2792827908131, 41.1548699666628, 9.15000000000001 ) );
#1850 = CARTESIAN_POINT( '', ( -93.9206783491361, 35.2024349833314, 9.40000000000000 ) );
#1851 = CARTESIAN_POINT( '', ( -92.5620739074591, 29.2500000000000, 9.65000000000000 ) );
#1852 = CARTESIAN_POINT( '', ( -93.9206783491361, 23.2975650166686, 9.89999999999999 ) );
#1853 = CARTESIAN_POINT( '', ( -95.2792827908131, 17.3451300333372, 10.1500000000000 ) );
#1854 = CARTESIAN_POINT( '', ( -99.0860078439800, 12.5716478002789, 10.4000000000000 ) );
#1855 = CARTESIAN_POINT( '', ( -102.892732897147, 7.79816556722056, 10.6500000000000 ) );
#1856 = CARTESIAN_POINT( '', ( -108.393609978605, 5.14908278361028, 10.9000000000000 ) );
#1857 = CARTESIAN_POINT( '', ( -113.894487060063, 2.49999999999998, 11.1500000000000 ) );
#1858 = CARTESIAN_POINT( '', ( -120.000000000000, 2.50000000000001, 11.4000000000000 ) );
#1859 = CARTESIAN_POINT( '', ( -120.000000000000, 2.50000000000000, 0.900000000000000 ) );
#1860 = CARTESIAN_POINT( '', ( -126.105512939936, 2.49999999999999, 1.15000000000000 ) );
#1861 = CARTESIAN_POINT( '', ( -131.606390021395, 5.14908278361030, 1.40000000000000 ) );
#1862 = CARTESIAN_POINT( '', ( -137.107267102853, 7.79816556722058, 1.65000000000000 ) );
#1863 = CARTESIAN_POINT( '', ( -140.913992156020, 12.5716478002788, 1.90000000000000 ) );
#1864 = CARTESIAN_POINT( '', ( -144.720717209187, 17.3451300333372, 2.15000000000000 ) );
#1865 = CARTESIAN_POINT( '', ( -146.079321650864, 23.2975650166686, 2.40000000000000 ) );
#1866 = CARTESIAN_POINT( '', ( -147.437926092541, 29.2500000000000, 2.65000000000000 ) );
#1867 = CARTESIAN_POINT( '', ( -146.079321650864, 35.2024349833314, 2.90000000000000 ) );
#1868 = CARTESIAN_POINT( '', ( -144.720717209187, 41.1548699666628, 3.15000000000000 ) );
#1869 = CARTESIAN_POINT( '', ( -140.913992156020, 45.9283521997211, 3.40000000000000 ) );
#1870 = CARTESIAN_POINT( '', ( -137.107267102853, 50.7018344327795, 3.65000000000000 ) );
#1871 = CARTESIAN_POINT( '', ( -131.606390021395, 53.3509172163897, 3.90000000000000 ) );
#1872 = CARTESIAN_POINT( '', ( -126.105512939936, 56.0000000000001, 4.15000000000000 ) );
#1873 = CARTESIAN_POINT( '', ( -120.000000000000, 56.0000000000000, 4.40000000000000 ) );
#1874 = CARTESIAN_POINT( '', ( -113.894487060063, 56.0000000000001, 4.65000000000000 ) );
#1875 = CARTESIAN_POINT( '', ( -108.393609978605, 53.3509172163897, 4.90000000000000 ) );
#1876 = CARTESIAN_POINT( '', ( -102.892732897147, 50.7018344327795, 5.15000000000000 ) );
#1877 = CARTESIAN_POINT( '', ( -99.0860078439801, 45.9283521997212, 5.40000000000000 ) );
#1878 = CARTESIAN_POINT( '', ( -95.2792827908132, 41.1548699666628, 5.64999999999999 ) );
#1879 = CARTESIAN_POINT( '', ( -93.9206783491361, 35.2024349833314, 5.90000000000000 ) );
#1880 = CARTESIAN_POINT( '', ( -92.5620739074591, 29.2500000000000, 6.15000000000000 ) );
#1881 = CARTESIAN_POINT( '', ( -93.9206783491361, 23.2975650166686, 6.40000000000000 ) );
#1882 = CARTESIAN_POINT( '', ( -95.2792827908132, 17.3451300333372, 6.65000000000000 ) );
#1883 = CARTESIAN_POINT( '', ( -99.0860078439801, 12.5716478002789, 6.90000000000000 ) );
#1884 = CARTESIAN_POINT( '', ( -102.892732897147, 7.79816556722058, 7.15000000000000 ) );
#1885 = CARTESIAN_POINT( '', ( -108.393609978605, 5.14908278361030, 7.40000000000000 ) );
#1886 = CARTESIAN_POINT( '', ( -113.894487060063, 2.49999999999999, 7.65000000000000 ) );
#1887 = CARTESIAN_POINT( '', ( -120.000000000000, 2.50000000000000, 7.90000000000000 ) );
#1893 = SURFACE_SIDE_STYLE( '', ( #4278 ) );
#1894 = EDGE_LOOP( '', ( #4279, #4280, #4281, #4282, #4283 ) );
#1895 = AXIS2_PLACEMENT_3D( '', #4284, #4285, #4286 );
#1896 = SURFACE_SIDE_STYLE( '', ( #4287 ) );
#1897 = EDGE_LOOP( '', ( #4288, #4289, #4290, #4291 ) );
#1898 = AXIS2_PLACEMENT_3D( '', #4292, #4293, #4294 );
#1899 = SURFACE_SIDE_STYLE( '', ( #4295 ) );
#1900 = EDGE_LOOP( '', ( #4296, #4297, #4298, #4299, #4300, #4301 ) );
#1901 = AXIS2_PLACEMENT_3D( '', #4302, #4303, #4304 );
#1902 = SURFACE_SIDE_STYLE( '', ( #4305 ) );
#1903 = EDGE_LOOP( '', ( #4306, #4307, #4308, #4309 ) );
#1904 = AXIS2_PLACEMENT_3D( '', #4310, #4311, #4312 );
#1905 = SURFACE_SIDE_STYLE( '', ( #4313 ) );
#1906 = EDGE_LOOP( '', ( #4314, #4315, #4316, #4317 ) );
#1907 = AXIS2_PLACEMENT_3D( '', #4318, #4319, #4320 );
#1908 = SURFACE_SIDE_STYLE( '', ( #4321 ) );
#1909 = EDGE_LOOP( '', ( #4322, #4323, #4324, #4325 ) );
#1910 = AXIS2_PLACEMENT_3D( '', #4326, #4327, #4328 );
#1911 = SURFACE_SIDE_STYLE( '', ( #4329 ) );
#1912 = EDGE_LOOP( '', ( #4330 ) );
#1913 = EDGE_LOOP( '', ( #4331 ) );
#1914 = AXIS2_PLACEMENT_3D( '', #4332, #4333, #4334 );
#1915 = SURFACE_SIDE_STYLE( '', ( #4335 ) );
#1916 = EDGE_LOOP( '', ( #4336, #4337, #4338, #4339 ) );
#1917 = AXIS2_PLACEMENT_3D( '', #4340, #4341, #4342 );
#1918 = SURFACE_SIDE_STYLE( '', ( #4343 ) );
#1919 = EDGE_LOOP( '', ( #4344 ) );
#1920 = EDGE_LOOP( '', ( #4345 ) );
#1921 = AXIS2_PLACEMENT_3D( '', #4346, #4347, #4348 );
#1922 = SURFACE_SIDE_STYLE( '', ( #4349 ) );
#1923 = EDGE_LOOP( '', ( #4350, #4351, #4352, #4353 ) );
#1924 = AXIS2_PLACEMENT_3D( '', #4354, #4355, #4356 );
#1925 = SURFACE_SIDE_STYLE( '', ( #4357 ) );
#1926 = EDGE_LOOP( '', ( #4358, #4359, #4360, #4361 ) );
#1927 = CARTESIAN_POINT( '', ( 183.000000000004, 36.5000000000000, -4.00000000000511 ) );
#1928 = CARTESIAN_POINT( '', ( 190.206478566775, 36.5000000000000, -4.00000000000511 ) );
#1929 = CARTESIAN_POINT( '', ( 196.009446193274, 41.1000000000000, -10.8000000000051 ) );
#1930 = CARTESIAN_POINT( '', ( 203.000000000004, 41.1000000000000, -10.8000000000051 ) );
#1931 = CARTESIAN_POINT( '', ( 183.000000000004, 36.5000000000000, -2.66666666667177 ) );
#1932 = CARTESIAN_POINT( '', ( 190.023603136678, 36.5000000000000, -2.66666666667177 ) );
#1933 = CARTESIAN_POINT( '', ( 196.119171451332, 41.1000000000000, -7.20000000000510 ) );
#1934 = CARTESIAN_POINT( '', ( 203.000000000004, 41.1000000000000, -7.20000000000510 ) );
#1935 = CARTESIAN_POINT( '', ( 183.000000000004, 36.5000000000000, -5.10355646632377E-012 ) );
#1936 = CARTESIAN_POINT( '', ( 189.657852276486, 36.5000000000000, -5.10355646632377E-012 ) );
#1937 = CARTESIAN_POINT( '', ( 196.338621967447, 41.1000000000000, -5.15039400017514E-012 ) );
#1938 = CARTESIAN_POINT( '', ( 203.000000000004, 41.1000000000000, -5.15039400017514E-012 ) );
#1939 = CARTESIAN_POINT( '', ( 183.000000000004, 36.5000000000000, 2.66666666666156 ) );
#1940 = CARTESIAN_POINT( '', ( 190.023603136678, 36.5000000000000, 2.66666666666156 ) );
#1941 = CARTESIAN_POINT( '', ( 196.119171451332, 41.1000000000000, 7.19999999999490 ) );
#1942 = CARTESIAN_POINT( '', ( 203.000000000004, 41.1000000000000, 7.19999999999490 ) );
#1943 = CARTESIAN_POINT( '', ( 183.000000000004, 36.5000000000000, 3.99999999999489 ) );
#1944 = CARTESIAN_POINT( '', ( 190.206478566775, 36.5000000000000, 3.99999999999489 ) );
#1945 = CARTESIAN_POINT( '', ( 196.009446193274, 41.1000000000000, 10.7999999999949 ) );
#1946 = CARTESIAN_POINT( '', ( 203.000000000004, 41.1000000000000, 10.7999999999949 ) );
#1947 = SURFACE_SIDE_STYLE( '', ( #4362 ) );
#1948 = EDGE_LOOP( '', ( #4363, #4364, #4365 ) );
#1951 = CARTESIAN_POINT( '', ( -76.0000000000000, 10.8629614310251, -25.0000000000000 ) );
#1952 = CARTESIAN_POINT( '', ( -76.0000000000000, 10.8629614310251, -25.0000000000000 ) );
#1953 = CARTESIAN_POINT( '', ( -76.0000000000000, 10.8629614310251, -25.0000000000000 ) );
#1954 = CARTESIAN_POINT( '', ( -76.1308997840170, 10.9062817695267, -25.0000000000000 ) );
#1955 = CARTESIAN_POINT( '', ( -76.1109612119621, 10.9364050550739, -24.9999999999980 ) );
#1956 = CARTESIAN_POINT( '', ( -76.0910232021736, 10.9665287127781, -25.0000000000000 ) );
#1957 = CARTESIAN_POINT( '', ( -76.2617991890090, 10.9496019825939, -24.9935693199820 ) );
#1958 = CARTESIAN_POINT( '', ( -76.2220311518873, 11.0099206445960, -24.9955280105475 ) );
#1959 = CARTESIAN_POINT( '', ( -76.1820461407839, 11.0700956946503, -24.9935693199820 ) );
#1960 = CARTESIAN_POINT( '', ( -76.5223379336274, 11.0358253991916, -24.9679084933956 ) );
#1961 = CARTESIAN_POINT( '', ( -76.4436848237614, 11.1566300095934, -24.9776170910028 ) );
#1962 = CARTESIAN_POINT( '', ( -76.3632158119433, 11.2762327007148, -24.9679084933956 ) );
#1963 = CARTESIAN_POINT( '', ( -76.6519767988417, 11.0787284457191, -24.9486783842991 ) );
#1964 = CARTESIAN_POINT( '', ( -76.5544817408158, 11.2299648892179, -24.9641435445611 ) );
#1965 = CARTESIAN_POINT( '', ( -76.4533622146009, 11.3788023495553, -24.9486783842990 ) );
#1966 = CARTESIAN_POINT( '', ( -76.9087457772873, 11.1637042854171, -24.8976038589268 ) );
#1967 = CARTESIAN_POINT( '', ( -76.7753074611092, 11.3761262450204, -24.9280893926252 ) );
#1968 = CARTESIAN_POINT( '', ( -76.6319105201784, 11.5819567346906, -24.8976038589268 ) );
#1969 = CARTESIAN_POINT( '', ( -77.0358755157157, 11.2057769545491, -24.8657595171951 ) );
#1970 = CARTESIAN_POINT( '', ( -76.8855381915615, 11.4490863739071, -24.9054404197317 ) );
#1971 = CARTESIAN_POINT( '', ( -76.7203121624728, 11.6825411744434, -24.8657595171952 ) );
#1972 = CARTESIAN_POINT( '', ( -77.2864019023199, 11.2886868535454, -24.7897631686626 ) );
#1973 = CARTESIAN_POINT( '', ( -77.1049124014317, 11.5942869959187, -24.8507746005905 ) );
#1974 = CARTESIAN_POINT( '', ( -76.8945195846522, 11.8807564508336, -24.7897631686625 ) );
#1975 = CARTESIAN_POINT( '', ( -77.4097981851222, 11.3295239624912, -24.7456112726830 ) );
#1976 = CARTESIAN_POINT( '', ( -77.2142391324070, 11.6666487806041, -24.8186575012164 ) );
#1977 = CARTESIAN_POINT( '', ( -76.9803251104686, 11.9783869983878, -24.7456112726830 ) );
#1978 = CARTESIAN_POINT( '', ( -77.6516692737984, 11.4095694531241, -24.6454249874073 ) );
#1979 = CARTESIAN_POINT( '', ( -77.4314193818175, 11.8103972518658, -24.7446713904491 ) );
#1980 = CARTESIAN_POINT( '', ( -77.1485139365204, 12.1697542445390, -24.6454249874073 ) );
#1981 = CARTESIAN_POINT( '', ( -77.7701437273444, 11.4487777182105, -24.5893907440318 ) );
#1982 = CARTESIAN_POINT( '', ( -77.5394295005840, 11.8818875899411, -24.7026734034934 ) );
#1983 = CARTESIAN_POINT( '', ( -77.2308969917591, 12.2634906643751, -24.5893907440316 ) );
#1984 = CARTESIAN_POINT( '', ( -78.0010301672635, 11.5251879186393, -24.4659793707550 ) );
#1985 = CARTESIAN_POINT( '', ( -77.7534848885531, 12.0235677605325, -24.6084213762593 ) );
#1986 = CARTESIAN_POINT( '', ( -77.3914474713296, 12.4461669090746, -24.4659793707552 ) );
#1987 = CARTESIAN_POINT( '', ( -78.1134418178222, 11.5623897428469, -24.3986024203262 ) );
#1988 = CARTESIAN_POINT( '', ( -77.8596517245646, 12.0938380563668, -24.5560146071319 ) );
#1989 = CARTESIAN_POINT( '', ( -77.4696146621478, 12.5351064682441, -24.3986024203264 ) );
#1990 = CARTESIAN_POINT( '', ( -78.3311200463346, 11.6344287810665, -24.2531544780941 ) );
#1991 = CARTESIAN_POINT( '', ( -78.0693743805293, 12.2326504542059, -24.4403365754041 ) );
#1992 = CARTESIAN_POINT( '', ( -77.6209806063417, 12.7073324393823, -24.2531544780939 ) );
#1993 = CARTESIAN_POINT( '', ( -78.4363863082696, 11.6692658904943, -24.1750836974177 ) );
#1994 = CARTESIAN_POINT( '', ( -78.1730080739726, 12.3012440995495, -24.3768963614852 ) );
#1995 = CARTESIAN_POINT( '', ( -77.6941791399681, 12.7906186013179, -24.1750836974177 ) );
#1996 = CARTESIAN_POINT( '', ( -78.6387599650395, 11.7362399911856, -24.0089999294842 ) );
#1997 = CARTESIAN_POINT( '', ( -78.3768063763557, 12.4361352532925, -24.2384766068427 ) );
#1998 = CARTESIAN_POINT( '', ( -77.8349028119956, 12.9507356686431, -24.0089999294842 ) );
#1999 = CARTESIAN_POINT( '', ( -78.7358670666982, 11.7683768854243, -23.9209871827942 ) );
#2000 = CARTESIAN_POINT( '', ( -78.4769967202288, 12.5024497952733, -24.1633229626396 ) );
#2001 = CARTESIAN_POINT( '', ( -77.9024277465332, 13.0275663420723, -23.9209871827942 ) );
#2002 = CARTESIAN_POINT( '', ( -78.9209871827942, 11.8296410513897, -23.7358670666982 ) );
#2003 = CARTESIAN_POINT( '', ( -78.6727783806091, 12.6320348494266, -24.0008060397718 ) );
#2004 = CARTESIAN_POINT( '', ( -78.0311539005147, 13.1740324907070, -23.7358670666982 ) );
#2005 = CARTESIAN_POINT( '', ( -79.0089999296834, 11.8587682345732, -23.6387599647968 ) );
#2006 = CARTESIAN_POINT( '', ( -78.7683361598850, 12.6952831637891, -23.9132791340472 ) );
#2007 = CARTESIAN_POINT( '', ( -78.0923549339160, 13.2436677542291, -23.6387599647969 ) );
#2008 = CARTESIAN_POINT( '', ( -79.1750836972185, 11.9137324584135, -23.4363863085124 ) );
#2009 = CARTESIAN_POINT( '', ( -78.9534006199594, 12.8177746578024, -23.7254636437690 ) );
#2010 = CARTESIAN_POINT( '', ( -78.2078438666407, 13.3750724351171, -23.4363863085123 ) );
#2011 = CARTESIAN_POINT( '', ( -79.2531544784372, 11.9395694198335, -23.3311200458212 ) );
#2012 = CARTESIAN_POINT( '', ( -79.0428105953676, 12.8769538295522, -23.6250427058181 ) );
#2013 = CARTESIAN_POINT( '', ( -78.2621315994732, 13.4368416630497, -23.3311200458210 ) );
#2014 = CARTESIAN_POINT( '', ( -79.3986024199832, 11.9877043660408, -23.1134418183356 ) );
#2015 = CARTESIAN_POINT( '', ( -79.2137845176415, 12.9901190000463, -23.4111656020933 ) );
#2016 = CARTESIAN_POINT( '', ( -78.3632710894150, 13.5519193773155, -23.1134418183358 ) );
#2017 = CARTESIAN_POINT( '', ( -79.4659793711807, 12.0100022816184, -23.0010301664672 ) );
#2018 = CARTESIAN_POINT( '', ( -79.2951907024589, 13.0440005783689, -23.2976337413228 ) );
#2019 = CARTESIAN_POINT( '', ( -78.4101227011013, 13.6052276981873, -23.0010301664673 ) );
#2020 = CARTESIAN_POINT( '', ( -79.5893907436062, 12.0508443843663, -22.7701437281408 ) );
#2021 = CARTESIAN_POINT( '', ( -79.4480536449902, 13.1451783528723, -23.0577367240927 ) );
#2022 = CARTESIAN_POINT( '', ( -78.4959387197222, 13.7028701845797, -22.7701437281407 ) );
#2023 = CARTESIAN_POINT( '', ( -79.6454249878495, 12.0693885129649, -22.6516692727309 ) );
#2024 = CARTESIAN_POINT( '', ( -79.5193028254478, 13.1923371566642, -22.9313797446967 ) );
#2025 = CARTESIAN_POINT( '', ( -78.5349030035874, 13.7472042100711, -22.6516692727309 ) );
#2026 = CARTESIAN_POINT( '', ( -79.7456112722408, 12.1025444404991, -22.4097981861898 ) );
#2027 = CARTESIAN_POINT( '', ( -79.6495540890346, 13.2785485873598, -22.6667132504204 ) );
#2028 = CARTESIAN_POINT( '', ( -78.6045690957628, 13.8264711181210, -22.4097981861898 ) );
#2029 = CARTESIAN_POINT( '', ( -79.7897631690594, 12.1171561920009, -22.2864019010117 ) );
#2030 = CARTESIAN_POINT( '', ( -79.7083213717972, 13.3174458032915, -22.5285192094262 ) );
#2031 = CARTESIAN_POINT( '', ( -78.6352708044068, 13.8614038872781, -22.2864019010117 ) );
#2032 = CARTESIAN_POINT( '', ( -79.8657595167982, 12.1423066346369, -22.0358755170240 ) );
#2033 = CARTESIAN_POINT( '', ( -79.8113221768345, 13.3856205489363, -22.2418949583908 ) );
#2034 = CARTESIAN_POINT( '', ( -78.6881160476322, 13.9215318333834, -22.0358755170240 ) );
#2035 = CARTESIAN_POINT( '', ( -79.8976038592248, 12.1528452898659, -21.9087457757891 ) );
#2036 = CARTESIAN_POINT( '', ( -79.8553270491470, 13.4147467385424, -22.0936991829699 ) );
#2037 = CARTESIAN_POINT( '', ( -78.7102595067717, 13.9467269244916, -21.9087457757890 ) );
#2038 = CARTESIAN_POINT( '', ( -79.9486783840011, 12.1697480351130, -21.6519768003399 ) );
#2039 = CARTESIAN_POINT( '', ( -79.9268068060318, 13.4620581575428, -21.7896683875150 ) );
#2040 = CARTESIAN_POINT( '', ( -78.7457749725117, 13.9871368437108, -21.6519768003400 ) );
#2041 = CARTESIAN_POINT( '', ( -79.9679084935551, 12.1761121010400, -21.5223379320078 ) );
#2042 = CARTESIAN_POINT( '', ( -79.9540983494920, 13.4801220361012, -21.6341787982735 ) );
#2043 = CARTESIAN_POINT( '', ( -78.7591469284922, 14.0023516142263, -21.5223379320078 ) );
#2044 = CARTESIAN_POINT( '', ( -79.9935693198225, 12.1846043662374, -21.2617991906287 ) );
#2045 = CARTESIAN_POINT( '', ( -79.9907461418651, 13.5043786807234, -21.3189184195941 ) );
#2046 = CARTESIAN_POINT( '', ( -78.7769905834283, 14.0226543369851, -21.2617991906287 ) );
#2047 = CARTESIAN_POINT( '', ( -80.0000000000000, 12.1867325534152, -21.1308997828005 ) );
#2048 = CARTESIAN_POINT( '', ( -79.9999999999682, 13.5105036757872, -21.1595763043193 ) );
#2049 = CARTESIAN_POINT( '', ( -78.7814622569774, 14.0277422603219, -21.1308997828005 ) );
#2050 = CARTESIAN_POINT( '', ( -80.0000000000000, 12.1867325534165, -21.0000000000000 ) );
#2051 = CARTESIAN_POINT( '', ( -80.0000000000000, 13.5105036758079, -21.0000000000000 ) );
#2052 = CARTESIAN_POINT( '', ( -78.7814622569785, 14.0277422603214, -21.0000000000000 ) );
#2058 = SURFACE_SIDE_STYLE( '', ( #4366 ) );
#2059 = EDGE_LOOP( '', ( #4367, #4368, #4369, #4370 ) );
#2060 = AXIS2_PLACEMENT_3D( '', #4371, #4372, #4373 );
#2061 = SURFACE_SIDE_STYLE( '', ( #4374 ) );
#2062 = EDGE_LOOP( '', ( #4375, #4376, #4377, #4378 ) );
#2063 = AXIS2_PLACEMENT_3D( '', #4379, #4380, #4381 );
#2064 = SURFACE_SIDE_STYLE( '', ( #4382 ) );
#2065 = EDGE_LOOP( '', ( #4383, #4384, #4385, #4386 ) );
#2066 = CARTESIAN_POINT( '', ( 183.000000000004, 34.2499999999996, -6.25000000000510 ) );
#2067 = CARTESIAN_POINT( '', ( 190.673620035192, 34.2499999999996, -6.25000000000510 ) );
#2068 = CARTESIAN_POINT( '', ( 195.729161312224, 34.2499999999996, -17.6500000000051 ) );
#2069 = CARTESIAN_POINT( '', ( 203.000000000004, 34.2499999999996, -17.6500000000051 ) );
#2070 = CARTESIAN_POINT( '', ( 183.000000000004, 34.8709043861631, -6.25000000000510 ) );
#2071 = CARTESIAN_POINT( '', ( 190.519287748447, 34.8709043861631, -6.25000000000510 ) );
#2072 = CARTESIAN_POINT( '', ( 195.821760684271, 35.3916666666663, -16.5083333333385 ) );
#2073 = CARTESIAN_POINT( '', ( 203.000000000004, 35.3916666666663, -16.5083333333385 ) );
#2074 = CARTESIAN_POINT( '', ( 183.000000000004, 35.9959043861631, -5.74590438616859 ) );
#2075 = CARTESIAN_POINT( '', ( 190.210623174957, 35.9959043861631, -5.74590438616859 ) );
#2076 = CARTESIAN_POINT( '', ( 196.006959428365, 37.6750000000000, -14.2250000000051 ) );
#2077 = CARTESIAN_POINT( '', ( 203.000000000004, 37.6750000000000, -14.2250000000051 ) );
#2078 = CARTESIAN_POINT( '', ( 183.000000000004, 36.5000000000000, -4.62090438616859 ) );
#2079 = CARTESIAN_POINT( '', ( 190.207860102836, 36.5000000000000, -4.62090438616859 ) );
#2080 = CARTESIAN_POINT( '', ( 196.008617271638, 39.9583333333330, -11.9416666666718 ) );
#2081 = CARTESIAN_POINT( '', ( 203.000000000004, 39.9583333333330, -11.9416666666718 ) );
#2082 = CARTESIAN_POINT( '', ( 183.000000000004, 36.5000000000000, -4.00000000000511 ) );
#2083 = CARTESIAN_POINT( '', ( 190.206478566775, 36.5000000000000, -4.00000000000511 ) );
#2084 = CARTESIAN_POINT( '', ( 196.009446193274, 41.1000000000000, -10.8000000000051 ) );
#2085 = CARTESIAN_POINT( '', ( 203.000000000004, 41.1000000000000, -10.8000000000051 ) );
#2086 = SURFACE_SIDE_STYLE( '', ( #4387 ) );
#2087 = EDGE_LOOP( '', ( #4388, #4389, #4390, #4391 ) );
#2088 = AXIS2_PLACEMENT_3D( '', #4392, #4393, #4394 );
#2089 = SURFACE_SIDE_STYLE( '', ( #4395 ) );
#2090 = EDGE_LOOP( '', ( #4396, #4397, #4398, #4399 ) );
#2091 = AXIS2_PLACEMENT_3D( '', #4400, #4401, #4402 );
#2092 = SURFACE_SIDE_STYLE( '', ( #4403 ) );
#2093 = EDGE_LOOP( '', ( #4404, #4405, #4406, #4407 ) );
#2094 = AXIS2_PLACEMENT_3D( '', #4408, #4409, #4410 );
#2095 = SURFACE_SIDE_STYLE( '', ( #4411 ) );
#2096 = EDGE_LOOP( '', ( #4412, #4413, #4414, #4415 ) );
#2097 = AXIS2_PLACEMENT_3D( '', #4416, #4417, #4418 );
#2098 = SURFACE_SIDE_STYLE( '', ( #4419 ) );
#2099 = EDGE_LOOP( '', ( #4420, #4421, #4422, #4423, #4424, #4425, #4426, #4427, #4428, #4429, #4430, #4431 ) );
#2100 = AXIS2_PLACEMENT_3D( '', #4432, #4433, #4434 );
#2101 = SURFACE_SIDE_STYLE( '', ( #4435 ) );
#2102 = EDGE_LOOP( '', ( #4436, #4437, #4438, #4439, #4440 ) );
#2103 = AXIS2_PLACEMENT_3D( '', #4441, #4442, #4443 );
#2104 = SURFACE_SIDE_STYLE( '', ( #4444 ) );
#2105 = EDGE_LOOP( '', ( #4445, #4446, #4447, #4448 ) );
#2106 = AXIS2_PLACEMENT_3D( '', #4449, #4450, #4451 );
#2107 = SURFACE_SIDE_STYLE( '', ( #4452 ) );
#2108 = EDGE_LOOP( '', ( #4453 ) );
#2109 = AXIS2_PLACEMENT_3D( '', #4454, #4455, #4456 );
#2110 = SURFACE_SIDE_STYLE( '', ( #4457 ) );
#2111 = EDGE_LOOP( '', ( #4458 ) );
#2112 = AXIS2_PLACEMENT_3D( '', #4459, #4460, #4461 );
#2113 = SURFACE_SIDE_STYLE( '', ( #4462 ) );
#2114 = EDGE_LOOP( '', ( #4463, #4464, #4465, #4466 ) );
#2115 = AXIS2_PLACEMENT_3D( '', #4467, #4468, #4469 );
#2116 = SURFACE_SIDE_STYLE( '', ( #4470 ) );
#2117 = EDGE_LOOP( '', ( #4471, #4472, #4473, #4474 ) );
#2118 = AXIS2_PLACEMENT_3D( '', #4475, #4476, #4477 );
#2119 = SURFACE_SIDE_STYLE( '', ( #4478 ) );
#2120 = EDGE_LOOP( '', ( #4479, #4480, #4481, #4482 ) );
#2123 = CARTESIAN_POINT( '', ( -120.000000000000, 2.50000000000000, -0.900000000000000 ) );
#2124 = CARTESIAN_POINT( '', ( -126.105512939936, 2.49999999999999, -0.649999999999998 ) );
#2125 = CARTESIAN_POINT( '', ( -131.606390021395, 5.14908278361030, -0.400000000000000 ) );
#2126 = CARTESIAN_POINT( '', ( -137.107267102853, 7.79816556722058, -0.149999999999998 ) );
#2127 = CARTESIAN_POINT( '', ( -140.913992156020, 12.5716478002788, 0.100000000000001 ) );
#2128 = CARTESIAN_POINT( '', ( -144.720717209187, 17.3451300333372, 0.350000000000001 ) );
#2129 = CARTESIAN_POINT( '', ( -146.079321650864, 23.2975650166686, 0.600000000000000 ) );
#2130 = CARTESIAN_POINT( '', ( -147.437926092541, 29.2500000000000, 0.850000000000002 ) );
#2131 = CARTESIAN_POINT( '', ( -146.079321650864, 35.2024349833314, 1.10000000000000 ) );
#2132 = CARTESIAN_POINT( '', ( -144.720717209187, 41.1548699666628, 1.35000000000000 ) );
#2133 = CARTESIAN_POINT( '', ( -140.913992156020, 45.9283521997211, 1.60000000000000 ) );
#2134 = CARTESIAN_POINT( '', ( -137.107267102853, 50.7018344327795, 1.85000000000000 ) );
#2135 = CARTESIAN_POINT( '', ( -131.606390021395, 53.3509172163897, 2.10000000000000 ) );
#2136 = CARTESIAN_POINT( '', ( -126.105512939936, 56.0000000000001, 2.35000000000000 ) );
#2137 = CARTESIAN_POINT( '', ( -120.000000000000, 56.0000000000000, 2.60000000000000 ) );
#2138 = CARTESIAN_POINT( '', ( -113.894487060063, 56.0000000000001, 2.85000000000000 ) );
#2139 = CARTESIAN_POINT( '', ( -108.393609978605, 53.3509172163897, 3.10000000000000 ) );
#2140 = CARTESIAN_POINT( '', ( -102.892732897147, 50.7018344327795, 3.35000000000000 ) );
#2141 = CARTESIAN_POINT( '', ( -99.0860078439801, 45.9283521997212, 3.60000000000000 ) );
#2142 = CARTESIAN_POINT( '', ( -95.2792827908132, 41.1548699666628, 3.85000000000000 ) );
#2143 = CARTESIAN_POINT( '', ( -93.9206783491361, 35.2024349833314, 4.10000000000000 ) );
#2144 = CARTESIAN_POINT( '', ( -92.5620739074591, 29.2500000000000, 4.35000000000000 ) );
#2145 = CARTESIAN_POINT( '', ( -93.9206783491361, 23.2975650166686, 4.60000000000000 ) );
#2146 = CARTESIAN_POINT( '', ( -95.2792827908132, 17.3451300333372, 4.85000000000000 ) );
#2147 = CARTESIAN_POINT( '', ( -99.0860078439801, 12.5716478002789, 5.10000000000000 ) );
#2148 = CARTESIAN_POINT( '', ( -102.892732897147, 7.79816556722058, 5.35000000000000 ) );
#2149 = CARTESIAN_POINT( '', ( -108.393609978605, 5.14908278361030, 5.60000000000000 ) );
#2150 = CARTESIAN_POINT( '', ( -113.894487060063, 2.49999999999999, 5.85000000000000 ) );
#2151 = CARTESIAN_POINT( '', ( -120.000000000000, 2.50000000000000, 6.10000000000000 ) );
#2152 = CARTESIAN_POINT( '', ( -120.000000000000, 2.50000000000001, -4.40000000000000 ) );
#2153 = CARTESIAN_POINT( '', ( -126.105512939936, 2.49999999999998, -4.15000000000000 ) );
#2154 = CARTESIAN_POINT( '', ( -131.606390021395, 5.14908278361028, -3.90000000000000 ) );
#2155 = CARTESIAN_POINT( '', ( -137.107267102853, 7.79816556722056, -3.65000000000000 ) );
#2156 = CARTESIAN_POINT( '', ( -140.913992156020, 12.5716478002789, -3.40000000000000 ) );
#2157 = CARTESIAN_POINT( '', ( -144.720717209187, 17.3451300333372, -3.15000000000000 ) );
#2158 = CARTESIAN_POINT( '', ( -146.079321650864, 23.2975650166686, -2.90000000000000 ) );
#2159 = CARTESIAN_POINT( '', ( -147.437926092541, 29.2500000000000, -2.65000000000000 ) );
#2160 = CARTESIAN_POINT( '', ( -146.079321650864, 35.2024349833314, -2.40000000000000 ) );
#2161 = CARTESIAN_POINT( '', ( -144.720717209187, 41.1548699666628, -2.15000000000000 ) );
#2162 = CARTESIAN_POINT( '', ( -140.913992156020, 45.9283521997212, -1.90000000000000 ) );
#2163 = CARTESIAN_POINT( '', ( -137.107267102853, 50.7018344327794, -1.65000000000000 ) );
#2164 = CARTESIAN_POINT( '', ( -131.606390021395, 53.3509172163897, -1.40000000000000 ) );
#2165 = CARTESIAN_POINT( '', ( -126.105512939936, 56.0000000000001, -1.15000000000000 ) );
#2166 = CARTESIAN_POINT( '', ( -120.000000000000, 56.0000000000001, -0.899999999999999 ) );
#2167 = CARTESIAN_POINT( '', ( -113.894487060063, 56.0000000000001, -0.650000000000002 ) );
#2168 = CARTESIAN_POINT( '', ( -108.393609978605, 53.3509172163897, -0.400000000000000 ) );
#2169 = CARTESIAN_POINT( '', ( -102.892732897147, 50.7018344327794, -0.150000000000001 ) );
#2170 = CARTESIAN_POINT( '', ( -99.0860078439800, 45.9283521997212, 0.0999999999999998 ) );
#2171 = CARTESIAN_POINT( '', ( -95.2792827908131, 41.1548699666628, 0.349999999999999 ) );
#2172 = CARTESIAN_POINT( '', ( -93.9206783491361, 35.2024349833314, 0.600000000000000 ) );
#2173 = CARTESIAN_POINT( '', ( -92.5620739074591, 29.2500000000000, 0.849999999999999 ) );
#2174 = CARTESIAN_POINT( '', ( -93.9206783491361, 23.2975650166686, 1.10000000000000 ) );
#2175 = CARTESIAN_POINT( '', ( -95.2792827908131, 17.3451300333372, 1.35000000000000 ) );
#2176 = CARTESIAN_POINT( '', ( -99.0860078439800, 12.5716478002789, 1.60000000000000 ) );
#2177 = CARTESIAN_POINT( '', ( -102.892732897147, 7.79816556722056, 1.85000000000000 ) );
#2178 = CARTESIAN_POINT( '', ( -108.393609978605, 5.14908278361028, 2.10000000000000 ) );
#2179 = CARTESIAN_POINT( '', ( -113.894487060063, 2.49999999999998, 2.35000000000000 ) );
#2180 = CARTESIAN_POINT( '', ( -120.000000000000, 2.50000000000001, 2.60000000000000 ) );
#2181 = CARTESIAN_POINT( '', ( -120.000000000000, 6.00000000000000, -4.40000000000000 ) );
#2182 = CARTESIAN_POINT( '', ( -125.306660779571, 6.00000000000001, -4.15000000000000 ) );
#2183 = CARTESIAN_POINT( '', ( -130.087796934483, 8.30247382126876, -3.90000000000000 ) );
#2184 = CARTESIAN_POINT( '', ( -134.868933089395, 10.6049476425375, -3.65000000000000 ) );
#2185 = CARTESIAN_POINT( '', ( -138.177581967382, 14.7538621067845, -3.40000000000000 ) );
#2186 = CARTESIAN_POINT( '', ( -141.486230845368, 18.9027765710314, -3.15000000000000 ) );
#2187 = CARTESIAN_POINT( '', ( -142.667073958227, 24.0763882855157, -2.90000000000000 ) );
#2188 = CARTESIAN_POINT( '', ( -143.847917071087, 29.2500000000000, -2.65000000000000 ) );
#2189 = CARTESIAN_POINT( '', ( -142.667073958227, 34.4236117144843, -2.40000000000000 ) );
#2190 = CARTESIAN_POINT( '', ( -141.486230845368, 39.5972234289686, -2.15000000000000 ) );
#2191 = CARTESIAN_POINT( '', ( -138.177581967382, 43.7461378932156, -1.90000000000000 ) );
#2192 = CARTESIAN_POINT( '', ( -134.868933089395, 47.8950523574625, -1.65000000000000 ) );
#2193 = CARTESIAN_POINT( '', ( -130.087796934483, 50.1975261787312, -1.40000000000000 ) );
#2194 = CARTESIAN_POINT( '', ( -125.306660779571, 52.5000000000000, -1.15000000000000 ) );
#2195 = CARTESIAN_POINT( '', ( -120.000000000000, 52.5000000000000, -0.899999999999999 ) );
#2196 = CARTESIAN_POINT( '', ( -114.693339220429, 52.5000000000000, -0.650000000000002 ) );
#2197 = CARTESIAN_POINT( '', ( -109.912203065517, 50.1975261787312, -0.400000000000001 ) );
#2198 = CARTESIAN_POINT( '', ( -105.131066910605, 47.8950523574625, -0.150000000000001 ) );
#2199 = CARTESIAN_POINT( '', ( -101.822418032618, 43.7461378932156, 0.0999999999999997 ) );
#2200 = CARTESIAN_POINT( '', ( -98.5137691546319, 39.5972234289686, 0.349999999999999 ) );
#2201 = CARTESIAN_POINT( '', ( -97.3329260417725, 34.4236117144843, 0.600000000000000 ) );
#2202 = CARTESIAN_POINT( '', ( -96.1520829289130, 29.2500000000000, 0.849999999999999 ) );
#2203 = CARTESIAN_POINT( '', ( -97.3329260417725, 24.0763882855157, 1.10000000000000 ) );
#2204 = CARTESIAN_POINT( '', ( -98.5137691546319, 18.9027765710314, 1.35000000000000 ) );
#2205 = CARTESIAN_POINT( '', ( -101.822418032618, 14.7538621067845, 1.60000000000000 ) );
#2206 = CARTESIAN_POINT( '', ( -105.131066910605, 10.6049476425375, 1.85000000000000 ) );
#2207 = CARTESIAN_POINT( '', ( -109.912203065517, 8.30247382126876, 2.10000000000000 ) );
#2208 = CARTESIAN_POINT( '', ( -114.693339220429, 6.00000000000001, 2.35000000000000 ) );
#2209 = CARTESIAN_POINT( '', ( -120.000000000000, 6.00000000000000, 2.60000000000000 ) );
#2210 = CARTESIAN_POINT( '', ( -120.000000000000, 6.00000000000000, -0.900000000000000 ) );
#2211 = CARTESIAN_POINT( '', ( -125.306660779571, 6.00000000000001, -0.649999999999998 ) );
#2212 = CARTESIAN_POINT( '', ( -130.087796934483, 8.30247382126875, -0.400000000000000 ) );
#2213 = CARTESIAN_POINT( '', ( -134.868933089395, 10.6049476425375, -0.149999999999999 ) );
#2214 = CARTESIAN_POINT( '', ( -138.177581967382, 14.7538621067844, 0.100000000000001 ) );
#2215 = CARTESIAN_POINT( '', ( -141.486230845368, 18.9027765710314, 0.350000000000001 ) );
#2216 = CARTESIAN_POINT( '', ( -142.667073958227, 24.0763882855157, 0.600000000000000 ) );
#2217 = CARTESIAN_POINT( '', ( -143.847917071087, 29.2500000000000, 0.850000000000002 ) );
#2218 = CARTESIAN_POINT( '', ( -142.667073958227, 34.4236117144843, 1.10000000000000 ) );
#2219 = CARTESIAN_POINT( '', ( -141.486230845368, 39.5972234289686, 1.35000000000000 ) );
#2220 = CARTESIAN_POINT( '', ( -138.177581967382, 43.7461378932156, 1.60000000000000 ) );
#2221 = CARTESIAN_POINT( '', ( -134.868933089395, 47.8950523574625, 1.85000000000000 ) );
#2222 = CARTESIAN_POINT( '', ( -130.087796934483, 50.1975261787313, 2.10000000000000 ) );
#2223 = CARTESIAN_POINT( '', ( -125.306660779571, 52.5000000000001, 2.35000000000000 ) );
#2224 = CARTESIAN_POINT( '', ( -120.000000000000, 52.5000000000000, 2.60000000000000 ) );
#2225 = CARTESIAN_POINT( '', ( -114.693339220429, 52.5000000000001, 2.85000000000000 ) );
#2226 = CARTESIAN_POINT( '', ( -109.912203065517, 50.1975261787313, 3.10000000000000 ) );
#2227 = CARTESIAN_POINT( '', ( -105.131066910604, 47.8950523574625, 3.35000000000000 ) );
#2228 = CARTESIAN_POINT( '', ( -101.822418032618, 43.7461378932156, 3.60000000000000 ) );
#2229 = CARTESIAN_POINT( '', ( -98.5137691546320, 39.5972234289686, 3.85000000000000 ) );
#2230 = CARTESIAN_POINT( '', ( -97.3329260417725, 34.4236117144843, 4.10000000000000 ) );
#2231 = CARTESIAN_POINT( '', ( -96.1520829289131, 29.2500000000000, 4.35000000000000 ) );
#2232 = CARTESIAN_POINT( '', ( -97.3329260417725, 24.0763882855157, 4.60000000000000 ) );
#2233 = CARTESIAN_POINT( '', ( -98.5137691546320, 18.9027765710314, 4.85000000000000 ) );
#2234 = CARTESIAN_POINT( '', ( -101.822418032618, 14.7538621067845, 5.10000000000000 ) );
#2235 = CARTESIAN_POINT( '', ( -105.131066910604, 10.6049476425375, 5.35000000000000 ) );
#2236 = CARTESIAN_POINT( '', ( -109.912203065517, 8.30247382126875, 5.60000000000000 ) );
#2237 = CARTESIAN_POINT( '', ( -114.693339220429, 6.00000000000001, 5.85000000000000 ) );
#2238 = CARTESIAN_POINT( '', ( -120.000000000000, 6.00000000000000, 6.10000000000000 ) );
#2244 = SURFACE_SIDE_STYLE( '', ( #4483 ) );
#2245 = EDGE_LOOP( '', ( #4484, #4485, #4486 ) );
#2246 = AXIS2_PLACEMENT_3D( '', #4487, #4488, #4489 );
#2247 = SURFACE_SIDE_STYLE( '', ( #4490 ) );
#2248 = EDGE_LOOP( '', ( #4491, #4492, #4493, #4494, #4495 ) );
#2249 = AXIS2_PLACEMENT_3D( '', #4496, #4497, #4498 );
#2250 = SURFACE_SIDE_STYLE( '', ( #4499 ) );
#2251 = EDGE_LOOP( '', ( #4500, #4501, #4502, #4503 ) );
#2252 = AXIS2_PLACEMENT_3D( '', #4504, #4505, #4506 );
#2253 = SURFACE_SIDE_STYLE( '', ( #4507 ) );
#2254 = EDGE_LOOP( '', ( #4508 ) );
#2255 = EDGE_LOOP( '', ( #4509 ) );
#2256 = AXIS2_PLACEMENT_3D( '', #4510, #4511, #4512 );
#2257 = SURFACE_SIDE_STYLE( '', ( #4513 ) );
#2258 = EDGE_LOOP( '', ( #4514, #4515, #4516, #4517, #4518, #4519, #4520, #4521, #4522, #4523 ) );
#2259 = AXIS2_PLACEMENT_3D( '', #4524, #4525, #4526 );
#2260 = SURFACE_SIDE_STYLE( '', ( #4527 ) );
#2261 = EDGE_LOOP( '', ( #4528, #4529, #4530, #4531 ) );
#2262 = AXIS2_PLACEMENT_3D( '', #4532, #4533, #4534 );
#2263 = SURFACE_SIDE_STYLE( '', ( #4535 ) );
#2264 = EDGE_LOOP( '', ( #4536, #4537, #4538, #4539 ) );
#2265 = AXIS2_PLACEMENT_3D( '', #4540, #4541, #4542 );
#2266 = SURFACE_SIDE_STYLE( '', ( #4543 ) );
#2267 = EDGE_LOOP( '', ( #4544, #4545, #4546, #4547 ) );
#2268 = AXIS2_PLACEMENT_3D( '', #4548, #4549, #4550 );
#2269 = SURFACE_SIDE_STYLE( '', ( #4551 ) );
#2270 = EDGE_LOOP( '', ( #4552, #4553, #4554, #4555 ) );
#2271 = AXIS2_PLACEMENT_3D( '', #4556, #4557, #4558 );
#2272 = SURFACE_SIDE_STYLE( '', ( #4559 ) );
#2273 = EDGE_LOOP( '', ( #4560, #4561, #4562, #4563 ) );
#2274 = AXIS2_PLACEMENT_3D( '', #4564, #4565, #4566 );
#2275 = SURFACE_SIDE_STYLE( '', ( #4567 ) );
#2276 = EDGE_LOOP( '', ( #4568, #4569, #4570, #4571 ) );
#2277 = AXIS2_PLACEMENT_3D( '', #4572, #4573, #4574 );
#2278 = SURFACE_SIDE_STYLE( '', ( #4575 ) );
#2279 = EDGE_LOOP( '', ( #4576, #4577, #4578, #4579 ) );
#2280 = AXIS2_PLACEMENT_3D( '', #4580, #4581, #4582 );
#2281 = SURFACE_SIDE_STYLE( '', ( #4583 ) );
#2282 = EDGE_LOOP( '', ( #4584, #4585, #4586, #4587, #4588, #4589, #4590, #4591, #4592, #4593, #4594, #4595 ) );
#2283 = AXIS2_PLACEMENT_3D( '', #4596, #4597, #4598 );
#2284 = SURFACE_SIDE_STYLE( '', ( #4599 ) );
#2285 = EDGE_LOOP( '', ( #4600, #4601, #4602 ) );
#2286 = AXIS2_PLACEMENT_3D( '', #4603, #4604, #4605 );
#2287 = SURFACE_SIDE_STYLE( '', ( #4606 ) );
#2288 = EDGE_LOOP( '', ( #4607 ) );
#2289 = EDGE_LOOP( '', ( #4608 ) );
#2290 = AXIS2_PLACEMENT_3D( '', #4609, #4610, #4611 );
#2291 = SURFACE_SIDE_STYLE( '', ( #4612 ) );
#2292 = EDGE_LOOP( '', ( #4613, #4614, #4615, #4616 ) );
#2293 = AXIS2_PLACEMENT_3D( '', #4617, #4618, #4619 );
#2294 = SURFACE_SIDE_STYLE( '', ( #4620 ) );
#2295 = EDGE_LOOP( '', ( #4621, #4622, #4623, #4624, #4625 ) );
#2296 = AXIS2_PLACEMENT_3D( '', #4626, #4627, #4628 );
#2297 = SURFACE_SIDE_STYLE( '', ( #4629 ) );
#2298 = EDGE_LOOP( '', ( #4630, #4631, #4632, #4633 ) );
#2299 = AXIS2_PLACEMENT_3D( '', #4634, #4635, #4636 );
#2300 = SURFACE_SIDE_STYLE( '', ( #4637 ) );
#2301 = EDGE_LOOP( '', ( #4638, #4639, #4640, #4641 ) );
#2302 = AXIS2_PLACEMENT_3D( '', #4642, #4643, #4644 );
#2303 = SURFACE_SIDE_STYLE( '', ( #4645 ) );
#2304 = EDGE_LOOP( '', ( #4646, #4647, #4648, #4649, #4650 ) );
#2305 = AXIS2_PLACEMENT_3D( '', #4651, #4652, #4653 );
#2306 = SURFACE_SIDE_STYLE( '', ( #4654 ) );
#2307 = EDGE_LOOP( '', ( #4655, #4656, #4657, #4658 ) );
#2308 = AXIS2_PLACEMENT_3D( '', #4659, #4660, #4661 );
#2309 = SURFACE_SIDE_STYLE( '', ( #4662 ) );
#2310 = EDGE_LOOP( '', ( #4663, #4664, #4665, #4666, #4667 ) );
#2311 = AXIS2_PLACEMENT_3D( '', #4668, #4669, #4670 );
#2312 = SURFACE_SIDE_STYLE( '', ( #4671 ) );
#2313 = EDGE_LOOP( '', ( #4672, #4673, #4674, #4675 ) );
#2314 = AXIS2_PLACEMENT_3D( '', #4676, #4677, #4678 );
#2315 = SURFACE_SIDE_STYLE( '', ( #4679 ) );
#2316 = EDGE_LOOP( '', ( #4680, #4681, #4682, #4683, #4684 ) );
#2317 = AXIS2_PLACEMENT_3D( '', #4685, #4686, #4687 );
#2318 = SURFACE_SIDE_STYLE( '', ( #4688 ) );
#2319 = EDGE_LOOP( '', ( #4689, #4690, #4691, #4692 ) );
#2320 = AXIS2_PLACEMENT_3D( '', #4693, #4694, #4695 );
#2321 = SURFACE_SIDE_STYLE( '', ( #4696 ) );
#2322 = EDGE_LOOP( '', ( #4697 ) );
#2323 = EDGE_LOOP( '', ( #4698 ) );
#2324 = AXIS2_PLACEMENT_3D( '', #4699, #4700, #4701 );
#2325 = SURFACE_SIDE_STYLE( '', ( #4702 ) );
#2326 = EDGE_LOOP( '', ( #4703, #4704, #4705, #4706 ) );
#2327 = AXIS2_PLACEMENT_3D( '', #4707, #4708, #4709 );
#2328 = SURFACE_SIDE_STYLE( '', ( #4710 ) );
#2329 = EDGE_LOOP( '', ( #4711, #4712, #4713, #4714 ) );
#2332 = CARTESIAN_POINT( '', ( 130.000000000000, 2.50000000000000, -0.900000000000000 ) );
#2333 = CARTESIAN_POINT( '', ( 141.206754592557, 2.71428571428572, -0.899999999999207 ) );
#2334 = CARTESIAN_POINT( '', ( 151.303691590675, 2.92857142857140, -5.76242858599021 ) );
#2335 = CARTESIAN_POINT( '', ( 161.400628588792, 3.14285714285713, -10.6248571719812 ) );
#2336 = CARTESIAN_POINT( '', ( 168.387925789185, 3.35714285714285, -19.3866507287354 ) );
#2337 = CARTESIAN_POINT( '', ( 175.375222989579, 3.57142857142853, -28.1484442854896 ) );
#2338 = CARTESIAN_POINT( '', ( 177.868960488135, 3.78571428571425, -39.0742221427455 ) );
#2339 = CARTESIAN_POINT( '', ( 180.362697986691, 3.99999999999998, -50.0000000000015 ) );
#2340 = CARTESIAN_POINT( '', ( 177.868960488137, 4.21428571428565, -60.9257778572579 ) );
#2341 = CARTESIAN_POINT( '', ( 175.375222989583, 4.42857142857139, -71.8515557145143 ) );
#2342 = CARTESIAN_POINT( '', ( 168.387925789190, 4.64285714285710, -80.6133492712694 ) );
#2343 = CARTESIAN_POINT( '', ( 161.400628588797, 4.85714285714279, -89.3751428280246 ) );
#2344 = CARTESIAN_POINT( '', ( 151.303691590681, 5.07142857142850, -94.2375714140170 ) );
#2345 = CARTESIAN_POINT( '', ( 141.206754592564, 5.28571428571425, -99.1000000000094 ) );
#2346 = CARTESIAN_POINT( '', ( 130.000000000007, 5.50000000000000, -99.1000000000102 ) );
#2347 = CARTESIAN_POINT( '', ( 118.793245407450, 5.71428571428565, -99.1000000000110 ) );
#2348 = CARTESIAN_POINT( '', ( 108.696308409332, 5.92857142857135, -94.2375714140200 ) );
#2349 = CARTESIAN_POINT( '', ( 98.5993714112152, 6.14285714285710, -89.3751428280290 ) );
#2350 = CARTESIAN_POINT( '', ( 91.6120742108215, 6.35714285714280, -80.6133492712748 ) );
#2351 = CARTESIAN_POINT( '', ( 84.6247770104277, 6.57142857142851, -71.8515557145206 ) );
#2352 = CARTESIAN_POINT( '', ( 82.1310395118717, 6.78571428571420, -60.9257778572647 ) );
#2353 = CARTESIAN_POINT( '', ( 79.6373020133160, 6.99999999999991, -50.0000000000087 ) );
#2354 = CARTESIAN_POINT( '', ( 82.1310395118703, 7.21428571428565, -39.0742221427523 ) );
#2355 = CARTESIAN_POINT( '', ( 84.6247770104246, 7.42857142857136, -28.1484442854960 ) );
#2356 = CARTESIAN_POINT( '', ( 91.6120742108171, 7.64285714285705, -19.3866507287408 ) );
#2357 = CARTESIAN_POINT( '', ( 98.5993714112095, 7.85714285714277, -10.6248571719857 ) );
#2358 = CARTESIAN_POINT( '', ( 108.696308409326, 8.07142857142850, -5.76242858599324 ) );
#2359 = CARTESIAN_POINT( '', ( 118.793245407443, 8.28571428571422, -0.900000000000804 ) );
#2360 = CARTESIAN_POINT( '', ( 130.000000000000, 8.49999999999960, -0.900000000000000 ) );
#2361 = CARTESIAN_POINT( '', ( 141.206754592557, 8.71428571428563, -0.899999999999207 ) );
#2362 = CARTESIAN_POINT( '', ( 151.303691590675, 8.92857142857130, -5.76242858599021 ) );
#2363 = CARTESIAN_POINT( '', ( 161.400628588792, 9.14285714285703, -10.6248571719812 ) );
#2364 = CARTESIAN_POINT( '', ( 168.387925789185, 9.35714285714275, -19.3866507287354 ) );
#2365 = CARTESIAN_POINT( '', ( 175.375222989579, 9.57142857142848, -28.1484442854896 ) );
#2366 = CARTESIAN_POINT( '', ( 177.868960488135, 9.78571428571415, -39.0742221427455 ) );
#2367 = CARTESIAN_POINT( '', ( 180.362697986691, 9.99999999999989, -50.0000000000015 ) );
#2368 = CARTESIAN_POINT( '', ( 177.868960488137, 10.2142857142856, -60.9257778572579 ) );
#2369 = CARTESIAN_POINT( '', ( 175.375222989583, 10.4285714285713, -71.8515557145143 ) );
#2370 = CARTESIAN_POINT( '', ( 168.387925789190, 10.6428571428570, -80.6133492712694 ) );
#2371 = CARTESIAN_POINT( '', ( 161.400628588797, 10.8571428571427, -89.3751428280246 ) );
#2372 = CARTESIAN_POINT( '', ( 151.303691590681, 11.0714285714284, -94.2375714140170 ) );
#2373 = CARTESIAN_POINT( '', ( 141.206754592564, 11.2857142857142, -99.1000000000094 ) );
#2374 = CARTESIAN_POINT( '', ( 130.000000000007, 11.4999999999998, -99.1000000000102 ) );
#2375 = CARTESIAN_POINT( '', ( 118.793245407450, 11.7142857142856, -99.1000000000110 ) );
#2376 = CARTESIAN_POINT( '', ( 108.696308409332, 11.9285714285713, -94.2375714140200 ) );
#2377 = CARTESIAN_POINT( '', ( 98.5993714112152, 12.1428571428570, -89.3751428280290 ) );
#2378 = CARTESIAN_POINT( '', ( 91.6120742108215, 12.3571428571427, -80.6133492712748 ) );
#2379 = CARTESIAN_POINT( '', ( 84.6247770104277, 12.5714285714284, -71.8515557145206 ) );
#2380 = CARTESIAN_POINT( '', ( 82.1310395118717, 12.7857142857141, -60.9257778572647 ) );
#2381 = CARTESIAN_POINT( '', ( 79.6373020133160, 12.9999999999999, -50.0000000000087 ) );
#2382 = CARTESIAN_POINT( '', ( 82.1310395118703, 13.2142857142855, -39.0742221427523 ) );
#2383 = CARTESIAN_POINT( '', ( 84.6247770104246, 13.4285714285713, -28.1484442854960 ) );
#2384 = CARTESIAN_POINT( '', ( 91.6120742108171, 13.6428571428570, -19.3866507287408 ) );
#2385 = CARTESIAN_POINT( '', ( 98.5993714112095, 13.8571428571427, -10.6248571719857 ) );
#2386 = CARTESIAN_POINT( '', ( 108.696308409326, 14.0714285714284, -5.76242858599324 ) );
#2387 = CARTESIAN_POINT( '', ( 118.793245407443, 14.2857142857141, -0.900000000000804 ) );
#2388 = CARTESIAN_POINT( '', ( 130.000000000000, 14.4999999999998, -0.900000000000000 ) );
#2389 = CARTESIAN_POINT( '', ( 141.206754592557, 14.7142857142855, -0.899999999999207 ) );
#2390 = CARTESIAN_POINT( '', ( 151.303691590675, 14.9285714285712, -5.76242858599021 ) );
#2391 = CARTESIAN_POINT( '', ( 161.400628588792, 15.1428571428570, -10.6248571719812 ) );
#2392 = CARTESIAN_POINT( '', ( 168.387925789185, 15.3571428571427, -19.3866507287354 ) );
#2393 = CARTESIAN_POINT( '', ( 175.375222989579, 15.5714285714284, -28.1484442854896 ) );
#2394 = CARTESIAN_POINT( '', ( 177.868960488135, 15.7857142857141, -39.0742221427455 ) );
#2395 = CARTESIAN_POINT( '', ( 180.362697986691, 15.9999999999998, -50.0000000000015 ) );
#2396 = CARTESIAN_POINT( '', ( 177.868960488137, 16.2142857142855, -60.9257778572579 ) );
#2397 = CARTESIAN_POINT( '', ( 175.375222989583, 16.4285714285713, -71.8515557145143 ) );
#2398 = CARTESIAN_POINT( '', ( 168.387925789190, 16.6428571428570, -80.6133492712694 ) );
#2399 = CARTESIAN_POINT( '', ( 161.400628588797, 16.8571428571427, -89.3751428280246 ) );
#2400 = CARTESIAN_POINT( '', ( 151.303691590681, 17.0714285714284, -94.2375714140170 ) );
#2401 = CARTESIAN_POINT( '', ( 141.206754592564, 17.2857142857141, -99.1000000000094 ) );
#2402 = CARTESIAN_POINT( '', ( 130.000000000007, 17.4999999999996, -99.1000000000102 ) );
#2403 = CARTESIAN_POINT( '', ( 118.793245407450, 17.7142857142855, -99.1000000000110 ) );
#2404 = CARTESIAN_POINT( '', ( 108.696308409332, 17.9285714285712, -94.2375714140200 ) );
#2405 = CARTESIAN_POINT( '', ( 98.5993714112152, 18.1428571428569, -89.3751428280290 ) );
#2406 = CARTESIAN_POINT( '', ( 91.6120742108215, 18.3571428571427, -80.6133492712748 ) );
#2407 = CARTESIAN_POINT( '', ( 84.6247770104277, 18.5714285714284, -71.8515557145206 ) );
#2408 = CARTESIAN_POINT( '', ( 82.1310395118717, 18.7857142857141, -60.9257778572647 ) );
#2409 = CARTESIAN_POINT( '', ( 79.6373020133160, 18.9999999999998, -50.0000000000087 ) );
#2410 = CARTESIAN_POINT( '', ( 82.1310395118703, 19.2142857142855, -39.0742221427523 ) );
#2411 = CARTESIAN_POINT( '', ( 84.6247770104246, 19.4285714285712, -28.1484442854960 ) );
#2412 = CARTESIAN_POINT( '', ( 91.6120742108171, 19.6428571428569, -19.3866507287408 ) );
#2413 = CARTESIAN_POINT( '', ( 98.5993714112095, 19.8571428571426, -10.6248571719857 ) );
#2414 = CARTESIAN_POINT( '', ( 108.696308409326, 20.0714285714284, -5.76242858599324 ) );
#2415 = CARTESIAN_POINT( '', ( 118.793245407443, 20.2857142857141, -0.900000000000804 ) );
#2416 = CARTESIAN_POINT( '', ( 130.000000000000, 20.4999999999998, -0.900000000000000 ) );
#2417 = CARTESIAN_POINT( '', ( 141.206754592557, 20.7142857142855, -0.899999999999207 ) );
#2418 = CARTESIAN_POINT( '', ( 151.303691590675, 20.9285714285712, -5.76242858599021 ) );
#2419 = CARTESIAN_POINT( '', ( 161.400628588792, 21.1428571428569, -10.6248571719812 ) );
#2420 = CARTESIAN_POINT( '', ( 168.387925789185, 21.3571428571426, -19.3866507287354 ) );
#2421 = CARTESIAN_POINT( '', ( 175.375222989579, 21.5714285714283, -28.1484442854896 ) );
#2422 = CARTESIAN_POINT( '', ( 177.868960488135, 21.7857142857140, -39.0742221427455 ) );
#2423 = CARTESIAN_POINT( '', ( 180.362697986691, 21.9999999999998, -50.0000000000015 ) );
#2424 = CARTESIAN_POINT( '', ( 177.868960488137, 22.2142857142854, -60.9257778572579 ) );
#2425 = CARTESIAN_POINT( '', ( 175.375222989583, 22.4285714285712, -71.8515557145143 ) );
#2426 = CARTESIAN_POINT( '', ( 168.387925789190, 22.6428571428569, -80.6133492712694 ) );
#2427 = CARTESIAN_POINT( '', ( 161.400628588797, 22.8571428571426, -89.3751428280246 ) );
#2428 = CARTESIAN_POINT( '', ( 151.303691590681, 23.0714285714283, -94.2375714140170 ) );
#2429 = CARTESIAN_POINT( '', ( 141.206754592564, 23.2857142857140, -99.1000000000094 ) );
#2430 = CARTESIAN_POINT( '', ( 130.000000000007, 23.4999999999996, -99.1000000000102 ) );
#2431 = CARTESIAN_POINT( '', ( 118.793245407450, 23.7142857142854, -99.1000000000110 ) );
#2432 = CARTESIAN_POINT( '', ( 108.696308409332, 23.9285714285712, -94.2375714140200 ) );
#2433 = CARTESIAN_POINT( '', ( 98.5993714112152, 24.1428571428568, -89.3751428280290 ) );
#2434 = CARTESIAN_POINT( '', ( 91.6120742108215, 24.3571428571425, -80.6133492712748 ) );
#2435 = CARTESIAN_POINT( '', ( 84.6247770104277, 24.5714285714283, -71.8515557145206 ) );
#2436 = CARTESIAN_POINT( '', ( 82.1310395118717, 24.7857142857140, -60.9257778572647 ) );
#2437 = CARTESIAN_POINT( '', ( 79.6373020133160, 24.9999999999997, -50.0000000000087 ) );
#2438 = CARTESIAN_POINT( '', ( 82.1310395118703, 25.2142857142854, -39.0742221427523 ) );
#2439 = CARTESIAN_POINT( '', ( 84.6247770104246, 25.4285714285711, -28.1484442854960 ) );
#2440 = CARTESIAN_POINT( '', ( 91.6120742108171, 25.6428571428569, -19.3866507287408 ) );
#2441 = CARTESIAN_POINT( '', ( 98.5993714112095, 25.8571428571426, -10.6248571719857 ) );
#2442 = CARTESIAN_POINT( '', ( 108.696308409326, 26.0714285714283, -5.76242858599324 ) );
#2443 = CARTESIAN_POINT( '', ( 118.793245407443, 26.2857142857140, -0.900000000000804 ) );
#2444 = CARTESIAN_POINT( '', ( 130.000000000000, 26.4999999999996, -0.900000000000000 ) );
#2445 = CARTESIAN_POINT( '', ( 141.206754592557, 26.7142857142854, -0.899999999999207 ) );
#2446 = CARTESIAN_POINT( '', ( 151.303691590675, 26.9285714285711, -5.76242858599021 ) );
#2447 = CARTESIAN_POINT( '', ( 161.400628588792, 27.1428571428568, -10.6248571719812 ) );
#2448 = CARTESIAN_POINT( '', ( 168.387925789185, 27.3571428571425, -19.3866507287354 ) );
#2449 = CARTESIAN_POINT( '', ( 175.375222989579, 27.5714285714282, -28.1484442854896 ) );
#2450 = CARTESIAN_POINT( '', ( 177.868960488135, 27.7857142857139, -39.0742221427455 ) );
#2451 = CARTESIAN_POINT( '', ( 180.362697986691, 27.9999999999997, -50.0000000000015 ) );
#2452 = CARTESIAN_POINT( '', ( 177.868960488137, 28.2142857142854, -60.9257778572579 ) );
#2453 = CARTESIAN_POINT( '', ( 175.375222989583, 28.4285714285711, -71.8515557145143 ) );
#2454 = CARTESIAN_POINT( '', ( 168.387925789190, 28.6428571428568, -80.6133492712694 ) );
#2455 = CARTESIAN_POINT( '', ( 161.400628588797, 28.8571428571425, -89.3751428280246 ) );
#2456 = CARTESIAN_POINT( '', ( 151.303691590681, 29.0714285714282, -94.2375714140170 ) );
#2457 = CARTESIAN_POINT( '', ( 141.206754592564, 29.2857142857139, -99.1000000000094 ) );
#2458 = CARTESIAN_POINT( '', ( 130.000000000007, 29.4999999999996, -99.1000000000102 ) );
#2459 = CARTESIAN_POINT( '', ( 118.793245407450, 29.7142857142853, -99.1000000000110 ) );
#2460 = CARTESIAN_POINT( '', ( 108.696308409332, 29.9285714285710, -94.2375714140200 ) );
#2461 = CARTESIAN_POINT( '', ( 98.5993714112152, 30.1428571428568, -89.3751428280290 ) );
#2462 = CARTESIAN_POINT( '', ( 91.6120742108215, 30.3571428571425, -80.6133492712748 ) );
#2463 = CARTESIAN_POINT( '', ( 84.6247770104277, 30.5714285714282, -71.8515557145206 ) );
#2464 = CARTESIAN_POINT( '', ( 82.1310395118717, 30.7857142857139, -60.9257778572647 ) );
#2465 = CARTESIAN_POINT( '', ( 79.6373020133160, 30.9999999999996, -50.0000000000087 ) );
#2466 = CARTESIAN_POINT( '', ( 82.1310395118703, 31.2142857142853, -39.0742221427523 ) );
#2467 = CARTESIAN_POINT( '', ( 84.6247770104246, 31.4285714285711, -28.1484442854960 ) );
#2468 = CARTESIAN_POINT( '', ( 91.6120742108171, 31.6428571428568, -19.3866507287408 ) );
#2469 = CARTESIAN_POINT( '', ( 98.5993714112095, 31.8571428571425, -10.6248571719857 ) );
#2470 = CARTESIAN_POINT( '', ( 108.696308409326, 32.0714285714282, -5.76242858599324 ) );
#2471 = CARTESIAN_POINT( '', ( 118.793245407443, 32.2857142857139, -0.900000000000804 ) );
#2472 = CARTESIAN_POINT( '', ( 130.000000000000, 32.4999999999996, -0.900000000000000 ) );
#2473 = CARTESIAN_POINT( '', ( 130.000000000000, 2.50000000000000, 0.900000000000000 ) );
#2474 = CARTESIAN_POINT( '', ( 141.617592846460, 2.71428571428572, 0.900000000000796 ) );
#2475 = CARTESIAN_POINT( '', ( 152.084682321086, 2.92857142857140, -4.14068462376587 ) );
#2476 = CARTESIAN_POINT( '', ( 162.551771795713, 3.14285714285713, -9.18136924753252 ) );
#2477 = CARTESIAN_POINT( '', ( 169.795222457628, 3.35714285714285, -18.2643690853896 ) );
#2478 = CARTESIAN_POINT( '', ( 177.038673119544, 3.57142857142853, -27.3473689232468 ) );
#2479 = CARTESIAN_POINT( '', ( 179.623830730063, 3.78571428571425, -38.6736844616241 ) );
#2480 = CARTESIAN_POINT( '', ( 182.208988340582, 3.99999999999998, -50.0000000000015 ) );
#2481 = CARTESIAN_POINT( '', ( 179.623830730064, 4.21428571428565, -61.3263155383793 ) );
#2482 = CARTESIAN_POINT( '', ( 177.038673119547, 4.42857142857139, -72.6526310767570 ) );
#2483 = CARTESIAN_POINT( '', ( 169.795222457633, 4.64285714285710, -81.7356309146151 ) );
#2484 = CARTESIAN_POINT( '', ( 162.551771795718, 4.85714285714279, -90.8186307524732 ) );
#2485 = CARTESIAN_POINT( '', ( 152.084682321092, 5.07142857142850, -95.8593153762413 ) );
#2486 = CARTESIAN_POINT( '', ( 141.617592846467, 5.28571428571425, -100.900000000009 ) );
#2487 = CARTESIAN_POINT( '', ( 130.000000000007, 5.50000000000000, -100.900000000010 ) );
#2488 = CARTESIAN_POINT( '', ( 118.382407153547, 5.71428571428565, -100.900000000011 ) );
#2489 = CARTESIAN_POINT( '', ( 107.915317678921, 5.92857142857135, -95.8593153762443 ) );
#2490 = CARTESIAN_POINT( '', ( 97.4482282042944, 6.14285714285710, -90.8186307524777 ) );
#2491 = CARTESIAN_POINT( '', ( 90.2047775423789, 6.35714285714280, -81.7356309146206 ) );
#2492 = CARTESIAN_POINT( '', ( 82.9613268804637, 6.57142857142851, -72.6526310767635 ) );
#2493 = CARTESIAN_POINT( '', ( 80.3761692699445, 6.78571428571420, -61.3263155383860 ) );
#2494 = CARTESIAN_POINT( '', ( 77.7910116594254, 6.99999999999991, -50.0000000000087 ) );
#2495 = CARTESIAN_POINT( '', ( 80.3761692699429, 7.21428571428565, -38.6736844616309 ) );
#2496 = CARTESIAN_POINT( '', ( 82.9613268804606, 7.42857142857136, -27.3473689232533 ) );
#2497 = CARTESIAN_POINT( '', ( 90.2047775423745, 7.64285714285705, -18.2643690853951 ) );
#2498 = CARTESIAN_POINT( '', ( 97.4482282042887, 7.85714285714277, -9.18136924753699 ) );
#2499 = CARTESIAN_POINT( '', ( 107.915317678914, 8.07142857142850, -4.14068462376888 ) );
#2500 = CARTESIAN_POINT( '', ( 118.382407153540, 8.28571428571422, 0.899999999999198 ) );
#2501 = CARTESIAN_POINT( '', ( 130.000000000000, 8.49999999999960, 0.900000000000000 ) );
#2502 = CARTESIAN_POINT( '', ( 141.617592846460, 8.71428571428563, 0.900000000000796 ) );
#2503 = CARTESIAN_POINT( '', ( 152.084682321086, 8.92857142857130, -4.14068462376587 ) );
#2504 = CARTESIAN_POINT( '', ( 162.551771795713, 9.14285714285703, -9.18136924753252 ) );
#2505 = CARTESIAN_POINT( '', ( 169.795222457628, 9.35714285714275, -18.2643690853896 ) );
#2506 = CARTESIAN_POINT( '', ( 177.038673119544, 9.57142857142848, -27.3473689232468 ) );
#2507 = CARTESIAN_POINT( '', ( 179.623830730063, 9.78571428571415, -38.6736844616241 ) );
#2508 = CARTESIAN_POINT( '', ( 182.208988340582, 9.99999999999989, -50.0000000000015 ) );
#2509 = CARTESIAN_POINT( '', ( 179.623830730064, 10.2142857142856, -61.3263155383793 ) );
#2510 = CARTESIAN_POINT( '', ( 177.038673119547, 10.4285714285713, -72.6526310767570 ) );
#2511 = CARTESIAN_POINT( '', ( 169.795222457633, 10.6428571428570, -81.7356309146151 ) );
#2512 = CARTESIAN_POINT( '', ( 162.551771795718, 10.8571428571427, -90.8186307524732 ) );
#2513 = CARTESIAN_POINT( '', ( 152.084682321092, 11.0714285714284, -95.8593153762413 ) );
#2514 = CARTESIAN_POINT( '', ( 141.617592846467, 11.2857142857142, -100.900000000009 ) );
#2515 = CARTESIAN_POINT( '', ( 130.000000000007, 11.4999999999998, -100.900000000010 ) );
#2516 = CARTESIAN_POINT( '', ( 118.382407153547, 11.7142857142856, -100.900000000011 ) );
#2517 = CARTESIAN_POINT( '', ( 107.915317678921, 11.9285714285713, -95.8593153762443 ) );
#2518 = CARTESIAN_POINT( '', ( 97.4482282042944, 12.1428571428570, -90.8186307524777 ) );
#2519 = CARTESIAN_POINT( '', ( 90.2047775423789, 12.3571428571427, -81.7356309146206 ) );
#2520 = CARTESIAN_POINT( '', ( 82.9613268804637, 12.5714285714284, -72.6526310767635 ) );
#2521 = CARTESIAN_POINT( '', ( 80.3761692699445, 12.7857142857141, -61.3263155383860 ) );
#2522 = CARTESIAN_POINT( '', ( 77.7910116594254, 12.9999999999999, -50.0000000000087 ) );
#2523 = CARTESIAN_POINT( '', ( 80.3761692699429, 13.2142857142855, -38.6736844616309 ) );
#2524 = CARTESIAN_POINT( '', ( 82.9613268804606, 13.4285714285713, -27.3473689232533 ) );
#2525 = CARTESIAN_POINT( '', ( 90.2047775423745, 13.6428571428570, -18.2643690853951 ) );
#2526 = CARTESIAN_POINT( '', ( 97.4482282042887, 13.8571428571427, -9.18136924753699 ) );
#2527 = CARTESIAN_POINT( '', ( 107.915317678914, 14.0714285714284, -4.14068462376888 ) );
#2528 = CARTESIAN_POINT( '', ( 118.382407153540, 14.2857142857141, 0.899999999999198 ) );
#2529 = CARTESIAN_POINT( '', ( 130.000000000000, 14.4999999999998, 0.900000000000000 ) );
#2530 = CARTESIAN_POINT( '', ( 141.617592846460, 14.7142857142855, 0.900000000000796 ) );
#2531 = CARTESIAN_POINT( '', ( 152.084682321086, 14.9285714285712, -4.14068462376587 ) );
#2532 = CARTESIAN_POINT( '', ( 162.551771795713, 15.1428571428570, -9.18136924753252 ) );
#2533 = CARTESIAN_POINT( '', ( 169.795222457628, 15.3571428571427, -18.2643690853896 ) );
#2534 = CARTESIAN_POINT( '', ( 177.038673119544, 15.5714285714284, -27.3473689232468 ) );
#2535 = CARTESIAN_POINT( '', ( 179.623830730063, 15.7857142857141, -38.6736844616241 ) );
#2536 = CARTESIAN_POINT( '', ( 182.208988340582, 15.9999999999998, -50.0000000000015 ) );
#2537 = CARTESIAN_POINT( '', ( 179.623830730064, 16.2142857142855, -61.3263155383793 ) );
#2538 = CARTESIAN_POINT( '', ( 177.038673119547, 16.4285714285713, -72.6526310767570 ) );
#2539 = CARTESIAN_POINT( '', ( 169.795222457633, 16.6428571428570, -81.7356309146151 ) );
#2540 = CARTESIAN_POINT( '', ( 162.551771795718, 16.8571428571427, -90.8186307524732 ) );
#2541 = CARTESIAN_POINT( '', ( 152.084682321092, 17.0714285714284, -95.8593153762413 ) );
#2542 = CARTESIAN_POINT( '', ( 141.617592846467, 17.2857142857141, -100.900000000009 ) );
#2543 = CARTESIAN_POINT( '', ( 130.000000000007, 17.4999999999996, -100.900000000010 ) );
#2544 = CARTESIAN_POINT( '', ( 118.382407153547, 17.7142857142855, -100.900000000011 ) );
#2545 = CARTESIAN_POINT( '', ( 107.915317678921, 17.9285714285712, -95.8593153762443 ) );
#2546 = CARTESIAN_POINT( '', ( 97.4482282042944, 18.1428571428569, -90.8186307524777 ) );
#2547 = CARTESIAN_POINT( '', ( 90.2047775423789, 18.3571428571427, -81.7356309146206 ) );
#2548 = CARTESIAN_POINT( '', ( 82.9613268804637, 18.5714285714284, -72.6526310767635 ) );
#2549 = CARTESIAN_POINT( '', ( 80.3761692699445, 18.7857142857141, -61.3263155383860 ) );
#2550 = CARTESIAN_POINT( '', ( 77.7910116594254, 18.9999999999998, -50.0000000000087 ) );
#2551 = CARTESIAN_POINT( '', ( 80.3761692699429, 19.2142857142855, -38.6736844616309 ) );
#2552 = CARTESIAN_POINT( '', ( 82.9613268804606, 19.4285714285712, -27.3473689232533 ) );
#2553 = CARTESIAN_POINT( '', ( 90.2047775423745, 19.6428571428569, -18.2643690853951 ) );
#2554 = CARTESIAN_POINT( '', ( 97.4482282042887, 19.8571428571426, -9.18136924753699 ) );
#2555 = CARTESIAN_POINT( '', ( 107.915317678914, 20.0714285714284, -4.14068462376888 ) );
#2556 = CARTESIAN_POINT( '', ( 118.382407153540, 20.2857142857141, 0.899999999999198 ) );
#2557 = CARTESIAN_POINT( '', ( 130.000000000000, 20.4999999999998, 0.900000000000000 ) );
#2558 = CARTESIAN_POINT( '', ( 141.617592846460, 20.7142857142855, 0.900000000000796 ) );
#2559 = CARTESIAN_POINT( '', ( 152.084682321086, 20.9285714285712, -4.14068462376587 ) );
#2560 = CARTESIAN_POINT( '', ( 162.551771795713, 21.1428571428569, -9.18136924753252 ) );
#2561 = CARTESIAN_POINT( '', ( 169.795222457628, 21.3571428571426, -18.2643690853896 ) );
#2562 = CARTESIAN_POINT( '', ( 177.038673119544, 21.5714285714283, -27.3473689232468 ) );
#2563 = CARTESIAN_POINT( '', ( 179.623830730063, 21.7857142857140, -38.6736844616241 ) );
#2564 = CARTESIAN_POINT( '', ( 182.208988340582, 21.9999999999998, -50.0000000000015 ) );
#2565 = CARTESIAN_POINT( '', ( 179.623830730064, 22.2142857142854, -61.3263155383793 ) );
#2566 = CARTESIAN_POINT( '', ( 177.038673119547, 22.4285714285712, -72.6526310767570 ) );
#2567 = CARTESIAN_POINT( '', ( 169.795222457633, 22.6428571428569, -81.7356309146151 ) );
#2568 = CARTESIAN_POINT( '', ( 162.551771795718, 22.8571428571426, -90.8186307524732 ) );
#2569 = CARTESIAN_POINT( '', ( 152.084682321092, 23.0714285714283, -95.8593153762413 ) );
#2570 = CARTESIAN_POINT( '', ( 141.617592846467, 23.2857142857140, -100.900000000009 ) );
#2571 = CARTESIAN_POINT( '', ( 130.000000000007, 23.4999999999996, -100.900000000010 ) );
#2572 = CARTESIAN_POINT( '', ( 118.382407153547, 23.7142857142854, -100.900000000011 ) );
#2573 = CARTESIAN_POINT( '', ( 107.915317678921, 23.9285714285712, -95.8593153762443 ) );
#2574 = CARTESIAN_POINT( '', ( 97.4482282042944, 24.1428571428568, -90.8186307524777 ) );
#2575 = CARTESIAN_POINT( '', ( 90.2047775423789, 24.3571428571425, -81.7356309146206 ) );
#2576 = CARTESIAN_POINT( '', ( 82.9613268804637, 24.5714285714283, -72.6526310767635 ) );
#2577 = CARTESIAN_POINT( '', ( 80.3761692699445, 24.7857142857140, -61.3263155383860 ) );
#2578 = CARTESIAN_POINT( '', ( 77.7910116594254, 24.9999999999997, -50.0000000000087 ) );
#2579 = CARTESIAN_POINT( '', ( 80.3761692699429, 25.2142857142854, -38.6736844616309 ) );
#2580 = CARTESIAN_POINT( '', ( 82.9613268804606, 25.4285714285711, -27.3473689232533 ) );
#2581 = CARTESIAN_POINT( '', ( 90.2047775423745, 25.6428571428569, -18.2643690853951 ) );
#2582 = CARTESIAN_POINT( '', ( 97.4482282042887, 25.8571428571426, -9.18136924753699 ) );
#2583 = CARTESIAN_POINT( '', ( 107.915317678914, 26.0714285714283, -4.14068462376888 ) );
#2584 = CARTESIAN_POINT( '', ( 118.382407153540, 26.2857142857140, 0.899999999999198 ) );
#2585 = CARTESIAN_POINT( '', ( 130.000000000000, 26.4999999999996, 0.900000000000000 ) );
#2586 = CARTESIAN_POINT( '', ( 141.617592846460, 26.7142857142854, 0.900000000000796 ) );
#2587 = CARTESIAN_POINT( '', ( 152.084682321086, 26.9285714285711, -4.14068462376587 ) );
#2588 = CARTESIAN_POINT( '', ( 162.551771795713, 27.1428571428568, -9.18136924753252 ) );
#2589 = CARTESIAN_POINT( '', ( 169.795222457628, 27.3571428571425, -18.2643690853896 ) );
#2590 = CARTESIAN_POINT( '', ( 177.038673119544, 27.5714285714282, -27.3473689232468 ) );
#2591 = CARTESIAN_POINT( '', ( 179.623830730063, 27.7857142857139, -38.6736844616241 ) );
#2592 = CARTESIAN_POINT( '', ( 182.208988340582, 27.9999999999997, -50.0000000000015 ) );
#2593 = CARTESIAN_POINT( '', ( 179.623830730064, 28.2142857142854, -61.3263155383793 ) );
#2594 = CARTESIAN_POINT( '', ( 177.038673119547, 28.4285714285711, -72.6526310767570 ) );
#2595 = CARTESIAN_POINT( '', ( 169.795222457633, 28.6428571428568, -81.7356309146151 ) );
#2596 = CARTESIAN_POINT( '', ( 162.551771795718, 28.8571428571425, -90.8186307524732 ) );
#2597 = CARTESIAN_POINT( '', ( 152.084682321092, 29.0714285714282, -95.8593153762413 ) );
#2598 = CARTESIAN_POINT( '', ( 141.617592846467, 29.2857142857139, -100.900000000009 ) );
#2599 = CARTESIAN_POINT( '', ( 130.000000000007, 29.4999999999996, -100.900000000010 ) );
#2600 = CARTESIAN_POINT( '', ( 118.382407153547, 29.7142857142853, -100.900000000011 ) );
#2601 = CARTESIAN_POINT( '', ( 107.915317678921, 29.9285714285710, -95.8593153762443 ) );
#2602 = CARTESIAN_POINT( '', ( 97.4482282042944, 30.1428571428568, -90.8186307524777 ) );
#2603 = CARTESIAN_POINT( '', ( 90.2047775423789, 30.3571428571425, -81.7356309146206 ) );
#2604 = CARTESIAN_POINT( '', ( 82.9613268804637, 30.5714285714282, -72.6526310767635 ) );
#2605 = CARTESIAN_POINT( '', ( 80.3761692699445, 30.7857142857139, -61.3263155383860 ) );
#2606 = CARTESIAN_POINT( '', ( 77.7910116594254, 30.9999999999996, -50.0000000000087 ) );
#2607 = CARTESIAN_POINT( '', ( 80.3761692699429, 31.2142857142853, -38.6736844616309 ) );
#2608 = CARTESIAN_POINT( '', ( 82.9613268804606, 31.4285714285711, -27.3473689232533 ) );
#2609 = CARTESIAN_POINT( '', ( 90.2047775423745, 31.6428571428568, -18.2643690853951 ) );
#2610 = CARTESIAN_POINT( '', ( 97.4482282042887, 31.8571428571425, -9.18136924753699 ) );
#2611 = CARTESIAN_POINT( '', ( 107.915317678914, 32.0714285714282, -4.14068462376888 ) );
#2612 = CARTESIAN_POINT( '', ( 118.382407153540, 32.2857142857139, 0.899999999999198 ) );
#2613 = CARTESIAN_POINT( '', ( 130.000000000000, 32.4999999999996, 0.900000000000000 ) );
#2619 = SURFACE_SIDE_STYLE( '', ( #4715 ) );
#2620 = EDGE_LOOP( '', ( #4716, #4717, #4718, #4719 ) );
#2621 = AXIS2_PLACEMENT_3D( '', #4720, #4721, #4722 );
#2622 = SURFACE_SIDE_STYLE( '', ( #4723 ) );
#2623 = EDGE_LOOP( '', ( #4724, #4725, #4726 ) );
#2626 = CARTESIAN_POINT( '', ( 76.0000000000000, 10.8629614310251, 25.0000000000000 ) );
#2627 = CARTESIAN_POINT( '', ( 76.0000000000000, 10.8629614310251, 25.0000000000000 ) );
#2628 = CARTESIAN_POINT( '', ( 76.0000000000000, 10.8629614310251, 25.0000000000000 ) );
#2629 = CARTESIAN_POINT( '', ( 76.1308997840170, 10.9062817695267, 25.0000000000000 ) );
#2630 = CARTESIAN_POINT( '', ( 76.1109612119610, 10.9364050550750, 24.9999999999980 ) );
#2631 = CARTESIAN_POINT( '', ( 76.0910232021729, 10.9665287127788, 25.0000000000000 ) );
#2632 = CARTESIAN_POINT( '', ( 76.2617991890090, 10.9496019825939, 24.9935693199820 ) );
#2633 = CARTESIAN_POINT( '', ( 76.2220311518878, 11.0099206445962, 24.9955280105498 ) );
#2634 = CARTESIAN_POINT( '', ( 76.1820461407840, 11.0700956946502, 24.9935693199820 ) );
#2635 = CARTESIAN_POINT( '', ( 76.5223379336274, 11.0358253991916, 24.9679084933956 ) );
#2636 = CARTESIAN_POINT( '', ( 76.4436848237608, 11.1566300095932, 24.9776170910005 ) );
#2637 = CARTESIAN_POINT( '', ( 76.3632158119434, 11.2762327007149, 24.9679084933956 ) );
#2638 = CARTESIAN_POINT( '', ( 76.6519767988417, 11.0787284457191, 24.9486783842991 ) );
#2639 = CARTESIAN_POINT( '', ( 76.5544817408152, 11.2299648892182, 24.9641435445610 ) );
#2640 = CARTESIAN_POINT( '', ( 76.4533622146015, 11.3788023495559, 24.9486783842989 ) );
#2641 = CARTESIAN_POINT( '', ( 76.9087457772873, 11.1637042854171, 24.8976038589268 ) );
#2642 = CARTESIAN_POINT( '', ( 76.7753074611098, 11.3761262450201, 24.9280893926253 ) );
#2643 = CARTESIAN_POINT( '', ( 76.6319105201779, 11.5819567346901, 24.8976038589269 ) );
#2644 = CARTESIAN_POINT( '', ( 77.0358755157157, 11.2057769545491, 24.8657595171951 ) );
#2645 = CARTESIAN_POINT( '', ( 76.8855381915615, 11.4490863739072, 24.9054404197316 ) );
#2646 = CARTESIAN_POINT( '', ( 76.7203121624733, 11.6825411744430, 24.8657595171953 ) );
#2647 = CARTESIAN_POINT( '', ( 77.2864019023199, 11.2886868535454, 24.7897631686626 ) );
#2648 = CARTESIAN_POINT( '', ( 77.1049124014317, 11.5942869959187, 24.8507746005905 ) );
#2649 = CARTESIAN_POINT( '', ( 76.8945195846517, 11.8807564508340, 24.7897631686624 ) );
#2650 = CARTESIAN_POINT( '', ( 77.4097981851222, 11.3295239624912, 24.7456112726830 ) );
#2651 = CARTESIAN_POINT( '', ( 77.2142391324071, 11.6666487806039, 24.8186575012161 ) );
#2652 = CARTESIAN_POINT( '', ( 76.9803251104697, 11.9783869983877, 24.7456112726829 ) );
#2653 = CARTESIAN_POINT( '', ( 77.6516692737984, 11.4095694531241, 24.6454249874073 ) );
#2654 = CARTESIAN_POINT( '', ( 77.4314193818175, 11.8103972518660, 24.7446713904494 ) );
#2655 = CARTESIAN_POINT( '', ( 77.1485139365194, 12.1697542445392, 24.6454249874073 ) );
#2656 = CARTESIAN_POINT( '', ( 77.7701437273444, 11.4487777182105, 24.5893907440318 ) );
#2657 = CARTESIAN_POINT( '', ( 77.5394295005840, 11.8818875899411, 24.7026734034935 ) );
#2658 = CARTESIAN_POINT( '', ( 77.2308969917586, 12.2634906643754, 24.5893907440316 ) );
#2659 = CARTESIAN_POINT( '', ( 78.0010301672635, 11.5251879186393, 24.4659793707550 ) );
#2660 = CARTESIAN_POINT( '', ( 77.7534848885531, 12.0235677605325, 24.6084213762592 ) );
#2661 = CARTESIAN_POINT( '', ( 77.3914474713302, 12.4461669090743, 24.4659793707552 ) );
#2662 = CARTESIAN_POINT( '', ( 78.1134418178222, 11.5623897428469, 24.3986024203262 ) );
#2663 = CARTESIAN_POINT( '', ( 77.8596517245646, 12.0938380563665, 24.5560146071316 ) );
#2664 = CARTESIAN_POINT( '', ( 77.4696146621489, 12.5351064682440, 24.3986024203262 ) );
#2665 = CARTESIAN_POINT( '', ( 78.3311200463346, 11.6344287810665, 24.2531544780941 ) );
#2666 = CARTESIAN_POINT( '', ( 78.0693743805293, 12.2326504542062, 24.4403365754044 ) );
#2667 = CARTESIAN_POINT( '', ( 77.6209806063407, 12.7073324393824, 24.2531544780941 ) );
#2668 = CARTESIAN_POINT( '', ( 78.4363863082696, 11.6692658904943, 24.1750836974177 ) );
#2669 = CARTESIAN_POINT( '', ( 78.1730080739721, 12.3012440995493, 24.3768963614851 ) );
#2670 = CARTESIAN_POINT( '', ( 77.6941791399687, 12.7906186013177, 24.1750836974177 ) );
#2671 = CARTESIAN_POINT( '', ( 78.6387599650395, 11.7362399911856, 24.0089999294842 ) );
#2672 = CARTESIAN_POINT( '', ( 78.3768063763562, 12.4361352532927, 24.2384766068428 ) );
#2673 = CARTESIAN_POINT( '', ( 77.8349028119951, 12.9507356686433, 24.0089999294842 ) );
#2674 = CARTESIAN_POINT( '', ( 78.7358670666982, 11.7683768854243, 23.9209871827942 ) );
#2675 = CARTESIAN_POINT( '', ( 78.4769967202283, 12.5024497952735, 24.1633229626400 ) );
#2676 = CARTESIAN_POINT( '', ( 77.9024277465323, 13.0275663420727, 23.9209871827942 ) );
#2677 = CARTESIAN_POINT( '', ( 78.9209871827942, 11.8296410513897, 23.7358670666982 ) );
#2678 = CARTESIAN_POINT( '', ( 78.6727783806096, 12.6320348494264, 24.0008060397715 ) );
#2679 = CARTESIAN_POINT( '', ( 78.0311539005157, 13.1740324907067, 23.7358670666981 ) );
#2680 = CARTESIAN_POINT( '', ( 79.0089999296834, 11.8587682345732, 23.6387599647968 ) );
#2681 = CARTESIAN_POINT( '', ( 78.7683361598860, 12.6952831637892, 23.9132791340467 ) );
#2682 = CARTESIAN_POINT( '', ( 78.0923549339170, 13.2436677542292, 23.6387599647964 ) );
#2683 = CARTESIAN_POINT( '', ( 79.1750836972185, 11.9137324584135, 23.4363863085124 ) );
#2684 = CARTESIAN_POINT( '', ( 78.9534006199584, 12.8177746578023, 23.7254636437694 ) );
#2685 = CARTESIAN_POINT( '', ( 78.2078438666398, 13.3750724351171, 23.4363863085127 ) );
#2686 = CARTESIAN_POINT( '', ( 79.2531544784372, 11.9395694198335, 23.3311200458212 ) );
#2687 = CARTESIAN_POINT( '', ( 79.0428105953672, 12.8769538295518, 23.6250427058178 ) );
#2688 = CARTESIAN_POINT( '', ( 78.2621315994742, 13.4368416630493, 23.3311200458209 ) );
#2689 = CARTESIAN_POINT( '', ( 79.3986024199832, 11.9877043660408, 23.1134418183356 ) );
#2690 = CARTESIAN_POINT( '', ( 79.2137845176420, 12.9901190000467, 23.4111656020935 ) );
#2691 = CARTESIAN_POINT( '', ( 78.3632710894141, 13.5519193773159, 23.1134418183358 ) );
#2692 = CARTESIAN_POINT( '', ( 79.4659793711807, 12.0100022816184, 23.0010301664672 ) );
#2693 = CARTESIAN_POINT( '', ( 79.2951907024589, 13.0440005783695, 23.2976337413234 ) );
#2694 = CARTESIAN_POINT( '', ( 78.4101227011000, 13.6052276981878, 23.0010301664674 ) );
#2695 = CARTESIAN_POINT( '', ( 79.5893907436062, 12.0508443843663, 22.7701437281408 ) );
#2696 = CARTESIAN_POINT( '', ( 79.4480536449902, 13.1451783528717, 23.0577367240921 ) );
#2697 = CARTESIAN_POINT( '', ( 78.4959387197236, 13.7028701845792, 22.7701437281405 ) );
#2698 = CARTESIAN_POINT( '', ( 79.6454249878495, 12.0693885129649, 22.6516692727309 ) );
#2699 = CARTESIAN_POINT( '', ( 79.5193028254473, 13.1923371566640, 22.9313797446964 ) );
#2700 = CARTESIAN_POINT( '', ( 78.5349030035879, 13.7472042100709, 22.6516692727307 ) );
#2701 = CARTESIAN_POINT( '', ( 79.7456112722408, 12.1025444404991, 22.4097981861898 ) );
#2702 = CARTESIAN_POINT( '', ( 79.6495540890351, 13.2785485873600, 22.6667132504206 ) );
#2703 = CARTESIAN_POINT( '', ( 78.6045690957624, 13.8264711181211, 22.4097981861900 ) );
#2704 = CARTESIAN_POINT( '', ( 79.7897631690594, 12.1171561920009, 22.2864019010117 ) );
#2705 = CARTESIAN_POINT( '', ( 79.7083213717972, 13.3174458032920, 22.5285192094262 ) );
#2706 = CARTESIAN_POINT( '', ( 78.6352708044059, 13.8614038872784, 22.2864019010117 ) );
#2707 = CARTESIAN_POINT( '', ( 79.8657595167982, 12.1423066346369, 22.0358755170240 ) );
#2708 = CARTESIAN_POINT( '', ( 79.8113221768345, 13.3856205489358, 22.2418949583908 ) );
#2709 = CARTESIAN_POINT( '', ( 78.6881160476332, 13.9215318333830, 22.0358755170240 ) );
#2710 = CARTESIAN_POINT( '', ( 79.8976038592248, 12.1528452898659, 21.9087457757891 ) );
#2711 = CARTESIAN_POINT( '', ( 79.8553270491465, 13.4147467385421, 22.0936991829699 ) );
#2712 = CARTESIAN_POINT( '', ( 78.7102595067722, 13.9467269244914, 21.9087457757890 ) );
#2713 = CARTESIAN_POINT( '', ( 79.9486783840011, 12.1697480351130, 21.6519768003399 ) );
#2714 = CARTESIAN_POINT( '', ( 79.9268068060323, 13.4620581575430, 21.7896683875150 ) );
#2715 = CARTESIAN_POINT( '', ( 78.7457749725113, 13.9871368437109, 21.6519768003400 ) );
#2716 = CARTESIAN_POINT( '', ( 79.9679084935551, 12.1761121010400, 21.5223379320078 ) );
#2717 = CARTESIAN_POINT( '', ( 79.9540983494916, 13.4801220361020, 21.6341787982738 ) );
#2718 = CARTESIAN_POINT( '', ( 78.7591469284913, 14.0023516142267, 21.5223379320079 ) );
#2719 = CARTESIAN_POINT( '', ( 79.9935693198225, 12.1846043662374, 21.2617991906287 ) );
#2720 = CARTESIAN_POINT( '', ( 79.9907461418655, 13.5043786807226, 21.3189184195939 ) );
#2721 = CARTESIAN_POINT( '', ( 78.7769905834292, 14.0226543369847, 21.2617991906285 ) );
#2722 = CARTESIAN_POINT( '', ( 80.0000000000000, 12.1867325534152, 21.1308997828005 ) );
#2723 = CARTESIAN_POINT( '', ( 79.9999999999682, 13.5105036757874, 21.1595763043195 ) );
#2724 = CARTESIAN_POINT( '', ( 78.7814622569773, 14.0277422603219, 21.1308997828006 ) );
#2725 = CARTESIAN_POINT( '', ( 80.0000000000000, 12.1867325534165, 21.0000000000000 ) );
#2726 = CARTESIAN_POINT( '', ( 80.0000000000000, 13.5105036758078, 21.0000000000000 ) );
#2727 = CARTESIAN_POINT( '', ( 78.7814622569786, 14.0277422603214, 21.0000000000000 ) );
#2733 = SURFACE_SIDE_STYLE( '', ( #4727 ) );
#2734 = EDGE_LOOP( '', ( #4728, #4729, #4730, #4731 ) );
#2735 = AXIS2_PLACEMENT_3D( '', #4732, #4733, #4734 );
#2736 = SURFACE_SIDE_STYLE( '', ( #4735 ) );
#2737 = EDGE_LOOP( '', ( #4736, #4737, #4738, #4739 ) );
#2738 = AXIS2_PLACEMENT_3D( '', #4740, #4741, #4742 );
#2739 = SURFACE_SIDE_STYLE( '', ( #4743 ) );
#2740 = EDGE_LOOP( '', ( #4744, #4745, #4746 ) );
#2741 = AXIS2_PLACEMENT_3D( '', #4747, #4748, #4749 );
#2742 = SURFACE_SIDE_STYLE( '', ( #4750 ) );
#2743 = EDGE_LOOP( '', ( #4751, #4752, #4753, #4754 ) );
#2744 = AXIS2_PLACEMENT_3D( '', #4755, #4756, #4757 );
#2745 = SURFACE_SIDE_STYLE( '', ( #4758 ) );
#2746 = EDGE_LOOP( '', ( #4759, #4760, #4761, #4762 ) );
#2747 = AXIS2_PLACEMENT_3D( '', #4763, #4764, #4765 );
#2748 = SURFACE_SIDE_STYLE( '', ( #4766 ) );
#2749 = EDGE_LOOP( '', ( #4767, #4768, #4769 ) );
#2750 = AXIS2_PLACEMENT_3D( '', #4770, #4771, #4772 );
#2751 = SURFACE_SIDE_STYLE( '', ( #4773 ) );
#2752 = EDGE_LOOP( '', ( #4774, #4775, #4776, #4777 ) );
#2755 = CARTESIAN_POINT( '', ( -120.000000000000, 6.00000000000000, -0.900000000000000 ) );
#2756 = CARTESIAN_POINT( '', ( -125.306660779571, 6.00000000000001, -0.649999999999998 ) );
#2757 = CARTESIAN_POINT( '', ( -130.087796934483, 8.30247382126875, -0.400000000000000 ) );
#2758 = CARTESIAN_POINT( '', ( -134.868933089395, 10.6049476425375, -0.149999999999999 ) );
#2759 = CARTESIAN_POINT( '', ( -138.177581967382, 14.7538621067844, 0.100000000000000 ) );
#2760 = CARTESIAN_POINT( '', ( -141.486230845368, 18.9027765710314, 0.350000000000001 ) );
#2761 = CARTESIAN_POINT( '', ( -142.667073958227, 24.0763882855157, 0.600000000000000 ) );
#2762 = CARTESIAN_POINT( '', ( -143.847917071087, 29.2500000000000, 0.850000000000002 ) );
#2763 = CARTESIAN_POINT( '', ( -142.667073958227, 34.4236117144843, 1.10000000000000 ) );
#2764 = CARTESIAN_POINT( '', ( -141.486230845368, 39.5972234289686, 1.35000000000000 ) );
#2765 = CARTESIAN_POINT( '', ( -138.177581967382, 43.7461378932156, 1.60000000000000 ) );
#2766 = CARTESIAN_POINT( '', ( -134.868933089395, 47.8950523574625, 1.85000000000000 ) );
#2767 = CARTESIAN_POINT( '', ( -130.087796934483, 50.1975261787313, 2.10000000000000 ) );
#2768 = CARTESIAN_POINT( '', ( -125.306660779571, 52.5000000000001, 2.35000000000000 ) );
#2769 = CARTESIAN_POINT( '', ( -120.000000000000, 52.5000000000000, 2.60000000000000 ) );
#2770 = CARTESIAN_POINT( '', ( -114.693339220429, 52.5000000000001, 2.85000000000000 ) );
#2771 = CARTESIAN_POINT( '', ( -109.912203065517, 50.1975261787313, 3.10000000000000 ) );
#2772 = CARTESIAN_POINT( '', ( -105.131066910604, 47.8950523574625, 3.35000000000000 ) );
#2773 = CARTESIAN_POINT( '', ( -101.822418032618, 43.7461378932156, 3.60000000000000 ) );
#2774 = CARTESIAN_POINT( '', ( -98.5137691546320, 39.5972234289686, 3.85000000000000 ) );
#2775 = CARTESIAN_POINT( '', ( -97.3329260417725, 34.4236117144843, 4.10000000000000 ) );
#2776 = CARTESIAN_POINT( '', ( -96.1520829289131, 29.2500000000000, 4.35000000000000 ) );
#2777 = CARTESIAN_POINT( '', ( -97.3329260417725, 24.0763882855157, 4.60000000000000 ) );
#2778 = CARTESIAN_POINT( '', ( -98.5137691546320, 18.9027765710314, 4.85000000000000 ) );
#2779 = CARTESIAN_POINT( '', ( -101.822418032618, 14.7538621067845, 5.10000000000000 ) );
#2780 = CARTESIAN_POINT( '', ( -105.131066910604, 10.6049476425375, 5.35000000000000 ) );
#2781 = CARTESIAN_POINT( '', ( -109.912203065517, 8.30247382126875, 5.60000000000000 ) );
#2782 = CARTESIAN_POINT( '', ( -114.693339220429, 6.00000000000001, 5.85000000000000 ) );
#2783 = CARTESIAN_POINT( '', ( -120.000000000000, 6.00000000000000, 6.10000000000000 ) );
#2784 = CARTESIAN_POINT( '', ( -120.000000000000, 6.00000000000000, 0.900000000000000 ) );
#2785 = CARTESIAN_POINT( '', ( -125.306660779571, 6.00000000000001, 1.15000000000000 ) );
#2786 = CARTESIAN_POINT( '', ( -130.087796934483, 8.30247382126875, 1.40000000000000 ) );
#2787 = CARTESIAN_POINT( '', ( -134.868933089395, 10.6049476425375, 1.65000000000000 ) );
#2788 = CARTESIAN_POINT( '', ( -138.177581967382, 14.7538621067844, 1.90000000000000 ) );
#2789 = CARTESIAN_POINT( '', ( -141.486230845368, 18.9027765710314, 2.15000000000000 ) );
#2790 = CARTESIAN_POINT( '', ( -142.667073958227, 24.0763882855157, 2.40000000000000 ) );
#2791 = CARTESIAN_POINT( '', ( -143.847917071087, 29.2500000000000, 2.65000000000000 ) );
#2792 = CARTESIAN_POINT( '', ( -142.667073958227, 34.4236117144843, 2.90000000000000 ) );
#2793 = CARTESIAN_POINT( '', ( -141.486230845368, 39.5972234289686, 3.15000000000000 ) );
#2794 = CARTESIAN_POINT( '', ( -138.177581967382, 43.7461378932156, 3.40000000000000 ) );
#2795 = CARTESIAN_POINT( '', ( -134.868933089395, 47.8950523574625, 3.65000000000000 ) );
#2796 = CARTESIAN_POINT( '', ( -130.087796934483, 50.1975261787313, 3.90000000000000 ) );
#2797 = CARTESIAN_POINT( '', ( -125.306660779571, 52.5000000000001, 4.15000000000000 ) );
#2798 = CARTESIAN_POINT( '', ( -120.000000000000, 52.5000000000000, 4.40000000000000 ) );
#2799 = CARTESIAN_POINT( '', ( -114.693339220429, 52.5000000000001, 4.65000000000000 ) );
#2800 = CARTESIAN_POINT( '', ( -109.912203065517, 50.1975261787313, 4.90000000000000 ) );
#2801 = CARTESIAN_POINT( '', ( -105.131066910604, 47.8950523574625, 5.15000000000000 ) );
#2802 = CARTESIAN_POINT( '', ( -101.822418032618, 43.7461378932156, 5.40000000000000 ) );
#2803 = CARTESIAN_POINT( '', ( -98.5137691546320, 39.5972234289686, 5.64999999999999 ) );
#2804 = CARTESIAN_POINT( '', ( -97.3329260417725, 34.4236117144843, 5.90000000000000 ) );
#2805 = CARTESIAN_POINT( '', ( -96.1520829289131, 29.2500000000000, 6.15000000000000 ) );
#2806 = CARTESIAN_POINT( '', ( -97.3329260417725, 24.0763882855157, 6.40000000000000 ) );
#2807 = CARTESIAN_POINT( '', ( -98.5137691546320, 18.9027765710314, 6.65000000000000 ) );
#2808 = CARTESIAN_POINT( '', ( -101.822418032618, 14.7538621067845, 6.90000000000000 ) );
#2809 = CARTESIAN_POINT( '', ( -105.131066910604, 10.6049476425375, 7.15000000000000 ) );
#2810 = CARTESIAN_POINT( '', ( -109.912203065517, 8.30247382126875, 7.40000000000000 ) );
#2811 = CARTESIAN_POINT( '', ( -114.693339220429, 6.00000000000001, 7.65000000000000 ) );
#2812 = CARTESIAN_POINT( '', ( -120.000000000000, 6.00000000000000, 7.90000000000000 ) );
#2818 = SURFACE_SIDE_STYLE( '', ( #4778 ) );
#2819 = EDGE_LOOP( '', ( #4779, #4780, #4781, #4782 ) );
#2820 = AXIS2_PLACEMENT_3D( '', #4783, #4784, #4785 );
#2821 = SURFACE_SIDE_STYLE( '', ( #4786 ) );
#2822 = EDGE_LOOP( '', ( #4787 ) );
#2823 = EDGE_LOOP( '', ( #4788 ) );
#2824 = AXIS2_PLACEMENT_3D( '', #4789, #4790, #4791 );
#2825 = SURFACE_SIDE_STYLE( '', ( #4792 ) );
#2826 = EDGE_LOOP( '', ( #4793, #4794, #4795, #4796, #4797, #4798 ) );
#2827 = AXIS2_PLACEMENT_3D( '', #4799, #4800, #4801 );
#2828 = SURFACE_SIDE_STYLE( '', ( #4802 ) );
#2829 = EDGE_LOOP( '', ( #4803 ) );
#2830 = EDGE_LOOP( '', ( #4804, #4805, #4806, #4807 ) );
#2831 = AXIS2_PLACEMENT_3D( '', #4808, #4809, #4810 );
#2832 = SURFACE_SIDE_STYLE( '', ( #4811 ) );
#2833 = EDGE_LOOP( '', ( #4812, #4813, #4814, #4815 ) );
#2834 = AXIS2_PLACEMENT_3D( '', #4816, #4817, #4818 );
#2835 = SURFACE_SIDE_STYLE( '', ( #4819 ) );
#2836 = EDGE_LOOP( '', ( #4820, #4821, #4822 ) );
#2837 = AXIS2_PLACEMENT_3D( '', #4823, #4824, #4825 );
#2838 = SURFACE_SIDE_STYLE( '', ( #4826 ) );
#2839 = EDGE_LOOP( '', ( #4827, #4828, #4829, #4830 ) );
#2840 = AXIS2_PLACEMENT_3D( '', #4831, #4832, #4833 );
#2841 = SURFACE_SIDE_STYLE( '', ( #4834 ) );
#2842 = EDGE_LOOP( '', ( #4835, #4836, #4837, #4838 ) );
#2843 = AXIS2_PLACEMENT_3D( '', #4839, #4840, #4841 );
#2844 = SURFACE_SIDE_STYLE( '', ( #4842 ) );
#2845 = EDGE_LOOP( '', ( #4843 ) );
#2846 = EDGE_LOOP( '', ( #4844 ) );
#2847 = AXIS2_PLACEMENT_3D( '', #4845, #4846, #4847 );
#2848 = SURFACE_SIDE_STYLE( '', ( #4848 ) );
#2849 = EDGE_LOOP( '', ( #4849, #4850, #4851, #4852 ) );
#2850 = CARTESIAN_POINT( '', ( 183.000000000004, 31.9999999999996, -4.00000000000511 ) );
#2851 = CARTESIAN_POINT( '', ( 190.206478566775, 31.9999999999996, -4.00000000000511 ) );
#2852 = CARTESIAN_POINT( '', ( 196.009446193274, 27.3999999999996, -10.8000000000051 ) );
#2853 = CARTESIAN_POINT( '', ( 203.000000000004, 27.3999999999996, -10.8000000000051 ) );
#2854 = CARTESIAN_POINT( '', ( 183.000000000004, 31.9999999999996, -4.62090438616859 ) );
#2855 = CARTESIAN_POINT( '', ( 190.207860102836, 31.9999999999996, -4.62090438616859 ) );
#2856 = CARTESIAN_POINT( '', ( 196.008617271638, 28.5416666666662, -11.9416666666718 ) );
#2857 = CARTESIAN_POINT( '', ( 203.000000000004, 28.5416666666662, -11.9416666666718 ) );
#2858 = CARTESIAN_POINT( '', ( 183.000000000004, 32.5040956138361, -5.74590438616859 ) );
#2859 = CARTESIAN_POINT( '', ( 190.210623174957, 32.5040956138361, -5.74590438616859 ) );
#2860 = CARTESIAN_POINT( '', ( 196.006959428365, 30.8249999999996, -14.2250000000051 ) );
#2861 = CARTESIAN_POINT( '', ( 203.000000000004, 30.8249999999996, -14.2250000000051 ) );
#2862 = CARTESIAN_POINT( '', ( 183.000000000004, 33.6290956138361, -6.25000000000510 ) );
#2863 = CARTESIAN_POINT( '', ( 190.519287748447, 33.6290956138361, -6.25000000000510 ) );
#2864 = CARTESIAN_POINT( '', ( 195.821760684271, 33.1083333333330, -16.5083333333385 ) );
#2865 = CARTESIAN_POINT( '', ( 203.000000000004, 33.1083333333330, -16.5083333333385 ) );
#2866 = CARTESIAN_POINT( '', ( 183.000000000004, 34.2499999999996, -6.25000000000510 ) );
#2867 = CARTESIAN_POINT( '', ( 190.673620035192, 34.2499999999996, -6.25000000000510 ) );
#2868 = CARTESIAN_POINT( '', ( 195.729161312224, 34.2499999999996, -17.6500000000051 ) );
#2869 = CARTESIAN_POINT( '', ( 203.000000000004, 34.2499999999996, -17.6500000000051 ) );
#2870 = SURFACE_SIDE_STYLE( '', ( #4853 ) );
#2871 = EDGE_LOOP( '', ( #4854, #4855, #4856, #4857 ) );
#2872 = AXIS2_PLACEMENT_3D( '', #4858, #4859, #4860 );
#2873 = SURFACE_SIDE_STYLE( '', ( #4861 ) );
#2874 = EDGE_LOOP( '', ( #4862, #4863, #4864, #4865 ) );
#2875 = AXIS2_PLACEMENT_3D( '', #4866, #4867, #4868 );
#2876 = SURFACE_SIDE_STYLE( '', ( #4869 ) );
#2877 = EDGE_LOOP( '', ( #4870, #4871, #4872, #4873 ) );
#2878 = AXIS2_PLACEMENT_3D( '', #4874, #4875, #4876 );
#2879 = SURFACE_SIDE_STYLE( '', ( #4877 ) );
#2880 = EDGE_LOOP( '', ( #4878, #4879, #4880, #4881 ) );
#2881 = AXIS2_PLACEMENT_3D( '', #4882, #4883, #4884 );
#2882 = SURFACE_SIDE_STYLE( '', ( #4885 ) );
#2883 = EDGE_LOOP( '', ( #4886, #4887, #4888, #4889 ) );
#2884 = AXIS2_PLACEMENT_3D( '', #4890, #4891, #4892 );
#2885 = SURFACE_SIDE_STYLE( '', ( #4893 ) );
#2886 = EDGE_LOOP( '', ( #4894 ) );
#2887 = EDGE_LOOP( '', ( #4895 ) );
#2888 = AXIS2_PLACEMENT_3D( '', #4896, #4897, #4898 );
#2889 = SURFACE_SIDE_STYLE( '', ( #4899 ) );
#2890 = EDGE_LOOP( '', ( #4900, #4901, #4902 ) );
#2891 = AXIS2_PLACEMENT_3D( '', #4903, #4904, #4905 );
#2892 = SURFACE_SIDE_STYLE( '', ( #4906 ) );
#2893 = EDGE_LOOP( '', ( #4907, #4908, #4909, #4910 ) );
#2894 = AXIS2_PLACEMENT_3D( '', #4911, #4912, #4913 );
#2895 = SURFACE_SIDE_STYLE( '', ( #4914 ) );
#2896 = EDGE_LOOP( '', ( #4915, #4916, #4917, #4918 ) );
#2897 = AXIS2_PLACEMENT_3D( '', #4919, #4920, #4921 );
#2898 = SURFACE_SIDE_STYLE( '', ( #4922 ) );
#2899 = EDGE_LOOP( '', ( #4923, #4924, #4925, #4926, #4927 ) );
#2900 = AXIS2_PLACEMENT_3D( '', #4928, #4929, #4930 );
#2901 = SURFACE_SIDE_STYLE( '', ( #4931 ) );
#2902 = EDGE_LOOP( '', ( #4932, #4933, #4934, #4935, #4936 ) );
#2903 = AXIS2_PLACEMENT_3D( '', #4937, #4938, #4939 );
#2904 = SURFACE_SIDE_STYLE( '', ( #4940 ) );
#2905 = EDGE_LOOP( '', ( #4941, #4942, #4943, #4944 ) );
#2906 = AXIS2_PLACEMENT_3D( '', #4945, #4946, #4947 );
#2907 = SURFACE_SIDE_STYLE( '', ( #4948 ) );
#2908 = EDGE_LOOP( '', ( #4949, #4950, #4951, #4952 ) );
#2909 = AXIS2_PLACEMENT_3D( '', #4953, #4954, #4955 );
#2910 = SURFACE_SIDE_STYLE( '', ( #4956 ) );
#2911 = EDGE_LOOP( '', ( #4957, #4958, #4959, #4960 ) );
#2914 = CARTESIAN_POINT( '', ( -120.000000000000, 2.50000000000000, 0.900000000000000 ) );
#2915 = CARTESIAN_POINT( '', ( -126.105512939936, 2.49999999999999, 1.15000000000000 ) );
#2916 = CARTESIAN_POINT( '', ( -131.606390021395, 5.14908278361030, 1.40000000000000 ) );
#2917 = CARTESIAN_POINT( '', ( -137.107267102853, 7.79816556722058, 1.65000000000000 ) );
#2918 = CARTESIAN_POINT( '', ( -140.913992156020, 12.5716478002788, 1.90000000000000 ) );
#2919 = CARTESIAN_POINT( '', ( -144.720717209187, 17.3451300333372, 2.15000000000000 ) );
#2920 = CARTESIAN_POINT( '', ( -146.079321650864, 23.2975650166686, 2.40000000000000 ) );
#2921 = CARTESIAN_POINT( '', ( -147.437926092541, 29.2500000000000, 2.65000000000000 ) );
#2922 = CARTESIAN_POINT( '', ( -146.079321650864, 35.2024349833314, 2.90000000000000 ) );
#2923 = CARTESIAN_POINT( '', ( -144.720717209187, 41.1548699666628, 3.15000000000000 ) );
#2924 = CARTESIAN_POINT( '', ( -140.913992156020, 45.9283521997211, 3.40000000000000 ) );
#2925 = CARTESIAN_POINT( '', ( -137.107267102853, 50.7018344327795, 3.65000000000000 ) );
#2926 = CARTESIAN_POINT( '', ( -131.606390021395, 53.3509172163897, 3.90000000000000 ) );
#2927 = CARTESIAN_POINT( '', ( -126.105512939936, 56.0000000000001, 4.15000000000000 ) );
#2928 = CARTESIAN_POINT( '', ( -120.000000000000, 56.0000000000000, 4.40000000000000 ) );
#2929 = CARTESIAN_POINT( '', ( -113.894487060063, 56.0000000000001, 4.65000000000000 ) );
#2930 = CARTESIAN_POINT( '', ( -108.393609978605, 53.3509172163897, 4.90000000000000 ) );
#2931 = CARTESIAN_POINT( '', ( -102.892732897147, 50.7018344327795, 5.15000000000000 ) );
#2932 = CARTESIAN_POINT( '', ( -99.0860078439801, 45.9283521997212, 5.40000000000000 ) );
#2933 = CARTESIAN_POINT( '', ( -95.2792827908132, 41.1548699666628, 5.64999999999999 ) );
#2934 = CARTESIAN_POINT( '', ( -93.9206783491361, 35.2024349833314, 5.90000000000000 ) );
#2935 = CARTESIAN_POINT( '', ( -92.5620739074591, 29.2500000000000, 6.14999999999999 ) );
#2936 = CARTESIAN_POINT( '', ( -93.9206783491361, 23.2975650166686, 6.40000000000000 ) );
#2937 = CARTESIAN_POINT( '', ( -95.2792827908132, 17.3451300333372, 6.65000000000000 ) );
#2938 = CARTESIAN_POINT( '', ( -99.0860078439801, 12.5716478002789, 6.90000000000000 ) );
#2939 = CARTESIAN_POINT( '', ( -102.892732897147, 7.79816556722058, 7.15000000000000 ) );
#2940 = CARTESIAN_POINT( '', ( -108.393609978605, 5.14908278361030, 7.40000000000000 ) );
#2941 = CARTESIAN_POINT( '', ( -113.894487060063, 2.49999999999999, 7.65000000000000 ) );
#2942 = CARTESIAN_POINT( '', ( -120.000000000000, 2.50000000000000, 7.90000000000000 ) );
#2943 = CARTESIAN_POINT( '', ( -120.000000000000, 2.50000000000000, -0.900000000000000 ) );
#2944 = CARTESIAN_POINT( '', ( -126.105512939936, 2.49999999999999, -0.649999999999998 ) );
#2945 = CARTESIAN_POINT( '', ( -131.606390021395, 5.14908278361030, -0.400000000000000 ) );
#2946 = CARTESIAN_POINT( '', ( -137.107267102853, 7.79816556722058, -0.149999999999999 ) );
#2947 = CARTESIAN_POINT( '', ( -140.913992156020, 12.5716478002788, 0.100000000000001 ) );
#2948 = CARTESIAN_POINT( '', ( -144.720717209187, 17.3451300333372, 0.350000000000001 ) );
#2949 = CARTESIAN_POINT( '', ( -146.079321650864, 23.2975650166686, 0.600000000000000 ) );
#2950 = CARTESIAN_POINT( '', ( -147.437926092541, 29.2500000000000, 0.850000000000002 ) );
#2951 = CARTESIAN_POINT( '', ( -146.079321650864, 35.2024349833314, 1.10000000000000 ) );
#2952 = CARTESIAN_POINT( '', ( -144.720717209187, 41.1548699666628, 1.35000000000000 ) );
#2953 = CARTESIAN_POINT( '', ( -140.913992156020, 45.9283521997211, 1.60000000000000 ) );
#2954 = CARTESIAN_POINT( '', ( -137.107267102853, 50.7018344327795, 1.85000000000000 ) );
#2955 = CARTESIAN_POINT( '', ( -131.606390021395, 53.3509172163897, 2.10000000000000 ) );
#2956 = CARTESIAN_POINT( '', ( -126.105512939936, 56.0000000000001, 2.35000000000000 ) );
#2957 = CARTESIAN_POINT( '', ( -120.000000000000, 56.0000000000000, 2.60000000000000 ) );
#2958 = CARTESIAN_POINT( '', ( -113.894487060063, 56.0000000000001, 2.85000000000000 ) );
#2959 = CARTESIAN_POINT( '', ( -108.393609978605, 53.3509172163897, 3.10000000000000 ) );
#2960 = CARTESIAN_POINT( '', ( -102.892732897147, 50.7018344327795, 3.35000000000000 ) );
#2961 = CARTESIAN_POINT( '', ( -99.0860078439801, 45.9283521997212, 3.60000000000000 ) );
#2962 = CARTESIAN_POINT( '', ( -95.2792827908132, 41.1548699666628, 3.85000000000000 ) );
#2963 = CARTESIAN_POINT( '', ( -93.9206783491361, 35.2024349833314, 4.10000000000000 ) );
#2964 = CARTESIAN_POINT( '', ( -92.5620739074591, 29.2500000000000, 4.35000000000000 ) );
#2965 = CARTESIAN_POINT( '', ( -93.9206783491361, 23.2975650166686, 4.60000000000000 ) );
#2966 = CARTESIAN_POINT( '', ( -95.2792827908132, 17.3451300333372, 4.85000000000000 ) );
#2967 = CARTESIAN_POINT( '', ( -99.0860078439801, 12.5716478002789, 5.10000000000000 ) );
#2968 = CARTESIAN_POINT( '', ( -102.892732897147, 7.79816556722058, 5.35000000000000 ) );
#2969 = CARTESIAN_POINT( '', ( -108.393609978605, 5.14908278361030, 5.60000000000000 ) );
#2970 = CARTESIAN_POINT( '', ( -113.894487060063, 2.49999999999999, 5.85000000000000 ) );
#2971 = CARTESIAN_POINT( '', ( -120.000000000000, 2.50000000000000, 6.10000000000000 ) );
#2977 = SURFACE_SIDE_STYLE( '', ( #4961 ) );
#2978 = EDGE_LOOP( '', ( #4962, #4963, #4964, #4965 ) );
#2979 = AXIS2_PLACEMENT_3D( '', #4966, #4967, #4968 );
#2980 = SURFACE_SIDE_STYLE( '', ( #4969 ) );
#2981 = EDGE_LOOP( '', ( #4970, #4971, #4972, #4973, #4974, #4975, #4976, #4977, #4978, #4979, #4980, #4981, #4982, #4983 ) );
#2982 = AXIS2_PLACEMENT_3D( '', #4984, #4985, #4986 );
#2983 = SURFACE_SIDE_STYLE( '', ( #4987 ) );
#2984 = EDGE_LOOP( '', ( #4988, #4989, #4990, #4991, #4992, #4993, #4994, #4995, #4996, #4997 ) );
#2985 = AXIS2_PLACEMENT_3D( '', #4998, #4999, #5000 );
#2986 = SURFACE_SIDE_STYLE( '', ( #5001 ) );
#2987 = EDGE_LOOP( '', ( #5002, #5003, #5004, #5005 ) );
#2988 = AXIS2_PLACEMENT_3D( '', #5006, #5007, #5008 );
#2989 = SURFACE_SIDE_STYLE( '', ( #5009 ) );
#2990 = EDGE_LOOP( '', ( #5010, #5011, #5012 ) );
#2991 = AXIS2_PLACEMENT_3D( '', #5013, #5014, #5015 );
#2992 = SURFACE_SIDE_STYLE( '', ( #5016 ) );
#2993 = EDGE_LOOP( '', ( #5017, #5018, #5019, #5020 ) );
#2994 = CARTESIAN_POINT( '', ( 183.000000000004, 36.5000000000000, 3.99999999999489 ) );
#2995 = CARTESIAN_POINT( '', ( 190.206478566775, 36.5000000000000, 3.99999999999489 ) );
#2996 = CARTESIAN_POINT( '', ( 196.009446193274, 41.1000000000000, 10.7999999999949 ) );
#2997 = CARTESIAN_POINT( '', ( 203.000000000004, 41.1000000000000, 10.7999999999949 ) );
#2998 = CARTESIAN_POINT( '', ( 183.000000000004, 36.5000000000000, 4.62090438615839 ) );
#2999 = CARTESIAN_POINT( '', ( 190.207860102836, 36.5000000000000, 4.62090438615839 ) );
#3000 = CARTESIAN_POINT( '', ( 196.008617271638, 39.9583333333330, 11.9416666666615 ) );
#3001 = CARTESIAN_POINT( '', ( 203.000000000004, 39.9583333333330, 11.9416666666615 ) );
#3002 = CARTESIAN_POINT( '', ( 183.000000000004, 35.9959043861631, 5.74590438615839 ) );
#3003 = CARTESIAN_POINT( '', ( 190.210623174957, 35.9959043861631, 5.74590438615839 ) );
#3004 = CARTESIAN_POINT( '', ( 196.006959428365, 37.6750000000000, 14.2249999999949 ) );
#3005 = CARTESIAN_POINT( '', ( 203.000000000004, 37.6750000000000, 14.2249999999949 ) );
#3006 = CARTESIAN_POINT( '', ( 183.000000000004, 34.8709043861631, 6.24999999999490 ) );
#3007 = CARTESIAN_POINT( '', ( 190.519287748447, 34.8709043861631, 6.24999999999490 ) );
#3008 = CARTESIAN_POINT( '', ( 195.821760684271, 35.3916666666663, 16.5083333333282 ) );
#3009 = CARTESIAN_POINT( '', ( 203.000000000004, 35.3916666666663, 16.5083333333282 ) );
#3010 = CARTESIAN_POINT( '', ( 183.000000000004, 34.2499999999996, 6.24999999999490 ) );
#3011 = CARTESIAN_POINT( '', ( 190.673620035192, 34.2499999999996, 6.24999999999490 ) );
#3012 = CARTESIAN_POINT( '', ( 195.729161312224, 34.2499999999996, 17.6499999999949 ) );
#3013 = CARTESIAN_POINT( '', ( 203.000000000004, 34.2499999999996, 17.6499999999949 ) );
#3014 = SURFACE_SIDE_STYLE( '', ( #5021 ) );
#3015 = EDGE_LOOP( '', ( #5022, #5023, #5024 ) );
#3016 = AXIS2_PLACEMENT_3D( '', #5025, #5026, #5027 );
#3017 = SURFACE_SIDE_STYLE( '', ( #5028 ) );
#3018 = EDGE_LOOP( '', ( #5029, #5030, #5031 ) );
#3019 = AXIS2_PLACEMENT_3D( '', #5032, #5033, #5034 );
#3020 = SURFACE_SIDE_STYLE( '', ( #5035 ) );
#3021 = EDGE_LOOP( '', ( #5036, #5037, #5038, #5039 ) );
#3022 = AXIS2_PLACEMENT_3D( '', #5040, #5041, #5042 );
#3023 = SURFACE_SIDE_STYLE( '', ( #5043 ) );
#3024 = EDGE_LOOP( '', ( #5044, #5045, #5046, #5047 ) );
#3025 = CARTESIAN_POINT( '', ( 183.000000000004, 34.2499999999996, 6.24999999999490 ) );
#3026 = CARTESIAN_POINT( '', ( 190.673620035192, 34.2499999999996, 6.24999999999490 ) );
#3027 = CARTESIAN_POINT( '', ( 195.729161312224, 34.2499999999996, 17.6499999999949 ) );
#3028 = CARTESIAN_POINT( '', ( 203.000000000004, 34.2499999999996, 17.6499999999949 ) );
#3029 = CARTESIAN_POINT( '', ( 183.000000000004, 33.6290956138361, 6.24999999999490 ) );
#3030 = CARTESIAN_POINT( '', ( 190.519287748447, 33.6290956138361, 6.24999999999490 ) );
#3031 = CARTESIAN_POINT( '', ( 195.821760684271, 33.1083333333330, 16.5083333333282 ) );
#3032 = CARTESIAN_POINT( '', ( 203.000000000004, 33.1083333333330, 16.5083333333282 ) );
#3033 = CARTESIAN_POINT( '', ( 183.000000000004, 32.5040956138361, 5.74590438615839 ) );
#3034 = CARTESIAN_POINT( '', ( 190.210623174957, 32.5040956138361, 5.74590438615839 ) );
#3035 = CARTESIAN_POINT( '', ( 196.006959428365, 30.8249999999996, 14.2249999999949 ) );
#3036 = CARTESIAN_POINT( '', ( 203.000000000004, 30.8249999999996, 14.2249999999949 ) );
#3037 = CARTESIAN_POINT( '', ( 183.000000000004, 31.9999999999996, 4.62090438615839 ) );
#3038 = CARTESIAN_POINT( '', ( 190.207860102836, 31.9999999999996, 4.62090438615839 ) );
#3039 = CARTESIAN_POINT( '', ( 196.008617271638, 28.5416666666662, 11.9416666666615 ) );
#3040 = CARTESIAN_POINT( '', ( 203.000000000004, 28.5416666666662, 11.9416666666615 ) );
#3041 = CARTESIAN_POINT( '', ( 183.000000000004, 31.9999999999996, 3.99999999999489 ) );
#3042 = CARTESIAN_POINT( '', ( 190.206478566775, 31.9999999999996, 3.99999999999489 ) );
#3043 = CARTESIAN_POINT( '', ( 196.009446193274, 27.3999999999996, 10.7999999999949 ) );
#3044 = CARTESIAN_POINT( '', ( 203.000000000004, 27.3999999999996, 10.7999999999949 ) );
#3045 = SURFACE_SIDE_STYLE( '', ( #5048 ) );
#3046 = EDGE_LOOP( '', ( #5049, #5050, #5051, #5052 ) );
#3047 = AXIS2_PLACEMENT_3D( '', #5053, #5054, #5055 );
#3048 = SURFACE_SIDE_STYLE( '', ( #5056 ) );
#3049 = EDGE_LOOP( '', ( #5057, #5058, #5059, #5060 ) );
#3050 = EDGE_LOOP( '', ( #5061 ) );
#3051 = AXIS2_PLACEMENT_3D( '', #5062, #5063, #5064 );
#3052 = SURFACE_SIDE_STYLE( '', ( #5065 ) );
#3053 = EDGE_LOOP( '', ( #5066 ) );
#3054 = EDGE_LOOP( '', ( #5067 ) );
#3055 = AXIS2_PLACEMENT_3D( '', #5068, #5069, #5070 );
#3056 = SURFACE_SIDE_STYLE( '', ( #5071 ) );
#3057 = EDGE_LOOP( '', ( #5072, #5073, #5074, #5075 ) );
#3058 = AXIS2_PLACEMENT_3D( '', #5076, #5077, #5078 );
#3059 = SURFACE_SIDE_STYLE( '', ( #5079 ) );
#3060 = EDGE_LOOP( '', ( #5080, #5081, #5082, #5083 ) );
#3061 = AXIS2_PLACEMENT_3D( '', #5084, #5085, #5086 );
#3062 = SURFACE_SIDE_STYLE( '', ( #5087 ) );
#3063 = EDGE_LOOP( '', ( #5088 ) );
#3064 = AXIS2_PLACEMENT_3D( '', #5089, #5090, #5091 );
#3065 = SURFACE_SIDE_STYLE( '', ( #5092 ) );
#3066 = EDGE_LOOP( '', ( #5093, #5094, #5095, #5096, #5097, #5098, #5099, #5100, #5101 ) );
#3067 = AXIS2_PLACEMENT_3D( '', #5102, #5103, #5104 );
#3068 = SURFACE_SIDE_STYLE( '', ( #5105 ) );
#3069 = EDGE_LOOP( '', ( #5106, #5107, #5108, #5109, #5110, #5111 ) );
#3070 = EDGE_LOOP( '', ( #5112, #5113, #5114, #5115 ) );
#3071 = AXIS2_PLACEMENT_3D( '', #5116, #5117, #5118 );
#3072 = SURFACE_SIDE_STYLE( '', ( #5119 ) );
#3073 = EDGE_LOOP( '', ( #5120, #5121, #5122, #5123 ) );
#3074 = EDGE_LOOP( '', ( #5124, #5125, #5126, #5127 ) );
#3075 = AXIS2_PLACEMENT_3D( '', #5128, #5129, #5130 );
#3076 = SURFACE_SIDE_STYLE( '', ( #5131 ) );
#3077 = EDGE_LOOP( '', ( #5132 ) );
#3078 = EDGE_LOOP( '', ( #5133 ) );
#3079 = AXIS2_PLACEMENT_3D( '', #5134, #5135, #5136 );
#3080 = SURFACE_SIDE_STYLE( '', ( #5137 ) );
#3081 = EDGE_LOOP( '', ( #5138, #5139, #5140, #5141 ) );
#3082 = AXIS2_PLACEMENT_3D( '', #5142, #5143, #5144 );
#3083 = SURFACE_SIDE_STYLE( '', ( #5145 ) );
#3084 = EDGE_LOOP( '', ( #5146, #5147, #5148, #5149 ) );
#3085 = AXIS2_PLACEMENT_3D( '', #5150, #5151, #5152 );
#3086 = SURFACE_SIDE_STYLE( '', ( #5153 ) );
#3087 = EDGE_LOOP( '', ( #5154, #5155, #5156, #5157 ) );
#3088 = AXIS2_PLACEMENT_3D( '', #5158, #5159, #5160 );
#3089 = SURFACE_SIDE_STYLE( '', ( #5161 ) );
#3090 = EDGE_LOOP( '', ( #5162, #5163, #5164, #5165 ) );
#3091 = AXIS2_PLACEMENT_3D( '', #5166, #5167, #5168 );
#3092 = SURFACE_SIDE_STYLE( '', ( #5169 ) );
#3093 = EDGE_LOOP( '', ( #5170, #5171, #5172, #5173, #5174, #5175 ) );
#3094 = EDGE_LOOP( '', ( #5176, #5177, #5178, #5179 ) );
#3095 = AXIS2_PLACEMENT_3D( '', #5180, #5181, #5182 );
#3096 = SURFACE_SIDE_STYLE( '', ( #5183 ) );
#3097 = EDGE_LOOP( '', ( #5184, #5185, #5186, #5187, #5188 ) );
#3098 = AXIS2_PLACEMENT_3D( '', #5189, #5190, #5191 );
#3099 = SURFACE_SIDE_STYLE( '', ( #5192 ) );
#3100 = EDGE_LOOP( '', ( #5193, #5194, #5195, #5196 ) );
#3101 = AXIS2_PLACEMENT_3D( '', #5197, #5198, #5199 );
#3102 = SURFACE_SIDE_STYLE( '', ( #5200 ) );
#3103 = EDGE_LOOP( '', ( #5201 ) );
#3104 = EDGE_LOOP( '', ( #5202 ) );
#3105 = AXIS2_PLACEMENT_3D( '', #5203, #5204, #5205 );
#3106 = SURFACE_SIDE_STYLE( '', ( #5206 ) );
#3107 = EDGE_LOOP( '', ( #5207, #5208, #5209, #5210, #5211, #5212 ) );
#3108 = EDGE_LOOP( '', ( #5213, #5214, #5215, #5216 ) );
#3109 = AXIS2_PLACEMENT_3D( '', #5217, #5218, #5219 );
#3110 = SURFACE_SIDE_STYLE( '', ( #5220 ) );
#3111 = EDGE_LOOP( '', ( #5221, #5222, #5223, #5224 ) );
#3114 = CARTESIAN_POINT( '', ( 130.000000000000, 6.00000000000000, 0.900000000000000 ) );
#3115 = CARTESIAN_POINT( '', ( 141.617592846460, 6.21428571428569, 0.900000000000796 ) );
#3116 = CARTESIAN_POINT( '', ( 152.084682321086, 6.42857142857140, -4.14068462376587 ) );
#3117 = CARTESIAN_POINT( '', ( 162.551771795713, 6.64285714285714, -9.18136924753252 ) );
#3118 = CARTESIAN_POINT( '', ( 169.795222457628, 6.85714285714285, -18.2643690853896 ) );
#3119 = CARTESIAN_POINT( '', ( 177.038673119544, 7.07142857142855, -27.3473689232468 ) );
#3120 = CARTESIAN_POINT( '', ( 179.623830730063, 7.28571428571425, -38.6736844616241 ) );
#3121 = CARTESIAN_POINT( '', ( 182.208988340582, 7.49999999999995, -50.0000000000015 ) );
#3122 = CARTESIAN_POINT( '', ( 179.623830730064, 7.71428571428565, -61.3263155383793 ) );
#3123 = CARTESIAN_POINT( '', ( 177.038673119547, 7.92857142857140, -72.6526310767570 ) );
#3124 = CARTESIAN_POINT( '', ( 169.795222457633, 8.14285714285710, -81.7356309146151 ) );
#3125 = CARTESIAN_POINT( '', ( 162.551771795718, 8.35714285714281, -90.8186307524732 ) );
#3126 = CARTESIAN_POINT( '', ( 152.084682321092, 8.57142857142850, -95.8593153762413 ) );
#3127 = CARTESIAN_POINT( '', ( 141.617592846467, 8.78571428571426, -100.900000000009 ) );
#3128 = CARTESIAN_POINT( '', ( 130.000000000007, 9.00000000000000, -100.900000000010 ) );
#3129 = CARTESIAN_POINT( '', ( 118.382407153547, 9.21428571428566, -100.900000000011 ) );
#3130 = CARTESIAN_POINT( '', ( 107.915317678921, 9.42857142857135, -95.8593153762443 ) );
#3131 = CARTESIAN_POINT( '', ( 97.4482282042944, 9.64285714285707, -90.8186307524777 ) );
#3132 = CARTESIAN_POINT( '', ( 90.2047775423789, 9.85714285714280, -81.7356309146206 ) );
#3133 = CARTESIAN_POINT( '', ( 82.9613268804637, 10.0714285714285, -72.6526310767635 ) );
#3134 = CARTESIAN_POINT( '', ( 80.3761692699445, 10.2857142857142, -61.3263155383860 ) );
#3135 = CARTESIAN_POINT( '', ( 77.7910116594254, 10.4999999999999, -50.0000000000087 ) );
#3136 = CARTESIAN_POINT( '', ( 80.3761692699429, 10.7142857142856, -38.6736844616309 ) );
#3137 = CARTESIAN_POINT( '', ( 82.9613268804606, 10.9285714285713, -27.3473689232533 ) );
#3138 = CARTESIAN_POINT( '', ( 90.2047775423745, 11.1428571428570, -18.2643690853951 ) );
#3139 = CARTESIAN_POINT( '', ( 97.4482282042887, 11.3571428571428, -9.18136924753699 ) );
#3140 = CARTESIAN_POINT( '', ( 107.915317678914, 11.5714285714285, -4.14068462376888 ) );
#3141 = CARTESIAN_POINT( '', ( 118.382407153540, 11.7857142857142, 0.899999999999198 ) );
#3142 = CARTESIAN_POINT( '', ( 130.000000000000, 12.0000000000000, 0.900000000000000 ) );
#3143 = CARTESIAN_POINT( '', ( 141.617592846460, 12.2142857142856, 0.900000000000796 ) );
#3144 = CARTESIAN_POINT( '', ( 152.084682321086, 12.4285714285713, -4.14068462376587 ) );
#3145 = CARTESIAN_POINT( '', ( 162.551771795713, 12.6428571428570, -9.18136924753252 ) );
#3146 = CARTESIAN_POINT( '', ( 169.795222457628, 12.8571428571427, -18.2643690853896 ) );
#3147 = CARTESIAN_POINT( '', ( 177.038673119544, 13.0714285714284, -27.3473689232468 ) );
#3148 = CARTESIAN_POINT( '', ( 179.623830730063, 13.2857142857142, -38.6736844616241 ) );
#3149 = CARTESIAN_POINT( '', ( 182.208988340582, 13.4999999999999, -50.0000000000015 ) );
#3150 = CARTESIAN_POINT( '', ( 179.623830730064, 13.7142857142856, -61.3263155383793 ) );
#3151 = CARTESIAN_POINT( '', ( 177.038673119547, 13.9285714285713, -72.6526310767570 ) );
#3152 = CARTESIAN_POINT( '', ( 169.795222457633, 14.1428571428570, -81.7356309146151 ) );
#3153 = CARTESIAN_POINT( '', ( 162.551771795718, 14.3571428571428, -90.8186307524732 ) );
#3154 = CARTESIAN_POINT( '', ( 152.084682321092, 14.5714285714284, -95.8593153762413 ) );
#3155 = CARTESIAN_POINT( '', ( 141.617592846467, 14.7857142857142, -100.900000000009 ) );
#3156 = CARTESIAN_POINT( '', ( 130.000000000007, 14.9999999999998, -100.900000000010 ) );
#3157 = CARTESIAN_POINT( '', ( 118.382407153547, 15.2142857142856, -100.900000000011 ) );
#3158 = CARTESIAN_POINT( '', ( 107.915317678921, 15.4285714285713, -95.8593153762443 ) );
#3159 = CARTESIAN_POINT( '', ( 97.4482282042944, 15.6428571428570, -90.8186307524777 ) );
#3160 = CARTESIAN_POINT( '', ( 90.2047775423789, 15.8571428571427, -81.7356309146206 ) );
#3161 = CARTESIAN_POINT( '', ( 82.9613268804637, 16.0714285714284, -72.6526310767635 ) );
#3162 = CARTESIAN_POINT( '', ( 80.3761692699445, 16.2857142857142, -61.3263155383860 ) );
#3163 = CARTESIAN_POINT( '', ( 77.7910116594254, 16.4999999999999, -50.0000000000087 ) );
#3164 = CARTESIAN_POINT( '', ( 80.3761692699429, 16.7142857142855, -38.6736844616309 ) );
#3165 = CARTESIAN_POINT( '', ( 82.9613268804606, 16.9285714285713, -27.3473689232533 ) );
#3166 = CARTESIAN_POINT( '', ( 90.2047775423745, 17.1428571428570, -18.2643690853951 ) );
#3167 = CARTESIAN_POINT( '', ( 97.4482282042887, 17.3571428571427, -9.18136924753699 ) );
#3168 = CARTESIAN_POINT( '', ( 107.915317678914, 17.5714285714284, -4.14068462376888 ) );
#3169 = CARTESIAN_POINT( '', ( 118.382407153540, 17.7857142857142, 0.899999999999198 ) );
#3170 = CARTESIAN_POINT( '', ( 130.000000000000, 18.0000000000000, 0.900000000000000 ) );
#3171 = CARTESIAN_POINT( '', ( 141.617592846460, 18.2142857142856, 0.900000000000796 ) );
#3172 = CARTESIAN_POINT( '', ( 152.084682321086, 18.4285714285713, -4.14068462376587 ) );
#3173 = CARTESIAN_POINT( '', ( 162.551771795713, 18.6428571428570, -9.18136924753252 ) );
#3174 = CARTESIAN_POINT( '', ( 169.795222457628, 18.8571428571427, -18.2643690853896 ) );
#3175 = CARTESIAN_POINT( '', ( 177.038673119544, 19.0714285714284, -27.3473689232468 ) );
#3176 = CARTESIAN_POINT( '', ( 179.623830730063, 19.2857142857141, -38.6736844616241 ) );
#3177 = CARTESIAN_POINT( '', ( 182.208988340582, 19.4999999999998, -50.0000000000015 ) );
#3178 = CARTESIAN_POINT( '', ( 179.623830730064, 19.7142857142855, -61.3263155383793 ) );
#3179 = CARTESIAN_POINT( '', ( 177.038673119547, 19.9285714285712, -72.6526310767570 ) );
#3180 = CARTESIAN_POINT( '', ( 169.795222457633, 20.1428571428570, -81.7356309146151 ) );
#3181 = CARTESIAN_POINT( '', ( 162.551771795718, 20.3571428571427, -90.8186307524732 ) );
#3182 = CARTESIAN_POINT( '', ( 152.084682321092, 20.5714285714284, -95.8593153762413 ) );
#3183 = CARTESIAN_POINT( '', ( 141.617592846467, 20.7857142857141, -100.900000000009 ) );
#3184 = CARTESIAN_POINT( '', ( 130.000000000007, 21.0000000000000, -100.900000000010 ) );
#3185 = CARTESIAN_POINT( '', ( 118.382407153547, 21.2142857142855, -100.900000000011 ) );
#3186 = CARTESIAN_POINT( '', ( 107.915317678921, 21.4285714285712, -95.8593153762443 ) );
#3187 = CARTESIAN_POINT( '', ( 97.4482282042944, 21.6428571428570, -90.8186307524777 ) );
#3188 = CARTESIAN_POINT( '', ( 90.2047775423789, 21.8571428571427, -81.7356309146206 ) );
#3189 = CARTESIAN_POINT( '', ( 82.9613268804637, 22.0714285714284, -72.6526310767635 ) );
#3190 = CARTESIAN_POINT( '', ( 80.3761692699445, 22.2857142857141, -61.3263155383860 ) );
#3191 = CARTESIAN_POINT( '', ( 77.7910116594254, 22.4999999999998, -50.0000000000087 ) );
#3192 = CARTESIAN_POINT( '', ( 80.3761692699429, 22.7142857142855, -38.6736844616309 ) );
#3193 = CARTESIAN_POINT( '', ( 82.9613268804606, 22.9285714285712, -27.3473689232533 ) );
#3194 = CARTESIAN_POINT( '', ( 90.2047775423745, 23.1428571428569, -18.2643690853951 ) );
#3195 = CARTESIAN_POINT( '', ( 97.4482282042887, 23.3571428571426, -9.18136924753699 ) );
#3196 = CARTESIAN_POINT( '', ( 107.915317678914, 23.5714285714284, -4.14068462376888 ) );
#3197 = CARTESIAN_POINT( '', ( 118.382407153540, 23.7857142857141, 0.899999999999198 ) );
#3198 = CARTESIAN_POINT( '', ( 130.000000000000, 23.9999999999998, 0.900000000000000 ) );
#3199 = CARTESIAN_POINT( '', ( 141.617592846460, 24.2142857142855, 0.900000000000796 ) );
#3200 = CARTESIAN_POINT( '', ( 152.084682321086, 24.4285714285712, -4.14068462376587 ) );
#3201 = CARTESIAN_POINT( '', ( 162.551771795713, 24.6428571428569, -9.18136924753252 ) );
#3202 = CARTESIAN_POINT( '', ( 169.795222457628, 24.8571428571426, -18.2643690853896 ) );
#3203 = CARTESIAN_POINT( '', ( 177.038673119544, 25.0714285714283, -27.3473689232468 ) );
#3204 = CARTESIAN_POINT( '', ( 179.623830730063, 25.2857142857141, -38.6736844616241 ) );
#3205 = CARTESIAN_POINT( '', ( 182.208988340582, 25.4999999999997, -50.0000000000015 ) );
#3206 = CARTESIAN_POINT( '', ( 179.623830730064, 25.7142857142854, -61.3263155383793 ) );
#3207 = CARTESIAN_POINT( '', ( 177.038673119547, 25.9285714285711, -72.6526310767570 ) );
#3208 = CARTESIAN_POINT( '', ( 169.795222457633, 26.1428571428569, -81.7356309146151 ) );
#3209 = CARTESIAN_POINT( '', ( 162.551771795718, 26.3571428571426, -90.8186307524732 ) );
#3210 = CARTESIAN_POINT( '', ( 152.084682321092, 26.5714285714283, -95.8593153762413 ) );
#3211 = CARTESIAN_POINT( '', ( 141.617592846467, 26.7857142857140, -100.900000000009 ) );
#3212 = CARTESIAN_POINT( '', ( 130.000000000007, 27.0000000000000, -100.900000000010 ) );
#3213 = CARTESIAN_POINT( '', ( 118.382407153547, 27.2142857142854, -100.900000000011 ) );
#3214 = CARTESIAN_POINT( '', ( 107.915317678921, 27.4285714285712, -95.8593153762443 ) );
#3215 = CARTESIAN_POINT( '', ( 97.4482282042944, 27.6428571428569, -90.8186307524777 ) );
#3216 = CARTESIAN_POINT( '', ( 90.2047775423789, 27.8571428571426, -81.7356309146206 ) );
#3217 = CARTESIAN_POINT( '', ( 82.9613268804637, 28.0714285714283, -72.6526310767635 ) );
#3218 = CARTESIAN_POINT( '', ( 80.3761692699445, 28.2857142857140, -61.3263155383860 ) );
#3219 = CARTESIAN_POINT( '', ( 77.7910116594254, 28.4999999999997, -50.0000000000087 ) );
#3220 = CARTESIAN_POINT( '', ( 80.3761692699429, 28.7142857142854, -38.6736844616309 ) );
#3221 = CARTESIAN_POINT( '', ( 82.9613268804606, 28.9285714285711, -27.3473689232533 ) );
#3222 = CARTESIAN_POINT( '', ( 90.2047775423745, 29.1428571428568, -18.2643690853951 ) );
#3223 = CARTESIAN_POINT( '', ( 97.4482282042887, 29.3571428571426, -9.18136924753699 ) );
#3224 = CARTESIAN_POINT( '', ( 107.915317678914, 29.5714285714283, -4.14068462376888 ) );
#3225 = CARTESIAN_POINT( '', ( 118.382407153540, 29.7857142857140, 0.899999999999198 ) );
#3226 = CARTESIAN_POINT( '', ( 130.000000000000, 30.0000000000000, 0.900000000000000 ) );
#3227 = CARTESIAN_POINT( '', ( 141.617592846460, 30.2142857142854, 0.900000000000796 ) );
#3228 = CARTESIAN_POINT( '', ( 152.084682321086, 30.4285714285711, -4.14068462376587 ) );
#3229 = CARTESIAN_POINT( '', ( 162.551771795713, 30.6428571428568, -9.18136924753252 ) );
#3230 = CARTESIAN_POINT( '', ( 169.795222457628, 30.8571428571426, -18.2643690853896 ) );
#3231 = CARTESIAN_POINT( '', ( 177.038673119544, 31.0714285714282, -27.3473689232468 ) );
#3232 = CARTESIAN_POINT( '', ( 179.623830730063, 31.2857142857140, -38.6736844616241 ) );
#3233 = CARTESIAN_POINT( '', ( 182.208988340582, 31.4999999999997, -50.0000000000015 ) );
#3234 = CARTESIAN_POINT( '', ( 179.623830730064, 31.7142857142853, -61.3263155383793 ) );
#3235 = CARTESIAN_POINT( '', ( 177.038673119547, 31.9285714285711, -72.6526310767570 ) );
#3236 = CARTESIAN_POINT( '', ( 169.795222457633, 32.1428571428568, -81.7356309146151 ) );
#3237 = CARTESIAN_POINT( '', ( 162.551771795718, 32.3571428571425, -90.8186307524732 ) );
#3238 = CARTESIAN_POINT( '', ( 152.084682321092, 32.5714285714282, -95.8593153762413 ) );
#3239 = CARTESIAN_POINT( '', ( 141.617592846467, 32.7857142857140, -100.900000000009 ) );
#3240 = CARTESIAN_POINT( '', ( 130.000000000007, 32.9999999999996, -100.900000000010 ) );
#3241 = CARTESIAN_POINT( '', ( 118.382407153547, 33.2142857142854, -100.900000000011 ) );
#3242 = CARTESIAN_POINT( '', ( 107.915317678921, 33.4285714285711, -95.8593153762443 ) );
#3243 = CARTESIAN_POINT( '', ( 97.4482282042944, 33.6428571428568, -90.8186307524777 ) );
#3244 = CARTESIAN_POINT( '', ( 90.2047775423789, 33.8571428571425, -81.7356309146206 ) );
#3245 = CARTESIAN_POINT( '', ( 82.9613268804637, 34.0714285714282, -72.6526310767635 ) );
#3246 = CARTESIAN_POINT( '', ( 80.3761692699445, 34.2857142857139, -61.3263155383860 ) );
#3247 = CARTESIAN_POINT( '', ( 77.7910116594254, 34.4999999999996, -50.0000000000087 ) );
#3248 = CARTESIAN_POINT( '', ( 80.3761692699429, 34.7142857142854, -38.6736844616309 ) );
#3249 = CARTESIAN_POINT( '', ( 82.9613268804606, 34.9285714285711, -27.3473689232533 ) );
#3250 = CARTESIAN_POINT( '', ( 90.2047775423745, 35.1428571428568, -18.2643690853951 ) );
#3251 = CARTESIAN_POINT( '', ( 97.4482282042887, 35.3571428571425, -9.18136924753699 ) );
#3252 = CARTESIAN_POINT( '', ( 107.915317678914, 35.5714285714282, -4.14068462376888 ) );
#3253 = CARTESIAN_POINT( '', ( 118.382407153540, 35.7857142857139, 0.899999999999198 ) );
#3254 = CARTESIAN_POINT( '', ( 130.000000000000, 36.0000000000000, 0.900000000000000 ) );
#3255 = CARTESIAN_POINT( '', ( 130.000000000000, 6.00000000000000, -0.900000000000000 ) );
#3256 = CARTESIAN_POINT( '', ( 141.206754592557, 6.21428571428569, -0.899999999999199 ) );
#3257 = CARTESIAN_POINT( '', ( 151.303691590675, 6.42857142857140, -5.76242858599021 ) );
#3258 = CARTESIAN_POINT( '', ( 161.400628588792, 6.64285714285714, -10.6248571719812 ) );
#3259 = CARTESIAN_POINT( '', ( 168.387925789185, 6.85714285714285, -19.3866507287353 ) );
#3260 = CARTESIAN_POINT( '', ( 175.375222989579, 7.07142857142855, -28.1484442854896 ) );
#3261 = CARTESIAN_POINT( '', ( 177.868960488135, 7.28571428571425, -39.0742221427455 ) );
#3262 = CARTESIAN_POINT( '', ( 180.362697986691, 7.49999999999995, -50.0000000000015 ) );
#3263 = CARTESIAN_POINT( '', ( 177.868960488137, 7.71428571428565, -60.9257778572579 ) );
#3264 = CARTESIAN_POINT( '', ( 175.375222989583, 7.92857142857140, -71.8515557145143 ) );
#3265 = CARTESIAN_POINT( '', ( 168.387925789190, 8.14285714285710, -80.6133492712694 ) );
#3266 = CARTESIAN_POINT( '', ( 161.400628588797, 8.35714285714281, -89.3751428280246 ) );
#3267 = CARTESIAN_POINT( '', ( 151.303691590681, 8.57142857142850, -94.2375714140170 ) );
#3268 = CARTESIAN_POINT( '', ( 141.206754592564, 8.78571428571426, -99.1000000000094 ) );
#3269 = CARTESIAN_POINT( '', ( 130.000000000007, 9.00000000000000, -99.1000000000102 ) );
#3270 = CARTESIAN_POINT( '', ( 118.793245407450, 9.21428571428566, -99.1000000000110 ) );
#3271 = CARTESIAN_POINT( '', ( 108.696308409332, 9.42857142857135, -94.2375714140200 ) );
#3272 = CARTESIAN_POINT( '', ( 98.5993714112152, 9.64285714285707, -89.3751428280290 ) );
#3273 = CARTESIAN_POINT( '', ( 91.6120742108215, 9.85714285714280, -80.6133492712748 ) );
#3274 = CARTESIAN_POINT( '', ( 84.6247770104277, 10.0714285714285, -71.8515557145207 ) );
#3275 = CARTESIAN_POINT( '', ( 82.1310395118717, 10.2857142857142, -60.9257778572647 ) );
#3276 = CARTESIAN_POINT( '', ( 79.6373020133160, 10.4999999999999, -50.0000000000087 ) );
#3277 = CARTESIAN_POINT( '', ( 82.1310395118703, 10.7142857142856, -39.0742221427523 ) );
#3278 = CARTESIAN_POINT( '', ( 84.6247770104246, 10.9285714285713, -28.1484442854960 ) );
#3279 = CARTESIAN_POINT( '', ( 91.6120742108171, 11.1428571428570, -19.3866507287408 ) );
#3280 = CARTESIAN_POINT( '', ( 98.5993714112095, 11.3571428571428, -10.6248571719857 ) );
#3281 = CARTESIAN_POINT( '', ( 108.696308409326, 11.5714285714285, -5.76242858599323 ) );
#3282 = CARTESIAN_POINT( '', ( 118.793245407443, 11.7857142857142, -0.900000000000796 ) );
#3283 = CARTESIAN_POINT( '', ( 130.000000000000, 12.0000000000000, -0.900000000000000 ) );
#3284 = CARTESIAN_POINT( '', ( 141.206754592557, 12.2142857142856, -0.899999999999199 ) );
#3285 = CARTESIAN_POINT( '', ( 151.303691590675, 12.4285714285713, -5.76242858599021 ) );
#3286 = CARTESIAN_POINT( '', ( 161.400628588792, 12.6428571428570, -10.6248571719812 ) );
#3287 = CARTESIAN_POINT( '', ( 168.387925789185, 12.8571428571427, -19.3866507287353 ) );
#3288 = CARTESIAN_POINT( '', ( 175.375222989579, 13.0714285714284, -28.1484442854896 ) );
#3289 = CARTESIAN_POINT( '', ( 177.868960488135, 13.2857142857142, -39.0742221427455 ) );
#3290 = CARTESIAN_POINT( '', ( 180.362697986691, 13.4999999999999, -50.0000000000015 ) );
#3291 = CARTESIAN_POINT( '', ( 177.868960488137, 13.7142857142856, -60.9257778572579 ) );
#3292 = CARTESIAN_POINT( '', ( 175.375222989583, 13.9285714285713, -71.8515557145143 ) );
#3293 = CARTESIAN_POINT( '', ( 168.387925789190, 14.1428571428570, -80.6133492712694 ) );
#3294 = CARTESIAN_POINT( '', ( 161.400628588797, 14.3571428571428, -89.3751428280246 ) );
#3295 = CARTESIAN_POINT( '', ( 151.303691590681, 14.5714285714284, -94.2375714140170 ) );
#3296 = CARTESIAN_POINT( '', ( 141.206754592564, 14.7857142857142, -99.1000000000094 ) );
#3297 = CARTESIAN_POINT( '', ( 130.000000000007, 14.9999999999998, -99.1000000000102 ) );
#3298 = CARTESIAN_POINT( '', ( 118.793245407450, 15.2142857142856, -99.1000000000110 ) );
#3299 = CARTESIAN_POINT( '', ( 108.696308409332, 15.4285714285713, -94.2375714140200 ) );
#3300 = CARTESIAN_POINT( '', ( 98.5993714112152, 15.6428571428570, -89.3751428280290 ) );
#3301 = CARTESIAN_POINT( '', ( 91.6120742108215, 15.8571428571427, -80.6133492712748 ) );
#3302 = CARTESIAN_POINT( '', ( 84.6247770104277, 16.0714285714284, -71.8515557145207 ) );
#3303 = CARTESIAN_POINT( '', ( 82.1310395118717, 16.2857142857142, -60.9257778572647 ) );
#3304 = CARTESIAN_POINT( '', ( 79.6373020133160, 16.4999999999999, -50.0000000000087 ) );
#3305 = CARTESIAN_POINT( '', ( 82.1310395118703, 16.7142857142855, -39.0742221427523 ) );
#3306 = CARTESIAN_POINT( '', ( 84.6247770104246, 16.9285714285713, -28.1484442854960 ) );
#3307 = CARTESIAN_POINT( '', ( 91.6120742108171, 17.1428571428570, -19.3866507287408 ) );
#3308 = CARTESIAN_POINT( '', ( 98.5993714112095, 17.3571428571427, -10.6248571719857 ) );
#3309 = CARTESIAN_POINT( '', ( 108.696308409326, 17.5714285714284, -5.76242858599323 ) );
#3310 = CARTESIAN_POINT( '', ( 118.793245407443, 17.7857142857142, -0.900000000000796 ) );
#3311 = CARTESIAN_POINT( '', ( 130.000000000000, 18.0000000000000, -0.900000000000000 ) );
#3312 = CARTESIAN_POINT( '', ( 141.206754592557, 18.2142857142856, -0.899999999999199 ) );
#3313 = CARTESIAN_POINT( '', ( 151.303691590675, 18.4285714285713, -5.76242858599021 ) );
#3314 = CARTESIAN_POINT( '', ( 161.400628588792, 18.6428571428570, -10.6248571719812 ) );
#3315 = CARTESIAN_POINT( '', ( 168.387925789185, 18.8571428571427, -19.3866507287353 ) );
#3316 = CARTESIAN_POINT( '', ( 175.375222989579, 19.0714285714284, -28.1484442854896 ) );
#3317 = CARTESIAN_POINT( '', ( 177.868960488135, 19.2857142857141, -39.0742221427455 ) );
#3318 = CARTESIAN_POINT( '', ( 180.362697986691, 19.4999999999998, -50.0000000000015 ) );
#3319 = CARTESIAN_POINT( '', ( 177.868960488137, 19.7142857142855, -60.9257778572579 ) );
#3320 = CARTESIAN_POINT( '', ( 175.375222989583, 19.9285714285712, -71.8515557145143 ) );
#3321 = CARTESIAN_POINT( '', ( 168.387925789190, 20.1428571428570, -80.6133492712694 ) );
#3322 = CARTESIAN_POINT( '', ( 161.400628588797, 20.3571428571427, -89.3751428280246 ) );
#3323 = CARTESIAN_POINT( '', ( 151.303691590681, 20.5714285714284, -94.2375714140170 ) );
#3324 = CARTESIAN_POINT( '', ( 141.206754592564, 20.7857142857141, -99.1000000000094 ) );
#3325 = CARTESIAN_POINT( '', ( 130.000000000007, 21.0000000000000, -99.1000000000102 ) );
#3326 = CARTESIAN_POINT( '', ( 118.793245407450, 21.2142857142855, -99.1000000000110 ) );
#3327 = CARTESIAN_POINT( '', ( 108.696308409332, 21.4285714285712, -94.2375714140200 ) );
#3328 = CARTESIAN_POINT( '', ( 98.5993714112152, 21.6428571428570, -89.3751428280290 ) );
#3329 = CARTESIAN_POINT( '', ( 91.6120742108215, 21.8571428571427, -80.6133492712748 ) );
#3330 = CARTESIAN_POINT( '', ( 84.6247770104277, 22.0714285714284, -71.8515557145207 ) );
#3331 = CARTESIAN_POINT( '', ( 82.1310395118717, 22.2857142857141, -60.9257778572647 ) );
#3332 = CARTESIAN_POINT( '', ( 79.6373020133160, 22.4999999999998, -50.0000000000087 ) );
#3333 = CARTESIAN_POINT( '', ( 82.1310395118703, 22.7142857142855, -39.0742221427523 ) );
#3334 = CARTESIAN_POINT( '', ( 84.6247770104246, 22.9285714285712, -28.1484442854960 ) );
#3335 = CARTESIAN_POINT( '', ( 91.6120742108171, 23.1428571428569, -19.3866507287408 ) );
#3336 = CARTESIAN_POINT( '', ( 98.5993714112095, 23.3571428571426, -10.6248571719857 ) );
#3337 = CARTESIAN_POINT( '', ( 108.696308409326, 23.5714285714284, -5.76242858599323 ) );
#3338 = CARTESIAN_POINT( '', ( 118.793245407443, 23.7857142857141, -0.900000000000796 ) );
#3339 = CARTESIAN_POINT( '', ( 130.000000000000, 23.9999999999998, -0.900000000000000 ) );
#3340 = CARTESIAN_POINT( '', ( 141.206754592557, 24.2142857142855, -0.899999999999199 ) );
#3341 = CARTESIAN_POINT( '', ( 151.303691590675, 24.4285714285712, -5.76242858599021 ) );
#3342 = CARTESIAN_POINT( '', ( 161.400628588792, 24.6428571428569, -10.6248571719812 ) );
#3343 = CARTESIAN_POINT( '', ( 168.387925789185, 24.8571428571426, -19.3866507287353 ) );
#3344 = CARTESIAN_POINT( '', ( 175.375222989579, 25.0714285714283, -28.1484442854896 ) );
#3345 = CARTESIAN_POINT( '', ( 177.868960488135, 25.2857142857141, -39.0742221427455 ) );
#3346 = CARTESIAN_POINT( '', ( 180.362697986691, 25.4999999999997, -50.0000000000015 ) );
#3347 = CARTESIAN_POINT( '', ( 177.868960488137, 25.7142857142854, -60.9257778572579 ) );
#3348 = CARTESIAN_POINT( '', ( 175.375222989583, 25.9285714285711, -71.8515557145143 ) );
#3349 = CARTESIAN_POINT( '', ( 168.387925789190, 26.1428571428569, -80.6133492712694 ) );
#3350 = CARTESIAN_POINT( '', ( 161.400628588797, 26.3571428571426, -89.3751428280246 ) );
#3351 = CARTESIAN_POINT( '', ( 151.303691590681, 26.5714285714283, -94.2375714140170 ) );
#3352 = CARTESIAN_POINT( '', ( 141.206754592564, 26.7857142857140, -99.1000000000094 ) );
#3353 = CARTESIAN_POINT( '', ( 130.000000000007, 27.0000000000000, -99.1000000000102 ) );
#3354 = CARTESIAN_POINT( '', ( 118.793245407450, 27.2142857142854, -99.1000000000110 ) );
#3355 = CARTESIAN_POINT( '', ( 108.696308409332, 27.4285714285712, -94.2375714140200 ) );
#3356 = CARTESIAN_POINT( '', ( 98.5993714112152, 27.6428571428569, -89.3751428280290 ) );
#3357 = CARTESIAN_POINT( '', ( 91.6120742108215, 27.8571428571426, -80.6133492712748 ) );
#3358 = CARTESIAN_POINT( '', ( 84.6247770104277, 28.0714285714283, -71.8515557145207 ) );
#3359 = CARTESIAN_POINT( '', ( 82.1310395118717, 28.2857142857140, -60.9257778572647 ) );
#3360 = CARTESIAN_POINT( '', ( 79.6373020133160, 28.4999999999997, -50.0000000000087 ) );
#3361 = CARTESIAN_POINT( '', ( 82.1310395118703, 28.7142857142854, -39.0742221427523 ) );
#3362 = CARTESIAN_POINT( '', ( 84.6247770104246, 28.9285714285711, -28.1484442854960 ) );
#3363 = CARTESIAN_POINT( '', ( 91.6120742108171, 29.1428571428568, -19.3866507287408 ) );
#3364 = CARTESIAN_POINT( '', ( 98.5993714112095, 29.3571428571426, -10.6248571719857 ) );
#3365 = CARTESIAN_POINT( '', ( 108.696308409326, 29.5714285714283, -5.76242858599323 ) );
#3366 = CARTESIAN_POINT( '', ( 118.793245407443, 29.7857142857140, -0.900000000000796 ) );
#3367 = CARTESIAN_POINT( '', ( 130.000000000000, 30.0000000000000, -0.900000000000000 ) );
#3368 = CARTESIAN_POINT( '', ( 141.206754592557, 30.2142857142854, -0.899999999999199 ) );
#3369 = CARTESIAN_POINT( '', ( 151.303691590675, 30.4285714285711, -5.76242858599021 ) );
#3370 = CARTESIAN_POINT( '', ( 161.400628588792, 30.6428571428568, -10.6248571719812 ) );
#3371 = CARTESIAN_POINT( '', ( 168.387925789185, 30.8571428571426, -19.3866507287353 ) );
#3372 = CARTESIAN_POINT( '', ( 175.375222989579, 31.0714285714282, -28.1484442854896 ) );
#3373 = CARTESIAN_POINT( '', ( 177.868960488135, 31.2857142857140, -39.0742221427455 ) );
#3374 = CARTESIAN_POINT( '', ( 180.362697986691, 31.4999999999997, -50.0000000000015 ) );
#3375 = CARTESIAN_POINT( '', ( 177.868960488137, 31.7142857142853, -60.9257778572579 ) );
#3376 = CARTESIAN_POINT( '', ( 175.375222989583, 31.9285714285711, -71.8515557145143 ) );
#3377 = CARTESIAN_POINT( '', ( 168.387925789190, 32.1428571428568, -80.6133492712694 ) );
#3378 = CARTESIAN_POINT( '', ( 161.400628588797, 32.3571428571425, -89.3751428280246 ) );
#3379 = CARTESIAN_POINT( '', ( 151.303691590681, 32.5714285714282, -94.2375714140170 ) );
#3380 = CARTESIAN_POINT( '', ( 141.206754592564, 32.7857142857140, -99.1000000000094 ) );
#3381 = CARTESIAN_POINT( '', ( 130.000000000007, 32.9999999999996, -99.1000000000102 ) );
#3382 = CARTESIAN_POINT( '', ( 118.793245407450, 33.2142857142854, -99.1000000000110 ) );
#3383 = CARTESIAN_POINT( '', ( 108.696308409332, 33.4285714285711, -94.2375714140200 ) );
#3384 = CARTESIAN_POINT( '', ( 98.5993714112152, 33.6428571428568, -89.3751428280290 ) );
#3385 = CARTESIAN_POINT( '', ( 91.6120742108215, 33.8571428571425, -80.6133492712748 ) );
#3386 = CARTESIAN_POINT( '', ( 84.6247770104277, 34.0714285714282, -71.8515557145207 ) );
#3387 = CARTESIAN_POINT( '', ( 82.1310395118717, 34.2857142857139, -60.9257778572647 ) );
#3388 = CARTESIAN_POINT( '', ( 79.6373020133160, 34.4999999999996, -50.0000000000087 ) );
#3389 = CARTESIAN_POINT( '', ( 82.1310395118703, 34.7142857142854, -39.0742221427523 ) );
#3390 = CARTESIAN_POINT( '', ( 84.6247770104246, 34.9285714285711, -28.1484442854960 ) );
#3391 = CARTESIAN_POINT( '', ( 91.6120742108171, 35.1428571428568, -19.3866507287408 ) );
#3392 = CARTESIAN_POINT( '', ( 98.5993714112095, 35.3571428571425, -10.6248571719857 ) );
#3393 = CARTESIAN_POINT( '', ( 108.696308409326, 35.5714285714282, -5.76242858599323 ) );
#3394 = CARTESIAN_POINT( '', ( 118.793245407443, 35.7857142857139, -0.900000000000796 ) );
#3395 = CARTESIAN_POINT( '', ( 130.000000000000, 36.0000000000000, -0.900000000000000 ) );
#3401 = SURFACE_SIDE_STYLE( '', ( #5225 ) );
#3402 = EDGE_LOOP( '', ( #5226 ) );
#3403 = AXIS2_PLACEMENT_3D( '', #5227, #5228, #5229 );
#3404 = SURFACE_SIDE_STYLE( '', ( #5230 ) );
#3405 = EDGE_LOOP( '', ( #5231, #5232, #5233, #5234 ) );
#3406 = AXIS2_PLACEMENT_3D( '', #5235, #5236, #5237 );
#3407 = SURFACE_SIDE_STYLE( '', ( #5238 ) );
#3408 = EDGE_LOOP( '', ( #5239, #5240, #5241, #5242 ) );
#3409 = CARTESIAN_POINT( '', ( 183.000000000004, 31.9999999999996, 3.99999999999489 ) );
#3410 = CARTESIAN_POINT( '', ( 190.206478566775, 31.9999999999996, 3.99999999999489 ) );
#3411 = CARTESIAN_POINT( '', ( 196.009446193274, 27.3999999999996, 10.7999999999949 ) );
#3412 = CARTESIAN_POINT( '', ( 203.000000000004, 27.3999999999996, 10.7999999999949 ) );
#3413 = CARTESIAN_POINT( '', ( 183.000000000004, 31.9999999999996, 2.66666666666156 ) );
#3414 = CARTESIAN_POINT( '', ( 190.023603136678, 31.9999999999996, 2.66666666666156 ) );
#3415 = CARTESIAN_POINT( '', ( 196.119171451332, 27.3999999999996, 7.19999999999490 ) );
#3416 = CARTESIAN_POINT( '', ( 203.000000000004, 27.3999999999996, 7.19999999999490 ) );
#3417 = CARTESIAN_POINT( '', ( 183.000000000004, 31.9999999999996, -5.10355646632377E-012 ) );
#3418 = CARTESIAN_POINT( '', ( 189.657852276486, 31.9999999999996, -5.10355646632377E-012 ) );
#3419 = CARTESIAN_POINT( '', ( 196.338621967447, 27.3999999999996, -5.15039400017514E-012 ) );
#3420 = CARTESIAN_POINT( '', ( 203.000000000004, 27.3999999999996, -5.15039400017514E-012 ) );
#3421 = CARTESIAN_POINT( '', ( 183.000000000004, 31.9999999999996, -2.66666666667177 ) );
#3422 = CARTESIAN_POINT( '', ( 190.023603136678, 31.9999999999996, -2.66666666667177 ) );
#3423 = CARTESIAN_POINT( '', ( 196.119171451332, 27.3999999999996, -7.20000000000510 ) );
#3424 = CARTESIAN_POINT( '', ( 203.000000000004, 27.3999999999996, -7.20000000000510 ) );
#3425 = CARTESIAN_POINT( '', ( 183.000000000004, 31.9999999999996, -4.00000000000511 ) );
#3426 = CARTESIAN_POINT( '', ( 190.206478566775, 31.9999999999996, -4.00000000000511 ) );
#3427 = CARTESIAN_POINT( '', ( 196.009446193274, 27.3999999999996, -10.8000000000051 ) );
#3428 = CARTESIAN_POINT( '', ( 203.000000000004, 27.3999999999996, -10.8000000000051 ) );
#3429 = SURFACE_SIDE_STYLE( '', ( #5243 ) );
#3430 = EDGE_LOOP( '', ( #5244, #5245, #5246, #5247, #5248, #5249, #5250, #5251, #5252, #5253 ) );
#3431 = AXIS2_PLACEMENT_3D( '', #5254, #5255, #5256 );
#3432 = SURFACE_SIDE_STYLE( '', ( #5257 ) );
#3433 = EDGE_LOOP( '', ( #5258, #5259, #5260, #5261 ) );
#3434 = AXIS2_PLACEMENT_3D( '', #5262, #5263, #5264 );
#3435 = SURFACE_SIDE_STYLE( '', ( #5265 ) );
#3436 = EDGE_LOOP( '', ( #5266, #5267, #5268, #5269 ) );
#3437 = AXIS2_PLACEMENT_3D( '', #5270, #5271, #5272 );
#3438 = SURFACE_SIDE_STYLE( '', ( #5273 ) );
#3439 = EDGE_LOOP( '', ( #5274, #5275, #5276, #5277 ) );
#3440 = AXIS2_PLACEMENT_3D( '', #5278, #5279, #5280 );
#3441 = SURFACE_SIDE_STYLE( '', ( #5281 ) );
#3442 = EDGE_LOOP( '', ( #5282 ) );
#3443 = EDGE_LOOP( '', ( #5283, #5284, #5285, #5286, #5287, #5288 ) );
#3444 = EDGE_LOOP( '', ( #5289 ) );
#3445 = AXIS2_PLACEMENT_3D( '', #5290, #5291, #5292 );
#3446 = SURFACE_SIDE_STYLE( '', ( #5293 ) );
#3447 = EDGE_LOOP( '', ( #5294 ) );
#3448 = EDGE_LOOP( '', ( #5295 ) );
#3449 = AXIS2_PLACEMENT_3D( '', #5296, #5297, #5298 );
#3450 = SURFACE_SIDE_STYLE( '', ( #5299 ) );
#3451 = EDGE_LOOP( '', ( #5300, #5301, #5302, #5303 ) );
#3452 = AXIS2_PLACEMENT_3D( '', #5304, #5305, #5306 );
#3453 = SURFACE_SIDE_STYLE( '', ( #5307 ) );
#3454 = EDGE_LOOP( '', ( #5308, #5309, #5310, #5311 ) );
#3455 = AXIS2_PLACEMENT_3D( '', #5312, #5313, #5314 );
#3456 = SURFACE_SIDE_STYLE( '', ( #5315 ) );
#3457 = EDGE_LOOP( '', ( #5316, #5317, #5318, #5319 ) );
#3458 = AXIS2_PLACEMENT_3D( '', #5320, #5321, #5322 );
#3459 = SURFACE_SIDE_STYLE( '', ( #5323 ) );
#3460 = EDGE_LOOP( '', ( #5324, #5325, #5326, #5327, #5328, #5329, #5330, #5331, #5332, #5333 ) );
#3461 = AXIS2_PLACEMENT_3D( '', #5334, #5335, #5336 );
#3462 = SURFACE_SIDE_STYLE( '', ( #5337 ) );
#3463 = EDGE_LOOP( '', ( #5338, #5339, #5340, #5341 ) );
#3464 = AXIS2_PLACEMENT_3D( '', #5342, #5343, #5344 );
#3465 = SURFACE_SIDE_STYLE( '', ( #5345 ) );
#3466 = EDGE_LOOP( '', ( #5346, #5347, #5348, #5349, #5350 ) );
#3467 = AXIS2_PLACEMENT_3D( '', #5351, #5352, #5353 );
#3468 = SURFACE_SIDE_STYLE( '', ( #5354 ) );
#3469 = EDGE_LOOP( '', ( #5355, #5356, #5357, #5358 ) );
#3470 = AXIS2_PLACEMENT_3D( '', #5359, #5360, #5361 );
#3471 = SURFACE_SIDE_STYLE( '', ( #5362 ) );
#3472 = EDGE_LOOP( '', ( #5363, #5364, #5365, #5366 ) );
#3473 = AXIS2_PLACEMENT_3D( '', #5367, #5368, #5369 );
#3474 = SURFACE_SIDE_STYLE( '', ( #5370 ) );
#3475 = EDGE_LOOP( '', ( #5371, #5372, #5373 ) );
#3476 = AXIS2_PLACEMENT_3D( '', #5374, #5375, #5376 );
#3477 = SURFACE_SIDE_STYLE( '', ( #5377 ) );
#3478 = EDGE_LOOP( '', ( #5378, #5379, #5380 ) );
#3479 = AXIS2_PLACEMENT_3D( '', #5381, #5382, #5383 );
#3480 = SURFACE_SIDE_STYLE( '', ( #5384 ) );
#3481 = EDGE_LOOP( '', ( #5385, #5386, #5387, #5388 ) );
#3482 = AXIS2_PLACEMENT_3D( '', #5389, #5390, #5391 );
#3483 = SURFACE_SIDE_STYLE( '', ( #5392 ) );
#3484 = EDGE_LOOP( '', ( #5393, #5394, #5395, #5396 ) );
#3485 = AXIS2_PLACEMENT_3D( '', #5397, #5398, #5399 );
#3486 = SURFACE_SIDE_STYLE( '', ( #5400 ) );
#3487 = EDGE_LOOP( '', ( #5401, #5402, #5403, #5404 ) );
#3488 = AXIS2_PLACEMENT_3D( '', #5405, #5406, #5407 );
#3489 = SURFACE_SIDE_STYLE( '', ( #5408 ) );
#3490 = EDGE_LOOP( '', ( #5409 ) );
#3491 = EDGE_LOOP( '', ( #5410 ) );
#3492 = AXIS2_PLACEMENT_3D( '', #5411, #5412, #5413 );
#3493 = SURFACE_SIDE_STYLE( '', ( #5414 ) );
#3494 = EDGE_LOOP( '', ( #5415 ) );
#3495 = AXIS2_PLACEMENT_3D( '', #5416, #5417, #5418 );
#3496 = SURFACE_SIDE_STYLE( '', ( #5419 ) );
#3497 = EDGE_LOOP( '', ( #5420, #5421, #5422, #5423 ) );
#3498 = AXIS2_PLACEMENT_3D( '', #5424, #5425, #5426 );
#3499 = SURFACE_SIDE_STYLE( '', ( #5427 ) );
#3500 = EDGE_LOOP( '', ( #5428 ) );
#3501 = AXIS2_PLACEMENT_3D( '', #5429, #5430, #5431 );
#3502 = SURFACE_SIDE_STYLE( '', ( #5432 ) );
#3503 = EDGE_LOOP( '', ( #5433, #5434, #5435, #5436 ) );
#3504 = AXIS2_PLACEMENT_3D( '', #5437, #5438, #5439 );
#3505 = SURFACE_SIDE_STYLE( '', ( #5440 ) );
#3506 = EDGE_LOOP( '', ( #5441, #5442, #5443 ) );
#3507 = AXIS2_PLACEMENT_3D( '', #5444, #5445, #5446 );
#3508 = SURFACE_SIDE_STYLE( '', ( #5447 ) );
#3509 = EDGE_LOOP( '', ( #5448, #5449, #5450, #5451 ) );
#3510 = AXIS2_PLACEMENT_3D( '', #5452, #5453, #5454 );
#3511 = SURFACE_SIDE_STYLE( '', ( #5455 ) );
#3512 = EDGE_LOOP( '', ( #5456, #5457, #5458, #5459 ) );
#3513 = AXIS2_PLACEMENT_3D( '', #5460, #5461, #5462 );
#3514 = SURFACE_SIDE_STYLE( '', ( #5463 ) );
#3515 = EDGE_LOOP( '', ( #5464, #5465, #5466, #5467 ) );
#3516 = AXIS2_PLACEMENT_3D( '', #5468, #5469, #5470 );
#3517 = SURFACE_SIDE_STYLE( '', ( #5471 ) );
#3518 = EDGE_LOOP( '', ( #5472, #5473, #5474, #5475, #5476 ) );
#3519 = AXIS2_PLACEMENT_3D( '', #5477, #5478, #5479 );
#3520 = SURFACE_SIDE_STYLE( '', ( #5480 ) );
#3521 = EDGE_LOOP( '', ( #5481, #5482, #5483, #5484 ) );
#3522 = AXIS2_PLACEMENT_3D( '', #5485, #5486, #5487 );
#3523 = SURFACE_SIDE_STYLE( '', ( #5488 ) );
#3524 = EDGE_LOOP( '', ( #5489, #5490, #5491, #5492 ) );
#3527 = CARTESIAN_POINT( '', ( 130.000000000000, 6.00000000000000, -0.900000000000000 ) );
#3528 = CARTESIAN_POINT( '', ( 141.206754592557, 6.21428571428569, -0.899999999999199 ) );
#3529 = CARTESIAN_POINT( '', ( 151.303691590675, 6.42857142857140, -5.76242858599021 ) );
#3530 = CARTESIAN_POINT( '', ( 161.400628588792, 6.64285714285714, -10.6248571719812 ) );
#3531 = CARTESIAN_POINT( '', ( 168.387925789185, 6.85714285714285, -19.3866507287353 ) );
#3532 = CARTESIAN_POINT( '', ( 175.375222989579, 7.07142857142855, -28.1484442854896 ) );
#3533 = CARTESIAN_POINT( '', ( 177.868960488135, 7.28571428571425, -39.0742221427455 ) );
#3534 = CARTESIAN_POINT( '', ( 180.362697986691, 7.49999999999995, -50.0000000000015 ) );
#3535 = CARTESIAN_POINT( '', ( 177.868960488137, 7.71428571428565, -60.9257778572579 ) );
#3536 = CARTESIAN_POINT( '', ( 175.375222989583, 7.92857142857140, -71.8515557145143 ) );
#3537 = CARTESIAN_POINT( '', ( 168.387925789190, 8.14285714285710, -80.6133492712694 ) );
#3538 = CARTESIAN_POINT( '', ( 161.400628588797, 8.35714285714281, -89.3751428280246 ) );
#3539 = CARTESIAN_POINT( '', ( 151.303691590681, 8.57142857142850, -94.2375714140170 ) );
#3540 = CARTESIAN_POINT( '', ( 141.206754592564, 8.78571428571426, -99.1000000000094 ) );
#3541 = CARTESIAN_POINT( '', ( 130.000000000007, 9.00000000000000, -99.1000000000102 ) );
#3542 = CARTESIAN_POINT( '', ( 118.793245407450, 9.21428571428566, -99.1000000000110 ) );
#3543 = CARTESIAN_POINT( '', ( 108.696308409332, 9.42857142857135, -94.2375714140200 ) );
#3544 = CARTESIAN_POINT( '', ( 98.5993714112152, 9.64285714285707, -89.3751428280290 ) );
#3545 = CARTESIAN_POINT( '', ( 91.6120742108215, 9.85714285714280, -80.6133492712748 ) );
#3546 = CARTESIAN_POINT( '', ( 84.6247770104277, 10.0714285714285, -71.8515557145207 ) );
#3547 = CARTESIAN_POINT( '', ( 82.1310395118717, 10.2857142857142, -60.9257778572647 ) );
#3548 = CARTESIAN_POINT( '', ( 79.6373020133160, 10.4999999999999, -50.0000000000087 ) );
#3549 = CARTESIAN_POINT( '', ( 82.1310395118703, 10.7142857142856, -39.0742221427523 ) );
#3550 = CARTESIAN_POINT( '', ( 84.6247770104246, 10.9285714285713, -28.1484442854960 ) );
#3551 = CARTESIAN_POINT( '', ( 91.6120742108171, 11.1428571428570, -19.3866507287408 ) );
#3552 = CARTESIAN_POINT( '', ( 98.5993714112095, 11.3571428571428, -10.6248571719857 ) );
#3553 = CARTESIAN_POINT( '', ( 108.696308409326, 11.5714285714285, -5.76242858599323 ) );
#3554 = CARTESIAN_POINT( '', ( 118.793245407443, 11.7857142857142, -0.900000000000796 ) );
#3555 = CARTESIAN_POINT( '', ( 130.000000000000, 12.0000000000000, -0.900000000000000 ) );
#3556 = CARTESIAN_POINT( '', ( 141.206754592557, 12.2142857142856, -0.899999999999199 ) );
#3557 = CARTESIAN_POINT( '', ( 151.303691590675, 12.4285714285713, -5.76242858599021 ) );
#3558 = CARTESIAN_POINT( '', ( 161.400628588792, 12.6428571428570, -10.6248571719812 ) );
#3559 = CARTESIAN_POINT( '', ( 168.387925789185, 12.8571428571427, -19.3866507287353 ) );
#3560 = CARTESIAN_POINT( '', ( 175.375222989579, 13.0714285714284, -28.1484442854896 ) );
#3561 = CARTESIAN_POINT( '', ( 177.868960488135, 13.2857142857142, -39.0742221427455 ) );
#3562 = CARTESIAN_POINT( '', ( 180.362697986691, 13.4999999999999, -50.0000000000015 ) );
#3563 = CARTESIAN_POINT( '', ( 177.868960488137, 13.7142857142856, -60.9257778572579 ) );
#3564 = CARTESIAN_POINT( '', ( 175.375222989583, 13.9285714285713, -71.8515557145143 ) );
#3565 = CARTESIAN_POINT( '', ( 168.387925789190, 14.1428571428570, -80.6133492712694 ) );
#3566 = CARTESIAN_POINT( '', ( 161.400628588797, 14.3571428571428, -89.3751428280246 ) );
#3567 = CARTESIAN_POINT( '', ( 151.303691590681, 14.5714285714284, -94.2375714140170 ) );
#3568 = CARTESIAN_POINT( '', ( 141.206754592564, 14.7857142857142, -99.1000000000094 ) );
#3569 = CARTESIAN_POINT( '', ( 130.000000000007, 14.9999999999998, -99.1000000000102 ) );
#3570 = CARTESIAN_POINT( '', ( 118.793245407450, 15.2142857142856, -99.1000000000110 ) );
#3571 = CARTESIAN_POINT( '', ( 108.696308409332, 15.4285714285713, -94.2375714140200 ) );
#3572 = CARTESIAN_POINT( '', ( 98.5993714112152, 15.6428571428570, -89.3751428280290 ) );
#3573 = CARTESIAN_POINT( '', ( 91.6120742108215, 15.8571428571427, -80.6133492712748 ) );
#3574 = CARTESIAN_POINT( '', ( 84.6247770104277, 16.0714285714284, -71.8515557145207 ) );
#3575 = CARTESIAN_POINT( '', ( 82.1310395118717, 16.2857142857142, -60.9257778572647 ) );
#3576 = CARTESIAN_POINT( '', ( 79.6373020133160, 16.4999999999999, -50.0000000000087 ) );
#3577 = CARTESIAN_POINT( '', ( 82.1310395118703, 16.7142857142855, -39.0742221427523 ) );
#3578 = CARTESIAN_POINT( '', ( 84.6247770104246, 16.9285714285713, -28.1484442854960 ) );
#3579 = CARTESIAN_POINT( '', ( 91.6120742108171, 17.1428571428570, -19.3866507287408 ) );
#3580 = CARTESIAN_POINT( '', ( 98.5993714112095, 17.3571428571427, -10.6248571719857 ) );
#3581 = CARTESIAN_POINT( '', ( 108.696308409326, 17.5714285714284, -5.76242858599323 ) );
#3582 = CARTESIAN_POINT( '', ( 118.793245407443, 17.7857142857142, -0.900000000000796 ) );
#3583 = CARTESIAN_POINT( '', ( 130.000000000000, 18.0000000000000, -0.900000000000000 ) );
#3584 = CARTESIAN_POINT( '', ( 141.206754592557, 18.2142857142856, -0.899999999999199 ) );
#3585 = CARTESIAN_POINT( '', ( 151.303691590675, 18.4285714285713, -5.76242858599021 ) );
#3586 = CARTESIAN_POINT( '', ( 161.400628588792, 18.6428571428570, -10.6248571719812 ) );
#3587 = CARTESIAN_POINT( '', ( 168.387925789185, 18.8571428571427, -19.3866507287353 ) );
#3588 = CARTESIAN_POINT( '', ( 175.375222989579, 19.0714285714284, -28.1484442854896 ) );
#3589 = CARTESIAN_POINT( '', ( 177.868960488135, 19.2857142857141, -39.0742221427455 ) );
#3590 = CARTESIAN_POINT( '', ( 180.362697986691, 19.4999999999998, -50.0000000000015 ) );
#3591 = CARTESIAN_POINT( '', ( 177.868960488137, 19.7142857142855, -60.9257778572579 ) );
#3592 = CARTESIAN_POINT( '', ( 175.375222989583, 19.9285714285712, -71.8515557145143 ) );
#3593 = CARTESIAN_POINT( '', ( 168.387925789190, 20.1428571428570, -80.6133492712694 ) );
#3594 = CARTESIAN_POINT( '', ( 161.400628588797, 20.3571428571427, -89.3751428280246 ) );
#3595 = CARTESIAN_POINT( '', ( 151.303691590681, 20.5714285714284, -94.2375714140170 ) );
#3596 = CARTESIAN_POINT( '', ( 141.206754592564, 20.7857142857141, -99.1000000000094 ) );
#3597 = CARTESIAN_POINT( '', ( 130.000000000007, 21.0000000000000, -99.1000000000102 ) );
#3598 = CARTESIAN_POINT( '', ( 118.793245407450, 21.2142857142855, -99.1000000000110 ) );
#3599 = CARTESIAN_POINT( '', ( 108.696308409332, 21.4285714285712, -94.2375714140200 ) );
#3600 = CARTESIAN_POINT( '', ( 98.5993714112152, 21.6428571428570, -89.3751428280290 ) );
#3601 = CARTESIAN_POINT( '', ( 91.6120742108215, 21.8571428571427, -80.6133492712748 ) );
#3602 = CARTESIAN_POINT( '', ( 84.6247770104277, 22.0714285714284, -71.8515557145207 ) );
#3603 = CARTESIAN_POINT( '', ( 82.1310395118717, 22.2857142857141, -60.9257778572647 ) );
#3604 = CARTESIAN_POINT( '', ( 79.6373020133160, 22.4999999999998, -50.0000000000087 ) );
#3605 = CARTESIAN_POINT( '', ( 82.1310395118703, 22.7142857142855, -39.0742221427523 ) );
#3606 = CARTESIAN_POINT( '', ( 84.6247770104246, 22.9285714285712, -28.1484442854960 ) );
#3607 = CARTESIAN_POINT( '', ( 91.6120742108171, 23.1428571428569, -19.3866507287408 ) );
#3608 = CARTESIAN_POINT( '', ( 98.5993714112095, 23.3571428571426, -10.6248571719857 ) );
#3609 = CARTESIAN_POINT( '', ( 108.696308409326, 23.5714285714284, -5.76242858599323 ) );
#3610 = CARTESIAN_POINT( '', ( 118.793245407443, 23.7857142857141, -0.900000000000796 ) );
#3611 = CARTESIAN_POINT( '', ( 130.000000000000, 23.9999999999998, -0.900000000000000 ) );
#3612 = CARTESIAN_POINT( '', ( 141.206754592557, 24.2142857142855, -0.899999999999199 ) );
#3613 = CARTESIAN_POINT( '', ( 151.303691590675, 24.4285714285712, -5.76242858599021 ) );
#3614 = CARTESIAN_POINT( '', ( 161.400628588792, 24.6428571428569, -10.6248571719812 ) );
#3615 = CARTESIAN_POINT( '', ( 168.387925789185, 24.8571428571426, -19.3866507287353 ) );
#3616 = CARTESIAN_POINT( '', ( 175.375222989579, 25.0714285714283, -28.1484442854896 ) );
#3617 = CARTESIAN_POINT( '', ( 177.868960488135, 25.2857142857141, -39.0742221427455 ) );
#3618 = CARTESIAN_POINT( '', ( 180.362697986691, 25.4999999999997, -50.0000000000015 ) );
#3619 = CARTESIAN_POINT( '', ( 177.868960488137, 25.7142857142854, -60.9257778572579 ) );
#3620 = CARTESIAN_POINT( '', ( 175.375222989583, 25.9285714285711, -71.8515557145143 ) );
#3621 = CARTESIAN_POINT( '', ( 168.387925789190, 26.1428571428569, -80.6133492712694 ) );
#3622 = CARTESIAN_POINT( '', ( 161.400628588797, 26.3571428571426, -89.3751428280246 ) );
#3623 = CARTESIAN_POINT( '', ( 151.303691590681, 26.5714285714283, -94.2375714140170 ) );
#3624 = CARTESIAN_POINT( '', ( 141.206754592564, 26.7857142857140, -99.1000000000094 ) );
#3625 = CARTESIAN_POINT( '', ( 130.000000000007, 27.0000000000000, -99.1000000000102 ) );
#3626 = CARTESIAN_POINT( '', ( 118.793245407450, 27.2142857142854, -99.1000000000110 ) );
#3627 = CARTESIAN_POINT( '', ( 108.696308409332, 27.4285714285712, -94.2375714140200 ) );
#3628 = CARTESIAN_POINT( '', ( 98.5993714112152, 27.6428571428569, -89.3751428280290 ) );
#3629 = CARTESIAN_POINT( '', ( 91.6120742108215, 27.8571428571426, -80.6133492712748 ) );
#3630 = CARTESIAN_POINT( '', ( 84.6247770104277, 28.0714285714283, -71.8515557145207 ) );
#3631 = CARTESIAN_POINT( '', ( 82.1310395118717, 28.2857142857140, -60.9257778572647 ) );
#3632 = CARTESIAN_POINT( '', ( 79.6373020133160, 28.4999999999997, -50.0000000000087 ) );
#3633 = CARTESIAN_POINT( '', ( 82.1310395118703, 28.7142857142854, -39.0742221427523 ) );
#3634 = CARTESIAN_POINT( '', ( 84.6247770104246, 28.9285714285711, -28.1484442854960 ) );
#3635 = CARTESIAN_POINT( '', ( 91.6120742108171, 29.1428571428568, -19.3866507287408 ) );
#3636 = CARTESIAN_POINT( '', ( 98.5993714112095, 29.3571428571426, -10.6248571719857 ) );
#3637 = CARTESIAN_POINT( '', ( 108.696308409326, 29.5714285714283, -5.76242858599323 ) );
#3638 = CARTESIAN_POINT( '', ( 118.793245407443, 29.7857142857140, -0.900000000000796 ) );
#3639 = CARTESIAN_POINT( '', ( 130.000000000000, 30.0000000000000, -0.900000000000000 ) );
#3640 = CARTESIAN_POINT( '', ( 141.206754592557, 30.2142857142854, -0.899999999999199 ) );
#3641 = CARTESIAN_POINT( '', ( 151.303691590675, 30.4285714285711, -5.76242858599021 ) );
#3642 = CARTESIAN_POINT( '', ( 161.400628588792, 30.6428571428568, -10.6248571719812 ) );
#3643 = CARTESIAN_POINT( '', ( 168.387925789185, 30.8571428571426, -19.3866507287353 ) );
#3644 = CARTESIAN_POINT( '', ( 175.375222989579, 31.0714285714282, -28.1484442854896 ) );
#3645 = CARTESIAN_POINT( '', ( 177.868960488135, 31.2857142857140, -39.0742221427455 ) );
#3646 = CARTESIAN_POINT( '', ( 180.362697986691, 31.4999999999997, -50.0000000000015 ) );
#3647 = CARTESIAN_POINT( '', ( 177.868960488137, 31.7142857142853, -60.9257778572579 ) );
#3648 = CARTESIAN_POINT( '', ( 175.375222989583, 31.9285714285711, -71.8515557145143 ) );
#3649 = CARTESIAN_POINT( '', ( 168.387925789190, 32.1428571428568, -80.6133492712694 ) );
#3650 = CARTESIAN_POINT( '', ( 161.400628588797, 32.3571428571425, -89.3751428280246 ) );
#3651 = CARTESIAN_POINT( '', ( 151.303691590681, 32.5714285714282, -94.2375714140170 ) );
#3652 = CARTESIAN_POINT( '', ( 141.206754592564, 32.7857142857140, -99.1000000000094 ) );
#3653 = CARTESIAN_POINT( '', ( 130.000000000007, 32.9999999999996, -99.1000000000102 ) );
#3654 = CARTESIAN_POINT( '', ( 118.793245407450, 33.2142857142854, -99.1000000000110 ) );
#3655 = CARTESIAN_POINT( '', ( 108.696308409332, 33.4285714285711, -94.2375714140200 ) );
#3656 = CARTESIAN_POINT( '', ( 98.5993714112152, 33.6428571428568, -89.3751428280290 ) );
#3657 = CARTESIAN_POINT( '', ( 91.6120742108215, 33.8571428571425, -80.6133492712748 ) );
#3658 = CARTESIAN_POINT( '', ( 84.6247770104277, 34.0714285714282, -71.8515557145207 ) );
#3659 = CARTESIAN_POINT( '', ( 82.1310395118717, 34.2857142857139, -60.9257778572647 ) );
#3660 = CARTESIAN_POINT( '', ( 79.6373020133160, 34.4999999999996, -50.0000000000087 ) );
#3661 = CARTESIAN_POINT( '', ( 82.1310395118703, 34.7142857142854, -39.0742221427523 ) );
#3662 = CARTESIAN_POINT( '', ( 84.6247770104246, 34.9285714285711, -28.1484442854960 ) );
#3663 = CARTESIAN_POINT( '', ( 91.6120742108171, 35.1428571428568, -19.3866507287408 ) );
#3664 = CARTESIAN_POINT( '', ( 98.5993714112095, 35.3571428571425, -10.6248571719857 ) );
#3665 = CARTESIAN_POINT( '', ( 108.696308409326, 35.5714285714282, -5.76242858599323 ) );
#3666 = CARTESIAN_POINT( '', ( 118.793245407443, 35.7857142857139, -0.900000000000796 ) );
#3667 = CARTESIAN_POINT( '', ( 130.000000000000, 36.0000000000000, -0.900000000000000 ) );
#3668 = CARTESIAN_POINT( '', ( 130.000000000000, 6.00000000000000, -4.39999999999999 ) );
#3669 = CARTESIAN_POINT( '', ( 140.407902432192, 6.21428571428568, -4.39999999999921 ) );
#3670 = CARTESIAN_POINT( '', ( 149.785098503763, 6.42857142857142, -8.91581962364867 ) );
#3671 = CARTESIAN_POINT( '', ( 159.162294575334, 6.64285714285711, -13.4316392472982 ) );
#3672 = CARTESIAN_POINT( '', ( 165.651515600548, 6.85714285714284, -21.5688650352409 ) );
#3673 = CARTESIAN_POINT( '', ( 172.140736625760, 7.07142857142854, -29.7060908231838 ) );
#3674 = CARTESIAN_POINT( '', ( 174.456712795499, 7.28571428571426, -39.8530454115926 ) );
#3675 = CARTESIAN_POINT( '', ( 176.772688965237, 7.49999999999994, -50.0000000000015 ) );
#3676 = CARTESIAN_POINT( '', ( 174.456712795500, 7.71428571428568, -60.1469545884108 ) );
#3677 = CARTESIAN_POINT( '', ( 172.140736625764, 7.92857142857139, -70.2939091768200 ) );
#3678 = CARTESIAN_POINT( '', ( 165.651515600552, 8.14285714285709, -78.4311349647639 ) );
#3679 = CARTESIAN_POINT( '', ( 159.162294575340, 8.35714285714280, -86.5683607527076 ) );
#3680 = CARTESIAN_POINT( '', ( 149.785098503770, 8.57142857142854, -91.0841803763584 ) );
#3681 = CARTESIAN_POINT( '', ( 140.407902432199, 8.78571428571421, -95.6000000000094 ) );
#3682 = CARTESIAN_POINT( '', ( 130.000000000007, 8.99999999999999, -95.6000000000103 ) );
#3683 = CARTESIAN_POINT( '', ( 119.592097567815, 9.21428571428564, -95.6000000000110 ) );
#3684 = CARTESIAN_POINT( '', ( 110.214901496244, 9.42857142857138, -91.0841803763615 ) );
#3685 = CARTESIAN_POINT( '', ( 100.837705424673, 9.64285714285707, -86.5683607527121 ) );
#3686 = CARTESIAN_POINT( '', ( 94.3484843994595, 9.85714285714281, -78.4311349647693 ) );
#3687 = CARTESIAN_POINT( '', ( 87.8592633742464, 10.0714285714285, -70.2939091768265 ) );
#3688 = CARTESIAN_POINT( '', ( 85.5432872045082, 10.2857142857142, -60.1469545884175 ) );
#3689 = CARTESIAN_POINT( '', ( 83.2273110347697, 10.4999999999999, -50.0000000000087 ) );
#3690 = CARTESIAN_POINT( '', ( 85.5432872045067, 10.7142857142856, -39.8530454115994 ) );
#3691 = CARTESIAN_POINT( '', ( 87.8592633742433, 10.9285714285714, -29.7060908231902 ) );
#3692 = CARTESIAN_POINT( '', ( 94.3484843994551, 11.1428571428571, -21.5688650352464 ) );
#3693 = CARTESIAN_POINT( '', ( 100.837705424667, 11.3571428571428, -13.4316392473026 ) );
#3694 = CARTESIAN_POINT( '', ( 110.214901496238, 11.5714285714285, -8.91581962365170 ) );
#3695 = CARTESIAN_POINT( '', ( 119.592097567808, 11.7857142857142, -4.40000000000081 ) );
#3696 = CARTESIAN_POINT( '', ( 130.000000000000, 12.0000000000000, -4.39999999999999 ) );
#3697 = CARTESIAN_POINT( '', ( 140.407902432192, 12.2142857142856, -4.39999999999921 ) );
#3698 = CARTESIAN_POINT( '', ( 149.785098503763, 12.4285714285713, -8.91581962364867 ) );
#3699 = CARTESIAN_POINT( '', ( 159.162294575334, 12.6428571428570, -13.4316392472982 ) );
#3700 = CARTESIAN_POINT( '', ( 165.651515600548, 12.8571428571428, -21.5688650352409 ) );
#3701 = CARTESIAN_POINT( '', ( 172.140736625760, 13.0714285714284, -29.7060908231838 ) );
#3702 = CARTESIAN_POINT( '', ( 174.456712795499, 13.2857142857142, -39.8530454115926 ) );
#3703 = CARTESIAN_POINT( '', ( 176.772688965237, 13.4999999999999, -50.0000000000015 ) );
#3704 = CARTESIAN_POINT( '', ( 174.456712795500, 13.7142857142856, -60.1469545884108 ) );
#3705 = CARTESIAN_POINT( '', ( 172.140736625764, 13.9285714285713, -70.2939091768200 ) );
#3706 = CARTESIAN_POINT( '', ( 165.651515600552, 14.1428571428570, -78.4311349647639 ) );
#3707 = CARTESIAN_POINT( '', ( 159.162294575340, 14.3571428571427, -86.5683607527076 ) );
#3708 = CARTESIAN_POINT( '', ( 149.785098503770, 14.5714285714285, -91.0841803763584 ) );
#3709 = CARTESIAN_POINT( '', ( 140.407902432199, 14.7857142857141, -95.6000000000094 ) );
#3710 = CARTESIAN_POINT( '', ( 130.000000000007, 15.0000000000000, -95.6000000000103 ) );
#3711 = CARTESIAN_POINT( '', ( 119.592097567815, 15.2142857142856, -95.6000000000110 ) );
#3712 = CARTESIAN_POINT( '', ( 110.214901496244, 15.4285714285713, -91.0841803763615 ) );
#3713 = CARTESIAN_POINT( '', ( 100.837705424673, 15.6428571428570, -86.5683607527121 ) );
#3714 = CARTESIAN_POINT( '', ( 94.3484843994595, 15.8571428571427, -78.4311349647693 ) );
#3715 = CARTESIAN_POINT( '', ( 87.8592633742464, 16.0714285714284, -70.2939091768265 ) );
#3716 = CARTESIAN_POINT( '', ( 85.5432872045082, 16.2857142857141, -60.1469545884175 ) );
#3717 = CARTESIAN_POINT( '', ( 83.2273110347697, 16.4999999999998, -50.0000000000087 ) );
#3718 = CARTESIAN_POINT( '', ( 85.5432872045067, 16.7142857142856, -39.8530454115994 ) );
#3719 = CARTESIAN_POINT( '', ( 87.8592633742433, 16.9285714285713, -29.7060908231902 ) );
#3720 = CARTESIAN_POINT( '', ( 94.3484843994551, 17.1428571428570, -21.5688650352464 ) );
#3721 = CARTESIAN_POINT( '', ( 100.837705424667, 17.3571428571427, -13.4316392473026 ) );
#3722 = CARTESIAN_POINT( '', ( 110.214901496238, 17.5714285714284, -8.91581962365170 ) );
#3723 = CARTESIAN_POINT( '', ( 119.592097567808, 17.7857142857141, -4.40000000000081 ) );
#3724 = CARTESIAN_POINT( '', ( 130.000000000000, 18.0000000000000, -4.39999999999999 ) );
#3725 = CARTESIAN_POINT( '', ( 140.407902432192, 18.2142857142855, -4.39999999999921 ) );
#3726 = CARTESIAN_POINT( '', ( 149.785098503763, 18.4285714285713, -8.91581962364867 ) );
#3727 = CARTESIAN_POINT( '', ( 159.162294575334, 18.6428571428569, -13.4316392472982 ) );
#3728 = CARTESIAN_POINT( '', ( 165.651515600548, 18.8571428571427, -21.5688650352409 ) );
#3729 = CARTESIAN_POINT( '', ( 172.140736625760, 19.0714285714284, -29.7060908231838 ) );
#3730 = CARTESIAN_POINT( '', ( 174.456712795499, 19.2857142857141, -39.8530454115926 ) );
#3731 = CARTESIAN_POINT( '', ( 176.772688965237, 19.4999999999998, -50.0000000000015 ) );
#3732 = CARTESIAN_POINT( '', ( 174.456712795500, 19.7142857142855, -60.1469545884108 ) );
#3733 = CARTESIAN_POINT( '', ( 172.140736625764, 19.9285714285712, -70.2939091768200 ) );
#3734 = CARTESIAN_POINT( '', ( 165.651515600552, 20.1428571428569, -78.4311349647639 ) );
#3735 = CARTESIAN_POINT( '', ( 159.162294575340, 20.3571428571426, -86.5683607527076 ) );
#3736 = CARTESIAN_POINT( '', ( 149.785098503770, 20.5714285714284, -91.0841803763584 ) );
#3737 = CARTESIAN_POINT( '', ( 140.407902432199, 20.7857142857141, -95.6000000000094 ) );
#3738 = CARTESIAN_POINT( '', ( 130.000000000007, 21.0000000000000, -95.6000000000103 ) );
#3739 = CARTESIAN_POINT( '', ( 119.592097567815, 21.2142857142855, -95.6000000000110 ) );
#3740 = CARTESIAN_POINT( '', ( 110.214901496244, 21.4285714285712, -91.0841803763615 ) );
#3741 = CARTESIAN_POINT( '', ( 100.837705424673, 21.6428571428569, -86.5683607527121 ) );
#3742 = CARTESIAN_POINT( '', ( 94.3484843994595, 21.8571428571426, -78.4311349647693 ) );
#3743 = CARTESIAN_POINT( '', ( 87.8592633742464, 22.0714285714283, -70.2939091768265 ) );
#3744 = CARTESIAN_POINT( '', ( 85.5432872045082, 22.2857142857141, -60.1469545884175 ) );
#3745 = CARTESIAN_POINT( '', ( 83.2273110347697, 22.4999999999998, -50.0000000000087 ) );
#3746 = CARTESIAN_POINT( '', ( 85.5432872045067, 22.7142857142855, -39.8530454115994 ) );
#3747 = CARTESIAN_POINT( '', ( 87.8592633742433, 22.9285714285712, -29.7060908231902 ) );
#3748 = CARTESIAN_POINT( '', ( 94.3484843994551, 23.1428571428569, -21.5688650352464 ) );
#3749 = CARTESIAN_POINT( '', ( 100.837705424667, 23.3571428571426, -13.4316392473026 ) );
#3750 = CARTESIAN_POINT( '', ( 110.214901496238, 23.5714285714283, -8.91581962365170 ) );
#3751 = CARTESIAN_POINT( '', ( 119.592097567808, 23.7857142857140, -4.40000000000081 ) );
#3752 = CARTESIAN_POINT( '', ( 130.000000000000, 24.0000000000000, -4.39999999999999 ) );
#3753 = CARTESIAN_POINT( '', ( 140.407902432192, 24.2142857142854, -4.39999999999921 ) );
#3754 = CARTESIAN_POINT( '', ( 149.785098503763, 24.4285714285712, -8.91581962364867 ) );
#3755 = CARTESIAN_POINT( '', ( 159.162294575334, 24.6428571428569, -13.4316392472982 ) );
#3756 = CARTESIAN_POINT( '', ( 165.651515600548, 24.8571428571426, -21.5688650352409 ) );
#3757 = CARTESIAN_POINT( '', ( 172.140736625760, 25.0714285714283, -29.7060908231838 ) );
#3758 = CARTESIAN_POINT( '', ( 174.456712795499, 25.2857142857140, -39.8530454115926 ) );
#3759 = CARTESIAN_POINT( '', ( 176.772688965237, 25.4999999999997, -50.0000000000015 ) );
#3760 = CARTESIAN_POINT( '', ( 174.456712795500, 25.7142857142855, -60.1469545884108 ) );
#3761 = CARTESIAN_POINT( '', ( 172.140736625764, 25.9285714285712, -70.2939091768200 ) );
#3762 = CARTESIAN_POINT( '', ( 165.651515600552, 26.1428571428569, -78.4311349647639 ) );
#3763 = CARTESIAN_POINT( '', ( 159.162294575340, 26.3571428571426, -86.5683607527076 ) );
#3764 = CARTESIAN_POINT( '', ( 149.785098503770, 26.5714285714283, -91.0841803763584 ) );
#3765 = CARTESIAN_POINT( '', ( 140.407902432199, 26.7857142857140, -95.6000000000094 ) );
#3766 = CARTESIAN_POINT( '', ( 130.000000000007, 27.0000000000000, -95.6000000000103 ) );
#3767 = CARTESIAN_POINT( '', ( 119.592097567815, 27.2142857142854, -95.6000000000110 ) );
#3768 = CARTESIAN_POINT( '', ( 110.214901496244, 27.4285714285711, -91.0841803763615 ) );
#3769 = CARTESIAN_POINT( '', ( 100.837705424673, 27.6428571428569, -86.5683607527121 ) );
#3770 = CARTESIAN_POINT( '', ( 94.3484843994595, 27.8571428571426, -78.4311349647693 ) );
#3771 = CARTESIAN_POINT( '', ( 87.8592633742464, 28.0714285714283, -70.2939091768265 ) );
#3772 = CARTESIAN_POINT( '', ( 85.5432872045082, 28.2857142857140, -60.1469545884175 ) );
#3773 = CARTESIAN_POINT( '', ( 83.2273110347697, 28.4999999999997, -50.0000000000087 ) );
#3774 = CARTESIAN_POINT( '', ( 85.5432872045067, 28.7142857142854, -39.8530454115994 ) );
#3775 = CARTESIAN_POINT( '', ( 87.8592633742433, 28.9285714285711, -29.7060908231902 ) );
#3776 = CARTESIAN_POINT( '', ( 94.3484843994551, 29.1428571428568, -21.5688650352464 ) );
#3777 = CARTESIAN_POINT( '', ( 100.837705424667, 29.3571428571425, -13.4316392473026 ) );
#3778 = CARTESIAN_POINT( '', ( 110.214901496238, 29.5714285714283, -8.91581962365170 ) );
#3779 = CARTESIAN_POINT( '', ( 119.592097567808, 29.7857142857140, -4.40000000000081 ) );
#3780 = CARTESIAN_POINT( '', ( 130.000000000000, 30.0000000000000, -4.39999999999999 ) );
#3781 = CARTESIAN_POINT( '', ( 140.407902432192, 30.2142857142854, -4.39999999999921 ) );
#3782 = CARTESIAN_POINT( '', ( 149.785098503763, 30.4285714285711, -8.91581962364867 ) );
#3783 = CARTESIAN_POINT( '', ( 159.162294575334, 30.6428571428568, -13.4316392472982 ) );
#3784 = CARTESIAN_POINT( '', ( 165.651515600548, 30.8571428571425, -21.5688650352409 ) );
#3785 = CARTESIAN_POINT( '', ( 172.140736625760, 31.0714285714282, -29.7060908231838 ) );
#3786 = CARTESIAN_POINT( '', ( 174.456712795499, 31.2857142857139, -39.8530454115926 ) );
#3787 = CARTESIAN_POINT( '', ( 176.772688965237, 31.4999999999997, -50.0000000000015 ) );
#3788 = CARTESIAN_POINT( '', ( 174.456712795500, 31.7142857142854, -60.1469545884108 ) );
#3789 = CARTESIAN_POINT( '', ( 172.140736625764, 31.9285714285711, -70.2939091768200 ) );
#3790 = CARTESIAN_POINT( '', ( 165.651515600552, 32.1428571428568, -78.4311349647639 ) );
#3791 = CARTESIAN_POINT( '', ( 159.162294575340, 32.3571428571425, -86.5683607527076 ) );
#3792 = CARTESIAN_POINT( '', ( 149.785098503770, 32.5714285714282, -91.0841803763584 ) );
#3793 = CARTESIAN_POINT( '', ( 140.407902432199, 32.7857142857139, -95.6000000000094 ) );
#3794 = CARTESIAN_POINT( '', ( 130.000000000007, 33.0000000000000, -95.6000000000103 ) );
#3795 = CARTESIAN_POINT( '', ( 119.592097567815, 33.2142857142853, -95.6000000000110 ) );
#3796 = CARTESIAN_POINT( '', ( 110.214901496244, 33.4285714285710, -91.0841803763615 ) );
#3797 = CARTESIAN_POINT( '', ( 100.837705424673, 33.6428571428568, -86.5683607527121 ) );
#3798 = CARTESIAN_POINT( '', ( 94.3484843994595, 33.8571428571425, -78.4311349647693 ) );
#3799 = CARTESIAN_POINT( '', ( 87.8592633742464, 34.0714285714282, -70.2939091768265 ) );
#3800 = CARTESIAN_POINT( '', ( 85.5432872045082, 34.2857142857139, -60.1469545884175 ) );
#3801 = CARTESIAN_POINT( '', ( 83.2273110347697, 34.4999999999996, -50.0000000000087 ) );
#3802 = CARTESIAN_POINT( '', ( 85.5432872045067, 34.7142857142853, -39.8530454115994 ) );
#3803 = CARTESIAN_POINT( '', ( 87.8592633742433, 34.9285714285710, -29.7060908231902 ) );
#3804 = CARTESIAN_POINT( '', ( 94.3484843994551, 35.1428571428568, -21.5688650352464 ) );
#3805 = CARTESIAN_POINT( '', ( 100.837705424667, 35.3571428571425, -13.4316392473026 ) );
#3806 = CARTESIAN_POINT( '', ( 110.214901496238, 35.5714285714281, -8.91581962365170 ) );
#3807 = CARTESIAN_POINT( '', ( 119.592097567808, 35.7857142857139, -4.40000000000081 ) );
#3808 = CARTESIAN_POINT( '', ( 130.000000000000, 35.9999999999996, -4.39999999999999 ) );
#3809 = CARTESIAN_POINT( '', ( 130.000000000000, 2.50000000000002, -4.39999999999999 ) );
#3810 = CARTESIAN_POINT( '', ( 140.407902432192, 2.71428571428568, -4.39999999999921 ) );
#3811 = CARTESIAN_POINT( '', ( 149.785098503763, 2.92857142857144, -8.91581962364867 ) );
#3812 = CARTESIAN_POINT( '', ( 159.162294575334, 3.14285714285712, -13.4316392472982 ) );
#3813 = CARTESIAN_POINT( '', ( 165.651515600548, 3.35714285714286, -21.5688650352409 ) );
#3814 = CARTESIAN_POINT( '', ( 172.140736625760, 3.57142857142854, -29.7060908231838 ) );
#3815 = CARTESIAN_POINT( '', ( 174.456712795499, 3.78571428571422, -39.8530454115926 ) );
#3816 = CARTESIAN_POINT( '', ( 176.772688965237, 3.99999999999995, -50.0000000000015 ) );
#3817 = CARTESIAN_POINT( '', ( 174.456712795500, 4.21428571428570, -60.1469545884108 ) );
#3818 = CARTESIAN_POINT( '', ( 172.140736625764, 4.42857142857139, -70.2939091768200 ) );
#3819 = CARTESIAN_POINT( '', ( 165.651515600552, 4.64285714285712, -78.4311349647639 ) );
#3820 = CARTESIAN_POINT( '', ( 159.162294575340, 4.85714285714282, -86.5683607527076 ) );
#3821 = CARTESIAN_POINT( '', ( 149.785098503770, 5.07142857142854, -91.0841803763584 ) );
#3822 = CARTESIAN_POINT( '', ( 140.407902432199, 5.28571428571423, -95.6000000000094 ) );
#3823 = CARTESIAN_POINT( '', ( 130.000000000007, 5.49999999999996, -95.6000000000103 ) );
#3824 = CARTESIAN_POINT( '', ( 119.592097567815, 5.71428571428565, -95.6000000000110 ) );
#3825 = CARTESIAN_POINT( '', ( 110.214901496244, 5.92857142857138, -91.0841803763615 ) );
#3826 = CARTESIAN_POINT( '', ( 100.837705424673, 6.14285714285708, -86.5683607527121 ) );
#3827 = CARTESIAN_POINT( '', ( 94.3484843994595, 6.35714285714280, -78.4311349647693 ) );
#3828 = CARTESIAN_POINT( '', ( 87.8592633742464, 6.57142857142849, -70.2939091768265 ) );
#3829 = CARTESIAN_POINT( '', ( 85.5432872045082, 6.78571428571421, -60.1469545884175 ) );
#3830 = CARTESIAN_POINT( '', ( 83.2273110347697, 6.99999999999990, -50.0000000000087 ) );
#3831 = CARTESIAN_POINT( '', ( 85.5432872045067, 7.21428571428564, -39.8530454115994 ) );
#3832 = CARTESIAN_POINT( '', ( 87.8592633742433, 7.42857142857132, -29.7060908231902 ) );
#3833 = CARTESIAN_POINT( '', ( 94.3484843994551, 7.64285714285709, -21.5688650352464 ) );
#3834 = CARTESIAN_POINT( '', ( 100.837705424667, 7.85714285714278, -13.4316392473026 ) );
#3835 = CARTESIAN_POINT( '', ( 110.214901496238, 8.07142857142850, -8.91581962365170 ) );
#3836 = CARTESIAN_POINT( '', ( 119.592097567808, 8.28571428571417, -4.40000000000081 ) );
#3837 = CARTESIAN_POINT( '', ( 130.000000000000, 8.49999999999993, -4.39999999999999 ) );
#3838 = CARTESIAN_POINT( '', ( 140.407902432192, 8.71428571428563, -4.39999999999921 ) );
#3839 = CARTESIAN_POINT( '', ( 149.785098503763, 8.92857142857135, -8.91581962364867 ) );
#3840 = CARTESIAN_POINT( '', ( 159.162294575334, 9.14285714285703, -13.4316392472982 ) );
#3841 = CARTESIAN_POINT( '', ( 165.651515600548, 9.35714285714276, -21.5688650352409 ) );
#3842 = CARTESIAN_POINT( '', ( 172.140736625760, 9.57142857142846, -29.7060908231838 ) );
#3843 = CARTESIAN_POINT( '', ( 174.456712795499, 9.78571428571418, -39.8530454115926 ) );
#3844 = CARTESIAN_POINT( '', ( 176.772688965237, 9.99999999999986, -50.0000000000015 ) );
#3845 = CARTESIAN_POINT( '', ( 174.456712795500, 10.2142857142856, -60.1469545884108 ) );
#3846 = CARTESIAN_POINT( '', ( 172.140736625764, 10.4285714285713, -70.2939091768200 ) );
#3847 = CARTESIAN_POINT( '', ( 165.651515600552, 10.6428571428570, -78.4311349647639 ) );
#3848 = CARTESIAN_POINT( '', ( 159.162294575340, 10.8571428571427, -86.5683607527076 ) );
#3849 = CARTESIAN_POINT( '', ( 149.785098503770, 11.0714285714284, -91.0841803763584 ) );
#3850 = CARTESIAN_POINT( '', ( 140.407902432199, 11.2857142857141, -95.6000000000094 ) );
#3851 = CARTESIAN_POINT( '', ( 130.000000000007, 11.4999999999999, -95.6000000000103 ) );
#3852 = CARTESIAN_POINT( '', ( 119.592097567815, 11.7142857142856, -95.6000000000110 ) );
#3853 = CARTESIAN_POINT( '', ( 110.214901496244, 11.9285714285713, -91.0841803763615 ) );
#3854 = CARTESIAN_POINT( '', ( 100.837705424673, 12.1428571428570, -86.5683607527121 ) );
#3855 = CARTESIAN_POINT( '', ( 94.3484843994595, 12.3571428571427, -78.4311349647693 ) );
#3856 = CARTESIAN_POINT( '', ( 87.8592633742464, 12.5714285714284, -70.2939091768265 ) );
#3857 = CARTESIAN_POINT( '', ( 85.5432872045082, 12.7857142857142, -60.1469545884175 ) );
#3858 = CARTESIAN_POINT( '', ( 83.2273110347697, 12.9999999999998, -50.0000000000087 ) );
#3859 = CARTESIAN_POINT( '', ( 85.5432872045067, 13.2142857142856, -39.8530454115994 ) );
#3860 = CARTESIAN_POINT( '', ( 87.8592633742433, 13.4285714285713, -29.7060908231902 ) );
#3861 = CARTESIAN_POINT( '', ( 94.3484843994551, 13.6428571428570, -21.5688650352464 ) );
#3862 = CARTESIAN_POINT( '', ( 100.837705424667, 13.8571428571427, -13.4316392473026 ) );
#3863 = CARTESIAN_POINT( '', ( 110.214901496238, 14.0714285714284, -8.91581962365170 ) );
#3864 = CARTESIAN_POINT( '', ( 119.592097567808, 14.2857142857141, -4.40000000000081 ) );
#3865 = CARTESIAN_POINT( '', ( 130.000000000000, 14.4999999999998, -4.39999999999999 ) );
#3866 = CARTESIAN_POINT( '', ( 140.407902432192, 14.7142857142855, -4.39999999999921 ) );
#3867 = CARTESIAN_POINT( '', ( 149.785098503763, 14.9285714285712, -8.91581962364867 ) );
#3868 = CARTESIAN_POINT( '', ( 159.162294575334, 15.1428571428570, -13.4316392472982 ) );
#3869 = CARTESIAN_POINT( '', ( 165.651515600548, 15.3571428571427, -21.5688650352409 ) );
#3870 = CARTESIAN_POINT( '', ( 172.140736625760, 15.5714285714284, -29.7060908231838 ) );
#3871 = CARTESIAN_POINT( '', ( 174.456712795499, 15.7857142857141, -39.8530454115926 ) );
#3872 = CARTESIAN_POINT( '', ( 176.772688965237, 15.9999999999998, -50.0000000000015 ) );
#3873 = CARTESIAN_POINT( '', ( 174.456712795500, 16.2142857142855, -60.1469545884108 ) );
#3874 = CARTESIAN_POINT( '', ( 172.140736625764, 16.4285714285712, -70.2939091768200 ) );
#3875 = CARTESIAN_POINT( '', ( 165.651515600552, 16.6428571428570, -78.4311349647639 ) );
#3876 = CARTESIAN_POINT( '', ( 159.162294575340, 16.8571428571426, -86.5683607527076 ) );
#3877 = CARTESIAN_POINT( '', ( 149.785098503770, 17.0714285714284, -91.0841803763584 ) );
#3878 = CARTESIAN_POINT( '', ( 140.407902432199, 17.2857142857141, -95.6000000000094 ) );
#3879 = CARTESIAN_POINT( '', ( 130.000000000007, 17.4999999999998, -95.6000000000103 ) );
#3880 = CARTESIAN_POINT( '', ( 119.592097567815, 17.7142857142855, -95.6000000000110 ) );
#3881 = CARTESIAN_POINT( '', ( 110.214901496244, 17.9285714285712, -91.0841803763615 ) );
#3882 = CARTESIAN_POINT( '', ( 100.837705424673, 18.1428571428569, -86.5683607527121 ) );
#3883 = CARTESIAN_POINT( '', ( 94.3484843994595, 18.3571428571426, -78.4311349647693 ) );
#3884 = CARTESIAN_POINT( '', ( 87.8592633742464, 18.5714285714284, -70.2939091768265 ) );
#3885 = CARTESIAN_POINT( '', ( 85.5432872045082, 18.7857142857141, -60.1469545884175 ) );
#3886 = CARTESIAN_POINT( '', ( 83.2273110347697, 18.9999999999998, -50.0000000000087 ) );
#3887 = CARTESIAN_POINT( '', ( 85.5432872045067, 19.2142857142855, -39.8530454115994 ) );
#3888 = CARTESIAN_POINT( '', ( 87.8592633742433, 19.4285714285712, -29.7060908231902 ) );
#3889 = CARTESIAN_POINT( '', ( 94.3484843994551, 19.6428571428569, -21.5688650352464 ) );
#3890 = CARTESIAN_POINT( '', ( 100.837705424667, 19.8571428571426, -13.4316392473026 ) );
#3891 = CARTESIAN_POINT( '', ( 110.214901496238, 20.0714285714283, -8.91581962365170 ) );
#3892 = CARTESIAN_POINT( '', ( 119.592097567808, 20.2857142857140, -4.40000000000081 ) );
#3893 = CARTESIAN_POINT( '', ( 130.000000000000, 20.4999999999998, -4.39999999999999 ) );
#3894 = CARTESIAN_POINT( '', ( 140.407902432192, 20.7142857142855, -4.39999999999921 ) );
#3895 = CARTESIAN_POINT( '', ( 149.785098503763, 20.9285714285712, -8.91581962364867 ) );
#3896 = CARTESIAN_POINT( '', ( 159.162294575334, 21.1428571428569, -13.4316392472982 ) );
#3897 = CARTESIAN_POINT( '', ( 165.651515600548, 21.3571428571426, -21.5688650352409 ) );
#3898 = CARTESIAN_POINT( '', ( 172.140736625760, 21.5714285714283, -29.7060908231838 ) );
#3899 = CARTESIAN_POINT( '', ( 174.456712795499, 21.7857142857140, -39.8530454115926 ) );
#3900 = CARTESIAN_POINT( '', ( 176.772688965237, 21.9999999999997, -50.0000000000015 ) );
#3901 = CARTESIAN_POINT( '', ( 174.456712795500, 22.2142857142854, -60.1469545884108 ) );
#3902 = CARTESIAN_POINT( '', ( 172.140736625764, 22.4285714285711, -70.2939091768200 ) );
#3903 = CARTESIAN_POINT( '', ( 165.651515600552, 22.6428571428569, -78.4311349647639 ) );
#3904 = CARTESIAN_POINT( '', ( 159.162294575340, 22.8571428571426, -86.5683607527076 ) );
#3905 = CARTESIAN_POINT( '', ( 149.785098503770, 23.0714285714283, -91.0841803763584 ) );
#3906 = CARTESIAN_POINT( '', ( 140.407902432199, 23.2857142857140, -95.6000000000094 ) );
#3907 = CARTESIAN_POINT( '', ( 130.000000000007, 23.4999999999997, -95.6000000000103 ) );
#3908 = CARTESIAN_POINT( '', ( 119.592097567815, 23.7142857142854, -95.6000000000110 ) );
#3909 = CARTESIAN_POINT( '', ( 110.214901496244, 23.9285714285712, -91.0841803763615 ) );
#3910 = CARTESIAN_POINT( '', ( 100.837705424673, 24.1428571428569, -86.5683607527121 ) );
#3911 = CARTESIAN_POINT( '', ( 94.3484843994595, 24.3571428571426, -78.4311349647693 ) );
#3912 = CARTESIAN_POINT( '', ( 87.8592633742464, 24.5714285714283, -70.2939091768265 ) );
#3913 = CARTESIAN_POINT( '', ( 85.5432872045082, 24.7857142857140, -60.1469545884175 ) );
#3914 = CARTESIAN_POINT( '', ( 83.2273110347697, 24.9999999999997, -50.0000000000087 ) );
#3915 = CARTESIAN_POINT( '', ( 85.5432872045067, 25.2142857142854, -39.8530454115994 ) );
#3916 = CARTESIAN_POINT( '', ( 87.8592633742433, 25.4285714285711, -29.7060908231902 ) );
#3917 = CARTESIAN_POINT( '', ( 94.3484843994551, 25.6428571428568, -21.5688650352464 ) );
#3918 = CARTESIAN_POINT( '', ( 100.837705424667, 25.8571428571425, -13.4316392473026 ) );
#3919 = CARTESIAN_POINT( '', ( 110.214901496238, 26.0714285714283, -8.91581962365170 ) );
#3920 = CARTESIAN_POINT( '', ( 119.592097567808, 26.2857142857140, -4.40000000000081 ) );
#3921 = CARTESIAN_POINT( '', ( 130.000000000000, 26.4999999999997, -4.39999999999999 ) );
#3922 = CARTESIAN_POINT( '', ( 140.407902432192, 26.7142857142854, -4.39999999999921 ) );
#3923 = CARTESIAN_POINT( '', ( 149.785098503763, 26.9285714285711, -8.91581962364867 ) );
#3924 = CARTESIAN_POINT( '', ( 159.162294575334, 27.1428571428568, -13.4316392472982 ) );
#3925 = CARTESIAN_POINT( '', ( 165.651515600548, 27.3571428571425, -21.5688650352409 ) );
#3926 = CARTESIAN_POINT( '', ( 172.140736625760, 27.5714285714282, -29.7060908231838 ) );
#3927 = CARTESIAN_POINT( '', ( 174.456712795499, 27.7857142857140, -39.8530454115926 ) );
#3928 = CARTESIAN_POINT( '', ( 176.772688965237, 27.9999999999996, -50.0000000000015 ) );
#3929 = CARTESIAN_POINT( '', ( 174.456712795500, 28.2142857142854, -60.1469545884108 ) );
#3930 = CARTESIAN_POINT( '', ( 172.140736625764, 28.4285714285711, -70.2939091768200 ) );
#3931 = CARTESIAN_POINT( '', ( 165.651515600552, 28.6428571428568, -78.4311349647639 ) );
#3932 = CARTESIAN_POINT( '', ( 159.162294575340, 28.8571428571425, -86.5683607527076 ) );
#3933 = CARTESIAN_POINT( '', ( 149.785098503770, 29.0714285714282, -91.0841803763584 ) );
#3934 = CARTESIAN_POINT( '', ( 140.407902432199, 29.2857142857139, -95.6000000000094 ) );
#3935 = CARTESIAN_POINT( '', ( 130.000000000007, 29.4999999999996, -95.6000000000103 ) );
#3936 = CARTESIAN_POINT( '', ( 119.592097567815, 29.7142857142854, -95.6000000000110 ) );
#3937 = CARTESIAN_POINT( '', ( 110.214901496244, 29.9285714285711, -91.0841803763615 ) );
#3938 = CARTESIAN_POINT( '', ( 100.837705424673, 30.1428571428568, -86.5683607527121 ) );
#3939 = CARTESIAN_POINT( '', ( 94.3484843994595, 30.3571428571425, -78.4311349647693 ) );
#3940 = CARTESIAN_POINT( '', ( 87.8592633742464, 30.5714285714282, -70.2939091768265 ) );
#3941 = CARTESIAN_POINT( '', ( 85.5432872045082, 30.7857142857139, -60.1469545884175 ) );
#3942 = CARTESIAN_POINT( '', ( 83.2273110347697, 30.9999999999997, -50.0000000000087 ) );
#3943 = CARTESIAN_POINT( '', ( 85.5432872045067, 31.2142857142854, -39.8530454115994 ) );
#3944 = CARTESIAN_POINT( '', ( 87.8592633742433, 31.4285714285710, -29.7060908231902 ) );
#3945 = CARTESIAN_POINT( '', ( 94.3484843994551, 31.6428571428567, -21.5688650352464 ) );
#3946 = CARTESIAN_POINT( '', ( 100.837705424667, 31.8571428571424, -13.4316392473026 ) );
#3947 = CARTESIAN_POINT( '', ( 110.214901496238, 32.0714285714282, -8.91581962365170 ) );
#3948 = CARTESIAN_POINT( '', ( 119.592097567808, 32.2857142857139, -4.40000000000081 ) );
#3949 = CARTESIAN_POINT( '', ( 130.000000000000, 32.4999999999996, -4.39999999999999 ) );
#3950 = CARTESIAN_POINT( '', ( 130.000000000000, 2.50000000000000, -0.900000000000000 ) );
#3951 = CARTESIAN_POINT( '', ( 141.206754592557, 2.71428571428572, -0.899999999999207 ) );
#3952 = CARTESIAN_POINT( '', ( 151.303691590675, 2.92857142857140, -5.76242858599021 ) );
#3953 = CARTESIAN_POINT( '', ( 161.400628588792, 3.14285714285713, -10.6248571719812 ) );
#3954 = CARTESIAN_POINT( '', ( 168.387925789185, 3.35714285714285, -19.3866507287354 ) );
#3955 = CARTESIAN_POINT( '', ( 175.375222989579, 3.57142857142853, -28.1484442854896 ) );
#3956 = CARTESIAN_POINT( '', ( 177.868960488135, 3.78571428571425, -39.0742221427455 ) );
#3957 = CARTESIAN_POINT( '', ( 180.362697986691, 3.99999999999998, -50.0000000000015 ) );
#3958 = CARTESIAN_POINT( '', ( 177.868960488137, 4.21428571428565, -60.9257778572579 ) );
#3959 = CARTESIAN_POINT( '', ( 175.375222989583, 4.42857142857139, -71.8515557145143 ) );
#3960 = CARTESIAN_POINT( '', ( 168.387925789190, 4.64285714285710, -80.6133492712694 ) );
#3961 = CARTESIAN_POINT( '', ( 161.400628588797, 4.85714285714279, -89.3751428280246 ) );
#3962 = CARTESIAN_POINT( '', ( 151.303691590681, 5.07142857142850, -94.2375714140170 ) );
#3963 = CARTESIAN_POINT( '', ( 141.206754592564, 5.28571428571425, -99.1000000000094 ) );
#3964 = CARTESIAN_POINT( '', ( 130.000000000007, 5.50000000000000, -99.1000000000102 ) );
#3965 = CARTESIAN_POINT( '', ( 118.793245407450, 5.71428571428565, -99.1000000000110 ) );
#3966 = CARTESIAN_POINT( '', ( 108.696308409332, 5.92857142857135, -94.2375714140200 ) );
#3967 = CARTESIAN_POINT( '', ( 98.5993714112152, 6.14285714285710, -89.3751428280290 ) );
#3968 = CARTESIAN_POINT( '', ( 91.6120742108215, 6.35714285714280, -80.6133492712748 ) );
#3969 = CARTESIAN_POINT( '', ( 84.6247770104277, 6.57142857142851, -71.8515557145206 ) );
#3970 = CARTESIAN_POINT( '', ( 82.1310395118717, 6.78571428571420, -60.9257778572647 ) );
#3971 = CARTESIAN_POINT( '', ( 79.6373020133160, 6.99999999999991, -50.0000000000087 ) );
#3972 = CARTESIAN_POINT( '', ( 82.1310395118703, 7.21428571428565, -39.0742221427523 ) );
#3973 = CARTESIAN_POINT( '', ( 84.6247770104246, 7.42857142857136, -28.1484442854960 ) );
#3974 = CARTESIAN_POINT( '', ( 91.6120742108171, 7.64285714285705, -19.3866507287408 ) );
#3975 = CARTESIAN_POINT( '', ( 98.5993714112095, 7.85714285714277, -10.6248571719857 ) );
#3976 = CARTESIAN_POINT( '', ( 108.696308409326, 8.07142857142850, -5.76242858599324 ) );
#3977 = CARTESIAN_POINT( '', ( 118.793245407443, 8.28571428571422, -0.900000000000804 ) );
#3978 = CARTESIAN_POINT( '', ( 130.000000000000, 8.49999999999960, -0.900000000000000 ) );
#3979 = CARTESIAN_POINT( '', ( 141.206754592557, 8.71428571428563, -0.899999999999207 ) );
#3980 = CARTESIAN_POINT( '', ( 151.303691590675, 8.92857142857130, -5.76242858599021 ) );
#3981 = CARTESIAN_POINT( '', ( 161.400628588792, 9.14285714285703, -10.6248571719812 ) );
#3982 = CARTESIAN_POINT( '', ( 168.387925789185, 9.35714285714275, -19.3866507287354 ) );
#3983 = CARTESIAN_POINT( '', ( 175.375222989579, 9.57142857142848, -28.1484442854896 ) );
#3984 = CARTESIAN_POINT( '', ( 177.868960488135, 9.78571428571415, -39.0742221427455 ) );
#3985 = CARTESIAN_POINT( '', ( 180.362697986691, 9.99999999999989, -50.0000000000015 ) );
#3986 = CARTESIAN_POINT( '', ( 177.868960488137, 10.2142857142856, -60.9257778572579 ) );
#3987 = CARTESIAN_POINT( '', ( 175.375222989583, 10.4285714285713, -71.8515557145143 ) );
#3988 = CARTESIAN_POINT( '', ( 168.387925789190, 10.6428571428570, -80.6133492712694 ) );
#3989 = CARTESIAN_POINT( '', ( 161.400628588797, 10.8571428571427, -89.3751428280246 ) );
#3990 = CARTESIAN_POINT( '', ( 151.303691590681, 11.0714285714284, -94.2375714140170 ) );
#3991 = CARTESIAN_POINT( '', ( 141.206754592564, 11.2857142857142, -99.1000000000094 ) );
#3992 = CARTESIAN_POINT( '', ( 130.000000000007, 11.4999999999998, -99.1000000000102 ) );
#3993 = CARTESIAN_POINT( '', ( 118.793245407450, 11.7142857142856, -99.1000000000110 ) );
#3994 = CARTESIAN_POINT( '', ( 108.696308409332, 11.9285714285713, -94.2375714140200 ) );
#3995 = CARTESIAN_POINT( '', ( 98.5993714112152, 12.1428571428570, -89.3751428280290 ) );
#3996 = CARTESIAN_POINT( '', ( 91.6120742108215, 12.3571428571427, -80.6133492712748 ) );
#3997 = CARTESIAN_POINT( '', ( 84.6247770104277, 12.5714285714284, -71.8515557145206 ) );
#3998 = CARTESIAN_POINT( '', ( 82.1310395118717, 12.7857142857141, -60.9257778572647 ) );
#3999 = CARTESIAN_POINT( '', ( 79.6373020133160, 12.9999999999999, -50.0000000000087 ) );
#4000 = CARTESIAN_POINT( '', ( 82.1310395118703, 13.2142857142855, -39.0742221427523 ) );
#4001 = CARTESIAN_POINT( '', ( 84.6247770104246, 13.4285714285713, -28.1484442854960 ) );
#4002 = CARTESIAN_POINT( '', ( 91.6120742108171, 13.6428571428570, -19.3866507287408 ) );
#4003 = CARTESIAN_POINT( '', ( 98.5993714112095, 13.8571428571427, -10.6248571719857 ) );
#4004 = CARTESIAN_POINT( '', ( 108.696308409326, 14.0714285714284, -5.76242858599324 ) );
#4005 = CARTESIAN_POINT( '', ( 118.793245407443, 14.2857142857141, -0.900000000000804 ) );
#4006 = CARTESIAN_POINT( '', ( 130.000000000000, 14.4999999999998, -0.900000000000000 ) );
#4007 = CARTESIAN_POINT( '', ( 141.206754592557, 14.7142857142855, -0.899999999999207 ) );
#4008 = CARTESIAN_POINT( '', ( 151.303691590675, 14.9285714285712, -5.76242858599021 ) );
#4009 = CARTESIAN_POINT( '', ( 161.400628588792, 15.1428571428570, -10.6248571719812 ) );
#4010 = CARTESIAN_POINT( '', ( 168.387925789185, 15.3571428571427, -19.3866507287354 ) );
#4011 = CARTESIAN_POINT( '', ( 175.375222989579, 15.5714285714284, -28.1484442854896 ) );
#4012 = CARTESIAN_POINT( '', ( 177.868960488135, 15.7857142857141, -39.0742221427455 ) );
#4013 = CARTESIAN_POINT( '', ( 180.362697986691, 15.9999999999998, -50.0000000000015 ) );
#4014 = CARTESIAN_POINT( '', ( 177.868960488137, 16.2142857142855, -60.9257778572579 ) );
#4015 = CARTESIAN_POINT( '', ( 175.375222989583, 16.4285714285713, -71.8515557145143 ) );
#4016 = CARTESIAN_POINT( '', ( 168.387925789190, 16.6428571428570, -80.6133492712694 ) );
#4017 = CARTESIAN_POINT( '', ( 161.400628588797, 16.8571428571427, -89.3751428280246 ) );
#4018 = CARTESIAN_POINT( '', ( 151.303691590681, 17.0714285714284, -94.2375714140170 ) );
#4019 = CARTESIAN_POINT( '', ( 141.206754592564, 17.2857142857141, -99.1000000000094 ) );
#4020 = CARTESIAN_POINT( '', ( 130.000000000007, 17.4999999999996, -99.1000000000102 ) );
#4021 = CARTESIAN_POINT( '', ( 118.793245407450, 17.7142857142855, -99.1000000000110 ) );
#4022 = CARTESIAN_POINT( '', ( 108.696308409332, 17.9285714285712, -94.2375714140200 ) );
#4023 = CARTESIAN_POINT( '', ( 98.5993714112152, 18.1428571428569, -89.3751428280290 ) );
#4024 = CARTESIAN_POINT( '', ( 91.6120742108215, 18.3571428571427, -80.6133492712748 ) );
#4025 = CARTESIAN_POINT( '', ( 84.6247770104277, 18.5714285714284, -71.8515557145206 ) );
#4026 = CARTESIAN_POINT( '', ( 82.1310395118717, 18.7857142857141, -60.9257778572647 ) );
#4027 = CARTESIAN_POINT( '', ( 79.6373020133160, 18.9999999999998, -50.0000000000087 ) );
#4028 = CARTESIAN_POINT( '', ( 82.1310395118703, 19.2142857142855, -39.0742221427523 ) );
#4029 = CARTESIAN_POINT( '', ( 84.6247770104246, 19.4285714285712, -28.1484442854960 ) );
#4030 = CARTESIAN_POINT( '', ( 91.6120742108171, 19.6428571428569, -19.3866507287408 ) );
#4031 = CARTESIAN_POINT( '', ( 98.5993714112095, 19.8571428571426, -10.6248571719857 ) );
#4032 = CARTESIAN_POINT( '', ( 108.696308409326, 20.0714285714284, -5.76242858599324 ) );
#4033 = CARTESIAN_POINT( '', ( 118.793245407443, 20.2857142857141, -0.900000000000804 ) );
#4034 = CARTESIAN_POINT( '', ( 130.000000000000, 20.4999999999998, -0.900000000000000 ) );
#4035 = CARTESIAN_POINT( '', ( 141.206754592557, 20.7142857142855, -0.899999999999207 ) );
#4036 = CARTESIAN_POINT( '', ( 151.303691590675, 20.9285714285712, -5.76242858599021 ) );
#4037 = CARTESIAN_POINT( '', ( 161.400628588792, 21.1428571428569, -10.6248571719812 ) );
#4038 = CARTESIAN_POINT( '', ( 168.387925789185, 21.3571428571426, -19.3866507287354 ) );
#4039 = CARTESIAN_POINT( '', ( 175.375222989579, 21.5714285714283, -28.1484442854896 ) );
#4040 = CARTESIAN_POINT( '', ( 177.868960488135, 21.7857142857140, -39.0742221427455 ) );
#4041 = CARTESIAN_POINT( '', ( 180.362697986691, 21.9999999999998, -50.0000000000015 ) );
#4042 = CARTESIAN_POINT( '', ( 177.868960488137, 22.2142857142854, -60.9257778572579 ) );
#4043 = CARTESIAN_POINT( '', ( 175.375222989583, 22.4285714285712, -71.8515557145143 ) );
#4044 = CARTESIAN_POINT( '', ( 168.387925789190, 22.6428571428569, -80.6133492712694 ) );
#4045 = CARTESIAN_POINT( '', ( 161.400628588797, 22.8571428571426, -89.3751428280246 ) );
#4046 = CARTESIAN_POINT( '', ( 151.303691590681, 23.0714285714283, -94.2375714140170 ) );
#4047 = CARTESIAN_POINT( '', ( 141.206754592564, 23.2857142857140, -99.1000000000094 ) );
#4048 = CARTESIAN_POINT( '', ( 130.000000000007, 23.4999999999996, -99.1000000000102 ) );
#4049 = CARTESIAN_POINT( '', ( 118.793245407450, 23.7142857142854, -99.1000000000110 ) );
#4050 = CARTESIAN_POINT( '', ( 108.696308409332, 23.9285714285712, -94.2375714140200 ) );
#4051 = CARTESIAN_POINT( '', ( 98.5993714112152, 24.1428571428568, -89.3751428280290 ) );
#4052 = CARTESIAN_POINT( '', ( 91.6120742108215, 24.3571428571425, -80.6133492712748 ) );
#4053 = CARTESIAN_POINT( '', ( 84.6247770104277, 24.5714285714283, -71.8515557145206 ) );
#4054 = CARTESIAN_POINT( '', ( 82.1310395118717, 24.7857142857140, -60.9257778572647 ) );
#4055 = CARTESIAN_POINT( '', ( 79.6373020133160, 24.9999999999997, -50.0000000000087 ) );
#4056 = CARTESIAN_POINT( '', ( 82.1310395118703, 25.2142857142854, -39.0742221427523 ) );
#4057 = CARTESIAN_POINT( '', ( 84.6247770104246, 25.4285714285711, -28.1484442854960 ) );
#4058 = CARTESIAN_POINT( '', ( 91.6120742108171, 25.6428571428569, -19.3866507287408 ) );
#4059 = CARTESIAN_POINT( '', ( 98.5993714112095, 25.8571428571426, -10.6248571719857 ) );
#4060 = CARTESIAN_POINT( '', ( 108.696308409326, 26.0714285714283, -5.76242858599324 ) );
#4061 = CARTESIAN_POINT( '', ( 118.793245407443, 26.2857142857140, -0.900000000000804 ) );
#4062 = CARTESIAN_POINT( '', ( 130.000000000000, 26.4999999999996, -0.900000000000000 ) );
#4063 = CARTESIAN_POINT( '', ( 141.206754592557, 26.7142857142854, -0.899999999999207 ) );
#4064 = CARTESIAN_POINT( '', ( 151.303691590675, 26.9285714285711, -5.76242858599021 ) );
#4065 = CARTESIAN_POINT( '', ( 161.400628588792, 27.1428571428568, -10.6248571719812 ) );
#4066 = CARTESIAN_POINT( '', ( 168.387925789185, 27.3571428571425, -19.3866507287354 ) );
#4067 = CARTESIAN_POINT( '', ( 175.375222989579, 27.5714285714282, -28.1484442854896 ) );
#4068 = CARTESIAN_POINT( '', ( 177.868960488135, 27.7857142857139, -39.0742221427455 ) );
#4069 = CARTESIAN_POINT( '', ( 180.362697986691, 27.9999999999997, -50.0000000000015 ) );
#4070 = CARTESIAN_POINT( '', ( 177.868960488137, 28.2142857142854, -60.9257778572579 ) );
#4071 = CARTESIAN_POINT( '', ( 175.375222989583, 28.4285714285711, -71.8515557145143 ) );
#4072 = CARTESIAN_POINT( '', ( 168.387925789190, 28.6428571428568, -80.6133492712694 ) );
#4073 = CARTESIAN_POINT( '', ( 161.400628588797, 28.8571428571425, -89.3751428280246 ) );
#4074 = CARTESIAN_POINT( '', ( 151.303691590681, 29.0714285714282, -94.2375714140170 ) );
#4075 = CARTESIAN_POINT( '', ( 141.206754592564, 29.2857142857139, -99.1000000000094 ) );
#4076 = CARTESIAN_POINT( '', ( 130.000000000007, 29.4999999999996, -99.1000000000102 ) );
#4077 = CARTESIAN_POINT( '', ( 118.793245407450, 29.7142857142853, -99.1000000000110 ) );
#4078 = CARTESIAN_POINT( '', ( 108.696308409332, 29.9285714285710, -94.2375714140200 ) );
#4079 = CARTESIAN_POINT( '', ( 98.5993714112152, 30.1428571428568, -89.3751428280290 ) );
#4080 = CARTESIAN_POINT( '', ( 91.6120742108215, 30.3571428571425, -80.6133492712748 ) );
#4081 = CARTESIAN_POINT( '', ( 84.6247770104277, 30.5714285714282, -71.8515557145206 ) );
#4082 = CARTESIAN_POINT( '', ( 82.1310395118717, 30.7857142857139, -60.9257778572647 ) );
#4083 = CARTESIAN_POINT( '', ( 79.6373020133160, 30.9999999999996, -50.0000000000087 ) );
#4084 = CARTESIAN_POINT( '', ( 82.1310395118703, 31.2142857142853, -39.0742221427523 ) );
#4085 = CARTESIAN_POINT( '', ( 84.6247770104246, 31.4285714285711, -28.1484442854960 ) );
#4086 = CARTESIAN_POINT( '', ( 91.6120742108171, 31.6428571428568, -19.3866507287408 ) );
#4087 = CARTESIAN_POINT( '', ( 98.5993714112095, 31.8571428571425, -10.6248571719857 ) );
#4088 = CARTESIAN_POINT( '', ( 108.696308409326, 32.0714285714282, -5.76242858599324 ) );
#4089 = CARTESIAN_POINT( '', ( 118.793245407443, 32.2857142857139, -0.900000000000804 ) );
#4090 = CARTESIAN_POINT( '', ( 130.000000000000, 32.4999999999996, -0.900000000000000 ) );
#4096 = SURFACE_SIDE_STYLE( '', ( #5493 ) );
#4097 = EDGE_LOOP( '', ( #5494, #5495, #5496, #5497, #5498 ) );
#4098 = AXIS2_PLACEMENT_3D( '', #5499, #5500, #5501 );
#4099 = SURFACE_SIDE_STYLE( '', ( #5502 ) );
#4100 = EDGE_LOOP( '', ( #5503, #5504, #5505, #5506 ) );
#4101 = AXIS2_PLACEMENT_3D( '', #5507, #5508, #5509 );
#4102 = SURFACE_SIDE_STYLE( '', ( #5510 ) );
#4103 = EDGE_LOOP( '', ( #5511, #5512, #5513, #5514 ) );
#4104 = AXIS2_PLACEMENT_3D( '', #5515, #5516, #5517 );
#4105 = SURFACE_SIDE_STYLE( '', ( #5518 ) );
#4106 = EDGE_LOOP( '', ( #5519 ) );
#4107 = AXIS2_PLACEMENT_3D( '', #5520, #5521, #5522 );
#4108 = SURFACE_SIDE_STYLE( '', ( #5523 ) );
#4109 = EDGE_LOOP( '', ( #5524, #5525, #5526, #5527 ) );
#4110 = AXIS2_PLACEMENT_3D( '', #5528, #5529, #5530 );
#4111 = SURFACE_SIDE_STYLE( '', ( #5531 ) );
#4112 = EDGE_LOOP( '', ( #5532, #5533, #5534, #5535 ) );
#4113 = AXIS2_PLACEMENT_3D( '', #5536, #5537, #5538 );
#4114 = SURFACE_SIDE_STYLE( '', ( #5539 ) );
#4115 = EDGE_LOOP( '', ( #5540 ) );
#4116 = EDGE_LOOP( '', ( #5541 ) );
#4117 = AXIS2_PLACEMENT_3D( '', #5542, #5543, #5544 );
#4118 = SURFACE_SIDE_STYLE( '', ( #5545 ) );
#4119 = EDGE_LOOP( '', ( #5546, #5547, #5548, #5549 ) );
#4120 = AXIS2_PLACEMENT_3D( '', #5550, #5551, #5552 );
#4121 = SURFACE_SIDE_STYLE( '', ( #5553 ) );
#4122 = EDGE_LOOP( '', ( #5554, #5555, #5556, #5557 ) );
#4123 = AXIS2_PLACEMENT_3D( '', #5558, #5559, #5560 );
#4124 = SURFACE_SIDE_STYLE( '', ( #5561 ) );
#4125 = EDGE_LOOP( '', ( #5562 ) );
#4126 = EDGE_LOOP( '', ( #5563 ) );
#4127 = AXIS2_PLACEMENT_3D( '', #5564, #5565, #5566 );
#4128 = CLOSED_SHELL( '', ( #523, #437, #281 ) );
#4129 = CLOSED_SHELL( '', ( #283, #297, #547 ) );
#4131 = SURFACE_STYLE_FILL_AREA( #5567 );
#4132 = ORIENTED_EDGE( '', *, *, #5568, .T. );
#4133 = ORIENTED_EDGE( '', *, *, #5569, .T. );
#4134 = ORIENTED_EDGE( '', *, *, #5570, .T. );
#4135 = ORIENTED_EDGE( '', *, *, #5571, .F. );
#4136 = ORIENTED_EDGE( '', *, *, #5572, .T. );
#4137 = CARTESIAN_POINT( '', ( -151.887509630206, 2.25000000000000, 9.30000000000000 ) );
#4138 = DIRECTION( '', ( -1.49401874300010E-017, 0.723689730005605, -0.690125477492618 ) );
#4139 = DIRECTION( '', ( -6.67845946673902E-017, -0.690125477492618, -0.723689730005605 ) );
#4140 = SURFACE_STYLE_FILL_AREA( #5573 );
#4141 = ORIENTED_EDGE( '', *, *, #5574, .T. );
#4142 = ORIENTED_EDGE( '', *, *, #5575, .F. );
#4143 = ORIENTED_EDGE( '', *, *, #5576, .T. );
#4144 = ORIENTED_EDGE( '', *, *, #5577, .F. );
#4145 = CARTESIAN_POINT( '', ( -72.0000000000000, 12.1867325534165, -3.00000000000000 ) );
#4146 = DIRECTION( '', ( -1.08420217248550E-016, 0.000000000000000, -1.00000000000000 ) );
#4147 = DIRECTION( '', ( -1.00000000000000, 0.000000000000000, 1.08420217248550E-016 ) );
#4148 = SURFACE_STYLE_FILL_AREA( #5578 );
#4149 = ORIENTED_EDGE( '', *, *, #5579, .T. );
#4150 = ORIENTED_EDGE( '', *, *, #5580, .F. );
#4151 = ORIENTED_EDGE( '', *, *, #5581, .F. );
#4152 = ORIENTED_EDGE( '', *, *, #5582, .T. );
#4153 = CARTESIAN_POINT( '', ( -80.0000000000000, 2.50000000000000, 0.900000000000000 ) );
#4154 = DIRECTION( '', ( -1.51666983120495E-033, 1.00000000000000, -4.97841222228891E-066 ) );
#4155 = DIRECTION( '', ( -1.00000000000000, -1.51666983120495E-033, -1.76709633865350E-017 ) );
#4156 = SURFACE_STYLE_FILL_AREA( #5583 );
#4157 = ORIENTED_EDGE( '', *, *, #5584, .F. );
#4158 = ORIENTED_EDGE( '', *, *, #5585, .T. );
#4159 = ORIENTED_EDGE( '', *, *, #5586, .T. );
#4160 = ORIENTED_EDGE( '', *, *, #5587, .F. );
#4161 = CARTESIAN_POINT( '', ( -72.0000000000000, 1.49999999999998, 21.0000000000000 ) );
#4162 = DIRECTION( '', ( 1.00000000000000, 0.000000000000000, 0.000000000000000 ) );
#4163 = DIRECTION( '', ( 0.000000000000000, 0.000000000000000, -1.00000000000000 ) );
#4164 = SURFACE_STYLE_FILL_AREA( #5588 );
#4165 = ORIENTED_EDGE( '', *, *, #5589, .T. );
#4166 = ORIENTED_EDGE( '', *, *, #5590, .F. );
#4167 = ORIENTED_EDGE( '', *, *, #5591, .F. );
#4168 = ORIENTED_EDGE( '', *, *, #5592, .F. );
#4169 = CARTESIAN_POINT( '', ( -170.500000000000, 4.25000000000000, 3.70000000000000 ) );
#4170 = DIRECTION( '', ( 3.52776900765331E-017, 1.00000000000000, 1.21423173173822E-016 ) );
#4171 = DIRECTION( '', ( 1.00000000000000, -3.52776900765331E-017, 1.76709633865350E-017 ) );
#4172 = SURFACE_STYLE_FILL_AREA( #5593 );
#4173 = ORIENTED_EDGE( '', *, *, #5594, .T. );
#4174 = ORIENTED_EDGE( '', *, *, #5595, .F. );
#4175 = ORIENTED_EDGE( '', *, *, #5596, .T. );
#4176 = ORIENTED_EDGE( '', *, *, #5597, .T. );
#4177 = ORIENTED_EDGE( '', *, *, #5598, .T. );
#4178 = ORIENTED_EDGE( '', *, *, #5599, .T. );
#4179 = ORIENTED_EDGE( '', *, *, #5600, .T. );
#4180 = ORIENTED_EDGE( '', *, *, #5571, .T. );
#4181 = ORIENTED_EDGE( '', *, *, #5601, .T. );
#4182 = ORIENTED_EDGE( '', *, *, #5602, .F. );
#4183 = ORIENTED_EDGE( '', *, *, #5603, .T. );
#4184 = ORIENTED_EDGE( '', *, *, #5604, .T. );
#4185 = ORIENTED_EDGE( '', *, *, #5605, .F. );
#4186 = ORIENTED_EDGE( '', *, *, #5606, .T. );
#4187 = ORIENTED_EDGE( '', *, *, #5607, .T. );
#4188 = ORIENTED_EDGE( '', *, *, #5608, .T. );
#4189 = ORIENTED_EDGE( '', *, *, #5609, .T. );
#4190 = CARTESIAN_POINT( '', ( -160.000000000000, 4.25000000000000, 7.00000000000000 ) );
#4191 = DIRECTION( '', ( 1.00000000000000, -2.14566444743152E-033, 1.76709633865350E-017 ) );
#4192 = DIRECTION( '', ( 0.000000000000000, -1.00000000000000, -1.21423173173822E-016 ) );
#4193 = SURFACE_STYLE_FILL_AREA( #5610 );
#4194 = ORIENTED_EDGE( '', *, *, #5611, .T. );
#4195 = ORIENTED_EDGE( '', *, *, #5582, .F. );
#4196 = ORIENTED_EDGE( '', *, *, #5612, .F. );
#4197 = ORIENTED_EDGE( '', *, *, #5613, .T. );
#4198 = CARTESIAN_POINT( '', ( -80.0000000000000, 4.25000000000000, 0.900000000000000 ) );
#4199 = DIRECTION( '', ( 1.00000000000000, 1.92592994438724E-034, 1.76709633865350E-017 ) );
#4200 = DIRECTION( '', ( 1.92592994438724E-034, -1.00000000000000, -2.33977133034551E-050 ) );
#4201 = SURFACE_STYLE_FILL_AREA( #5614 );
#4202 = ORIENTED_EDGE( '', *, *, #5615, .T. );
#4203 = ORIENTED_EDGE( '', *, *, #5616, .F. );
#4204 = ORIENTED_EDGE( '', *, *, #5617, .F. );
#4205 = ORIENTED_EDGE( '', *, *, #5618, .F. );
#4206 = ORIENTED_EDGE( '', *, *, #5619, .T. );
#4207 = ORIENTED_EDGE( '', *, *, #5620, .T. );
#4208 = ORIENTED_EDGE( '', *, *, #5621, .T. );
#4209 = ORIENTED_EDGE( '', *, *, #5622, .T. );
#4210 = ORIENTED_EDGE( '', *, *, #5623, .T. );
#4211 = CARTESIAN_POINT( '', ( 76.0000000000000, 1.49999999999998, -21.0000000000000 ) );
#4212 = DIRECTION( '', ( 0.000000000000000, -1.00000000000000, 0.000000000000000 ) );
#4213 = DIRECTION( '', ( 0.000000000000000, 0.000000000000000, -1.00000000000000 ) );
#4214 = SURFACE_STYLE_FILL_AREA( #5624 );
#4215 = ORIENTED_EDGE( '', *, *, #5625, .F. );
#4216 = ORIENTED_EDGE( '', *, *, #5626, .T. );
#4217 = ORIENTED_EDGE( '', *, *, #5627, .T. );
#4218 = ORIENTED_EDGE( '', *, *, #5628, .F. );
#4219 = SURFACE_STYLE_FILL_AREA( #5629 );
#4220 = ORIENTED_EDGE( '', *, *, #5630, .F. );
#4221 = ORIENTED_EDGE( '', *, *, #5631, .F. );
#4222 = ORIENTED_EDGE( '', *, *, #5632, .F. );
#4223 = ORIENTED_EDGE( '', *, *, #5633, .F. );
#4224 = CARTESIAN_POINT( '', ( 72.0000000000000, 12.1867325534165, -3.12250225675825E-014 ) );
#4225 = DIRECTION( '', ( 0.000000000000000, 1.00000000000000, 0.000000000000000 ) );
#4226 = DIRECTION( '', ( 0.000000000000000, 0.000000000000000, 1.00000000000000 ) );
#4227 = SURFACE_STYLE_FILL_AREA( #5634 );
#4228 = ORIENTED_EDGE( '', *, *, #5635, .F. );
#4229 = ORIENTED_EDGE( '', *, *, #5636, .T. );
#4230 = CARTESIAN_POINT( '', ( 231.000000000004, 34.2499999999996, -9.30000000000510 ) );
#4231 = DIRECTION( '', ( 1.00000000000000, 0.000000000000000, 0.000000000000000 ) );
#4232 = DIRECTION( '', ( 0.000000000000000, 0.000000000000000, -1.00000000000000 ) );
#4233 = SURFACE_STYLE_FILL_AREA( #5637 );
#4234 = ORIENTED_EDGE( '', *, *, #5638, .T. );
#4235 = ORIENTED_EDGE( '', *, *, #5639, .F. );
#4236 = ORIENTED_EDGE( '', *, *, #5640, .F. );
#4237 = ORIENTED_EDGE( '', *, *, #5641, .T. );
#4238 = CARTESIAN_POINT( '', ( 130.000000000003, 32.4999999999996, -0.900000000005104 ) );
#4239 = DIRECTION( '', ( 0.000000000000000, 1.00000000000000, 0.000000000000000 ) );
#4240 = DIRECTION( '', ( 0.000000000000000, 0.000000000000000, 1.00000000000000 ) );
#4241 = SURFACE_STYLE_FILL_AREA( #5642 );
#4242 = ORIENTED_EDGE( '', *, *, #5643, .F. );
#4243 = ORIENTED_EDGE( '', *, *, #5644, .F. );
#4244 = ORIENTED_EDGE( '', *, *, #5645, .F. );
#4245 = ORIENTED_EDGE( '', *, *, #5646, .F. );
#4246 = CARTESIAN_POINT( '', ( 58.4370754860429, 18.3179805861902, -21.0000000000000 ) );
#4247 = DIRECTION( '', ( -0.920504853452440, 0.390731128489274, -0.000000000000000 ) );
#4248 = DIRECTION( '', ( 0.390731128489275, 0.920504853452440, 0.000000000000000 ) );
#4249 = SURFACE_STYLE_FILL_AREA( #5647 );
#4250 = ORIENTED_EDGE( '', *, *, #5648, .T. );
#4251 = ORIENTED_EDGE( '', *, *, #5649, .F. );
#4252 = ORIENTED_EDGE( '', *, *, #5633, .T. );
#4253 = ORIENTED_EDGE( '', *, *, #5650, .F. );
#4254 = CARTESIAN_POINT( '', ( 72.0000000000000, 12.1867325534165, -3.00000000000000 ) );
#4255 = DIRECTION( '', ( -1.08420217248550E-016, 0.000000000000000, 1.00000000000000 ) );
#4256 = DIRECTION( '', ( 1.00000000000000, 0.000000000000000, 1.08420217248550E-016 ) );
#4257 = SURFACE_STYLE_FILL_AREA( #5651 );
#4258 = ORIENTED_EDGE( '', *, *, #5652, .T. );
#4259 = ORIENTED_EDGE( '', *, *, #5653, .F. );
#4260 = ORIENTED_EDGE( '', *, *, #5654, .F. );
#4261 = ORIENTED_EDGE( '', *, *, #5655, .F. );
#4262 = CARTESIAN_POINT( '', ( -175.085786437627, 2.67818698353642, 8.30000000000000 ) );
#4263 = DIRECTION( '', ( 1.00000000000000, -2.14566444743152E-033, 1.76709633865350E-017 ) );
#4264 = DIRECTION( '', ( 0.000000000000000, 1.00000000000000, 1.21423173173822E-016 ) );
#4265 = SURFACE_STYLE_FILL_AREA( #5656 );
#4266 = ORIENTED_EDGE( '', *, *, #5657, .T. );
#4267 = ORIENTED_EDGE( '', *, *, #5658, .F. );
#4268 = ORIENTED_EDGE( '', *, *, #5659, .F. );
#4269 = ORIENTED_EDGE( '', *, *, #5660, .T. );
#4270 = CARTESIAN_POINT( '', ( -160.000000000000, 4.25000000000000, 7.90000000000000 ) );
#4271 = DIRECTION( '', ( -1.00000000000000, -1.92592994438724E-034, -1.76709633865350E-017 ) );
#4272 = DIRECTION( '', ( -1.92592994438724E-034, 1.00000000000000, 2.33977133034551E-050 ) );
#4273 = SURFACE_STYLE_FILL_AREA( #5661 );
#4274 = ORIENTED_EDGE( '', *, *, #5611, .F. );
#4275 = ORIENTED_EDGE( '', *, *, #5662, .T. );
#4276 = ORIENTED_EDGE( '', *, *, #5657, .F. );
#4277 = ORIENTED_EDGE( '', *, *, #5663, .F. );
#4278 = SURFACE_STYLE_FILL_AREA( #5664 );
#4279 = ORIENTED_EDGE( '', *, *, #5665, .F. );
#4280 = ORIENTED_EDGE( '', *, *, #5604, .F. );
#4281 = ORIENTED_EDGE( '', *, *, #5666, .F. );
#4282 = ORIENTED_EDGE( '', *, *, #5667, .F. );
#4283 = ORIENTED_EDGE( '', *, *, #5591, .T. );
#4284 = CARTESIAN_POINT( '', ( -170.500000000000, 2.67818698353642, 5.70000000000000 ) );
#4285 = DIRECTION( '', ( -1.00000000000000, 2.14566444743152E-033, -1.76709633865350E-017 ) );
#4286 = DIRECTION( '', ( 0.000000000000000, -1.00000000000000, -1.21423173173822E-016 ) );
#4287 = SURFACE_STYLE_FILL_AREA( #5668 );
#4288 = ORIENTED_EDGE( '', *, *, #5669, .F. );
#4289 = ORIENTED_EDGE( '', *, *, #5670, .F. );
#4290 = ORIENTED_EDGE( '', *, *, #5671, .F. );
#4291 = ORIENTED_EDGE( '', *, *, #5672, .F. );
#4292 = CARTESIAN_POINT( '', ( -76.0000000000000, -1.67102552629175E-014, -21.0000000000000 ) );
#4293 = DIRECTION( '', ( 1.02718508064686E-015, -1.00000000000000, -0.000000000000000 ) );
#4294 = DIRECTION( '', ( -1.00000000000000, -1.02718508064686E-015, 0.000000000000000 ) );
#4295 = SURFACE_STYLE_FILL_AREA( #5673 );
#4296 = ORIENTED_EDGE( '', *, *, #5674, .F. );
#4297 = ORIENTED_EDGE( '', *, *, #5675, .T. );
#4298 = ORIENTED_EDGE( '', *, *, #5676, .T. );
#4299 = ORIENTED_EDGE( '', *, *, #5677, .F. );
#4300 = ORIENTED_EDGE( '', *, *, #5678, .T. );
#4301 = ORIENTED_EDGE( '', *, *, #5679, .T. );
#4302 = CARTESIAN_POINT( '', ( -80.0000000000000, -2.08189955855050E-014, 25.0000000000000 ) );
#4303 = DIRECTION( '', ( 1.00000000000000, 1.02718508064686E-015, 0.000000000000000 ) );
#4304 = DIRECTION( '', ( -1.02718508064686E-015, 1.00000000000000, 0.000000000000000 ) );
#4305 = SURFACE_STYLE_FILL_AREA( #5680 );
#4306 = ORIENTED_EDGE( '', *, *, #5681, .F. );
#4307 = ORIENTED_EDGE( '', *, *, #5682, .F. );
#4308 = ORIENTED_EDGE( '', *, *, #5683, .F. );
#4309 = ORIENTED_EDGE( '', *, *, #5684, .F. );
#4310 = CARTESIAN_POINT( '', ( 76.0000000000000, -1.81059868166415E-013, 21.0000000000000 ) );
#4311 = DIRECTION( '', ( -1.02718508064686E-015, -1.00000000000000, -0.000000000000000 ) );
#4312 = DIRECTION( '', ( -1.00000000000000, 1.02718508064686E-015, 0.000000000000000 ) );
#4313 = SURFACE_STYLE_FILL_AREA( #5685 );
#4314 = ORIENTED_EDGE( '', *, *, #5686, .T. );
#4315 = ORIENTED_EDGE( '', *, *, #5687, .F. );
#4316 = ORIENTED_EDGE( '', *, *, #5630, .T. );
#4317 = ORIENTED_EDGE( '', *, *, #5649, .T. );
#4318 = CARTESIAN_POINT( '', ( 72.0000000000000, 12.1867325534165, -3.12250225675825E-014 ) );
#4319 = DIRECTION( '', ( -0.000000000000000, -1.00000000000000, -0.000000000000000 ) );
#4320 = DIRECTION( '', ( 0.000000000000000, 0.000000000000000, 1.00000000000000 ) );
#4321 = SURFACE_STYLE_FILL_AREA( #5688 );
#4322 = ORIENTED_EDGE( '', *, *, #5689, .T. );
#4323 = ORIENTED_EDGE( '', *, *, #5690, .T. );
#4324 = ORIENTED_EDGE( '', *, *, #5691, .T. );
#4325 = ORIENTED_EDGE( '', *, *, #5592, .T. );
#4326 = CARTESIAN_POINT( '', ( -151.887509630206, 6.25000000000000, 4.70000000000000 ) );
#4327 = DIRECTION( '', ( -5.86419292673360E-017, -4.51102805199512E-017, -1.00000000000000 ) );
#4328 = DIRECTION( '', ( 1.00000000000000, -3.44249599490505E-033, -5.86419292673360E-017 ) );
#4329 = SURFACE_STYLE_FILL_AREA( #5692 );
#4330 = ORIENTED_EDGE( '', *, *, #5693, .F. );
#4331 = ORIENTED_EDGE( '', *, *, #5694, .F. );
#4332 = CARTESIAN_POINT( '', ( -210.200000000000, 4.25000000000000, 7.00000000000000 ) );
#4333 = DIRECTION( '', ( -1.00000000000000, 2.14566444743152E-033, -1.76709633865350E-017 ) );
#4334 = DIRECTION( '', ( 0.000000000000000, -1.00000000000000, -1.21423173173822E-016 ) );
#4335 = SURFACE_STYLE_FILL_AREA( #5695 );
#4336 = ORIENTED_EDGE( '', *, *, #5696, .T. );
#4337 = ORIENTED_EDGE( '', *, *, #5697, .F. );
#4338 = ORIENTED_EDGE( '', *, *, #5698, .F. );
#4339 = ORIENTED_EDGE( '', *, *, #5699, .T. );
#4340 = CARTESIAN_POINT( '', ( 80.0000000000000, 6.00000000000000, 0.900000000000000 ) );
#4341 = DIRECTION( '', ( 0.000000000000000, -1.00000000000000, 0.000000000000000 ) );
#4342 = DIRECTION( '', ( 0.000000000000000, 0.000000000000000, -1.00000000000000 ) );
#4343 = SURFACE_STYLE_FILL_AREA( #5700 );
#4344 = ORIENTED_EDGE( '', *, *, #5701, .F. );
#4345 = ORIENTED_EDGE( '', *, *, #5702, .F. );
#4346 = CARTESIAN_POINT( '', ( -174.800000000000, 4.25000000000000, 7.00000000000000 ) );
#4347 = DIRECTION( '', ( -1.00000000000000, 2.14566444743152E-033, -1.76709633865350E-017 ) );
#4348 = DIRECTION( '', ( 0.000000000000000, -1.00000000000000, -1.21423173173822E-016 ) );
#4349 = SURFACE_STYLE_FILL_AREA( #5703 );
#4350 = ORIENTED_EDGE( '', *, *, #5704, .F. );
#4351 = ORIENTED_EDGE( '', *, *, #5705, .T. );
#4352 = ORIENTED_EDGE( '', *, *, #5706, .F. );
#4353 = ORIENTED_EDGE( '', *, *, #5707, .T. );
#4354 = CARTESIAN_POINT( '', ( -151.887509630206, 5.82181301646358, 8.30000000000000 ) );
#4355 = DIRECTION( '', ( 1.00000000000000, -2.14566444743152E-033, 1.76709633865350E-017 ) );
#4356 = DIRECTION( '', ( 0.000000000000000, -1.00000000000000, -1.21423173173822E-016 ) );
#4357 = SURFACE_STYLE_FILL_AREA( #5708 );
#4358 = ORIENTED_EDGE( '', *, *, #5709, .T. );
#4359 = ORIENTED_EDGE( '', *, *, #5710, .T. );
#4360 = ORIENTED_EDGE( '', *, *, #5711, .F. );
#4361 = ORIENTED_EDGE( '', *, *, #5712, .F. );
#4362 = SURFACE_STYLE_FILL_AREA( #5713 );
#4363 = ORIENTED_EDGE( '', *, *, #5714, .F. );
#4364 = ORIENTED_EDGE( '', *, *, #5715, .T. );
#4365 = ORIENTED_EDGE( '', *, *, #5716, .F. );
#4366 = SURFACE_STYLE_FILL_AREA( #5717 );
#4367 = ORIENTED_EDGE( '', *, *, #5718, .F. );
#4368 = ORIENTED_EDGE( '', *, *, #5719, .F. );
#4369 = ORIENTED_EDGE( '', *, *, #5720, .T. );
#4370 = ORIENTED_EDGE( '', *, *, #5721, .F. );
#4371 = CARTESIAN_POINT( '', ( -175.085786437627, 8.69020691683524, 8.19012547749262 ) );
#4372 = DIRECTION( '', ( -7.36036804808401E-017, 0.690125477492618, -0.723689730005605 ) );
#4373 = DIRECTION( '', ( 6.60003914434162E-017, 0.723689730005605, 0.690125477492618 ) );
#4374 = SURFACE_STYLE_FILL_AREA( #5722 );
#4375 = ORIENTED_EDGE( '', *, *, #5723, .F. );
#4376 = ORIENTED_EDGE( '', *, *, #5724, .F. );
#4377 = ORIENTED_EDGE( '', *, *, #5725, .T. );
#4378 = ORIENTED_EDGE( '', *, *, #5726, .F. );
#4379 = CARTESIAN_POINT( '', ( -80.0000000000000, 12.1867325534165, 3.00000000000000 ) );
#4380 = DIRECTION( '', ( 0.000000000000000, 0.000000000000000, 1.00000000000000 ) );
#4381 = DIRECTION( '', ( 1.00000000000000, 0.000000000000000, 0.000000000000000 ) );
#4382 = SURFACE_STYLE_FILL_AREA( #5727 );
#4383 = ORIENTED_EDGE( '', *, *, #5728, .T. );
#4384 = ORIENTED_EDGE( '', *, *, #5712, .T. );
#4385 = ORIENTED_EDGE( '', *, *, #5729, .F. );
#4386 = ORIENTED_EDGE( '', *, *, #5730, .F. );
#4387 = SURFACE_STYLE_FILL_AREA( #5731 );
#4388 = ORIENTED_EDGE( '', *, *, #5732, .T. );
#4389 = ORIENTED_EDGE( '', *, *, #5660, .F. );
#4390 = ORIENTED_EDGE( '', *, *, #5733, .F. );
#4391 = ORIENTED_EDGE( '', *, *, #5734, .T. );
#4392 = CARTESIAN_POINT( '', ( -160.000000000000, 2.50000000000000, 6.10000000000000 ) );
#4393 = DIRECTION( '', ( -1.51666983120495E-033, 1.00000000000000, -4.97841222228891E-066 ) );
#4394 = DIRECTION( '', ( -1.00000000000000, -1.51666983120495E-033, -1.76709633865350E-017 ) );
#4395 = SURFACE_STYLE_FILL_AREA( #5735 );
#4396 = ORIENTED_EDGE( '', *, *, #5736, .T. );
#4397 = ORIENTED_EDGE( '', *, *, #5737, .T. );
#4398 = ORIENTED_EDGE( '', *, *, #5738, .F. );
#4399 = ORIENTED_EDGE( '', *, *, #5739, .F. );
#4400 = CARTESIAN_POINT( '', ( -177.000000000000, 5.82181301646359, 5.70000000000000 ) );
#4401 = DIRECTION( '', ( -1.00000000000000, 2.14566444743152E-033, -1.76709633865350E-017 ) );
#4402 = DIRECTION( '', ( 0.000000000000000, -1.00000000000000, -1.21423173173822E-016 ) );
#4403 = SURFACE_STYLE_FILL_AREA( #5740 );
#4404 = ORIENTED_EDGE( '', *, *, #5689, .F. );
#4405 = ORIENTED_EDGE( '', *, *, #5667, .T. );
#4406 = ORIENTED_EDGE( '', *, *, #5741, .F. );
#4407 = ORIENTED_EDGE( '', *, *, #5742, .T. );
#4408 = CARTESIAN_POINT( '', ( -151.887509630206, 2.67818698353642, 5.70000000000000 ) );
#4409 = DIRECTION( '', ( 1.00000000000000, -2.14566444743152E-033, 1.76709633865350E-017 ) );
#4410 = DIRECTION( '', ( 0.000000000000000, -1.00000000000000, -1.21423173173822E-016 ) );
#4411 = SURFACE_STYLE_FILL_AREA( #5743 );
#4412 = ORIENTED_EDGE( '', *, *, #5605, .T. );
#4413 = ORIENTED_EDGE( '', *, *, #5665, .T. );
#4414 = ORIENTED_EDGE( '', *, *, #5590, .T. );
#4415 = ORIENTED_EDGE( '', *, *, #5744, .T. );
#4416 = CARTESIAN_POINT( '', ( -169.500000000000, 4.25000000000000, 7.00000000000000 ) );
#4417 = DIRECTION( '', ( -1.00000000000000, 2.14566444743152E-033, -1.76709633865351E-017 ) );
#4418 = DIRECTION( '', ( 0.000000000000000, -1.00000000000000, -1.21423173173822E-016 ) );
#4419 = SURFACE_STYLE_FILL_AREA( #5745 );
#4420 = ORIENTED_EDGE( '', *, *, #5746, .F. );
#4421 = ORIENTED_EDGE( '', *, *, #5747, .F. );
#4422 = ORIENTED_EDGE( '', *, *, #5619, .F. );
#4423 = ORIENTED_EDGE( '', *, *, #5748, .F. );
#4424 = ORIENTED_EDGE( '', *, *, #5749, .F. );
#4425 = ORIENTED_EDGE( '', *, *, #5670, .T. );
#4426 = ORIENTED_EDGE( '', *, *, #5750, .F. );
#4427 = ORIENTED_EDGE( '', *, *, #5751, .F. );
#4428 = ORIENTED_EDGE( '', *, *, #5752, .F. );
#4429 = ORIENTED_EDGE( '', *, *, #5753, .T. );
#4430 = ORIENTED_EDGE( '', *, *, #5754, .F. );
#4431 = ORIENTED_EDGE( '', *, *, #5755, .F. );
#4432 = CARTESIAN_POINT( '', ( -80.0000000000000, -2.08189955855050E-014, -25.0000000000000 ) );
#4433 = DIRECTION( '', ( 0.000000000000000, 0.000000000000000, -1.00000000000000 ) );
#4434 = DIRECTION( '', ( -1.00000000000000, 0.000000000000000, 0.000000000000000 ) );
#4435 = SURFACE_STYLE_FILL_AREA( #5756 );
#4436 = ORIENTED_EDGE( '', *, *, #5741, .T. );
#4437 = ORIENTED_EDGE( '', *, *, #5757, .T. );
#4438 = ORIENTED_EDGE( '', *, *, #5602, .T. );
#4439 = ORIENTED_EDGE( '', *, *, #5758, .F. );
#4440 = ORIENTED_EDGE( '', *, *, #5759, .T. );
#4441 = CARTESIAN_POINT( '', ( -151.887509630206, 2.25000000000000, 4.70000000000000 ) );
#4442 = DIRECTION( '', ( -6.60003914434163E-017, -0.723689730005605, -0.690125477492619 ) );
#4443 = DIRECTION( '', ( 1.80925292495822E-017, -0.690125477492619, 0.723689730005605 ) );
#4444 = SURFACE_STYLE_FILL_AREA( #5760 );
#4445 = ORIENTED_EDGE( '', *, *, #5761, .T. );
#4446 = ORIENTED_EDGE( '', *, *, #5762, .F. );
#4447 = ORIENTED_EDGE( '', *, *, #5763, .F. );
#4448 = ORIENTED_EDGE( '', *, *, #5764, .T. );
#4449 = CARTESIAN_POINT( '', ( 221.000000000004, 34.2499999999996, 17.6499999999949 ) );
#4450 = DIRECTION( '', ( 0.000000000000000, 0.707106781186549, -0.707106781186546 ) );
#4451 = DIRECTION( '', ( 0.000000000000000, 0.707106781186546, 0.707106781186549 ) );
#4452 = SURFACE_STYLE_FILL_AREA( #5765 );
#4453 = ORIENTED_EDGE( '', *, *, #5766, .F. );
#4454 = CARTESIAN_POINT( '', ( -80.0000000000000, -2.08189955855050E-014, 25.0000000000000 ) );
#4455 = DIRECTION( '', ( 1.00000000000000, 1.02718508064686E-015, 0.000000000000000 ) );
#4456 = DIRECTION( '', ( -1.02718508064686E-015, 1.00000000000000, 0.000000000000000 ) );
#4457 = SURFACE_STYLE_FILL_AREA( #5767 );
#4458 = ORIENTED_EDGE( '', *, *, #5768, .T. );
#4459 = CARTESIAN_POINT( '', ( -159.000000000000, 4.25000000000000, 7.00000000000000 ) );
#4460 = DIRECTION( '', ( -1.00000000000000, -1.92592994438724E-034, -1.76709633865351E-017 ) );
#4461 = DIRECTION( '', ( 1.92592994438724E-034, -1.00000000000000, -2.33977133034551E-050 ) );
#4462 = SURFACE_STYLE_FILL_AREA( #5769 );
#4463 = ORIENTED_EDGE( '', *, *, #5770, .F. );
#4464 = ORIENTED_EDGE( '', *, *, #5669, .T. );
#4465 = ORIENTED_EDGE( '', *, *, #5679, .F. );
#4466 = ORIENTED_EDGE( '', *, *, #5716, .T. );
#4467 = CARTESIAN_POINT( '', ( -76.0000000000000, -1.67102552629175E-014, -21.0000000000000 ) );
#4468 = DIRECTION( '', ( 1.02718508064686E-015, -1.00000000000000, -0.000000000000000 ) );
#4469 = DIRECTION( '', ( -1.00000000000000, -1.02718508064686E-015, 0.000000000000000 ) );
#4470 = SURFACE_STYLE_FILL_AREA( #5771 );
#4471 = ORIENTED_EDGE( '', *, *, #5772, .T. );
#4472 = ORIENTED_EDGE( '', *, *, #5773, .F. );
#4473 = ORIENTED_EDGE( '', *, *, #5774, .F. );
#4474 = ORIENTED_EDGE( '', *, *, #5775, .F. );
#4475 = CARTESIAN_POINT( '', ( -52.2762726423617, 65.3130086849448, 21.0000000000000 ) );
#4476 = DIRECTION( '', ( 0.920504853452440, -0.390731128489274, -0.000000000000000 ) );
#4477 = DIRECTION( '', ( -0.390731128489275, -0.920504853452440, 0.000000000000000 ) );
#4478 = SURFACE_STYLE_FILL_AREA( #5776 );
#4479 = ORIENTED_EDGE( '', *, *, #5777, .F. );
#4480 = ORIENTED_EDGE( '', *, *, #5778, .T. );
#4481 = ORIENTED_EDGE( '', *, *, #5779, .F. );
#4482 = ORIENTED_EDGE( '', *, *, #5780, .F. );
#4483 = SURFACE_STYLE_FILL_AREA( #5781 );
#4484 = ORIENTED_EDGE( '', *, *, #5782, .T. );
#4485 = ORIENTED_EDGE( '', *, *, #5783, .T. );
#4486 = ORIENTED_EDGE( '', *, *, #5784, .F. );
#4487 = CARTESIAN_POINT( '', ( -59.1861908023052, 18.0000000000000, 21.0000000000000 ) );
#4488 = DIRECTION( '', ( 0.000000000000000, 0.000000000000000, 1.00000000000000 ) );
#4489 = DIRECTION( '', ( 1.00000000000000, 0.000000000000000, 0.000000000000000 ) );
#4490 = SURFACE_STYLE_FILL_AREA( #5785 );
#4491 = ORIENTED_EDGE( '', *, *, #5786, .T. );
#4492 = ORIENTED_EDGE( '', *, *, #5752, .T. );
#4493 = ORIENTED_EDGE( '', *, *, #5751, .T. );
#4494 = ORIENTED_EDGE( '', *, *, #5750, .T. );
#4495 = ORIENTED_EDGE( '', *, *, #5770, .T. );
#4496 = CARTESIAN_POINT( '', ( -80.0000000000000, -2.08189955855050E-014, -25.0000000000000 ) );
#4497 = DIRECTION( '', ( 0.000000000000000, 0.000000000000000, -1.00000000000000 ) );
#4498 = DIRECTION( '', ( -1.00000000000000, 0.000000000000000, 0.000000000000000 ) );
#4499 = SURFACE_STYLE_FILL_AREA( #5787 );
#4500 = ORIENTED_EDGE( '', *, *, #5788, .T. );
#4501 = ORIENTED_EDGE( '', *, *, #5789, .F. );
#4502 = ORIENTED_EDGE( '', *, *, #5790, .F. );
#4503 = ORIENTED_EDGE( '', *, *, #5791, .T. );
#4504 = CARTESIAN_POINT( '', ( 180.000000000004, 34.2499999999996, -4.00000000000511 ) );
#4505 = DIRECTION( '', ( -1.00000000000000, -0.000000000000000, -0.000000000000000 ) );
#4506 = DIRECTION( '', ( 0.000000000000000, 0.000000000000000, -1.00000000000000 ) );
#4507 = SURFACE_STYLE_FILL_AREA( #5792 );
#4508 = ORIENTED_EDGE( '', *, *, #5768, .F. );
#4509 = ORIENTED_EDGE( '', *, *, #5793, .F. );
#4510 = CARTESIAN_POINT( '', ( -159.000000000000, 4.25000000000000, 7.00000000000000 ) );
#4511 = DIRECTION( '', ( 1.00000000000000, 1.92592994438724E-034, 1.76709633865350E-017 ) );
#4512 = DIRECTION( '', ( 1.92592994438724E-034, -1.00000000000000, -2.33977133034551E-050 ) );
#4513 = SURFACE_STYLE_FILL_AREA( #5794 );
#4514 = ORIENTED_EDGE( '', *, *, #5795, .T. );
#4515 = ORIENTED_EDGE( '', *, *, #5796, .T. );
#4516 = ORIENTED_EDGE( '', *, *, #5797, .T. );
#4517 = ORIENTED_EDGE( '', *, *, #5798, .T. );
#4518 = ORIENTED_EDGE( '', *, *, #5739, .T. );
#4519 = ORIENTED_EDGE( '', *, *, #5799, .T. );
#4520 = ORIENTED_EDGE( '', *, *, #5800, .T. );
#4521 = ORIENTED_EDGE( '', *, *, #5801, .T. );
#4522 = ORIENTED_EDGE( '', *, *, #5802, .T. );
#4523 = ORIENTED_EDGE( '', *, *, #5758, .T. );
#4524 = CARTESIAN_POINT( '', ( -210.500000000000, 4.25000000000000, 7.00000000000000 ) );
#4525 = DIRECTION( '', ( -1.00000000000000, 2.14566444743152E-033, -1.76709633865350E-017 ) );
#4526 = DIRECTION( '', ( 0.000000000000000, 1.00000000000000, 1.21423173173822E-016 ) );
#4527 = SURFACE_STYLE_FILL_AREA( #5803 );
#4528 = ORIENTED_EDGE( '', *, *, #5804, .T. );
#4529 = ORIENTED_EDGE( '', *, *, #5617, .T. );
#4530 = ORIENTED_EDGE( '', *, *, #5805, .F. );
#4531 = ORIENTED_EDGE( '', *, *, #5806, .F. );
#4532 = CARTESIAN_POINT( '', ( 76.0000000000000, -2.08166817117217E-014, -21.0000000000000 ) );
#4533 = DIRECTION( '', ( -0.000000000000000, -1.00000000000000, -0.000000000000000 ) );
#4534 = DIRECTION( '', ( 0.000000000000000, 0.000000000000000, 1.00000000000000 ) );
#4535 = SURFACE_STYLE_FILL_AREA( #5807 );
#4536 = ORIENTED_EDGE( '', *, *, #5805, .T. );
#4537 = ORIENTED_EDGE( '', *, *, #5616, .T. );
#4538 = ORIENTED_EDGE( '', *, *, #5808, .T. );
#4539 = ORIENTED_EDGE( '', *, *, #5809, .F. );
#4540 = CARTESIAN_POINT( '', ( 78.0000000000000, -2.08166817117217E-014, -21.0000000000000 ) );
#4541 = DIRECTION( '', ( 1.00000000000000, 0.000000000000000, 0.000000000000000 ) );
#4542 = DIRECTION( '', ( 0.000000000000000, 0.000000000000000, -1.00000000000000 ) );
#4543 = SURFACE_STYLE_FILL_AREA( #5810 );
#4544 = ORIENTED_EDGE( '', *, *, #5811, .T. );
#4545 = ORIENTED_EDGE( '', *, *, #5641, .F. );
#4546 = ORIENTED_EDGE( '', *, *, #5812, .F. );
#4547 = ORIENTED_EDGE( '', *, *, #5813, .T. );
#4548 = CARTESIAN_POINT( '', ( 130.000000000003, 34.2499999999996, -0.900000000005104 ) );
#4549 = DIRECTION( '', ( -1.00000000000000, -0.000000000000000, -0.000000000000000 ) );
#4550 = DIRECTION( '', ( 0.000000000000000, 0.000000000000000, -1.00000000000000 ) );
#4551 = SURFACE_STYLE_FILL_AREA( #5814 );
#4552 = ORIENTED_EDGE( '', *, *, #5815, .F. );
#4553 = ORIENTED_EDGE( '', *, *, #5681, .T. );
#4554 = ORIENTED_EDGE( '', *, *, #5816, .F. );
#4555 = ORIENTED_EDGE( '', *, *, #5817, .F. );
#4556 = CARTESIAN_POINT( '', ( 76.0000000000000, -1.81059868166415E-013, 21.0000000000000 ) );
#4557 = DIRECTION( '', ( -1.02718508064686E-015, -1.00000000000000, -0.000000000000000 ) );
#4558 = DIRECTION( '', ( -1.00000000000000, 1.02718508064686E-015, 0.000000000000000 ) );
#4559 = SURFACE_STYLE_FILL_AREA( #5818 );
#4560 = ORIENTED_EDGE( '', *, *, #5819, .F. );
#4561 = ORIENTED_EDGE( '', *, *, #5820, .T. );
#4562 = ORIENTED_EDGE( '', *, *, #5691, .F. );
#4563 = ORIENTED_EDGE( '', *, *, #5821, .T. );
#4564 = CARTESIAN_POINT( '', ( -151.887509630206, 5.82181301646358, 5.70000000000000 ) );
#4565 = DIRECTION( '', ( 1.00000000000000, -2.14566444743152E-033, 1.76709633865350E-017 ) );
#4566 = DIRECTION( '', ( 0.000000000000000, -1.00000000000000, -1.21423173173822E-016 ) );
#4567 = SURFACE_STYLE_FILL_AREA( #5822 );
#4568 = ORIENTED_EDGE( '', *, *, #5823, .T. );
#4569 = ORIENTED_EDGE( '', *, *, #5813, .F. );
#4570 = ORIENTED_EDGE( '', *, *, #5824, .F. );
#4571 = ORIENTED_EDGE( '', *, *, #5825, .T. );
#4572 = CARTESIAN_POINT( '', ( 130.000000000003, 36.0000000000000, -0.900000000005104 ) );
#4573 = DIRECTION( '', ( 0.000000000000000, -1.00000000000000, 0.000000000000000 ) );
#4574 = DIRECTION( '', ( 0.000000000000000, 0.000000000000000, -1.00000000000000 ) );
#4575 = SURFACE_STYLE_FILL_AREA( #5826 );
#4576 = ORIENTED_EDGE( '', *, *, #5827, .F. );
#4577 = ORIENTED_EDGE( '', *, *, #5653, .T. );
#4578 = ORIENTED_EDGE( '', *, *, #5568, .F. );
#4579 = ORIENTED_EDGE( '', *, *, #5828, .T. );
#4580 = CARTESIAN_POINT( '', ( -151.887509630206, 2.67818698353642, 8.30000000000000 ) );
#4581 = DIRECTION( '', ( 1.00000000000000, -2.14566444743152E-033, 1.76709633865350E-017 ) );
#4582 = DIRECTION( '', ( 0.000000000000000, -1.00000000000000, -1.21423173173822E-016 ) );
#4583 = SURFACE_STYLE_FILL_AREA( #5829 );
#4584 = ORIENTED_EDGE( '', *, *, #5682, .T. );
#4585 = ORIENTED_EDGE( '', *, *, #5830, .T. );
#4586 = ORIENTED_EDGE( '', *, *, #5831, .T. );
#4587 = ORIENTED_EDGE( '', *, *, #5832, .T. );
#4588 = ORIENTED_EDGE( '', *, *, #5833, .T. );
#4589 = ORIENTED_EDGE( '', *, *, #5834, .T. );
#4590 = ORIENTED_EDGE( '', *, *, #5835, .T. );
#4591 = ORIENTED_EDGE( '', *, *, #5836, .T. );
#4592 = ORIENTED_EDGE( '', *, *, #5837, .F. );
#4593 = ORIENTED_EDGE( '', *, *, #5838, .F. );
#4594 = ORIENTED_EDGE( '', *, *, #5839, .T. );
#4595 = ORIENTED_EDGE( '', *, *, #5840, .T. );
#4596 = CARTESIAN_POINT( '', ( -80.0000000000000, -2.08189955855050E-014, 25.0000000000000 ) );
#4597 = DIRECTION( '', ( 0.000000000000000, 0.000000000000000, -1.00000000000000 ) );
#4598 = DIRECTION( '', ( -1.00000000000000, 0.000000000000000, 0.000000000000000 ) );
#4599 = SURFACE_STYLE_FILL_AREA( #5841 );
#4600 = ORIENTED_EDGE( '', *, *, #5603, .F. );
#4601 = ORIENTED_EDGE( '', *, *, #5757, .F. );
#4602 = ORIENTED_EDGE( '', *, *, #5666, .T. );
#4603 = CARTESIAN_POINT( '', ( -170.500000000000, 1.33015216226699, 4.21557277977999 ) );
#4604 = DIRECTION( '', ( -1.80925292495822E-017, 0.690125477492618, -0.723689730005605 ) );
#4605 = DIRECTION( '', ( 6.60003914434163E-017, 0.723689730005605, 0.690125477492618 ) );
#4606 = SURFACE_STYLE_FILL_AREA( #5842 );
#4607 = ORIENTED_EDGE( '', *, *, #5702, .T. );
#4608 = ORIENTED_EDGE( '', *, *, #5843, .T. );
#4609 = CARTESIAN_POINT( '', ( -210.500000000000, 4.25000000000000, 7.00000000000000 ) );
#4610 = DIRECTION( '', ( -1.00000000000000, 2.14566444743152E-033, -1.76709633865350E-017 ) );
#4611 = DIRECTION( '', ( 0.000000000000000, 1.00000000000000, 1.21423173173822E-016 ) );
#4612 = SURFACE_STYLE_FILL_AREA( #5844 );
#4613 = ORIENTED_EDGE( '', *, *, #5845, .T. );
#4614 = ORIENTED_EDGE( '', *, *, #5846, .F. );
#4615 = ORIENTED_EDGE( '', *, *, #5847, .F. );
#4616 = ORIENTED_EDGE( '', *, *, #5848, .T. );
#4617 = CARTESIAN_POINT( '', ( 221.000000000004, 27.3999999999996, -10.8000000000051 ) );
#4618 = DIRECTION( '', ( 0.000000000000000, 0.707106781186544, 0.707106781186551 ) );
#4619 = DIRECTION( '', ( 0.000000000000000, -0.707106781186551, 0.707106781186544 ) );
#4620 = SURFACE_STYLE_FILL_AREA( #5849 );
#4621 = ORIENTED_EDGE( '', *, *, #5850, .F. );
#4622 = ORIENTED_EDGE( '', *, *, #5851, .T. );
#4623 = ORIENTED_EDGE( '', *, *, #5852, .F. );
#4624 = ORIENTED_EDGE( '', *, *, #5853, .T. );
#4625 = ORIENTED_EDGE( '', *, *, #5854, .F. );
#4626 = CARTESIAN_POINT( '', ( 80.0000000000000, 1.49999999999998, -17.0000000000000 ) );
#4627 = DIRECTION( '', ( 0.000000000000000, 0.000000000000000, 1.00000000000000 ) );
#4628 = DIRECTION( '', ( 1.00000000000000, 0.000000000000000, 0.000000000000000 ) );
#4629 = SURFACE_STYLE_FILL_AREA( #5855 );
#4630 = ORIENTED_EDGE( '', *, *, #5856, .F. );
#4631 = ORIENTED_EDGE( '', *, *, #5857, .T. );
#4632 = ORIENTED_EDGE( '', *, *, #5643, .T. );
#4633 = ORIENTED_EDGE( '', *, *, #5858, .F. );
#4634 = CARTESIAN_POINT( '', ( 72.0000000000000, 1.49999999999998, -21.0000000000000 ) );
#4635 = DIRECTION( '', ( -1.00000000000000, 0.000000000000000, 0.000000000000000 ) );
#4636 = DIRECTION( '', ( 0.000000000000000, 0.000000000000000, 1.00000000000000 ) );
#4637 = SURFACE_STYLE_FILL_AREA( #5859 );
#4638 = ORIENTED_EDGE( '', *, *, #5711, .T. );
#4639 = ORIENTED_EDGE( '', *, *, #5860, .F. );
#4640 = ORIENTED_EDGE( '', *, *, #5861, .F. );
#4641 = ORIENTED_EDGE( '', *, *, #5862, .T. );
#4642 = CARTESIAN_POINT( '', ( 221.000000000004, 41.1000000000000, -10.8000000000051 ) );
#4643 = DIRECTION( '', ( 0.000000000000000, -1.00000000000000, 0.000000000000000 ) );
#4644 = DIRECTION( '', ( 0.000000000000000, 0.000000000000000, -1.00000000000000 ) );
#4645 = SURFACE_STYLE_FILL_AREA( #5863 );
#4646 = ORIENTED_EDGE( '', *, *, #5864, .F. );
#4647 = ORIENTED_EDGE( '', *, *, #5865, .T. );
#4648 = ORIENTED_EDGE( '', *, *, #5866, .F. );
#4649 = ORIENTED_EDGE( '', *, *, #5867, .T. );
#4650 = ORIENTED_EDGE( '', *, *, #5675, .F. );
#4651 = CARTESIAN_POINT( '', ( -80.0000000000000, 1.49999999999998, 17.0000000000000 ) );
#4652 = DIRECTION( '', ( 0.000000000000000, 0.000000000000000, -1.00000000000000 ) );
#4653 = DIRECTION( '', ( -1.00000000000000, 0.000000000000000, 0.000000000000000 ) );
#4654 = SURFACE_STYLE_FILL_AREA( #5868 );
#4655 = ORIENTED_EDGE( '', *, *, #5869, .T. );
#4656 = ORIENTED_EDGE( '', *, *, #5870, .F. );
#4657 = ORIENTED_EDGE( '', *, *, #5871, .F. );
#4658 = ORIENTED_EDGE( '', *, *, #5872, .T. );
#4659 = CARTESIAN_POINT( '', ( 80.0000000000000, 2.50000000000000, -0.900000000000000 ) );
#4660 = DIRECTION( '', ( 0.000000000000000, 1.00000000000000, 0.000000000000000 ) );
#4661 = DIRECTION( '', ( 0.000000000000000, 0.000000000000000, 1.00000000000000 ) );
#4662 = SURFACE_STYLE_FILL_AREA( #5873 );
#4663 = ORIENTED_EDGE( '', *, *, #5857, .F. );
#4664 = ORIENTED_EDGE( '', *, *, #5746, .T. );
#4665 = ORIENTED_EDGE( '', *, *, #5755, .T. );
#4666 = ORIENTED_EDGE( '', *, *, #5754, .T. );
#4667 = ORIENTED_EDGE( '', *, *, #5644, .T. );
#4668 = CARTESIAN_POINT( '', ( -80.0000000000000, -2.08189955855050E-014, -25.0000000000000 ) );
#4669 = DIRECTION( '', ( 0.000000000000000, 0.000000000000000, -1.00000000000000 ) );
#4670 = DIRECTION( '', ( -1.00000000000000, 0.000000000000000, 0.000000000000000 ) );
#4671 = SURFACE_STYLE_FILL_AREA( #5874 );
#4672 = ORIENTED_EDGE( '', *, *, #5875, .F. );
#4673 = ORIENTED_EDGE( '', *, *, #5655, .T. );
#4674 = ORIENTED_EDGE( '', *, *, #5876, .T. );
#4675 = ORIENTED_EDGE( '', *, *, #5877, .F. );
#4676 = CARTESIAN_POINT( '', ( -177.000000000000, 2.67818698353642, 8.30000000000000 ) );
#4677 = DIRECTION( '', ( -1.00000000000000, 2.14566444743152E-033, -1.76709633865350E-017 ) );
#4678 = DIRECTION( '', ( 0.000000000000000, -1.00000000000000, -1.21423173173822E-016 ) );
#4679 = SURFACE_STYLE_FILL_AREA( #5878 );
#4680 = ORIENTED_EDGE( '', *, *, #5608, .F. );
#4681 = ORIENTED_EDGE( '', *, *, #5879, .T. );
#4682 = ORIENTED_EDGE( '', *, *, #5819, .T. );
#4683 = ORIENTED_EDGE( '', *, *, #5880, .T. );
#4684 = ORIENTED_EDGE( '', *, *, #5796, .F. );
#4685 = CARTESIAN_POINT( '', ( -151.887509630206, 7.96651718682962, 6.50000000000000 ) );
#4686 = DIRECTION( '', ( -1.49401874300010E-017, 0.723689730005605, -0.690125477492618 ) );
#4687 = DIRECTION( '', ( -6.67845946673902E-017, -0.690125477492618, -0.723689730005605 ) );
#4688 = SURFACE_STYLE_FILL_AREA( #5881 );
#4689 = ORIENTED_EDGE( '', *, *, #5882, .T. );
#4690 = ORIENTED_EDGE( '', *, *, #5690, .F. );
#4691 = ORIENTED_EDGE( '', *, *, #5883, .F. );
#4692 = ORIENTED_EDGE( '', *, *, #5884, .F. );
#4693 = CARTESIAN_POINT( '', ( -175.085786437627, 6.25000000000000, 3.70000000000000 ) );
#4694 = DIRECTION( '', ( -3.52776900765331E-017, -1.00000000000000, -1.21423173173822E-016 ) );
#4695 = DIRECTION( '', ( -1.00000000000000, 3.52776900765331E-017, -1.76709633865350E-017 ) );
#4696 = SURFACE_STYLE_FILL_AREA( #5885 );
#4697 = ORIENTED_EDGE( '', *, *, #5886, .F. );
#4698 = ORIENTED_EDGE( '', *, *, #5887, .T. );
#4699 = CARTESIAN_POINT( '', ( 231.000000000004, 34.2499999999996, 9.29999999999490 ) );
#4700 = DIRECTION( '', ( 1.00000000000000, 0.000000000000000, 0.000000000000000 ) );
#4701 = DIRECTION( '', ( 0.000000000000000, 0.000000000000000, -1.00000000000000 ) );
#4702 = SURFACE_STYLE_FILL_AREA( #5888 );
#4703 = ORIENTED_EDGE( '', *, *, #5654, .T. );
#4704 = ORIENTED_EDGE( '', *, *, #5889, .F. );
#4705 = ORIENTED_EDGE( '', *, *, #5890, .F. );
#4706 = ORIENTED_EDGE( '', *, *, #5891, .F. );
#4707 = CARTESIAN_POINT( '', ( -175.085786437627, 6.25000000000000, 10.3000000000000 ) );
#4708 = DIRECTION( '', ( 3.52776900765331E-017, 1.00000000000000, 1.21423173173822E-016 ) );
#4709 = DIRECTION( '', ( 1.00000000000000, -3.52776900765331E-017, 1.76709633865350E-017 ) );
#4710 = SURFACE_STYLE_FILL_AREA( #5892 );
#4711 = ORIENTED_EDGE( '', *, *, #5869, .F. );
#4712 = ORIENTED_EDGE( '', *, *, #5893, .T. );
#4713 = ORIENTED_EDGE( '', *, *, #5640, .T. );
#4714 = ORIENTED_EDGE( '', *, *, #5626, .F. );
#4715 = SURFACE_STYLE_FILL_AREA( #5894 );
#4716 = ORIENTED_EDGE( '', *, *, #5586, .F. );
#4717 = ORIENTED_EDGE( '', *, *, #5895, .F. );
#4718 = ORIENTED_EDGE( '', *, *, #5782, .F. );
#4719 = ORIENTED_EDGE( '', *, *, #5896, .F. );
#4720 = CARTESIAN_POINT( '', ( -83.2963969943580, 7.76582465785265, 21.0000000000000 ) );
#4721 = DIRECTION( '', ( 0.920504853452440, 0.390731128489274, -0.000000000000000 ) );
#4722 = DIRECTION( '', ( 0.390731128489275, -0.920504853452440, 0.000000000000000 ) );
#4723 = SURFACE_STYLE_FILL_AREA( #5897 );
#4724 = ORIENTED_EDGE( '', *, *, #5817, .T. );
#4725 = ORIENTED_EDGE( '', *, *, #5898, .F. );
#4726 = ORIENTED_EDGE( '', *, *, #5772, .F. );
#4727 = SURFACE_STYLE_FILL_AREA( #5899 );
#4728 = ORIENTED_EDGE( '', *, *, #5900, .T. );
#4729 = ORIENTED_EDGE( '', *, *, #5864, .T. );
#4730 = ORIENTED_EDGE( '', *, *, #5901, .F. );
#4731 = ORIENTED_EDGE( '', *, *, #5902, .F. );
#4732 = CARTESIAN_POINT( '', ( -80.0000000000000, 1.49999999999998, 17.0000000000000 ) );
#4733 = DIRECTION( '', ( 0.000000000000000, 0.000000000000000, -1.00000000000000 ) );
#4734 = DIRECTION( '', ( -1.00000000000000, 0.000000000000000, 0.000000000000000 ) );
#4735 = SURFACE_STYLE_FILL_AREA( #5903 );
#4736 = ORIENTED_EDGE( '', *, *, #5802, .F. );
#4737 = ORIENTED_EDGE( '', *, *, #5904, .F. );
#4738 = ORIENTED_EDGE( '', *, *, #5905, .T. );
#4739 = ORIENTED_EDGE( '', *, *, #5759, .F. );
#4740 = CARTESIAN_POINT( '', ( -175.085786437627, 1.52631026999440, 4.00987452250738 ) );
#4741 = DIRECTION( '', ( -3.74186219816757E-017, -0.690125477492618, 0.723689730005605 ) );
#4742 = DIRECTION( '', ( -6.60003914434163E-017, -0.723689730005605, -0.690125477492618 ) );
#4743 = SURFACE_STYLE_FILL_AREA( #5906 );
#4744 = ORIENTED_EDGE( '', *, *, #5798, .F. );
#4745 = ORIENTED_EDGE( '', *, *, #5907, .T. );
#4746 = ORIENTED_EDGE( '', *, *, #5736, .F. );
#4747 = CARTESIAN_POINT( '', ( -177.000000000000, 7.53169270273582, 3.87051004103366 ) );
#4748 = DIRECTION( '', ( -0.707106781186544, -0.511725915562028, 0.487992405004637 ) );
#4749 = DIRECTION( '', ( 0.586271594738877, -0.810114570417255, 1.76752098554638E-016 ) );
#4750 = SURFACE_STYLE_FILL_AREA( #5908 );
#4751 = ORIENTED_EDGE( '', *, *, #5777, .T. );
#4752 = ORIENTED_EDGE( '', *, *, #5909, .F. );
#4753 = ORIENTED_EDGE( '', *, *, #5910, .F. );
#4754 = ORIENTED_EDGE( '', *, *, #5580, .T. );
#4755 = CARTESIAN_POINT( '', ( -80.0000000000000, 4.25000000000000, -0.900000000000000 ) );
#4756 = DIRECTION( '', ( 1.00000000000000, 1.92592994438724E-034, 1.76709633865350E-017 ) );
#4757 = DIRECTION( '', ( 1.92592994438724E-034, -1.00000000000000, -2.33977133034551E-050 ) );
#4758 = SURFACE_STYLE_FILL_AREA( #5911 );
#4759 = ORIENTED_EDGE( '', *, *, #5912, .T. );
#4760 = ORIENTED_EDGE( '', *, *, #5913, .T. );
#4761 = ORIENTED_EDGE( '', *, *, #5914, .F. );
#4762 = ORIENTED_EDGE( '', *, *, #5915, .F. );
#4763 = CARTESIAN_POINT( '', ( -76.0000000000000, -2.08166817117217E-014, 23.0000000000000 ) );
#4764 = DIRECTION( '', ( 0.000000000000000, 0.000000000000000, 1.00000000000000 ) );
#4765 = DIRECTION( '', ( 1.00000000000000, 0.000000000000000, 0.000000000000000 ) );
#4766 = SURFACE_STYLE_FILL_AREA( #5916 );
#4767 = ORIENTED_EDGE( '', *, *, #5917, .T. );
#4768 = ORIENTED_EDGE( '', *, *, #5918, .T. );
#4769 = ORIENTED_EDGE( '', *, *, #5919, .F. );
#4770 = CARTESIAN_POINT( '', ( -59.1861908023052, 18.0000000000000, -21.0000000000000 ) );
#4771 = DIRECTION( '', ( 0.000000000000000, 0.000000000000000, 1.00000000000000 ) );
#4772 = DIRECTION( '', ( 1.00000000000000, 0.000000000000000, 0.000000000000000 ) );
#4773 = SURFACE_STYLE_FILL_AREA( #5920 );
#4774 = ORIENTED_EDGE( '', *, *, #5921, .F. );
#4775 = ORIENTED_EDGE( '', *, *, #5780, .T. );
#4776 = ORIENTED_EDGE( '', *, *, #5922, .F. );
#4777 = ORIENTED_EDGE( '', *, *, #5662, .F. );
#4778 = SURFACE_STYLE_FILL_AREA( #5923 );
#4779 = ORIENTED_EDGE( '', *, *, #5747, .T. );
#4780 = ORIENTED_EDGE( '', *, *, #5856, .T. );
#4781 = ORIENTED_EDGE( '', *, *, #5924, .F. );
#4782 = ORIENTED_EDGE( '', *, *, #5620, .F. );
#4783 = CARTESIAN_POINT( '', ( 72.0000000000000, 1.49999999999998, -21.0000000000000 ) );
#4784 = DIRECTION( '', ( -1.00000000000000, 0.000000000000000, 0.000000000000000 ) );
#4785 = DIRECTION( '', ( 0.000000000000000, 0.000000000000000, 1.00000000000000 ) );
#4786 = SURFACE_STYLE_FILL_AREA( #5925 );
#4787 = ORIENTED_EDGE( '', *, *, #5887, .F. );
#4788 = ORIENTED_EDGE( '', *, *, #5926, .T. );
#4789 = CARTESIAN_POINT( '', ( 231.000000000004, 34.2499999999996, 9.29999999999490 ) );
#4790 = DIRECTION( '', ( 1.00000000000000, -0.000000000000000, -0.000000000000000 ) );
#4791 = DIRECTION( '', ( 0.000000000000000, 0.000000000000000, 1.00000000000000 ) );
#4792 = SURFACE_STYLE_FILL_AREA( #5927 );
#4793 = ORIENTED_EDGE( '', *, *, #5928, .F. );
#4794 = ORIENTED_EDGE( '', *, *, #5854, .T. );
#4795 = ORIENTED_EDGE( '', *, *, #5929, .T. );
#4796 = ORIENTED_EDGE( '', *, *, #5632, .T. );
#4797 = ORIENTED_EDGE( '', *, *, #5930, .T. );
#4798 = ORIENTED_EDGE( '', *, *, #5816, .T. );
#4799 = CARTESIAN_POINT( '', ( 80.0000000000000, 13.5105036758079, 25.0000000000000 ) );
#4800 = DIRECTION( '', ( -1.00000000000000, 1.02718508064686E-015, 0.000000000000000 ) );
#4801 = DIRECTION( '', ( -1.02718508064686E-015, -1.00000000000000, 0.000000000000000 ) );
#4802 = SURFACE_STYLE_FILL_AREA( #5931 );
#4803 = ORIENTED_EDGE( '', *, *, #5932, .T. );
#4804 = ORIENTED_EDGE( '', *, *, #5733, .T. );
#4805 = ORIENTED_EDGE( '', *, *, #5659, .T. );
#4806 = ORIENTED_EDGE( '', *, *, #5933, .T. );
#4807 = ORIENTED_EDGE( '', *, *, #5934, .T. );
#4808 = CARTESIAN_POINT( '', ( -160.000000000000, 4.25000000000000, 7.00000000000000 ) );
#4809 = DIRECTION( '', ( -1.00000000000000, 2.14566444743152E-033, -1.76709633865351E-017 ) );
#4810 = DIRECTION( '', ( 0.000000000000000, -1.00000000000000, -1.21423173173822E-016 ) );
#4811 = SURFACE_STYLE_FILL_AREA( #5935 );
#4812 = ORIENTED_EDGE( '', *, *, #5936, .T. );
#4813 = ORIENTED_EDGE( '', *, *, #5850, .T. );
#4814 = ORIENTED_EDGE( '', *, *, #5937, .F. );
#4815 = ORIENTED_EDGE( '', *, *, #5622, .F. );
#4816 = CARTESIAN_POINT( '', ( 80.0000000000000, 1.49999999999998, -17.0000000000000 ) );
#4817 = DIRECTION( '', ( 0.000000000000000, 0.000000000000000, 1.00000000000000 ) );
#4818 = DIRECTION( '', ( 1.00000000000000, 0.000000000000000, 0.000000000000000 ) );
#4819 = SURFACE_STYLE_FILL_AREA( #5938 );
#4820 = ORIENTED_EDGE( '', *, *, #5596, .F. );
#4821 = ORIENTED_EDGE( '', *, *, #5939, .F. );
#4822 = ORIENTED_EDGE( '', *, *, #5940, .F. );
#4823 = CARTESIAN_POINT( '', ( -170.500000000000, 8.69020691683524, 8.19012547749262 ) );
#4824 = DIRECTION( '', ( 1.80925292495822E-017, -0.690125477492618, 0.723689730005605 ) );
#4825 = DIRECTION( '', ( -6.60003914434163E-017, -0.723689730005605, -0.690125477492618 ) );
#4826 = SURFACE_STYLE_FILL_AREA( #5941 );
#4827 = ORIENTED_EDGE( '', *, *, #5942, .T. );
#4828 = ORIENTED_EDGE( '', *, *, #5943, .F. );
#4829 = ORIENTED_EDGE( '', *, *, #5631, .T. );
#4830 = ORIENTED_EDGE( '', *, *, #5687, .T. );
#4831 = CARTESIAN_POINT( '', ( 80.0000000000000, 12.1867325534165, 3.00000000000000 ) );
#4832 = DIRECTION( '', ( 0.000000000000000, 0.000000000000000, -1.00000000000000 ) );
#4833 = DIRECTION( '', ( -1.00000000000000, 0.000000000000000, 0.000000000000000 ) );
#4834 = SURFACE_STYLE_FILL_AREA( #5944 );
#4835 = ORIENTED_EDGE( '', *, *, #5729, .T. );
#4836 = ORIENTED_EDGE( '', *, *, #5862, .F. );
#4837 = ORIENTED_EDGE( '', *, *, #5945, .F. );
#4838 = ORIENTED_EDGE( '', *, *, #5846, .T. );
#4839 = CARTESIAN_POINT( '', ( 221.000000000004, 34.2499999999996, -17.6500000000051 ) );
#4840 = DIRECTION( '', ( 0.000000000000000, -0.707106781186544, 0.707106781186551 ) );
#4841 = DIRECTION( '', ( 0.000000000000000, -0.707106781186551, -0.707106781186544 ) );
#4842 = SURFACE_STYLE_FILL_AREA( #5946 );
#4843 = ORIENTED_EDGE( '', *, *, #5932, .F. );
#4844 = ORIENTED_EDGE( '', *, *, #5609, .F. );
#4845 = CARTESIAN_POINT( '', ( -160.300000000000, 4.25000000000000, 7.00000000000000 ) );
#4846 = DIRECTION( '', ( -1.00000000000000, 2.14566444743152E-033, -1.76709633865351E-017 ) );
#4847 = DIRECTION( '', ( 0.000000000000000, -1.00000000000000, -1.21423173173822E-016 ) );
#4848 = SURFACE_STYLE_FILL_AREA( #5947 );
#4849 = ORIENTED_EDGE( '', *, *, #5948, .T. );
#4850 = ORIENTED_EDGE( '', *, *, #5730, .T. );
#4851 = ORIENTED_EDGE( '', *, *, #5845, .F. );
#4852 = ORIENTED_EDGE( '', *, *, #5949, .T. );
#4853 = SURFACE_STYLE_FILL_AREA( #5950 );
#4854 = ORIENTED_EDGE( '', *, *, #5951, .F. );
#4855 = ORIENTED_EDGE( '', *, *, #5952, .T. );
#4856 = ORIENTED_EDGE( '', *, *, #5953, .T. );
#4857 = ORIENTED_EDGE( '', *, *, #5954, .F. );
#4858 = CARTESIAN_POINT( '', ( -177.000000000000, 5.82181301646359, 8.30000000000000 ) );
#4859 = DIRECTION( '', ( -1.00000000000000, 2.14566444743152E-033, -1.76709633865350E-017 ) );
#4860 = DIRECTION( '', ( 0.000000000000000, -1.00000000000000, -1.21423173173822E-016 ) );
#4861 = SURFACE_STYLE_FILL_AREA( #5955 );
#4862 = ORIENTED_EDGE( '', *, *, #5956, .T. );
#4863 = ORIENTED_EDGE( '', *, *, #5957, .F. );
#4864 = ORIENTED_EDGE( '', *, *, #5958, .F. );
#4865 = ORIENTED_EDGE( '', *, *, #5959, .F. );
#4866 = CARTESIAN_POINT( '', ( -170.500000000000, 6.25000000000000, 10.3000000000000 ) );
#4867 = DIRECTION( '', ( -3.52776900765331E-017, -1.00000000000000, -1.21423173173822E-016 ) );
#4868 = DIRECTION( '', ( -1.00000000000000, 3.52776900765331E-017, -1.76709633865350E-017 ) );
#4869 = SURFACE_STYLE_FILL_AREA( #5960 );
#4870 = ORIENTED_EDGE( '', *, *, #5961, .T. );
#4871 = ORIENTED_EDGE( '', *, *, #5962, .T. );
#4872 = ORIENTED_EDGE( '', *, *, #5900, .F. );
#4873 = ORIENTED_EDGE( '', *, *, #5963, .F. );
#4874 = CARTESIAN_POINT( '', ( -76.0000000000000, 1.49999999999998, 21.0000000000000 ) );
#4875 = DIRECTION( '', ( -0.000000000000000, -1.00000000000000, -0.000000000000000 ) );
#4876 = DIRECTION( '', ( 0.000000000000000, 0.000000000000000, 1.00000000000000 ) );
#4877 = SURFACE_STYLE_FILL_AREA( #5964 );
#4878 = ORIENTED_EDGE( '', *, *, #5965, .T. );
#4879 = ORIENTED_EDGE( '', *, *, #5966, .T. );
#4880 = ORIENTED_EDGE( '', *, *, #5967, .T. );
#4881 = ORIENTED_EDGE( '', *, *, #5968, .T. );
#4882 = CARTESIAN_POINT( '', ( -60.0000000000000, 22.0000000000000, 25.0000000000000 ) );
#4883 = DIRECTION( '', ( 0.000000000000000, -1.00000000000000, 0.000000000000000 ) );
#4884 = DIRECTION( '', ( 0.000000000000000, 0.000000000000000, -1.00000000000000 ) );
#4885 = SURFACE_STYLE_FILL_AREA( #5969 );
#4886 = ORIENTED_EDGE( '', *, *, #5615, .F. );
#4887 = ORIENTED_EDGE( '', *, *, #5970, .F. );
#4888 = ORIENTED_EDGE( '', *, *, #5971, .F. );
#4889 = ORIENTED_EDGE( '', *, *, #5808, .F. );
#4890 = CARTESIAN_POINT( '', ( 76.0000000000000, 13.5105036758079, -21.0000000000000 ) );
#4891 = DIRECTION( '', ( 1.02718508064686E-015, 1.00000000000000, -0.000000000000000 ) );
#4892 = DIRECTION( '', ( 1.00000000000000, -1.02718508064686E-015, 0.000000000000000 ) );
#4893 = SURFACE_STYLE_FILL_AREA( #5972 );
#4894 = ORIENTED_EDGE( '', *, *, #5636, .F. );
#4895 = ORIENTED_EDGE( '', *, *, #5973, .T. );
#4896 = CARTESIAN_POINT( '', ( 231.000000000004, 34.2499999999996, -9.30000000000510 ) );
#4897 = DIRECTION( '', ( 1.00000000000000, -0.000000000000000, -0.000000000000000 ) );
#4898 = DIRECTION( '', ( 0.000000000000000, 0.000000000000000, 1.00000000000000 ) );
#4899 = SURFACE_STYLE_FILL_AREA( #5974 );
#4900 = ORIENTED_EDGE( '', *, *, #5975, .F. );
#4901 = ORIENTED_EDGE( '', *, *, #5976, .T. );
#4902 = ORIENTED_EDGE( '', *, *, #5875, .T. );
#4903 = CARTESIAN_POINT( '', ( -175.500000000000, 2.25000000000000, 9.30000000000000 ) );
#4904 = DIRECTION( '', ( 0.707106781186544, -0.511725915562028, 0.487992405004637 ) );
#4905 = DIRECTION( '', ( 0.586271594738877, 0.810114570417256, -1.60966313198928E-016 ) );
#4906 = SURFACE_STYLE_FILL_AREA( #5977 );
#4907 = ORIENTED_EDGE( '', *, *, #5922, .T. );
#4908 = ORIENTED_EDGE( '', *, *, #5978, .F. );
#4909 = ORIENTED_EDGE( '', *, *, #5933, .F. );
#4910 = ORIENTED_EDGE( '', *, *, #5658, .T. );
#4911 = CARTESIAN_POINT( '', ( -160.000000000000, 6.00000000000000, 7.90000000000000 ) );
#4912 = DIRECTION( '', ( 1.51666983120495E-033, -1.00000000000000, 4.97841222228891E-066 ) );
#4913 = DIRECTION( '', ( 1.00000000000000, 1.51666983120495E-033, 1.76709633865350E-017 ) );
#4914 = SURFACE_STYLE_FILL_AREA( #5979 );
#4915 = ORIENTED_EDGE( '', *, *, #5725, .F. );
#4916 = ORIENTED_EDGE( '', *, *, #5676, .F. );
#4917 = ORIENTED_EDGE( '', *, *, #5867, .F. );
#4918 = ORIENTED_EDGE( '', *, *, #5980, .F. );
#4919 = CARTESIAN_POINT( '', ( -78.0000000000000, 12.1867325534165, 25.0000000000000 ) );
#4920 = DIRECTION( '', ( -0.000000000000000, -0.000000000000000, 1.00000000000000 ) );
#4921 = DIRECTION( '', ( -1.00000000000000, 0.000000000000000, 0.000000000000000 ) );
#4922 = SURFACE_STYLE_FILL_AREA( #5981 );
#4923 = ORIENTED_EDGE( '', *, *, #5958, .T. );
#4924 = ORIENTED_EDGE( '', *, *, #5828, .F. );
#4925 = ORIENTED_EDGE( '', *, *, #5982, .F. );
#4926 = ORIENTED_EDGE( '', *, *, #5599, .F. );
#4927 = ORIENTED_EDGE( '', *, *, #5983, .F. );
#4928 = CARTESIAN_POINT( '', ( -170.500000000000, 2.67818698353642, 8.30000000000000 ) );
#4929 = DIRECTION( '', ( -1.00000000000000, 2.14566444743152E-033, -1.76709633865350E-017 ) );
#4930 = DIRECTION( '', ( 0.000000000000000, -1.00000000000000, -1.21423173173822E-016 ) );
#4931 = SURFACE_STYLE_FILL_AREA( #5984 );
#4932 = ORIENTED_EDGE( '', *, *, #5834, .F. );
#4933 = ORIENTED_EDGE( '', *, *, #5895, .T. );
#4934 = ORIENTED_EDGE( '', *, *, #5585, .F. );
#4935 = ORIENTED_EDGE( '', *, *, #5836, .F. );
#4936 = ORIENTED_EDGE( '', *, *, #5835, .F. );
#4937 = CARTESIAN_POINT( '', ( -80.0000000000000, -2.08189955855050E-014, 25.0000000000000 ) );
#4938 = DIRECTION( '', ( 0.000000000000000, 0.000000000000000, -1.00000000000000 ) );
#4939 = DIRECTION( '', ( -1.00000000000000, 0.000000000000000, 0.000000000000000 ) );
#4940 = SURFACE_STYLE_FILL_AREA( #5985 );
#4941 = ORIENTED_EDGE( '', *, *, #5876, .F. );
#4942 = ORIENTED_EDGE( '', *, *, #5891, .T. );
#4943 = ORIENTED_EDGE( '', *, *, #5951, .T. );
#4944 = ORIENTED_EDGE( '', *, *, #5986, .F. );
#4945 = CARTESIAN_POINT( '', ( -175.500000000000, 6.25000000000000, 9.30000000000000 ) );
#4946 = DIRECTION( '', ( 0.707106781186543, 3.18977852568850E-017, 0.707106781186552 ) );
#4947 = DIRECTION( '', ( -0.707106781186552, 3.18977852568847E-017, 0.707106781186543 ) );
#4948 = SURFACE_STYLE_FILL_AREA( #5987 );
#4949 = ORIENTED_EDGE( '', *, *, #5988, .T. );
#4950 = ORIENTED_EDGE( '', *, *, #5821, .F. );
#4951 = ORIENTED_EDGE( '', *, *, #5882, .F. );
#4952 = ORIENTED_EDGE( '', *, *, #5737, .F. );
#4953 = CARTESIAN_POINT( '', ( -175.085786437627, 5.82181301646359, 5.70000000000000 ) );
#4954 = DIRECTION( '', ( 1.00000000000000, -2.14566444743152E-033, 1.76709633865350E-017 ) );
#4955 = DIRECTION( '', ( 0.000000000000000, 1.00000000000000, 1.21423173173822E-016 ) );
#4956 = SURFACE_STYLE_FILL_AREA( #5989 );
#4957 = ORIENTED_EDGE( '', *, *, #5579, .F. );
#4958 = ORIENTED_EDGE( '', *, *, #5663, .T. );
#4959 = ORIENTED_EDGE( '', *, *, #5732, .F. );
#4960 = ORIENTED_EDGE( '', *, *, #5778, .F. );
#4961 = SURFACE_STYLE_FILL_AREA( #5990 );
#4962 = ORIENTED_EDGE( '', *, *, #5574, .F. );
#4963 = ORIENTED_EDGE( '', *, *, #5991, .F. );
#4964 = ORIENTED_EDGE( '', *, *, #5714, .T. );
#4965 = ORIENTED_EDGE( '', *, *, #5678, .F. );
#4966 = CARTESIAN_POINT( '', ( -78.0000000000000, 12.1867325534165, 25.0000000000000 ) );
#4967 = DIRECTION( '', ( -0.000000000000000, -0.000000000000000, 1.00000000000000 ) );
#4968 = DIRECTION( '', ( -1.00000000000000, 0.000000000000000, 0.000000000000000 ) );
#4969 = SURFACE_STYLE_FILL_AREA( #5992 );
#4970 = ORIENTED_EDGE( '', *, *, #5993, .T. );
#4971 = ORIENTED_EDGE( '', *, *, #5915, .T. );
#4972 = ORIENTED_EDGE( '', *, *, #5994, .T. );
#4973 = ORIENTED_EDGE( '', *, *, #5995, .T. );
#4974 = ORIENTED_EDGE( '', *, *, #5996, .T. );
#4975 = ORIENTED_EDGE( '', *, *, #5671, .T. );
#4976 = ORIENTED_EDGE( '', *, *, #5749, .T. );
#4977 = ORIENTED_EDGE( '', *, *, #5997, .T. );
#4978 = ORIENTED_EDGE( '', *, *, #5806, .T. );
#4979 = ORIENTED_EDGE( '', *, *, #5809, .T. );
#4980 = ORIENTED_EDGE( '', *, *, #5971, .T. );
#4981 = ORIENTED_EDGE( '', *, *, #5998, .F. );
#4982 = ORIENTED_EDGE( '', *, *, #5683, .T. );
#4983 = ORIENTED_EDGE( '', *, *, #5840, .F. );
#4984 = CARTESIAN_POINT( '', ( 80.0000000000000, -2.08189955855050E-014, 25.0000000000000 ) );
#4985 = DIRECTION( '', ( 0.000000000000000, 1.00000000000000, 0.000000000000000 ) );
#4986 = DIRECTION( '', ( 0.000000000000000, 0.000000000000000, 1.00000000000000 ) );
#4987 = SURFACE_STYLE_FILL_AREA( #5999 );
#4988 = ORIENTED_EDGE( '', *, *, #6000, .T. );
#4989 = ORIENTED_EDGE( '', *, *, #5726, .T. );
#4990 = ORIENTED_EDGE( '', *, *, #5980, .T. );
#4991 = ORIENTED_EDGE( '', *, *, #5866, .T. );
#4992 = ORIENTED_EDGE( '', *, *, #6001, .T. );
#4993 = ORIENTED_EDGE( '', *, *, #5896, .T. );
#4994 = ORIENTED_EDGE( '', *, *, #6002, .T. );
#4995 = ORIENTED_EDGE( '', *, *, #6003, .T. );
#4996 = ORIENTED_EDGE( '', *, *, #5991, .T. );
#4997 = ORIENTED_EDGE( '', *, *, #5577, .T. );
#4998 = CARTESIAN_POINT( '', ( -80.0000000000000, 13.5105036758079, 25.0000000000000 ) );
#4999 = DIRECTION( '', ( 0.390731128489275, -0.920504853452440, 0.000000000000000 ) );
#5000 = DIRECTION( '', ( 0.920504853452440, 0.390731128489275, 0.000000000000000 ) );
#5001 = SURFACE_STYLE_FILL_AREA( #6004 );
#5002 = ORIENTED_EDGE( '', *, *, #5784, .T. );
#5003 = ORIENTED_EDGE( '', *, *, #5967, .F. );
#5004 = ORIENTED_EDGE( '', *, *, #5917, .F. );
#5005 = ORIENTED_EDGE( '', *, *, #6002, .F. );
#5006 = CARTESIAN_POINT( '', ( -59.1861908023052, 18.0000000000000, 25.0000000000000 ) );
#5007 = DIRECTION( '', ( -0.000000000000000, -0.000000000000000, 1.00000000000000 ) );
#5008 = DIRECTION( '', ( -1.00000000000000, 0.000000000000000, 0.000000000000000 ) );
#5009 = SURFACE_STYLE_FILL_AREA( #6005 );
#5010 = ORIENTED_EDGE( '', *, *, #5953, .F. );
#5011 = ORIENTED_EDGE( '', *, *, #5719, .T. );
#5012 = ORIENTED_EDGE( '', *, *, #6006, .F. );
#5013 = CARTESIAN_POINT( '', ( -175.500000000000, 7.96651718682963, 7.50000000000000 ) );
#5014 = DIRECTION( '', ( 0.707106781186544, 0.511725915562028, 0.487992405004638 ) );
#5015 = DIRECTION( '', ( -0.586271594738877, 0.810114570417255, 3.10850264935879E-016 ) );
#5016 = SURFACE_STYLE_FILL_AREA( #6007 );
#5017 = ORIENTED_EDGE( '', *, *, #6008, .T. );
#5018 = ORIENTED_EDGE( '', *, *, #6009, .T. );
#5019 = ORIENTED_EDGE( '', *, *, #6010, .F. );
#5020 = ORIENTED_EDGE( '', *, *, #5710, .F. );
#5021 = SURFACE_STYLE_FILL_AREA( #6011 );
#5022 = ORIENTED_EDGE( '', *, *, #6012, .F. );
#5023 = ORIENTED_EDGE( '', *, *, #5774, .T. );
#5024 = ORIENTED_EDGE( '', *, *, #6013, .F. );
#5025 = CARTESIAN_POINT( '', ( 59.1861908023052, 18.0000000000000, 21.0000000000000 ) );
#5026 = DIRECTION( '', ( 0.000000000000000, 0.000000000000000, 1.00000000000000 ) );
#5027 = DIRECTION( '', ( 1.00000000000000, 0.000000000000000, 0.000000000000000 ) );
#5028 = SURFACE_STYLE_FILL_AREA( #6014 );
#5029 = ORIENTED_EDGE( '', *, *, #5572, .F. );
#5030 = ORIENTED_EDGE( '', *, *, #5600, .F. );
#5031 = ORIENTED_EDGE( '', *, *, #5982, .T. );
#5032 = CARTESIAN_POINT( '', ( -170.500000000000, 1.52631026999440, 9.99012547749262 ) );
#5033 = DIRECTION( '', ( -6.67845946673902E-017, -0.690125477492618, -0.723689730005605 ) );
#5034 = DIRECTION( '', ( -1.49401874300010E-017, 0.723689730005605, -0.690125477492618 ) );
#5035 = SURFACE_STYLE_FILL_AREA( #6015 );
#5036 = ORIENTED_EDGE( '', *, *, #5921, .T. );
#5037 = ORIENTED_EDGE( '', *, *, #5613, .F. );
#5038 = ORIENTED_EDGE( '', *, *, #6016, .F. );
#5039 = ORIENTED_EDGE( '', *, *, #5909, .T. );
#5040 = CARTESIAN_POINT( '', ( -80.0000000000000, 6.00000000000000, -0.900000000000000 ) );
#5041 = DIRECTION( '', ( 1.51666983120495E-033, -1.00000000000000, 4.97841222228891E-066 ) );
#5042 = DIRECTION( '', ( 1.00000000000000, 1.51666983120495E-033, 1.76709633865350E-017 ) );
#5043 = SURFACE_STYLE_FILL_AREA( #6017 );
#5044 = ORIENTED_EDGE( '', *, *, #6018, .T. );
#5045 = ORIENTED_EDGE( '', *, *, #6019, .T. );
#5046 = ORIENTED_EDGE( '', *, *, #5761, .F. );
#5047 = ORIENTED_EDGE( '', *, *, #6009, .F. );
#5048 = SURFACE_STYLE_FILL_AREA( #6020 );
#5049 = ORIENTED_EDGE( '', *, *, #6021, .T. );
#5050 = ORIENTED_EDGE( '', *, *, #6022, .T. );
#5051 = ORIENTED_EDGE( '', *, *, #6023, .F. );
#5052 = ORIENTED_EDGE( '', *, *, #5995, .F. );
#5053 = CARTESIAN_POINT( '', ( -76.0000000000000, -2.08166817117217E-014, 19.0000000000000 ) );
#5054 = DIRECTION( '', ( 0.000000000000000, 0.000000000000000, -1.00000000000000 ) );
#5055 = DIRECTION( '', ( -1.00000000000000, 0.000000000000000, 0.000000000000000 ) );
#5056 = SURFACE_STYLE_FILL_AREA( #6024 );
#5057 = ORIENTED_EDGE( '', *, *, #5795, .F. );
#5058 = ORIENTED_EDGE( '', *, *, #5601, .F. );
#5059 = ORIENTED_EDGE( '', *, *, #6025, .F. );
#5060 = ORIENTED_EDGE( '', *, *, #5594, .F. );
#5061 = ORIENTED_EDGE( '', *, *, #6026, .F. );
#5062 = CARTESIAN_POINT( '', ( -174.800000000000, 4.25000000000000, 7.00000000000000 ) );
#5063 = DIRECTION( '', ( -1.00000000000000, 2.14566444743152E-033, -1.76709633865350E-017 ) );
#5064 = DIRECTION( '', ( 0.000000000000000, -1.00000000000000, -1.21423173173822E-016 ) );
#5065 = SURFACE_STYLE_FILL_AREA( #6027 );
#5066 = ORIENTED_EDGE( '', *, *, #6028, .F. );
#5067 = ORIENTED_EDGE( '', *, *, #5766, .T. );
#5068 = CARTESIAN_POINT( '', ( -81.0000000000000, 4.25000000000000, 9.06008006571968E-016 ) );
#5069 = DIRECTION( '', ( -1.00000000000000, -1.92592994438724E-034, -1.76709633865350E-017 ) );
#5070 = DIRECTION( '', ( -1.92592994438724E-034, 1.00000000000000, 2.33977133034551E-050 ) );
#5071 = SURFACE_STYLE_FILL_AREA( #6029 );
#5072 = ORIENTED_EDGE( '', *, *, #5890, .T. );
#5073 = ORIENTED_EDGE( '', *, *, #5705, .F. );
#5074 = ORIENTED_EDGE( '', *, *, #5720, .F. );
#5075 = ORIENTED_EDGE( '', *, *, #5952, .F. );
#5076 = CARTESIAN_POINT( '', ( -175.085786437627, 5.82181301646359, 8.30000000000000 ) );
#5077 = DIRECTION( '', ( 1.00000000000000, -2.14566444743152E-033, 1.76709633865350E-017 ) );
#5078 = DIRECTION( '', ( 0.000000000000000, 1.00000000000000, 1.21423173173822E-016 ) );
#5079 = SURFACE_STYLE_FILL_AREA( #6030 );
#5080 = ORIENTED_EDGE( '', *, *, #5797, .F. );
#5081 = ORIENTED_EDGE( '', *, *, #5880, .F. );
#5082 = ORIENTED_EDGE( '', *, *, #5988, .F. );
#5083 = ORIENTED_EDGE( '', *, *, #5907, .F. );
#5084 = CARTESIAN_POINT( '', ( -175.085786437627, 8.69020691683524, 5.80987452250738 ) );
#5085 = DIRECTION( '', ( -1.12734434361324E-017, -0.690125477492618, -0.723689730005605 ) );
#5086 = DIRECTION( '', ( -1.49401874300010E-017, 0.723689730005605, -0.690125477492618 ) );
#5087 = SURFACE_STYLE_FILL_AREA( #6031 );
#5088 = ORIENTED_EDGE( '', *, *, #6032, .T. );
#5089 = CARTESIAN_POINT( '', ( 238.000000000004, 34.2499999999996, -9.30000000000510 ) );
#5090 = DIRECTION( '', ( 0.000000000000000, 0.000000000000000, 1.00000000000000 ) );
#5091 = DIRECTION( '', ( 1.00000000000000, 0.000000000000000, 0.000000000000000 ) );
#5092 = SURFACE_STYLE_FILL_AREA( #6033 );
#5093 = ORIENTED_EDGE( '', *, *, #6034, .T. );
#5094 = ORIENTED_EDGE( '', *, *, #5838, .T. );
#5095 = ORIENTED_EDGE( '', *, *, #6035, .T. );
#5096 = ORIENTED_EDGE( '', *, *, #5963, .T. );
#5097 = ORIENTED_EDGE( '', *, *, #5902, .T. );
#5098 = ORIENTED_EDGE( '', *, *, #6036, .T. );
#5099 = ORIENTED_EDGE( '', *, *, #6022, .F. );
#5100 = ORIENTED_EDGE( '', *, *, #6037, .F. );
#5101 = ORIENTED_EDGE( '', *, *, #5913, .F. );
#5102 = CARTESIAN_POINT( '', ( -76.0000000000000, 1.49999999999998, 21.0000000000000 ) );
#5103 = DIRECTION( '', ( 0.000000000000000, -1.00000000000000, 0.000000000000000 ) );
#5104 = DIRECTION( '', ( 0.000000000000000, 0.000000000000000, -1.00000000000000 ) );
#5105 = SURFACE_STYLE_FILL_AREA( #6038 );
#5106 = ORIENTED_EDGE( '', *, *, #5901, .T. );
#5107 = ORIENTED_EDGE( '', *, *, #5674, .T. );
#5108 = ORIENTED_EDGE( '', *, *, #5672, .T. );
#5109 = ORIENTED_EDGE( '', *, *, #5996, .F. );
#5110 = ORIENTED_EDGE( '', *, *, #6023, .T. );
#5111 = ORIENTED_EDGE( '', *, *, #6036, .F. );
#5112 = ORIENTED_EDGE( '', *, *, #5612, .T. );
#5113 = ORIENTED_EDGE( '', *, *, #5581, .T. );
#5114 = ORIENTED_EDGE( '', *, *, #5910, .T. );
#5115 = ORIENTED_EDGE( '', *, *, #6016, .T. );
#5116 = CARTESIAN_POINT( '', ( -80.0000000000000, -2.08189955855050E-014, 25.0000000000000 ) );
#5117 = DIRECTION( '', ( 1.00000000000000, 1.02718508064686E-015, 0.000000000000000 ) );
#5118 = DIRECTION( '', ( -1.02718508064686E-015, 1.00000000000000, 0.000000000000000 ) );
#5119 = SURFACE_STYLE_FILL_AREA( #6039 );
#5120 = ORIENTED_EDGE( '', *, *, #6040, .T. );
#5121 = ORIENTED_EDGE( '', *, *, #6041, .T. );
#5122 = ORIENTED_EDGE( '', *, *, #5790, .T. );
#5123 = ORIENTED_EDGE( '', *, *, #6042, .T. );
#5124 = ORIENTED_EDGE( '', *, *, #5638, .F. );
#5125 = ORIENTED_EDGE( '', *, *, #5811, .F. );
#5126 = ORIENTED_EDGE( '', *, *, #5823, .F. );
#5127 = ORIENTED_EDGE( '', *, *, #6043, .F. );
#5128 = CARTESIAN_POINT( '', ( 180.000000000004, 34.2499999999996, 3.99999999999489 ) );
#5129 = DIRECTION( '', ( -1.00000000000000, 0.000000000000000, 0.000000000000000 ) );
#5130 = DIRECTION( '', ( 0.000000000000000, 0.000000000000000, 1.00000000000000 ) );
#5131 = SURFACE_STYLE_FILL_AREA( #6044 );
#5132 = ORIENTED_EDGE( '', *, *, #6045, .T. );
#5133 = ORIENTED_EDGE( '', *, *, #5694, .T. );
#5134 = CARTESIAN_POINT( '', ( -210.500000000000, 4.25000000000000, 7.00000000000000 ) );
#5135 = DIRECTION( '', ( -1.00000000000000, 2.14566444743152E-033, -1.76709633865350E-017 ) );
#5136 = DIRECTION( '', ( 0.000000000000000, 1.00000000000000, 1.21423173173822E-016 ) );
#5137 = SURFACE_STYLE_FILL_AREA( #6046 );
#5138 = ORIENTED_EDGE( '', *, *, #6047, .F. );
#5139 = ORIENTED_EDGE( '', *, *, #5858, .T. );
#5140 = ORIENTED_EDGE( '', *, *, #6048, .F. );
#5141 = ORIENTED_EDGE( '', *, *, #5851, .F. );
#5142 = CARTESIAN_POINT( '', ( 76.0000000000000, 1.49999999999998, -21.0000000000000 ) );
#5143 = DIRECTION( '', ( -0.000000000000000, -1.00000000000000, -0.000000000000000 ) );
#5144 = DIRECTION( '', ( 0.000000000000000, 0.000000000000000, 1.00000000000000 ) );
#5145 = SURFACE_STYLE_FILL_AREA( #6049 );
#5146 = ORIENTED_EDGE( '', *, *, #5962, .F. );
#5147 = ORIENTED_EDGE( '', *, *, #5587, .T. );
#5148 = ORIENTED_EDGE( '', *, *, #6001, .F. );
#5149 = ORIENTED_EDGE( '', *, *, #5865, .F. );
#5150 = CARTESIAN_POINT( '', ( -76.0000000000000, 1.49999999999998, 21.0000000000000 ) );
#5151 = DIRECTION( '', ( -0.000000000000000, -1.00000000000000, -0.000000000000000 ) );
#5152 = DIRECTION( '', ( 0.000000000000000, 0.000000000000000, 1.00000000000000 ) );
#5153 = SURFACE_STYLE_FILL_AREA( #6050 );
#5154 = ORIENTED_EDGE( '', *, *, #5748, .T. );
#5155 = ORIENTED_EDGE( '', *, *, #5618, .T. );
#5156 = ORIENTED_EDGE( '', *, *, #5804, .F. );
#5157 = ORIENTED_EDGE( '', *, *, #5997, .F. );
#5158 = CARTESIAN_POINT( '', ( 74.0000000000000, -2.08166817117217E-014, -21.0000000000000 ) );
#5159 = DIRECTION( '', ( -1.00000000000000, 0.000000000000000, 0.000000000000000 ) );
#5160 = DIRECTION( '', ( 0.000000000000000, 0.000000000000000, 1.00000000000000 ) );
#5161 = SURFACE_STYLE_FILL_AREA( #6051 );
#5162 = ORIENTED_EDGE( '', *, *, #6052, .F. );
#5163 = ORIENTED_EDGE( '', *, *, #5650, .T. );
#5164 = ORIENTED_EDGE( '', *, *, #5929, .F. );
#5165 = ORIENTED_EDGE( '', *, *, #5853, .F. );
#5166 = CARTESIAN_POINT( '', ( 78.0000000000000, 12.1867325534165, 25.0000000000000 ) );
#5167 = DIRECTION( '', ( -0.000000000000000, -0.000000000000000, 1.00000000000000 ) );
#5168 = DIRECTION( '', ( -1.00000000000000, 0.000000000000000, 0.000000000000000 ) );
#5169 = SURFACE_STYLE_FILL_AREA( #6053 );
#5170 = ORIENTED_EDGE( '', *, *, #5948, .F. );
#5171 = ORIENTED_EDGE( '', *, *, #6054, .F. );
#5172 = ORIENTED_EDGE( '', *, *, #6018, .F. );
#5173 = ORIENTED_EDGE( '', *, *, #6008, .F. );
#5174 = ORIENTED_EDGE( '', *, *, #5709, .F. );
#5175 = ORIENTED_EDGE( '', *, *, #5728, .F. );
#5176 = ORIENTED_EDGE( '', *, *, #6055, .F. );
#5177 = ORIENTED_EDGE( '', *, *, #6056, .F. );
#5178 = ORIENTED_EDGE( '', *, *, #5788, .F. );
#5179 = ORIENTED_EDGE( '', *, *, #6057, .F. );
#5180 = CARTESIAN_POINT( '', ( 183.000000000004, 34.2499999999996, 3.99999999999489 ) );
#5181 = DIRECTION( '', ( -1.00000000000000, 0.000000000000000, 0.000000000000000 ) );
#5182 = DIRECTION( '', ( 0.000000000000000, 0.000000000000000, 1.00000000000000 ) );
#5183 = SURFACE_STYLE_FILL_AREA( #6058 );
#5184 = ORIENTED_EDGE( '', *, *, #5606, .F. );
#5185 = ORIENTED_EDGE( '', *, *, #5744, .F. );
#5186 = ORIENTED_EDGE( '', *, *, #5589, .F. );
#5187 = ORIENTED_EDGE( '', *, *, #5820, .F. );
#5188 = ORIENTED_EDGE( '', *, *, #6059, .T. );
#5189 = CARTESIAN_POINT( '', ( -170.500000000000, 5.82181301646359, 5.70000000000000 ) );
#5190 = DIRECTION( '', ( -1.00000000000000, 2.14566444743152E-033, -1.76709633865350E-017 ) );
#5191 = DIRECTION( '', ( 0.000000000000000, -1.00000000000000, -1.21423173173822E-016 ) );
#5192 = SURFACE_STYLE_FILL_AREA( #6060 );
#5193 = ORIENTED_EDGE( '', *, *, #5883, .T. );
#5194 = ORIENTED_EDGE( '', *, *, #5742, .F. );
#5195 = ORIENTED_EDGE( '', *, *, #5905, .F. );
#5196 = ORIENTED_EDGE( '', *, *, #6061, .F. );
#5197 = CARTESIAN_POINT( '', ( -175.085786437627, 2.67818698353642, 5.70000000000000 ) );
#5198 = DIRECTION( '', ( 1.00000000000000, -2.14566444743152E-033, 1.76709633865350E-017 ) );
#5199 = DIRECTION( '', ( 0.000000000000000, 1.00000000000000, 1.21423173173822E-016 ) );
#5200 = SURFACE_STYLE_FILL_AREA( #6062 );
#5201 = ORIENTED_EDGE( '', *, *, #5843, .F. );
#5202 = ORIENTED_EDGE( '', *, *, #6063, .F. );
#5203 = CARTESIAN_POINT( '', ( -210.200000000000, 4.25000000000000, 7.00000000000000 ) );
#5204 = DIRECTION( '', ( -1.00000000000000, 2.14566444743152E-033, -1.76709633865350E-017 ) );
#5205 = DIRECTION( '', ( 0.000000000000000, -1.00000000000000, -1.21423173173822E-016 ) );
#5206 = SURFACE_STYLE_FILL_AREA( #6064 );
#5207 = ORIENTED_EDGE( '', *, *, #5937, .T. );
#5208 = ORIENTED_EDGE( '', *, *, #5928, .T. );
#5209 = ORIENTED_EDGE( '', *, *, #5684, .T. );
#5210 = ORIENTED_EDGE( '', *, *, #5998, .T. );
#5211 = ORIENTED_EDGE( '', *, *, #5970, .T. );
#5212 = ORIENTED_EDGE( '', *, *, #5623, .F. );
#5213 = ORIENTED_EDGE( '', *, *, #6065, .T. );
#5214 = ORIENTED_EDGE( '', *, *, #5698, .T. );
#5215 = ORIENTED_EDGE( '', *, *, #6066, .T. );
#5216 = ORIENTED_EDGE( '', *, *, #5871, .T. );
#5217 = CARTESIAN_POINT( '', ( 80.0000000000000, 13.5105036758079, 25.0000000000000 ) );
#5218 = DIRECTION( '', ( -1.00000000000000, 1.02718508064686E-015, 0.000000000000000 ) );
#5219 = DIRECTION( '', ( -1.02718508064686E-015, -1.00000000000000, 0.000000000000000 ) );
#5220 = SURFACE_STYLE_FILL_AREA( #6067 );
#5221 = ORIENTED_EDGE( '', *, *, #5696, .F. );
#5222 = ORIENTED_EDGE( '', *, *, #5628, .T. );
#5223 = ORIENTED_EDGE( '', *, *, #5824, .T. );
#5224 = ORIENTED_EDGE( '', *, *, #6068, .F. );
#5225 = SURFACE_STYLE_FILL_AREA( #6069 );
#5226 = ORIENTED_EDGE( '', *, *, #6070, .T. );
#5227 = CARTESIAN_POINT( '', ( 238.000000000004, 34.2499999999996, 9.29999999999490 ) );
#5228 = DIRECTION( '', ( 0.000000000000000, 0.000000000000000, 1.00000000000000 ) );
#5229 = DIRECTION( '', ( 1.00000000000000, 0.000000000000000, 0.000000000000000 ) );
#5230 = SURFACE_STYLE_FILL_AREA( #6071 );
#5231 = ORIENTED_EDGE( '', *, *, #6010, .T. );
#5232 = ORIENTED_EDGE( '', *, *, #5764, .F. );
#5233 = ORIENTED_EDGE( '', *, *, #6072, .F. );
#5234 = ORIENTED_EDGE( '', *, *, #5860, .T. );
#5235 = CARTESIAN_POINT( '', ( 221.000000000004, 41.1000000000000, 10.7999999999949 ) );
#5236 = DIRECTION( '', ( 0.000000000000000, -0.707106781186549, -0.707106781186546 ) );
#5237 = DIRECTION( '', ( 0.000000000000000, 0.707106781186546, -0.707106781186549 ) );
#5238 = SURFACE_STYLE_FILL_AREA( #6073 );
#5239 = ORIENTED_EDGE( '', *, *, #6054, .T. );
#5240 = ORIENTED_EDGE( '', *, *, #5949, .F. );
#5241 = ORIENTED_EDGE( '', *, *, #6074, .F. );
#5242 = ORIENTED_EDGE( '', *, *, #6019, .F. );
#5243 = SURFACE_STYLE_FILL_AREA( #6075 );
#5244 = ORIENTED_EDGE( '', *, *, #5648, .F. );
#5245 = ORIENTED_EDGE( '', *, *, #6052, .T. );
#5246 = ORIENTED_EDGE( '', *, *, #5852, .T. );
#5247 = ORIENTED_EDGE( '', *, *, #6048, .T. );
#5248 = ORIENTED_EDGE( '', *, *, #5646, .T. );
#5249 = ORIENTED_EDGE( '', *, *, #6076, .T. );
#5250 = ORIENTED_EDGE( '', *, *, #5773, .T. );
#5251 = ORIENTED_EDGE( '', *, *, #6077, .T. );
#5252 = ORIENTED_EDGE( '', *, *, #5942, .F. );
#5253 = ORIENTED_EDGE( '', *, *, #5686, .F. );
#5254 = CARTESIAN_POINT( '', ( 60.0000000000000, 22.0000000000000, 25.0000000000000 ) );
#5255 = DIRECTION( '', ( -0.390731128489275, -0.920504853452440, 0.000000000000000 ) );
#5256 = DIRECTION( '', ( 0.920504853452440, -0.390731128489275, 0.000000000000000 ) );
#5257 = SURFACE_STYLE_FILL_AREA( #6078 );
#5258 = ORIENTED_EDGE( '', *, *, #5738, .T. );
#5259 = ORIENTED_EDGE( '', *, *, #5884, .T. );
#5260 = ORIENTED_EDGE( '', *, *, #6079, .F. );
#5261 = ORIENTED_EDGE( '', *, *, #5799, .F. );
#5262 = CARTESIAN_POINT( '', ( -177.000000000000, 4.25000000000000, 3.20000000000000 ) );
#5263 = DIRECTION( '', ( -0.707106781186551, 3.18977852568848E-017, 0.707106781186544 ) );
#5264 = DIRECTION( '', ( -0.707106781186544, -3.18977852568851E-017, -0.707106781186551 ) );
#5265 = SURFACE_STYLE_FILL_AREA( #6080 );
#5266 = ORIENTED_EDGE( '', *, *, #5924, .T. );
#5267 = ORIENTED_EDGE( '', *, *, #6047, .T. );
#5268 = ORIENTED_EDGE( '', *, *, #5936, .F. );
#5269 = ORIENTED_EDGE( '', *, *, #5621, .F. );
#5270 = CARTESIAN_POINT( '', ( 76.0000000000000, 1.49999999999998, -21.0000000000000 ) );
#5271 = DIRECTION( '', ( -0.000000000000000, -1.00000000000000, -0.000000000000000 ) );
#5272 = DIRECTION( '', ( 0.000000000000000, 0.000000000000000, 1.00000000000000 ) );
#5273 = SURFACE_STYLE_FILL_AREA( #6081 );
#5274 = ORIENTED_EDGE( '', *, *, #5919, .T. );
#5275 = ORIENTED_EDGE( '', *, *, #5786, .F. );
#5276 = ORIENTED_EDGE( '', *, *, #5715, .F. );
#5277 = ORIENTED_EDGE( '', *, *, #6003, .F. );
#5278 = CARTESIAN_POINT( '', ( -78.4370754860429, 9.82848426199810, -21.0000000000000 ) );
#5279 = DIRECTION( '', ( -0.920504853452440, -0.390731128489274, -0.000000000000000 ) );
#5280 = DIRECTION( '', ( -0.390731128489275, 0.920504853452440, 0.000000000000000 ) );
#5281 = SURFACE_STYLE_FILL_AREA( #6082 );
#5282 = ORIENTED_EDGE( '', *, *, #5926, .F. );
#5283 = ORIENTED_EDGE( '', *, *, #6072, .T. );
#5284 = ORIENTED_EDGE( '', *, *, #5763, .T. );
#5285 = ORIENTED_EDGE( '', *, *, #6083, .T. );
#5286 = ORIENTED_EDGE( '', *, *, #5847, .T. );
#5287 = ORIENTED_EDGE( '', *, *, #5945, .T. );
#5288 = ORIENTED_EDGE( '', *, *, #5861, .T. );
#5289 = ORIENTED_EDGE( '', *, *, #5973, .F. );
#5290 = CARTESIAN_POINT( '', ( 221.000000000004, 34.2499999999996, 17.6499999999949 ) );
#5291 = DIRECTION( '', ( 1.00000000000000, 0.000000000000000, 0.000000000000000 ) );
#5292 = DIRECTION( '', ( 0.000000000000000, 0.000000000000000, -1.00000000000000 ) );
#5293 = SURFACE_STYLE_FILL_AREA( #6084 );
#5294 = ORIENTED_EDGE( '', *, *, #6070, .F. );
#5295 = ORIENTED_EDGE( '', *, *, #5886, .T. );
#5296 = CARTESIAN_POINT( '', ( 238.000000000004, 34.2499999999996, 9.29999999999490 ) );
#5297 = DIRECTION( '', ( 1.00000000000000, -0.000000000000000, -0.000000000000000 ) );
#5298 = DIRECTION( '', ( 0.000000000000000, 0.000000000000000, 1.00000000000000 ) );
#5299 = SURFACE_STYLE_FILL_AREA( #6085 );
#5300 = ORIENTED_EDGE( '', *, *, #6056, .T. );
#5301 = ORIENTED_EDGE( '', *, *, #6086, .F. );
#5302 = ORIENTED_EDGE( '', *, *, #6042, .F. );
#5303 = ORIENTED_EDGE( '', *, *, #5789, .T. );
#5304 = CARTESIAN_POINT( '', ( 180.000000000004, 28.9999999999996, -4.00000000000511 ) );
#5305 = DIRECTION( '', ( 0.000000000000000, 1.00000000000000, 0.000000000000000 ) );
#5306 = DIRECTION( '', ( 0.000000000000000, 0.000000000000000, 1.00000000000000 ) );
#5307 = SURFACE_STYLE_FILL_AREA( #6087 );
#5308 = ORIENTED_EDGE( '', *, *, #6079, .T. );
#5309 = ORIENTED_EDGE( '', *, *, #6061, .T. );
#5310 = ORIENTED_EDGE( '', *, *, #6088, .F. );
#5311 = ORIENTED_EDGE( '', *, *, #5800, .F. );
#5312 = CARTESIAN_POINT( '', ( -177.000000000000, 2.67818698353642, 5.70000000000000 ) );
#5313 = DIRECTION( '', ( -1.00000000000000, 2.14566444743152E-033, -1.76709633865350E-017 ) );
#5314 = DIRECTION( '', ( 0.000000000000000, -1.00000000000000, -1.21423173173822E-016 ) );
#5315 = SURFACE_STYLE_FILL_AREA( #6089 );
#5316 = ORIENTED_EDGE( '', *, *, #6013, .T. );
#5317 = ORIENTED_EDGE( '', *, *, #6076, .F. );
#5318 = ORIENTED_EDGE( '', *, *, #6090, .F. );
#5319 = ORIENTED_EDGE( '', *, *, #5965, .F. );
#5320 = CARTESIAN_POINT( '', ( 59.1861908023052, 18.0000000000000, 25.0000000000000 ) );
#5321 = DIRECTION( '', ( -0.000000000000000, -0.000000000000000, 1.00000000000000 ) );
#5322 = DIRECTION( '', ( -1.00000000000000, 0.000000000000000, 0.000000000000000 ) );
#5323 = SURFACE_STYLE_FILL_AREA( #6091 );
#5324 = ORIENTED_EDGE( '', *, *, #5570, .F. );
#5325 = ORIENTED_EDGE( '', *, *, #6092, .T. );
#5326 = ORIENTED_EDGE( '', *, *, #5975, .T. );
#5327 = ORIENTED_EDGE( '', *, *, #5877, .T. );
#5328 = ORIENTED_EDGE( '', *, *, #5986, .T. );
#5329 = ORIENTED_EDGE( '', *, *, #5954, .T. );
#5330 = ORIENTED_EDGE( '', *, *, #6006, .T. );
#5331 = ORIENTED_EDGE( '', *, *, #5718, .T. );
#5332 = ORIENTED_EDGE( '', *, *, #6093, .F. );
#5333 = ORIENTED_EDGE( '', *, *, #6025, .T. );
#5334 = CARTESIAN_POINT( '', ( -210.500000000000, 4.25000000000000, 7.00000000000000 ) );
#5335 = DIRECTION( '', ( -1.00000000000000, 2.14566444743152E-033, -1.76709633865350E-017 ) );
#5336 = DIRECTION( '', ( 0.000000000000000, 1.00000000000000, 1.21423173173822E-016 ) );
#5337 = SURFACE_STYLE_FILL_AREA( #6094 );
#5338 = ORIENTED_EDGE( '', *, *, #6057, .T. );
#5339 = ORIENTED_EDGE( '', *, *, #5791, .F. );
#5340 = ORIENTED_EDGE( '', *, *, #6041, .F. );
#5341 = ORIENTED_EDGE( '', *, *, #6095, .T. );
#5342 = CARTESIAN_POINT( '', ( 180.000000000004, 39.5000000000000, 3.99999999999489 ) );
#5343 = DIRECTION( '', ( 0.000000000000000, -1.00000000000000, 1.08420217248550E-016 ) );
#5344 = DIRECTION( '', ( 0.000000000000000, -1.08420217248550E-016, -1.00000000000000 ) );
#5345 = SURFACE_STYLE_FILL_AREA( #6096 );
#5346 = ORIENTED_EDGE( '', *, *, #5940, .T. );
#5347 = ORIENTED_EDGE( '', *, *, #5707, .F. );
#5348 = ORIENTED_EDGE( '', *, *, #5956, .F. );
#5349 = ORIENTED_EDGE( '', *, *, #6097, .F. );
#5350 = ORIENTED_EDGE( '', *, *, #5597, .F. );
#5351 = CARTESIAN_POINT( '', ( -170.500000000000, 5.82181301646359, 8.30000000000000 ) );
#5352 = DIRECTION( '', ( -1.00000000000000, 2.14566444743152E-033, -1.76709633865350E-017 ) );
#5353 = DIRECTION( '', ( 0.000000000000000, -1.00000000000000, -1.21423173173822E-016 ) );
#5354 = SURFACE_STYLE_FILL_AREA( #6098 );
#5355 = ORIENTED_EDGE( '', *, *, #5959, .T. );
#5356 = ORIENTED_EDGE( '', *, *, #5983, .T. );
#5357 = ORIENTED_EDGE( '', *, *, #5598, .F. );
#5358 = ORIENTED_EDGE( '', *, *, #6097, .T. );
#5359 = CARTESIAN_POINT( '', ( -169.500000000000, 4.25000000000000, 7.00000000000000 ) );
#5360 = DIRECTION( '', ( -1.00000000000000, 2.14566444743152E-033, -1.76709633865351E-017 ) );
#5361 = DIRECTION( '', ( 0.000000000000000, -1.00000000000000, -1.21423173173822E-016 ) );
#5362 = SURFACE_STYLE_FILL_AREA( #6099 );
#5363 = ORIENTED_EDGE( '', *, *, #6092, .F. );
#5364 = ORIENTED_EDGE( '', *, *, #5569, .F. );
#5365 = ORIENTED_EDGE( '', *, *, #5652, .F. );
#5366 = ORIENTED_EDGE( '', *, *, #5976, .F. );
#5367 = CARTESIAN_POINT( '', ( -175.085786437627, 1.52631026999440, 9.99012547749262 ) );
#5368 = DIRECTION( '', ( 1.22295745898648E-016, 0.690125477492618, 0.723689730005605 ) );
#5369 = DIRECTION( '', ( 1.49401874300010E-017, -0.723689730005605, 0.690125477492618 ) );
#5370 = SURFACE_STYLE_FILL_AREA( #6100 );
#5371 = ORIENTED_EDGE( '', *, *, #6090, .T. );
#5372 = ORIENTED_EDGE( '', *, *, #5645, .T. );
#5373 = ORIENTED_EDGE( '', *, *, #6101, .F. );
#5374 = CARTESIAN_POINT( '', ( 59.1861908023052, 18.0000000000000, -21.0000000000000 ) );
#5375 = DIRECTION( '', ( 0.000000000000000, 0.000000000000000, 1.00000000000000 ) );
#5376 = DIRECTION( '', ( 1.00000000000000, 0.000000000000000, 0.000000000000000 ) );
#5377 = SURFACE_STYLE_FILL_AREA( #6102 );
#5378 = ORIENTED_EDGE( '', *, *, #5879, .F. );
#5379 = ORIENTED_EDGE( '', *, *, #5607, .F. );
#5380 = ORIENTED_EDGE( '', *, *, #6059, .F. );
#5381 = CARTESIAN_POINT( '', ( -170.500000000000, 7.16984783773301, 4.21557277977999 ) );
#5382 = DIRECTION( '', ( 6.67845946673902E-017, 0.690125477492618, 0.723689730005605 ) );
#5383 = DIRECTION( '', ( 1.49401874300010E-017, -0.723689730005605, 0.690125477492618 ) );
#5384 = SURFACE_STYLE_FILL_AREA( #6103 );
#5385 = ORIENTED_EDGE( '', *, *, #6055, .T. );
#5386 = ORIENTED_EDGE( '', *, *, #6095, .F. );
#5387 = ORIENTED_EDGE( '', *, *, #6040, .F. );
#5388 = ORIENTED_EDGE( '', *, *, #6086, .T. );
#5389 = CARTESIAN_POINT( '', ( 180.000000000004, 34.2499999999996, 3.99999999999489 ) );
#5390 = DIRECTION( '', ( -1.00000000000000, -0.000000000000000, -0.000000000000000 ) );
#5391 = DIRECTION( '', ( 0.000000000000000, 0.000000000000000, -1.00000000000000 ) );
#5392 = SURFACE_STYLE_FILL_AREA( #6104 );
#5393 = ORIENTED_EDGE( '', *, *, #6105, .T. );
#5394 = ORIENTED_EDGE( '', *, *, #5575, .T. );
#5395 = ORIENTED_EDGE( '', *, *, #5677, .T. );
#5396 = ORIENTED_EDGE( '', *, *, #5724, .T. );
#5397 = CARTESIAN_POINT( '', ( -72.0000000000000, 12.1867325534165, -3.12250225675825E-014 ) );
#5398 = DIRECTION( '', ( 0.000000000000000, 1.00000000000000, 0.000000000000000 ) );
#5399 = DIRECTION( '', ( 0.000000000000000, 0.000000000000000, 1.00000000000000 ) );
#5400 = SURFACE_STYLE_FILL_AREA( #6106 );
#5401 = ORIENTED_EDGE( '', *, *, #5625, .T. );
#5402 = ORIENTED_EDGE( '', *, *, #5699, .F. );
#5403 = ORIENTED_EDGE( '', *, *, #6065, .F. );
#5404 = ORIENTED_EDGE( '', *, *, #5870, .T. );
#5405 = CARTESIAN_POINT( '', ( 80.0000000000000, 4.25000000000000, 0.900000000000000 ) );
#5406 = DIRECTION( '', ( -1.00000000000000, -0.000000000000000, -0.000000000000000 ) );
#5407 = DIRECTION( '', ( 0.000000000000000, 0.000000000000000, -1.00000000000000 ) );
#5408 = SURFACE_STYLE_FILL_AREA( #6107 );
#5409 = ORIENTED_EDGE( '', *, *, #5693, .T. );
#5410 = ORIENTED_EDGE( '', *, *, #6063, .T. );
#5411 = CARTESIAN_POINT( '', ( -210.500000000000, 4.25000000000000, 7.00000000000000 ) );
#5412 = DIRECTION( '', ( -1.00000000000000, 2.14566444743152E-033, -1.76709633865351E-017 ) );
#5413 = DIRECTION( '', ( 0.000000000000000, -1.00000000000000, -1.21423173173822E-016 ) );
#5414 = SURFACE_STYLE_FILL_AREA( #6108 );
#5415 = ORIENTED_EDGE( '', *, *, #6045, .F. );
#5416 = CARTESIAN_POINT( '', ( -184.000000000000, 4.25000000000000, 7.00000000000000 ) );
#5417 = DIRECTION( '', ( -1.00000000000000, 2.14566444743152E-033, -1.76709633865351E-017 ) );
#5418 = DIRECTION( '', ( 0.000000000000000, -1.00000000000000, -1.21423173173822E-016 ) );
#5419 = SURFACE_STYLE_FILL_AREA( #6109 );
#5420 = ORIENTED_EDGE( '', *, *, #6043, .T. );
#5421 = ORIENTED_EDGE( '', *, *, #5825, .F. );
#5422 = ORIENTED_EDGE( '', *, *, #5627, .F. );
#5423 = ORIENTED_EDGE( '', *, *, #5639, .T. );
#5424 = CARTESIAN_POINT( '', ( 130.000000000003, 34.2499999999996, 0.899999999994896 ) );
#5425 = DIRECTION( '', ( -1.00000000000000, -0.000000000000000, -0.000000000000000 ) );
#5426 = DIRECTION( '', ( 0.000000000000000, 0.000000000000000, -1.00000000000000 ) );
#5427 = SURFACE_STYLE_FILL_AREA( #6110 );
#5428 = ORIENTED_EDGE( '', *, *, #6028, .T. );
#5429 = CARTESIAN_POINT( '', ( -81.0000000000000, 4.25000000000000, 9.06008006571968E-016 ) );
#5430 = DIRECTION( '', ( 1.00000000000000, 1.92592994438724E-034, 1.76709633865351E-017 ) );
#5431 = DIRECTION( '', ( -1.92592994438724E-034, 1.00000000000000, 2.33977133034551E-050 ) );
#5432 = SURFACE_STYLE_FILL_AREA( #6111 );
#5433 = ORIENTED_EDGE( '', *, *, #6034, .F. );
#5434 = ORIENTED_EDGE( '', *, *, #5912, .F. );
#5435 = ORIENTED_EDGE( '', *, *, #5993, .F. );
#5436 = ORIENTED_EDGE( '', *, *, #5839, .F. );
#5437 = CARTESIAN_POINT( '', ( -76.0000000000000, -1.67102552629175E-014, 21.0000000000000 ) );
#5438 = DIRECTION( '', ( -1.02718508064686E-015, 1.00000000000000, -0.000000000000000 ) );
#5439 = DIRECTION( '', ( 1.00000000000000, 1.02718508064686E-015, 0.000000000000000 ) );
#5440 = SURFACE_STYLE_FILL_AREA( #6112 );
#5441 = ORIENTED_EDGE( '', *, *, #6088, .T. );
#5442 = ORIENTED_EDGE( '', *, *, #5904, .T. );
#5443 = ORIENTED_EDGE( '', *, *, #5801, .F. );
#5444 = CARTESIAN_POINT( '', ( -177.000000000000, 0.968307297264185, 3.87051004103366 ) );
#5445 = DIRECTION( '', ( -0.707106781186544, 0.511725915562028, 0.487992405004637 ) );
#5446 = DIRECTION( '', ( -0.586271594738877, -0.810114570417255, -3.26636050291590E-016 ) );
#5447 = SURFACE_STYLE_FILL_AREA( #6113 );
#5448 = ORIENTED_EDGE( '', *, *, #5576, .F. );
#5449 = ORIENTED_EDGE( '', *, *, #6105, .F. );
#5450 = ORIENTED_EDGE( '', *, *, #5723, .T. );
#5451 = ORIENTED_EDGE( '', *, *, #6000, .F. );
#5452 = CARTESIAN_POINT( '', ( -72.0000000000000, 12.1867325534165, -3.12250225675825E-014 ) );
#5453 = DIRECTION( '', ( -0.000000000000000, -1.00000000000000, -0.000000000000000 ) );
#5454 = DIRECTION( '', ( 0.000000000000000, 0.000000000000000, 1.00000000000000 ) );
#5455 = SURFACE_STYLE_FILL_AREA( #6114 );
#5456 = ORIENTED_EDGE( '', *, *, #5837, .T. );
#5457 = ORIENTED_EDGE( '', *, *, #5584, .T. );
#5458 = ORIENTED_EDGE( '', *, *, #5961, .F. );
#5459 = ORIENTED_EDGE( '', *, *, #6035, .F. );
#5460 = CARTESIAN_POINT( '', ( -72.0000000000000, 1.49999999999998, 21.0000000000000 ) );
#5461 = DIRECTION( '', ( 1.00000000000000, 0.000000000000000, 0.000000000000000 ) );
#5462 = DIRECTION( '', ( 0.000000000000000, 0.000000000000000, -1.00000000000000 ) );
#5463 = SURFACE_STYLE_FILL_AREA( #6115 );
#5464 = ORIENTED_EDGE( '', *, *, #5930, .F. );
#5465 = ORIENTED_EDGE( '', *, *, #5943, .T. );
#5466 = ORIENTED_EDGE( '', *, *, #6077, .F. );
#5467 = ORIENTED_EDGE( '', *, *, #5898, .T. );
#5468 = CARTESIAN_POINT( '', ( 78.0000000000000, 12.1867325534165, 25.0000000000000 ) );
#5469 = DIRECTION( '', ( -0.000000000000000, -0.000000000000000, 1.00000000000000 ) );
#5470 = DIRECTION( '', ( -1.00000000000000, 0.000000000000000, 0.000000000000000 ) );
#5471 = SURFACE_STYLE_FILL_AREA( #6116 );
#5472 = ORIENTED_EDGE( '', *, *, #5830, .F. );
#5473 = ORIENTED_EDGE( '', *, *, #5815, .T. );
#5474 = ORIENTED_EDGE( '', *, *, #5775, .T. );
#5475 = ORIENTED_EDGE( '', *, *, #5832, .F. );
#5476 = ORIENTED_EDGE( '', *, *, #5831, .F. );
#5477 = CARTESIAN_POINT( '', ( -80.0000000000000, -2.08189955855050E-014, 25.0000000000000 ) );
#5478 = DIRECTION( '', ( 0.000000000000000, 0.000000000000000, -1.00000000000000 ) );
#5479 = DIRECTION( '', ( -1.00000000000000, 0.000000000000000, 0.000000000000000 ) );
#5480 = SURFACE_STYLE_FILL_AREA( #6117 );
#5481 = ORIENTED_EDGE( '', *, *, #6101, .T. );
#5482 = ORIENTED_EDGE( '', *, *, #5753, .F. );
#5483 = ORIENTED_EDGE( '', *, *, #5918, .F. );
#5484 = ORIENTED_EDGE( '', *, *, #5966, .F. );
#5485 = CARTESIAN_POINT( '', ( -60.0000000000000, 18.0000000000000, -21.0000000000000 ) );
#5486 = DIRECTION( '', ( -1.00000000000000, -0.000000000000000, -0.000000000000000 ) );
#5487 = DIRECTION( '', ( 0.000000000000000, 0.000000000000000, -1.00000000000000 ) );
#5488 = SURFACE_STYLE_FILL_AREA( #6118 );
#5489 = ORIENTED_EDGE( '', *, *, #6119, .F. );
#5490 = ORIENTED_EDGE( '', *, *, #6068, .T. );
#5491 = ORIENTED_EDGE( '', *, *, #5812, .T. );
#5492 = ORIENTED_EDGE( '', *, *, #5893, .F. );
#5493 = SURFACE_STYLE_FILL_AREA( #6120 );
#5494 = ORIENTED_EDGE( '', *, *, #5595, .T. );
#5495 = ORIENTED_EDGE( '', *, *, #6093, .T. );
#5496 = ORIENTED_EDGE( '', *, *, #5721, .T. );
#5497 = ORIENTED_EDGE( '', *, *, #5704, .T. );
#5498 = ORIENTED_EDGE( '', *, *, #5939, .T. );
#5499 = CARTESIAN_POINT( '', ( -151.887509630206, 7.96651718682962, 7.50000000000000 ) );
#5500 = DIRECTION( '', ( -6.60003914434163E-017, -0.723689730005605, -0.690125477492619 ) );
#5501 = DIRECTION( '', ( 1.80925292495822E-017, -0.690125477492619, 0.723689730005605 ) );
#5502 = SURFACE_STYLE_FILL_AREA( #6121 );
#5503 = ORIENTED_EDGE( '', *, *, #6119, .T. );
#5504 = ORIENTED_EDGE( '', *, *, #5872, .F. );
#5505 = ORIENTED_EDGE( '', *, *, #6066, .F. );
#5506 = ORIENTED_EDGE( '', *, *, #5697, .T. );
#5507 = CARTESIAN_POINT( '', ( 80.0000000000000, 4.25000000000000, -0.900000000000000 ) );
#5508 = DIRECTION( '', ( -1.00000000000000, -0.000000000000000, -0.000000000000000 ) );
#5509 = DIRECTION( '', ( 0.000000000000000, 0.000000000000000, -1.00000000000000 ) );
#5510 = SURFACE_STYLE_FILL_AREA( #6122 );
#5511 = ORIENTED_EDGE( '', *, *, #5706, .T. );
#5512 = ORIENTED_EDGE( '', *, *, #5889, .T. );
#5513 = ORIENTED_EDGE( '', *, *, #5827, .T. );
#5514 = ORIENTED_EDGE( '', *, *, #5957, .T. );
#5515 = CARTESIAN_POINT( '', ( -151.887509630206, 6.25000000000000, 9.30000000000000 ) );
#5516 = DIRECTION( '', ( -5.86419292673360E-017, -4.51102805199512E-017, -1.00000000000000 ) );
#5517 = DIRECTION( '', ( 1.00000000000000, -3.44249599490505E-033, -5.86419292673360E-017 ) );
#5518 = SURFACE_STYLE_FILL_AREA( #6123 );
#5519 = ORIENTED_EDGE( '', *, *, #5793, .T. );
#5520 = CARTESIAN_POINT( '', ( -160.000000000000, 4.25000000000000, 7.00000000000000 ) );
#5521 = DIRECTION( '', ( -1.00000000000000, 2.14566444743152E-033, -1.76709633865351E-017 ) );
#5522 = DIRECTION( '', ( 0.000000000000000, -1.00000000000000, -1.21423173173822E-016 ) );
#5523 = SURFACE_STYLE_FILL_AREA( #6124 );
#5524 = ORIENTED_EDGE( '', *, *, #6074, .T. );
#5525 = ORIENTED_EDGE( '', *, *, #5848, .F. );
#5526 = ORIENTED_EDGE( '', *, *, #6083, .F. );
#5527 = ORIENTED_EDGE( '', *, *, #5762, .T. );
#5528 = CARTESIAN_POINT( '', ( 221.000000000004, 27.3999999999996, 10.7999999999949 ) );
#5529 = DIRECTION( '', ( 0.000000000000000, 1.00000000000000, 0.000000000000000 ) );
#5530 = DIRECTION( '', ( 0.000000000000000, 0.000000000000000, 1.00000000000000 ) );
#5531 = SURFACE_STYLE_FILL_AREA( #6125 );
#5532 = ORIENTED_EDGE( '', *, *, #6012, .T. );
#5533 = ORIENTED_EDGE( '', *, *, #5968, .F. );
#5534 = ORIENTED_EDGE( '', *, *, #5783, .F. );
#5535 = ORIENTED_EDGE( '', *, *, #5833, .F. );
#5536 = CARTESIAN_POINT( '', ( -80.0000000000000, 18.0000000000000, 21.0000000000000 ) );
#5537 = DIRECTION( '', ( 1.00000000000000, -0.000000000000000, -0.000000000000000 ) );
#5538 = DIRECTION( '', ( 0.000000000000000, 0.000000000000000, 1.00000000000000 ) );
#5539 = SURFACE_STYLE_FILL_AREA( #6126 );
#5540 = ORIENTED_EDGE( '', *, *, #6032, .F. );
#5541 = ORIENTED_EDGE( '', *, *, #5635, .T. );
#5542 = CARTESIAN_POINT( '', ( 238.000000000004, 34.2499999999996, -9.30000000000510 ) );
#5543 = DIRECTION( '', ( 1.00000000000000, -0.000000000000000, -0.000000000000000 ) );
#5544 = DIRECTION( '', ( 0.000000000000000, 0.000000000000000, 1.00000000000000 ) );
#5545 = SURFACE_STYLE_FILL_AREA( #6127 );
#5546 = ORIENTED_EDGE( '', *, *, #5779, .T. );
#5547 = ORIENTED_EDGE( '', *, *, #5734, .F. );
#5548 = ORIENTED_EDGE( '', *, *, #5934, .F. );
#5549 = ORIENTED_EDGE( '', *, *, #5978, .T. );
#5550 = CARTESIAN_POINT( '', ( -160.000000000000, 4.25000000000000, 6.10000000000000 ) );
#5551 = DIRECTION( '', ( -1.00000000000000, -1.92592994438724E-034, -1.76709633865350E-017 ) );
#5552 = DIRECTION( '', ( -1.92592994438724E-034, 1.00000000000000, 2.33977133034551E-050 ) );
#5553 = SURFACE_STYLE_FILL_AREA( #6128 );
#5554 = ORIENTED_EDGE( '', *, *, #5914, .T. );
#5555 = ORIENTED_EDGE( '', *, *, #6037, .T. );
#5556 = ORIENTED_EDGE( '', *, *, #6021, .F. );
#5557 = ORIENTED_EDGE( '', *, *, #5994, .F. );
#5558 = CARTESIAN_POINT( '', ( -76.0000000000000, -2.08166817117217E-014, 21.0000000000000 ) );
#5559 = DIRECTION( '', ( -0.000000000000000, -1.00000000000000, -0.000000000000000 ) );
#5560 = DIRECTION( '', ( 0.000000000000000, 0.000000000000000, 1.00000000000000 ) );
#5561 = SURFACE_STYLE_FILL_AREA( #6129 );
#5562 = ORIENTED_EDGE( '', *, *, #6026, .T. );
#5563 = ORIENTED_EDGE( '', *, *, #5701, .T. );
#5564 = CARTESIAN_POINT( '', ( -174.500000000000, 4.25000000000000, 7.00000000000000 ) );
#5565 = DIRECTION( '', ( -1.00000000000000, 2.14566444743152E-033, -1.76709633865351E-017 ) );
#5566 = DIRECTION( '', ( 0.000000000000000, -1.00000000000000, -1.21423173173822E-016 ) );
#5567 = FILL_AREA_STYLE( '', ( #6130 ) );
#5568 = EDGE_CURVE( '', #6131, #6132, #6133, .T. );
#5569 = EDGE_CURVE( '', #6132, #6134, #6135, .F. );
#5570 = EDGE_CURVE( '', #6134, #6136, #6137, .T. );
#5571 = EDGE_CURVE( '', #6138, #6136, #6139, .T. );
#5572 = EDGE_CURVE( '', #6138, #6131, #6140, .T. );
#5573 = FILL_AREA_STYLE( '', ( #6141 ) );
#5574 = EDGE_CURVE( '', #6142, #6143, #6144, .F. );
#5575 = EDGE_CURVE( '', #6145, #6143, #6146, .T. );
#5576 = EDGE_CURVE( '', #6145, #6147, #6148, .T. );
#5577 = EDGE_CURVE( '', #6142, #6147, #6149, .T. );
#5578 = FILL_AREA_STYLE( '', ( #6150 ) );
#5579 = EDGE_CURVE( '', #6151, #6152, #6153, .T. );
#5580 = EDGE_CURVE( '', #6154, #6152, #6155, .T. );
#5581 = EDGE_CURVE( '', #6156, #6154, #6157, .T. );
#5582 = EDGE_CURVE( '', #6156, #6151, #6158, .T. );
#5583 = FILL_AREA_STYLE( '', ( #6159 ) );
#5584 = EDGE_CURVE( '', #6160, #6161, #6162, .T. );
#5585 = EDGE_CURVE( '', #6160, #6163, #6164, .T. );
#5586 = EDGE_CURVE( '', #6163, #6165, #6166, .F. );
#5587 = EDGE_CURVE( '', #6161, #6165, #6167, .T. );
#5588 = FILL_AREA_STYLE( '', ( #6168 ) );
#5589 = EDGE_CURVE( '', #6169, #6170, #6171, .T. );
#5590 = EDGE_CURVE( '', #6172, #6170, #6173, .T. );
#5591 = EDGE_CURVE( '', #6174, #6172, #6175, .T. );
#5592 = EDGE_CURVE( '', #6169, #6174, #6176, .F. );
#5593 = FILL_AREA_STYLE( '', ( #6177 ) );
#5594 = EDGE_CURVE( '', #6178, #6179, #6180, .F. );
#5595 = EDGE_CURVE( '', #6181, #6179, #6182, .T. );
#5596 = EDGE_CURVE( '', #6181, #6183, #6184, .T. );
#5597 = EDGE_CURVE( '', #6183, #6185, #6186, .F. );
#5598 = EDGE_CURVE( '', #6185, #6187, #6188, .F. );
#5599 = EDGE_CURVE( '', #6187, #6189, #6190, .T. );
#5600 = EDGE_CURVE( '', #6189, #6138, #6191, .T. );
#5601 = EDGE_CURVE( '', #6136, #6192, #6193, .F. );
#5602 = EDGE_CURVE( '', #6194, #6192, #6195, .T. );
#5603 = EDGE_CURVE( '', #6194, #6196, #6197, .T. );
#5604 = EDGE_CURVE( '', #6196, #6198, #6199, .F. );
#5605 = EDGE_CURVE( '', #6200, #6198, #6201, .T. );
#5606 = EDGE_CURVE( '', #6200, #6202, #6203, .T. );
#5607 = EDGE_CURVE( '', #6202, #6204, #6205, .T. );
#5608 = EDGE_CURVE( '', #6204, #6178, #6206, .T. );
#5609 = EDGE_CURVE( '', #6207, #6207, #6208, .T. );
#5610 = FILL_AREA_STYLE( '', ( #6209 ) );
#5611 = EDGE_CURVE( '', #6210, #6151, #6211, .T. );
#5612 = EDGE_CURVE( '', #6212, #6156, #6213, .T. );
#5613 = EDGE_CURVE( '', #6212, #6210, #6214, .T. );
#5614 = FILL_AREA_STYLE( '', ( #6215 ) );
#5615 = EDGE_CURVE( '', #6216, #6217, #6218, .F. );
#5616 = EDGE_CURVE( '', #6219, #6217, #6220, .T. );
#5617 = EDGE_CURVE( '', #6221, #6219, #6222, .F. );
#5618 = EDGE_CURVE( '', #6223, #6221, #6224, .T. );
#5619 = EDGE_CURVE( '', #6223, #6225, #6226, .T. );
#5620 = EDGE_CURVE( '', #6225, #6227, #6228, .T. );
#5621 = EDGE_CURVE( '', #6227, #6229, #6230, .T. );
#5622 = EDGE_CURVE( '', #6229, #6231, #6232, .T. );
#5623 = EDGE_CURVE( '', #6231, #6216, #6233, .T. );
#5624 = FILL_AREA_STYLE( '', ( #6234 ) );
#5625 = EDGE_CURVE( '', #6235, #6236, #6237, .T. );
#5626 = EDGE_CURVE( '', #6235, #6238, #6239, .T. );
#5627 = EDGE_CURVE( '', #6238, #6240, #6241, .T. );
#5628 = EDGE_CURVE( '', #6236, #6240, #6242, .T. );
#5629 = FILL_AREA_STYLE( '', ( #6243 ) );
#5630 = EDGE_CURVE( '', #6244, #6245, #6246, .T. );
#5631 = EDGE_CURVE( '', #6247, #6244, #6248, .T. );
#5632 = EDGE_CURVE( '', #6249, #6247, #6250, .T. );
#5633 = EDGE_CURVE( '', #6245, #6249, #6251, .T. );
#5634 = FILL_AREA_STYLE( '', ( #6252 ) );
#5635 = EDGE_CURVE( '', #6253, #6253, #6254, .T. );
#5636 = EDGE_CURVE( '', #6255, #6255, #6256, .T. );
#5637 = FILL_AREA_STYLE( '', ( #6257 ) );
#5638 = EDGE_CURVE( '', #6258, #6259, #6260, .T. );
#5639 = EDGE_CURVE( '', #6238, #6259, #6261, .T. );
#5640 = EDGE_CURVE( '', #6262, #6238, #6263, .T. );
#5641 = EDGE_CURVE( '', #6262, #6258, #6264, .T. );
#5642 = FILL_AREA_STYLE( '', ( #6265 ) );
#5643 = EDGE_CURVE( '', #6266, #6267, #6268, .F. );
#5644 = EDGE_CURVE( '', #6269, #6266, #6270, .F. );
#5645 = EDGE_CURVE( '', #6271, #6269, #6272, .T. );
#5646 = EDGE_CURVE( '', #6267, #6271, #6273, .T. );
#5647 = FILL_AREA_STYLE( '', ( #6274 ) );
#5648 = EDGE_CURVE( '', #6275, #6276, #6277, .T. );
#5649 = EDGE_CURVE( '', #6245, #6276, #6278, .T. );
#5650 = EDGE_CURVE( '', #6275, #6249, #6279, .F. );
#5651 = FILL_AREA_STYLE( '', ( #6280 ) );
#5652 = EDGE_CURVE( '', #6281, #6132, #6282, .T. );
#5653 = EDGE_CURVE( '', #6283, #6132, #6284, .T. );
#5654 = EDGE_CURVE( '', #6285, #6283, #6286, .T. );
#5655 = EDGE_CURVE( '', #6281, #6285, #6287, .F. );
#5656 = FILL_AREA_STYLE( '', ( #6288 ) );
#5657 = EDGE_CURVE( '', #6289, #6290, #6291, .T. );
#5658 = EDGE_CURVE( '', #6292, #6290, #6293, .T. );
#5659 = EDGE_CURVE( '', #6294, #6292, #6295, .T. );
#5660 = EDGE_CURVE( '', #6294, #6289, #6296, .T. );
#5661 = FILL_AREA_STYLE( '', ( #6297 ) );
#5662 = EDGE_CURVE( '', #6210, #6290, #6298, .T. );
#5663 = EDGE_CURVE( '', #6151, #6289, #6299, .T. );
#5664 = FILL_AREA_STYLE( '', ( #6300 ) );
#5665 = EDGE_CURVE( '', #6198, #6172, #6301, .F. );
#5666 = EDGE_CURVE( '', #6302, #6196, #6303, .T. );
#5667 = EDGE_CURVE( '', #6174, #6302, #6304, .T. );
#5668 = FILL_AREA_STYLE( '', ( #6305 ) );
#5669 = EDGE_CURVE( '', #6306, #6307, #6308, .F. );
#5670 = EDGE_CURVE( '', #6309, #6306, #6310, .F. );
#5671 = EDGE_CURVE( '', #6311, #6309, #6312, .F. );
#5672 = EDGE_CURVE( '', #6307, #6311, #6313, .T. );
#5673 = FILL_AREA_STYLE( '', ( #6314 ) );
#5674 = EDGE_CURVE( '', #6315, #6307, #6316, .T. );
#5675 = EDGE_CURVE( '', #6315, #6317, #6318, .T. );
#5676 = EDGE_CURVE( '', #6317, #6319, #6320, .T. );
#5677 = EDGE_CURVE( '', #6143, #6319, #6321, .T. );
#5678 = EDGE_CURVE( '', #6143, #6322, #6323, .T. );
#5679 = EDGE_CURVE( '', #6322, #6307, #6324, .T. );
#5680 = FILL_AREA_STYLE( '', ( #6325 ) );
#5681 = EDGE_CURVE( '', #6326, #6327, #6328, .F. );
#5682 = EDGE_CURVE( '', #6329, #6326, #6330, .T. );
#5683 = EDGE_CURVE( '', #6331, #6329, #6332, .F. );
#5684 = EDGE_CURVE( '', #6327, #6331, #6333, .F. );
#5685 = FILL_AREA_STYLE( '', ( #6334 ) );
#5686 = EDGE_CURVE( '', #6276, #6335, #6336, .F. );
#5687 = EDGE_CURVE( '', #6244, #6335, #6337, .T. );
#5688 = FILL_AREA_STYLE( '', ( #6338 ) );
#5689 = EDGE_CURVE( '', #6174, #6339, #6340, .T. );
#5690 = EDGE_CURVE( '', #6339, #6341, #6342, .T. );
#5691 = EDGE_CURVE( '', #6341, #6169, #6343, .F. );
#5692 = FILL_AREA_STYLE( '', ( #6344 ) );
#5693 = EDGE_CURVE( '', #6345, #6345, #6346, .F. );
#5694 = EDGE_CURVE( '', #6347, #6347, #6348, .T. );
#5695 = FILL_AREA_STYLE( '', ( #6349 ) );
#5696 = EDGE_CURVE( '', #6236, #6350, #6351, .T. );
#5697 = EDGE_CURVE( '', #6352, #6350, #6353, .T. );
#5698 = EDGE_CURVE( '', #6354, #6352, #6355, .T. );
#5699 = EDGE_CURVE( '', #6354, #6236, #6356, .T. );
#5700 = FILL_AREA_STYLE( '', ( #6357 ) );
#5701 = EDGE_CURVE( '', #6358, #6358, #6359, .F. );
#5702 = EDGE_CURVE( '', #6360, #6360, #6361, .T. );
#5703 = FILL_AREA_STYLE( '', ( #6362 ) );
#5704 = EDGE_CURVE( '', #6363, #6364, #6365, .F. );
#5705 = EDGE_CURVE( '', #6363, #6366, #6367, .T. );
#5706 = EDGE_CURVE( '', #6368, #6366, #6369, .T. );
#5707 = EDGE_CURVE( '', #6368, #6364, #6370, .T. );
#5708 = FILL_AREA_STYLE( '', ( #6371 ) );
#5709 = EDGE_CURVE( '', #6372, #6373, #6374, .T. );
#5710 = EDGE_CURVE( '', #6373, #6375, #6376, .T. );
#5711 = EDGE_CURVE( '', #6377, #6375, #6378, .F. );
#5712 = EDGE_CURVE( '', #6372, #6377, #6379, .T. );
#5713 = FILL_AREA_STYLE( '', ( #6380 ) );
#5714 = EDGE_CURVE( '', #6381, #6322, #6382, .T. );
#5715 = EDGE_CURVE( '', #6381, #6383, #6384, .T. );
#5716 = EDGE_CURVE( '', #6322, #6383, #6385, .T. );
#5717 = FILL_AREA_STYLE( '', ( #6386 ) );
#5718 = EDGE_CURVE( '', #6387, #6388, #6389, .T. );
#5719 = EDGE_CURVE( '', #6390, #6387, #6391, .F. );
#5720 = EDGE_CURVE( '', #6390, #6363, #6392, .T. );
#5721 = EDGE_CURVE( '', #6388, #6363, #6393, .F. );
#5722 = FILL_AREA_STYLE( '', ( #6394 ) );
#5723 = EDGE_CURVE( '', #6395, #6396, #6397, .T. );
#5724 = EDGE_CURVE( '', #6319, #6395, #6398, .T. );
#5725 = EDGE_CURVE( '', #6319, #6399, #6400, .F. );
#5726 = EDGE_CURVE( '', #6396, #6399, #6401, .T. );
#5727 = FILL_AREA_STYLE( '', ( #6402 ) );
#5728 = EDGE_CURVE( '', #6403, #6372, #6404, .T. );
#5729 = EDGE_CURVE( '', #6405, #6377, #6406, .F. );
#5730 = EDGE_CURVE( '', #6403, #6405, #6407, .T. );
#5731 = FILL_AREA_STYLE( '', ( #6408 ) );
#5732 = EDGE_CURVE( '', #6409, #6289, #6410, .T. );
#5733 = EDGE_CURVE( '', #6411, #6294, #6412, .T. );
#5734 = EDGE_CURVE( '', #6411, #6409, #6413, .T. );
#5735 = FILL_AREA_STYLE( '', ( #6414 ) );
#5736 = EDGE_CURVE( '', #6415, #6416, #6417, .T. );
#5737 = EDGE_CURVE( '', #6416, #6418, #6419, .F. );
#5738 = EDGE_CURVE( '', #6420, #6418, #6421, .T. );
#5739 = EDGE_CURVE( '', #6415, #6420, #6422, .T. );
#5740 = FILL_AREA_STYLE( '', ( #6423 ) );
#5741 = EDGE_CURVE( '', #6424, #6302, #6425, .F. );
#5742 = EDGE_CURVE( '', #6424, #6339, #6426, .T. );
#5743 = FILL_AREA_STYLE( '', ( #6427 ) );
#5744 = EDGE_CURVE( '', #6170, #6200, #6428, .F. );
#5745 = FILL_AREA_STYLE( '', ( #6429 ) );
#5746 = EDGE_CURVE( '', #6430, #6431, #6432, .T. );
#5747 = EDGE_CURVE( '', #6225, #6430, #6433, .T. );
#5748 = EDGE_CURVE( '', #6434, #6223, #6435, .T. );
#5749 = EDGE_CURVE( '', #6309, #6434, #6436, .T. );
#5750 = EDGE_CURVE( '', #6437, #6306, #6438, .T. );
#5751 = EDGE_CURVE( '', #6439, #6437, #6440, .T. );
#5752 = EDGE_CURVE( '', #6441, #6439, #6442, .T. );
#5753 = EDGE_CURVE( '', #6441, #6269, #6443, .F. );
#5754 = EDGE_CURVE( '', #6444, #6269, #6445, .T. );
#5755 = EDGE_CURVE( '', #6431, #6444, #6446, .T. );
#5756 = FILL_AREA_STYLE( '', ( #6447 ) );
#5757 = EDGE_CURVE( '', #6302, #6194, #6448, .F. );
#5758 = EDGE_CURVE( '', #6449, #6192, #6450, .T. );
#5759 = EDGE_CURVE( '', #6449, #6424, #6451, .T. );
#5760 = FILL_AREA_STYLE( '', ( #6452 ) );
#5761 = EDGE_CURVE( '', #6453, #6454, #6455, .F. );
#5762 = EDGE_CURVE( '', #6456, #6454, #6457, .T. );
#5763 = EDGE_CURVE( '', #6458, #6456, #6459, .T. );
#5764 = EDGE_CURVE( '', #6458, #6453, #6460, .T. );
#5765 = FILL_AREA_STYLE( '', ( #6461 ) );
#5766 = EDGE_CURVE( '', #6462, #6462, #6463, .T. );
#5767 = FILL_AREA_STYLE( '', ( #6464 ) );
#5768 = EDGE_CURVE( '', #6465, #6465, #6466, .T. );
#5769 = FILL_AREA_STYLE( '', ( #6467 ) );
#5770 = EDGE_CURVE( '', #6306, #6383, #6468, .F. );
#5771 = FILL_AREA_STYLE( '', ( #6469 ) );
#5772 = EDGE_CURVE( '', #6470, #6471, #6472, .F. );
#5773 = EDGE_CURVE( '', #6473, #6471, #6474, .F. );
#5774 = EDGE_CURVE( '', #6475, #6473, #6476, .T. );
#5775 = EDGE_CURVE( '', #6470, #6475, #6477, .T. );
#5776 = FILL_AREA_STYLE( '', ( #6478 ) );
#5777 = EDGE_CURVE( '', #6152, #6479, #6480, .T. );
#5778 = EDGE_CURVE( '', #6152, #6409, #6481, .T. );
#5779 = EDGE_CURVE( '', #6482, #6409, #6483, .T. );
#5780 = EDGE_CURVE( '', #6479, #6482, #6484, .T. );
#5781 = FILL_AREA_STYLE( '', ( #6485 ) );
#5782 = EDGE_CURVE( '', #6486, #6487, #6488, .T. );
#5783 = EDGE_CURVE( '', #6487, #6489, #6490, .T. );
#5784 = EDGE_CURVE( '', #6486, #6489, #6491, .F. );
#5785 = FILL_AREA_STYLE( '', ( #6492 ) );
#5786 = EDGE_CURVE( '', #6383, #6441, #6493, .F. );
#5787 = FILL_AREA_STYLE( '', ( #6494 ) );
#5788 = EDGE_CURVE( '', #6495, #6496, #6497, .T. );
#5789 = EDGE_CURVE( '', #6498, #6496, #6499, .T. );
#5790 = EDGE_CURVE( '', #6500, #6498, #6501, .T. );
#5791 = EDGE_CURVE( '', #6500, #6495, #6502, .T. );
#5792 = FILL_AREA_STYLE( '', ( #6503 ) );
#5793 = EDGE_CURVE( '', #6504, #6504, #6505, .F. );
#5794 = FILL_AREA_STYLE( '', ( #6506 ) );
#5795 = EDGE_CURVE( '', #6192, #6178, #6507, .F. );
#5796 = EDGE_CURVE( '', #6178, #6508, #6509, .F. );
#5797 = EDGE_CURVE( '', #6508, #6510, #6511, .T. );
#5798 = EDGE_CURVE( '', #6510, #6415, #6512, .T. );
#5799 = EDGE_CURVE( '', #6420, #6513, #6514, .T. );
#5800 = EDGE_CURVE( '', #6513, #6515, #6516, .T. );
#5801 = EDGE_CURVE( '', #6515, #6517, #6518, .T. );
#5802 = EDGE_CURVE( '', #6517, #6449, #6519, .T. );
#5803 = FILL_AREA_STYLE( '', ( #6520 ) );
#5804 = EDGE_CURVE( '', #6521, #6221, #6522, .T. );
#5805 = EDGE_CURVE( '', #6523, #6219, #6524, .T. );
#5806 = EDGE_CURVE( '', #6521, #6523, #6525, .T. );
#5807 = FILL_AREA_STYLE( '', ( #6526 ) );
#5808 = EDGE_CURVE( '', #6217, #6527, #6528, .T. );
#5809 = EDGE_CURVE( '', #6523, #6527, #6529, .T. );
#5810 = FILL_AREA_STYLE( '', ( #6530 ) );
#5811 = EDGE_CURVE( '', #6531, #6258, #6532, .T. );
#5812 = EDGE_CURVE( '', #6533, #6262, #6534, .T. );
#5813 = EDGE_CURVE( '', #6533, #6531, #6535, .T. );
#5814 = FILL_AREA_STYLE( '', ( #6536 ) );
#5815 = EDGE_CURVE( '', #6326, #6470, #6537, .T. );
#5816 = EDGE_CURVE( '', #6538, #6327, #6539, .F. );
#5817 = EDGE_CURVE( '', #6470, #6538, #6540, .F. );
#5818 = FILL_AREA_STYLE( '', ( #6541 ) );
#5819 = EDGE_CURVE( '', #6542, #6543, #6544, .T. );
#5820 = EDGE_CURVE( '', #6542, #6169, #6545, .T. );
#5821 = EDGE_CURVE( '', #6341, #6543, #6546, .T. );
#5822 = FILL_AREA_STYLE( '', ( #6547 ) );
#5823 = EDGE_CURVE( '', #6548, #6531, #6549, .T. );
#5824 = EDGE_CURVE( '', #6240, #6533, #6550, .T. );
#5825 = EDGE_CURVE( '', #6240, #6548, #6551, .T. );
#5826 = FILL_AREA_STYLE( '', ( #6552 ) );
#5827 = EDGE_CURVE( '', #6283, #6553, #6554, .F. );
#5828 = EDGE_CURVE( '', #6131, #6553, #6555, .T. );
#5829 = FILL_AREA_STYLE( '', ( #6556 ) );
#5830 = EDGE_CURVE( '', #6326, #6557, #6558, .T. );
#5831 = EDGE_CURVE( '', #6557, #6559, #6560, .T. );
#5832 = EDGE_CURVE( '', #6559, #6475, #6561, .T. );
#5833 = EDGE_CURVE( '', #6475, #6487, #6562, .T. );
#5834 = EDGE_CURVE( '', #6487, #6563, #6564, .T. );
#5835 = EDGE_CURVE( '', #6563, #6565, #6566, .T. );
#5836 = EDGE_CURVE( '', #6565, #6160, #6567, .T. );
#5837 = EDGE_CURVE( '', #6568, #6160, #6569, .T. );
#5838 = EDGE_CURVE( '', #6570, #6568, #6571, .T. );
#5839 = EDGE_CURVE( '', #6570, #6572, #6573, .T. );
#5840 = EDGE_CURVE( '', #6572, #6329, #6574, .T. );
#5841 = FILL_AREA_STYLE( '', ( #6575 ) );
#5842 = FILL_AREA_STYLE( '', ( #6576 ) );
#5843 = EDGE_CURVE( '', #6577, #6577, #6578, .F. );
#5844 = FILL_AREA_STYLE( '', ( #6579 ) );
#5845 = EDGE_CURVE( '', #6580, #6405, #6581, .F. );
#5846 = EDGE_CURVE( '', #6582, #6405, #6583, .T. );
#5847 = EDGE_CURVE( '', #6584, #6582, #6585, .T. );
#5848 = EDGE_CURVE( '', #6584, #6580, #6586, .T. );
#5849 = FILL_AREA_STYLE( '', ( #6587 ) );
#5850 = EDGE_CURVE( '', #6588, #6589, #6590, .T. );
#5851 = EDGE_CURVE( '', #6588, #6591, #6592, .T. );
#5852 = EDGE_CURVE( '', #6593, #6591, #6594, .T. );
#5853 = EDGE_CURVE( '', #6593, #6595, #6596, .F. );
#5854 = EDGE_CURVE( '', #6589, #6595, #6597, .T. );
#5855 = FILL_AREA_STYLE( '', ( #6598 ) );
#5856 = EDGE_CURVE( '', #6430, #6599, #6600, .T. );
#5857 = EDGE_CURVE( '', #6430, #6266, #6601, .T. );
#5858 = EDGE_CURVE( '', #6599, #6267, #6602, .T. );
#5859 = FILL_AREA_STYLE( '', ( #6603 ) );
#5860 = EDGE_CURVE( '', #6604, #6375, #6605, .T. );
#5861 = EDGE_CURVE( '', #6606, #6604, #6607, .T. );
#5862 = EDGE_CURVE( '', #6606, #6377, #6608, .T. );
#5863 = FILL_AREA_STYLE( '', ( #6609 ) );
#5864 = EDGE_CURVE( '', #6610, #6315, #6611, .T. );
#5865 = EDGE_CURVE( '', #6610, #6612, #6613, .T. );
#5866 = EDGE_CURVE( '', #6614, #6612, #6615, .T. );
#5867 = EDGE_CURVE( '', #6614, #6317, #6616, .F. );
#5868 = FILL_AREA_STYLE( '', ( #6617 ) );
#5869 = EDGE_CURVE( '', #6618, #6235, #6619, .T. );
#5870 = EDGE_CURVE( '', #6620, #6235, #6621, .T. );
#5871 = EDGE_CURVE( '', #6622, #6620, #6623, .T. );
#5872 = EDGE_CURVE( '', #6622, #6618, #6624, .T. );
#5873 = FILL_AREA_STYLE( '', ( #6625 ) );
#5874 = FILL_AREA_STYLE( '', ( #6626 ) );
#5875 = EDGE_CURVE( '', #6281, #6627, #6628, .T. );
#5876 = EDGE_CURVE( '', #6285, #6629, #6630, .T. );
#5877 = EDGE_CURVE( '', #6627, #6629, #6631, .T. );
#5878 = FILL_AREA_STYLE( '', ( #6632 ) );
#5879 = EDGE_CURVE( '', #6204, #6542, #6633, .F. );
#5880 = EDGE_CURVE( '', #6543, #6508, #6634, .T. );
#5881 = FILL_AREA_STYLE( '', ( #6635 ) );
#5882 = EDGE_CURVE( '', #6418, #6341, #6636, .T. );
#5883 = EDGE_CURVE( '', #6637, #6339, #6638, .T. );
#5884 = EDGE_CURVE( '', #6418, #6637, #6639, .F. );
#5885 = FILL_AREA_STYLE( '', ( #6640 ) );
#5886 = EDGE_CURVE( '', #6641, #6641, #6642, .T. );
#5887 = EDGE_CURVE( '', #6643, #6643, #6644, .T. );
#5888 = FILL_AREA_STYLE( '', ( #6645 ) );
#5889 = EDGE_CURVE( '', #6366, #6283, #6646, .F. );
#5890 = EDGE_CURVE( '', #6647, #6366, #6648, .T. );
#5891 = EDGE_CURVE( '', #6285, #6647, #6649, .F. );
#5892 = FILL_AREA_STYLE( '', ( #6650 ) );
#5893 = EDGE_CURVE( '', #6618, #6262, #6651, .T. );
#5894 = FILL_AREA_STYLE( '', ( #6652 ) );
#5895 = EDGE_CURVE( '', #6487, #6163, #6653, .T. );
#5896 = EDGE_CURVE( '', #6165, #6486, #6654, .F. );
#5897 = FILL_AREA_STYLE( '', ( #6655 ) );
#5898 = EDGE_CURVE( '', #6471, #6538, #6656, .T. );
#5899 = FILL_AREA_STYLE( '', ( #6657 ) );
#5900 = EDGE_CURVE( '', #6658, #6610, #6659, .T. );
#5901 = EDGE_CURVE( '', #6660, #6315, #6661, .T. );
#5902 = EDGE_CURVE( '', #6658, #6660, #6662, .T. );
#5903 = FILL_AREA_STYLE( '', ( #6663 ) );
#5904 = EDGE_CURVE( '', #6664, #6517, #6665, .F. );
#5905 = EDGE_CURVE( '', #6664, #6424, #6666, .T. );
#5906 = FILL_AREA_STYLE( '', ( #6667 ) );
#5907 = EDGE_CURVE( '', #6510, #6416, #6668, .F. );
#5908 = FILL_AREA_STYLE( '', ( #6669 ) );
#5909 = EDGE_CURVE( '', #6670, #6479, #6671, .T. );
#5910 = EDGE_CURVE( '', #6154, #6670, #6672, .T. );
#5911 = FILL_AREA_STYLE( '', ( #6673 ) );
#5912 = EDGE_CURVE( '', #6674, #6675, #6676, .F. );
#5913 = EDGE_CURVE( '', #6675, #6677, #6678, .T. );
#5914 = EDGE_CURVE( '', #6679, #6677, #6680, .T. );
#5915 = EDGE_CURVE( '', #6674, #6679, #6681, .T. );
#5916 = FILL_AREA_STYLE( '', ( #6682 ) );
#5917 = EDGE_CURVE( '', #6683, #6684, #6685, .T. );
#5918 = EDGE_CURVE( '', #6684, #6441, #6686, .T. );
#5919 = EDGE_CURVE( '', #6683, #6441, #6687, .F. );
#5920 = FILL_AREA_STYLE( '', ( #6688 ) );
#5921 = EDGE_CURVE( '', #6479, #6210, #6689, .T. );
#5922 = EDGE_CURVE( '', #6290, #6482, #6690, .T. );
#5923 = FILL_AREA_STYLE( '', ( #6691 ) );
#5924 = EDGE_CURVE( '', #6227, #6599, #6692, .T. );
#5925 = FILL_AREA_STYLE( '', ( #6693 ) );
#5926 = EDGE_CURVE( '', #6694, #6694, #6695, .T. );
#5927 = FILL_AREA_STYLE( '', ( #6696 ) );
#5928 = EDGE_CURVE( '', #6589, #6327, #6697, .T. );
#5929 = EDGE_CURVE( '', #6595, #6249, #6698, .F. );
#5930 = EDGE_CURVE( '', #6247, #6538, #6699, .F. );
#5931 = FILL_AREA_STYLE( '', ( #6700 ) );
#5932 = EDGE_CURVE( '', #6701, #6701, #6702, .F. );
#5933 = EDGE_CURVE( '', #6292, #6703, #6704, .T. );
#5934 = EDGE_CURVE( '', #6703, #6411, #6705, .T. );
#5935 = FILL_AREA_STYLE( '', ( #6706 ) );
#5936 = EDGE_CURVE( '', #6229, #6588, #6707, .T. );
#5937 = EDGE_CURVE( '', #6231, #6589, #6708, .T. );
#5938 = FILL_AREA_STYLE( '', ( #6709 ) );
#5939 = EDGE_CURVE( '', #6364, #6181, #6710, .T. );
#5940 = EDGE_CURVE( '', #6183, #6364, #6711, .T. );
#5941 = FILL_AREA_STYLE( '', ( #6712 ) );
#5942 = EDGE_CURVE( '', #6335, #6713, #6714, .T. );
#5943 = EDGE_CURVE( '', #6247, #6713, #6715, .F. );
#5944 = FILL_AREA_STYLE( '', ( #6716 ) );
#5945 = EDGE_CURVE( '', #6582, #6606, #6717, .T. );
#5946 = FILL_AREA_STYLE( '', ( #6718 ) );
#5947 = FILL_AREA_STYLE( '', ( #6719 ) );
#5948 = EDGE_CURVE( '', #6720, #6403, #6721, .T. );
#5949 = EDGE_CURVE( '', #6580, #6720, #6722, .F. );
#5950 = FILL_AREA_STYLE( '', ( #6723 ) );
#5951 = EDGE_CURVE( '', #6647, #6724, #6725, .T. );
#5952 = EDGE_CURVE( '', #6647, #6390, #6726, .F. );
#5953 = EDGE_CURVE( '', #6390, #6727, #6728, .T. );
#5954 = EDGE_CURVE( '', #6724, #6727, #6729, .T. );
#5955 = FILL_AREA_STYLE( '', ( #6730 ) );
#5956 = EDGE_CURVE( '', #6731, #6368, #6732, .T. );
#5957 = EDGE_CURVE( '', #6553, #6368, #6733, .T. );
#5958 = EDGE_CURVE( '', #6734, #6553, #6735, .T. );
#5959 = EDGE_CURVE( '', #6731, #6734, #6736, .F. );
#5960 = FILL_AREA_STYLE( '', ( #6737 ) );
#5961 = EDGE_CURVE( '', #6738, #6161, #6739, .T. );
#5962 = EDGE_CURVE( '', #6161, #6610, #6740, .F. );
#5963 = EDGE_CURVE( '', #6738, #6658, #6741, .T. );
#5964 = FILL_AREA_STYLE( '', ( #6742 ) );
#5965 = EDGE_CURVE( '', #6743, #6744, #6745, .T. );
#5966 = EDGE_CURVE( '', #6744, #6684, #6746, .T. );
#5967 = EDGE_CURVE( '', #6684, #6489, #6747, .F. );
#5968 = EDGE_CURVE( '', #6489, #6743, #6748, .F. );
#5969 = FILL_AREA_STYLE( '', ( #6749 ) );
#5970 = EDGE_CURVE( '', #6750, #6216, #6751, .T. );
#5971 = EDGE_CURVE( '', #6527, #6750, #6752, .F. );
#5972 = FILL_AREA_STYLE( '', ( #6753 ) );
#5973 = EDGE_CURVE( '', #6754, #6754, #6755, .T. );
#5974 = FILL_AREA_STYLE( '', ( #6756 ) );
#5975 = EDGE_CURVE( '', #6757, #6627, #6758, .F. );
#5976 = EDGE_CURVE( '', #6757, #6281, #6759, .F. );
#5977 = FILL_AREA_STYLE( '', ( #6760 ) );
#5978 = EDGE_CURVE( '', #6703, #6482, #6761, .T. );
#5979 = FILL_AREA_STYLE( '', ( #6762 ) );
#5980 = EDGE_CURVE( '', #6399, #6614, #6763, .F. );
#5981 = FILL_AREA_STYLE( '', ( #6764 ) );
#5982 = EDGE_CURVE( '', #6189, #6131, #6765, .T. );
#5983 = EDGE_CURVE( '', #6734, #6187, #6766, .F. );
#5984 = FILL_AREA_STYLE( '', ( #6767 ) );
#5985 = FILL_AREA_STYLE( '', ( #6768 ) );
#5986 = EDGE_CURVE( '', #6629, #6724, #6769, .F. );
#5987 = FILL_AREA_STYLE( '', ( #6770 ) );
#5988 = EDGE_CURVE( '', #6416, #6543, #6771, .T. );
#5989 = FILL_AREA_STYLE( '', ( #6772 ) );
#5990 = FILL_AREA_STYLE( '', ( #6773 ) );
#5991 = EDGE_CURVE( '', #6381, #6142, #6774, .F. );
#5992 = FILL_AREA_STYLE( '', ( #6775 ) );
#5993 = EDGE_CURVE( '', #6572, #6674, #6776, .F. );
#5994 = EDGE_CURVE( '', #6679, #6777, #6778, .T. );
#5995 = EDGE_CURVE( '', #6777, #6779, #6780, .T. );
#5996 = EDGE_CURVE( '', #6779, #6311, #6781, .T. );
#5997 = EDGE_CURVE( '', #6434, #6521, #6782, .T. );
#5998 = EDGE_CURVE( '', #6331, #6750, #6783, .T. );
#5999 = FILL_AREA_STYLE( '', ( #6784 ) );
#6000 = EDGE_CURVE( '', #6147, #6396, #6785, .T. );
#6001 = EDGE_CURVE( '', #6612, #6165, #6786, .T. );
#6002 = EDGE_CURVE( '', #6486, #6683, #6787, .T. );
#6003 = EDGE_CURVE( '', #6683, #6381, #6788, .T. );
#6004 = FILL_AREA_STYLE( '', ( #6789 ) );
#6005 = FILL_AREA_STYLE( '', ( #6790 ) );
#6006 = EDGE_CURVE( '', #6727, #6387, #6791, .F. );
#6007 = FILL_AREA_STYLE( '', ( #6792 ) );
#6008 = EDGE_CURVE( '', #6373, #6793, #6794, .T. );
#6009 = EDGE_CURVE( '', #6793, #6453, #6795, .T. );
#6010 = EDGE_CURVE( '', #6375, #6453, #6796, .F. );
#6011 = FILL_AREA_STYLE( '', ( #6797 ) );
#6012 = EDGE_CURVE( '', #6475, #6743, #6798, .F. );
#6013 = EDGE_CURVE( '', #6743, #6473, #6799, .F. );
#6014 = FILL_AREA_STYLE( '', ( #6800 ) );
#6015 = FILL_AREA_STYLE( '', ( #6801 ) );
#6016 = EDGE_CURVE( '', #6670, #6212, #6802, .T. );
#6017 = FILL_AREA_STYLE( '', ( #6803 ) );
#6018 = EDGE_CURVE( '', #6793, #6804, #6805, .T. );
#6019 = EDGE_CURVE( '', #6804, #6454, #6806, .T. );
#6020 = FILL_AREA_STYLE( '', ( #6807 ) );
#6021 = EDGE_CURVE( '', #6777, #6808, #6809, .T. );
#6022 = EDGE_CURVE( '', #6808, #6810, #6811, .T. );
#6023 = EDGE_CURVE( '', #6779, #6810, #6812, .T. );
#6024 = FILL_AREA_STYLE( '', ( #6813 ) );
#6025 = EDGE_CURVE( '', #6179, #6136, #6814, .F. );
#6026 = EDGE_CURVE( '', #6815, #6815, #6816, .T. );
#6027 = FILL_AREA_STYLE( '', ( #6817 ) );
#6028 = EDGE_CURVE( '', #6818, #6818, #6819, .T. );
#6029 = FILL_AREA_STYLE( '', ( #6820 ) );
#6030 = FILL_AREA_STYLE( '', ( #6821 ) );
#6031 = FILL_AREA_STYLE( '', ( #6822 ) );
#6032 = EDGE_CURVE( '', #6823, #6823, #6824, .T. );
#6033 = FILL_AREA_STYLE( '', ( #6825 ) );
#6034 = EDGE_CURVE( '', #6675, #6570, #6826, .F. );
#6035 = EDGE_CURVE( '', #6568, #6738, #6827, .T. );
#6036 = EDGE_CURVE( '', #6660, #6810, #6828, .T. );
#6037 = EDGE_CURVE( '', #6677, #6808, #6829, .F. );
#6038 = FILL_AREA_STYLE( '', ( #6830 ) );
#6039 = FILL_AREA_STYLE( '', ( #6831 ) );
#6040 = EDGE_CURVE( '', #6832, #6833, #6834, .T. );
#6041 = EDGE_CURVE( '', #6833, #6500, #6835, .T. );
#6042 = EDGE_CURVE( '', #6498, #6832, #6836, .T. );
#6043 = EDGE_CURVE( '', #6259, #6548, #6837, .T. );
#6044 = FILL_AREA_STYLE( '', ( #6838 ) );
#6045 = EDGE_CURVE( '', #6839, #6839, #6840, .F. );
#6046 = FILL_AREA_STYLE( '', ( #6841 ) );
#6047 = EDGE_CURVE( '', #6599, #6588, #6842, .F. );
#6048 = EDGE_CURVE( '', #6591, #6267, #6843, .T. );
#6049 = FILL_AREA_STYLE( '', ( #6844 ) );
#6050 = FILL_AREA_STYLE( '', ( #6845 ) );
#6051 = FILL_AREA_STYLE( '', ( #6846 ) );
#6052 = EDGE_CURVE( '', #6275, #6593, #6847, .T. );
#6053 = FILL_AREA_STYLE( '', ( #6848 ) );
#6054 = EDGE_CURVE( '', #6804, #6720, #6849, .T. );
#6055 = EDGE_CURVE( '', #6850, #6851, #6852, .T. );
#6056 = EDGE_CURVE( '', #6496, #6850, #6853, .T. );
#6057 = EDGE_CURVE( '', #6851, #6495, #6854, .T. );
#6058 = FILL_AREA_STYLE( '', ( #6855 ) );
#6059 = EDGE_CURVE( '', #6542, #6202, #6856, .T. );
#6060 = FILL_AREA_STYLE( '', ( #6857 ) );
#6061 = EDGE_CURVE( '', #6637, #6664, #6858, .F. );
#6062 = FILL_AREA_STYLE( '', ( #6859 ) );
#6063 = EDGE_CURVE( '', #6860, #6860, #6861, .T. );
#6064 = FILL_AREA_STYLE( '', ( #6862 ) );
#6065 = EDGE_CURVE( '', #6620, #6354, #6863, .T. );
#6066 = EDGE_CURVE( '', #6352, #6622, #6864, .T. );
#6067 = FILL_AREA_STYLE( '', ( #6865 ) );
#6068 = EDGE_CURVE( '', #6350, #6533, #6866, .T. );
#6069 = FILL_AREA_STYLE( '', ( #6867 ) );
#6070 = EDGE_CURVE( '', #6868, #6868, #6869, .T. );
#6071 = FILL_AREA_STYLE( '', ( #6870 ) );
#6072 = EDGE_CURVE( '', #6604, #6458, #6871, .T. );
#6073 = FILL_AREA_STYLE( '', ( #6872 ) );
#6074 = EDGE_CURVE( '', #6454, #6580, #6873, .F. );
#6075 = FILL_AREA_STYLE( '', ( #6874 ) );
#6076 = EDGE_CURVE( '', #6271, #6473, #6875, .F. );
#6077 = EDGE_CURVE( '', #6471, #6713, #6876, .T. );
#6078 = FILL_AREA_STYLE( '', ( #6877 ) );
#6079 = EDGE_CURVE( '', #6513, #6637, #6878, .T. );
#6080 = FILL_AREA_STYLE( '', ( #6879 ) );
#6081 = FILL_AREA_STYLE( '', ( #6880 ) );
#6082 = FILL_AREA_STYLE( '', ( #6881 ) );
#6083 = EDGE_CURVE( '', #6456, #6584, #6882, .T. );
#6084 = FILL_AREA_STYLE( '', ( #6883 ) );
#6085 = FILL_AREA_STYLE( '', ( #6884 ) );
#6086 = EDGE_CURVE( '', #6832, #6850, #6885, .T. );
#6087 = FILL_AREA_STYLE( '', ( #6886 ) );
#6088 = EDGE_CURVE( '', #6515, #6664, #6887, .T. );
#6089 = FILL_AREA_STYLE( '', ( #6888 ) );
#6090 = EDGE_CURVE( '', #6744, #6271, #6889, .T. );
#6091 = FILL_AREA_STYLE( '', ( #6890 ) );
#6092 = EDGE_CURVE( '', #6134, #6757, #6891, .T. );
#6093 = EDGE_CURVE( '', #6179, #6388, #6892, .F. );
#6094 = FILL_AREA_STYLE( '', ( #6893 ) );
#6095 = EDGE_CURVE( '', #6833, #6851, #6894, .T. );
#6096 = FILL_AREA_STYLE( '', ( #6895 ) );
#6097 = EDGE_CURVE( '', #6185, #6731, #6896, .F. );
#6098 = FILL_AREA_STYLE( '', ( #6897 ) );
#6099 = FILL_AREA_STYLE( '', ( #6898 ) );
#6100 = FILL_AREA_STYLE( '', ( #6899 ) );
#6101 = EDGE_CURVE( '', #6744, #6269, #6900, .F. );
#6102 = FILL_AREA_STYLE( '', ( #6901 ) );
#6103 = FILL_AREA_STYLE( '', ( #6902 ) );
#6104 = FILL_AREA_STYLE( '', ( #6903 ) );
#6105 = EDGE_CURVE( '', #6395, #6145, #6904, .T. );
#6106 = FILL_AREA_STYLE( '', ( #6905 ) );
#6107 = FILL_AREA_STYLE( '', ( #6906 ) );
#6108 = FILL_AREA_STYLE( '', ( #6907 ) );
#6109 = FILL_AREA_STYLE( '', ( #6908 ) );
#6110 = FILL_AREA_STYLE( '', ( #6909 ) );
#6111 = FILL_AREA_STYLE( '', ( #6910 ) );
#6112 = FILL_AREA_STYLE( '', ( #6911 ) );
#6113 = FILL_AREA_STYLE( '', ( #6912 ) );
#6114 = FILL_AREA_STYLE( '', ( #6913 ) );
#6115 = FILL_AREA_STYLE( '', ( #6914 ) );
#6116 = FILL_AREA_STYLE( '', ( #6915 ) );
#6117 = FILL_AREA_STYLE( '', ( #6916 ) );
#6118 = FILL_AREA_STYLE( '', ( #6917 ) );
#6119 = EDGE_CURVE( '', #6350, #6618, #6918, .T. );
#6120 = FILL_AREA_STYLE( '', ( #6919 ) );
#6121 = FILL_AREA_STYLE( '', ( #6920 ) );
#6122 = FILL_AREA_STYLE( '', ( #6921 ) );
#6123 = FILL_AREA_STYLE( '', ( #6922 ) );
#6124 = FILL_AREA_STYLE( '', ( #6923 ) );
#6125 = FILL_AREA_STYLE( '', ( #6924 ) );
#6126 = FILL_AREA_STYLE( '', ( #6925 ) );
#6127 = FILL_AREA_STYLE( '', ( #6926 ) );
#6128 = FILL_AREA_STYLE( '', ( #6927 ) );
#6129 = FILL_AREA_STYLE( '', ( #6928 ) );
#6130 = FILL_AREA_STYLE_COLOUR( '', #6929 );
#6131 = VERTEX_POINT( '', #6930 );
#6132 = VERTEX_POINT( '', #6931 );
#6133 = LINE( '', #6932, #6933 );
#6134 = VERTEX_POINT( '', #6934 );
#6135 = LINE( '', #6935, #6936 );
#6136 = VERTEX_POINT( '', #6937 );
#6137 = LINE( '', #6938, #6939 );
#6138 = VERTEX_POINT( '', #6940 );
#6139 = LINE( '', #6941, #6942 );
#6140 = LINE( '', #6943, #6944 );
#6141 = FILL_AREA_STYLE_COLOUR( '', #6945 );
#6142 = VERTEX_POINT( '', #6946 );
#6143 = VERTEX_POINT( '', #6947 );
#6144 = CIRCLE( '', #6948, 2.00000000000000 );
#6145 = VERTEX_POINT( '', #6949 );
#6146 = LINE( '', #6950, #6951 );
#6147 = VERTEX_POINT( '', #6952 );
#6148 = LINE( '', #6953, #6954 );
#6149 = LINE( '', #6955, #6956 );
#6150 = FILL_AREA_STYLE_COLOUR( '', #6957 );
#6151 = VERTEX_POINT( '', #6958 );
#6152 = VERTEX_POINT( '', #6959 );
#6153 = LINE( '', #6960, #6961 );
#6154 = VERTEX_POINT( '', #6962 );
#6155 = LINE( '', #6963, #6964 );
#6156 = VERTEX_POINT( '', #6965 );
#6157 = LINE( '', #6966, #6967 );
#6158 = LINE( '', #6968, #6969 );
#6159 = FILL_AREA_STYLE_COLOUR( '', #6970 );
#6160 = VERTEX_POINT( '', #6971 );
#6161 = VERTEX_POINT( '', #6972 );
#6162 = LINE( '', #6973, #6974 );
#6163 = VERTEX_POINT( '', #6975 );
#6164 = LINE( '', #6976, #6977 );
#6165 = VERTEX_POINT( '', #6978 );
#6166 = ELLIPSE( '', #6979, 4.34544150962118, 4.00000000000000 );
#6167 = LINE( '', #6980, #6981 );
#6168 = FILL_AREA_STYLE_COLOUR( '', #6982 );
#6169 = VERTEX_POINT( '', #6983 );
#6170 = VERTEX_POINT( '', #6984 );
#6171 = CIRCLE( '', #6985, 1.00000000000000 );
#6172 = VERTEX_POINT( '', #6986 );
#6173 = LINE( '', #6987, #6988 );
#6174 = VERTEX_POINT( '', #6989 );
#6175 = CIRCLE( '', #6990, 1.00000000000000 );
#6176 = LINE( '', #6991, #6992 );
#6177 = FILL_AREA_STYLE_COLOUR( '', #6993 );
#6178 = VERTEX_POINT( '', #6994 );
#6179 = VERTEX_POINT( '', #6995 );
#6180 = CIRCLE( '', #6996, 3.75000000000000 );
#6181 = VERTEX_POINT( '', #6997 );
#6182 = LINE( '', #6998, #6999 );
#6183 = VERTEX_POINT( '', #7000 );
#6184 = B_SPLINE_CURVE_WITH_KNOTS( '', 3, ( #7001, #7002, #7003, #7004, #7005, #7006, #7007, #7008, #7009, #7010, #7011, #7012, #7013, #7014 ), .UNSPECIFIED., .F., .F., ( 4, 2, 2, 2, 2, 2, 4 ), ( 0.00843186484752545, 0.00875923539601685, 0.00908660594450825, 0.00941397649299965, 0.00974134704149105, 0.0103960881384738, 0.0110508292354566 ), .UNSPECIFIED. );
#6185 = VERTEX_POINT( '', #7015 );
#6186 = B_SPLINE_CURVE_WITH_KNOTS( '', 3, ( #7016, #7017, #7018, #7019, #7020, #7021 ), .UNSPECIFIED., .F., .F., ( 4, 2, 4 ), ( 0.00155410317898629, 0.00220158802581412, 0.00284907287264195 ), .UNSPECIFIED. );
#6187 = VERTEX_POINT( '', #7022 );
#6188 = CIRCLE( '', #7023, 3.75000000000000 );
#6189 = VERTEX_POINT( '', #7024 );
#6190 = B_SPLINE_CURVE_WITH_KNOTS( '', 3, ( #7025, #7026, #7027, #7028, #7029, #7030 ), .UNSPECIFIED., .F., .F., ( 4, 2, 4 ), ( 0.00155410317898629, 0.00220158802581412, 0.00284907287264195 ), .UNSPECIFIED. );
#6191 = B_SPLINE_CURVE_WITH_KNOTS( '', 3, ( #7031, #7032, #7033, #7034, #7035, #7036, #7037, #7038, #7039, #7040, #7041, #7042 ), .UNSPECIFIED., .F., .F., ( 4, 2, 2, 2, 2, 4 ), ( 0.000000000000000, 0.000653769307490629, 0.00130753861498126, 0.00196130792247189, 0.00228819257621718, 0.00261507722996247 ), .UNSPECIFIED. );
#6192 = VERTEX_POINT( '', #7043 );
#6193 = CIRCLE( '', #7044, 3.75000000000000 );
#6194 = VERTEX_POINT( '', #7045 );
#6195 = LINE( '', #7046, #7047 );
#6196 = VERTEX_POINT( '', #7048 );
#6197 = B_SPLINE_CURVE_WITH_KNOTS( '', 3, ( #7049, #7050, #7051, #7052, #7053, #7054, #7055, #7056, #7057, #7058, #7059, #7060, #7061, #7062 ), .UNSPECIFIED., .F., .F., ( 4, 2, 2, 2, 2, 2, 4 ), ( 0.00843186484752545, 0.00875923539601684, 0.00908660594450823, 0.00941397649299963, 0.00974134704149102, 0.0103960881384738, 0.0110508292354566 ), .UNSPECIFIED. );
#6198 = VERTEX_POINT( '', #7063 );
#6199 = B_SPLINE_CURVE_WITH_KNOTS( '', 3, ( #7064, #7065, #7066, #7067, #7068, #7069 ), .UNSPECIFIED., .F., .F., ( 4, 2, 4 ), ( 0.00155410317898629, 0.00220158802581412, 0.00284907287264195 ), .UNSPECIFIED. );
#6200 = VERTEX_POINT( '', #7070 );
#6201 = CIRCLE( '', #7071, 3.75000000000000 );
#6202 = VERTEX_POINT( '', #7072 );
#6203 = B_SPLINE_CURVE_WITH_KNOTS( '', 3, ( #7073, #7074, #7075, #7076, #7077, #7078 ), .UNSPECIFIED., .F., .F., ( 4, 2, 4 ), ( 0.00155410317898629, 0.00220158802581412, 0.00284907287264196 ), .UNSPECIFIED. );
#6204 = VERTEX_POINT( '', #7079 );
#6205 = B_SPLINE_CURVE_WITH_KNOTS( '', 3, ( #7080, #7081, #7082, #7083, #7084, #7085, #7086, #7087, #7088, #7089, #7090, #7091 ), .UNSPECIFIED., .F., .F., ( 4, 2, 2, 2, 2, 4 ), ( 0.000000000000000, 0.000653769307490629, 0.00130753861498126, 0.00196130792247189, 0.00228819257621718, 0.00261507722996247 ), .UNSPECIFIED. );
#6206 = LINE( '', #7092, #7093 );
#6207 = VERTEX_POINT( '', #7094 );
#6208 = CIRCLE( '', #7095, 3.75000000000000 );
#6209 = FILL_AREA_STYLE_COLOUR( '', #7096 );
#6210 = VERTEX_POINT( '', #7097 );
#6211 = CIRCLE( '', #7098, 1.75000000000000 );
#6212 = VERTEX_POINT( '', #7099 );
#6213 = CIRCLE( '', #7100, 1.75000000000000 );
#6214 = LINE( '', #7101, #7102 );
#6215 = FILL_AREA_STYLE_COLOUR( '', #7103 );
#6216 = VERTEX_POINT( '', #7104 );
#6217 = VERTEX_POINT( '', #7105 );
#6218 = CIRCLE( '', #7106, 4.00000000000000 );
#6219 = VERTEX_POINT( '', #7107 );
#6220 = LINE( '', #7108, #7109 );
#6221 = VERTEX_POINT( '', #7110 );
#6222 = CIRCLE( '', #7111, 2.00000000000000 );
#6223 = VERTEX_POINT( '', #7112 );
#6224 = LINE( '', #7113, #7114 );
#6225 = VERTEX_POINT( '', #7115 );
#6226 = LINE( '', #7116, #7117 );
#6227 = VERTEX_POINT( '', #7118 );
#6228 = LINE( '', #7119, #7120 );
#6229 = VERTEX_POINT( '', #7121 );
#6230 = CIRCLE( '', #7122, 4.00000000000000 );
#6231 = VERTEX_POINT( '', #7123 );
#6232 = LINE( '', #7124, #7125 );
#6233 = LINE( '', #7126, #7127 );
#6234 = FILL_AREA_STYLE_COLOUR( '', #7128 );
#6235 = VERTEX_POINT( '', #7129 );
#6236 = VERTEX_POINT( '', #7130 );
#6237 = CIRCLE( '', #7131, 1.75000000000000 );
#6238 = VERTEX_POINT( '', #7132 );
#6239 = ( BOUNDED_CURVE(  )B_SPLINE_CURVE( 2, ( #7135, #7136, #7137, #7138, #7139, #7140, #7141, #7142, #7143, #7144, #7145, #7146, #7147, #7148, #7149, #7150, #7151, #7152, #7153, #7154, #7155, #7156, #7157, #7158, #7159, #7160, #7161, #7162, #7163, #7164, #7165, #7166, #7167, #7168, #7169, #7170, #7171, #7172, #7173, #7174, #7175, #7176, #7177, #7178, #7179, #7180, #7181, #7182, #7183, #7184, #7185, #7186, #7187, #7188, #7189, #7190, #7191, #7192, #7193, #7194, #7195, #7196, #7197, #7198, #7199, #7200, #7201, #7202, #7203, #7204, #7205, #7206, #7207, #7208, #7209, #7210, #7211, #7212, #7213, #7214, #7215, #7216, #7217, #7218, #7219, #7220, #7221, #7222, #7223, #7224, #7225, #7226, #7227, #7228, #7229, #7230, #7231, #7232, #7233, #7234, #7235, #7236, #7237, #7238, #7239, #7240, #7241, #7242, #7243, #7244, #7245, #7246, #7247, #7248, #7249, #7250, #7251, #7252, #7253, #7254, #7255, #7256, #7257, #7258, #7259, #7260, #7261, #7262, #7263, #7264, #7265, #7266, #7267, #7268, #7269, #7270, #7271, #7272, #7273, #7274, #7275 ), .UNSPECIFIED., .F., .F. )B_SPLINE_CURVE_WITH_KNOTS( ( 3, 2, 2, 2, 2, 2, 2, 2, 2, 2, 2, 2, 2, 2, 2, 2, 2, 2, 2, 2, 2, 2, 2, 2, 2, 2, 2, 2, 2, 2, 2, 2, 2, 2, 2, 2, 2, 2, 2, 2, 2, 2, 2, 2, 2, 2, 2, 2, 2, 2, 2, 2, 2, 2, 2, 2, 2, 2, 2, 2, 2, 2, 2, 2, 2, 2, 2, 2, 2, 2, 3 ), ( 0.000000000000000, 0.0142857142857143, 0.0285714285714286, 0.0428571428571429, 0.0571428571428571, 0.0714285714285714, 0.0857142857142857, 0.100000000000000, 0.114285714285714, 0.128571428571429, 0.142857142857143, 0.157142857142857, 0.171428571428572, 0.185714285714286, 0.200000000000000, 0.214285714285715, 0.228571428571428, 0.242857142857143, 0.257142857142857, 0.271428571428572, 0.285714285714286, 0.300000000000000, 0.314285714285715, 0.328571428571429, 0.342857142857143, 0.357142857142857, 0.371428571428572, 0.385714285714286, 0.400000000000000, 0.414285714285715, 0.428571428571428, 0.442857142857143, 0.457142857142857, 0.471428571428571, 0.485714285714286, 0.500000000000000, 0.514285714285714, 0.528571428571429, 0.542857142857143, 0.557142857142857, 0.571428571428571, 0.585714285714286, 0.600000000000000, 0.614285714285714, 0.628571428571429, 0.642857142857143, 0.657142857142857, 0.671428571428571, 0.685714285714286, 0.700000000000000, 0.714285714285714, 0.728571428571429, 0.742857142857143, 0.757142857142857, 0.771428571428572, 0.785714285714286, 0.800000000000000, 0.814285714285714, 0.828571428571429, 0.842857142857143, 0.857142857142857, 0.871428571428571, 0.885714285714286, 0.900000000000000, 0.914285714285714, 0.928571428571429, 0.942857142857143, 0.957142857142857, 0.971428571428571, 0.985714285714286, 1.00000000000000 ), .UNSPECIFIED. )CURVE(  )GEOMETRIC_REPRESENTATION_ITEM(  )RATIONAL_B_SPLINE_CURVE( ( 1.00000000000000, 0.974927912181824, 1.00000000000000, 0.974927912181824, 1.00000000000000, 0.974927912181824, 1.00000000000000, 0.974927912181824, 1.00000000000000, 0.974927912181824, 1.00000000000000, 0.974927912181824, 1.00000000000000, 0.974927912181824, 1.00000000000000, 0.974927912181824, 1.00000000000000, 0.974927912181824, 1.00000000000000, 0.974927912181824, 1.00000000000000, 0.974927912181824, 1.00000000000000, 0.974927912181824, 1.00000000000000, 0.974927912181824, 1.00000000000000, 0.974927912181824, 1.00000000000000, 0.974927912181824, 1.00000000000000, 0.974927912181824, 1.00000000000000, 0.974927912181824, 1.00000000000000, 0.974927912181824, 1.00000000000000, 0.974927912181824, 1.00000000000000, 0.974927912181824, 1.00000000000000, 0.974927912181824, 1.00000000000000, 0.974927912181824, 1.00000000000000, 0.974927912181824, 1.00000000000000, 0.974927912181824, 1.00000000000000, 0.974927912181824, 1.00000000000000, 0.974927912181824, 1.00000000000000, 0.974927912181824, 1.00000000000000, 0.974927912181824, 1.00000000000000, 0.974927912181824, 1.00000000000000, 0.974927912181824, 1.00000000000000, 0.974927912181824, 1.00000000000000, 0.974927912181824, 1.00000000000000, 0.974927912181824, 1.00000000000000, 0.974927912181824, 1.00000000000000, 0.974927912181824, 1.00000000000000, 0.974927912181824, 1.00000000000000, 0.974927912181824, 1.00000000000000, 0.974927912181824, 1.00000000000000, 0.974927912181824, 1.00000000000000, 0.974927912181824, 1.00000000000000, 0.974927912181824, 1.00000000000000, 0.974927912181824, 1.00000000000000, 0.974927912181824, 1.00000000000000, 0.974927912181824, 1.00000000000000, 0.974927912181824, 1.00000000000000, 0.974927912181824, 1.00000000000000, 0.974927912181824, 1.00000000000000, 0.974927912181824, 1.00000000000000, 0.974927912181824, 1.00000000000000, 0.974927912181824, 1.00000000000000, 0.974927912181824, 1.00000000000000, 0.974927912181824, 1.00000000000000, 0.974927912181824, 1.00000000000000, 0.974927912181824, 1.00000000000000, 0.974927912181824, 1.00000000000000, 0.974927912181824, 1.00000000000000, 0.974927912181824, 1.00000000000000, 0.974927912181824, 1.00000000000000, 0.974927912181824, 1.00000000000000, 0.974927912181824, 1.00000000000000, 0.974927912181824, 1.00000000000000, 0.974927912181824, 1.00000000000000, 0.974927912181824, 1.00000000000000, 0.974927912181824, 1.00000000000000, 0.974927912181824, 1.00000000000000, 0.974927912181824, 1.00000000000000, 0.974927912181824, 1.00000000000000, 0.974927912181824, 1.00000000000000, 0.974927912181824, 1.00000000000000, 0.974927912181824, 1.00000000000000 ) )REPRESENTATION_ITEM( '' ) );
#6240 = VERTEX_POINT( '', #7281 );
#6241 = CIRCLE( '', #7282, 1.75000000000000 );
#6242 = ( BOUNDED_CURVE(  )B_SPLINE_CURVE( 2, ( #7285, #7286, #7287, #7288, #7289, #7290, #7291, #7292, #7293, #7294, #7295, #7296, #7297, #7298, #7299, #7300, #7301, #7302, #7303, #7304, #7305, #7306, #7307, #7308, #7309, #7310, #7311, #7312, #7313, #7314, #7315, #7316, #7317, #7318, #7319, #7320, #7321, #7322, #7323, #7324, #7325, #7326, #7327, #7328, #7329, #7330, #7331, #7332, #7333, #7334, #7335, #7336, #7337, #7338, #7339, #7340, #7341, #7342, #7343, #7344, #7345, #7346, #7347, #7348, #7349, #7350, #7351, #7352, #7353, #7354, #7355, #7356, #7357, #7358, #7359, #7360, #7361, #7362, #7363, #7364, #7365, #7366, #7367, #7368, #7369, #7370, #7371, #7372, #7373, #7374, #7375, #7376, #7377, #7378, #7379, #7380, #7381, #7382, #7383, #7384, #7385, #7386, #7387, #7388, #7389, #7390, #7391, #7392, #7393, #7394, #7395, #7396, #7397, #7398, #7399, #7400, #7401, #7402, #7403, #7404, #7405, #7406, #7407, #7408, #7409, #7410, #7411, #7412, #7413, #7414, #7415, #7416, #7417, #7418, #7419, #7420, #7421, #7422, #7423, #7424, #7425 ), .UNSPECIFIED., .F., .F. )B_SPLINE_CURVE_WITH_KNOTS( ( 3, 2, 2, 2, 2, 2, 2, 2, 2, 2, 2, 2, 2, 2, 2, 2, 2, 2, 2, 2, 2, 2, 2, 2, 2, 2, 2, 2, 2, 2, 2, 2, 2, 2, 2, 2, 2, 2, 2, 2, 2, 2, 2, 2, 2, 2, 2, 2, 2, 2, 2, 2, 2, 2, 2, 2, 2, 2, 2, 2, 2, 2, 2, 2, 2, 2, 2, 2, 2, 2, 3 ), ( 0.000000000000000, 0.0142857142857143, 0.0285714285714286, 0.0428571428571429, 0.0571428571428571, 0.0714285714285714, 0.0857142857142857, 0.100000000000000, 0.114285714285714, 0.128571428571429, 0.142857142857143, 0.157142857142857, 0.171428571428572, 0.185714285714286, 0.200000000000000, 0.214285714285715, 0.228571428571428, 0.242857142857143, 0.257142857142857, 0.271428571428572, 0.285714285714286, 0.300000000000000, 0.314285714285715, 0.328571428571429, 0.342857142857143, 0.357142857142857, 0.371428571428572, 0.385714285714286, 0.400000000000000, 0.414285714285715, 0.428571428571428, 0.442857142857143, 0.457142857142857, 0.471428571428571, 0.485714285714286, 0.500000000000000, 0.514285714285714, 0.528571428571429, 0.542857142857143, 0.557142857142857, 0.571428571428571, 0.585714285714286, 0.600000000000000, 0.614285714285714, 0.628571428571429, 0.642857142857143, 0.657142857142857, 0.671428571428571, 0.685714285714286, 0.700000000000000, 0.714285714285714, 0.728571428571429, 0.742857142857143, 0.757142857142857, 0.771428571428572, 0.785714285714286, 0.800000000000000, 0.814285714285714, 0.828571428571429, 0.842857142857143, 0.857142857142857, 0.871428571428571, 0.885714285714286, 0.900000000000000, 0.914285714285714, 0.928571428571429, 0.942857142857143, 0.957142857142857, 0.971428571428571, 0.985714285714286, 1.00000000000000 ), .UNSPECIFIED. )CURVE(  )GEOMETRIC_REPRESENTATION_ITEM(  )RATIONAL_B_SPLINE_CURVE( ( 1.00000000000000, 0.974927912181824, 1.00000000000000, 0.974927912181824, 1.00000000000000, 0.974927912181824, 1.00000000000000, 0.974927912181824, 1.00000000000000, 0.974927912181824, 1.00000000000000, 0.974927912181824, 1.00000000000000, 0.974927912181824, 1.00000000000000, 0.974927912181824, 1.00000000000000, 0.974927912181824, 1.00000000000000, 0.974927912181824, 1.00000000000000, 0.974927912181824, 1.00000000000000, 0.974927912181824, 1.00000000000000, 0.974927912181824, 1.00000000000000, 0.974927912181824, 1.00000000000000, 0.974927912181824, 1.00000000000000, 0.974927912181824, 1.00000000000000, 0.974927912181824, 1.00000000000000, 0.974927912181824, 1.00000000000000, 0.974927912181824, 1.00000000000000, 0.974927912181824, 1.00000000000000, 0.974927912181824, 1.00000000000000, 0.974927912181824, 1.00000000000000, 0.974927912181824, 1.00000000000000, 0.974927912181824, 1.00000000000000, 0.974927912181824, 1.00000000000000, 0.974927912181824, 1.00000000000000, 0.974927912181824, 1.00000000000000, 0.974927912181824, 1.00000000000000, 0.974927912181824, 1.00000000000000, 0.974927912181824, 1.00000000000000, 0.974927912181824, 1.00000000000000, 0.974927912181824, 1.00000000000000, 0.974927912181824, 1.00000000000000, 0.974927912181824, 1.00000000000000, 0.974927912181824, 1.00000000000000, 0.974927912181824, 1.00000000000000, 0.974927912181824, 1.00000000000000, 0.974927912181824, 1.00000000000000, 0.974927912181824, 1.00000000000000, 0.974927912181824, 1.00000000000000, 0.974927912181824, 1.00000000000000, 0.974927912181824, 1.00000000000000, 0.974927912181824, 1.00000000000000, 0.974927912181824, 1.00000000000000, 0.974927912181824, 1.00000000000000, 0.974927912181824, 1.00000000000000, 0.974927912181824, 1.00000000000000, 0.974927912181824, 1.00000000000000, 0.974927912181824, 1.00000000000000, 0.974927912181824, 1.00000000000000, 0.974927912181824, 1.00000000000000, 0.974927912181824, 1.00000000000000, 0.974927912181824, 1.00000000000000, 0.974927912181824, 1.00000000000000, 0.974927912181824, 1.00000000000000, 0.974927912181824, 1.00000000000000, 0.974927912181824, 1.00000000000000, 0.974927912181824, 1.00000000000000, 0.974927912181824, 1.00000000000000, 0.974927912181824, 1.00000000000000, 0.974927912181824, 1.00000000000000, 0.974927912181824, 1.00000000000000, 0.974927912181824, 1.00000000000000, 0.974927912181824, 1.00000000000000, 0.974927912181824, 1.00000000000000, 0.974927912181824, 1.00000000000000, 0.974927912181824, 1.00000000000000, 0.974927912181824, 1.00000000000000, 0.974927912181824, 1.00000000000000, 0.974927912181824, 1.00000000000000 ) )REPRESENTATION_ITEM( '' ) );
#6243 = FILL_AREA_STYLE_COLOUR( '', #7431 );
#6244 = VERTEX_POINT( '', #7432 );
#6245 = VERTEX_POINT( '', #7433 );
#6246 = CIRCLE( '', #7434, 3.00000000000000 );
#6247 = VERTEX_POINT( '', #7435 );
#6248 = LINE( '', #7436, #7437 );
#6249 = VERTEX_POINT( '', #7438 );
#6250 = LINE( '', #7439, #7440 );
#6251 = LINE( '', #7441, #7442 );
#6252 = FILL_AREA_STYLE_COLOUR( '', #7443 );
#6253 = VERTEX_POINT( '', #7444 );
#6254 = CIRCLE( '', #7445, 2.00000000000000 );
#6255 = VERTEX_POINT( '', #7446 );
#6256 = CIRCLE( '', #7447, 1.90000000000000 );
#6257 = FILL_AREA_STYLE_COLOUR( '', #7448 );
#6258 = VERTEX_POINT( '', #7449 );
#6259 = VERTEX_POINT( '', #7450 );
#6260 = LINE( '', #7451, #7452 );
#6261 = LINE( '', #7453, #7454 );
#6262 = VERTEX_POINT( '', #7455 );
#6263 = LINE( '', #7456, #7457 );
#6264 = LINE( '', #7458, #7459 );
#6265 = FILL_AREA_STYLE_COLOUR( '', #7460 );
#6266 = VERTEX_POINT( '', #7461 );
#6267 = VERTEX_POINT( '', #7462 );
#6268 = ELLIPSE( '', #7463, 4.34544150962118, 4.00000000000000 );
#6269 = VERTEX_POINT( '', #7464 );
#6270 = LINE( '', #7465, #7466 );
#6271 = VERTEX_POINT( '', #7467 );
#6272 = CIRCLE( '', #7468, 4.00000000000000 );
#6273 = LINE( '', #7469, #7470 );
#6274 = FILL_AREA_STYLE_COLOUR( '', #7471 );
#6275 = VERTEX_POINT( '', #7472 );
#6276 = VERTEX_POINT( '', #7473 );
#6277 = LINE( '', #7474, #7475 );
#6278 = LINE( '', #7476, #7477 );
#6279 = CIRCLE( '', #7478, 2.00000000000000 );
#6280 = FILL_AREA_STYLE_COLOUR( '', #7479 );
#6281 = VERTEX_POINT( '', #7480 );
#6282 = CIRCLE( '', #7481, 1.00000000000000 );
#6283 = VERTEX_POINT( '', #7482 );
#6284 = CIRCLE( '', #7483, 1.00000000000000 );
#6285 = VERTEX_POINT( '', #7484 );
#6286 = CIRCLE( '', #7485, 1.00000000000000 );
#6287 = CIRCLE( '', #7486, 1.29289321881345 );
#6288 = FILL_AREA_STYLE_COLOUR( '', #7487 );
#6289 = VERTEX_POINT( '', #7488 );
#6290 = VERTEX_POINT( '', #7489 );
#6291 = CIRCLE( '', #7490, 1.75000000000000 );
#6292 = VERTEX_POINT( '', #7491 );
#6293 = LINE( '', #7492, #7493 );
#6294 = VERTEX_POINT( '', #7494 );
#6295 = CIRCLE( '', #7495, 1.75000000000000 );
#6296 = LINE( '', #7496, #7497 );
#6297 = FILL_AREA_STYLE_COLOUR( '', #7498 );
#6298 = ( BOUNDED_CURVE(  )B_SPLINE_CURVE( 2, ( #7501, #7502, #7503, #7504, #7505, #7506, #7507, #7508, #7509, #7510, #7511, #7512, #7513, #7514, #7515, #7516, #7517, #7518, #7519, #7520, #7521, #7522, #7523, #7524, #7525, #7526, #7527, #7528, #7529 ), .UNSPECIFIED., .F., .F. )B_SPLINE_CURVE_WITH_KNOTS( ( 3, 2, 2, 2, 2, 2, 2, 2, 2, 2, 2, 2, 2, 2, 3 ), ( 0.000000000000000, 0.0714285714285714, 0.142857142857143, 0.214285714285715, 0.285714285714286, 0.357142857142857, 0.428571428571428, 0.500000000000000, 0.571428571428571, 0.642857142857143, 0.714285714285714, 0.785714285714286, 0.857142857142857, 0.928571428571429, 1.00000000000000 ), .UNSPECIFIED. )CURVE(  )GEOMETRIC_REPRESENTATION_ITEM(  )RATIONAL_B_SPLINE_CURVE( ( 1.00000000000000, 0.974927912181824, 1.00000000000000, 0.974927912181824, 1.00000000000000, 0.974927912181824, 1.00000000000000, 0.974927912181824, 1.00000000000000, 0.974927912181824, 1.00000000000000, 0.974927912181824, 1.00000000000000, 0.974927912181824, 1.00000000000000, 0.974927912181824, 1.00000000000000, 0.974927912181824, 1.00000000000000, 0.974927912181824, 1.00000000000000, 0.974927912181824, 1.00000000000000, 0.974927912181824, 1.00000000000000, 0.974927912181824, 1.00000000000000, 0.974927912181824, 1.00000000000000 ) )REPRESENTATION_ITEM( '' ) );
#6299 = ( BOUNDED_CURVE(  )B_SPLINE_CURVE( 2, ( #7537, #7538, #7539, #7540, #7541, #7542, #7543, #7544, #7545, #7546, #7547, #7548, #7549, #7550, #7551, #7552, #7553, #7554, #7555, #7556, #7557, #7558, #7559, #7560, #7561, #7562, #7563, #7564, #7565 ), .UNSPECIFIED., .F., .F. )B_SPLINE_CURVE_WITH_KNOTS( ( 3, 2, 2, 2, 2, 2, 2, 2, 2, 2, 2, 2, 2, 2, 3 ), ( 0.000000000000000, 0.0714285714285714, 0.142857142857143, 0.214285714285715, 0.285714285714286, 0.357142857142857, 0.428571428571428, 0.500000000000000, 0.571428571428571, 0.642857142857143, 0.714285714285714, 0.785714285714286, 0.857142857142857, 0.928571428571429, 1.00000000000000 ), .UNSPECIFIED. )CURVE(  )GEOMETRIC_REPRESENTATION_ITEM(  )RATIONAL_B_SPLINE_CURVE( ( 1.00000000000000, 0.974927912181824, 1.00000000000000, 0.974927912181824, 1.00000000000000, 0.974927912181824, 1.00000000000000, 0.974927912181824, 1.00000000000000, 0.974927912181824, 1.00000000000000, 0.974927912181824, 1.00000000000000, 0.974927912181824, 1.00000000000000, 0.974927912181824, 1.00000000000000, 0.974927912181824, 1.00000000000000, 0.974927912181824, 1.00000000000000, 0.974927912181824, 1.00000000000000, 0.974927912181824, 1.00000000000000, 0.974927912181824, 1.00000000000000, 0.974927912181824, 1.00000000000000 ) )REPRESENTATION_ITEM( '' ) );
#6300 = FILL_AREA_STYLE_COLOUR( '', #7571 );
#6301 = CIRCLE( '', #7572, 2.00000000000000 );
#6302 = VERTEX_POINT( '', #7573 );
#6303 = CIRCLE( '', #7574, 1.00000000000000 );
#6304 = CIRCLE( '', #7575, 1.00000000000000 );
#6305 = FILL_AREA_STYLE_COLOUR( '', #7576 );
#6306 = VERTEX_POINT( '', #7577 );
#6307 = VERTEX_POINT( '', #7578 );
#6308 = CIRCLE( '', #7579, 4.00000000000000 );
#6309 = VERTEX_POINT( '', #7580 );
#6310 = LINE( '', #7581, #7582 );
#6311 = VERTEX_POINT( '', #7583 );
#6312 = CIRCLE( '', #7584, 4.00000000000000 );
#6313 = LINE( '', #7585, #7586 );
#6314 = FILL_AREA_STYLE_COLOUR( '', #7587 );
#6315 = VERTEX_POINT( '', #7588 );
#6316 = LINE( '', #7589, #7590 );
#6317 = VERTEX_POINT( '', #7591 );
#6318 = LINE( '', #7592, #7593 );
#6319 = VERTEX_POINT( '', #7594 );
#6320 = LINE( '', #7595, #7596 );
#6321 = LINE( '', #7597, #7598 );
#6322 = VERTEX_POINT( '', #7599 );
#6323 = LINE( '', #7600, #7601 );
#6324 = LINE( '', #7602, #7603 );
#6325 = FILL_AREA_STYLE_COLOUR( '', #7604 );
#6326 = VERTEX_POINT( '', #7605 );
#6327 = VERTEX_POINT( '', #7606 );
#6328 = CIRCLE( '', #7607, 4.00000000000000 );
#6329 = VERTEX_POINT( '', #7608 );
#6330 = LINE( '', #7609, #7610 );
#6331 = VERTEX_POINT( '', #7611 );
#6332 = CIRCLE( '', #7612, 4.00000000000000 );
#6333 = LINE( '', #7613, #7614 );
#6334 = FILL_AREA_STYLE_COLOUR( '', #7615 );
#6335 = VERTEX_POINT( '', #7616 );
#6336 = ELLIPSE( '', #7617, 3.25908113221589, 3.00000000000000 );
#6337 = LINE( '', #7618, #7619 );
#6338 = FILL_AREA_STYLE_COLOUR( '', #7620 );
#6339 = VERTEX_POINT( '', #7621 );
#6340 = LINE( '', #7622, #7623 );
#6341 = VERTEX_POINT( '', #7624 );
#6342 = LINE( '', #7625, #7626 );
#6343 = LINE( '', #7627, #7628 );
#6344 = FILL_AREA_STYLE_COLOUR( '', #7629 );
#6345 = VERTEX_POINT( '', #7630 );
#6346 = CIRCLE( '', #7631, 4.05000000000000 );
#6347 = VERTEX_POINT( '', #7632 );
#6348 = CIRCLE( '', #7633, 3.75000000000000 );
#6349 = FILL_AREA_STYLE_COLOUR( '', #7634 );
#6350 = VERTEX_POINT( '', #7635 );
#6351 = LINE( '', #7636, #7637 );
#6352 = VERTEX_POINT( '', #7638 );
#6353 = LINE( '', #7639, #7640 );
#6354 = VERTEX_POINT( '', #7641 );
#6355 = LINE( '', #7642, #7643 );
#6356 = LINE( '', #7644, #7645 );
#6357 = FILL_AREA_STYLE_COLOUR( '', #7646 );
#6358 = VERTEX_POINT( '', #7647 );
#6359 = CIRCLE( '', #7648, 4.70000000000000 );
#6360 = VERTEX_POINT( '', #7649 );
#6361 = CIRCLE( '', #7650, 5.00000000000000 );
#6362 = FILL_AREA_STYLE_COLOUR( '', #7651 );
#6363 = VERTEX_POINT( '', #7652 );
#6364 = VERTEX_POINT( '', #7653 );
#6365 = LINE( '', #7654, #7655 );
#6366 = VERTEX_POINT( '', #7656 );
#6367 = CIRCLE( '', #7657, 1.00000000000000 );
#6368 = VERTEX_POINT( '', #7658 );
#6369 = LINE( '', #7659, #7660 );
#6370 = CIRCLE( '', #7661, 1.00000000000000 );
#6371 = FILL_AREA_STYLE_COLOUR( '', #7662 );
#6372 = VERTEX_POINT( '', #7663 );
#6373 = VERTEX_POINT( '', #7664 );
#6374 = B_SPLINE_CURVE_WITH_KNOTS( '', 3, ( #7665, #7666, #7667, #7668, #7669 ), .UNSPECIFIED., .F., .F., ( 4, 1, 4 ), ( 0.000000000000000, 0.500000000000000, 1.00000000000000 ), .UNSPECIFIED. );
#6375 = VERTEX_POINT( '', #7670 );
#6376 = B_SPLINE_CURVE_WITH_KNOTS( '', 3, ( #7671, #7672, #7673, #7674 ), .UNSPECIFIED., .F., .F., ( 4, 4 ), ( 0.000000000000000, 1.00000000000000 ), .UNSPECIFIED. );
#6377 = VERTEX_POINT( '', #7675 );
#6378 = LINE( '', #7676, #7677 );
#6379 = B_SPLINE_CURVE_WITH_KNOTS( '', 3, ( #7678, #7679, #7680, #7681 ), .UNSPECIFIED., .F., .F., ( 4, 4 ), ( 0.000000000000000, 1.00000000000000 ), .UNSPECIFIED. );
#6380 = FILL_AREA_STYLE_COLOUR( '', #7682 );
#6381 = VERTEX_POINT( '', #7683 );
#6382 = CIRCLE( '', #7684, 2.00000000000000 );
#6383 = VERTEX_POINT( '', #7685 );
#6384 = ELLIPSE( '', #7686, 4.21335614261094, 4.00000000000000 );
#6385 = ELLIPSE( '', #7687, 4.21335614261094, 4.00000000000000 );
#6386 = FILL_AREA_STYLE_COLOUR( '', #7688 );
#6387 = VERTEX_POINT( '', #7689 );
#6388 = VERTEX_POINT( '', #7690 );
#6389 = B_SPLINE_CURVE_WITH_KNOTS( '', 3, ( #7691, #7692, #7693, #7694, #7695, #7696, #7697, #7698 ), .UNSPECIFIED., .F., .F., ( 4, 2, 2, 4 ), ( 0.000000000000000, 0.000236486028326040, 0.000472972056652080, 0.000945944113304098 ), .UNSPECIFIED. );
#6390 = VERTEX_POINT( '', #7699 );
#6391 = LINE( '', #7700, #7701 );
#6392 = CIRCLE( '', #7702, 1.00000000000000 );
#6393 = LINE( '', #7703, #7704 );
#6394 = FILL_AREA_STYLE_COLOUR( '', #7705 );
#6395 = VERTEX_POINT( '', #7706 );
#6396 = VERTEX_POINT( '', #7707 );
#6397 = LINE( '', #7708, #7709 );
#6398 = LINE( '', #7710, #7711 );
#6399 = VERTEX_POINT( '', #7712 );
#6400 = CIRCLE( '', #7713, 2.00000000000000 );
#6401 = LINE( '', #7714, #7715 );
#6402 = FILL_AREA_STYLE_COLOUR( '', #7716 );
#6403 = VERTEX_POINT( '', #7717 );
#6404 = B_SPLINE_CURVE_WITH_KNOTS( '', 3, ( #7718, #7719, #7720, #7721, #7722 ), .UNSPECIFIED., .F., .F., ( 4, 1, 4 ), ( 0.000000000000000, 0.500000000000000, 1.00000000000000 ), .UNSPECIFIED. );
#6405 = VERTEX_POINT( '', #7723 );
#6406 = LINE( '', #7724, #7725 );
#6407 = B_SPLINE_CURVE_WITH_KNOTS( '', 3, ( #7726, #7727, #7728, #7729 ), .UNSPECIFIED., .F., .F., ( 4, 4 ), ( 0.000000000000000, 1.00000000000000 ), .UNSPECIFIED. );
#6408 = FILL_AREA_STYLE_COLOUR( '', #7730 );
#6409 = VERTEX_POINT( '', #7731 );
#6410 = LINE( '', #7732, #7733 );
#6411 = VERTEX_POINT( '', #7734 );
#6412 = LINE( '', #7735, #7736 );
#6413 = LINE( '', #7737, #7738 );
#6414 = FILL_AREA_STYLE_COLOUR( '', #7739 );
#6415 = VERTEX_POINT( '', #7740 );
#6416 = VERTEX_POINT( '', #7741 );
#6417 = LINE( '', #7742, #7743 );
#6418 = VERTEX_POINT( '', #7744 );
#6419 = CIRCLE( '', #7745, 1.29289321881346 );
#6420 = VERTEX_POINT( '', #7746 );
#6421 = LINE( '', #7747, #7748 );
#6422 = B_SPLINE_CURVE_WITH_KNOTS( '', 3, ( #7749, #7750, #7751, #7752, #7753, #7754 ), .UNSPECIFIED., .F., .F., ( 4, 2, 4 ), ( 0.000000000000000, 0.000802258689880682, 0.00160451737976136 ), .UNSPECIFIED. );
#6423 = FILL_AREA_STYLE_COLOUR( '', #7755 );
#6424 = VERTEX_POINT( '', #7756 );
#6425 = LINE( '', #7757, #7758 );
#6426 = CIRCLE( '', #7759, 1.00000000000000 );
#6427 = FILL_AREA_STYLE_COLOUR( '', #7760 );
#6428 = CIRCLE( '', #7761, 2.00000000000000 );
#6429 = FILL_AREA_STYLE_COLOUR( '', #7762 );
#6430 = VERTEX_POINT( '', #7763 );
#6431 = VERTEX_POINT( '', #7764 );
#6432 = LINE( '', #7765, #7766 );
#6433 = LINE( '', #7767, #7768 );
#6434 = VERTEX_POINT( '', #7769 );
#6435 = LINE( '', #7770, #7771 );
#6436 = LINE( '', #7772, #7773 );
#6437 = VERTEX_POINT( '', #7774 );
#6438 = LINE( '', #7775, #7776 );
#6439 = VERTEX_POINT( '', #7777 );
#6440 = LINE( '', #7778, #7779 );
#6441 = VERTEX_POINT( '', #7780 );
#6442 = LINE( '', #7781, #7782 );
#6443 = LINE( '', #7783, #7784 );
#6444 = VERTEX_POINT( '', #7785 );
#6445 = LINE( '', #7786, #7787 );
#6446 = LINE( '', #7788, #7789 );
#6447 = FILL_AREA_STYLE_COLOUR( '', #7790 );
#6448 = LINE( '', #7791, #7792 );
#6449 = VERTEX_POINT( '', #7793 );
#6450 = LINE( '', #7794, #7795 );
#6451 = LINE( '', #7796, #7797 );
#6452 = FILL_AREA_STYLE_COLOUR( '', #7798 );
#6453 = VERTEX_POINT( '', #7799 );
#6454 = VERTEX_POINT( '', #7800 );
#6455 = LINE( '', #7801, #7802 );
#6456 = VERTEX_POINT( '', #7803 );
#6457 = LINE( '', #7804, #7805 );
#6458 = VERTEX_POINT( '', #7806 );
#6459 = LINE( '', #7807, #7808 );
#6460 = LINE( '', #7809, #7810 );
#6461 = FILL_AREA_STYLE_COLOUR( '', #7811 );
#6462 = VERTEX_POINT( '', #7812 );
#6463 = CIRCLE( '', #7813, 1.00000000000000 );
#6464 = FILL_AREA_STYLE_COLOUR( '', #7814 );
#6465 = VERTEX_POINT( '', #7815 );
#6466 = CIRCLE( '', #7816, 1.00000000000000 );
#6467 = FILL_AREA_STYLE_COLOUR( '', #7817 );
#6468 = LINE( '', #7818, #7819 );
#6469 = FILL_AREA_STYLE_COLOUR( '', #7820 );
#6470 = VERTEX_POINT( '', #7821 );
#6471 = VERTEX_POINT( '', #7822 );
#6472 = ELLIPSE( '', #7823, 4.21335614261093, 4.00000000000000 );
#6473 = VERTEX_POINT( '', #7824 );
#6474 = LINE( '', #7825, #7826 );
#6475 = VERTEX_POINT( '', #7827 );
#6476 = CIRCLE( '', #7828, 4.00000000000000 );
#6477 = LINE( '', #7829, #7830 );
#6478 = FILL_AREA_STYLE_COLOUR( '', #7831 );
#6479 = VERTEX_POINT( '', #7832 );
#6480 = CIRCLE( '', #7833, 1.75000000000000 );
#6481 = ( BOUNDED_CURVE(  )B_SPLINE_CURVE( 2, ( #7836, #7837, #7838, #7839, #7840, #7841, #7842, #7843, #7844, #7845, #7846, #7847, #7848, #7849, #7850, #7851, #7852, #7853, #7854, #7855, #7856, #7857, #7858, #7859, #7860, #7861, #7862, #7863, #7864 ), .UNSPECIFIED., .F., .F. )B_SPLINE_CURVE_WITH_KNOTS( ( 3, 2, 2, 2, 2, 2, 2, 2, 2, 2, 2, 2, 2, 2, 3 ), ( 0.000000000000000, 0.0714285714285714, 0.142857142857143, 0.214285714285715, 0.285714285714286, 0.357142857142857, 0.428571428571428, 0.500000000000000, 0.571428571428571, 0.642857142857143, 0.714285714285714, 0.785714285714286, 0.857142857142857, 0.928571428571429, 1.00000000000000 ), .UNSPECIFIED. )CURVE(  )GEOMETRIC_REPRESENTATION_ITEM(  )RATIONAL_B_SPLINE_CURVE( ( 1.00000000000000, 0.974927912181824, 1.00000000000000, 0.974927912181824, 1.00000000000000, 0.974927912181824, 1.00000000000000, 0.974927912181824, 1.00000000000000, 0.974927912181824, 1.00000000000000, 0.974927912181824, 1.00000000000000, 0.974927912181824, 1.00000000000000, 0.974927912181824, 1.00000000000000, 0.974927912181824, 1.00000000000000, 0.974927912181824, 1.00000000000000, 0.974927912181824, 1.00000000000000, 0.974927912181824, 1.00000000000000, 0.974927912181824, 1.00000000000000, 0.974927912181824, 1.00000000000000 ) )REPRESENTATION_ITEM( '' ) );
#6482 = VERTEX_POINT( '', #7870 );
#6483 = CIRCLE( '', #7871, 1.75000000000000 );
#6484 = ( BOUNDED_CURVE(  )B_SPLINE_CURVE( 2, ( #7874, #7875, #7876, #7877, #7878, #7879, #7880, #7881, #7882, #7883, #7884, #7885, #7886, #7887, #7888, #7889, #7890, #7891, #7892, #7893, #7894, #7895, #7896, #7897, #7898, #7899, #7900, #7901, #7902 ), .UNSPECIFIED., .F., .F. )B_SPLINE_CURVE_WITH_KNOTS( ( 3, 2, 2, 2, 2, 2, 2, 2, 2, 2, 2, 2, 2, 2, 3 ), ( 0.000000000000000, 0.0714285714285714, 0.142857142857143, 0.214285714285715, 0.285714285714286, 0.357142857142857, 0.428571428571428, 0.500000000000000, 0.571428571428571, 0.642857142857143, 0.714285714285714, 0.785714285714286, 0.857142857142857, 0.928571428571429, 1.00000000000000 ), .UNSPECIFIED. )CURVE(  )GEOMETRIC_REPRESENTATION_ITEM(  )RATIONAL_B_SPLINE_CURVE( ( 1.00000000000000, 0.974927912181824, 1.00000000000000, 0.974927912181824, 1.00000000000000, 0.974927912181824, 1.00000000000000, 0.974927912181824, 1.00000000000000, 0.974927912181824, 1.00000000000000, 0.974927912181824, 1.00000000000000, 0.974927912181824, 1.00000000000000, 0.974927912181824, 1.00000000000000, 0.974927912181824, 1.00000000000000, 0.974927912181824, 1.00000000000000, 0.974927912181824, 1.00000000000000, 0.974927912181824, 1.00000000000000, 0.974927912181824, 1.00000000000000, 0.974927912181824, 1.00000000000000 ) )REPRESENTATION_ITEM( '' ) );
#6485 = FILL_AREA_STYLE_COLOUR( '', #7908 );
#6486 = VERTEX_POINT( '', #7909 );
#6487 = VERTEX_POINT( '', #7910 );
#6488 = CIRCLE( '', #7911, 4.00000000000000 );
#6489 = VERTEX_POINT( '', #7912 );
#6490 = CIRCLE( '', #7913, 4.00000000000000 );
#6491 = CIRCLE( '', #7914, 4.00000000000000 );
#6492 = FILL_AREA_STYLE_COLOUR( '', #7915 );
#6493 = LINE( '', #7916, #7917 );
#6494 = FILL_AREA_STYLE_COLOUR( '', #7918 );
#6495 = VERTEX_POINT( '', #7919 );
#6496 = VERTEX_POINT( '', #7920 );
#6497 = CIRCLE( '', #7921, 5.25000000000000 );
#6498 = VERTEX_POINT( '', #7922 );
#6499 = LINE( '', #7923, #7924 );
#6500 = VERTEX_POINT( '', #7925 );
#6501 = CIRCLE( '', #7926, 5.25000000000000 );
#6502 = LINE( '', #7927, #7928 );
#6503 = FILL_AREA_STYLE_COLOUR( '', #7929 );
#6504 = VERTEX_POINT( '', #7930 );
#6505 = CIRCLE( '', #7931, 1.00000000000000 );
#6506 = FILL_AREA_STYLE_COLOUR( '', #7932 );
#6507 = CIRCLE( '', #7933, 3.75000000000000 );
#6508 = VERTEX_POINT( '', #7934 );
#6509 = LINE( '', #7935, #7936 );
#6510 = VERTEX_POINT( '', #7937 );
#6511 = B_SPLINE_CURVE_WITH_KNOTS( '', 3, ( #7938, #7939, #7940, #7941, #7942, #7943 ), .UNSPECIFIED., .F., .F., ( 4, 2, 4 ), ( 0.000000000000000, 0.000472753665216693, 0.000945507330433386 ), .UNSPECIFIED. );
#6512 = ELLIPSE( '', #7944, 5.30330085889914, 3.75000000000000 );
#6513 = VERTEX_POINT( '', #7945 );
#6514 = ELLIPSE( '', #7946, 5.30330085889908, 3.75000000000000 );
#6515 = VERTEX_POINT( '', #7947 );
#6516 = B_SPLINE_CURVE_WITH_KNOTS( '', 3, ( #7948, #7949, #7950, #7951, #7952, #7953 ), .UNSPECIFIED., .F., .F., ( 4, 2, 4 ), ( 0.000000000000000, 0.000799661271460605, 0.00159932254292121 ), .UNSPECIFIED. );
#6517 = VERTEX_POINT( '', #7954 );
#6518 = ELLIPSE( '', #7955, 5.30330085889914, 3.75000000000000 );
#6519 = B_SPLINE_CURVE_WITH_KNOTS( '', 3, ( #7956, #7957, #7958, #7959, #7960, #7961, #7962, #7963 ), .UNSPECIFIED., .F., .F., ( 4, 2, 2, 4 ), ( 0.000000000000000, 0.000236486028326040, 0.000472972056652080, 0.000945944113304098 ), .UNSPECIFIED. );
#6520 = FILL_AREA_STYLE_COLOUR( '', #7964 );
#6521 = VERTEX_POINT( '', #7965 );
#6522 = LINE( '', #7966, #7967 );
#6523 = VERTEX_POINT( '', #7968 );
#6524 = LINE( '', #7969, #7970 );
#6525 = CIRCLE( '', #7971, 2.00000000000000 );
#6526 = FILL_AREA_STYLE_COLOUR( '', #7972 );
#6527 = VERTEX_POINT( '', #7973 );
#6528 = LINE( '', #7974, #7975 );
#6529 = LINE( '', #7976, #7977 );
#6530 = FILL_AREA_STYLE_COLOUR( '', #7978 );
#6531 = VERTEX_POINT( '', #7979 );
#6532 = CIRCLE( '', #7980, 1.75000000000000 );
#6533 = VERTEX_POINT( '', #7981 );
#6534 = CIRCLE( '', #7982, 1.75000000000000 );
#6535 = LINE( '', #7983, #7984 );
#6536 = FILL_AREA_STYLE_COLOUR( '', #7985 );
#6537 = LINE( '', #7986, #7987 );
#6538 = VERTEX_POINT( '', #7988 );
#6539 = LINE( '', #7989, #7990 );
#6540 = ELLIPSE( '', #7991, 4.21335614261094, 4.00000000000000 );
#6541 = FILL_AREA_STYLE_COLOUR( '', #7992 );
#6542 = VERTEX_POINT( '', #7993 );
#6543 = VERTEX_POINT( '', #7994 );
#6544 = LINE( '', #7995, #7996 );
#6545 = CIRCLE( '', #7997, 1.00000000000000 );
#6546 = CIRCLE( '', #7998, 1.00000000000000 );
#6547 = FILL_AREA_STYLE_COLOUR( '', #7999 );
#6548 = VERTEX_POINT( '', #8000 );
#6549 = LINE( '', #8001, #8002 );
#6550 = LINE( '', #8003, #8004 );
#6551 = LINE( '', #8005, #8006 );
#6552 = FILL_AREA_STYLE_COLOUR( '', #8007 );
#6553 = VERTEX_POINT( '', #8008 );
#6554 = LINE( '', #8009, #8010 );
#6555 = CIRCLE( '', #8011, 1.00000000000000 );
#6556 = FILL_AREA_STYLE_COLOUR( '', #8012 );
#6557 = VERTEX_POINT( '', #8013 );
#6558 = LINE( '', #8014, #8015 );
#6559 = VERTEX_POINT( '', #8016 );
#6560 = LINE( '', #8017, #8018 );
#6561 = LINE( '', #8019, #8020 );
#6562 = LINE( '', #8021, #8022 );
#6563 = VERTEX_POINT( '', #8023 );
#6564 = LINE( '', #8024, #8025 );
#6565 = VERTEX_POINT( '', #8026 );
#6566 = LINE( '', #8027, #8028 );
#6567 = LINE( '', #8029, #8030 );
#6568 = VERTEX_POINT( '', #8031 );
#6569 = LINE( '', #8032, #8033 );
#6570 = VERTEX_POINT( '', #8034 );
#6571 = LINE( '', #8035, #8036 );
#6572 = VERTEX_POINT( '', #8037 );
#6573 = LINE( '', #8038, #8039 );
#6574 = LINE( '', #8040, #8041 );
#6575 = FILL_AREA_STYLE_COLOUR( '', #8042 );
#6576 = FILL_AREA_STYLE_COLOUR( '', #8043 );
#6577 = VERTEX_POINT( '', #8044 );
#6578 = CIRCLE( '', #8045, 5.00000000000000 );
#6579 = FILL_AREA_STYLE_COLOUR( '', #8046 );
#6580 = VERTEX_POINT( '', #8047 );
#6581 = LINE( '', #8048, #8049 );
#6582 = VERTEX_POINT( '', #8050 );
#6583 = LINE( '', #8051, #8052 );
#6584 = VERTEX_POINT( '', #8053 );
#6585 = LINE( '', #8054, #8055 );
#6586 = LINE( '', #8056, #8057 );
#6587 = FILL_AREA_STYLE_COLOUR( '', #8058 );
#6588 = VERTEX_POINT( '', #8059 );
#6589 = VERTEX_POINT( '', #8060 );
#6590 = LINE( '', #8061, #8062 );
#6591 = VERTEX_POINT( '', #8063 );
#6592 = LINE( '', #8064, #8065 );
#6593 = VERTEX_POINT( '', #8066 );
#6594 = LINE( '', #8067, #8068 );
#6595 = VERTEX_POINT( '', #8069 );
#6596 = CIRCLE( '', #8070, 2.00000000000000 );
#6597 = LINE( '', #8071, #8072 );
#6598 = FILL_AREA_STYLE_COLOUR( '', #8073 );
#6599 = VERTEX_POINT( '', #8074 );
#6600 = LINE( '', #8075, #8076 );
#6601 = LINE( '', #8077, #8078 );
#6602 = LINE( '', #8079, #8080 );
#6603 = FILL_AREA_STYLE_COLOUR( '', #8081 );
#6604 = VERTEX_POINT( '', #8082 );
#6605 = LINE( '', #8083, #8084 );
#6606 = VERTEX_POINT( '', #8085 );
#6607 = LINE( '', #8086, #8087 );
#6608 = LINE( '', #8088, #8089 );
#6609 = FILL_AREA_STYLE_COLOUR( '', #8090 );
#6610 = VERTEX_POINT( '', #8091 );
#6611 = LINE( '', #8092, #8093 );
#6612 = VERTEX_POINT( '', #8094 );
#6613 = LINE( '', #8095, #8096 );
#6614 = VERTEX_POINT( '', #8097 );
#6615 = LINE( '', #8098, #8099 );
#6616 = CIRCLE( '', #8100, 2.00000000000000 );
#6617 = FILL_AREA_STYLE_COLOUR( '', #8101 );
#6618 = VERTEX_POINT( '', #8102 );
#6619 = LINE( '', #8103, #8104 );
#6620 = VERTEX_POINT( '', #8105 );
#6621 = LINE( '', #8106, #8107 );
#6622 = VERTEX_POINT( '', #8108 );
#6623 = LINE( '', #8109, #8110 );
#6624 = LINE( '', #8111, #8112 );
#6625 = FILL_AREA_STYLE_COLOUR( '', #8113 );
#6626 = FILL_AREA_STYLE_COLOUR( '', #8114 );
#6627 = VERTEX_POINT( '', #8115 );
#6628 = LINE( '', #8116, #8117 );
#6629 = VERTEX_POINT( '', #8118 );
#6630 = LINE( '', #8119, #8120 );
#6631 = B_SPLINE_CURVE_WITH_KNOTS( '', 3, ( #8121, #8122, #8123, #8124, #8125, #8126 ), .UNSPECIFIED., .F., .F., ( 4, 2, 4 ), ( 0.000000000000000, 0.000802258689880686, 0.00160451737976137 ), .UNSPECIFIED. );
#6632 = FILL_AREA_STYLE_COLOUR( '', #8127 );
#6633 = LINE( '', #8128, #8129 );
#6634 = LINE( '', #8130, #8131 );
#6635 = FILL_AREA_STYLE_COLOUR( '', #8132 );
#6636 = CIRCLE( '', #8133, 1.00000000000000 );
#6637 = VERTEX_POINT( '', #8134 );
#6638 = CIRCLE( '', #8135, 1.00000000000000 );
#6639 = LINE( '', #8136, #8137 );
#6640 = FILL_AREA_STYLE_COLOUR( '', #8138 );
#6641 = VERTEX_POINT( '', #8139 );
#6642 = CIRCLE( '', #8140, 2.00000000000000 );
#6643 = VERTEX_POINT( '', #8141 );
#6644 = CIRCLE( '', #8142, 1.90000000000000 );
#6645 = FILL_AREA_STYLE_COLOUR( '', #8143 );
#6646 = LINE( '', #8144, #8145 );
#6647 = VERTEX_POINT( '', #8146 );
#6648 = CIRCLE( '', #8147, 1.00000000000000 );
#6649 = LINE( '', #8148, #8149 );
#6650 = FILL_AREA_STYLE_COLOUR( '', #8150 );
#6651 = ( BOUNDED_CURVE(  )B_SPLINE_CURVE( 2, ( #8153, #8154, #8155, #8156, #8157, #8158, #8159, #8160, #8161, #8162, #8163, #8164, #8165, #8166, #8167, #8168, #8169, #8170, #8171, #8172, #8173, #8174, #8175, #8176, #8177, #8178, #8179, #8180, #8181, #8182, #8183, #8184, #8185, #8186, #8187, #8188, #8189, #8190, #8191, #8192, #8193, #8194, #8195, #8196, #8197, #8198, #8199, #8200, #8201, #8202, #8203, #8204, #8205, #8206, #8207, #8208, #8209, #8210, #8211, #8212, #8213, #8214, #8215, #8216, #8217, #8218, #8219, #8220, #8221, #8222, #8223, #8224, #8225, #8226, #8227, #8228, #8229, #8230, #8231, #8232, #8233, #8234, #8235, #8236, #8237, #8238, #8239, #8240, #8241, #8242, #8243, #8244, #8245, #8246, #8247, #8248, #8249, #8250, #8251, #8252, #8253, #8254, #8255, #8256, #8257, #8258, #8259, #8260, #8261, #8262, #8263, #8264, #8265, #8266, #8267, #8268, #8269, #8270, #8271, #8272, #8273, #8274, #8275, #8276, #8277, #8278, #8279, #8280, #8281, #8282, #8283, #8284, #8285, #8286, #8287, #8288, #8289, #8290, #8291, #8292, #8293 ), .UNSPECIFIED., .F., .F. )B_SPLINE_CURVE_WITH_KNOTS( ( 3, 2, 2, 2, 2, 2, 2, 2, 2, 2, 2, 2, 2, 2, 2, 2, 2, 2, 2, 2, 2, 2, 2, 2, 2, 2, 2, 2, 2, 2, 2, 2, 2, 2, 2, 2, 2, 2, 2, 2, 2, 2, 2, 2, 2, 2, 2, 2, 2, 2, 2, 2, 2, 2, 2, 2, 2, 2, 2, 2, 2, 2, 2, 2, 2, 2, 2, 2, 2, 2, 3 ), ( 0.000000000000000, 0.0142857142857143, 0.0285714285714286, 0.0428571428571429, 0.0571428571428571, 0.0714285714285714, 0.0857142857142857, 0.100000000000000, 0.114285714285714, 0.128571428571429, 0.142857142857143, 0.157142857142857, 0.171428571428572, 0.185714285714286, 0.200000000000000, 0.214285714285715, 0.228571428571428, 0.242857142857143, 0.257142857142857, 0.271428571428572, 0.285714285714286, 0.300000000000000, 0.314285714285715, 0.328571428571429, 0.342857142857143, 0.357142857142857, 0.371428571428572, 0.385714285714286, 0.400000000000000, 0.414285714285715, 0.428571428571428, 0.442857142857143, 0.457142857142857, 0.471428571428571, 0.485714285714286, 0.500000000000000, 0.514285714285714, 0.528571428571429, 0.542857142857143, 0.557142857142857, 0.571428571428571, 0.585714285714286, 0.600000000000000, 0.614285714285714, 0.628571428571429, 0.642857142857143, 0.657142857142857, 0.671428571428571, 0.685714285714286, 0.700000000000000, 0.714285714285714, 0.728571428571429, 0.742857142857143, 0.757142857142857, 0.771428571428572, 0.785714285714286, 0.800000000000000, 0.814285714285714, 0.828571428571429, 0.842857142857143, 0.857142857142857, 0.871428571428571, 0.885714285714286, 0.900000000000000, 0.914285714285714, 0.928571428571429, 0.942857142857143, 0.957142857142857, 0.971428571428571, 0.985714285714286, 1.00000000000000 ), .UNSPECIFIED. )CURVE(  )GEOMETRIC_REPRESENTATION_ITEM(  )RATIONAL_B_SPLINE_CURVE( ( 1.00000000000000, 0.974927912181824, 1.00000000000000, 0.974927912181824, 1.00000000000000, 0.974927912181824, 1.00000000000000, 0.974927912181824, 1.00000000000000, 0.974927912181824, 1.00000000000000, 0.974927912181824, 1.00000000000000, 0.974927912181824, 1.00000000000000, 0.974927912181824, 1.00000000000000, 0.974927912181824, 1.00000000000000, 0.974927912181824, 1.00000000000000, 0.974927912181824, 1.00000000000000, 0.974927912181824, 1.00000000000000, 0.974927912181824, 1.00000000000000, 0.974927912181824, 1.00000000000000, 0.974927912181824, 1.00000000000000, 0.974927912181824, 1.00000000000000, 0.974927912181824, 1.00000000000000, 0.974927912181824, 1.00000000000000, 0.974927912181824, 1.00000000000000, 0.974927912181824, 1.00000000000000, 0.974927912181824, 1.00000000000000, 0.974927912181824, 1.00000000000000, 0.974927912181824, 1.00000000000000, 0.974927912181824, 1.00000000000000, 0.974927912181824, 1.00000000000000, 0.974927912181824, 1.00000000000000, 0.974927912181824, 1.00000000000000, 0.974927912181824, 1.00000000000000, 0.974927912181824, 1.00000000000000, 0.974927912181824, 1.00000000000000, 0.974927912181824, 1.00000000000000, 0.974927912181824, 1.00000000000000, 0.974927912181824, 1.00000000000000, 0.974927912181824, 1.00000000000000, 0.974927912181824, 1.00000000000000, 0.974927912181824, 1.00000000000000, 0.974927912181824, 1.00000000000000, 0.974927912181824, 1.00000000000000, 0.974927912181824, 1.00000000000000, 0.974927912181824, 1.00000000000000, 0.974927912181824, 1.00000000000000, 0.974927912181824, 1.00000000000000, 0.974927912181824, 1.00000000000000, 0.974927912181824, 1.00000000000000, 0.974927912181824, 1.00000000000000, 0.974927912181824, 1.00000000000000, 0.974927912181824, 1.00000000000000, 0.974927912181824, 1.00000000000000, 0.974927912181824, 1.00000000000000, 0.974927912181824, 1.00000000000000, 0.974927912181824, 1.00000000000000, 0.974927912181824, 1.00000000000000, 0.974927912181824, 1.00000000000000, 0.974927912181824, 1.00000000000000, 0.974927912181824, 1.00000000000000, 0.974927912181824, 1.00000000000000, 0.974927912181824, 1.00000000000000, 0.974927912181824, 1.00000000000000, 0.974927912181824, 1.00000000000000, 0.974927912181824, 1.00000000000000, 0.974927912181824, 1.00000000000000, 0.974927912181824, 1.00000000000000, 0.974927912181824, 1.00000000000000, 0.974927912181824, 1.00000000000000, 0.974927912181824, 1.00000000000000, 0.974927912181824, 1.00000000000000, 0.974927912181824, 1.00000000000000, 0.974927912181824, 1.00000000000000, 0.974927912181824, 1.00000000000000, 0.974927912181824, 1.00000000000000 ) )REPRESENTATION_ITEM( '' ) );
#6652 = FILL_AREA_STYLE_COLOUR( '', #8299 );
#6653 = LINE( '', #8300, #8301 );
#6654 = LINE( '', #8302, #8303 );
#6655 = FILL_AREA_STYLE_COLOUR( '', #8304 );
#6656 = CIRCLE( '', #8305, 2.00000000000000 );
#6657 = FILL_AREA_STYLE_COLOUR( '', #8306 );
#6658 = VERTEX_POINT( '', #8307 );
#6659 = LINE( '', #8308, #8309 );
#6660 = VERTEX_POINT( '', #8310 );
#6661 = LINE( '', #8311, #8312 );
#6662 = LINE( '', #8313, #8314 );
#6663 = FILL_AREA_STYLE_COLOUR( '', #8315 );
#6664 = VERTEX_POINT( '', #8316 );
#6665 = LINE( '', #8317, #8318 );
#6666 = CIRCLE( '', #8319, 1.00000000000000 );
#6667 = FILL_AREA_STYLE_COLOUR( '', #8320 );
#6668 = LINE( '', #8321, #8322 );
#6669 = FILL_AREA_STYLE_COLOUR( '', #8323 );
#6670 = VERTEX_POINT( '', #8324 );
#6671 = LINE( '', #8325, #8326 );
#6672 = CIRCLE( '', #8327, 1.75000000000000 );
#6673 = FILL_AREA_STYLE_COLOUR( '', #8328 );
#6674 = VERTEX_POINT( '', #8329 );
#6675 = VERTEX_POINT( '', #8330 );
#6676 = LINE( '', #8331, #8332 );
#6677 = VERTEX_POINT( '', #8333 );
#6678 = LINE( '', #8334, #8335 );
#6679 = VERTEX_POINT( '', #8336 );
#6680 = LINE( '', #8337, #8338 );
#6681 = LINE( '', #8339, #8340 );
#6682 = FILL_AREA_STYLE_COLOUR( '', #8341 );
#6683 = VERTEX_POINT( '', #8342 );
#6684 = VERTEX_POINT( '', #8343 );
#6685 = CIRCLE( '', #8344, 4.00000000000000 );
#6686 = CIRCLE( '', #8345, 4.00000000000000 );
#6687 = CIRCLE( '', #8346, 4.00000000000000 );
#6688 = FILL_AREA_STYLE_COLOUR( '', #8347 );
#6689 = LINE( '', #8348, #8349 );
#6690 = LINE( '', #8350, #8351 );
#6691 = FILL_AREA_STYLE_COLOUR( '', #8352 );
#6692 = LINE( '', #8353, #8354 );
#6693 = FILL_AREA_STYLE_COLOUR( '', #8355 );
#6694 = VERTEX_POINT( '', #8356 );
#6695 = CIRCLE( '', #8357, 1.90000000000000 );
#6696 = FILL_AREA_STYLE_COLOUR( '', #8358 );
#6697 = LINE( '', #8359, #8360 );
#6698 = LINE( '', #8361, #8362 );
#6699 = LINE( '', #8363, #8364 );
#6700 = FILL_AREA_STYLE_COLOUR( '', #8365 );
#6701 = VERTEX_POINT( '', #8366 );
#6702 = CIRCLE( '', #8367, 3.45000000000000 );
#6703 = VERTEX_POINT( '', #8368 );
#6704 = LINE( '', #8369, #8370 );
#6705 = CIRCLE( '', #8371, 1.75000000000000 );
#6706 = FILL_AREA_STYLE_COLOUR( '', #8372 );
#6707 = LINE( '', #8373, #8374 );
#6708 = LINE( '', #8375, #8376 );
#6709 = FILL_AREA_STYLE_COLOUR( '', #8377 );
#6710 = LINE( '', #8378, #8379 );
#6711 = CIRCLE( '', #8380, 1.00000000000000 );
#6712 = FILL_AREA_STYLE_COLOUR( '', #8381 );
#6713 = VERTEX_POINT( '', #8382 );
#6714 = LINE( '', #8383, #8384 );
#6715 = CIRCLE( '', #8385, 2.00000000000000 );
#6716 = FILL_AREA_STYLE_COLOUR( '', #8386 );
#6717 = LINE( '', #8387, #8388 );
#6718 = FILL_AREA_STYLE_COLOUR( '', #8389 );
#6719 = FILL_AREA_STYLE_COLOUR( '', #8390 );
#6720 = VERTEX_POINT( '', #8391 );
#6721 = B_SPLINE_CURVE_WITH_KNOTS( '', 3, ( #8392, #8393, #8394, #8395, #8396 ), .UNSPECIFIED., .F., .F., ( 4, 1, 4 ), ( 0.000000000000000, 0.500000000000000, 1.00000000000000 ), .UNSPECIFIED. );
#6722 = B_SPLINE_CURVE_WITH_KNOTS( '', 3, ( #8397, #8398, #8399, #8400 ), .UNSPECIFIED., .F., .F., ( 4, 4 ), ( 0.000000000000000, 1.00000000000000 ), .UNSPECIFIED. );
#6723 = FILL_AREA_STYLE_COLOUR( '', #8401 );
#6724 = VERTEX_POINT( '', #8402 );
#6725 = LINE( '', #8403, #8404 );
#6726 = CIRCLE( '', #8405, 1.29289321881345 );
#6727 = VERTEX_POINT( '', #8406 );
#6728 = LINE( '', #8407, #8408 );
#6729 = B_SPLINE_CURVE_WITH_KNOTS( '', 3, ( #8409, #8410, #8411, #8412, #8413, #8414 ), .UNSPECIFIED., .F., .F., ( 4, 2, 4 ), ( 0.000000000000000, 0.000799661271460610, 0.00159932254292122 ), .UNSPECIFIED. );
#6730 = FILL_AREA_STYLE_COLOUR( '', #8415 );
#6731 = VERTEX_POINT( '', #8416 );
#6732 = CIRCLE( '', #8417, 1.00000000000000 );
#6733 = LINE( '', #8418, #8419 );
#6734 = VERTEX_POINT( '', #8420 );
#6735 = CIRCLE( '', #8421, 1.00000000000000 );
#6736 = LINE( '', #8422, #8423 );
#6737 = FILL_AREA_STYLE_COLOUR( '', #8424 );
#6738 = VERTEX_POINT( '', #8425 );
#6739 = LINE( '', #8426, #8427 );
#6740 = CIRCLE( '', #8428, 4.00000000000000 );
#6741 = CIRCLE( '', #8429, 4.00000000000000 );
#6742 = FILL_AREA_STYLE_COLOUR( '', #8430 );
#6743 = VERTEX_POINT( '', #8431 );
#6744 = VERTEX_POINT( '', #8432 );
#6745 = LINE( '', #8433, #8434 );
#6746 = LINE( '', #8435, #8436 );
#6747 = LINE( '', #8437, #8438 );
#6748 = LINE( '', #8439, #8440 );
#6749 = FILL_AREA_STYLE_COLOUR( '', #8441 );
#6750 = VERTEX_POINT( '', #8442 );
#6751 = LINE( '', #8443, #8444 );
#6752 = CIRCLE( '', #8445, 4.00000000000000 );
#6753 = FILL_AREA_STYLE_COLOUR( '', #8446 );
#6754 = VERTEX_POINT( '', #8447 );
#6755 = CIRCLE( '', #8448, 1.90000000000000 );
#6756 = FILL_AREA_STYLE_COLOUR( '', #8449 );
#6757 = VERTEX_POINT( '', #8450 );
#6758 = ELLIPSE( '', #8451, 5.30330085889914, 3.75000000000000 );
#6759 = LINE( '', #8452, #8453 );
#6760 = FILL_AREA_STYLE_COLOUR( '', #8454 );
#6761 = LINE( '', #8455, #8456 );
#6762 = FILL_AREA_STYLE_COLOUR( '', #8457 );
#6763 = LINE( '', #8458, #8459 );
#6764 = FILL_AREA_STYLE_COLOUR( '', #8460 );
#6765 = CIRCLE( '', #8461, 1.00000000000000 );
#6766 = CIRCLE( '', #8462, 2.00000000000000 );
#6767 = FILL_AREA_STYLE_COLOUR( '', #8463 );
#6768 = FILL_AREA_STYLE_COLOUR( '', #8464 );
#6769 = ELLIPSE( '', #8465, 5.30330085889914, 3.75000000000000 );
#6770 = FILL_AREA_STYLE_COLOUR( '', #8466 );
#6771 = CIRCLE( '', #8467, 1.00000000000000 );
#6772 = FILL_AREA_STYLE_COLOUR( '', #8468 );
#6773 = FILL_AREA_STYLE_COLOUR( '', #8469 );
#6774 = LINE( '', #8470, #8471 );
#6775 = FILL_AREA_STYLE_COLOUR( '', #8472 );
#6776 = CIRCLE( '', #8473, 4.00000000000000 );
#6777 = VERTEX_POINT( '', #8474 );
#6778 = CIRCLE( '', #8475, 2.00000000000000 );
#6779 = VERTEX_POINT( '', #8476 );
#6780 = LINE( '', #8477, #8478 );
#6781 = LINE( '', #8479, #8480 );
#6782 = LINE( '', #8481, #8482 );
#6783 = LINE( '', #8483, #8484 );
#6784 = FILL_AREA_STYLE_COLOUR( '', #8485 );
#6785 = ELLIPSE( '', #8486, 3.25908113221589, 3.00000000000000 );
#6786 = ELLIPSE( '', #8487, 4.34544150962119, 4.00000000000000 );
#6787 = LINE( '', #8488, #8489 );
#6788 = LINE( '', #8490, #8491 );
#6789 = FILL_AREA_STYLE_COLOUR( '', #8492 );
#6790 = FILL_AREA_STYLE_COLOUR( '', #8493 );
#6791 = ELLIPSE( '', #8494, 5.30330085889914, 3.75000000000000 );
#6792 = FILL_AREA_STYLE_COLOUR( '', #8495 );
#6793 = VERTEX_POINT( '', #8496 );
#6794 = B_SPLINE_CURVE_WITH_KNOTS( '', 3, ( #8497, #8498, #8499, #8500, #8501 ), .UNSPECIFIED., .F., .F., ( 4, 1, 4 ), ( 0.000000000000000, 0.500000000000000, 1.00000000000000 ), .UNSPECIFIED. );
#6795 = B_SPLINE_CURVE_WITH_KNOTS( '', 3, ( #8502, #8503, #8504, #8505 ), .UNSPECIFIED., .F., .F., ( 4, 4 ), ( 0.000000000000000, 1.00000000000000 ), .UNSPECIFIED. );
#6796 = LINE( '', #8506, #8507 );
#6797 = FILL_AREA_STYLE_COLOUR( '', #8508 );
#6798 = CIRCLE( '', #8509, 4.00000000000000 );
#6799 = CIRCLE( '', #8510, 4.00000000000000 );
#6800 = FILL_AREA_STYLE_COLOUR( '', #8511 );
#6801 = FILL_AREA_STYLE_COLOUR( '', #8512 );
#6802 = LINE( '', #8513, #8514 );
#6803 = FILL_AREA_STYLE_COLOUR( '', #8515 );
#6804 = VERTEX_POINT( '', #8516 );
#6805 = B_SPLINE_CURVE_WITH_KNOTS( '', 3, ( #8517, #8518, #8519, #8520, #8521 ), .UNSPECIFIED., .F., .F., ( 4, 1, 4 ), ( 0.000000000000000, 0.500000000000000, 1.00000000000000 ), .UNSPECIFIED. );
#6806 = B_SPLINE_CURVE_WITH_KNOTS( '', 3, ( #8522, #8523, #8524, #8525 ), .UNSPECIFIED., .F., .F., ( 4, 4 ), ( 0.000000000000000, 1.00000000000000 ), .UNSPECIFIED. );
#6807 = FILL_AREA_STYLE_COLOUR( '', #8526 );
#6808 = VERTEX_POINT( '', #8527 );
#6809 = LINE( '', #8528, #8529 );
#6810 = VERTEX_POINT( '', #8530 );
#6811 = LINE( '', #8531, #8532 );
#6812 = LINE( '', #8533, #8534 );
#6813 = FILL_AREA_STYLE_COLOUR( '', #8535 );
#6814 = CIRCLE( '', #8536, 3.75000000000000 );
#6815 = VERTEX_POINT( '', #8537 );
#6816 = CIRCLE( '', #8538, 4.05000000000000 );
#6817 = FILL_AREA_STYLE_COLOUR( '', #8539 );
#6818 = VERTEX_POINT( '', #8540 );
#6819 = CIRCLE( '', #8541, 1.00000000000000 );
#6820 = FILL_AREA_STYLE_COLOUR( '', #8542 );
#6821 = FILL_AREA_STYLE_COLOUR( '', #8543 );
#6822 = FILL_AREA_STYLE_COLOUR( '', #8544 );
#6823 = VERTEX_POINT( '', #8545 );
#6824 = CIRCLE( '', #8546, 2.00000000000000 );
#6825 = FILL_AREA_STYLE_COLOUR( '', #8547 );
#6826 = CIRCLE( '', #8548, 4.00000000000000 );
#6827 = LINE( '', #8549, #8550 );
#6828 = LINE( '', #8551, #8552 );
#6829 = CIRCLE( '', #8553, 2.00000000000000 );
#6830 = FILL_AREA_STYLE_COLOUR( '', #8554 );
#6831 = FILL_AREA_STYLE_COLOUR( '', #8555 );
#6832 = VERTEX_POINT( '', #8556 );
#6833 = VERTEX_POINT( '', #8557 );
#6834 = CIRCLE( '', #8558, 5.25000000000000 );
#6835 = LINE( '', #8559, #8560 );
#6836 = LINE( '', #8561, #8562 );
#6837 = CIRCLE( '', #8563, 1.75000000000000 );
#6838 = FILL_AREA_STYLE_COLOUR( '', #8564 );
#6839 = VERTEX_POINT( '', #8565 );
#6840 = CIRCLE( '', #8566, 3.75000000000000 );
#6841 = FILL_AREA_STYLE_COLOUR( '', #8567 );
#6842 = CIRCLE( '', #8568, 4.00000000000000 );
#6843 = ELLIPSE( '', #8569, 4.34544150962119, 4.00000000000000 );
#6844 = FILL_AREA_STYLE_COLOUR( '', #8570 );
#6845 = FILL_AREA_STYLE_COLOUR( '', #8571 );
#6846 = FILL_AREA_STYLE_COLOUR( '', #8572 );
#6847 = LINE( '', #8573, #8574 );
#6848 = FILL_AREA_STYLE_COLOUR( '', #8575 );
#6849 = B_SPLINE_CURVE_WITH_KNOTS( '', 3, ( #8576, #8577, #8578, #8579, #8580 ), .UNSPECIFIED., .F., .F., ( 4, 1, 4 ), ( 0.000000000000000, 0.500000000000000, 1.00000000000000 ), .UNSPECIFIED. );
#6850 = VERTEX_POINT( '', #8581 );
#6851 = VERTEX_POINT( '', #8582 );
#6852 = CIRCLE( '', #8583, 5.25000000000000 );
#6853 = LINE( '', #8584, #8585 );
#6854 = LINE( '', #8586, #8587 );
#6855 = FILL_AREA_STYLE_COLOUR( '', #8588 );
#6856 = CIRCLE( '', #8589, 1.00000000000000 );
#6857 = FILL_AREA_STYLE_COLOUR( '', #8590 );
#6858 = CIRCLE( '', #8591, 1.29289321881346 );
#6859 = FILL_AREA_STYLE_COLOUR( '', #8592 );
#6860 = VERTEX_POINT( '', #8593 );
#6861 = CIRCLE( '', #8594, 4.70000000000000 );
#6862 = FILL_AREA_STYLE_COLOUR( '', #8595 );
#6863 = CIRCLE( '', #8596, 1.75000000000000 );
#6864 = CIRCLE( '', #8597, 1.75000000000000 );
#6865 = FILL_AREA_STYLE_COLOUR( '', #8598 );
#6866 = ( BOUNDED_CURVE(  )B_SPLINE_CURVE( 2, ( #8601, #8602, #8603, #8604, #8605, #8606, #8607, #8608, #8609, #8610, #8611, #8612, #8613, #8614, #8615, #8616, #8617, #8618, #8619, #8620, #8621, #8622, #8623, #8624, #8625, #8626, #8627, #8628, #8629, #8630, #8631, #8632, #8633, #8634, #8635, #8636, #8637, #8638, #8639, #8640, #8641, #8642, #8643, #8644, #8645, #8646, #8647, #8648, #8649, #8650, #8651, #8652, #8653, #8654, #8655, #8656, #8657, #8658, #8659, #8660, #8661, #8662, #8663, #8664, #8665, #8666, #8667, #8668, #8669, #8670, #8671, #8672, #8673, #8674, #8675, #8676, #8677, #8678, #8679, #8680, #8681, #8682, #8683, #8684, #8685, #8686, #8687, #8688, #8689, #8690, #8691, #8692, #8693, #8694, #8695, #8696, #8697, #8698, #8699, #8700, #8701, #8702, #8703, #8704, #8705, #8706, #8707, #8708, #8709, #8710, #8711, #8712, #8713, #8714, #8715, #8716, #8717, #8718, #8719, #8720, #8721, #8722, #8723, #8724, #8725, #8726, #8727, #8728, #8729, #8730, #8731, #8732, #8733, #8734, #8735, #8736, #8737, #8738, #8739, #8740, #8741 ), .UNSPECIFIED., .F., .F. )B_SPLINE_CURVE_WITH_KNOTS( ( 3, 2, 2, 2, 2, 2, 2, 2, 2, 2, 2, 2, 2, 2, 2, 2, 2, 2, 2, 2, 2, 2, 2, 2, 2, 2, 2, 2, 2, 2, 2, 2, 2, 2, 2, 2, 2, 2, 2, 2, 2, 2, 2, 2, 2, 2, 2, 2, 2, 2, 2, 2, 2, 2, 2, 2, 2, 2, 2, 2, 2, 2, 2, 2, 2, 2, 2, 2, 2, 2, 3 ), ( 0.000000000000000, 0.0142857142857143, 0.0285714285714286, 0.0428571428571429, 0.0571428571428571, 0.0714285714285714, 0.0857142857142857, 0.100000000000000, 0.114285714285714, 0.128571428571429, 0.142857142857143, 0.157142857142857, 0.171428571428572, 0.185714285714286, 0.200000000000000, 0.214285714285715, 0.228571428571428, 0.242857142857143, 0.257142857142857, 0.271428571428572, 0.285714285714286, 0.300000000000000, 0.314285714285715, 0.328571428571429, 0.342857142857143, 0.357142857142857, 0.371428571428572, 0.385714285714286, 0.400000000000000, 0.414285714285715, 0.428571428571428, 0.442857142857143, 0.457142857142857, 0.471428571428571, 0.485714285714286, 0.500000000000000, 0.514285714285714, 0.528571428571429, 0.542857142857143, 0.557142857142857, 0.571428571428571, 0.585714285714286, 0.600000000000000, 0.614285714285714, 0.628571428571429, 0.642857142857143, 0.657142857142857, 0.671428571428571, 0.685714285714286, 0.700000000000000, 0.714285714285714, 0.728571428571429, 0.742857142857143, 0.757142857142857, 0.771428571428572, 0.785714285714286, 0.800000000000000, 0.814285714285714, 0.828571428571429, 0.842857142857143, 0.857142857142857, 0.871428571428571, 0.885714285714286, 0.900000000000000, 0.914285714285714, 0.928571428571429, 0.942857142857143, 0.957142857142857, 0.971428571428571, 0.985714285714286, 1.00000000000000 ), .UNSPECIFIED. )CURVE(  )GEOMETRIC_REPRESENTATION_ITEM(  )RATIONAL_B_SPLINE_CURVE( ( 1.00000000000000, 0.974927912181824, 1.00000000000000, 0.974927912181824, 1.00000000000000, 0.974927912181824, 1.00000000000000, 0.974927912181824, 1.00000000000000, 0.974927912181824, 1.00000000000000, 0.974927912181824, 1.00000000000000, 0.974927912181824, 1.00000000000000, 0.974927912181824, 1.00000000000000, 0.974927912181824, 1.00000000000000, 0.974927912181824, 1.00000000000000, 0.974927912181824, 1.00000000000000, 0.974927912181824, 1.00000000000000, 0.974927912181824, 1.00000000000000, 0.974927912181824, 1.00000000000000, 0.974927912181824, 1.00000000000000, 0.974927912181824, 1.00000000000000, 0.974927912181824, 1.00000000000000, 0.974927912181824, 1.00000000000000, 0.974927912181824, 1.00000000000000, 0.974927912181824, 1.00000000000000, 0.974927912181824, 1.00000000000000, 0.974927912181824, 1.00000000000000, 0.974927912181824, 1.00000000000000, 0.974927912181824, 1.00000000000000, 0.974927912181824, 1.00000000000000, 0.974927912181824, 1.00000000000000, 0.974927912181824, 1.00000000000000, 0.974927912181824, 1.00000000000000, 0.974927912181824, 1.00000000000000, 0.974927912181824, 1.00000000000000, 0.974927912181824, 1.00000000000000, 0.974927912181824, 1.00000000000000, 0.974927912181824, 1.00000000000000, 0.974927912181824, 1.00000000000000, 0.974927912181824, 1.00000000000000, 0.974927912181824, 1.00000000000000, 0.974927912181824, 1.00000000000000, 0.974927912181824, 1.00000000000000, 0.974927912181824, 1.00000000000000, 0.974927912181824, 1.00000000000000, 0.974927912181824, 1.00000000000000, 0.974927912181824, 1.00000000000000, 0.974927912181824, 1.00000000000000, 0.974927912181824, 1.00000000000000, 0.974927912181824, 1.00000000000000, 0.974927912181824, 1.00000000000000, 0.974927912181824, 1.00000000000000, 0.974927912181824, 1.00000000000000, 0.974927912181824, 1.00000000000000, 0.974927912181824, 1.00000000000000, 0.974927912181824, 1.00000000000000, 0.974927912181824, 1.00000000000000, 0.974927912181824, 1.00000000000000, 0.974927912181824, 1.00000000000000, 0.974927912181824, 1.00000000000000, 0.974927912181824, 1.00000000000000, 0.974927912181824, 1.00000000000000, 0.974927912181824, 1.00000000000000, 0.974927912181824, 1.00000000000000, 0.974927912181824, 1.00000000000000, 0.974927912181824, 1.00000000000000, 0.974927912181824, 1.00000000000000, 0.974927912181824, 1.00000000000000, 0.974927912181824, 1.00000000000000, 0.974927912181824, 1.00000000000000, 0.974927912181824, 1.00000000000000, 0.974927912181824, 1.00000000000000, 0.974927912181824, 1.00000000000000, 0.974927912181824, 1.00000000000000, 0.974927912181824, 1.00000000000000 ) )REPRESENTATION_ITEM( '' ) );
#6867 = FILL_AREA_STYLE_COLOUR( '', #8747 );
#6868 = VERTEX_POINT( '', #8748 );
#6869 = CIRCLE( '', #8749, 2.00000000000000 );
#6870 = FILL_AREA_STYLE_COLOUR( '', #8750 );
#6871 = LINE( '', #8751, #8752 );
#6872 = FILL_AREA_STYLE_COLOUR( '', #8753 );
#6873 = LINE( '', #8754, #8755 );
#6874 = FILL_AREA_STYLE_COLOUR( '', #8756 );
#6875 = LINE( '', #8757, #8758 );
#6876 = LINE( '', #8759, #8760 );
#6877 = FILL_AREA_STYLE_COLOUR( '', #8761 );
#6878 = LINE( '', #8762, #8763 );
#6879 = FILL_AREA_STYLE_COLOUR( '', #8764 );
#6880 = FILL_AREA_STYLE_COLOUR( '', #8765 );
#6881 = FILL_AREA_STYLE_COLOUR( '', #8766 );
#6882 = LINE( '', #8767, #8768 );
#6883 = FILL_AREA_STYLE_COLOUR( '', #8769 );
#6884 = FILL_AREA_STYLE_COLOUR( '', #8770 );
#6885 = LINE( '', #8771, #8772 );
#6886 = FILL_AREA_STYLE_COLOUR( '', #8773 );
#6887 = LINE( '', #8774, #8775 );
#6888 = FILL_AREA_STYLE_COLOUR( '', #8776 );
#6889 = CIRCLE( '', #8777, 4.00000000000000 );
#6890 = FILL_AREA_STYLE_COLOUR( '', #8778 );
#6891 = B_SPLINE_CURVE_WITH_KNOTS( '', 3, ( #8779, #8780, #8781, #8782, #8783, #8784 ), .UNSPECIFIED., .F., .F., ( 4, 2, 4 ), ( 0.000000000000000, 0.000472753665216691, 0.000945507330433382 ), .UNSPECIFIED. );
#6892 = LINE( '', #8785, #8786 );
#6893 = FILL_AREA_STYLE_COLOUR( '', #8787 );
#6894 = LINE( '', #8788, #8789 );
#6895 = FILL_AREA_STYLE_COLOUR( '', #8790 );
#6896 = CIRCLE( '', #8791, 2.00000000000000 );
#6897 = FILL_AREA_STYLE_COLOUR( '', #8792 );
#6898 = FILL_AREA_STYLE_COLOUR( '', #8793 );
#6899 = FILL_AREA_STYLE_COLOUR( '', #8794 );
#6900 = CIRCLE( '', #8795, 4.00000000000000 );
#6901 = FILL_AREA_STYLE_COLOUR( '', #8796 );
#6902 = FILL_AREA_STYLE_COLOUR( '', #8797 );
#6903 = FILL_AREA_STYLE_COLOUR( '', #8798 );
#6904 = CIRCLE( '', #8799, 3.00000000000000 );
#6905 = FILL_AREA_STYLE_COLOUR( '', #8800 );
#6906 = FILL_AREA_STYLE_COLOUR( '', #8801 );
#6907 = FILL_AREA_STYLE_COLOUR( '', #8802 );
#6908 = FILL_AREA_STYLE_COLOUR( '', #8803 );
#6909 = FILL_AREA_STYLE_COLOUR( '', #8804 );
#6910 = FILL_AREA_STYLE_COLOUR( '', #8805 );
#6911 = FILL_AREA_STYLE_COLOUR( '', #8806 );
#6912 = FILL_AREA_STYLE_COLOUR( '', #8807 );
#6913 = FILL_AREA_STYLE_COLOUR( '', #8808 );
#6914 = FILL_AREA_STYLE_COLOUR( '', #8809 );
#6915 = FILL_AREA_STYLE_COLOUR( '', #8810 );
#6916 = FILL_AREA_STYLE_COLOUR( '', #8811 );
#6917 = FILL_AREA_STYLE_COLOUR( '', #8812 );
#6918 = CIRCLE( '', #8813, 1.75000000000000 );
#6919 = FILL_AREA_STYLE_COLOUR( '', #8814 );
#6920 = FILL_AREA_STYLE_COLOUR( '', #8815 );
#6921 = FILL_AREA_STYLE_COLOUR( '', #8816 );
#6922 = FILL_AREA_STYLE_COLOUR( '', #8817 );
#6923 = FILL_AREA_STYLE_COLOUR( '', #8818 );
#6924 = FILL_AREA_STYLE_COLOUR( '', #8819 );
#6925 = FILL_AREA_STYLE_COLOUR( '', #8820 );
#6926 = FILL_AREA_STYLE_COLOUR( '', #8821 );
#6927 = FILL_AREA_STYLE_COLOUR( '', #8822 );
#6928 = FILL_AREA_STYLE_COLOUR( '', #8823 );
#6929 = COLOUR_RGB( '', 0.200000002980232, 0.200000002980232, 0.200000002980232 );
#6930 = CARTESIAN_POINT( '', ( -170.500000000000, 1.95449725353081, 8.99012547749262 ) );
#6931 = CARTESIAN_POINT( '', ( -175.085786437627, 1.95449725353081, 8.99012547749262 ) );
#6932 = CARTESIAN_POINT( '', ( -151.887509630206, 1.95449725353082, 8.99012547749262 ) );
#6933 = VECTOR( '', #8824, 1000.00000000000 );
#6934 = CARTESIAN_POINT( '', ( -175.085786437627, 0.533482813170375, 7.50000000000000 ) );
#6935 = CARTESIAN_POINT( '', ( -175.085786437627, 0.533482813170375, 7.50000000000000 ) );
#6936 = VECTOR( '', #8825, 1000.00000000000 );
#6937 = CARTESIAN_POINT( '', ( -174.800000000000, 0.533482813170375, 7.50000000000000 ) );
#6938 = CARTESIAN_POINT( '', ( -210.500000000000, 0.533482813170374, 7.50000000000000 ) );
#6939 = VECTOR( '', #8826, 1000.00000000000 );
#6940 = CARTESIAN_POINT( '', ( -170.500000000000, 0.533482813170375, 7.50000000000000 ) );
#6941 = CARTESIAN_POINT( '', ( -151.887509630206, 0.533482813170375, 7.50000000000000 ) );
#6942 = VECTOR( '', #8827, 1000.00000000000 );
#6943 = CARTESIAN_POINT( '', ( -170.500000000000, 2.25000000000000, 9.30000000000000 ) );
#6944 = VECTOR( '', #8828, 1000.00000000000 );
#6945 = COLOUR_RGB( '', 0.800000011920929, 0.800000011920929, 0.800000011920929 );
#6946 = CARTESIAN_POINT( '', ( -78.7814622569786, 14.0277422603214, -3.00000000000000 ) );
#6947 = CARTESIAN_POINT( '', ( -80.0000000000000, 12.1867325534165, -3.00000000000000 ) );
#6948 = AXIS2_PLACEMENT_3D( '', #8829, #8830, #8831 );
#6949 = CARTESIAN_POINT( '', ( -72.0000000000000, 12.1867325534165, -3.00000000000000 ) );
#6950 = CARTESIAN_POINT( '', ( -72.0000000000000, 12.1867325534165, -3.00000000000000 ) );
#6951 = VECTOR( '', #8832, 1000.00000000000 );
#6952 = CARTESIAN_POINT( '', ( -72.0000000000000, 16.9063022054847, -3.00000000000004 ) );
#6953 = CARTESIAN_POINT( '', ( -72.0000000000000, 12.1867325534165, -3.00000000000000 ) );
#6954 = VECTOR( '', #8833, 1000.00000000000 );
#6955 = CARTESIAN_POINT( '', ( -80.0000000000000, 13.5105036758079, -3.00000000000004 ) );
#6956 = VECTOR( '', #8834, 1000.00000000000 );
#6957 = COLOUR_RGB( '', 0.200000002980232, 0.200000002980232, 0.200000002980232 );
#6958 = CARTESIAN_POINT( '', ( -120.000000000000, 2.50000000000000, 0.900000000000000 ) );
#6959 = CARTESIAN_POINT( '', ( -120.000000000000, 2.50000000000000, -0.900000000000000 ) );
#6960 = CARTESIAN_POINT( '', ( -120.000000000000, 2.50000000000000, -2.16840434497101E-016 ) );
#6961 = VECTOR( '', #8835, 1000.00000000000 );
#6962 = CARTESIAN_POINT( '', ( -80.0000000000000, 2.50000000000000, -0.900000000000000 ) );
#6963 = CARTESIAN_POINT( '', ( -80.0000000000000, 2.50000000000000, -0.900000000000000 ) );
#6964 = VECTOR( '', #8836, 1000.00000000000 );
#6965 = CARTESIAN_POINT( '', ( -80.0000000000000, 2.50000000000000, 0.900000000000000 ) );
#6966 = CARTESIAN_POINT( '', ( -80.0000000000000, 2.50000000000000, 0.900000000000000 ) );
#6967 = VECTOR( '', #8837, 1000.00000000000 );
#6968 = CARTESIAN_POINT( '', ( -80.0000000000000, 2.50000000000000, 0.900000000000000 ) );
#6969 = VECTOR( '', #8838, 1000.00000000000 );
#6970 = COLOUR_RGB( '', 0.800000011920929, 0.800000011920929, 0.800000011920929 );
#6971 = CARTESIAN_POINT( '', ( -72.0000000000000, 8.00000000000000, 25.0000000000000 ) );
#6972 = CARTESIAN_POINT( '', ( -72.0000000000000, 8.00000000000000, 21.0000000000000 ) );
#6973 = CARTESIAN_POINT( '', ( -72.0000000000000, 8.00000000000000, 21.0000000000000 ) );
#6974 = VECTOR( '', #8839, 1000.00000000000 );
#6975 = CARTESIAN_POINT( '', ( -72.0000000000000, 12.5608606958635, 25.0000000000000 ) );
#6976 = CARTESIAN_POINT( '', ( -72.0000000000000, 1.49999999999998, 25.0000000000000 ) );
#6977 = VECTOR( '', #8840, 1000.00000000000 );
#6978 = CARTESIAN_POINT( '', ( -72.0000000000000, 16.9063022054847, 21.0000000000000 ) );
#6979 = AXIS2_PLACEMENT_3D( '', #8841, #8842, #8843 );
#6980 = CARTESIAN_POINT( '', ( -72.0000000000000, 1.49999999999998, 21.0000000000000 ) );
#6981 = VECTOR( '', #8844, 1000.00000000000 );
#6982 = COLOUR_RGB( '', 0.200000002980232, 0.200000002980232, 0.200000002980232 );
#6983 = CARTESIAN_POINT( '', ( -170.500000000000, 5.82181301646359, 4.70000000000000 ) );
#6984 = CARTESIAN_POINT( '', ( -169.500000000000, 5.82181301646359, 3.70000000000000 ) );
#6985 = AXIS2_PLACEMENT_3D( '', #8845, #8846, #8847 );
#6986 = CARTESIAN_POINT( '', ( -169.500000000000, 2.67818698353642, 3.70000000000000 ) );
#6987 = CARTESIAN_POINT( '', ( -169.500000000000, 5.82181301646359, 3.70000000000000 ) );
#6988 = VECTOR( '', #8848, 1000.00000000000 );
#6989 = CARTESIAN_POINT( '', ( -170.500000000000, 2.67818698353642, 4.70000000000000 ) );
#6990 = AXIS2_PLACEMENT_3D( '', #8849, #8850, #8851 );
#6991 = CARTESIAN_POINT( '', ( -170.500000000000, 2.67818698353642, 4.70000000000000 ) );
#6992 = VECTOR( '', #8852, 1000.00000000000 );
#6993 = COLOUR_RGB( '', 0.200000002980232, 0.200000002980232, 0.200000002980232 );
#6994 = CARTESIAN_POINT( '', ( -174.800000000000, 7.96651718682962, 6.50000000000000 ) );
#6995 = CARTESIAN_POINT( '', ( -174.800000000000, 7.96651718682962, 7.50000000000000 ) );
#6996 = AXIS2_PLACEMENT_3D( '', #8853, #8854, #8855 );
#6997 = CARTESIAN_POINT( '', ( -170.500000000000, 7.96651718682962, 7.50000000000000 ) );
#6998 = CARTESIAN_POINT( '', ( -151.887509630206, 7.96651718682962, 7.50000000000000 ) );
#6999 = VECTOR( '', #8856, 1000.00000000000 );
#7000 = CARTESIAN_POINT( '', ( -169.542198958248, 7.06118087766960, 9.48188679698023 ) );
#7001 = CARTESIAN_POINT( '', ( -170.500000000000, 7.96651718682962, 7.50000000000001 ) );
#7002 = CARTESIAN_POINT( '', ( -170.390251563050, 7.96651718682963, 7.50000000000001 ) );
#7003 = CARTESIAN_POINT( '', ( -170.279878491990, 7.96245384469456, 7.53227981066367 ) );
#7004 = CARTESIAN_POINT( '', ( -170.088650229906, 7.94490654954306, 7.64288485436456 ) );
#7005 = CARTESIAN_POINT( '', ( -170.007112253110, 7.93130516181766, 7.71976183295995 ) );
#7006 = CARTESIAN_POINT( '', ( -169.873503001580, 7.89397693354575, 7.88966111435633 ) );
#7007 = CARTESIAN_POINT( '', ( -169.819540396393, 7.86980234437798, 7.98471378459271 ) );
#7008 = CARTESIAN_POINT( '', ( -169.732775061160, 7.81176994551148, 8.17746554309772 ) );
#7009 = CARTESIAN_POINT( '', ( -169.699309708854, 7.77786746934511, 8.27592894704437 ) );
#7010 = CARTESIAN_POINT( '', ( -169.617759169506, 7.66070925978740, 8.57319311652365 ) );
#7011 = CARTESIAN_POINT( '', ( -169.589234608564, 7.56382156160516, 8.76867304970318 ) );
#7012 = CARTESIAN_POINT( '', ( -169.552601435847, 7.33761616133466, 9.13921577667393 ) );
#7013 = CARTESIAN_POINT( '', ( -169.544733645625, 7.20680393984631, 9.31694262296031 ) );
#7014 = CARTESIAN_POINT( '', ( -169.542198958248, 7.06118087766960, 9.48188679698023 ) );
#7015 = CARTESIAN_POINT( '', ( -169.500000000000, 6.05652133432061, 10.2861802550445 ) );
#7016 = CARTESIAN_POINT( '', ( -169.500000000000, 6.05652133432061, 10.2861802550445 ) );
#7017 = CARTESIAN_POINT( '', ( -169.500000000000, 6.24732268484715, 10.1812904791978 ) );
#7018 = CARTESIAN_POINT( '', ( -169.509938365461, 6.42601338369617, 10.0616069722511 ) );
#7019 = CARTESIAN_POINT( '', ( -169.529961346501, 6.76079213224748, 9.79363461590907 ) );
#7020 = CARTESIAN_POINT( '', ( -169.539697688159, 6.91747770822848, 9.64465634895372 ) );
#7021 = CARTESIAN_POINT( '', ( -169.542198958248, 7.06118087766961, 9.48188679698022 ) );
#7022 = CARTESIAN_POINT( '', ( -169.500000000000, 2.44347866567940, 10.2861802550445 ) );
#7023 = AXIS2_PLACEMENT_3D( '', #8857, #8858, #8859 );
#7024 = CARTESIAN_POINT( '', ( -169.542198958248, 1.43881912233040, 9.48188679698023 ) );
#7025 = CARTESIAN_POINT( '', ( -169.500000000000, 2.44347866567940, 10.2861802550445 ) );
#7026 = CARTESIAN_POINT( '', ( -169.500000000000, 2.25267731515285, 10.1812904791978 ) );
#7027 = CARTESIAN_POINT( '', ( -169.509938365461, 2.07398661630384, 10.0616069722511 ) );
#7028 = CARTESIAN_POINT( '', ( -169.529961346501, 1.73920786775253, 9.79363461590908 ) );
#7029 = CARTESIAN_POINT( '', ( -169.539697688159, 1.58252229177152, 9.64465634895372 ) );
#7030 = CARTESIAN_POINT( '', ( -169.542198958248, 1.43881912233039, 9.48188679698022 ) );
#7031 = CARTESIAN_POINT( '', ( -169.542198958248, 1.43881912233040, 9.48188679698023 ) );
#7032 = CARTESIAN_POINT( '', ( -169.544736520920, 1.29303086848175, 9.31675551383435 ) );
#7033 = CARTESIAN_POINT( '', ( -169.552478645820, 1.16367053927742, 9.14110048214384 ) );
#7034 = CARTESIAN_POINT( '', ( -169.589021228909, 0.936972377018138, 8.77019456109206 ) );
#7035 = CARTESIAN_POINT( '', ( -169.617900793580, 0.839032811743405, 8.57258538998004 ) );
#7036 = CARTESIAN_POINT( '', ( -169.726505925040, 0.683116088576096, 8.17688620119665 ) );
#7037 = CARTESIAN_POINT( '', ( -169.805627312851, 0.624855260202738, 7.97558347699902 ) );
#7038 = CARTESIAN_POINT( '', ( -170.008746875069, 0.568304264655519, 7.71787943877407 ) );
#7039 = CARTESIAN_POINT( '', ( -170.090107867681, 0.554917161091856, 7.64183065232179 ) );
#7040 = CARTESIAN_POINT( '', ( -170.280495724682, 0.537532518890843, 7.53213623665403 ) );
#7041 = CARTESIAN_POINT( '', ( -170.389864528931, 0.533482813170374, 7.50000000000000 ) );
#7042 = CARTESIAN_POINT( '', ( -170.500000000000, 0.533482813170374, 7.49999999999999 ) );
#7043 = CARTESIAN_POINT( '', ( -174.800000000000, 0.533482813170375, 6.50000000000000 ) );
#7044 = AXIS2_PLACEMENT_3D( '', #8860, #8861, #8862 );
#7045 = CARTESIAN_POINT( '', ( -170.500000000000, 0.533482813170375, 6.50000000000000 ) );
#7046 = CARTESIAN_POINT( '', ( -151.887509630206, 0.533482813170375, 6.50000000000000 ) );
#7047 = VECTOR( '', #8863, 1000.00000000000 );
#7048 = CARTESIAN_POINT( '', ( -169.542198958248, 1.43881912233040, 4.51811320301977 ) );
#7049 = CARTESIAN_POINT( '', ( -170.500000000000, 0.533482813170374, 6.50000000000000 ) );
#7050 = CARTESIAN_POINT( '', ( -170.390251563050, 0.533482813170374, 6.50000000000000 ) );
#7051 = CARTESIAN_POINT( '', ( -170.279878491990, 0.537546155305445, 6.46772018933633 ) );
#7052 = CARTESIAN_POINT( '', ( -170.088650229906, 0.555093450456940, 6.35711514563545 ) );
#7053 = CARTESIAN_POINT( '', ( -170.007112253110, 0.568694838182335, 6.28023816704006 ) );
#7054 = CARTESIAN_POINT( '', ( -169.873503001580, 0.606023066454248, 6.11033888564368 ) );
#7055 = CARTESIAN_POINT( '', ( -169.819540396393, 0.630197655622015, 6.01528621540730 ) );
#7056 = CARTESIAN_POINT( '', ( -169.732775061160, 0.688230054488521, 5.82253445690229 ) );
#7057 = CARTESIAN_POINT( '', ( -169.699309708854, 0.722132530654889, 5.72407105295564 ) );
#7058 = CARTESIAN_POINT( '', ( -169.617759169506, 0.839290740212600, 5.42680688347636 ) );
#7059 = CARTESIAN_POINT( '', ( -169.589234608564, 0.936178438394837, 5.23132695029683 ) );
#7060 = CARTESIAN_POINT( '', ( -169.552601435847, 1.16238383866534, 4.86078422332607 ) );
#7061 = CARTESIAN_POINT( '', ( -169.544733645625, 1.29319606015369, 4.68305737703969 ) );
#7062 = CARTESIAN_POINT( '', ( -169.542198958248, 1.43881912233040, 4.51811320301977 ) );
#7063 = CARTESIAN_POINT( '', ( -169.500000000000, 2.44347866567940, 3.71381974495547 ) );
#7064 = CARTESIAN_POINT( '', ( -169.500000000000, 2.44347866567940, 3.71381974495547 ) );
#7065 = CARTESIAN_POINT( '', ( -169.500000000000, 2.25267731515285, 3.81870952080215 ) );
#7066 = CARTESIAN_POINT( '', ( -169.509938365461, 2.07398661630384, 3.93839302774892 ) );
#7067 = CARTESIAN_POINT( '', ( -169.529961346501, 1.73920786775253, 4.20636538409093 ) );
#7068 = CARTESIAN_POINT( '', ( -169.539697688158, 1.58252229177152, 4.35534365104628 ) );
#7069 = CARTESIAN_POINT( '', ( -169.542198958248, 1.43881912233039, 4.51811320301978 ) );
#7070 = CARTESIAN_POINT( '', ( -169.500000000000, 6.05652133432061, 3.71381974495547 ) );
#7071 = AXIS2_PLACEMENT_3D( '', #8864, #8865, #8866 );
#7072 = CARTESIAN_POINT( '', ( -169.542198958248, 7.06118087766960, 4.51811320301977 ) );
#7073 = CARTESIAN_POINT( '', ( -169.500000000000, 6.05652133432061, 3.71381974495547 ) );
#7074 = CARTESIAN_POINT( '', ( -169.500000000000, 6.24732268484715, 3.81870952080215 ) );
#7075 = CARTESIAN_POINT( '', ( -169.509938365461, 6.42601338369616, 3.93839302774892 ) );
#7076 = CARTESIAN_POINT( '', ( -169.529961346501, 6.76079213224748, 4.20636538409093 ) );
#7077 = CARTESIAN_POINT( '', ( -169.539697688159, 6.91747770822848, 4.35534365104629 ) );
#7078 = CARTESIAN_POINT( '', ( -169.542198958248, 7.06118087766961, 4.51811320301978 ) );
#7079 = CARTESIAN_POINT( '', ( -170.500000000000, 7.96651718682962, 6.50000000000000 ) );
#7080 = CARTESIAN_POINT( '', ( -169.542198958248, 7.06118087766960, 4.51811320301977 ) );
#7081 = CARTESIAN_POINT( '', ( -169.544736520920, 7.20696913151825, 4.68324448616565 ) );
#7082 = CARTESIAN_POINT( '', ( -169.552478645820, 7.33632946072258, 4.85889951785616 ) );
#7083 = CARTESIAN_POINT( '', ( -169.589021228909, 7.56302762298186, 5.22980543890794 ) );
#7084 = CARTESIAN_POINT( '', ( -169.617900793580, 7.66096718825659, 5.42741461001996 ) );
#7085 = CARTESIAN_POINT( '', ( -169.726505925040, 7.81688391142390, 5.82311379880335 ) );
#7086 = CARTESIAN_POINT( '', ( -169.805627312851, 7.87514473979726, 6.02441652300097 ) );
#7087 = CARTESIAN_POINT( '', ( -170.008746875069, 7.93169573534448, 6.28212056122592 ) );
#7088 = CARTESIAN_POINT( '', ( -170.090107867681, 7.94508283890814, 6.35816934767820 ) );
#7089 = CARTESIAN_POINT( '', ( -170.280495724682, 7.96246748110916, 6.46786376334597 ) );
#7090 = CARTESIAN_POINT( '', ( -170.389864528931, 7.96651718682963, 6.50000000000000 ) );
#7091 = CARTESIAN_POINT( '', ( -170.500000000000, 7.96651718682963, 6.50000000000000 ) );
#7092 = CARTESIAN_POINT( '', ( -151.887509630206, 7.96651718682962, 6.50000000000000 ) );
#7093 = VECTOR( '', #8867, 1000.00000000000 );
#7094 = CARTESIAN_POINT( '', ( -160.300000000000, 0.500000000000000, 7.00000000000000 ) );
#7095 = AXIS2_PLACEMENT_3D( '', #8868, #8869, #8870 );
#7096 = COLOUR_RGB( '', 0.200000002980232, 0.200000002980232, 0.200000002980232 );
#7097 = CARTESIAN_POINT( '', ( -120.000000000000, 6.00000000000000, 0.900000000000000 ) );
#7098 = AXIS2_PLACEMENT_3D( '', #8871, #8872, #8873 );
#7099 = CARTESIAN_POINT( '', ( -80.0000000000000, 6.00000000000000, 0.900000000000000 ) );
#7100 = AXIS2_PLACEMENT_3D( '', #8874, #8875, #8876 );
#7101 = CARTESIAN_POINT( '', ( -80.0000000000000, 6.00000000000000, 0.900000000000000 ) );
#7102 = VECTOR( '', #8877, 1000.00000000000 );
#7103 = COLOUR_RGB( '', 0.800000011920929, 0.800000011920929, 0.800000011920929 );
#7104 = CARTESIAN_POINT( '', ( 80.0000000000000, 1.49999999999998, -21.0000000000000 ) );
#7105 = CARTESIAN_POINT( '', ( 78.0000000000000, 1.49999999999998, -24.4641016151378 ) );
#7106 = AXIS2_PLACEMENT_3D( '', #8878, #8879, #8880 );
#7107 = CARTESIAN_POINT( '', ( 78.0000000000000, 1.49999999999998, -21.0000000000000 ) );
#7108 = CARTESIAN_POINT( '', ( 78.0000000000000, 1.49999999999998, -21.0000000000000 ) );
#7109 = VECTOR( '', #8881, 1000.00000000000 );
#7110 = CARTESIAN_POINT( '', ( 74.0000000000000, 1.49999999999998, -21.0000000000000 ) );
#7111 = AXIS2_PLACEMENT_3D( '', #8882, #8883, #8884 );
#7112 = CARTESIAN_POINT( '', ( 74.0000000000000, 1.49999999999998, -25.0000000000000 ) );
#7113 = CARTESIAN_POINT( '', ( 74.0000000000000, 1.49999999999998, -21.0000000000000 ) );
#7114 = VECTOR( '', #8885, 1000.00000000000 );
#7115 = CARTESIAN_POINT( '', ( 72.0000000000000, 1.49999999999998, -25.0000000000000 ) );
#7116 = CARTESIAN_POINT( '', ( 72.0000000000000, 1.49999999999998, -25.0000000000000 ) );
#7117 = VECTOR( '', #8886, 1000.00000000000 );
#7118 = CARTESIAN_POINT( '', ( 72.0000000000000, 1.49999999999998, -21.0000000000000 ) );
#7119 = CARTESIAN_POINT( '', ( 72.0000000000000, 1.49999999999998, -21.0000000000000 ) );
#7120 = VECTOR( '', #8887, 1000.00000000000 );
#7121 = CARTESIAN_POINT( '', ( 76.0000000000000, 1.49999999999998, -17.0000000000000 ) );
#7122 = AXIS2_PLACEMENT_3D( '', #8888, #8889, #8890 );
#7123 = CARTESIAN_POINT( '', ( 80.0000000000000, 1.49999999999998, -17.0000000000000 ) );
#7124 = CARTESIAN_POINT( '', ( 80.0000000000000, 1.49999999999998, -17.0000000000000 ) );
#7125 = VECTOR( '', #8891, 1000.00000000000 );
#7126 = CARTESIAN_POINT( '', ( 80.0000000000000, 1.49999999999998, -25.0000000000000 ) );
#7127 = VECTOR( '', #8892, 1000.00000000000 );
#7128 = COLOUR_RGB( '', 0.266666680574417, 0.266666680574417, 0.266666680574417 );
#7129 = CARTESIAN_POINT( '', ( 130.000000000000, 2.50000000000000, 0.900000000000000 ) );
#7130 = CARTESIAN_POINT( '', ( 130.000000000000, 6.00000000000000, 0.900000000000000 ) );
#7131 = AXIS2_PLACEMENT_3D( '', #8893, #8894, #8895 );
#7132 = CARTESIAN_POINT( '', ( 130.000000000003, 32.4999999999996, 0.899999999994896 ) );
#7135 = CARTESIAN_POINT( '', ( 130.000000000000, 2.50000000000000, 0.900000000000000 ) );
#7136 = CARTESIAN_POINT( '', ( 141.617592846460, 2.71428571428572, 0.900000000000796 ) );
#7137 = CARTESIAN_POINT( '', ( 152.084682321086, 2.92857142857140, -4.14068462376587 ) );
#7138 = CARTESIAN_POINT( '', ( 162.551771795713, 3.14285714285713, -9.18136924753252 ) );
#7139 = CARTESIAN_POINT( '', ( 169.795222457628, 3.35714285714285, -18.2643690853896 ) );
#7140 = CARTESIAN_POINT( '', ( 177.038673119544, 3.57142857142853, -27.3473689232468 ) );
#7141 = CARTESIAN_POINT( '', ( 179.623830730063, 3.78571428571425, -38.6736844616241 ) );
#7142 = CARTESIAN_POINT( '', ( 182.208988340582, 3.99999999999998, -50.0000000000015 ) );
#7143 = CARTESIAN_POINT( '', ( 179.623830730064, 4.21428571428565, -61.3263155383793 ) );
#7144 = CARTESIAN_POINT( '', ( 177.038673119547, 4.42857142857139, -72.6526310767570 ) );
#7145 = CARTESIAN_POINT( '', ( 169.795222457633, 4.64285714285710, -81.7356309146151 ) );
#7146 = CARTESIAN_POINT( '', ( 162.551771795718, 4.85714285714279, -90.8186307524732 ) );
#7147 = CARTESIAN_POINT( '', ( 152.084682321092, 5.07142857142850, -95.8593153762413 ) );
#7148 = CARTESIAN_POINT( '', ( 141.617592846467, 5.28571428571425, -100.900000000009 ) );
#7149 = CARTESIAN_POINT( '', ( 130.000000000007, 5.50000000000000, -100.900000000010 ) );
#7150 = CARTESIAN_POINT( '', ( 118.382407153547, 5.71428571428565, -100.900000000011 ) );
#7151 = CARTESIAN_POINT( '', ( 107.915317678921, 5.92857142857135, -95.8593153762443 ) );
#7152 = CARTESIAN_POINT( '', ( 97.4482282042944, 6.14285714285710, -90.8186307524777 ) );
#7153 = CARTESIAN_POINT( '', ( 90.2047775423789, 6.35714285714280, -81.7356309146206 ) );
#7154 = CARTESIAN_POINT( '', ( 82.9613268804637, 6.57142857142851, -72.6526310767635 ) );
#7155 = CARTESIAN_POINT( '', ( 80.3761692699445, 6.78571428571420, -61.3263155383860 ) );
#7156 = CARTESIAN_POINT( '', ( 77.7910116594254, 6.99999999999991, -50.0000000000087 ) );
#7157 = CARTESIAN_POINT( '', ( 80.3761692699429, 7.21428571428565, -38.6736844616309 ) );
#7158 = CARTESIAN_POINT( '', ( 82.9613268804606, 7.42857142857136, -27.3473689232533 ) );
#7159 = CARTESIAN_POINT( '', ( 90.2047775423745, 7.64285714285705, -18.2643690853951 ) );
#7160 = CARTESIAN_POINT( '', ( 97.4482282042887, 7.85714285714277, -9.18136924753699 ) );
#7161 = CARTESIAN_POINT( '', ( 107.915317678914, 8.07142857142850, -4.14068462376888 ) );
#7162 = CARTESIAN_POINT( '', ( 118.382407153540, 8.28571428571422, 0.899999999999198 ) );
#7163 = CARTESIAN_POINT( '', ( 130.000000000000, 8.49999999999960, 0.900000000000000 ) );
#7164 = CARTESIAN_POINT( '', ( 141.617592846460, 8.71428571428563, 0.900000000000796 ) );
#7165 = CARTESIAN_POINT( '', ( 152.084682321086, 8.92857142857130, -4.14068462376587 ) );
#7166 = CARTESIAN_POINT( '', ( 162.551771795713, 9.14285714285703, -9.18136924753252 ) );
#7167 = CARTESIAN_POINT( '', ( 169.795222457628, 9.35714285714275, -18.2643690853896 ) );
#7168 = CARTESIAN_POINT( '', ( 177.038673119544, 9.57142857142848, -27.3473689232468 ) );
#7169 = CARTESIAN_POINT( '', ( 179.623830730063, 9.78571428571415, -38.6736844616241 ) );
#7170 = CARTESIAN_POINT( '', ( 182.208988340582, 9.99999999999989, -50.0000000000015 ) );
#7171 = CARTESIAN_POINT( '', ( 179.623830730064, 10.2142857142856, -61.3263155383793 ) );
#7172 = CARTESIAN_POINT( '', ( 177.038673119547, 10.4285714285713, -72.6526310767570 ) );
#7173 = CARTESIAN_POINT( '', ( 169.795222457633, 10.6428571428570, -81.7356309146151 ) );
#7174 = CARTESIAN_POINT( '', ( 162.551771795718, 10.8571428571427, -90.8186307524732 ) );
#7175 = CARTESIAN_POINT( '', ( 152.084682321092, 11.0714285714284, -95.8593153762413 ) );
#7176 = CARTESIAN_POINT( '', ( 141.617592846467, 11.2857142857142, -100.900000000009 ) );
#7177 = CARTESIAN_POINT( '', ( 130.000000000007, 11.4999999999998, -100.900000000010 ) );
#7178 = CARTESIAN_POINT( '', ( 118.382407153547, 11.7142857142856, -100.900000000011 ) );
#7179 = CARTESIAN_POINT( '', ( 107.915317678921, 11.9285714285713, -95.8593153762443 ) );
#7180 = CARTESIAN_POINT( '', ( 97.4482282042944, 12.1428571428570, -90.8186307524777 ) );
#7181 = CARTESIAN_POINT( '', ( 90.2047775423789, 12.3571428571427, -81.7356309146206 ) );
#7182 = CARTESIAN_POINT( '', ( 82.9613268804637, 12.5714285714284, -72.6526310767635 ) );
#7183 = CARTESIAN_POINT( '', ( 80.3761692699445, 12.7857142857141, -61.3263155383860 ) );
#7184 = CARTESIAN_POINT( '', ( 77.7910116594254, 12.9999999999999, -50.0000000000087 ) );
#7185 = CARTESIAN_POINT( '', ( 80.3761692699429, 13.2142857142855, -38.6736844616309 ) );
#7186 = CARTESIAN_POINT( '', ( 82.9613268804606, 13.4285714285713, -27.3473689232533 ) );
#7187 = CARTESIAN_POINT( '', ( 90.2047775423745, 13.6428571428570, -18.2643690853951 ) );
#7188 = CARTESIAN_POINT( '', ( 97.4482282042887, 13.8571428571427, -9.18136924753699 ) );
#7189 = CARTESIAN_POINT( '', ( 107.915317678914, 14.0714285714284, -4.14068462376888 ) );
#7190 = CARTESIAN_POINT( '', ( 118.382407153540, 14.2857142857141, 0.899999999999198 ) );
#7191 = CARTESIAN_POINT( '', ( 130.000000000000, 14.4999999999998, 0.900000000000000 ) );
#7192 = CARTESIAN_POINT( '', ( 141.617592846460, 14.7142857142855, 0.900000000000796 ) );
#7193 = CARTESIAN_POINT( '', ( 152.084682321086, 14.9285714285712, -4.14068462376587 ) );
#7194 = CARTESIAN_POINT( '', ( 162.551771795713, 15.1428571428570, -9.18136924753252 ) );
#7195 = CARTESIAN_POINT( '', ( 169.795222457628, 15.3571428571427, -18.2643690853896 ) );
#7196 = CARTESIAN_POINT( '', ( 177.038673119544, 15.5714285714284, -27.3473689232468 ) );
#7197 = CARTESIAN_POINT( '', ( 179.623830730063, 15.7857142857141, -38.6736844616241 ) );
#7198 = CARTESIAN_POINT( '', ( 182.208988340582, 15.9999999999998, -50.0000000000015 ) );
#7199 = CARTESIAN_POINT( '', ( 179.623830730064, 16.2142857142855, -61.3263155383793 ) );
#7200 = CARTESIAN_POINT( '', ( 177.038673119547, 16.4285714285713, -72.6526310767570 ) );
#7201 = CARTESIAN_POINT( '', ( 169.795222457633, 16.6428571428570, -81.7356309146151 ) );
#7202 = CARTESIAN_POINT( '', ( 162.551771795718, 16.8571428571427, -90.8186307524732 ) );
#7203 = CARTESIAN_POINT( '', ( 152.084682321092, 17.0714285714284, -95.8593153762413 ) );
#7204 = CARTESIAN_POINT( '', ( 141.617592846467, 17.2857142857141, -100.900000000009 ) );
#7205 = CARTESIAN_POINT( '', ( 130.000000000007, 17.4999999999996, -100.900000000010 ) );
#7206 = CARTESIAN_POINT( '', ( 118.382407153547, 17.7142857142855, -100.900000000011 ) );
#7207 = CARTESIAN_POINT( '', ( 107.915317678921, 17.9285714285712, -95.8593153762443 ) );
#7208 = CARTESIAN_POINT( '', ( 97.4482282042944, 18.1428571428569, -90.8186307524777 ) );
#7209 = CARTESIAN_POINT( '', ( 90.2047775423789, 18.3571428571427, -81.7356309146206 ) );
#7210 = CARTESIAN_POINT( '', ( 82.9613268804637, 18.5714285714284, -72.6526310767635 ) );
#7211 = CARTESIAN_POINT( '', ( 80.3761692699445, 18.7857142857141, -61.3263155383860 ) );
#7212 = CARTESIAN_POINT( '', ( 77.7910116594254, 18.9999999999998, -50.0000000000087 ) );
#7213 = CARTESIAN_POINT( '', ( 80.3761692699429, 19.2142857142855, -38.6736844616309 ) );
#7214 = CARTESIAN_POINT( '', ( 82.9613268804606, 19.4285714285712, -27.3473689232533 ) );
#7215 = CARTESIAN_POINT( '', ( 90.2047775423745, 19.6428571428569, -18.2643690853951 ) );
#7216 = CARTESIAN_POINT( '', ( 97.4482282042887, 19.8571428571426, -9.18136924753699 ) );
#7217 = CARTESIAN_POINT( '', ( 107.915317678914, 20.0714285714284, -4.14068462376888 ) );
#7218 = CARTESIAN_POINT( '', ( 118.382407153540, 20.2857142857141, 0.899999999999198 ) );
#7219 = CARTESIAN_POINT( '', ( 130.000000000000, 20.4999999999998, 0.900000000000000 ) );
#7220 = CARTESIAN_POINT( '', ( 141.617592846460, 20.7142857142855, 0.900000000000796 ) );
#7221 = CARTESIAN_POINT( '', ( 152.084682321086, 20.9285714285712, -4.14068462376587 ) );
#7222 = CARTESIAN_POINT( '', ( 162.551771795713, 21.1428571428569, -9.18136924753252 ) );
#7223 = CARTESIAN_POINT( '', ( 169.795222457628, 21.3571428571426, -18.2643690853896 ) );
#7224 = CARTESIAN_POINT( '', ( 177.038673119544, 21.5714285714283, -27.3473689232468 ) );
#7225 = CARTESIAN_POINT( '', ( 179.623830730063, 21.7857142857140, -38.6736844616241 ) );
#7226 = CARTESIAN_POINT( '', ( 182.208988340582, 21.9999999999998, -50.0000000000015 ) );
#7227 = CARTESIAN_POINT( '', ( 179.623830730064, 22.2142857142854, -61.3263155383793 ) );
#7228 = CARTESIAN_POINT( '', ( 177.038673119547, 22.4285714285712, -72.6526310767570 ) );
#7229 = CARTESIAN_POINT( '', ( 169.795222457633, 22.6428571428569, -81.7356309146151 ) );
#7230 = CARTESIAN_POINT( '', ( 162.551771795718, 22.8571428571426, -90.8186307524732 ) );
#7231 = CARTESIAN_POINT( '', ( 152.084682321092, 23.0714285714283, -95.8593153762413 ) );
#7232 = CARTESIAN_POINT( '', ( 141.617592846467, 23.2857142857140, -100.900000000009 ) );
#7233 = CARTESIAN_POINT( '', ( 130.000000000007, 23.4999999999996, -100.900000000010 ) );
#7234 = CARTESIAN_POINT( '', ( 118.382407153547, 23.7142857142854, -100.900000000011 ) );
#7235 = CARTESIAN_POINT( '', ( 107.915317678921, 23.9285714285712, -95.8593153762443 ) );
#7236 = CARTESIAN_POINT( '', ( 97.4482282042944, 24.1428571428568, -90.8186307524777 ) );
#7237 = CARTESIAN_POINT( '', ( 90.2047775423789, 24.3571428571425, -81.7356309146206 ) );
#7238 = CARTESIAN_POINT( '', ( 82.9613268804637, 24.5714285714283, -72.6526310767635 ) );
#7239 = CARTESIAN_POINT( '', ( 80.3761692699445, 24.7857142857140, -61.3263155383860 ) );
#7240 = CARTESIAN_POINT( '', ( 77.7910116594254, 24.9999999999997, -50.0000000000087 ) );
#7241 = CARTESIAN_POINT( '', ( 80.3761692699429, 25.2142857142854, -38.6736844616309 ) );
#7242 = CARTESIAN_POINT( '', ( 82.9613268804606, 25.4285714285711, -27.3473689232533 ) );
#7243 = CARTESIAN_POINT( '', ( 90.2047775423745, 25.6428571428569, -18.2643690853951 ) );
#7244 = CARTESIAN_POINT( '', ( 97.4482282042887, 25.8571428571426, -9.18136924753699 ) );
#7245 = CARTESIAN_POINT( '', ( 107.915317678914, 26.0714285714283, -4.14068462376888 ) );
#7246 = CARTESIAN_POINT( '', ( 118.382407153540, 26.2857142857140, 0.899999999999198 ) );
#7247 = CARTESIAN_POINT( '', ( 130.000000000000, 26.4999999999996, 0.900000000000000 ) );
#7248 = CARTESIAN_POINT( '', ( 141.617592846460, 26.7142857142854, 0.900000000000796 ) );
#7249 = CARTESIAN_POINT( '', ( 152.084682321086, 26.9285714285711, -4.14068462376587 ) );
#7250 = CARTESIAN_POINT( '', ( 162.551771795713, 27.1428571428568, -9.18136924753252 ) );
#7251 = CARTESIAN_POINT( '', ( 169.795222457628, 27.3571428571425, -18.2643690853896 ) );
#7252 = CARTESIAN_POINT( '', ( 177.038673119544, 27.5714285714282, -27.3473689232468 ) );
#7253 = CARTESIAN_POINT( '', ( 179.623830730063, 27.7857142857139, -38.6736844616241 ) );
#7254 = CARTESIAN_POINT( '', ( 182.208988340582, 27.9999999999997, -50.0000000000015 ) );
#7255 = CARTESIAN_POINT( '', ( 179.623830730064, 28.2142857142854, -61.3263155383793 ) );
#7256 = CARTESIAN_POINT( '', ( 177.038673119547, 28.4285714285711, -72.6526310767570 ) );
#7257 = CARTESIAN_POINT( '', ( 169.795222457633, 28.6428571428568, -81.7356309146151 ) );
#7258 = CARTESIAN_POINT( '', ( 162.551771795718, 28.8571428571425, -90.8186307524732 ) );
#7259 = CARTESIAN_POINT( '', ( 152.084682321092, 29.0714285714282, -95.8593153762413 ) );
#7260 = CARTESIAN_POINT( '', ( 141.617592846467, 29.2857142857139, -100.900000000009 ) );
#7261 = CARTESIAN_POINT( '', ( 130.000000000007, 29.4999999999996, -100.900000000010 ) );
#7262 = CARTESIAN_POINT( '', ( 118.382407153547, 29.7142857142853, -100.900000000011 ) );
#7263 = CARTESIAN_POINT( '', ( 107.915317678921, 29.9285714285710, -95.8593153762443 ) );
#7264 = CARTESIAN_POINT( '', ( 97.4482282042944, 30.1428571428568, -90.8186307524777 ) );
#7265 = CARTESIAN_POINT( '', ( 90.2047775423789, 30.3571428571425, -81.7356309146206 ) );
#7266 = CARTESIAN_POINT( '', ( 82.9613268804637, 30.5714285714282, -72.6526310767635 ) );
#7267 = CARTESIAN_POINT( '', ( 80.3761692699445, 30.7857142857139, -61.3263155383860 ) );
#7268 = CARTESIAN_POINT( '', ( 77.7910116594254, 30.9999999999996, -50.0000000000087 ) );
#7269 = CARTESIAN_POINT( '', ( 80.3761692699429, 31.2142857142853, -38.6736844616309 ) );
#7270 = CARTESIAN_POINT( '', ( 82.9613268804606, 31.4285714285711, -27.3473689232533 ) );
#7271 = CARTESIAN_POINT( '', ( 90.2047775423745, 31.6428571428568, -18.2643690853951 ) );
#7272 = CARTESIAN_POINT( '', ( 97.4482282042887, 31.8571428571425, -9.18136924753699 ) );
#7273 = CARTESIAN_POINT( '', ( 107.915317678914, 32.0714285714282, -4.14068462376888 ) );
#7274 = CARTESIAN_POINT( '', ( 118.382407153540, 32.2857142857139, 0.899999999999198 ) );
#7275 = CARTESIAN_POINT( '', ( 130.000000000000, 32.4999999999996, 0.900000000000000 ) );
#7281 = CARTESIAN_POINT( '', ( 130.000000000003, 36.0000000000000, 0.899999999994896 ) );
#7282 = AXIS2_PLACEMENT_3D( '', #8896, #8897, #8898 );
#7285 = CARTESIAN_POINT( '', ( 130.000000000000, 6.00000000000000, 0.900000000000000 ) );
#7286 = CARTESIAN_POINT( '', ( 141.617592846460, 6.21428571428569, 0.900000000000796 ) );
#7287 = CARTESIAN_POINT( '', ( 152.084682321086, 6.42857142857140, -4.14068462376587 ) );
#7288 = CARTESIAN_POINT( '', ( 162.551771795713, 6.64285714285714, -9.18136924753252 ) );
#7289 = CARTESIAN_POINT( '', ( 169.795222457628, 6.85714285714285, -18.2643690853896 ) );
#7290 = CARTESIAN_POINT( '', ( 177.038673119544, 7.07142857142855, -27.3473689232468 ) );
#7291 = CARTESIAN_POINT( '', ( 179.623830730063, 7.28571428571425, -38.6736844616241 ) );
#7292 = CARTESIAN_POINT( '', ( 182.208988340582, 7.49999999999995, -50.0000000000015 ) );
#7293 = CARTESIAN_POINT( '', ( 179.623830730064, 7.71428571428565, -61.3263155383793 ) );
#7294 = CARTESIAN_POINT( '', ( 177.038673119547, 7.92857142857140, -72.6526310767570 ) );
#7295 = CARTESIAN_POINT( '', ( 169.795222457633, 8.14285714285710, -81.7356309146151 ) );
#7296 = CARTESIAN_POINT( '', ( 162.551771795718, 8.35714285714281, -90.8186307524732 ) );
#7297 = CARTESIAN_POINT( '', ( 152.084682321092, 8.57142857142850, -95.8593153762413 ) );
#7298 = CARTESIAN_POINT( '', ( 141.617592846467, 8.78571428571426, -100.900000000009 ) );
#7299 = CARTESIAN_POINT( '', ( 130.000000000007, 9.00000000000000, -100.900000000010 ) );
#7300 = CARTESIAN_POINT( '', ( 118.382407153547, 9.21428571428566, -100.900000000011 ) );
#7301 = CARTESIAN_POINT( '', ( 107.915317678921, 9.42857142857135, -95.8593153762443 ) );
#7302 = CARTESIAN_POINT( '', ( 97.4482282042944, 9.64285714285707, -90.8186307524777 ) );
#7303 = CARTESIAN_POINT( '', ( 90.2047775423789, 9.85714285714280, -81.7356309146206 ) );
#7304 = CARTESIAN_POINT( '', ( 82.9613268804637, 10.0714285714285, -72.6526310767635 ) );
#7305 = CARTESIAN_POINT( '', ( 80.3761692699445, 10.2857142857142, -61.3263155383860 ) );
#7306 = CARTESIAN_POINT( '', ( 77.7910116594254, 10.4999999999999, -50.0000000000087 ) );
#7307 = CARTESIAN_POINT( '', ( 80.3761692699429, 10.7142857142856, -38.6736844616309 ) );
#7308 = CARTESIAN_POINT( '', ( 82.9613268804606, 10.9285714285713, -27.3473689232533 ) );
#7309 = CARTESIAN_POINT( '', ( 90.2047775423745, 11.1428571428570, -18.2643690853951 ) );
#7310 = CARTESIAN_POINT( '', ( 97.4482282042887, 11.3571428571428, -9.18136924753699 ) );
#7311 = CARTESIAN_POINT( '', ( 107.915317678914, 11.5714285714285, -4.14068462376888 ) );
#7312 = CARTESIAN_POINT( '', ( 118.382407153540, 11.7857142857142, 0.899999999999198 ) );
#7313 = CARTESIAN_POINT( '', ( 130.000000000000, 12.0000000000000, 0.900000000000000 ) );
#7314 = CARTESIAN_POINT( '', ( 141.617592846460, 12.2142857142856, 0.900000000000796 ) );
#7315 = CARTESIAN_POINT( '', ( 152.084682321086, 12.4285714285713, -4.14068462376587 ) );
#7316 = CARTESIAN_POINT( '', ( 162.551771795713, 12.6428571428570, -9.18136924753252 ) );
#7317 = CARTESIAN_POINT( '', ( 169.795222457628, 12.8571428571427, -18.2643690853896 ) );
#7318 = CARTESIAN_POINT( '', ( 177.038673119544, 13.0714285714284, -27.3473689232468 ) );
#7319 = CARTESIAN_POINT( '', ( 179.623830730063, 13.2857142857142, -38.6736844616241 ) );
#7320 = CARTESIAN_POINT( '', ( 182.208988340582, 13.4999999999999, -50.0000000000015 ) );
#7321 = CARTESIAN_POINT( '', ( 179.623830730064, 13.7142857142856, -61.3263155383793 ) );
#7322 = CARTESIAN_POINT( '', ( 177.038673119547, 13.9285714285713, -72.6526310767570 ) );
#7323 = CARTESIAN_POINT( '', ( 169.795222457633, 14.1428571428570, -81.7356309146151 ) );
#7324 = CARTESIAN_POINT( '', ( 162.551771795718, 14.3571428571428, -90.8186307524732 ) );
#7325 = CARTESIAN_POINT( '', ( 152.084682321092, 14.5714285714284, -95.8593153762413 ) );
#7326 = CARTESIAN_POINT( '', ( 141.617592846467, 14.7857142857142, -100.900000000009 ) );
#7327 = CARTESIAN_POINT( '', ( 130.000000000007, 14.9999999999998, -100.900000000010 ) );
#7328 = CARTESIAN_POINT( '', ( 118.382407153547, 15.2142857142856, -100.900000000011 ) );
#7329 = CARTESIAN_POINT( '', ( 107.915317678921, 15.4285714285713, -95.8593153762443 ) );
#7330 = CARTESIAN_POINT( '', ( 97.4482282042944, 15.6428571428570, -90.8186307524777 ) );
#7331 = CARTESIAN_POINT( '', ( 90.2047775423789, 15.8571428571427, -81.7356309146206 ) );
#7332 = CARTESIAN_POINT( '', ( 82.9613268804637, 16.0714285714284, -72.6526310767635 ) );
#7333 = CARTESIAN_POINT( '', ( 80.3761692699445, 16.2857142857142, -61.3263155383860 ) );
#7334 = CARTESIAN_POINT( '', ( 77.7910116594254, 16.4999999999999, -50.0000000000087 ) );
#7335 = CARTESIAN_POINT( '', ( 80.3761692699429, 16.7142857142855, -38.6736844616309 ) );
#7336 = CARTESIAN_POINT( '', ( 82.9613268804606, 16.9285714285713, -27.3473689232533 ) );
#7337 = CARTESIAN_POINT( '', ( 90.2047775423745, 17.1428571428570, -18.2643690853951 ) );
#7338 = CARTESIAN_POINT( '', ( 97.4482282042887, 17.3571428571427, -9.18136924753699 ) );
#7339 = CARTESIAN_POINT( '', ( 107.915317678914, 17.5714285714284, -4.14068462376888 ) );
#7340 = CARTESIAN_POINT( '', ( 118.382407153540, 17.7857142857142, 0.899999999999198 ) );
#7341 = CARTESIAN_POINT( '', ( 130.000000000000, 18.0000000000000, 0.900000000000000 ) );
#7342 = CARTESIAN_POINT( '', ( 141.617592846460, 18.2142857142856, 0.900000000000796 ) );
#7343 = CARTESIAN_POINT( '', ( 152.084682321086, 18.4285714285713, -4.14068462376587 ) );
#7344 = CARTESIAN_POINT( '', ( 162.551771795713, 18.6428571428570, -9.18136924753252 ) );
#7345 = CARTESIAN_POINT( '', ( 169.795222457628, 18.8571428571427, -18.2643690853896 ) );
#7346 = CARTESIAN_POINT( '', ( 177.038673119544, 19.0714285714284, -27.3473689232468 ) );
#7347 = CARTESIAN_POINT( '', ( 179.623830730063, 19.2857142857141, -38.6736844616241 ) );
#7348 = CARTESIAN_POINT( '', ( 182.208988340582, 19.4999999999998, -50.0000000000015 ) );
#7349 = CARTESIAN_POINT( '', ( 179.623830730064, 19.7142857142855, -61.3263155383793 ) );
#7350 = CARTESIAN_POINT( '', ( 177.038673119547, 19.9285714285712, -72.6526310767570 ) );
#7351 = CARTESIAN_POINT( '', ( 169.795222457633, 20.1428571428570, -81.7356309146151 ) );
#7352 = CARTESIAN_POINT( '', ( 162.551771795718, 20.3571428571427, -90.8186307524732 ) );
#7353 = CARTESIAN_POINT( '', ( 152.084682321092, 20.5714285714284, -95.8593153762413 ) );
#7354 = CARTESIAN_POINT( '', ( 141.617592846467, 20.7857142857141, -100.900000000009 ) );
#7355 = CARTESIAN_POINT( '', ( 130.000000000007, 21.0000000000000, -100.900000000010 ) );
#7356 = CARTESIAN_POINT( '', ( 118.382407153547, 21.2142857142855, -100.900000000011 ) );
#7357 = CARTESIAN_POINT( '', ( 107.915317678921, 21.4285714285712, -95.8593153762443 ) );
#7358 = CARTESIAN_POINT( '', ( 97.4482282042944, 21.6428571428570, -90.8186307524777 ) );
#7359 = CARTESIAN_POINT( '', ( 90.2047775423789, 21.8571428571427, -81.7356309146206 ) );
#7360 = CARTESIAN_POINT( '', ( 82.9613268804637, 22.0714285714284, -72.6526310767635 ) );
#7361 = CARTESIAN_POINT( '', ( 80.3761692699445, 22.2857142857141, -61.3263155383860 ) );
#7362 = CARTESIAN_POINT( '', ( 77.7910116594254, 22.4999999999998, -50.0000000000087 ) );
#7363 = CARTESIAN_POINT( '', ( 80.3761692699429, 22.7142857142855, -38.6736844616309 ) );
#7364 = CARTESIAN_POINT( '', ( 82.9613268804606, 22.9285714285712, -27.3473689232533 ) );
#7365 = CARTESIAN_POINT( '', ( 90.2047775423745, 23.1428571428569, -18.2643690853951 ) );
#7366 = CARTESIAN_POINT( '', ( 97.4482282042887, 23.3571428571426, -9.18136924753699 ) );
#7367 = CARTESIAN_POINT( '', ( 107.915317678914, 23.5714285714284, -4.14068462376888 ) );
#7368 = CARTESIAN_POINT( '', ( 118.382407153540, 23.7857142857141, 0.899999999999198 ) );
#7369 = CARTESIAN_POINT( '', ( 130.000000000000, 23.9999999999998, 0.900000000000000 ) );
#7370 = CARTESIAN_POINT( '', ( 141.617592846460, 24.2142857142855, 0.900000000000796 ) );
#7371 = CARTESIAN_POINT( '', ( 152.084682321086, 24.4285714285712, -4.14068462376587 ) );
#7372 = CARTESIAN_POINT( '', ( 162.551771795713, 24.6428571428569, -9.18136924753252 ) );
#7373 = CARTESIAN_POINT( '', ( 169.795222457628, 24.8571428571426, -18.2643690853896 ) );
#7374 = CARTESIAN_POINT( '', ( 177.038673119544, 25.0714285714283, -27.3473689232468 ) );
#7375 = CARTESIAN_POINT( '', ( 179.623830730063, 25.2857142857141, -38.6736844616241 ) );
#7376 = CARTESIAN_POINT( '', ( 182.208988340582, 25.4999999999997, -50.0000000000015 ) );
#7377 = CARTESIAN_POINT( '', ( 179.623830730064, 25.7142857142854, -61.3263155383793 ) );
#7378 = CARTESIAN_POINT( '', ( 177.038673119547, 25.9285714285711, -72.6526310767570 ) );
#7379 = CARTESIAN_POINT( '', ( 169.795222457633, 26.1428571428569, -81.7356309146151 ) );
#7380 = CARTESIAN_POINT( '', ( 162.551771795718, 26.3571428571426, -90.8186307524732 ) );
#7381 = CARTESIAN_POINT( '', ( 152.084682321092, 26.5714285714283, -95.8593153762413 ) );
#7382 = CARTESIAN_POINT( '', ( 141.617592846467, 26.7857142857140, -100.900000000009 ) );
#7383 = CARTESIAN_POINT( '', ( 130.000000000007, 27.0000000000000, -100.900000000010 ) );
#7384 = CARTESIAN_POINT( '', ( 118.382407153547, 27.2142857142854, -100.900000000011 ) );
#7385 = CARTESIAN_POINT( '', ( 107.915317678921, 27.4285714285712, -95.8593153762443 ) );
#7386 = CARTESIAN_POINT( '', ( 97.4482282042944, 27.6428571428569, -90.8186307524777 ) );
#7387 = CARTESIAN_POINT( '', ( 90.2047775423789, 27.8571428571426, -81.7356309146206 ) );
#7388 = CARTESIAN_POINT( '', ( 82.9613268804637, 28.0714285714283, -72.6526310767635 ) );
#7389 = CARTESIAN_POINT( '', ( 80.3761692699445, 28.2857142857140, -61.3263155383860 ) );
#7390 = CARTESIAN_POINT( '', ( 77.7910116594254, 28.4999999999997, -50.0000000000087 ) );
#7391 = CARTESIAN_POINT( '', ( 80.3761692699429, 28.7142857142854, -38.6736844616309 ) );
#7392 = CARTESIAN_POINT( '', ( 82.9613268804606, 28.9285714285711, -27.3473689232533 ) );
#7393 = CARTESIAN_POINT( '', ( 90.2047775423745, 29.1428571428568, -18.2643690853951 ) );
#7394 = CARTESIAN_POINT( '', ( 97.4482282042887, 29.3571428571426, -9.18136924753699 ) );
#7395 = CARTESIAN_POINT( '', ( 107.915317678914, 29.5714285714283, -4.14068462376888 ) );
#7396 = CARTESIAN_POINT( '', ( 118.382407153540, 29.7857142857140, 0.899999999999198 ) );
#7397 = CARTESIAN_POINT( '', ( 130.000000000000, 30.0000000000000, 0.900000000000000 ) );
#7398 = CARTESIAN_POINT( '', ( 141.617592846460, 30.2142857142854, 0.900000000000796 ) );
#7399 = CARTESIAN_POINT( '', ( 152.084682321086, 30.4285714285711, -4.14068462376587 ) );
#7400 = CARTESIAN_POINT( '', ( 162.551771795713, 30.6428571428568, -9.18136924753252 ) );
#7401 = CARTESIAN_POINT( '', ( 169.795222457628, 30.8571428571426, -18.2643690853896 ) );
#7402 = CARTESIAN_POINT( '', ( 177.038673119544, 31.0714285714282, -27.3473689232468 ) );
#7403 = CARTESIAN_POINT( '', ( 179.623830730063, 31.2857142857140, -38.6736844616241 ) );
#7404 = CARTESIAN_POINT( '', ( 182.208988340582, 31.4999999999997, -50.0000000000015 ) );
#7405 = CARTESIAN_POINT( '', ( 179.623830730064, 31.7142857142853, -61.3263155383793 ) );
#7406 = CARTESIAN_POINT( '', ( 177.038673119547, 31.9285714285711, -72.6526310767570 ) );
#7407 = CARTESIAN_POINT( '', ( 169.795222457633, 32.1428571428568, -81.7356309146151 ) );
#7408 = CARTESIAN_POINT( '', ( 162.551771795718, 32.3571428571425, -90.8186307524732 ) );
#7409 = CARTESIAN_POINT( '', ( 152.084682321092, 32.5714285714282, -95.8593153762413 ) );
#7410 = CARTESIAN_POINT( '', ( 141.617592846467, 32.7857142857140, -100.900000000009 ) );
#7411 = CARTESIAN_POINT( '', ( 130.000000000007, 32.9999999999996, -100.900000000010 ) );
#7412 = CARTESIAN_POINT( '', ( 118.382407153547, 33.2142857142854, -100.900000000011 ) );
#7413 = CARTESIAN_POINT( '', ( 107.915317678921, 33.4285714285711, -95.8593153762443 ) );
#7414 = CARTESIAN_POINT( '', ( 97.4482282042944, 33.6428571428568, -90.8186307524777 ) );
#7415 = CARTESIAN_POINT( '', ( 90.2047775423789, 33.8571428571425, -81.7356309146206 ) );
#7416 = CARTESIAN_POINT( '', ( 82.9613268804637, 34.0714285714282, -72.6526310767635 ) );
#7417 = CARTESIAN_POINT( '', ( 80.3761692699445, 34.2857142857139, -61.3263155383860 ) );
#7418 = CARTESIAN_POINT( '', ( 77.7910116594254, 34.4999999999996, -50.0000000000087 ) );
#7419 = CARTESIAN_POINT( '', ( 80.3761692699429, 34.7142857142854, -38.6736844616309 ) );
#7420 = CARTESIAN_POINT( '', ( 82.9613268804606, 34.9285714285711, -27.3473689232533 ) );
#7421 = CARTESIAN_POINT( '', ( 90.2047775423745, 35.1428571428568, -18.2643690853951 ) );
#7422 = CARTESIAN_POINT( '', ( 97.4482282042887, 35.3571428571425, -9.18136924753699 ) );
#7423 = CARTESIAN_POINT( '', ( 107.915317678914, 35.5714285714282, -4.14068462376888 ) );
#7424 = CARTESIAN_POINT( '', ( 118.382407153540, 35.7857142857139, 0.899999999999198 ) );
#7425 = CARTESIAN_POINT( '', ( 130.000000000000, 36.0000000000000, 0.900000000000000 ) );
#7431 = COLOUR_RGB( '', 0.800000011920929, 0.800000011920929, 0.800000011920929 );
#7432 = CARTESIAN_POINT( '', ( 72.0000000000000, 12.1867325534165, 3.00000000000000 ) );
#7433 = CARTESIAN_POINT( '', ( 72.0000000000000, 12.1867325534165, -3.00000000000000 ) );
#7434 = AXIS2_PLACEMENT_3D( '', #8899, #8900, #8901 );
#7435 = CARTESIAN_POINT( '', ( 80.0000000000000, 12.1867325534165, 3.00000000000000 ) );
#7436 = CARTESIAN_POINT( '', ( 80.0000000000000, 12.1867325534165, 3.00000000000000 ) );
#7437 = VECTOR( '', #8902, 1000.00000000000 );
#7438 = CARTESIAN_POINT( '', ( 80.0000000000000, 12.1867325534165, -3.00000000000000 ) );
#7439 = CARTESIAN_POINT( '', ( 80.0000000000000, 12.1867325534165, -3.00000000000000 ) );
#7440 = VECTOR( '', #8903, 1000.00000000000 );
#7441 = CARTESIAN_POINT( '', ( 72.0000000000000, 12.1867325534165, -3.00000000000000 ) );
#7442 = VECTOR( '', #8904, 1000.00000000000 );
#7443 = COLOUR_RGB( '', 0.600000023841858, 0.600000023841858, 0.533333361148834 );
#7444 = CARTESIAN_POINT( '', ( 231.000000000004, 34.2499999999996, -11.3000000000051 ) );
#7445 = AXIS2_PLACEMENT_3D( '', #8905, #8906, #8907 );
#7446 = CARTESIAN_POINT( '', ( 231.000000000004, 34.2499999999996, -11.2000000000051 ) );
#7447 = AXIS2_PLACEMENT_3D( '', #8908, #8909, #8910 );
#7448 = COLOUR_RGB( '', 0.266666680574417, 0.266666680574417, 0.266666680574417 );
#7449 = CARTESIAN_POINT( '', ( 180.000000000004, 32.4999999999996, -0.900000000005104 ) );
#7450 = CARTESIAN_POINT( '', ( 180.000000000004, 32.4999999999996, 0.899999999994896 ) );
#7451 = CARTESIAN_POINT( '', ( 180.000000000004, 32.4999999999996, -0.900000000005104 ) );
#7452 = VECTOR( '', #8911, 1000.00000000000 );
#7453 = CARTESIAN_POINT( '', ( 130.000000000003, 32.4999999999996, 0.899999999994896 ) );
#7454 = VECTOR( '', #8912, 1000.00000000000 );
#7455 = CARTESIAN_POINT( '', ( 130.000000000003, 32.4999999999996, -0.900000000005104 ) );
#7456 = CARTESIAN_POINT( '', ( 130.000000000003, 32.4999999999996, -0.900000000005104 ) );
#7457 = VECTOR( '', #8913, 1000.00000000000 );
#7458 = CARTESIAN_POINT( '', ( 130.000000000003, 32.4999999999996, -0.900000000005104 ) );
#7459 = VECTOR( '', #8914, 1000.00000000000 );
#7460 = COLOUR_RGB( '', 0.800000011920929, 0.800000011920929, 0.800000011920929 );
#7461 = CARTESIAN_POINT( '', ( 72.0000000000000, 12.5608606958635, -25.0000000000000 ) );
#7462 = CARTESIAN_POINT( '', ( 72.0000000000000, 16.9063022054847, -21.0000000000000 ) );
#7463 = AXIS2_PLACEMENT_3D( '', #8915, #8916, #8917 );
#7464 = CARTESIAN_POINT( '', ( 59.1861908023052, 18.0000000000000, -25.0000000000000 ) );
#7465 = CARTESIAN_POINT( '', ( 77.2185377430215, 10.3457228465116, -25.0000000000000 ) );
#7466 = VECTOR( '', #8918, 1000.00000000000 );
#7467 = CARTESIAN_POINT( '', ( 60.7491153162623, 21.6820194138097, -21.0000000000000 ) );
#7468 = AXIS2_PLACEMENT_3D( '', #8919, #8920, #8921 );
#7469 = CARTESIAN_POINT( '', ( 60.0000000000000, 22.0000000000000, -21.0000000000000 ) );
#7470 = VECTOR( '', #8922, 1000.00000000000 );
#7471 = COLOUR_RGB( '', 0.800000011920929, 0.800000011920929, 0.800000011920929 );
#7472 = CARTESIAN_POINT( '', ( 78.7814622569786, 14.0277422603214, -3.00000000000000 ) );
#7473 = CARTESIAN_POINT( '', ( 72.0000000000000, 16.9063022054847, -3.00000000000000 ) );
#7474 = CARTESIAN_POINT( '', ( 60.0000000000000, 22.0000000000000, -3.00000000000004 ) );
#7475 = VECTOR( '', #8923, 1000.00000000000 );
#7476 = CARTESIAN_POINT( '', ( 72.0000000000000, 12.1867325534165, -3.00000000000000 ) );
#7477 = VECTOR( '', #8924, 1000.00000000000 );
#7478 = AXIS2_PLACEMENT_3D( '', #8925, #8926, #8927 );
#7479 = COLOUR_RGB( '', 0.200000002980232, 0.200000002980232, 0.200000002980232 );
#7480 = CARTESIAN_POINT( '', ( -175.792893218814, 1.74253343908722, 9.19225854998060 ) );
#7481 = AXIS2_PLACEMENT_3D( '', #8928, #8929, #8930 );
#7482 = CARTESIAN_POINT( '', ( -175.085786437627, 2.67818698353642, 9.30000000000000 ) );
#7483 = AXIS2_PLACEMENT_3D( '', #8931, #8932, #8933 );
#7484 = CARTESIAN_POINT( '', ( -175.792893218814, 2.67818698353642, 9.59289321881345 ) );
#7485 = AXIS2_PLACEMENT_3D( '', #8934, #8935, #8936 );
#7486 = AXIS2_PLACEMENT_3D( '', #8937, #8938, #8939 );
#7487 = COLOUR_RGB( '', 0.200000002980232, 0.200000002980232, 0.200000002980232 );
#7488 = CARTESIAN_POINT( '', ( -120.000000000000, 2.50000000000000, 7.90000000000000 ) );
#7489 = CARTESIAN_POINT( '', ( -120.000000000000, 6.00000000000000, 7.90000000000000 ) );
#7490 = AXIS2_PLACEMENT_3D( '', #8940, #8941, #8942 );
#7491 = CARTESIAN_POINT( '', ( -160.000000000000, 6.00000000000000, 7.90000000000000 ) );
#7492 = CARTESIAN_POINT( '', ( -160.000000000000, 6.00000000000000, 7.90000000000000 ) );
#7493 = VECTOR( '', #8943, 1000.00000000000 );
#7494 = CARTESIAN_POINT( '', ( -160.000000000000, 2.50000000000000, 7.90000000000000 ) );
#7495 = AXIS2_PLACEMENT_3D( '', #8944, #8945, #8946 );
#7496 = CARTESIAN_POINT( '', ( -160.000000000000, 2.50000000000000, 7.90000000000000 ) );
#7497 = VECTOR( '', #8947, 1000.00000000000 );
#7498 = COLOUR_RGB( '', 0.200000002980232, 0.200000002980232, 0.200000002980232 );
#7501 = CARTESIAN_POINT( '', ( -120.000000000000, 6.00000000000000, 0.900000000000000 ) );
#7502 = CARTESIAN_POINT( '', ( -125.306660779571, 6.00000000000001, 1.15000000000000 ) );
#7503 = CARTESIAN_POINT( '', ( -130.087796934483, 8.30247382126875, 1.40000000000000 ) );
#7504 = CARTESIAN_POINT( '', ( -134.868933089395, 10.6049476425375, 1.65000000000000 ) );
#7505 = CARTESIAN_POINT( '', ( -138.177581967382, 14.7538621067844, 1.90000000000000 ) );
#7506 = CARTESIAN_POINT( '', ( -141.486230845368, 18.9027765710314, 2.15000000000000 ) );
#7507 = CARTESIAN_POINT( '', ( -142.667073958227, 24.0763882855157, 2.40000000000000 ) );
#7508 = CARTESIAN_POINT( '', ( -143.847917071087, 29.2500000000000, 2.65000000000000 ) );
#7509 = CARTESIAN_POINT( '', ( -142.667073958227, 34.4236117144843, 2.90000000000000 ) );
#7510 = CARTESIAN_POINT( '', ( -141.486230845368, 39.5972234289686, 3.15000000000000 ) );
#7511 = CARTESIAN_POINT( '', ( -138.177581967382, 43.7461378932156, 3.40000000000000 ) );
#7512 = CARTESIAN_POINT( '', ( -134.868933089395, 47.8950523574625, 3.65000000000000 ) );
#7513 = CARTESIAN_POINT( '', ( -130.087796934483, 50.1975261787313, 3.90000000000000 ) );
#7514 = CARTESIAN_POINT( '', ( -125.306660779571, 52.5000000000001, 4.15000000000000 ) );
#7515 = CARTESIAN_POINT( '', ( -120.000000000000, 52.5000000000000, 4.40000000000000 ) );
#7516 = CARTESIAN_POINT( '', ( -114.693339220429, 52.5000000000001, 4.65000000000000 ) );
#7517 = CARTESIAN_POINT( '', ( -109.912203065517, 50.1975261787313, 4.90000000000000 ) );
#7518 = CARTESIAN_POINT( '', ( -105.131066910604, 47.8950523574625, 5.15000000000000 ) );
#7519 = CARTESIAN_POINT( '', ( -101.822418032618, 43.7461378932156, 5.40000000000000 ) );
#7520 = CARTESIAN_POINT( '', ( -98.5137691546320, 39.5972234289686, 5.64999999999999 ) );
#7521 = CARTESIAN_POINT( '', ( -97.3329260417725, 34.4236117144843, 5.90000000000000 ) );
#7522 = CARTESIAN_POINT( '', ( -96.1520829289131, 29.2500000000000, 6.15000000000000 ) );
#7523 = CARTESIAN_POINT( '', ( -97.3329260417725, 24.0763882855157, 6.40000000000000 ) );
#7524 = CARTESIAN_POINT( '', ( -98.5137691546320, 18.9027765710314, 6.65000000000000 ) );
#7525 = CARTESIAN_POINT( '', ( -101.822418032618, 14.7538621067845, 6.90000000000000 ) );
#7526 = CARTESIAN_POINT( '', ( -105.131066910604, 10.6049476425375, 7.15000000000000 ) );
#7527 = CARTESIAN_POINT( '', ( -109.912203065517, 8.30247382126875, 7.40000000000000 ) );
#7528 = CARTESIAN_POINT( '', ( -114.693339220429, 6.00000000000001, 7.65000000000000 ) );
#7529 = CARTESIAN_POINT( '', ( -120.000000000000, 6.00000000000000, 7.90000000000000 ) );
#7537 = CARTESIAN_POINT( '', ( -120.000000000000, 2.50000000000000, 0.900000000000000 ) );
#7538 = CARTESIAN_POINT( '', ( -126.105512939936, 2.49999999999999, 1.15000000000000 ) );
#7539 = CARTESIAN_POINT( '', ( -131.606390021395, 5.14908278361030, 1.40000000000000 ) );
#7540 = CARTESIAN_POINT( '', ( -137.107267102853, 7.79816556722058, 1.65000000000000 ) );
#7541 = CARTESIAN_POINT( '', ( -140.913992156020, 12.5716478002788, 1.90000000000000 ) );
#7542 = CARTESIAN_POINT( '', ( -144.720717209187, 17.3451300333372, 2.15000000000000 ) );
#7543 = CARTESIAN_POINT( '', ( -146.079321650864, 23.2975650166686, 2.40000000000000 ) );
#7544 = CARTESIAN_POINT( '', ( -147.437926092541, 29.2500000000000, 2.65000000000000 ) );
#7545 = CARTESIAN_POINT( '', ( -146.079321650864, 35.2024349833314, 2.90000000000000 ) );
#7546 = CARTESIAN_POINT( '', ( -144.720717209187, 41.1548699666628, 3.15000000000000 ) );
#7547 = CARTESIAN_POINT( '', ( -140.913992156020, 45.9283521997211, 3.40000000000000 ) );
#7548 = CARTESIAN_POINT( '', ( -137.107267102853, 50.7018344327795, 3.65000000000000 ) );
#7549 = CARTESIAN_POINT( '', ( -131.606390021395, 53.3509172163897, 3.90000000000000 ) );
#7550 = CARTESIAN_POINT( '', ( -126.105512939936, 56.0000000000001, 4.15000000000000 ) );
#7551 = CARTESIAN_POINT( '', ( -120.000000000000, 56.0000000000000, 4.40000000000000 ) );
#7552 = CARTESIAN_POINT( '', ( -113.894487060063, 56.0000000000001, 4.65000000000000 ) );
#7553 = CARTESIAN_POINT( '', ( -108.393609978605, 53.3509172163897, 4.90000000000000 ) );
#7554 = CARTESIAN_POINT( '', ( -102.892732897147, 50.7018344327795, 5.15000000000000 ) );
#7555 = CARTESIAN_POINT( '', ( -99.0860078439801, 45.9283521997212, 5.40000000000000 ) );
#7556 = CARTESIAN_POINT( '', ( -95.2792827908132, 41.1548699666628, 5.64999999999999 ) );
#7557 = CARTESIAN_POINT( '', ( -93.9206783491361, 35.2024349833314, 5.90000000000000 ) );
#7558 = CARTESIAN_POINT( '', ( -92.5620739074591, 29.2500000000000, 6.15000000000000 ) );
#7559 = CARTESIAN_POINT( '', ( -93.9206783491361, 23.2975650166686, 6.40000000000000 ) );
#7560 = CARTESIAN_POINT( '', ( -95.2792827908132, 17.3451300333372, 6.65000000000000 ) );
#7561 = CARTESIAN_POINT( '', ( -99.0860078439801, 12.5716478002789, 6.90000000000000 ) );
#7562 = CARTESIAN_POINT( '', ( -102.892732897147, 7.79816556722058, 7.15000000000000 ) );
#7563 = CARTESIAN_POINT( '', ( -108.393609978605, 5.14908278361030, 7.40000000000000 ) );
#7564 = CARTESIAN_POINT( '', ( -113.894487060063, 2.49999999999999, 7.65000000000000 ) );
#7565 = CARTESIAN_POINT( '', ( -120.000000000000, 2.50000000000000, 7.90000000000000 ) );
#7571 = COLOUR_RGB( '', 0.200000002980232, 0.200000002980232, 0.200000002980232 );
#7572 = AXIS2_PLACEMENT_3D( '', #8948, #8949, #8950 );
#7573 = CARTESIAN_POINT( '', ( -170.500000000000, 1.95449725353081, 5.00987452250738 ) );
#7574 = AXIS2_PLACEMENT_3D( '', #8951, #8952, #8953 );
#7575 = AXIS2_PLACEMENT_3D( '', #8954, #8955, #8956 );
#7576 = COLOUR_RGB( '', 0.800000011920929, 0.800000011920929, 0.800000011920929 );
#7577 = CARTESIAN_POINT( '', ( -76.0000000000000, 8.00000000000000, -25.0000000000000 ) );
#7578 = CARTESIAN_POINT( '', ( -80.0000000000000, 8.00000000000000, -21.0000000000000 ) );
#7579 = AXIS2_PLACEMENT_3D( '', #8957, #8958, #8959 );
#7580 = CARTESIAN_POINT( '', ( -76.0000000000000, -2.08189955855050E-014, -25.0000000000000 ) );
#7581 = CARTESIAN_POINT( '', ( -76.0000000000000, 12.1867325534165, -25.0000000000000 ) );
#7582 = VECTOR( '', #8960, 1000.00000000000 );
#7583 = CARTESIAN_POINT( '', ( -80.0000000000000, -2.08189955855050E-014, -21.0000000000000 ) );
#7584 = AXIS2_PLACEMENT_3D( '', #8961, #8962, #8963 );
#7585 = CARTESIAN_POINT( '', ( -80.0000000000000, -2.08189955855050E-014, -21.0000000000000 ) );
#7586 = VECTOR( '', #8964, 1000.00000000000 );
#7587 = COLOUR_RGB( '', 0.800000011920929, 0.800000011920929, 0.800000011920929 );
#7588 = CARTESIAN_POINT( '', ( -80.0000000000000, 8.00000000000000, 17.0000000000000 ) );
#7589 = CARTESIAN_POINT( '', ( -80.0000000000000, 8.00000000000000, 25.0000000000000 ) );
#7590 = VECTOR( '', #8965, 1000.00000000000 );
#7591 = CARTESIAN_POINT( '', ( -80.0000000000000, 12.1867325534165, 17.0000000000000 ) );
#7592 = CARTESIAN_POINT( '', ( -80.0000000000000, 1.49999999999998, 17.0000000000000 ) );
#7593 = VECTOR( '', #8966, 1000.00000000000 );
#7594 = CARTESIAN_POINT( '', ( -80.0000000000000, 12.1867325534165, 3.00000000000000 ) );
#7595 = CARTESIAN_POINT( '', ( -80.0000000000000, 12.1867325534165, 25.0000000000000 ) );
#7596 = VECTOR( '', #8967, 1000.00000000000 );
#7597 = CARTESIAN_POINT( '', ( -80.0000000000000, 12.1867325534165, -3.00000000000000 ) );
#7598 = VECTOR( '', #8968, 1000.00000000000 );
#7599 = CARTESIAN_POINT( '', ( -80.0000000000000, 12.1867325534165, -21.0000000000000 ) );
#7600 = CARTESIAN_POINT( '', ( -80.0000000000000, 12.1867325534165, 25.0000000000000 ) );
#7601 = VECTOR( '', #8969, 1000.00000000000 );
#7602 = CARTESIAN_POINT( '', ( -80.0000000000000, -2.08189955855050E-014, -21.0000000000000 ) );
#7603 = VECTOR( '', #8970, 1000.00000000000 );
#7604 = COLOUR_RGB( '', 0.800000011920929, 0.800000011920929, 0.800000011920929 );
#7605 = CARTESIAN_POINT( '', ( 76.0000000000000, 8.00000000000000, 25.0000000000000 ) );
#7606 = CARTESIAN_POINT( '', ( 80.0000000000000, 8.00000000000000, 21.0000000000000 ) );
#7607 = AXIS2_PLACEMENT_3D( '', #8971, #8972, #8973 );
#7608 = CARTESIAN_POINT( '', ( 76.0000000000000, -2.08189955855050E-014, 25.0000000000000 ) );
#7609 = CARTESIAN_POINT( '', ( 76.0000000000000, -1.81059868166415E-013, 25.0000000000000 ) );
#7610 = VECTOR( '', #8974, 1000.00000000000 );
#7611 = CARTESIAN_POINT( '', ( 80.0000000000000, -2.08189955855050E-014, 21.0000000000000 ) );
#7612 = AXIS2_PLACEMENT_3D( '', #8975, #8976, #8977 );
#7613 = CARTESIAN_POINT( '', ( 80.0000000000000, 13.5105036758079, 21.0000000000000 ) );
#7614 = VECTOR( '', #8978, 1000.00000000000 );
#7615 = COLOUR_RGB( '', 0.800000011920929, 0.800000011920929, 0.800000011920929 );
#7616 = CARTESIAN_POINT( '', ( 72.0000000000000, 16.9063022054847, 3.00000000000000 ) );
#7617 = AXIS2_PLACEMENT_3D( '', #8979, #8980, #8981 );
#7618 = CARTESIAN_POINT( '', ( 72.0000000000000, 12.1867325534165, 3.00000000000000 ) );
#7619 = VECTOR( '', #8982, 1000.00000000000 );
#7620 = COLOUR_RGB( '', 0.200000002980232, 0.200000002980232, 0.200000002980232 );
#7621 = CARTESIAN_POINT( '', ( -175.085786437627, 2.67818698353642, 4.70000000000000 ) );
#7622 = CARTESIAN_POINT( '', ( -151.887509630206, 2.67818698353642, 4.70000000000000 ) );
#7623 = VECTOR( '', #8983, 1000.00000000000 );
#7624 = CARTESIAN_POINT( '', ( -175.085786437627, 5.82181301646359, 4.70000000000000 ) );
#7625 = CARTESIAN_POINT( '', ( -175.085786437627, 6.25000000000000, 4.70000000000000 ) );
#7626 = VECTOR( '', #8984, 1000.00000000000 );
#7627 = CARTESIAN_POINT( '', ( -151.887509630206, 5.82181301646358, 4.70000000000000 ) );
#7628 = VECTOR( '', #8985, 1000.00000000000 );
#7629 = COLOUR_RGB( '', 0.200000002980232, 0.200000002980232, 0.200000002980232 );
#7630 = CARTESIAN_POINT( '', ( -210.500000000000, 0.200000000000001, 7.00000000000000 ) );
#7631 = AXIS2_PLACEMENT_3D( '', #8986, #8987, #8988 );
#7632 = CARTESIAN_POINT( '', ( -210.200000000000, 0.500000000000000, 7.00000000000000 ) );
#7633 = AXIS2_PLACEMENT_3D( '', #8989, #8990, #8991 );
#7634 = COLOUR_RGB( '', 0.266666680574417, 0.266666680574417, 0.266666680574417 );
#7635 = CARTESIAN_POINT( '', ( 130.000000000000, 6.00000000000000, -0.900000000000000 ) );
#7636 = CARTESIAN_POINT( '', ( 130.000000000000, 6.00000000000000, 3.46944695194967E-015 ) );
#7637 = VECTOR( '', #8992, 1000.00000000000 );
#7638 = CARTESIAN_POINT( '', ( 80.0000000000000, 6.00000000000000, -0.900000000000000 ) );
#7639 = CARTESIAN_POINT( '', ( 80.0000000000000, 6.00000000000000, -0.900000000000000 ) );
#7640 = VECTOR( '', #8993, 1000.00000000000 );
#7641 = CARTESIAN_POINT( '', ( 80.0000000000000, 6.00000000000000, 0.900000000000000 ) );
#7642 = CARTESIAN_POINT( '', ( 80.0000000000000, 6.00000000000000, 0.900000000000000 ) );
#7643 = VECTOR( '', #8994, 1000.00000000000 );
#7644 = CARTESIAN_POINT( '', ( 80.0000000000000, 6.00000000000000, 0.900000000000000 ) );
#7645 = VECTOR( '', #8995, 1000.00000000000 );
#7646 = COLOUR_RGB( '', 0.200000002980232, 0.200000002980232, 0.200000002980232 );
#7647 = CARTESIAN_POINT( '', ( -174.500000000000, -0.450000000000000, 7.00000000000000 ) );
#7648 = AXIS2_PLACEMENT_3D( '', #8996, #8997, #8998 );
#7649 = CARTESIAN_POINT( '', ( -174.800000000000, -0.750000000000000, 7.00000000000000 ) );
#7650 = AXIS2_PLACEMENT_3D( '', #8999, #9000, #9001 );
#7651 = COLOUR_RGB( '', 0.200000002980232, 0.200000002980232, 0.200000002980232 );
#7652 = CARTESIAN_POINT( '', ( -175.085786437627, 6.54550274646920, 8.99012547749262 ) );
#7653 = CARTESIAN_POINT( '', ( -170.500000000000, 6.54550274646920, 8.99012547749262 ) );
#7654 = CARTESIAN_POINT( '', ( -151.887509630206, 6.54550274646920, 8.99012547749262 ) );
#7655 = VECTOR( '', #9002, 1000.00000000000 );
#7656 = CARTESIAN_POINT( '', ( -175.085786437627, 5.82181301646359, 9.30000000000000 ) );
#7657 = AXIS2_PLACEMENT_3D( '', #9003, #9004, #9005 );
#7658 = CARTESIAN_POINT( '', ( -170.500000000000, 5.82181301646359, 9.30000000000000 ) );
#7659 = CARTESIAN_POINT( '', ( -151.887509630206, 5.82181301646358, 9.30000000000000 ) );
#7660 = VECTOR( '', #9006, 1000.00000000000 );
#7661 = AXIS2_PLACEMENT_3D( '', #9007, #9008, #9009 );
#7662 = COLOUR_RGB( '', 0.266666680574417, 0.266666680574417, 0.266666680574417 );
#7663 = CARTESIAN_POINT( '', ( 183.000000000004, 36.5000000000000, -4.00000000000511 ) );
#7664 = CARTESIAN_POINT( '', ( 183.000000000004, 36.5000000000000, 3.99999999999489 ) );
#7665 = CARTESIAN_POINT( '', ( 183.000000000004, 36.5000000000000, -4.00000000000511 ) );
#7666 = CARTESIAN_POINT( '', ( 183.000000000004, 36.5000000000000, -2.66666666667177 ) );
#7667 = CARTESIAN_POINT( '', ( 183.000000000004, 36.5000000000000, -5.10355646632377E-012 ) );
#7668 = CARTESIAN_POINT( '', ( 183.000000000004, 36.5000000000000, 2.66666666666156 ) );
#7669 = CARTESIAN_POINT( '', ( 183.000000000004, 36.5000000000000, 3.99999999999489 ) );
#7670 = CARTESIAN_POINT( '', ( 203.000000000004, 41.1000000000000, 10.7999999999949 ) );
#7671 = CARTESIAN_POINT( '', ( 183.000000000004, 36.5000000000000, 3.99999999999489 ) );
#7672 = CARTESIAN_POINT( '', ( 190.206478566775, 36.5000000000000, 3.99999999999489 ) );
#7673 = CARTESIAN_POINT( '', ( 196.009446193274, 41.1000000000000, 10.7999999999949 ) );
#7674 = CARTESIAN_POINT( '', ( 203.000000000004, 41.1000000000000, 10.7999999999949 ) );
#7675 = CARTESIAN_POINT( '', ( 203.000000000004, 41.1000000000000, -10.8000000000051 ) );
#7676 = CARTESIAN_POINT( '', ( 203.000000000004, 41.1000000000000, -10.8000000000051 ) );
#7677 = VECTOR( '', #9010, 1000.00000000000 );
#7678 = CARTESIAN_POINT( '', ( 183.000000000004, 36.5000000000000, -4.00000000000511 ) );
#7679 = CARTESIAN_POINT( '', ( 190.206478566775, 36.5000000000000, -4.00000000000511 ) );
#7680 = CARTESIAN_POINT( '', ( 196.009446193274, 41.1000000000000, -10.8000000000051 ) );
#7681 = CARTESIAN_POINT( '', ( 203.000000000004, 41.1000000000000, -10.8000000000051 ) );
#7682 = COLOUR_RGB( '', 0.800000011920929, 0.800000011920929, 0.800000011920929 );
#7683 = CARTESIAN_POINT( '', ( -78.7814622569786, 14.0277422603214, -21.0000000000000 ) );
#7684 = AXIS2_PLACEMENT_3D( '', #9011, #9012, #9013 );
#7685 = CARTESIAN_POINT( '', ( -76.0000000000000, 10.8629614310251, -25.0000000000000 ) );
#7686 = AXIS2_PLACEMENT_3D( '', #9014, #9015, #9016 );
#7687 = AXIS2_PLACEMENT_3D( '', #9017, #9018, #9019 );
#7688 = COLOUR_RGB( '', 0.200000002980232, 0.200000002980232, 0.200000002980232 );
#7689 = CARTESIAN_POINT( '', ( -175.792893218814, 7.85142769122863, 8.04509262022634 ) );
#7690 = CARTESIAN_POINT( '', ( -175.085786437627, 7.96651718682963, 7.50000000000000 ) );
#7691 = CARTESIAN_POINT( '', ( -175.792893218814, 7.85142769122863, 8.04509262022634 ) );
#7692 = CARTESIAN_POINT( '', ( -175.759555496581, 7.87157731888223, 7.97565626062032 ) );
#7693 = CARTESIAN_POINT( '', ( -175.721250705822, 7.88879664903693, 7.90876406496903 ) );
#7694 = CARTESIAN_POINT( '', ( -175.631106131412, 7.91800285480518, 7.78259072059569 ) );
#7695 = CARTESIAN_POINT( '', ( -175.578484433789, 7.93007431020986, 7.72267616937198 ) );
#7696 = CARTESIAN_POINT( '', ( -175.400058784911, 7.95802740502472, 7.56909038066427 ) );
#7697 = CARTESIAN_POINT( '', ( -175.246248437589, 7.96651718682963, 7.50000000000000 ) );
#7698 = CARTESIAN_POINT( '', ( -175.085786437627, 7.96651718682963, 7.50000000000000 ) );
#7699 = CARTESIAN_POINT( '', ( -175.792893218814, 6.75746656091278, 9.19225854998060 ) );
#7700 = CARTESIAN_POINT( '', ( -175.792893218814, 8.17848100127320, 7.70213307248798 ) );
#7701 = VECTOR( '', #9020, 1000.00000000000 );
#7702 = AXIS2_PLACEMENT_3D( '', #9021, #9022, #9023 );
#7703 = CARTESIAN_POINT( '', ( -175.085786437627, 6.54550274646920, 8.99012547749262 ) );
#7704 = VECTOR( '', #9024, 1000.00000000000 );
#7705 = COLOUR_RGB( '', 0.800000011920929, 0.800000011920929, 0.800000011920929 );
#7706 = CARTESIAN_POINT( '', ( -72.0000000000000, 12.1867325534165, 3.00000000000000 ) );
#7707 = CARTESIAN_POINT( '', ( -72.0000000000000, 16.9063022054847, 3.00000000000000 ) );
#7708 = CARTESIAN_POINT( '', ( -72.0000000000000, 12.1867325534165, 3.00000000000000 ) );
#7709 = VECTOR( '', #9025, 1000.00000000000 );
#7710 = CARTESIAN_POINT( '', ( -80.0000000000000, 12.1867325534165, 3.00000000000000 ) );
#7711 = VECTOR( '', #9026, 1000.00000000000 );
#7712 = CARTESIAN_POINT( '', ( -78.7814622569786, 14.0277422603214, 3.00000000000000 ) );
#7713 = AXIS2_PLACEMENT_3D( '', #9027, #9028, #9029 );
#7714 = CARTESIAN_POINT( '', ( -80.0000000000000, 13.5105036758079, 3.00000000000000 ) );
#7715 = VECTOR( '', #9030, 1000.00000000000 );
#7716 = COLOUR_RGB( '', 0.266666680574417, 0.266666680574417, 0.266666680574417 );
#7717 = CARTESIAN_POINT( '', ( 183.000000000004, 34.2499999999996, -6.25000000000510 ) );
#7718 = CARTESIAN_POINT( '', ( 183.000000000004, 34.2499999999996, -6.25000000000510 ) );
#7719 = CARTESIAN_POINT( '', ( 183.000000000004, 34.8709043861631, -6.25000000000510 ) );
#7720 = CARTESIAN_POINT( '', ( 183.000000000004, 35.9959043861631, -5.74590438616859 ) );
#7721 = CARTESIAN_POINT( '', ( 183.000000000004, 36.5000000000000, -4.62090438616859 ) );
#7722 = CARTESIAN_POINT( '', ( 183.000000000004, 36.5000000000000, -4.00000000000511 ) );
#7723 = CARTESIAN_POINT( '', ( 203.000000000004, 34.2499999999996, -17.6500000000051 ) );
#7724 = CARTESIAN_POINT( '', ( 203.000000000004, 34.2499999999996, -17.6500000000051 ) );
#7725 = VECTOR( '', #9031, 1000.00000000000 );
#7726 = CARTESIAN_POINT( '', ( 183.000000000004, 34.2499999999996, -6.25000000000510 ) );
#7727 = CARTESIAN_POINT( '', ( 190.673620035192, 34.2499999999996, -6.25000000000510 ) );
#7728 = CARTESIAN_POINT( '', ( 195.729161312224, 34.2499999999996, -17.6500000000051 ) );
#7729 = CARTESIAN_POINT( '', ( 203.000000000004, 34.2499999999996, -17.6500000000051 ) );
#7730 = COLOUR_RGB( '', 0.200000002980232, 0.200000002980232, 0.200000002980232 );
#7731 = CARTESIAN_POINT( '', ( -120.000000000000, 2.50000000000000, 6.10000000000000 ) );
#7732 = CARTESIAN_POINT( '', ( -120.000000000000, 2.50000000000000, 7.00000000000000 ) );
#7733 = VECTOR( '', #9032, 1000.00000000000 );
#7734 = CARTESIAN_POINT( '', ( -160.000000000000, 2.50000000000000, 6.10000000000000 ) );
#7735 = CARTESIAN_POINT( '', ( -160.000000000000, 2.50000000000000, 6.10000000000000 ) );
#7736 = VECTOR( '', #9033, 1000.00000000000 );
#7737 = CARTESIAN_POINT( '', ( -160.000000000000, 2.50000000000000, 6.10000000000000 ) );
#7738 = VECTOR( '', #9034, 1000.00000000000 );
#7739 = COLOUR_RGB( '', 0.200000002980232, 0.200000002980232, 0.200000002980232 );
#7740 = CARTESIAN_POINT( '', ( -176.212567982962, 7.06118087766960, 4.51811320301977 ) );
#7741 = CARTESIAN_POINT( '', ( -175.792893218814, 6.75746656091278, 4.80774145001940 ) );
#7742 = CARTESIAN_POINT( '', ( -177.000000000000, 7.63103734147762, 3.97468630626845 ) );
#7743 = VECTOR( '', #9035, 1000.00000000000 );
#7744 = CARTESIAN_POINT( '', ( -175.792893218814, 5.82181301646359, 4.40710678118655 ) );
#7745 = AXIS2_PLACEMENT_3D( '', #9036, #9037, #9038 );
#7746 = CARTESIAN_POINT( '', ( -176.604688508700, 5.82181301646359, 3.59531149129974 ) );
#7747 = CARTESIAN_POINT( '', ( -177.000000000000, 5.82181301646359, 3.20000000000000 ) );
#7748 = VECTOR( '', #9039, 1000.00000000000 );
#7749 = CARTESIAN_POINT( '', ( -176.212567982962, 7.06118087766960, 4.51811320301977 ) );
#7750 = CARTESIAN_POINT( '', ( -176.222970347275, 6.88183241675372, 4.31496898049534 ) );
#7751 = CARTESIAN_POINT( '', ( -176.267986635228, 6.68673925614986, 4.13768820598102 ) );
#7752 = CARTESIAN_POINT( '', ( -176.407818093178, 6.26703539420304, 3.82791941666449 ) );
#7753 = CARTESIAN_POINT( '', ( -176.500178843813, 6.04819035992723, 3.69982115618665 ) );
#7754 = CARTESIAN_POINT( '', ( -176.604688508700, 5.82181301646359, 3.59531149129974 ) );
#7755 = COLOUR_RGB( '', 0.200000002980232, 0.200000002980232, 0.200000002980232 );
#7756 = CARTESIAN_POINT( '', ( -175.085786437627, 1.95449725353081, 5.00987452250738 ) );
#7757 = CARTESIAN_POINT( '', ( -151.887509630206, 1.95449725353082, 5.00987452250738 ) );
#7758 = VECTOR( '', #9040, 1000.00000000000 );
#7759 = AXIS2_PLACEMENT_3D( '', #9041, #9042, #9043 );
#7760 = COLOUR_RGB( '', 0.200000002980232, 0.200000002980232, 0.200000002980232 );
#7761 = AXIS2_PLACEMENT_3D( '', #9044, #9045, #9046 );
#7762 = COLOUR_RGB( '', 0.800000011920929, 0.800000011920929, 0.800000011920929 );
#7763 = CARTESIAN_POINT( '', ( 72.0000000000000, 8.00000000000000, -25.0000000000000 ) );
#7764 = CARTESIAN_POINT( '', ( 63.1861908023052, 8.00000000000000, -25.0000000000000 ) );
#7765 = CARTESIAN_POINT( '', ( -80.0000000000000, 8.00000000000000, -25.0000000000000 ) );
#7766 = VECTOR( '', #9047, 1000.00000000000 );
#7767 = CARTESIAN_POINT( '', ( 72.0000000000000, 1.49999999999998, -25.0000000000000 ) );
#7768 = VECTOR( '', #9048, 1000.00000000000 );
#7769 = CARTESIAN_POINT( '', ( 74.0000000000000, -2.08166817117217E-014, -25.0000000000000 ) );
#7770 = CARTESIAN_POINT( '', ( 74.0000000000000, -2.08166817117217E-014, -25.0000000000000 ) );
#7771 = VECTOR( '', #9049, 1000.00000000000 );
#7772 = CARTESIAN_POINT( '', ( 80.0000000000000, -2.08189955855050E-014, -25.0000000000000 ) );
#7773 = VECTOR( '', #9050, 1000.00000000000 );
#7774 = CARTESIAN_POINT( '', ( -63.1861908023052, 8.00000000000000, -25.0000000000000 ) );
#7775 = CARTESIAN_POINT( '', ( -80.0000000000000, 8.00000000000000, -25.0000000000000 ) );
#7776 = VECTOR( '', #9051, 1000.00000000000 );
#7777 = CARTESIAN_POINT( '', ( -59.1861908023052, 12.0000000000000, -25.0000000000000 ) );
#7778 = CARTESIAN_POINT( '', ( -75.5930954011526, -4.40690459884744, -25.0000000000000 ) );
#7779 = VECTOR( '', #9052, 1000.00000000000 );
#7780 = CARTESIAN_POINT( '', ( -59.1861908023052, 18.0000000000000, -25.0000000000000 ) );
#7781 = CARTESIAN_POINT( '', ( -59.1861908023052, 3.25180670765722E-015, -25.0000000000000 ) );
#7782 = VECTOR( '', #9053, 1000.00000000000 );
#7783 = CARTESIAN_POINT( '', ( 60.0000000000000, 18.0000000000000, -25.0000000000000 ) );
#7784 = VECTOR( '', #9054, 1000.00000000000 );
#7785 = CARTESIAN_POINT( '', ( 59.1861908023052, 12.0000000000000, -25.0000000000000 ) );
#7786 = CARTESIAN_POINT( '', ( 59.1861908023052, -2.08189955855050E-014, -25.0000000000000 ) );
#7787 = VECTOR( '', #9055, 1000.00000000000 );
#7788 = CARTESIAN_POINT( '', ( -4.40690459884745, 75.5930954011526, -25.0000000000000 ) );
#7789 = VECTOR( '', #9056, 1000.00000000000 );
#7790 = COLOUR_RGB( '', 0.200000002980232, 0.200000002980232, 0.200000002980232 );
#7791 = CARTESIAN_POINT( '', ( -170.500000000000, 0.533482813170375, 6.50000000000000 ) );
#7792 = VECTOR( '', #9057, 1000.00000000000 );
#7793 = CARTESIAN_POINT( '', ( -175.085786437627, 0.533482813170375, 6.50000000000000 ) );
#7794 = CARTESIAN_POINT( '', ( -210.500000000000, 0.533482813170374, 6.50000000000000 ) );
#7795 = VECTOR( '', #9058, 1000.00000000000 );
#7796 = CARTESIAN_POINT( '', ( -175.085786437627, 2.25000000000000, 4.70000000000000 ) );
#7797 = VECTOR( '', #9059, 1000.00000000000 );
#7798 = COLOUR_RGB( '', 0.266666680574417, 0.266666680574417, 0.266666680574417 );
#7799 = CARTESIAN_POINT( '', ( 203.000000000004, 34.2499999999996, 17.6499999999949 ) );
#7800 = CARTESIAN_POINT( '', ( 203.000000000004, 27.3999999999996, 10.7999999999949 ) );
#7801 = CARTESIAN_POINT( '', ( 203.000000000004, 34.2499999999996, 17.6499999999949 ) );
#7802 = VECTOR( '', #9060, 1000.00000000000 );
#7803 = CARTESIAN_POINT( '', ( 221.000000000004, 27.3999999999996, 10.7999999999949 ) );
#7804 = CARTESIAN_POINT( '', ( 221.000000000004, 27.3999999999996, 10.7999999999949 ) );
#7805 = VECTOR( '', #9061, 1000.00000000000 );
#7806 = CARTESIAN_POINT( '', ( 221.000000000004, 34.2499999999996, 17.6499999999949 ) );
#7807 = CARTESIAN_POINT( '', ( 221.000000000004, 34.2499999999996, 17.6499999999949 ) );
#7808 = VECTOR( '', #9062, 1000.00000000000 );
#7809 = CARTESIAN_POINT( '', ( 221.000000000004, 34.2499999999996, 17.6499999999949 ) );
#7810 = VECTOR( '', #9063, 1000.00000000000 );
#7811 = COLOUR_RGB( '', 0.800000011920929, 0.800000011920929, 0.800000011920929 );
#7812 = CARTESIAN_POINT( '', ( -80.0000000000000, 5.25000000000000, 9.23678969958503E-016 ) );
#7813 = AXIS2_PLACEMENT_3D( '', #9064, #9065, #9066 );
#7814 = COLOUR_RGB( '', 0.200000002980232, 0.200000002980232, 0.200000002980232 );
#7815 = CARTESIAN_POINT( '', ( -159.000000000000, 3.25000000000000, 7.00000000000000 ) );
#7816 = AXIS2_PLACEMENT_3D( '', #9067, #9068, #9069 );
#7817 = COLOUR_RGB( '', 0.800000011920929, 0.800000011920929, 0.800000011920929 );
#7818 = CARTESIAN_POINT( '', ( -76.0000000000000, 12.1867325534165, -25.0000000000000 ) );
#7819 = VECTOR( '', #9070, 1000.00000000000 );
#7820 = COLOUR_RGB( '', 0.800000011920929, 0.800000011920929, 0.800000011920929 );
#7821 = CARTESIAN_POINT( '', ( 76.0000000000000, 10.8629614310251, 25.0000000000000 ) );
#7822 = CARTESIAN_POINT( '', ( 78.7814622569786, 14.0277422603214, 21.0000000000000 ) );
#7823 = AXIS2_PLACEMENT_3D( '', #9071, #9072, #9073 );
#7824 = CARTESIAN_POINT( '', ( 60.7491153162623, 21.6820194138097, 21.0000000000000 ) );
#7825 = CARTESIAN_POINT( '', ( 60.0000000000000, 22.0000000000000, 21.0000000000000 ) );
#7826 = VECTOR( '', #9074, 1000.00000000000 );
#7827 = CARTESIAN_POINT( '', ( 59.1861908023052, 18.0000000000000, 25.0000000000000 ) );
#7828 = AXIS2_PLACEMENT_3D( '', #9075, #9076, #9077 );
#7829 = CARTESIAN_POINT( '', ( -52.2762726423617, 65.3130086849448, 25.0000000000000 ) );
#7830 = VECTOR( '', #9078, 1000.00000000000 );
#7831 = COLOUR_RGB( '', 0.200000002980232, 0.200000002980232, 0.200000002980232 );
#7832 = CARTESIAN_POINT( '', ( -120.000000000000, 6.00000000000000, -0.900000000000000 ) );
#7833 = AXIS2_PLACEMENT_3D( '', #9079, #9080, #9081 );
#7836 = CARTESIAN_POINT( '', ( -120.000000000000, 2.50000000000000, -0.900000000000000 ) );
#7837 = CARTESIAN_POINT( '', ( -126.105512939936, 2.49999999999999, -0.649999999999998 ) );
#7838 = CARTESIAN_POINT( '', ( -131.606390021395, 5.14908278361030, -0.400000000000000 ) );
#7839 = CARTESIAN_POINT( '', ( -137.107267102853, 7.79816556722058, -0.149999999999999 ) );
#7840 = CARTESIAN_POINT( '', ( -140.913992156020, 12.5716478002788, 0.100000000000001 ) );
#7841 = CARTESIAN_POINT( '', ( -144.720717209187, 17.3451300333372, 0.350000000000001 ) );
#7842 = CARTESIAN_POINT( '', ( -146.079321650864, 23.2975650166686, 0.600000000000000 ) );
#7843 = CARTESIAN_POINT( '', ( -147.437926092541, 29.2500000000000, 0.850000000000002 ) );
#7844 = CARTESIAN_POINT( '', ( -146.079321650864, 35.2024349833314, 1.10000000000000 ) );
#7845 = CARTESIAN_POINT( '', ( -144.720717209187, 41.1548699666628, 1.35000000000000 ) );
#7846 = CARTESIAN_POINT( '', ( -140.913992156020, 45.9283521997211, 1.60000000000000 ) );
#7847 = CARTESIAN_POINT( '', ( -137.107267102853, 50.7018344327795, 1.85000000000000 ) );
#7848 = CARTESIAN_POINT( '', ( -131.606390021395, 53.3509172163897, 2.10000000000000 ) );
#7849 = CARTESIAN_POINT( '', ( -126.105512939936, 56.0000000000001, 2.35000000000000 ) );
#7850 = CARTESIAN_POINT( '', ( -120.000000000000, 56.0000000000000, 2.60000000000000 ) );
#7851 = CARTESIAN_POINT( '', ( -113.894487060063, 56.0000000000001, 2.85000000000000 ) );
#7852 = CARTESIAN_POINT( '', ( -108.393609978605, 53.3509172163897, 3.10000000000000 ) );
#7853 = CARTESIAN_POINT( '', ( -102.892732897147, 50.7018344327795, 3.35000000000000 ) );
#7854 = CARTESIAN_POINT( '', ( -99.0860078439801, 45.9283521997212, 3.60000000000000 ) );
#7855 = CARTESIAN_POINT( '', ( -95.2792827908132, 41.1548699666628, 3.85000000000000 ) );
#7856 = CARTESIAN_POINT( '', ( -93.9206783491361, 35.2024349833314, 4.10000000000000 ) );
#7857 = CARTESIAN_POINT( '', ( -92.5620739074591, 29.2500000000000, 4.35000000000000 ) );
#7858 = CARTESIAN_POINT( '', ( -93.9206783491361, 23.2975650166686, 4.60000000000000 ) );
#7859 = CARTESIAN_POINT( '', ( -95.2792827908132, 17.3451300333372, 4.85000000000000 ) );
#7860 = CARTESIAN_POINT( '', ( -99.0860078439801, 12.5716478002789, 5.10000000000000 ) );
#7861 = CARTESIAN_POINT( '', ( -102.892732897147, 7.79816556722058, 5.35000000000000 ) );
#7862 = CARTESIAN_POINT( '', ( -108.393609978605, 5.14908278361030, 5.60000000000000 ) );
#7863 = CARTESIAN_POINT( '', ( -113.894487060063, 2.49999999999999, 5.85000000000000 ) );
#7864 = CARTESIAN_POINT( '', ( -120.000000000000, 2.50000000000000, 6.10000000000000 ) );
#7870 = CARTESIAN_POINT( '', ( -120.000000000000, 6.00000000000000, 6.10000000000000 ) );
#7871 = AXIS2_PLACEMENT_3D( '', #9082, #9083, #9084 );
#7874 = CARTESIAN_POINT( '', ( -120.000000000000, 6.00000000000000, -0.900000000000000 ) );
#7875 = CARTESIAN_POINT( '', ( -125.306660779571, 6.00000000000001, -0.649999999999998 ) );
#7876 = CARTESIAN_POINT( '', ( -130.087796934483, 8.30247382126875, -0.400000000000000 ) );
#7877 = CARTESIAN_POINT( '', ( -134.868933089395, 10.6049476425375, -0.149999999999999 ) );
#7878 = CARTESIAN_POINT( '', ( -138.177581967382, 14.7538621067844, 0.100000000000001 ) );
#7879 = CARTESIAN_POINT( '', ( -141.486230845368, 18.9027765710314, 0.350000000000001 ) );
#7880 = CARTESIAN_POINT( '', ( -142.667073958227, 24.0763882855157, 0.600000000000000 ) );
#7881 = CARTESIAN_POINT( '', ( -143.847917071087, 29.2500000000000, 0.850000000000002 ) );
#7882 = CARTESIAN_POINT( '', ( -142.667073958227, 34.4236117144843, 1.10000000000000 ) );
#7883 = CARTESIAN_POINT( '', ( -141.486230845368, 39.5972234289686, 1.35000000000000 ) );
#7884 = CARTESIAN_POINT( '', ( -138.177581967382, 43.7461378932156, 1.60000000000000 ) );
#7885 = CARTESIAN_POINT( '', ( -134.868933089395, 47.8950523574625, 1.85000000000000 ) );
#7886 = CARTESIAN_POINT( '', ( -130.087796934483, 50.1975261787313, 2.10000000000000 ) );
#7887 = CARTESIAN_POINT( '', ( -125.306660779571, 52.5000000000001, 2.35000000000000 ) );
#7888 = CARTESIAN_POINT( '', ( -120.000000000000, 52.5000000000000, 2.60000000000000 ) );
#7889 = CARTESIAN_POINT( '', ( -114.693339220429, 52.5000000000001, 2.85000000000000 ) );
#7890 = CARTESIAN_POINT( '', ( -109.912203065517, 50.1975261787313, 3.10000000000000 ) );
#7891 = CARTESIAN_POINT( '', ( -105.131066910604, 47.8950523574625, 3.35000000000000 ) );
#7892 = CARTESIAN_POINT( '', ( -101.822418032618, 43.7461378932156, 3.60000000000000 ) );
#7893 = CARTESIAN_POINT( '', ( -98.5137691546320, 39.5972234289686, 3.85000000000000 ) );
#7894 = CARTESIAN_POINT( '', ( -97.3329260417725, 34.4236117144843, 4.10000000000000 ) );
#7895 = CARTESIAN_POINT( '', ( -96.1520829289131, 29.2500000000000, 4.35000000000000 ) );
#7896 = CARTESIAN_POINT( '', ( -97.3329260417725, 24.0763882855157, 4.60000000000000 ) );
#7897 = CARTESIAN_POINT( '', ( -98.5137691546320, 18.9027765710314, 4.85000000000000 ) );
#7898 = CARTESIAN_POINT( '', ( -101.822418032618, 14.7538621067845, 5.10000000000000 ) );
#7899 = CARTESIAN_POINT( '', ( -105.131066910604, 10.6049476425375, 5.35000000000000 ) );
#7900 = CARTESIAN_POINT( '', ( -109.912203065517, 8.30247382126875, 5.60000000000000 ) );
#7901 = CARTESIAN_POINT( '', ( -114.693339220429, 6.00000000000001, 5.85000000000000 ) );
#7902 = CARTESIAN_POINT( '', ( -120.000000000000, 6.00000000000000, 6.10000000000000 ) );
#7908 = COLOUR_RGB( '', 0.800000011920929, 0.800000011920929, 0.800000011920929 );
#7909 = CARTESIAN_POINT( '', ( -60.7491153162623, 21.6820194138097, 21.0000000000000 ) );
#7910 = CARTESIAN_POINT( '', ( -59.1861908023052, 18.0000000000000, 25.0000000000000 ) );
#7911 = AXIS2_PLACEMENT_3D( '', #9085, #9086, #9087 );
#7912 = CARTESIAN_POINT( '', ( -59.1861908023052, 22.0000000000000, 21.0000000000000 ) );
#7913 = AXIS2_PLACEMENT_3D( '', #9088, #9089, #9090 );
#7914 = AXIS2_PLACEMENT_3D( '', #9091, #9092, #9093 );
#7915 = COLOUR_RGB( '', 0.800000011920929, 0.800000011920929, 0.800000011920929 );
#7916 = CARTESIAN_POINT( '', ( -58.4370754860429, 18.3179805861902, -25.0000000000000 ) );
#7917 = VECTOR( '', #9094, 1000.00000000000 );
#7918 = COLOUR_RGB( '', 0.266666680574417, 0.266666680574417, 0.266666680574417 );
#7919 = CARTESIAN_POINT( '', ( 183.000000000004, 39.5000000000000, -4.00000000000511 ) );
#7920 = CARTESIAN_POINT( '', ( 183.000000000004, 28.9999999999996, -4.00000000000511 ) );
#7921 = AXIS2_PLACEMENT_3D( '', #9095, #9096, #9097 );
#7922 = CARTESIAN_POINT( '', ( 180.000000000004, 28.9999999999996, -4.00000000000511 ) );
#7923 = CARTESIAN_POINT( '', ( 180.000000000004, 28.9999999999996, -4.00000000000511 ) );
#7924 = VECTOR( '', #9098, 1000.00000000000 );
#7925 = CARTESIAN_POINT( '', ( 180.000000000004, 39.5000000000000, -4.00000000000511 ) );
#7926 = AXIS2_PLACEMENT_3D( '', #9099, #9100, #9101 );
#7927 = CARTESIAN_POINT( '', ( 180.000000000004, 39.5000000000000, -4.00000000000511 ) );
#7928 = VECTOR( '', #9102, 1000.00000000000 );
#7929 = COLOUR_RGB( '', 0.200000002980232, 0.200000002980232, 0.200000002980232 );
#7930 = CARTESIAN_POINT( '', ( -160.000000000000, 4.25000000000000, 8.00000000000000 ) );
#7931 = AXIS2_PLACEMENT_3D( '', #9103, #9104, #9105 );
#7932 = COLOUR_RGB( '', 0.200000002980232, 0.200000002980232, 0.200000002980232 );
#7933 = AXIS2_PLACEMENT_3D( '', #9106, #9107, #9108 );
#7934 = CARTESIAN_POINT( '', ( -175.085786437627, 7.96651718682963, 6.50000000000000 ) );
#7935 = CARTESIAN_POINT( '', ( -210.500000000000, 7.96651718682963, 6.50000000000000 ) );
#7936 = VECTOR( '', #9109, 1000.00000000000 );
#7937 = CARTESIAN_POINT( '', ( -175.792893218814, 7.85142769122863, 5.95490737977366 ) );
#7938 = CARTESIAN_POINT( '', ( -175.085786437627, 7.96651718682963, 6.50000000000000 ) );
#7939 = CARTESIAN_POINT( '', ( -175.246370273006, 7.96651718682963, 6.50000000000000 ) );
#7940 = CARTESIAN_POINT( '', ( -175.398137447776, 7.95827267464301, 6.43234764476576 ) );
#7941 = CARTESIAN_POINT( '', ( -175.638560933237, 7.92071784353750, 6.22582564041266 ) );
#7942 = CARTESIAN_POINT( '', ( -175.726120627000, 7.89178566329232, 6.09398243909284 ) );
#7943 = CARTESIAN_POINT( '', ( -175.792893218814, 7.85142769122863, 5.95490737977366 ) );
#7944 = AXIS2_PLACEMENT_3D( '', #9110, #9111, #9112 );
#7945 = CARTESIAN_POINT( '', ( -176.604688508700, 2.67818698353642, 3.59531149129973 ) );
#7946 = AXIS2_PLACEMENT_3D( '', #9113, #9114, #9115 );
#7947 = CARTESIAN_POINT( '', ( -176.212567982962, 1.43881912233040, 4.51811320301977 ) );
#7948 = CARTESIAN_POINT( '', ( -176.604688508700, 2.67818698353642, 3.59531149129973 ) );
#7949 = CARTESIAN_POINT( '', ( -176.500050292232, 2.45153118577409, 3.69994970776781 ) );
#7950 = CARTESIAN_POINT( '', ( -176.408699490729, 2.23483734372406, 3.82697467768616 ) );
#7951 = CARTESIAN_POINT( '', ( -176.269829594023, 1.81955010161848, 4.13261730514547 ) );
#7952 = CARTESIAN_POINT( '', ( -176.223005305745, 1.61877030660803, 4.31428628844382 ) );
#7953 = CARTESIAN_POINT( '', ( -176.212567982962, 1.43881912233040, 4.51811320301977 ) );
#7954 = CARTESIAN_POINT( '', ( -175.792893218814, 0.648572308771365, 5.95490737977366 ) );
#7955 = AXIS2_PLACEMENT_3D( '', #9116, #9117, #9118 );
#7956 = CARTESIAN_POINT( '', ( -175.792893218814, 0.648572308771365, 5.95490737977366 ) );
#7957 = CARTESIAN_POINT( '', ( -175.759555496581, 0.628422681117760, 6.02434373937968 ) );
#7958 = CARTESIAN_POINT( '', ( -175.721250705822, 0.611203350963069, 6.09123593503097 ) );
#7959 = CARTESIAN_POINT( '', ( -175.631106131412, 0.581997145194819, 6.21740927940432 ) );
#7960 = CARTESIAN_POINT( '', ( -175.578484433789, 0.569925689790136, 6.27732383062804 ) );
#7961 = CARTESIAN_POINT( '', ( -175.400058784911, 0.541972594975276, 6.43090961933575 ) );
#7962 = CARTESIAN_POINT( '', ( -175.246248437589, 0.533482813170375, 6.50000000000000 ) );
#7963 = CARTESIAN_POINT( '', ( -175.085786437627, 0.533482813170375, 6.50000000000000 ) );
#7964 = COLOUR_RGB( '', 0.800000011920929, 0.800000011920929, 0.800000011920929 );
#7965 = CARTESIAN_POINT( '', ( 74.0000000000000, -2.08166817117217E-014, -21.0000000000000 ) );
#7966 = CARTESIAN_POINT( '', ( 74.0000000000000, -2.08166817117217E-014, -21.0000000000000 ) );
#7967 = VECTOR( '', #9119, 1000.00000000000 );
#7968 = CARTESIAN_POINT( '', ( 78.0000000000000, -2.08166817117217E-014, -21.0000000000000 ) );
#7969 = CARTESIAN_POINT( '', ( 78.0000000000000, -2.08166817117217E-014, -21.0000000000000 ) );
#7970 = VECTOR( '', #9120, 1000.00000000000 );
#7971 = AXIS2_PLACEMENT_3D( '', #9121, #9122, #9123 );
#7972 = COLOUR_RGB( '', 0.800000011920929, 0.800000011920929, 0.800000011920929 );
#7973 = CARTESIAN_POINT( '', ( 78.0000000000000, -2.08166817117217E-014, -24.4641016151378 ) );
#7974 = CARTESIAN_POINT( '', ( 78.0000000000000, 13.5105036758079, -24.4641016151378 ) );
#7975 = VECTOR( '', #9124, 1000.00000000000 );
#7976 = CARTESIAN_POINT( '', ( 78.0000000000000, -2.08166817117217E-014, -21.0000000000000 ) );
#7977 = VECTOR( '', #9125, 1000.00000000000 );
#7978 = COLOUR_RGB( '', 0.266666680574417, 0.266666680574417, 0.266666680574417 );
#7979 = CARTESIAN_POINT( '', ( 180.000000000004, 36.0000000000000, -0.900000000005104 ) );
#7980 = AXIS2_PLACEMENT_3D( '', #9126, #9127, #9128 );
#7981 = CARTESIAN_POINT( '', ( 130.000000000000, 36.0000000000000, -0.900000000000000 ) );
#7982 = AXIS2_PLACEMENT_3D( '', #9129, #9130, #9131 );
#7983 = CARTESIAN_POINT( '', ( 130.000000000003, 36.0000000000000, -0.900000000005104 ) );
#7984 = VECTOR( '', #9132, 1000.00000000000 );
#7985 = COLOUR_RGB( '', 0.800000011920929, 0.800000011920929, 0.800000011920929 );
#7986 = CARTESIAN_POINT( '', ( 76.0000000000000, -1.81059868166415E-013, 25.0000000000000 ) );
#7987 = VECTOR( '', #9133, 1000.00000000000 );
#7988 = CARTESIAN_POINT( '', ( 80.0000000000000, 12.1867325534165, 21.0000000000000 ) );
#7989 = CARTESIAN_POINT( '', ( 80.0000000000000, 13.5105036758079, 21.0000000000000 ) );
#7990 = VECTOR( '', #9134, 1000.00000000000 );
#7991 = AXIS2_PLACEMENT_3D( '', #9135, #9136, #9137 );
#7992 = COLOUR_RGB( '', 0.200000002980232, 0.200000002980232, 0.200000002980232 );
#7993 = CARTESIAN_POINT( '', ( -170.500000000000, 6.54550274646920, 5.00987452250738 ) );
#7994 = CARTESIAN_POINT( '', ( -175.085786437627, 6.54550274646920, 5.00987452250738 ) );
#7995 = CARTESIAN_POINT( '', ( -151.887509630206, 6.54550274646920, 5.00987452250738 ) );
#7996 = VECTOR( '', #9138, 1000.00000000000 );
#7997 = AXIS2_PLACEMENT_3D( '', #9139, #9140, #9141 );
#7998 = AXIS2_PLACEMENT_3D( '', #9142, #9143, #9144 );
#7999 = COLOUR_RGB( '', 0.266666680574417, 0.266666680574417, 0.266666680574417 );
#8000 = CARTESIAN_POINT( '', ( 180.000000000004, 36.0000000000000, 0.899999999994896 ) );
#8001 = CARTESIAN_POINT( '', ( 180.000000000004, 36.0000000000000, -0.900000000005104 ) );
#8002 = VECTOR( '', #9145, 1000.00000000000 );
#8003 = CARTESIAN_POINT( '', ( 130.000000000003, 36.0000000000000, -0.900000000005104 ) );
#8004 = VECTOR( '', #9146, 1000.00000000000 );
#8005 = CARTESIAN_POINT( '', ( 130.000000000003, 36.0000000000000, 0.899999999994896 ) );
#8006 = VECTOR( '', #9147, 1000.00000000000 );
#8007 = COLOUR_RGB( '', 0.200000002980232, 0.200000002980232, 0.200000002980232 );
#8008 = CARTESIAN_POINT( '', ( -170.500000000000, 2.67818698353642, 9.30000000000000 ) );
#8009 = CARTESIAN_POINT( '', ( -151.887509630206, 2.67818698353642, 9.30000000000000 ) );
#8010 = VECTOR( '', #9148, 1000.00000000000 );
#8011 = AXIS2_PLACEMENT_3D( '', #9149, #9150, #9151 );
#8012 = COLOUR_RGB( '', 0.800000011920929, 0.800000011920929, 0.800000011920929 );
#8013 = CARTESIAN_POINT( '', ( 63.1861908023052, 8.00000000000000, 25.0000000000000 ) );
#8014 = CARTESIAN_POINT( '', ( -80.0000000000000, 8.00000000000000, 25.0000000000000 ) );
#8015 = VECTOR( '', #9152, 1000.00000000000 );
#8016 = CARTESIAN_POINT( '', ( 59.1861908023052, 12.0000000000000, 25.0000000000000 ) );
#8017 = CARTESIAN_POINT( '', ( -4.40690459884745, 75.5930954011526, 25.0000000000000 ) );
#8018 = VECTOR( '', #9153, 1000.00000000000 );
#8019 = CARTESIAN_POINT( '', ( 59.1861908023052, -2.08189955855050E-014, 25.0000000000000 ) );
#8020 = VECTOR( '', #9154, 1000.00000000000 );
#8021 = CARTESIAN_POINT( '', ( -80.0000000000000, 18.0000000000000, 25.0000000000000 ) );
#8022 = VECTOR( '', #9155, 1000.00000000000 );
#8023 = CARTESIAN_POINT( '', ( -59.1861908023052, 12.0000000000000, 25.0000000000000 ) );
#8024 = CARTESIAN_POINT( '', ( -59.1861908023052, 3.25180670765722E-015, 25.0000000000000 ) );
#8025 = VECTOR( '', #9156, 1000.00000000000 );
#8026 = CARTESIAN_POINT( '', ( -63.1861908023052, 8.00000000000000, 25.0000000000000 ) );
#8027 = CARTESIAN_POINT( '', ( -75.5930954011526, -4.40690459884744, 25.0000000000000 ) );
#8028 = VECTOR( '', #9157, 1000.00000000000 );
#8029 = CARTESIAN_POINT( '', ( -80.0000000000000, 8.00000000000000, 25.0000000000000 ) );
#8030 = VECTOR( '', #9158, 1000.00000000000 );
#8031 = CARTESIAN_POINT( '', ( -72.0000000000000, 1.49999999999998, 25.0000000000000 ) );
#8032 = CARTESIAN_POINT( '', ( -72.0000000000000, 1.49999999999998, 25.0000000000000 ) );
#8033 = VECTOR( '', #9159, 1000.00000000000 );
#8034 = CARTESIAN_POINT( '', ( -76.0000000000000, 1.49999999999998, 25.0000000000000 ) );
#8035 = CARTESIAN_POINT( '', ( -72.0000000000000, 1.49999999999998, 25.0000000000000 ) );
#8036 = VECTOR( '', #9160, 1000.00000000000 );
#8037 = CARTESIAN_POINT( '', ( -76.0000000000000, -2.08189955855050E-014, 25.0000000000000 ) );
#8038 = CARTESIAN_POINT( '', ( -76.0000000000000, -1.67102552629175E-014, 25.0000000000000 ) );
#8039 = VECTOR( '', #9161, 1000.00000000000 );
#8040 = CARTESIAN_POINT( '', ( 80.0000000000000, -2.08189955855050E-014, 25.0000000000000 ) );
#8041 = VECTOR( '', #9162, 1000.00000000000 );
#8042 = COLOUR_RGB( '', 0.200000002980232, 0.200000002980232, 0.200000002980232 );
#8043 = COLOUR_RGB( '', 0.200000002980232, 0.200000002980232, 0.200000002980232 );
#8044 = CARTESIAN_POINT( '', ( -210.200000000000, -0.750000000000000, 7.00000000000000 ) );
#8045 = AXIS2_PLACEMENT_3D( '', #9163, #9164, #9165 );
#8046 = COLOUR_RGB( '', 0.266666680574417, 0.266666680574417, 0.266666680574417 );
#8047 = CARTESIAN_POINT( '', ( 203.000000000004, 27.3999999999996, -10.8000000000051 ) );
#8048 = CARTESIAN_POINT( '', ( 203.000000000004, 27.3999999999996, -10.8000000000051 ) );
#8049 = VECTOR( '', #9166, 1000.00000000000 );
#8050 = CARTESIAN_POINT( '', ( 221.000000000004, 34.2499999999996, -17.6500000000051 ) );
#8051 = CARTESIAN_POINT( '', ( 221.000000000004, 34.2499999999996, -17.6500000000051 ) );
#8052 = VECTOR( '', #9167, 1000.00000000000 );
#8053 = CARTESIAN_POINT( '', ( 221.000000000004, 27.3999999999996, -10.8000000000051 ) );
#8054 = CARTESIAN_POINT( '', ( 221.000000000004, 27.3999999999996, -10.8000000000051 ) );
#8055 = VECTOR( '', #9168, 1000.00000000000 );
#8056 = CARTESIAN_POINT( '', ( 221.000000000004, 27.3999999999996, -10.8000000000051 ) );
#8057 = VECTOR( '', #9169, 1000.00000000000 );
#8058 = COLOUR_RGB( '', 0.800000011920929, 0.800000011920929, 0.800000011920929 );
#8059 = CARTESIAN_POINT( '', ( 76.0000000000000, 8.00000000000000, -17.0000000000000 ) );
#8060 = CARTESIAN_POINT( '', ( 80.0000000000000, 8.00000000000000, -17.0000000000000 ) );
#8061 = CARTESIAN_POINT( '', ( 80.0000000000000, 8.00000000000000, -17.0000000000000 ) );
#8062 = VECTOR( '', #9170, 1000.00000000000 );
#8063 = CARTESIAN_POINT( '', ( 76.0000000000000, 15.2084029406463, -17.0000000000000 ) );
#8064 = CARTESIAN_POINT( '', ( 76.0000000000000, 1.49999999999998, -17.0000000000000 ) );
#8065 = VECTOR( '', #9171, 1000.00000000000 );
#8066 = CARTESIAN_POINT( '', ( 78.7814622569786, 14.0277422603214, -17.0000000000000 ) );
#8067 = CARTESIAN_POINT( '', ( 60.0000000000000, 22.0000000000000, -17.0000000000000 ) );
#8068 = VECTOR( '', #9172, 1000.00000000000 );
#8069 = CARTESIAN_POINT( '', ( 80.0000000000000, 12.1867325534165, -17.0000000000000 ) );
#8070 = AXIS2_PLACEMENT_3D( '', #9173, #9174, #9175 );
#8071 = CARTESIAN_POINT( '', ( 80.0000000000000, 1.49999999999998, -17.0000000000000 ) );
#8072 = VECTOR( '', #9176, 1000.00000000000 );
#8073 = COLOUR_RGB( '', 0.800000011920929, 0.800000011920929, 0.800000011920929 );
#8074 = CARTESIAN_POINT( '', ( 72.0000000000000, 8.00000000000000, -21.0000000000000 ) );
#8075 = CARTESIAN_POINT( '', ( 72.0000000000000, 8.00000000000000, -21.0000000000000 ) );
#8076 = VECTOR( '', #9177, 1000.00000000000 );
#8077 = CARTESIAN_POINT( '', ( 72.0000000000000, 1.49999999999998, -25.0000000000000 ) );
#8078 = VECTOR( '', #9178, 1000.00000000000 );
#8079 = CARTESIAN_POINT( '', ( 72.0000000000000, 1.49999999999998, -21.0000000000000 ) );
#8080 = VECTOR( '', #9179, 1000.00000000000 );
#8081 = COLOUR_RGB( '', 0.266666680574417, 0.266666680574417, 0.266666680574417 );
#8082 = CARTESIAN_POINT( '', ( 221.000000000004, 41.1000000000000, 10.7999999999949 ) );
#8083 = CARTESIAN_POINT( '', ( 221.000000000004, 41.1000000000000, 10.7999999999949 ) );
#8084 = VECTOR( '', #9180, 1000.00000000000 );
#8085 = CARTESIAN_POINT( '', ( 221.000000000004, 41.1000000000000, -10.8000000000051 ) );
#8086 = CARTESIAN_POINT( '', ( 221.000000000004, 41.1000000000000, -10.8000000000051 ) );
#8087 = VECTOR( '', #9181, 1000.00000000000 );
#8088 = CARTESIAN_POINT( '', ( 221.000000000004, 41.1000000000000, -10.8000000000051 ) );
#8089 = VECTOR( '', #9182, 1000.00000000000 );
#8090 = COLOUR_RGB( '', 0.800000011920929, 0.800000011920929, 0.800000011920929 );
#8091 = CARTESIAN_POINT( '', ( -76.0000000000000, 8.00000000000000, 17.0000000000000 ) );
#8092 = CARTESIAN_POINT( '', ( -80.0000000000000, 8.00000000000000, 17.0000000000000 ) );
#8093 = VECTOR( '', #9183, 1000.00000000000 );
#8094 = CARTESIAN_POINT( '', ( -76.0000000000000, 15.2084029406463, 17.0000000000000 ) );
#8095 = CARTESIAN_POINT( '', ( -76.0000000000000, 1.49999999999998, 17.0000000000000 ) );
#8096 = VECTOR( '', #9184, 1000.00000000000 );
#8097 = CARTESIAN_POINT( '', ( -78.7814622569786, 14.0277422603214, 17.0000000000000 ) );
#8098 = CARTESIAN_POINT( '', ( -80.0000000000000, 13.5105036758079, 17.0000000000000 ) );
#8099 = VECTOR( '', #9185, 1000.00000000000 );
#8100 = AXIS2_PLACEMENT_3D( '', #9186, #9187, #9188 );
#8101 = COLOUR_RGB( '', 0.266666680574417, 0.266666680574417, 0.266666680574417 );
#8102 = CARTESIAN_POINT( '', ( 130.000000000000, 2.50000000000000, -0.900000000000000 ) );
#8103 = CARTESIAN_POINT( '', ( 130.000000000000, 2.50000000000000, 0.000000000000000 ) );
#8104 = VECTOR( '', #9189, 1000.00000000000 );
#8105 = CARTESIAN_POINT( '', ( 80.0000000000000, 2.50000000000000, 0.900000000000000 ) );
#8106 = CARTESIAN_POINT( '', ( 80.0000000000000, 2.50000000000000, 0.900000000000000 ) );
#8107 = VECTOR( '', #9190, 1000.00000000000 );
#8108 = CARTESIAN_POINT( '', ( 80.0000000000000, 2.50000000000000, -0.900000000000000 ) );
#8109 = CARTESIAN_POINT( '', ( 80.0000000000000, 2.50000000000000, -0.900000000000000 ) );
#8110 = VECTOR( '', #9191, 1000.00000000000 );
#8111 = CARTESIAN_POINT( '', ( 80.0000000000000, 2.50000000000000, -0.900000000000000 ) );
#8112 = VECTOR( '', #9192, 1000.00000000000 );
#8113 = COLOUR_RGB( '', 0.800000011920929, 0.800000011920929, 0.800000011920929 );
#8114 = COLOUR_RGB( '', 0.200000002980232, 0.200000002980232, 0.200000002980232 );
#8115 = CARTESIAN_POINT( '', ( -176.212567982962, 1.43881912233040, 9.48188679698023 ) );
#8116 = CARTESIAN_POINT( '', ( -175.500000000000, 1.95449725353081, 8.99012547749262 ) );
#8117 = VECTOR( '', #9193, 1000.00000000000 );
#8118 = CARTESIAN_POINT( '', ( -176.604688508700, 2.67818698353642, 10.4046885087003 ) );
#8119 = CARTESIAN_POINT( '', ( -175.500000000000, 2.67818698353642, 9.30000000000000 ) );
#8120 = VECTOR( '', #9194, 1000.00000000000 );
#8121 = CARTESIAN_POINT( '', ( -176.212567982962, 1.43881912233040, 9.48188679698023 ) );
#8122 = CARTESIAN_POINT( '', ( -176.222970347274, 1.61816758324629, 9.68503101950466 ) );
#8123 = CARTESIAN_POINT( '', ( -176.267986635228, 1.81326074385015, 9.86231179401898 ) );
#8124 = CARTESIAN_POINT( '', ( -176.407818093178, 2.23296460579697, 10.1720805833355 ) );
#8125 = CARTESIAN_POINT( '', ( -176.500178843813, 2.45180964007277, 10.3001788438134 ) );
#8126 = CARTESIAN_POINT( '', ( -176.604688508700, 2.67818698353642, 10.4046885087003 ) );
#8127 = COLOUR_RGB( '', 0.200000002980232, 0.200000002980232, 0.200000002980232 );
#8128 = CARTESIAN_POINT( '', ( -170.500000000000, 6.54550274646920, 5.00987452250738 ) );
#8129 = VECTOR( '', #9195, 1000.00000000000 );
#8130 = CARTESIAN_POINT( '', ( -175.085786437627, 7.96651718682963, 6.50000000000000 ) );
#8131 = VECTOR( '', #9196, 1000.00000000000 );
#8132 = COLOUR_RGB( '', 0.200000002980232, 0.200000002980232, 0.200000002980232 );
#8133 = AXIS2_PLACEMENT_3D( '', #9197, #9198, #9199 );
#8134 = CARTESIAN_POINT( '', ( -175.792893218814, 2.67818698353642, 4.40710678118655 ) );
#8135 = AXIS2_PLACEMENT_3D( '', #9200, #9201, #9202 );
#8136 = CARTESIAN_POINT( '', ( -175.792893218814, 4.25000000000000, 4.40710678118655 ) );
#8137 = VECTOR( '', #9203, 1000.00000000000 );
#8138 = COLOUR_RGB( '', 0.600000023841858, 0.600000023841858, 0.533333361148834 );
#8139 = CARTESIAN_POINT( '', ( 231.000000000004, 34.2499999999996, 7.29999999999490 ) );
#8140 = AXIS2_PLACEMENT_3D( '', #9204, #9205, #9206 );
#8141 = CARTESIAN_POINT( '', ( 231.000000000004, 34.2499999999996, 7.39999999999490 ) );
#8142 = AXIS2_PLACEMENT_3D( '', #9207, #9208, #9209 );
#8143 = COLOUR_RGB( '', 0.200000002980232, 0.200000002980232, 0.200000002980232 );
#8144 = CARTESIAN_POINT( '', ( -175.085786437627, 2.67818698353642, 9.30000000000000 ) );
#8145 = VECTOR( '', #9210, 1000.00000000000 );
#8146 = CARTESIAN_POINT( '', ( -175.792893218814, 5.82181301646359, 9.59289321881345 ) );
#8147 = AXIS2_PLACEMENT_3D( '', #9211, #9212, #9213 );
#8148 = CARTESIAN_POINT( '', ( -175.792893218814, 5.82181301646359, 9.59289321881345 ) );
#8149 = VECTOR( '', #9214, 1000.00000000000 );
#8150 = COLOUR_RGB( '', 0.266666680574417, 0.266666680574417, 0.266666680574417 );
#8153 = CARTESIAN_POINT( '', ( 130.000000000000, 2.50000000000000, -0.900000000000000 ) );
#8154 = CARTESIAN_POINT( '', ( 141.206754592557, 2.71428571428572, -0.899999999999207 ) );
#8155 = CARTESIAN_POINT( '', ( 151.303691590675, 2.92857142857140, -5.76242858599021 ) );
#8156 = CARTESIAN_POINT( '', ( 161.400628588792, 3.14285714285713, -10.6248571719812 ) );
#8157 = CARTESIAN_POINT( '', ( 168.387925789185, 3.35714285714285, -19.3866507287354 ) );
#8158 = CARTESIAN_POINT( '', ( 175.375222989579, 3.57142857142853, -28.1484442854896 ) );
#8159 = CARTESIAN_POINT( '', ( 177.868960488135, 3.78571428571425, -39.0742221427455 ) );
#8160 = CARTESIAN_POINT( '', ( 180.362697986691, 3.99999999999998, -50.0000000000015 ) );
#8161 = CARTESIAN_POINT( '', ( 177.868960488137, 4.21428571428565, -60.9257778572579 ) );
#8162 = CARTESIAN_POINT( '', ( 175.375222989583, 4.42857142857139, -71.8515557145143 ) );
#8163 = CARTESIAN_POINT( '', ( 168.387925789190, 4.64285714285710, -80.6133492712694 ) );
#8164 = CARTESIAN_POINT( '', ( 161.400628588797, 4.85714285714279, -89.3751428280246 ) );
#8165 = CARTESIAN_POINT( '', ( 151.303691590681, 5.07142857142850, -94.2375714140170 ) );
#8166 = CARTESIAN_POINT( '', ( 141.206754592564, 5.28571428571425, -99.1000000000094 ) );
#8167 = CARTESIAN_POINT( '', ( 130.000000000007, 5.50000000000000, -99.1000000000102 ) );
#8168 = CARTESIAN_POINT( '', ( 118.793245407450, 5.71428571428565, -99.1000000000110 ) );
#8169 = CARTESIAN_POINT( '', ( 108.696308409332, 5.92857142857135, -94.2375714140200 ) );
#8170 = CARTESIAN_POINT( '', ( 98.5993714112152, 6.14285714285710, -89.3751428280290 ) );
#8171 = CARTESIAN_POINT( '', ( 91.6120742108215, 6.35714285714280, -80.6133492712748 ) );
#8172 = CARTESIAN_POINT( '', ( 84.6247770104277, 6.57142857142851, -71.8515557145206 ) );
#8173 = CARTESIAN_POINT( '', ( 82.1310395118717, 6.78571428571420, -60.9257778572647 ) );
#8174 = CARTESIAN_POINT( '', ( 79.6373020133160, 6.99999999999991, -50.0000000000087 ) );
#8175 = CARTESIAN_POINT( '', ( 82.1310395118703, 7.21428571428565, -39.0742221427523 ) );
#8176 = CARTESIAN_POINT( '', ( 84.6247770104246, 7.42857142857136, -28.1484442854960 ) );
#8177 = CARTESIAN_POINT( '', ( 91.6120742108171, 7.64285714285705, -19.3866507287408 ) );
#8178 = CARTESIAN_POINT( '', ( 98.5993714112095, 7.85714285714277, -10.6248571719857 ) );
#8179 = CARTESIAN_POINT( '', ( 108.696308409326, 8.07142857142850, -5.76242858599324 ) );
#8180 = CARTESIAN_POINT( '', ( 118.793245407443, 8.28571428571422, -0.900000000000804 ) );
#8181 = CARTESIAN_POINT( '', ( 130.000000000000, 8.49999999999960, -0.900000000000000 ) );
#8182 = CARTESIAN_POINT( '', ( 141.206754592557, 8.71428571428563, -0.899999999999207 ) );
#8183 = CARTESIAN_POINT( '', ( 151.303691590675, 8.92857142857130, -5.76242858599021 ) );
#8184 = CARTESIAN_POINT( '', ( 161.400628588792, 9.14285714285703, -10.6248571719812 ) );
#8185 = CARTESIAN_POINT( '', ( 168.387925789185, 9.35714285714275, -19.3866507287354 ) );
#8186 = CARTESIAN_POINT( '', ( 175.375222989579, 9.57142857142848, -28.1484442854896 ) );
#8187 = CARTESIAN_POINT( '', ( 177.868960488135, 9.78571428571415, -39.0742221427455 ) );
#8188 = CARTESIAN_POINT( '', ( 180.362697986691, 9.99999999999989, -50.0000000000015 ) );
#8189 = CARTESIAN_POINT( '', ( 177.868960488137, 10.2142857142856, -60.9257778572579 ) );
#8190 = CARTESIAN_POINT( '', ( 175.375222989583, 10.4285714285713, -71.8515557145143 ) );
#8191 = CARTESIAN_POINT( '', ( 168.387925789190, 10.6428571428570, -80.6133492712694 ) );
#8192 = CARTESIAN_POINT( '', ( 161.400628588797, 10.8571428571427, -89.3751428280246 ) );
#8193 = CARTESIAN_POINT( '', ( 151.303691590681, 11.0714285714284, -94.2375714140170 ) );
#8194 = CARTESIAN_POINT( '', ( 141.206754592564, 11.2857142857142, -99.1000000000094 ) );
#8195 = CARTESIAN_POINT( '', ( 130.000000000007, 11.4999999999998, -99.1000000000102 ) );
#8196 = CARTESIAN_POINT( '', ( 118.793245407450, 11.7142857142856, -99.1000000000110 ) );
#8197 = CARTESIAN_POINT( '', ( 108.696308409332, 11.9285714285713, -94.2375714140200 ) );
#8198 = CARTESIAN_POINT( '', ( 98.5993714112152, 12.1428571428570, -89.3751428280290 ) );
#8199 = CARTESIAN_POINT( '', ( 91.6120742108215, 12.3571428571427, -80.6133492712748 ) );
#8200 = CARTESIAN_POINT( '', ( 84.6247770104277, 12.5714285714284, -71.8515557145206 ) );
#8201 = CARTESIAN_POINT( '', ( 82.1310395118717, 12.7857142857141, -60.9257778572647 ) );
#8202 = CARTESIAN_POINT( '', ( 79.6373020133160, 12.9999999999999, -50.0000000000087 ) );
#8203 = CARTESIAN_POINT( '', ( 82.1310395118703, 13.2142857142855, -39.0742221427523 ) );
#8204 = CARTESIAN_POINT( '', ( 84.6247770104246, 13.4285714285713, -28.1484442854960 ) );
#8205 = CARTESIAN_POINT( '', ( 91.6120742108171, 13.6428571428570, -19.3866507287408 ) );
#8206 = CARTESIAN_POINT( '', ( 98.5993714112095, 13.8571428571427, -10.6248571719857 ) );
#8207 = CARTESIAN_POINT( '', ( 108.696308409326, 14.0714285714284, -5.76242858599324 ) );
#8208 = CARTESIAN_POINT( '', ( 118.793245407443, 14.2857142857141, -0.900000000000804 ) );
#8209 = CARTESIAN_POINT( '', ( 130.000000000000, 14.4999999999998, -0.900000000000000 ) );
#8210 = CARTESIAN_POINT( '', ( 141.206754592557, 14.7142857142855, -0.899999999999207 ) );
#8211 = CARTESIAN_POINT( '', ( 151.303691590675, 14.9285714285712, -5.76242858599021 ) );
#8212 = CARTESIAN_POINT( '', ( 161.400628588792, 15.1428571428570, -10.6248571719812 ) );
#8213 = CARTESIAN_POINT( '', ( 168.387925789185, 15.3571428571427, -19.3866507287354 ) );
#8214 = CARTESIAN_POINT( '', ( 175.375222989579, 15.5714285714284, -28.1484442854896 ) );
#8215 = CARTESIAN_POINT( '', ( 177.868960488135, 15.7857142857141, -39.0742221427455 ) );
#8216 = CARTESIAN_POINT( '', ( 180.362697986691, 15.9999999999998, -50.0000000000015 ) );
#8217 = CARTESIAN_POINT( '', ( 177.868960488137, 16.2142857142855, -60.9257778572579 ) );
#8218 = CARTESIAN_POINT( '', ( 175.375222989583, 16.4285714285713, -71.8515557145143 ) );
#8219 = CARTESIAN_POINT( '', ( 168.387925789190, 16.6428571428570, -80.6133492712694 ) );
#8220 = CARTESIAN_POINT( '', ( 161.400628588797, 16.8571428571427, -89.3751428280246 ) );
#8221 = CARTESIAN_POINT( '', ( 151.303691590681, 17.0714285714284, -94.2375714140170 ) );
#8222 = CARTESIAN_POINT( '', ( 141.206754592564, 17.2857142857141, -99.1000000000094 ) );
#8223 = CARTESIAN_POINT( '', ( 130.000000000007, 17.4999999999996, -99.1000000000102 ) );
#8224 = CARTESIAN_POINT( '', ( 118.793245407450, 17.7142857142855, -99.1000000000110 ) );
#8225 = CARTESIAN_POINT( '', ( 108.696308409332, 17.9285714285712, -94.2375714140200 ) );
#8226 = CARTESIAN_POINT( '', ( 98.5993714112152, 18.1428571428569, -89.3751428280290 ) );
#8227 = CARTESIAN_POINT( '', ( 91.6120742108215, 18.3571428571427, -80.6133492712748 ) );
#8228 = CARTESIAN_POINT( '', ( 84.6247770104277, 18.5714285714284, -71.8515557145206 ) );
#8229 = CARTESIAN_POINT( '', ( 82.1310395118717, 18.7857142857141, -60.9257778572647 ) );
#8230 = CARTESIAN_POINT( '', ( 79.6373020133160, 18.9999999999998, -50.0000000000087 ) );
#8231 = CARTESIAN_POINT( '', ( 82.1310395118703, 19.2142857142855, -39.0742221427523 ) );
#8232 = CARTESIAN_POINT( '', ( 84.6247770104246, 19.4285714285712, -28.1484442854960 ) );
#8233 = CARTESIAN_POINT( '', ( 91.6120742108171, 19.6428571428569, -19.3866507287408 ) );
#8234 = CARTESIAN_POINT( '', ( 98.5993714112095, 19.8571428571426, -10.6248571719857 ) );
#8235 = CARTESIAN_POINT( '', ( 108.696308409326, 20.0714285714284, -5.76242858599324 ) );
#8236 = CARTESIAN_POINT( '', ( 118.793245407443, 20.2857142857141, -0.900000000000804 ) );
#8237 = CARTESIAN_POINT( '', ( 130.000000000000, 20.4999999999998, -0.900000000000000 ) );
#8238 = CARTESIAN_POINT( '', ( 141.206754592557, 20.7142857142855, -0.899999999999207 ) );
#8239 = CARTESIAN_POINT( '', ( 151.303691590675, 20.9285714285712, -5.76242858599021 ) );
#8240 = CARTESIAN_POINT( '', ( 161.400628588792, 21.1428571428569, -10.6248571719812 ) );
#8241 = CARTESIAN_POINT( '', ( 168.387925789185, 21.3571428571426, -19.3866507287354 ) );
#8242 = CARTESIAN_POINT( '', ( 175.375222989579, 21.5714285714283, -28.1484442854896 ) );
#8243 = CARTESIAN_POINT( '', ( 177.868960488135, 21.7857142857140, -39.0742221427455 ) );
#8244 = CARTESIAN_POINT( '', ( 180.362697986691, 21.9999999999998, -50.0000000000015 ) );
#8245 = CARTESIAN_POINT( '', ( 177.868960488137, 22.2142857142854, -60.9257778572579 ) );
#8246 = CARTESIAN_POINT( '', ( 175.375222989583, 22.4285714285712, -71.8515557145143 ) );
#8247 = CARTESIAN_POINT( '', ( 168.387925789190, 22.6428571428569, -80.6133492712694 ) );
#8248 = CARTESIAN_POINT( '', ( 161.400628588797, 22.8571428571426, -89.3751428280246 ) );
#8249 = CARTESIAN_POINT( '', ( 151.303691590681, 23.0714285714283, -94.2375714140170 ) );
#8250 = CARTESIAN_POINT( '', ( 141.206754592564, 23.2857142857140, -99.1000000000094 ) );
#8251 = CARTESIAN_POINT( '', ( 130.000000000007, 23.4999999999996, -99.1000000000102 ) );
#8252 = CARTESIAN_POINT( '', ( 118.793245407450, 23.7142857142854, -99.1000000000110 ) );
#8253 = CARTESIAN_POINT( '', ( 108.696308409332, 23.9285714285712, -94.2375714140200 ) );
#8254 = CARTESIAN_POINT( '', ( 98.5993714112152, 24.1428571428568, -89.3751428280290 ) );
#8255 = CARTESIAN_POINT( '', ( 91.6120742108215, 24.3571428571425, -80.6133492712748 ) );
#8256 = CARTESIAN_POINT( '', ( 84.6247770104277, 24.5714285714283, -71.8515557145206 ) );
#8257 = CARTESIAN_POINT( '', ( 82.1310395118717, 24.7857142857140, -60.9257778572647 ) );
#8258 = CARTESIAN_POINT( '', ( 79.6373020133160, 24.9999999999997, -50.0000000000087 ) );
#8259 = CARTESIAN_POINT( '', ( 82.1310395118703, 25.2142857142854, -39.0742221427523 ) );
#8260 = CARTESIAN_POINT( '', ( 84.6247770104246, 25.4285714285711, -28.1484442854960 ) );
#8261 = CARTESIAN_POINT( '', ( 91.6120742108171, 25.6428571428569, -19.3866507287408 ) );
#8262 = CARTESIAN_POINT( '', ( 98.5993714112095, 25.8571428571426, -10.6248571719857 ) );
#8263 = CARTESIAN_POINT( '', ( 108.696308409326, 26.0714285714283, -5.76242858599324 ) );
#8264 = CARTESIAN_POINT( '', ( 118.793245407443, 26.2857142857140, -0.900000000000804 ) );
#8265 = CARTESIAN_POINT( '', ( 130.000000000000, 26.4999999999996, -0.900000000000000 ) );
#8266 = CARTESIAN_POINT( '', ( 141.206754592557, 26.7142857142854, -0.899999999999207 ) );
#8267 = CARTESIAN_POINT( '', ( 151.303691590675, 26.9285714285711, -5.76242858599021 ) );
#8268 = CARTESIAN_POINT( '', ( 161.400628588792, 27.1428571428568, -10.6248571719812 ) );
#8269 = CARTESIAN_POINT( '', ( 168.387925789185, 27.3571428571425, -19.3866507287354 ) );
#8270 = CARTESIAN_POINT( '', ( 175.375222989579, 27.5714285714282, -28.1484442854896 ) );
#8271 = CARTESIAN_POINT( '', ( 177.868960488135, 27.7857142857139, -39.0742221427455 ) );
#8272 = CARTESIAN_POINT( '', ( 180.362697986691, 27.9999999999997, -50.0000000000015 ) );
#8273 = CARTESIAN_POINT( '', ( 177.868960488137, 28.2142857142854, -60.9257778572579 ) );
#8274 = CARTESIAN_POINT( '', ( 175.375222989583, 28.4285714285711, -71.8515557145143 ) );
#8275 = CARTESIAN_POINT( '', ( 168.387925789190, 28.6428571428568, -80.6133492712694 ) );
#8276 = CARTESIAN_POINT( '', ( 161.400628588797, 28.8571428571425, -89.3751428280246 ) );
#8277 = CARTESIAN_POINT( '', ( 151.303691590681, 29.0714285714282, -94.2375714140170 ) );
#8278 = CARTESIAN_POINT( '', ( 141.206754592564, 29.2857142857139, -99.1000000000094 ) );
#8279 = CARTESIAN_POINT( '', ( 130.000000000007, 29.4999999999996, -99.1000000000102 ) );
#8280 = CARTESIAN_POINT( '', ( 118.793245407450, 29.7142857142853, -99.1000000000110 ) );
#8281 = CARTESIAN_POINT( '', ( 108.696308409332, 29.9285714285710, -94.2375714140200 ) );
#8282 = CARTESIAN_POINT( '', ( 98.5993714112152, 30.1428571428568, -89.3751428280290 ) );
#8283 = CARTESIAN_POINT( '', ( 91.6120742108215, 30.3571428571425, -80.6133492712748 ) );
#8284 = CARTESIAN_POINT( '', ( 84.6247770104277, 30.5714285714282, -71.8515557145206 ) );
#8285 = CARTESIAN_POINT( '', ( 82.1310395118717, 30.7857142857139, -60.9257778572647 ) );
#8286 = CARTESIAN_POINT( '', ( 79.6373020133160, 30.9999999999996, -50.0000000000087 ) );
#8287 = CARTESIAN_POINT( '', ( 82.1310395118703, 31.2142857142853, -39.0742221427523 ) );
#8288 = CARTESIAN_POINT( '', ( 84.6247770104246, 31.4285714285711, -28.1484442854960 ) );
#8289 = CARTESIAN_POINT( '', ( 91.6120742108171, 31.6428571428568, -19.3866507287408 ) );
#8290 = CARTESIAN_POINT( '', ( 98.5993714112095, 31.8571428571425, -10.6248571719857 ) );
#8291 = CARTESIAN_POINT( '', ( 108.696308409326, 32.0714285714282, -5.76242858599324 ) );
#8292 = CARTESIAN_POINT( '', ( 118.793245407443, 32.2857142857139, -0.900000000000804 ) );
#8293 = CARTESIAN_POINT( '', ( 130.000000000000, 32.4999999999996, -0.900000000000000 ) );
#8299 = COLOUR_RGB( '', 0.800000011920929, 0.800000011920929, 0.800000011920929 );
#8300 = CARTESIAN_POINT( '', ( -83.2963969943580, 7.76582465785265, 25.0000000000000 ) );
#8301 = VECTOR( '', #9215, 1000.00000000000 );
#8302 = CARTESIAN_POINT( '', ( -80.0000000000000, 13.5105036758079, 21.0000000000000 ) );
#8303 = VECTOR( '', #9216, 1000.00000000000 );
#8304 = COLOUR_RGB( '', 0.800000011920929, 0.800000011920929, 0.800000011920929 );
#8305 = AXIS2_PLACEMENT_3D( '', #9217, #9218, #9219 );
#8306 = COLOUR_RGB( '', 0.800000011920929, 0.800000011920929, 0.800000011920929 );
#8307 = CARTESIAN_POINT( '', ( -76.0000000000000, 1.49999999999998, 17.0000000000000 ) );
#8308 = CARTESIAN_POINT( '', ( -76.0000000000000, 1.49999999999998, 17.0000000000000 ) );
#8309 = VECTOR( '', #9220, 1000.00000000000 );
#8310 = CARTESIAN_POINT( '', ( -80.0000000000000, 1.49999999999998, 17.0000000000000 ) );
#8311 = CARTESIAN_POINT( '', ( -80.0000000000000, 1.49999999999998, 17.0000000000000 ) );
#8312 = VECTOR( '', #9221, 1000.00000000000 );
#8313 = CARTESIAN_POINT( '', ( -80.0000000000000, 1.49999999999998, 17.0000000000000 ) );
#8314 = VECTOR( '', #9222, 1000.00000000000 );
#8315 = COLOUR_RGB( '', 0.200000002980232, 0.200000002980232, 0.200000002980232 );
#8316 = CARTESIAN_POINT( '', ( -175.792893218814, 1.74253343908722, 4.80774145001939 ) );
#8317 = CARTESIAN_POINT( '', ( -175.792893218814, 1.84187807782902, 4.70356518478462 ) );
#8318 = VECTOR( '', #9223, 1000.00000000000 );
#8319 = AXIS2_PLACEMENT_3D( '', #9224, #9225, #9226 );
#8320 = COLOUR_RGB( '', 0.200000002980232, 0.200000002980232, 0.200000002980232 );
#8321 = CARTESIAN_POINT( '', ( -175.792893218814, 6.65812192217098, 4.70356518478462 ) );
#8322 = VECTOR( '', #9227, 1000.00000000000 );
#8323 = COLOUR_RGB( '', 0.200000002980232, 0.200000002980232, 0.200000002980232 );
#8324 = CARTESIAN_POINT( '', ( -80.0000000000000, 6.00000000000000, -0.900000000000000 ) );
#8325 = CARTESIAN_POINT( '', ( -80.0000000000000, 6.00000000000000, -0.900000000000000 ) );
#8326 = VECTOR( '', #9228, 1000.00000000000 );
#8327 = AXIS2_PLACEMENT_3D( '', #9229, #9230, #9231 );
#8328 = COLOUR_RGB( '', 0.800000011920929, 0.800000011920929, 0.800000011920929 );
#8329 = CARTESIAN_POINT( '', ( -79.4641016151377, -2.08166817117217E-014, 23.0000000000000 ) );
#8330 = CARTESIAN_POINT( '', ( -79.4641016151378, 1.49999999999998, 23.0000000000000 ) );
#8331 = CARTESIAN_POINT( '', ( -79.4641016151377, -2.02685287598317E-014, 23.0000000000000 ) );
#8332 = VECTOR( '', #9232, 1000.00000000000 );
#8333 = CARTESIAN_POINT( '', ( -76.0000000000000, 1.49999999999998, 23.0000000000000 ) );
#8334 = CARTESIAN_POINT( '', ( -76.0000000000000, 1.49999999999998, 23.0000000000000 ) );
#8335 = VECTOR( '', #9233, 1000.00000000000 );
#8336 = CARTESIAN_POINT( '', ( -76.0000000000000, -2.08166817117217E-014, 23.0000000000000 ) );
#8337 = CARTESIAN_POINT( '', ( -76.0000000000000, -2.08166817117217E-014, 23.0000000000000 ) );
#8338 = VECTOR( '', #9234, 1000.00000000000 );
#8339 = CARTESIAN_POINT( '', ( -76.0000000000000, -2.08166817117217E-014, 23.0000000000000 ) );
#8340 = VECTOR( '', #9235, 1000.00000000000 );
#8341 = COLOUR_RGB( '', 0.800000011920929, 0.800000011920929, 0.800000011920929 );
#8342 = CARTESIAN_POINT( '', ( -60.7491153162623, 21.6820194138097, -21.0000000000000 ) );
#8343 = CARTESIAN_POINT( '', ( -59.1861908023052, 22.0000000000000, -21.0000000000000 ) );
#8344 = AXIS2_PLACEMENT_3D( '', #9236, #9237, #9238 );
#8345 = AXIS2_PLACEMENT_3D( '', #9239, #9240, #9241 );
#8346 = AXIS2_PLACEMENT_3D( '', #9242, #9243, #9244 );
#8347 = COLOUR_RGB( '', 0.200000002980232, 0.200000002980232, 0.200000002980232 );
#8348 = CARTESIAN_POINT( '', ( -120.000000000000, 6.00000000000000, 0.000000000000000 ) );
#8349 = VECTOR( '', #9245, 1000.00000000000 );
#8350 = CARTESIAN_POINT( '', ( -120.000000000000, 6.00000000000000, 7.00000000000000 ) );
#8351 = VECTOR( '', #9246, 1000.00000000000 );
#8352 = COLOUR_RGB( '', 0.800000011920929, 0.800000011920929, 0.800000011920929 );
#8353 = CARTESIAN_POINT( '', ( 72.0000000000000, 1.49999999999998, -21.0000000000000 ) );
#8354 = VECTOR( '', #9247, 1000.00000000000 );
#8355 = COLOUR_RGB( '', 0.266666680574417, 0.266666680574417, 0.266666680574417 );
#8356 = CARTESIAN_POINT( '', ( 221.000000000004, 34.2499999999996, 7.39999999999490 ) );
#8357 = AXIS2_PLACEMENT_3D( '', #9248, #9249, #9250 );
#8358 = COLOUR_RGB( '', 0.800000011920929, 0.800000011920929, 0.800000011920929 );
#8359 = CARTESIAN_POINT( '', ( 80.0000000000000, 8.00000000000000, 25.0000000000000 ) );
#8360 = VECTOR( '', #9251, 1000.00000000000 );
#8361 = CARTESIAN_POINT( '', ( 80.0000000000000, 12.1867325534165, 25.0000000000000 ) );
#8362 = VECTOR( '', #9252, 1000.00000000000 );
#8363 = CARTESIAN_POINT( '', ( 80.0000000000000, 12.1867325534165, 25.0000000000000 ) );
#8364 = VECTOR( '', #9253, 1000.00000000000 );
#8365 = COLOUR_RGB( '', 0.200000002980232, 0.200000002980232, 0.200000002980232 );
#8366 = CARTESIAN_POINT( '', ( -160.000000000000, 0.800000000000000, 7.00000000000000 ) );
#8367 = AXIS2_PLACEMENT_3D( '', #9254, #9255, #9256 );
#8368 = CARTESIAN_POINT( '', ( -160.000000000000, 6.00000000000000, 6.10000000000000 ) );
#8369 = CARTESIAN_POINT( '', ( -160.000000000000, 6.00000000000000, 7.90000000000000 ) );
#8370 = VECTOR( '', #9257, 1000.00000000000 );
#8371 = AXIS2_PLACEMENT_3D( '', #9258, #9259, #9260 );
#8372 = COLOUR_RGB( '', 0.800000011920929, 0.800000011920929, 0.800000011920929 );
#8373 = CARTESIAN_POINT( '', ( 76.0000000000000, 1.49999999999998, -17.0000000000000 ) );
#8374 = VECTOR( '', #9261, 1000.00000000000 );
#8375 = CARTESIAN_POINT( '', ( 80.0000000000000, 1.49999999999998, -17.0000000000000 ) );
#8376 = VECTOR( '', #9262, 1000.00000000000 );
#8377 = COLOUR_RGB( '', 0.200000002980232, 0.200000002980232, 0.200000002980232 );
#8378 = CARTESIAN_POINT( '', ( -170.500000000000, 7.96651718682962, 7.50000000000000 ) );
#8379 = VECTOR( '', #9263, 1000.00000000000 );
#8380 = AXIS2_PLACEMENT_3D( '', #9264, #9265, #9266 );
#8381 = COLOUR_RGB( '', 0.800000011920929, 0.800000011920929, 0.800000011920929 );
#8382 = CARTESIAN_POINT( '', ( 78.7814622569786, 14.0277422603214, 3.00000000000000 ) );
#8383 = CARTESIAN_POINT( '', ( 60.0000000000000, 22.0000000000000, 3.00000000000000 ) );
#8384 = VECTOR( '', #9267, 1000.00000000000 );
#8385 = AXIS2_PLACEMENT_3D( '', #9268, #9269, #9270 );
#8386 = COLOUR_RGB( '', 0.266666680574417, 0.266666680574417, 0.266666680574417 );
#8387 = CARTESIAN_POINT( '', ( 221.000000000004, 34.2499999999996, -17.6500000000051 ) );
#8388 = VECTOR( '', #9271, 1000.00000000000 );
#8389 = COLOUR_RGB( '', 0.200000002980232, 0.200000002980232, 0.200000002980232 );
#8390 = COLOUR_RGB( '', 0.266666680574417, 0.266666680574417, 0.266666680574417 );
#8391 = CARTESIAN_POINT( '', ( 183.000000000004, 31.9999999999996, -4.00000000000511 ) );
#8392 = CARTESIAN_POINT( '', ( 183.000000000004, 31.9999999999996, -4.00000000000511 ) );
#8393 = CARTESIAN_POINT( '', ( 183.000000000004, 31.9999999999996, -4.62090438616859 ) );
#8394 = CARTESIAN_POINT( '', ( 183.000000000004, 32.5040956138361, -5.74590438616859 ) );
#8395 = CARTESIAN_POINT( '', ( 183.000000000004, 33.6290956138361, -6.25000000000510 ) );
#8396 = CARTESIAN_POINT( '', ( 183.000000000004, 34.2499999999996, -6.25000000000510 ) );
#8397 = CARTESIAN_POINT( '', ( 183.000000000004, 31.9999999999996, -4.00000000000511 ) );
#8398 = CARTESIAN_POINT( '', ( 190.206478566775, 31.9999999999996, -4.00000000000511 ) );
#8399 = CARTESIAN_POINT( '', ( 196.009446193274, 27.3999999999996, -10.8000000000051 ) );
#8400 = CARTESIAN_POINT( '', ( 203.000000000004, 27.3999999999996, -10.8000000000051 ) );
#8401 = COLOUR_RGB( '', 0.200000002980232, 0.200000002980232, 0.200000002980232 );
#8402 = CARTESIAN_POINT( '', ( -176.604688508700, 5.82181301646358, 10.4046885087003 ) );
#8403 = CARTESIAN_POINT( '', ( -175.500000000000, 5.82181301646359, 9.30000000000000 ) );
#8404 = VECTOR( '', #9272, 1000.00000000000 );
#8405 = AXIS2_PLACEMENT_3D( '', #9273, #9274, #9275 );
#8406 = CARTESIAN_POINT( '', ( -176.212567982962, 7.06118087766960, 9.48188679698023 ) );
#8407 = CARTESIAN_POINT( '', ( -175.500000000000, 6.54550274646920, 8.99012547749262 ) );
#8408 = VECTOR( '', #9276, 1000.00000000000 );
#8409 = CARTESIAN_POINT( '', ( -176.604688508700, 5.82181301646358, 10.4046885087003 ) );
#8410 = CARTESIAN_POINT( '', ( -176.500050292232, 6.04846881422591, 10.3000502922322 ) );
#8411 = CARTESIAN_POINT( '', ( -176.408699490729, 6.26516265627593, 10.1730253223138 ) );
#8412 = CARTESIAN_POINT( '', ( -176.269829594023, 6.68044989838151, 9.86738269485454 ) );
#8413 = CARTESIAN_POINT( '', ( -176.223005305745, 6.88122969339197, 9.68571371155618 ) );
#8414 = CARTESIAN_POINT( '', ( -176.212567982962, 7.06118087766960, 9.48188679698023 ) );
#8415 = COLOUR_RGB( '', 0.200000002980232, 0.200000002980232, 0.200000002980232 );
#8416 = CARTESIAN_POINT( '', ( -169.500000000000, 5.82181301646358, 10.3000000000000 ) );
#8417 = AXIS2_PLACEMENT_3D( '', #9277, #9278, #9279 );
#8418 = CARTESIAN_POINT( '', ( -170.500000000000, 6.25000000000000, 9.30000000000000 ) );
#8419 = VECTOR( '', #9280, 1000.00000000000 );
#8420 = CARTESIAN_POINT( '', ( -169.500000000000, 2.67818698353642, 10.3000000000000 ) );
#8421 = AXIS2_PLACEMENT_3D( '', #9281, #9282, #9283 );
#8422 = CARTESIAN_POINT( '', ( -169.500000000000, 4.25000000000000, 10.3000000000000 ) );
#8423 = VECTOR( '', #9284, 1000.00000000000 );
#8424 = COLOUR_RGB( '', 0.800000011920929, 0.800000011920929, 0.800000011920929 );
#8425 = CARTESIAN_POINT( '', ( -72.0000000000000, 1.49999999999998, 21.0000000000000 ) );
#8426 = CARTESIAN_POINT( '', ( -72.0000000000000, 1.49999999999998, 21.0000000000000 ) );
#8427 = VECTOR( '', #9285, 1000.00000000000 );
#8428 = AXIS2_PLACEMENT_3D( '', #9286, #9287, #9288 );
#8429 = AXIS2_PLACEMENT_3D( '', #9289, #9290, #9291 );
#8430 = COLOUR_RGB( '', 0.800000011920929, 0.800000011920929, 0.800000011920929 );
#8431 = CARTESIAN_POINT( '', ( 59.1861908023052, 22.0000000000000, 21.0000000000000 ) );
#8432 = CARTESIAN_POINT( '', ( 59.1861908023052, 22.0000000000000, -21.0000000000000 ) );
#8433 = CARTESIAN_POINT( '', ( 59.1861908023052, 22.0000000000000, 25.0000000000000 ) );
#8434 = VECTOR( '', #9292, 1000.00000000000 );
#8435 = CARTESIAN_POINT( '', ( -60.0000000000000, 22.0000000000000, -21.0000000000000 ) );
#8436 = VECTOR( '', #9293, 1000.00000000000 );
#8437 = CARTESIAN_POINT( '', ( -59.1861908023052, 22.0000000000000, 25.0000000000000 ) );
#8438 = VECTOR( '', #9294, 1000.00000000000 );
#8439 = CARTESIAN_POINT( '', ( -60.0000000000000, 22.0000000000000, 21.0000000000000 ) );
#8440 = VECTOR( '', #9295, 1000.00000000000 );
#8441 = COLOUR_RGB( '', 0.800000011920929, 0.800000011920929, 0.800000011920929 );
#8442 = CARTESIAN_POINT( '', ( 80.0000000000000, -2.08189955855050E-014, -21.0000000000000 ) );
#8443 = CARTESIAN_POINT( '', ( 80.0000000000000, 12.1867325534165, -21.0000000000000 ) );
#8444 = VECTOR( '', #9296, 1000.00000000000 );
#8445 = AXIS2_PLACEMENT_3D( '', #9297, #9298, #9299 );
#8446 = COLOUR_RGB( '', 0.266666680574417, 0.266666680574417, 0.266666680574417 );
#8447 = CARTESIAN_POINT( '', ( 221.000000000004, 34.2499999999996, -11.2000000000051 ) );
#8448 = AXIS2_PLACEMENT_3D( '', #9300, #9301, #9302 );
#8449 = COLOUR_RGB( '', 0.200000002980232, 0.200000002980232, 0.200000002980232 );
#8450 = CARTESIAN_POINT( '', ( -175.792893218814, 0.648572308771365, 8.04509262022634 ) );
#8451 = AXIS2_PLACEMENT_3D( '', #9303, #9304, #9305 );
#8452 = CARTESIAN_POINT( '', ( -175.792893218814, 1.74253343908724, 9.19225854998060 ) );
#8453 = VECTOR( '', #9306, 1000.00000000000 );
#8454 = COLOUR_RGB( '', 0.200000002980232, 0.200000002980232, 0.200000002980232 );
#8455 = CARTESIAN_POINT( '', ( -160.000000000000, 6.00000000000000, 6.10000000000000 ) );
#8456 = VECTOR( '', #9307, 1000.00000000000 );
#8457 = COLOUR_RGB( '', 0.800000011920929, 0.800000011920929, 0.800000011920929 );
#8458 = CARTESIAN_POINT( '', ( -78.7814622569786, 14.0277422603214, 25.0000000000000 ) );
#8459 = VECTOR( '', #9308, 1000.00000000000 );
#8460 = COLOUR_RGB( '', 0.200000002980232, 0.200000002980232, 0.200000002980232 );
#8461 = AXIS2_PLACEMENT_3D( '', #9309, #9310, #9311 );
#8462 = AXIS2_PLACEMENT_3D( '', #9312, #9313, #9314 );
#8463 = COLOUR_RGB( '', 0.800000011920929, 0.800000011920929, 0.800000011920929 );
#8464 = COLOUR_RGB( '', 0.200000002980232, 0.200000002980232, 0.200000002980232 );
#8465 = AXIS2_PLACEMENT_3D( '', #9315, #9316, #9317 );
#8466 = COLOUR_RGB( '', 0.200000002980232, 0.200000002980232, 0.200000002980232 );
#8467 = AXIS2_PLACEMENT_3D( '', #9318, #9319, #9320 );
#8468 = COLOUR_RGB( '', 0.200000002980232, 0.200000002980232, 0.200000002980232 );
#8469 = COLOUR_RGB( '', 0.800000011920929, 0.800000011920929, 0.800000011920929 );
#8470 = CARTESIAN_POINT( '', ( -78.7814622569786, 14.0277422603214, 25.0000000000000 ) );
#8471 = VECTOR( '', #9321, 1000.00000000000 );
#8472 = COLOUR_RGB( '', 0.800000011920929, 0.800000011920929, 0.800000011920929 );
#8473 = AXIS2_PLACEMENT_3D( '', #9322, #9323, #9324 );
#8474 = CARTESIAN_POINT( '', ( -76.0000000000000, -2.08166817117217E-014, 19.0000000000000 ) );
#8475 = AXIS2_PLACEMENT_3D( '', #9325, #9326, #9327 );
#8476 = CARTESIAN_POINT( '', ( -80.0000000000000, -2.08166817117217E-014, 19.0000000000000 ) );
#8477 = CARTESIAN_POINT( '', ( -76.0000000000000, -2.08166817117217E-014, 19.0000000000000 ) );
#8478 = VECTOR( '', #9328, 1000.00000000000 );
#8479 = CARTESIAN_POINT( '', ( -80.0000000000000, -2.08189955855050E-014, 25.0000000000000 ) );
#8480 = VECTOR( '', #9329, 1000.00000000000 );
#8481 = CARTESIAN_POINT( '', ( 74.0000000000000, -2.08166817117217E-014, -21.0000000000000 ) );
#8482 = VECTOR( '', #9330, 1000.00000000000 );
#8483 = CARTESIAN_POINT( '', ( 80.0000000000000, -2.08189955855050E-014, 25.0000000000000 ) );
#8484 = VECTOR( '', #9331, 1000.00000000000 );
#8485 = COLOUR_RGB( '', 0.800000011920929, 0.800000011920929, 0.800000011920929 );
#8486 = AXIS2_PLACEMENT_3D( '', #9332, #9333, #9334 );
#8487 = AXIS2_PLACEMENT_3D( '', #9335, #9336, #9337 );
#8488 = CARTESIAN_POINT( '', ( -60.7491153162623, 21.6820194138097, 25.0000000000000 ) );
#8489 = VECTOR( '', #9338, 1000.00000000000 );
#8490 = CARTESIAN_POINT( '', ( -78.7814622569786, 14.0277422603214, -21.0000000000000 ) );
#8491 = VECTOR( '', #9339, 1000.00000000000 );
#8492 = COLOUR_RGB( '', 0.800000011920929, 0.800000011920929, 0.800000011920929 );
#8493 = COLOUR_RGB( '', 0.200000002980232, 0.200000002980232, 0.200000002980232 );
#8494 = AXIS2_PLACEMENT_3D( '', #9340, #9341, #9342 );
#8495 = COLOUR_RGB( '', 0.266666680574417, 0.266666680574417, 0.266666680574417 );
#8496 = CARTESIAN_POINT( '', ( 183.000000000004, 34.2499999999996, 6.24999999999490 ) );
#8497 = CARTESIAN_POINT( '', ( 183.000000000004, 36.5000000000000, 3.99999999999489 ) );
#8498 = CARTESIAN_POINT( '', ( 183.000000000004, 36.5000000000000, 4.62090438615839 ) );
#8499 = CARTESIAN_POINT( '', ( 183.000000000004, 35.9959043861631, 5.74590438615839 ) );
#8500 = CARTESIAN_POINT( '', ( 183.000000000004, 34.8709043861631, 6.24999999999490 ) );
#8501 = CARTESIAN_POINT( '', ( 183.000000000004, 34.2499999999996, 6.24999999999490 ) );
#8502 = CARTESIAN_POINT( '', ( 183.000000000004, 34.2499999999996, 6.24999999999490 ) );
#8503 = CARTESIAN_POINT( '', ( 190.673620035192, 34.2499999999996, 6.24999999999490 ) );
#8504 = CARTESIAN_POINT( '', ( 195.729161312224, 34.2499999999996, 17.6499999999949 ) );
#8505 = CARTESIAN_POINT( '', ( 203.000000000004, 34.2499999999996, 17.6499999999949 ) );
#8506 = CARTESIAN_POINT( '', ( 203.000000000004, 41.1000000000000, 10.7999999999949 ) );
#8507 = VECTOR( '', #9343, 1000.00000000000 );
#8508 = COLOUR_RGB( '', 0.800000011920929, 0.800000011920929, 0.800000011920929 );
#8509 = AXIS2_PLACEMENT_3D( '', #9344, #9345, #9346 );
#8510 = AXIS2_PLACEMENT_3D( '', #9347, #9348, #9349 );
#8511 = COLOUR_RGB( '', 0.200000002980232, 0.200000002980232, 0.200000002980232 );
#8512 = COLOUR_RGB( '', 0.200000002980232, 0.200000002980232, 0.200000002980232 );
#8513 = CARTESIAN_POINT( '', ( -80.0000000000000, 6.00000000000000, -0.900000000000000 ) );
#8514 = VECTOR( '', #9350, 1000.00000000000 );
#8515 = COLOUR_RGB( '', 0.266666680574417, 0.266666680574417, 0.266666680574417 );
#8516 = CARTESIAN_POINT( '', ( 183.000000000004, 31.9999999999996, 3.99999999999489 ) );
#8517 = CARTESIAN_POINT( '', ( 183.000000000004, 34.2499999999996, 6.24999999999490 ) );
#8518 = CARTESIAN_POINT( '', ( 183.000000000004, 33.6290956138361, 6.24999999999490 ) );
#8519 = CARTESIAN_POINT( '', ( 183.000000000004, 32.5040956138361, 5.74590438615839 ) );
#8520 = CARTESIAN_POINT( '', ( 183.000000000004, 31.9999999999996, 4.62090438615839 ) );
#8521 = CARTESIAN_POINT( '', ( 183.000000000004, 31.9999999999996, 3.99999999999489 ) );
#8522 = CARTESIAN_POINT( '', ( 183.000000000004, 31.9999999999996, 3.99999999999489 ) );
#8523 = CARTESIAN_POINT( '', ( 190.206478566775, 31.9999999999996, 3.99999999999489 ) );
#8524 = CARTESIAN_POINT( '', ( 196.009446193274, 27.3999999999996, 10.7999999999949 ) );
#8525 = CARTESIAN_POINT( '', ( 203.000000000004, 27.3999999999996, 10.7999999999949 ) );
#8526 = COLOUR_RGB( '', 0.800000011920929, 0.800000011920929, 0.800000011920929 );
#8527 = CARTESIAN_POINT( '', ( -76.0000000000000, 1.49999999999998, 19.0000000000000 ) );
#8528 = CARTESIAN_POINT( '', ( -76.0000000000000, -2.08166817117217E-014, 19.0000000000000 ) );
#8529 = VECTOR( '', #9351, 1000.00000000000 );
#8530 = CARTESIAN_POINT( '', ( -80.0000000000000, 1.49999999999998, 19.0000000000000 ) );
#8531 = CARTESIAN_POINT( '', ( -76.0000000000000, 1.49999999999998, 19.0000000000000 ) );
#8532 = VECTOR( '', #9352, 1000.00000000000 );
#8533 = CARTESIAN_POINT( '', ( -80.0000000000000, -2.08166817117217E-014, 19.0000000000000 ) );
#8534 = VECTOR( '', #9353, 1000.00000000000 );
#8535 = COLOUR_RGB( '', 0.200000002980232, 0.200000002980232, 0.200000002980232 );
#8536 = AXIS2_PLACEMENT_3D( '', #9354, #9355, #9356 );
#8537 = CARTESIAN_POINT( '', ( -174.500000000000, 0.200000000000001, 7.00000000000000 ) );
#8538 = AXIS2_PLACEMENT_3D( '', #9357, #9358, #9359 );
#8539 = COLOUR_RGB( '', 0.800000011920929, 0.800000011920929, 0.800000011920929 );
#8540 = CARTESIAN_POINT( '', ( -81.0000000000000, 5.25000000000000, 9.06008006571968E-016 ) );
#8541 = AXIS2_PLACEMENT_3D( '', #9360, #9361, #9362 );
#8542 = COLOUR_RGB( '', 0.200000002980232, 0.200000002980232, 0.200000002980232 );
#8543 = COLOUR_RGB( '', 0.200000002980232, 0.200000002980232, 0.200000002980232 );
#8544 = COLOUR_RGB( '', 0.600000023841858, 0.600000023841858, 0.533333361148834 );
#8545 = CARTESIAN_POINT( '', ( 238.000000000004, 34.2499999999996, -11.3000000000051 ) );
#8546 = AXIS2_PLACEMENT_3D( '', #9363, #9364, #9365 );
#8547 = COLOUR_RGB( '', 0.800000011920929, 0.800000011920929, 0.800000011920929 );
#8548 = AXIS2_PLACEMENT_3D( '', #9366, #9367, #9368 );
#8549 = CARTESIAN_POINT( '', ( -72.0000000000000, 1.49999999999998, 21.0000000000000 ) );
#8550 = VECTOR( '', #9369, 1000.00000000000 );
#8551 = CARTESIAN_POINT( '', ( -80.0000000000000, 1.49999999999998, 25.0000000000000 ) );
#8552 = VECTOR( '', #9370, 1000.00000000000 );
#8553 = AXIS2_PLACEMENT_3D( '', #9371, #9372, #9373 );
#8554 = COLOUR_RGB( '', 0.800000011920929, 0.800000011920929, 0.800000011920929 );
#8555 = COLOUR_RGB( '', 0.266666680574417, 0.266666680574417, 0.266666680574417 );
#8556 = CARTESIAN_POINT( '', ( 180.000000000004, 28.9999999999996, 3.99999999999489 ) );
#8557 = CARTESIAN_POINT( '', ( 180.000000000004, 39.5000000000000, 3.99999999999489 ) );
#8558 = AXIS2_PLACEMENT_3D( '', #9374, #9375, #9376 );
#8559 = CARTESIAN_POINT( '', ( 180.000000000004, 39.5000000000000, 3.99999999999489 ) );
#8560 = VECTOR( '', #9377, 1000.00000000000 );
#8561 = CARTESIAN_POINT( '', ( 180.000000000004, 28.9999999999996, -4.00000000000511 ) );
#8562 = VECTOR( '', #9378, 1000.00000000000 );
#8563 = AXIS2_PLACEMENT_3D( '', #9379, #9380, #9381 );
#8564 = COLOUR_RGB( '', 0.200000002980232, 0.200000002980232, 0.200000002980232 );
#8565 = CARTESIAN_POINT( '', ( -184.000000000000, 4.25000000000000, 10.7500000000000 ) );
#8566 = AXIS2_PLACEMENT_3D( '', #9382, #9383, #9384 );
#8567 = COLOUR_RGB( '', 0.800000011920929, 0.800000011920929, 0.800000011920929 );
#8568 = AXIS2_PLACEMENT_3D( '', #9385, #9386, #9387 );
#8569 = AXIS2_PLACEMENT_3D( '', #9388, #9389, #9390 );
#8570 = COLOUR_RGB( '', 0.800000011920929, 0.800000011920929, 0.800000011920929 );
#8571 = COLOUR_RGB( '', 0.800000011920929, 0.800000011920929, 0.800000011920929 );
#8572 = COLOUR_RGB( '', 0.800000011920929, 0.800000011920929, 0.800000011920929 );
#8573 = CARTESIAN_POINT( '', ( 78.7814622569786, 14.0277422603214, 25.0000000000000 ) );
#8574 = VECTOR( '', #9391, 1000.00000000000 );
#8575 = COLOUR_RGB( '', 0.266666680574417, 0.266666680574417, 0.266666680574417 );
#8576 = CARTESIAN_POINT( '', ( 183.000000000004, 31.9999999999996, 3.99999999999489 ) );
#8577 = CARTESIAN_POINT( '', ( 183.000000000004, 31.9999999999996, 2.66666666666156 ) );
#8578 = CARTESIAN_POINT( '', ( 183.000000000004, 31.9999999999996, -5.10355646632377E-012 ) );
#8579 = CARTESIAN_POINT( '', ( 183.000000000004, 31.9999999999996, -2.66666666667177 ) );
#8580 = CARTESIAN_POINT( '', ( 183.000000000004, 31.9999999999996, -4.00000000000511 ) );
#8581 = CARTESIAN_POINT( '', ( 183.000000000004, 28.9999999999996, 3.99999999999489 ) );
#8582 = CARTESIAN_POINT( '', ( 183.000000000004, 39.5000000000000, 3.99999999999489 ) );
#8583 = AXIS2_PLACEMENT_3D( '', #9392, #9393, #9394 );
#8584 = CARTESIAN_POINT( '', ( 183.000000000004, 28.9999999999996, -4.00000000000511 ) );
#8585 = VECTOR( '', #9395, 1000.00000000000 );
#8586 = CARTESIAN_POINT( '', ( 183.000000000004, 39.5000000000000, 3.99999999999489 ) );
#8587 = VECTOR( '', #9396, 1000.00000000000 );
#8588 = COLOUR_RGB( '', 0.200000002980232, 0.200000002980232, 0.200000002980232 );
#8589 = AXIS2_PLACEMENT_3D( '', #9397, #9398, #9399 );
#8590 = COLOUR_RGB( '', 0.200000002980232, 0.200000002980232, 0.200000002980232 );
#8591 = AXIS2_PLACEMENT_3D( '', #9400, #9401, #9402 );
#8592 = COLOUR_RGB( '', 0.200000002980232, 0.200000002980232, 0.200000002980232 );
#8593 = CARTESIAN_POINT( '', ( -210.500000000000, -0.450000000000000, 7.00000000000000 ) );
#8594 = AXIS2_PLACEMENT_3D( '', #9403, #9404, #9405 );
#8595 = COLOUR_RGB( '', 0.800000011920929, 0.800000011920929, 0.800000011920929 );
#8596 = AXIS2_PLACEMENT_3D( '', #9406, #9407, #9408 );
#8597 = AXIS2_PLACEMENT_3D( '', #9409, #9410, #9411 );
#8598 = COLOUR_RGB( '', 0.266666680574417, 0.266666680574417, 0.266666680574417 );
#8601 = CARTESIAN_POINT( '', ( 130.000000000000, 6.00000000000000, -0.900000000000000 ) );
#8602 = CARTESIAN_POINT( '', ( 141.206754592557, 6.21428571428569, -0.899999999999199 ) );
#8603 = CARTESIAN_POINT( '', ( 151.303691590675, 6.42857142857140, -5.76242858599021 ) );
#8604 = CARTESIAN_POINT( '', ( 161.400628588792, 6.64285714285714, -10.6248571719812 ) );
#8605 = CARTESIAN_POINT( '', ( 168.387925789185, 6.85714285714285, -19.3866507287353 ) );
#8606 = CARTESIAN_POINT( '', ( 175.375222989579, 7.07142857142855, -28.1484442854896 ) );
#8607 = CARTESIAN_POINT( '', ( 177.868960488135, 7.28571428571425, -39.0742221427455 ) );
#8608 = CARTESIAN_POINT( '', ( 180.362697986691, 7.49999999999995, -50.0000000000015 ) );
#8609 = CARTESIAN_POINT( '', ( 177.868960488137, 7.71428571428565, -60.9257778572579 ) );
#8610 = CARTESIAN_POINT( '', ( 175.375222989583, 7.92857142857140, -71.8515557145143 ) );
#8611 = CARTESIAN_POINT( '', ( 168.387925789190, 8.14285714285710, -80.6133492712694 ) );
#8612 = CARTESIAN_POINT( '', ( 161.400628588797, 8.35714285714281, -89.3751428280246 ) );
#8613 = CARTESIAN_POINT( '', ( 151.303691590681, 8.57142857142850, -94.2375714140170 ) );
#8614 = CARTESIAN_POINT( '', ( 141.206754592564, 8.78571428571426, -99.1000000000094 ) );
#8615 = CARTESIAN_POINT( '', ( 130.000000000007, 9.00000000000000, -99.1000000000102 ) );
#8616 = CARTESIAN_POINT( '', ( 118.793245407450, 9.21428571428566, -99.1000000000110 ) );
#8617 = CARTESIAN_POINT( '', ( 108.696308409332, 9.42857142857135, -94.2375714140200 ) );
#8618 = CARTESIAN_POINT( '', ( 98.5993714112152, 9.64285714285707, -89.3751428280290 ) );
#8619 = CARTESIAN_POINT( '', ( 91.6120742108215, 9.85714285714280, -80.6133492712748 ) );
#8620 = CARTESIAN_POINT( '', ( 84.6247770104277, 10.0714285714285, -71.8515557145207 ) );
#8621 = CARTESIAN_POINT( '', ( 82.1310395118717, 10.2857142857142, -60.9257778572647 ) );
#8622 = CARTESIAN_POINT( '', ( 79.6373020133160, 10.4999999999999, -50.0000000000087 ) );
#8623 = CARTESIAN_POINT( '', ( 82.1310395118703, 10.7142857142856, -39.0742221427523 ) );
#8624 = CARTESIAN_POINT( '', ( 84.6247770104246, 10.9285714285713, -28.1484442854960 ) );
#8625 = CARTESIAN_POINT( '', ( 91.6120742108171, 11.1428571428570, -19.3866507287408 ) );
#8626 = CARTESIAN_POINT( '', ( 98.5993714112095, 11.3571428571428, -10.6248571719857 ) );
#8627 = CARTESIAN_POINT( '', ( 108.696308409326, 11.5714285714285, -5.76242858599323 ) );
#8628 = CARTESIAN_POINT( '', ( 118.793245407443, 11.7857142857142, -0.900000000000796 ) );
#8629 = CARTESIAN_POINT( '', ( 130.000000000000, 12.0000000000000, -0.900000000000000 ) );
#8630 = CARTESIAN_POINT( '', ( 141.206754592557, 12.2142857142856, -0.899999999999199 ) );
#8631 = CARTESIAN_POINT( '', ( 151.303691590675, 12.4285714285713, -5.76242858599021 ) );
#8632 = CARTESIAN_POINT( '', ( 161.400628588792, 12.6428571428570, -10.6248571719812 ) );
#8633 = CARTESIAN_POINT( '', ( 168.387925789185, 12.8571428571427, -19.3866507287353 ) );
#8634 = CARTESIAN_POINT( '', ( 175.375222989579, 13.0714285714284, -28.1484442854896 ) );
#8635 = CARTESIAN_POINT( '', ( 177.868960488135, 13.2857142857142, -39.0742221427455 ) );
#8636 = CARTESIAN_POINT( '', ( 180.362697986691, 13.4999999999999, -50.0000000000015 ) );
#8637 = CARTESIAN_POINT( '', ( 177.868960488137, 13.7142857142856, -60.9257778572579 ) );
#8638 = CARTESIAN_POINT( '', ( 175.375222989583, 13.9285714285713, -71.8515557145143 ) );
#8639 = CARTESIAN_POINT( '', ( 168.387925789190, 14.1428571428570, -80.6133492712694 ) );
#8640 = CARTESIAN_POINT( '', ( 161.400628588797, 14.3571428571428, -89.3751428280246 ) );
#8641 = CARTESIAN_POINT( '', ( 151.303691590681, 14.5714285714284, -94.2375714140170 ) );
#8642 = CARTESIAN_POINT( '', ( 141.206754592564, 14.7857142857142, -99.1000000000094 ) );
#8643 = CARTESIAN_POINT( '', ( 130.000000000007, 14.9999999999998, -99.1000000000102 ) );
#8644 = CARTESIAN_POINT( '', ( 118.793245407450, 15.2142857142856, -99.1000000000110 ) );
#8645 = CARTESIAN_POINT( '', ( 108.696308409332, 15.4285714285713, -94.2375714140200 ) );
#8646 = CARTESIAN_POINT( '', ( 98.5993714112152, 15.6428571428570, -89.3751428280290 ) );
#8647 = CARTESIAN_POINT( '', ( 91.6120742108215, 15.8571428571427, -80.6133492712748 ) );
#8648 = CARTESIAN_POINT( '', ( 84.6247770104277, 16.0714285714284, -71.8515557145207 ) );
#8649 = CARTESIAN_POINT( '', ( 82.1310395118717, 16.2857142857142, -60.9257778572647 ) );
#8650 = CARTESIAN_POINT( '', ( 79.6373020133160, 16.4999999999999, -50.0000000000087 ) );
#8651 = CARTESIAN_POINT( '', ( 82.1310395118703, 16.7142857142855, -39.0742221427523 ) );
#8652 = CARTESIAN_POINT( '', ( 84.6247770104246, 16.9285714285713, -28.1484442854960 ) );
#8653 = CARTESIAN_POINT( '', ( 91.6120742108171, 17.1428571428570, -19.3866507287408 ) );
#8654 = CARTESIAN_POINT( '', ( 98.5993714112095, 17.3571428571427, -10.6248571719857 ) );
#8655 = CARTESIAN_POINT( '', ( 108.696308409326, 17.5714285714284, -5.76242858599323 ) );
#8656 = CARTESIAN_POINT( '', ( 118.793245407443, 17.7857142857142, -0.900000000000796 ) );
#8657 = CARTESIAN_POINT( '', ( 130.000000000000, 18.0000000000000, -0.900000000000000 ) );
#8658 = CARTESIAN_POINT( '', ( 141.206754592557, 18.2142857142856, -0.899999999999199 ) );
#8659 = CARTESIAN_POINT( '', ( 151.303691590675, 18.4285714285713, -5.76242858599021 ) );
#8660 = CARTESIAN_POINT( '', ( 161.400628588792, 18.6428571428570, -10.6248571719812 ) );
#8661 = CARTESIAN_POINT( '', ( 168.387925789185, 18.8571428571427, -19.3866507287353 ) );
#8662 = CARTESIAN_POINT( '', ( 175.375222989579, 19.0714285714284, -28.1484442854896 ) );
#8663 = CARTESIAN_POINT( '', ( 177.868960488135, 19.2857142857141, -39.0742221427455 ) );
#8664 = CARTESIAN_POINT( '', ( 180.362697986691, 19.4999999999998, -50.0000000000015 ) );
#8665 = CARTESIAN_POINT( '', ( 177.868960488137, 19.7142857142855, -60.9257778572579 ) );
#8666 = CARTESIAN_POINT( '', ( 175.375222989583, 19.9285714285712, -71.8515557145143 ) );
#8667 = CARTESIAN_POINT( '', ( 168.387925789190, 20.1428571428570, -80.6133492712694 ) );
#8668 = CARTESIAN_POINT( '', ( 161.400628588797, 20.3571428571427, -89.3751428280246 ) );
#8669 = CARTESIAN_POINT( '', ( 151.303691590681, 20.5714285714284, -94.2375714140170 ) );
#8670 = CARTESIAN_POINT( '', ( 141.206754592564, 20.7857142857141, -99.1000000000094 ) );
#8671 = CARTESIAN_POINT( '', ( 130.000000000007, 21.0000000000000, -99.1000000000102 ) );
#8672 = CARTESIAN_POINT( '', ( 118.793245407450, 21.2142857142855, -99.1000000000110 ) );
#8673 = CARTESIAN_POINT( '', ( 108.696308409332, 21.4285714285712, -94.2375714140200 ) );
#8674 = CARTESIAN_POINT( '', ( 98.5993714112152, 21.6428571428570, -89.3751428280290 ) );
#8675 = CARTESIAN_POINT( '', ( 91.6120742108215, 21.8571428571427, -80.6133492712748 ) );
#8676 = CARTESIAN_POINT( '', ( 84.6247770104277, 22.0714285714284, -71.8515557145207 ) );
#8677 = CARTESIAN_POINT( '', ( 82.1310395118717, 22.2857142857141, -60.9257778572647 ) );
#8678 = CARTESIAN_POINT( '', ( 79.6373020133160, 22.4999999999998, -50.0000000000087 ) );
#8679 = CARTESIAN_POINT( '', ( 82.1310395118703, 22.7142857142855, -39.0742221427523 ) );
#8680 = CARTESIAN_POINT( '', ( 84.6247770104246, 22.9285714285712, -28.1484442854960 ) );
#8681 = CARTESIAN_POINT( '', ( 91.6120742108171, 23.1428571428569, -19.3866507287408 ) );
#8682 = CARTESIAN_POINT( '', ( 98.5993714112095, 23.3571428571426, -10.6248571719857 ) );
#8683 = CARTESIAN_POINT( '', ( 108.696308409326, 23.5714285714284, -5.76242858599323 ) );
#8684 = CARTESIAN_POINT( '', ( 118.793245407443, 23.7857142857141, -0.900000000000796 ) );
#8685 = CARTESIAN_POINT( '', ( 130.000000000000, 23.9999999999998, -0.900000000000000 ) );
#8686 = CARTESIAN_POINT( '', ( 141.206754592557, 24.2142857142855, -0.899999999999199 ) );
#8687 = CARTESIAN_POINT( '', ( 151.303691590675, 24.4285714285712, -5.76242858599021 ) );
#8688 = CARTESIAN_POINT( '', ( 161.400628588792, 24.6428571428569, -10.6248571719812 ) );
#8689 = CARTESIAN_POINT( '', ( 168.387925789185, 24.8571428571426, -19.3866507287353 ) );
#8690 = CARTESIAN_POINT( '', ( 175.375222989579, 25.0714285714283, -28.1484442854896 ) );
#8691 = CARTESIAN_POINT( '', ( 177.868960488135, 25.2857142857141, -39.0742221427455 ) );
#8692 = CARTESIAN_POINT( '', ( 180.362697986691, 25.4999999999997, -50.0000000000015 ) );
#8693 = CARTESIAN_POINT( '', ( 177.868960488137, 25.7142857142854, -60.9257778572579 ) );
#8694 = CARTESIAN_POINT( '', ( 175.375222989583, 25.9285714285711, -71.8515557145143 ) );
#8695 = CARTESIAN_POINT( '', ( 168.387925789190, 26.1428571428569, -80.6133492712694 ) );
#8696 = CARTESIAN_POINT( '', ( 161.400628588797, 26.3571428571426, -89.3751428280246 ) );
#8697 = CARTESIAN_POINT( '', ( 151.303691590681, 26.5714285714283, -94.2375714140170 ) );
#8698 = CARTESIAN_POINT( '', ( 141.206754592564, 26.7857142857140, -99.1000000000094 ) );
#8699 = CARTESIAN_POINT( '', ( 130.000000000007, 27.0000000000000, -99.1000000000102 ) );
#8700 = CARTESIAN_POINT( '', ( 118.793245407450, 27.2142857142854, -99.1000000000110 ) );
#8701 = CARTESIAN_POINT( '', ( 108.696308409332, 27.4285714285712, -94.2375714140200 ) );
#8702 = CARTESIAN_POINT( '', ( 98.5993714112152, 27.6428571428569, -89.3751428280290 ) );
#8703 = CARTESIAN_POINT( '', ( 91.6120742108215, 27.8571428571426, -80.6133492712748 ) );
#8704 = CARTESIAN_POINT( '', ( 84.6247770104277, 28.0714285714283, -71.8515557145207 ) );
#8705 = CARTESIAN_POINT( '', ( 82.1310395118717, 28.2857142857140, -60.9257778572647 ) );
#8706 = CARTESIAN_POINT( '', ( 79.6373020133160, 28.4999999999997, -50.0000000000087 ) );
#8707 = CARTESIAN_POINT( '', ( 82.1310395118703, 28.7142857142854, -39.0742221427523 ) );
#8708 = CARTESIAN_POINT( '', ( 84.6247770104246, 28.9285714285711, -28.1484442854960 ) );
#8709 = CARTESIAN_POINT( '', ( 91.6120742108171, 29.1428571428568, -19.3866507287408 ) );
#8710 = CARTESIAN_POINT( '', ( 98.5993714112095, 29.3571428571426, -10.6248571719857 ) );
#8711 = CARTESIAN_POINT( '', ( 108.696308409326, 29.5714285714283, -5.76242858599323 ) );
#8712 = CARTESIAN_POINT( '', ( 118.793245407443, 29.7857142857140, -0.900000000000796 ) );
#8713 = CARTESIAN_POINT( '', ( 130.000000000000, 30.0000000000000, -0.900000000000000 ) );
#8714 = CARTESIAN_POINT( '', ( 141.206754592557, 30.2142857142854, -0.899999999999199 ) );
#8715 = CARTESIAN_POINT( '', ( 151.303691590675, 30.4285714285711, -5.76242858599021 ) );
#8716 = CARTESIAN_POINT( '', ( 161.400628588792, 30.6428571428568, -10.6248571719812 ) );
#8717 = CARTESIAN_POINT( '', ( 168.387925789185, 30.8571428571426, -19.3866507287353 ) );
#8718 = CARTESIAN_POINT( '', ( 175.375222989579, 31.0714285714282, -28.1484442854896 ) );
#8719 = CARTESIAN_POINT( '', ( 177.868960488135, 31.2857142857140, -39.0742221427455 ) );
#8720 = CARTESIAN_POINT( '', ( 180.362697986691, 31.4999999999997, -50.0000000000015 ) );
#8721 = CARTESIAN_POINT( '', ( 177.868960488137, 31.7142857142853, -60.9257778572579 ) );
#8722 = CARTESIAN_POINT( '', ( 175.375222989583, 31.9285714285711, -71.8515557145143 ) );
#8723 = CARTESIAN_POINT( '', ( 168.387925789190, 32.1428571428568, -80.6133492712694 ) );
#8724 = CARTESIAN_POINT( '', ( 161.400628588797, 32.3571428571425, -89.3751428280246 ) );
#8725 = CARTESIAN_POINT( '', ( 151.303691590681, 32.5714285714282, -94.2375714140170 ) );
#8726 = CARTESIAN_POINT( '', ( 141.206754592564, 32.7857142857140, -99.1000000000094 ) );
#8727 = CARTESIAN_POINT( '', ( 130.000000000007, 32.9999999999996, -99.1000000000102 ) );
#8728 = CARTESIAN_POINT( '', ( 118.793245407450, 33.2142857142854, -99.1000000000110 ) );
#8729 = CARTESIAN_POINT( '', ( 108.696308409332, 33.4285714285711, -94.2375714140200 ) );
#8730 = CARTESIAN_POINT( '', ( 98.5993714112152, 33.6428571428568, -89.3751428280290 ) );
#8731 = CARTESIAN_POINT( '', ( 91.6120742108215, 33.8571428571425, -80.6133492712748 ) );
#8732 = CARTESIAN_POINT( '', ( 84.6247770104277, 34.0714285714282, -71.8515557145207 ) );
#8733 = CARTESIAN_POINT( '', ( 82.1310395118717, 34.2857142857139, -60.9257778572647 ) );
#8734 = CARTESIAN_POINT( '', ( 79.6373020133160, 34.4999999999996, -50.0000000000087 ) );
#8735 = CARTESIAN_POINT( '', ( 82.1310395118703, 34.7142857142854, -39.0742221427523 ) );
#8736 = CARTESIAN_POINT( '', ( 84.6247770104246, 34.9285714285711, -28.1484442854960 ) );
#8737 = CARTESIAN_POINT( '', ( 91.6120742108171, 35.1428571428568, -19.3866507287408 ) );
#8738 = CARTESIAN_POINT( '', ( 98.5993714112095, 35.3571428571425, -10.6248571719857 ) );
#8739 = CARTESIAN_POINT( '', ( 108.696308409326, 35.5714285714282, -5.76242858599323 ) );
#8740 = CARTESIAN_POINT( '', ( 118.793245407443, 35.7857142857139, -0.900000000000796 ) );
#8741 = CARTESIAN_POINT( '', ( 130.000000000000, 36.0000000000000, -0.900000000000000 ) );
#8747 = COLOUR_RGB( '', 0.600000023841858, 0.600000023841858, 0.533333361148834 );
#8748 = CARTESIAN_POINT( '', ( 238.000000000004, 34.2499999999996, 7.29999999999490 ) );
#8749 = AXIS2_PLACEMENT_3D( '', #9412, #9413, #9414 );
#8750 = COLOUR_RGB( '', 0.266666680574417, 0.266666680574417, 0.266666680574417 );
#8751 = CARTESIAN_POINT( '', ( 221.000000000004, 41.1000000000000, 10.7999999999949 ) );
#8752 = VECTOR( '', #9415, 1000.00000000000 );
#8753 = COLOUR_RGB( '', 0.266666680574417, 0.266666680574417, 0.266666680574417 );
#8754 = CARTESIAN_POINT( '', ( 203.000000000004, 27.3999999999996, 10.7999999999949 ) );
#8755 = VECTOR( '', #9416, 1000.00000000000 );
#8756 = COLOUR_RGB( '', 0.800000011920929, 0.800000011920929, 0.800000011920929 );
#8757 = CARTESIAN_POINT( '', ( 60.7491153162623, 21.6820194138097, 25.0000000000000 ) );
#8758 = VECTOR( '', #9417, 1000.00000000000 );
#8759 = CARTESIAN_POINT( '', ( 78.7814622569786, 14.0277422603214, 25.0000000000000 ) );
#8760 = VECTOR( '', #9418, 1000.00000000000 );
#8761 = COLOUR_RGB( '', 0.200000002980232, 0.200000002980232, 0.200000002980232 );
#8762 = CARTESIAN_POINT( '', ( -177.000000000000, 2.67818698353642, 3.20000000000000 ) );
#8763 = VECTOR( '', #9419, 1000.00000000000 );
#8764 = COLOUR_RGB( '', 0.800000011920929, 0.800000011920929, 0.800000011920929 );
#8765 = COLOUR_RGB( '', 0.800000011920929, 0.800000011920929, 0.800000011920929 );
#8766 = COLOUR_RGB( '', 0.266666680574417, 0.266666680574417, 0.266666680574417 );
#8767 = CARTESIAN_POINT( '', ( 221.000000000004, 27.3999999999996, 10.7999999999949 ) );
#8768 = VECTOR( '', #9420, 1000.00000000000 );
#8769 = COLOUR_RGB( '', 0.600000023841858, 0.600000023841858, 0.533333361148834 );
#8770 = COLOUR_RGB( '', 0.266666680574417, 0.266666680574417, 0.266666680574417 );
#8771 = CARTESIAN_POINT( '', ( 180.000000000004, 28.9999999999996, 3.99999999999489 ) );
#8772 = VECTOR( '', #9421, 1000.00000000000 );
#8773 = COLOUR_RGB( '', 0.200000002980232, 0.200000002980232, 0.200000002980232 );
#8774 = CARTESIAN_POINT( '', ( -177.000000000000, 0.868962658522386, 3.97468630626844 ) );
#8775 = VECTOR( '', #9422, 1000.00000000000 );
#8776 = COLOUR_RGB( '', 0.800000011920929, 0.800000011920929, 0.800000011920929 );
#8777 = AXIS2_PLACEMENT_3D( '', #9423, #9424, #9425 );
#8778 = COLOUR_RGB( '', 0.200000002980232, 0.200000002980232, 0.200000002980232 );
#8779 = CARTESIAN_POINT( '', ( -175.085786437627, 0.533482813170375, 7.50000000000000 ) );
#8780 = CARTESIAN_POINT( '', ( -175.246370273006, 0.533482813170375, 7.50000000000000 ) );
#8781 = CARTESIAN_POINT( '', ( -175.398137447776, 0.541727325356985, 7.56765235523424 ) );
#8782 = CARTESIAN_POINT( '', ( -175.638560933237, 0.579282156462503, 7.77417435958733 ) );
#8783 = CARTESIAN_POINT( '', ( -175.726120627000, 0.608214336707672, 7.90601756090716 ) );
#8784 = CARTESIAN_POINT( '', ( -175.792893218814, 0.648572308771365, 8.04509262022634 ) );
#8785 = CARTESIAN_POINT( '', ( -210.500000000000, 7.96651718682963, 7.50000000000000 ) );
#8786 = VECTOR( '', #9426, 1000.00000000000 );
#8787 = COLOUR_RGB( '', 0.266666680574417, 0.266666680574417, 0.266666680574417 );
#8788 = CARTESIAN_POINT( '', ( 180.000000000004, 39.5000000000000, 3.99999999999489 ) );
#8789 = VECTOR( '', #9427, 1000.00000000000 );
#8790 = COLOUR_RGB( '', 0.200000002980232, 0.200000002980232, 0.200000002980232 );
#8791 = AXIS2_PLACEMENT_3D( '', #9428, #9429, #9430 );
#8792 = COLOUR_RGB( '', 0.200000002980232, 0.200000002980232, 0.200000002980232 );
#8793 = COLOUR_RGB( '', 0.200000002980232, 0.200000002980232, 0.200000002980232 );
#8794 = COLOUR_RGB( '', 0.800000011920929, 0.800000011920929, 0.800000011920929 );
#8795 = AXIS2_PLACEMENT_3D( '', #9431, #9432, #9433 );
#8796 = COLOUR_RGB( '', 0.200000002980232, 0.200000002980232, 0.200000002980232 );
#8797 = COLOUR_RGB( '', 0.266666680574417, 0.266666680574417, 0.266666680574417 );
#8798 = COLOUR_RGB( '', 0.800000011920929, 0.800000011920929, 0.800000011920929 );
#8799 = AXIS2_PLACEMENT_3D( '', #9434, #9435, #9436 );
#8800 = COLOUR_RGB( '', 0.266666680574417, 0.266666680574417, 0.266666680574417 );
#8801 = COLOUR_RGB( '', 0.200000002980232, 0.200000002980232, 0.200000002980232 );
#8802 = COLOUR_RGB( '', 0.200000002980232, 0.200000002980232, 0.200000002980232 );
#8803 = COLOUR_RGB( '', 0.266666680574417, 0.266666680574417, 0.266666680574417 );
#8804 = COLOUR_RGB( '', 0.800000011920929, 0.800000011920929, 0.800000011920929 );
#8805 = COLOUR_RGB( '', 0.800000011920929, 0.800000011920929, 0.800000011920929 );
#8806 = COLOUR_RGB( '', 0.200000002980232, 0.200000002980232, 0.200000002980232 );
#8807 = COLOUR_RGB( '', 0.800000011920929, 0.800000011920929, 0.800000011920929 );
#8808 = COLOUR_RGB( '', 0.800000011920929, 0.800000011920929, 0.800000011920929 );
#8809 = COLOUR_RGB( '', 0.800000011920929, 0.800000011920929, 0.800000011920929 );
#8810 = COLOUR_RGB( '', 0.800000011920929, 0.800000011920929, 0.800000011920929 );
#8811 = COLOUR_RGB( '', 0.800000011920929, 0.800000011920929, 0.800000011920929 );
#8812 = COLOUR_RGB( '', 0.266666680574417, 0.266666680574417, 0.266666680574417 );
#8813 = AXIS2_PLACEMENT_3D( '', #9437, #9438, #9439 );
#8814 = COLOUR_RGB( '', 0.200000002980232, 0.200000002980232, 0.200000002980232 );
#8815 = COLOUR_RGB( '', 0.266666680574417, 0.266666680574417, 0.266666680574417 );
#8816 = COLOUR_RGB( '', 0.200000002980232, 0.200000002980232, 0.200000002980232 );
#8817 = COLOUR_RGB( '', 0.200000002980232, 0.200000002980232, 0.200000002980232 );
#8818 = COLOUR_RGB( '', 0.266666680574417, 0.266666680574417, 0.266666680574417 );
#8819 = COLOUR_RGB( '', 0.800000011920929, 0.800000011920929, 0.800000011920929 );
#8820 = COLOUR_RGB( '', 0.600000023841858, 0.600000023841858, 0.533333361148834 );
#8821 = COLOUR_RGB( '', 0.200000002980232, 0.200000002980232, 0.200000002980232 );
#8822 = COLOUR_RGB( '', 0.800000011920929, 0.800000011920929, 0.800000011920929 );
#8823 = COLOUR_RGB( '', 0.200000002980232, 0.200000002980232, 0.200000002980232 );
#8824 = DIRECTION( '', ( -1.00000000000000, 0.000000000000000, -1.76709633865350E-017 ) );
#8825 = DIRECTION( '', ( 1.22295745898648E-016, 0.690125477492618, 0.723689730005605 ) );
#8826 = DIRECTION( '', ( 1.00000000000000, 0.000000000000000, 1.76709633865350E-017 ) );
#8827 = DIRECTION( '', ( -1.00000000000000, 0.000000000000000, -1.76709633865350E-017 ) );
#8828 = DIRECTION( '', ( 6.67845946673902E-017, 0.690125477492618, 0.723689730005605 ) );
#8829 = CARTESIAN_POINT( '', ( -78.0000000000000, 12.1867325534165, -3.00000000000000 ) );
#8830 = DIRECTION( '', ( -1.08420217248550E-016, 0.000000000000000, -1.00000000000000 ) );
#8831 = DIRECTION( '', ( -1.00000000000000, 0.000000000000000, 1.08420217248550E-016 ) );
#8832 = DIRECTION( '', ( -1.00000000000000, 0.000000000000000, 1.08420217248550E-016 ) );
#8833 = DIRECTION( '', ( 0.000000000000000, 1.00000000000000, 0.000000000000000 ) );
#8834 = DIRECTION( '', ( 0.920504853452440, 0.390731128489275, -9.98013361896586E-017 ) );
#8835 = DIRECTION( '', ( 1.76709633865350E-017, 0.000000000000000, -1.00000000000000 ) );
#8836 = DIRECTION( '', ( -1.00000000000000, -1.92592994438724E-034, -1.76709633865350E-017 ) );
#8837 = DIRECTION( '', ( 1.76709633865350E-017, 0.000000000000000, -1.00000000000000 ) );
#8838 = DIRECTION( '', ( -1.00000000000000, -1.92592994438724E-034, -1.76709633865350E-017 ) );
#8839 = DIRECTION( '', ( 0.000000000000000, 0.000000000000000, -1.00000000000000 ) );
#8840 = DIRECTION( '', ( 0.000000000000000, 1.00000000000000, 0.000000000000000 ) );
#8841 = CARTESIAN_POINT( '', ( -72.0000000000000, 12.5608606958635, 21.0000000000000 ) );
#8842 = DIRECTION( '', ( 1.00000000000000, 0.000000000000000, 0.000000000000000 ) );
#8843 = DIRECTION( '', ( 0.000000000000000, -1.00000000000000, 0.000000000000000 ) );
#8844 = DIRECTION( '', ( 0.000000000000000, 1.00000000000000, 0.000000000000000 ) );
#8845 = CARTESIAN_POINT( '', ( -170.500000000000, 5.82181301646359, 3.70000000000000 ) );
#8846 = DIRECTION( '', ( 3.52776900765331E-017, 1.00000000000000, 1.21423173173822E-016 ) );
#8847 = DIRECTION( '', ( -1.00000000000000, 3.52776900765331E-017, -1.76709633865350E-017 ) );
#8848 = DIRECTION( '', ( 3.52776900765331E-017, 1.00000000000000, 1.21423173173822E-016 ) );
#8849 = CARTESIAN_POINT( '', ( -170.500000000000, 2.67818698353642, 3.70000000000000 ) );
#8850 = DIRECTION( '', ( 3.52776900765331E-017, 1.00000000000000, 1.21423173173822E-016 ) );
#8851 = DIRECTION( '', ( -1.00000000000000, 3.52776900765331E-017, -1.76709633865350E-017 ) );
#8852 = DIRECTION( '', ( 3.52776900765331E-017, 1.00000000000000, 1.21423173173822E-016 ) );
#8853 = CARTESIAN_POINT( '', ( -174.800000000000, 4.25000000000000, 7.00000000000000 ) );
#8854 = DIRECTION( '', ( -1.00000000000000, 2.14566444743152E-033, -1.76709633865350E-017 ) );
#8855 = DIRECTION( '', ( 0.000000000000000, -1.00000000000000, -1.21423173173822E-016 ) );
#8856 = DIRECTION( '', ( -1.00000000000000, 0.000000000000000, -1.76709633865350E-017 ) );
#8857 = CARTESIAN_POINT( '', ( -169.500000000000, 4.25000000000000, 7.00000000000000 ) );
#8858 = DIRECTION( '', ( -1.00000000000000, 2.14566444743152E-033, -1.76709633865350E-017 ) );
#8859 = DIRECTION( '', ( 0.000000000000000, -1.00000000000000, -1.21423173173822E-016 ) );
#8860 = CARTESIAN_POINT( '', ( -174.800000000000, 4.25000000000000, 7.00000000000000 ) );
#8861 = DIRECTION( '', ( -1.00000000000000, 2.14566444743152E-033, -1.76709633865350E-017 ) );
#8862 = DIRECTION( '', ( 0.000000000000000, -1.00000000000000, -1.21423173173822E-016 ) );
#8863 = DIRECTION( '', ( -1.00000000000000, 0.000000000000000, -1.76709633865350E-017 ) );
#8864 = CARTESIAN_POINT( '', ( -169.500000000000, 4.25000000000000, 7.00000000000000 ) );
#8865 = DIRECTION( '', ( -1.00000000000000, 2.14566444743152E-033, -1.76709633865350E-017 ) );
#8866 = DIRECTION( '', ( 0.000000000000000, -1.00000000000000, -1.21423173173822E-016 ) );
#8867 = DIRECTION( '', ( -1.00000000000000, 0.000000000000000, -1.76709633865350E-017 ) );
#8868 = CARTESIAN_POINT( '', ( -160.300000000000, 4.25000000000000, 7.00000000000000 ) );
#8869 = DIRECTION( '', ( -1.00000000000000, 2.14566444743152E-033, -1.76709633865350E-017 ) );
#8870 = DIRECTION( '', ( 0.000000000000000, -1.00000000000000, -1.21423173173822E-016 ) );
#8871 = CARTESIAN_POINT( '', ( -120.000000000000, 4.25000000000000, 0.900000000000000 ) );
#8872 = DIRECTION( '', ( 1.00000000000000, 1.92592994438724E-034, 1.76709633865350E-017 ) );
#8873 = DIRECTION( '', ( -1.92592994438724E-034, 1.00000000000000, 2.33977133034551E-050 ) );
#8874 = CARTESIAN_POINT( '', ( -80.0000000000000, 4.25000000000000, 0.900000000000000 ) );
#8875 = DIRECTION( '', ( 1.00000000000000, 1.92592994438724E-034, 1.76709633865350E-017 ) );
#8876 = DIRECTION( '', ( -1.92592994438724E-034, 1.00000000000000, 2.33977133034551E-050 ) );
#8877 = DIRECTION( '', ( -1.00000000000000, -1.92592994438724E-034, -1.76709633865350E-017 ) );
#8878 = CARTESIAN_POINT( '', ( 76.0000000000000, 1.49999999999998, -21.0000000000000 ) );
#8879 = DIRECTION( '', ( 0.000000000000000, -1.00000000000000, 0.000000000000000 ) );
#8880 = DIRECTION( '', ( 0.000000000000000, 0.000000000000000, -1.00000000000000 ) );
#8881 = DIRECTION( '', ( 0.000000000000000, 0.000000000000000, -1.00000000000000 ) );
#8882 = CARTESIAN_POINT( '', ( 76.0000000000000, 1.49999999999998, -21.0000000000000 ) );
#8883 = DIRECTION( '', ( 0.000000000000000, -1.00000000000000, 0.000000000000000 ) );
#8884 = DIRECTION( '', ( 0.000000000000000, 0.000000000000000, -1.00000000000000 ) );
#8885 = DIRECTION( '', ( 0.000000000000000, 0.000000000000000, 1.00000000000000 ) );
#8886 = DIRECTION( '', ( -1.00000000000000, 0.000000000000000, 0.000000000000000 ) );
#8887 = DIRECTION( '', ( 0.000000000000000, 0.000000000000000, 1.00000000000000 ) );
#8888 = CARTESIAN_POINT( '', ( 76.0000000000000, 1.49999999999998, -21.0000000000000 ) );
#8889 = DIRECTION( '', ( 0.000000000000000, 1.00000000000000, 0.000000000000000 ) );
#8890 = DIRECTION( '', ( 0.000000000000000, 0.000000000000000, -1.00000000000000 ) );
#8891 = DIRECTION( '', ( 1.00000000000000, 0.000000000000000, 0.000000000000000 ) );
#8892 = DIRECTION( '', ( 0.000000000000000, 0.000000000000000, -1.00000000000000 ) );
#8893 = CARTESIAN_POINT( '', ( 130.000000000000, 4.25000000000000, 0.900000000000000 ) );
#8894 = DIRECTION( '', ( -1.00000000000000, 0.000000000000000, 0.000000000000000 ) );
#8895 = DIRECTION( '', ( 0.000000000000000, 0.000000000000000, 1.00000000000000 ) );
#8896 = CARTESIAN_POINT( '', ( 130.000000000003, 34.2499999999996, 0.899999999994896 ) );
#8897 = DIRECTION( '', ( -1.00000000000000, 0.000000000000000, 0.000000000000000 ) );
#8898 = DIRECTION( '', ( 0.000000000000000, 0.000000000000000, 1.00000000000000 ) );
#8899 = CARTESIAN_POINT( '', ( 72.0000000000000, 12.1867325534165, -3.12250225675825E-014 ) );
#8900 = DIRECTION( '', ( 0.000000000000000, -1.00000000000000, 0.000000000000000 ) );
#8901 = DIRECTION( '', ( 0.000000000000000, 0.000000000000000, 1.00000000000000 ) );
#8902 = DIRECTION( '', ( -1.00000000000000, 0.000000000000000, 0.000000000000000 ) );
#8903 = DIRECTION( '', ( 0.000000000000000, 0.000000000000000, 1.00000000000000 ) );
#8904 = DIRECTION( '', ( 1.00000000000000, 0.000000000000000, 1.08420217248550E-016 ) );
#8905 = CARTESIAN_POINT( '', ( 231.000000000004, 34.2499999999996, -9.30000000000510 ) );
#8906 = DIRECTION( '', ( 1.00000000000000, 0.000000000000000, 0.000000000000000 ) );
#8907 = DIRECTION( '', ( 0.000000000000000, 0.000000000000000, -1.00000000000000 ) );
#8908 = CARTESIAN_POINT( '', ( 231.000000000004, 34.2499999999996, -9.30000000000510 ) );
#8909 = DIRECTION( '', ( 1.00000000000000, 0.000000000000000, 0.000000000000000 ) );
#8910 = DIRECTION( '', ( 0.000000000000000, 0.000000000000000, -1.00000000000000 ) );
#8911 = DIRECTION( '', ( 0.000000000000000, 0.000000000000000, 1.00000000000000 ) );
#8912 = DIRECTION( '', ( 1.00000000000000, 0.000000000000000, 0.000000000000000 ) );
#8913 = DIRECTION( '', ( 0.000000000000000, 0.000000000000000, 1.00000000000000 ) );
#8914 = DIRECTION( '', ( 1.00000000000000, 0.000000000000000, 0.000000000000000 ) );
#8915 = CARTESIAN_POINT( '', ( 72.0000000000000, 12.5608606958635, -21.0000000000000 ) );
#8916 = DIRECTION( '', ( -1.00000000000000, 0.000000000000000, 0.000000000000000 ) );
#8917 = DIRECTION( '', ( 0.000000000000000, -1.00000000000000, 0.000000000000000 ) );
#8918 = DIRECTION( '', ( -0.920504853452440, 0.390731128489275, 0.000000000000000 ) );
#8919 = CARTESIAN_POINT( '', ( 59.1861908023052, 18.0000000000000, -21.0000000000000 ) );
#8920 = DIRECTION( '', ( -0.920504853452440, 0.390731128489275, 3.53254798876170E-015 ) );
#8921 = DIRECTION( '', ( -0.390731128489275, -0.920504853452440, 0.000000000000000 ) );
#8922 = DIRECTION( '', ( -0.920504853452440, 0.390731128489275, 0.000000000000000 ) );
#8923 = DIRECTION( '', ( -0.920504853452440, 0.390731128489275, -9.98013361896586E-017 ) );
#8924 = DIRECTION( '', ( 0.000000000000000, 1.00000000000000, 0.000000000000000 ) );
#8925 = CARTESIAN_POINT( '', ( 78.0000000000000, 12.1867325534165, -3.00000000000000 ) );
#8926 = DIRECTION( '', ( -1.08420217248550E-016, 0.000000000000000, 1.00000000000000 ) );
#8927 = DIRECTION( '', ( 1.00000000000000, 0.000000000000000, 1.08420217248550E-016 ) );
#8928 = CARTESIAN_POINT( '', ( -175.085786437627, 1.23080752352521, 9.68025095498524 ) );
#8929 = DIRECTION( '', ( -3.66255965113364E-016, -0.690125477492619, -0.723689730005605 ) );
#8930 = DIRECTION( '', ( 1.49401874300010E-017, -0.723689730005605, 0.690125477492619 ) );
#8931 = CARTESIAN_POINT( '', ( -175.085786437627, 2.67818698353642, 8.30000000000000 ) );
#8932 = DIRECTION( '', ( 1.00000000000000, -2.14566444743152E-033, 1.76709633865350E-017 ) );
#8933 = DIRECTION( '', ( 0.000000000000000, 1.00000000000000, 1.21423173173822E-016 ) );
#8934 = CARTESIAN_POINT( '', ( -175.085786437627, 2.67818698353642, 10.3000000000000 ) );
#8935 = DIRECTION( '', ( -3.52776900765331E-017, -1.00000000000000, -1.21423173173822E-016 ) );
#8936 = DIRECTION( '', ( 1.00000000000000, -3.52776900765331E-017, 1.76709633865350E-017 ) );
#8937 = CARTESIAN_POINT( '', ( -175.792893218814, 2.67818698353642, 8.30000000000000 ) );
#8938 = DIRECTION( '', ( 1.00000000000000, -2.14566444743152E-033, 1.76709633865350E-017 ) );
#8939 = DIRECTION( '', ( 0.000000000000000, 1.00000000000000, 1.21423173173822E-016 ) );
#8940 = CARTESIAN_POINT( '', ( -120.000000000000, 4.25000000000000, 7.90000000000000 ) );
#8941 = DIRECTION( '', ( -1.00000000000000, -1.92592994438724E-034, -1.76709633865350E-017 ) );
#8942 = DIRECTION( '', ( 1.92592994438724E-034, -1.00000000000000, -2.33977133034551E-050 ) );
#8943 = DIRECTION( '', ( 1.00000000000000, 1.92592994438724E-034, 1.76709633865350E-017 ) );
#8944 = CARTESIAN_POINT( '', ( -160.000000000000, 4.25000000000000, 7.90000000000000 ) );
#8945 = DIRECTION( '', ( -1.00000000000000, -1.92592994438724E-034, -1.76709633865350E-017 ) );
#8946 = DIRECTION( '', ( 1.92592994438724E-034, -1.00000000000000, -2.33977133034551E-050 ) );
#8947 = DIRECTION( '', ( 1.00000000000000, 1.92592994438724E-034, 1.76709633865350E-017 ) );
#8948 = CARTESIAN_POINT( '', ( -169.500000000000, 2.67818698353642, 5.70000000000000 ) );
#8949 = DIRECTION( '', ( -1.00000000000000, 2.14566444743152E-033, -1.76709633865350E-017 ) );
#8950 = DIRECTION( '', ( 0.000000000000000, -1.00000000000000, -1.21423173173822E-016 ) );
#8951 = CARTESIAN_POINT( '', ( -170.500000000000, 1.23080752352520, 4.31974904501477 ) );
#8952 = DIRECTION( '', ( -1.80925292495822E-017, 0.690125477492618, -0.723689730005605 ) );
#8953 = DIRECTION( '', ( -6.60003914434163E-017, -0.723689730005605, -0.690125477492618 ) );
#8954 = CARTESIAN_POINT( '', ( -170.500000000000, 2.67818698353642, 5.70000000000000 ) );
#8955 = DIRECTION( '', ( -1.00000000000000, 2.14566444743152E-033, -1.76709633865350E-017 ) );
#8956 = DIRECTION( '', ( 0.000000000000000, -1.00000000000000, -1.21423173173822E-016 ) );
#8957 = CARTESIAN_POINT( '', ( -76.0000000000000, 8.00000000000000, -21.0000000000000 ) );
#8958 = DIRECTION( '', ( 1.03172544399673E-016, -1.00000000000000, 0.000000000000000 ) );
#8959 = DIRECTION( '', ( 1.00000000000000, 1.03172544399673E-016, 0.000000000000000 ) );
#8960 = DIRECTION( '', ( 1.02718508064686E-015, -1.00000000000000, 0.000000000000000 ) );
#8961 = CARTESIAN_POINT( '', ( -76.0000000000000, -2.08189955855050E-014, -21.0000000000000 ) );
#8962 = DIRECTION( '', ( 0.000000000000000, 1.00000000000000, 0.000000000000000 ) );
#8963 = DIRECTION( '', ( 0.000000000000000, 0.000000000000000, 1.00000000000000 ) );
#8964 = DIRECTION( '', ( 1.02718508064686E-015, -1.00000000000000, 0.000000000000000 ) );
#8965 = DIRECTION( '', ( 0.000000000000000, 0.000000000000000, -1.00000000000000 ) );
#8966 = DIRECTION( '', ( 0.000000000000000, 1.00000000000000, 0.000000000000000 ) );
#8967 = DIRECTION( '', ( 0.000000000000000, 0.000000000000000, -1.00000000000000 ) );
#8968 = DIRECTION( '', ( 0.000000000000000, 0.000000000000000, 1.00000000000000 ) );
#8969 = DIRECTION( '', ( 0.000000000000000, 0.000000000000000, -1.00000000000000 ) );
#8970 = DIRECTION( '', ( 1.02718508064686E-015, -1.00000000000000, 0.000000000000000 ) );
#8971 = CARTESIAN_POINT( '', ( 76.0000000000000, 8.00000000000000, 21.0000000000000 ) );
#8972 = DIRECTION( '', ( 2.06345088799347E-016, -1.00000000000000, 0.000000000000000 ) );
#8973 = DIRECTION( '', ( 1.00000000000000, 2.06345088799347E-016, 0.000000000000000 ) );
#8974 = DIRECTION( '', ( 1.02718508064686E-015, 1.00000000000000, 0.000000000000000 ) );
#8975 = CARTESIAN_POINT( '', ( 76.0000000000000, -2.08189955855050E-014, 21.0000000000000 ) );
#8976 = DIRECTION( '', ( 0.000000000000000, 1.00000000000000, 0.000000000000000 ) );
#8977 = DIRECTION( '', ( 0.000000000000000, 0.000000000000000, 1.00000000000000 ) );
#8978 = DIRECTION( '', ( 1.02718508064686E-015, 1.00000000000000, 0.000000000000000 ) );
#8979 = CARTESIAN_POINT( '', ( 72.0000000000000, 16.9063022054847, -3.12250225675825E-014 ) );
#8980 = DIRECTION( '', ( -0.390731128489275, -0.920504853452440, 0.000000000000000 ) );
#8981 = DIRECTION( '', ( -0.920504853452440, 0.390731128489275, 0.000000000000000 ) );
#8982 = DIRECTION( '', ( 0.000000000000000, 1.00000000000000, 0.000000000000000 ) );
#8983 = DIRECTION( '', ( -1.00000000000000, 0.000000000000000, -1.76709633865350E-017 ) );
#8984 = DIRECTION( '', ( 3.52776900765331E-017, 1.00000000000000, 1.21423173173822E-016 ) );
#8985 = DIRECTION( '', ( -1.00000000000000, 0.000000000000000, -1.76709633865350E-017 ) );
#8986 = CARTESIAN_POINT( '', ( -210.500000000000, 4.25000000000000, 7.00000000000000 ) );
#8987 = DIRECTION( '', ( -1.00000000000000, 2.14566444743152E-033, -1.76709633865350E-017 ) );
#8988 = DIRECTION( '', ( 0.000000000000000, -1.00000000000000, -1.21423173173822E-016 ) );
#8989 = CARTESIAN_POINT( '', ( -210.200000000000, 4.25000000000000, 7.00000000000000 ) );
#8990 = DIRECTION( '', ( -1.00000000000000, 2.14566444743152E-033, -1.76709633865350E-017 ) );
#8991 = DIRECTION( '', ( 0.000000000000000, -1.00000000000000, -1.21423173173822E-016 ) );
#8992 = DIRECTION( '', ( 0.000000000000000, 0.000000000000000, -1.00000000000000 ) );
#8993 = DIRECTION( '', ( 1.00000000000000, 0.000000000000000, 0.000000000000000 ) );
#8994 = DIRECTION( '', ( 0.000000000000000, 0.000000000000000, -1.00000000000000 ) );
#8995 = DIRECTION( '', ( 1.00000000000000, 0.000000000000000, 0.000000000000000 ) );
#8996 = CARTESIAN_POINT( '', ( -174.500000000000, 4.25000000000000, 7.00000000000000 ) );
#8997 = DIRECTION( '', ( -1.00000000000000, 2.14566444743152E-033, -1.76709633865350E-017 ) );
#8998 = DIRECTION( '', ( 0.000000000000000, -1.00000000000000, -1.21423173173822E-016 ) );
#8999 = CARTESIAN_POINT( '', ( -174.800000000000, 4.25000000000000, 7.00000000000000 ) );
#9000 = DIRECTION( '', ( -1.00000000000000, 2.14566444743152E-033, -1.76709633865350E-017 ) );
#9001 = DIRECTION( '', ( 0.000000000000000, -1.00000000000000, -1.21423173173822E-016 ) );
#9002 = DIRECTION( '', ( -1.00000000000000, 0.000000000000000, -1.76709633865350E-017 ) );
#9003 = CARTESIAN_POINT( '', ( -175.085786437627, 5.82181301646359, 8.30000000000000 ) );
#9004 = DIRECTION( '', ( 1.00000000000000, -2.14566444743152E-033, 1.76709633865350E-017 ) );
#9005 = DIRECTION( '', ( 0.000000000000000, 1.00000000000000, 1.21423173173822E-016 ) );
#9006 = DIRECTION( '', ( -1.00000000000000, 0.000000000000000, -1.76709633865350E-017 ) );
#9007 = CARTESIAN_POINT( '', ( -170.500000000000, 5.82181301646359, 8.30000000000000 ) );
#9008 = DIRECTION( '', ( -1.00000000000000, 2.14566444743152E-033, -1.76709633865350E-017 ) );
#9009 = DIRECTION( '', ( 0.000000000000000, -1.00000000000000, -1.21423173173822E-016 ) );
#9010 = DIRECTION( '', ( 0.000000000000000, 0.000000000000000, -1.00000000000000 ) );
#9011 = CARTESIAN_POINT( '', ( -78.0000000000000, 12.1867325534165, -21.0000000000000 ) );
#9012 = DIRECTION( '', ( 0.000000000000000, 0.000000000000000, 1.00000000000000 ) );
#9013 = DIRECTION( '', ( 1.00000000000000, 0.000000000000000, 0.000000000000000 ) );
#9014 = CARTESIAN_POINT( '', ( -76.0000000000000, 10.8629614310251, -21.0000000000000 ) );
#9015 = DIRECTION( '', ( -0.751130624181014, -0.660153607441057, 0.000000000000000 ) );
#9016 = DIRECTION( '', ( 0.660153607441057, -0.751130624181014, 0.000000000000000 ) );
#9017 = CARTESIAN_POINT( '', ( -76.0000000000000, 10.8629614310251, -21.0000000000000 ) );
#9018 = DIRECTION( '', ( -0.314184483244529, -0.949361949147093, 0.000000000000000 ) );
#9019 = DIRECTION( '', ( 0.949361949147093, -0.314184483244529, 0.000000000000000 ) );
#9020 = DIRECTION( '', ( 8.51004163323053E-017, -0.690125477492618, 0.723689730005605 ) );
#9021 = CARTESIAN_POINT( '', ( -175.085786437627, 7.26919247647480, 9.68025095498525 ) );
#9022 = DIRECTION( '', ( 1.80925292495822E-017, -0.690125477492618, 0.723689730005605 ) );
#9023 = DIRECTION( '', ( 6.60003914434163E-017, 0.723689730005605, 0.690125477492618 ) );
#9024 = DIRECTION( '', ( -7.36036804808401E-017, 0.690125477492618, -0.723689730005605 ) );
#9025 = DIRECTION( '', ( 0.000000000000000, 1.00000000000000, 0.000000000000000 ) );
#9026 = DIRECTION( '', ( 1.00000000000000, 0.000000000000000, 0.000000000000000 ) );
#9027 = CARTESIAN_POINT( '', ( -78.0000000000000, 12.1867325534165, 3.00000000000000 ) );
#9028 = DIRECTION( '', ( 0.000000000000000, 0.000000000000000, 1.00000000000000 ) );
#9029 = DIRECTION( '', ( 1.00000000000000, 0.000000000000000, 0.000000000000000 ) );
#9030 = DIRECTION( '', ( -0.920504853452440, -0.390731128489275, 0.000000000000000 ) );
#9031 = DIRECTION( '', ( 0.000000000000000, -0.707106781186551, -0.707106781186544 ) );
#9032 = DIRECTION( '', ( -1.76709633865350E-017, 0.000000000000000, 1.00000000000000 ) );
#9033 = DIRECTION( '', ( -1.76709633865350E-017, 0.000000000000000, 1.00000000000000 ) );
#9034 = DIRECTION( '', ( 1.00000000000000, 1.92592994438724E-034, 1.76709633865350E-017 ) );
#9035 = DIRECTION( '', ( 0.707106781186552, -0.511725915562022, 0.487992405004632 ) );
#9036 = CARTESIAN_POINT( '', ( -175.792893218814, 5.82181301646359, 5.70000000000000 ) );
#9037 = DIRECTION( '', ( 1.00000000000000, -2.14566444743152E-033, 1.76709633865350E-017 ) );
#9038 = DIRECTION( '', ( 0.000000000000000, 1.00000000000000, 1.21423173173822E-016 ) );
#9039 = DIRECTION( '', ( 0.707106781186544, 3.18977852568851E-017, 0.707106781186551 ) );
#9040 = DIRECTION( '', ( -1.00000000000000, 0.000000000000000, -1.76709633865350E-017 ) );
#9041 = CARTESIAN_POINT( '', ( -175.085786437627, 2.67818698353642, 5.70000000000000 ) );
#9042 = DIRECTION( '', ( 1.00000000000000, -2.14566444743152E-033, 1.76709633865350E-017 ) );
#9043 = DIRECTION( '', ( 0.000000000000000, 1.00000000000000, 1.21423173173822E-016 ) );
#9044 = CARTESIAN_POINT( '', ( -169.500000000000, 5.82181301646359, 5.70000000000000 ) );
#9045 = DIRECTION( '', ( -1.00000000000000, 2.14566444743152E-033, -1.76709633865350E-017 ) );
#9046 = DIRECTION( '', ( 0.000000000000000, -1.00000000000000, -1.21423173173822E-016 ) );
#9047 = DIRECTION( '', ( -1.00000000000000, -2.06345088799347E-016, 0.000000000000000 ) );
#9048 = DIRECTION( '', ( 0.000000000000000, 1.00000000000000, 0.000000000000000 ) );
#9049 = DIRECTION( '', ( 0.000000000000000, 1.00000000000000, 0.000000000000000 ) );
#9050 = DIRECTION( '', ( 1.00000000000000, 0.000000000000000, 0.000000000000000 ) );
#9051 = DIRECTION( '', ( -1.00000000000000, -1.03172544399673E-016, 0.000000000000000 ) );
#9052 = DIRECTION( '', ( -0.707106781186546, -0.707106781186549, 0.000000000000000 ) );
#9053 = DIRECTION( '', ( 1.15648231731788E-015, -1.00000000000000, 0.000000000000000 ) );
#9054 = DIRECTION( '', ( -1.00000000000000, 0.000000000000000, 0.000000000000000 ) );
#9055 = DIRECTION( '', ( 0.000000000000000, 1.00000000000000, 0.000000000000000 ) );
#9056 = DIRECTION( '', ( -0.707106781186548, 0.707106781186547, 0.000000000000000 ) );
#9057 = DIRECTION( '', ( -1.80925292495822E-017, 0.690125477492618, -0.723689730005605 ) );
#9058 = DIRECTION( '', ( 1.00000000000000, 0.000000000000000, 1.76709633865350E-017 ) );
#9059 = DIRECTION( '', ( 3.74186219816757E-017, 0.690125477492618, -0.723689730005605 ) );
#9060 = DIRECTION( '', ( 0.000000000000000, 0.707106781186546, 0.707106781186549 ) );
#9061 = DIRECTION( '', ( -1.00000000000000, 0.000000000000000, 0.000000000000000 ) );
#9062 = DIRECTION( '', ( 0.000000000000000, -0.707106781186546, -0.707106781186549 ) );
#9063 = DIRECTION( '', ( -1.00000000000000, 0.000000000000000, 0.000000000000000 ) );
#9064 = CARTESIAN_POINT( '', ( -80.0000000000000, 4.25000000000000, 9.23678969958503E-016 ) );
#9065 = DIRECTION( '', ( 1.00000000000000, 1.92592994438724E-034, 1.76709633865350E-017 ) );
#9066 = DIRECTION( '', ( -1.92592994438724E-034, 1.00000000000000, 2.33977133034551E-050 ) );
#9067 = CARTESIAN_POINT( '', ( -159.000000000000, 4.25000000000000, 7.00000000000000 ) );
#9068 = DIRECTION( '', ( -1.00000000000000, -1.92592994438724E-034, -1.76709633865350E-017 ) );
#9069 = DIRECTION( '', ( 1.92592994438724E-034, -1.00000000000000, -2.33977133034551E-050 ) );
#9070 = DIRECTION( '', ( 1.02718508064686E-015, -1.00000000000000, 0.000000000000000 ) );
#9071 = CARTESIAN_POINT( '', ( 76.0000000000000, 10.8629614310251, 21.0000000000000 ) );
#9072 = DIRECTION( '', ( 0.751130624181016, -0.660153607441054, 0.000000000000000 ) );
#9073 = DIRECTION( '', ( -0.660153607441054, -0.751130624181016, 0.000000000000000 ) );
#9074 = DIRECTION( '', ( -0.920504853452440, 0.390731128489275, 0.000000000000000 ) );
#9075 = CARTESIAN_POINT( '', ( 59.1861908023052, 18.0000000000000, 21.0000000000000 ) );
#9076 = DIRECTION( '', ( -0.920504853452439, 0.390731128489277, 0.000000000000000 ) );
#9077 = DIRECTION( '', ( -0.390731128489277, -0.920504853452439, 0.000000000000000 ) );
#9078 = DIRECTION( '', ( -0.920504853452440, 0.390731128489275, 0.000000000000000 ) );
#9079 = CARTESIAN_POINT( '', ( -120.000000000000, 4.25000000000000, -0.900000000000000 ) );
#9080 = DIRECTION( '', ( 1.00000000000000, 1.92592994438724E-034, 1.76709633865350E-017 ) );
#9081 = DIRECTION( '', ( -1.92592994438724E-034, 1.00000000000000, 2.33977133034551E-050 ) );
#9082 = CARTESIAN_POINT( '', ( -120.000000000000, 4.25000000000000, 6.10000000000000 ) );
#9083 = DIRECTION( '', ( -1.00000000000000, -1.92592994438724E-034, -1.76709633865350E-017 ) );
#9084 = DIRECTION( '', ( 1.92592994438724E-034, -1.00000000000000, -2.33977133034551E-050 ) );
#9085 = CARTESIAN_POINT( '', ( -59.1861908023052, 18.0000000000000, 21.0000000000000 ) );
#9086 = DIRECTION( '', ( 0.920504853452440, 0.390731128489275, 0.000000000000000 ) );
#9087 = DIRECTION( '', ( -0.390731128489275, 0.920504853452440, 0.000000000000000 ) );
#9088 = CARTESIAN_POINT( '', ( -59.1861908023052, 18.0000000000000, 21.0000000000000 ) );
#9089 = DIRECTION( '', ( -1.00000000000000, 0.000000000000000, 0.000000000000000 ) );
#9090 = DIRECTION( '', ( 0.000000000000000, 0.000000000000000, 1.00000000000000 ) );
#9091 = CARTESIAN_POINT( '', ( -59.1861908023052, 18.0000000000000, 21.0000000000000 ) );
#9092 = DIRECTION( '', ( 0.000000000000000, 0.000000000000000, 1.00000000000000 ) );
#9093 = DIRECTION( '', ( 1.00000000000000, 0.000000000000000, 0.000000000000000 ) );
#9094 = DIRECTION( '', ( -0.920504853452440, -0.390731128489275, 0.000000000000000 ) );
#9095 = CARTESIAN_POINT( '', ( 183.000000000004, 34.2499999999996, -4.00000000000511 ) );
#9096 = DIRECTION( '', ( -1.00000000000000, 0.000000000000000, 0.000000000000000 ) );
#9097 = DIRECTION( '', ( 0.000000000000000, 0.000000000000000, 1.00000000000000 ) );
#9098 = DIRECTION( '', ( 1.00000000000000, 0.000000000000000, 0.000000000000000 ) );
#9099 = CARTESIAN_POINT( '', ( 180.000000000004, 34.2499999999996, -4.00000000000511 ) );
#9100 = DIRECTION( '', ( -1.00000000000000, 0.000000000000000, 0.000000000000000 ) );
#9101 = DIRECTION( '', ( 0.000000000000000, 0.000000000000000, 1.00000000000000 ) );
#9102 = DIRECTION( '', ( 1.00000000000000, 0.000000000000000, 0.000000000000000 ) );
#9103 = CARTESIAN_POINT( '', ( -160.000000000000, 4.25000000000000, 7.00000000000000 ) );
#9104 = DIRECTION( '', ( -1.00000000000000, 0.000000000000000, -1.76709633865350E-017 ) );
#9105 = DIRECTION( '', ( -1.76709633865350E-017, 0.000000000000000, 1.00000000000000 ) );
#9106 = CARTESIAN_POINT( '', ( -174.800000000000, 4.25000000000000, 7.00000000000000 ) );
#9107 = DIRECTION( '', ( -1.00000000000000, 2.14566444743152E-033, -1.76709633865350E-017 ) );
#9108 = DIRECTION( '', ( 0.000000000000000, -1.00000000000000, -1.21423173173822E-016 ) );
#9109 = DIRECTION( '', ( 1.00000000000000, 0.000000000000000, 1.76709633865350E-017 ) );
#9110 = CARTESIAN_POINT( '', ( -172.465331941755, 4.25000000000000, 7.00000000000000 ) );
#9111 = DIRECTION( '', ( -0.707106781186544, -0.511725915562028, 0.487992405004637 ) );
#9112 = DIRECTION( '', ( -0.707106781186551, 0.511725915562022, -0.487992405004632 ) );
#9113 = CARTESIAN_POINT( '', ( -173.200000000000, 4.25000000000000, 7.00000000000000 ) );
#9114 = DIRECTION( '', ( -0.707106781186551, 3.18977852568848E-017, 0.707106781186544 ) );
#9115 = DIRECTION( '', ( -0.707106781186544, -3.18977852568851E-017, -0.707106781186551 ) );
#9116 = CARTESIAN_POINT( '', ( -172.465331941755, 4.25000000000000, 7.00000000000000 ) );
#9117 = DIRECTION( '', ( -0.707106781186544, 0.511725915562028, 0.487992405004637 ) );
#9118 = DIRECTION( '', ( -0.707106781186551, -0.511725915562022, -0.487992405004632 ) );
#9119 = DIRECTION( '', ( 0.000000000000000, 1.00000000000000, 0.000000000000000 ) );
#9120 = DIRECTION( '', ( 0.000000000000000, 1.00000000000000, 0.000000000000000 ) );
#9121 = CARTESIAN_POINT( '', ( 76.0000000000000, -2.08166817117217E-014, -21.0000000000000 ) );
#9122 = DIRECTION( '', ( 0.000000000000000, 1.00000000000000, 0.000000000000000 ) );
#9123 = DIRECTION( '', ( 0.000000000000000, 0.000000000000000, 1.00000000000000 ) );
#9124 = DIRECTION( '', ( -1.02718508064686E-015, -1.00000000000000, 0.000000000000000 ) );
#9125 = DIRECTION( '', ( 0.000000000000000, 0.000000000000000, -1.00000000000000 ) );
#9126 = CARTESIAN_POINT( '', ( 180.000000000004, 34.2499999999996, -0.900000000005104 ) );
#9127 = DIRECTION( '', ( -1.00000000000000, 0.000000000000000, 0.000000000000000 ) );
#9128 = DIRECTION( '', ( 0.000000000000000, 0.000000000000000, 1.00000000000000 ) );
#9129 = CARTESIAN_POINT( '', ( 130.000000000003, 34.2499999999996, -0.900000000005104 ) );
#9130 = DIRECTION( '', ( -1.00000000000000, 0.000000000000000, 0.000000000000000 ) );
#9131 = DIRECTION( '', ( 0.000000000000000, 0.000000000000000, 1.00000000000000 ) );
#9132 = DIRECTION( '', ( 1.00000000000000, 0.000000000000000, 0.000000000000000 ) );
#9133 = DIRECTION( '', ( 1.02718508064686E-015, 1.00000000000000, 0.000000000000000 ) );
#9134 = DIRECTION( '', ( 1.02718508064686E-015, 1.00000000000000, 0.000000000000000 ) );
#9135 = CARTESIAN_POINT( '', ( 76.0000000000000, 10.8629614310251, 21.0000000000000 ) );
#9136 = DIRECTION( '', ( 0.314184483244529, -0.949361949147093, 0.000000000000000 ) );
#9137 = DIRECTION( '', ( -0.949361949147093, -0.314184483244529, 0.000000000000000 ) );
#9138 = DIRECTION( '', ( -1.00000000000000, 0.000000000000000, -1.76709633865350E-017 ) );
#9139 = CARTESIAN_POINT( '', ( -170.500000000000, 5.82181301646359, 5.70000000000000 ) );
#9140 = DIRECTION( '', ( -1.00000000000000, 2.14566444743152E-033, -1.76709633865350E-017 ) );
#9141 = DIRECTION( '', ( 0.000000000000000, -1.00000000000000, -1.21423173173822E-016 ) );
#9142 = CARTESIAN_POINT( '', ( -175.085786437627, 5.82181301646359, 5.70000000000000 ) );
#9143 = DIRECTION( '', ( 1.00000000000000, -2.14566444743152E-033, 1.76709633865350E-017 ) );
#9144 = DIRECTION( '', ( 0.000000000000000, 1.00000000000000, 1.21423173173822E-016 ) );
#9145 = DIRECTION( '', ( 0.000000000000000, 0.000000000000000, -1.00000000000000 ) );
#9146 = DIRECTION( '', ( 0.000000000000000, 0.000000000000000, -1.00000000000000 ) );
#9147 = DIRECTION( '', ( 1.00000000000000, 0.000000000000000, 0.000000000000000 ) );
#9148 = DIRECTION( '', ( -1.00000000000000, 0.000000000000000, -1.76709633865350E-017 ) );
#9149 = CARTESIAN_POINT( '', ( -170.500000000000, 2.67818698353642, 8.30000000000000 ) );
#9150 = DIRECTION( '', ( -1.00000000000000, 2.14566444743152E-033, -1.76709633865350E-017 ) );
#9151 = DIRECTION( '', ( 0.000000000000000, -1.00000000000000, -1.21423173173822E-016 ) );
#9152 = DIRECTION( '', ( -1.00000000000000, -2.06345088799347E-016, 0.000000000000000 ) );
#9153 = DIRECTION( '', ( -0.707106781186548, 0.707106781186547, 0.000000000000000 ) );
#9154 = DIRECTION( '', ( 0.000000000000000, 1.00000000000000, 0.000000000000000 ) );
#9155 = DIRECTION( '', ( -1.00000000000000, 0.000000000000000, 0.000000000000000 ) );
#9156 = DIRECTION( '', ( 1.15648231731788E-015, -1.00000000000000, 0.000000000000000 ) );
#9157 = DIRECTION( '', ( -0.707106781186546, -0.707106781186549, 0.000000000000000 ) );
#9158 = DIRECTION( '', ( -1.00000000000000, -1.03172544399673E-016, 0.000000000000000 ) );
#9159 = DIRECTION( '', ( 0.000000000000000, 1.00000000000000, 0.000000000000000 ) );
#9160 = DIRECTION( '', ( 1.00000000000000, 0.000000000000000, -4.33680868994202E-016 ) );
#9161 = DIRECTION( '', ( 1.02718508064686E-015, -1.00000000000000, 0.000000000000000 ) );
#9162 = DIRECTION( '', ( 1.00000000000000, 0.000000000000000, 0.000000000000000 ) );
#9163 = CARTESIAN_POINT( '', ( -210.200000000000, 4.25000000000000, 7.00000000000000 ) );
#9164 = DIRECTION( '', ( -1.00000000000000, 2.14566444743152E-033, -1.76709633865350E-017 ) );
#9165 = DIRECTION( '', ( 0.000000000000000, -1.00000000000000, -1.21423173173822E-016 ) );
#9166 = DIRECTION( '', ( 0.000000000000000, -0.707106781186551, 0.707106781186544 ) );
#9167 = DIRECTION( '', ( -1.00000000000000, 0.000000000000000, 0.000000000000000 ) );
#9168 = DIRECTION( '', ( 0.000000000000000, 0.707106781186551, -0.707106781186544 ) );
#9169 = DIRECTION( '', ( -1.00000000000000, 0.000000000000000, 0.000000000000000 ) );
#9170 = DIRECTION( '', ( 1.00000000000000, 2.06345088799347E-016, 0.000000000000000 ) );
#9171 = DIRECTION( '', ( 0.000000000000000, 1.00000000000000, 0.000000000000000 ) );
#9172 = DIRECTION( '', ( -0.920504853452440, 0.390731128489275, 0.000000000000000 ) );
#9173 = CARTESIAN_POINT( '', ( 78.0000000000000, 12.1867325534165, -17.0000000000000 ) );
#9174 = DIRECTION( '', ( 0.000000000000000, 0.000000000000000, 1.00000000000000 ) );
#9175 = DIRECTION( '', ( 1.00000000000000, 0.000000000000000, 0.000000000000000 ) );
#9176 = DIRECTION( '', ( 0.000000000000000, 1.00000000000000, 0.000000000000000 ) );
#9177 = DIRECTION( '', ( 0.000000000000000, 0.000000000000000, 1.00000000000000 ) );
#9178 = DIRECTION( '', ( 0.000000000000000, 1.00000000000000, 0.000000000000000 ) );
#9179 = DIRECTION( '', ( 0.000000000000000, 1.00000000000000, 0.000000000000000 ) );
#9180 = DIRECTION( '', ( -1.00000000000000, 0.000000000000000, 0.000000000000000 ) );
#9181 = DIRECTION( '', ( 0.000000000000000, 0.000000000000000, 1.00000000000000 ) );
#9182 = DIRECTION( '', ( -1.00000000000000, 0.000000000000000, 0.000000000000000 ) );
#9183 = DIRECTION( '', ( -1.00000000000000, -1.03172544399673E-016, 0.000000000000000 ) );
#9184 = DIRECTION( '', ( 0.000000000000000, 1.00000000000000, 0.000000000000000 ) );
#9185 = DIRECTION( '', ( 0.920504853452440, 0.390731128489275, 0.000000000000000 ) );
#9186 = CARTESIAN_POINT( '', ( -78.0000000000000, 12.1867325534165, 17.0000000000000 ) );
#9187 = DIRECTION( '', ( 0.000000000000000, 0.000000000000000, -1.00000000000000 ) );
#9188 = DIRECTION( '', ( -1.00000000000000, 0.000000000000000, 0.000000000000000 ) );
#9189 = DIRECTION( '', ( 0.000000000000000, 0.000000000000000, 1.00000000000000 ) );
#9190 = DIRECTION( '', ( 1.00000000000000, 0.000000000000000, 0.000000000000000 ) );
#9191 = DIRECTION( '', ( 0.000000000000000, 0.000000000000000, 1.00000000000000 ) );
#9192 = DIRECTION( '', ( 1.00000000000000, 0.000000000000000, 0.000000000000000 ) );
#9193 = DIRECTION( '', ( -0.707106781186552, -0.511725915562022, 0.487992405004632 ) );
#9194 = DIRECTION( '', ( -0.707106781186552, 3.18977852568847E-017, 0.707106781186543 ) );
#9195 = DIRECTION( '', ( 6.67845946673902E-017, 0.690125477492618, 0.723689730005605 ) );
#9196 = DIRECTION( '', ( 1.12734434361324E-017, 0.690125477492618, 0.723689730005605 ) );
#9197 = CARTESIAN_POINT( '', ( -175.085786437627, 5.82181301646359, 3.70000000000000 ) );
#9198 = DIRECTION( '', ( 3.52776900765331E-017, 1.00000000000000, 1.21423173173822E-016 ) );
#9199 = DIRECTION( '', ( -1.00000000000000, 3.52776900765331E-017, -1.76709633865350E-017 ) );
#9200 = CARTESIAN_POINT( '', ( -175.085786437627, 2.67818698353642, 3.70000000000000 ) );
#9201 = DIRECTION( '', ( 3.52776900765331E-017, 1.00000000000000, 1.21423173173822E-016 ) );
#9202 = DIRECTION( '', ( -1.00000000000000, 3.52776900765331E-017, -1.76709633865350E-017 ) );
#9203 = DIRECTION( '', ( 3.52776900765331E-017, 1.00000000000000, 1.21423173173822E-016 ) );
#9204 = CARTESIAN_POINT( '', ( 231.000000000004, 34.2499999999996, 9.29999999999490 ) );
#9205 = DIRECTION( '', ( 1.00000000000000, 0.000000000000000, 0.000000000000000 ) );
#9206 = DIRECTION( '', ( 0.000000000000000, 0.000000000000000, -1.00000000000000 ) );
#9207 = CARTESIAN_POINT( '', ( 231.000000000004, 34.2499999999996, 9.29999999999490 ) );
#9208 = DIRECTION( '', ( 1.00000000000000, 0.000000000000000, 0.000000000000000 ) );
#9209 = DIRECTION( '', ( 0.000000000000000, 0.000000000000000, -1.00000000000000 ) );
#9210 = DIRECTION( '', ( 3.52776900765331E-017, 1.00000000000000, 1.21423173173822E-016 ) );
#9211 = CARTESIAN_POINT( '', ( -175.085786437627, 5.82181301646358, 10.3000000000000 ) );
#9212 = DIRECTION( '', ( -3.52776900765331E-017, -1.00000000000000, -1.21423173173822E-016 ) );
#9213 = DIRECTION( '', ( 1.00000000000000, -3.52776900765331E-017, 1.76709633865350E-017 ) );
#9214 = DIRECTION( '', ( -3.52776900765331E-017, -1.00000000000000, -1.21423173173822E-016 ) );
#9215 = DIRECTION( '', ( -0.920504853452440, -0.390731128489275, 0.000000000000000 ) );
#9216 = DIRECTION( '', ( -0.920504853452440, -0.390731128489275, 0.000000000000000 ) );
#9217 = CARTESIAN_POINT( '', ( 78.0000000000000, 12.1867325534165, 21.0000000000000 ) );
#9218 = DIRECTION( '', ( 0.000000000000000, 0.000000000000000, -1.00000000000000 ) );
#9219 = DIRECTION( '', ( -1.00000000000000, 0.000000000000000, 0.000000000000000 ) );
#9220 = DIRECTION( '', ( 0.000000000000000, 1.00000000000000, 0.000000000000000 ) );
#9221 = DIRECTION( '', ( 0.000000000000000, 1.00000000000000, 0.000000000000000 ) );
#9222 = DIRECTION( '', ( -1.00000000000000, 0.000000000000000, 0.000000000000000 ) );
#9223 = DIRECTION( '', ( 2.92892020995936E-017, 0.690125477492618, -0.723689730005605 ) );
#9224 = CARTESIAN_POINT( '', ( -175.085786437627, 1.23080752352521, 4.31974904501476 ) );
#9225 = DIRECTION( '', ( -1.80925292495821E-017, 0.690125477492619, -0.723689730005605 ) );
#9226 = DIRECTION( '', ( -6.60003914434163E-017, -0.723689730005605, -0.690125477492619 ) );
#9227 = DIRECTION( '', ( 1.94028633182144E-017, 0.690125477492619, 0.723689730005605 ) );
#9228 = DIRECTION( '', ( -1.00000000000000, -1.92592994438724E-034, -1.76709633865350E-017 ) );
#9229 = CARTESIAN_POINT( '', ( -80.0000000000000, 4.25000000000000, -0.900000000000000 ) );
#9230 = DIRECTION( '', ( 1.00000000000000, 1.92592994438724E-034, 1.76709633865350E-017 ) );
#9231 = DIRECTION( '', ( -1.92592994438724E-034, 1.00000000000000, 2.33977133034551E-050 ) );
#9232 = DIRECTION( '', ( 1.02718508064686E-015, -1.00000000000000, 0.000000000000000 ) );
#9233 = DIRECTION( '', ( 1.00000000000000, 0.000000000000000, 0.000000000000000 ) );
#9234 = DIRECTION( '', ( 0.000000000000000, 1.00000000000000, 0.000000000000000 ) );
#9235 = DIRECTION( '', ( 1.00000000000000, 0.000000000000000, 0.000000000000000 ) );
#9236 = CARTESIAN_POINT( '', ( -59.1861908023052, 18.0000000000000, -21.0000000000000 ) );
#9237 = DIRECTION( '', ( 0.000000000000000, 0.000000000000000, -1.00000000000000 ) );
#9238 = DIRECTION( '', ( -1.00000000000000, 0.000000000000000, 0.000000000000000 ) );
#9239 = CARTESIAN_POINT( '', ( -59.1861908023052, 18.0000000000000, -21.0000000000000 ) );
#9240 = DIRECTION( '', ( -1.00000000000000, 0.000000000000000, 0.000000000000000 ) );
#9241 = DIRECTION( '', ( 0.000000000000000, 0.000000000000000, 1.00000000000000 ) );
#9242 = CARTESIAN_POINT( '', ( -59.1861908023052, 18.0000000000000, -21.0000000000000 ) );
#9243 = DIRECTION( '', ( 0.920504853452440, 0.390731128489275, 0.000000000000000 ) );
#9244 = DIRECTION( '', ( -0.390731128489275, 0.920504853452440, 0.000000000000000 ) );
#9245 = DIRECTION( '', ( -1.76709633865350E-017, 0.000000000000000, 1.00000000000000 ) );
#9246 = DIRECTION( '', ( 1.76709633865350E-017, 0.000000000000000, -1.00000000000000 ) );
#9247 = DIRECTION( '', ( 0.000000000000000, 1.00000000000000, 0.000000000000000 ) );
#9248 = CARTESIAN_POINT( '', ( 221.000000000004, 34.2499999999996, 9.29999999999490 ) );
#9249 = DIRECTION( '', ( 1.00000000000000, 0.000000000000000, 0.000000000000000 ) );
#9250 = DIRECTION( '', ( 0.000000000000000, 0.000000000000000, -1.00000000000000 ) );
#9251 = DIRECTION( '', ( 0.000000000000000, 0.000000000000000, 1.00000000000000 ) );
#9252 = DIRECTION( '', ( 0.000000000000000, 0.000000000000000, -1.00000000000000 ) );
#9253 = DIRECTION( '', ( 0.000000000000000, 0.000000000000000, -1.00000000000000 ) );
#9254 = CARTESIAN_POINT( '', ( -160.000000000000, 4.25000000000000, 7.00000000000000 ) );
#9255 = DIRECTION( '', ( -1.00000000000000, 2.14566444743152E-033, -1.76709633865351E-017 ) );
#9256 = DIRECTION( '', ( 0.000000000000000, -1.00000000000000, -1.21423173173822E-016 ) );
#9257 = DIRECTION( '', ( 1.76709633865350E-017, 0.000000000000000, -1.00000000000000 ) );
#9258 = CARTESIAN_POINT( '', ( -160.000000000000, 4.25000000000000, 6.10000000000000 ) );
#9259 = DIRECTION( '', ( -1.00000000000000, -1.92592994438724E-034, -1.76709633865350E-017 ) );
#9260 = DIRECTION( '', ( 1.92592994438724E-034, -1.00000000000000, -2.33977133034551E-050 ) );
#9261 = DIRECTION( '', ( 0.000000000000000, 1.00000000000000, 0.000000000000000 ) );
#9262 = DIRECTION( '', ( 0.000000000000000, 1.00000000000000, 0.000000000000000 ) );
#9263 = DIRECTION( '', ( -1.80925292495822E-017, 0.690125477492618, -0.723689730005605 ) );
#9264 = CARTESIAN_POINT( '', ( -170.500000000000, 7.26919247647479, 9.68025095498524 ) );
#9265 = DIRECTION( '', ( -1.80925292495822E-017, 0.690125477492618, -0.723689730005605 ) );
#9266 = DIRECTION( '', ( -6.60003914434163E-017, -0.723689730005605, -0.690125477492618 ) );
#9267 = DIRECTION( '', ( 0.920504853452440, -0.390731128489275, 0.000000000000000 ) );
#9268 = CARTESIAN_POINT( '', ( 78.0000000000000, 12.1867325534165, 3.00000000000000 ) );
#9269 = DIRECTION( '', ( 0.000000000000000, 0.000000000000000, -1.00000000000000 ) );
#9270 = DIRECTION( '', ( -1.00000000000000, 0.000000000000000, 0.000000000000000 ) );
#9271 = DIRECTION( '', ( 0.000000000000000, 0.707106781186551, 0.707106781186544 ) );
#9272 = DIRECTION( '', ( -0.707106781186551, 3.18977852568847E-017, 0.707106781186544 ) );
#9273 = CARTESIAN_POINT( '', ( -175.792893218814, 5.82181301646359, 8.30000000000000 ) );
#9274 = DIRECTION( '', ( 1.00000000000000, -2.14566444743152E-033, 1.76709633865350E-017 ) );
#9275 = DIRECTION( '', ( 0.000000000000000, 1.00000000000000, 1.21423173173822E-016 ) );
#9276 = DIRECTION( '', ( -0.707106781186552, 0.511725915562022, 0.487992405004632 ) );
#9277 = CARTESIAN_POINT( '', ( -170.500000000000, 5.82181301646358, 10.3000000000000 ) );
#9278 = DIRECTION( '', ( 3.52776900765331E-017, 1.00000000000000, 1.21423173173822E-016 ) );
#9279 = DIRECTION( '', ( -1.00000000000000, 3.52776900765331E-017, -1.76709633865350E-017 ) );
#9280 = DIRECTION( '', ( 3.52776900765331E-017, 1.00000000000000, 1.21423173173822E-016 ) );
#9281 = CARTESIAN_POINT( '', ( -170.500000000000, 2.67818698353642, 10.3000000000000 ) );
#9282 = DIRECTION( '', ( 3.52776900765331E-017, 1.00000000000000, 1.21423173173822E-016 ) );
#9283 = DIRECTION( '', ( -1.00000000000000, 3.52776900765331E-017, -1.76709633865350E-017 ) );
#9284 = DIRECTION( '', ( 3.52776900765331E-017, 1.00000000000000, 1.21423173173822E-016 ) );
#9285 = DIRECTION( '', ( 0.000000000000000, 1.00000000000000, 0.000000000000000 ) );
#9286 = CARTESIAN_POINT( '', ( -76.0000000000000, 8.00000000000000, 21.0000000000000 ) );
#9287 = DIRECTION( '', ( 1.03172544399673E-016, -1.00000000000000, 0.000000000000000 ) );
#9288 = DIRECTION( '', ( 1.00000000000000, 1.03172544399673E-016, 0.000000000000000 ) );
#9289 = CARTESIAN_POINT( '', ( -76.0000000000000, 1.49999999999998, 21.0000000000000 ) );
#9290 = DIRECTION( '', ( 0.000000000000000, 1.00000000000000, 0.000000000000000 ) );
#9291 = DIRECTION( '', ( 0.000000000000000, 0.000000000000000, -1.00000000000000 ) );
#9292 = DIRECTION( '', ( 0.000000000000000, 0.000000000000000, -1.00000000000000 ) );
#9293 = DIRECTION( '', ( -1.00000000000000, 0.000000000000000, 0.000000000000000 ) );
#9294 = DIRECTION( '', ( 0.000000000000000, 0.000000000000000, -1.00000000000000 ) );
#9295 = DIRECTION( '', ( -1.00000000000000, 0.000000000000000, 0.000000000000000 ) );
#9296 = DIRECTION( '', ( 1.02718508064686E-015, 1.00000000000000, 0.000000000000000 ) );
#9297 = CARTESIAN_POINT( '', ( 76.0000000000000, -2.08166817117217E-014, -21.0000000000000 ) );
#9298 = DIRECTION( '', ( 0.000000000000000, 1.00000000000000, 0.000000000000000 ) );
#9299 = DIRECTION( '', ( 0.000000000000000, 0.000000000000000, 1.00000000000000 ) );
#9300 = CARTESIAN_POINT( '', ( 221.000000000004, 34.2499999999996, -9.30000000000510 ) );
#9301 = DIRECTION( '', ( 1.00000000000000, 0.000000000000000, 0.000000000000000 ) );
#9302 = DIRECTION( '', ( 0.000000000000000, 0.000000000000000, -1.00000000000000 ) );
#9303 = CARTESIAN_POINT( '', ( -172.465331941755, 4.25000000000000, 7.00000000000000 ) );
#9304 = DIRECTION( '', ( 0.707106781186544, -0.511725915562028, 0.487992405004637 ) );
#9305 = DIRECTION( '', ( -0.707106781186551, -0.511725915562022, 0.487992405004632 ) );
#9306 = DIRECTION( '', ( -1.33792481750113E-016, -0.690125477492619, -0.723689730005605 ) );
#9307 = DIRECTION( '', ( 1.00000000000000, 1.92592994438724E-034, 1.76709633865350E-017 ) );
#9308 = DIRECTION( '', ( 0.000000000000000, 0.000000000000000, -1.00000000000000 ) );
#9309 = CARTESIAN_POINT( '', ( -170.500000000000, 1.23080752352520, 9.68025095498524 ) );
#9310 = DIRECTION( '', ( 6.67845946673902E-017, 0.690125477492619, 0.723689730005605 ) );
#9311 = DIRECTION( '', ( -1.49401874300010E-017, 0.723689730005605, -0.690125477492619 ) );
#9312 = CARTESIAN_POINT( '', ( -169.500000000000, 2.67818698353642, 8.30000000000000 ) );
#9313 = DIRECTION( '', ( -1.00000000000000, 2.14566444743152E-033, -1.76709633865350E-017 ) );
#9314 = DIRECTION( '', ( 0.000000000000000, -1.00000000000000, -1.21423173173822E-016 ) );
#9315 = CARTESIAN_POINT( '', ( -173.200000000000, 4.25000000000000, 7.00000000000000 ) );
#9316 = DIRECTION( '', ( 0.707106781186543, 3.18977852568850E-017, 0.707106781186552 ) );
#9317 = DIRECTION( '', ( -0.707106781186552, 3.18977852568847E-017, 0.707106781186543 ) );
#9318 = CARTESIAN_POINT( '', ( -175.085786437627, 7.26919247647480, 4.31974904501477 ) );
#9319 = DIRECTION( '', ( 6.67845946673902E-017, 0.690125477492618, 0.723689730005606 ) );
#9320 = DIRECTION( '', ( -1.49401874300009E-017, 0.723689730005606, -0.690125477492618 ) );
#9321 = DIRECTION( '', ( 0.000000000000000, 0.000000000000000, -1.00000000000000 ) );
#9322 = CARTESIAN_POINT( '', ( -76.0000000000000, -2.08189955855050E-014, 21.0000000000000 ) );
#9323 = DIRECTION( '', ( 0.000000000000000, 1.00000000000000, 0.000000000000000 ) );
#9324 = DIRECTION( '', ( 0.000000000000000, 0.000000000000000, 1.00000000000000 ) );
#9325 = CARTESIAN_POINT( '', ( -76.0000000000000, -2.08166817117217E-014, 21.0000000000000 ) );
#9326 = DIRECTION( '', ( 0.000000000000000, 1.00000000000000, 0.000000000000000 ) );
#9327 = DIRECTION( '', ( 0.000000000000000, 0.000000000000000, 1.00000000000000 ) );
#9328 = DIRECTION( '', ( -1.00000000000000, 0.000000000000000, 0.000000000000000 ) );
#9329 = DIRECTION( '', ( 0.000000000000000, 0.000000000000000, -1.00000000000000 ) );
#9330 = DIRECTION( '', ( 0.000000000000000, 0.000000000000000, 1.00000000000000 ) );
#9331 = DIRECTION( '', ( 0.000000000000000, 0.000000000000000, -1.00000000000000 ) );
#9332 = CARTESIAN_POINT( '', ( -72.0000000000000, 16.9063022054847, -3.12250225675825E-014 ) );
#9333 = DIRECTION( '', ( 0.390731128489275, -0.920504853452440, 0.000000000000000 ) );
#9334 = DIRECTION( '', ( 0.920504853452440, 0.390731128489275, 0.000000000000000 ) );
#9335 = CARTESIAN_POINT( '', ( -76.0000000000000, 15.2084029406463, 21.0000000000000 ) );
#9336 = DIRECTION( '', ( 0.390731128489275, -0.920504853452440, 0.000000000000000 ) );
#9337 = DIRECTION( '', ( 0.920504853452440, 0.390731128489274, 0.000000000000000 ) );
#9338 = DIRECTION( '', ( 0.000000000000000, 0.000000000000000, -1.00000000000000 ) );
#9339 = DIRECTION( '', ( -0.920504853452440, -0.390731128489275, 0.000000000000000 ) );
#9340 = CARTESIAN_POINT( '', ( -172.465331941755, 4.25000000000000, 7.00000000000000 ) );
#9341 = DIRECTION( '', ( 0.707106781186543, 0.511725915562028, 0.487992405004638 ) );
#9342 = DIRECTION( '', ( -0.707106781186552, 0.511725915562022, 0.487992405004632 ) );
#9343 = DIRECTION( '', ( 0.000000000000000, 0.707106781186546, -0.707106781186549 ) );
#9344 = CARTESIAN_POINT( '', ( 59.1861908023052, 18.0000000000000, 21.0000000000000 ) );
#9345 = DIRECTION( '', ( 1.00000000000000, 0.000000000000000, 1.73472347597681E-015 ) );
#9346 = DIRECTION( '', ( 1.73472347597681E-015, 0.000000000000000, -1.00000000000000 ) );
#9347 = CARTESIAN_POINT( '', ( 59.1861908023052, 18.0000000000000, 21.0000000000000 ) );
#9348 = DIRECTION( '', ( 0.000000000000000, 0.000000000000000, 1.00000000000000 ) );
#9349 = DIRECTION( '', ( 1.00000000000000, 0.000000000000000, 0.000000000000000 ) );
#9350 = DIRECTION( '', ( -1.76709633865350E-017, 0.000000000000000, 1.00000000000000 ) );
#9351 = DIRECTION( '', ( 0.000000000000000, 1.00000000000000, 0.000000000000000 ) );
#9352 = DIRECTION( '', ( -1.00000000000000, 0.000000000000000, 0.000000000000000 ) );
#9353 = DIRECTION( '', ( 0.000000000000000, 1.00000000000000, 0.000000000000000 ) );
#9354 = CARTESIAN_POINT( '', ( -174.800000000000, 4.25000000000000, 7.00000000000000 ) );
#9355 = DIRECTION( '', ( -1.00000000000000, 2.14566444743152E-033, -1.76709633865350E-017 ) );
#9356 = DIRECTION( '', ( 0.000000000000000, -1.00000000000000, -1.21423173173822E-016 ) );
#9357 = CARTESIAN_POINT( '', ( -174.500000000000, 4.25000000000000, 7.00000000000000 ) );
#9358 = DIRECTION( '', ( -1.00000000000000, 2.14566444743152E-033, -1.76709633865350E-017 ) );
#9359 = DIRECTION( '', ( 0.000000000000000, -1.00000000000000, -1.21423173173822E-016 ) );
#9360 = CARTESIAN_POINT( '', ( -81.0000000000000, 4.25000000000000, 9.06008006571968E-016 ) );
#9361 = DIRECTION( '', ( 1.00000000000000, 1.92592994438724E-034, 1.76709633865350E-017 ) );
#9362 = DIRECTION( '', ( -1.92592994438724E-034, 1.00000000000000, 2.33977133034551E-050 ) );
#9363 = CARTESIAN_POINT( '', ( 238.000000000004, 34.2499999999996, -9.30000000000510 ) );
#9364 = DIRECTION( '', ( 1.00000000000000, 0.000000000000000, 0.000000000000000 ) );
#9365 = DIRECTION( '', ( 0.000000000000000, 0.000000000000000, -1.00000000000000 ) );
#9366 = CARTESIAN_POINT( '', ( -76.0000000000000, 1.49999999999998, 21.0000000000000 ) );
#9367 = DIRECTION( '', ( 0.000000000000000, -1.00000000000000, 0.000000000000000 ) );
#9368 = DIRECTION( '', ( 0.000000000000000, 0.000000000000000, -1.00000000000000 ) );
#9369 = DIRECTION( '', ( 0.000000000000000, 0.000000000000000, -1.00000000000000 ) );
#9370 = DIRECTION( '', ( 0.000000000000000, 0.000000000000000, 1.00000000000000 ) );
#9371 = CARTESIAN_POINT( '', ( -76.0000000000000, 1.49999999999998, 21.0000000000000 ) );
#9372 = DIRECTION( '', ( 0.000000000000000, -1.00000000000000, 0.000000000000000 ) );
#9373 = DIRECTION( '', ( 0.000000000000000, 0.000000000000000, -1.00000000000000 ) );
#9374 = CARTESIAN_POINT( '', ( 180.000000000004, 34.2499999999996, 3.99999999999489 ) );
#9375 = DIRECTION( '', ( -1.00000000000000, 0.000000000000000, 0.000000000000000 ) );
#9376 = DIRECTION( '', ( 0.000000000000000, 0.000000000000000, 1.00000000000000 ) );
#9377 = DIRECTION( '', ( 0.000000000000000, -1.08420217248550E-016, -1.00000000000000 ) );
#9378 = DIRECTION( '', ( 0.000000000000000, 0.000000000000000, 1.00000000000000 ) );
#9379 = CARTESIAN_POINT( '', ( 180.000000000004, 34.2499999999996, 0.899999999994896 ) );
#9380 = DIRECTION( '', ( -1.00000000000000, 0.000000000000000, 0.000000000000000 ) );
#9381 = DIRECTION( '', ( 0.000000000000000, 0.000000000000000, 1.00000000000000 ) );
#9382 = CARTESIAN_POINT( '', ( -184.000000000000, 4.25000000000000, 7.00000000000000 ) );
#9383 = DIRECTION( '', ( -1.00000000000000, 0.000000000000000, -1.76709633865350E-017 ) );
#9384 = DIRECTION( '', ( -1.76709633865350E-017, 0.000000000000000, 1.00000000000000 ) );
#9385 = CARTESIAN_POINT( '', ( 76.0000000000000, 8.00000000000000, -21.0000000000000 ) );
#9386 = DIRECTION( '', ( 2.06345088799347E-016, -1.00000000000000, 0.000000000000000 ) );
#9387 = DIRECTION( '', ( 1.00000000000000, 2.06345088799347E-016, 0.000000000000000 ) );
#9388 = CARTESIAN_POINT( '', ( 76.0000000000000, 15.2084029406463, -21.0000000000000 ) );
#9389 = DIRECTION( '', ( -0.390731128489275, -0.920504853452440, 0.000000000000000 ) );
#9390 = DIRECTION( '', ( -0.920504853452440, 0.390731128489274, 0.000000000000000 ) );
#9391 = DIRECTION( '', ( 0.000000000000000, 0.000000000000000, -1.00000000000000 ) );
#9392 = CARTESIAN_POINT( '', ( 183.000000000004, 34.2499999999996, 3.99999999999489 ) );
#9393 = DIRECTION( '', ( -1.00000000000000, 0.000000000000000, 0.000000000000000 ) );
#9394 = DIRECTION( '', ( 0.000000000000000, 0.000000000000000, 1.00000000000000 ) );
#9395 = DIRECTION( '', ( 0.000000000000000, 0.000000000000000, 1.00000000000000 ) );
#9396 = DIRECTION( '', ( 0.000000000000000, -1.08420217248550E-016, -1.00000000000000 ) );
#9397 = CARTESIAN_POINT( '', ( -170.500000000000, 7.26919247647479, 4.31974904501477 ) );
#9398 = DIRECTION( '', ( 6.67845946673902E-017, 0.690125477492618, 0.723689730005605 ) );
#9399 = DIRECTION( '', ( -1.49401874300010E-017, 0.723689730005605, -0.690125477492618 ) );
#9400 = CARTESIAN_POINT( '', ( -175.792893218814, 2.67818698353642, 5.70000000000000 ) );
#9401 = DIRECTION( '', ( 1.00000000000000, -2.14566444743152E-033, 1.76709633865350E-017 ) );
#9402 = DIRECTION( '', ( 0.000000000000000, 1.00000000000000, 1.21423173173822E-016 ) );
#9403 = CARTESIAN_POINT( '', ( -210.500000000000, 4.25000000000000, 7.00000000000000 ) );
#9404 = DIRECTION( '', ( -1.00000000000000, 2.14566444743152E-033, -1.76709633865350E-017 ) );
#9405 = DIRECTION( '', ( 0.000000000000000, -1.00000000000000, -1.21423173173822E-016 ) );
#9406 = CARTESIAN_POINT( '', ( 80.0000000000000, 4.25000000000000, 0.900000000000000 ) );
#9407 = DIRECTION( '', ( -1.00000000000000, 0.000000000000000, 0.000000000000000 ) );
#9408 = DIRECTION( '', ( 0.000000000000000, 0.000000000000000, 1.00000000000000 ) );
#9409 = CARTESIAN_POINT( '', ( 80.0000000000000, 4.25000000000000, -0.900000000000000 ) );
#9410 = DIRECTION( '', ( -1.00000000000000, 0.000000000000000, 0.000000000000000 ) );
#9411 = DIRECTION( '', ( 0.000000000000000, 0.000000000000000, 1.00000000000000 ) );
#9412 = CARTESIAN_POINT( '', ( 238.000000000004, 34.2499999999996, 9.29999999999490 ) );
#9413 = DIRECTION( '', ( 1.00000000000000, 0.000000000000000, 0.000000000000000 ) );
#9414 = DIRECTION( '', ( 0.000000000000000, 0.000000000000000, -1.00000000000000 ) );
#9415 = DIRECTION( '', ( 0.000000000000000, -0.707106781186546, 0.707106781186549 ) );
#9416 = DIRECTION( '', ( 0.000000000000000, 0.000000000000000, 1.00000000000000 ) );
#9417 = DIRECTION( '', ( 0.000000000000000, 0.000000000000000, -1.00000000000000 ) );
#9418 = DIRECTION( '', ( 0.000000000000000, 0.000000000000000, -1.00000000000000 ) );
#9419 = DIRECTION( '', ( 0.707106781186544, 3.18977852568851E-017, 0.707106781186551 ) );
#9420 = DIRECTION( '', ( 0.000000000000000, 0.000000000000000, -1.00000000000000 ) );
#9421 = DIRECTION( '', ( 1.00000000000000, 0.000000000000000, 0.000000000000000 ) );
#9422 = DIRECTION( '', ( 0.707106781186544, 0.511725915562028, 0.487992405004637 ) );
#9423 = CARTESIAN_POINT( '', ( 59.1861908023052, 18.0000000000000, -21.0000000000000 ) );
#9424 = DIRECTION( '', ( 0.000000000000000, 0.000000000000000, -1.00000000000000 ) );
#9425 = DIRECTION( '', ( -1.00000000000000, 0.000000000000000, 0.000000000000000 ) );
#9426 = DIRECTION( '', ( 1.00000000000000, 0.000000000000000, 1.76709633865350E-017 ) );
#9427 = DIRECTION( '', ( 1.00000000000000, 0.000000000000000, 0.000000000000000 ) );
#9428 = CARTESIAN_POINT( '', ( -169.500000000000, 5.82181301646359, 8.30000000000000 ) );
#9429 = DIRECTION( '', ( -1.00000000000000, 2.14566444743152E-033, -1.76709633865350E-017 ) );
#9430 = DIRECTION( '', ( 0.000000000000000, -1.00000000000000, -1.21423173173822E-016 ) );
#9431 = CARTESIAN_POINT( '', ( 59.1861908023052, 18.0000000000000, -21.0000000000000 ) );
#9432 = DIRECTION( '', ( 1.00000000000000, -3.46944695195362E-015, 0.000000000000000 ) );
#9433 = DIRECTION( '', ( 3.46944695195362E-015, 1.00000000000000, 0.000000000000000 ) );
#9434 = CARTESIAN_POINT( '', ( -72.0000000000000, 12.1867325534165, -3.12250225675825E-014 ) );
#9435 = DIRECTION( '', ( 0.000000000000000, 1.00000000000000, 0.000000000000000 ) );
#9436 = DIRECTION( '', ( 0.000000000000000, 0.000000000000000, 1.00000000000000 ) );
#9437 = CARTESIAN_POINT( '', ( 130.000000000000, 4.25000000000000, -0.900000000000000 ) );
#9438 = DIRECTION( '', ( -1.00000000000000, 0.000000000000000, 0.000000000000000 ) );
#9439 = DIRECTION( '', ( 0.000000000000000, 0.000000000000000, 1.00000000000000 ) );
ENDSEC;
END-ISO-10303-21;
