ISO-10303-21;
HEADER;
FILE_DESCRIPTION((''),'2;1');
FILE_NAME('0066906','2015-03-24T',('vagnerova'),(''),
'PRO/ENGINEER BY PARAMETRIC TECHNOLOGY CORPORATION, 2007390',
'PRO/ENGINEER BY PARAMETRIC TECHNOLOGY CORPORATION, 2007390','');
FILE_SCHEMA(('CONFIG_CONTROL_DESIGN'));
ENDSEC;
DATA;
#1=DIRECTION('',(5.025966025584E-7,3.481659405224E-13,-9.999999999999E-1));
#2=VECTOR('',#1,4.000000000001E0);
#3=CARTESIAN_POINT('',(-2.500000201039E1,7.E1,8.E0));
#4=LINE('',#3,#2);
#5=DIRECTION('',(0.E0,-5.299989400032E-1,-8.479983040051E-1));
#6=VECTOR('',#5,4.716990566028E0);
#7=CARTESIAN_POINT('',(-2.5E1,7.E1,4.E0));
#8=LINE('',#7,#6);
#9=CARTESIAN_POINT('',(-2.5E1,6.4E1,4.E0));
#10=DIRECTION('',(0.E0,0.E0,-1.E0));
#11=DIRECTION('',(-1.E0,0.E0,0.E0));
#12=AXIS2_PLACEMENT_3D('',#9,#10,#11);
#14=CARTESIAN_POINT('',(-2.5E1,6.4E1,4.E0));
#15=DIRECTION('',(0.E0,0.E0,-1.E0));
#16=DIRECTION('',(-9.833333333333E-1,-1.818118685773E-1,0.E0));
#17=AXIS2_PLACEMENT_3D('',#14,#15,#16);
#19=DIRECTION('',(5.211656243318E-1,9.636009765524E-2,-8.479983040046E-1));
#20=VECTOR('',#19,4.716990566022E0);
#21=CARTESIAN_POINT('',(-3.090000000004E1,6.290912878874E1,3.999999999992E0));
#22=LINE('',#21,#20);
#23=CARTESIAN_POINT('',(-2.743370563700E1,-5.434110794597E-6,3.999664518574E0));
#24=CARTESIAN_POINT('',(-2.745837813243E1,1.873252092229E0,3.999455706527E0));
#25=CARTESIAN_POINT('',(-2.753735064590E1,5.878078564638E0,3.999324279859E0));
#26=CARTESIAN_POINT('',(-2.777547231853E1,1.275176245753E1,4.000333890447E0));
#27=CARTESIAN_POINT('',(-2.813315054296E1,2.023386028721E1,3.999613188112E0));
#28=CARTESIAN_POINT('',(-2.848170130793E1,2.655316184185E1,4.000412259655E0));
#29=CARTESIAN_POINT('',(-2.880117854372E1,3.214547409367E1,3.999830053558E0));
#30=CARTESIAN_POINT('',(-2.907890556706E1,3.704987777364E1,4.000012274216E0));
#31=CARTESIAN_POINT('',(-2.931124178976E1,4.131327563348E1,4.000529990182E0));
#32=CARTESIAN_POINT('',(-2.950384706670E1,4.504319477072E1,4.000490952192E0));
#33=CARTESIAN_POINT('',(-2.966374312148E1,4.832226149020E1,4.000315759733E0));
#34=CARTESIAN_POINT('',(-2.981313898069E1,5.122428087905E1,4.004144815300E0));
#35=CARTESIAN_POINT('',(-2.996316107706E1,5.381228392550E1,4.002327053019E0));
#36=CARTESIAN_POINT('',(-3.011967614612E1,5.610922595431E1,3.998054130515E0));
#37=CARTESIAN_POINT('',(-3.028518576052E1,5.812485178986E1,4.005229219204E0));
#38=CARTESIAN_POINT('',(-3.046247726930E1,5.988989573606E1,4.004324090922E0));
#39=CARTESIAN_POINT('',(-3.065906603878E1,6.146883316831E1,3.997838853853E0));
#40=CARTESIAN_POINT('',(-3.081421412078E1,6.244515404791E1,3.995884154090E0));
#41=CARTESIAN_POINT('',(-3.090000000004E1,6.290912878874E1,3.999999999992E0));
#43=DIRECTION('',(1.363405968301E-5,-7.359901517197E-5,-9.999999971986E-1));
#44=VECTOR('',#43,4.000000011207E0);
#45=CARTESIAN_POINT('',(-3.090005453628E1,6.290942318480E1,7.999999999994E0));
#46=LINE('',#45,#44);
#47=CARTESIAN_POINT('',(-2.743323074089E1,7.931783563286E-8,7.999999999990E0));
#48=CARTESIAN_POINT('',(-2.750541314701E1,5.480443986630E0,7.999999999990E0));
#49=CARTESIAN_POINT('',(-2.800936432716E1,1.987070034276E1,7.999999999964E0));
#50=CARTESIAN_POINT('',(-2.905788000023E1,3.578216868386E1,7.999999999979E0));
#51=CARTESIAN_POINT('',(-2.990099390763E1,5.324581192661E1,7.999999999974E0));
#52=CARTESIAN_POINT('',(-3.030758756623E1,5.970505305703E1,7.999999999994E0));
#53=CARTESIAN_POINT('',(-3.090005453628E1,6.290942318480E1,7.999999999994E0));
#55=CARTESIAN_POINT('',(-1.183166570248E1,5.199999343076E1,2.599999999999E1));
#56=CARTESIAN_POINT('',(-1.306320868671E1,5.278565137315E1,2.600000266846E1));
#57=CARTESIAN_POINT('',(-1.554936254365E1,5.430901320218E1,2.575536233286E1));
#58=CARTESIAN_POINT('',(-1.907067391269E1,5.647678380773E1,2.472475410282E1));
#59=CARTESIAN_POINT('',(-2.225003017200E1,5.837038821279E1,2.310778783941E1));
#60=CARTESIAN_POINT('',(-2.496550638209E1,5.992786182881E1,2.105422156138E1));
#61=CARTESIAN_POINT('',(-2.716835771137E1,6.112246384050E1,1.869900476624E1));
#62=CARTESIAN_POINT('',(-2.884981187149E1,6.197964583880E1,1.615998832267E1));
#63=CARTESIAN_POINT('',(-3.004065863239E1,6.254012809991E1,1.350185729604E1));
#64=CARTESIAN_POINT('',(-3.075835338185E1,6.284724854884E1,1.069047980442E1));
#65=CARTESIAN_POINT('',(-3.090010375647E1,6.290968952417E1,8.881512564881E0));
#66=CARTESIAN_POINT('',(-3.090005453628E1,6.290942318480E1,7.999999999994E0));
#68=CARTESIAN_POINT('',(-2.743323074089E1,7.931783563286E-8,7.999999999990E0));
#69=CARTESIAN_POINT('',(-2.744887130092E1,-1.188242626207E0,7.999999999990E0));
#70=CARTESIAN_POINT('',(-2.752059799898E1,-5.238097285213E0,8.000000000020E0));
#71=CARTESIAN_POINT('',(-2.774557427201E1,-1.218658177305E1,7.999999999998E0));
#72=CARTESIAN_POINT('',(-2.816506507109E1,-2.092397559441E1,8.000000000005E0));
#73=CARTESIAN_POINT('',(-2.866570013628E1,-2.979548540649E1,8.000000000003E0));
#74=CARTESIAN_POINT('',(-2.909537580825E1,-3.729678829475E1,8.000000000004E0));
#75=CARTESIAN_POINT('',(-2.937779940387E1,-4.258059416698E1,8.000000000004E0));
#76=CARTESIAN_POINT('',(-2.953159182832E1,-4.562110131162E1,8.000000000004E0));
#77=CARTESIAN_POINT('',(-2.967819739389E1,-4.860627482655E1,8.000000000004E0));
#78=CARTESIAN_POINT('',(-2.986357484010E1,-5.222991329644E1,8.000000000003E0));
#79=CARTESIAN_POINT('',(-3.012747187093E1,-5.638156109391E1,8.000000000004E0));
#80=CARTESIAN_POINT('',(-3.041627249022E1,-5.957375192605E1,8.000000000003E0));
#81=CARTESIAN_POINT('',(-3.066871390074E1,-6.151581781101E1,8.000000000005E0));
#82=CARTESIAN_POINT('',(-3.080523389739E1,-6.237696815842E1,8.000000000002E0));
#83=CARTESIAN_POINT('',(-3.086798401962E1,-6.273420952910E1,8.000000000006E0));
#84=CARTESIAN_POINT('',(-3.089194551460E1,-6.286539714558E1,8.000000000003E0));
#85=CARTESIAN_POINT('',(-3.089672641669E1,-6.289140309327E1,8.000000000005E0));
#86=CARTESIAN_POINT('',(-3.089890190809E1,-6.290318609843E1,8.000000000002E0));
#87=CARTESIAN_POINT('',(-3.090005475848E1,-6.290942438031E1,8.000000000002E0));
#89=CARTESIAN_POINT('',(-9.431841465389E0,-3.027383366216E-8,2.599999999997E1));
#90=CARTESIAN_POINT('',(-1.047223388811E1,5.456968228735E-5,2.600000233828E1));
#91=CARTESIAN_POINT('',(-1.258144609306E1,7.677084424588E-4,2.581138993646E1));
#92=CARTESIAN_POINT('',(-1.561845167238E1,-2.133541872062E-5,2.500122008873E1));
#93=CARTESIAN_POINT('',(-1.847874187524E1,-2.183017830750E-4,2.366773139911E1));
#94=CARTESIAN_POINT('',(-2.106262327178E1,-1.442199431951E-4,2.185780564763E1));
#95=CARTESIAN_POINT('',(-2.329183488950E1,5.410715864751E-5,1.962852272005E1));
#96=CARTESIAN_POINT('',(-2.510049878587E1,-7.125660273306E-4,1.704639291780E1));
#97=CARTESIAN_POINT('',(-2.643360850453E1,-1.010432249480E-3,1.418720640445E1));
#98=CARTESIAN_POINT('',(-2.724999177051E1,-5.575159288698E-4,1.114505473308E1));
#99=CARTESIAN_POINT('',(-2.743323325615E1,-1.910097225342E-4,9.040460067664E0));
#100=CARTESIAN_POINT('',(-2.743323074089E1,7.931783563286E-8,7.999999999990E0));
#102=CARTESIAN_POINT('',(-3.090005475848E1,-6.290942438031E1,8.000000000002E0));
#103=CARTESIAN_POINT('',(-3.090022191917E1,-6.291032891700E1,8.892664669970E0));
#104=CARTESIAN_POINT('',(-3.075475474903E1,-6.284840183404E1,1.072058720705E1));
#105=CARTESIAN_POINT('',(-3.002869727392E1,-6.253482200845E1,1.353641955727E1));
#106=CARTESIAN_POINT('',(-2.882857675123E1,-6.196969008682E1,1.620017714125E1));
#107=CARTESIAN_POINT('',(-2.713081295363E1,-6.110543122125E1,1.874764654321E1));
#108=CARTESIAN_POINT('',(-2.491465727093E1,-5.989942855197E1,2.110027756985E1));
#109=CARTESIAN_POINT('',(-2.218950874993E1,-5.833452640023E1,2.314431933886E1));
#110=CARTESIAN_POINT('',(-1.902652147037E1,-5.645051052656E1,2.474168840183E1));
#111=CARTESIAN_POINT('',(-1.550077375764E1,-5.428061699019E1,2.576374619618E1));
#112=CARTESIAN_POINT('',(-1.304537810752E1,-5.277439091645E1,2.600000262981E1));
#113=CARTESIAN_POINT('',(-1.183166570242E1,-5.199999342953E1,2.599999999999E1));
#115=DIRECTION('',(-1.187140723074E-4,-1.378241554236E-6,-9.999999929525E-1));
#116=VECTOR('',#115,4.000335509608E0);
#117=CARTESIAN_POINT('',(-2.743323074089E1,7.931783563286E-8,7.999999999990E0));
#118=LINE('',#117,#116);
#119=DIRECTION('',(3.753672435168E-5,-8.993502956368E-5,9.999999952513E-1));
#120=VECTOR('',#119,3.999659002976E0);
#121=CARTESIAN_POINT('',(-3.090020489258E1,-6.290906467086E1,4.000341016018E0));
#122=LINE('',#121,#120);
#123=DIRECTION('',(-1.647997294185E-10,1.310276331878E-10,1.E0));
#124=VECTOR('',#123,4.E0);
#125=CARTESIAN_POINT('',(-2.5E1,-7.E1,4.E0));
#126=LINE('',#125,#124);
#127=CARTESIAN_POINT('',(-2.5E1,-6.4E1,4.E0));
#128=DIRECTION('',(0.E0,0.E0,-1.E0));
#129=DIRECTION('',(-1.E0,0.E0,0.E0));
#130=AXIS2_PLACEMENT_3D('',#127,#128,#129);
#132=CARTESIAN_POINT('',(-2.5E1,-6.4E1,4.E0));
#133=DIRECTION('',(0.E0,0.E0,-1.E0));
#134=DIRECTION('',(0.E0,-1.E0,0.E0));
#135=AXIS2_PLACEMENT_3D('',#132,#133,#134);
#137=DIRECTION('',(0.E0,-5.299989400032E-1,8.479983040051E-1));
#138=VECTOR('',#137,4.716990566028E0);
#139=CARTESIAN_POINT('',(-2.5E1,-6.75E1,0.E0));
#140=LINE('',#139,#138);
#141=DIRECTION('',(5.299040285646E-1,6.986566108184E-3,-8.480288370127E-1));
#142=VECTOR('',#141,4.716816860112E0);
#143=CARTESIAN_POINT('',(-2.743370563700E1,-5.434110794597E-6,
3.999664518574E0));
#144=LINE('',#143,#142);
#145=CARTESIAN_POINT('',(-3.090020489258E1,-6.290906467086E1,4.000341016018E0));
#146=CARTESIAN_POINT('',(-3.064354699687E1,-6.152089801832E1,4.000341016021E0));
#147=CARTESIAN_POINT('',(-3.030271054939E1,-5.858725681270E1,3.999846312541E0));
#148=CARTESIAN_POINT('',(-2.985960366545E1,-5.258498307202E1,4.000086388458E0));
#149=CARTESIAN_POINT('',(-2.937264161073E1,-4.190540707827E1,3.999952772503E0));
#150=CARTESIAN_POINT('',(-2.846572776660E1,-2.660831772434E1,3.999897665221E0));
#151=CARTESIAN_POINT('',(-2.768191731968E1,-1.164966124640E1,4.000346793821E0));
#152=CARTESIAN_POINT('',(-2.746977984430E1,-2.788751178009E0,3.999664518574E0));
#153=CARTESIAN_POINT('',(-2.743370563700E1,-5.434110794597E-6,
3.999664518574E0));
#155=DIRECTION('',(-5.211646300943E-1,9.636547500074E-2,8.479983039880E-1));
#156=VECTOR('',#155,4.717392703694E0);
#157=CARTESIAN_POINT('',(-2.844166666915E1,-6.336365845952E1,
4.039994303206E-9));
#158=LINE('',#157,#156);
#159=CARTESIAN_POINT('',(2.844166666673E1,6.336365846032E1,
-1.809930233168E-14));
#160=CARTESIAN_POINT('',(2.795099682634E1,6.061475247170E1,7.816431316660E-14));
#161=CARTESIAN_POINT('',(2.750152918734E1,5.508137232023E1,
-3.122274935797E-12));
#162=CARTESIAN_POINT('',(2.708678685303E1,4.676395577360E1,1.078989912383E-11));
#163=CARTESIAN_POINT('',(2.665914295055E1,3.844738698154E1,
-4.005293407080E-11));
#164=CARTESIAN_POINT('',(2.602173295079E1,2.736319791208E1,2.125662164483E-10));
#165=CARTESIAN_POINT('',(2.529971764427E1,1.454059835815E1,-1.569145839228E-9));
#166=CARTESIAN_POINT('',(2.499346141307E1,4.482274680210E0,2.666831904434E-9));
#167=CARTESIAN_POINT('',(2.493444343159E1,-3.167590826054E-2,
2.666832107800E-9));
#169=CARTESIAN_POINT('',(2.5E1,6.4E1,0.E0));
#170=DIRECTION('',(0.E0,0.E0,-1.E0));
#171=DIRECTION('',(1.E0,0.E0,0.E0));
#172=AXIS2_PLACEMENT_3D('',#169,#170,#171);
#174=CARTESIAN_POINT('',(2.5E1,6.4E1,0.E0));
#175=DIRECTION('',(0.E0,0.E0,-1.E0));
#176=DIRECTION('',(0.E0,1.E0,0.E0));
#177=AXIS2_PLACEMENT_3D('',#174,#175,#176);
#179=CARTESIAN_POINT('',(-2.5E1,6.4E1,0.E0));
#180=DIRECTION('',(0.E0,0.E0,-1.E0));
#181=DIRECTION('',(-1.E0,0.E0,0.E0));
#182=AXIS2_PLACEMENT_3D('',#179,#180,#181);
#184=CARTESIAN_POINT('',(-2.5E1,6.4E1,0.E0));
#185=DIRECTION('',(0.E0,0.E0,-1.E0));
#186=DIRECTION('',(-9.833333333529E-1,-1.818118684713E-1,0.E0));
#187=AXIS2_PLACEMENT_3D('',#184,#185,#186);
#189=CARTESIAN_POINT('',(-2.493424538083E1,3.294891870257E-2,
-3.321977090099E-4));
#190=CARTESIAN_POINT('',(-2.499372904237E1,4.525338011022E0,
-3.321977090100E-4));
#191=CARTESIAN_POINT('',(-2.530154672321E1,1.456210960018E1,1.964238418320E-4));
#192=CARTESIAN_POINT('',(-2.602164911319E1,2.736319820799E1,
-2.665965711923E-5));
#193=CARTESIAN_POINT('',(-2.665915874174E1,3.844738684934E1,5.022833945396E-6));
#194=CARTESIAN_POINT('',(-2.708678259885E1,4.676395575292E1,
-1.352301439164E-6));
#195=CARTESIAN_POINT('',(-2.750153040096E1,5.508137229466E1,3.863717899436E-7));
#196=CARTESIAN_POINT('',(-2.795099682523E1,6.061475246507E1,
1.029181124270E-13));
#197=CARTESIAN_POINT('',(-2.844166666673E1,6.336365846032E1,0.E0));
#199=CARTESIAN_POINT('',(-2.844166666915E1,-6.336365845952E1,
4.039994303206E-9));
#200=CARTESIAN_POINT('',(-2.829281300161E1,-6.255858023470E1,
4.039994253909E-9));
#201=CARTESIAN_POINT('',(-2.803922590426E1,-6.083743484300E1,
-1.959431708462E-9));
#202=CARTESIAN_POINT('',(-2.775118861047E1,-5.793331131698E1,
7.980419029536E-10));
#203=CARTESIAN_POINT('',(-2.751069660188E1,-5.470509355376E1,
-1.232714666213E-9));
#204=CARTESIAN_POINT('',(-2.730162267146E1,-5.113605283054E1,
4.132836811984E-9));
#205=CARTESIAN_POINT('',(-2.710805660296E1,-4.724275063892E1,
-1.529861384187E-8));
#206=CARTESIAN_POINT('',(-2.689844430537E1,-4.301556116515E1,
5.706163586438E-8));
#207=CARTESIAN_POINT('',(-2.664919966423E1,-3.840131824469E1,
-2.129479138630E-7));
#208=CARTESIAN_POINT('',(-2.636737522670E1,-3.338873567216E1,
7.947300336445E-7));
#209=CARTESIAN_POINT('',(-2.605841653938E1,-2.797445272526E1,
-2.965972208500E-6));
#210=CARTESIAN_POINT('',(-2.572919234885E1,-2.207227175383E1,
1.106915881058E-5));
#211=CARTESIAN_POINT('',(-2.540004883209E1,-1.555816593792E1,
-4.131066302576E-5));
#212=CARTESIAN_POINT('',(-2.510435786917E1,-8.322739836499E0,
1.541734932981E-4));
#213=CARTESIAN_POINT('',(-2.497108783932E1,-2.851146769221E0,
-3.321977090097E-4));
#214=CARTESIAN_POINT('',(-2.493424538083E1,3.294891870257E-2,
-3.321977090099E-4));
#216=CARTESIAN_POINT('',(-2.5E1,-6.4E1,0.E0));
#217=DIRECTION('',(0.E0,0.E0,-1.E0));
#218=DIRECTION('',(-1.E0,0.E0,0.E0));
#219=AXIS2_PLACEMENT_3D('',#216,#217,#218);
#221=CARTESIAN_POINT('',(-2.5E1,-6.4E1,0.E0));
#222=DIRECTION('',(0.E0,0.E0,-1.E0));
#223=DIRECTION('',(0.E0,-1.E0,0.E0));
#224=AXIS2_PLACEMENT_3D('',#221,#222,#223);
#226=CARTESIAN_POINT('',(2.5E1,-6.4E1,0.E0));
#227=DIRECTION('',(0.E0,0.E0,-1.E0));
#228=DIRECTION('',(1.E0,0.E0,0.E0));
#229=AXIS2_PLACEMENT_3D('',#226,#227,#228);
#231=CARTESIAN_POINT('',(2.5E1,-6.4E1,0.E0));
#232=DIRECTION('',(0.E0,0.E0,-1.E0));
#233=DIRECTION('',(9.833333333325E-1,1.818118685819E-1,0.E0));
#234=AXIS2_PLACEMENT_3D('',#231,#232,#233);
#236=CARTESIAN_POINT('',(2.493444343159E1,-3.167590826054E-2,
2.666832107800E-9));
#237=CARTESIAN_POINT('',(2.497073933272E1,-2.838507160198E0,2.666832210941E-9));
#238=CARTESIAN_POINT('',(2.518297440416E1,-1.175416798336E1,
-3.476858889895E-4));
#239=CARTESIAN_POINT('',(2.597066399732E1,-2.676741613857E1,
-9.567856264006E-5));
#240=CARTESIAN_POINT('',(2.687591660066E1,-4.202436597412E1,
-2.091032225256E-4));
#241=CARTESIAN_POINT('',(2.736198240541E1,-5.271400475706E1,
-1.252556884730E-4));
#242=CARTESIAN_POINT('',(2.781286303552E1,-5.881034739509E1,
-2.463093862952E-4));
#243=CARTESIAN_POINT('',(2.816201646940E1,-6.185116441491E1,2.666785769678E-9));
#244=CARTESIAN_POINT('',(2.844166666830E1,-6.336365845967E1,2.666785862729E-9));
#246=CARTESIAN_POINT('',(-2.5E1,6.4E1,0.E0));
#247=DIRECTION('',(0.E0,0.E0,1.E0));
#248=DIRECTION('',(-3.005795971802E-5,9.999999995483E-1,0.E0));
#249=AXIS2_PLACEMENT_3D('',#246,#247,#248);
#251=CARTESIAN_POINT('',(2.5E1,6.4E1,0.E0));
#252=DIRECTION('',(0.E0,0.E0,1.E0));
#253=DIRECTION('',(1.E0,0.E0,0.E0));
#254=AXIS2_PLACEMENT_3D('',#251,#252,#253);
#256=CARTESIAN_POINT('',(2.5E1,6.4E1,0.E0));
#257=DIRECTION('',(0.E0,0.E0,1.E0));
#258=DIRECTION('',(9.808406652767E-1,-1.948116765998E-1,0.E0));
#259=AXIS2_PLACEMENT_3D('',#256,#257,#258);
#261=CARTESIAN_POINT('',(5.990713821139E2,-1.249916777207E-10,0.E0));
#262=DIRECTION('',(0.E0,0.E0,-1.E0));
#263=DIRECTION('',(-1.E0,0.E0,0.E0));
#264=AXIS2_PLACEMENT_3D('',#261,#262,#263);
#266=CARTESIAN_POINT('',(5.990713821139E2,-1.249916777207E-10,0.E0));
#267=DIRECTION('',(0.E0,0.E0,-1.E0));
#268=DIRECTION('',(-9.938837885987E-1,-1.104310407481E-1,0.E0));
#269=AXIS2_PLACEMENT_3D('',#266,#267,#268);
#271=CARTESIAN_POINT('',(2.5E1,-6.4E1,0.E0));
#272=DIRECTION('',(0.E0,0.E0,1.E0));
#273=DIRECTION('',(1.E0,0.E0,0.E0));
#274=AXIS2_PLACEMENT_3D('',#271,#272,#273);
#276=CARTESIAN_POINT('',(2.5E1,-6.4E1,0.E0));
#277=DIRECTION('',(0.E0,0.E0,1.E0));
#278=DIRECTION('',(3.005795978197E-5,-9.999999995483E-1,0.E0));
#279=AXIS2_PLACEMENT_3D('',#276,#277,#278);
#281=CARTESIAN_POINT('',(-2.5E1,-6.4E1,0.E0));
#282=DIRECTION('',(0.E0,0.E0,1.E0));
#283=DIRECTION('',(-1.E0,0.E0,0.E0));
#284=AXIS2_PLACEMENT_3D('',#281,#282,#283);
#286=CARTESIAN_POINT('',(-2.5E1,-6.4E1,0.E0));
#287=DIRECTION('',(0.E0,0.E0,1.E0));
#288=DIRECTION('',(-9.808406652515E-1,1.948116767264E-1,0.E0));
#289=AXIS2_PLACEMENT_3D('',#286,#287,#288);
#291=CARTESIAN_POINT('',(-5.990713821139E2,-1.249183150586E-10,0.E0));
#292=DIRECTION('',(0.E0,0.E0,-1.E0));
#293=DIRECTION('',(1.E0,0.E0,0.E0));
#294=AXIS2_PLACEMENT_3D('',#291,#292,#293);
#296=CARTESIAN_POINT('',(-5.990713821139E2,-1.249183150586E-10,0.E0));
#297=DIRECTION('',(0.E0,0.E0,-1.E0));
#298=DIRECTION('',(9.938837885986E-1,1.104310407491E-1,0.E0));
#299=AXIS2_PLACEMENT_3D('',#296,#297,#298);
#301=CARTESIAN_POINT('',(-2.5E1,6.4E1,0.E0));
#302=DIRECTION('',(0.E0,0.E0,1.E0));
#303=DIRECTION('',(-1.E0,0.E0,0.E0));
#304=AXIS2_PLACEMENT_3D('',#301,#302,#303);
#306=DIRECTION('',(5.211656243312E-1,-9.636009765511E-2,8.479983040050E-1));
#307=VECTOR('',#306,4.716990566029E0);
#308=CARTESIAN_POINT('',(2.844166666673E1,6.336365846032E1,
-1.809930233168E-14));
#309=LINE('',#308,#307);
#310=DIRECTION('',(-5.298425623279E-1,-6.725223227836E-3,-8.480693547808E-1));
#311=VECTOR('',#310,4.718183913335E0);
#312=CARTESIAN_POINT('',(2.743433808577E1,5.493178662772E-5,4.001347189786E0));
#313=LINE('',#312,#311);
#314=CARTESIAN_POINT('',(3.090000000004E1,6.290912878874E1,4.E0));
#315=CARTESIAN_POINT('',(3.083026153645E1,6.253194683470E1,3.996654079064E0));
#316=CARTESIAN_POINT('',(3.069670423621E1,6.171803685288E1,3.996805612452E0));
#317=CARTESIAN_POINT('',(3.051337554245E1,6.032465008202E1,4.002819455301E0));
#318=CARTESIAN_POINT('',(3.034262470317E1,5.873069129460E1,4.005669913280E0));
#319=CARTESIAN_POINT('',(3.018243327938E1,5.691315653312E1,4.001089875275E0));
#320=CARTESIAN_POINT('',(3.003090976309E1,5.484992240484E1,3.998973828754E0));
#321=CARTESIAN_POINT('',(2.988528862450E1,5.251007254706E1,4.004227228808E0));
#322=CARTESIAN_POINT('',(2.974324020875E1,4.989564398931E1,4.002797485130E0));
#323=CARTESIAN_POINT('',(2.960041700469E1,4.702400364640E1,3.999112058067E0));
#324=CARTESIAN_POINT('',(2.944192130791E1,4.381876652803E1,4.001376423919E0));
#325=CARTESIAN_POINT('',(2.924983752332E1,4.017173041829E1,3.999857486316E0));
#326=CARTESIAN_POINT('',(2.902194165295E1,3.603449014506E1,4.000220039590E0));
#327=CARTESIAN_POINT('',(2.875295354282E1,3.130353874529E1,3.999753561083E0));
#328=CARTESIAN_POINT('',(2.844510774946E1,2.590503564611E1,4.000456116738E0));
#329=CARTESIAN_POINT('',(2.811057179764E1,1.977993940917E1,3.999508456299E0));
#330=CARTESIAN_POINT('',(2.777637190462E1,1.275171971211E1,4.000562827522E0));
#331=CARTESIAN_POINT('',(2.753509864772E1,5.818239726142E0,3.998536768585E0));
#332=CARTESIAN_POINT('',(2.745886729770E1,1.862433668950E0,4.001138611789E0));
#333=CARTESIAN_POINT('',(2.743433808577E1,5.493178662772E-5,4.001347189786E0));
#335=DIRECTION('',(0.E0,5.299989400032E-1,8.479983040051E-1));
#336=VECTOR('',#335,4.716990566028E0);
#337=CARTESIAN_POINT('',(2.5E1,6.75E1,0.E0));
#338=LINE('',#337,#336);
#339=CARTESIAN_POINT('',(2.5E1,6.4E1,4.E0));
#340=DIRECTION('',(0.E0,0.E0,-1.E0));
#341=DIRECTION('',(1.E0,0.E0,0.E0));
#342=AXIS2_PLACEMENT_3D('',#339,#340,#341);
#344=CARTESIAN_POINT('',(2.5E1,6.4E1,4.E0));
#345=DIRECTION('',(0.E0,0.E0,-1.E0));
#346=DIRECTION('',(0.E0,1.E0,0.E0));
#347=AXIS2_PLACEMENT_3D('',#344,#345,#346);
#349=DIRECTION('',(-1.E0,0.E0,0.E0));
#350=VECTOR('',#349,5.E1);
#351=CARTESIAN_POINT('',(2.5E1,6.75E1,0.E0));
#352=LINE('',#351,#350);
#353=DIRECTION('',(-1.E0,0.E0,0.E0));
#354=VECTOR('',#353,5.E1);
#355=CARTESIAN_POINT('',(2.5E1,7.E1,4.E0));
#356=LINE('',#355,#354);
#357=DIRECTION('',(1.647997294185E-10,-1.310311859015E-10,1.E0));
#358=VECTOR('',#357,4.E0);
#359=CARTESIAN_POINT('',(2.5E1,7.E1,4.E0));
#360=LINE('',#359,#358);
#361=DIRECTION('',(2.769294680292E-4,1.375826667392E-5,-9.999999615604E-1));
#362=VECTOR('',#361,3.998652963910E0);
#363=CARTESIAN_POINT('',(2.743323074093E1,-8.274718621415E-8,7.999999999989E0));
#364=LINE('',#363,#362);
#365=DIRECTION('',(1.368961081868E-5,7.389789302880E-5,9.999999971758E-1));
#366=VECTOR('',#365,4.000000011298E0);
#367=CARTESIAN_POINT('',(3.090000000004E1,6.290912878874E1,4.E0));
#368=LINE('',#367,#366);
#369=DIRECTION('',(-1.363406895116E-5,7.359906531142E-5,-9.999999971986E-1));
#370=VECTOR('',#369,4.000000011207E0);
#371=CARTESIAN_POINT('',(3.090005453628E1,-6.290942318480E1,7.999999999994E0));
#372=LINE('',#371,#370);
#373=CARTESIAN_POINT('',(2.743323074093E1,-8.274718621415E-8,7.999999999989E0));
#374=CARTESIAN_POINT('',(2.750541314718E1,-5.480443985141E0,7.999999999989E0));
#375=CARTESIAN_POINT('',(2.800936432757E1,-1.987070035599E1,7.999999999962E0));
#376=CARTESIAN_POINT('',(2.905788000023E1,-3.578216868353E1,7.999999999978E0));
#377=CARTESIAN_POINT('',(2.990099390763E1,-5.324581192671E1,7.999999999972E0));
#378=CARTESIAN_POINT('',(3.030758756623E1,-5.970505305703E1,7.999999999994E0));
#379=CARTESIAN_POINT('',(3.090005453628E1,-6.290942318480E1,7.999999999994E0));
#381=DIRECTION('',(-5.025966025584E-7,-3.481659405224E-13,-9.999999999999E-1));
#382=VECTOR('',#381,4.000000000001E0);
#383=CARTESIAN_POINT('',(2.500000201039E1,-7.E1,8.E0));
#384=LINE('',#383,#382);
#385=DIRECTION('',(0.E0,5.299989400032E-1,-8.479983040051E-1));
#386=VECTOR('',#385,4.716990566028E0);
#387=CARTESIAN_POINT('',(2.5E1,-7.E1,4.E0));
#388=LINE('',#387,#386);
#389=CARTESIAN_POINT('',(2.5E1,-6.4E1,4.E0));
#390=DIRECTION('',(0.E0,0.E0,-1.E0));
#391=DIRECTION('',(1.E0,0.E0,0.E0));
#392=AXIS2_PLACEMENT_3D('',#389,#390,#391);
#394=CARTESIAN_POINT('',(2.5E1,-6.4E1,4.E0));
#395=DIRECTION('',(0.E0,0.E0,-1.E0));
#396=DIRECTION('',(9.833333333333E-1,1.818118685773E-1,0.E0));
#397=AXIS2_PLACEMENT_3D('',#394,#395,#396);
#399=DIRECTION('',(1.E0,0.E0,0.E0));
#400=VECTOR('',#399,5.E1);
#401=CARTESIAN_POINT('',(-2.5E1,-6.75E1,0.E0));
#402=LINE('',#401,#400);
#403=DIRECTION('',(1.E0,0.E0,0.E0));
#404=VECTOR('',#403,5.E1);
#405=CARTESIAN_POINT('',(-2.5E1,-7.E1,4.E0));
#406=LINE('',#405,#404);
#407=CARTESIAN_POINT('',(8.E0,-6.624780684878E1,1.9E1));
#408=CARTESIAN_POINT('',(8.E0,-6.668622254044E1,1.843213980961E1));
#409=CARTESIAN_POINT('',(7.878657132436E0,-6.744737903802E1,1.730614401388E1));
#410=CARTESIAN_POINT('',(7.356681677403E0,-6.829380438298E1,1.571130784621E1));
#411=CARTESIAN_POINT('',(6.515980471297E0,-6.889529623525E1,1.426263738659E1));
#412=CARTESIAN_POINT('',(5.428728899945E0,-6.929001289001E1,1.304875390955E1));
#413=CARTESIAN_POINT('',(4.090895354439E0,-6.954430900689E1,1.205646027496E1));
#414=CARTESIAN_POINT('',(2.530842784120E0,-6.968900283645E1,1.134577698305E1));
#415=CARTESIAN_POINT('',(8.400068107135E-1,-6.975137199145E1,1.098195355157E1));
#416=CARTESIAN_POINT('',(-8.914041082732E-1,-6.975045988469E1,
1.098763750021E1));
#417=CARTESIAN_POINT('',(-2.576602261779E0,-6.968612829074E1,1.136140085534E1));
#418=CARTESIAN_POINT('',(-4.130404743701E0,-6.953907634218E1,1.207969085324E1));
#419=CARTESIAN_POINT('',(-5.469913928360E0,-6.927976784508E1,1.308518957210E1));
#420=CARTESIAN_POINT('',(-6.557660365095E0,-6.887480947316E1,1.431921211739E1));
#421=CARTESIAN_POINT('',(-7.385594780435E0,-6.826231232588E1,1.577786290174E1));
#422=CARTESIAN_POINT('',(-7.887248210012E0,-6.741434199735E1,1.735860571594E1));
#423=CARTESIAN_POINT('',(-8.E0,-6.667106620174E1,1.845177113563E1));
#424=CARTESIAN_POINT('',(-8.E0,-6.624780684877E1,1.9E1));
#426=DIRECTION('',(-9.999999999985E-1,-1.714459474354E-6,2.865042548040E-12));
#427=VECTOR('',#426,3.831665702488E0);
#428=CARTESIAN_POINT('',(1.183166570248E1,-5.199999343076E1,2.599999999999E1));
#429=LINE('',#428,#427);
#430=CARTESIAN_POINT('',(2.500000201039E1,-7.E1,8.E0));
#431=CARTESIAN_POINT('',(2.500000200688E1,-7.E1,8.879524100479E0));
#432=CARTESIAN_POINT('',(2.489588163215E1,-6.987069021255E1,1.066709427778E1));
#433=CARTESIAN_POINT('',(2.440944908470E1,-6.925786087738E1,1.336564935117E1));
#434=CARTESIAN_POINT('',(2.358015599208E1,-6.819897864342E1,1.602867626429E1));
#435=CARTESIAN_POINT('',(2.239239586736E1,-6.664444121698E1,1.861803322806E1));
#436=CARTESIAN_POINT('',(2.083526947292E1,-6.456415640469E1,2.102530515338E1));
#437=CARTESIAN_POINT('',(1.894232441940E1,-6.198031957981E1,2.310605032412E1));
#438=CARTESIAN_POINT('',(1.675212705274E1,-5.894447424616E1,2.472857248180E1));
#439=CARTESIAN_POINT('',(1.433852024128E1,-5.556072857669E1,2.576314922676E1));
#440=CARTESIAN_POINT('',(1.268093854559E1,-5.319273557525E1,2.599999999999E1));
#441=CARTESIAN_POINT('',(1.183166570248E1,-5.199999343076E1,2.599999999999E1));
#443=DIRECTION('',(1.E0,-1.045464117638E-11,0.E0));
#444=VECTOR('',#443,5.000000201105E1);
#445=CARTESIAN_POINT('',(-2.500000000066E1,-6.999999999948E1,8.E0));
#446=LINE('',#445,#444);
#447=CARTESIAN_POINT('',(-1.183166570242E1,-5.199999342953E1,2.599999999999E1));
#448=CARTESIAN_POINT('',(-1.268144541413E1,-5.319341079267E1,2.599999999999E1));
#449=CARTESIAN_POINT('',(-1.434019096119E1,-5.556311222140E1,2.576291216593E1));
#450=CARTESIAN_POINT('',(-1.675653062675E1,-5.895064259864E1,2.472629384817E1));
#451=CARTESIAN_POINT('',(-1.894883771961E1,-6.198931160287E1,2.310046687194E1));
#452=CARTESIAN_POINT('',(-2.084343033880E1,-6.457521769290E1,2.101483626763E1));
#453=CARTESIAN_POINT('',(-2.239789520058E1,-6.665170289018E1,1.860723656126E1));
#454=CARTESIAN_POINT('',(-2.358132935227E1,-6.820051562674E1,1.602503542364E1));
#455=CARTESIAN_POINT('',(-2.441094895398E1,-6.925980710504E1,1.336012525607E1));
#456=CARTESIAN_POINT('',(-2.489661102837E1,-6.987164958537E1,1.065985075922E1));
#457=CARTESIAN_POINT('',(-2.499999999655E1,-6.999999999948E1,8.876506725305E0));
#458=CARTESIAN_POINT('',(-2.500000000066E1,-6.999999999948E1,8.E0));
#460=DIRECTION('',(-9.999999999985E-1,1.714781749947E-6,-2.865042548090E-12));
#461=VECTOR('',#460,3.831665702421E0);
#462=CARTESIAN_POINT('',(-8.E0,-5.2E1,2.6E1));
#463=LINE('',#462,#461);
#464=CARTESIAN_POINT('',(-8.E0,5.2E1,8.E0));
#465=DIRECTION('',(1.E0,0.E0,0.E0));
#466=DIRECTION('',(0.E0,7.915448249319E-1,6.111111111111E-1));
#467=AXIS2_PLACEMENT_3D('',#464,#465,#466);
#469=CARTESIAN_POINT('',(-8.E0,-5.2E1,8.E0));
#470=DIRECTION('',(1.E0,0.E0,0.E0));
#471=DIRECTION('',(0.E0,0.E0,1.E0));
#472=AXIS2_PLACEMENT_3D('',#469,#470,#471);
#474=DIRECTION('',(0.E0,-1.E0,0.E0));
#475=VECTOR('',#474,1.04E2);
#476=CARTESIAN_POINT('',(-8.E0,5.2E1,2.6E1));
#477=LINE('',#476,#475);
#478=DIRECTION('',(9.999999999985E-1,1.714459478063E-6,2.865042548040E-12));
#479=VECTOR('',#478,3.831665702488E0);
#480=CARTESIAN_POINT('',(-1.183166570248E1,5.199999343076E1,2.599999999999E1));
#481=LINE('',#480,#479);
#482=CARTESIAN_POINT('',(-2.500000201039E1,7.E1,8.E0));
#483=CARTESIAN_POINT('',(-2.500000200688E1,7.E1,8.879524100479E0));
#484=CARTESIAN_POINT('',(-2.489588163215E1,6.987069021255E1,1.066709427778E1));
#485=CARTESIAN_POINT('',(-2.440944908470E1,6.925786087738E1,1.336564935117E1));
#486=CARTESIAN_POINT('',(-2.358015599208E1,6.819897864342E1,1.602867626429E1));
#487=CARTESIAN_POINT('',(-2.239239586736E1,6.664444121698E1,1.861803322806E1));
#488=CARTESIAN_POINT('',(-2.083526947292E1,6.456415640469E1,2.102530515338E1));
#489=CARTESIAN_POINT('',(-1.894232441940E1,6.198031957981E1,2.310605032412E1));
#490=CARTESIAN_POINT('',(-1.675212705274E1,5.894447424616E1,2.472857248180E1));
#491=CARTESIAN_POINT('',(-1.433852024128E1,5.556072857669E1,2.576314922676E1));
#492=CARTESIAN_POINT('',(-1.268093854559E1,5.319273557525E1,2.599999999999E1));
#493=CARTESIAN_POINT('',(-1.183166570248E1,5.199999343076E1,2.599999999999E1));
#495=DIRECTION('',(-1.E0,1.045464117638E-11,0.E0));
#496=VECTOR('',#495,5.000000201105E1);
#497=CARTESIAN_POINT('',(2.500000000066E1,6.999999999948E1,8.E0));
#498=LINE('',#497,#496);
#499=CARTESIAN_POINT('',(1.183166570242E1,5.199999342953E1,2.599999999999E1));
#500=CARTESIAN_POINT('',(1.268144541413E1,5.319341079266E1,2.599999999999E1));
#501=CARTESIAN_POINT('',(1.434019096118E1,5.556311222138E1,2.576291216594E1));
#502=CARTESIAN_POINT('',(1.675653062673E1,5.895064259862E1,2.472629384818E1));
#503=CARTESIAN_POINT('',(1.894883771961E1,6.198931160287E1,2.310046687195E1));
#504=CARTESIAN_POINT('',(2.084343033878E1,6.457521769288E1,2.101483626765E1));
#505=CARTESIAN_POINT('',(2.239789520055E1,6.665170289015E1,1.860723656130E1));
#506=CARTESIAN_POINT('',(2.358132935225E1,6.820051562672E1,1.602503542367E1));
#507=CARTESIAN_POINT('',(2.441094895397E1,6.925980710503E1,1.336012525611E1));
#508=CARTESIAN_POINT('',(2.489661102836E1,6.987164958537E1,1.065985075925E1));
#509=CARTESIAN_POINT('',(2.499999999655E1,6.999999999948E1,8.876506725317E0));
#510=CARTESIAN_POINT('',(2.500000000066E1,6.999999999948E1,8.E0));
#512=DIRECTION('',(9.999999999985E-1,-1.714781746238E-6,-2.865042548090E-12));
#513=VECTOR('',#512,3.831665702421E0);
#514=CARTESIAN_POINT('',(8.E0,5.2E1,2.6E1));
#515=LINE('',#514,#513);
#516=CARTESIAN_POINT('',(-8.E0,6.624780684877E1,1.9E1));
#517=CARTESIAN_POINT('',(-8.E0,6.668622254052E1,1.843213980951E1));
#518=CARTESIAN_POINT('',(-7.878657132405E0,6.744737903819E1,1.730614401360E1));
#519=CARTESIAN_POINT('',(-7.356681677237E0,6.829380438314E1,1.571130784587E1));
#520=CARTESIAN_POINT('',(-6.515980471027E0,6.889529623536E1,1.426263738629E1));
#521=CARTESIAN_POINT('',(-5.428728899716E0,6.929001289008E1,1.304875390931E1));
#522=CARTESIAN_POINT('',(-4.090895354194E0,6.954430900692E1,1.205646027480E1));
#523=CARTESIAN_POINT('',(-2.530842783822E0,6.968900283647E1,1.134577698297E1));
#524=CARTESIAN_POINT('',(-8.400068104306E-1,6.975137199146E1,1.098195355156E1));
#525=CARTESIAN_POINT('',(8.914041084641E-1,6.975045988469E1,1.098763750022E1));
#526=CARTESIAN_POINT('',(2.576602261862E0,6.968612829073E1,1.136140085535E1));
#527=CARTESIAN_POINT('',(4.130404743717E0,6.953907634217E1,1.207969085327E1));
#528=CARTESIAN_POINT('',(5.469913928401E0,6.927976784507E1,1.308518957215E1));
#529=CARTESIAN_POINT('',(6.557660365209E0,6.887480947311E1,1.431921211751E1));
#530=CARTESIAN_POINT('',(7.385594780539E0,6.826231232579E1,1.577786290193E1));
#531=CARTESIAN_POINT('',(7.887248210019E0,6.741434199723E1,1.735860571613E1));
#532=CARTESIAN_POINT('',(8.E0,6.667106620169E1,1.845177113571E1));
#533=CARTESIAN_POINT('',(8.E0,6.624780684878E1,1.9E1));
#535=CARTESIAN_POINT('',(-9.431841465389E0,-3.027383366216E-8,
2.599999999997E1));
#536=CARTESIAN_POINT('',(-9.448476884881E0,-1.321965420906E0,2.599999999997E1));
#537=CARTESIAN_POINT('',(-9.523363056482E0,-5.632319814020E0,2.599999999994E1));
#538=CARTESIAN_POINT('',(-9.760216088311E0,-1.292996253913E1,2.599999999996E1));
#539=CARTESIAN_POINT('',(-1.019057245827E1,-2.188626635305E1,2.599999999995E1));
#540=CARTESIAN_POINT('',(-1.069597675804E1,-3.083941272058E1,2.599999999996E1));
#541=CARTESIAN_POINT('',(-1.112327867495E1,-3.829992417861E1,2.599999999996E1));
#542=CARTESIAN_POINT('',(-1.140243869586E1,-4.352352248759E1,2.599999999995E1));
#543=CARTESIAN_POINT('',(-1.155345606453E1,-4.650896417137E1,2.599999999996E1));
#544=CARTESIAN_POINT('',(-1.168002314640E1,-4.908588630005E1,2.599999999995E1));
#545=CARTESIAN_POINT('',(-1.177290288724E1,-5.091625545590E1,2.599999999999E1));
#546=CARTESIAN_POINT('',(-1.183166570242E1,-5.199999342953E1,2.599999999999E1));
#548=CARTESIAN_POINT('',(-1.183166570248E1,5.199999343076E1,2.599999999999E1));
#549=CARTESIAN_POINT('',(-1.177290288721E1,5.091625545549E1,2.599999999999E1));
#550=CARTESIAN_POINT('',(-1.168002314654E1,4.908588630286E1,2.599999999995E1));
#551=CARTESIAN_POINT('',(-1.155345606452E1,4.650896417111E1,2.599999999996E1));
#552=CARTESIAN_POINT('',(-1.140243869587E1,4.352352248775E1,2.599999999995E1));
#553=CARTESIAN_POINT('',(-1.112327867494E1,3.829992417839E1,2.599999999996E1));
#554=CARTESIAN_POINT('',(-1.069597675808E1,3.083941272146E1,2.599999999996E1));
#555=CARTESIAN_POINT('',(-1.019057245816E1,2.188626634996E1,2.599999999995E1));
#556=CARTESIAN_POINT('',(-9.760216088744E0,1.292996255061E1,2.599999999996E1));
#557=CARTESIAN_POINT('',(-9.523363054266E0,5.632319750998E0,2.599999999994E1));
#558=CARTESIAN_POINT('',(-9.448476884969E0,1.321965390634E0,2.599999999997E1));
#559=CARTESIAN_POINT('',(-9.431841465389E0,-3.027383366216E-8,
2.599999999997E1));
#561=CARTESIAN_POINT('',(-2.5E1,6.4E1,8.E0));
#562=DIRECTION('',(0.E0,0.E0,1.E0));
#563=DIRECTION('',(0.E0,1.E0,0.E0));
#564=AXIS2_PLACEMENT_3D('',#561,#562,#563);
#566=CARTESIAN_POINT('',(2.5E1,6.4E1,8.E0));
#567=DIRECTION('',(0.E0,0.E0,1.E0));
#568=DIRECTION('',(9.833333333333E-1,-1.818118685773E-1,0.E0));
#569=AXIS2_PLACEMENT_3D('',#566,#567,#568);
#571=CARTESIAN_POINT('',(9.431841465389E0,3.027421217420E-8,2.599999999997E1));
#572=CARTESIAN_POINT('',(1.047223388809E1,-5.456955754413E-5,2.600000233828E1));
#573=CARTESIAN_POINT('',(1.258144609298E1,-7.677081712859E-4,2.581138993646E1));
#574=CARTESIAN_POINT('',(1.561845167207E1,2.133548542628E-5,2.500122008884E1));
#575=CARTESIAN_POINT('',(1.847874187494E1,2.183016025428E-4,2.366773139928E1));
#576=CARTESIAN_POINT('',(2.106262327150E1,1.442198534836E-4,2.185780564786E1));
#577=CARTESIAN_POINT('',(2.329183488933E1,-5.410710731323E-5,1.962852272027E1));
#578=CARTESIAN_POINT('',(2.510049878576E1,7.125662476470E-4,1.704639291799E1));
#579=CARTESIAN_POINT('',(2.643360850450E1,1.010431905899E-3,1.418720640457E1));
#580=CARTESIAN_POINT('',(2.724999177049E1,5.575175435417E-4,1.114505473313E1));
#581=CARTESIAN_POINT('',(2.743323325619E1,1.910062997036E-4,9.040460067678E0));
#582=CARTESIAN_POINT('',(2.743323074093E1,-8.274718621415E-8,7.999999999989E0));
#584=CARTESIAN_POINT('',(3.090005475848E1,6.290942438031E1,8.000000000002E0));
#585=CARTESIAN_POINT('',(3.090022191917E1,6.291032891700E1,8.892664669970E0));
#586=CARTESIAN_POINT('',(3.075475474903E1,6.284840183404E1,1.072058720705E1));
#587=CARTESIAN_POINT('',(3.002869727392E1,6.253482200845E1,1.353641955727E1));
#588=CARTESIAN_POINT('',(2.882857675123E1,6.196969008682E1,1.620017714125E1));
#589=CARTESIAN_POINT('',(2.713081295363E1,6.110543122125E1,1.874764654321E1));
#590=CARTESIAN_POINT('',(2.491465727093E1,5.989942855197E1,2.110027756985E1));
#591=CARTESIAN_POINT('',(2.218950874993E1,5.833452640023E1,2.314431933886E1));
#592=CARTESIAN_POINT('',(1.902652147037E1,5.645051052656E1,2.474168840183E1));
#593=CARTESIAN_POINT('',(1.550077375764E1,5.428061699019E1,2.576374619618E1));
#594=CARTESIAN_POINT('',(1.304537810752E1,5.277439091645E1,2.600000262981E1));
#595=CARTESIAN_POINT('',(1.183166570242E1,5.199999342953E1,2.599999999999E1));
#597=CARTESIAN_POINT('',(2.743323074093E1,-8.274718621415E-8,7.999999999989E0));
#598=CARTESIAN_POINT('',(2.744887130096E1,1.188242622777E0,7.999999999989E0));
#599=CARTESIAN_POINT('',(2.752059799892E1,5.238097289166E0,8.000000000020E0));
#600=CARTESIAN_POINT('',(2.774557427203E1,1.218658177164E1,7.999999999998E0));
#601=CARTESIAN_POINT('',(2.816506507108E1,2.092397559479E1,8.000000000005E0));
#602=CARTESIAN_POINT('',(2.866570013628E1,2.979548540639E1,8.000000000003E0));
#603=CARTESIAN_POINT('',(2.909537580825E1,3.729678829476E1,8.000000000004E0));
#604=CARTESIAN_POINT('',(2.937779940387E1,4.258059416697E1,8.000000000004E0));
#605=CARTESIAN_POINT('',(2.953159182832E1,4.562110131162E1,8.000000000004E0));
#606=CARTESIAN_POINT('',(2.967819739389E1,4.860627482655E1,8.000000000004E0));
#607=CARTESIAN_POINT('',(2.986357484010E1,5.222991329644E1,8.000000000003E0));
#608=CARTESIAN_POINT('',(3.012747187093E1,5.638156109391E1,8.000000000004E0));
#609=CARTESIAN_POINT('',(3.041627249022E1,5.957375192605E1,8.000000000003E0));
#610=CARTESIAN_POINT('',(3.066871390074E1,6.151581781101E1,8.000000000005E0));
#611=CARTESIAN_POINT('',(3.080523389739E1,6.237696815842E1,8.000000000002E0));
#612=CARTESIAN_POINT('',(3.086798401962E1,6.273420952910E1,8.000000000006E0));
#613=CARTESIAN_POINT('',(3.089194551460E1,6.286539714558E1,8.000000000003E0));
#614=CARTESIAN_POINT('',(3.089672641669E1,6.289140309327E1,8.000000000005E0));
#615=CARTESIAN_POINT('',(3.089890190809E1,6.290318609843E1,8.000000000002E0));
#616=CARTESIAN_POINT('',(3.090005475848E1,6.290942438031E1,8.000000000002E0));
#618=CARTESIAN_POINT('',(1.183166570248E1,-5.199999343076E1,2.599999999999E1));
#619=CARTESIAN_POINT('',(1.306320868671E1,-5.278565137315E1,2.600000266846E1));
#620=CARTESIAN_POINT('',(1.554936254365E1,-5.430901320218E1,2.575536233286E1));
#621=CARTESIAN_POINT('',(1.907067391269E1,-5.647678380773E1,2.472475410282E1));
#622=CARTESIAN_POINT('',(2.225003017200E1,-5.837038821279E1,2.310778783941E1));
#623=CARTESIAN_POINT('',(2.496550638209E1,-5.992786182881E1,2.105422156138E1));
#624=CARTESIAN_POINT('',(2.716835771137E1,-6.112246384050E1,1.869900476624E1));
#625=CARTESIAN_POINT('',(2.884981187149E1,-6.197964583880E1,1.615998832267E1));
#626=CARTESIAN_POINT('',(3.004065863239E1,-6.254012809991E1,1.350185729604E1));
#627=CARTESIAN_POINT('',(3.075835338185E1,-6.284724854884E1,1.069047980443E1));
#628=CARTESIAN_POINT('',(3.090010375647E1,-6.290968952417E1,8.881512564882E0));
#629=CARTESIAN_POINT('',(3.090005453628E1,-6.290942318480E1,7.999999999994E0));
#631=CARTESIAN_POINT('',(2.5E1,-6.4E1,8.E0));
#632=DIRECTION('',(0.E0,0.E0,1.E0));
#633=DIRECTION('',(0.E0,-1.E0,0.E0));
#634=AXIS2_PLACEMENT_3D('',#631,#632,#633);
#636=DIRECTION('',(0.E0,-1.E0,0.E0));
#637=VECTOR('',#636,1.04E2);
#638=CARTESIAN_POINT('',(8.E0,5.2E1,2.6E1));
#639=LINE('',#638,#637);
#640=CARTESIAN_POINT('',(9.431841465389E0,3.027421217420E-8,2.599999999997E1));
#641=CARTESIAN_POINT('',(9.448476884881E0,1.321965420906E0,2.599999999997E1));
#642=CARTESIAN_POINT('',(9.523363056482E0,5.632319814020E0,2.599999999994E1));
#643=CARTESIAN_POINT('',(9.760216088311E0,1.292996253913E1,2.599999999996E1));
#644=CARTESIAN_POINT('',(1.019057245827E1,2.188626635305E1,2.599999999995E1));
#645=CARTESIAN_POINT('',(1.069597675804E1,3.083941272058E1,2.599999999996E1));
#646=CARTESIAN_POINT('',(1.112327867495E1,3.829992417861E1,2.599999999996E1));
#647=CARTESIAN_POINT('',(1.140243869586E1,4.352352248759E1,2.599999999995E1));
#648=CARTESIAN_POINT('',(1.155345606453E1,4.650896417137E1,2.599999999996E1));
#649=CARTESIAN_POINT('',(1.168002314640E1,4.908588630005E1,2.599999999995E1));
#650=CARTESIAN_POINT('',(1.177290288724E1,5.091625545590E1,2.599999999999E1));
#651=CARTESIAN_POINT('',(1.183166570242E1,5.199999342953E1,2.599999999999E1));
#653=CARTESIAN_POINT('',(1.183166570248E1,-5.199999343076E1,2.599999999999E1));
#654=CARTESIAN_POINT('',(1.177290288721E1,-5.091625545549E1,2.599999999999E1));
#655=CARTESIAN_POINT('',(1.168002314654E1,-4.908588630286E1,2.599999999995E1));
#656=CARTESIAN_POINT('',(1.155345606452E1,-4.650896417111E1,2.599999999996E1));
#657=CARTESIAN_POINT('',(1.140243869587E1,-4.352352248775E1,2.599999999995E1));
#658=CARTESIAN_POINT('',(1.112327867494E1,-3.829992417839E1,2.599999999996E1));
#659=CARTESIAN_POINT('',(1.069597675808E1,-3.083941272146E1,2.599999999996E1));
#660=CARTESIAN_POINT('',(1.019057245816E1,-2.188626634996E1,2.599999999995E1));
#661=CARTESIAN_POINT('',(9.760216088744E0,-1.292996255061E1,2.599999999996E1));
#662=CARTESIAN_POINT('',(9.523363054266E0,-5.632319750997E0,2.599999999994E1));
#663=CARTESIAN_POINT('',(9.448476884969E0,-1.321965390634E0,2.599999999997E1));
#664=CARTESIAN_POINT('',(9.431841465389E0,3.027421217420E-8,2.599999999997E1));
#666=CARTESIAN_POINT('',(8.E0,5.2E1,8.E0));
#667=DIRECTION('',(-1.E0,0.E0,0.E0));
#668=DIRECTION('',(0.E0,0.E0,1.E0));
#669=AXIS2_PLACEMENT_3D('',#666,#667,#668);
#671=CARTESIAN_POINT('',(8.E0,-5.2E1,8.E0));
#672=DIRECTION('',(-1.E0,0.E0,0.E0));
#673=DIRECTION('',(0.E0,-7.915448249319E-1,6.111111111111E-1));
#674=AXIS2_PLACEMENT_3D('',#671,#672,#673);
#676=DIRECTION('',(0.E0,1.E0,0.E0));
#677=VECTOR('',#676,1.324956136976E2);
#678=CARTESIAN_POINT('',(8.E0,-6.624780684878E1,1.9E1));
#679=LINE('',#678,#677);
#680=DIRECTION('',(0.E0,-1.E0,0.E0));
#681=VECTOR('',#680,1.324956136975E2);
#682=CARTESIAN_POINT('',(-8.E0,6.624780684877E1,1.9E1));
#683=LINE('',#682,#681);
#684=CARTESIAN_POINT('',(-2.5E1,-6.4E1,8.E0));
#685=DIRECTION('',(0.E0,0.E0,1.E0));
#686=DIRECTION('',(-9.833333333333E-1,1.818118685773E-1,0.E0));
#687=AXIS2_PLACEMENT_3D('',#684,#685,#686);
#689=DIRECTION('',(-5.211656243374E-1,-9.636009762492E-2,-8.479983040046E-1));
#690=VECTOR('',#689,4.716990562877E0);
#691=CARTESIAN_POINT('',(3.09E1,-6.290912878854E1,3.999999999992E0));
#692=LINE('',#691,#690);
#693=CARTESIAN_POINT('',(2.743433808577E1,5.493178662772E-5,4.001347189786E0));
#694=CARTESIAN_POINT('',(2.747041203202E1,-2.788725546558E0,4.001347189786E0));
#695=CARTESIAN_POINT('',(2.768125688143E1,-1.164958110593E1,3.998596330116E0));
#696=CARTESIAN_POINT('',(2.846594839600E1,-2.660833156070E1,4.000499772805E0));
#697=CARTESIAN_POINT('',(2.937265289718E1,-4.190541190467E1,3.999935869863E0));
#698=CARTESIAN_POINT('',(2.985954868995E1,-5.258497365237E1,4.000005528458E0));
#699=CARTESIAN_POINT('',(3.030281373352E1,-5.858731017897E1,3.999998894311E0));
#700=CARTESIAN_POINT('',(3.064333157685E1,-6.152093219789E1,3.999999999992E0));
#701=CARTESIAN_POINT('',(3.09E1,-6.290912878854E1,3.999999999992E0));
#703=DIRECTION('',(2.832179081469E-6,0.E0,-9.999999999960E-1));
#704=VECTOR('',#703,1.000000000004E0);
#705=CARTESIAN_POINT('',(-2.500002504820E1,6.649999338623E1,0.E0));
#706=LINE('',#705,#704);
#707=DIRECTION('',(6.750155989721E-14,-7.602807272633E-13,-1.E0));
#708=VECTOR('',#707,1.E0);
#709=CARTESIAN_POINT('',(-2.745210166319E1,6.351297080850E1,0.E0));
#710=LINE('',#709,#708);
#711=DIRECTION('',(-2.828163598412E-6,0.E0,9.999999999960E-1));
#712=VECTOR('',#711,1.000000000004E0);
#713=CARTESIAN_POINT('',(-2.500002221814E1,-6.649999338623E1,-1.E0));
#714=LINE('',#713,#712);
#715=DIRECTION('',(2.984279490192E-13,3.289812866569E-12,-1.E0));
#716=VECTOR('',#715,1.E0);
#717=CARTESIAN_POINT('',(-2.745210166313E1,-6.351297080818E1,0.E0));
#718=LINE('',#717,#716);
#719=DIRECTION('',(-1.E0,0.E0,0.E0));
#720=VECTOR('',#719,5.000005009450E1);
#721=CARTESIAN_POINT('',(2.500002504820E1,-6.649999338623E1,0.E0));
#722=LINE('',#721,#720);
#723=DIRECTION('',(-2.832179124101E-6,0.E0,-9.999999999960E-1));
#724=VECTOR('',#723,1.000000000004E0);
#725=CARTESIAN_POINT('',(2.500002504820E1,-6.649999338623E1,0.E0));
#726=LINE('',#725,#724);
#727=DIRECTION('',(-2.167155344068E-13,2.444267011015E-12,-1.E0));
#728=VECTOR('',#727,1.E0);
#729=CARTESIAN_POINT('',(2.745210166313E1,-6.351297080818E1,0.E0));
#730=LINE('',#729,#728);
#731=DIRECTION('',(2.828163559332E-6,0.E0,9.999999999960E-1));
#732=VECTOR('',#731,1.000000000004E0);
#733=CARTESIAN_POINT('',(2.500002221814E1,6.649999338623E1,-1.E0));
#734=LINE('',#733,#732);
#735=DIRECTION('',(-9.237055564881E-14,-6.323830348265E-13,-1.E0));
#736=VECTOR('',#735,1.E0);
#737=CARTESIAN_POINT('',(2.745210166319E1,6.351297080850E1,0.E0));
#738=LINE('',#737,#736);
#739=DIRECTION('',(1.E0,0.E0,0.E0));
#740=VECTOR('',#739,5.000005009450E1);
#741=CARTESIAN_POINT('',(-2.500002504820E1,6.649999338623E1,0.E0));
#742=LINE('',#741,#740);
#743=CARTESIAN_POINT('',(-2.5E1,6.4E1,-1.E0));
#744=DIRECTION('',(0.E0,0.E0,-1.E0));
#745=DIRECTION('',(-9.808406652765E-1,-1.948116766007E-1,0.E0));
#746=AXIS2_PLACEMENT_3D('',#743,#744,#745);
#748=CARTESIAN_POINT('',(-5.990713821139E2,-1.249183762910E-10,-1.E0));
#749=DIRECTION('',(0.E0,0.E0,1.E0));
#750=DIRECTION('',(9.938837885987E-1,-1.104310407481E-1,0.E0));
#751=AXIS2_PLACEMENT_3D('',#748,#749,#750);
#753=CARTESIAN_POINT('',(-2.5E1,-6.4E1,-1.E0));
#754=DIRECTION('',(0.E0,0.E0,-1.E0));
#755=DIRECTION('',(-2.666187030371E-5,-9.999999996446E-1,0.E0));
#756=AXIS2_PLACEMENT_3D('',#753,#754,#755);
#758=DIRECTION('',(-1.E0,0.E0,0.E0));
#759=VECTOR('',#758,5.000004443416E1);
#760=CARTESIAN_POINT('',(2.500002221602E1,-6.649999338623E1,-1.E0));
#761=LINE('',#760,#759);
#762=CARTESIAN_POINT('',(2.5E1,-6.4E1,-1.E0));
#763=DIRECTION('',(0.E0,0.E0,-1.E0));
#764=DIRECTION('',(9.808406652509E-1,1.948116767297E-1,0.E0));
#765=AXIS2_PLACEMENT_3D('',#762,#763,#764);
#767=CARTESIAN_POINT('',(5.990713821139E2,-1.249917389530E-10,-1.E0));
#768=DIRECTION('',(0.E0,0.E0,1.E0));
#769=DIRECTION('',(-9.938837885986E-1,1.104310407491E-1,0.E0));
#770=AXIS2_PLACEMENT_3D('',#767,#768,#769);
#772=CARTESIAN_POINT('',(2.5E1,6.4E1,-1.E0));
#773=DIRECTION('',(0.E0,0.E0,-1.E0));
#774=DIRECTION('',(2.666187028808E-5,9.999999996446E-1,0.E0));
#775=AXIS2_PLACEMENT_3D('',#772,#773,#774);
#777=DIRECTION('',(1.E0,0.E0,0.E0));
#778=VECTOR('',#777,5.000004443416E1);
#779=CARTESIAN_POINT('',(-2.500002221602E1,6.649999338623E1,-1.E0));
#780=LINE('',#779,#778);
#781=CARTESIAN_POINT('',(-3.09E1,6.290912878854E1,4.E0));
#782=CARTESIAN_POINT('',(-3.1E1,6.4E1,4.E0));
#783=VERTEX_POINT('',#781);
#784=VERTEX_POINT('',#782);
#785=CARTESIAN_POINT('',(-2.5E1,7.E1,4.E0));
#786=VERTEX_POINT('',#785);
#787=CARTESIAN_POINT('',(-3.090005453628E1,6.290942318480E1,7.999999999994E0));
#788=VERTEX_POINT('',#787);
#789=CARTESIAN_POINT('',(-2.5E1,7.E1,8.E0));
#790=VERTEX_POINT('',#789);
#791=VERTEX_POINT('',#618);
#792=VERTEX_POINT('',#629);
#793=VERTEX_POINT('',#430);
#794=VERTEX_POINT('',#571);
#795=VERTEX_POINT('',#582);
#796=VERTEX_POINT('',#616);
#797=VERTEX_POINT('',#595);
#798=CARTESIAN_POINT('',(2.5E1,6.75E1,0.E0));
#799=CARTESIAN_POINT('',(2.5E1,7.E1,4.E0));
#800=VERTEX_POINT('',#798);
#801=VERTEX_POINT('',#799);
#802=CARTESIAN_POINT('',(3.1E1,6.4E1,4.E0));
#803=VERTEX_POINT('',#802);
#804=CARTESIAN_POINT('',(3.09E1,6.290912878854E1,4.E0));
#805=VERTEX_POINT('',#804);
#806=CARTESIAN_POINT('',(2.844166666673E1,6.336365846032E1,
-1.809930233168E-14));
#807=VERTEX_POINT('',#806);
#808=CARTESIAN_POINT('',(2.85E1,6.4E1,0.E0));
#809=VERTEX_POINT('',#808);
#810=CARTESIAN_POINT('',(-8.E0,5.2E1,2.6E1));
#811=CARTESIAN_POINT('',(-8.E0,-5.2E1,2.6E1));
#812=VERTEX_POINT('',#810);
#813=VERTEX_POINT('',#811);
#814=CARTESIAN_POINT('',(-1.183166570248E1,5.199999343076E1,2.599999999999E1));
#815=VERTEX_POINT('',#814);
#816=VERTEX_POINT('',#559);
#817=VERTEX_POINT('',#546);
#818=CARTESIAN_POINT('',(8.E0,5.2E1,2.6E1));
#819=CARTESIAN_POINT('',(8.E0,-5.2E1,2.6E1));
#820=VERTEX_POINT('',#818);
#821=VERTEX_POINT('',#819);
#822=CARTESIAN_POINT('',(-2.844166666673E1,6.336365846032E1,0.E0));
#823=VERTEX_POINT('',#822);
#824=CARTESIAN_POINT('',(-2.5E1,6.75E1,0.E0));
#825=VERTEX_POINT('',#824);
#826=CARTESIAN_POINT('',(-2.85E1,6.4E1,0.E0));
#827=VERTEX_POINT('',#826);
#828=CARTESIAN_POINT('',(2.5E1,-7.E1,4.E0));
#829=CARTESIAN_POINT('',(2.5E1,-6.75E1,0.E0));
#830=VERTEX_POINT('',#828);
#831=VERTEX_POINT('',#829);
#832=CARTESIAN_POINT('',(2.844166666666E1,-6.336365845996E1,0.E0));
#833=CARTESIAN_POINT('',(2.85E1,-6.4E1,0.E0));
#834=VERTEX_POINT('',#832);
#835=VERTEX_POINT('',#833);
#836=CARTESIAN_POINT('',(3.09E1,-6.290912878854E1,3.999999999992E0));
#837=VERTEX_POINT('',#836);
#838=CARTESIAN_POINT('',(3.1E1,-6.4E1,4.E0));
#839=VERTEX_POINT('',#838);
#840=CARTESIAN_POINT('',(2.500000000066E1,6.999999999948E1,8.E0));
#841=VERTEX_POINT('',#840);
#842=CARTESIAN_POINT('',(-2.500007514490E1,6.649999999887E1,0.E0));
#843=CARTESIAN_POINT('',(-2.75E1,6.4E1,0.E0));
#844=VERTEX_POINT('',#842);
#845=VERTEX_POINT('',#843);
#846=CARTESIAN_POINT('',(-2.745210166319E1,6.351297080850E1,0.E0));
#847=VERTEX_POINT('',#846);
#848=CARTESIAN_POINT('',(-2.393444255609E1,-1.247335739473E-10,0.E0));
#849=VERTEX_POINT('',#848);
#850=CARTESIAN_POINT('',(-2.745210166313E1,-6.351297080818E1,0.E0));
#851=VERTEX_POINT('',#850);
#852=CARTESIAN_POINT('',(-2.75E1,-6.4E1,0.E0));
#853=VERTEX_POINT('',#852);
#854=CARTESIAN_POINT('',(-2.500007513920E1,-6.649999999887E1,0.E0));
#855=VERTEX_POINT('',#854);
#856=CARTESIAN_POINT('',(2.500002504820E1,-6.649999338623E1,0.E0));
#857=VERTEX_POINT('',#856);
#858=CARTESIAN_POINT('',(2.75E1,-6.4E1,0.E0));
#859=VERTEX_POINT('',#858);
#860=CARTESIAN_POINT('',(2.745210166313E1,-6.351297080818E1,0.E0));
#861=VERTEX_POINT('',#860);
#862=CARTESIAN_POINT('',(2.393444255609E1,-1.249561505839E-10,0.E0));
#863=VERTEX_POINT('',#862);
#864=CARTESIAN_POINT('',(2.745210166319E1,6.351297080850E1,0.E0));
#865=VERTEX_POINT('',#864);
#866=CARTESIAN_POINT('',(2.75E1,6.4E1,0.E0));
#867=VERTEX_POINT('',#866);
#868=CARTESIAN_POINT('',(2.500007513920E1,6.649999999887E1,0.E0));
#869=VERTEX_POINT('',#868);
#870=VERTEX_POINT('',#167);
#871=CARTESIAN_POINT('',(-2.5E1,-6.75E1,0.E0));
#872=VERTEX_POINT('',#871);
#873=CARTESIAN_POINT('',(-2.85E1,-6.4E1,0.E0));
#874=VERTEX_POINT('',#873);
#875=CARTESIAN_POINT('',(-2.844166666666E1,-6.336365845996E1,0.E0));
#876=VERTEX_POINT('',#875);
#877=VERTEX_POINT('',#214);
#878=CARTESIAN_POINT('',(-2.5E1,-7.E1,4.E0));
#879=VERTEX_POINT('',#878);
#880=CARTESIAN_POINT('',(-2.500000000066E1,-6.999999999948E1,8.E0));
#881=VERTEX_POINT('',#880);
#882=CARTESIAN_POINT('',(2.745210166319E1,6.351297080850E1,-1.E0));
#883=VERTEX_POINT('',#882);
#884=CARTESIAN_POINT('',(2.500006665468E1,6.649999999911E1,-1.E0));
#885=VERTEX_POINT('',#884);
#886=CARTESIAN_POINT('',(-2.745210166313E1,-6.351297080818E1,-1.E0));
#887=VERTEX_POINT('',#886);
#888=CARTESIAN_POINT('',(-2.500006665468E1,-6.649999999911E1,-1.E0));
#889=VERTEX_POINT('',#888);
#890=CARTESIAN_POINT('',(-2.500002221602E1,6.649999338623E1,-1.E0));
#891=VERTEX_POINT('',#890);
#892=CARTESIAN_POINT('',(-2.745210166319E1,6.351297080850E1,-1.E0));
#893=VERTEX_POINT('',#892);
#894=CARTESIAN_POINT('',(-8.E0,6.624780684877E1,1.9E1));
#895=VERTEX_POINT('',#894);
#896=CARTESIAN_POINT('',(-8.E0,-6.624780684877E1,1.9E1));
#897=VERTEX_POINT('',#896);
#898=CARTESIAN_POINT('',(2.500002221602E1,-6.649999338623E1,-1.E0));
#899=VERTEX_POINT('',#898);
#900=CARTESIAN_POINT('',(8.E0,6.624780684877E1,1.9E1));
#901=VERTEX_POINT('',#900);
#902=CARTESIAN_POINT('',(8.E0,-6.624780684878E1,1.9E1));
#903=VERTEX_POINT('',#902);
#904=CARTESIAN_POINT('',(-2.743370563700E1,-5.434110794597E-6,
3.999664518574E0));
#905=VERTEX_POINT('',#904);
#906=CARTESIAN_POINT('',(-3.090020489258E1,-6.290906467086E1,4.000341016018E0));
#907=VERTEX_POINT('',#906);
#908=VERTEX_POINT('',#333);
#909=VERTEX_POINT('',#100);
#910=CARTESIAN_POINT('',(-3.1E1,-6.4E1,4.E0));
#911=VERTEX_POINT('',#910);
#912=CARTESIAN_POINT('',(-3.09E1,-6.290912878854E1,8.E0));
#913=VERTEX_POINT('',#912);
#914=CARTESIAN_POINT('',(2.745210166313E1,-6.351297080818E1,-1.E0));
#915=VERTEX_POINT('',#914);
#916=CARTESIAN_POINT('',(-2.5E1,6.4E1,2.6E1));
#917=DIRECTION('',(0.E0,0.E0,-1.E0));
#918=DIRECTION('',(0.E0,1.E0,0.E0));
#919=AXIS2_PLACEMENT_3D('',#916,#917,#918);
#920=CYLINDRICAL_SURFACE('',#919,6.E0);
#922=ORIENTED_EDGE('',*,*,#921,.T.);
#924=ORIENTED_EDGE('',*,*,#923,.F.);
#926=ORIENTED_EDGE('',*,*,#925,.T.);
#928=ORIENTED_EDGE('',*,*,#927,.T.);
#930=ORIENTED_EDGE('',*,*,#929,.T.);
#931=EDGE_LOOP('',(#922,#924,#926,#928,#930));
#932=FACE_OUTER_BOUND('',#931,.F.);
#933=ADVANCED_FACE('',(#932),#920,.T.);
#934=CARTESIAN_POINT('',(-2.5E1,6.4E1,2.E0));
#935=DIRECTION('',(0.E0,0.E0,1.E0));
#936=DIRECTION('',(1.E0,0.E0,0.E0));
#937=AXIS2_PLACEMENT_3D('',#934,#935,#936);
#938=CONICAL_SURFACE('',#937,4.75E0,3.200538320808E1);
#940=ORIENTED_EDGE('',*,*,#939,.T.);
#942=ORIENTED_EDGE('',*,*,#941,.T.);
#944=ORIENTED_EDGE('',*,*,#943,.T.);
#946=ORIENTED_EDGE('',*,*,#945,.F.);
#947=ORIENTED_EDGE('',*,*,#921,.F.);
#948=ORIENTED_EDGE('',*,*,#929,.F.);
#949=EDGE_LOOP('',(#940,#942,#944,#946,#947,#948));
#950=FACE_OUTER_BOUND('',#949,.F.);
#951=ADVANCED_FACE('',(#950),#938,.T.);
#952=CARTESIAN_POINT('',(-3.110706346667E1,6.345985017843E1,4.163053729552E0));
#953=CARTESIAN_POINT('',(-3.022495779286E1,6.364241764101E1,2.722458038885E0));
#954=CARTESIAN_POINT('',(-2.934285211905E1,6.382498510359E1,1.281862348218E0));
#955=CARTESIAN_POINT('',(-2.846074644524E1,6.400755256617E1,
-1.587333424494E-1));
#956=CARTESIAN_POINT('',(-3.107004422215E1,6.327138625211E1,4.163053729552E0));
#957=CARTESIAN_POINT('',(-3.018676153618E1,6.344725748060E1,2.722458038885E0));
#958=CARTESIAN_POINT('',(-2.930347885021E1,6.362312870909E1,1.281862348218E0));
#959=CARTESIAN_POINT('',(-2.842019616425E1,6.379899993758E1,
-1.587333424494E-1));
#960=CARTESIAN_POINT('',(-3.056450020886E1,6.057339755092E1,4.163053729552E0));
#961=CARTESIAN_POINT('',(-2.966585408426E1,6.066017252140E1,2.722458038885E0));
#962=CARTESIAN_POINT('',(-2.876720795966E1,6.074694749189E1,1.281862348218E0));
#963=CARTESIAN_POINT('',(-2.786856183506E1,6.083372246238E1,
-1.587333424492E-1));
#964=CARTESIAN_POINT('',(-3.009602699784E1,5.491755633797E1,4.163053729552E0));
#965=CARTESIAN_POINT('',(-2.919828448311E1,5.497423941094E1,2.722458038885E0));
#966=CARTESIAN_POINT('',(-2.830054196838E1,5.503092248390E1,1.281862348218E0));
#967=CARTESIAN_POINT('',(-2.740279945366E1,5.508760555686E1,
-1.587333424493E-1));
#968=CARTESIAN_POINT('',(-2.968685877292E1,4.664902996647E1,4.163053729552E0));
#969=CARTESIAN_POINT('',(-2.878710204566E1,4.668880040771E1,2.722458038885E0));
#970=CARTESIAN_POINT('',(-2.788734531840E1,4.672857084895E1,1.281862348218E0));
#971=CARTESIAN_POINT('',(-2.698758859113E1,4.676834129019E1,
-1.587333424493E-1));
#972=CARTESIAN_POINT('',(-2.925673484613E1,3.829942388046E1,4.163053729552E0));
#973=CARTESIAN_POINT('',(-2.835787088504E1,3.835062502944E1,2.722458038885E0));
#974=CARTESIAN_POINT('',(-2.745900692395E1,3.840182617841E1,1.281862348218E0));
#975=CARTESIAN_POINT('',(-2.656014296286E1,3.845302732739E1,
-1.587333424493E-1));
#976=CARTESIAN_POINT('',(-2.861918730122E1,2.721264204293E1,4.163053729552E0));
#977=CARTESIAN_POINT('',(-2.772030032850E1,2.726474167503E1,2.722458038885E0));
#978=CARTESIAN_POINT('',(-2.682141335578E1,2.731684130712E1,1.281862348218E0));
#979=CARTESIAN_POINT('',(-2.592252638306E1,2.736894093922E1,
-1.587333424493E-1));
#980=CARTESIAN_POINT('',(-2.790125178186E1,1.443773318045E1,4.163053729552E0));
#981=CARTESIAN_POINT('',(-2.700182171057E1,1.448075707609E1,2.722458038885E0));
#982=CARTESIAN_POINT('',(-2.610239163928E1,1.452378097174E1,1.281862348218E0));
#983=CARTESIAN_POINT('',(-2.520296156799E1,1.456680486738E1,
-1.587333424493E-1));
#984=CARTESIAN_POINT('',(-2.758767425725E1,4.251331535626E0,4.163053729552E0));
#985=CARTESIAN_POINT('',(-2.668750050168E1,4.273015296851E0,2.722458038885E0));
#986=CARTESIAN_POINT('',(-2.578732674611E1,4.294699058076E0,1.281862348218E0));
#987=CARTESIAN_POINT('',(-2.488715299054E1,4.316382819301E0,
-1.587333424493E-1));
#988=CARTESIAN_POINT('',(-2.752963930830E1,-4.214069715595E-1,
4.163053729552E0));
#989=CARTESIAN_POINT('',(-2.662933175176E1,-4.105193603820E-1,
2.722458038885E0));
#990=CARTESIAN_POINT('',(-2.572902419523E1,-3.996317492045E-1,
1.281862348218E0));
#991=CARTESIAN_POINT('',(-2.482871663869E1,-3.887441380270E-1,
-1.587333424493E-1));
#992=CARTESIAN_POINT('',(-2.752720398011E1,-6.314119762529E-1,
4.163053729552E0));
#993=CARTESIAN_POINT('',(-2.662689077116E1,-6.210119199812E-1,
2.722458038885E0));
#994=CARTESIAN_POINT('',(-2.572657756221E1,-6.106118637094E-1,
1.281862348218E0));
#995=CARTESIAN_POINT('',(-2.482626435326E1,-6.002118074377E-1,
-1.587333424493E-1));
#996=B_SPLINE_SURFACE_WITH_KNOTS('',3,3,((#952,#953,#954,#955),(#956,#957,#958,
#959),(#960,#961,#962,#963),(#964,#965,#966,#967),(#968,#969,#970,#971),(#972,
#973,#974,#975),(#976,#977,#978,#979),(#980,#981,#982,#983),(#984,#985,#986,
#987),(#988,#989,#990,#991),(#992,#993,#994,#995)),.UNSPECIFIED.,.F.,.F.,.F.,(4,
1,1,1,1,1,1,1,4),(4,4),(-9.932864168228E-3,0.E0,1.312498781443E-1,
2.624997562886E-1,3.937496344329E-1,5.249995125772E-1,7.874992688658E-1,1.E0,
1.009999842650E0),(-4.076343238806E-2,1.039683335612E0),.UNSPECIFIED.);
#997=ORIENTED_EDGE('',*,*,#939,.F.);
#999=ORIENTED_EDGE('',*,*,#998,.F.);
#1001=ORIENTED_EDGE('',*,*,#1000,.T.);
#1003=ORIENTED_EDGE('',*,*,#1002,.T.);
#1004=EDGE_LOOP('',(#997,#999,#1001,#1003));
#1005=FACE_OUTER_BOUND('',#1004,.F.);
#1006=ADVANCED_FACE('',(#1005),#996,.F.);
#1007=CARTESIAN_POINT('',(-2.742541692810E1,-6.302247030233E-1,
8.000000000007E0));
#1008=CARTESIAN_POINT('',(-2.742784703275E1,-4.198549084264E-1,
8.000000000007E0));
#1009=CARTESIAN_POINT('',(-2.749832069655E1,5.278585367293E0,8.000000000007E0));
#1010=CARTESIAN_POINT('',(-2.800938451925E1,1.987069390855E1,8.000000000007E0));
#1011=CARTESIAN_POINT('',(-2.905787170183E1,3.578212775793E1,8.000000000007E0));
#1012=CARTESIAN_POINT('',(-2.990100048503E1,5.324584618788E1,8.000000000007E0));
#1013=CARTESIAN_POINT('',(-3.032715529135E1,6.001651345241E1,8.000000000007E0));
#1014=CARTESIAN_POINT('',(-3.097505430414E1,6.330222513206E1,8.000000000007E0));
#1015=CARTESIAN_POINT('',(-3.101426318198E1,6.348791796114E1,8.000000000007E0));
#1017=DIRECTION('',(0.E0,0.E0,-1.E0));
#1018=VECTOR('',#1017,1.E0);
#1019=SURFACE_OF_LINEAR_EXTRUSION('',#1016,#1018);
#1020=ORIENTED_EDGE('',*,*,#927,.F.);
#1022=ORIENTED_EDGE('',*,*,#1021,.F.);
#1024=ORIENTED_EDGE('',*,*,#1023,.T.);
#1025=ORIENTED_EDGE('',*,*,#998,.T.);
#1026=EDGE_LOOP('',(#1020,#1022,#1024,#1025));
#1027=FACE_OUTER_BOUND('',#1026,.F.);
#1028=ADVANCED_FACE('',(#1027),#1019,.T.);
#1029=CARTESIAN_POINT('',(-1.313000833897E1,6.694481951269E1,2.599875743466E1));
#1030=CARTESIAN_POINT('',(-1.527395447691E1,6.655545488556E1,2.602487874414E1));
#1031=CARTESIAN_POINT('',(-1.873172079462E1,6.592748580128E1,2.545411009843E1));
#1032=CARTESIAN_POINT('',(-2.308333476188E1,6.513718397430E1,2.317938176415E1));
#1033=CARTESIAN_POINT('',(-2.594777949788E1,6.461696873343E1,2.082000879200E1));
#1034=CARTESIAN_POINT('',(-2.826982868649E1,6.419525859786E1,1.790811543598E1));
#1035=CARTESIAN_POINT('',(-2.991946457996E1,6.389566624655E1,1.464618282966E1));
#1036=CARTESIAN_POINT('',(-3.088428342394E1,6.372044434018E1,1.117121465454E1));
#1037=CARTESIAN_POINT('',(-3.105874311164E1,6.368876050725E1,8.884875162524E0));
#1038=CARTESIAN_POINT('',(-3.104286524987E1,6.369164410475E1,7.746480847925E0));
#1039=CARTESIAN_POINT('',(-1.309438127129E1,6.675227087444E1,2.599875743466E1));
#1040=CARTESIAN_POINT('',(-1.523631297408E1,6.635200424039E1,2.602487874414E1));
#1041=CARTESIAN_POINT('',(-1.869083040139E1,6.570645234857E1,2.545411009843E1));
#1042=CARTESIAN_POINT('',(-2.303835562592E1,6.489402248173E1,2.317938176416E1));
#1043=CARTESIAN_POINT('',(-2.590010895188E1,6.435924148485E1,2.082000879200E1));
#1044=CARTESIAN_POINT('',(-2.821997636108E1,6.392572368495E1,1.790811543598E1));
#1045=CARTESIAN_POINT('',(-2.986806226946E1,6.361774290372E1,1.464618282966E1));
#1046=CARTESIAN_POINT('',(-3.083197457714E1,6.343761487517E1,1.117121465454E1));
#1047=CARTESIAN_POINT('',(-3.100627034387E1,6.340504391141E1,8.884875162525E0));
#1048=CARTESIAN_POINT('',(-3.099040740081E1,6.340800824814E1,7.746480847925E0));
#1049=CARTESIAN_POINT('',(-1.304998115613E1,6.651203665357E1,2.599875743466E1));
#1050=CARTESIAN_POINT('',(-1.519327275048E1,6.611912967424E1,2.602487874414E1));
#1051=CARTESIAN_POINT('',(-1.864998341723E1,6.548544746783E1,2.545411009843E1));
#1052=CARTESIAN_POINT('',(-2.300026884316E1,6.468795565178E1,2.317938176416E1));
#1053=CARTESIAN_POINT('',(-2.586383906840E1,6.416300760912E1,2.082000879200E1));
#1054=CARTESIAN_POINT('',(-2.818517933882E1,6.373746084915E1,1.790811543598E1));
#1055=CARTESIAN_POINT('',(-2.983431160088E1,6.343514287370E1,1.464618282966E1));
#1056=CARTESIAN_POINT('',(-3.079883588709E1,6.325832683767E1,1.117121465454E1));
#1057=CARTESIAN_POINT('',(-3.097324231250E1,6.322635475232E1,8.884875162525E0));
#1058=CARTESIAN_POINT('',(-3.095736929822E1,6.322926458414E1,7.746480847925E0));
#1059=CARTESIAN_POINT('',(-1.300364358714E1,6.626148104973E1,2.599875743466E1));
#1060=CARTESIAN_POINT('',(-1.514604841921E1,6.586377496405E1,2.602487874414E1));
#1061=CARTESIAN_POINT('',(-1.860132891162E1,6.522235273657E1,2.545411009843E1));
#1062=CARTESIAN_POINT('',(-2.294981445691E1,6.441512007029E1,2.317938176416E1));
#1063=CARTESIAN_POINT('',(-2.581219991286E1,6.388376012451E1,2.082000879200E1));
#1064=CARTESIAN_POINT('',(-2.813257975540E1,6.345301558424E1,1.790811543598E1));
#1065=CARTESIAN_POINT('',(-2.978102970792E1,6.314700498894E1,1.464618282966E1));
#1066=CARTESIAN_POINT('',(-3.074515493328E1,6.296802925861E1,1.117121465454E1));
#1067=CARTESIAN_POINT('',(-3.091948920004E1,6.293566665477E1,8.884875162525E0));
#1068=CARTESIAN_POINT('',(-3.090362275303E1,6.293861202832E1,7.746480847925E0));
#1069=CARTESIAN_POINT('',(-1.299086018230E1,6.619230549854E1,2.599875743466E1));
#1070=CARTESIAN_POINT('',(-1.513378230520E1,6.579739896105E1,2.602487874414E1));
#1071=CARTESIAN_POINT('',(-1.858989708669E1,6.516049185792E1,2.545411009843E1));
#1072=CARTESIAN_POINT('',(-2.293943258841E1,6.435894149530E1,2.317938176416E1));
#1073=CARTESIAN_POINT('',(-2.580250917693E1,6.383132191918E1,2.082000879200E1));
#1074=CARTESIAN_POINT('',(-2.812344928297E1,6.340360949268E1,1.790811543598E1));
#1075=CARTESIAN_POINT('',(-2.977229725927E1,6.309975297909E1,1.464618282966E1));
#1076=CARTESIAN_POINT('',(-3.073665527591E1,6.292203710170E1,1.117121465454E1));
#1077=CARTESIAN_POINT('',(-3.091103163625E1,6.288990230597E1,8.884875162525E0));
#1078=CARTESIAN_POINT('',(-3.089516135824E1,6.289282694633E1,7.746480847925E0));
#1079=CARTESIAN_POINT('',(-1.298237358611E1,6.614613743459E1,2.599875743466E1));
#1080=CARTESIAN_POINT('',(-1.512572245563E1,6.575355193464E1,2.602487874414E1));
#1081=CARTESIAN_POINT('',(-1.858252549605E1,6.512038821166E1,2.545411009843E1));
#1082=CARTESIAN_POINT('',(-2.293292717463E1,6.432354890927E1,2.317938176416E1));
#1083=CARTESIAN_POINT('',(-2.579657392305E1,6.379903038296E1,2.082000879200E1));
#1084=CARTESIAN_POINT('',(-2.811797622663E1,6.337383180847E1,1.790811543598E1));
#1085=CARTESIAN_POINT('',(-2.976715255844E1,6.307176119181E1,1.464618282966E1));
#1086=CARTESIAN_POINT('',(-3.073170261963E1,6.289508982795E1,1.117121465454E1));
#1087=CARTESIAN_POINT('',(-3.090611370570E1,6.286314390240E1,8.884875162525E0));
#1088=CARTESIAN_POINT('',(-3.089024026725E1,6.286605135338E1,7.746480847925E0));
#1089=CARTESIAN_POINT('',(-1.294232085722E1,6.592685706165E1,2.599875743466E1));
#1090=CARTESIAN_POINT('',(-1.508756556093E1,6.554465274687E1,2.602487874414E1));
#1091=CARTESIAN_POINT('',(-1.854742621156E1,6.492823184770E1,2.545411009843E1));
#1092=CARTESIAN_POINT('',(-2.290167590590E1,6.415246346198E1,2.317938176416E1));
#1093=CARTESIAN_POINT('',(-2.576785560613E1,6.364181484159E1,2.082000879200E1));
#1094=CARTESIAN_POINT('',(-2.809131123566E1,6.322785984370E1,1.790811543598E1));
#1095=CARTESIAN_POINT('',(-2.974194629635E1,6.293377691636E1,1.464618282966E1));
#1096=CARTESIAN_POINT('',(-3.070734952101E1,6.276177729444E1,1.117121465454E1));
#1097=CARTESIAN_POINT('',(-3.088191487712E1,6.273067611881E1,8.884875162525E0));
#1098=CARTESIAN_POINT('',(-3.086602739830E1,6.273350668771E1,7.746480847925E0));
#1099=CARTESIAN_POINT('',(-1.284094477879E1,6.534915164534E1,2.599875743466E1));
#1100=CARTESIAN_POINT('',(-1.499085421033E1,6.499355899099E1,2.602487874414E1));
#1101=CARTESIAN_POINT('',(-1.845823815573E1,6.442005750172E1,2.545411009843E1));
#1102=CARTESIAN_POINT('',(-2.282195594930E1,6.369830338023E1,2.317938176416E1));
#1103=CARTESIAN_POINT('',(-2.569436801464E1,6.322320958525E1,2.082000879200E1));
#1104=CARTESIAN_POINT('',(-2.802287588279E1,6.283807694600E1,1.790811543598E1));
#1105=CARTESIAN_POINT('',(-2.967710016725E1,6.256447006956E1,1.464618282966E1));
#1106=CARTESIAN_POINT('',(-3.064460261318E1,6.240444622958E1,1.117121465454E1));
#1107=CARTESIAN_POINT('',(-3.081954755296E1,6.237551052904E1,8.884875162525E0));
#1108=CARTESIAN_POINT('',(-3.080362552761E1,6.237814401451E1,7.746480847925E0));
#1109=CARTESIAN_POINT('',(-1.263596176414E1,6.405208143518E1,2.599875743466E1));
#1110=CARTESIAN_POINT('',(-1.479403110800E1,6.374847724931E1,2.602487874414E1));
#1111=CARTESIAN_POINT('',(-1.827457539801E1,6.325882300414E1,2.545411009843E1));
#1112=CARTESIAN_POINT('',(-2.265485554257E1,6.264259100446E1,2.317938176416E1));
#1113=CARTESIAN_POINT('',(-2.553816975581E1,6.223695702109E1,2.082000879200E1));
#1114=CARTESIAN_POINT('',(-2.787551540093E1,6.190813166443E1,1.790811543598E1));
#1115=CARTESIAN_POINT('',(-2.953601824063E1,6.167452674611E1,1.464618282966E1));
#1116=CARTESIAN_POINT('',(-3.050719281107E1,6.153789876164E1,1.117121465454E1));
#1117=CARTESIAN_POINT('',(-3.068280174877E1,6.151319352744E1,8.884875162525E0));
#1118=CARTESIAN_POINT('',(-3.066681929187E1,6.151544199124E1,7.746480847925E0));
#1119=CARTESIAN_POINT('',(-1.230009101681E1,6.144563841361E1,2.599875743466E1));
#1120=CARTESIAN_POINT('',(-1.446816869112E1,6.122167286893E1,2.602487874414E1));
#1121=CARTESIAN_POINT('',(-1.796485446308E1,6.086046019525E1,2.545411009843E1));
#1122=CARTESIAN_POINT('',(-2.236544873297E1,6.040587247256E1,2.317938176416E1));
#1123=CARTESIAN_POINT('',(-2.526213469512E1,6.010664064292E1,2.082000879200E1));
#1124=CARTESIAN_POINT('',(-2.761032008811E1,5.986406971164E1,1.790811543598E1));
#1125=CARTESIAN_POINT('',(-2.927852372814E1,5.969174187426E1,1.464618282966E1));
#1126=CARTESIAN_POINT('',(-3.025420224840E1,5.959095287864E1,1.117121465454E1));
#1127=CARTESIAN_POINT('',(-3.043062559564E1,5.957272809291E1,8.884875162525E0));
#1128=CARTESIAN_POINT('',(-3.041456901800E1,5.957438676050E1,7.746480847925E0));
#1129=CARTESIAN_POINT('',(-1.196740753098E1,5.771607175285E1,2.599875743466E1));
#1130=CARTESIAN_POINT('',(-1.414072354135E1,5.755634484497E1,2.602487874414E1));
#1131=CARTESIAN_POINT('',(-1.764585772611E1,5.729873654396E1,2.545411009843E1));
#1132=CARTESIAN_POINT('',(-2.205708436029E1,5.697453537540E1,2.317938176416E1));
#1133=CARTESIAN_POINT('',(-2.496076906365E1,5.676113034047E1,2.082000879200E1));
#1134=CARTESIAN_POINT('',(-2.731462795457E1,5.658813451270E1,1.790811543598E1));
#1135=CARTESIAN_POINT('',(-2.898686217496E1,5.646523439142E1,1.464618282966E1));
#1136=CARTESIAN_POINT('',(-2.996489805171E1,5.639335407322E1,1.117121465454E1));
#1137=CARTESIAN_POINT('',(-3.014174765894E1,5.638035658883E1,8.884875162525E0));
#1138=CARTESIAN_POINT('',(-3.012565228669E1,5.638153951116E1,7.746480847925E0));
#1139=CARTESIAN_POINT('',(-1.168346294075E1,5.323787951460E1,2.599875743466E1));
#1140=CARTESIAN_POINT('',(-1.385918248526E1,5.311725541855E1,2.602487874414E1));
#1141=CARTESIAN_POINT('',(-1.736819310108E1,5.292271231458E1,2.545411009843E1));
#1142=CARTESIAN_POINT('',(-2.178429824064E1,5.267787897111E1,2.317938176416E1));
#1143=CARTESIAN_POINT('',(-2.469119421437E1,5.251671771298E1,2.082000879200E1));
#1144=CARTESIAN_POINT('',(-2.704765630712E1,5.238607306692E1,1.790811543598E1));
#1145=CARTESIAN_POINT('',(-2.872173990055E1,5.229326017627E1,1.464618282966E1));
#1146=CARTESIAN_POINT('',(-2.970085741596E1,5.223897690914E1,1.117121465454E1));
#1147=CARTESIAN_POINT('',(-2.987790260639E1,5.222916134440E1,8.884875162525E0));
#1148=CARTESIAN_POINT('',(-2.986178943378E1,5.223005467502E1,7.746480847925E0));
#1149=CARTESIAN_POINT('',(-1.149283136293E1,4.950490782919E1,2.599875743466E1));
#1150=CARTESIAN_POINT('',(-1.366917865425E1,4.939736262470E1,2.602487874414E1));
#1151=CARTESIAN_POINT('',(-1.717920170307E1,4.922391321796E1,2.545411009843E1));
#1152=CARTESIAN_POINT('',(-2.159658099396E1,4.900562638431E1,2.317938176416E1));
#1153=CARTESIAN_POINT('',(-2.450431567629E1,4.886193933479E1,2.082000879200E1));
#1154=CARTESIAN_POINT('',(-2.686145766439E1,4.874546007703E1,1.790811543598E1));
#1155=CARTESIAN_POINT('',(-2.853602427074E1,4.866271059637E1,1.464618282966E1));
#1156=CARTESIAN_POINT('',(-2.951542428483E1,4.861431309326E1,1.117121465454E1));
#1157=CARTESIAN_POINT('',(-2.969252055700E1,4.860556179935E1,8.884875162525E0));
#1158=CARTESIAN_POINT('',(-2.967640273537E1,4.860635826893E1,7.746480847925E0));
#1159=CARTESIAN_POINT('',(-1.134616698240E1,4.651919974921E1,2.599875743466E1));
#1160=CARTESIAN_POINT('',(-1.352252144855E1,4.641171925528E1,2.602487874414E1));
#1161=CARTESIAN_POINT('',(-1.703255606895E1,4.623837421402E1,2.545411009843E1));
#1162=CARTESIAN_POINT('',(-2.144994992272E1,4.602021872478E1,2.317938176416E1));
#1163=CARTESIAN_POINT('',(-2.435769419106E1,4.587661813257E1,2.082000879200E1));
#1164=CARTESIAN_POINT('',(-2.671484395E1,4.576020896103E1,1.790811543598E1));
#1165=CARTESIAN_POINT('',(-2.838941607694E1,4.567750927119E1,1.464618282966E1));
#1166=CARTESIAN_POINT('',(-2.936881931985E1,4.562914088913E1,1.117121465454E1));
#1167=CARTESIAN_POINT('',(-2.954591617586E1,4.562039486092E1,8.884875162525E0));
#1168=CARTESIAN_POINT('',(-2.952979830108E1,4.562119085127E1,7.746480847925E0));
#1169=CARTESIAN_POINT('',(-1.119518641209E1,4.353439514520E1,2.599875743466E1));
#1170=CARTESIAN_POINT('',(-1.337120433524E1,4.342024822788E1,2.602487874414E1));
#1171=CARTESIAN_POINT('',(-1.688069617752E1,4.323615154794E1,2.545411009843E1));
#1172=CARTESIAN_POINT('',(-2.129740694268E1,4.300446507461E1,2.317938176416E1));
#1173=CARTESIAN_POINT('',(-2.420470156875E1,4.285195772815E1,2.082000879200E1));
#1174=CARTESIAN_POINT('',(-2.656148682722E1,4.272832833651E1,1.790811543598E1));
#1175=CARTESIAN_POINT('',(-2.823580000483E1,4.264049924016E1,1.464618282966E1));
#1176=CARTESIAN_POINT('',(-2.921505179663E1,4.258913083362E1,1.117121465454E1));
#1177=CARTESIAN_POINT('',(-2.939212126706E1,4.257984233742E1,8.884875162525E0));
#1178=CARTESIAN_POINT('',(-2.937600588470E1,4.258068769867E1,7.746480847925E0));
#1179=CARTESIAN_POINT('',(-1.091606141697E1,3.831148961981E1,2.599875743466E1));
#1180=CARTESIAN_POINT('',(-1.309168458698E1,3.819005452037E1,2.602487874414E1));
#1181=CARTESIAN_POINT('',(-1.660053976956E1,3.799420342636E1,2.545411009843E1));
#1182=CARTESIAN_POINT('',(-2.101644929572E1,3.774772397174E1,2.317938176416E1));
#1183=CARTESIAN_POINT('',(-2.392321650716E1,3.758547916289E1,2.082000879200E1));
#1184=CARTESIAN_POINT('',(-2.627957421934E1,3.745395614134E1,1.790811543598E1));
#1185=CARTESIAN_POINT('',(-2.795358365847E1,3.736051923301E1,1.464618282966E1));
#1186=CARTESIAN_POINT('',(-2.893265780342E1,3.730587099807E1,1.117121465454E1));
#1187=CARTESIAN_POINT('',(-2.910969515155E1,3.729598943941E1,8.884875162525E0));
#1188=CARTESIAN_POINT('',(-2.909358269268E1,3.729688877624E1,7.746480847925E0));
#1189=CARTESIAN_POINT('',(-1.048878516834E1,3.085144960635E1,2.599875743466E1));
#1190=CARTESIAN_POINT('',(-1.266412126642E1,3.072507627280E1,2.602487874414E1));
#1191=CARTESIAN_POINT('',(-1.617251345807E1,3.052126077179E1,2.545411009843E1));
#1192=CARTESIAN_POINT('',(-2.058784030810E1,3.026475807629E1,2.317938176416E1));
#1193=CARTESIAN_POINT('',(-2.349422397368E1,3.009591548101E1,2.082000879200E1));
#1194=CARTESIAN_POINT('',(-2.585027076614E1,2.995904399368E1,1.790811543598E1));
#1195=CARTESIAN_POINT('',(-2.752405932092E1,2.986180741515E1,1.464618282966E1));
#1196=CARTESIAN_POINT('',(-2.850300427774E1,2.980493687562E1,1.117121465454E1));
#1197=CARTESIAN_POINT('',(-2.868001826591E1,2.979465347721E1,8.884875162525E0));
#1198=CARTESIAN_POINT('',(-2.866390793307E1,2.979558938613E1,7.746480847925E0));
#1199=CARTESIAN_POINT('',(-9.983339313050E0,2.189736024113E1,2.599875743466E1));
#1200=CARTESIAN_POINT('',(-1.215925076882E1,2.178086972108E1,2.602487874414E1));
#1201=CARTESIAN_POINT('',(-1.566857090002E1,2.159299326772E1,2.545411009843E1));
#1202=CARTESIAN_POINT('',(-2.008506556604E1,2.135654993310E1,2.317938176416E1));
#1203=CARTESIAN_POINT('',(-2.299221794510E1,2.120091138833E1,2.082000879200E1));
#1204=CARTESIAN_POINT('',(-2.534888789167E1,2.107474370493E1,1.790811543598E1));
#1205=CARTESIAN_POINT('',(-2.702311914912E1,2.098511134909E1,1.464618282966E1));
#1206=CARTESIAN_POINT('',(-2.800232302846E1,2.093268827423E1,1.117121465454E1));
#1207=CARTESIAN_POINT('',(-2.817938383531E1,2.092320907165E1,8.884875162525E0));
#1208=CARTESIAN_POINT('',(-2.816326924143E1,2.092407178940E1,7.746480847925E0));
#1209=CARTESIAN_POINT('',(-9.552805972235E0,1.293853801707E1,2.599875743466E1));
#1210=CARTESIAN_POINT('',(-1.173004036447E1,1.284854701778E1,2.602487874414E1));
#1211=CARTESIAN_POINT('',(-1.524149413376E1,1.270340911494E1,2.545411009843E1));
#1212=CARTESIAN_POINT('',(-1.966067399261E1,1.252075243223E1,2.317938176416E1));
#1213=CARTESIAN_POINT('',(-2.256959389666E1,1.240051888734E1,2.082000879200E1));
#1214=CARTESIAN_POINT('',(-2.492769667939E1,1.230305210718E1,1.790811543598E1));
#1215=CARTESIAN_POINT('',(-2.660294585583E1,1.223380951759E1,1.464618282966E1));
#1216=CARTESIAN_POINT('',(-2.758274508316E1,1.219331175957E1,1.117121465454E1));
#1217=CARTESIAN_POINT('',(-2.775991354154E1,1.218598890693E1,8.884875162525E0));
#1218=CARTESIAN_POINT('',(-2.774378915012E1,1.218665537174E1,7.746480847925E0));
#1219=CARTESIAN_POINT('',(-9.308064864073E0,5.393029610435E0,2.599875743466E1));
#1220=CARTESIAN_POINT('',(-1.148645322689E1,5.337210516626E0,2.602487874414E1));
#1221=CARTESIAN_POINT('',(-1.499976812530E1,5.247185222126E0,2.545411009843E1));
#1222=CARTESIAN_POINT('',(-1.942129022325E1,5.133887996995E0,2.317938176416E1));
#1223=CARTESIAN_POINT('',(-2.233175190342E1,5.059310232842E0,2.082000879200E1));
#1224=CARTESIAN_POINT('',(-2.469110451999E1,4.998854105146E0,1.790811543599E1));
#1225=CARTESIAN_POINT('',(-2.636724160646E1,4.955904714273E0,1.464618282966E1));
#1226=CARTESIAN_POINT('',(-2.734756014374E1,4.930785000392E0,1.117121465455E1));
#1227=CARTESIAN_POINT('',(-2.752482250436E1,4.926242823935E0,8.884875162525E0));
#1228=CARTESIAN_POINT('',(-2.750868956674E1,4.926656214850E0,7.746480847925E0));
#1229=CARTESIAN_POINT('',(-9.232535953247E0,8.357551205662E-1,
2.599875743466E1));
#1230=CARTESIAN_POINT('',(-1.141132223998E1,8.038112039726E-1,
2.602487874414E1));
#1231=CARTESIAN_POINT('',(-1.492527891194E1,7.522919064966E-1,
2.545411009843E1));
#1232=CARTESIAN_POINT('',(-1.934760868468E1,6.874546462887E-1,
2.317938176415E1));
#1233=CARTESIAN_POINT('',(-2.225860201583E1,6.447755966080E-1,
2.082000879200E1));
#1234=CARTESIAN_POINT('',(-2.461838561287E1,6.101780177349E-1,
1.790811543598E1));
#1235=CARTESIAN_POINT('',(-2.629482887755E1,5.855991206916E-1,
1.464618282966E1));
#1236=CARTESIAN_POINT('',(-2.727532648858E1,5.712237163218E-1,
1.117121465454E1));
#1237=CARTESIAN_POINT('',(-2.745262122953E1,5.686243386536E-1,
8.884875162524E0));
#1238=CARTESIAN_POINT('',(-2.743648534493E1,5.688609122703E-1,
7.746480847925E0));
#1239=CARTESIAN_POINT('',(-9.215632703200E0,-7.316811288035E-1,
2.599875743466E1));
#1240=CARTESIAN_POINT('',(-1.139451023468E1,-7.551746870814E-1,
2.602487874414E1));
#1241=CARTESIAN_POINT('',(-1.490861406659E1,-7.930652073044E-1,
2.545411009843E1));
#1242=CARTESIAN_POINT('',(-1.933112904079E1,-8.407505919946E-1,
2.317938176415E1));
#1243=CARTESIAN_POINT('',(-2.224224428057E1,-8.721394399457E-1,
2.082000879200E1));
#1244=CARTESIAN_POINT('',(-2.460212670229E1,-8.975846677765E-1,
1.790811543598E1));
#1245=CARTESIAN_POINT('',(-2.627864017424E1,-9.156615290906E-1,
1.464618282966E1));
#1246=CARTESIAN_POINT('',(-2.725917884725E1,-9.262341024112E-1,
1.117121465454E1));
#1247=CARTESIAN_POINT('',(-2.743648101307E1,-9.281458476587E-1,
8.884875162524E0));
#1248=CARTESIAN_POINT('',(-2.742034445272E1,-9.279718565942E-1,
7.746480847925E0));
#1249=B_SPLINE_SURFACE_WITH_KNOTS('',3,3,((#1029,#1030,#1031,#1032,#1033,#1034,
#1035,#1036,#1037,#1038),(#1039,#1040,#1041,#1042,#1043,#1044,#1045,#1046,#1047,
#1048),(#1049,#1050,#1051,#1052,#1053,#1054,#1055,#1056,#1057,#1058),(#1059,
#1060,#1061,#1062,#1063,#1064,#1065,#1066,#1067,#1068),(#1069,#1070,#1071,#1072,
#1073,#1074,#1075,#1076,#1077,#1078),(#1079,#1080,#1081,#1082,#1083,#1084,#1085,
#1086,#1087,#1088),(#1089,#1090,#1091,#1092,#1093,#1094,#1095,#1096,#1097,
#1098),(#1099,#1100,#1101,#1102,#1103,#1104,#1105,#1106,#1107,#1108),(#1109,
#1110,#1111,#1112,#1113,#1114,#1115,#1116,#1117,#1118),(#1119,#1120,#1121,#1122,
#1123,#1124,#1125,#1126,#1127,#1128),(#1129,#1130,#1131,#1132,#1133,#1134,#1135,
#1136,#1137,#1138),(#1139,#1140,#1141,#1142,#1143,#1144,#1145,#1146,#1147,
#1148),(#1149,#1150,#1151,#1152,#1153,#1154,#1155,#1156,#1157,#1158),(#1159,
#1160,#1161,#1162,#1163,#1164,#1165,#1166,#1167,#1168),(#1169,#1170,#1171,#1172,
#1173,#1174,#1175,#1176,#1177,#1178),(#1179,#1180,#1181,#1182,#1183,#1184,#1185,
#1186,#1187,#1188),(#1189,#1190,#1191,#1192,#1193,#1194,#1195,#1196,#1197,
#1198),(#1199,#1200,#1201,#1202,#1203,#1204,#1205,#1206,#1207,#1208),(#1209,
#1210,#1211,#1212,#1213,#1214,#1215,#1216,#1217,#1218),(#1219,#1220,#1221,#1222,
#1223,#1224,#1225,#1226,#1227,#1228),(#1229,#1230,#1231,#1232,#1233,#1234,#1235,
#1236,#1237,#1238),(#1239,#1240,#1241,#1242,#1243,#1244,#1245,#1246,#1247,
#1248)),.UNSPECIFIED.,.F.,.F.,.F.,(4,1,1,1,1,1,1,1,1,1,1,1,1,1,1,1,1,1,1,4),(4,
1,1,1,1,1,1,4),(9.517722343705E-2,9.576784200049E-2,9.590799328853E-2,
9.594303111054E-2,9.597806893256E-2,9.604814457658E-2,9.660874972877E-2,
9.772996003314E-2,9.997238064189E-2,1.044572218594E-1,1.089420630769E-1,
1.134269042944E-1,1.156693249031E-1,1.179117455119E-1,1.223965867294E-1,
1.313662691644E-1,1.403359515994E-1,1.493056340343E-1,1.582753164693E-1,
1.629772521440E-1),(-8.176066705029E-3,2.5E-1,3.75E-1,5.E-1,6.25E-1,7.5E-1,
8.75E-1,1.009989570819E0),.UNSPECIFIED.);
#1251=ORIENTED_EDGE('',*,*,#1250,.T.);
#1252=ORIENTED_EDGE('',*,*,#1021,.T.);
#1254=ORIENTED_EDGE('',*,*,#1253,.F.);
#1256=ORIENTED_EDGE('',*,*,#1255,.T.);
#1257=EDGE_LOOP('',(#1251,#1252,#1254,#1256));
#1258=FACE_OUTER_BOUND('',#1257,.F.);
#1259=ADVANCED_FACE('',(#1258),#1249,.F.);
#1260=CARTESIAN_POINT('',(-1.313000833879E1,-6.694481951171E1,
2.599875743466E1));
#1261=CARTESIAN_POINT('',(-1.527395447672E1,-6.655545488453E1,
2.602487874414E1));
#1262=CARTESIAN_POINT('',(-1.873172079442E1,-6.592748580016E1,
2.545411009843E1));
#1263=CARTESIAN_POINT('',(-2.308333476165E1,-6.513718397307E1,
2.317938176415E1));
#1264=CARTESIAN_POINT('',(-2.594777949764E1,-6.461696873212E1,
2.082000879200E1));
#1265=CARTESIAN_POINT('',(-2.826982868624E1,-6.419525859649E1,
1.790811543598E1));
#1266=CARTESIAN_POINT('',(-2.991946457970E1,-6.389566624513E1,
1.464618282966E1));
#1267=CARTESIAN_POINT('',(-3.088428342367E1,-6.372044433875E1,
1.117121465455E1));
#1268=CARTESIAN_POINT('',(-3.105874311137E1,-6.368876050581E1,
8.884875162543E0));
#1269=CARTESIAN_POINT('',(-3.104286524961E1,-6.369164410331E1,
7.746480847953E0));
#1270=CARTESIAN_POINT('',(-1.309438127117E1,-6.675227087378E1,
2.599875743466E1));
#1271=CARTESIAN_POINT('',(-1.523631297396E1,-6.635200423975E1,
2.602487874414E1));
#1272=CARTESIAN_POINT('',(-1.869083040128E1,-6.570645234796E1,
2.545411009843E1));
#1273=CARTESIAN_POINT('',(-2.303835562582E1,-6.489402248117E1,
2.317938176416E1));
#1274=CARTESIAN_POINT('',(-2.590010895178E1,-6.435924148432E1,
2.082000879200E1));
#1275=CARTESIAN_POINT('',(-2.821997636099E1,-6.392572368444E1,
1.790811543598E1));
#1276=CARTESIAN_POINT('',(-2.986806226937E1,-6.361774290322E1,
1.464618282966E1));
#1277=CARTESIAN_POINT('',(-3.083197457705E1,-6.343761487468E1,
1.117121465455E1));
#1278=CARTESIAN_POINT('',(-3.100627034378E1,-6.340504391092E1,
8.884875162544E0));
#1279=CARTESIAN_POINT('',(-3.099040740072E1,-6.340800824765E1,
7.746480847953E0));
#1280=CARTESIAN_POINT('',(-1.304998115607E1,-6.651203665324E1,
2.599875743466E1));
#1281=CARTESIAN_POINT('',(-1.519327275042E1,-6.611912967391E1,
2.602487874414E1));
#1282=CARTESIAN_POINT('',(-1.864998341717E1,-6.548544746749E1,
2.545411009843E1));
#1283=CARTESIAN_POINT('',(-2.300026884309E1,-6.468795565142E1,
2.317938176416E1));
#1284=CARTESIAN_POINT('',(-2.586383906834E1,-6.416300760876E1,
2.082000879200E1));
#1285=CARTESIAN_POINT('',(-2.818517933875E1,-6.373746084878E1,
1.790811543598E1));
#1286=CARTESIAN_POINT('',(-2.983431160081E1,-6.343514287333E1,
1.464618282966E1));
#1287=CARTESIAN_POINT('',(-3.079883588701E1,-6.325832683729E1,
1.117121465455E1));
#1288=CARTESIAN_POINT('',(-3.097324231243E1,-6.322635475194E1,
8.884875162544E0));
#1289=CARTESIAN_POINT('',(-3.095736929815E1,-6.322926458376E1,
7.746480847953E0));
#1290=CARTESIAN_POINT('',(-1.300364358714E1,-6.626148104973E1,
2.599875743466E1));
#1291=CARTESIAN_POINT('',(-1.514604841921E1,-6.586377496405E1,
2.602487874414E1));
#1292=CARTESIAN_POINT('',(-1.860132891162E1,-6.522235273657E1,
2.545411009843E1));
#1293=CARTESIAN_POINT('',(-2.294981445691E1,-6.441512007029E1,
2.317938176416E1));
#1294=CARTESIAN_POINT('',(-2.581219991286E1,-6.388376012451E1,
2.082000879200E1));
#1295=CARTESIAN_POINT('',(-2.813257975540E1,-6.345301558424E1,
1.790811543598E1));
#1296=CARTESIAN_POINT('',(-2.978102970792E1,-6.314700498894E1,
1.464618282966E1));
#1297=CARTESIAN_POINT('',(-3.074515493328E1,-6.296802925861E1,
1.117121465455E1));
#1298=CARTESIAN_POINT('',(-3.091948920003E1,-6.293566665477E1,
8.884875162544E0));
#1299=CARTESIAN_POINT('',(-3.090362275303E1,-6.293861202832E1,
7.746480847953E0));
#1300=CARTESIAN_POINT('',(-1.299086018230E1,-6.619230549854E1,
2.599875743466E1));
#1301=CARTESIAN_POINT('',(-1.513378230520E1,-6.579739896105E1,
2.602487874414E1));
#1302=CARTESIAN_POINT('',(-1.858989708669E1,-6.516049185792E1,
2.545411009843E1));
#1303=CARTESIAN_POINT('',(-2.293943258841E1,-6.435894149530E1,
2.317938176416E1));
#1304=CARTESIAN_POINT('',(-2.580250917693E1,-6.383132191918E1,
2.082000879200E1));
#1305=CARTESIAN_POINT('',(-2.812344928297E1,-6.340360949268E1,
1.790811543598E1));
#1306=CARTESIAN_POINT('',(-2.977229725927E1,-6.309975297909E1,
1.464618282966E1));
#1307=CARTESIAN_POINT('',(-3.073665527590E1,-6.292203710170E1,
1.117121465455E1));
#1308=CARTESIAN_POINT('',(-3.091103163625E1,-6.288990230597E1,
8.884875162544E0));
#1309=CARTESIAN_POINT('',(-3.089516135824E1,-6.289282694633E1,
7.746480847953E0));
#1310=CARTESIAN_POINT('',(-1.298237358611E1,-6.614613743459E1,
2.599875743466E1));
#1311=CARTESIAN_POINT('',(-1.512572245563E1,-6.575355193464E1,
2.602487874414E1));
#1312=CARTESIAN_POINT('',(-1.858252549605E1,-6.512038821166E1,
2.545411009843E1));
#1313=CARTESIAN_POINT('',(-2.293292717463E1,-6.432354890927E1,
2.317938176416E1));
#1314=CARTESIAN_POINT('',(-2.579657392305E1,-6.379903038296E1,
2.082000879200E1));
#1315=CARTESIAN_POINT('',(-2.811797622663E1,-6.337383180847E1,
1.790811543598E1));
#1316=CARTESIAN_POINT('',(-2.976715255844E1,-6.307176119181E1,
1.464618282966E1));
#1317=CARTESIAN_POINT('',(-3.073170261963E1,-6.289508982795E1,
1.117121465455E1));
#1318=CARTESIAN_POINT('',(-3.090611370570E1,-6.286314390240E1,
8.884875162544E0));
#1319=CARTESIAN_POINT('',(-3.089024026725E1,-6.286605135338E1,
7.746480847953E0));
#1320=CARTESIAN_POINT('',(-1.294232085722E1,-6.592685706164E1,
2.599875743466E1));
#1321=CARTESIAN_POINT('',(-1.508756556093E1,-6.554465274687E1,
2.602487874414E1));
#1322=CARTESIAN_POINT('',(-1.854742621156E1,-6.492823184771E1,
2.545411009843E1));
#1323=CARTESIAN_POINT('',(-2.290167590590E1,-6.415246346198E1,
2.317938176416E1));
#1324=CARTESIAN_POINT('',(-2.576785560613E1,-6.364181484159E1,
2.082000879200E1));
#1325=CARTESIAN_POINT('',(-2.809131123566E1,-6.322785984370E1,
1.790811543598E1));
#1326=CARTESIAN_POINT('',(-2.974194629635E1,-6.293377691636E1,
1.464618282966E1));
#1327=CARTESIAN_POINT('',(-3.070734952101E1,-6.276177729444E1,
1.117121465455E1));
#1328=CARTESIAN_POINT('',(-3.088191487712E1,-6.273067611881E1,
8.884875162544E0));
#1329=CARTESIAN_POINT('',(-3.086602739830E1,-6.273350668771E1,
7.746480847953E0));
#1330=CARTESIAN_POINT('',(-1.284094477879E1,-6.534915164534E1,
2.599875743466E1));
#1331=CARTESIAN_POINT('',(-1.499085421033E1,-6.499355899099E1,
2.602487874414E1));
#1332=CARTESIAN_POINT('',(-1.845823815573E1,-6.442005750172E1,
2.545411009843E1));
#1333=CARTESIAN_POINT('',(-2.282195594930E1,-6.369830338023E1,
2.317938176416E1));
#1334=CARTESIAN_POINT('',(-2.569436801464E1,-6.322320958525E1,
2.082000879200E1));
#1335=CARTESIAN_POINT('',(-2.802287588279E1,-6.283807694600E1,
1.790811543598E1));
#1336=CARTESIAN_POINT('',(-2.967710016725E1,-6.256447006956E1,
1.464618282966E1));
#1337=CARTESIAN_POINT('',(-3.064460261317E1,-6.240444622958E1,
1.117121465455E1));
#1338=CARTESIAN_POINT('',(-3.081954755296E1,-6.237551052904E1,
8.884875162544E0));
#1339=CARTESIAN_POINT('',(-3.080362552761E1,-6.237814401451E1,
7.746480847953E0));
#1340=CARTESIAN_POINT('',(-1.263596176414E1,-6.405208143518E1,
2.599875743466E1));
#1341=CARTESIAN_POINT('',(-1.479403110800E1,-6.374847724931E1,
2.602487874414E1));
#1342=CARTESIAN_POINT('',(-1.827457539801E1,-6.325882300414E1,
2.545411009843E1));
#1343=CARTESIAN_POINT('',(-2.265485554257E1,-6.264259100446E1,
2.317938176416E1));
#1344=CARTESIAN_POINT('',(-2.553816975581E1,-6.223695702109E1,
2.082000879200E1));
#1345=CARTESIAN_POINT('',(-2.787551540093E1,-6.190813166443E1,
1.790811543598E1));
#1346=CARTESIAN_POINT('',(-2.953601824063E1,-6.167452674611E1,
1.464618282966E1));
#1347=CARTESIAN_POINT('',(-3.050719281107E1,-6.153789876164E1,
1.117121465455E1));
#1348=CARTESIAN_POINT('',(-3.068280174877E1,-6.151319352744E1,
8.884875162544E0));
#1349=CARTESIAN_POINT('',(-3.066681929187E1,-6.151544199124E1,
7.746480847953E0));
#1350=CARTESIAN_POINT('',(-1.230009101681E1,-6.144563841361E1,
2.599875743466E1));
#1351=CARTESIAN_POINT('',(-1.446816869112E1,-6.122167286893E1,
2.602487874414E1));
#1352=CARTESIAN_POINT('',(-1.796485446308E1,-6.086046019524E1,
2.545411009843E1));
#1353=CARTESIAN_POINT('',(-2.236544873297E1,-6.040587247256E1,
2.317938176416E1));
#1354=CARTESIAN_POINT('',(-2.526213469512E1,-6.010664064292E1,
2.082000879200E1));
#1355=CARTESIAN_POINT('',(-2.761032008811E1,-5.986406971164E1,
1.790811543598E1));
#1356=CARTESIAN_POINT('',(-2.927852372814E1,-5.969174187426E1,
1.464618282966E1));
#1357=CARTESIAN_POINT('',(-3.025420224839E1,-5.959095287864E1,
1.117121465455E1));
#1358=CARTESIAN_POINT('',(-3.043062559564E1,-5.957272809291E1,
8.884875162544E0));
#1359=CARTESIAN_POINT('',(-3.041456901800E1,-5.957438676050E1,
7.746480847953E0));
#1360=CARTESIAN_POINT('',(-1.196740753098E1,-5.771607175285E1,
2.599875743466E1));
#1361=CARTESIAN_POINT('',(-1.414072354135E1,-5.755634484497E1,
2.602487874414E1));
#1362=CARTESIAN_POINT('',(-1.764585772611E1,-5.729873654396E1,
2.545411009843E1));
#1363=CARTESIAN_POINT('',(-2.205708436029E1,-5.697453537540E1,
2.317938176416E1));
#1364=CARTESIAN_POINT('',(-2.496076906365E1,-5.676113034047E1,
2.082000879200E1));
#1365=CARTESIAN_POINT('',(-2.731462795457E1,-5.658813451270E1,
1.790811543598E1));
#1366=CARTESIAN_POINT('',(-2.898686217496E1,-5.646523439142E1,
1.464618282966E1));
#1367=CARTESIAN_POINT('',(-2.996489805170E1,-5.639335407322E1,
1.117121465455E1));
#1368=CARTESIAN_POINT('',(-3.014174765894E1,-5.638035658883E1,
8.884875162544E0));
#1369=CARTESIAN_POINT('',(-3.012565228669E1,-5.638153951116E1,
7.746480847953E0));
#1370=CARTESIAN_POINT('',(-1.168346294075E1,-5.323787951460E1,
2.599875743466E1));
#1371=CARTESIAN_POINT('',(-1.385918248526E1,-5.311725541855E1,
2.602487874414E1));
#1372=CARTESIAN_POINT('',(-1.736819310108E1,-5.292271231458E1,
2.545411009843E1));
#1373=CARTESIAN_POINT('',(-2.178429824064E1,-5.267787897111E1,
2.317938176416E1));
#1374=CARTESIAN_POINT('',(-2.469119421437E1,-5.251671771298E1,
2.082000879200E1));
#1375=CARTESIAN_POINT('',(-2.704765630712E1,-5.238607306692E1,
1.790811543598E1));
#1376=CARTESIAN_POINT('',(-2.872173990055E1,-5.229326017627E1,
1.464618282966E1));
#1377=CARTESIAN_POINT('',(-2.970085741596E1,-5.223897690914E1,
1.117121465455E1));
#1378=CARTESIAN_POINT('',(-2.987790260638E1,-5.222916134440E1,
8.884875162544E0));
#1379=CARTESIAN_POINT('',(-2.986178943378E1,-5.223005467502E1,
7.746480847953E0));
#1380=CARTESIAN_POINT('',(-1.149283136293E1,-4.950490782919E1,
2.599875743466E1));
#1381=CARTESIAN_POINT('',(-1.366917865425E1,-4.939736262470E1,
2.602487874414E1));
#1382=CARTESIAN_POINT('',(-1.717920170307E1,-4.922391321796E1,
2.545411009843E1));
#1383=CARTESIAN_POINT('',(-2.159658099396E1,-4.900562638431E1,
2.317938176416E1));
#1384=CARTESIAN_POINT('',(-2.450431567629E1,-4.886193933479E1,
2.082000879200E1));
#1385=CARTESIAN_POINT('',(-2.686145766439E1,-4.874546007703E1,
1.790811543598E1));
#1386=CARTESIAN_POINT('',(-2.853602427074E1,-4.866271059637E1,
1.464618282966E1));
#1387=CARTESIAN_POINT('',(-2.951542428483E1,-4.861431309326E1,
1.117121465455E1));
#1388=CARTESIAN_POINT('',(-2.969252055700E1,-4.860556179935E1,
8.884875162544E0));
#1389=CARTESIAN_POINT('',(-2.967640273537E1,-4.860635826893E1,
7.746480847953E0));
#1390=CARTESIAN_POINT('',(-1.134616698240E1,-4.651919974921E1,
2.599875743466E1));
#1391=CARTESIAN_POINT('',(-1.352252144855E1,-4.641171925528E1,
2.602487874414E1));
#1392=CARTESIAN_POINT('',(-1.703255606895E1,-4.623837421402E1,
2.545411009843E1));
#1393=CARTESIAN_POINT('',(-2.144994992272E1,-4.602021872478E1,
2.317938176416E1));
#1394=CARTESIAN_POINT('',(-2.435769419106E1,-4.587661813257E1,
2.082000879200E1));
#1395=CARTESIAN_POINT('',(-2.671484395E1,-4.576020896103E1,1.790811543598E1));
#1396=CARTESIAN_POINT('',(-2.838941607694E1,-4.567750927119E1,
1.464618282966E1));
#1397=CARTESIAN_POINT('',(-2.936881931984E1,-4.562914088913E1,
1.117121465455E1));
#1398=CARTESIAN_POINT('',(-2.954591617585E1,-4.562039486092E1,
8.884875162544E0));
#1399=CARTESIAN_POINT('',(-2.952979830108E1,-4.562119085127E1,
7.746480847953E0));
#1400=CARTESIAN_POINT('',(-1.119518641209E1,-4.353439514520E1,
2.599875743466E1));
#1401=CARTESIAN_POINT('',(-1.337120433524E1,-4.342024822788E1,
2.602487874414E1));
#1402=CARTESIAN_POINT('',(-1.688069617752E1,-4.323615154794E1,
2.545411009843E1));
#1403=CARTESIAN_POINT('',(-2.129740694268E1,-4.300446507461E1,
2.317938176416E1));
#1404=CARTESIAN_POINT('',(-2.420470156875E1,-4.285195772815E1,
2.082000879200E1));
#1405=CARTESIAN_POINT('',(-2.656148682722E1,-4.272832833651E1,
1.790811543598E1));
#1406=CARTESIAN_POINT('',(-2.823580000483E1,-4.264049924016E1,
1.464618282966E1));
#1407=CARTESIAN_POINT('',(-2.921505179662E1,-4.258913083362E1,
1.117121465455E1));
#1408=CARTESIAN_POINT('',(-2.939212126706E1,-4.257984233742E1,
8.884875162544E0));
#1409=CARTESIAN_POINT('',(-2.937600588470E1,-4.258068769867E1,
7.746480847953E0));
#1410=CARTESIAN_POINT('',(-1.091606141697E1,-3.831148961981E1,
2.599875743466E1));
#1411=CARTESIAN_POINT('',(-1.309168458698E1,-3.819005452037E1,
2.602487874414E1));
#1412=CARTESIAN_POINT('',(-1.660053976956E1,-3.799420342636E1,
2.545411009843E1));
#1413=CARTESIAN_POINT('',(-2.101644929572E1,-3.774772397174E1,
2.317938176416E1));
#1414=CARTESIAN_POINT('',(-2.392321650716E1,-3.758547916289E1,
2.082000879200E1));
#1415=CARTESIAN_POINT('',(-2.627957421934E1,-3.745395614134E1,
1.790811543598E1));
#1416=CARTESIAN_POINT('',(-2.795358365847E1,-3.736051923301E1,
1.464618282966E1));
#1417=CARTESIAN_POINT('',(-2.893265780342E1,-3.730587099807E1,
1.117121465455E1));
#1418=CARTESIAN_POINT('',(-2.910969515155E1,-3.729598943941E1,
8.884875162544E0));
#1419=CARTESIAN_POINT('',(-2.909358269268E1,-3.729688877624E1,
7.746480847953E0));
#1420=CARTESIAN_POINT('',(-1.048878516834E1,-3.085144960635E1,
2.599875743466E1));
#1421=CARTESIAN_POINT('',(-1.266412126642E1,-3.072507627280E1,
2.602487874414E1));
#1422=CARTESIAN_POINT('',(-1.617251345807E1,-3.052126077179E1,
2.545411009843E1));
#1423=CARTESIAN_POINT('',(-2.058784030810E1,-3.026475807629E1,
2.317938176416E1));
#1424=CARTESIAN_POINT('',(-2.349422397368E1,-3.009591548101E1,
2.082000879200E1));
#1425=CARTESIAN_POINT('',(-2.585027076614E1,-2.995904399368E1,
1.790811543598E1));
#1426=CARTESIAN_POINT('',(-2.752405932092E1,-2.986180741515E1,
1.464618282966E1));
#1427=CARTESIAN_POINT('',(-2.850300427773E1,-2.980493687562E1,
1.117121465455E1));
#1428=CARTESIAN_POINT('',(-2.868001826591E1,-2.979465347721E1,
8.884875162544E0));
#1429=CARTESIAN_POINT('',(-2.866390793307E1,-2.979558938613E1,
7.746480847953E0));
#1430=CARTESIAN_POINT('',(-9.983339313050E0,-2.189736024113E1,
2.599875743466E1));
#1431=CARTESIAN_POINT('',(-1.215925076882E1,-2.178086972108E1,
2.602487874414E1));
#1432=CARTESIAN_POINT('',(-1.566857090002E1,-2.159299326772E1,
2.545411009843E1));
#1433=CARTESIAN_POINT('',(-2.008506556604E1,-2.135654993310E1,
2.317938176416E1));
#1434=CARTESIAN_POINT('',(-2.299221794510E1,-2.120091138833E1,
2.082000879200E1));
#1435=CARTESIAN_POINT('',(-2.534888789167E1,-2.107474370493E1,
1.790811543598E1));
#1436=CARTESIAN_POINT('',(-2.702311914912E1,-2.098511134909E1,
1.464618282966E1));
#1437=CARTESIAN_POINT('',(-2.800232302846E1,-2.093268827423E1,
1.117121465455E1));
#1438=CARTESIAN_POINT('',(-2.817938383531E1,-2.092320907165E1,
8.884875162544E0));
#1439=CARTESIAN_POINT('',(-2.816326924143E1,-2.092407178940E1,
7.746480847953E0));
#1440=CARTESIAN_POINT('',(-9.552805972235E0,-1.293853801707E1,
2.599875743466E1));
#1441=CARTESIAN_POINT('',(-1.173004036447E1,-1.284854701778E1,
2.602487874414E1));
#1442=CARTESIAN_POINT('',(-1.524149413376E1,-1.270340911494E1,
2.545411009843E1));
#1443=CARTESIAN_POINT('',(-1.966067399261E1,-1.252075243223E1,
2.317938176416E1));
#1444=CARTESIAN_POINT('',(-2.256959389666E1,-1.240051888734E1,
2.082000879200E1));
#1445=CARTESIAN_POINT('',(-2.492769667939E1,-1.230305210718E1,
1.790811543598E1));
#1446=CARTESIAN_POINT('',(-2.660294585583E1,-1.223380951759E1,
1.464618282966E1));
#1447=CARTESIAN_POINT('',(-2.758274508316E1,-1.219331175957E1,
1.117121465455E1));
#1448=CARTESIAN_POINT('',(-2.775991354154E1,-1.218598890693E1,
8.884875162544E0));
#1449=CARTESIAN_POINT('',(-2.774378915012E1,-1.218665537174E1,
7.746480847953E0));
#1450=CARTESIAN_POINT('',(-9.308064865066E0,-5.393029641052E0,
2.599875743466E1));
#1451=CARTESIAN_POINT('',(-1.148645322787E1,-5.337210547103E0,
2.602487874414E1));
#1452=CARTESIAN_POINT('',(-1.499976812628E1,-5.247185252380E0,
2.545411009843E1));
#1453=CARTESIAN_POINT('',(-1.942129022422E1,-5.133888026967E0,
2.317938176416E1));
#1454=CARTESIAN_POINT('',(-2.233175190438E1,-5.059310262629E0,
2.082000879200E1));
#1455=CARTESIAN_POINT('',(-2.469110452095E1,-4.998854134783E0,
1.790811543599E1));
#1456=CARTESIAN_POINT('',(-2.636724160742E1,-4.955904743804E0,
1.464618282966E1));
#1457=CARTESIAN_POINT('',(-2.734756014469E1,-4.930785029860E0,
1.117121465456E1));
#1458=CARTESIAN_POINT('',(-2.752482250531E1,-4.926242853392E0,
8.884875162544E0));
#1459=CARTESIAN_POINT('',(-2.750868956770E1,-4.926656244308E0,
7.746480847953E0));
#1460=CARTESIAN_POINT('',(-9.232535954262E0,-8.357551818126E-1,
2.599875743466E1));
#1461=CARTESIAN_POINT('',(-1.141132224098E1,-8.038112648981E-1,
2.602487874414E1));
#1462=CARTESIAN_POINT('',(-1.492527891294E1,-7.522919669046E-1,
2.545411009843E1));
#1463=CARTESIAN_POINT('',(-1.934760868567E1,-6.874547060455E-1,
2.317938176415E1));
#1464=CARTESIAN_POINT('',(-2.225860201681E1,-6.447756559361E-1,
2.082000879200E1));
#1465=CARTESIAN_POINT('',(-2.461838561385E1,-6.101780767154E-1,
1.790811543598E1));
#1466=CARTESIAN_POINT('',(-2.629482887852E1,-5.855991794253E-1,
1.464618282966E1));
#1467=CARTESIAN_POINT('',(-2.727532648955E1,-5.712237749111E-1,
1.117121465455E1));
#1468=CARTESIAN_POINT('',(-2.745262123050E1,-5.686243972168E-1,
8.884875162544E0));
#1469=CARTESIAN_POINT('',(-2.743648534590E1,-5.688609708359E-1,
7.746480847953E0));
#1470=CARTESIAN_POINT('',(-9.215632704191E0,7.316810369280E-1,
2.599875743466E1));
#1471=CARTESIAN_POINT('',(-1.139451023566E1,7.551745957012E-1,
2.602487874414E1));
#1472=CARTESIAN_POINT('',(-1.490861406757E1,7.930651167231E-1,
2.545411009843E1));
#1473=CARTESIAN_POINT('',(-1.933112904175E1,8.407505024186E-1,
2.317938176415E1));
#1474=CARTESIAN_POINT('',(-2.224224428153E1,8.721393510315E-1,
2.082000879200E1));
#1475=CARTESIAN_POINT('',(-2.460212670325E1,8.975845793988E-1,
1.790811543598E1));
#1476=CARTESIAN_POINT('',(-2.627864017519E1,9.156614410940E-1,
1.464618282966E1));
#1477=CARTESIAN_POINT('',(-2.725917884819E1,9.262340146375E-1,
1.117121465455E1));
#1478=CARTESIAN_POINT('',(-2.743648101402E1,9.281457599253E-1,
8.884875162544E0));
#1479=CARTESIAN_POINT('',(-2.742034445366E1,9.279717688572E-1,
7.746480847953E0));
#1480=B_SPLINE_SURFACE_WITH_KNOTS('',3,3,((#1260,#1261,#1262,#1263,#1264,#1265,
#1266,#1267,#1268,#1269),(#1270,#1271,#1272,#1273,#1274,#1275,#1276,#1277,#1278,
#1279),(#1280,#1281,#1282,#1283,#1284,#1285,#1286,#1287,#1288,#1289),(#1290,
#1291,#1292,#1293,#1294,#1295,#1296,#1297,#1298,#1299),(#1300,#1301,#1302,#1303,
#1304,#1305,#1306,#1307,#1308,#1309),(#1310,#1311,#1312,#1313,#1314,#1315,#1316,
#1317,#1318,#1319),(#1320,#1321,#1322,#1323,#1324,#1325,#1326,#1327,#1328,
#1329),(#1330,#1331,#1332,#1333,#1334,#1335,#1336,#1337,#1338,#1339),(#1340,
#1341,#1342,#1343,#1344,#1345,#1346,#1347,#1348,#1349),(#1350,#1351,#1352,#1353,
#1354,#1355,#1356,#1357,#1358,#1359),(#1360,#1361,#1362,#1363,#1364,#1365,#1366,
#1367,#1368,#1369),(#1370,#1371,#1372,#1373,#1374,#1375,#1376,#1377,#1378,
#1379),(#1380,#1381,#1382,#1383,#1384,#1385,#1386,#1387,#1388,#1389),(#1390,
#1391,#1392,#1393,#1394,#1395,#1396,#1397,#1398,#1399),(#1400,#1401,#1402,#1403,
#1404,#1405,#1406,#1407,#1408,#1409),(#1410,#1411,#1412,#1413,#1414,#1415,#1416,
#1417,#1418,#1419),(#1420,#1421,#1422,#1423,#1424,#1425,#1426,#1427,#1428,
#1429),(#1430,#1431,#1432,#1433,#1434,#1435,#1436,#1437,#1438,#1439),(#1440,
#1441,#1442,#1443,#1444,#1445,#1446,#1447,#1448,#1449),(#1450,#1451,#1452,#1453,
#1454,#1455,#1456,#1457,#1458,#1459),(#1460,#1461,#1462,#1463,#1464,#1465,#1466,
#1467,#1468,#1469),(#1470,#1471,#1472,#1473,#1474,#1475,#1476,#1477,#1478,
#1479)),.UNSPECIFIED.,.F.,.F.,.F.,(4,1,1,1,1,1,1,1,1,1,1,1,1,1,1,1,1,1,1,4),(4,
1,1,1,1,1,1,4),(9.517722343805E-2,9.576784200049E-2,9.590799328853E-2,
9.594303111054E-2,9.597806893256E-2,9.604814457658E-2,9.660874972877E-2,
9.772996003314E-2,9.997238064189E-2,1.044572218594E-1,1.089420630769E-1,
1.134269042944E-1,1.156693249031E-1,1.179117455119E-1,1.223965867294E-1,
1.313662691644E-1,1.403359515994E-1,1.493056340343E-1,1.582753164693E-1,
1.629772520521E-1),(-8.176066705020E-3,2.5E-1,3.75E-1,5.E-1,6.25E-1,7.5E-1,
8.75E-1,1.009989570818E0),.UNSPECIFIED.);
#1482=ORIENTED_EDGE('',*,*,#1481,.F.);
#1483=ORIENTED_EDGE('',*,*,#1250,.F.);
#1485=ORIENTED_EDGE('',*,*,#1484,.T.);
#1487=ORIENTED_EDGE('',*,*,#1486,.F.);
#1488=EDGE_LOOP('',(#1482,#1483,#1485,#1487));
#1489=FACE_OUTER_BOUND('',#1488,.F.);
#1490=ADVANCED_FACE('',(#1489),#1480,.T.);
#1491=CARTESIAN_POINT('',(-2.742541692907E1,6.302246191040E-1,
8.000000000007E0));
#1492=CARTESIAN_POINT('',(-2.742784692534E1,4.198642110594E-1,
8.000000000007E0));
#1493=CARTESIAN_POINT('',(-2.749832038704E1,-5.278576417509E0,
8.000000000007E0));
#1494=CARTESIAN_POINT('',(-2.800938391931E1,-1.987068480392E1,
8.000000000007E0));
#1495=CARTESIAN_POINT('',(-2.905787170179E1,-3.578212775774E1,
8.000000000007E0));
#1496=CARTESIAN_POINT('',(-2.990100048507E1,-5.324584618804E1,
8.000000000007E0));
#1497=CARTESIAN_POINT('',(-3.032715529068E1,-6.001651344591E1,
8.000000000007E0));
#1498=CARTESIAN_POINT('',(-3.097505430298E1,-6.330222512608E1,
8.000000000007E0));
#1499=CARTESIAN_POINT('',(-3.101426318017E1,-6.348791795251E1,
8.000000000007E0));
#1501=DIRECTION('',(0.E0,0.E0,-1.E0));
#1502=VECTOR('',#1501,1.E0);
#1503=SURFACE_OF_LINEAR_EXTRUSION('',#1500,#1502);
#1504=ORIENTED_EDGE('',*,*,#1023,.F.);
#1505=ORIENTED_EDGE('',*,*,#1481,.T.);
#1507=ORIENTED_EDGE('',*,*,#1506,.F.);
#1509=ORIENTED_EDGE('',*,*,#1508,.T.);
#1510=EDGE_LOOP('',(#1504,#1505,#1507,#1509));
#1511=FACE_OUTER_BOUND('',#1510,.F.);
#1512=ADVANCED_FACE('',(#1511),#1503,.F.);
#1513=CARTESIAN_POINT('',(-2.5E1,-6.4E1,2.6E1));
#1514=DIRECTION('',(0.E0,0.E0,-1.E0));
#1515=DIRECTION('',(0.E0,-1.E0,0.E0));
#1516=AXIS2_PLACEMENT_3D('',#1513,#1514,#1515);
#1517=CYLINDRICAL_SURFACE('',#1516,6.E0);
#1519=ORIENTED_EDGE('',*,*,#1518,.T.);
#1520=ORIENTED_EDGE('',*,*,#1506,.T.);
#1522=ORIENTED_EDGE('',*,*,#1521,.T.);
#1524=ORIENTED_EDGE('',*,*,#1523,.F.);
#1526=ORIENTED_EDGE('',*,*,#1525,.T.);
#1527=EDGE_LOOP('',(#1519,#1520,#1522,#1524,#1526));
#1528=FACE_OUTER_BOUND('',#1527,.F.);
#1529=ADVANCED_FACE('',(#1528),#1517,.T.);
#1530=CARTESIAN_POINT('',(-2.5E1,-6.4E1,2.E0));
#1531=DIRECTION('',(0.E0,0.E0,1.E0));
#1532=DIRECTION('',(1.E0,0.E0,0.E0));
#1533=AXIS2_PLACEMENT_3D('',#1530,#1531,#1532);
#1534=CONICAL_SURFACE('',#1533,4.75E0,3.200538320808E1);
#1536=ORIENTED_EDGE('',*,*,#1535,.T.);
#1537=ORIENTED_EDGE('',*,*,#1518,.F.);
#1538=ORIENTED_EDGE('',*,*,#1525,.F.);
#1540=ORIENTED_EDGE('',*,*,#1539,.F.);
#1542=ORIENTED_EDGE('',*,*,#1541,.T.);
#1544=ORIENTED_EDGE('',*,*,#1543,.T.);
#1545=EDGE_LOOP('',(#1536,#1537,#1538,#1540,#1542,#1544));
#1546=FACE_OUTER_BOUND('',#1545,.F.);
#1547=ADVANCED_FACE('',(#1546),#1534,.T.);
#1548=CARTESIAN_POINT('',(-2.846544218688E1,-6.400685357956E1,
-1.597308337092E-1));
#1549=CARTESIAN_POINT('',(-2.934679264934E1,-6.382323438675E1,
1.280553750442E0));
#1550=CARTESIAN_POINT('',(-3.022814311180E1,-6.363961519393E1,
2.720838334593E0));
#1551=CARTESIAN_POINT('',(-3.110949357425E1,-6.345599600111E1,
4.161122918745E0));
#1552=CARTESIAN_POINT('',(-2.842261819627E1,-6.379861433867E1,
-1.597308337093E-1));
#1553=CARTESIAN_POINT('',(-2.930538769274E1,-6.362216948241E1,
1.280553750442E0));
#1554=CARTESIAN_POINT('',(-3.018815718922E1,-6.344572462615E1,
2.720838334594E0));
#1555=CARTESIAN_POINT('',(-3.107092668569E1,-6.326927976989E1,
4.161122918745E0));
#1556=CARTESIAN_POINT('',(-2.808679090403E1,-6.207352823512E1,
-1.597308337094E-1));
#1557=CARTESIAN_POINT('',(-2.898004742694E1,-6.195198830649E1,
1.280553750443E0));
#1558=CARTESIAN_POINT('',(-2.987330394986E1,-6.183044837786E1,
2.720838334596E0));
#1559=CARTESIAN_POINT('',(-3.076656047277E1,-6.170890844923E1,
4.161122918749E0));
#1560=CARTESIAN_POINT('',(-2.771364534765E1,-5.881922826804E1,
-1.597308337093E-1));
#1561=CARTESIAN_POINT('',(-2.861014294881E1,-5.873891703644E1,
1.280553750442E0));
#1562=CARTESIAN_POINT('',(-2.950664054998E1,-5.865860580484E1,
2.720838334593E0));
#1563=CARTESIAN_POINT('',(-3.040313815114E1,-5.857829457325E1,
4.161122918745E0));
#1564=CARTESIAN_POINT('',(-2.726230631782E1,-5.271916070375E1,
-1.597308337093E-1));
#1565=CARTESIAN_POINT('',(-2.816158321108E1,-5.267270530144E1,
1.280553750443E0));
#1566=CARTESIAN_POINT('',(-2.906086010434E1,-5.262624989913E1,
2.720838334595E0));
#1567=CARTESIAN_POINT('',(-2.996013699760E1,-5.257979449683E1,
4.161122918747E0));
#1568=CARTESIAN_POINT('',(-2.677627531135E1,-4.202910333342E1,
-1.597308337093E-1));
#1569=CARTESIAN_POINT('',(-2.767523133122E1,-4.198627174226E1,
1.280553750442E0));
#1570=CARTESIAN_POINT('',(-2.857418735110E1,-4.194344015110E1,
2.720838334594E0));
#1571=CARTESIAN_POINT('',(-2.947314337097E1,-4.190060855995E1,
4.161122918746E0));
#1572=CARTESIAN_POINT('',(-2.587183924867E1,-2.677377253969E1,
-1.597308337093E-1));
#1573=CARTESIAN_POINT('',(-2.677027506716E1,-2.671648828209E1,
1.280553750443E0));
#1574=CARTESIAN_POINT('',(-2.766871088564E1,-2.665920402448E1,
2.720838334594E0));
#1575=CARTESIAN_POINT('',(-2.856714670413E1,-2.660191976688E1,
4.161122918746E0));
#1576=CARTESIAN_POINT('',(-2.506904081965E1,-1.152564719134E1,
-1.597308337093E-1));
#1577=CARTESIAN_POINT('',(-2.596860605624E1,-1.148832335563E1,
1.280553750442E0));
#1578=CARTESIAN_POINT('',(-2.686817129282E1,-1.145099951991E1,
2.720838334594E0));
#1579=CARTESIAN_POINT('',(-2.776773652941E1,-1.141367568420E1,
4.161122918746E0));
#1580=CARTESIAN_POINT('',(-2.486228006710E1,-2.374755635957E0,
-1.597308337093E-1));
#1581=CARTESIAN_POINT('',(-2.576230044151E1,-2.357876843759E0,
1.280553750442E0));
#1582=CARTESIAN_POINT('',(-2.666232081591E1,-2.340998051560E0,
2.720838334594E0));
#1583=CARTESIAN_POINT('',(-2.756234119031E1,-2.324119259362E0,
4.161122918746E0));
#1584=CARTESIAN_POINT('',(-2.482812757604E1,6.658956844923E-1,
-1.597308337093E-1));
#1585=CARTESIAN_POINT('',(-2.572822469198E1,6.756999545716E-1,
1.280553750442E0));
#1586=CARTESIAN_POINT('',(-2.662832180792E1,6.855042246508E-1,
2.720838334594E0));
#1587=CARTESIAN_POINT('',(-2.752841892387E1,6.953084947301E-1,
4.161122918746E0));
#1588=B_SPLINE_SURFACE_WITH_KNOTS('',3,3,((#1548,#1549,#1550,#1551),(#1552,
#1553,#1554,#1555),(#1556,#1557,#1558,#1559),(#1560,#1561,#1562,#1563),(#1564,
#1565,#1566,#1567),(#1568,#1569,#1570,#1571),(#1572,#1573,#1574,#1575),(#1576,
#1577,#1578,#1579),(#1580,#1581,#1582,#1583),(#1584,#1585,#1586,#1587)),
.UNSPECIFIED.,.F.,.F.,.F.,(4,1,1,1,1,1,1,4),(4,4),(-8.585655097647E-3,0.E0,
6.25E-2,1.25E-1,2.5E-1,5.E-1,7.5E-1,8.743446827516E-1),(-2.963634497755E-2,
1.039881910581E0),.UNSPECIFIED.);
#1589=ORIENTED_EDGE('',*,*,#1000,.F.);
#1590=ORIENTED_EDGE('',*,*,#1508,.F.);
#1591=ORIENTED_EDGE('',*,*,#1535,.F.);
#1593=ORIENTED_EDGE('',*,*,#1592,.T.);
#1594=EDGE_LOOP('',(#1589,#1590,#1591,#1593));
#1595=FACE_OUTER_BOUND('',#1594,.F.);
#1596=ADVANCED_FACE('',(#1595),#1588,.F.);
#1597=CARTESIAN_POINT('',(2.857957149125E1,2.825569134597E1,0.E0));
#1598=DIRECTION('',(0.E0,0.E0,-1.E0));
#1599=DIRECTION('',(0.E0,-1.E0,0.E0));
#1600=AXIS2_PLACEMENT_3D('',#1597,#1598,#1599);
#1601=PLANE('',#1600);
#1603=ORIENTED_EDGE('',*,*,#1602,.F.);
#1605=ORIENTED_EDGE('',*,*,#1604,.F.);
#1607=ORIENTED_EDGE('',*,*,#1606,.F.);
#1609=ORIENTED_EDGE('',*,*,#1608,.T.);
#1610=ORIENTED_EDGE('',*,*,#943,.F.);
#1611=ORIENTED_EDGE('',*,*,#941,.F.);
#1612=ORIENTED_EDGE('',*,*,#1002,.F.);
#1613=ORIENTED_EDGE('',*,*,#1592,.F.);
#1614=ORIENTED_EDGE('',*,*,#1543,.F.);
#1615=ORIENTED_EDGE('',*,*,#1541,.F.);
#1617=ORIENTED_EDGE('',*,*,#1616,.T.);
#1619=ORIENTED_EDGE('',*,*,#1618,.F.);
#1621=ORIENTED_EDGE('',*,*,#1620,.F.);
#1623=ORIENTED_EDGE('',*,*,#1622,.F.);
#1624=EDGE_LOOP('',(#1603,#1605,#1607,#1609,#1610,#1611,#1612,#1613,#1614,#1615,
#1617,#1619,#1621,#1623));
#1625=FACE_OUTER_BOUND('',#1624,.F.);
#1627=ORIENTED_EDGE('',*,*,#1626,.F.);
#1629=ORIENTED_EDGE('',*,*,#1628,.T.);
#1631=ORIENTED_EDGE('',*,*,#1630,.F.);
#1633=ORIENTED_EDGE('',*,*,#1632,.F.);
#1635=ORIENTED_EDGE('',*,*,#1634,.F.);
#1637=ORIENTED_EDGE('',*,*,#1636,.F.);
#1639=ORIENTED_EDGE('',*,*,#1638,.F.);
#1641=ORIENTED_EDGE('',*,*,#1640,.F.);
#1643=ORIENTED_EDGE('',*,*,#1642,.T.);
#1645=ORIENTED_EDGE('',*,*,#1644,.F.);
#1647=ORIENTED_EDGE('',*,*,#1646,.F.);
#1649=ORIENTED_EDGE('',*,*,#1648,.F.);
#1651=ORIENTED_EDGE('',*,*,#1650,.F.);
#1653=ORIENTED_EDGE('',*,*,#1652,.F.);
#1654=EDGE_LOOP('',(#1627,#1629,#1631,#1633,#1635,#1637,#1639,#1641,#1643,#1645,
#1647,#1649,#1651,#1653));
#1655=FACE_BOUND('',#1654,.F.);
#1656=ADVANCED_FACE('',(#1625,#1655),#1601,.T.);
#1657=CARTESIAN_POINT('',(2.846087019697E1,6.400818828008E1,
-1.587331222433E-1));
#1658=CARTESIAN_POINT('',(2.934299759996E1,6.382559516322E1,1.281903915300E0));
#1659=CARTESIAN_POINT('',(3.022512500295E1,6.364300204636E1,2.722540952843E0));
#1660=CARTESIAN_POINT('',(3.110725240594E1,6.346040892950E1,4.163177990387E0));
#1661=CARTESIAN_POINT('',(2.842027554965E1,6.379942549603E1,
-1.587331222432E-1));
#1662=CARTESIAN_POINT('',(2.930358137422E1,6.362353640577E1,1.281903915300E0));
#1663=CARTESIAN_POINT('',(3.018688719879E1,6.344764731551E1,2.722540952843E0));
#1664=CARTESIAN_POINT('',(3.107019302336E1,6.327175822526E1,4.163177990387E0));
#1665=CARTESIAN_POINT('',(2.786857894247E1,6.083393697331E1,
-1.587331222431E-1));
#1666=CARTESIAN_POINT('',(2.876725093863E1,6.074715853978E1,1.281903915300E0));
#1667=CARTESIAN_POINT('',(2.966592293479E1,6.066038010624E1,2.722540952843E0));
#1668=CARTESIAN_POINT('',(3.056459493095E1,6.057360167271E1,4.163177990387E0));
#1669=CARTESIAN_POINT('',(2.740279984751E1,5.508760719400E1,
-1.587331222432E-1));
#1670=CARTESIAN_POINT('',(2.830056810839E1,5.503092242582E1,1.281903915300E0));
#1671=CARTESIAN_POINT('',(2.919833636926E1,5.497423765764E1,2.722540952843E0));
#1672=CARTESIAN_POINT('',(3.009610463014E1,5.491755288946E1,4.163177990387E0));
#1673=CARTESIAN_POINT('',(2.698758871959E1,4.676834132363E1,
-1.587331222432E-1));
#1674=CARTESIAN_POINT('',(2.788737127542E1,4.672856975318E1,1.281903915300E0));
#1675=CARTESIAN_POINT('',(2.878715383125E1,4.668879818274E1,2.722540952843E0));
#1676=CARTESIAN_POINT('',(2.968693638707E1,4.664902661230E1,4.163177990387E0));
#1677=CARTESIAN_POINT('',(2.656014297320E1,3.845302738624E1,
-1.587331222432E-1));
#1678=CARTESIAN_POINT('',(2.745903273483E1,3.840182478374E1,1.281903915300E0));
#1679=CARTESIAN_POINT('',(2.835792249646E1,3.835062218123E1,2.722540952843E0));
#1680=CARTESIAN_POINT('',(2.925681225809E1,3.829941957873E1,4.163177990387E0));
#1681=CARTESIAN_POINT('',(2.592252727899E1,2.736894098149E1,
-1.587331222432E-1));
#1682=CARTESIAN_POINT('',(2.682144003344E1,2.731683974725E1,1.281903915300E0));
#1683=CARTESIAN_POINT('',(2.772035278789E1,2.726473851301E1,2.722540952843E0));
#1684=CARTESIAN_POINT('',(2.861926554234E1,2.721263727877E1,4.163177990387E0));
#1685=CARTESIAN_POINT('',(2.520174864592E1,1.454532290359E1,
-1.587331222432E-1));
#1686=CARTESIAN_POINT('',(2.610120557781E1,1.450231381037E1,1.281903915300E0));
#1687=CARTESIAN_POINT('',(2.700066250970E1,1.445930471714E1,2.722540952843E0));
#1688=CARTESIAN_POINT('',(2.790011944158E1,1.441629562391E1,4.163177990387E0));
#1689=CARTESIAN_POINT('',(2.488584418547E1,4.273165740238E0,
-1.587331222432E-1));
#1690=CARTESIAN_POINT('',(2.578604669106E1,4.251570595846E0,1.281903915300E0));
#1691=CARTESIAN_POINT('',(2.668624919666E1,4.229975451454E0,2.722540952843E0));
#1692=CARTESIAN_POINT('',(2.758645170225E1,4.208380307061E0,4.163177990387E0));
#1693=CARTESIAN_POINT('',(2.482793286295E1,-4.537126450478E-1,
-1.587331222432E-1));
#1694=CARTESIAN_POINT('',(2.572826806351E1,-4.644511522943E-1,
1.281903915300E0));
#1695=CARTESIAN_POINT('',(2.662860326408E1,-4.751896595408E-1,
2.722540952843E0));
#1696=CARTESIAN_POINT('',(2.752893846465E1,-4.859281667873E-1,
4.163177990387E0));
#1697=CARTESIAN_POINT('',(2.482551412545E1,-6.653965871195E-1,
-1.587331222432E-1));
#1698=CARTESIAN_POINT('',(2.572585490463E1,-6.756465802353E-1,
1.281903915300E0));
#1699=CARTESIAN_POINT('',(2.662619568382E1,-6.858965733511E-1,
2.722540952843E0));
#1700=CARTESIAN_POINT('',(2.752653646301E1,-6.961465664669E-1,
4.163177990387E0));
#1701=B_SPLINE_SURFACE_WITH_KNOTS('',3,3,((#1657,#1658,#1659,#1660),(#1661,
#1662,#1663,#1664),(#1665,#1666,#1667,#1668),(#1669,#1670,#1671,#1672),(#1673,
#1674,#1675,#1676),(#1677,#1678,#1679,#1680),(#1681,#1682,#1683,#1684),(#1685,
#1686,#1687,#1688),(#1689,#1690,#1691,#1692),(#1693,#1694,#1695,#1696),(#1697,
#1698,#1699,#1700)),.UNSPECIFIED.,.F.,.F.,.F.,(4,1,1,1,1,1,1,1,4),(4,4),(
-9.932774570815E-3,0.E0,1.311165596139E-1,2.622330421561E-1,3.933495246983E-1,
5.244660072404E-1,7.866989723248E-1,1.E0,1.009999845330E0),(-3.929037679287E-2,
1.030489601581E0),.UNSPECIFIED.);
#1703=ORIENTED_EDGE('',*,*,#1702,.F.);
#1704=ORIENTED_EDGE('',*,*,#1602,.T.);
#1706=ORIENTED_EDGE('',*,*,#1705,.F.);
#1708=ORIENTED_EDGE('',*,*,#1707,.F.);
#1709=EDGE_LOOP('',(#1703,#1704,#1706,#1708));
#1710=FACE_OUTER_BOUND('',#1709,.F.);
#1711=ADVANCED_FACE('',(#1710),#1701,.F.);
#1712=CARTESIAN_POINT('',(2.5E1,6.4E1,2.E0));
#1713=DIRECTION('',(0.E0,0.E0,1.E0));
#1714=DIRECTION('',(1.E0,0.E0,0.E0));
#1715=AXIS2_PLACEMENT_3D('',#1712,#1713,#1714);
#1716=CONICAL_SURFACE('',#1715,4.75E0,3.200538320808E1);
#1718=ORIENTED_EDGE('',*,*,#1717,.F.);
#1719=ORIENTED_EDGE('',*,*,#1606,.T.);
#1720=ORIENTED_EDGE('',*,*,#1604,.T.);
#1721=ORIENTED_EDGE('',*,*,#1702,.T.);
#1723=ORIENTED_EDGE('',*,*,#1722,.F.);
#1725=ORIENTED_EDGE('',*,*,#1724,.F.);
#1726=EDGE_LOOP('',(#1718,#1719,#1720,#1721,#1723,#1725));
#1727=FACE_OUTER_BOUND('',#1726,.F.);
#1728=ADVANCED_FACE('',(#1727),#1716,.T.);
#1729=CARTESIAN_POINT('',(2.857957149125E1,6.75E1,0.E0));
#1730=DIRECTION('',(0.E0,8.479983040051E-1,-5.299989400032E-1));
#1731=DIRECTION('',(-1.E0,0.E0,0.E0));
#1732=AXIS2_PLACEMENT_3D('',#1729,#1730,#1731);
#1733=PLANE('',#1732);
#1734=ORIENTED_EDGE('',*,*,#945,.T.);
#1735=ORIENTED_EDGE('',*,*,#1608,.F.);
#1736=ORIENTED_EDGE('',*,*,#1717,.T.);
#1738=ORIENTED_EDGE('',*,*,#1737,.T.);
#1739=EDGE_LOOP('',(#1734,#1735,#1736,#1738));
#1740=FACE_OUTER_BOUND('',#1739,.F.);
#1741=ADVANCED_FACE('',(#1740),#1733,.T.);
#1742=CARTESIAN_POINT('',(0.E0,7.E1,2.6E1));
#1743=DIRECTION('',(0.E0,-1.E0,0.E0));
#1744=DIRECTION('',(-1.E0,0.E0,0.E0));
#1745=AXIS2_PLACEMENT_3D('',#1742,#1743,#1744);
#1746=PLANE('',#1745);
#1747=ORIENTED_EDGE('',*,*,#1737,.F.);
#1749=ORIENTED_EDGE('',*,*,#1748,.T.);
#1751=ORIENTED_EDGE('',*,*,#1750,.T.);
#1752=ORIENTED_EDGE('',*,*,#923,.T.);
#1753=EDGE_LOOP('',(#1747,#1749,#1751,#1752));
#1754=FACE_OUTER_BOUND('',#1753,.F.);
#1755=ADVANCED_FACE('',(#1754),#1746,.F.);
#1756=CARTESIAN_POINT('',(2.5E1,6.4E1,2.6E1));
#1757=DIRECTION('',(0.E0,0.E0,-1.E0));
#1758=DIRECTION('',(0.E0,1.E0,0.E0));
#1759=AXIS2_PLACEMENT_3D('',#1756,#1757,#1758);
#1760=CYLINDRICAL_SURFACE('',#1759,6.E0);
#1761=ORIENTED_EDGE('',*,*,#1722,.T.);
#1763=ORIENTED_EDGE('',*,*,#1762,.T.);
#1765=ORIENTED_EDGE('',*,*,#1764,.T.);
#1766=ORIENTED_EDGE('',*,*,#1748,.F.);
#1767=ORIENTED_EDGE('',*,*,#1724,.T.);
#1768=EDGE_LOOP('',(#1761,#1763,#1765,#1766,#1767));
#1769=FACE_OUTER_BOUND('',#1768,.F.);
#1770=ADVANCED_FACE('',(#1769),#1760,.T.);
#1771=CARTESIAN_POINT('',(2.742541692632E1,-6.302248572410E-1,
8.000000000007E0));
#1772=CARTESIAN_POINT('',(2.742784723014E1,-4.198378133795E-1,
8.000000000007E0));
#1773=CARTESIAN_POINT('',(2.749832126532E1,5.278601813952E0,8.000000000007E0));
#1774=CARTESIAN_POINT('',(2.800938562177E1,1.987071063984E1,8.000000000007E0));
#1775=CARTESIAN_POINT('',(2.905787170179E1,3.578212775774E1,8.000000000007E0));
#1776=CARTESIAN_POINT('',(2.990100048507E1,5.324584618804E1,8.000000000007E0));
#1777=CARTESIAN_POINT('',(3.032715529156E1,6.001651345989E1,8.000000000007E0));
#1778=CARTESIAN_POINT('',(3.097505430639E1,6.330222514340E1,8.000000000007E0));
#1779=CARTESIAN_POINT('',(3.101426318544E1,6.348791797750E1,8.000000000007E0));
#1781=DIRECTION('',(0.E0,0.E0,-1.E0));
#1782=VECTOR('',#1781,1.E0);
#1783=SURFACE_OF_LINEAR_EXTRUSION('',#1780,#1782);
#1785=ORIENTED_EDGE('',*,*,#1784,.F.);
#1787=ORIENTED_EDGE('',*,*,#1786,.T.);
#1788=ORIENTED_EDGE('',*,*,#1762,.F.);
#1789=ORIENTED_EDGE('',*,*,#1707,.T.);
#1790=EDGE_LOOP('',(#1785,#1787,#1788,#1789));
#1791=FACE_OUTER_BOUND('',#1790,.F.);
#1792=ADVANCED_FACE('',(#1791),#1783,.F.);
#1793=CARTESIAN_POINT('',(2.742541692999E1,6.302245396387E-1,8.000000000007E0));
#1794=CARTESIAN_POINT('',(2.742784682362E1,4.198730197208E-1,8.000000000007E0));
#1795=CARTESIAN_POINT('',(2.749832009396E1,-5.278567942942E0,8.000000000007E0));
#1796=CARTESIAN_POINT('',(2.800938335120E1,-1.987067618268E1,8.000000000007E0));
#1797=CARTESIAN_POINT('',(2.905787170183E1,-3.578212775793E1,8.000000000007E0));
#1798=CARTESIAN_POINT('',(2.990100048503E1,-5.324584618788E1,8.000000000007E0));
#1799=CARTESIAN_POINT('',(3.032715529074E1,-6.001651344282E1,8.000000000007E0));
#1800=CARTESIAN_POINT('',(3.097505430180E1,-6.330222512018E1,8.000000000007E0));
#1801=CARTESIAN_POINT('',(3.101426317836E1,-6.348791794400E1,8.000000000007E0));
#1803=DIRECTION('',(0.E0,0.E0,-1.E0));
#1804=VECTOR('',#1803,1.E0);
#1805=SURFACE_OF_LINEAR_EXTRUSION('',#1802,#1804);
#1807=ORIENTED_EDGE('',*,*,#1806,.F.);
#1809=ORIENTED_EDGE('',*,*,#1808,.F.);
#1810=ORIENTED_EDGE('',*,*,#1784,.T.);
#1812=ORIENTED_EDGE('',*,*,#1811,.T.);
#1813=EDGE_LOOP('',(#1807,#1809,#1810,#1812));
#1814=FACE_OUTER_BOUND('',#1813,.F.);
#1815=ADVANCED_FACE('',(#1814),#1805,.T.);
#1816=CARTESIAN_POINT('',(2.5E1,-6.4E1,2.6E1));
#1817=DIRECTION('',(0.E0,0.E0,-1.E0));
#1818=DIRECTION('',(0.E0,-1.E0,0.E0));
#1819=AXIS2_PLACEMENT_3D('',#1816,#1817,#1818);
#1820=CYLINDRICAL_SURFACE('',#1819,6.E0);
#1822=ORIENTED_EDGE('',*,*,#1821,.T.);
#1824=ORIENTED_EDGE('',*,*,#1823,.F.);
#1826=ORIENTED_EDGE('',*,*,#1825,.T.);
#1827=ORIENTED_EDGE('',*,*,#1806,.T.);
#1829=ORIENTED_EDGE('',*,*,#1828,.T.);
#1830=EDGE_LOOP('',(#1822,#1824,#1826,#1827,#1829));
#1831=FACE_OUTER_BOUND('',#1830,.F.);
#1832=ADVANCED_FACE('',(#1831),#1820,.T.);
#1833=CARTESIAN_POINT('',(2.5E1,-6.4E1,2.E0));
#1834=DIRECTION('',(0.E0,0.E0,1.E0));
#1835=DIRECTION('',(1.E0,0.E0,0.E0));
#1836=AXIS2_PLACEMENT_3D('',#1833,#1834,#1835);
#1837=CONICAL_SURFACE('',#1836,4.75E0,3.200538320808E1);
#1839=ORIENTED_EDGE('',*,*,#1838,.F.);
#1840=ORIENTED_EDGE('',*,*,#1821,.F.);
#1841=ORIENTED_EDGE('',*,*,#1828,.F.);
#1843=ORIENTED_EDGE('',*,*,#1842,.T.);
#1844=ORIENTED_EDGE('',*,*,#1620,.T.);
#1845=ORIENTED_EDGE('',*,*,#1618,.T.);
#1846=EDGE_LOOP('',(#1839,#1840,#1841,#1843,#1844,#1845));
#1847=FACE_OUTER_BOUND('',#1846,.F.);
#1848=ADVANCED_FACE('',(#1847),#1837,.T.);
#1849=CARTESIAN_POINT('',(0.E0,-7.E1,4.E0));
#1850=DIRECTION('',(0.E0,-8.479983040051E-1,-5.299989400032E-1));
#1851=DIRECTION('',(-1.E0,0.E0,0.E0));
#1852=AXIS2_PLACEMENT_3D('',#1849,#1850,#1851);
#1853=PLANE('',#1852);
#1854=ORIENTED_EDGE('',*,*,#1539,.T.);
#1856=ORIENTED_EDGE('',*,*,#1855,.T.);
#1857=ORIENTED_EDGE('',*,*,#1838,.T.);
#1858=ORIENTED_EDGE('',*,*,#1616,.F.);
#1859=EDGE_LOOP('',(#1854,#1856,#1857,#1858));
#1860=FACE_OUTER_BOUND('',#1859,.F.);
#1861=ADVANCED_FACE('',(#1860),#1853,.T.);
#1862=CARTESIAN_POINT('',(0.E0,-7.E1,2.6E1));
#1863=DIRECTION('',(0.E0,1.E0,0.E0));
#1864=DIRECTION('',(1.E0,0.E0,0.E0));
#1865=AXIS2_PLACEMENT_3D('',#1862,#1863,#1864);
#1866=PLANE('',#1865);
#1867=ORIENTED_EDGE('',*,*,#1855,.F.);
#1868=ORIENTED_EDGE('',*,*,#1523,.T.);
#1870=ORIENTED_EDGE('',*,*,#1869,.T.);
#1871=ORIENTED_EDGE('',*,*,#1823,.T.);
#1872=EDGE_LOOP('',(#1867,#1868,#1870,#1871));
#1873=FACE_OUTER_BOUND('',#1872,.F.);
#1874=ADVANCED_FACE('',(#1873),#1866,.F.);
#1875=CARTESIAN_POINT('',(2.857957149125E1,-5.2E1,8.E0));
#1876=DIRECTION('',(1.E0,0.E0,0.E0));
#1877=DIRECTION('',(0.E0,-1.E0,0.E0));
#1878=AXIS2_PLACEMENT_3D('',#1875,#1876,#1877);
#1879=CYLINDRICAL_SURFACE('',#1878,1.8E1);
#1881=ORIENTED_EDGE('',*,*,#1880,.T.);
#1883=ORIENTED_EDGE('',*,*,#1882,.F.);
#1885=ORIENTED_EDGE('',*,*,#1884,.T.);
#1887=ORIENTED_EDGE('',*,*,#1886,.F.);
#1889=ORIENTED_EDGE('',*,*,#1888,.F.);
#1890=ORIENTED_EDGE('',*,*,#1869,.F.);
#1892=ORIENTED_EDGE('',*,*,#1891,.F.);
#1894=ORIENTED_EDGE('',*,*,#1893,.F.);
#1895=EDGE_LOOP('',(#1881,#1883,#1885,#1887,#1889,#1890,#1892,#1894));
#1896=FACE_OUTER_BOUND('',#1895,.F.);
#1897=ADVANCED_FACE('',(#1896),#1879,.T.);
#1898=CARTESIAN_POINT('',(-8.E0,-7.E1,1.9E1));
#1899=DIRECTION('',(-1.E0,0.E0,0.E0));
#1900=DIRECTION('',(0.E0,0.E0,1.E0));
#1901=AXIS2_PLACEMENT_3D('',#1898,#1899,#1900);
#1902=PLANE('',#1901);
#1904=ORIENTED_EDGE('',*,*,#1903,.F.);
#1906=ORIENTED_EDGE('',*,*,#1905,.T.);
#1907=ORIENTED_EDGE('',*,*,#1880,.F.);
#1909=ORIENTED_EDGE('',*,*,#1908,.F.);
#1910=EDGE_LOOP('',(#1904,#1906,#1907,#1909));
#1911=FACE_OUTER_BOUND('',#1910,.F.);
#1912=ADVANCED_FACE('',(#1911),#1902,.F.);
#1913=CARTESIAN_POINT('',(2.857957149125E1,5.2E1,8.E0));
#1914=DIRECTION('',(1.E0,0.E0,0.E0));
#1915=DIRECTION('',(0.E0,1.E0,0.E0));
#1916=AXIS2_PLACEMENT_3D('',#1913,#1914,#1915);
#1917=CYLINDRICAL_SURFACE('',#1916,1.8E1);
#1918=ORIENTED_EDGE('',*,*,#1903,.T.);
#1920=ORIENTED_EDGE('',*,*,#1919,.F.);
#1922=ORIENTED_EDGE('',*,*,#1921,.F.);
#1923=ORIENTED_EDGE('',*,*,#1750,.F.);
#1925=ORIENTED_EDGE('',*,*,#1924,.F.);
#1927=ORIENTED_EDGE('',*,*,#1926,.F.);
#1929=ORIENTED_EDGE('',*,*,#1928,.T.);
#1931=ORIENTED_EDGE('',*,*,#1930,.F.);
#1932=EDGE_LOOP('',(#1918,#1920,#1922,#1923,#1925,#1927,#1929,#1931));
#1933=FACE_OUTER_BOUND('',#1932,.F.);
#1934=ADVANCED_FACE('',(#1933),#1917,.T.);
#1935=CARTESIAN_POINT('',(2.857957149125E1,2.825569134597E1,2.6E1));
#1936=DIRECTION('',(0.E0,0.E0,1.E0));
#1937=DIRECTION('',(1.E0,0.E0,0.E0));
#1938=AXIS2_PLACEMENT_3D('',#1935,#1936,#1937);
#1939=PLANE('',#1938);
#1940=ORIENTED_EDGE('',*,*,#1908,.T.);
#1941=ORIENTED_EDGE('',*,*,#1893,.T.);
#1942=ORIENTED_EDGE('',*,*,#1484,.F.);
#1943=ORIENTED_EDGE('',*,*,#1255,.F.);
#1944=ORIENTED_EDGE('',*,*,#1919,.T.);
#1945=EDGE_LOOP('',(#1940,#1941,#1942,#1943,#1944));
#1946=FACE_OUTER_BOUND('',#1945,.F.);
#1947=ADVANCED_FACE('',(#1946),#1939,.T.);
#1948=CARTESIAN_POINT('',(-1.183168042438E1,5.2E1,2.6E1));
#1949=CARTESIAN_POINT('',(-1.183168042438E1,5.2E1,2.6E1));
#1950=CARTESIAN_POINT('',(-1.183168042438E1,5.2E1,2.6E1));
#1951=CARTESIAN_POINT('',(-1.183168042438E1,5.2E1,2.6E1));
#1952=CARTESIAN_POINT('',(-1.183168042438E1,5.2E1,2.6E1));
#1953=CARTESIAN_POINT('',(-1.183168042438E1,5.2E1,2.6E1));
#1954=CARTESIAN_POINT('',(-1.183168042438E1,5.2E1,2.6E1));
#1955=CARTESIAN_POINT('',(-1.183168042438E1,5.2E1,2.6E1));
#1956=CARTESIAN_POINT('',(-1.183168042438E1,5.2E1,2.6E1));
#1957=CARTESIAN_POINT('',(-1.289143080333E1,5.265570292659E1,2.6E1));
#1958=CARTESIAN_POINT('',(-1.286174088788E1,5.268704823830E1,2.6E1));
#1959=CARTESIAN_POINT('',(-1.281793037912E1,5.273330082628E1,2.6E1));
#1960=CARTESIAN_POINT('',(-1.275999880634E1,5.279446038853E1,2.6E1));
#1961=CARTESIAN_POINT('',(-1.271763691055E1,5.283918214303E1,2.599999999999E1));
#1962=CARTESIAN_POINT('',(-1.267527467482E1,5.288390367941E1,2.6E1));
#1963=CARTESIAN_POINT('',(-1.261778105783E1,5.294459853338E1,2.6E1));
#1964=CARTESIAN_POINT('',(-1.257440776487E1,5.299038593830E1,2.6E1));
#1965=CARTESIAN_POINT('',(-1.254515526137E1,5.302126619278E1,2.6E1));
#1966=CARTESIAN_POINT('',(-1.499192762227E1,5.395030767005E1,2.582674525889E1));
#1967=CARTESIAN_POINT('',(-1.490351473352E1,5.404396983089E1,2.583771854031E1));
#1968=CARTESIAN_POINT('',(-1.477303076532E1,5.418217626635E1,2.584970461055E1));
#1969=CARTESIAN_POINT('',(-1.460047185082E1,5.436492032278E1,2.585748199198E1));
#1970=CARTESIAN_POINT('',(-1.447428433981E1,5.449854484473E1,2.585937705033E1));
#1971=CARTESIAN_POINT('',(-1.434809263289E1,5.463216396245E1,2.585748578665E1));
#1972=CARTESIAN_POINT('',(-1.417682442443E1,5.481349926759E1,2.584977255069E1));
#1973=CARTESIAN_POINT('',(-1.404761921057E1,5.495028257124E1,2.583797120564E1));
#1974=CARTESIAN_POINT('',(-1.396048120210E1,5.504251904188E1,2.582724607588E1));
#1975=CARTESIAN_POINT('',(-1.756699743083E1,5.551681496203E1,2.518786353044E1));
#1976=CARTESIAN_POINT('',(-1.741716871049E1,5.569035073460E1,2.523764852501E1));
#1977=CARTESIAN_POINT('',(-1.718968904436E1,5.594820329113E1,2.529288209733E1));
#1978=CARTESIAN_POINT('',(-1.688014786042E1,5.628845173344E1,2.532895643279E1));
#1979=CARTESIAN_POINT('',(-1.665055115394E1,5.653596944757E1,2.533777540814E1));
#1980=CARTESIAN_POINT('',(-1.641858371687E1,5.678125926459E1,2.532897407564E1));
#1981=CARTESIAN_POINT('',(-1.610175018766E1,5.710986845029E1,2.529319711970E1));
#1982=CARTESIAN_POINT('',(-1.586180571094E1,5.735133474640E1,2.523881254734E1));
#1983=CARTESIAN_POINT('',(-1.570087085681E1,5.750993727073E1,2.519013609908E1));
#1984=CARTESIAN_POINT('',(-1.959194837414E1,5.673032609120E1,2.441078755298E1));
#1985=CARTESIAN_POINT('',(-1.940648203724E1,5.697061440745E1,2.450375921460E1));
#1986=CARTESIAN_POINT('',(-1.911446049587E1,5.733080396261E1,2.460878546890E1));
#1987=CARTESIAN_POINT('',(-1.870176233854E1,5.780518248581E1,2.467794867542E1));
#1988=CARTESIAN_POINT('',(-1.838997765900E1,5.814815683337E1,2.469492296125E1));
#1989=CARTESIAN_POINT('',(-1.807081195668E1,5.848426958321E1,2.467798259684E1));
#1990=CARTESIAN_POINT('',(-1.763136974686E1,5.892727917862E1,2.460938918415E1));
#1991=CARTESIAN_POINT('',(-1.729702068634E1,5.924195763963E1,2.450597193170E1));
#1992=CARTESIAN_POINT('',(-1.707427564893E1,5.944193226277E1,2.441503237042E1));
#1993=CARTESIAN_POINT('',(-2.160077256421E1,5.791904536078E1,2.343885086907E1));
#1994=CARTESIAN_POINT('',(-2.139096720615E1,5.822896171927E1,2.358180967995E1));
#1995=CARTESIAN_POINT('',(-2.104565528263E1,5.869799571830E1,2.374602474726E1));
#1996=CARTESIAN_POINT('',(-2.053498890385E1,5.931470231839E1,2.385502274480E1));
#1997=CARTESIAN_POINT('',(-2.014097421181E1,5.975767337379E1,2.388187006845E1));
#1998=CARTESIAN_POINT('',(-1.973163402242E1,6.018650842247E1,2.385507634369E1));
#1999=CARTESIAN_POINT('',(-1.916303169221E1,6.074152667197E1,2.374697578867E1));
#2000=CARTESIAN_POINT('',(-1.872827305052E1,6.112050701135E1,2.358526844200E1));
#2001=CARTESIAN_POINT('',(-1.844073050856E1,6.135215081644E1,2.344537922876E1));
#2002=CARTESIAN_POINT('',(-2.351048926752E1,5.902236184541E1,2.219333379230E1));
#2003=CARTESIAN_POINT('',(-2.329765455994E1,5.940467137460E1,2.239181019362E1));
#2004=CARTESIAN_POINT('',(-2.292214933879E1,5.999080523062E1,2.262510336940E1));
#2005=CARTESIAN_POINT('',(-2.232697266499E1,6.076029339633E1,2.278170859935E1));
#2006=CARTESIAN_POINT('',(-2.185362104178E1,6.130830233015E1,2.282047327737E1));
#2007=CARTESIAN_POINT('',(-2.135159008553E1,6.183010365070E1,2.278178588709E1));
#2008=CARTESIAN_POINT('',(-2.064576598400E1,6.248852493411E1,2.262646901743E1));
#2009=CARTESIAN_POINT('',(-2.010261515501E1,6.291280143479E1,2.239672203090E1));
#2010=CARTESIAN_POINT('',(-1.974682335583E1,6.315752409906E1,2.220239990788E1));
#2011=CARTESIAN_POINT('',(-2.529653533703E1,6.001958330377E1,2.064903760547E1));
#2012=CARTESIAN_POINT('',(-2.510740128602E1,6.047782046907E1,2.089818697134E1));
#2013=CARTESIAN_POINT('',(-2.473423479949E1,6.119253400379E1,2.119984942544E1));
#2014=CARTESIAN_POINT('',(-2.407459245091E1,6.213042648268E1,2.140565272283E1));
#2015=CARTESIAN_POINT('',(-2.352622238617E1,6.279116590494E1,2.145693554536E1));
#2016=CARTESIAN_POINT('',(-2.292731629357E1,6.340644068862E1,2.140575478922E1));
#2017=CARTESIAN_POINT('',(-2.207120858037E1,6.415597241042E1,2.120164264239E1));
#2018=CARTESIAN_POINT('',(-2.140710345951E1,6.459948982290E1,2.090453511513E1));
#2019=CARTESIAN_POINT('',(-2.097749693189E1,6.483453573159E1,2.066042253715E1));
#2020=CARTESIAN_POINT('',(-2.657427715551E1,6.071237238728E1,1.931401908246E1));
#2021=CARTESIAN_POINT('',(-2.641795920491E1,6.122987072435E1,1.959496262788E1));
#2022=CARTESIAN_POINT('',(-2.606610746632E1,6.204835710661E1,1.994309451895E1));
#2023=CARTESIAN_POINT('',(-2.537041738706E1,6.312292837681E1,2.018378353891E1));
#2024=CARTESIAN_POINT('',(-2.476822832541E1,6.387349263061E1,2.024407513326E1));
#2025=CARTESIAN_POINT('',(-2.409354711320E1,6.455958553807E1,2.018390337123E1));
#2026=CARTESIAN_POINT('',(-2.311563285247E1,6.537032145878E1,1.994519032043E1));
#2027=CARTESIAN_POINT('',(-2.235228397103E1,6.581299560378E1,1.960228581857E1));
#2028=CARTESIAN_POINT('',(-2.186341842132E1,6.602826702684E1,1.932686062132E1));
#2029=CARTESIAN_POINT('',(-2.773854981365E1,6.132107824649E1,1.782608284887E1));
#2030=CARTESIAN_POINT('',(-2.762968912717E1,6.189807971961E1,1.812647811177E1));
#2031=CARTESIAN_POINT('',(-2.732053002576E1,6.282457756072E1,1.850799087345E1));
#2032=CARTESIAN_POINT('',(-2.660479440034E1,6.404267435858E1,1.877574826706E1));
#2033=CARTESIAN_POINT('',(-2.595383456657E1,6.488580358332E1,1.884320503058E1));
#2034=CARTESIAN_POINT('',(-2.520250441770E1,6.564080394770E1,1.877588214404E1));
#2035=CARTESIAN_POINT('',(-2.409637868377E1,6.650212624315E1,1.851032064985E1));
#2036=CARTESIAN_POINT('',(-2.322733405102E1,6.692701352984E1,1.813450017090E1));
#2037=CARTESIAN_POINT('',(-2.267675921270E1,6.711032535382E1,1.783981789178E1));
#2038=CARTESIAN_POINT('',(-2.877584972028E1,6.184031649158E1,1.617453814115E1));
#2039=CARTESIAN_POINT('',(-2.872767764583E1,6.247615212867E1,1.647605428005E1));
#2040=CARTESIAN_POINT('',(-2.848264477304E1,6.351340483746E1,1.686885998525E1));
#2041=CARTESIAN_POINT('',(-2.776446371854E1,6.488041570413E1,1.714912611930E1));
#2042=CARTESIAN_POINT('',(-2.707088775254E1,6.581783857247E1,1.722016573219E1));
#2043=CARTESIAN_POINT('',(-2.624278859192E1,6.663876672710E1,1.714926688997E1));
#2044=CARTESIAN_POINT('',(-2.500271235963E1,6.753875124618E1,1.687129663188E1));
#2045=CARTESIAN_POINT('',(-2.402208735065E1,6.792904174829E1,1.648431026297E1));
#2046=CARTESIAN_POINT('',(-2.340777383323E1,6.806958216056E1,1.618832912083E1));
#2047=CARTESIAN_POINT('',(-2.966525071242E1,6.226281535021E1,1.432471805712E1));
#2048=CARTESIAN_POINT('',(-2.968804234162E1,6.295515635887E1,1.460039592630E1));
#2049=CARTESIAN_POINT('',(-2.952655018492E1,6.410270205375E1,1.496876357660E1));
#2050=CARTESIAN_POINT('',(-2.882437012464E1,6.562015080260E1,1.523623007721E1));
#2051=CARTESIAN_POINT('',(-2.809577320485E1,6.665112546522E1,1.530445433539E1));
#2052=CARTESIAN_POINT('',(-2.719258087501E1,6.753308140720E1,1.523636505640E1));
#2053=CARTESIAN_POINT('',(-2.581550952918E1,6.845846187887E1,1.497108695697E1));
#2054=CARTESIAN_POINT('',(-2.471975128340E1,6.879889892769E1,1.460813497444E1));
#2055=CARTESIAN_POINT('',(-2.404103444564E1,6.888838837973E1,1.433733161831E1));
#2056=CARTESIAN_POINT('',(-3.022629537866E1,6.251446998048E1,1.267937116553E1));
#2057=CARTESIAN_POINT('',(-3.030709903231E1,6.324677743178E1,1.290590041717E1));
#2058=CARTESIAN_POINT('',(-3.021942165379E1,6.447488069696E1,1.321398293967E1));
#2059=CARTESIAN_POINT('',(-2.954162428143E1,6.610384993421E1,1.344059283564E1));
#2060=CARTESIAN_POINT('',(-2.879250013841E1,6.720303003110E1,1.349866231265E1));
#2061=CARTESIAN_POINT('',(-2.783506483913E1,6.812642796549E1,1.344070759327E1));
#2062=CARTESIAN_POINT('',(-2.635473390978E1,6.906149274943E1,1.321595016895E1));
#2063=CARTESIAN_POINT('',(-2.517161592194E1,6.935575552736E1,1.291237101582E1));
#2064=CARTESIAN_POINT('',(-2.444491407880E1,6.940318095273E1,1.268973851885E1));
#2065=CARTESIAN_POINT('',(-3.055957786602E1,6.265886948513E1,1.127590528436E1));
#2066=CARTESIAN_POINT('',(-3.067974521664E1,6.341655367219E1,1.144470065851E1));
#2067=CARTESIAN_POINT('',(-3.064406245163E1,6.469665414676E1,1.167671239708E1));
#2068=CARTESIAN_POINT('',(-2.998655900557E1,6.639821717330E1,1.184873518730E1));
#2069=CARTESIAN_POINT('',(-2.922598778098E1,6.754138634791E1,1.189294075687E1));
#2070=CARTESIAN_POINT('',(-2.823366437507E1,6.849039967608E1,1.184882248642E1));
#2071=CARTESIAN_POINT('',(-2.668532667741E1,6.942855716901E1,1.167820516771E1));
#2072=CARTESIAN_POINT('',(-2.544450756188E1,6.968976186556E1,1.144957269300E1));
#2073=CARTESIAN_POINT('',(-2.468640811415E1,6.970860562769E1,1.128363155542E1));
#2074=CARTESIAN_POINT('',(-3.082374638620E1,6.277077254577E1,9.710391383069E0));
#2075=CARTESIAN_POINT('',(-3.097764044558E1,6.354942532991E1,9.804785533053E0));
#2076=CARTESIAN_POINT('',(-3.098741270272E1,6.487289048070E1,9.936058122437E0));
#2077=CARTESIAN_POINT('',(-3.034906931793E1,6.663528722085E1,1.003425915523E1));
#2078=CARTESIAN_POINT('',(-2.957983844554E1,6.781511645476E1,1.005957318012E1));
#2079=CARTESIAN_POINT('',(-2.855847212569E1,6.878492583567E1,1.003430910824E1));
#2080=CARTESIAN_POINT('',(-2.695273012703E1,6.972410991942E1,9.936909917299E0));
#2081=CARTESIAN_POINT('',(-2.566312710389E1,6.995618655611E1,9.807541601158E0));
#2082=CARTESIAN_POINT('',(-2.487862065624E1,6.995053138008E1,9.714712817089E0));
#2083=CARTESIAN_POINT('',(-3.089340299516E1,6.279906942056E1,8.482487026378E0));
#2084=CARTESIAN_POINT('',(-3.105742949219E1,6.358365552082E1,8.508923556986E0));
#2085=CARTESIAN_POINT('',(-3.108130104470E1,6.491960384857E1,8.545635064887E0));
#2086=CARTESIAN_POINT('',(-3.044956238554E1,6.669968253541E1,8.573071001431E0));
#2087=CARTESIAN_POINT('',(-2.967825876375E1,6.789007528054E1,8.580141011338E0));
#2088=CARTESIAN_POINT('',(-2.864853109798E1,6.886561056606E1,8.573084954066E0));
#2089=CARTESIAN_POINT('',(-2.702588699840E1,6.980434249621E1,8.545873054981E0));
#2090=CARTESIAN_POINT('',(-2.572190426349E1,7.002728289612E1,8.509694333299E0));
#2091=CARTESIAN_POINT('',(-2.492969094563E1,7.001426453825E1,8.483697284838E0));
#2092=CARTESIAN_POINT('',(-3.087244047442E1,6.279049641557E1,7.604025610647E0));
#2093=CARTESIAN_POINT('',(-3.103347737228E1,6.357333400120E1,7.582305023873E0));
#2094=CARTESIAN_POINT('',(-3.105320462403E1,6.490558887870E1,7.552134247071E0));
#2095=CARTESIAN_POINT('',(-3.041955744236E1,6.668041734185E1,7.529582711404E0));
#2096=CARTESIAN_POINT('',(-2.964889557136E1,6.786766279785E1,7.523771046924E0));
#2097=CARTESIAN_POINT('',(-2.862165957962E1,6.884147599904E1,7.529571242266E0));
#2098=CARTESIAN_POINT('',(-2.700402373788E1,6.978030210003E1,7.551938627700E0));
#2099=CARTESIAN_POINT('',(-2.570428408028E1,7.000592587643E1,7.581671576189E0));
#2100=CARTESIAN_POINT('',(-2.491433783008E1,6.999508243678E1,7.603031243167E0));
#2101=B_SPLINE_SURFACE_WITH_KNOTS('',3,3,((#1948,#1949,#1950,#1951,#1952,#1953,
#1954,#1955,#1956),(#1957,#1958,#1959,#1960,#1961,#1962,#1963,#1964,#1965),(
#1966,#1967,#1968,#1969,#1970,#1971,#1972,#1973,#1974),(#1975,#1976,#1977,#1978,
#1979,#1980,#1981,#1982,#1983),(#1984,#1985,#1986,#1987,#1988,#1989,#1990,#1991,
#1992),(#1993,#1994,#1995,#1996,#1997,#1998,#1999,#2000,#2001),(#2002,#2003,
#2004,#2005,#2006,#2007,#2008,#2009,#2010),(#2011,#2012,#2013,#2014,#2015,#2016,
#2017,#2018,#2019),(#2020,#2021,#2022,#2023,#2024,#2025,#2026,#2027,#2028),(
#2029,#2030,#2031,#2032,#2033,#2034,#2035,#2036,#2037),(#2038,#2039,#2040,#2041,
#2042,#2043,#2044,#2045,#2046),(#2047,#2048,#2049,#2050,#2051,#2052,#2053,#2054,
#2055),(#2056,#2057,#2058,#2059,#2060,#2061,#2062,#2063,#2064),(#2065,#2066,
#2067,#2068,#2069,#2070,#2071,#2072,#2073),(#2074,#2075,#2076,#2077,#2078,#2079,
#2080,#2081,#2082),(#2083,#2084,#2085,#2086,#2087,#2088,#2089,#2090,#2091),(
#2092,#2093,#2094,#2095,#2096,#2097,#2098,#2099,#2100)),.UNSPECIFIED.,.F.,.F.,
.F.,(4,1,1,1,1,1,1,1,1,1,1,1,1,1,4),(4,1,1,1,1,1,4),(-2.192497639788E-5,
2.898157710157E-3,5.818240396711E-3,7.278281739988E-3,8.738323083266E-3,
1.165840576982E-2,1.311844711310E-2,1.457848845637E-2,1.603852979965E-2,
1.749857114293E-2,1.895861248621E-2,2.041865382948E-2,2.114867450112E-2,
2.187869517276E-2,2.359775342341E-2),(-1.295835288185E-2,2.499060581432E-1,
3.749217151193E-1,4.999373720955E-1,6.249530290716E-1,7.499686860477E-1,
1.008943412338E0),.UNSPECIFIED.);
#2102=ORIENTED_EDGE('',*,*,#1253,.T.);
#2103=ORIENTED_EDGE('',*,*,#925,.F.);
#2104=ORIENTED_EDGE('',*,*,#1921,.T.);
#2105=EDGE_LOOP('',(#2102,#2103,#2104));
#2106=FACE_OUTER_BOUND('',#2105,.F.);
#2107=ADVANCED_FACE('',(#2106),#2101,.F.);
#2108=CARTESIAN_POINT('',(1.183168042438E1,5.2E1,2.6E1));
#2109=CARTESIAN_POINT('',(1.183168042438E1,5.2E1,2.6E1));
#2110=CARTESIAN_POINT('',(1.183168042438E1,5.2E1,2.6E1));
#2111=CARTESIAN_POINT('',(1.183168042438E1,5.2E1,2.6E1));
#2112=CARTESIAN_POINT('',(1.183168042438E1,5.2E1,2.6E1));
#2113=CARTESIAN_POINT('',(1.183168042438E1,5.2E1,2.6E1));
#2114=CARTESIAN_POINT('',(1.183168042438E1,5.2E1,2.6E1));
#2115=CARTESIAN_POINT('',(1.183168042438E1,5.2E1,2.6E1));
#2116=CARTESIAN_POINT('',(1.183168042438E1,5.2E1,2.6E1));
#2117=CARTESIAN_POINT('',(1.289153831870E1,5.265558941657E1,2.6E1));
#2118=CARTESIAN_POINT('',(1.286179956089E1,5.268698629494E1,2.6E1));
#2119=CARTESIAN_POINT('',(1.281794078046E1,5.273328984583E1,2.6E1));
#2120=CARTESIAN_POINT('',(1.275996150613E1,5.279449976687E1,2.6E1));
#2121=CARTESIAN_POINT('',(1.271760132435E1,5.283921971138E1,2.599999999999E1));
#2122=CARTESIAN_POINT('',(1.267524080266E1,5.288393943779E1,2.6E1));
#2123=CARTESIAN_POINT('',(1.261776440891E1,5.294461610893E1,2.6E1));
#2124=CARTESIAN_POINT('',(1.257440776823E1,5.299038593460E1,2.6E1));
#2125=CARTESIAN_POINT('',(1.254517134585E1,5.302124921328E1,2.6E1));
#2126=CARTESIAN_POINT('',(1.499224778978E1,5.394996849350E1,2.582670550967E1));
#2127=CARTESIAN_POINT('',(1.490368948919E1,5.404378473927E1,2.583770373212E1));
#2128=CARTESIAN_POINT('',(1.477306175287E1,5.418214345918E1,2.584970617190E1));
#2129=CARTESIAN_POINT('',(1.460036074298E1,5.436503798336E1,2.585748527590E1));
#2130=CARTESIAN_POINT('',(1.447417833410E1,5.449865709366E1,2.585937699953E1));
#2131=CARTESIAN_POINT('',(1.434799173121E1,5.463227079900E1,2.585748270749E1));
#2132=CARTESIAN_POINT('',(1.417677482841E1,5.481355177202E1,2.584976776678E1));
#2133=CARTESIAN_POINT('',(1.404761922143E1,5.495028255562E1,2.583797019546E1));
#2134=CARTESIAN_POINT('',(1.396052911493E1,5.504246832562E1,2.582725197259E1));
#2135=CARTESIAN_POINT('',(1.756753998177E1,5.551618654686E1,2.518768318631E1));
#2136=CARTESIAN_POINT('',(1.741747526709E1,5.569000487319E1,2.523757999139E1));
#2137=CARTESIAN_POINT('',(1.718974754799E1,5.594814277097E1,2.529288924219E1));
#2138=CARTESIAN_POINT('',(1.687994695425E1,5.628867036298E1,2.532897170185E1));
#2139=CARTESIAN_POINT('',(1.665035712893E1,5.653617653979E1,2.533777517150E1));
#2140=CARTESIAN_POINT('',(1.641839750847E1,5.678145420899E1,2.532895976031E1));
#2141=CARTESIAN_POINT('',(1.610165781052E1,5.710996110196E1,2.529317501649E1));
#2142=CARTESIAN_POINT('',(1.586180605797E1,5.735133316509E1,2.523880813537E1));
#2143=CARTESIAN_POINT('',(1.570095934674E1,5.750985006327E1,2.519016286476E1));
#2144=CARTESIAN_POINT('',(1.959261993036E1,5.672945596383E1,2.441045076050E1));
#2145=CARTESIAN_POINT('',(1.940687866379E1,5.697013031200E1,2.450362823224E1));
#2146=CARTESIAN_POINT('',(1.911454354447E1,5.733072046982E1,2.460879893677E1));
#2147=CARTESIAN_POINT('',(1.870149170124E1,5.780548658277E1,2.467797803471E1));
#2148=CARTESIAN_POINT('',(1.838971216112E1,5.814844238109E1,2.469492250533E1));
#2149=CARTESIAN_POINT('',(1.807055447425E1,5.848453468870E1,2.467795507504E1));
#2150=CARTESIAN_POINT('',(1.763124054076E1,5.892739982272E1,2.460934701280E1));
#2151=CARTESIAN_POINT('',(1.729702174215E1,5.924195306379E1,2.450596408643E1));
#2152=CARTESIAN_POINT('',(1.707439812326E1,5.944182231189E1,2.441508238063E1));
#2153=CARTESIAN_POINT('',(2.160153217855E1,5.791792312342E1,2.343833299067E1));
#2154=CARTESIAN_POINT('',(2.139144054506E1,5.822832994578E1,2.358160391347E1));
#2155=CARTESIAN_POINT('',(2.104576529145E1,5.869788834484E1,2.374604562862E1));
#2156=CARTESIAN_POINT('',(2.053465001964E1,5.931509667868E1,2.385506913780E1));
#2157=CARTESIAN_POINT('',(2.014063578793E1,5.975804020563E1,2.388186934671E1));
#2158=CARTESIAN_POINT('',(1.973130197081E1,6.018684381331E1,2.385503285948E1));
#2159=CARTESIAN_POINT('',(1.916286299263E1,6.074167178194E1,2.374690963599E1));
#2160=CARTESIAN_POINT('',(1.872827523436E1,6.112049801887E1,2.358525696228E1));
#2161=CARTESIAN_POINT('',(1.844088860690E1,6.135202346410E1,2.344545616408E1));
#2162=CARTESIAN_POINT('',(2.351125971019E1,5.902097751829E1,2.219261479307E1));
#2163=CARTESIAN_POINT('',(2.329817639472E1,5.940387948773E1,2.239151596700E1));
#2164=CARTESIAN_POINT('',(2.292228987370E1,5.999067305537E1,2.262513267666E1));
#2165=CARTESIAN_POINT('',(2.232657086195E1,6.076078390075E1,2.278177550160E1));
#2166=CARTESIAN_POINT('',(2.185320951452E1,6.130875289284E1,2.282047223407E1));
#2167=CARTESIAN_POINT('',(2.135117975827E1,6.183050699720E1,2.278172318951E1));
#2168=CARTESIAN_POINT('',(2.064555405038E1,6.248868697259E1,2.262637459466E1));
#2169=CARTESIAN_POINT('',(2.010261924808E1,6.291278574864E1,2.239670726269E1));
#2170=CARTESIAN_POINT('',(1.974701896874E1,6.315738958346E1,2.220250678895E1));
#2171=CARTESIAN_POINT('',(2.529721973141E1,6.001792416054E1,2.064813505719E1));
#2172=CARTESIAN_POINT('',(2.510793048417E1,6.047685087794E1,2.089780326409E1));
#2173=CARTESIAN_POINT('',(2.473441074450E1,6.119237535381E1,2.119988664996E1));
#2174=CARTESIAN_POINT('',(2.407413578719E1,6.213102203359E1,2.140574108277E1));
#2175=CARTESIAN_POINT('',(2.352573731876E1,6.279170398615E1,2.145693416324E1));
#2176=CARTESIAN_POINT('',(2.292682164245E1,6.340690865320E1,2.140567199929E1));
#2177=CARTESIAN_POINT('',(2.207094746887E1,6.415614076269E1,2.120151971948E1));
#2178=CARTESIAN_POINT('',(2.140711071765E1,6.459946526549E1,2.090451862768E1));
#2179=CARTESIAN_POINT('',(2.097773310011E1,6.483440659317E1,2.066055680777E1));
#2180=CARTESIAN_POINT('',(2.657484250796E1,6.071049880062E1,1.931300139057E1));
#2181=CARTESIAN_POINT('',(2.641846871613E1,6.122875658868E1,1.959451685758E1));
#2182=CARTESIAN_POINT('',(2.606631296284E1,6.204817734781E1,1.994313682729E1));
#2183=CARTESIAN_POINT('',(2.536992447185E1,6.312360870116E1,2.018388728681E1));
#2184=CARTESIAN_POINT('',(2.476768751124E1,6.387409908532E1,2.024407350667E1));
#2185=CARTESIAN_POINT('',(2.409298494126E1,6.456010017312E1,2.018380617848E1));
#2186=CARTESIAN_POINT('',(2.311533083017E1,6.537048819611E1,1.994504766881E1));
#2187=CARTESIAN_POINT('',(2.235229443164E1,6.581296342124E1,1.960226914675E1));
#2188=CARTESIAN_POINT('',(2.186368713404E1,6.602814881994E1,1.932701211202E1));
#2189=CARTESIAN_POINT('',(2.773894308290E1,6.131898940449E1,1.782499474947E1));
#2190=CARTESIAN_POINT('',(2.763015052430E1,6.189681386477E1,1.812598612259E1));
#2191=CARTESIAN_POINT('',(2.732076721825E1,6.282437592634E1,1.850803641407E1));
#2192=CARTESIAN_POINT('',(2.660427253179E1,6.404344322257E1,1.877586418378E1));
#2193=CARTESIAN_POINT('',(2.595323945198E1,6.488647898269E1,1.884320320871E1));
#2194=CARTESIAN_POINT('',(2.520187210294E1,6.564136133943E1,1.877577356934E1));
#2195=CARTESIAN_POINT('',(2.409603244364E1,6.650228422117E1,1.851016333607E1));
#2196=CARTESIAN_POINT('',(2.322734860412E1,6.692697331663E1,1.813448465486E1));
#2197=CARTESIAN_POINT('',(2.267706179741E1,6.711022479140E1,1.783997996302E1));
#2198=CARTESIAN_POINT('',(2.877602299510E1,6.183801488968E1,1.617344605930E1));
#2199=CARTESIAN_POINT('',(2.872806167402E1,6.247472936791E1,1.647554399275E1));
#2200=CARTESIAN_POINT('',(2.848291526776E1,6.351318067481E1,1.686890591041E1));
#2201=CARTESIAN_POINT('',(2.776392127022E1,6.488127598842E1,1.714924801515E1));
#2202=CARTESIAN_POINT('',(2.707024057073E1,6.581858261454E1,1.722016381137E1));
#2203=CARTESIAN_POINT('',(2.624208397386E1,6.663936210268E1,1.714915273473E1));
#2204=CARTESIAN_POINT('',(2.500231873702E1,6.753889321736E1,1.687113354746E1));
#2205=CARTESIAN_POINT('',(2.402210694272E1,6.792899363062E1,1.648429723034E1));
#2206=CARTESIAN_POINT('',(2.340811138158E1,6.806950519413E1,1.618849188581E1));
#2207=CARTESIAN_POINT('',(2.966516682120E1,6.226030949427E1,1.432371965174E1));
#2208=CARTESIAN_POINT('',(2.968832157803E1,6.295357600911E1,1.459991386257E1));
#2209=CARTESIAN_POINT('',(2.952685444157E1,6.410245518257E1,1.496880564703E1));
#2210=CARTESIAN_POINT('',(2.882381647990E1,6.562110304235E1,1.523634696827E1));
#2211=CARTESIAN_POINT('',(2.809507759748E1,6.665193597244E1,1.530445248852E1));
#2212=CARTESIAN_POINT('',(2.719180331070E1,6.753370877545E1,1.523625560780E1));
#2213=CARTESIAN_POINT('',(2.581506627476E1,6.845858109963E1,1.497093291238E1));
#2214=CARTESIAN_POINT('',(2.471977680809E1,6.879884367579E1,1.460812551306E1));
#2215=CARTESIAN_POINT('',(2.404140729650E1,6.888833955817E1,1.433748051025E1));
#2216=CARTESIAN_POINT('',(3.022600131811E1,6.251181971619E1,1.267855082181E1));
#2217=CARTESIAN_POINT('',(3.030728328013E1,6.324508109904E1,1.290549517348E1));
#2218=CARTESIAN_POINT('',(3.021975080359E1,6.447461696707E1,1.321401748144E1));
#2219=CARTESIAN_POINT('',(2.954106889073E1,6.610487009022E1,1.344069222129E1));
#2220=CARTESIAN_POINT('',(2.879177136290E1,6.720388784889E1,1.349866073931E1));
#2221=CARTESIAN_POINT('',(2.783423297250E1,6.812707471920E1,1.344061454775E1));
#2222=CARTESIAN_POINT('',(2.635425247614E1,6.906159090050E1,1.321582065334E1));
#2223=CARTESIAN_POINT('',(2.517164644564E1,6.935569580823E1,1.291236471802E1));
#2224=CARTESIAN_POINT('',(2.444531321313E1,6.940315530598E1,1.268986090539E1));
#2225=CARTESIAN_POINT('',(3.055914122143E1,6.265612755098E1,1.127529404659E1));
#2226=CARTESIAN_POINT('',(3.067986176275E1,6.341478217929E1,1.144439453734E1));
#2227=CARTESIAN_POINT('',(3.064440768959E1,6.469637942398E1,1.167673810380E1));
#2228=CARTESIAN_POINT('',(2.998600480916E1,6.639928145286E1,1.184881079551E1));
#2229=CARTESIAN_POINT('',(2.922523834527E1,6.754227425751E1,1.189293955851E1));
#2230=CARTESIAN_POINT('',(2.823279698309E1,6.849105750543E1,1.184875170723E1));
#2231=CARTESIAN_POINT('',(2.668481983904E1,6.942864019425E1,1.167810731619E1));
#2232=CARTESIAN_POINT('',(2.544454156142E1,6.968969959125E1,1.144956868051E1));
#2233=CARTESIAN_POINT('',(2.468682443899E1,6.970859572119E1,1.128372276716E1));
#2234=CARTESIAN_POINT('',(3.082318875333E1,6.276795536981E1,9.710042680366E0));
#2235=CARTESIAN_POINT('',(3.097769875247E1,6.354759160032E1,9.804604510341E0));
#2236=CARTESIAN_POINT('',(3.098777286960E1,6.487260731602E1,9.936064791747E0));
#2237=CARTESIAN_POINT('',(3.034851885974E1,6.663638947871E1,1.003429441592E1));
#2238=CARTESIAN_POINT('',(2.957907370641E1,6.781603044066E1,1.005956440567E1));
#2239=CARTESIAN_POINT('',(2.855757629500E1,6.878559348930E1,1.003426060540E1));
#2240=CARTESIAN_POINT('',(2.695220289895E1,6.972418089709E1,9.936846671980E0));
#2241=CARTESIAN_POINT('',(2.566316508912E1,6.995612349510E1,9.807532541509E0));
#2242=CARTESIAN_POINT('',(2.487905228359E1,6.995053602941E1,9.714756913553E0));
#2243=CARTESIAN_POINT('',(3.089280830306E1,6.279623065064E1,8.482377239934E0));
#2244=CARTESIAN_POINT('',(3.105746874876E1,6.358180343955E1,8.508860135149E0));
#2245=CARTESIAN_POINT('',(3.108166463531E1,6.491931774963E1,8.545623158929E0));
#2246=CARTESIAN_POINT('',(3.044901264771E1,6.670079520270E1,8.573066350947E0));
#2247=CARTESIAN_POINT('',(2.967748889720E1,6.789099598248E1,8.580123875911E0));
#2248=CARTESIAN_POINT('',(2.864762612283E1,6.886627995968E1,8.573056907409E0));
#2249=CARTESIAN_POINT('',(2.702535302511E1,6.980440888648E1,8.545841591572E0));
#2250=CARTESIAN_POINT('',(2.572194289274E1,7.002721899543E1,8.509678946198E0));
#2251=CARTESIAN_POINT('',(2.493012652657E1,7.001427290252E1,8.483697473749E0));
#2252=CARTESIAN_POINT('',(3.087185529842E1,6.278766342569E1,7.604082764762E0));
#2253=CARTESIAN_POINT('',(3.103352060480E1,6.357148665115E1,7.582322276676E0));
#2254=CARTESIAN_POINT('',(3.105356530015E1,6.490530270824E1,7.552106629652E0));
#2255=CARTESIAN_POINT('',(3.041900550173E1,6.668152561298E1,7.529547238284E0));
#2256=CARTESIAN_POINT('',(2.964812526759E1,6.786857998074E1,7.523745350321E0));
#2257=CARTESIAN_POINT('',(2.862075551140E1,6.884214322833E1,7.529555001572E0));
#2258=CARTESIAN_POINT('',(2.700349028068E1,6.978036821722E1,7.551927068343E0));
#2259=CARTESIAN_POINT('',(2.570432132645E1,7.000586078472E1,7.581649290838E0));
#2260=CARTESIAN_POINT('',(2.491477120993E1,6.999508840453E1,7.602997949361E0));
#2261=B_SPLINE_SURFACE_WITH_KNOTS('',3,3,((#2108,#2109,#2110,#2111,#2112,#2113,
#2114,#2115,#2116),(#2117,#2118,#2119,#2120,#2121,#2122,#2123,#2124,#2125),(
#2126,#2127,#2128,#2129,#2130,#2131,#2132,#2133,#2134),(#2135,#2136,#2137,#2138,
#2139,#2140,#2141,#2142,#2143),(#2144,#2145,#2146,#2147,#2148,#2149,#2150,#2151,
#2152),(#2153,#2154,#2155,#2156,#2157,#2158,#2159,#2160,#2161),(#2162,#2163,
#2164,#2165,#2166,#2167,#2168,#2169,#2170),(#2171,#2172,#2173,#2174,#2175,#2176,
#2177,#2178,#2179),(#2180,#2181,#2182,#2183,#2184,#2185,#2186,#2187,#2188),(
#2189,#2190,#2191,#2192,#2193,#2194,#2195,#2196,#2197),(#2198,#2199,#2200,#2201,
#2202,#2203,#2204,#2205,#2206),(#2207,#2208,#2209,#2210,#2211,#2212,#2213,#2214,
#2215),(#2216,#2217,#2218,#2219,#2220,#2221,#2222,#2223,#2224),(#2225,#2226,
#2227,#2228,#2229,#2230,#2231,#2232,#2233),(#2234,#2235,#2236,#2237,#2238,#2239,
#2240,#2241,#2242),(#2243,#2244,#2245,#2246,#2247,#2248,#2249,#2250,#2251),(
#2252,#2253,#2254,#2255,#2256,#2257,#2258,#2259,#2260)),.UNSPECIFIED.,.F.,.F.,
.F.,(4,1,1,1,1,1,1,1,1,1,1,1,1,1,4),(4,1,1,1,1,1,4),(-2.192497639788E-5,
2.898157710157E-3,5.818240396711E-3,7.278281739988E-3,8.738323083266E-3,
1.165840576982E-2,1.311844711310E-2,1.457848845637E-2,1.603852979965E-2,
1.749857114293E-2,1.895861248621E-2,2.041865382948E-2,2.114867450112E-2,
2.187869517276E-2,2.359776744783E-2),(-1.327565439460E-2,2.500211956602E-1,
3.750317934903E-1,5.000423913204E-1,6.250529891505E-1,7.500635869806E-1,
1.008895946600E0),.UNSPECIFIED.);
#2263=ORIENTED_EDGE('',*,*,#2262,.T.);
#2264=ORIENTED_EDGE('',*,*,#1924,.T.);
#2265=ORIENTED_EDGE('',*,*,#1764,.F.);
#2266=EDGE_LOOP('',(#2263,#2264,#2265));
#2267=FACE_OUTER_BOUND('',#2266,.F.);
#2268=ADVANCED_FACE('',(#2267),#2261,.T.);
#2269=CARTESIAN_POINT('',(1.313000833879E1,6.694481951171E1,2.599875743466E1));
#2270=CARTESIAN_POINT('',(1.527395447672E1,6.655545488453E1,2.602487874414E1));
#2271=CARTESIAN_POINT('',(1.873172079442E1,6.592748580016E1,2.545411009843E1));
#2272=CARTESIAN_POINT('',(2.308333476165E1,6.513718397307E1,2.317938176415E1));
#2273=CARTESIAN_POINT('',(2.594777949764E1,6.461696873212E1,2.082000879200E1));
#2274=CARTESIAN_POINT('',(2.826982868624E1,6.419525859649E1,1.790811543598E1));
#2275=CARTESIAN_POINT('',(2.991946457970E1,6.389566624513E1,1.464618282966E1));
#2276=CARTESIAN_POINT('',(3.088428342367E1,6.372044433875E1,1.117121465455E1));
#2277=CARTESIAN_POINT('',(3.105874311137E1,6.368876050581E1,8.884875162544E0));
#2278=CARTESIAN_POINT('',(3.104286524961E1,6.369164410331E1,7.746480847954E0));
#2279=CARTESIAN_POINT('',(1.309438127117E1,6.675227087378E1,2.599875743466E1));
#2280=CARTESIAN_POINT('',(1.523631297396E1,6.635200423975E1,2.602487874414E1));
#2281=CARTESIAN_POINT('',(1.869083040128E1,6.570645234796E1,2.545411009843E1));
#2282=CARTESIAN_POINT('',(2.303835562582E1,6.489402248117E1,2.317938176416E1));
#2283=CARTESIAN_POINT('',(2.590010895178E1,6.435924148432E1,2.082000879200E1));
#2284=CARTESIAN_POINT('',(2.821997636099E1,6.392572368444E1,1.790811543598E1));
#2285=CARTESIAN_POINT('',(2.986806226937E1,6.361774290322E1,1.464618282966E1));
#2286=CARTESIAN_POINT('',(3.083197457705E1,6.343761487468E1,1.117121465456E1));
#2287=CARTESIAN_POINT('',(3.100627034378E1,6.340504391092E1,8.884875162545E0));
#2288=CARTESIAN_POINT('',(3.099040740072E1,6.340800824765E1,7.746480847954E0));
#2289=CARTESIAN_POINT('',(1.304998115607E1,6.651203665324E1,2.599875743466E1));
#2290=CARTESIAN_POINT('',(1.519327275042E1,6.611912967391E1,2.602487874414E1));
#2291=CARTESIAN_POINT('',(1.864998341717E1,6.548544746749E1,2.545411009843E1));
#2292=CARTESIAN_POINT('',(2.300026884309E1,6.468795565142E1,2.317938176416E1));
#2293=CARTESIAN_POINT('',(2.586383906834E1,6.416300760876E1,2.082000879200E1));
#2294=CARTESIAN_POINT('',(2.818517933875E1,6.373746084878E1,1.790811543598E1));
#2295=CARTESIAN_POINT('',(2.983431160081E1,6.343514287333E1,1.464618282966E1));
#2296=CARTESIAN_POINT('',(3.079883588701E1,6.325832683729E1,1.117121465455E1));
#2297=CARTESIAN_POINT('',(3.097324231243E1,6.322635475194E1,8.884875162545E0));
#2298=CARTESIAN_POINT('',(3.095736929815E1,6.322926458376E1,7.746480847954E0));
#2299=CARTESIAN_POINT('',(1.300364358714E1,6.626148104973E1,2.599875743466E1));
#2300=CARTESIAN_POINT('',(1.514604841921E1,6.586377496405E1,2.602487874414E1));
#2301=CARTESIAN_POINT('',(1.860132891162E1,6.522235273657E1,2.545411009843E1));
#2302=CARTESIAN_POINT('',(2.294981445691E1,6.441512007029E1,2.317938176416E1));
#2303=CARTESIAN_POINT('',(2.581219991286E1,6.388376012451E1,2.082000879200E1));
#2304=CARTESIAN_POINT('',(2.813257975540E1,6.345301558424E1,1.790811543598E1));
#2305=CARTESIAN_POINT('',(2.978102970792E1,6.314700498894E1,1.464618282966E1));
#2306=CARTESIAN_POINT('',(3.074515493328E1,6.296802925861E1,1.117121465455E1));
#2307=CARTESIAN_POINT('',(3.091948920003E1,6.293566665477E1,8.884875162545E0));
#2308=CARTESIAN_POINT('',(3.090362275303E1,6.293861202832E1,7.746480847954E0));
#2309=CARTESIAN_POINT('',(1.299086018230E1,6.619230549854E1,2.599875743466E1));
#2310=CARTESIAN_POINT('',(1.513378230520E1,6.579739896105E1,2.602487874414E1));
#2311=CARTESIAN_POINT('',(1.858989708669E1,6.516049185792E1,2.545411009843E1));
#2312=CARTESIAN_POINT('',(2.293943258841E1,6.435894149530E1,2.317938176416E1));
#2313=CARTESIAN_POINT('',(2.580250917693E1,6.383132191918E1,2.082000879200E1));
#2314=CARTESIAN_POINT('',(2.812344928297E1,6.340360949268E1,1.790811543598E1));
#2315=CARTESIAN_POINT('',(2.977229725927E1,6.309975297909E1,1.464618282966E1));
#2316=CARTESIAN_POINT('',(3.073665527590E1,6.292203710170E1,1.117121465455E1));
#2317=CARTESIAN_POINT('',(3.091103163625E1,6.288990230597E1,8.884875162545E0));
#2318=CARTESIAN_POINT('',(3.089516135824E1,6.289282694633E1,7.746480847954E0));
#2319=CARTESIAN_POINT('',(1.298237358611E1,6.614613743459E1,2.599875743466E1));
#2320=CARTESIAN_POINT('',(1.512572245563E1,6.575355193464E1,2.602487874414E1));
#2321=CARTESIAN_POINT('',(1.858252549605E1,6.512038821166E1,2.545411009843E1));
#2322=CARTESIAN_POINT('',(2.293292717463E1,6.432354890927E1,2.317938176416E1));
#2323=CARTESIAN_POINT('',(2.579657392305E1,6.379903038296E1,2.082000879200E1));
#2324=CARTESIAN_POINT('',(2.811797622663E1,6.337383180847E1,1.790811543598E1));
#2325=CARTESIAN_POINT('',(2.976715255844E1,6.307176119181E1,1.464618282966E1));
#2326=CARTESIAN_POINT('',(3.073170261963E1,6.289508982795E1,1.117121465455E1));
#2327=CARTESIAN_POINT('',(3.090611370570E1,6.286314390240E1,8.884875162545E0));
#2328=CARTESIAN_POINT('',(3.089024026725E1,6.286605135338E1,7.746480847954E0));
#2329=CARTESIAN_POINT('',(1.294232085722E1,6.592685706164E1,2.599875743466E1));
#2330=CARTESIAN_POINT('',(1.508756556093E1,6.554465274687E1,2.602487874414E1));
#2331=CARTESIAN_POINT('',(1.854742621156E1,6.492823184770E1,2.545411009843E1));
#2332=CARTESIAN_POINT('',(2.290167590590E1,6.415246346198E1,2.317938176416E1));
#2333=CARTESIAN_POINT('',(2.576785560613E1,6.364181484159E1,2.082000879200E1));
#2334=CARTESIAN_POINT('',(2.809131123566E1,6.322785984370E1,1.790811543598E1));
#2335=CARTESIAN_POINT('',(2.974194629635E1,6.293377691636E1,1.464618282966E1));
#2336=CARTESIAN_POINT('',(3.070734952101E1,6.276177729444E1,1.117121465455E1));
#2337=CARTESIAN_POINT('',(3.088191487712E1,6.273067611881E1,8.884875162545E0));
#2338=CARTESIAN_POINT('',(3.086602739830E1,6.273350668771E1,7.746480847954E0));
#2339=CARTESIAN_POINT('',(1.284094477879E1,6.534915164534E1,2.599875743466E1));
#2340=CARTESIAN_POINT('',(1.499085421033E1,6.499355899099E1,2.602487874414E1));
#2341=CARTESIAN_POINT('',(1.845823815573E1,6.442005750172E1,2.545411009843E1));
#2342=CARTESIAN_POINT('',(2.282195594930E1,6.369830338023E1,2.317938176416E1));
#2343=CARTESIAN_POINT('',(2.569436801464E1,6.322320958525E1,2.082000879200E1));
#2344=CARTESIAN_POINT('',(2.802287588279E1,6.283807694600E1,1.790811543598E1));
#2345=CARTESIAN_POINT('',(2.967710016725E1,6.256447006956E1,1.464618282966E1));
#2346=CARTESIAN_POINT('',(3.064460261317E1,6.240444622958E1,1.117121465455E1));
#2347=CARTESIAN_POINT('',(3.081954755296E1,6.237551052904E1,8.884875162545E0));
#2348=CARTESIAN_POINT('',(3.080362552761E1,6.237814401451E1,7.746480847954E0));
#2349=CARTESIAN_POINT('',(1.263596176414E1,6.405208143518E1,2.599875743466E1));
#2350=CARTESIAN_POINT('',(1.479403110800E1,6.374847724931E1,2.602487874414E1));
#2351=CARTESIAN_POINT('',(1.827457539801E1,6.325882300414E1,2.545411009843E1));
#2352=CARTESIAN_POINT('',(2.265485554257E1,6.264259100446E1,2.317938176416E1));
#2353=CARTESIAN_POINT('',(2.553816975581E1,6.223695702109E1,2.082000879200E1));
#2354=CARTESIAN_POINT('',(2.787551540093E1,6.190813166443E1,1.790811543598E1));
#2355=CARTESIAN_POINT('',(2.953601824063E1,6.167452674611E1,1.464618282966E1));
#2356=CARTESIAN_POINT('',(3.050719281107E1,6.153789876164E1,1.117121465455E1));
#2357=CARTESIAN_POINT('',(3.068280174877E1,6.151319352744E1,8.884875162545E0));
#2358=CARTESIAN_POINT('',(3.066681929187E1,6.151544199124E1,7.746480847954E0));
#2359=CARTESIAN_POINT('',(1.230009101681E1,6.144563841361E1,2.599875743466E1));
#2360=CARTESIAN_POINT('',(1.446816869112E1,6.122167286893E1,2.602487874414E1));
#2361=CARTESIAN_POINT('',(1.796485446308E1,6.086046019525E1,2.545411009843E1));
#2362=CARTESIAN_POINT('',(2.236544873297E1,6.040587247256E1,2.317938176416E1));
#2363=CARTESIAN_POINT('',(2.526213469512E1,6.010664064292E1,2.082000879200E1));
#2364=CARTESIAN_POINT('',(2.761032008811E1,5.986406971164E1,1.790811543598E1));
#2365=CARTESIAN_POINT('',(2.927852372814E1,5.969174187426E1,1.464618282966E1));
#2366=CARTESIAN_POINT('',(3.025420224839E1,5.959095287864E1,1.117121465455E1));
#2367=CARTESIAN_POINT('',(3.043062559564E1,5.957272809291E1,8.884875162545E0));
#2368=CARTESIAN_POINT('',(3.041456901800E1,5.957438676050E1,7.746480847954E0));
#2369=CARTESIAN_POINT('',(1.196740753098E1,5.771607175285E1,2.599875743466E1));
#2370=CARTESIAN_POINT('',(1.414072354135E1,5.755634484497E1,2.602487874414E1));
#2371=CARTESIAN_POINT('',(1.764585772611E1,5.729873654396E1,2.545411009843E1));
#2372=CARTESIAN_POINT('',(2.205708436029E1,5.697453537540E1,2.317938176416E1));
#2373=CARTESIAN_POINT('',(2.496076906365E1,5.676113034047E1,2.082000879200E1));
#2374=CARTESIAN_POINT('',(2.731462795457E1,5.658813451270E1,1.790811543598E1));
#2375=CARTESIAN_POINT('',(2.898686217496E1,5.646523439142E1,1.464618282966E1));
#2376=CARTESIAN_POINT('',(2.996489805170E1,5.639335407322E1,1.117121465455E1));
#2377=CARTESIAN_POINT('',(3.014174765894E1,5.638035658883E1,8.884875162545E0));
#2378=CARTESIAN_POINT('',(3.012565228669E1,5.638153951116E1,7.746480847954E0));
#2379=CARTESIAN_POINT('',(1.168346294075E1,5.323787951460E1,2.599875743466E1));
#2380=CARTESIAN_POINT('',(1.385918248526E1,5.311725541855E1,2.602487874414E1));
#2381=CARTESIAN_POINT('',(1.736819310108E1,5.292271231458E1,2.545411009843E1));
#2382=CARTESIAN_POINT('',(2.178429824064E1,5.267787897111E1,2.317938176416E1));
#2383=CARTESIAN_POINT('',(2.469119421437E1,5.251671771298E1,2.082000879200E1));
#2384=CARTESIAN_POINT('',(2.704765630712E1,5.238607306692E1,1.790811543598E1));
#2385=CARTESIAN_POINT('',(2.872173990055E1,5.229326017627E1,1.464618282966E1));
#2386=CARTESIAN_POINT('',(2.970085741596E1,5.223897690914E1,1.117121465455E1));
#2387=CARTESIAN_POINT('',(2.987790260638E1,5.222916134440E1,8.884875162545E0));
#2388=CARTESIAN_POINT('',(2.986178943378E1,5.223005467502E1,7.746480847954E0));
#2389=CARTESIAN_POINT('',(1.149283136293E1,4.950490782919E1,2.599875743466E1));
#2390=CARTESIAN_POINT('',(1.366917865425E1,4.939736262470E1,2.602487874414E1));
#2391=CARTESIAN_POINT('',(1.717920170307E1,4.922391321796E1,2.545411009843E1));
#2392=CARTESIAN_POINT('',(2.159658099396E1,4.900562638431E1,2.317938176416E1));
#2393=CARTESIAN_POINT('',(2.450431567629E1,4.886193933479E1,2.082000879200E1));
#2394=CARTESIAN_POINT('',(2.686145766439E1,4.874546007703E1,1.790811543598E1));
#2395=CARTESIAN_POINT('',(2.853602427074E1,4.866271059637E1,1.464618282966E1));
#2396=CARTESIAN_POINT('',(2.951542428483E1,4.861431309326E1,1.117121465455E1));
#2397=CARTESIAN_POINT('',(2.969252055700E1,4.860556179935E1,8.884875162545E0));
#2398=CARTESIAN_POINT('',(2.967640273537E1,4.860635826893E1,7.746480847954E0));
#2399=CARTESIAN_POINT('',(1.134616698240E1,4.651919974921E1,2.599875743466E1));
#2400=CARTESIAN_POINT('',(1.352252144855E1,4.641171925528E1,2.602487874414E1));
#2401=CARTESIAN_POINT('',(1.703255606895E1,4.623837421402E1,2.545411009843E1));
#2402=CARTESIAN_POINT('',(2.144994992272E1,4.602021872478E1,2.317938176416E1));
#2403=CARTESIAN_POINT('',(2.435769419106E1,4.587661813257E1,2.082000879200E1));
#2404=CARTESIAN_POINT('',(2.671484395E1,4.576020896103E1,1.790811543598E1));
#2405=CARTESIAN_POINT('',(2.838941607694E1,4.567750927119E1,1.464618282966E1));
#2406=CARTESIAN_POINT('',(2.936881931984E1,4.562914088913E1,1.117121465455E1));
#2407=CARTESIAN_POINT('',(2.954591617585E1,4.562039486092E1,8.884875162545E0));
#2408=CARTESIAN_POINT('',(2.952979830108E1,4.562119085127E1,7.746480847954E0));
#2409=CARTESIAN_POINT('',(1.119518641209E1,4.353439514520E1,2.599875743466E1));
#2410=CARTESIAN_POINT('',(1.337120433524E1,4.342024822788E1,2.602487874414E1));
#2411=CARTESIAN_POINT('',(1.688069617752E1,4.323615154794E1,2.545411009843E1));
#2412=CARTESIAN_POINT('',(2.129740694268E1,4.300446507461E1,2.317938176416E1));
#2413=CARTESIAN_POINT('',(2.420470156875E1,4.285195772815E1,2.082000879200E1));
#2414=CARTESIAN_POINT('',(2.656148682722E1,4.272832833651E1,1.790811543598E1));
#2415=CARTESIAN_POINT('',(2.823580000483E1,4.264049924016E1,1.464618282966E1));
#2416=CARTESIAN_POINT('',(2.921505179662E1,4.258913083362E1,1.117121465455E1));
#2417=CARTESIAN_POINT('',(2.939212126706E1,4.257984233742E1,8.884875162545E0));
#2418=CARTESIAN_POINT('',(2.937600588470E1,4.258068769867E1,7.746480847954E0));
#2419=CARTESIAN_POINT('',(1.091606141697E1,3.831148961981E1,2.599875743466E1));
#2420=CARTESIAN_POINT('',(1.309168458698E1,3.819005452037E1,2.602487874414E1));
#2421=CARTESIAN_POINT('',(1.660053976956E1,3.799420342636E1,2.545411009843E1));
#2422=CARTESIAN_POINT('',(2.101644929572E1,3.774772397174E1,2.317938176416E1));
#2423=CARTESIAN_POINT('',(2.392321650716E1,3.758547916289E1,2.082000879200E1));
#2424=CARTESIAN_POINT('',(2.627957421934E1,3.745395614134E1,1.790811543598E1));
#2425=CARTESIAN_POINT('',(2.795358365847E1,3.736051923301E1,1.464618282966E1));
#2426=CARTESIAN_POINT('',(2.893265780342E1,3.730587099807E1,1.117121465455E1));
#2427=CARTESIAN_POINT('',(2.910969515155E1,3.729598943941E1,8.884875162545E0));
#2428=CARTESIAN_POINT('',(2.909358269268E1,3.729688877624E1,7.746480847954E0));
#2429=CARTESIAN_POINT('',(1.048878516834E1,3.085144960635E1,2.599875743466E1));
#2430=CARTESIAN_POINT('',(1.266412126642E1,3.072507627280E1,2.602487874414E1));
#2431=CARTESIAN_POINT('',(1.617251345807E1,3.052126077179E1,2.545411009843E1));
#2432=CARTESIAN_POINT('',(2.058784030810E1,3.026475807629E1,2.317938176416E1));
#2433=CARTESIAN_POINT('',(2.349422397368E1,3.009591548101E1,2.082000879200E1));
#2434=CARTESIAN_POINT('',(2.585027076614E1,2.995904399368E1,1.790811543598E1));
#2435=CARTESIAN_POINT('',(2.752405932092E1,2.986180741515E1,1.464618282966E1));
#2436=CARTESIAN_POINT('',(2.850300427773E1,2.980493687562E1,1.117121465455E1));
#2437=CARTESIAN_POINT('',(2.868001826591E1,2.979465347721E1,8.884875162545E0));
#2438=CARTESIAN_POINT('',(2.866390793307E1,2.979558938613E1,7.746480847954E0));
#2439=CARTESIAN_POINT('',(9.983339313050E0,2.189736024113E1,2.599875743466E1));
#2440=CARTESIAN_POINT('',(1.215925076882E1,2.178086972108E1,2.602487874414E1));
#2441=CARTESIAN_POINT('',(1.566857090002E1,2.159299326772E1,2.545411009843E1));
#2442=CARTESIAN_POINT('',(2.008506556604E1,2.135654993310E1,2.317938176416E1));
#2443=CARTESIAN_POINT('',(2.299221794510E1,2.120091138833E1,2.082000879200E1));
#2444=CARTESIAN_POINT('',(2.534888789167E1,2.107474370493E1,1.790811543598E1));
#2445=CARTESIAN_POINT('',(2.702311914912E1,2.098511134909E1,1.464618282966E1));
#2446=CARTESIAN_POINT('',(2.800232302846E1,2.093268827423E1,1.117121465455E1));
#2447=CARTESIAN_POINT('',(2.817938383531E1,2.092320907165E1,8.884875162545E0));
#2448=CARTESIAN_POINT('',(2.816326924143E1,2.092407178940E1,7.746480847954E0));
#2449=CARTESIAN_POINT('',(9.552805972235E0,1.293853801707E1,2.599875743466E1));
#2450=CARTESIAN_POINT('',(1.173004036447E1,1.284854701778E1,2.602487874414E1));
#2451=CARTESIAN_POINT('',(1.524149413376E1,1.270340911494E1,2.545411009843E1));
#2452=CARTESIAN_POINT('',(1.966067399261E1,1.252075243223E1,2.317938176416E1));
#2453=CARTESIAN_POINT('',(2.256959389666E1,1.240051888734E1,2.082000879200E1));
#2454=CARTESIAN_POINT('',(2.492769667939E1,1.230305210718E1,1.790811543598E1));
#2455=CARTESIAN_POINT('',(2.660294585583E1,1.223380951759E1,1.464618282966E1));
#2456=CARTESIAN_POINT('',(2.758274508316E1,1.219331175957E1,1.117121465455E1));
#2457=CARTESIAN_POINT('',(2.775991354154E1,1.218598890693E1,8.884875162545E0));
#2458=CARTESIAN_POINT('',(2.774378915012E1,1.218665537174E1,7.746480847954E0));
#2459=CARTESIAN_POINT('',(9.308064865066E0,5.393029641052E0,2.599875743466E1));
#2460=CARTESIAN_POINT('',(1.148645322787E1,5.337210547104E0,2.602487874414E1));
#2461=CARTESIAN_POINT('',(1.499976812628E1,5.247185252380E0,2.545411009843E1));
#2462=CARTESIAN_POINT('',(1.942129022422E1,5.133888026967E0,2.317938176416E1));
#2463=CARTESIAN_POINT('',(2.233175190438E1,5.059310262630E0,2.082000879200E1));
#2464=CARTESIAN_POINT('',(2.469110452095E1,4.998854134783E0,1.790811543599E1));
#2465=CARTESIAN_POINT('',(2.636724160742E1,4.955904743804E0,1.464618282966E1));
#2466=CARTESIAN_POINT('',(2.734756014469E1,4.930785029861E0,1.117121465456E1));
#2467=CARTESIAN_POINT('',(2.752482250531E1,4.926242853392E0,8.884875162545E0));
#2468=CARTESIAN_POINT('',(2.750868956770E1,4.926656244308E0,7.746480847954E0));
#2469=CARTESIAN_POINT('',(9.232535954262E0,8.357551818129E-1,2.599875743466E1));
#2470=CARTESIAN_POINT('',(1.141132224098E1,8.038112648984E-1,2.602487874414E1));
#2471=CARTESIAN_POINT('',(1.492527891294E1,7.522919669049E-1,2.545411009843E1));
#2472=CARTESIAN_POINT('',(1.934760868567E1,6.874547060458E-1,2.317938176415E1));
#2473=CARTESIAN_POINT('',(2.225860201681E1,6.447756559364E-1,2.082000879200E1));
#2474=CARTESIAN_POINT('',(2.461838561385E1,6.101780767157E-1,1.790811543598E1));
#2475=CARTESIAN_POINT('',(2.629482887852E1,5.855991794256E-1,1.464618282966E1));
#2476=CARTESIAN_POINT('',(2.727532648955E1,5.712237749114E-1,1.117121465455E1));
#2477=CARTESIAN_POINT('',(2.745262123050E1,5.686243972171E-1,8.884875162545E0));
#2478=CARTESIAN_POINT('',(2.743648534590E1,5.688609708362E-1,7.746480847954E0));
#2479=CARTESIAN_POINT('',(9.215632704191E0,-7.316810369275E-1,
2.599875743466E1));
#2480=CARTESIAN_POINT('',(1.139451023566E1,-7.551745957008E-1,
2.602487874414E1));
#2481=CARTESIAN_POINT('',(1.490861406757E1,-7.930651167226E-1,
2.545411009843E1));
#2482=CARTESIAN_POINT('',(1.933112904175E1,-8.407505024181E-1,
2.317938176415E1));
#2483=CARTESIAN_POINT('',(2.224224428153E1,-8.721393510310E-1,
2.082000879200E1));
#2484=CARTESIAN_POINT('',(2.460212670325E1,-8.975845793983E-1,
1.790811543598E1));
#2485=CARTESIAN_POINT('',(2.627864017519E1,-9.156614410936E-1,
1.464618282966E1));
#2486=CARTESIAN_POINT('',(2.725917884819E1,-9.262340146370E-1,
1.117121465455E1));
#2487=CARTESIAN_POINT('',(2.743648101402E1,-9.281457599249E-1,
8.884875162545E0));
#2488=CARTESIAN_POINT('',(2.742034445366E1,-9.279717688567E-1,
7.746480847954E0));
#2489=B_SPLINE_SURFACE_WITH_KNOTS('',3,3,((#2269,#2270,#2271,#2272,#2273,#2274,
#2275,#2276,#2277,#2278),(#2279,#2280,#2281,#2282,#2283,#2284,#2285,#2286,#2287,
#2288),(#2289,#2290,#2291,#2292,#2293,#2294,#2295,#2296,#2297,#2298),(#2299,
#2300,#2301,#2302,#2303,#2304,#2305,#2306,#2307,#2308),(#2309,#2310,#2311,#2312,
#2313,#2314,#2315,#2316,#2317,#2318),(#2319,#2320,#2321,#2322,#2323,#2324,#2325,
#2326,#2327,#2328),(#2329,#2330,#2331,#2332,#2333,#2334,#2335,#2336,#2337,
#2338),(#2339,#2340,#2341,#2342,#2343,#2344,#2345,#2346,#2347,#2348),(#2349,
#2350,#2351,#2352,#2353,#2354,#2355,#2356,#2357,#2358),(#2359,#2360,#2361,#2362,
#2363,#2364,#2365,#2366,#2367,#2368),(#2369,#2370,#2371,#2372,#2373,#2374,#2375,
#2376,#2377,#2378),(#2379,#2380,#2381,#2382,#2383,#2384,#2385,#2386,#2387,
#2388),(#2389,#2390,#2391,#2392,#2393,#2394,#2395,#2396,#2397,#2398),(#2399,
#2400,#2401,#2402,#2403,#2404,#2405,#2406,#2407,#2408),(#2409,#2410,#2411,#2412,
#2413,#2414,#2415,#2416,#2417,#2418),(#2419,#2420,#2421,#2422,#2423,#2424,#2425,
#2426,#2427,#2428),(#2429,#2430,#2431,#2432,#2433,#2434,#2435,#2436,#2437,
#2438),(#2439,#2440,#2441,#2442,#2443,#2444,#2445,#2446,#2447,#2448),(#2449,
#2450,#2451,#2452,#2453,#2454,#2455,#2456,#2457,#2458),(#2459,#2460,#2461,#2462,
#2463,#2464,#2465,#2466,#2467,#2468),(#2469,#2470,#2471,#2472,#2473,#2474,#2475,
#2476,#2477,#2478),(#2479,#2480,#2481,#2482,#2483,#2484,#2485,#2486,#2487,
#2488)),.UNSPECIFIED.,.F.,.F.,.F.,(4,1,1,1,1,1,1,1,1,1,1,1,1,1,1,1,1,1,1,4),(4,
1,1,1,1,1,1,4),(9.517722343805E-2,9.576784200049E-2,9.590799328853E-2,
9.594303111054E-2,9.597806893256E-2,9.604814457658E-2,9.660874972877E-2,
9.772996003314E-2,9.997238064189E-2,1.044572218594E-1,1.089420630769E-1,
1.134269042944E-1,1.156693249031E-1,1.179117455119E-1,1.223965867294E-1,
1.313662691644E-1,1.403359515994E-1,1.493056340343E-1,1.582753164693E-1,
1.629772520521E-1),(-8.176066705020E-3,2.5E-1,3.75E-1,5.E-1,6.25E-1,7.5E-1,
8.75E-1,1.009989570818E0),.UNSPECIFIED.);
#2491=ORIENTED_EDGE('',*,*,#2490,.F.);
#2493=ORIENTED_EDGE('',*,*,#2492,.T.);
#2494=ORIENTED_EDGE('',*,*,#2262,.F.);
#2495=ORIENTED_EDGE('',*,*,#1786,.F.);
#2496=EDGE_LOOP('',(#2491,#2493,#2494,#2495));
#2497=FACE_OUTER_BOUND('',#2496,.F.);
#2498=ADVANCED_FACE('',(#2497),#2489,.T.);
#2499=CARTESIAN_POINT('',(1.313000833897E1,-6.694481951269E1,2.599875743466E1));
#2500=CARTESIAN_POINT('',(1.527395447691E1,-6.655545488556E1,2.602487874414E1));
#2501=CARTESIAN_POINT('',(1.873172079462E1,-6.592748580128E1,2.545411009843E1));
#2502=CARTESIAN_POINT('',(2.308333476188E1,-6.513718397430E1,2.317938176415E1));
#2503=CARTESIAN_POINT('',(2.594777949788E1,-6.461696873343E1,2.082000879200E1));
#2504=CARTESIAN_POINT('',(2.826982868649E1,-6.419525859786E1,1.790811543598E1));
#2505=CARTESIAN_POINT('',(2.991946457996E1,-6.389566624655E1,1.464618282966E1));
#2506=CARTESIAN_POINT('',(3.088428342394E1,-6.372044434018E1,1.117121465454E1));
#2507=CARTESIAN_POINT('',(3.105874311164E1,-6.368876050725E1,8.884875162523E0));
#2508=CARTESIAN_POINT('',(3.104286524987E1,-6.369164410475E1,7.746480847924E0));
#2509=CARTESIAN_POINT('',(1.309438127130E1,-6.675227087444E1,2.599875743466E1));
#2510=CARTESIAN_POINT('',(1.523631297408E1,-6.635200424039E1,2.602487874414E1));
#2511=CARTESIAN_POINT('',(1.869083040139E1,-6.570645234857E1,2.545411009843E1));
#2512=CARTESIAN_POINT('',(2.303835562592E1,-6.489402248173E1,2.317938176416E1));
#2513=CARTESIAN_POINT('',(2.590010895188E1,-6.435924148485E1,2.082000879200E1));
#2514=CARTESIAN_POINT('',(2.821997636108E1,-6.392572368495E1,1.790811543598E1));
#2515=CARTESIAN_POINT('',(2.986806226946E1,-6.361774290372E1,1.464618282966E1));
#2516=CARTESIAN_POINT('',(3.083197457714E1,-6.343761487517E1,1.117121465454E1));
#2517=CARTESIAN_POINT('',(3.100627034387E1,-6.340504391141E1,8.884875162524E0));
#2518=CARTESIAN_POINT('',(3.099040740081E1,-6.340800824814E1,7.746480847924E0));
#2519=CARTESIAN_POINT('',(1.304998115613E1,-6.651203665357E1,2.599875743466E1));
#2520=CARTESIAN_POINT('',(1.519327275048E1,-6.611912967424E1,2.602487874414E1));
#2521=CARTESIAN_POINT('',(1.864998341723E1,-6.548544746783E1,2.545411009843E1));
#2522=CARTESIAN_POINT('',(2.300026884316E1,-6.468795565178E1,2.317938176416E1));
#2523=CARTESIAN_POINT('',(2.586383906840E1,-6.416300760912E1,2.082000879200E1));
#2524=CARTESIAN_POINT('',(2.818517933882E1,-6.373746084915E1,1.790811543598E1));
#2525=CARTESIAN_POINT('',(2.983431160088E1,-6.343514287370E1,1.464618282966E1));
#2526=CARTESIAN_POINT('',(3.079883588709E1,-6.325832683767E1,1.117121465454E1));
#2527=CARTESIAN_POINT('',(3.097324231250E1,-6.322635475232E1,8.884875162524E0));
#2528=CARTESIAN_POINT('',(3.095736929822E1,-6.322926458414E1,7.746480847924E0));
#2529=CARTESIAN_POINT('',(1.300364358714E1,-6.626148104973E1,2.599875743466E1));
#2530=CARTESIAN_POINT('',(1.514604841921E1,-6.586377496405E1,2.602487874414E1));
#2531=CARTESIAN_POINT('',(1.860132891162E1,-6.522235273657E1,2.545411009843E1));
#2532=CARTESIAN_POINT('',(2.294981445691E1,-6.441512007029E1,2.317938176416E1));
#2533=CARTESIAN_POINT('',(2.581219991286E1,-6.388376012451E1,2.082000879200E1));
#2534=CARTESIAN_POINT('',(2.813257975540E1,-6.345301558424E1,1.790811543598E1));
#2535=CARTESIAN_POINT('',(2.978102970792E1,-6.314700498894E1,1.464618282966E1));
#2536=CARTESIAN_POINT('',(3.074515493328E1,-6.296802925861E1,1.117121465454E1));
#2537=CARTESIAN_POINT('',(3.091948920004E1,-6.293566665477E1,8.884875162524E0));
#2538=CARTESIAN_POINT('',(3.090362275303E1,-6.293861202832E1,7.746480847924E0));
#2539=CARTESIAN_POINT('',(1.299086018230E1,-6.619230549854E1,2.599875743466E1));
#2540=CARTESIAN_POINT('',(1.513378230520E1,-6.579739896105E1,2.602487874414E1));
#2541=CARTESIAN_POINT('',(1.858989708669E1,-6.516049185792E1,2.545411009843E1));
#2542=CARTESIAN_POINT('',(2.293943258841E1,-6.435894149530E1,2.317938176416E1));
#2543=CARTESIAN_POINT('',(2.580250917693E1,-6.383132191918E1,2.082000879200E1));
#2544=CARTESIAN_POINT('',(2.812344928297E1,-6.340360949268E1,1.790811543598E1));
#2545=CARTESIAN_POINT('',(2.977229725927E1,-6.309975297909E1,1.464618282966E1));
#2546=CARTESIAN_POINT('',(3.073665527591E1,-6.292203710170E1,1.117121465454E1));
#2547=CARTESIAN_POINT('',(3.091103163625E1,-6.288990230597E1,8.884875162524E0));
#2548=CARTESIAN_POINT('',(3.089516135824E1,-6.289282694633E1,7.746480847924E0));
#2549=CARTESIAN_POINT('',(1.298237358611E1,-6.614613743459E1,2.599875743466E1));
#2550=CARTESIAN_POINT('',(1.512572245563E1,-6.575355193464E1,2.602487874414E1));
#2551=CARTESIAN_POINT('',(1.858252549605E1,-6.512038821166E1,2.545411009843E1));
#2552=CARTESIAN_POINT('',(2.293292717463E1,-6.432354890927E1,2.317938176416E1));
#2553=CARTESIAN_POINT('',(2.579657392305E1,-6.379903038296E1,2.082000879200E1));
#2554=CARTESIAN_POINT('',(2.811797622663E1,-6.337383180847E1,1.790811543598E1));
#2555=CARTESIAN_POINT('',(2.976715255844E1,-6.307176119181E1,1.464618282966E1));
#2556=CARTESIAN_POINT('',(3.073170261963E1,-6.289508982795E1,1.117121465454E1));
#2557=CARTESIAN_POINT('',(3.090611370570E1,-6.286314390240E1,8.884875162524E0));
#2558=CARTESIAN_POINT('',(3.089024026725E1,-6.286605135338E1,7.746480847924E0));
#2559=CARTESIAN_POINT('',(1.294232085722E1,-6.592685706165E1,2.599875743466E1));
#2560=CARTESIAN_POINT('',(1.508756556093E1,-6.554465274687E1,2.602487874414E1));
#2561=CARTESIAN_POINT('',(1.854742621156E1,-6.492823184770E1,2.545411009843E1));
#2562=CARTESIAN_POINT('',(2.290167590590E1,-6.415246346198E1,2.317938176416E1));
#2563=CARTESIAN_POINT('',(2.576785560613E1,-6.364181484159E1,2.082000879200E1));
#2564=CARTESIAN_POINT('',(2.809131123566E1,-6.322785984370E1,1.790811543598E1));
#2565=CARTESIAN_POINT('',(2.974194629635E1,-6.293377691636E1,1.464618282966E1));
#2566=CARTESIAN_POINT('',(3.070734952101E1,-6.276177729444E1,1.117121465454E1));
#2567=CARTESIAN_POINT('',(3.088191487712E1,-6.273067611881E1,8.884875162524E0));
#2568=CARTESIAN_POINT('',(3.086602739830E1,-6.273350668771E1,7.746480847924E0));
#2569=CARTESIAN_POINT('',(1.284094477879E1,-6.534915164534E1,2.599875743466E1));
#2570=CARTESIAN_POINT('',(1.499085421033E1,-6.499355899099E1,2.602487874414E1));
#2571=CARTESIAN_POINT('',(1.845823815573E1,-6.442005750172E1,2.545411009843E1));
#2572=CARTESIAN_POINT('',(2.282195594930E1,-6.369830338023E1,2.317938176416E1));
#2573=CARTESIAN_POINT('',(2.569436801464E1,-6.322320958525E1,2.082000879200E1));
#2574=CARTESIAN_POINT('',(2.802287588279E1,-6.283807694600E1,1.790811543598E1));
#2575=CARTESIAN_POINT('',(2.967710016725E1,-6.256447006956E1,1.464618282966E1));
#2576=CARTESIAN_POINT('',(3.064460261318E1,-6.240444622958E1,1.117121465454E1));
#2577=CARTESIAN_POINT('',(3.081954755296E1,-6.237551052904E1,8.884875162524E0));
#2578=CARTESIAN_POINT('',(3.080362552761E1,-6.237814401451E1,7.746480847924E0));
#2579=CARTESIAN_POINT('',(1.263596176414E1,-6.405208143518E1,2.599875743466E1));
#2580=CARTESIAN_POINT('',(1.479403110800E1,-6.374847724931E1,2.602487874414E1));
#2581=CARTESIAN_POINT('',(1.827457539801E1,-6.325882300414E1,2.545411009843E1));
#2582=CARTESIAN_POINT('',(2.265485554257E1,-6.264259100446E1,2.317938176416E1));
#2583=CARTESIAN_POINT('',(2.553816975581E1,-6.223695702109E1,2.082000879200E1));
#2584=CARTESIAN_POINT('',(2.787551540093E1,-6.190813166443E1,1.790811543598E1));
#2585=CARTESIAN_POINT('',(2.953601824063E1,-6.167452674611E1,1.464618282966E1));
#2586=CARTESIAN_POINT('',(3.050719281107E1,-6.153789876164E1,1.117121465454E1));
#2587=CARTESIAN_POINT('',(3.068280174877E1,-6.151319352744E1,8.884875162524E0));
#2588=CARTESIAN_POINT('',(3.066681929187E1,-6.151544199124E1,7.746480847924E0));
#2589=CARTESIAN_POINT('',(1.230009101681E1,-6.144563841361E1,2.599875743466E1));
#2590=CARTESIAN_POINT('',(1.446816869112E1,-6.122167286893E1,2.602487874414E1));
#2591=CARTESIAN_POINT('',(1.796485446308E1,-6.086046019525E1,2.545411009843E1));
#2592=CARTESIAN_POINT('',(2.236544873297E1,-6.040587247256E1,2.317938176416E1));
#2593=CARTESIAN_POINT('',(2.526213469512E1,-6.010664064292E1,2.082000879200E1));
#2594=CARTESIAN_POINT('',(2.761032008811E1,-5.986406971164E1,1.790811543598E1));
#2595=CARTESIAN_POINT('',(2.927852372814E1,-5.969174187426E1,1.464618282966E1));
#2596=CARTESIAN_POINT('',(3.025420224840E1,-5.959095287864E1,1.117121465454E1));
#2597=CARTESIAN_POINT('',(3.043062559564E1,-5.957272809291E1,8.884875162524E0));
#2598=CARTESIAN_POINT('',(3.041456901800E1,-5.957438676050E1,7.746480847924E0));
#2599=CARTESIAN_POINT('',(1.196740753098E1,-5.771607175285E1,2.599875743466E1));
#2600=CARTESIAN_POINT('',(1.414072354135E1,-5.755634484497E1,2.602487874414E1));
#2601=CARTESIAN_POINT('',(1.764585772611E1,-5.729873654396E1,2.545411009843E1));
#2602=CARTESIAN_POINT('',(2.205708436029E1,-5.697453537540E1,2.317938176416E1));
#2603=CARTESIAN_POINT('',(2.496076906365E1,-5.676113034047E1,2.082000879200E1));
#2604=CARTESIAN_POINT('',(2.731462795457E1,-5.658813451270E1,1.790811543598E1));
#2605=CARTESIAN_POINT('',(2.898686217496E1,-5.646523439142E1,1.464618282966E1));
#2606=CARTESIAN_POINT('',(2.996489805171E1,-5.639335407322E1,1.117121465454E1));
#2607=CARTESIAN_POINT('',(3.014174765895E1,-5.638035658883E1,8.884875162524E0));
#2608=CARTESIAN_POINT('',(3.012565228669E1,-5.638153951116E1,7.746480847924E0));
#2609=CARTESIAN_POINT('',(1.168346294075E1,-5.323787951460E1,2.599875743466E1));
#2610=CARTESIAN_POINT('',(1.385918248526E1,-5.311725541855E1,2.602487874414E1));
#2611=CARTESIAN_POINT('',(1.736819310108E1,-5.292271231458E1,2.545411009843E1));
#2612=CARTESIAN_POINT('',(2.178429824064E1,-5.267787897111E1,2.317938176416E1));
#2613=CARTESIAN_POINT('',(2.469119421437E1,-5.251671771298E1,2.082000879200E1));
#2614=CARTESIAN_POINT('',(2.704765630712E1,-5.238607306692E1,1.790811543598E1));
#2615=CARTESIAN_POINT('',(2.872173990055E1,-5.229326017627E1,1.464618282966E1));
#2616=CARTESIAN_POINT('',(2.970085741596E1,-5.223897690914E1,1.117121465454E1));
#2617=CARTESIAN_POINT('',(2.987790260639E1,-5.222916134440E1,8.884875162524E0));
#2618=CARTESIAN_POINT('',(2.986178943378E1,-5.223005467502E1,7.746480847924E0));
#2619=CARTESIAN_POINT('',(1.149283136293E1,-4.950490782919E1,2.599875743466E1));
#2620=CARTESIAN_POINT('',(1.366917865425E1,-4.939736262470E1,2.602487874414E1));
#2621=CARTESIAN_POINT('',(1.717920170307E1,-4.922391321796E1,2.545411009843E1));
#2622=CARTESIAN_POINT('',(2.159658099396E1,-4.900562638431E1,2.317938176416E1));
#2623=CARTESIAN_POINT('',(2.450431567629E1,-4.886193933479E1,2.082000879200E1));
#2624=CARTESIAN_POINT('',(2.686145766439E1,-4.874546007703E1,1.790811543598E1));
#2625=CARTESIAN_POINT('',(2.853602427074E1,-4.866271059637E1,1.464618282966E1));
#2626=CARTESIAN_POINT('',(2.951542428483E1,-4.861431309326E1,1.117121465454E1));
#2627=CARTESIAN_POINT('',(2.969252055700E1,-4.860556179935E1,8.884875162524E0));
#2628=CARTESIAN_POINT('',(2.967640273537E1,-4.860635826893E1,7.746480847924E0));
#2629=CARTESIAN_POINT('',(1.134616698240E1,-4.651919974921E1,2.599875743466E1));
#2630=CARTESIAN_POINT('',(1.352252144855E1,-4.641171925528E1,2.602487874414E1));
#2631=CARTESIAN_POINT('',(1.703255606895E1,-4.623837421402E1,2.545411009843E1));
#2632=CARTESIAN_POINT('',(2.144994992272E1,-4.602021872478E1,2.317938176416E1));
#2633=CARTESIAN_POINT('',(2.435769419106E1,-4.587661813257E1,2.082000879200E1));
#2634=CARTESIAN_POINT('',(2.671484395E1,-4.576020896103E1,1.790811543598E1));
#2635=CARTESIAN_POINT('',(2.838941607694E1,-4.567750927119E1,1.464618282966E1));
#2636=CARTESIAN_POINT('',(2.936881931985E1,-4.562914088913E1,1.117121465454E1));
#2637=CARTESIAN_POINT('',(2.954591617586E1,-4.562039486092E1,8.884875162524E0));
#2638=CARTESIAN_POINT('',(2.952979830108E1,-4.562119085127E1,7.746480847924E0));
#2639=CARTESIAN_POINT('',(1.119518641209E1,-4.353439514520E1,2.599875743466E1));
#2640=CARTESIAN_POINT('',(1.337120433524E1,-4.342024822788E1,2.602487874414E1));
#2641=CARTESIAN_POINT('',(1.688069617752E1,-4.323615154794E1,2.545411009843E1));
#2642=CARTESIAN_POINT('',(2.129740694268E1,-4.300446507461E1,2.317938176416E1));
#2643=CARTESIAN_POINT('',(2.420470156875E1,-4.285195772815E1,2.082000879200E1));
#2644=CARTESIAN_POINT('',(2.656148682722E1,-4.272832833651E1,1.790811543598E1));
#2645=CARTESIAN_POINT('',(2.823580000483E1,-4.264049924016E1,1.464618282966E1));
#2646=CARTESIAN_POINT('',(2.921505179663E1,-4.258913083362E1,1.117121465454E1));
#2647=CARTESIAN_POINT('',(2.939212126706E1,-4.257984233742E1,8.884875162524E0));
#2648=CARTESIAN_POINT('',(2.937600588470E1,-4.258068769867E1,7.746480847924E0));
#2649=CARTESIAN_POINT('',(1.091606141697E1,-3.831148961981E1,2.599875743466E1));
#2650=CARTESIAN_POINT('',(1.309168458698E1,-3.819005452037E1,2.602487874414E1));
#2651=CARTESIAN_POINT('',(1.660053976956E1,-3.799420342636E1,2.545411009843E1));
#2652=CARTESIAN_POINT('',(2.101644929572E1,-3.774772397174E1,2.317938176416E1));
#2653=CARTESIAN_POINT('',(2.392321650716E1,-3.758547916289E1,2.082000879200E1));
#2654=CARTESIAN_POINT('',(2.627957421934E1,-3.745395614134E1,1.790811543598E1));
#2655=CARTESIAN_POINT('',(2.795358365847E1,-3.736051923301E1,1.464618282966E1));
#2656=CARTESIAN_POINT('',(2.893265780342E1,-3.730587099807E1,1.117121465454E1));
#2657=CARTESIAN_POINT('',(2.910969515155E1,-3.729598943941E1,8.884875162524E0));
#2658=CARTESIAN_POINT('',(2.909358269268E1,-3.729688877624E1,7.746480847924E0));
#2659=CARTESIAN_POINT('',(1.048878516834E1,-3.085144960635E1,2.599875743466E1));
#2660=CARTESIAN_POINT('',(1.266412126642E1,-3.072507627280E1,2.602487874414E1));
#2661=CARTESIAN_POINT('',(1.617251345807E1,-3.052126077179E1,2.545411009843E1));
#2662=CARTESIAN_POINT('',(2.058784030810E1,-3.026475807629E1,2.317938176416E1));
#2663=CARTESIAN_POINT('',(2.349422397368E1,-3.009591548101E1,2.082000879200E1));
#2664=CARTESIAN_POINT('',(2.585027076614E1,-2.995904399368E1,1.790811543598E1));
#2665=CARTESIAN_POINT('',(2.752405932092E1,-2.986180741515E1,1.464618282966E1));
#2666=CARTESIAN_POINT('',(2.850300427774E1,-2.980493687562E1,1.117121465454E1));
#2667=CARTESIAN_POINT('',(2.868001826591E1,-2.979465347721E1,8.884875162524E0));
#2668=CARTESIAN_POINT('',(2.866390793307E1,-2.979558938613E1,7.746480847924E0));
#2669=CARTESIAN_POINT('',(9.983339313050E0,-2.189736024113E1,2.599875743466E1));
#2670=CARTESIAN_POINT('',(1.215925076882E1,-2.178086972108E1,2.602487874414E1));
#2671=CARTESIAN_POINT('',(1.566857090002E1,-2.159299326772E1,2.545411009843E1));
#2672=CARTESIAN_POINT('',(2.008506556604E1,-2.135654993310E1,2.317938176416E1));
#2673=CARTESIAN_POINT('',(2.299221794510E1,-2.120091138833E1,2.082000879200E1));
#2674=CARTESIAN_POINT('',(2.534888789167E1,-2.107474370493E1,1.790811543598E1));
#2675=CARTESIAN_POINT('',(2.702311914912E1,-2.098511134909E1,1.464618282966E1));
#2676=CARTESIAN_POINT('',(2.800232302846E1,-2.093268827423E1,1.117121465454E1));
#2677=CARTESIAN_POINT('',(2.817938383531E1,-2.092320907165E1,8.884875162524E0));
#2678=CARTESIAN_POINT('',(2.816326924143E1,-2.092407178940E1,7.746480847924E0));
#2679=CARTESIAN_POINT('',(9.552805972235E0,-1.293853801707E1,2.599875743466E1));
#2680=CARTESIAN_POINT('',(1.173004036447E1,-1.284854701778E1,2.602487874414E1));
#2681=CARTESIAN_POINT('',(1.524149413376E1,-1.270340911494E1,2.545411009843E1));
#2682=CARTESIAN_POINT('',(1.966067399261E1,-1.252075243223E1,2.317938176416E1));
#2683=CARTESIAN_POINT('',(2.256959389666E1,-1.240051888734E1,2.082000879200E1));
#2684=CARTESIAN_POINT('',(2.492769667939E1,-1.230305210718E1,1.790811543598E1));
#2685=CARTESIAN_POINT('',(2.660294585583E1,-1.223380951759E1,1.464618282966E1));
#2686=CARTESIAN_POINT('',(2.758274508316E1,-1.219331175957E1,1.117121465454E1));
#2687=CARTESIAN_POINT('',(2.775991354154E1,-1.218598890693E1,8.884875162524E0));
#2688=CARTESIAN_POINT('',(2.774378915012E1,-1.218665537174E1,7.746480847924E0));
#2689=CARTESIAN_POINT('',(9.308064864073E0,-5.393029610435E0,2.599875743466E1));
#2690=CARTESIAN_POINT('',(1.148645322689E1,-5.337210516626E0,2.602487874414E1));
#2691=CARTESIAN_POINT('',(1.499976812530E1,-5.247185222126E0,2.545411009843E1));
#2692=CARTESIAN_POINT('',(1.942129022325E1,-5.133887996994E0,2.317938176416E1));
#2693=CARTESIAN_POINT('',(2.233175190342E1,-5.059310232842E0,2.082000879200E1));
#2694=CARTESIAN_POINT('',(2.469110451999E1,-4.998854105146E0,1.790811543599E1));
#2695=CARTESIAN_POINT('',(2.636724160646E1,-4.955904714273E0,1.464618282966E1));
#2696=CARTESIAN_POINT('',(2.734756014374E1,-4.930785000392E0,1.117121465454E1));
#2697=CARTESIAN_POINT('',(2.752482250436E1,-4.926242823935E0,8.884875162524E0));
#2698=CARTESIAN_POINT('',(2.750868956674E1,-4.926656214850E0,7.746480847924E0));
#2699=CARTESIAN_POINT('',(9.232535953247E0,-8.357551205659E-1,
2.599875743466E1));
#2700=CARTESIAN_POINT('',(1.141132223998E1,-8.038112039723E-1,
2.602487874414E1));
#2701=CARTESIAN_POINT('',(1.492527891194E1,-7.522919064963E-1,
2.545411009843E1));
#2702=CARTESIAN_POINT('',(1.934760868468E1,-6.874546462884E-1,
2.317938176415E1));
#2703=CARTESIAN_POINT('',(2.225860201583E1,-6.447755966077E-1,
2.082000879200E1));
#2704=CARTESIAN_POINT('',(2.461838561287E1,-6.101780177345E-1,
1.790811543598E1));
#2705=CARTESIAN_POINT('',(2.629482887755E1,-5.855991206913E-1,
1.464618282966E1));
#2706=CARTESIAN_POINT('',(2.727532648858E1,-5.712237163215E-1,
1.117121465454E1));
#2707=CARTESIAN_POINT('',(2.745262122953E1,-5.686243386533E-1,
8.884875162523E0));
#2708=CARTESIAN_POINT('',(2.743648534493E1,-5.688609122700E-1,
7.746480847924E0));
#2709=CARTESIAN_POINT('',(9.215632703200E0,7.316811288040E-1,2.599875743466E1));
#2710=CARTESIAN_POINT('',(1.139451023468E1,7.551746870819E-1,2.602487874414E1));
#2711=CARTESIAN_POINT('',(1.490861406659E1,7.930652073049E-1,2.545411009843E1));
#2712=CARTESIAN_POINT('',(1.933112904079E1,8.407505919951E-1,2.317938176415E1));
#2713=CARTESIAN_POINT('',(2.224224428057E1,8.721394399462E-1,2.082000879200E1));
#2714=CARTESIAN_POINT('',(2.460212670229E1,8.975846677770E-1,1.790811543598E1));
#2715=CARTESIAN_POINT('',(2.627864017424E1,9.156615290911E-1,1.464618282966E1));
#2716=CARTESIAN_POINT('',(2.725917884725E1,9.262341024117E-1,1.117121465454E1));
#2717=CARTESIAN_POINT('',(2.743648101307E1,9.281458476592E-1,8.884875162523E0));
#2718=CARTESIAN_POINT('',(2.742034445272E1,9.279718565947E-1,7.746480847924E0));
#2719=B_SPLINE_SURFACE_WITH_KNOTS('',3,3,((#2499,#2500,#2501,#2502,#2503,#2504,
#2505,#2506,#2507,#2508),(#2509,#2510,#2511,#2512,#2513,#2514,#2515,#2516,#2517,
#2518),(#2519,#2520,#2521,#2522,#2523,#2524,#2525,#2526,#2527,#2528),(#2529,
#2530,#2531,#2532,#2533,#2534,#2535,#2536,#2537,#2538),(#2539,#2540,#2541,#2542,
#2543,#2544,#2545,#2546,#2547,#2548),(#2549,#2550,#2551,#2552,#2553,#2554,#2555,
#2556,#2557,#2558),(#2559,#2560,#2561,#2562,#2563,#2564,#2565,#2566,#2567,
#2568),(#2569,#2570,#2571,#2572,#2573,#2574,#2575,#2576,#2577,#2578),(#2579,
#2580,#2581,#2582,#2583,#2584,#2585,#2586,#2587,#2588),(#2589,#2590,#2591,#2592,
#2593,#2594,#2595,#2596,#2597,#2598),(#2599,#2600,#2601,#2602,#2603,#2604,#2605,
#2606,#2607,#2608),(#2609,#2610,#2611,#2612,#2613,#2614,#2615,#2616,#2617,
#2618),(#2619,#2620,#2621,#2622,#2623,#2624,#2625,#2626,#2627,#2628),(#2629,
#2630,#2631,#2632,#2633,#2634,#2635,#2636,#2637,#2638),(#2639,#2640,#2641,#2642,
#2643,#2644,#2645,#2646,#2647,#2648),(#2649,#2650,#2651,#2652,#2653,#2654,#2655,
#2656,#2657,#2658),(#2659,#2660,#2661,#2662,#2663,#2664,#2665,#2666,#2667,
#2668),(#2669,#2670,#2671,#2672,#2673,#2674,#2675,#2676,#2677,#2678),(#2679,
#2680,#2681,#2682,#2683,#2684,#2685,#2686,#2687,#2688),(#2689,#2690,#2691,#2692,
#2693,#2694,#2695,#2696,#2697,#2698),(#2699,#2700,#2701,#2702,#2703,#2704,#2705,
#2706,#2707,#2708),(#2709,#2710,#2711,#2712,#2713,#2714,#2715,#2716,#2717,
#2718)),.UNSPECIFIED.,.F.,.F.,.F.,(4,1,1,1,1,1,1,1,1,1,1,1,1,1,1,1,1,1,1,4),(4,
1,1,1,1,1,1,4),(9.517722343705E-2,9.576784200049E-2,9.590799328853E-2,
9.594303111054E-2,9.597806893256E-2,9.604814457658E-2,9.660874972877E-2,
9.772996003314E-2,9.997238064189E-2,1.044572218594E-1,1.089420630769E-1,
1.134269042944E-1,1.156693249031E-1,1.179117455119E-1,1.223965867294E-1,
1.313662691644E-1,1.403359515994E-1,1.493056340343E-1,1.582753164693E-1,
1.629772521440E-1),(-8.176066705030E-3,2.5E-1,3.75E-1,5.E-1,6.25E-1,7.5E-1,
8.75E-1,1.009989570819E0),.UNSPECIFIED.);
#2720=ORIENTED_EDGE('',*,*,#1808,.T.);
#2722=ORIENTED_EDGE('',*,*,#2721,.F.);
#2724=ORIENTED_EDGE('',*,*,#2723,.T.);
#2725=ORIENTED_EDGE('',*,*,#2490,.T.);
#2726=EDGE_LOOP('',(#2720,#2722,#2724,#2725));
#2727=FACE_OUTER_BOUND('',#2726,.F.);
#2728=ADVANCED_FACE('',(#2727),#2719,.F.);
#2729=CARTESIAN_POINT('',(1.183168042438E1,-5.2E1,2.6E1));
#2730=CARTESIAN_POINT('',(1.183168042438E1,-5.2E1,2.6E1));
#2731=CARTESIAN_POINT('',(1.183168042438E1,-5.2E1,2.6E1));
#2732=CARTESIAN_POINT('',(1.183168042438E1,-5.2E1,2.6E1));
#2733=CARTESIAN_POINT('',(1.183168042438E1,-5.2E1,2.6E1));
#2734=CARTESIAN_POINT('',(1.183168042438E1,-5.2E1,2.6E1));
#2735=CARTESIAN_POINT('',(1.183168042438E1,-5.2E1,2.6E1));
#2736=CARTESIAN_POINT('',(1.183168042438E1,-5.2E1,2.6E1));
#2737=CARTESIAN_POINT('',(1.183168042438E1,-5.2E1,2.6E1));
#2738=CARTESIAN_POINT('',(1.289143080333E1,-5.265570292659E1,2.6E1));
#2739=CARTESIAN_POINT('',(1.286174088788E1,-5.268704823830E1,2.6E1));
#2740=CARTESIAN_POINT('',(1.281793037912E1,-5.273330082628E1,2.6E1));
#2741=CARTESIAN_POINT('',(1.275999880634E1,-5.279446038853E1,2.6E1));
#2742=CARTESIAN_POINT('',(1.271763691055E1,-5.283918214303E1,2.599999999999E1));
#2743=CARTESIAN_POINT('',(1.267527467482E1,-5.288390367941E1,2.6E1));
#2744=CARTESIAN_POINT('',(1.261778105783E1,-5.294459853338E1,2.6E1));
#2745=CARTESIAN_POINT('',(1.257440776487E1,-5.299038593830E1,2.6E1));
#2746=CARTESIAN_POINT('',(1.254515526137E1,-5.302126619278E1,2.6E1));
#2747=CARTESIAN_POINT('',(1.499192762227E1,-5.395030767005E1,2.582674525889E1));
#2748=CARTESIAN_POINT('',(1.490351473352E1,-5.404396983089E1,2.583771854031E1));
#2749=CARTESIAN_POINT('',(1.477303076532E1,-5.418217626635E1,2.584970461055E1));
#2750=CARTESIAN_POINT('',(1.460047185082E1,-5.436492032278E1,2.585748199198E1));
#2751=CARTESIAN_POINT('',(1.447428433981E1,-5.449854484473E1,2.585937705033E1));
#2752=CARTESIAN_POINT('',(1.434809263289E1,-5.463216396245E1,2.585748578665E1));
#2753=CARTESIAN_POINT('',(1.417682442443E1,-5.481349926759E1,2.584977255069E1));
#2754=CARTESIAN_POINT('',(1.404761921057E1,-5.495028257124E1,2.583797120564E1));
#2755=CARTESIAN_POINT('',(1.396048120210E1,-5.504251904188E1,2.582724607588E1));
#2756=CARTESIAN_POINT('',(1.756699743083E1,-5.551681496203E1,2.518786353044E1));
#2757=CARTESIAN_POINT('',(1.741716871049E1,-5.569035073460E1,2.523764852501E1));
#2758=CARTESIAN_POINT('',(1.718968904436E1,-5.594820329113E1,2.529288209733E1));
#2759=CARTESIAN_POINT('',(1.688014786042E1,-5.628845173344E1,2.532895643279E1));
#2760=CARTESIAN_POINT('',(1.665055115394E1,-5.653596944757E1,2.533777540814E1));
#2761=CARTESIAN_POINT('',(1.641858371687E1,-5.678125926459E1,2.532897407564E1));
#2762=CARTESIAN_POINT('',(1.610175018766E1,-5.710986845029E1,2.529319711970E1));
#2763=CARTESIAN_POINT('',(1.586180571094E1,-5.735133474640E1,2.523881254734E1));
#2764=CARTESIAN_POINT('',(1.570087085681E1,-5.750993727073E1,2.519013609908E1));
#2765=CARTESIAN_POINT('',(1.959194837414E1,-5.673032609120E1,2.441078755298E1));
#2766=CARTESIAN_POINT('',(1.940648203724E1,-5.697061440745E1,2.450375921460E1));
#2767=CARTESIAN_POINT('',(1.911446049587E1,-5.733080396261E1,2.460878546890E1));
#2768=CARTESIAN_POINT('',(1.870176233854E1,-5.780518248581E1,2.467794867542E1));
#2769=CARTESIAN_POINT('',(1.838997765900E1,-5.814815683337E1,2.469492296125E1));
#2770=CARTESIAN_POINT('',(1.807081195668E1,-5.848426958321E1,2.467798259684E1));
#2771=CARTESIAN_POINT('',(1.763136974686E1,-5.892727917862E1,2.460938918415E1));
#2772=CARTESIAN_POINT('',(1.729702068634E1,-5.924195763963E1,2.450597193170E1));
#2773=CARTESIAN_POINT('',(1.707427564893E1,-5.944193226277E1,2.441503237042E1));
#2774=CARTESIAN_POINT('',(2.160077256421E1,-5.791904536078E1,2.343885086907E1));
#2775=CARTESIAN_POINT('',(2.139096720615E1,-5.822896171927E1,2.358180967995E1));
#2776=CARTESIAN_POINT('',(2.104565528263E1,-5.869799571830E1,2.374602474726E1));
#2777=CARTESIAN_POINT('',(2.053498890385E1,-5.931470231839E1,2.385502274480E1));
#2778=CARTESIAN_POINT('',(2.014097421181E1,-5.975767337379E1,2.388187006845E1));
#2779=CARTESIAN_POINT('',(1.973163402242E1,-6.018650842247E1,2.385507634369E1));
#2780=CARTESIAN_POINT('',(1.916303169221E1,-6.074152667197E1,2.374697578867E1));
#2781=CARTESIAN_POINT('',(1.872827305052E1,-6.112050701135E1,2.358526844200E1));
#2782=CARTESIAN_POINT('',(1.844073050856E1,-6.135215081644E1,2.344537922876E1));
#2783=CARTESIAN_POINT('',(2.351048926752E1,-5.902236184541E1,2.219333379230E1));
#2784=CARTESIAN_POINT('',(2.329765455994E1,-5.940467137460E1,2.239181019362E1));
#2785=CARTESIAN_POINT('',(2.292214933879E1,-5.999080523062E1,2.262510336940E1));
#2786=CARTESIAN_POINT('',(2.232697266499E1,-6.076029339633E1,2.278170859935E1));
#2787=CARTESIAN_POINT('',(2.185362104178E1,-6.130830233015E1,2.282047327737E1));
#2788=CARTESIAN_POINT('',(2.135159008553E1,-6.183010365070E1,2.278178588709E1));
#2789=CARTESIAN_POINT('',(2.064576598400E1,-6.248852493411E1,2.262646901743E1));
#2790=CARTESIAN_POINT('',(2.010261515501E1,-6.291280143479E1,2.239672203090E1));
#2791=CARTESIAN_POINT('',(1.974682335583E1,-6.315752409906E1,2.220239990788E1));
#2792=CARTESIAN_POINT('',(2.529653533703E1,-6.001958330377E1,2.064903760547E1));
#2793=CARTESIAN_POINT('',(2.510740128602E1,-6.047782046907E1,2.089818697134E1));
#2794=CARTESIAN_POINT('',(2.473423479949E1,-6.119253400379E1,2.119984942544E1));
#2795=CARTESIAN_POINT('',(2.407459245091E1,-6.213042648268E1,2.140565272283E1));
#2796=CARTESIAN_POINT('',(2.352622238617E1,-6.279116590494E1,2.145693554536E1));
#2797=CARTESIAN_POINT('',(2.292731629357E1,-6.340644068862E1,2.140575478922E1));
#2798=CARTESIAN_POINT('',(2.207120858037E1,-6.415597241042E1,2.120164264239E1));
#2799=CARTESIAN_POINT('',(2.140710345951E1,-6.459948982290E1,2.090453511513E1));
#2800=CARTESIAN_POINT('',(2.097749693189E1,-6.483453573159E1,2.066042253715E1));
#2801=CARTESIAN_POINT('',(2.657427715551E1,-6.071237238728E1,1.931401908246E1));
#2802=CARTESIAN_POINT('',(2.641795920491E1,-6.122987072435E1,1.959496262788E1));
#2803=CARTESIAN_POINT('',(2.606610746632E1,-6.204835710661E1,1.994309451895E1));
#2804=CARTESIAN_POINT('',(2.537041738706E1,-6.312292837681E1,2.018378353891E1));
#2805=CARTESIAN_POINT('',(2.476822832541E1,-6.387349263061E1,2.024407513326E1));
#2806=CARTESIAN_POINT('',(2.409354711320E1,-6.455958553807E1,2.018390337123E1));
#2807=CARTESIAN_POINT('',(2.311563285247E1,-6.537032145878E1,1.994519032043E1));
#2808=CARTESIAN_POINT('',(2.235228397103E1,-6.581299560378E1,1.960228581857E1));
#2809=CARTESIAN_POINT('',(2.186341842132E1,-6.602826702684E1,1.932686062132E1));
#2810=CARTESIAN_POINT('',(2.773854981365E1,-6.132107824649E1,1.782608284887E1));
#2811=CARTESIAN_POINT('',(2.762968912717E1,-6.189807971961E1,1.812647811177E1));
#2812=CARTESIAN_POINT('',(2.732053002576E1,-6.282457756072E1,1.850799087345E1));
#2813=CARTESIAN_POINT('',(2.660479440034E1,-6.404267435858E1,1.877574826706E1));
#2814=CARTESIAN_POINT('',(2.595383456657E1,-6.488580358332E1,1.884320503058E1));
#2815=CARTESIAN_POINT('',(2.520250441770E1,-6.564080394770E1,1.877588214404E1));
#2816=CARTESIAN_POINT('',(2.409637868377E1,-6.650212624315E1,1.851032064985E1));
#2817=CARTESIAN_POINT('',(2.322733405102E1,-6.692701352984E1,1.813450017090E1));
#2818=CARTESIAN_POINT('',(2.267675921270E1,-6.711032535382E1,1.783981789178E1));
#2819=CARTESIAN_POINT('',(2.877584972028E1,-6.184031649158E1,1.617453814115E1));
#2820=CARTESIAN_POINT('',(2.872767764583E1,-6.247615212867E1,1.647605428005E1));
#2821=CARTESIAN_POINT('',(2.848264477304E1,-6.351340483746E1,1.686885998525E1));
#2822=CARTESIAN_POINT('',(2.776446371854E1,-6.488041570413E1,1.714912611930E1));
#2823=CARTESIAN_POINT('',(2.707088775254E1,-6.581783857247E1,1.722016573219E1));
#2824=CARTESIAN_POINT('',(2.624278859192E1,-6.663876672710E1,1.714926688997E1));
#2825=CARTESIAN_POINT('',(2.500271235963E1,-6.753875124618E1,1.687129663188E1));
#2826=CARTESIAN_POINT('',(2.402208735065E1,-6.792904174829E1,1.648431026297E1));
#2827=CARTESIAN_POINT('',(2.340777383323E1,-6.806958216056E1,1.618832912083E1));
#2828=CARTESIAN_POINT('',(2.966525071242E1,-6.226281535021E1,1.432471805712E1));
#2829=CARTESIAN_POINT('',(2.968804234162E1,-6.295515635887E1,1.460039592630E1));
#2830=CARTESIAN_POINT('',(2.952655018492E1,-6.410270205375E1,1.496876357660E1));
#2831=CARTESIAN_POINT('',(2.882437012464E1,-6.562015080260E1,1.523623007721E1));
#2832=CARTESIAN_POINT('',(2.809577320485E1,-6.665112546522E1,1.530445433539E1));
#2833=CARTESIAN_POINT('',(2.719258087501E1,-6.753308140720E1,1.523636505640E1));
#2834=CARTESIAN_POINT('',(2.581550952918E1,-6.845846187887E1,1.497108695697E1));
#2835=CARTESIAN_POINT('',(2.471975128340E1,-6.879889892769E1,1.460813497444E1));
#2836=CARTESIAN_POINT('',(2.404103444564E1,-6.888838837973E1,1.433733161831E1));
#2837=CARTESIAN_POINT('',(3.022629537866E1,-6.251446998048E1,1.267937116553E1));
#2838=CARTESIAN_POINT('',(3.030709903231E1,-6.324677743178E1,1.290590041717E1));
#2839=CARTESIAN_POINT('',(3.021942165379E1,-6.447488069696E1,1.321398293967E1));
#2840=CARTESIAN_POINT('',(2.954162428143E1,-6.610384993421E1,1.344059283564E1));
#2841=CARTESIAN_POINT('',(2.879250013841E1,-6.720303003110E1,1.349866231265E1));
#2842=CARTESIAN_POINT('',(2.783506483913E1,-6.812642796549E1,1.344070759327E1));
#2843=CARTESIAN_POINT('',(2.635473390978E1,-6.906149274943E1,1.321595016895E1));
#2844=CARTESIAN_POINT('',(2.517161592194E1,-6.935575552736E1,1.291237101582E1));
#2845=CARTESIAN_POINT('',(2.444491407880E1,-6.940318095273E1,1.268973851885E1));
#2846=CARTESIAN_POINT('',(3.055957786602E1,-6.265886948513E1,1.127590528436E1));
#2847=CARTESIAN_POINT('',(3.067974521664E1,-6.341655367219E1,1.144470065851E1));
#2848=CARTESIAN_POINT('',(3.064406245163E1,-6.469665414676E1,1.167671239708E1));
#2849=CARTESIAN_POINT('',(2.998655900557E1,-6.639821717330E1,1.184873518730E1));
#2850=CARTESIAN_POINT('',(2.922598778098E1,-6.754138634791E1,1.189294075687E1));
#2851=CARTESIAN_POINT('',(2.823366437507E1,-6.849039967608E1,1.184882248642E1));
#2852=CARTESIAN_POINT('',(2.668532667741E1,-6.942855716901E1,1.167820516771E1));
#2853=CARTESIAN_POINT('',(2.544450756188E1,-6.968976186556E1,1.144957269300E1));
#2854=CARTESIAN_POINT('',(2.468640811415E1,-6.970860562769E1,1.128363155542E1));
#2855=CARTESIAN_POINT('',(3.082374638620E1,-6.277077254577E1,9.710391383069E0));
#2856=CARTESIAN_POINT('',(3.097764044558E1,-6.354942532991E1,9.804785533053E0));
#2857=CARTESIAN_POINT('',(3.098741270272E1,-6.487289048070E1,9.936058122437E0));
#2858=CARTESIAN_POINT('',(3.034906931793E1,-6.663528722085E1,1.003425915523E1));
#2859=CARTESIAN_POINT('',(2.957983844554E1,-6.781511645476E1,1.005957318012E1));
#2860=CARTESIAN_POINT('',(2.855847212569E1,-6.878492583567E1,1.003430910824E1));
#2861=CARTESIAN_POINT('',(2.695273012703E1,-6.972410991942E1,9.936909917299E0));
#2862=CARTESIAN_POINT('',(2.566312710389E1,-6.995618655611E1,9.807541601158E0));
#2863=CARTESIAN_POINT('',(2.487862065624E1,-6.995053138008E1,9.714712817089E0));
#2864=CARTESIAN_POINT('',(3.089340299516E1,-6.279906942056E1,8.482487026378E0));
#2865=CARTESIAN_POINT('',(3.105742949219E1,-6.358365552082E1,8.508923556986E0));
#2866=CARTESIAN_POINT('',(3.108130104470E1,-6.491960384857E1,8.545635064887E0));
#2867=CARTESIAN_POINT('',(3.044956238554E1,-6.669968253541E1,8.573071001431E0));
#2868=CARTESIAN_POINT('',(2.967825876375E1,-6.789007528054E1,8.580141011338E0));
#2869=CARTESIAN_POINT('',(2.864853109798E1,-6.886561056606E1,8.573084954066E0));
#2870=CARTESIAN_POINT('',(2.702588699840E1,-6.980434249621E1,8.545873054981E0));
#2871=CARTESIAN_POINT('',(2.572190426349E1,-7.002728289612E1,8.509694333299E0));
#2872=CARTESIAN_POINT('',(2.492969094563E1,-7.001426453825E1,8.483697284838E0));
#2873=CARTESIAN_POINT('',(3.087244047442E1,-6.279049641557E1,7.604025610647E0));
#2874=CARTESIAN_POINT('',(3.103347737228E1,-6.357333400120E1,7.582305023873E0));
#2875=CARTESIAN_POINT('',(3.105320462403E1,-6.490558887870E1,7.552134247071E0));
#2876=CARTESIAN_POINT('',(3.041955744236E1,-6.668041734185E1,7.529582711404E0));
#2877=CARTESIAN_POINT('',(2.964889557136E1,-6.786766279785E1,7.523771046924E0));
#2878=CARTESIAN_POINT('',(2.862165957962E1,-6.884147599904E1,7.529571242266E0));
#2879=CARTESIAN_POINT('',(2.700402373788E1,-6.978030210003E1,7.551938627700E0));
#2880=CARTESIAN_POINT('',(2.570428408028E1,-7.000592587643E1,7.581671576189E0));
#2881=CARTESIAN_POINT('',(2.491433783008E1,-6.999508243678E1,7.603031243167E0));
#2882=B_SPLINE_SURFACE_WITH_KNOTS('',3,3,((#2729,#2730,#2731,#2732,#2733,#2734,
#2735,#2736,#2737),(#2738,#2739,#2740,#2741,#2742,#2743,#2744,#2745,#2746),(
#2747,#2748,#2749,#2750,#2751,#2752,#2753,#2754,#2755),(#2756,#2757,#2758,#2759,
#2760,#2761,#2762,#2763,#2764),(#2765,#2766,#2767,#2768,#2769,#2770,#2771,#2772,
#2773),(#2774,#2775,#2776,#2777,#2778,#2779,#2780,#2781,#2782),(#2783,#2784,
#2785,#2786,#2787,#2788,#2789,#2790,#2791),(#2792,#2793,#2794,#2795,#2796,#2797,
#2798,#2799,#2800),(#2801,#2802,#2803,#2804,#2805,#2806,#2807,#2808,#2809),(
#2810,#2811,#2812,#2813,#2814,#2815,#2816,#2817,#2818),(#2819,#2820,#2821,#2822,
#2823,#2824,#2825,#2826,#2827),(#2828,#2829,#2830,#2831,#2832,#2833,#2834,#2835,
#2836),(#2837,#2838,#2839,#2840,#2841,#2842,#2843,#2844,#2845),(#2846,#2847,
#2848,#2849,#2850,#2851,#2852,#2853,#2854),(#2855,#2856,#2857,#2858,#2859,#2860,
#2861,#2862,#2863),(#2864,#2865,#2866,#2867,#2868,#2869,#2870,#2871,#2872),(
#2873,#2874,#2875,#2876,#2877,#2878,#2879,#2880,#2881)),.UNSPECIFIED.,.F.,.F.,
.F.,(4,1,1,1,1,1,1,1,1,1,1,1,1,1,4),(4,1,1,1,1,1,4),(-2.192497639788E-5,
2.898157710157E-3,5.818240396711E-3,7.278281739988E-3,8.738323083266E-3,
1.165840576982E-2,1.311844711310E-2,1.457848845637E-2,1.603852979965E-2,
1.749857114293E-2,1.895861248621E-2,2.041865382948E-2,2.114867450112E-2,
2.187869517276E-2,2.359775342341E-2),(-1.295835288185E-2,2.499060581432E-1,
3.749217151193E-1,4.999373720955E-1,6.249530290716E-1,7.499686860477E-1,
1.008943412338E0),.UNSPECIFIED.);
#2883=ORIENTED_EDGE('',*,*,#2721,.T.);
#2884=ORIENTED_EDGE('',*,*,#1825,.F.);
#2885=ORIENTED_EDGE('',*,*,#1888,.T.);
#2886=EDGE_LOOP('',(#2883,#2884,#2885));
#2887=FACE_OUTER_BOUND('',#2886,.F.);
#2888=ADVANCED_FACE('',(#2887),#2882,.F.);
#2889=CARTESIAN_POINT('',(2.857957149125E1,2.825569134597E1,2.6E1));
#2890=DIRECTION('',(0.E0,0.E0,1.E0));
#2891=DIRECTION('',(1.E0,0.E0,0.E0));
#2892=AXIS2_PLACEMENT_3D('',#2889,#2890,#2891);
#2893=PLANE('',#2892);
#2895=ORIENTED_EDGE('',*,*,#2894,.F.);
#2896=ORIENTED_EDGE('',*,*,#1926,.T.);
#2897=ORIENTED_EDGE('',*,*,#2492,.F.);
#2898=ORIENTED_EDGE('',*,*,#2723,.F.);
#2899=ORIENTED_EDGE('',*,*,#1886,.T.);
#2900=EDGE_LOOP('',(#2895,#2896,#2897,#2898,#2899));
#2901=FACE_OUTER_BOUND('',#2900,.F.);
#2902=ADVANCED_FACE('',(#2901),#2893,.T.);
#2903=CARTESIAN_POINT('',(8.E0,-7.E1,2.6E1));
#2904=DIRECTION('',(1.E0,0.E0,0.E0));
#2905=DIRECTION('',(0.E0,0.E0,-1.E0));
#2906=AXIS2_PLACEMENT_3D('',#2903,#2904,#2905);
#2907=PLANE('',#2906);
#2908=ORIENTED_EDGE('',*,*,#1928,.F.);
#2909=ORIENTED_EDGE('',*,*,#2894,.T.);
#2910=ORIENTED_EDGE('',*,*,#1884,.F.);
#2912=ORIENTED_EDGE('',*,*,#2911,.T.);
#2913=EDGE_LOOP('',(#2908,#2909,#2910,#2912));
#2914=FACE_OUTER_BOUND('',#2913,.F.);
#2915=ADVANCED_FACE('',(#2914),#2907,.F.);
#2916=CARTESIAN_POINT('',(0.E0,-7.E1,1.9E1));
#2917=DIRECTION('',(0.E0,-1.E0,0.E0));
#2918=DIRECTION('',(0.E0,0.E0,1.E0));
#2919=AXIS2_PLACEMENT_3D('',#2916,#2917,#2918);
#2920=CYLINDRICAL_SURFACE('',#2919,8.E0);
#2921=ORIENTED_EDGE('',*,*,#1930,.T.);
#2922=ORIENTED_EDGE('',*,*,#2911,.F.);
#2923=ORIENTED_EDGE('',*,*,#1882,.T.);
#2924=ORIENTED_EDGE('',*,*,#1905,.F.);
#2925=EDGE_LOOP('',(#2921,#2922,#2923,#2924));
#2926=FACE_OUTER_BOUND('',#2925,.F.);
#2927=ADVANCED_FACE('',(#2926),#2920,.F.);
#2928=CARTESIAN_POINT('',(-1.183168042438E1,-5.2E1,2.6E1));
#2929=CARTESIAN_POINT('',(-1.183168042438E1,-5.2E1,2.6E1));
#2930=CARTESIAN_POINT('',(-1.183168042438E1,-5.2E1,2.6E1));
#2931=CARTESIAN_POINT('',(-1.183168042438E1,-5.2E1,2.6E1));
#2932=CARTESIAN_POINT('',(-1.183168042438E1,-5.2E1,2.6E1));
#2933=CARTESIAN_POINT('',(-1.183168042438E1,-5.2E1,2.6E1));
#2934=CARTESIAN_POINT('',(-1.183168042438E1,-5.2E1,2.6E1));
#2935=CARTESIAN_POINT('',(-1.183168042438E1,-5.2E1,2.6E1));
#2936=CARTESIAN_POINT('',(-1.183168042438E1,-5.2E1,2.6E1));
#2937=CARTESIAN_POINT('',(-1.289153831870E1,-5.265558941657E1,2.6E1));
#2938=CARTESIAN_POINT('',(-1.286179956089E1,-5.268698629494E1,2.6E1));
#2939=CARTESIAN_POINT('',(-1.281794078046E1,-5.273328984583E1,2.6E1));
#2940=CARTESIAN_POINT('',(-1.275996150613E1,-5.279449976687E1,2.6E1));
#2941=CARTESIAN_POINT('',(-1.271760132435E1,-5.283921971138E1,
2.599999999999E1));
#2942=CARTESIAN_POINT('',(-1.267524080266E1,-5.288393943779E1,2.6E1));
#2943=CARTESIAN_POINT('',(-1.261776440891E1,-5.294461610893E1,2.6E1));
#2944=CARTESIAN_POINT('',(-1.257440776824E1,-5.299038593460E1,2.6E1));
#2945=CARTESIAN_POINT('',(-1.254517134585E1,-5.302124921328E1,2.6E1));
#2946=CARTESIAN_POINT('',(-1.499224778978E1,-5.394996849350E1,
2.582670550967E1));
#2947=CARTESIAN_POINT('',(-1.490368948919E1,-5.404378473927E1,
2.583770373212E1));
#2948=CARTESIAN_POINT('',(-1.477306175287E1,-5.418214345918E1,
2.584970617190E1));
#2949=CARTESIAN_POINT('',(-1.460036074298E1,-5.436503798336E1,
2.585748527590E1));
#2950=CARTESIAN_POINT('',(-1.447417833410E1,-5.449865709366E1,
2.585937699953E1));
#2951=CARTESIAN_POINT('',(-1.434799173121E1,-5.463227079900E1,
2.585748270749E1));
#2952=CARTESIAN_POINT('',(-1.417677482841E1,-5.481355177202E1,
2.584976776678E1));
#2953=CARTESIAN_POINT('',(-1.404761922144E1,-5.495028255562E1,
2.583797019546E1));
#2954=CARTESIAN_POINT('',(-1.396052911493E1,-5.504246832562E1,
2.582725197259E1));
#2955=CARTESIAN_POINT('',(-1.756753998177E1,-5.551618654686E1,
2.518768318631E1));
#2956=CARTESIAN_POINT('',(-1.741747526709E1,-5.569000487319E1,
2.523757999139E1));
#2957=CARTESIAN_POINT('',(-1.718974754799E1,-5.594814277097E1,
2.529288924219E1));
#2958=CARTESIAN_POINT('',(-1.687994695425E1,-5.628867036297E1,
2.532897170185E1));
#2959=CARTESIAN_POINT('',(-1.665035712893E1,-5.653617653979E1,
2.533777517150E1));
#2960=CARTESIAN_POINT('',(-1.641839750848E1,-5.678145420899E1,
2.532895976031E1));
#2961=CARTESIAN_POINT('',(-1.610165781052E1,-5.710996110196E1,
2.529317501649E1));
#2962=CARTESIAN_POINT('',(-1.586180605797E1,-5.735133316509E1,
2.523880813537E1));
#2963=CARTESIAN_POINT('',(-1.570095934674E1,-5.750985006327E1,
2.519016286476E1));
#2964=CARTESIAN_POINT('',(-1.959261993036E1,-5.672945596383E1,
2.441045076050E1));
#2965=CARTESIAN_POINT('',(-1.940687866379E1,-5.697013031200E1,
2.450362823224E1));
#2966=CARTESIAN_POINT('',(-1.911454354447E1,-5.733072046982E1,
2.460879893677E1));
#2967=CARTESIAN_POINT('',(-1.870149170124E1,-5.780548658277E1,
2.467797803471E1));
#2968=CARTESIAN_POINT('',(-1.838971216112E1,-5.814844238109E1,
2.469492250533E1));
#2969=CARTESIAN_POINT('',(-1.807055447425E1,-5.848453468870E1,
2.467795507505E1));
#2970=CARTESIAN_POINT('',(-1.763124054076E1,-5.892739982272E1,
2.460934701280E1));
#2971=CARTESIAN_POINT('',(-1.729702174215E1,-5.924195306379E1,
2.450596408643E1));
#2972=CARTESIAN_POINT('',(-1.707439812326E1,-5.944182231189E1,
2.441508238063E1));
#2973=CARTESIAN_POINT('',(-2.160153217855E1,-5.791792312342E1,
2.343833299067E1));
#2974=CARTESIAN_POINT('',(-2.139144054506E1,-5.822832994578E1,
2.358160391347E1));
#2975=CARTESIAN_POINT('',(-2.104576529146E1,-5.869788834484E1,
2.374604562862E1));
#2976=CARTESIAN_POINT('',(-2.053465001964E1,-5.931509667868E1,
2.385506913780E1));
#2977=CARTESIAN_POINT('',(-2.014063578793E1,-5.975804020562E1,
2.388186934671E1));
#2978=CARTESIAN_POINT('',(-1.973130197081E1,-6.018684381330E1,
2.385503285948E1));
#2979=CARTESIAN_POINT('',(-1.916286299263E1,-6.074167178194E1,
2.374690963599E1));
#2980=CARTESIAN_POINT('',(-1.872827523436E1,-6.112049801887E1,
2.358525696228E1));
#2981=CARTESIAN_POINT('',(-1.844088860690E1,-6.135202346410E1,
2.344545616408E1));
#2982=CARTESIAN_POINT('',(-2.351125971019E1,-5.902097751829E1,
2.219261479307E1));
#2983=CARTESIAN_POINT('',(-2.329817639472E1,-5.940387948773E1,
2.239151596700E1));
#2984=CARTESIAN_POINT('',(-2.292228987370E1,-5.999067305537E1,
2.262513267666E1));
#2985=CARTESIAN_POINT('',(-2.232657086195E1,-6.076078390075E1,
2.278177550160E1));
#2986=CARTESIAN_POINT('',(-2.185320951453E1,-6.130875289283E1,
2.282047223407E1));
#2987=CARTESIAN_POINT('',(-2.135117975828E1,-6.183050699720E1,
2.278172318951E1));
#2988=CARTESIAN_POINT('',(-2.064555405039E1,-6.248868697258E1,
2.262637459466E1));
#2989=CARTESIAN_POINT('',(-2.010261924808E1,-6.291278574864E1,
2.239670726269E1));
#2990=CARTESIAN_POINT('',(-1.974701896874E1,-6.315738958346E1,
2.220250678895E1));
#2991=CARTESIAN_POINT('',(-2.529721973141E1,-6.001792416054E1,
2.064813505719E1));
#2992=CARTESIAN_POINT('',(-2.510793048417E1,-6.047685087794E1,
2.089780326409E1));
#2993=CARTESIAN_POINT('',(-2.473441074450E1,-6.119237535381E1,
2.119988664996E1));
#2994=CARTESIAN_POINT('',(-2.407413578719E1,-6.213102203359E1,
2.140574108277E1));
#2995=CARTESIAN_POINT('',(-2.352573731877E1,-6.279170398615E1,
2.145693416324E1));
#2996=CARTESIAN_POINT('',(-2.292682164245E1,-6.340690865320E1,
2.140567199929E1));
#2997=CARTESIAN_POINT('',(-2.207094746887E1,-6.415614076269E1,
2.120151971948E1));
#2998=CARTESIAN_POINT('',(-2.140711071765E1,-6.459946526549E1,
2.090451862768E1));
#2999=CARTESIAN_POINT('',(-2.097773310011E1,-6.483440659316E1,
2.066055680777E1));
#3000=CARTESIAN_POINT('',(-2.657484250796E1,-6.071049880062E1,
1.931300139057E1));
#3001=CARTESIAN_POINT('',(-2.641846871613E1,-6.122875658868E1,
1.959451685758E1));
#3002=CARTESIAN_POINT('',(-2.606631296284E1,-6.204817734781E1,
1.994313682729E1));
#3003=CARTESIAN_POINT('',(-2.536992447185E1,-6.312360870116E1,
2.018388728681E1));
#3004=CARTESIAN_POINT('',(-2.476768751124E1,-6.387409908532E1,
2.024407350667E1));
#3005=CARTESIAN_POINT('',(-2.409298494126E1,-6.456010017312E1,
2.018380617848E1));
#3006=CARTESIAN_POINT('',(-2.311533083018E1,-6.537048819610E1,
1.994504766882E1));
#3007=CARTESIAN_POINT('',(-2.235229443164E1,-6.581296342124E1,
1.960226914676E1));
#3008=CARTESIAN_POINT('',(-2.186368713405E1,-6.602814881994E1,
1.932701211202E1));
#3009=CARTESIAN_POINT('',(-2.773894308290E1,-6.131898940449E1,
1.782499474947E1));
#3010=CARTESIAN_POINT('',(-2.763015052430E1,-6.189681386477E1,
1.812598612259E1));
#3011=CARTESIAN_POINT('',(-2.732076721825E1,-6.282437592633E1,
1.850803641407E1));
#3012=CARTESIAN_POINT('',(-2.660427253179E1,-6.404344322256E1,
1.877586418378E1));
#3013=CARTESIAN_POINT('',(-2.595323945199E1,-6.488647898269E1,
1.884320320871E1));
#3014=CARTESIAN_POINT('',(-2.520187210294E1,-6.564136133943E1,
1.877577356934E1));
#3015=CARTESIAN_POINT('',(-2.409603244365E1,-6.650228422117E1,
1.851016333607E1));
#3016=CARTESIAN_POINT('',(-2.322734860412E1,-6.692697331663E1,
1.813448465486E1));
#3017=CARTESIAN_POINT('',(-2.267706179741E1,-6.711022479140E1,
1.783997996302E1));
#3018=CARTESIAN_POINT('',(-2.877602299510E1,-6.183801488968E1,
1.617344605930E1));
#3019=CARTESIAN_POINT('',(-2.872806167402E1,-6.247472936790E1,
1.647554399275E1));
#3020=CARTESIAN_POINT('',(-2.848291526776E1,-6.351318067481E1,
1.686890591041E1));
#3021=CARTESIAN_POINT('',(-2.776392127023E1,-6.488127598841E1,
1.714924801515E1));
#3022=CARTESIAN_POINT('',(-2.707024057074E1,-6.581858261454E1,
1.722016381137E1));
#3023=CARTESIAN_POINT('',(-2.624208397386E1,-6.663936210267E1,
1.714915273473E1));
#3024=CARTESIAN_POINT('',(-2.500231873703E1,-6.753889321735E1,
1.687113354746E1));
#3025=CARTESIAN_POINT('',(-2.402210694272E1,-6.792899363062E1,
1.648429723034E1));
#3026=CARTESIAN_POINT('',(-2.340811138158E1,-6.806950519413E1,
1.618849188581E1));
#3027=CARTESIAN_POINT('',(-2.966516682120E1,-6.226030949427E1,
1.432371965174E1));
#3028=CARTESIAN_POINT('',(-2.968832157803E1,-6.295357600911E1,
1.459991386257E1));
#3029=CARTESIAN_POINT('',(-2.952685444157E1,-6.410245518257E1,
1.496880564703E1));
#3030=CARTESIAN_POINT('',(-2.882381647990E1,-6.562110304234E1,
1.523634696827E1));
#3031=CARTESIAN_POINT('',(-2.809507759749E1,-6.665193597243E1,
1.530445248852E1));
#3032=CARTESIAN_POINT('',(-2.719180331071E1,-6.753370877544E1,
1.523625560780E1));
#3033=CARTESIAN_POINT('',(-2.581506627477E1,-6.845858109963E1,
1.497093291238E1));
#3034=CARTESIAN_POINT('',(-2.471977680810E1,-6.879884367579E1,
1.460812551306E1));
#3035=CARTESIAN_POINT('',(-2.404140729651E1,-6.888833955817E1,
1.433748051026E1));
#3036=CARTESIAN_POINT('',(-3.022600131811E1,-6.251181971619E1,
1.267855082181E1));
#3037=CARTESIAN_POINT('',(-3.030728328013E1,-6.324508109904E1,
1.290549517348E1));
#3038=CARTESIAN_POINT('',(-3.021975080359E1,-6.447461696707E1,
1.321401748144E1));
#3039=CARTESIAN_POINT('',(-2.954106889074E1,-6.610487009021E1,
1.344069222129E1));
#3040=CARTESIAN_POINT('',(-2.879177136291E1,-6.720388784888E1,
1.349866073931E1));
#3041=CARTESIAN_POINT('',(-2.783423297250E1,-6.812707471919E1,
1.344061454775E1));
#3042=CARTESIAN_POINT('',(-2.635425247615E1,-6.906159090049E1,
1.321582065334E1));
#3043=CARTESIAN_POINT('',(-2.517164644564E1,-6.935569580823E1,
1.291236471802E1));
#3044=CARTESIAN_POINT('',(-2.444531321314E1,-6.940315530598E1,
1.268986090539E1));
#3045=CARTESIAN_POINT('',(-3.055914122143E1,-6.265612755098E1,
1.127529404659E1));
#3046=CARTESIAN_POINT('',(-3.067986176275E1,-6.341478217929E1,
1.144439453734E1));
#3047=CARTESIAN_POINT('',(-3.064440768959E1,-6.469637942398E1,
1.167673810380E1));
#3048=CARTESIAN_POINT('',(-2.998600480916E1,-6.639928145286E1,
1.184881079551E1));
#3049=CARTESIAN_POINT('',(-2.922523834527E1,-6.754227425751E1,
1.189293955851E1));
#3050=CARTESIAN_POINT('',(-2.823279698309E1,-6.849105750543E1,
1.184875170723E1));
#3051=CARTESIAN_POINT('',(-2.668481983904E1,-6.942864019425E1,
1.167810731619E1));
#3052=CARTESIAN_POINT('',(-2.544454156143E1,-6.968969959125E1,
1.144956868051E1));
#3053=CARTESIAN_POINT('',(-2.468682443899E1,-6.970859572119E1,
1.128372276716E1));
#3054=CARTESIAN_POINT('',(-3.082318875333E1,-6.276795536981E1,
9.710042680366E0));
#3055=CARTESIAN_POINT('',(-3.097769875247E1,-6.354759160032E1,
9.804604510341E0));
#3056=CARTESIAN_POINT('',(-3.098777286960E1,-6.487260731602E1,
9.936064791747E0));
#3057=CARTESIAN_POINT('',(-3.034851885974E1,-6.663638947870E1,
1.003429441592E1));
#3058=CARTESIAN_POINT('',(-2.957907370641E1,-6.781603044065E1,
1.005956440567E1));
#3059=CARTESIAN_POINT('',(-2.855757629501E1,-6.878559348929E1,
1.003426060540E1));
#3060=CARTESIAN_POINT('',(-2.695220289895E1,-6.972418089709E1,
9.936846671981E0));
#3061=CARTESIAN_POINT('',(-2.566316508912E1,-6.995612349510E1,
9.807532541509E0));
#3062=CARTESIAN_POINT('',(-2.487905228359E1,-6.995053602941E1,
9.714756913554E0));
#3063=CARTESIAN_POINT('',(-3.089280830306E1,-6.279623065064E1,
8.482377239934E0));
#3064=CARTESIAN_POINT('',(-3.105746874876E1,-6.358180343955E1,
8.508860135150E0));
#3065=CARTESIAN_POINT('',(-3.108166463531E1,-6.491931774963E1,
8.545623158929E0));
#3066=CARTESIAN_POINT('',(-3.044901264772E1,-6.670079520270E1,
8.573066350947E0));
#3067=CARTESIAN_POINT('',(-2.967748889720E1,-6.789099598248E1,
8.580123875911E0));
#3068=CARTESIAN_POINT('',(-2.864762612283E1,-6.886627995968E1,
8.573056907410E0));
#3069=CARTESIAN_POINT('',(-2.702535302512E1,-6.980440888648E1,
8.545841591572E0));
#3070=CARTESIAN_POINT('',(-2.572194289275E1,-7.002721899543E1,
8.509678946198E0));
#3071=CARTESIAN_POINT('',(-2.493012652658E1,-7.001427290252E1,
8.483697473750E0));
#3072=CARTESIAN_POINT('',(-3.087185529842E1,-6.278766342569E1,
7.604082764762E0));
#3073=CARTESIAN_POINT('',(-3.103352060480E1,-6.357148665115E1,
7.582322276676E0));
#3074=CARTESIAN_POINT('',(-3.105356530015E1,-6.490530270824E1,
7.552106629652E0));
#3075=CARTESIAN_POINT('',(-3.041900550173E1,-6.668152561297E1,
7.529547238284E0));
#3076=CARTESIAN_POINT('',(-2.964812526759E1,-6.786857998074E1,
7.523745350321E0));
#3077=CARTESIAN_POINT('',(-2.862075551140E1,-6.884214322832E1,
7.529555001572E0));
#3078=CARTESIAN_POINT('',(-2.700349028068E1,-6.978036821722E1,
7.551927068343E0));
#3079=CARTESIAN_POINT('',(-2.570432132645E1,-7.000586078472E1,
7.581649290838E0));
#3080=CARTESIAN_POINT('',(-2.491477120993E1,-6.999508840453E1,
7.602997949361E0));
#3081=B_SPLINE_SURFACE_WITH_KNOTS('',3,3,((#2928,#2929,#2930,#2931,#2932,#2933,
#2934,#2935,#2936),(#2937,#2938,#2939,#2940,#2941,#2942,#2943,#2944,#2945),(
#2946,#2947,#2948,#2949,#2950,#2951,#2952,#2953,#2954),(#2955,#2956,#2957,#2958,
#2959,#2960,#2961,#2962,#2963),(#2964,#2965,#2966,#2967,#2968,#2969,#2970,#2971,
#2972),(#2973,#2974,#2975,#2976,#2977,#2978,#2979,#2980,#2981),(#2982,#2983,
#2984,#2985,#2986,#2987,#2988,#2989,#2990),(#2991,#2992,#2993,#2994,#2995,#2996,
#2997,#2998,#2999),(#3000,#3001,#3002,#3003,#3004,#3005,#3006,#3007,#3008),(
#3009,#3010,#3011,#3012,#3013,#3014,#3015,#3016,#3017),(#3018,#3019,#3020,#3021,
#3022,#3023,#3024,#3025,#3026),(#3027,#3028,#3029,#3030,#3031,#3032,#3033,#3034,
#3035),(#3036,#3037,#3038,#3039,#3040,#3041,#3042,#3043,#3044),(#3045,#3046,
#3047,#3048,#3049,#3050,#3051,#3052,#3053),(#3054,#3055,#3056,#3057,#3058,#3059,
#3060,#3061,#3062),(#3063,#3064,#3065,#3066,#3067,#3068,#3069,#3070,#3071),(
#3072,#3073,#3074,#3075,#3076,#3077,#3078,#3079,#3080)),.UNSPECIFIED.,.F.,.F.,
.F.,(4,1,1,1,1,1,1,1,1,1,1,1,1,1,4),(4,1,1,1,1,1,4),(-2.192497639788E-5,
2.898157710157E-3,5.818240396711E-3,7.278281739988E-3,8.738323083266E-3,
1.165840576982E-2,1.311844711310E-2,1.457848845637E-2,1.603852979965E-2,
1.749857114293E-2,1.895861248621E-2,2.041865382948E-2,2.114867450112E-2,
2.187869517276E-2,2.359776744783E-2),(-1.327565439461E-2,2.500211956599E-1,
3.750317934899E-1,5.000423913198E-1,6.250529891498E-1,7.500635869797E-1,
1.008895946599E0),.UNSPECIFIED.);
#3082=ORIENTED_EDGE('',*,*,#1486,.T.);
#3083=ORIENTED_EDGE('',*,*,#1891,.T.);
#3084=ORIENTED_EDGE('',*,*,#1521,.F.);
#3085=EDGE_LOOP('',(#3082,#3083,#3084));
#3086=FACE_OUTER_BOUND('',#3085,.F.);
#3087=ADVANCED_FACE('',(#3086),#3081,.T.);
#3088=CARTESIAN_POINT('',(3.110946207825E1,-6.345589068303E1,4.161107654730E0));
#3089=CARTESIAN_POINT('',(3.022831715094E1,-6.363946276473E1,2.721160283676E0));
#3090=CARTESIAN_POINT('',(2.934717222362E1,-6.382303484643E1,1.281212912621E0));
#3091=CARTESIAN_POINT('',(2.846602729631E1,-6.400660692813E1,
-1.587344584331E-1));
#3092=CARTESIAN_POINT('',(3.107090324727E1,-6.326920946642E1,4.161107654730E0));
#3093=CARTESIAN_POINT('',(3.018833994740E1,-6.344561047166E1,2.721160283676E0));
#3094=CARTESIAN_POINT('',(2.930577664752E1,-6.362201147689E1,1.281212912621E0));
#3095=CARTESIAN_POINT('',(2.842321334765E1,-6.379841248213E1,
-1.587344584331E-1));
#3096=CARTESIAN_POINT('',(3.076654654772E1,-6.170887119419E1,4.161107654730E0));
#3097=CARTESIAN_POINT('',(2.987349912547E1,-6.183038216306E1,2.721160283676E0));
#3098=CARTESIAN_POINT('',(2.898045170323E1,-6.195189313193E1,1.281212912621E0));
#3099=CARTESIAN_POINT('',(2.808740428099E1,-6.207340410080E1,
-1.587344584331E-1));
#3100=CARTESIAN_POINT('',(3.040312865160E1,-5.857829543508E1,4.161107654730E0));
#3101=CARTESIAN_POINT('',(2.950684094590E1,-5.865858786006E1,2.721160283676E0));
#3102=CARTESIAN_POINT('',(2.861055324020E1,-5.873888028503E1,1.281212912621E0));
#3103=CARTESIAN_POINT('',(2.771426553450E1,-5.881917271E1,-1.587344584331E-1));
#3104=CARTESIAN_POINT('',(2.996012743273E1,-5.257979495978E1,4.161107654730E0));
#3105=CARTESIAN_POINT('',(2.906106108683E1,-5.262623949615E1,2.721160283676E0));
#3106=CARTESIAN_POINT('',(2.816199474093E1,-5.267268403252E1,1.281212912621E0));
#3107=CARTESIAN_POINT('',(2.726292839503E1,-5.271912856889E1,
-1.587344584331E-1));
#3108=CARTESIAN_POINT('',(2.947313428099E1,-4.190060932085E1,4.161107654730E0));
#3109=CARTESIAN_POINT('',(2.857438873916E1,-4.194343076928E1,2.721160283675E0));
#3110=CARTESIAN_POINT('',(2.767564319732E1,-4.198625221771E1,1.281212912621E0));
#3111=CARTESIAN_POINT('',(2.677689765549E1,-4.202907366614E1,
-1.587344584331E-1));
#3112=CARTESIAN_POINT('',(2.856713375768E1,-2.660191799831E1,4.161107654730E0));
#3113=CARTESIAN_POINT('',(2.766890823977E1,-2.665918973261E1,2.721160283676E0));
#3114=CARTESIAN_POINT('',(2.677068272187E1,-2.671646146692E1,1.281212912621E0));
#3115=CARTESIAN_POINT('',(2.587245720397E1,-2.677373320122E1,
-1.587344584332E-1));
#3116=CARTESIAN_POINT('',(2.776887490878E1,-1.143530614751E1,4.161107654728E0));
#3117=CARTESIAN_POINT('',(2.686952203732E1,-1.147264711249E1,2.721160283675E0));
#3118=CARTESIAN_POINT('',(2.597016916586E1,-1.150998807748E1,1.281212912621E0));
#3119=CARTESIAN_POINT('',(2.507081629439E1,-1.154732904246E1,
-1.587344584331E-1));
#3120=CARTESIAN_POINT('',(2.756329846397E1,-2.367278249236E0,4.161107654731E0));
#3121=CARTESIAN_POINT('',(2.666349082530E1,-2.384252741593E0,2.721160283676E0));
#3122=CARTESIAN_POINT('',(2.576368318663E1,-2.401227233951E0,1.281212912622E0));
#3123=CARTESIAN_POINT('',(2.486387554796E1,-2.418201726309E0,
-1.587344584332E-1));
#3124=CARTESIAN_POINT('',(2.752914200658E1,6.305559379556E-1,4.161107654731E0));
#3125=CARTESIAN_POINT('',(2.662925728509E1,6.206022990347E-1,2.721160283676E0));
#3126=CARTESIAN_POINT('',(2.572937256360E1,6.106486601138E-1,1.281212912621E0));
#3127=CARTESIAN_POINT('',(2.482948784212E1,6.006950211929E-1,
-1.587344584332E-1));
#3128=B_SPLINE_SURFACE_WITH_KNOTS('',3,3,((#3088,#3089,#3090,#3091),(#3092,
#3093,#3094,#3095),(#3096,#3097,#3098,#3099),(#3100,#3101,#3102,#3103),(#3104,
#3105,#3106,#3107),(#3108,#3109,#3110,#3111),(#3112,#3113,#3114,#3115),(#3116,
#3117,#3118,#3119),(#3120,#3121,#3122,#3123),(#3124,#3125,#3126,#3127)),
.UNSPECIFIED.,.F.,.F.,.F.,(4,1,1,1,1,1,1,4),(4,4),(-8.584011016013E-3,0.E0,
6.25E-2,1.25E-1,2.5E-1,5.E-1,7.5E-1,8.734558128019E-1),(-4.027520601714E-2,
1.039639533980E0),.UNSPECIFIED.);
#3129=ORIENTED_EDGE('',*,*,#1842,.F.);
#3130=ORIENTED_EDGE('',*,*,#1811,.F.);
#3131=ORIENTED_EDGE('',*,*,#1705,.T.);
#3132=ORIENTED_EDGE('',*,*,#1622,.T.);
#3133=EDGE_LOOP('',(#3129,#3130,#3131,#3132));
#3134=FACE_OUTER_BOUND('',#3133,.F.);
#3135=ADVANCED_FACE('',(#3134),#3128,.F.);
#3136=CARTESIAN_POINT('',(-2.5E1,6.4E1,-1.E0));
#3137=DIRECTION('',(0.E0,0.E0,-1.E0));
#3138=DIRECTION('',(0.E0,-1.E0,0.E0));
#3139=AXIS2_PLACEMENT_3D('',#3136,#3137,#3138);
#3140=CYLINDRICAL_SURFACE('',#3139,2.5E0);
#3141=ORIENTED_EDGE('',*,*,#1652,.T.);
#3143=ORIENTED_EDGE('',*,*,#3142,.T.);
#3145=ORIENTED_EDGE('',*,*,#3144,.T.);
#3147=ORIENTED_EDGE('',*,*,#3146,.F.);
#3148=ORIENTED_EDGE('',*,*,#1626,.T.);
#3149=EDGE_LOOP('',(#3141,#3143,#3145,#3147,#3148));
#3150=FACE_OUTER_BOUND('',#3149,.F.);
#3151=ADVANCED_FACE('',(#3150),#3140,.T.);
#3152=CARTESIAN_POINT('',(-5.990713821139E2,-1.249183762910E-10,-1.E0));
#3153=DIRECTION('',(0.E0,0.E0,-1.E0));
#3154=DIRECTION('',(0.E0,-1.E0,0.E0));
#3155=AXIS2_PLACEMENT_3D('',#3152,#3153,#3154);
#3156=CYLINDRICAL_SURFACE('',#3155,5.751369395578E2);
#3157=ORIENTED_EDGE('',*,*,#1648,.T.);
#3159=ORIENTED_EDGE('',*,*,#3158,.T.);
#3161=ORIENTED_EDGE('',*,*,#3160,.T.);
#3162=ORIENTED_EDGE('',*,*,#3142,.F.);
#3163=ORIENTED_EDGE('',*,*,#1650,.T.);
#3164=EDGE_LOOP('',(#3157,#3159,#3161,#3162,#3163));
#3165=FACE_OUTER_BOUND('',#3164,.F.);
#3166=ADVANCED_FACE('',(#3165),#3156,.F.);
#3167=CARTESIAN_POINT('',(-2.5E1,-6.4E1,-1.E0));
#3168=DIRECTION('',(0.E0,0.E0,-1.E0));
#3169=DIRECTION('',(0.E0,-1.E0,0.E0));
#3170=AXIS2_PLACEMENT_3D('',#3167,#3168,#3169);
#3171=CYLINDRICAL_SURFACE('',#3170,2.5E0);
#3172=ORIENTED_EDGE('',*,*,#1644,.T.);
#3174=ORIENTED_EDGE('',*,*,#3173,.F.);
#3176=ORIENTED_EDGE('',*,*,#3175,.T.);
#3177=ORIENTED_EDGE('',*,*,#3158,.F.);
#3178=ORIENTED_EDGE('',*,*,#1646,.T.);
#3179=EDGE_LOOP('',(#3172,#3174,#3176,#3177,#3178));
#3180=FACE_OUTER_BOUND('',#3179,.F.);
#3181=ADVANCED_FACE('',(#3180),#3171,.T.);
#3182=CARTESIAN_POINT('',(-2.5E1,-6.649999007935E1,-1.E0));
#3183=DIRECTION('',(0.E0,-1.E0,0.E0));
#3184=DIRECTION('',(1.E0,0.E0,0.E0));
#3185=AXIS2_PLACEMENT_3D('',#3182,#3183,#3184);
#3186=PLANE('',#3185);
#3187=ORIENTED_EDGE('',*,*,#1642,.F.);
#3189=ORIENTED_EDGE('',*,*,#3188,.T.);
#3191=ORIENTED_EDGE('',*,*,#3190,.T.);
#3192=ORIENTED_EDGE('',*,*,#3173,.T.);
#3193=EDGE_LOOP('',(#3187,#3189,#3191,#3192));
#3194=FACE_OUTER_BOUND('',#3193,.F.);
#3195=ADVANCED_FACE('',(#3194),#3186,.T.);
#3196=CARTESIAN_POINT('',(2.5E1,-6.4E1,-1.E0));
#3197=DIRECTION('',(0.E0,0.E0,-1.E0));
#3198=DIRECTION('',(0.E0,-1.E0,0.E0));
#3199=AXIS2_PLACEMENT_3D('',#3196,#3197,#3198);
#3200=CYLINDRICAL_SURFACE('',#3199,2.5E0);
#3201=ORIENTED_EDGE('',*,*,#1638,.T.);
#3203=ORIENTED_EDGE('',*,*,#3202,.T.);
#3205=ORIENTED_EDGE('',*,*,#3204,.T.);
#3206=ORIENTED_EDGE('',*,*,#3188,.F.);
#3207=ORIENTED_EDGE('',*,*,#1640,.T.);
#3208=EDGE_LOOP('',(#3201,#3203,#3205,#3206,#3207));
#3209=FACE_OUTER_BOUND('',#3208,.F.);
#3210=ADVANCED_FACE('',(#3209),#3200,.T.);
#3211=CARTESIAN_POINT('',(5.990713821139E2,-1.249917389530E-10,-1.E0));
#3212=DIRECTION('',(0.E0,0.E0,-1.E0));
#3213=DIRECTION('',(0.E0,-1.E0,0.E0));
#3214=AXIS2_PLACEMENT_3D('',#3211,#3212,#3213);
#3215=CYLINDRICAL_SURFACE('',#3214,5.751369395578E2);
#3216=ORIENTED_EDGE('',*,*,#1634,.T.);
#3218=ORIENTED_EDGE('',*,*,#3217,.T.);
#3220=ORIENTED_EDGE('',*,*,#3219,.T.);
#3221=ORIENTED_EDGE('',*,*,#3202,.F.);
#3222=ORIENTED_EDGE('',*,*,#1636,.T.);
#3223=EDGE_LOOP('',(#3216,#3218,#3220,#3221,#3222));
#3224=FACE_OUTER_BOUND('',#3223,.F.);
#3225=ADVANCED_FACE('',(#3224),#3215,.F.);
#3226=CARTESIAN_POINT('',(2.5E1,6.4E1,-1.E0));
#3227=DIRECTION('',(0.E0,0.E0,-1.E0));
#3228=DIRECTION('',(0.E0,-1.E0,0.E0));
#3229=AXIS2_PLACEMENT_3D('',#3226,#3227,#3228);
#3230=CYLINDRICAL_SURFACE('',#3229,2.5E0);
#3231=ORIENTED_EDGE('',*,*,#1630,.T.);
#3233=ORIENTED_EDGE('',*,*,#3232,.F.);
#3235=ORIENTED_EDGE('',*,*,#3234,.T.);
#3236=ORIENTED_EDGE('',*,*,#3217,.F.);
#3237=ORIENTED_EDGE('',*,*,#1632,.T.);
#3238=EDGE_LOOP('',(#3231,#3233,#3235,#3236,#3237));
#3239=FACE_OUTER_BOUND('',#3238,.F.);
#3240=ADVANCED_FACE('',(#3239),#3230,.T.);
#3241=CARTESIAN_POINT('',(2.5E1,6.649999007935E1,-1.E0));
#3242=DIRECTION('',(0.E0,1.E0,0.E0));
#3243=DIRECTION('',(-1.E0,0.E0,0.E0));
#3244=AXIS2_PLACEMENT_3D('',#3241,#3242,#3243);
#3245=PLANE('',#3244);
#3246=ORIENTED_EDGE('',*,*,#1628,.F.);
#3247=ORIENTED_EDGE('',*,*,#3146,.T.);
#3249=ORIENTED_EDGE('',*,*,#3248,.T.);
#3250=ORIENTED_EDGE('',*,*,#3232,.T.);
#3251=EDGE_LOOP('',(#3246,#3247,#3249,#3250));
#3252=FACE_OUTER_BOUND('',#3251,.F.);
#3253=ADVANCED_FACE('',(#3252),#3245,.T.);
#3254=CARTESIAN_POINT('',(-2.5E1,6.4E1,-1.E0));
#3255=DIRECTION('',(0.E0,0.E0,1.E0));
#3256=DIRECTION('',(0.E0,-1.E0,0.E0));
#3257=AXIS2_PLACEMENT_3D('',#3254,#3255,#3256);
#3258=PLANE('',#3257);
#3259=ORIENTED_EDGE('',*,*,#3144,.F.);
#3260=ORIENTED_EDGE('',*,*,#3160,.F.);
#3261=ORIENTED_EDGE('',*,*,#3175,.F.);
#3262=ORIENTED_EDGE('',*,*,#3190,.F.);
#3263=ORIENTED_EDGE('',*,*,#3204,.F.);
#3264=ORIENTED_EDGE('',*,*,#3219,.F.);
#3265=ORIENTED_EDGE('',*,*,#3234,.F.);
#3266=ORIENTED_EDGE('',*,*,#3248,.F.);
#3267=EDGE_LOOP('',(#3259,#3260,#3261,#3262,#3263,#3264,#3265,#3266));
#3268=FACE_OUTER_BOUND('',#3267,.F.);
#3269=ADVANCED_FACE('',(#3268),#3258,.F.);
#3270=CLOSED_SHELL('',(#933,#951,#1006,#1028,#1259,#1490,#1512,#1529,#1547,
#1596,#1656,#1711,#1728,#1741,#1755,#1770,#1792,#1815,#1832,#1848,#1861,#1874,
#1897,#1912,#1934,#1947,#2107,#2268,#2498,#2728,#2888,#2902,#2915,#2927,#3087,
#3135,#3151,#3166,#3181,#3195,#3210,#3225,#3240,#3253,#3269));
#3271=MANIFOLD_SOLID_BREP('',#3270);
#3272=(LENGTH_UNIT()NAMED_UNIT(*)SI_UNIT(.MILLI.,.METRE.));
#3273=DIMENSIONAL_EXPONENTS(0.E0,0.E0,0.E0,0.E0,0.E0,0.E0,0.E0);
#3274=(NAMED_UNIT(*)PLANE_ANGLE_UNIT()SI_UNIT($,.RADIAN.));
#3275=PLANE_ANGLE_MEASURE_WITH_UNIT(PLANE_ANGLE_MEASURE(1.745329251994E-2),
#3274);
#3276=(CONVERSION_BASED_UNIT('DEGREE',#3275)NAMED_UNIT(#3273)PLANE_ANGLE_UNIT(
));
#3277=(NAMED_UNIT(*)SI_UNIT($,.STERADIAN.)SOLID_ANGLE_UNIT());
#3278=UNCERTAINTY_MEASURE_WITH_UNIT(LENGTH_MEASURE(1.559818105066E-2),#3272,
'closure',
'Maximum model space distance between geometric entities at asserted connectivities');
#3279=(GEOMETRIC_REPRESENTATION_CONTEXT(3)GLOBAL_UNCERTAINTY_ASSIGNED_CONTEXT((
#3278))GLOBAL_UNIT_ASSIGNED_CONTEXT((#3272,#3276,#3277))REPRESENTATION_CONTEXT(
'ID1','3'));
#3281=APPLICATION_CONTEXT(
'CONFIGURATION CONTROLLED 3D DESIGNS OF MECHANICAL PARTS AND ASSEMBLIES');
#3282=APPLICATION_PROTOCOL_DEFINITION('international standard',
'config_control_design',1994,#3281);
#3283=DESIGN_CONTEXT('',#3281,'design');
#3284=MECHANICAL_CONTEXT('',#3281,'mechanical');
#3285=PRODUCT('0066906','0066906','NOT SPECIFIED',(#3284));
#3286=PRODUCT_DEFINITION_FORMATION_WITH_SPECIFIED_SOURCE('','LAST_VERSION',
#3285,.MADE.);
#3290=PRODUCT_CATEGORY('part','');
#3291=PRODUCT_RELATED_PRODUCT_CATEGORY('detail','',(#3285));
#3292=PRODUCT_CATEGORY_RELATIONSHIP('','',#3290,#3291);
#3293=SECURITY_CLASSIFICATION_LEVEL('unclassified');
#3294=SECURITY_CLASSIFICATION('','',#3293);
#3295=CC_DESIGN_SECURITY_CLASSIFICATION(#3294,(#3286));
#3296=APPROVAL_STATUS('approved');
#3297=APPROVAL(#3296,'');
#3298=CC_DESIGN_APPROVAL(#3297,(#3294,#3286,#3287));
#3299=CALENDAR_DATE(115,24,3);
#3300=COORDINATED_UNIVERSAL_TIME_OFFSET(1,0,.AHEAD.);
#3301=LOCAL_TIME(16,21,6.E0,#3300);
#3302=DATE_AND_TIME(#3299,#3301);
#3303=APPROVAL_DATE_TIME(#3302,#3297);
#3304=DATE_TIME_ROLE('creation_date');
#3305=CC_DESIGN_DATE_AND_TIME_ASSIGNMENT(#3302,#3304,(#3287));
#3306=DATE_TIME_ROLE('classification_date');
#3307=CC_DESIGN_DATE_AND_TIME_ASSIGNMENT(#3302,#3306,(#3294));
#3308=PERSON('UNSPECIFIED','UNSPECIFIED',$,$,$,$);
#3309=ORGANIZATION('UNSPECIFIED','UNSPECIFIED','UNSPECIFIED');
#3310=PERSON_AND_ORGANIZATION(#3308,#3309);
#3311=APPROVAL_ROLE('approver');
#3312=APPROVAL_PERSON_ORGANIZATION(#3310,#3297,#3311);
#3313=PERSON_AND_ORGANIZATION_ROLE('creator');
#3314=CC_DESIGN_PERSON_AND_ORGANIZATION_ASSIGNMENT(#3310,#3313,(#3286,#3287));
#3315=PERSON_AND_ORGANIZATION_ROLE('design_supplier');
#3316=CC_DESIGN_PERSON_AND_ORGANIZATION_ASSIGNMENT(#3310,#3315,(#3286));
#3317=PERSON_AND_ORGANIZATION_ROLE('classification_officer');
#3318=CC_DESIGN_PERSON_AND_ORGANIZATION_ASSIGNMENT(#3310,#3317,(#3294));
#3319=PERSON_AND_ORGANIZATION_ROLE('design_owner');
#3320=CC_DESIGN_PERSON_AND_ORGANIZATION_ASSIGNMENT(#3310,#3319,(#3285));
#13=CIRCLE('',#12,6.E0);
#18=CIRCLE('',#17,6.E0);
#42=B_SPLINE_CURVE_WITH_KNOTS('',3,(#23,#24,#25,#26,#27,#28,#29,#30,#31,#32,#33,
#34,#35,#36,#37,#38,#39,#40,#41),.UNSPECIFIED.,.F.,.F.,(4,1,1,1,1,1,1,1,1,1,1,1,
1,1,1,1,4),(0.E0,6.25E-2,1.25E-1,1.875E-1,2.5E-1,3.125E-1,3.75E-1,4.375E-1,
5.E-1,5.625E-1,6.25E-1,6.875E-1,7.5E-1,8.125E-1,8.75E-1,9.375E-1,1.E0),
.UNSPECIFIED.);
#54=B_SPLINE_CURVE_WITH_KNOTS('',3,(#47,#48,#49,#50,#51,#52,#53),.UNSPECIFIED.,
.F.,.F.,(4,1,1,1,4),(0.E0,2.620415134253E-1,7.150705207763E-1,7.796935355906E-1,
1.E0),.UNSPECIFIED.);
#67=B_SPLINE_CURVE_WITH_KNOTS('',3,(#55,#56,#57,#58,#59,#60,#61,#62,#63,#64,#65,
#66),.UNSPECIFIED.,.F.,.F.,(4,1,1,1,1,1,1,1,1,4),(0.E0,1.111111111111E-1,
2.222222222222E-1,3.333333333333E-1,4.444444444444E-1,5.555555555556E-1,
6.666666666667E-1,7.777777777778E-1,8.888888888889E-1,1.E0),.UNSPECIFIED.);
#88=B_SPLINE_CURVE_WITH_KNOTS('',3,(#68,#69,#70,#71,#72,#73,#74,#75,#76,#77,#78,
#79,#80,#81,#82,#83,#84,#85,#86,#87),.UNSPECIFIED.,.F.,.F.,(4,1,1,1,1,1,1,1,1,1,
1,1,1,1,1,1,1,4),(0.E0,5.644654343765E-2,1.921672106006E-1,3.278878777636E-1,
4.636085449266E-1,5.993292120896E-1,6.671895456711E-1,7.011197124618E-1,
7.350498792526E-1,8.029102128341E-1,8.707705464156E-1,9.386308799970E-1,
9.725610467878E-1,9.895261301832E-1,9.980086718809E-1,9.990689895931E-1,
9.995991484492E-1,1.E0),.UNSPECIFIED.);
#101=B_SPLINE_CURVE_WITH_KNOTS('',3,(#89,#90,#91,#92,#93,#94,#95,#96,#97,#98,
#99,#100),.UNSPECIFIED.,.F.,.F.,(4,1,1,1,1,1,1,1,1,4),(0.E0,1.111111111111E-1,
2.222222222222E-1,3.333333333333E-1,4.444444444444E-1,5.555555555556E-1,
6.666666666667E-1,7.777777777778E-1,8.888888888889E-1,1.E0),.UNSPECIFIED.);
#114=B_SPLINE_CURVE_WITH_KNOTS('',3,(#102,#103,#104,#105,#106,#107,#108,#109,
#110,#111,#112,#113),.UNSPECIFIED.,.F.,.F.,(4,1,1,1,1,1,1,1,1,4),(0.E0,
1.111111111111E-1,2.222222222222E-1,3.333333333333E-1,4.444444444444E-1,
5.555555555556E-1,6.666666666667E-1,7.777777777778E-1,8.888888888889E-1,1.E0),
.UNSPECIFIED.);
#131=CIRCLE('',#130,6.E0);
#136=CIRCLE('',#135,6.E0);
#154=B_SPLINE_CURVE_WITH_KNOTS('',3,(#145,#146,#147,#148,#149,#150,#151,#152,
#153),.UNSPECIFIED.,.F.,.F.,(4,1,1,1,1,1,4),(0.E0,7.226790700027E-2,
1.445375748777E-1,2.890769106324E-1,5.781555821420E-1,8.672342536516E-1,1.E0),
.UNSPECIFIED.);
#168=B_SPLINE_CURVE_WITH_KNOTS('',3,(#159,#160,#161,#162,#163,#164,#165,#166,
#167),.UNSPECIFIED.,.F.,.F.,(4,1,1,1,1,1,4),(0.E0,1.311164928045E-1,
2.622329856089E-1,3.933494784134E-1,5.244659712178E-1,7.866989568268E-1,1.E0),
.UNSPECIFIED.);
#173=CIRCLE('',#172,3.5E0);
#178=CIRCLE('',#177,3.5E0);
#183=CIRCLE('',#182,3.5E0);
#188=CIRCLE('',#187,3.5E0);
#198=B_SPLINE_CURVE_WITH_KNOTS('',3,(#189,#190,#191,#192,#193,#194,#195,#196,
#197),.UNSPECIFIED.,.F.,.F.,(4,1,1,1,1,1,4),(0.E0,2.124994793097E-1,
4.749996528731E-1,6.062497396549E-1,7.374998264366E-1,8.687499132183E-1,1.E0),
.UNSPECIFIED.);
#215=B_SPLINE_CURVE_WITH_KNOTS('',3,(#199,#200,#201,#202,#203,#204,#205,#206,
#207,#208,#209,#210,#211,#212,#213,#214),.UNSPECIFIED.,.F.,.F.,(4,1,1,1,1,1,1,1,
1,1,1,1,1,4),(0.E0,7.692307692308E-2,1.538461538462E-1,2.307692307692E-1,
3.076923076923E-1,3.846153846154E-1,4.615384615385E-1,5.384615384615E-1,
6.153846153846E-1,6.923076923077E-1,7.692307692308E-1,8.461538461538E-1,
9.230769230769E-1,1.E0),.UNSPECIFIED.);
#220=CIRCLE('',#219,3.5E0);
#225=CIRCLE('',#224,3.5E0);
#230=CIRCLE('',#229,3.5E0);
#235=CIRCLE('',#234,3.5E0);
#245=B_SPLINE_CURVE_WITH_KNOTS('',3,(#236,#237,#238,#239,#240,#241,#242,#243,
#244),.UNSPECIFIED.,.F.,.F.,(4,1,1,1,1,1,4),(0.E0,1.327654788241E-1,
4.218436525494E-1,7.109218262747E-1,8.554609131374E-1,9.277304565687E-1,1.E0),
.UNSPECIFIED.);
#250=CIRCLE('',#249,2.5E0);
#255=CIRCLE('',#254,2.5E0);
#260=CIRCLE('',#259,2.5E0);
#265=CIRCLE('',#264,5.751369395578E2);
#270=CIRCLE('',#269,5.751369395578E2);
#275=CIRCLE('',#274,2.5E0);
#280=CIRCLE('',#279,2.5E0);
#285=CIRCLE('',#284,2.5E0);
#290=CIRCLE('',#289,2.5E0);
#295=CIRCLE('',#294,5.751369395578E2);
#300=CIRCLE('',#299,5.751369395578E2);
#305=CIRCLE('',#304,2.5E0);
#334=B_SPLINE_CURVE_WITH_KNOTS('',3,(#314,#315,#316,#317,#318,#319,#320,#321,
#322,#323,#324,#325,#326,#327,#328,#329,#330,#331,#332,#333),.UNSPECIFIED.,.F.,
.F.,(4,1,1,1,1,1,1,1,1,1,1,1,1,1,1,1,1,4),(0.E0,5.882352941176E-2,
1.176470588235E-1,1.764705882353E-1,2.352941176471E-1,2.941176470588E-1,
3.529411764706E-1,4.117647058824E-1,4.705882352941E-1,5.294117647059E-1,
5.882352941176E-1,6.470588235294E-1,7.058823529412E-1,7.647058823529E-1,
8.235294117647E-1,8.823529411765E-1,9.411764705882E-1,1.E0),.UNSPECIFIED.);
#343=CIRCLE('',#342,6.E0);
#348=CIRCLE('',#347,6.E0);
#380=B_SPLINE_CURVE_WITH_KNOTS('',3,(#373,#374,#375,#376,#377,#378,#379),
.UNSPECIFIED.,.F.,.F.,(4,1,1,1,4),(0.E0,2.620415132640E-1,7.150705207140E-1,
7.796935355425E-1,1.E0),.UNSPECIFIED.);
#393=CIRCLE('',#392,6.E0);
#398=CIRCLE('',#397,6.E0);
#425=B_SPLINE_CURVE_WITH_KNOTS('',3,(#407,#408,#409,#410,#411,#412,#413,#414,
#415,#416,#417,#418,#419,#420,#421,#422,#423,#424),.UNSPECIFIED.,.F.,.F.,(4,1,1,
1,1,1,1,1,1,1,1,1,1,1,1,4),(0.E0,6.666666666667E-2,1.333333333333E-1,2.E-1,
2.666666666667E-1,3.333333333333E-1,4.E-1,4.666666666667E-1,5.333333333333E-1,
6.E-1,6.666666666667E-1,7.333333333333E-1,8.E-1,8.666666666667E-1,
9.333333333333E-1,1.E0),.UNSPECIFIED.);
#442=B_SPLINE_CURVE_WITH_KNOTS('',3,(#430,#431,#432,#433,#434,#435,#436,#437,
#438,#439,#440,#441),.UNSPECIFIED.,.F.,.F.,(4,1,1,1,1,1,1,1,1,4),(0.E0,
1.111111111111E-1,2.222222222222E-1,3.333333333333E-1,4.444444444444E-1,
5.555555555556E-1,6.666666666667E-1,7.777777777778E-1,8.888888888889E-1,1.E0),
.UNSPECIFIED.);
#459=B_SPLINE_CURVE_WITH_KNOTS('',3,(#447,#448,#449,#450,#451,#452,#453,#454,
#455,#456,#457,#458),.UNSPECIFIED.,.F.,.F.,(4,1,1,1,1,1,1,1,1,4),(0.E0,
1.111111111111E-1,2.222222222222E-1,3.333333333333E-1,4.444444444444E-1,
5.555555555556E-1,6.666666666667E-1,7.777777777778E-1,8.888888888889E-1,1.E0),
.UNSPECIFIED.);
#468=CIRCLE('',#467,1.8E1);
#473=CIRCLE('',#472,1.8E1);
#494=B_SPLINE_CURVE_WITH_KNOTS('',3,(#482,#483,#484,#485,#486,#487,#488,#489,
#490,#491,#492,#493),.UNSPECIFIED.,.F.,.F.,(4,1,1,1,1,1,1,1,1,4),(0.E0,
1.111111111111E-1,2.222222222222E-1,3.333333333333E-1,4.444444444444E-1,
5.555555555556E-1,6.666666666667E-1,7.777777777778E-1,8.888888888889E-1,1.E0),
.UNSPECIFIED.);
#511=B_SPLINE_CURVE_WITH_KNOTS('',3,(#499,#500,#501,#502,#503,#504,#505,#506,
#507,#508,#509,#510),.UNSPECIFIED.,.F.,.F.,(4,1,1,1,1,1,1,1,1,4),(0.E0,
1.111111111111E-1,2.222222222222E-1,3.333333333333E-1,4.444444444444E-1,
5.555555555556E-1,6.666666666667E-1,7.777777777778E-1,8.888888888889E-1,1.E0),
.UNSPECIFIED.);
#534=B_SPLINE_CURVE_WITH_KNOTS('',3,(#516,#517,#518,#519,#520,#521,#522,#523,
#524,#525,#526,#527,#528,#529,#530,#531,#532,#533),.UNSPECIFIED.,.F.,.F.,(4,1,1,
1,1,1,1,1,1,1,1,1,1,1,1,4),(0.E0,6.666666666667E-2,1.333333333333E-1,2.E-1,
2.666666666667E-1,3.333333333333E-1,4.E-1,4.666666666667E-1,5.333333333333E-1,
6.E-1,6.666666666667E-1,7.333333333333E-1,8.E-1,8.666666666667E-1,
9.333333333333E-1,1.E0),.UNSPECIFIED.);
#547=B_SPLINE_CURVE_WITH_KNOTS('',3,(#535,#536,#537,#538,#539,#540,#541,#542,
#543,#544,#545,#546),.UNSPECIFIED.,.F.,.F.,(4,1,1,1,1,1,1,1,1,4),(0.E0,
7.619474460975E-2,2.484471668845E-1,4.206995891592E-1,5.929520114339E-1,
7.652044337086E-1,8.513306448460E-1,8.943937504147E-1,9.374568559834E-1,1.E0),
.UNSPECIFIED.);
#560=B_SPLINE_CURVE_WITH_KNOTS('',3,(#548,#549,#550,#551,#552,#553,#554,#555,
#556,#557,#558,#559),.UNSPECIFIED.,.F.,.F.,(4,1,1,1,1,1,1,1,1,4),(0.E0,
6.254314399658E-2,1.056062494860E-1,1.486693549755E-1,2.347955659544E-1,
4.070479879122E-1,5.793004098699E-1,7.515528318277E-1,9.238052537855E-1,1.E0),
.UNSPECIFIED.);
#565=CIRCLE('',#564,6.E0);
#570=CIRCLE('',#569,6.E0);
#583=B_SPLINE_CURVE_WITH_KNOTS('',3,(#571,#572,#573,#574,#575,#576,#577,#578,
#579,#580,#581,#582),.UNSPECIFIED.,.F.,.F.,(4,1,1,1,1,1,1,1,1,4),(0.E0,
1.111111111111E-1,2.222222222222E-1,3.333333333333E-1,4.444444444444E-1,
5.555555555556E-1,6.666666666667E-1,7.777777777778E-1,8.888888888889E-1,1.E0),
.UNSPECIFIED.);
#596=B_SPLINE_CURVE_WITH_KNOTS('',3,(#584,#585,#586,#587,#588,#589,#590,#591,
#592,#593,#594,#595),.UNSPECIFIED.,.F.,.F.,(4,1,1,1,1,1,1,1,1,4),(0.E0,
1.111111111111E-1,2.222222222222E-1,3.333333333333E-1,4.444444444444E-1,
5.555555555556E-1,6.666666666667E-1,7.777777777778E-1,8.888888888889E-1,1.E0),
.UNSPECIFIED.);
#617=B_SPLINE_CURVE_WITH_KNOTS('',3,(#597,#598,#599,#600,#601,#602,#603,#604,
#605,#606,#607,#608,#609,#610,#611,#612,#613,#614,#615,#616),.UNSPECIFIED.,.F.,
.F.,(4,1,1,1,1,1,1,1,1,1,1,1,1,1,1,1,1,4),(0.E0,5.644654343765E-2,
1.921672106006E-1,3.278878777636E-1,4.636085449266E-1,5.993292120896E-1,
6.671895456711E-1,7.011197124618E-1,7.350498792526E-1,8.029102128341E-1,
8.707705464156E-1,9.386308799970E-1,9.725610467878E-1,9.895261301832E-1,
9.980086718809E-1,9.990689895931E-1,9.995991484492E-1,1.E0),.UNSPECIFIED.);
#630=B_SPLINE_CURVE_WITH_KNOTS('',3,(#618,#619,#620,#621,#622,#623,#624,#625,
#626,#627,#628,#629),.UNSPECIFIED.,.F.,.F.,(4,1,1,1,1,1,1,1,1,4),(0.E0,
1.111111111111E-1,2.222222222222E-1,3.333333333333E-1,4.444444444444E-1,
5.555555555556E-1,6.666666666667E-1,7.777777777778E-1,8.888888888889E-1,1.E0),
.UNSPECIFIED.);
#635=CIRCLE('',#634,6.E0);
#652=B_SPLINE_CURVE_WITH_KNOTS('',3,(#640,#641,#642,#643,#644,#645,#646,#647,
#648,#649,#650,#651),.UNSPECIFIED.,.F.,.F.,(4,1,1,1,1,1,1,1,1,4),(0.E0,
7.619474460974E-2,2.484471668845E-1,4.206995891592E-1,5.929520114339E-1,
7.652044337086E-1,8.513306448460E-1,8.943937504147E-1,9.374568559834E-1,1.E0),
.UNSPECIFIED.);
#665=B_SPLINE_CURVE_WITH_KNOTS('',3,(#653,#654,#655,#656,#657,#658,#659,#660,
#661,#662,#663,#664),.UNSPECIFIED.,.F.,.F.,(4,1,1,1,1,1,1,1,1,4),(0.E0,
6.254314399658E-2,1.056062494860E-1,1.486693549755E-1,2.347955659544E-1,
4.070479879121E-1,5.793004098699E-1,7.515528318277E-1,9.238052537855E-1,1.E0),
.UNSPECIFIED.);
#670=CIRCLE('',#669,1.8E1);
#675=CIRCLE('',#674,1.8E1);
#688=CIRCLE('',#687,6.E0);
#702=B_SPLINE_CURVE_WITH_KNOTS('',3,(#693,#694,#695,#696,#697,#698,#699,#700,
#701),.UNSPECIFIED.,.F.,.F.,(4,1,1,1,1,1,4),(0.E0,1.327669462667E-1,
4.218446308445E-1,7.109223154222E-1,8.554611577111E-1,9.277305788556E-1,1.E0),
.UNSPECIFIED.);
#747=CIRCLE('',#746,2.5E0);
#752=CIRCLE('',#751,5.751369395578E2);
#757=CIRCLE('',#756,2.5E0);
#766=CIRCLE('',#765,2.5E0);
#771=CIRCLE('',#770,5.751369395578E2);
#776=CIRCLE('',#775,2.5E0);
#921=EDGE_CURVE('',#784,#786,#13,.T.);
#923=EDGE_CURVE('',#790,#786,#4,.T.);
#925=EDGE_CURVE('',#790,#788,#565,.T.);
#927=EDGE_CURVE('',#788,#783,#46,.T.);
#929=EDGE_CURVE('',#783,#784,#18,.T.);
#939=EDGE_CURVE('',#783,#823,#22,.T.);
#941=EDGE_CURVE('',#823,#827,#188,.T.);
#943=EDGE_CURVE('',#827,#825,#183,.T.);
#945=EDGE_CURVE('',#786,#825,#8,.T.);
#998=EDGE_CURVE('',#905,#783,#42,.T.);
#1000=EDGE_CURVE('',#905,#877,#144,.T.);
#1002=EDGE_CURVE('',#877,#823,#198,.T.);
#1016=B_SPLINE_CURVE_WITH_KNOTS('',3,(#1007,#1008,#1009,#1010,#1011,#1012,#1013,
#1014,#1015),.UNSPECIFIED.,.F.,.F.,(4,1,1,1,1,1,4),(0.E0,9.795997655727E-3,
2.657510599885E-1,7.082561473183E-1,7.713779614846E-1,9.865666794056E-1,1.E0),
.UNSPECIFIED.);
#1021=EDGE_CURVE('',#909,#788,#54,.T.);
#1023=EDGE_CURVE('',#909,#905,#118,.T.);
#1250=EDGE_CURVE('',#816,#909,#101,.T.);
#1253=EDGE_CURVE('',#815,#788,#67,.T.);
#1255=EDGE_CURVE('',#815,#816,#560,.T.);
#1481=EDGE_CURVE('',#909,#913,#88,.T.);
#1484=EDGE_CURVE('',#816,#817,#547,.T.);
#1486=EDGE_CURVE('',#913,#817,#114,.T.);
#1500=B_SPLINE_CURVE_WITH_KNOTS('',3,(#1491,#1492,#1493,#1494,#1495,#1496,#1497,
#1498,#1499),.UNSPECIFIED.,.F.,.F.,(4,1,1,1,1,1,4),(0.E0,9.795560583996E-3,
2.657510590899E-1,7.082561470923E-1,7.713779613545E-1,9.865666796024E-1,1.E0),
.UNSPECIFIED.);
#1506=EDGE_CURVE('',#907,#913,#122,.T.);
#1508=EDGE_CURVE('',#907,#905,#154,.T.);
#1518=EDGE_CURVE('',#911,#907,#131,.T.);
#1521=EDGE_CURVE('',#913,#881,#688,.T.);
#1523=EDGE_CURVE('',#879,#881,#126,.T.);
#1525=EDGE_CURVE('',#879,#911,#136,.T.);
#1535=EDGE_CURVE('',#876,#907,#158,.T.);
#1539=EDGE_CURVE('',#872,#879,#140,.T.);
#1541=EDGE_CURVE('',#872,#874,#225,.T.);
#1543=EDGE_CURVE('',#874,#876,#220,.T.);
#1592=EDGE_CURVE('',#876,#877,#215,.T.);
#1602=EDGE_CURVE('',#807,#870,#168,.T.);
#1604=EDGE_CURVE('',#809,#807,#173,.T.);
#1606=EDGE_CURVE('',#800,#809,#178,.T.);
#1608=EDGE_CURVE('',#800,#825,#352,.T.);
#1616=EDGE_CURVE('',#872,#831,#402,.T.);
#1618=EDGE_CURVE('',#835,#831,#230,.T.);
#1620=EDGE_CURVE('',#834,#835,#235,.T.);
#1622=EDGE_CURVE('',#870,#834,#245,.T.);
#1626=EDGE_CURVE('',#844,#845,#250,.T.);
#1628=EDGE_CURVE('',#844,#869,#742,.T.);
#1630=EDGE_CURVE('',#867,#869,#255,.T.);
#1632=EDGE_CURVE('',#865,#867,#260,.T.);
#1634=EDGE_CURVE('',#863,#865,#265,.T.);
#1636=EDGE_CURVE('',#861,#863,#270,.T.);
#1638=EDGE_CURVE('',#859,#861,#275,.T.);
#1640=EDGE_CURVE('',#857,#859,#280,.T.);
#1642=EDGE_CURVE('',#857,#855,#722,.T.);
#1644=EDGE_CURVE('',#853,#855,#285,.T.);
#1646=EDGE_CURVE('',#851,#853,#290,.T.);
#1648=EDGE_CURVE('',#849,#851,#295,.T.);
#1650=EDGE_CURVE('',#847,#849,#300,.T.);
#1652=EDGE_CURVE('',#845,#847,#305,.T.);
#1702=EDGE_CURVE('',#807,#805,#309,.T.);
#1705=EDGE_CURVE('',#908,#870,#313,.T.);
#1707=EDGE_CURVE('',#805,#908,#334,.T.);
#1717=EDGE_CURVE('',#800,#801,#338,.T.);
#1722=EDGE_CURVE('',#803,#805,#343,.T.);
#1724=EDGE_CURVE('',#801,#803,#348,.T.);
#1737=EDGE_CURVE('',#801,#786,#356,.T.);
#1748=EDGE_CURVE('',#801,#841,#360,.T.);
#1750=EDGE_CURVE('',#841,#790,#498,.T.);
#1762=EDGE_CURVE('',#805,#796,#368,.T.);
#1764=EDGE_CURVE('',#796,#841,#570,.T.);
#1780=B_SPLINE_CURVE_WITH_KNOTS('',3,(#1771,#1772,#1773,#1774,#1775,#1776,#1777,
#1778,#1779),.UNSPECIFIED.,.F.,.F.,(4,1,1,1,1,1,4),(0.E0,9.796800843806E-3,
2.657510616439E-1,7.082561477440E-1,7.713779617349E-1,9.865666790577E-1,1.E0),
.UNSPECIFIED.);
#1784=EDGE_CURVE('',#795,#908,#364,.T.);
#1786=EDGE_CURVE('',#795,#796,#617,.T.);
#1802=B_SPLINE_CURVE_WITH_KNOTS('',3,(#1793,#1794,#1795,#1796,#1797,#1798,#1799,
#1800,#1801),.UNSPECIFIED.,.F.,.F.,(4,1,1,1,1,1,4),(0.E0,9.795146720682E-3,
2.657510582363E-1,7.082561468712E-1,7.713779612236E-1,9.865666797793E-1,1.E0),
.UNSPECIFIED.);
#1806=EDGE_CURVE('',#792,#837,#372,.T.);
#1808=EDGE_CURVE('',#795,#792,#380,.T.);
#1811=EDGE_CURVE('',#908,#837,#702,.T.);
#1821=EDGE_CURVE('',#839,#830,#393,.T.);
#1823=EDGE_CURVE('',#793,#830,#384,.T.);
#1825=EDGE_CURVE('',#793,#792,#635,.T.);
#1828=EDGE_CURVE('',#837,#839,#398,.T.);
#1838=EDGE_CURVE('',#830,#831,#388,.T.);
#1842=EDGE_CURVE('',#837,#834,#692,.T.);
#1855=EDGE_CURVE('',#879,#830,#406,.T.);
#1869=EDGE_CURVE('',#881,#793,#446,.T.);
#1880=EDGE_CURVE('',#813,#897,#473,.T.);
#1882=EDGE_CURVE('',#903,#897,#425,.T.);
#1884=EDGE_CURVE('',#903,#821,#675,.T.);
#1886=EDGE_CURVE('',#791,#821,#429,.T.);
#1888=EDGE_CURVE('',#793,#791,#442,.T.);
#1891=EDGE_CURVE('',#817,#881,#459,.T.);
#1893=EDGE_CURVE('',#813,#817,#463,.T.);
#1903=EDGE_CURVE('',#895,#812,#468,.T.);
#1905=EDGE_CURVE('',#895,#897,#683,.T.);
#1908=EDGE_CURVE('',#812,#813,#477,.T.);
#1919=EDGE_CURVE('',#815,#812,#481,.T.);
#1921=EDGE_CURVE('',#790,#815,#494,.T.);
#1924=EDGE_CURVE('',#797,#841,#511,.T.);
#1926=EDGE_CURVE('',#820,#797,#515,.T.);
#1928=EDGE_CURVE('',#820,#901,#670,.T.);
#1930=EDGE_CURVE('',#895,#901,#534,.T.);
#2262=EDGE_CURVE('',#796,#797,#596,.T.);
#2490=EDGE_CURVE('',#794,#795,#583,.T.);
#2492=EDGE_CURVE('',#794,#797,#652,.T.);
#2721=EDGE_CURVE('',#791,#792,#630,.T.);
#2723=EDGE_CURVE('',#791,#794,#665,.T.);
#2894=EDGE_CURVE('',#820,#821,#639,.T.);
#2911=EDGE_CURVE('',#903,#901,#679,.T.);
#3142=EDGE_CURVE('',#847,#893,#710,.T.);
#3144=EDGE_CURVE('',#893,#891,#747,.T.);
#3146=EDGE_CURVE('',#844,#891,#706,.T.);
#3158=EDGE_CURVE('',#851,#887,#718,.T.);
#3160=EDGE_CURVE('',#887,#893,#752,.T.);
#3173=EDGE_CURVE('',#889,#855,#714,.T.);
#3175=EDGE_CURVE('',#889,#887,#757,.T.);
#3188=EDGE_CURVE('',#857,#899,#726,.T.);
#3190=EDGE_CURVE('',#899,#889,#761,.T.);
#3202=EDGE_CURVE('',#861,#915,#730,.T.);
#3204=EDGE_CURVE('',#915,#899,#766,.T.);
#3217=EDGE_CURVE('',#865,#883,#738,.T.);
#3219=EDGE_CURVE('',#883,#915,#771,.T.);
#3232=EDGE_CURVE('',#885,#869,#734,.T.);
#3234=EDGE_CURVE('',#885,#883,#776,.T.);
#3248=EDGE_CURVE('',#891,#885,#780,.T.);
#3280=ADVANCED_BREP_SHAPE_REPRESENTATION('',(#3271),#3279);
#3287=PRODUCT_DEFINITION('design','',#3286,#3283);
#3288=PRODUCT_DEFINITION_SHAPE('','SHAPE FOR 0066906.',#3287);
#3289=SHAPE_DEFINITION_REPRESENTATION(#3288,#3280);
ENDSEC;
END-ISO-10303-21;
