ISO-10303-21;
HEADER;
FILE_DESCRIPTION(('AMCAX'),'2;1');
FILE_NAME('AMCAX','',('Author'),(''),'NextCAX','NextCAX','Unknown');
FILE_SCHEMA(('AUTOMOTIVE_DESIGN'));
ENDSEC;
DATA;
/* BEGIN 10586 */
#10586=SHAPE_DEFINITION_REPRESENTATION(#10585,#17120);
|   #10585=PRODUCT_DEFINITION_SHAPE('','',#10584);
|   |   #10584=PRODUCT_DEFINITION('','',#10582,#10583);
|   |   |   #10582=PRODUCT_DEFINITION_FORMATION('','',#10581);
|   |   |   |   #10581=PRODUCT('倒角.3','倒角.3',$,(#10580));
|   |   |   |   |   #10580=PRODUCT_CONTEXT('',#1,'mechanical');
|   |   |   |   |   |   #1=APPLICATION_CONTEXT('core data for automotive mechanical design processes');
|   |   |   #10583=PRODUCT_DEFINITION_CONTEXT('',#1,'');
|   |   |   |   #1=APPLICATION_CONTEXT('core data for automotive mechanical design processes');

/* BEGIN 17120 */
#17120=ADVANCED_BREP_SHAPE_REPRESENTATION('',(#3,#17121),#17119);
|   #3=AXIS2_PLACEMENT_3D('',#4,#5,#6);
|   |   #4=CARTESIAN_POINT('',(0.0,0.0,0.0));
|   |   #5=DIRECTION('',(0.0,0.0,1.0));
|   |   #6=DIRECTION('',(1.0,0.0,0.0));
|   #17121=MANIFOLD_SOLID_BREP('',#17122);
|   |   #17122=CLOSED_SHELL('',(#17123,#17181,#17257,#17302,#17322,#17349,#17383,#17427,#17472,#17507,#17535,#17556,#17583,#17716,#17833,#17934,#17978,#18102,#18211,#18305,#18345,#18375,#18404,#18450,#18589,#18706,#18813,#18848,#18876,#18897,#19022,#19129,#19224,#19270,#19316,#19357,#19386,#19414,#19448,#19476,#19498,#19550,#19581,#19624,#19670,#19941,#20086,#20167));
|   |   |   #17123=ADVANCED_FACE('',(#17129),#17124,.T.);
|   |   |   |   #17129=FACE_OUTER_BOUND('',#17130,.T.);
|   |   |   |   |   #17130=EDGE_LOOP('',(#17131,#17141,#17150,#17157,#17158));
|   |   |   |   |   |   #17131=ORIENTED_EDGE('',*,*,#17132,.T.);
|   |   |   |   |   |   |   #17132=EDGE_CURVE('',#17133,#17135,#17137,.T.);
|   |   |   |   |   |   |   |   #17133=VERTEX_POINT('',#17134);
|   |   |   |   |   |   |   |   |   #17134=CARTESIAN_POINT('',(-5.24234044375192010,-1.68500000000000014E+01,-5.00562437572495997E-14));
|   |   |   |   |   |   |   |   #17135=VERTEX_POINT('',#17136);
|   |   |   |   |   |   |   |   |   #17136=CARTESIAN_POINT('',(-1.98346480173042005E+03,-1.68500000000000014E+01,-2.37346599955586995E-15));
|   |   |   |   |   |   |   |   #17137=LINE('',#17138,#17139);
|   |   |   |   |   |   |   |   |   #17138=CARTESIAN_POINT('',(-1.31058511014999990,-1.68500000000000014E+01,5.88314605595068065E-14));
|   |   |   |   |   |   |   |   |   #17139=VECTOR('',#17140,1.0);
|   |   |   |   |   |   |   |   |   |   #17140=DIRECTION('',(-1.0,0.0,0.0));
|   |   |   |   |   |   #17141=ORIENTED_EDGE('',*,*,#17142,.F.);
|   |   |   |   |   |   |   #17142=EDGE_CURVE('',#17143,#17135,#17145,.T.);
|   |   |   |   |   |   |   |   #17143=VERTEX_POINT('',#17144);
|   |   |   |   |   |   |   |   |   #17144=CARTESIAN_POINT('',(-1.98346480173085001E+03,1.63293962356492983E+01,-4.15611821044153995));
|   |   |   |   |   |   |   |   #17135=VERTEX_POINT('',#17136);
|   |   |   |   |   |   |   |   |   #17136=CARTESIAN_POINT('',(-1.98346480173042005E+03,-1.68500000000000014E+01,-2.37346599955586995E-15));
|   |   |   |   |   |   |   |   #17145=CIRCLE('',#17146,1.68500000000000014E+01);
|   |   |   |   |   |   |   |   |   #17146=AXIS2_PLACEMENT_3D('',#17147,#17148,#17149);
|   |   |   |   |   |   |   |   |   |   #17147=CARTESIAN_POINT('',(-1.98346480173085001E+03,0.0,2.25304985418362740E-25));
|   |   |   |   |   |   |   |   |   |   #17148=DIRECTION('',(-1.0,0.0,0.0));
|   |   |   |   |   |   |   |   |   |   #17149=DIRECTION('',(0.0,0.0,-1.0));
|   |   |   |   |   |   #17150=ORIENTED_EDGE('',*,*,#17151,.T.);
|   |   |   |   |   |   |   #17151=EDGE_CURVE('',#17143,#17135,#17152,.T.);
|   |   |   |   |   |   |   |   #17143=VERTEX_POINT('',#17144);
|   |   |   |   |   |   |   |   |   #17144=CARTESIAN_POINT('',(-1.98346480173085001E+03,1.63293962356492983E+01,-4.15611821044153995));
|   |   |   |   |   |   |   |   #17135=VERTEX_POINT('',#17136);
|   |   |   |   |   |   |   |   |   #17136=CARTESIAN_POINT('',(-1.98346480173042005E+03,-1.68500000000000014E+01,-2.37346599955586995E-15));
|   |   |   |   |   |   |   |   #17152=CIRCLE('',#17153,1.68500000000000014E+01);
|   |   |   |   |   |   |   |   |   #17153=AXIS2_PLACEMENT_3D('',#17154,#17155,#17156);
|   |   |   |   |   |   |   |   |   |   #17154=CARTESIAN_POINT('',(-1.98346480173085001E+03,0.0,2.25216632996977986E-25));
|   |   |   |   |   |   |   |   |   |   #17155=DIRECTION('',(1.0,-0.0,0.0));
|   |   |   |   |   |   |   |   |   |   #17156=DIRECTION('',(0.0,9.69103634163161032E-01,-2.46653899729467746E-01));
|   |   |   |   |   |   #17157=ORIENTED_EDGE('',*,*,#17132,.F.);
|   |   |   |   |   |   |   #17132=EDGE_CURVE('',#17133,#17135,#17137,.T.);
|   |   |   |   |   |   |   |   #17133=VERTEX_POINT('',#17134);
|   |   |   |   |   |   |   |   |   #17134=CARTESIAN_POINT('',(-5.24234044375192010,-1.68500000000000014E+01,-5.00562437572495997E-14));
|   |   |   |   |   |   |   |   #17135=VERTEX_POINT('',#17136);
|   |   |   |   |   |   |   |   |   #17136=CARTESIAN_POINT('',(-1.98346480173042005E+03,-1.68500000000000014E+01,-2.37346599955586995E-15));
|   |   |   |   |   |   |   |   #17137=LINE('',#17138,#17139);
|   |   |   |   |   |   |   |   |   #17138=CARTESIAN_POINT('',(-1.31058511014999990,-1.68500000000000014E+01,5.88314605595068065E-14));
|   |   |   |   |   |   |   |   |   #17139=VECTOR('',#17140,1.0);
|   |   |   |   |   |   |   |   |   |   #17140=DIRECTION('',(-1.0,0.0,0.0));
|   |   |   |   |   |   #17158=ORIENTED_EDGE('',*,*,#17159,.F.);
|   |   |   |   |   |   |   #17159=EDGE_CURVE('',#17133,#17133,#17160,.T.);
|   |   |   |   |   |   |   |   #17133=VERTEX_POINT('',#17134);
|   |   |   |   |   |   |   |   |   #17134=CARTESIAN_POINT('',(-5.24234044375192010,-1.68500000000000014E+01,-5.00562437572495997E-14));
|   |   |   |   |   |   |   |   #17133=VERTEX_POINT('',#17134);
|   |   |   |   |   |   |   |   |   #17134=CARTESIAN_POINT('',(-5.24234044375192010,-1.68500000000000014E+01,-5.00562437572495997E-14));
|   |   |   |   |   |   |   |   #17160=B_SPLINE_CURVE_WITH_KNOTS('',10,(#17161,#17162,#17163,#17164,#17165,#17166,#17167,#17168,#17169,#17170,#17171,#17172,#17173,#17174,#17175,#17176,#17177,#17178,#17179,#17180),.UNSPECIFIED.,.T.,.F.,(11,9,11),(2.09381841323908897E-15,5.29358362129880291E+01,1.05871672425976058E+02),.UNSPECIFIED.);
|   |   |   |   |   |   |   |   |   #17161=CARTESIAN_POINT('Ctrl Pnt',(-5.24234044375192276,-1.68500000000000014E+01,-5.00562437572495619E-14));
|   |   |   |   |   |   |   |   |   #17162=CARTESIAN_POINT('Ctrl Pnt',(-5.24234044397026278,-1.68500000000005841E+01,-5.21700820991527703));
|   |   |   |   |   |   |   |   |   #17163=CARTESIAN_POINT('Ctrl Pnt',(-5.24234044419005674,-1.50550069082066553E+01,-1.05131171552998914E+01));
|   |   |   |   |   |   |   |   |   #17164=CARTESIAN_POINT('Ctrl Pnt',(-5.24234044438919344,-1.13754944787683954E+01,-1.51453679465682853E+01));
|   |   |   |   |   |   |   |   |   #17165=CARTESIAN_POINT('Ctrl Pnt',(-5.24234044451315473,-6.10036213355467094,-1.83010515392889950E+01));
|   |   |   |   |   |   |   |   |   #17166=CARTESIAN_POINT('Ctrl Pnt',(-5.24234044457066695,4.35974680087269136E-03,-1.93762559179419824E+01));
|   |   |   |   |   |   |   |   |   #17167=CARTESIAN_POINT('Ctrl Pnt',(-5.24234044451438397,6.08623849212681645,-1.82752190559023191E+01));
|   |   |   |   |   |   |   |   |   #17168=CARTESIAN_POINT('Ctrl Pnt',(-5.24234044439324531,1.13075071807892122E+01,-1.51541055486756360E+01));
|   |   |   |   |   |   |   |   |   #17169=CARTESIAN_POINT('Ctrl Pnt',(-5.24234044419879996,1.50020237727156065E+01,-1.05873265295379255E+01));
|   |   |   |   |   |   |   |   |   #17170=CARTESIAN_POINT('Ctrl Pnt',(-5.24234044397918719,1.68499999999997385E+01,-5.29358362129911875));
|   |   |   |   |   |   |   |   |   #17171=CARTESIAN_POINT('Ctrl Pnt',(-5.24234044353662210,1.68500000000000618E+01,5.29358362129911075));
|   |   |   |   |   |   |   |   |   #17172=CARTESIAN_POINT('Ctrl Pnt',(-5.24234044331504023,1.50020237727142387E+01,1.05873265295395029E+01));
|   |   |   |   |   |   |   |   |   #17173=CARTESIAN_POINT('Ctrl Pnt',(-5.24234044312309511,1.13075071807919869E+01,1.51541055486716836E+01));
|   |   |   |   |   |   |   |   |   #17174=CARTESIAN_POINT('Ctrl Pnt',(-5.24234044299435631,6.08623849212124224,1.82752190559100036E+01));
|   |   |   |   |   |   |   |   |   #17175=CARTESIAN_POINT('Ctrl Pnt',(-5.24234044294111978,4.35974680865210563E-03,1.93762559179309868E+01));
|   |   |   |   |   |   |   |   |   #17176=CARTESIAN_POINT('Ctrl Pnt',(-5.24234044299316437,-6.10036213356261570,1.83010515393003068E+01));
|   |   |   |   |   |   |   |   |   #17177=CARTESIAN_POINT('Ctrl Pnt',(-5.24234044311741254,-1.13754944787629029E+01,1.51453679465600342E+01));
|   |   |   |   |   |   |   |   |   #17178=CARTESIAN_POINT('Ctrl Pnt',(-5.24234044331396021,-1.50550069082091351E+01,1.05131171553038474E+01));
|   |   |   |   |   |   |   |   |   #17179=CARTESIAN_POINT('Ctrl Pnt',(-5.24234044353388029,-1.68500000000000121E+01,5.21700820991429470));
|   |   |   |   |   |   |   |   |   #17180=CARTESIAN_POINT('Ctrl Pnt',(-5.24234044375190145,-1.68500000000000014E+01,-3.84462808581494209E-14));
|   |   |   |   #17124=CYLINDRICAL_SURFACE('',#17125,1.68500000000000014E+01);
|   |   |   |   |   #17125=AXIS2_PLACEMENT_3D('',#17126,#17127,#17128);
|   |   |   |   |   |   #17126=CARTESIAN_POINT('',(-1.31058511014999990,0.0,0.0));
|   |   |   |   |   |   #17127=DIRECTION('',(-1.0,0.0,0.0));
|   |   |   |   |   |   #17128=DIRECTION('',(0.0,0.0,-1.0));
|   |   |   #17181=ADVANCED_FACE('',(#17223),#17182,.T.);
|   |   |   |   #17223=FACE_OUTER_BOUND('',#17224,.T.);
|   |   |   |   |   #17224=EDGE_LOOP('',(#17225,#17232,#17233,#17234));
|   |   |   |   |   |   #17225=ORIENTED_EDGE('',*,*,#17226,.T.);
|   |   |   |   |   |   |   #17226=EDGE_CURVE('',#17227,#17133,#17229,.T.);
|   |   |   |   |   |   |   |   #17227=VERTEX_POINT('',#17228);
|   |   |   |   |   |   |   |   |   #17228=CARTESIAN_POINT('',(-1.31058511057169991,-1.45800000000000001E+01,-5.00571806227867013E-14));
|   |   |   |   |   |   |   |   #17133=VERTEX_POINT('',#17134);
|   |   |   |   |   |   |   |   |   #17134=CARTESIAN_POINT('',(-5.24234044375192010,-1.68500000000000014E+01,-5.00562437572495997E-14));
|   |   |   |   |   |   |   |   #17229=B_SPLINE_CURVE_WITH_KNOTS('',1,(#17230,#17231),.UNSPECIFIED.,.F.,.F.,(2,2),(0.0,1.05871672425976058E+02),.UNSPECIFIED.);
|   |   |   |   |   |   |   |   |   #17230=CARTESIAN_POINT('Ctrl Pnt',(-1.31058511057170257,-1.45799999999999983E+01,-4.97379915032070130E-14));
|   |   |   |   |   |   |   |   |   #17231=CARTESIAN_POINT('Ctrl Pnt',(-5.24234044375192276,-1.68500000000000014E+01,-4.97379915032070130E-14));
|   |   |   |   |   |   #17232=ORIENTED_EDGE('',*,*,#17159,.T.);
|   |   |   |   |   |   |   #17159=EDGE_CURVE('',#17133,#17133,#17160,.T.);
|   |   |   |   |   |   |   |   #17133=VERTEX_POINT('',#17134);
|   |   |   |   |   |   |   |   |   #17134=CARTESIAN_POINT('',(-5.24234044375192010,-1.68500000000000014E+01,-5.00562437572495997E-14));
|   |   |   |   |   |   |   |   #17133=VERTEX_POINT('',#17134);
|   |   |   |   |   |   |   |   |   #17134=CARTESIAN_POINT('',(-5.24234044375192010,-1.68500000000000014E+01,-5.00562437572495997E-14));
|   |   |   |   |   |   |   |   #17160=B_SPLINE_CURVE_WITH_KNOTS('',10,(#17161,#17162,#17163,#17164,#17165,#17166,#17167,#17168,#17169,#17170,#17171,#17172,#17173,#17174,#17175,#17176,#17177,#17178,#17179,#17180),.UNSPECIFIED.,.T.,.F.,(11,9,11),(2.09381841323908897E-15,5.29358362129880291E+01,1.05871672425976058E+02),.UNSPECIFIED.);
|   |   |   |   |   |   |   |   |   #17161=CARTESIAN_POINT('Ctrl Pnt',(-5.24234044375192276,-1.68500000000000014E+01,-5.00562437572495619E-14));
|   |   |   |   |   |   |   |   |   #17162=CARTESIAN_POINT('Ctrl Pnt',(-5.24234044397026278,-1.68500000000005841E+01,-5.21700820991527703));
|   |   |   |   |   |   |   |   |   #17163=CARTESIAN_POINT('Ctrl Pnt',(-5.24234044419005674,-1.50550069082066553E+01,-1.05131171552998914E+01));
|   |   |   |   |   |   |   |   |   #17164=CARTESIAN_POINT('Ctrl Pnt',(-5.24234044438919344,-1.13754944787683954E+01,-1.51453679465682853E+01));
|   |   |   |   |   |   |   |   |   #17165=CARTESIAN_POINT('Ctrl Pnt',(-5.24234044451315473,-6.10036213355467094,-1.83010515392889950E+01));
|   |   |   |   |   |   |   |   |   #17166=CARTESIAN_POINT('Ctrl Pnt',(-5.24234044457066695,4.35974680087269136E-03,-1.93762559179419824E+01));
|   |   |   |   |   |   |   |   |   #17167=CARTESIAN_POINT('Ctrl Pnt',(-5.24234044451438397,6.08623849212681645,-1.82752190559023191E+01));
|   |   |   |   |   |   |   |   |   #17168=CARTESIAN_POINT('Ctrl Pnt',(-5.24234044439324531,1.13075071807892122E+01,-1.51541055486756360E+01));
|   |   |   |   |   |   |   |   |   #17169=CARTESIAN_POINT('Ctrl Pnt',(-5.24234044419879996,1.50020237727156065E+01,-1.05873265295379255E+01));
|   |   |   |   |   |   |   |   |   #17170=CARTESIAN_POINT('Ctrl Pnt',(-5.24234044397918719,1.68499999999997385E+01,-5.29358362129911875));
|   |   |   |   |   |   |   |   |   #17171=CARTESIAN_POINT('Ctrl Pnt',(-5.24234044353662210,1.68500000000000618E+01,5.29358362129911075));
|   |   |   |   |   |   |   |   |   #17172=CARTESIAN_POINT('Ctrl Pnt',(-5.24234044331504023,1.50020237727142387E+01,1.05873265295395029E+01));
|   |   |   |   |   |   |   |   |   #17173=CARTESIAN_POINT('Ctrl Pnt',(-5.24234044312309511,1.13075071807919869E+01,1.51541055486716836E+01));
|   |   |   |   |   |   |   |   |   #17174=CARTESIAN_POINT('Ctrl Pnt',(-5.24234044299435631,6.08623849212124224,1.82752190559100036E+01));
|   |   |   |   |   |   |   |   |   #17175=CARTESIAN_POINT('Ctrl Pnt',(-5.24234044294111978,4.35974680865210563E-03,1.93762559179309868E+01));
|   |   |   |   |   |   |   |   |   #17176=CARTESIAN_POINT('Ctrl Pnt',(-5.24234044299316437,-6.10036213356261570,1.83010515393003068E+01));
|   |   |   |   |   |   |   |   |   #17177=CARTESIAN_POINT('Ctrl Pnt',(-5.24234044311741254,-1.13754944787629029E+01,1.51453679465600342E+01));
|   |   |   |   |   |   |   |   |   #17178=CARTESIAN_POINT('Ctrl Pnt',(-5.24234044331396021,-1.50550069082091351E+01,1.05131171553038474E+01));
|   |   |   |   |   |   |   |   |   #17179=CARTESIAN_POINT('Ctrl Pnt',(-5.24234044353388029,-1.68500000000000121E+01,5.21700820991429470));
|   |   |   |   |   |   |   |   |   #17180=CARTESIAN_POINT('Ctrl Pnt',(-5.24234044375190145,-1.68500000000000014E+01,-3.84462808581494209E-14));
|   |   |   |   |   |   #17233=ORIENTED_EDGE('',*,*,#17226,.F.);
|   |   |   |   |   |   |   #17226=EDGE_CURVE('',#17227,#17133,#17229,.T.);
|   |   |   |   |   |   |   |   #17227=VERTEX_POINT('',#17228);
|   |   |   |   |   |   |   |   |   #17228=CARTESIAN_POINT('',(-1.31058511057169991,-1.45800000000000001E+01,-5.00571806227867013E-14));
|   |   |   |   |   |   |   |   #17133=VERTEX_POINT('',#17134);
|   |   |   |   |   |   |   |   |   #17134=CARTESIAN_POINT('',(-5.24234044375192010,-1.68500000000000014E+01,-5.00562437572495997E-14));
|   |   |   |   |   |   |   |   #17229=B_SPLINE_CURVE_WITH_KNOTS('',1,(#17230,#17231),.UNSPECIFIED.,.F.,.F.,(2,2),(0.0,1.05871672425976058E+02),.UNSPECIFIED.);
|   |   |   |   |   |   |   |   |   #17230=CARTESIAN_POINT('Ctrl Pnt',(-1.31058511057170257,-1.45799999999999983E+01,-4.97379915032070130E-14));
|   |   |   |   |   |   |   |   |   #17231=CARTESIAN_POINT('Ctrl Pnt',(-5.24234044375192276,-1.68500000000000014E+01,-4.97379915032070130E-14));
|   |   |   |   |   |   #17234=ORIENTED_EDGE('',*,*,#17235,.F.);
|   |   |   |   |   |   |   #17235=EDGE_CURVE('',#17227,#17227,#17236,.T.);
|   |   |   |   |   |   |   |   #17227=VERTEX_POINT('',#17228);
|   |   |   |   |   |   |   |   |   #17228=CARTESIAN_POINT('',(-1.31058511057169991,-1.45800000000000001E+01,-5.00571806227867013E-14));
|   |   |   |   |   |   |   |   #17227=VERTEX_POINT('',#17228);
|   |   |   |   |   |   |   |   |   #17228=CARTESIAN_POINT('',(-1.31058511057169991,-1.45800000000000001E+01,-5.00571806227867013E-14));
|   |   |   |   |   |   |   |   #17236=B_SPLINE_CURVE_WITH_KNOTS('',10,(#17237,#17238,#17239,#17240,#17241,#17242,#17243,#17244,#17245,#17246,#17247,#17248,#17249,#17250,#17251,#17252,#17253,#17254,#17255,#17256),.UNSPECIFIED.,.T.,.F.,(11,9,11),(2.09381841323908897E-15,5.29358362129880291E+01,1.05871672425976058E+02),.UNSPECIFIED.);
|   |   |   |   |   |   |   |   |   #17237=CARTESIAN_POINT('Ctrl Pnt',(-1.31058511057170257,-1.45799999999999983E+01,-5.00571806227867455E-14));
|   |   |   |   |   |   |   |   |   #17238=CARTESIAN_POINT('Ctrl Pnt',(-1.31058511070610173,-1.45800000000003198E+01,-4.51418277154680414));
|   |   |   |   |   |   |   |   |   #17239=CARTESIAN_POINT('Ctrl Pnt',(-1.31058511084235052,-1.30268249686447053E+01,-9.09680997770193400));
|   |   |   |   |   |   |   |   |   #17240=CARTESIAN_POINT('Ctrl Pnt',(-1.31058511096278796,-9.84300946590059489,-1.31050127395225022E+01));
|   |   |   |   |   |   |   |   |   #17241=CARTESIAN_POINT('Ctrl Pnt',(-1.31058511104343633,-5.27853293218072395,-1.58355686316230759E+01));
|   |   |   |   |   |   |   |   |   #17242=CARTESIAN_POINT('Ctrl Pnt',(-1.31058511107310416,3.77240999217853161E-03,-1.67659235183133219E+01));
|   |   |   |   |   |   |   |   |   #17243=CARTESIAN_POINT('Ctrl Pnt',(-1.31058511104433073,5.26631200090224638,-1.58132162513392558E+01));
|   |   |   |   |   |   |   |   |   #17244=CARTESIAN_POINT('Ctrl Pnt',(-1.31058511096521446,9.78418128759118844,-1.31125732284679106E+01));
|   |   |   |   |   |   |   |   |   #17245=CARTESIAN_POINT('Ctrl Pnt',(-1.31058511084770535,1.29809796205453765E+01,-9.16102200597425664));
|   |   |   |   |   |   |   |   |   #17246=CARTESIAN_POINT('Ctrl Pnt',(-1.31058511071170258,1.45799999999998917E+01,-4.58044208893415039));
|   |   |   |   |   |   |   |   |   #17247=CARTESIAN_POINT('Ctrl Pnt',(-1.31058511043906378,1.45800000000000125E+01,4.58044208893417082));
|   |   |   |   |   |   |   |   |   #17248=CARTESIAN_POINT('Ctrl Pnt',(-1.31058511030258629,1.29809796205449146E+01,9.16102200597534733));
|   |   |   |   |   |   |   |   |   #17249=CARTESIAN_POINT('Ctrl Pnt',(-1.31058511018454116,9.78418128759176042,1.31125732284655587E+01));
|   |   |   |   |   |   |   |   |   #17250=CARTESIAN_POINT('Ctrl Pnt',(-1.31058511010365031,5.26631200090094342,1.58132162513439383E+01));
|   |   |   |   |   |   |   |   |   #17251=CARTESIAN_POINT('Ctrl Pnt',(-1.31058511007460154,3.77240999441655648E-03,1.67659235183065043E+01));
|   |   |   |   |   |   |   |   |   #17252=CARTESIAN_POINT('Ctrl Pnt',(-1.31058511010167322,-5.27853293218357145,1.58355686316307853E+01));
|   |   |   |   |   |   |   |   |   #17253=CARTESIAN_POINT('Ctrl Pnt',(-1.31058511018227719,-9.84300946589843839,1.31050127395165994E+01));
|   |   |   |   |   |   |   |   |   #17254=CARTESIAN_POINT('Ctrl Pnt',(-1.31058511030122116,-1.30268249686457960E+01,9.09680997770480460));
|   |   |   |   |   |   |   |   |   #17255=CARTESIAN_POINT('Ctrl Pnt',(-1.31058511043736114,-1.45799999999999486E+01,4.51418277154610958));
|   |   |   |   |   |   |   |   |   #17256=CARTESIAN_POINT('Ctrl Pnt',(-1.31058511057170257,-1.45800000000000143E+01,-3.37230243729891299E-14));
|   |   |   |   #17182=B_SPLINE_SURFACE_WITH_KNOTS('',1,10,((#17183,#17184,#17185,#17186,#17187,#17188,#17189,#17190,#17191,#17192,#17193,#17194,#17195,#17196,#17197,#17198,#17199,#17200,#17201,#17202),(#17203,#17204,#17205,#17206,#17207,#17208,#17209,#17210,#17211,#17212,#17213,#17214,#17215,#17216,#17217,#17218,#17219,#17220,#17221,#17222)),.UNSPECIFIED.,.F.,.T.,.F.,(2,2),(11,9,11),(0.0,1.05871672425976058E+02),(2.09381841323908897E-15,5.29358362129880291E+01,1.05871672425976058E+02),.UNSPECIFIED.);
|   |   |   |   |   #17183=CARTESIAN_POINT('Ctrl Pnt',(-1.31058511057170257,-1.45799999999999983E+01,-5.00571806227867455E-14));
|   |   |   |   |   #17184=CARTESIAN_POINT('Ctrl Pnt',(-1.31058511070610195,-1.45800000000003198E+01,-4.51418277154680414));
|   |   |   |   |   #17185=CARTESIAN_POINT('Ctrl Pnt',(-1.31058511084235052,-1.30268249686447053E+01,-9.09680997770193400));
|   |   |   |   |   #17186=CARTESIAN_POINT('Ctrl Pnt',(-1.31058511096278818,-9.84300946590059489,-1.31050127395225022E+01));
|   |   |   |   |   #17187=CARTESIAN_POINT('Ctrl Pnt',(-1.31058511104343633,-5.27853293218072395,-1.58355686316230759E+01));
|   |   |   |   |   #17188=CARTESIAN_POINT('Ctrl Pnt',(-1.31058511107310416,3.77240999217853161E-03,-1.67659235183133219E+01));
|   |   |   |   |   #17189=CARTESIAN_POINT('Ctrl Pnt',(-1.31058511104433073,5.26631200090224638,-1.58132162513392558E+01));
|   |   |   |   |   #17190=CARTESIAN_POINT('Ctrl Pnt',(-1.31058511096521468,9.78418128759118844,-1.31125732284679106E+01));
|   |   |   |   |   #17191=CARTESIAN_POINT('Ctrl Pnt',(-1.31058511084770535,1.29809796205453765E+01,-9.16102200597425664));
|   |   |   |   |   #17192=CARTESIAN_POINT('Ctrl Pnt',(-1.31058511071170236,1.45799999999998917E+01,-4.58044208893415039));
|   |   |   |   |   #17193=CARTESIAN_POINT('Ctrl Pnt',(-1.31058511043906356,1.45800000000000125E+01,4.58044208893417082));
|   |   |   |   |   #17194=CARTESIAN_POINT('Ctrl Pnt',(-1.31058511030258651,1.29809796205449146E+01,9.16102200597534733));
|   |   |   |   |   #17195=CARTESIAN_POINT('Ctrl Pnt',(-1.31058511018454138,9.78418128759176042,1.31125732284655587E+01));
|   |   |   |   |   #17196=CARTESIAN_POINT('Ctrl Pnt',(-1.31058511010365031,5.26631200090094342,1.58132162513439383E+01));
|   |   |   |   |   #17197=CARTESIAN_POINT('Ctrl Pnt',(-1.31058511007460177,3.77240999441655648E-03,1.67659235183065043E+01));
|   |   |   |   |   #17198=CARTESIAN_POINT('Ctrl Pnt',(-1.31058511010167322,-5.27853293218357145,1.58355686316307853E+01));
|   |   |   |   |   #17199=CARTESIAN_POINT('Ctrl Pnt',(-1.31058511018227719,-9.84300946589843839,1.31050127395165994E+01));
|   |   |   |   |   #17200=CARTESIAN_POINT('Ctrl Pnt',(-1.31058511030122093,-1.30268249686457960E+01,9.09680997770480460));
|   |   |   |   |   #17201=CARTESIAN_POINT('Ctrl Pnt',(-1.31058511043736092,-1.45799999999999486E+01,4.51418277154610958));
|   |   |   |   |   #17202=CARTESIAN_POINT('Ctrl Pnt',(-1.31058511057170257,-1.45800000000000143E+01,-3.37230243729891299E-14));
|   |   |   |   |   #17203=CARTESIAN_POINT('Ctrl Pnt',(-5.24234044375192276,-1.68500000000000014E+01,-5.00562437572495619E-14));
|   |   |   |   |   #17204=CARTESIAN_POINT('Ctrl Pnt',(-5.24234044397026278,-1.68500000000005841E+01,-5.21700820991527703));
|   |   |   |   |   #17205=CARTESIAN_POINT('Ctrl Pnt',(-5.24234044419005674,-1.50550069082066553E+01,-1.05131171552998914E+01));
|   |   |   |   |   #17206=CARTESIAN_POINT('Ctrl Pnt',(-5.24234044438919344,-1.13754944787683954E+01,-1.51453679465682853E+01));
|   |   |   |   |   #17207=CARTESIAN_POINT('Ctrl Pnt',(-5.24234044451315473,-6.10036213355467094,-1.83010515392889950E+01));
|   |   |   |   |   #17208=CARTESIAN_POINT('Ctrl Pnt',(-5.24234044457066695,4.35974680087269136E-03,-1.93762559179419824E+01));
|   |   |   |   |   #17209=CARTESIAN_POINT('Ctrl Pnt',(-5.24234044451438397,6.08623849212681645,-1.82752190559023191E+01));
|   |   |   |   |   #17210=CARTESIAN_POINT('Ctrl Pnt',(-5.24234044439324531,1.13075071807892122E+01,-1.51541055486756360E+01));
|   |   |   |   |   #17211=CARTESIAN_POINT('Ctrl Pnt',(-5.24234044419879996,1.50020237727156065E+01,-1.05873265295379255E+01));
|   |   |   |   |   #17212=CARTESIAN_POINT('Ctrl Pnt',(-5.24234044397918719,1.68499999999997385E+01,-5.29358362129911875));
|   |   |   |   |   #17213=CARTESIAN_POINT('Ctrl Pnt',(-5.24234044353662210,1.68500000000000618E+01,5.29358362129911075));
|   |   |   |   |   #17214=CARTESIAN_POINT('Ctrl Pnt',(-5.24234044331504023,1.50020237727142387E+01,1.05873265295395029E+01));
|   |   |   |   |   #17215=CARTESIAN_POINT('Ctrl Pnt',(-5.24234044312309511,1.13075071807919869E+01,1.51541055486716836E+01));
|   |   |   |   |   #17216=CARTESIAN_POINT('Ctrl Pnt',(-5.24234044299435631,6.08623849212124224,1.82752190559100036E+01));
|   |   |   |   |   #17217=CARTESIAN_POINT('Ctrl Pnt',(-5.24234044294111978,4.35974680865210563E-03,1.93762559179309868E+01));
|   |   |   |   |   #17218=CARTESIAN_POINT('Ctrl Pnt',(-5.24234044299316437,-6.10036213356261570,1.83010515393003068E+01));
|   |   |   |   |   #17219=CARTESIAN_POINT('Ctrl Pnt',(-5.24234044311741254,-1.13754944787629029E+01,1.51453679465600342E+01));
|   |   |   |   |   #17220=CARTESIAN_POINT('Ctrl Pnt',(-5.24234044331396021,-1.50550069082091351E+01,1.05131171553038474E+01));
|   |   |   |   |   #17221=CARTESIAN_POINT('Ctrl Pnt',(-5.24234044353388029,-1.68500000000000121E+01,5.21700820991429470));
|   |   |   |   |   #17222=CARTESIAN_POINT('Ctrl Pnt',(-5.24234044375190145,-1.68500000000000014E+01,-3.84462808581494209E-14));
|   |   |   #17257=ADVANCED_FACE('',(#17263),#17258,.T.);
|   |   |   |   #17263=FACE_OUTER_BOUND('',#17264,.T.);
|   |   |   |   |   #17264=EDGE_LOOP('',(#17265,#17266,#17267,#17276,#17285,#17294,#17301));
|   |   |   |   |   |   #17265=ORIENTED_EDGE('',*,*,#17142,.T.);
|   |   |   |   |   |   |   #17142=EDGE_CURVE('',#17143,#17135,#17145,.T.);
|   |   |   |   |   |   |   |   #17143=VERTEX_POINT('',#17144);
|   |   |   |   |   |   |   |   |   #17144=CARTESIAN_POINT('',(-1.98346480173085001E+03,1.63293962356492983E+01,-4.15611821044153995));
|   |   |   |   |   |   |   |   #17135=VERTEX_POINT('',#17136);
|   |   |   |   |   |   |   |   |   #17136=CARTESIAN_POINT('',(-1.98346480173042005E+03,-1.68500000000000014E+01,-2.37346599955586995E-15));
|   |   |   |   |   |   |   |   #17145=CIRCLE('',#17146,1.68500000000000014E+01);
|   |   |   |   |   |   |   |   |   #17146=AXIS2_PLACEMENT_3D('',#17147,#17148,#17149);
|   |   |   |   |   |   |   |   |   |   #17147=CARTESIAN_POINT('',(-1.98346480173085001E+03,0.0,2.25304985418362740E-25));
|   |   |   |   |   |   |   |   |   |   #17148=DIRECTION('',(-1.0,0.0,0.0));
|   |   |   |   |   |   |   |   |   |   #17149=DIRECTION('',(0.0,0.0,-1.0));
|   |   |   |   |   |   #17266=ORIENTED_EDGE('',*,*,#17151,.F.);
|   |   |   |   |   |   |   #17151=EDGE_CURVE('',#17143,#17135,#17152,.T.);
|   |   |   |   |   |   |   |   #17143=VERTEX_POINT('',#17144);
|   |   |   |   |   |   |   |   |   #17144=CARTESIAN_POINT('',(-1.98346480173085001E+03,1.63293962356492983E+01,-4.15611821044153995));
|   |   |   |   |   |   |   |   #17135=VERTEX_POINT('',#17136);
|   |   |   |   |   |   |   |   |   #17136=CARTESIAN_POINT('',(-1.98346480173042005E+03,-1.68500000000000014E+01,-2.37346599955586995E-15));
|   |   |   |   |   |   |   |   #17152=CIRCLE('',#17153,1.68500000000000014E+01);
|   |   |   |   |   |   |   |   |   #17153=AXIS2_PLACEMENT_3D('',#17154,#17155,#17156);
|   |   |   |   |   |   |   |   |   |   #17154=CARTESIAN_POINT('',(-1.98346480173085001E+03,0.0,2.25216632996977986E-25));
|   |   |   |   |   |   |   |   |   |   #17155=DIRECTION('',(1.0,-0.0,0.0));
|   |   |   |   |   |   |   |   |   |   #17156=DIRECTION('',(0.0,9.69103634163161032E-01,-2.46653899729467746E-01));
|   |   |   |   |   |   #17267=ORIENTED_EDGE('',*,*,#17268,.T.);
|   |   |   |   |   |   |   #17268=EDGE_CURVE('',#17143,#17269,#17271,.T.);
|   |   |   |   |   |   |   |   #17143=VERTEX_POINT('',#17144);
|   |   |   |   |   |   |   |   |   #17144=CARTESIAN_POINT('',(-1.98346480173085001E+03,1.63293962356492983E+01,-4.15611821044153995));
|   |   |   |   |   |   |   |   #17269=VERTEX_POINT('',#17270);
|   |   |   |   |   |   |   |   |   #17270=CARTESIAN_POINT('',(-2.01699294086228997E+03,1.63293962356492983E+01,1.38782607105128997));
|   |   |   |   |   |   |   |   #17271=CIRCLE('',#17272,1.04156118210580374E+02);
|   |   |   |   |   |   |   |   |   #17272=AXIS2_PLACEMENT_3D('',#17273,#17274,#17275);
|   |   |   |   |   |   |   |   |   |   #17273=CARTESIAN_POINT('',(-1.98346480173000009E+03,1.63293962356139275E+01,100.0));
|   |   |   |   |   |   |   |   |   |   #17274=DIRECTION('',(-0.0,1.0,0.0));
|   |   |   |   |   |   |   |   |   |   #17275=DIRECTION('',(8.49922798806801496E-12,0.0,1.0));
|   |   |   |   |   |   #17276=ORIENTED_EDGE('',*,*,#17277,.T.);
|   |   |   |   |   |   |   #17277=EDGE_CURVE('',#17269,#17278,#17280,.T.);
|   |   |   |   |   |   |   |   #17269=VERTEX_POINT('',#17270);
|   |   |   |   |   |   |   |   |   #17270=CARTESIAN_POINT('',(-2.01699294086228997E+03,1.63293962356492983E+01,1.38782607105128997));
|   |   |   |   |   |   |   |   #17278=VERTEX_POINT('',#17279);
|   |   |   |   |   |   |   |   |   #17279=CARTESIAN_POINT('',(-2.01565507502124001E+03,1.68500000000000014E+01,5.32272560276614026));
|   |   |   |   |   |   |   |   #17280=CIRCLE('',#17281,1.68500000000000014E+01);
|   |   |   |   |   |   |   |   |   #17281=AXIS2_PLACEMENT_3D('',#17282,#17283,#17284);
|   |   |   |   |   |   |   |   |   |   #17282=CARTESIAN_POINT('',(-2.01565507505084452E+03,0.0,5.32272551699995233));
|   |   |   |   |   |   |   |   |   |   #17283=DIRECTION('',(9.46772744830000512E-01,0.0,-3.21902733208444147E-01));
|   |   |   |   |   |   |   |   |   |   #17284=DIRECTION('',(-3.21902733208444147E-01,-0.0,-9.46772744830000512E-01));
|   |   |   |   |   |   #17285=ORIENTED_EDGE('',*,*,#17286,.T.);
|   |   |   |   |   |   |   #17286=EDGE_CURVE('',#17278,#17287,#17289,.T.);
|   |   |   |   |   |   |   |   #17278=VERTEX_POINT('',#17279);
|   |   |   |   |   |   |   |   |   #17279=CARTESIAN_POINT('',(-2.01565507502124001E+03,1.68500000000000014E+01,5.32272560276614026));
|   |   |   |   |   |   |   |   #17287=VERTEX_POINT('',#17288);
|   |   |   |   |   |   |   |   |   #17288=CARTESIAN_POINT('',(-2.01565507505044002E+03,-1.68500000000000014E+01,5.32272551686191964));
|   |   |   |   |   |   |   |   #17289=CIRCLE('',#17290,1.68500000000000014E+01);
|   |   |   |   |   |   |   |   |   #17290=AXIS2_PLACEMENT_3D('',#17291,#17292,#17293);
|   |   |   |   |   |   |   |   |   |   #17291=CARTESIAN_POINT('',(-2.01565507505003984E+03,0.0,5.32272551672635075));
|   |   |   |   |   |   |   |   |   |   #17292=DIRECTION('',(9.46772744832736435E-01,0.0,-3.21902733200397306E-01));
|   |   |   |   |   |   |   |   |   |   #17293=DIRECTION('',(-3.21902733200397306E-01,-0.0,-9.46772744832736435E-01));
|   |   |   |   |   |   #17294=ORIENTED_EDGE('',*,*,#17295,.T.);
|   |   |   |   |   |   |   #17295=EDGE_CURVE('',#17287,#17269,#17296,.T.);
|   |   |   |   |   |   |   |   #17287=VERTEX_POINT('',#17288);
|   |   |   |   |   |   |   |   |   #17288=CARTESIAN_POINT('',(-2.01565507505044002E+03,-1.68500000000000014E+01,5.32272551686191964));
|   |   |   |   |   |   |   |   #17269=VERTEX_POINT('',#17270);
|   |   |   |   |   |   |   |   |   #17270=CARTESIAN_POINT('',(-2.01699294086228997E+03,1.63293962356492983E+01,1.38782607105128997));
|   |   |   |   |   |   |   |   #17296=CIRCLE('',#17297,1.68500000000000014E+01);
|   |   |   |   |   |   |   |   |   #17297=AXIS2_PLACEMENT_3D('',#17298,#17299,#17300);
|   |   |   |   |   |   |   |   |   |   #17298=CARTESIAN_POINT('',(-2.01565507505084452E+03,0.0,5.32272551699995233));
|   |   |   |   |   |   |   |   |   |   #17299=DIRECTION('',(9.46772744830000512E-01,0.0,-3.21902733208444147E-01));
|   |   |   |   |   |   |   |   |   |   #17300=DIRECTION('',(-3.21902733208444147E-01,-0.0,-9.46772744830000512E-01));
|   |   |   |   |   |   #17301=ORIENTED_EDGE('',*,*,#17268,.F.);
|   |   |   |   |   |   |   #17268=EDGE_CURVE('',#17143,#17269,#17271,.T.);
|   |   |   |   |   |   |   |   #17143=VERTEX_POINT('',#17144);
|   |   |   |   |   |   |   |   |   #17144=CARTESIAN_POINT('',(-1.98346480173085001E+03,1.63293962356492983E+01,-4.15611821044153995));
|   |   |   |   |   |   |   |   #17269=VERTEX_POINT('',#17270);
|   |   |   |   |   |   |   |   |   #17270=CARTESIAN_POINT('',(-2.01699294086228997E+03,1.63293962356492983E+01,1.38782607105128997));
|   |   |   |   |   |   |   |   #17271=CIRCLE('',#17272,1.04156118210580374E+02);
|   |   |   |   |   |   |   |   |   #17272=AXIS2_PLACEMENT_3D('',#17273,#17274,#17275);
|   |   |   |   |   |   |   |   |   |   #17273=CARTESIAN_POINT('',(-1.98346480173000009E+03,1.63293962356139275E+01,100.0));
|   |   |   |   |   |   |   |   |   |   #17274=DIRECTION('',(-0.0,1.0,0.0));
|   |   |   |   |   |   |   |   |   |   #17275=DIRECTION('',(8.49922798806801496E-12,0.0,1.0));
|   |   |   |   #17258=TOROIDAL_SURFACE('',#17259,100.0,1.68500000000000014E+01);
|   |   |   |   |   #17259=AXIS2_PLACEMENT_3D('',#17260,#17261,#17262);
|   |   |   |   |   |   #17260=CARTESIAN_POINT('',(-1.98346480173000009E+03,0.0,100.0));
|   |   |   |   |   |   #17261=DIRECTION('',(-0.0,1.0,0.0));
|   |   |   |   |   |   #17262=DIRECTION('',(8.49922798806801496E-12,0.0,1.0));
|   |   |   #17302=ADVANCED_FACE('',(#17308,#17311),#17303,.T.);
|   |   |   |   #17308=FACE_OUTER_BOUND('',#17309,.T.);
|   |   |   |   |   #17309=EDGE_LOOP('',(#17310));
|   |   |   |   |   |   #17310=ORIENTED_EDGE('',*,*,#17235,.T.);
|   |   |   |   |   |   |   #17235=EDGE_CURVE('',#17227,#17227,#17236,.T.);
|   |   |   |   |   |   |   |   #17227=VERTEX_POINT('',#17228);
|   |   |   |   |   |   |   |   |   #17228=CARTESIAN_POINT('',(-1.31058511057169991,-1.45800000000000001E+01,-5.00571806227867013E-14));
|   |   |   |   |   |   |   |   #17227=VERTEX_POINT('',#17228);
|   |   |   |   |   |   |   |   |   #17228=CARTESIAN_POINT('',(-1.31058511057169991,-1.45800000000000001E+01,-5.00571806227867013E-14));
|   |   |   |   |   |   |   |   #17236=B_SPLINE_CURVE_WITH_KNOTS('',10,(#17237,#17238,#17239,#17240,#17241,#17242,#17243,#17244,#17245,#17246,#17247,#17248,#17249,#17250,#17251,#17252,#17253,#17254,#17255,#17256),.UNSPECIFIED.,.T.,.F.,(11,9,11),(2.09381841323908897E-15,5.29358362129880291E+01,1.05871672425976058E+02),.UNSPECIFIED.);
|   |   |   |   |   |   |   |   |   #17237=CARTESIAN_POINT('Ctrl Pnt',(-1.31058511057170257,-1.45799999999999983E+01,-5.00571806227867455E-14));
|   |   |   |   |   |   |   |   |   #17238=CARTESIAN_POINT('Ctrl Pnt',(-1.31058511070610173,-1.45800000000003198E+01,-4.51418277154680414));
|   |   |   |   |   |   |   |   |   #17239=CARTESIAN_POINT('Ctrl Pnt',(-1.31058511084235052,-1.30268249686447053E+01,-9.09680997770193400));
|   |   |   |   |   |   |   |   |   #17240=CARTESIAN_POINT('Ctrl Pnt',(-1.31058511096278796,-9.84300946590059489,-1.31050127395225022E+01));
|   |   |   |   |   |   |   |   |   #17241=CARTESIAN_POINT('Ctrl Pnt',(-1.31058511104343633,-5.27853293218072395,-1.58355686316230759E+01));
|   |   |   |   |   |   |   |   |   #17242=CARTESIAN_POINT('Ctrl Pnt',(-1.31058511107310416,3.77240999217853161E-03,-1.67659235183133219E+01));
|   |   |   |   |   |   |   |   |   #17243=CARTESIAN_POINT('Ctrl Pnt',(-1.31058511104433073,5.26631200090224638,-1.58132162513392558E+01));
|   |   |   |   |   |   |   |   |   #17244=CARTESIAN_POINT('Ctrl Pnt',(-1.31058511096521446,9.78418128759118844,-1.31125732284679106E+01));
|   |   |   |   |   |   |   |   |   #17245=CARTESIAN_POINT('Ctrl Pnt',(-1.31058511084770535,1.29809796205453765E+01,-9.16102200597425664));
|   |   |   |   |   |   |   |   |   #17246=CARTESIAN_POINT('Ctrl Pnt',(-1.31058511071170258,1.45799999999998917E+01,-4.58044208893415039));
|   |   |   |   |   |   |   |   |   #17247=CARTESIAN_POINT('Ctrl Pnt',(-1.31058511043906378,1.45800000000000125E+01,4.58044208893417082));
|   |   |   |   |   |   |   |   |   #17248=CARTESIAN_POINT('Ctrl Pnt',(-1.31058511030258629,1.29809796205449146E+01,9.16102200597534733));
|   |   |   |   |   |   |   |   |   #17249=CARTESIAN_POINT('Ctrl Pnt',(-1.31058511018454116,9.78418128759176042,1.31125732284655587E+01));
|   |   |   |   |   |   |   |   |   #17250=CARTESIAN_POINT('Ctrl Pnt',(-1.31058511010365031,5.26631200090094342,1.58132162513439383E+01));
|   |   |   |   |   |   |   |   |   #17251=CARTESIAN_POINT('Ctrl Pnt',(-1.31058511007460154,3.77240999441655648E-03,1.67659235183065043E+01));
|   |   |   |   |   |   |   |   |   #17252=CARTESIAN_POINT('Ctrl Pnt',(-1.31058511010167322,-5.27853293218357145,1.58355686316307853E+01));
|   |   |   |   |   |   |   |   |   #17253=CARTESIAN_POINT('Ctrl Pnt',(-1.31058511018227719,-9.84300946589843839,1.31050127395165994E+01));
|   |   |   |   |   |   |   |   |   #17254=CARTESIAN_POINT('Ctrl Pnt',(-1.31058511030122116,-1.30268249686457960E+01,9.09680997770480460));
|   |   |   |   |   |   |   |   |   #17255=CARTESIAN_POINT('Ctrl Pnt',(-1.31058511043736114,-1.45799999999999486E+01,4.51418277154610958));
|   |   |   |   |   |   |   |   |   #17256=CARTESIAN_POINT('Ctrl Pnt',(-1.31058511057170257,-1.45800000000000143E+01,-3.37230243729891299E-14));
|   |   |   |   #17311=FACE_BOUND('',#17312,.T.);
|   |   |   |   |   #17312=EDGE_LOOP('',(#17313));
|   |   |   |   |   |   #17313=ORIENTED_EDGE('',*,*,#17314,.T.);
|   |   |   |   |   |   |   #17314=EDGE_CURVE('',#17315,#17315,#17317,.T.);
|   |   |   |   |   |   |   |   #17315=VERTEX_POINT('',#17316);
|   |   |   |   |   |   |   |   |   #17316=CARTESIAN_POINT('',(-1.31058511057177007,-1.40800000000000001E+01,-3.83788077947329995E-14));
|   |   |   |   |   |   |   |   #17315=VERTEX_POINT('',#17316);
|   |   |   |   |   |   |   |   |   #17316=CARTESIAN_POINT('',(-1.31058511057177007,-1.40800000000000001E+01,-3.83788077947329995E-14));
|   |   |   |   |   |   |   |   #17317=CIRCLE('',#17318,1.40800000000000018E+01);
|   |   |   |   |   |   |   |   |   #17318=AXIS2_PLACEMENT_3D('',#17319,#17320,#17321);
|   |   |   |   |   |   |   |   |   |   #17319=CARTESIAN_POINT('',(-1.31058511057354132,0.0,0.0));
|   |   |   |   |   |   |   |   |   |   #17320=DIRECTION('',(-1.0,0.0,0.0));
|   |   |   |   |   |   |   |   |   |   #17321=DIRECTION('',(0.0,0.0,-1.0));
|   |   |   |   #17303=PLANE('',#17304);
|   |   |   |   |   #17304=AXIS2_PLACEMENT_3D('',#17305,#17306,#17307);
|   |   |   |   |   |   #17305=CARTESIAN_POINT('',(-1.31058511057716998,7.79401846413593086E-02,-1.21611307965691542E-01));
|   |   |   |   |   |   #17306=DIRECTION('',(1.0,1.26113761224370674E-13,-2.97581356881042080E-11));
|   |   |   |   |   |   #17307=DIRECTION('',(2.97581356881042080E-11,0.0,1.0));
|   |   |   #17322=ADVANCED_FACE('',(#17328),#17323,.T.);
|   |   |   |   #17328=FACE_OUTER_BOUND('',#17329,.T.);
|   |   |   |   |   #17329=EDGE_LOOP('',(#17330,#17331,#17332,#17333,#17341,#17348));
|   |   |   |   |   |   #17330=ORIENTED_EDGE('',*,*,#17286,.F.);
|   |   |   |   |   |   |   #17286=EDGE_CURVE('',#17278,#17287,#17289,.T.);
|   |   |   |   |   |   |   |   #17278=VERTEX_POINT('',#17279);
|   |   |   |   |   |   |   |   |   #17279=CARTESIAN_POINT('',(-2.01565507502124001E+03,1.68500000000000014E+01,5.32272560276614026));
|   |   |   |   |   |   |   |   #17287=VERTEX_POINT('',#17288);
|   |   |   |   |   |   |   |   |   #17288=CARTESIAN_POINT('',(-2.01565507505044002E+03,-1.68500000000000014E+01,5.32272551686191964));
|   |   |   |   |   |   |   |   #17289=CIRCLE('',#17290,1.68500000000000014E+01);
|   |   |   |   |   |   |   |   |   #17290=AXIS2_PLACEMENT_3D('',#17291,#17292,#17293);
|   |   |   |   |   |   |   |   |   |   #17291=CARTESIAN_POINT('',(-2.01565507505003984E+03,0.0,5.32272551672635075));
|   |   |   |   |   |   |   |   |   |   #17292=DIRECTION('',(9.46772744832736435E-01,0.0,-3.21902733200397306E-01));
|   |   |   |   |   |   |   |   |   |   #17293=DIRECTION('',(-3.21902733200397306E-01,-0.0,-9.46772744832736435E-01));
|   |   |   |   |   |   #17331=ORIENTED_EDGE('',*,*,#17277,.F.);
|   |   |   |   |   |   |   #17277=EDGE_CURVE('',#17269,#17278,#17280,.T.);
|   |   |   |   |   |   |   |   #17269=VERTEX_POINT('',#17270);
|   |   |   |   |   |   |   |   |   #17270=CARTESIAN_POINT('',(-2.01699294086228997E+03,1.63293962356492983E+01,1.38782607105128997));
|   |   |   |   |   |   |   |   #17278=VERTEX_POINT('',#17279);
|   |   |   |   |   |   |   |   |   #17279=CARTESIAN_POINT('',(-2.01565507502124001E+03,1.68500000000000014E+01,5.32272560276614026));
|   |   |   |   |   |   |   |   #17280=CIRCLE('',#17281,1.68500000000000014E+01);
|   |   |   |   |   |   |   |   |   #17281=AXIS2_PLACEMENT_3D('',#17282,#17283,#17284);
|   |   |   |   |   |   |   |   |   |   #17282=CARTESIAN_POINT('',(-2.01565507505084452E+03,0.0,5.32272551699995233));
|   |   |   |   |   |   |   |   |   |   #17283=DIRECTION('',(9.46772744830000512E-01,0.0,-3.21902733208444147E-01));
|   |   |   |   |   |   |   |   |   |   #17284=DIRECTION('',(-3.21902733208444147E-01,-0.0,-9.46772744830000512E-01));
|   |   |   |   |   |   #17332=ORIENTED_EDGE('',*,*,#17295,.F.);
|   |   |   |   |   |   |   #17295=EDGE_CURVE('',#17287,#17269,#17296,.T.);
|   |   |   |   |   |   |   |   #17287=VERTEX_POINT('',#17288);
|   |   |   |   |   |   |   |   |   #17288=CARTESIAN_POINT('',(-2.01565507505044002E+03,-1.68500000000000014E+01,5.32272551686191964));
|   |   |   |   |   |   |   |   #17269=VERTEX_POINT('',#17270);
|   |   |   |   |   |   |   |   |   #17270=CARTESIAN_POINT('',(-2.01699294086228997E+03,1.63293962356492983E+01,1.38782607105128997));
|   |   |   |   |   |   |   |   #17296=CIRCLE('',#17297,1.68500000000000014E+01);
|   |   |   |   |   |   |   |   |   #17297=AXIS2_PLACEMENT_3D('',#17298,#17299,#17300);
|   |   |   |   |   |   |   |   |   |   #17298=CARTESIAN_POINT('',(-2.01565507505084452E+03,0.0,5.32272551699995233));
|   |   |   |   |   |   |   |   |   |   #17299=DIRECTION('',(9.46772744830000512E-01,0.0,-3.21902733208444147E-01));
|   |   |   |   |   |   |   |   |   |   #17300=DIRECTION('',(-3.21902733208444147E-01,-0.0,-9.46772744830000512E-01));
|   |   |   |   |   |   #17333=ORIENTED_EDGE('',*,*,#17334,.T.);
|   |   |   |   |   |   |   #17334=EDGE_CURVE('',#17287,#17335,#17337,.T.);
|   |   |   |   |   |   |   |   #17287=VERTEX_POINT('',#17288);
|   |   |   |   |   |   |   |   |   #17288=CARTESIAN_POINT('',(-2.01565507505044002E+03,-1.68500000000000014E+01,5.32272551686191964));
|   |   |   |   |   |   |   |   #17335=VERTEX_POINT('',#17336);
|   |   |   |   |   |   |   |   |   #17336=CARTESIAN_POINT('',(-2.47651738742054022E+03,-1.68500000000000014E+01,1.62015911721713991E+02));
|   |   |   |   |   |   |   |   #17337=LINE('',#17338,#17339);
|   |   |   |   |   |   |   |   |   #17338=CARTESIAN_POINT('',(-2.01565507505004007E+03,-1.68500000000000014E+01,5.32272551672714656));
|   |   |   |   |   |   |   |   |   #17339=VECTOR('',#17340,1.0);
|   |   |   |   |   |   |   |   |   |   #17340=DIRECTION('',(-9.46772744820318146E-01,0.0,3.21902733236921645E-01));
|   |   |   |   |   |   #17341=ORIENTED_EDGE('',*,*,#17342,.T.);
|   |   |   |   |   |   |   #17342=EDGE_CURVE('',#17335,#17335,#17343,.T.);
|   |   |   |   |   |   |   |   #17335=VERTEX_POINT('',#17336);
|   |   |   |   |   |   |   |   |   #17336=CARTESIAN_POINT('',(-2.47651738742054022E+03,-1.68500000000000014E+01,1.62015911721713991E+02));
|   |   |   |   |   |   |   |   #17335=VERTEX_POINT('',#17336);
|   |   |   |   |   |   |   |   |   #17336=CARTESIAN_POINT('',(-2.47651738742054022E+03,-1.68500000000000014E+01,1.62015911721713991E+02));
|   |   |   |   |   |   |   |   #17343=CIRCLE('',#17344,1.68500000000000263E+01);
|   |   |   |   |   |   |   |   |   #17344=AXIS2_PLACEMENT_3D('',#17345,#17346,#17347);
|   |   |   |   |   |   |   |   |   |   #17345=CARTESIAN_POINT('',(-2.47651738742094085E+03,8.88178419700125232E-15,1.62015911721866530E+02));
|   |   |   |   |   |   |   |   |   |   #17346=DIRECTION('',(9.46772744820321921E-01,8.09314780425382650E-15,-3.21902733236910599E-01));
|   |   |   |   |   |   |   |   |   |   #17347=DIRECTION('',(5.09203098636429850E-15,-1.0,-1.01650322060961363E-14));
|   |   |   |   |   |   #17348=ORIENTED_EDGE('',*,*,#17334,.F.);
|   |   |   |   |   |   |   #17334=EDGE_CURVE('',#17287,#17335,#17337,.T.);
|   |   |   |   |   |   |   |   #17287=VERTEX_POINT('',#17288);
|   |   |   |   |   |   |   |   |   #17288=CARTESIAN_POINT('',(-2.01565507505044002E+03,-1.68500000000000014E+01,5.32272551686191964));
|   |   |   |   |   |   |   |   #17335=VERTEX_POINT('',#17336);
|   |   |   |   |   |   |   |   |   #17336=CARTESIAN_POINT('',(-2.47651738742054022E+03,-1.68500000000000014E+01,1.62015911721713991E+02));
|   |   |   |   |   |   |   |   #17337=LINE('',#17338,#17339);
|   |   |   |   |   |   |   |   |   #17338=CARTESIAN_POINT('',(-2.01565507505004007E+03,-1.68500000000000014E+01,5.32272551672714656));
|   |   |   |   |   |   |   |   |   #17339=VECTOR('',#17340,1.0);
|   |   |   |   |   |   |   |   |   |   #17340=DIRECTION('',(-9.46772744820318146E-01,0.0,3.21902733236921645E-01));
|   |   |   |   #17323=CYLINDRICAL_SURFACE('',#17324,1.68500000000000014E+01);
|   |   |   |   |   #17324=AXIS2_PLACEMENT_3D('',#17325,#17326,#17327);
|   |   |   |   |   |   #17325=CARTESIAN_POINT('',(-2.01565507505004007E+03,0.0,5.32272551672709060));
|   |   |   |   |   |   #17326=DIRECTION('',(-9.46772744820318146E-01,0.0,3.21902733236921645E-01));
|   |   |   |   |   |   #17327=DIRECTION('',(-3.21902733236921645E-01,0.0,-9.46772744820318146E-01));
|   |   |   #17349=ADVANCED_FACE('',(#17355),#17350,.F.);
|   |   |   |   #17355=FACE_OUTER_BOUND('',#17356,.F.);
|   |   |   |   |   #17356=EDGE_LOOP('',(#17357,#17358,#17366,#17375,#17382));
|   |   |   |   |   |   #17357=ORIENTED_EDGE('',*,*,#17314,.T.);
|   |   |   |   |   |   |   #17314=EDGE_CURVE('',#17315,#17315,#17317,.T.);
|   |   |   |   |   |   |   |   #17315=VERTEX_POINT('',#17316);
|   |   |   |   |   |   |   |   |   #17316=CARTESIAN_POINT('',(-1.31058511057177007,-1.40800000000000001E+01,-3.83788077947329995E-14));
|   |   |   |   |   |   |   |   #17315=VERTEX_POINT('',#17316);
|   |   |   |   |   |   |   |   |   #17316=CARTESIAN_POINT('',(-1.31058511057177007,-1.40800000000000001E+01,-3.83788077947329995E-14));
|   |   |   |   |   |   |   |   #17317=CIRCLE('',#17318,1.40800000000000018E+01);
|   |   |   |   |   |   |   |   |   #17318=AXIS2_PLACEMENT_3D('',#17319,#17320,#17321);
|   |   |   |   |   |   |   |   |   |   #17319=CARTESIAN_POINT('',(-1.31058511057354132,0.0,0.0));
|   |   |   |   |   |   |   |   |   |   #17320=DIRECTION('',(-1.0,0.0,0.0));
|   |   |   |   |   |   |   |   |   |   #17321=DIRECTION('',(0.0,0.0,-1.0));
|   |   |   |   |   |   #17358=ORIENTED_EDGE('',*,*,#17359,.T.);
|   |   |   |   |   |   |   #17359=EDGE_CURVE('',#17315,#17360,#17362,.T.);
|   |   |   |   |   |   |   |   #17315=VERTEX_POINT('',#17316);
|   |   |   |   |   |   |   |   |   #17316=CARTESIAN_POINT('',(-1.31058511057177007,-1.40800000000000001E+01,-3.83788077947329995E-14));
|   |   |   |   |   |   |   |   #17360=VERTEX_POINT('',#17361);
|   |   |   |   |   |   |   |   |   #17361=CARTESIAN_POINT('',(-1.98346480173000009E+03,-1.40800000000000001E+01,-4.18274131811320016E-14));
|   |   |   |   |   |   |   |   #17362=LINE('',#17363,#17364);
|   |   |   |   |   |   |   |   |   #17363=CARTESIAN_POINT('',(-1.31058511014999990,-1.40800000000000018E+01,-4.18274131811319764E-14));
|   |   |   |   |   |   |   |   |   #17364=VECTOR('',#17365,1.0);
|   |   |   |   |   |   |   |   |   |   #17365=DIRECTION('',(-1.0,0.0,0.0));
|   |   |   |   |   |   #17366=ORIENTED_EDGE('',*,*,#17367,.F.);
|   |   |   |   |   |   |   #17367=EDGE_CURVE('',#17368,#17360,#17370,.T.);
|   |   |   |   |   |   |   |   #17368=VERTEX_POINT('',#17369);
|   |   |   |   |   |   |   |   |   #17369=CARTESIAN_POINT('',(-1.98346480173000009E+03,1.36449791690173008E+01,-3.47288690819098012));
|   |   |   |   |   |   |   |   #17360=VERTEX_POINT('',#17361);
|   |   |   |   |   |   |   |   |   #17361=CARTESIAN_POINT('',(-1.98346480173000009E+03,-1.40800000000000001E+01,-4.18274131811320016E-14));
|   |   |   |   |   |   |   |   #17370=CIRCLE('',#17371,1.40800000000000018E+01);
|   |   |   |   |   |   |   |   |   #17371=AXIS2_PLACEMENT_3D('',#17372,#17373,#17374);
|   |   |   |   |   |   |   |   |   |   #17372=CARTESIAN_POINT('',(-1.98346480173084979E+03,0.0,0.0));
|   |   |   |   |   |   |   |   |   |   #17373=DIRECTION('',(-1.0,-0.0,8.49599689891915037E-12));
|   |   |   |   |   |   |   |   |   |   #17374=DIRECTION('',(-8.49599689891915037E-12,-8.49680462157105621E-12,-1.0));
|   |   |   |   |   |   #17375=ORIENTED_EDGE('',*,*,#17376,.T.);
|   |   |   |   |   |   |   #17376=EDGE_CURVE('',#17368,#17360,#17377,.T.);
|   |   |   |   |   |   |   |   #17368=VERTEX_POINT('',#17369);
|   |   |   |   |   |   |   |   |   #17369=CARTESIAN_POINT('',(-1.98346480173000009E+03,1.36449791690173008E+01,-3.47288690819098012));
|   |   |   |   |   |   |   |   #17360=VERTEX_POINT('',#17361);
|   |   |   |   |   |   |   |   |   #17361=CARTESIAN_POINT('',(-1.98346480173000009E+03,-1.40800000000000001E+01,-4.18274131811320016E-14));
|   |   |   |   |   |   |   |   #17377=CIRCLE('',#17378,1.40800000000000018E+01);
|   |   |   |   |   |   |   |   |   #17378=AXIS2_PLACEMENT_3D('',#17379,#17380,#17381);
|   |   |   |   |   |   |   |   |   |   #17379=CARTESIAN_POINT('',(-1.98346480173084979E+03,0.0,0.0));
|   |   |   |   |   |   |   |   |   |   #17380=DIRECTION('',(1.0,0.0,-8.49599689891915037E-12));
|   |   |   |   |   |   |   |   |   |   #17381=DIRECTION('',(-2.09557076727787535E-12,9.69103634161063932E-01,-2.46653899737707155E-01));
|   |   |   |   |   |   #17382=ORIENTED_EDGE('',*,*,#17359,.F.);
|   |   |   |   |   |   |   #17359=EDGE_CURVE('',#17315,#17360,#17362,.T.);
|   |   |   |   |   |   |   |   #17315=VERTEX_POINT('',#17316);
|   |   |   |   |   |   |   |   |   #17316=CARTESIAN_POINT('',(-1.31058511057177007,-1.40800000000000001E+01,-3.83788077947329995E-14));
|   |   |   |   |   |   |   |   #17360=VERTEX_POINT('',#17361);
|   |   |   |   |   |   |   |   |   #17361=CARTESIAN_POINT('',(-1.98346480173000009E+03,-1.40800000000000001E+01,-4.18274131811320016E-14));
|   |   |   |   |   |   |   |   #17362=LINE('',#17363,#17364);
|   |   |   |   |   |   |   |   |   #17363=CARTESIAN_POINT('',(-1.31058511014999990,-1.40800000000000018E+01,-4.18274131811319764E-14));
|   |   |   |   |   |   |   |   |   #17364=VECTOR('',#17365,1.0);
|   |   |   |   |   |   |   |   |   |   #17365=DIRECTION('',(-1.0,0.0,0.0));
|   |   |   |   #17350=CYLINDRICAL_SURFACE('',#17351,1.40800000000000018E+01);
|   |   |   |   |   #17351=AXIS2_PLACEMENT_3D('',#17352,#17353,#17354);
|   |   |   |   |   |   #17352=CARTESIAN_POINT('',(-1.31058511014999990,0.0,0.0));
|   |   |   |   |   |   #17353=DIRECTION('',(-1.0,0.0,0.0));
|   |   |   |   |   |   #17354=DIRECTION('',(0.0,0.0,-1.0));
|   |   |   #17383=ADVANCED_FACE('',(#17389),#17384,.T.);
|   |   |   |   #17389=FACE_OUTER_BOUND('',#17390,.T.);
|   |   |   |   |   #17390=EDGE_LOOP('',(#17391,#17392,#17401,#17410,#17419,#17426));
|   |   |   |   |   |   #17391=ORIENTED_EDGE('',*,*,#17342,.F.);
|   |   |   |   |   |   |   #17342=EDGE_CURVE('',#17335,#17335,#17343,.T.);
|   |   |   |   |   |   |   |   #17335=VERTEX_POINT('',#17336);
|   |   |   |   |   |   |   |   |   #17336=CARTESIAN_POINT('',(-2.47651738742054022E+03,-1.68500000000000014E+01,1.62015911721713991E+02));
|   |   |   |   |   |   |   |   #17335=VERTEX_POINT('',#17336);
|   |   |   |   |   |   |   |   |   #17336=CARTESIAN_POINT('',(-2.47651738742054022E+03,-1.68500000000000014E+01,1.62015911721713991E+02));
|   |   |   |   |   |   |   |   #17343=CIRCLE('',#17344,1.68500000000000263E+01);
|   |   |   |   |   |   |   |   |   #17344=AXIS2_PLACEMENT_3D('',#17345,#17346,#17347);
|   |   |   |   |   |   |   |   |   |   #17345=CARTESIAN_POINT('',(-2.47651738742094085E+03,8.88178419700125232E-15,1.62015911721866530E+02));
|   |   |   |   |   |   |   |   |   |   #17346=DIRECTION('',(9.46772744820321921E-01,8.09314780425382650E-15,-3.21902733236910599E-01));
|   |   |   |   |   |   |   |   |   |   #17347=DIRECTION('',(5.09203098636429850E-15,-1.0,-1.01650322060961363E-14));
|   |   |   |   |   |   #17392=ORIENTED_EDGE('',*,*,#17393,.T.);
|   |   |   |   |   |   |   #17393=EDGE_CURVE('',#17335,#17394,#17396,.T.);
|   |   |   |   |   |   |   |   #17335=VERTEX_POINT('',#17336);
|   |   |   |   |   |   |   |   |   #17336=CARTESIAN_POINT('',(-2.47651738742054022E+03,-1.68500000000000014E+01,1.62015911721713991E+02));
|   |   |   |   |   |   |   |   #17394=VERTEX_POINT('',#17395);
|   |   |   |   |   |   |   |   |   #17395=CARTESIAN_POINT('',(-2.52480279741042023E+03,-1.68500000000000014E+01,170.0));
|   |   |   |   |   |   |   |   #17396=CIRCLE('',#17397,1.49999999998837353E+02);
|   |   |   |   |   |   |   |   |   #17397=AXIS2_PLACEMENT_3D('',#17398,#17399,#17400);
|   |   |   |   |   |   |   |   |   |   #17398=CARTESIAN_POINT('',(-2.52480279741000004E+03,-1.68500000000000014E+01,20.0));
|   |   |   |   |   |   |   |   |   |   #17399=DIRECTION('',(0.0,-1.0,0.0));
|   |   |   |   |   |   |   |   |   |   #17400=DIRECTION('',(0.0,0.0,-1.0));
|   |   |   |   |   |   #17401=ORIENTED_EDGE('',*,*,#17402,.T.);
|   |   |   |   |   |   |   #17402=EDGE_CURVE('',#17394,#17403,#17405,.T.);
|   |   |   |   |   |   |   |   #17394=VERTEX_POINT('',#17395);
|   |   |   |   |   |   |   |   |   #17395=CARTESIAN_POINT('',(-2.52480279741042023E+03,-1.68500000000000014E+01,170.0));
|   |   |   |   |   |   |   |   #17403=VERTEX_POINT('',#17404);
|   |   |   |   |   |   |   |   |   #17404=CARTESIAN_POINT('',(-2.52480279741055983E+03,1.63293962356492983E+01,1.65843881789557997E+02));
|   |   |   |   |   |   |   |   #17405=CIRCLE('',#17406,1.68500000000000014E+01);
|   |   |   |   |   |   |   |   |   #17406=AXIS2_PLACEMENT_3D('',#17407,#17408,#17409);
|   |   |   |   |   |   |   |   |   |   #17407=CARTESIAN_POINT('',(-2.52480279741084951E+03,0.0,170.0));
|   |   |   |   |   |   |   |   |   |   #17408=DIRECTION('',(1.0,0.0,5.66292090289647791E-12));
|   |   |   |   |   |   |   |   |   |   #17409=DIRECTION('',(-5.66292090289647791E-12,0.0,1.0));
|   |   |   |   |   |   #17410=ORIENTED_EDGE('',*,*,#17411,.T.);
|   |   |   |   |   |   |   #17411=EDGE_CURVE('',#17403,#17412,#17414,.T.);
|   |   |   |   |   |   |   |   #17403=VERTEX_POINT('',#17404);
|   |   |   |   |   |   |   |   |   #17404=CARTESIAN_POINT('',(-2.52480279741055983E+03,1.63293962356492983E+01,1.65843881789557997E+02));
|   |   |   |   |   |   |   |   #17412=VERTEX_POINT('',#17413);
|   |   |   |   |   |   |   |   |   #17413=CARTESIAN_POINT('',(-2.52480279741042978E+03,1.68500000000000014E+01,1.70000000090731987E+02));
|   |   |   |   |   |   |   |   #17414=CIRCLE('',#17415,1.68500000000000014E+01);
|   |   |   |   |   |   |   |   |   #17415=AXIS2_PLACEMENT_3D('',#17416,#17417,#17418);
|   |   |   |   |   |   |   |   |   |   #17416=CARTESIAN_POINT('',(-2.52480279741084951E+03,0.0,170.0));
|   |   |   |   |   |   |   |   |   |   #17417=DIRECTION('',(1.0,0.0,5.66292090289647791E-12));
|   |   |   |   |   |   |   |   |   |   #17418=DIRECTION('',(-5.66292090289647791E-12,0.0,1.0));
|   |   |   |   |   |   #17419=ORIENTED_EDGE('',*,*,#17420,.T.);
|   |   |   |   |   |   |   #17420=EDGE_CURVE('',#17412,#17394,#17421,.T.);
|   |   |   |   |   |   |   |   #17412=VERTEX_POINT('',#17413);
|   |   |   |   |   |   |   |   |   #17413=CARTESIAN_POINT('',(-2.52480279741042978E+03,1.68500000000000014E+01,1.70000000090731987E+02));
|   |   |   |   |   |   |   |   #17394=VERTEX_POINT('',#17395);
|   |   |   |   |   |   |   |   |   #17395=CARTESIAN_POINT('',(-2.52480279741042023E+03,-1.68500000000000014E+01,170.0));
|   |   |   |   |   |   |   |   #17421=CIRCLE('',#17422,1.68500000000000014E+01);
|   |   |   |   |   |   |   |   |   #17422=AXIS2_PLACEMENT_3D('',#17423,#17424,#17425);
|   |   |   |   |   |   |   |   |   |   #17423=CARTESIAN_POINT('',(-2.52480279740999958E+03,0.0,170.0));
|   |   |   |   |   |   |   |   |   |   #17424=DIRECTION('',(1.0,0.0,-3.23108914886517346E-15));
|   |   |   |   |   |   |   |   |   |   #17425=DIRECTION('',(3.23108914886517346E-15,0.0,1.0));
|   |   |   |   |   |   #17426=ORIENTED_EDGE('',*,*,#17393,.F.);
|   |   |   |   |   |   |   #17393=EDGE_CURVE('',#17335,#17394,#17396,.T.);
|   |   |   |   |   |   |   |   #17335=VERTEX_POINT('',#17336);
|   |   |   |   |   |   |   |   |   #17336=CARTESIAN_POINT('',(-2.47651738742054022E+03,-1.68500000000000014E+01,1.62015911721713991E+02));
|   |   |   |   |   |   |   |   #17394=VERTEX_POINT('',#17395);
|   |   |   |   |   |   |   |   |   #17395=CARTESIAN_POINT('',(-2.52480279741042023E+03,-1.68500000000000014E+01,170.0));
|   |   |   |   |   |   |   |   #17396=CIRCLE('',#17397,1.49999999998837353E+02);
|   |   |   |   |   |   |   |   |   #17397=AXIS2_PLACEMENT_3D('',#17398,#17399,#17400);
|   |   |   |   |   |   |   |   |   |   #17398=CARTESIAN_POINT('',(-2.52480279741000004E+03,-1.68500000000000014E+01,20.0));
|   |   |   |   |   |   |   |   |   |   #17399=DIRECTION('',(0.0,-1.0,0.0));
|   |   |   |   |   |   |   |   |   |   #17400=DIRECTION('',(0.0,0.0,-1.0));
|   |   |   |   #17384=TOROIDAL_SURFACE('',#17385,150.0,1.68500000000000014E+01);
|   |   |   |   |   #17385=AXIS2_PLACEMENT_3D('',#17386,#17387,#17388);
|   |   |   |   |   |   #17386=CARTESIAN_POINT('',(-2.52480279741000004E+03,0.0,20.0));
|   |   |   |   |   |   #17387=DIRECTION('',(0.0,-1.0,0.0));
|   |   |   |   |   |   #17388=DIRECTION('',(5.66615199204534331E-12,0.0,-1.0));
|   |   |   #17427=ADVANCED_FACE('',(#17433),#17428,.F.);
|   |   |   |   #17433=FACE_OUTER_BOUND('',#17434,.F.);
|   |   |   |   |   #17434=EDGE_LOOP('',(#17435,#17436,#17437,#17446,#17455,#17464,#17471));
|   |   |   |   |   |   #17435=ORIENTED_EDGE('',*,*,#17367,.T.);
|   |   |   |   |   |   |   #17367=EDGE_CURVE('',#17368,#17360,#17370,.T.);
|   |   |   |   |   |   |   |   #17368=VERTEX_POINT('',#17369);
|   |   |   |   |   |   |   |   |   #17369=CARTESIAN_POINT('',(-1.98346480173000009E+03,1.36449791690173008E+01,-3.47288690819098012));
|   |   |   |   |   |   |   |   #17360=VERTEX_POINT('',#17361);
|   |   |   |   |   |   |   |   |   #17361=CARTESIAN_POINT('',(-1.98346480173000009E+03,-1.40800000000000001E+01,-4.18274131811320016E-14));
|   |   |   |   |   |   |   |   #17370=CIRCLE('',#17371,1.40800000000000018E+01);
|   |   |   |   |   |   |   |   |   #17371=AXIS2_PLACEMENT_3D('',#17372,#17373,#17374);
|   |   |   |   |   |   |   |   |   |   #17372=CARTESIAN_POINT('',(-1.98346480173084979E+03,0.0,0.0));
|   |   |   |   |   |   |   |   |   |   #17373=DIRECTION('',(-1.0,-0.0,8.49599689891915037E-12));
|   |   |   |   |   |   |   |   |   |   #17374=DIRECTION('',(-8.49599689891915037E-12,-8.49680462157105621E-12,-1.0));
|   |   |   |   |   |   #17436=ORIENTED_EDGE('',*,*,#17376,.F.);
|   |   |   |   |   |   |   #17376=EDGE_CURVE('',#17368,#17360,#17377,.T.);
|   |   |   |   |   |   |   |   #17368=VERTEX_POINT('',#17369);
|   |   |   |   |   |   |   |   |   #17369=CARTESIAN_POINT('',(-1.98346480173000009E+03,1.36449791690173008E+01,-3.47288690819098012));
|   |   |   |   |   |   |   |   #17360=VERTEX_POINT('',#17361);
|   |   |   |   |   |   |   |   |   #17361=CARTESIAN_POINT('',(-1.98346480173000009E+03,-1.40800000000000001E+01,-4.18274131811320016E-14));
|   |   |   |   |   |   |   |   #17377=CIRCLE('',#17378,1.40800000000000018E+01);
|   |   |   |   |   |   |   |   |   #17378=AXIS2_PLACEMENT_3D('',#17379,#17380,#17381);
|   |   |   |   |   |   |   |   |   |   #17379=CARTESIAN_POINT('',(-1.98346480173084979E+03,0.0,0.0));
|   |   |   |   |   |   |   |   |   |   #17380=DIRECTION('',(1.0,0.0,-8.49599689891915037E-12));
|   |   |   |   |   |   |   |   |   |   #17381=DIRECTION('',(-2.09557076727787535E-12,9.69103634161063932E-01,-2.46653899737707155E-01));
|   |   |   |   |   |   #17437=ORIENTED_EDGE('',*,*,#17438,.T.);
|   |   |   |   |   |   |   #17438=EDGE_CURVE('',#17368,#17439,#17441,.T.);
|   |   |   |   |   |   |   |   #17368=VERTEX_POINT('',#17369);
|   |   |   |   |   |   |   |   |   #17369=CARTESIAN_POINT('',(-1.98346480173000009E+03,1.36449791690173008E+01,-3.47288690819098012));
|   |   |   |   |   |   |   |   #17439=VERTEX_POINT('',#17440);
|   |   |   |   |   |   |   |   |   #17440=CARTESIAN_POINT('',(-2.01677300683800991E+03,1.36449791690173008E+01,2.03469084620857021));
|   |   |   |   |   |   |   |   #17441=CIRCLE('',#17442,1.03472886908306918E+02);
|   |   |   |   |   |   |   |   |   #17442=AXIS2_PLACEMENT_3D('',#17443,#17444,#17445);
|   |   |   |   |   |   |   |   |   |   #17443=CARTESIAN_POINT('',(-1.98346480173000009E+03,1.36449791689877813E+01,100.0));
|   |   |   |   |   |   |   |   |   |   #17444=DIRECTION('',(0.0,1.0,0.0));
|   |   |   |   |   |   |   |   |   |   #17445=DIRECTION('',(8.49922798806801496E-12,0.0,1.0));
|   |   |   |   |   |   #17446=ORIENTED_EDGE('',*,*,#17447,.T.);
|   |   |   |   |   |   |   #17447=EDGE_CURVE('',#17439,#17448,#17450,.T.);
|   |   |   |   |   |   |   |   #17439=VERTEX_POINT('',#17440);
|   |   |   |   |   |   |   |   |   #17440=CARTESIAN_POINT('',(-2.01677300683800991E+03,1.36449791690173008E+01,2.03469084620857021));
|   |   |   |   |   |   |   |   #17448=VERTEX_POINT('',#17449);
|   |   |   |   |   |   |   |   |   #17449=CARTESIAN_POINT('',(-2.01565507502562991E+03,1.40800000000000001E+01,5.32272558850803001));
|   |   |   |   |   |   |   |   #17450=CIRCLE('',#17451,1.40800000000000018E+01);
|   |   |   |   |   |   |   |   |   #17451=AXIS2_PLACEMENT_3D('',#17452,#17453,#17454);
|   |   |   |   |   |   |   |   |   |   #17452=CARTESIAN_POINT('',(-2.01565507505084452E+03,0.0,5.32272551699995233));
|   |   |   |   |   |   |   |   |   |   #17453=DIRECTION('',(9.46772744830000512E-01,0.0,-3.21902733208444147E-01));
|   |   |   |   |   |   |   |   |   |   #17454=DIRECTION('',(-3.21902733208444147E-01,0.0,-9.46772744830000512E-01));
|   |   |   |   |   |   #17455=ORIENTED_EDGE('',*,*,#17456,.T.);
|   |   |   |   |   |   |   #17456=EDGE_CURVE('',#17448,#17457,#17459,.T.);
|   |   |   |   |   |   |   |   #17448=VERTEX_POINT('',#17449);
|   |   |   |   |   |   |   |   |   #17449=CARTESIAN_POINT('',(-2.01565507502562991E+03,1.40800000000000001E+01,5.32272558850803001));
|   |   |   |   |   |   |   |   #17457=VERTEX_POINT('',#17458);
|   |   |   |   |   |   |   |   |   #17458=CARTESIAN_POINT('',(-2.01565507505004007E+03,-1.40800000000000001E+01,5.32272551672714034));
|   |   |   |   |   |   |   |   #17459=CIRCLE('',#17460,1.40800000000000018E+01);
|   |   |   |   |   |   |   |   |   #17460=AXIS2_PLACEMENT_3D('',#17461,#17462,#17463);
|   |   |   |   |   |   |   |   |   |   #17461=CARTESIAN_POINT('',(-2.01565507505084452E+03,0.0,5.32272551699995233));
|   |   |   |   |   |   |   |   |   |   #17462=DIRECTION('',(9.46772744830000512E-01,0.0,-3.21902733208444147E-01));
|   |   |   |   |   |   |   |   |   |   #17463=DIRECTION('',(-3.21902733208444147E-01,0.0,-9.46772744830000512E-01));
|   |   |   |   |   |   #17464=ORIENTED_EDGE('',*,*,#17465,.T.);
|   |   |   |   |   |   |   #17465=EDGE_CURVE('',#17457,#17439,#17466,.T.);
|   |   |   |   |   |   |   |   #17457=VERTEX_POINT('',#17458);
|   |   |   |   |   |   |   |   |   #17458=CARTESIAN_POINT('',(-2.01565507505004007E+03,-1.40800000000000001E+01,5.32272551672714034));
|   |   |   |   |   |   |   |   #17439=VERTEX_POINT('',#17440);
|   |   |   |   |   |   |   |   |   #17440=CARTESIAN_POINT('',(-2.01677300683800991E+03,1.36449791690173008E+01,2.03469084620857021));
|   |   |   |   |   |   |   |   #17466=CIRCLE('',#17467,1.40800000000000018E+01);
|   |   |   |   |   |   |   |   |   #17467=AXIS2_PLACEMENT_3D('',#17468,#17469,#17470);
|   |   |   |   |   |   |   |   |   |   #17468=CARTESIAN_POINT('',(-2.01565507505084452E+03,0.0,5.32272551699995233));
|   |   |   |   |   |   |   |   |   |   #17469=DIRECTION('',(9.46772744830000512E-01,0.0,-3.21902733208444147E-01));
|   |   |   |   |   |   |   |   |   |   #17470=DIRECTION('',(-3.21902733208444147E-01,0.0,-9.46772744830000512E-01));
|   |   |   |   |   |   #17471=ORIENTED_EDGE('',*,*,#17438,.F.);
|   |   |   |   |   |   |   #17438=EDGE_CURVE('',#17368,#17439,#17441,.T.);
|   |   |   |   |   |   |   |   #17368=VERTEX_POINT('',#17369);
|   |   |   |   |   |   |   |   |   #17369=CARTESIAN_POINT('',(-1.98346480173000009E+03,1.36449791690173008E+01,-3.47288690819098012));
|   |   |   |   |   |   |   |   #17439=VERTEX_POINT('',#17440);
|   |   |   |   |   |   |   |   |   #17440=CARTESIAN_POINT('',(-2.01677300683800991E+03,1.36449791690173008E+01,2.03469084620857021));
|   |   |   |   |   |   |   |   #17441=CIRCLE('',#17442,1.03472886908306918E+02);
|   |   |   |   |   |   |   |   |   #17442=AXIS2_PLACEMENT_3D('',#17443,#17444,#17445);
|   |   |   |   |   |   |   |   |   |   #17443=CARTESIAN_POINT('',(-1.98346480173000009E+03,1.36449791689877813E+01,100.0));
|   |   |   |   |   |   |   |   |   |   #17444=DIRECTION('',(0.0,1.0,0.0));
|   |   |   |   |   |   |   |   |   |   #17445=DIRECTION('',(8.49922798806801496E-12,0.0,1.0));
|   |   |   |   #17428=TOROIDAL_SURFACE('',#17429,100.0,1.40800000000000018E+01);
|   |   |   |   |   #17429=AXIS2_PLACEMENT_3D('',#17430,#17431,#17432);
|   |   |   |   |   |   #17430=CARTESIAN_POINT('',(-1.98346480173000009E+03,0.0,100.0));
|   |   |   |   |   |   #17431=DIRECTION('',(-0.0,1.0,0.0));
|   |   |   |   |   |   #17432=DIRECTION('',(8.49922798806801496E-12,0.0,1.0));
|   |   |   #17472=ADVANCED_FACE('',(#17481),#17478,.F.);
|   |   |   |   #17481=FACE_OUTER_BOUND('',#17482,.F.);
|   |   |   |   |   #17482=EDGE_LOOP('',(#17483,#17491,#17492,#17500));
|   |   |   |   |   |   #17483=ORIENTED_EDGE('',*,*,#17484,.F.);
|   |   |   |   |   |   |   #17484=EDGE_CURVE('',#17394,#17485,#17487,.T.);
|   |   |   |   |   |   |   |   #17394=VERTEX_POINT('',#17395);
|   |   |   |   |   |   |   |   |   #17395=CARTESIAN_POINT('',(-2.52480279741042023E+03,-1.68500000000000014E+01,170.0));
|   |   |   |   |   |   |   |   #17485=VERTEX_POINT('',#17486);
|   |   |   |   |   |   |   |   |   #17486=CARTESIAN_POINT('',(-5.26524040684042029E+03,-1.68500000000000014E+01,170.0));
|   |   |   |   |   |   |   |   #17487=LINE('',#17488,#17489);
|   |   |   |   |   |   |   |   |   #17488=CARTESIAN_POINT('',(-2.52480279741000004E+03,-1.68500000000000014E+01,1.70000000000000057E+02));
|   |   |   |   |   |   |   |   |   #17489=VECTOR('',#17490,1.0);
|   |   |   |   |   |   |   |   |   |   #17490=DIRECTION('',(-1.0,0.0,0.0));
|   |   |   |   |   |   #17491=ORIENTED_EDGE('',*,*,#17402,.T.);
|   |   |   |   |   |   |   #17402=EDGE_CURVE('',#17394,#17403,#17405,.T.);
|   |   |   |   |   |   |   |   #17394=VERTEX_POINT('',#17395);
|   |   |   |   |   |   |   |   |   #17395=CARTESIAN_POINT('',(-2.52480279741042023E+03,-1.68500000000000014E+01,170.0));
|   |   |   |   |   |   |   |   #17403=VERTEX_POINT('',#17404);
|   |   |   |   |   |   |   |   |   #17404=CARTESIAN_POINT('',(-2.52480279741055983E+03,1.63293962356492983E+01,1.65843881789557997E+02));
|   |   |   |   |   |   |   |   #17405=CIRCLE('',#17406,1.68500000000000014E+01);
|   |   |   |   |   |   |   |   |   #17406=AXIS2_PLACEMENT_3D('',#17407,#17408,#17409);
|   |   |   |   |   |   |   |   |   |   #17407=CARTESIAN_POINT('',(-2.52480279741084951E+03,0.0,170.0));
|   |   |   |   |   |   |   |   |   |   #17408=DIRECTION('',(1.0,0.0,5.66292090289647791E-12));
|   |   |   |   |   |   |   |   |   |   #17409=DIRECTION('',(-5.66292090289647791E-12,0.0,1.0));
|   |   |   |   |   |   #17492=ORIENTED_EDGE('',*,*,#17493,.T.);
|   |   |   |   |   |   |   #17493=EDGE_CURVE('',#17403,#17494,#17496,.T.);
|   |   |   |   |   |   |   |   #17403=VERTEX_POINT('',#17404);
|   |   |   |   |   |   |   |   |   #17404=CARTESIAN_POINT('',(-2.52480279741055983E+03,1.63293962356492983E+01,1.65843881789557997E+02));
|   |   |   |   |   |   |   |   #17494=VERTEX_POINT('',#17495);
|   |   |   |   |   |   |   |   |   #17495=CARTESIAN_POINT('',(-5.26524040684056035E+03,1.63293962356492983E+01,1.65843881789557997E+02));
|   |   |   |   |   |   |   |   #17496=LINE('',#17497,#17498);
|   |   |   |   |   |   |   |   |   #17497=CARTESIAN_POINT('',(-2.52480279741056302E+03,1.63293962356492379E+01,1.65843881789558367E+02));
|   |   |   |   |   |   |   |   |   #17498=VECTOR('',#17499,1.0);
|   |   |   |   |   |   |   |   |   |   #17499=DIRECTION('',(-1.0,0.0,0.0));
|   |   |   |   |   |   #17500=ORIENTED_EDGE('',*,*,#17501,.F.);
|   |   |   |   |   |   |   #17501=EDGE_CURVE('',#17485,#17494,#17502,.T.);
|   |   |   |   |   |   |   |   #17485=VERTEX_POINT('',#17486);
|   |   |   |   |   |   |   |   |   #17486=CARTESIAN_POINT('',(-5.26524040684042029E+03,-1.68500000000000014E+01,170.0));
|   |   |   |   |   |   |   |   #17494=VERTEX_POINT('',#17495);
|   |   |   |   |   |   |   |   |   #17495=CARTESIAN_POINT('',(-5.26524040684056035E+03,1.63293962356492983E+01,1.65843881789557997E+02));
|   |   |   |   |   |   |   |   #17502=CIRCLE('',#17503,1.68500000000000014E+01);
|   |   |   |   |   |   |   |   |   #17503=AXIS2_PLACEMENT_3D('',#17504,#17505,#17506);
|   |   |   |   |   |   |   |   |   |   #17504=CARTESIAN_POINT('',(-5.26524040684085048E+03,0.0,170.0));
|   |   |   |   |   |   |   |   |   |   #17505=DIRECTION('',(1.0,-0.0,6.90000164711686333E-11));
|   |   |   |   |   |   |   |   |   |   #17506=DIRECTION('',(6.90000164711686333E-11,0.0,-1.0));
|   |   |   |   #17478=SURFACE_OF_LINEAR_EXTRUSION('',#17473,#17479);
|   |   |   |   |   #17473=CIRCLE('',#17474,1.68500000000000014E+01);
|   |   |   |   |   |   #17474=AXIS2_PLACEMENT_3D('',#17475,#17476,#17477);
|   |   |   |   |   |   |   #17475=CARTESIAN_POINT('',(-2.52480279741084996E+03,0.0,170.0));
|   |   |   |   |   |   |   #17476=DIRECTION('',(1.0,-0.0,6.90000164711686333E-11));
|   |   |   |   |   |   |   #17477=DIRECTION('',(6.90000164711686333E-11,0.0,-1.0));
|   |   |   |   |   #17479=VECTOR('',#17480,1.0);
|   |   |   |   |   |   #17480=DIRECTION('',(-1.0,0.0,0.0));
|   |   |   #17507=ADVANCED_FACE('',(#17516),#17513,.F.);
|   |   |   |   #17516=FACE_OUTER_BOUND('',#17517,.F.);
|   |   |   |   |   #17517=EDGE_LOOP('',(#17518,#17519,#17520,#17528));
|   |   |   |   |   |   #17518=ORIENTED_EDGE('',*,*,#17493,.F.);
|   |   |   |   |   |   |   #17493=EDGE_CURVE('',#17403,#17494,#17496,.T.);
|   |   |   |   |   |   |   |   #17403=VERTEX_POINT('',#17404);
|   |   |   |   |   |   |   |   |   #17404=CARTESIAN_POINT('',(-2.52480279741055983E+03,1.63293962356492983E+01,1.65843881789557997E+02));
|   |   |   |   |   |   |   |   #17494=VERTEX_POINT('',#17495);
|   |   |   |   |   |   |   |   |   #17495=CARTESIAN_POINT('',(-5.26524040684056035E+03,1.63293962356492983E+01,1.65843881789557997E+02));
|   |   |   |   |   |   |   |   #17496=LINE('',#17497,#17498);
|   |   |   |   |   |   |   |   |   #17497=CARTESIAN_POINT('',(-2.52480279741056302E+03,1.63293962356492379E+01,1.65843881789558367E+02));
|   |   |   |   |   |   |   |   |   #17498=VECTOR('',#17499,1.0);
|   |   |   |   |   |   |   |   |   |   #17499=DIRECTION('',(-1.0,0.0,0.0));
|   |   |   |   |   |   #17519=ORIENTED_EDGE('',*,*,#17411,.T.);
|   |   |   |   |   |   |   #17411=EDGE_CURVE('',#17403,#17412,#17414,.T.);
|   |   |   |   |   |   |   |   #17403=VERTEX_POINT('',#17404);
|   |   |   |   |   |   |   |   |   #17404=CARTESIAN_POINT('',(-2.52480279741055983E+03,1.63293962356492983E+01,1.65843881789557997E+02));
|   |   |   |   |   |   |   |   #17412=VERTEX_POINT('',#17413);
|   |   |   |   |   |   |   |   |   #17413=CARTESIAN_POINT('',(-2.52480279741042978E+03,1.68500000000000014E+01,1.70000000090731987E+02));
|   |   |   |   |   |   |   |   #17414=CIRCLE('',#17415,1.68500000000000014E+01);
|   |   |   |   |   |   |   |   |   #17415=AXIS2_PLACEMENT_3D('',#17416,#17417,#17418);
|   |   |   |   |   |   |   |   |   |   #17416=CARTESIAN_POINT('',(-2.52480279741084951E+03,0.0,170.0));
|   |   |   |   |   |   |   |   |   |   #17417=DIRECTION('',(1.0,0.0,5.66292090289647791E-12));
|   |   |   |   |   |   |   |   |   |   #17418=DIRECTION('',(-5.66292090289647791E-12,0.0,1.0));
|   |   |   |   |   |   #17520=ORIENTED_EDGE('',*,*,#17521,.T.);
|   |   |   |   |   |   |   #17521=EDGE_CURVE('',#17412,#17522,#17524,.T.);
|   |   |   |   |   |   |   |   #17412=VERTEX_POINT('',#17413);
|   |   |   |   |   |   |   |   |   #17413=CARTESIAN_POINT('',(-2.52480279741042978E+03,1.68500000000000014E+01,1.70000000090731987E+02));
|   |   |   |   |   |   |   |   #17522=VERTEX_POINT('',#17523);
|   |   |   |   |   |   |   |   |   #17523=CARTESIAN_POINT('',(-5.26524040684042029E+03,1.68500000000000014E+01,1.70000000090731987E+02));
|   |   |   |   |   |   |   |   #17524=LINE('',#17525,#17526);
|   |   |   |   |   |   |   |   |   #17525=CARTESIAN_POINT('',(-2.52480279741000004E+03,1.68500000000000014E+01,1.70000000090732016E+02));
|   |   |   |   |   |   |   |   |   #17526=VECTOR('',#17527,1.0);
|   |   |   |   |   |   |   |   |   |   #17527=DIRECTION('',(-1.0,0.0,0.0));
|   |   |   |   |   |   #17528=ORIENTED_EDGE('',*,*,#17529,.F.);
|   |   |   |   |   |   |   #17529=EDGE_CURVE('',#17494,#17522,#17530,.T.);
|   |   |   |   |   |   |   |   #17494=VERTEX_POINT('',#17495);
|   |   |   |   |   |   |   |   |   #17495=CARTESIAN_POINT('',(-5.26524040684056035E+03,1.63293962356492983E+01,1.65843881789557997E+02));
|   |   |   |   |   |   |   |   #17522=VERTEX_POINT('',#17523);
|   |   |   |   |   |   |   |   |   #17523=CARTESIAN_POINT('',(-5.26524040684042029E+03,1.68500000000000014E+01,1.70000000090731987E+02));
|   |   |   |   |   |   |   |   #17530=CIRCLE('',#17531,1.68500000000000014E+01);
|   |   |   |   |   |   |   |   |   #17531=AXIS2_PLACEMENT_3D('',#17532,#17533,#17534);
|   |   |   |   |   |   |   |   |   |   #17532=CARTESIAN_POINT('',(-5.26524040684085048E+03,0.0,170.0));
|   |   |   |   |   |   |   |   |   |   #17533=DIRECTION('',(1.0,-0.0,6.90000164711686333E-11));
|   |   |   |   |   |   |   |   |   |   #17534=DIRECTION('',(6.90000164711686333E-11,0.0,-1.0));
|   |   |   |   #17513=SURFACE_OF_LINEAR_EXTRUSION('',#17508,#17514);
|   |   |   |   |   #17508=CIRCLE('',#17509,1.68500000000000014E+01);
|   |   |   |   |   |   #17509=AXIS2_PLACEMENT_3D('',#17510,#17511,#17512);
|   |   |   |   |   |   |   #17510=CARTESIAN_POINT('',(-2.52480279741084996E+03,0.0,170.0));
|   |   |   |   |   |   |   #17511=DIRECTION('',(1.0,-0.0,6.90000164711686333E-11));
|   |   |   |   |   |   |   #17512=DIRECTION('',(6.90000164711686333E-11,0.0,-1.0));
|   |   |   |   |   #17514=VECTOR('',#17515,1.0);
|   |   |   |   |   |   #17515=DIRECTION('',(-1.0,0.0,0.0));
|   |   |   #17535=ADVANCED_FACE('',(#17544),#17541,.F.);
|   |   |   |   #17544=FACE_OUTER_BOUND('',#17545,.F.);
|   |   |   |   |   #17545=EDGE_LOOP('',(#17546,#17547,#17548,#17549));
|   |   |   |   |   |   #17546=ORIENTED_EDGE('',*,*,#17521,.F.);
|   |   |   |   |   |   |   #17521=EDGE_CURVE('',#17412,#17522,#17524,.T.);
|   |   |   |   |   |   |   |   #17412=VERTEX_POINT('',#17413);
|   |   |   |   |   |   |   |   |   #17413=CARTESIAN_POINT('',(-2.52480279741042978E+03,1.68500000000000014E+01,1.70000000090731987E+02));
|   |   |   |   |   |   |   |   #17522=VERTEX_POINT('',#17523);
|   |   |   |   |   |   |   |   |   #17523=CARTESIAN_POINT('',(-5.26524040684042029E+03,1.68500000000000014E+01,1.70000000090731987E+02));
|   |   |   |   |   |   |   |   #17524=LINE('',#17525,#17526);
|   |   |   |   |   |   |   |   |   #17525=CARTESIAN_POINT('',(-2.52480279741000004E+03,1.68500000000000014E+01,1.70000000090732016E+02));
|   |   |   |   |   |   |   |   |   #17526=VECTOR('',#17527,1.0);
|   |   |   |   |   |   |   |   |   |   #17527=DIRECTION('',(-1.0,0.0,0.0));
|   |   |   |   |   |   #17547=ORIENTED_EDGE('',*,*,#17420,.T.);
|   |   |   |   |   |   |   #17420=EDGE_CURVE('',#17412,#17394,#17421,.T.);
|   |   |   |   |   |   |   |   #17412=VERTEX_POINT('',#17413);
|   |   |   |   |   |   |   |   |   #17413=CARTESIAN_POINT('',(-2.52480279741042978E+03,1.68500000000000014E+01,1.70000000090731987E+02));
|   |   |   |   |   |   |   |   #17394=VERTEX_POINT('',#17395);
|   |   |   |   |   |   |   |   |   #17395=CARTESIAN_POINT('',(-2.52480279741042023E+03,-1.68500000000000014E+01,170.0));
|   |   |   |   |   |   |   |   #17421=CIRCLE('',#17422,1.68500000000000014E+01);
|   |   |   |   |   |   |   |   |   #17422=AXIS2_PLACEMENT_3D('',#17423,#17424,#17425);
|   |   |   |   |   |   |   |   |   |   #17423=CARTESIAN_POINT('',(-2.52480279740999958E+03,0.0,170.0));
|   |   |   |   |   |   |   |   |   |   #17424=DIRECTION('',(1.0,0.0,-3.23108914886517346E-15));
|   |   |   |   |   |   |   |   |   |   #17425=DIRECTION('',(3.23108914886517346E-15,0.0,1.0));
|   |   |   |   |   |   #17548=ORIENTED_EDGE('',*,*,#17484,.T.);
|   |   |   |   |   |   |   #17484=EDGE_CURVE('',#17394,#17485,#17487,.T.);
|   |   |   |   |   |   |   |   #17394=VERTEX_POINT('',#17395);
|   |   |   |   |   |   |   |   |   #17395=CARTESIAN_POINT('',(-2.52480279741042023E+03,-1.68500000000000014E+01,170.0));
|   |   |   |   |   |   |   |   #17485=VERTEX_POINT('',#17486);
|   |   |   |   |   |   |   |   |   #17486=CARTESIAN_POINT('',(-5.26524040684042029E+03,-1.68500000000000014E+01,170.0));
|   |   |   |   |   |   |   |   #17487=LINE('',#17488,#17489);
|   |   |   |   |   |   |   |   |   #17488=CARTESIAN_POINT('',(-2.52480279741000004E+03,-1.68500000000000014E+01,1.70000000000000057E+02));
|   |   |   |   |   |   |   |   |   #17489=VECTOR('',#17490,1.0);
|   |   |   |   |   |   |   |   |   |   #17490=DIRECTION('',(-1.0,0.0,0.0));
|   |   |   |   |   |   #17549=ORIENTED_EDGE('',*,*,#17550,.F.);
|   |   |   |   |   |   |   #17550=EDGE_CURVE('',#17522,#17485,#17551,.T.);
|   |   |   |   |   |   |   |   #17522=VERTEX_POINT('',#17523);
|   |   |   |   |   |   |   |   |   #17523=CARTESIAN_POINT('',(-5.26524040684042029E+03,1.68500000000000014E+01,1.70000000090731987E+02));
|   |   |   |   |   |   |   |   #17485=VERTEX_POINT('',#17486);
|   |   |   |   |   |   |   |   |   #17486=CARTESIAN_POINT('',(-5.26524040684042029E+03,-1.68500000000000014E+01,170.0));
|   |   |   |   |   |   |   |   #17551=CIRCLE('',#17552,1.68500000000000014E+01);
|   |   |   |   |   |   |   |   |   #17552=AXIS2_PLACEMENT_3D('',#17553,#17554,#17555);
|   |   |   |   |   |   |   |   |   |   #17553=CARTESIAN_POINT('',(-5.26524040684000011E+03,0.0,170.0));
|   |   |   |   |   |   |   |   |   |   #17554=DIRECTION('',(1.0,-0.0,6.90000164711686333E-11));
|   |   |   |   |   |   |   |   |   |   #17555=DIRECTION('',(6.90000164711686333E-11,0.0,-1.0));
|   |   |   |   #17541=SURFACE_OF_LINEAR_EXTRUSION('',#17536,#17542);
|   |   |   |   |   #17536=CIRCLE('',#17537,1.68500000000000014E+01);
|   |   |   |   |   |   #17537=AXIS2_PLACEMENT_3D('',#17538,#17539,#17540);
|   |   |   |   |   |   |   #17538=CARTESIAN_POINT('',(-2.52480279741000004E+03,0.0,170.0));
|   |   |   |   |   |   |   #17539=DIRECTION('',(1.0,-0.0,6.90000164711686333E-11));
|   |   |   |   |   |   |   #17540=DIRECTION('',(6.90000164711686333E-11,0.0,-1.0));
|   |   |   |   |   #17542=VECTOR('',#17543,1.0);
|   |   |   |   |   |   #17543=DIRECTION('',(-1.0,0.0,0.0));
|   |   |   #17556=ADVANCED_FACE('',(#17562),#17557,.F.);
|   |   |   |   #17562=FACE_OUTER_BOUND('',#17563,.F.);
|   |   |   |   |   #17563=EDGE_LOOP('',(#17564,#17565,#17566,#17567,#17575,#17582));
|   |   |   |   |   |   #17564=ORIENTED_EDGE('',*,*,#17456,.F.);
|   |   |   |   |   |   |   #17456=EDGE_CURVE('',#17448,#17457,#17459,.T.);
|   |   |   |   |   |   |   |   #17448=VERTEX_POINT('',#17449);
|   |   |   |   |   |   |   |   |   #17449=CARTESIAN_POINT('',(-2.01565507502562991E+03,1.40800000000000001E+01,5.32272558850803001));
|   |   |   |   |   |   |   |   #17457=VERTEX_POINT('',#17458);
|   |   |   |   |   |   |   |   |   #17458=CARTESIAN_POINT('',(-2.01565507505004007E+03,-1.40800000000000001E+01,5.32272551672714034));
|   |   |   |   |   |   |   |   #17459=CIRCLE('',#17460,1.40800000000000018E+01);
|   |   |   |   |   |   |   |   |   #17460=AXIS2_PLACEMENT_3D('',#17461,#17462,#17463);
|   |   |   |   |   |   |   |   |   |   #17461=CARTESIAN_POINT('',(-2.01565507505084452E+03,0.0,5.32272551699995233));
|   |   |   |   |   |   |   |   |   |   #17462=DIRECTION('',(9.46772744830000512E-01,0.0,-3.21902733208444147E-01));
|   |   |   |   |   |   |   |   |   |   #17463=DIRECTION('',(-3.21902733208444147E-01,0.0,-9.46772744830000512E-01));
|   |   |   |   |   |   #17565=ORIENTED_EDGE('',*,*,#17447,.F.);
|   |   |   |   |   |   |   #17447=EDGE_CURVE('',#17439,#17448,#17450,.T.);
|   |   |   |   |   |   |   |   #17439=VERTEX_POINT('',#17440);
|   |   |   |   |   |   |   |   |   #17440=CARTESIAN_POINT('',(-2.01677300683800991E+03,1.36449791690173008E+01,2.03469084620857021));
|   |   |   |   |   |   |   |   #17448=VERTEX_POINT('',#17449);
|   |   |   |   |   |   |   |   |   #17449=CARTESIAN_POINT('',(-2.01565507502562991E+03,1.40800000000000001E+01,5.32272558850803001));
|   |   |   |   |   |   |   |   #17450=CIRCLE('',#17451,1.40800000000000018E+01);
|   |   |   |   |   |   |   |   |   #17451=AXIS2_PLACEMENT_3D('',#17452,#17453,#17454);
|   |   |   |   |   |   |   |   |   |   #17452=CARTESIAN_POINT('',(-2.01565507505084452E+03,0.0,5.32272551699995233));
|   |   |   |   |   |   |   |   |   |   #17453=DIRECTION('',(9.46772744830000512E-01,0.0,-3.21902733208444147E-01));
|   |   |   |   |   |   |   |   |   |   #17454=DIRECTION('',(-3.21902733208444147E-01,0.0,-9.46772744830000512E-01));
|   |   |   |   |   |   #17566=ORIENTED_EDGE('',*,*,#17465,.F.);
|   |   |   |   |   |   |   #17465=EDGE_CURVE('',#17457,#17439,#17466,.T.);
|   |   |   |   |   |   |   |   #17457=VERTEX_POINT('',#17458);
|   |   |   |   |   |   |   |   |   #17458=CARTESIAN_POINT('',(-2.01565507505004007E+03,-1.40800000000000001E+01,5.32272551672714034));
|   |   |   |   |   |   |   |   #17439=VERTEX_POINT('',#17440);
|   |   |   |   |   |   |   |   |   #17440=CARTESIAN_POINT('',(-2.01677300683800991E+03,1.36449791690173008E+01,2.03469084620857021));
|   |   |   |   |   |   |   |   #17466=CIRCLE('',#17467,1.40800000000000018E+01);
|   |   |   |   |   |   |   |   |   #17467=AXIS2_PLACEMENT_3D('',#17468,#17469,#17470);
|   |   |   |   |   |   |   |   |   |   #17468=CARTESIAN_POINT('',(-2.01565507505084452E+03,0.0,5.32272551699995233));
|   |   |   |   |   |   |   |   |   |   #17469=DIRECTION('',(9.46772744830000512E-01,0.0,-3.21902733208444147E-01));
|   |   |   |   |   |   |   |   |   |   #17470=DIRECTION('',(-3.21902733208444147E-01,0.0,-9.46772744830000512E-01));
|   |   |   |   |   |   #17567=ORIENTED_EDGE('',*,*,#17568,.T.);
|   |   |   |   |   |   |   #17568=EDGE_CURVE('',#17457,#17569,#17571,.T.);
|   |   |   |   |   |   |   |   #17457=VERTEX_POINT('',#17458);
|   |   |   |   |   |   |   |   |   #17458=CARTESIAN_POINT('',(-2.01565507505004007E+03,-1.40800000000000001E+01,5.32272551672714034));
|   |   |   |   |   |   |   |   #17569=VERTEX_POINT('',#17570);
|   |   |   |   |   |   |   |   |   #17570=CARTESIAN_POINT('',(-2.47651738742014004E+03,-1.40800000000000001E+01,1.62015911721593000E+02));
|   |   |   |   |   |   |   |   #17571=LINE('',#17572,#17573);
|   |   |   |   |   |   |   |   |   #17572=CARTESIAN_POINT('',(-2.01565507505004007E+03,-1.40800000000000018E+01,5.32272551672705063));
|   |   |   |   |   |   |   |   |   #17573=VECTOR('',#17574,1.0);
|   |   |   |   |   |   |   |   |   |   #17574=DIRECTION('',(-9.46772744820318146E-01,0.0,3.21902733236921645E-01));
|   |   |   |   |   |   #17575=ORIENTED_EDGE('',*,*,#17576,.T.);
|   |   |   |   |   |   |   #17576=EDGE_CURVE('',#17569,#17569,#17577,.T.);
|   |   |   |   |   |   |   |   #17569=VERTEX_POINT('',#17570);
|   |   |   |   |   |   |   |   |   #17570=CARTESIAN_POINT('',(-2.47651738742014004E+03,-1.40800000000000001E+01,1.62015911721593000E+02));
|   |   |   |   |   |   |   |   #17569=VERTEX_POINT('',#17570);
|   |   |   |   |   |   |   |   |   #17570=CARTESIAN_POINT('',(-2.47651738742014004E+03,-1.40800000000000001E+01,1.62015911721593000E+02));
|   |   |   |   |   |   |   |   #17577=CIRCLE('',#17578,1.40800000000000018E+01);
|   |   |   |   |   |   |   |   |   #17578=AXIS2_PLACEMENT_3D('',#17579,#17580,#17581);
|   |   |   |   |   |   |   |   |   |   #17579=CARTESIAN_POINT('',(-2.47651738742094494E+03,0.0,1.62015911721852035E+02));
|   |   |   |   |   |   |   |   |   |   #17580=DIRECTION('',(9.46772744812346967E-01,0.0,-3.21902733260366170E-01));
|   |   |   |   |   |   |   |   |   |   #17581=DIRECTION('',(-2.03895234029971529E-11,-1.0,-5.99691546421254755E-11));
|   |   |   |   |   |   #17582=ORIENTED_EDGE('',*,*,#17568,.F.);
|   |   |   |   |   |   |   #17568=EDGE_CURVE('',#17457,#17569,#17571,.T.);
|   |   |   |   |   |   |   |   #17457=VERTEX_POINT('',#17458);
|   |   |   |   |   |   |   |   |   #17458=CARTESIAN_POINT('',(-2.01565507505004007E+03,-1.40800000000000001E+01,5.32272551672714034));
|   |   |   |   |   |   |   |   #17569=VERTEX_POINT('',#17570);
|   |   |   |   |   |   |   |   |   #17570=CARTESIAN_POINT('',(-2.47651738742014004E+03,-1.40800000000000001E+01,1.62015911721593000E+02));
|   |   |   |   |   |   |   |   #17571=LINE('',#17572,#17573);
|   |   |   |   |   |   |   |   |   #17572=CARTESIAN_POINT('',(-2.01565507505004007E+03,-1.40800000000000018E+01,5.32272551672705063));
|   |   |   |   |   |   |   |   |   #17573=VECTOR('',#17574,1.0);
|   |   |   |   |   |   |   |   |   |   #17574=DIRECTION('',(-9.46772744820318146E-01,0.0,3.21902733236921645E-01));
|   |   |   |   #17557=CYLINDRICAL_SURFACE('',#17558,1.40800000000000018E+01);
|   |   |   |   |   #17558=AXIS2_PLACEMENT_3D('',#17559,#17560,#17561);
|   |   |   |   |   |   #17559=CARTESIAN_POINT('',(-2.01565507505004007E+03,0.0,5.32272551672709060));
|   |   |   |   |   |   #17560=DIRECTION('',(-9.46772744820318146E-01,0.0,3.21902733236921645E-01));
|   |   |   |   |   |   #17561=DIRECTION('',(-3.21902733236921645E-01,0.0,-9.46772744820318146E-01));
|   |   |   #17583=ADVANCED_FACE('',(#17669),#17584,.F.);
|   |   |   |   #17669=FACE_OUTER_BOUND('',#17670,.F.);
|   |   |   |   |   #17670=EDGE_LOOP('',(#17671,#17688,#17689,#17706));
|   |   |   |   |   |   #17671=ORIENTED_EDGE('',*,*,#17672,.F.);
|   |   |   |   |   |   |   #17672=EDGE_CURVE('',#17485,#17673,#17675,.T.);
|   |   |   |   |   |   |   |   #17485=VERTEX_POINT('',#17486);
|   |   |   |   |   |   |   |   |   #17486=CARTESIAN_POINT('',(-5.26524040684042029E+03,-1.68500000000000014E+01,170.0));
|   |   |   |   |   |   |   |   #17673=VERTEX_POINT('',#17674);
|   |   |   |   |   |   |   |   |   #17674=CARTESIAN_POINT('',(-5.39836578363195986E+03,-1.47439423077031989E+02,170.0));
|   |   |   |   |   |   |   |   #17675=(BOUNDED_CURVE()B_SPLINE_CURVE(11,(#17676,#17677,#17678,#17679,#17680,#17681,#17682,#17683,#17684,#17685,#17686,#17687),.UNSPECIFIED.,.F.,.F.)B_SPLINE_CURVE_WITH_KNOTS((12,12),(0.0,1.0),.UNSPECIFIED.)CURVE()GEOMETRIC_REPRESENTATION_ITEM()RATIONAL_B_SPLINE_CURVE((1.13255657422731426,1.13255657422731781,1.13255657422729450,1.13255657422738754,1.13255657422715972,1.13255657422752432,1.13255657422712419,1.13255657422742551,1.13255657422727518,1.13255657422732070,1.13255657422731448,1.13255657422731426))REPRESENTATION_ITEM(''));
|   |   |   |   |   |   |   |   |   #17676=CARTESIAN_POINT('Ctrl Pnt',(-5.26524040684000011E+03,-1.68500000000000014E+01,1.70000000000000057E+02));
|   |   |   |   |   |   |   |   |   #17677=CARTESIAN_POINT('Ctrl Pnt',(-5.28219342002089616E+03,-1.68500000000003034E+01,1.70000000000000057E+02));
|   |   |   |   |   |   |   |   |   #17678=CARTESIAN_POINT('Ctrl Pnt',(-5.30011657444177672E+03,-1.92243531468464433E+01,1.70000000000000057E+02));
|   |   |   |   |   |   |   |   |   #17679=CARTESIAN_POINT('Ctrl Pnt',(-5.31854839787817946E+03,-2.44255246144282943E+01,170.0));
|   |   |   |   |   |   |   |   |   #17680=CARTESIAN_POINT('Ctrl Pnt',(-5.33680080020777041E+03,-3.28134544483867856E+01,1.70000000000000085E+02));
|   |   |   |   |   |   |   |   |   #17681=CARTESIAN_POINT('Ctrl Pnt',(-5.35397103334062649E+03,-4.44985456800419854E+01,1.70000000000000057E+02));
|   |   |   |   |   |   |   |   |   #17682=CARTESIAN_POINT('Ctrl Pnt',(-5.36901599274902765E+03,-5.92569081853758846E+01,1.70000000000000142E+02));
|   |   |   |   |   |   |   |   |   #17683=CARTESIAN_POINT('Ctrl Pnt',(-5.38102911986728031E+03,-7.61992527624773004E+01,1.69999999999999915E+02));
|   |   |   |   |   |   |   |   |   #17684=CARTESIAN_POINT('Ctrl Pnt',(-5.38976650627252911E+03,-9.42869733625535105E+01,1.70000000000000142E+02));
|   |   |   |   |   |   |   |   |   #17685=CARTESIAN_POINT('Ctrl Pnt',(-5.39532117403923166E+03,-1.12615365704137886E+02,1.70000000000000057E+02));
|   |   |   |   |   |   |   |   |   #17686=CARTESIAN_POINT('Ctrl Pnt',(-5.39803976414757835E+03,-1.30489544988336746E+02,1.70000000000000057E+02));
|   |   |   |   |   |   |   |   |   #17687=CARTESIAN_POINT('Ctrl Pnt',(-5.39836578363194985E+03,-1.47439423076612030E+02,1.70000000000000057E+02));
|   |   |   |   |   |   #17688=ORIENTED_EDGE('',*,*,#17501,.T.);
|   |   |   |   |   |   |   #17501=EDGE_CURVE('',#17485,#17494,#17502,.T.);
|   |   |   |   |   |   |   |   #17485=VERTEX_POINT('',#17486);
|   |   |   |   |   |   |   |   |   #17486=CARTESIAN_POINT('',(-5.26524040684042029E+03,-1.68500000000000014E+01,170.0));
|   |   |   |   |   |   |   |   #17494=VERTEX_POINT('',#17495);
|   |   |   |   |   |   |   |   |   #17495=CARTESIAN_POINT('',(-5.26524040684056035E+03,1.63293962356492983E+01,1.65843881789557997E+02));
|   |   |   |   |   |   |   |   #17502=CIRCLE('',#17503,1.68500000000000014E+01);
|   |   |   |   |   |   |   |   |   #17503=AXIS2_PLACEMENT_3D('',#17504,#17505,#17506);
|   |   |   |   |   |   |   |   |   |   #17504=CARTESIAN_POINT('',(-5.26524040684085048E+03,0.0,170.0));
|   |   |   |   |   |   |   |   |   |   #17505=DIRECTION('',(1.0,-0.0,6.90000164711686333E-11));
|   |   |   |   |   |   |   |   |   |   #17506=DIRECTION('',(6.90000164711686333E-11,0.0,-1.0));
|   |   |   |   |   |   #17689=ORIENTED_EDGE('',*,*,#17690,.T.);
|   |   |   |   |   |   |   #17690=EDGE_CURVE('',#17494,#17691,#17693,.T.);
|   |   |   |   |   |   |   |   #17494=VERTEX_POINT('',#17495);
|   |   |   |   |   |   |   |   |   #17495=CARTESIAN_POINT('',(-5.26524040684056035E+03,1.63293962356492983E+01,1.65843881789557997E+02));
|   |   |   |   |   |   |   |   #17691=VERTEX_POINT('',#17692);
|   |   |   |   |   |   |   |   |   #17692=CARTESIAN_POINT('',(-5.43153904405687990E+03,-1.46801357764708001E+02,1.65843881789557997E+02));
|   |   |   |   |   |   |   |   #17693=(BOUNDED_CURVE()B_SPLINE_CURVE(11,(#17694,#17695,#17696,#17697,#17698,#17699,#17700,#17701,#17702,#17703,#17704,#17705),.UNSPECIFIED.,.F.,.F.)B_SPLINE_CURVE_WITH_KNOTS((12,12),(0.0,1.0),.UNSPECIFIED.)CURVE()GEOMETRIC_REPRESENTATION_ITEM()RATIONAL_B_SPLINE_CURVE((1.11111692235743131,1.11111692235740622,1.11111692235752990,1.11111692235722392,1.11111692235773041,1.11111692235711490,1.11111692235769199,1.11111692235725612,1.11111692235753035,1.11111692235738646,1.11111692235744375,1.11111692235743131))REPRESENTATION_ITEM(''));
|   |   |   |   |   |   |   |   |   #17694=CARTESIAN_POINT('Ctrl Pnt',(-5.26524040684056308E+03,1.63293962356492344E+01,1.65843881789558367E+02));
|   |   |   |   |   |   |   |   |   #17695=CARTESIAN_POINT('Ctrl Pnt',(-5.28641790925703481E+03,1.63293962355778248E+01,1.65843881789558253E+02));
|   |   |   |   |   |   |   |   |   #17696=CARTESIAN_POINT('Ctrl Pnt',(-5.30880730057105029E+03,1.33633825264108097E+01,1.65843881789558878E+02));
|   |   |   |   |   |   |   |   |   #17697=CARTESIAN_POINT('Ctrl Pnt',(-5.33183211516882602E+03,6.86614099482837759,1.65843881789557003E+02));
|   |   |   |   |   |   |   |   |   #17698=CARTESIAN_POINT('Ctrl Pnt',(-5.35463279905405943E+03,-3.61196118285832979,1.65843881789560726E+02));
|   |   |   |   |   |   |   |   |   #17699=CARTESIAN_POINT('Ctrl Pnt',(-5.37608165005074170E+03,-1.82088381601543858E+01,1.65843881789555184E+02));
|   |   |   |   |   |   |   |   |   #17700=CARTESIAN_POINT('Ctrl Pnt',(-5.39487563438996222E+03,-3.66448090571897609E+01,1.65843881789561806E+02));
|   |   |   |   |   |   |   |   |   #17701=CARTESIAN_POINT('Ctrl Pnt',(-5.40988228989486652E+03,-5.78089843807483490E+01,1.65843881789555468E+02));
|   |   |   |   |   |   |   |   |   #17702=CARTESIAN_POINT('Ctrl Pnt',(-5.42079692906455421E+03,-8.04039498083565860E+01,1.65843881789560129E+02));
|   |   |   |   |   |   |   |   |   #17703=CARTESIAN_POINT('Ctrl Pnt',(-5.42773575396818342E+03,-1.03299559512821261E+02,1.65843881789557628E+02));
|   |   |   |   |   |   |   |   |   #17704=CARTESIAN_POINT('Ctrl Pnt',(-5.43113178439493640E+03,-1.25627771668641913E+02,1.65843881789558537E+02));
|   |   |   |   |   |   |   |   |   #17705=CARTESIAN_POINT('Ctrl Pnt',(-5.43153904405687626E+03,-1.46801357764707745E+02,1.65843881789558367E+02));
|   |   |   |   |   |   #17706=ORIENTED_EDGE('',*,*,#17707,.F.);
|   |   |   |   |   |   |   #17707=EDGE_CURVE('',#17673,#17691,#17708,.T.);
|   |   |   |   |   |   |   |   #17673=VERTEX_POINT('',#17674);
|   |   |   |   |   |   |   |   |   #17674=CARTESIAN_POINT('',(-5.39836578363195986E+03,-1.47439423077031989E+02,170.0));
|   |   |   |   |   |   |   |   #17691=VERTEX_POINT('',#17692);
|   |   |   |   |   |   |   |   |   #17692=CARTESIAN_POINT('',(-5.43153904405687990E+03,-1.46801357764708001E+02,1.65843881789557997E+02));
|   |   |   |   |   |   |   |   #17708=(BOUNDED_CURVE()B_SPLINE_CURVE(6,(#17709,#17710,#17711,#17712,#17713,#17714,#17715),.UNSPECIFIED.,.F.,.F.)B_SPLINE_CURVE_WITH_KNOTS((7,7),(4.71238898038469234,7.60475568276043212),.UNSPECIFIED.)CURVE()GEOMETRIC_REPRESENTATION_ITEM()RATIONAL_B_SPLINE_CURVE((1.11111692235743154,1.03152845521558367,9.93290744530883729E-01,9.80035117838579328E-01,9.93290744530886949E-01,1.03152845521558190,1.11111692235743131))REPRESENTATION_ITEM(''));
|   |   |   |   |   |   |   |   |   #17709=CARTESIAN_POINT('Ctrl Pnt',(-5.39836578363196622E+03,-1.47439423077461896E+02,1.69999999999999943E+02));
|   |   |   |   |   |   |   |   |   #17710=CARTESIAN_POINT('Ctrl Pnt',(-5.39836578363195440E+03,-1.47439423076858390E+02,1.61252052301375358E+02));
|   |   |   |   |   |   |   |   |   #17711=CARTESIAN_POINT('Ctrl Pnt',(-5.40361917372145763E+03,-1.47338377657624790E+02,1.53385696596837704E+02));
|   |   |   |   |   |   |   |   |   #17712=CARTESIAN_POINT('Ctrl Pnt',(-5.41263747754235465E+03,-1.47164916659798820E+02,1.49437770913532859E+02));
|   |   |   |   |   |   |   |   |   #17713=CARTESIAN_POINT('Ctrl Pnt',(-5.42235073973690487E+03,-1.46978088606294591E+02,1.51038908803605551E+02));
|   |   |   |   |   |   |   |   |   #17714=CARTESIAN_POINT('Ctrl Pnt',(-5.42938172766510343E+03,-1.46842852291340563E+02,1.57366213883352060E+02));
|   |   |   |   |   |   |   |   |   #17715=CARTESIAN_POINT('Ctrl Pnt',(-5.43153904405687626E+03,-1.46801357764707745E+02,1.65843881789558367E+02));
|   |   |   |   #17584=(BOUNDED_SURFACE()B_SPLINE_SURFACE(6,11,((#17585,#17586,#17587,#17588,#17589,#17590,#17591,#17592,#17593,#17594,#17595,#17596),(#17597,#17598,#17599,#17600,#17601,#17602,#17603,#17604,#17605,#17606,#17607,#17608),(#17609,#17610,#17611,#17612,#17613,#17614,#17615,#17616,#17617,#17618,#17619,#17620),(#17621,#17622,#17623,#17624,#17625,#17626,#17627,#17628,#17629,#17630,#17631,#17632),(#17633,#17634,#17635,#17636,#17637,#17638,#17639,#17640,#17641,#17642,#17643,#17644),(#17645,#17646,#17647,#17648,#17649,#17650,#17651,#17652,#17653,#17654,#17655,#17656),(#17657,#17658,#17659,#17660,#17661,#17662,#17663,#17664,#17665,#17666,#17667,#17668)),.UNSPECIFIED.,.F.,.F.,.F.)B_SPLINE_SURFACE_WITH_KNOTS((7,7),(12,12),(4.71238898038469234,7.60475568276043212),(0.0,1.0),.UNSPECIFIED.)SURFACE()GEOMETRIC_REPRESENTATION_ITEM()RATIONAL_B_SPLINE_SURFACE(((1.11111692235743154,1.11111692235740711,1.11111692235752768,1.11111692235722592,1.11111692235773996,1.11111692235708648,1.11111692235773263,1.11111692235721971,1.11111692235755366,1.11111692235737669,1.11111692235744641,1.11111692235743154),(1.03152845521558367,1.03152845521561276,1.03152845521545844,1.03152845521590963,1.03152845521499836,1.03152845521635528,1.03152845521482384,1.03152845521614056,1.03152845521528702,1.03152845521569381,1.03152845521555947,1.03152845521558367),(9.93290744530883729E-01,9.93290744530851422E-01,9.93290744531013847E-01,9.93290744530584524E-01,9.93290744531374670E-01,9.93290744530270109E-01,9.93290744531481473E-01,9.93290744530427427E-01,9.93290744531152403E-01,9.93290744530769709E-01,9.93290744530912262E-01,9.93290744530883729E-01),(9.80035117838579328E-01,9.80035117838567782E-01,9.80035117838622738E-01,9.80035117838490955E-01,9.80035117838711334E-01,9.80035117838421788E-01,9.80035117838734315E-01,9.80035117838452763E-01,9.80035117838660375E-01,9.80035117838542136E-01,9.80035117838589542E-01,9.80035117838579328E-01),(9.93290744530886949E-01,9.93290744530882175E-01,9.93290744530901604E-01,9.93290744530875624E-01,9.93290744530870628E-01,9.93290744530939906E-01,9.93290744530818115E-01,9.93290744530942127E-01,9.93290744530858305E-01,9.93290744530895719E-01,9.93290744530885950E-01,9.93290744530886949E-01),(1.03152845521558190,1.03152845521559300,1.03152845521553038,1.03152845521573711,1.03152845521526926,1.03152845521603798,1.03152845521508962,1.03152845521597403,1.03152845521535808,1.03152845521566960,1.03152845521556191,1.03152845521558190),(1.11111692235743131,1.11111692235740622,1.11111692235752990,1.11111692235722392,1.11111692235773041,1.11111692235711490,1.11111692235769199,1.11111692235725612,1.11111692235753035,1.11111692235738646,1.11111692235744375,1.11111692235743131)))REPRESENTATION_ITEM(''));
|   |   |   |   |   #17585=CARTESIAN_POINT('Ctrl Pnt',(-5.26524040684085048E+03,-1.68500000000000014E+01,1.69999999999999943E+02));
|   |   |   |   |   #17586=CARTESIAN_POINT('Ctrl Pnt',(-5.28219342002174471E+03,-1.68500000001079755E+01,1.69999999999999943E+02));
|   |   |   |   |   #17587=CARTESIAN_POINT('Ctrl Pnt',(-5.30011657444261709E+03,-1.92243531470707083E+01,1.69999999999999943E+02));
|   |   |   |   |   #17588=CARTESIAN_POINT('Ctrl Pnt',(-5.31854839787896344E+03,-2.44255246147674754E+01,1.69999999999999886E+02));
|   |   |   |   |   #17589=CARTESIAN_POINT('Ctrl Pnt',(-5.33680080020854530E+03,-3.28134544488386837E+01,1.69999999999999972E+02));
|   |   |   |   |   #17590=CARTESIAN_POINT('Ctrl Pnt',(-5.35397103334127678E+03,-4.44985456806251705E+01,1.69999999999999943E+02));
|   |   |   |   |   #17591=CARTESIAN_POINT('Ctrl Pnt',(-5.36901599274961882E+03,-5.92569081860112732E+01,1.70000000000000028E+02));
|   |   |   |   |   #17592=CARTESIAN_POINT('Ctrl Pnt',(-5.38102911986774961E+03,-7.61992527632443739E+01,1.69999999999999801E+02));
|   |   |   |   |   #17593=CARTESIAN_POINT('Ctrl Pnt',(-5.38976650627288109E+03,-9.42869733633286273E+01,1.70000000000000028E+02));
|   |   |   |   |   #17594=CARTESIAN_POINT('Ctrl Pnt',(-5.39532117403947450E+03,-1.12615365704978046E+02,1.69999999999999943E+02));
|   |   |   |   |   #17595=CARTESIAN_POINT('Ctrl Pnt',(-5.39803976414770204E+03,-1.30489544989181752E+02,1.69999999999999943E+02));
|   |   |   |   |   #17596=CARTESIAN_POINT('Ctrl Pnt',(-5.39836578363196622E+03,-1.47439423077461896E+02,1.69999999999999943E+02));
|   |   |   |   |   #17597=CARTESIAN_POINT('Ctrl Pnt',(-5.26524040684024658E+03,-1.68499999999999872E+01,1.61252052301375358E+02));
|   |   |   |   |   #17598=CARTESIAN_POINT('Ctrl Pnt',(-5.28219342002114445E+03,-1.68500000000324448E+01,1.61252052301375699E+02));
|   |   |   |   |   #17599=CARTESIAN_POINT('Ctrl Pnt',(-5.30011657444201137E+03,-1.92243531469076032E+01,1.61252052301373965E+02));
|   |   |   |   |   #17600=CARTESIAN_POINT('Ctrl Pnt',(-5.31854839787842320E+03,-2.44255246145344955E+01,1.61252052301378569E+02));
|   |   |   |   |   #17601=CARTESIAN_POINT('Ctrl Pnt',(-5.33680080020797232E+03,-3.28134544485084021E+01,1.61252052301369986E+02));
|   |   |   |   |   #17602=CARTESIAN_POINT('Ctrl Pnt',(-5.35397103334083931E+03,-4.44985456802149741E+01,1.61252052301381923E+02));
|   |   |   |   |   #17603=CARTESIAN_POINT('Ctrl Pnt',(-5.36901599274918044E+03,-5.92569081855669637E+01,1.61252052301369332E+02));
|   |   |   |   |   #17604=CARTESIAN_POINT('Ctrl Pnt',(-5.38102911986742220E+03,-7.61992527626844378E+01,1.61252052301379592E+02));
|   |   |   |   |   #17605=CARTESIAN_POINT('Ctrl Pnt',(-5.38976650627263371E+03,-9.42869733627930913E+01,1.61252052301373112E+02));
|   |   |   |   |   #17606=CARTESIAN_POINT('Ctrl Pnt',(-5.39532117403929897E+03,-1.12615365704372834E+02,1.61252052301376239E+02));
|   |   |   |   |   #17607=CARTESIAN_POINT('Ctrl Pnt',(-5.39803976414761382E+03,-1.30489544988584356E+02,1.61252052301375159E+02));
|   |   |   |   |   #17608=CARTESIAN_POINT('Ctrl Pnt',(-5.39836578363195440E+03,-1.47439423076858390E+02,1.61252052301375358E+02));
|   |   |   |   |   #17609=CARTESIAN_POINT('Ctrl Pnt',(-5.26524040683970361E+03,-1.15956382300763607E+01,1.53385696596837704E+02));
|   |   |   |   |   #17610=CARTESIAN_POINT('Ctrl Pnt',(-5.28286241937728300E+03,-1.15956382300370464E+01,1.53385696596837334E+02));
|   |   |   |   |   #17611=CARTESIAN_POINT('Ctrl Pnt',(-5.30149285684275219E+03,-1.40636880377840399E+01,1.53385696596839153E+02));
|   |   |   |   |   #17612=CARTESIAN_POINT('Ctrl Pnt',(-5.32065203640693926E+03,-1.94701079958630103E+01,1.53385696596833981E+02));
|   |   |   |   |   #17613=CARTESIAN_POINT('Ctrl Pnt',(-5.33962471455335890E+03,-2.81890420945380953E+01,1.53385696596844184E+02));
|   |   |   |   |   #17614=CARTESIAN_POINT('Ctrl Pnt',(-5.35747251897093702E+03,-4.03352500865120618E+01,1.53385696596829092E+02));
|   |   |   |   |   #17615=CARTESIAN_POINT('Ctrl Pnt',(-5.37311118216860996E+03,-5.56760067017239066E+01,1.53385696596846600E+02));
|   |   |   |   |   #17616=CARTESIAN_POINT('Ctrl Pnt',(-5.38559837099081687E+03,-7.32869296313377845E+01,1.53385696596830627E+02));
|   |   |   |   |   #17617=CARTESIAN_POINT('Ctrl Pnt',(-5.39468055190672203E+03,-9.20884273821381782E+01,1.53385696596841882E+02));
|   |   |   |   |   #17618=CARTESIAN_POINT('Ctrl Pnt',(-5.40045441782564194E+03,-1.11140094256390881E+02,1.53385696596836027E+02));
|   |   |   |   |   #17619=CARTESIAN_POINT('Ctrl Pnt',(-5.40328028886479660E+03,-1.29719623929603785E+02,1.53385696596838102E+02));
|   |   |   |   |   #17620=CARTESIAN_POINT('Ctrl Pnt',(-5.40361917372145763E+03,-1.47338377657624790E+02,1.53385696596837704E+02));
|   |   |   |   |   #17621=CARTESIAN_POINT('Ctrl Pnt',(-5.26524040683943167E+03,-2.57566636073149624,1.49437770913532859E+02));
|   |   |   |   |   #17622=CARTESIAN_POINT('Ctrl Pnt',(-5.28401086625641437E+03,-2.57566636065972432,1.49437770913533058E+02));
|   |   |   |   |   #17623=CARTESIAN_POINT('Ctrl Pnt',(-5.30385547081678124E+03,-5.20456182057420591,1.49437770913532006E+02));
|   |   |   |   |   #17624=CARTESIAN_POINT('Ctrl Pnt',(-5.32426327620822212E+03,-1.09633244021892224E+01,1.49437770913534706E+02));
|   |   |   |   |   #17625=CARTESIAN_POINT('Ctrl Pnt',(-5.34447242566940531E+03,-2.02504814909711328E+01,1.49437770913529903E+02));
|   |   |   |   |   #17626=CARTESIAN_POINT('Ctrl Pnt',(-5.36348339208362358E+03,-3.31882718652381072E+01,1.49437770913536099E+02));
|   |   |   |   |   #17627=CARTESIAN_POINT('Ctrl Pnt',(-5.38014124499694935E+03,-4.95288032804791598E+01,1.49437770913530358E+02));
|   |   |   |   |   #17628=CARTESIAN_POINT('Ctrl Pnt',(-5.39344223831539784E+03,-6.82874503669504804E+01,1.49437770913534081E+02));
|   |   |   |   |   #17629=CARTESIAN_POINT('Ctrl Pnt',(-5.40311631543552448E+03,-8.83142634086862728E+01,1.49437770913532518E+02));
|   |   |   |   |   #17630=CARTESIAN_POINT('Ctrl Pnt',(-5.40926647085503100E+03,-1.08607549384175371E+02,1.49437770913532887E+02));
|   |   |   |   |   #17631=CARTESIAN_POINT('Ctrl Pnt',(-5.41227650716873995E+03,-1.28397928432754497E+02,1.49437770913532859E+02));
|   |   |   |   |   #17632=CARTESIAN_POINT('Ctrl Pnt',(-5.41263747754235465E+03,-1.47164916659798820E+02,1.49437770913532859E+02));
|   |   |   |   |   #17633=CARTESIAN_POINT('Ctrl Pnt',(-5.26524040683954172E+03,7.13939242352979164,1.51038908803605551E+02));
|   |   |   |   |   #17634=CARTESIAN_POINT('Ctrl Pnt',(-5.28524781345609426E+03,7.13939242358949144,1.51038908803604755E+02));
|   |   |   |   |   #17635=CARTESIAN_POINT('Ctrl Pnt',(-5.30640014988876919E+03,4.33725640491044118,1.51038908803608848E+02));
|   |   |   |   |   #17636=CARTESIAN_POINT('Ctrl Pnt',(-5.32815280130487554E+03,-1.80100063072683980,1.51038908803597394E+02));
|   |   |   |   |   #17637=CARTESIAN_POINT('Ctrl Pnt',(-5.34969370564089240E+03,-1.17001684699641686E+01,1.51038908803619506E+02));
|   |   |   |   |   #17638=CARTESIAN_POINT('Ctrl Pnt',(-5.36995746833165504E+03,-2.54905412566007854E+01,1.51038908803587447E+02));
|   |   |   |   |   #17639=CARTESIAN_POINT('Ctrl Pnt',(-5.38771305061078510E+03,-4.29078909918513176E+01,1.51038908803623684E+02));
|   |   |   |   |   #17640=CARTESIAN_POINT('Ctrl Pnt',(-5.40189056091108250E+03,-6.29027068616532361E+01,1.51038908803591596E+02));
|   |   |   |   |   #17641=CARTESIAN_POINT('Ctrl Pnt',(-5.41220214627414407E+03,-8.42492590615510011E+01,1.51038908803613538E+02));
|   |   |   |   |   #17642=CARTESIAN_POINT('Ctrl Pnt',(-5.41875758839193804E+03,-1.05879844391270893E+02,1.51038908803602368E+02));
|   |   |   |   |   #17643=CARTESIAN_POINT('Ctrl Pnt',(-5.42196598191715111E+03,-1.26974381926276862E+02,1.51038908803606319E+02));
|   |   |   |   |   #17644=CARTESIAN_POINT('Ctrl Pnt',(-5.42235073973690487E+03,-1.46978088606294591E+02,1.51038908803605551E+02));
|   |   |   |   |   #17645=CARTESIAN_POINT('Ctrl Pnt',(-5.26524040683997828E+03,1.41716808211539629E+01,1.57366213883352060E+02));
|   |   |   |   |   #17646=CARTESIAN_POINT('Ctrl Pnt',(-5.28614318317411926E+03,1.41716808211552987E+01,1.57366213883352117E+02));
|   |   |   |   |   #17647=CARTESIAN_POINT('Ctrl Pnt',(-5.30824212712373446E+03,1.12441438554807220E+01,1.57366213883351833E+02));
|   |   |   |   |   #17648=CARTESIAN_POINT('Ctrl Pnt',(-5.33096825130062371E+03,4.83118807573483622,1.57366213883352685E+02));
|   |   |   |   |   #17649=CARTESIAN_POINT('Ctrl Pnt',(-5.35347315231049652E+03,-5.51098646009473470,1.57366213883350611E+02));
|   |   |   |   |   #17650=CARTESIAN_POINT('Ctrl Pnt',(-5.37464375714349171E+03,-1.99185048082052560E+01,1.57366213883354362E+02));
|   |   |   |   |   #17651=CARTESIAN_POINT('Ctrl Pnt',(-5.39319393569366093E+03,-3.81153142611491944E+01,1.57366213883349388E+02));
|   |   |   |   |   #17652=CARTESIAN_POINT('Ctrl Pnt',(-5.40800591669944970E+03,-5.90049363886148939E+01,1.57366213883354334E+02));
|   |   |   |   |   #17653=CARTESIAN_POINT('Ctrl Pnt',(-5.41877896523217896E+03,-8.13067876325689838E+01,1.57366213883350639E+02));
|   |   |   |   |   #17654=CARTESIAN_POINT('Ctrl Pnt',(-5.42562777592434759E+03,-1.03905383032232805E+02,1.57366213883352685E+02));
|   |   |   |   |   #17655=CARTESIAN_POINT('Ctrl Pnt',(-5.42897975119698367E+03,-1.25943941472972014E+02,1.57366213883351890E+02));
|   |   |   |   |   #17656=CARTESIAN_POINT('Ctrl Pnt',(-5.42938172766510343E+03,-1.46842852291340563E+02,1.57366213883352060E+02));
|   |   |   |   |   #17657=CARTESIAN_POINT('Ctrl Pnt',(-5.26524040684056308E+03,1.63293962356492344E+01,1.65843881789558367E+02));
|   |   |   |   |   #17658=CARTESIAN_POINT('Ctrl Pnt',(-5.28641790925703481E+03,1.63293962355778248E+01,1.65843881789558253E+02));
|   |   |   |   |   #17659=CARTESIAN_POINT('Ctrl Pnt',(-5.30880730057105029E+03,1.33633825264108097E+01,1.65843881789558878E+02));
|   |   |   |   |   #17660=CARTESIAN_POINT('Ctrl Pnt',(-5.33183211516882602E+03,6.86614099482837759,1.65843881789557003E+02));
|   |   |   |   |   #17661=CARTESIAN_POINT('Ctrl Pnt',(-5.35463279905405943E+03,-3.61196118285833023,1.65843881789560726E+02));
|   |   |   |   |   #17662=CARTESIAN_POINT('Ctrl Pnt',(-5.37608165005074170E+03,-1.82088381601543858E+01,1.65843881789555184E+02));
|   |   |   |   |   #17663=CARTESIAN_POINT('Ctrl Pnt',(-5.39487563438996222E+03,-3.66448090571897609E+01,1.65843881789561806E+02));
|   |   |   |   |   #17664=CARTESIAN_POINT('Ctrl Pnt',(-5.40988228989486652E+03,-5.78089843807483490E+01,1.65843881789555468E+02));
|   |   |   |   |   #17665=CARTESIAN_POINT('Ctrl Pnt',(-5.42079692906455421E+03,-8.04039498083565860E+01,1.65843881789560129E+02));
|   |   |   |   |   #17666=CARTESIAN_POINT('Ctrl Pnt',(-5.42773575396818342E+03,-1.03299559512821261E+02,1.65843881789557628E+02));
|   |   |   |   |   #17667=CARTESIAN_POINT('Ctrl Pnt',(-5.43113178439493640E+03,-1.25627771668641898E+02,1.65843881789558537E+02));
|   |   |   |   |   #17668=CARTESIAN_POINT('Ctrl Pnt',(-5.43153904405687626E+03,-1.46801357764707745E+02,1.65843881789558367E+02));
|   |   |   #17716=ADVANCED_FACE('',(#17802),#17717,.F.);
|   |   |   |   #17802=FACE_OUTER_BOUND('',#17803,.F.);
|   |   |   |   |   #17803=EDGE_LOOP('',(#17804,#17805,#17806,#17823));
|   |   |   |   |   |   #17804=ORIENTED_EDGE('',*,*,#17690,.F.);
|   |   |   |   |   |   |   #17690=EDGE_CURVE('',#17494,#17691,#17693,.T.);
|   |   |   |   |   |   |   |   #17494=VERTEX_POINT('',#17495);
|   |   |   |   |   |   |   |   |   #17495=CARTESIAN_POINT('',(-5.26524040684056035E+03,1.63293962356492983E+01,1.65843881789557997E+02));
|   |   |   |   |   |   |   |   #17691=VERTEX_POINT('',#17692);
|   |   |   |   |   |   |   |   |   #17692=CARTESIAN_POINT('',(-5.43153904405687990E+03,-1.46801357764708001E+02,1.65843881789557997E+02));
|   |   |   |   |   |   |   |   #17693=(BOUNDED_CURVE()B_SPLINE_CURVE(11,(#17694,#17695,#17696,#17697,#17698,#17699,#17700,#17701,#17702,#17703,#17704,#17705),.UNSPECIFIED.,.F.,.F.)B_SPLINE_CURVE_WITH_KNOTS((12,12),(0.0,1.0),.UNSPECIFIED.)CURVE()GEOMETRIC_REPRESENTATION_ITEM()RATIONAL_B_SPLINE_CURVE((1.11111692235743131,1.11111692235740622,1.11111692235752990,1.11111692235722392,1.11111692235773041,1.11111692235711490,1.11111692235769199,1.11111692235725612,1.11111692235753035,1.11111692235738646,1.11111692235744375,1.11111692235743131))REPRESENTATION_ITEM(''));
|   |   |   |   |   |   |   |   |   #17694=CARTESIAN_POINT('Ctrl Pnt',(-5.26524040684056308E+03,1.63293962356492344E+01,1.65843881789558367E+02));
|   |   |   |   |   |   |   |   |   #17695=CARTESIAN_POINT('Ctrl Pnt',(-5.28641790925703481E+03,1.63293962355778248E+01,1.65843881789558253E+02));
|   |   |   |   |   |   |   |   |   #17696=CARTESIAN_POINT('Ctrl Pnt',(-5.30880730057105029E+03,1.33633825264108097E+01,1.65843881789558878E+02));
|   |   |   |   |   |   |   |   |   #17697=CARTESIAN_POINT('Ctrl Pnt',(-5.33183211516882602E+03,6.86614099482837759,1.65843881789557003E+02));
|   |   |   |   |   |   |   |   |   #17698=CARTESIAN_POINT('Ctrl Pnt',(-5.35463279905405943E+03,-3.61196118285832979,1.65843881789560726E+02));
|   |   |   |   |   |   |   |   |   #17699=CARTESIAN_POINT('Ctrl Pnt',(-5.37608165005074170E+03,-1.82088381601543858E+01,1.65843881789555184E+02));
|   |   |   |   |   |   |   |   |   #17700=CARTESIAN_POINT('Ctrl Pnt',(-5.39487563438996222E+03,-3.66448090571897609E+01,1.65843881789561806E+02));
|   |   |   |   |   |   |   |   |   #17701=CARTESIAN_POINT('Ctrl Pnt',(-5.40988228989486652E+03,-5.78089843807483490E+01,1.65843881789555468E+02));
|   |   |   |   |   |   |   |   |   #17702=CARTESIAN_POINT('Ctrl Pnt',(-5.42079692906455421E+03,-8.04039498083565860E+01,1.65843881789560129E+02));
|   |   |   |   |   |   |   |   |   #17703=CARTESIAN_POINT('Ctrl Pnt',(-5.42773575396818342E+03,-1.03299559512821261E+02,1.65843881789557628E+02));
|   |   |   |   |   |   |   |   |   #17704=CARTESIAN_POINT('Ctrl Pnt',(-5.43113178439493640E+03,-1.25627771668641913E+02,1.65843881789558537E+02));
|   |   |   |   |   |   |   |   |   #17705=CARTESIAN_POINT('Ctrl Pnt',(-5.43153904405687626E+03,-1.46801357764707745E+02,1.65843881789558367E+02));
|   |   |   |   |   |   #17805=ORIENTED_EDGE('',*,*,#17529,.T.);
|   |   |   |   |   |   |   #17529=EDGE_CURVE('',#17494,#17522,#17530,.T.);
|   |   |   |   |   |   |   |   #17494=VERTEX_POINT('',#17495);
|   |   |   |   |   |   |   |   |   #17495=CARTESIAN_POINT('',(-5.26524040684056035E+03,1.63293962356492983E+01,1.65843881789557997E+02));
|   |   |   |   |   |   |   |   #17522=VERTEX_POINT('',#17523);
|   |   |   |   |   |   |   |   |   #17523=CARTESIAN_POINT('',(-5.26524040684042029E+03,1.68500000000000014E+01,1.70000000090731987E+02));
|   |   |   |   |   |   |   |   #17530=CIRCLE('',#17531,1.68500000000000014E+01);
|   |   |   |   |   |   |   |   |   #17531=AXIS2_PLACEMENT_3D('',#17532,#17533,#17534);
|   |   |   |   |   |   |   |   |   |   #17532=CARTESIAN_POINT('',(-5.26524040684085048E+03,0.0,170.0));
|   |   |   |   |   |   |   |   |   |   #17533=DIRECTION('',(1.0,-0.0,6.90000164711686333E-11));
|   |   |   |   |   |   |   |   |   |   #17534=DIRECTION('',(6.90000164711686333E-11,0.0,-1.0));
|   |   |   |   |   |   #17806=ORIENTED_EDGE('',*,*,#17807,.T.);
|   |   |   |   |   |   |   #17807=EDGE_CURVE('',#17522,#17808,#17810,.T.);
|   |   |   |   |   |   |   |   #17522=VERTEX_POINT('',#17523);
|   |   |   |   |   |   |   |   |   #17523=CARTESIAN_POINT('',(-5.26524040684042029E+03,1.68500000000000014E+01,1.70000000090731987E+02));
|   |   |   |   |   |   |   |   #17808=VERTEX_POINT('',#17809);
|   |   |   |   |   |   |   |   |   #17809=CARTESIAN_POINT('',(-5.43205955154683033E+03,-1.46791346153712993E+02,1.70000000090731987E+02));
|   |   |   |   |   |   |   |   #17810=(BOUNDED_CURVE()B_SPLINE_CURVE(11,(#17811,#17812,#17813,#17814,#17815,#17816,#17817,#17818,#17819,#17820,#17821,#17822),.UNSPECIFIED.,.F.,.F.)B_SPLINE_CURVE_WITH_KNOTS((12,12),(0.0,1.0),.UNSPECIFIED.)CURVE()GEOMETRIC_REPRESENTATION_ITEM()RATIONAL_B_SPLINE_CURVE((1.13255657422731426,1.13255657422731781,1.13255657422729450,1.13255657422738754,1.13255657422715972,1.13255657422752432,1.13255657422712419,1.13255657422742551,1.13255657422727518,1.13255657422732070,1.13255657422731448,1.13255657422731426))REPRESENTATION_ITEM(''));
|   |   |   |   |   |   |   |   |   #17811=CARTESIAN_POINT('Ctrl Pnt',(-5.26524040684000011E+03,1.68500000000000014E+01,1.70000000090732016E+02));
|   |   |   |   |   |   |   |   |   #17812=CARTESIAN_POINT('Ctrl Pnt',(-5.28648419391647349E+03,1.68499999999990493E+01,1.70000000090732016E+02));
|   |   |   |   |   |   |   |   |   #17813=CARTESIAN_POINT('Ctrl Pnt',(-5.30894366304995128E+03,1.38747027972137076E+01,1.70000000090732016E+02));
|   |   |   |   |   |   |   |   |   #17814=CARTESIAN_POINT('Ctrl Pnt',(-5.33204054431439727E+03,7.35712518274412641,1.70000000090731930E+02));
|   |   |   |   |   |   |   |   |   #17815=CARTESIAN_POINT('Ctrl Pnt',(-5.35491259334697861E+03,-3.15377299820243451,1.70000000090732044E+02));
|   |   |   |   |   |   |   |   |   #17816=CARTESIAN_POINT('Ctrl Pnt',(-5.37642857831289530E+03,-1.77963375644855226E+01,1.70000000090732016E+02));
|   |   |   |   |   |   |   |   |   #17817=CARTESIAN_POINT('Ctrl Pnt',(-5.39528138700448926E+03,-3.62900122472390052E+01,1.70000000090732101E+02));
|   |   |   |   |   |   |   |   |   #17818=CARTESIAN_POINT('Ctrl Pnt',(-5.41033501268740838E+03,-5.75204305175039323E+01,1.70000000090731874E+02));
|   |   |   |   |   |   |   |   |   #17819=CARTESIAN_POINT('Ctrl Pnt',(-5.42128381420232472E+03,-8.01861172025749909E+01,1.70000000090732101E+02));
|   |   |   |   |   |   |   |   |   #17820=CARTESIAN_POINT('Ctrl Pnt',(-5.42824435732568600E+03,-1.03153389167965116E+02,1.70000000090732016E+02));
|   |   |   |   |   |   |   |   |   #17821=CARTESIAN_POINT('Ctrl Pnt',(-5.43165101717981361E+03,-1.25551487655136597E+02,1.70000000090732016E+02));
|   |   |   |   |   |   |   |   |   #17822=CARTESIAN_POINT('Ctrl Pnt',(-5.43205955154682488E+03,-1.46791346153287918E+02,1.70000000090732016E+02));
|   |   |   |   |   |   #17823=ORIENTED_EDGE('',*,*,#17824,.F.);
|   |   |   |   |   |   |   #17824=EDGE_CURVE('',#17691,#17808,#17825,.T.);
|   |   |   |   |   |   |   |   #17691=VERTEX_POINT('',#17692);
|   |   |   |   |   |   |   |   |   #17692=CARTESIAN_POINT('',(-5.43153904405687990E+03,-1.46801357764708001E+02,1.65843881789557997E+02));
|   |   |   |   |   |   |   |   #17808=VERTEX_POINT('',#17809);
|   |   |   |   |   |   |   |   |   #17809=CARTESIAN_POINT('',(-5.43205955154683033E+03,-1.46791346153712993E+02,1.70000000090731987E+02));
|   |   |   |   |   |   |   |   #17825=(BOUNDED_CURVE()B_SPLINE_CURVE(6,(#17826,#17827,#17828,#17829,#17830,#17831,#17832),.UNSPECIFIED.,.F.,.F.)B_SPLINE_CURVE_WITH_KNOTS((7,7),(1.32157037558084589,1.57079633217958659),.UNSPECIFIED.)CURVE()GEOMETRIC_REPRESENTATION_ITEM()RATIONAL_B_SPLINE_CURVE((1.00077676430742013,1.00025865325482677,9.99948215990260847E-01,9.99844807630970500E-01,9.99948215990261624E-01,1.00025865325482610,1.00077676430742013))REPRESENTATION_ITEM(''));
|   |   |   |   |   |   |   |   |   #17826=CARTESIAN_POINT('Ctrl Pnt',(-5.43153904405687626E+03,-1.46801357764707774E+02,1.65843881789558367E+02));
|   |   |   |   |   |   |   |   |   #17827=CARTESIAN_POINT('Ctrl Pnt',(-5.43171173695912512E+03,-1.46798036133138538E+02,1.66522518025121968E+02));
|   |   |   |   |   |   |   |   |   #17828=CARTESIAN_POINT('Ctrl Pnt',(-5.43185049145266566E+03,-1.46795367283994068E+02,1.67209344338176351E+02));
|   |   |   |   |   |   |   |   |   #17829=CARTESIAN_POINT('Ctrl Pnt',(-5.43195489333490514E+03,-1.46793359184181952E+02,1.67902447124766269E+02));
|   |   |   |   |   |   |   |   |   #17830=CARTESIAN_POINT('Ctrl Pnt',(-5.43202464197818335E+03,-1.46792017616072542E+02,1.68599891448862905E+02));
|   |   |   |   |   |   |   |   |   #17831=CARTESIAN_POINT('Ctrl Pnt',(-5.43205955155061019E+03,-1.46791346154016935E+02,1.69299727992227702E+02));
|   |   |   |   |   |   |   |   |   #17832=CARTESIAN_POINT('Ctrl Pnt',(-5.43205955154684125E+03,-1.46791346154137756E+02,1.70000000090732016E+02));
|   |   |   |   #17717=(BOUNDED_SURFACE()B_SPLINE_SURFACE(6,11,((#17718,#17719,#17720,#17721,#17722,#17723,#17724,#17725,#17726,#17727,#17728,#17729),(#17730,#17731,#17732,#17733,#17734,#17735,#17736,#17737,#17738,#17739,#17740,#17741),(#17742,#17743,#17744,#17745,#17746,#17747,#17748,#17749,#17750,#17751,#17752,#17753),(#17754,#17755,#17756,#17757,#17758,#17759,#17760,#17761,#17762,#17763,#17764,#17765),(#17766,#17767,#17768,#17769,#17770,#17771,#17772,#17773,#17774,#17775,#17776,#17777),(#17778,#17779,#17780,#17781,#17782,#17783,#17784,#17785,#17786,#17787,#17788,#17789),(#17790,#17791,#17792,#17793,#17794,#17795,#17796,#17797,#17798,#17799,#17800,#17801)),.UNSPECIFIED.,.F.,.F.,.F.)B_SPLINE_SURFACE_WITH_KNOTS((7,7),(12,12),(1.32157037558084589,1.57079633217958659),(0.0,1.0),.UNSPECIFIED.)SURFACE()GEOMETRIC_REPRESENTATION_ITEM()RATIONAL_B_SPLINE_SURFACE(((1.00077676430742013,1.00077676430740037,1.00077676430749873,1.00077676430724583,1.00077676430770057,1.00077676430706686,1.00077676430777363,1.00077676430714235,1.00077676430758644,1.00077676430734952,1.00077676430743745,1.00077676430742013),(1.00025865325482677,1.00025865325480789,1.00025865325490204,1.00025865325466246,1.00025865325508190,1.00025865325452235,1.00025865325511987,1.00025865325459584,1.00025865325497176,1.00025865325476082,1.00025865325484409,1.00025865325482677),(9.99948215990260847E-01,9.99948215990273059E-01,9.99948215990209222E-01,9.99948215990404399E-01,9.99948215989989952E-01,9.99948215990628109E-01,9.99948215989897138E-01,9.99948215990523526E-01,9.99948215990125511E-01,9.99948215990307143E-01,9.99948215990252187E-01,9.99948215990260847E-01),(9.99844807630970500E-01,9.99844807630956067E-01,9.99844807631028898E-01,9.99844807630846377E-01,9.99844807631158794E-01,9.99844807630752452E-01,9.99844807631168897E-01,9.99844807630826393E-01,9.99844807631052768E-01,9.99844807630936527E-01,9.99844807630979049E-01,9.99844807630970500E-01),(9.99948215990261624E-01,9.99948215990256406E-01,9.99948215990284162E-01,9.99948215990215883E-01,9.99948215990335676E-01,9.99948215990160150E-01,9.99948215990377420E-01,9.99948215990153710E-01,9.99948215990341005E-01,9.99948215990219436E-01,9.99948215990274392E-01,9.99948215990261624E-01),(1.00025865325482610,1.00025865325481678,1.00025865325485874,1.00025865325477459,1.00025865325487340,1.00025865325480190,1.00025865325483077,1.00025865325482521,1.00025865325483077,1.00025865325482122,1.00025865325482810,1.00025865325482610),(1.00077676430742013,1.00077676430740037,1.00077676430749873,1.00077676430724583,1.00077676430770057,1.00077676430706686,1.00077676430777363,1.00077676430714235,1.00077676430758644,1.00077676430734952,1.00077676430743745,1.00077676430742013)))REPRESENTATION_ITEM(''));
|   |   |   |   |   #17718=CARTESIAN_POINT('Ctrl Pnt',(-5.26524040684056308E+03,1.63293962356492415E+01,1.65843881789558367E+02));
|   |   |   |   |   #17719=CARTESIAN_POINT('Ctrl Pnt',(-5.28641790925703481E+03,1.63293962355778817E+01,1.65843881789558367E+02));
|   |   |   |   |   #17720=CARTESIAN_POINT('Ctrl Pnt',(-5.30880730057104938E+03,1.33633825264102342E+01,1.65843881789558452E+02));
|   |   |   |   |   #17721=CARTESIAN_POINT('Ctrl Pnt',(-5.33183211516882511E+03,6.86614099483083606,1.65843881789558111E+02));
|   |   |   |   |   #17722=CARTESIAN_POINT('Ctrl Pnt',(-5.35463279905406034E+03,-3.61196118286395063,1.65843881789558793E+02));
|   |   |   |   |   #17723=CARTESIAN_POINT('Ctrl Pnt',(-5.37608165005074079E+03,-1.82088381601468470E+01,1.65843881789557656E+02));
|   |   |   |   |   #17724=CARTESIAN_POINT('Ctrl Pnt',(-5.39487563438995949E+03,-3.66448090571948342E+01,1.65843881789559418E+02));
|   |   |   |   |   #17725=CARTESIAN_POINT('Ctrl Pnt',(-5.40988228989487106E+03,-5.78089843807483987E+01,1.65843881789557287E+02));
|   |   |   |   |   #17726=CARTESIAN_POINT('Ctrl Pnt',(-5.42079692906454966E+03,-8.04039498083536159E+01,1.65843881789559106E+02));
|   |   |   |   |   #17727=CARTESIAN_POINT('Ctrl Pnt',(-5.42773575396818524E+03,-1.03299559512823549E+02,1.65843881789558083E+02));
|   |   |   |   |   #17728=CARTESIAN_POINT('Ctrl Pnt',(-5.43113178439493549E+03,-1.25627771668641202E+02,1.65843881789558452E+02));
|   |   |   |   |   #17729=CARTESIAN_POINT('Ctrl Pnt',(-5.43153904405687626E+03,-1.46801357764707774E+02,1.65843881789558367E+02));
|   |   |   |   |   #17730=CARTESIAN_POINT('Ctrl Pnt',(-5.26524040684061038E+03,1.65021210796170763E+01,1.66522518025121968E+02));
|   |   |   |   |   #17731=CARTESIAN_POINT('Ctrl Pnt',(-5.28643990104496334E+03,1.65021210795401245E+01,1.66522518025121997E+02));
|   |   |   |   |   #17732=CARTESIAN_POINT('Ctrl Pnt',(-5.30885254263348907E+03,1.35330273119578948E+01,1.66522518025121826E+02));
|   |   |   |   |   #17733=CARTESIAN_POINT('Ctrl Pnt',(-5.33190126736137790E+03,7.02903871668836899,1.66522518025122224E+02));
|   |   |   |   |   #17734=CARTESIAN_POINT('Ctrl Pnt',(-5.35472562862813265E+03,-3.45994445142365947,1.66522518025121428E+02));
|   |   |   |   |   #17735=CARTESIAN_POINT('Ctrl Pnt',(-5.37619675319469388E+03,-1.80719795628277176E+01,1.66522518025122736E+02));
|   |   |   |   |   #17736=CARTESIAN_POINT('Ctrl Pnt',(-5.39501025415634376E+03,-3.65270953030208148E+01,1.66522518025121286E+02));
|   |   |   |   |   #17737=CARTESIAN_POINT('Ctrl Pnt',(-5.41003249333001077E+03,-5.77132485749073325E+01,1.66522518025122423E+02));
|   |   |   |   |   #17738=CARTESIAN_POINT('Ctrl Pnt',(-5.42095846681219882E+03,-8.03316777555866679E+01,1.66522518025121741E+02));
|   |   |   |   |   #17739=CARTESIAN_POINT('Ctrl Pnt',(-5.42790449734196682E+03,-1.03251063417291050E+02,1.66522518025122082E+02));
|   |   |   |   |   #17740=CARTESIAN_POINT('Ctrl Pnt',(-5.43130405437819263E+03,-1.25602462316096023E+02,1.66522518025121940E+02));
|   |   |   |   |   #17741=CARTESIAN_POINT('Ctrl Pnt',(-5.43171173695912512E+03,-1.46798036133138538E+02,1.66522518025121968E+02));
|   |   |   |   |   #17742=CARTESIAN_POINT('Ctrl Pnt',(-5.26524040684065767E+03,1.66409012375406462E+01,1.67209344338176351E+02));
|   |   |   |   |   #17743=CARTESIAN_POINT('Ctrl Pnt',(-5.28645757090491952E+03,1.66409012374553669E+01,1.67209344338176379E+02));
|   |   |   |   |   #17744=CARTESIAN_POINT('Ctrl Pnt',(-5.30888889351634680E+03,1.36693327188102103E+01,1.67209344338176294E+02));
|   |   |   |   |   #17745=CARTESIAN_POINT('Ctrl Pnt',(-5.33195682944491455E+03,7.15992302401024716,1.67209344338176408E+02));
|   |   |   |   |   #17746=CARTESIAN_POINT('Ctrl Pnt',(-5.35480021490447598E+03,-3.33780275184557240,1.67209344338176095E+02));
|   |   |   |   |   #17747=CARTESIAN_POINT('Ctrl Pnt',(-5.37628923573594420E+03,-1.79620170507468977E+01,1.67209344338176948E+02));
|   |   |   |   |   #17748=CARTESIAN_POINT('Ctrl Pnt',(-5.39511841782289048E+03,-3.64325152008057813E+01,1.67209344338175555E+02));
|   |   |   |   |   #17749=CARTESIAN_POINT('Ctrl Pnt',(-5.41015317809070621E+03,-5.76363272129045754E+01,1.67209344338177004E+02));
|   |   |   |   |   #17750=CARTESIAN_POINT('Ctrl Pnt',(-5.42108825841374710E+03,-8.02736089412512399E+01,1.67209344338175981E+02));
|   |   |   |   |   #17751=CARTESIAN_POINT('Ctrl Pnt',(-5.42804007848666151E+03,-1.03212097998996356E+02,1.67209344338176493E+02));
|   |   |   |   |   #17752=CARTESIAN_POINT('Ctrl Pnt',(-5.43144246906674198E+03,-1.25582126874704414E+02,1.67209344338176322E+02));
|   |   |   |   |   #17753=CARTESIAN_POINT('Ctrl Pnt',(-5.43185049145266566E+03,-1.46795367283994068E+02,1.67209344338176351E+02));
|   |   |   |   |   #17754=CARTESIAN_POINT('Ctrl Pnt',(-5.26524040684070496E+03,1.67453224302172572E+01,1.67902447124766269E+02));
|   |   |   |   |   #17755=CARTESIAN_POINT('Ctrl Pnt',(-5.28647086608976315E+03,1.67453224301276862E+01,1.67902447124766184E+02));
|   |   |   |   |   #17756=CARTESIAN_POINT('Ctrl Pnt',(-5.30891624470691204E+03,1.37718918552345855E+01,1.67902447124766667E+02));
|   |   |   |   |   #17757=CARTESIAN_POINT('Ctrl Pnt',(-5.33199863555840147E+03,7.25840320792942606,1.67902447124765160E+02));
|   |   |   |   |   #17758=CARTESIAN_POINT('Ctrl Pnt',(-5.35485633523210981E+03,-3.24590069517066127,1.67902447124768145E+02));
|   |   |   |   |   #17759=CARTESIAN_POINT('Ctrl Pnt',(-5.37635882160045185E+03,-1.78792788781086216E+01,1.67902447124763910E+02));
|   |   |   |   |   #17760=CARTESIAN_POINT('Ctrl Pnt',(-5.39519980250519075E+03,-3.63613510861273710E+01,1.67902447124768571E+02));
|   |   |   |   |   #17761=CARTESIAN_POINT('Ctrl Pnt',(-5.41024398391511477E+03,-5.75784499163206362E+01,1.67902447124764507E+02));
|   |   |   |   |   #17762=CARTESIAN_POINT('Ctrl Pnt',(-5.42118591642218507E+03,-8.02299167092970293E+01,1.67902447124767320E+02));
|   |   |   |   |   #17763=CARTESIAN_POINT('Ctrl Pnt',(-5.42814209267259776E+03,-1.03182779575459207E+02,1.67902447124765843E+02));
|   |   |   |   |   #17764=CARTESIAN_POINT('Ctrl Pnt',(-5.43154661527235567E+03,-1.25566826048749277E+02,1.67902447124766383E+02));
|   |   |   |   |   #17765=CARTESIAN_POINT('Ctrl Pnt',(-5.43195489333490514E+03,-1.46793359184181952E+02,1.67902447124766269E+02));
|   |   |   |   |   #17766=CARTESIAN_POINT('Ctrl Pnt',(-5.26524040684075317E+03,1.68150839743809541E+01,1.68599891448862905E+02));
|   |   |   |   |   #17767=CARTESIAN_POINT('Ctrl Pnt',(-5.28647974831570446E+03,1.68150839742853790E+01,1.68599891448862934E+02));
|   |   |   |   |   #17768=CARTESIAN_POINT('Ctrl Pnt',(-5.30893451744677532E+03,1.38404093998208779E+01,1.68599891448862820E+02));
|   |   |   |   |   #17769=CARTESIAN_POINT('Ctrl Pnt',(-5.33202656532014498E+03,7.32419569240846613,1.68599891448863076E+02));
|   |   |   |   |   #17770=CARTESIAN_POINT('Ctrl Pnt',(-5.35489382801130523E+03,-3.18450291546239583,1.68599891448862536E+02));
|   |   |   |   |   #17771=CARTESIAN_POINT('Ctrl Pnt',(-5.37640531041398299E+03,-1.78240032914548117E+01,1.68599891448863417E+02));
|   |   |   |   |   #17772=CARTESIAN_POINT('Ctrl Pnt',(-5.39525417385424407E+03,-3.63138078777218922E+01,1.68599891448862508E+02));
|   |   |   |   |   #17773=CARTESIAN_POINT('Ctrl Pnt',(-5.41030464932569885E+03,-5.75397833441469331E+01,1.68599891448863104E+02));
|   |   |   |   |   #17774=CARTESIAN_POINT('Ctrl Pnt',(-5.42125115962900963E+03,-8.02007268725672020E+01,1.68599891448862820E+02));
|   |   |   |   |   #17775=CARTESIAN_POINT('Ctrl Pnt',(-5.42821024614752787E+03,-1.03163192569744311E+02,1.68599891448862962E+02));
|   |   |   |   |   #17776=CARTESIAN_POINT('Ctrl Pnt',(-5.43161619310360493E+03,-1.25556603897322503E+02,1.68599891448862905E+02));
|   |   |   |   |   #17777=CARTESIAN_POINT('Ctrl Pnt',(-5.43202464197818335E+03,-1.46792017616072542E+02,1.68599891448862905E+02));
|   |   |   |   |   #17778=CARTESIAN_POINT('Ctrl Pnt',(-5.26524040684080137E+03,1.68500000037707309E+01,1.69299727992227702E+02));
|   |   |   |   |   #17779=CARTESIAN_POINT('Ctrl Pnt',(-5.28648419391775406E+03,1.68500000036687894E+01,1.69299727992227702E+02));
|   |   |   |   |   #17780=CARTESIAN_POINT('Ctrl Pnt',(-5.30894366305172662E+03,1.38747028007031474E+01,1.69299727992227702E+02));
|   |   |   |   |   #17781=CARTESIAN_POINT('Ctrl Pnt',(-5.33204054431666827E+03,7.35712518598835175,1.69299727992227616E+02));
|   |   |   |   |   #17782=CARTESIAN_POINT('Ctrl Pnt',(-5.35491259334970164E+03,-3.15377299532772071,1.69299727992227758E+02));
|   |   |   |   |   #17783=CARTESIAN_POINT('Ctrl Pnt',(-5.37642857831605306E+03,-1.77963375620185715E+01,1.69299727992227645E+02));
|   |   |   |   |   #17784=CARTESIAN_POINT('Ctrl Pnt',(-5.39528138700796808E+03,-3.62900122453040268E+01,1.69299727992227844E+02));
|   |   |   |   |   #17785=CARTESIAN_POINT('Ctrl Pnt',(-5.41033501269113367E+03,-5.75204305161051792E+01,1.69299727992227503E+02));
|   |   |   |   |   #17786=CARTESIAN_POINT('Ctrl Pnt',(-5.42128381420618643E+03,-8.01861172017500792E+01,1.69299727992227844E+02));
|   |   |   |   |   #17787=CARTESIAN_POINT('Ctrl Pnt',(-5.42824435732959500E+03,-1.03153389167688147E+02,1.69299727992227673E+02));
|   |   |   |   |   #17788=CARTESIAN_POINT('Ctrl Pnt',(-5.43165101718369169E+03,-1.25551487655384136E+02,1.69299727992227702E+02));
|   |   |   |   |   #17789=CARTESIAN_POINT('Ctrl Pnt',(-5.43205955155061019E+03,-1.46791346154016935E+02,1.69299727992227702E+02));
|   |   |   |   |   #17790=CARTESIAN_POINT('Ctrl Pnt',(-5.26524040684085048E+03,1.68499999999999943E+01,1.70000000090732016E+02));
|   |   |   |   |   #17791=CARTESIAN_POINT('Ctrl Pnt',(-5.28648419391732205E+03,1.68499999998925105E+01,1.70000000090732016E+02));
|   |   |   |   |   #17792=CARTESIAN_POINT('Ctrl Pnt',(-5.30894366305078984E+03,1.38747027969844297E+01,1.70000000090732016E+02));
|   |   |   |   |   #17793=CARTESIAN_POINT('Ctrl Pnt',(-5.33204054431518489E+03,7.35712518241786739,1.70000000090731930E+02));
|   |   |   |   |   #17794=CARTESIAN_POINT('Ctrl Pnt',(-5.35491259334775259E+03,-3.15377299867756733,1.70000000090732044E+02));
|   |   |   |   |   #17795=CARTESIAN_POINT('Ctrl Pnt',(-5.37642857831354740E+03,-1.77963375650388826E+01,1.70000000090732016E+02));
|   |   |   |   |   #17796=CARTESIAN_POINT('Ctrl Pnt',(-5.39528138700507316E+03,-3.62900122479014513E+01,1.70000000090732101E+02));
|   |   |   |   |   #17797=CARTESIAN_POINT('Ctrl Pnt',(-5.41033501268788586E+03,-5.75204305182539883E+01,1.70000000090731874E+02));
|   |   |   |   |   #17798=CARTESIAN_POINT('Ctrl Pnt',(-5.42128381420267033E+03,-8.01861172033574832E+01,1.70000000090732101E+02));
|   |   |   |   |   #17799=CARTESIAN_POINT('Ctrl Pnt',(-5.42824435732593156E+03,-1.03153389168802960E+02,1.70000000090732016E+02));
|   |   |   |   |   #17800=CARTESIAN_POINT('Ctrl Pnt',(-5.43165101717993639E+03,-1.25551487655982157E+02,1.70000000090732016E+02));
|   |   |   |   |   #17801=CARTESIAN_POINT('Ctrl Pnt',(-5.43205955154684125E+03,-1.46791346154137756E+02,1.70000000090732016E+02));
|   |   |   #17833=ADVANCED_FACE('',(#17919),#17834,.F.);
|   |   |   |   #17919=FACE_OUTER_BOUND('',#17920,.F.);
|   |   |   |   |   #17920=EDGE_LOOP('',(#17921,#17922,#17923,#17924));
|   |   |   |   |   |   #17921=ORIENTED_EDGE('',*,*,#17807,.F.);
|   |   |   |   |   |   |   #17807=EDGE_CURVE('',#17522,#17808,#17810,.T.);
|   |   |   |   |   |   |   |   #17522=VERTEX_POINT('',#17523);
|   |   |   |   |   |   |   |   |   #17523=CARTESIAN_POINT('',(-5.26524040684042029E+03,1.68500000000000014E+01,1.70000000090731987E+02));
|   |   |   |   |   |   |   |   #17808=VERTEX_POINT('',#17809);
|   |   |   |   |   |   |   |   |   #17809=CARTESIAN_POINT('',(-5.43205955154683033E+03,-1.46791346153712993E+02,1.70000000090731987E+02));
|   |   |   |   |   |   |   |   #17810=(BOUNDED_CURVE()B_SPLINE_CURVE(11,(#17811,#17812,#17813,#17814,#17815,#17816,#17817,#17818,#17819,#17820,#17821,#17822),.UNSPECIFIED.,.F.,.F.)B_SPLINE_CURVE_WITH_KNOTS((12,12),(0.0,1.0),.UNSPECIFIED.)CURVE()GEOMETRIC_REPRESENTATION_ITEM()RATIONAL_B_SPLINE_CURVE((1.13255657422731426,1.13255657422731781,1.13255657422729450,1.13255657422738754,1.13255657422715972,1.13255657422752432,1.13255657422712419,1.13255657422742551,1.13255657422727518,1.13255657422732070,1.13255657422731448,1.13255657422731426))REPRESENTATION_ITEM(''));
|   |   |   |   |   |   |   |   |   #17811=CARTESIAN_POINT('Ctrl Pnt',(-5.26524040684000011E+03,1.68500000000000014E+01,1.70000000090732016E+02));
|   |   |   |   |   |   |   |   |   #17812=CARTESIAN_POINT('Ctrl Pnt',(-5.28648419391647349E+03,1.68499999999990493E+01,1.70000000090732016E+02));
|   |   |   |   |   |   |   |   |   #17813=CARTESIAN_POINT('Ctrl Pnt',(-5.30894366304995128E+03,1.38747027972137076E+01,1.70000000090732016E+02));
|   |   |   |   |   |   |   |   |   #17814=CARTESIAN_POINT('Ctrl Pnt',(-5.33204054431439727E+03,7.35712518274412641,1.70000000090731930E+02));
|   |   |   |   |   |   |   |   |   #17815=CARTESIAN_POINT('Ctrl Pnt',(-5.35491259334697861E+03,-3.15377299820243451,1.70000000090732044E+02));
|   |   |   |   |   |   |   |   |   #17816=CARTESIAN_POINT('Ctrl Pnt',(-5.37642857831289530E+03,-1.77963375644855226E+01,1.70000000090732016E+02));
|   |   |   |   |   |   |   |   |   #17817=CARTESIAN_POINT('Ctrl Pnt',(-5.39528138700448926E+03,-3.62900122472390052E+01,1.70000000090732101E+02));
|   |   |   |   |   |   |   |   |   #17818=CARTESIAN_POINT('Ctrl Pnt',(-5.41033501268740838E+03,-5.75204305175039323E+01,1.70000000090731874E+02));
|   |   |   |   |   |   |   |   |   #17819=CARTESIAN_POINT('Ctrl Pnt',(-5.42128381420232472E+03,-8.01861172025749909E+01,1.70000000090732101E+02));
|   |   |   |   |   |   |   |   |   #17820=CARTESIAN_POINT('Ctrl Pnt',(-5.42824435732568600E+03,-1.03153389167965116E+02,1.70000000090732016E+02));
|   |   |   |   |   |   |   |   |   #17821=CARTESIAN_POINT('Ctrl Pnt',(-5.43165101717981361E+03,-1.25551487655136597E+02,1.70000000090732016E+02));
|   |   |   |   |   |   |   |   |   #17822=CARTESIAN_POINT('Ctrl Pnt',(-5.43205955154682488E+03,-1.46791346153287918E+02,1.70000000090732016E+02));
|   |   |   |   |   |   #17922=ORIENTED_EDGE('',*,*,#17550,.T.);
|   |   |   |   |   |   |   #17550=EDGE_CURVE('',#17522,#17485,#17551,.T.);
|   |   |   |   |   |   |   |   #17522=VERTEX_POINT('',#17523);
|   |   |   |   |   |   |   |   |   #17523=CARTESIAN_POINT('',(-5.26524040684042029E+03,1.68500000000000014E+01,1.70000000090731987E+02));
|   |   |   |   |   |   |   |   #17485=VERTEX_POINT('',#17486);
|   |   |   |   |   |   |   |   |   #17486=CARTESIAN_POINT('',(-5.26524040684042029E+03,-1.68500000000000014E+01,170.0));
|   |   |   |   |   |   |   |   #17551=CIRCLE('',#17552,1.68500000000000014E+01);
|   |   |   |   |   |   |   |   |   #17552=AXIS2_PLACEMENT_3D('',#17553,#17554,#17555);
|   |   |   |   |   |   |   |   |   |   #17553=CARTESIAN_POINT('',(-5.26524040684000011E+03,0.0,170.0));
|   |   |   |   |   |   |   |   |   |   #17554=DIRECTION('',(1.0,-0.0,6.90000164711686333E-11));
|   |   |   |   |   |   |   |   |   |   #17555=DIRECTION('',(6.90000164711686333E-11,0.0,-1.0));
|   |   |   |   |   |   #17923=ORIENTED_EDGE('',*,*,#17672,.T.);
|   |   |   |   |   |   |   #17672=EDGE_CURVE('',#17485,#17673,#17675,.T.);
|   |   |   |   |   |   |   |   #17485=VERTEX_POINT('',#17486);
|   |   |   |   |   |   |   |   |   #17486=CARTESIAN_POINT('',(-5.26524040684042029E+03,-1.68500000000000014E+01,170.0));
|   |   |   |   |   |   |   |   #17673=VERTEX_POINT('',#17674);
|   |   |   |   |   |   |   |   |   #17674=CARTESIAN_POINT('',(-5.39836578363195986E+03,-1.47439423077031989E+02,170.0));
|   |   |   |   |   |   |   |   #17675=(BOUNDED_CURVE()B_SPLINE_CURVE(11,(#17676,#17677,#17678,#17679,#17680,#17681,#17682,#17683,#17684,#17685,#17686,#17687),.UNSPECIFIED.,.F.,.F.)B_SPLINE_CURVE_WITH_KNOTS((12,12),(0.0,1.0),.UNSPECIFIED.)CURVE()GEOMETRIC_REPRESENTATION_ITEM()RATIONAL_B_SPLINE_CURVE((1.13255657422731426,1.13255657422731781,1.13255657422729450,1.13255657422738754,1.13255657422715972,1.13255657422752432,1.13255657422712419,1.13255657422742551,1.13255657422727518,1.13255657422732070,1.13255657422731448,1.13255657422731426))REPRESENTATION_ITEM(''));
|   |   |   |   |   |   |   |   |   #17676=CARTESIAN_POINT('Ctrl Pnt',(-5.26524040684000011E+03,-1.68500000000000014E+01,1.70000000000000057E+02));
|   |   |   |   |   |   |   |   |   #17677=CARTESIAN_POINT('Ctrl Pnt',(-5.28219342002089616E+03,-1.68500000000003034E+01,1.70000000000000057E+02));
|   |   |   |   |   |   |   |   |   #17678=CARTESIAN_POINT('Ctrl Pnt',(-5.30011657444177672E+03,-1.92243531468464433E+01,1.70000000000000057E+02));
|   |   |   |   |   |   |   |   |   #17679=CARTESIAN_POINT('Ctrl Pnt',(-5.31854839787817946E+03,-2.44255246144282943E+01,170.0));
|   |   |   |   |   |   |   |   |   #17680=CARTESIAN_POINT('Ctrl Pnt',(-5.33680080020777041E+03,-3.28134544483867856E+01,1.70000000000000085E+02));
|   |   |   |   |   |   |   |   |   #17681=CARTESIAN_POINT('Ctrl Pnt',(-5.35397103334062649E+03,-4.44985456800419854E+01,1.70000000000000057E+02));
|   |   |   |   |   |   |   |   |   #17682=CARTESIAN_POINT('Ctrl Pnt',(-5.36901599274902765E+03,-5.92569081853758846E+01,1.70000000000000142E+02));
|   |   |   |   |   |   |   |   |   #17683=CARTESIAN_POINT('Ctrl Pnt',(-5.38102911986728031E+03,-7.61992527624773004E+01,1.69999999999999915E+02));
|   |   |   |   |   |   |   |   |   #17684=CARTESIAN_POINT('Ctrl Pnt',(-5.38976650627252911E+03,-9.42869733625535105E+01,1.70000000000000142E+02));
|   |   |   |   |   |   |   |   |   #17685=CARTESIAN_POINT('Ctrl Pnt',(-5.39532117403923166E+03,-1.12615365704137886E+02,1.70000000000000057E+02));
|   |   |   |   |   |   |   |   |   #17686=CARTESIAN_POINT('Ctrl Pnt',(-5.39803976414757835E+03,-1.30489544988336746E+02,1.70000000000000057E+02));
|   |   |   |   |   |   |   |   |   #17687=CARTESIAN_POINT('Ctrl Pnt',(-5.39836578363194985E+03,-1.47439423076612030E+02,1.70000000000000057E+02));
|   |   |   |   |   |   #17924=ORIENTED_EDGE('',*,*,#17925,.F.);
|   |   |   |   |   |   |   #17925=EDGE_CURVE('',#17808,#17673,#17926,.T.);
|   |   |   |   |   |   |   |   #17808=VERTEX_POINT('',#17809);
|   |   |   |   |   |   |   |   |   #17809=CARTESIAN_POINT('',(-5.43205955154683033E+03,-1.46791346153712993E+02,1.70000000090731987E+02));
|   |   |   |   |   |   |   |   #17673=VERTEX_POINT('',#17674);
|   |   |   |   |   |   |   |   |   #17674=CARTESIAN_POINT('',(-5.39836578363195986E+03,-1.47439423077031989E+02,170.0));
|   |   |   |   |   |   |   |   #17926=(BOUNDED_CURVE()B_SPLINE_CURVE(6,(#17927,#17928,#17929,#17930,#17931,#17932,#17933),.UNSPECIFIED.,.F.,.F.)B_SPLINE_CURVE_WITH_KNOTS((7,7),(1.57079633217958659,4.71238898038468612),.UNSPECIFIED.)CURVE()GEOMETRIC_REPRESENTATION_ITEM()RATIONAL_B_SPLINE_CURVE((1.13255657422731426,1.03634663123625681,9.92316309374136840E-01,9.76461899774308195E-01,9.92316309374137728E-01,1.03634663123625703,1.13255657422731426))REPRESENTATION_ITEM(''));
|   |   |   |   |   |   |   |   |   #17927=CARTESIAN_POINT('Ctrl Pnt',(-5.43205955154682488E+03,-1.46791346153287918E+02,1.70000000090732016E+02));
|   |   |   |   |   |   |   |   |   #17928=CARTESIAN_POINT('Ctrl Pnt',(-5.43205955149494366E+03,-1.46791346154951015E+02,1.79639012225437568E+02));
|   |   |   |   |   |   |   |   |   #17929=CARTESIAN_POINT('Ctrl Pnt',(-5.42573738218074959E+03,-1.46912948822479507E+02,1.88092918716632710E+02));
|   |   |   |   |   |   |   |   |   #17930=CARTESIAN_POINT('Ctrl Pnt',(-5.41521266753153668E+03,-1.47115384617546596E+02,1.91501645759143173E+02));
|   |   |   |   |   |   |   |   |   #17931=CARTESIAN_POINT('Ctrl Pnt',(-5.40468795290066555E+03,-1.47317820411790365E+02,1.88092918659949959E+02));
|   |   |   |   |   |   |   |   |   #17932=CARTESIAN_POINT('Ctrl Pnt',(-5.39836578363196259E+03,-1.47439423077277013E+02,1.79639012134705581E+02));
|   |   |   |   |   |   |   |   |   #17933=CARTESIAN_POINT('Ctrl Pnt',(-5.39836578363194985E+03,-1.47439423076612030E+02,1.70000000000000057E+02));
|   |   |   |   #17834=(BOUNDED_SURFACE()B_SPLINE_SURFACE(6,11,((#17835,#17836,#17837,#17838,#17839,#17840,#17841,#17842,#17843,#17844,#17845,#17846),(#17847,#17848,#17849,#17850,#17851,#17852,#17853,#17854,#17855,#17856,#17857,#17858),(#17859,#17860,#17861,#17862,#17863,#17864,#17865,#17866,#17867,#17868,#17869,#17870),(#17871,#17872,#17873,#17874,#17875,#17876,#17877,#17878,#17879,#17880,#17881,#17882),(#17883,#17884,#17885,#17886,#17887,#17888,#17889,#17890,#17891,#17892,#17893,#17894),(#17895,#17896,#17897,#17898,#17899,#17900,#17901,#17902,#17903,#17904,#17905,#17906),(#17907,#17908,#17909,#17910,#17911,#17912,#17913,#17914,#17915,#17916,#17917,#17918)),.UNSPECIFIED.,.F.,.F.,.F.)B_SPLINE_SURFACE_WITH_KNOTS((7,7),(12,12),(1.57079633217958659,4.71238898038468612),(0.0,1.0),.UNSPECIFIED.)SURFACE()GEOMETRIC_REPRESENTATION_ITEM()RATIONAL_B_SPLINE_SURFACE(((1.13255657422731426,1.13255657422731781,1.13255657422729450,1.13255657422738754,1.13255657422715972,1.13255657422752432,1.13255657422712419,1.13255657422742551,1.13255657422727518,1.13255657422732070,1.13255657422731448,1.13255657422731426),(1.03634663123625681,1.03634663123621418,1.03634663123643334,1.03634663123584359,1.03634663123693938,1.03634663123541459,1.03634663123705528,1.03634663123566773,1.03634663123659143,1.03634663123611892,1.03634663123629034,1.03634663123625681),(9.92316309374136840E-01,9.92316309374130179E-01,9.92316309374162708E-01,9.92316309374089989E-01,9.92316309374202676E-01,9.92316309374055239E-01,9.92316309374231320E-01,9.92316309374043581E-01,9.92316309374208005E-01,9.92316309374099537E-01,9.92316309374147609E-01,9.92316309374136840E-01),(9.76461899774308195E-01,9.76461899774289988E-01,9.76461899774378694E-01,9.76461899774161979E-01,9.76461899774519471E-01,9.76461899774076714E-01,9.76461899774506481E-01,9.76461899774173081E-01,9.76461899774381248E-01,9.76461899774278108E-01,9.76461899774316300E-01,9.76461899774308195E-01),(9.92316309374137728E-01,9.92316309374117855E-01,9.92316309374218330E-01,9.92316309373958427E-01,9.92316309374429273E-01,9.92316309373764360E-01,9.92316309374527750E-01,9.92316309373809879E-01,9.92316309374350669E-01,9.92316309374039029E-01,9.92316309374164152E-01,9.92316309374137728E-01),(1.03634663123625703,1.03634663123622395,1.03634663123639004,1.03634663123595350,1.03634663123675108,1.03634663123565063,1.03634663123683213,1.03634663123583048,1.03634663123650084,1.03634663123615556,1.03634663123628212,1.03634663123625703),(1.13255657422731426,1.13255657422731781,1.13255657422729450,1.13255657422738754,1.13255657422715972,1.13255657422752432,1.13255657422712419,1.13255657422742551,1.13255657422727518,1.13255657422732070,1.13255657422731448,1.13255657422731426)))REPRESENTATION_ITEM(''));
|   |   |   |   |   #17835=CARTESIAN_POINT('Ctrl Pnt',(-5.26524040684000011E+03,1.68500000000000014E+01,1.70000000090732016E+02));
|   |   |   |   |   #17836=CARTESIAN_POINT('Ctrl Pnt',(-5.28648419391647349E+03,1.68499999999990493E+01,1.70000000090732016E+02));
|   |   |   |   |   #17837=CARTESIAN_POINT('Ctrl Pnt',(-5.30894366304995128E+03,1.38747027972137076E+01,1.70000000090732016E+02));
|   |   |   |   |   #17838=CARTESIAN_POINT('Ctrl Pnt',(-5.33204054431439727E+03,7.35712518274412730,1.70000000090731930E+02));
|   |   |   |   |   #17839=CARTESIAN_POINT('Ctrl Pnt',(-5.35491259334697861E+03,-3.15377299820243451,1.70000000090732044E+02));
|   |   |   |   |   #17840=CARTESIAN_POINT('Ctrl Pnt',(-5.37642857831289530E+03,-1.77963375644855226E+01,1.70000000090732016E+02));
|   |   |   |   |   #17841=CARTESIAN_POINT('Ctrl Pnt',(-5.39528138700448926E+03,-3.62900122472390052E+01,1.70000000090732101E+02));
|   |   |   |   |   #17842=CARTESIAN_POINT('Ctrl Pnt',(-5.41033501268740838E+03,-5.75204305175039394E+01,1.70000000090731874E+02));
|   |   |   |   |   #17843=CARTESIAN_POINT('Ctrl Pnt',(-5.42128381420232472E+03,-8.01861172025749909E+01,1.70000000090732101E+02));
|   |   |   |   |   #17844=CARTESIAN_POINT('Ctrl Pnt',(-5.42824435732568600E+03,-1.03153389167965116E+02,1.70000000090732016E+02));
|   |   |   |   |   #17845=CARTESIAN_POINT('Ctrl Pnt',(-5.43165101717981361E+03,-1.25551487655136597E+02,1.70000000090732016E+02));
|   |   |   |   |   #17846=CARTESIAN_POINT('Ctrl Pnt',(-5.43205955154682488E+03,-1.46791346153287918E+02,1.70000000090732016E+02));
|   |   |   |   |   #17847=CARTESIAN_POINT('Ctrl Pnt',(-5.26524040684066495E+03,1.68499999480968725E+01,1.79639012225437568E+02));
|   |   |   |   |   #17848=CARTESIAN_POINT('Ctrl Pnt',(-5.28648419391052721E+03,1.68499999480149683E+01,1.79639012225437796E+02));
|   |   |   |   |   #17849=CARTESIAN_POINT('Ctrl Pnt',(-5.30894366303701554E+03,1.38747027460473902E+01,1.79639012225436630E+02));
|   |   |   |   |   #17850=CARTESIAN_POINT('Ctrl Pnt',(-5.33204054429424832E+03,7.35712513355948516,1.79639012225439785E+02));
|   |   |   |   |   #17851=CARTESIAN_POINT('Ctrl Pnt',(-5.35491259331964102E+03,-3.15377304428441363,1.79639012225433760E+02));
|   |   |   |   |   #17852=CARTESIAN_POINT('Ctrl Pnt',(-5.37642857827887747E+03,-1.77963376060157970E+01,1.79639012225442229E+02));
|   |   |   |   |   #17853=CARTESIAN_POINT('Ctrl Pnt',(-5.39528138696445967E+03,-3.62900122831462824E+01,1.79639012225433333E+02));
|   |   |   |   |   #17854=CARTESIAN_POINT('Ctrl Pnt',(-5.41033501264265306E+03,-5.75204305468548114E+01,1.79639012225440553E+02));
|   |   |   |   |   #17855=CARTESIAN_POINT('Ctrl Pnt',(-5.42128381415405147E+03,-8.01861172249030005E+01,1.79639012225435863E+02));
|   |   |   |   |   #17856=CARTESIAN_POINT('Ctrl Pnt',(-5.42824435727517539E+03,-1.03153389183195770E+02,1.79639012225438336E+02));
|   |   |   |   |   #17857=CARTESIAN_POINT('Ctrl Pnt',(-5.43165101712814158E+03,-1.25551487663402639E+02,1.79639012225437369E+02));
|   |   |   |   |   #17858=CARTESIAN_POINT('Ctrl Pnt',(-5.43205955149494366E+03,-1.46791346154951015E+02,1.79639012225437568E+02));
|   |   |   |   |   #17859=CARTESIAN_POINT('Ctrl Pnt',(-5.26524040684124884E+03,1.05266612693537525E+01,1.88092918716632710E+02));
|   |   |   |   |   #17860=CARTESIAN_POINT('Ctrl Pnt',(-5.28567908956287465E+03,1.05266612691956567E+01,1.88092918716632482E+02));
|   |   |   |   |   #17861=CARTESIAN_POINT('Ctrl Pnt',(-5.30728738200444241E+03,7.66412290373722271,1.88092918716633562E+02));
|   |   |   |   |   #17862=CARTESIAN_POINT('Ctrl Pnt',(-5.32950892971261783E+03,1.39355068893569012,1.88092918716630805E+02));
|   |   |   |   |   #17863=CARTESIAN_POINT('Ctrl Pnt',(-5.35151416595821684E+03,-8.71900185505663217,1.88092918716635353E+02));
|   |   |   |   |   #17864=CARTESIAN_POINT('Ctrl Pnt',(-5.37221473071984656E+03,-2.28066374694727294E+01,1.88092918716630066E+02));
|   |   |   |   |   #17865=CARTESIAN_POINT('Ctrl Pnt',(-5.39035304917832400E+03,-4.05994325036713022E+01,1.88092918716634614E+02));
|   |   |   |   |   #17866=CARTESIAN_POINT('Ctrl Pnt',(-5.40483616737338161E+03,-6.10252530747961046E+01,1.88092918716631800E+02));
|   |   |   |   |   #17867=CARTESIAN_POINT('Ctrl Pnt',(-5.41537002743969060E+03,-8.28319477643294420E+01,1.88092918716632965E+02));
|   |   |   |   |   #17868=CARTESIAN_POINT('Ctrl Pnt',(-5.42206677750374729E+03,-1.04928798151369790E+02,1.88092918716632681E+02));
|   |   |   |   |   #17869=CARTESIAN_POINT('Ctrl Pnt',(-5.42534433058995637E+03,-1.26478045792558888E+02,1.88092918716632710E+02));
|   |   |   |   |   #17870=CARTESIAN_POINT('Ctrl Pnt',(-5.42573738218074959E+03,-1.46912948822479507E+02,1.88092918716632710E+02));
|   |   |   |   |   #17871=CARTESIAN_POINT('Ctrl Pnt',(-5.26524040684148349E+03,-5.78897427772062656E-08,1.91501645759143173E+02));
|   |   |   |   |   #17872=CARTESIAN_POINT('Ctrl Pnt',(-5.28433880696279630E+03,-5.80783918735505722E-08,1.91501645759143258E+02));
|   |   |   |   |   #17873=CARTESIAN_POINT('Ctrl Pnt',(-5.30453011873215928E+03,-2.67482523206567180,1.91501645759142832E+02));
|   |   |   |   |   #17874=CARTESIAN_POINT('Ctrl Pnt',(-5.32529447107451324E+03,-8.53419977102525706,1.91501645759144083E+02));
|   |   |   |   |   #17875=CARTESIAN_POINT('Ctrl Pnt',(-5.34585669674755718E+03,-1.79836137750491289E+01,1.91501645759141269E+02));
|   |   |   |   |   #17876=CARTESIAN_POINT('Ctrl Pnt',(-5.36519980578938066E+03,-3.11474416691183684E+01,1.91501645759145902E+02));
|   |   |   |   |   #17877=CARTESIAN_POINT('Ctrl Pnt',(-5.38214868983263113E+03,-4.77734602569112425E+01,1.91501645759140388E+02));
|   |   |   |   |   #17878=CARTESIAN_POINT('Ctrl Pnt',(-5.39568206622783418E+03,-6.68598416733759393E+01,1.91501645759145333E+02));
|   |   |   |   |   #17879=CARTESIAN_POINT('Ctrl Pnt',(-5.40552516018390452E+03,-8.72365453081674644E+01,1.91501645759141866E+02));
|   |   |   |   |   #17880=CARTESIAN_POINT('Ctrl Pnt',(-5.41178276562632254E+03,-1.07884377453757565E+02,1.91501645759143798E+02));
|   |   |   |   |   #17881=CARTESIAN_POINT('Ctrl Pnt',(-5.41484539060617499E+03,-1.28020516331698218E+02,1.91501645759143031E+02));
|   |   |   |   |   #17882=CARTESIAN_POINT('Ctrl Pnt',(-5.41521266753153668E+03,-1.47115384617546596E+02,1.91501645759143173E+02));
|   |   |   |   |   #17883=CARTESIAN_POINT('Ctrl Pnt',(-5.26524040684124884E+03,-1.05266613667785691E+01,1.88092918659949959E+02));
|   |   |   |   |   #17884=CARTESIAN_POINT('Ctrl Pnt',(-5.28299852436458605E+03,-1.05266613669371552E+01,1.88092918659950925E+02));
|   |   |   |   |   #17885=CARTESIAN_POINT('Ctrl Pnt',(-5.30177285546422263E+03,-1.30137733497213759E+01,1.88092918659945980E+02));
|   |   |   |   |   #17886=CARTESIAN_POINT('Ctrl Pnt',(-5.32108001244330080E+03,-1.84619502134802467E+01,1.88092918659959565E+02));
|   |   |   |   |   #17887=CARTESIAN_POINT('Ctrl Pnt',(-5.34019922754638901E+03,-2.72482256786475148E+01,1.88092918659933133E+02));
|   |   |   |   |   #17888=CARTESIAN_POINT('Ctrl Pnt',(-5.35818488087069636E+03,-3.94882458538900636E+01,1.88092918659972327E+02));
|   |   |   |   |   #17889=CARTESIAN_POINT('Ctrl Pnt',(-5.37394433050099906E+03,-5.49474879972926189E+01,1.88092918659926880E+02));
|   |   |   |   |   #17890=CARTESIAN_POINT('Ctrl Pnt',(-5.38652796509795553E+03,-7.26944302613634505E+01,1.88092918659968348E+02));
|   |   |   |   |   #17891=CARTESIAN_POINT('Ctrl Pnt',(-5.39568029294508324E+03,-9.16411428438869962E+01,1.88092918659938903E+02));
|   |   |   |   |   #17892=CARTESIAN_POINT('Ctrl Pnt',(-5.40149875376670479E+03,-1.10839956750534867E+02,1.88092918659954705E+02));
|   |   |   |   |   #17893=CARTESIAN_POINT('Ctrl Pnt',(-5.40434645064062897E+03,-1.29562986867677523E+02,1.88092918659948793E+02));
|   |   |   |   |   #17894=CARTESIAN_POINT('Ctrl Pnt',(-5.40468795290066555E+03,-1.47317820411790365E+02,1.88092918659949959E+02));
|   |   |   |   |   #17895=CARTESIAN_POINT('Ctrl Pnt',(-5.26524040684066495E+03,-1.68499999999998735E+01,1.79639012134705581E+02));
|   |   |   |   |   #17896=CARTESIAN_POINT('Ctrl Pnt',(-5.28219342002155827E+03,-1.68500000000838632E+01,1.79639012134705837E+02));
|   |   |   |   |   #17897=CARTESIAN_POINT('Ctrl Pnt',(-5.30011657444243519E+03,-1.92243531470241678E+01,1.79639012134704586E+02));
|   |   |   |   |   #17898=CARTESIAN_POINT('Ctrl Pnt',(-5.31854839787880610E+03,-2.44255246146880829E+01,1.79639012134708025E+02));
|   |   |   |   |   #17899=CARTESIAN_POINT('Ctrl Pnt',(-5.33680080020834066E+03,-3.28134544487490700E+01,1.79639012134701403E+02));
|   |   |   |   |   #17900=CARTESIAN_POINT('Ctrl Pnt',(-5.35397103334117674E+03,-4.44985456804890589E+01,1.79639012134710782E+02));
|   |   |   |   |   #17901=CARTESIAN_POINT('Ctrl Pnt',(-5.36901599274946057E+03,-5.92569081858786006E+01,1.79639012134700863E+02));
|   |   |   |   |   #17902=CARTESIAN_POINT('Ctrl Pnt',(-5.38102911986766412E+03,-7.61992527630763448E+01,1.79639012134708764E+02));
|   |   |   |   |   #17903=CARTESIAN_POINT('Ctrl Pnt',(-5.38976650627279651E+03,-9.42869733631588645E+01,1.79639012134703904E+02));
|   |   |   |   |   #17904=CARTESIAN_POINT('Ctrl Pnt',(-5.39532117403942448E+03,-1.12615365704796261E+02,1.79639012134706292E+02));
|   |   |   |   |   #17905=CARTESIAN_POINT('Ctrl Pnt',(-5.39803976414767385E+03,-1.30489544988997608E+02,1.79639012134705439E+02));
|   |   |   |   |   #17906=CARTESIAN_POINT('Ctrl Pnt',(-5.39836578363196259E+03,-1.47439423077277013E+02,1.79639012134705581E+02));
|   |   |   |   |   #17907=CARTESIAN_POINT('Ctrl Pnt',(-5.26524040684000011E+03,-1.68500000000000014E+01,1.70000000000000057E+02));
|   |   |   |   |   #17908=CARTESIAN_POINT('Ctrl Pnt',(-5.28219342002089616E+03,-1.68500000000003034E+01,1.70000000000000057E+02));
|   |   |   |   |   #17909=CARTESIAN_POINT('Ctrl Pnt',(-5.30011657444177672E+03,-1.92243531468464433E+01,1.70000000000000057E+02));
|   |   |   |   |   #17910=CARTESIAN_POINT('Ctrl Pnt',(-5.31854839787817946E+03,-2.44255246144282943E+01,170.0));
|   |   |   |   |   #17911=CARTESIAN_POINT('Ctrl Pnt',(-5.33680080020777041E+03,-3.28134544483867856E+01,1.70000000000000085E+02));
|   |   |   |   |   #17912=CARTESIAN_POINT('Ctrl Pnt',(-5.35397103334062649E+03,-4.44985456800419854E+01,1.70000000000000057E+02));
|   |   |   |   |   #17913=CARTESIAN_POINT('Ctrl Pnt',(-5.36901599274902765E+03,-5.92569081853758775E+01,1.70000000000000142E+02));
|   |   |   |   |   #17914=CARTESIAN_POINT('Ctrl Pnt',(-5.38102911986728031E+03,-7.61992527624773004E+01,1.69999999999999915E+02));
|   |   |   |   |   #17915=CARTESIAN_POINT('Ctrl Pnt',(-5.38976650627252911E+03,-9.42869733625535105E+01,1.70000000000000142E+02));
|   |   |   |   |   #17916=CARTESIAN_POINT('Ctrl Pnt',(-5.39532117403923166E+03,-1.12615365704137886E+02,1.70000000000000057E+02));
|   |   |   |   |   #17917=CARTESIAN_POINT('Ctrl Pnt',(-5.39803976414757835E+03,-1.30489544988336746E+02,1.70000000000000057E+02));
|   |   |   |   |   #17918=CARTESIAN_POINT('Ctrl Pnt',(-5.39836578363194985E+03,-1.47439423076612030E+02,1.70000000000000057E+02));
|   |   |   #17934=ADVANCED_FACE('',(#17940),#17935,.F.);
|   |   |   |   #17940=FACE_OUTER_BOUND('',#17941,.F.);
|   |   |   |   |   #17941=EDGE_LOOP('',(#17942,#17943,#17952,#17961,#17970,#17977));
|   |   |   |   |   |   #17942=ORIENTED_EDGE('',*,*,#17576,.F.);
|   |   |   |   |   |   |   #17576=EDGE_CURVE('',#17569,#17569,#17577,.T.);
|   |   |   |   |   |   |   |   #17569=VERTEX_POINT('',#17570);
|   |   |   |   |   |   |   |   |   #17570=CARTESIAN_POINT('',(-2.47651738742014004E+03,-1.40800000000000001E+01,1.62015911721593000E+02));
|   |   |   |   |   |   |   |   #17569=VERTEX_POINT('',#17570);
|   |   |   |   |   |   |   |   |   #17570=CARTESIAN_POINT('',(-2.47651738742014004E+03,-1.40800000000000001E+01,1.62015911721593000E+02));
|   |   |   |   |   |   |   |   #17577=CIRCLE('',#17578,1.40800000000000018E+01);
|   |   |   |   |   |   |   |   |   #17578=AXIS2_PLACEMENT_3D('',#17579,#17580,#17581);
|   |   |   |   |   |   |   |   |   |   #17579=CARTESIAN_POINT('',(-2.47651738742094494E+03,0.0,1.62015911721852035E+02));
|   |   |   |   |   |   |   |   |   |   #17580=DIRECTION('',(9.46772744812346967E-01,0.0,-3.21902733260366170E-01));
|   |   |   |   |   |   |   |   |   |   #17581=DIRECTION('',(-2.03895234029971529E-11,-1.0,-5.99691546421254755E-11));
|   |   |   |   |   |   #17943=ORIENTED_EDGE('',*,*,#17944,.T.);
|   |   |   |   |   |   |   #17944=EDGE_CURVE('',#17569,#17945,#17947,.T.);
|   |   |   |   |   |   |   |   #17569=VERTEX_POINT('',#17570);
|   |   |   |   |   |   |   |   |   #17570=CARTESIAN_POINT('',(-2.47651738742014004E+03,-1.40800000000000001E+01,1.62015911721593000E+02));
|   |   |   |   |   |   |   |   #17945=VERTEX_POINT('',#17946);
|   |   |   |   |   |   |   |   |   #17946=CARTESIAN_POINT('',(-2.52480279741084996E+03,-1.40800000000000001E+01,1.69999999999108013E+02));
|   |   |   |   |   |   |   |   #17947=CIRCLE('',#17948,1.49999999999108184E+02);
|   |   |   |   |   |   |   |   |   #17948=AXIS2_PLACEMENT_3D('',#17949,#17950,#17951);
|   |   |   |   |   |   |   |   |   |   #17949=CARTESIAN_POINT('',(-2.52480279741000004E+03,-1.40800000000000018E+01,20.0));
|   |   |   |   |   |   |   |   |   |   #17950=DIRECTION('',(0.0,-1.0,0.0));
|   |   |   |   |   |   |   |   |   |   #17951=DIRECTION('',(5.66615199204534331E-12,0.0,-1.0));
|   |   |   |   |   |   #17952=ORIENTED_EDGE('',*,*,#17953,.T.);
|   |   |   |   |   |   |   #17953=EDGE_CURVE('',#17945,#17954,#17956,.T.);
|   |   |   |   |   |   |   |   #17945=VERTEX_POINT('',#17946);
|   |   |   |   |   |   |   |   |   #17946=CARTESIAN_POINT('',(-2.52480279741084996E+03,-1.40800000000000001E+01,1.69999999999108013E+02));
|   |   |   |   |   |   |   |   #17954=VERTEX_POINT('',#17955);
|   |   |   |   |   |   |   |   |   #17955=CARTESIAN_POINT('',(-2.52480279741082995E+03,1.36449791692371996E+01,1.66527113092673005E+02));
|   |   |   |   |   |   |   |   #17956=CIRCLE('',#17957,1.40800000000000018E+01);
|   |   |   |   |   |   |   |   |   #17957=AXIS2_PLACEMENT_3D('',#17958,#17959,#17960);
|   |   |   |   |   |   |   |   |   |   #17958=CARTESIAN_POINT('',(-2.52480279741084951E+03,0.0,170.0));
|   |   |   |   |   |   |   |   |   |   #17959=DIRECTION('',(1.0,0.0,5.66292090289647791E-12));
|   |   |   |   |   |   |   |   |   |   #17960=DIRECTION('',(-5.66292090289647791E-12,0.0,1.0));
|   |   |   |   |   |   #17961=ORIENTED_EDGE('',*,*,#17962,.T.);
|   |   |   |   |   |   |   #17962=EDGE_CURVE('',#17954,#17963,#17965,.T.);
|   |   |   |   |   |   |   |   #17954=VERTEX_POINT('',#17955);
|   |   |   |   |   |   |   |   |   #17955=CARTESIAN_POINT('',(-2.52480279741082995E+03,1.36449791692371996E+01,1.66527113092673005E+02));
|   |   |   |   |   |   |   |   #17963=VERTEX_POINT('',#17964);
|   |   |   |   |   |   |   |   |   #17964=CARTESIAN_POINT('',(-2.52480279741084996E+03,1.40800000000000001E+01,1.70000000076708005E+02));
|   |   |   |   |   |   |   |   #17965=CIRCLE('',#17966,1.40800000000000018E+01);
|   |   |   |   |   |   |   |   |   #17966=AXIS2_PLACEMENT_3D('',#17967,#17968,#17969);
|   |   |   |   |   |   |   |   |   |   #17967=CARTESIAN_POINT('',(-2.52480279741084951E+03,0.0,170.0));
|   |   |   |   |   |   |   |   |   |   #17968=DIRECTION('',(1.0,0.0,5.66292090289647791E-12));
|   |   |   |   |   |   |   |   |   |   #17969=DIRECTION('',(-5.66292090289647791E-12,0.0,1.0));
|   |   |   |   |   |   #17970=ORIENTED_EDGE('',*,*,#17971,.T.);
|   |   |   |   |   |   |   #17971=EDGE_CURVE('',#17963,#17945,#17972,.T.);
|   |   |   |   |   |   |   |   #17963=VERTEX_POINT('',#17964);
|   |   |   |   |   |   |   |   |   #17964=CARTESIAN_POINT('',(-2.52480279741084996E+03,1.40800000000000001E+01,1.70000000076708005E+02));
|   |   |   |   |   |   |   |   #17945=VERTEX_POINT('',#17946);
|   |   |   |   |   |   |   |   |   #17946=CARTESIAN_POINT('',(-2.52480279741084996E+03,-1.40800000000000001E+01,1.69999999999108013E+02));
|   |   |   |   |   |   |   |   #17972=CIRCLE('',#17973,1.40800000000000018E+01);
|   |   |   |   |   |   |   |   |   #17973=AXIS2_PLACEMENT_3D('',#17974,#17975,#17976);
|   |   |   |   |   |   |   |   |   |   #17974=CARTESIAN_POINT('',(-2.52480279741084951E+03,0.0,170.0));
|   |   |   |   |   |   |   |   |   |   #17975=DIRECTION('',(1.0,0.0,5.66292090289647791E-12));
|   |   |   |   |   |   |   |   |   |   #17976=DIRECTION('',(-5.66292090289647791E-12,0.0,1.0));
|   |   |   |   |   |   #17977=ORIENTED_EDGE('',*,*,#17944,.F.);
|   |   |   |   |   |   |   #17944=EDGE_CURVE('',#17569,#17945,#17947,.T.);
|   |   |   |   |   |   |   |   #17569=VERTEX_POINT('',#17570);
|   |   |   |   |   |   |   |   |   #17570=CARTESIAN_POINT('',(-2.47651738742014004E+03,-1.40800000000000001E+01,1.62015911721593000E+02));
|   |   |   |   |   |   |   |   #17945=VERTEX_POINT('',#17946);
|   |   |   |   |   |   |   |   |   #17946=CARTESIAN_POINT('',(-2.52480279741084996E+03,-1.40800000000000001E+01,1.69999999999108013E+02));
|   |   |   |   |   |   |   |   #17947=CIRCLE('',#17948,1.49999999999108184E+02);
|   |   |   |   |   |   |   |   |   #17948=AXIS2_PLACEMENT_3D('',#17949,#17950,#17951);
|   |   |   |   |   |   |   |   |   |   #17949=CARTESIAN_POINT('',(-2.52480279741000004E+03,-1.40800000000000018E+01,20.0));
|   |   |   |   |   |   |   |   |   |   #17950=DIRECTION('',(0.0,-1.0,0.0));
|   |   |   |   |   |   |   |   |   |   #17951=DIRECTION('',(5.66615199204534331E-12,0.0,-1.0));
|   |   |   |   #17935=TOROIDAL_SURFACE('',#17936,150.0,1.40800000000000018E+01);
|   |   |   |   |   #17936=AXIS2_PLACEMENT_3D('',#17937,#17938,#17939);
|   |   |   |   |   |   #17937=CARTESIAN_POINT('',(-2.52480279741000004E+03,0.0,20.0));
|   |   |   |   |   |   #17938=DIRECTION('',(0.0,-1.0,0.0));
|   |   |   |   |   |   #17939=DIRECTION('',(5.66615199204534331E-12,0.0,-1.0));
|   |   |   #17978=ADVANCED_FACE('',(#18057),#17979,.F.);
|   |   |   |   #18057=FACE_OUTER_BOUND('',#18058,.F.);
|   |   |   |   |   #18058=EDGE_LOOP('',(#18059,#18075,#18076,#18092));
|   |   |   |   |   |   #18059=ORIENTED_EDGE('',*,*,#18060,.F.);
|   |   |   |   |   |   |   #18060=EDGE_CURVE('',#17673,#18061,#18063,.T.);
|   |   |   |   |   |   |   |   #17673=VERTEX_POINT('',#17674);
|   |   |   |   |   |   |   |   |   #17674=CARTESIAN_POINT('',(-5.39836578363195986E+03,-1.47439423077031989E+02,170.0));
|   |   |   |   |   |   |   |   #18061=VERTEX_POINT('',#18062);
|   |   |   |   |   |   |   |   |   #18062=CARTESIAN_POINT('',(-6.07363845271707032E+03,-1.18334906923437006E+03,170.0));
|   |   |   |   |   |   |   |   #18063=(BOUNDED_CURVE()B_SPLINE_CURVE(10,(#18064,#18065,#18066,#18067,#18068,#18069,#18070,#18071,#18072,#18073,#18074),.UNSPECIFIED.,.F.,.F.)B_SPLINE_CURVE_WITH_KNOTS((11,11),(0.0,1.0),.UNSPECIFIED.)CURVE()GEOMETRIC_REPRESENTATION_ITEM()RATIONAL_B_SPLINE_CURVE((1.13255657422731426,1.13255657422733269,1.13255657422723854,1.13255657422747347,1.13255657422707845,1.13255657422757738,1.13255657422709310,1.13255657422744882,1.13255657422726008,1.13255657422732625,1.13255657422731426))REPRESENTATION_ITEM(''));
|   |   |   |   |   |   |   |   |   #18064=CARTESIAN_POINT('Ctrl Pnt',(-5.39836578363194985E+03,-1.47439423076611888E+02,1.70000000000000057E+02));
|   |   |   |   |   |   |   |   |   #18065=CARTESIAN_POINT('Ctrl Pnt',(-5.40074380022596779E+03,-2.71073418258973390E+02,1.70000000000000057E+02));
|   |   |   |   |   |   |   |   |   #18066=CARTESIAN_POINT('Ctrl Pnt',(-5.41775999598409999E+03,-3.98601397623967557E+02,1.70000000000000057E+02));
|   |   |   |   |   |   |   |   |   #18067=CARTESIAN_POINT('Ctrl Pnt',(-5.45102226762923237E+03,-5.27337064518453644E+02,1.70000000000000057E+02));
|   |   |   |   |   |   |   |   |   #18068=CARTESIAN_POINT('Ctrl Pnt',(-5.50146305484046570E+03,-6.53869450601797325E+02,1.70000000000000142E+02));
|   |   |   |   |   |   |   |   |   #18069=CARTESIAN_POINT('Ctrl Pnt',(-5.56894259792024059E+03,-7.74294408060663841E+02,1.69999999999999915E+02));
|   |   |   |   |   |   |   |   |   #18070=CARTESIAN_POINT('Ctrl Pnt',(-5.65189128893867110E+03,-8.84635577945453747E+02,1.70000000000000057E+02));
|   |   |   |   |   |   |   |   |   #18071=CARTESIAN_POINT('Ctrl Pnt',(-5.74730444446419278E+03,-9.81852076005750519E+02,1.70000000000000114E+02));
|   |   |   |   |   |   |   |   |   #18072=CARTESIAN_POINT('Ctrl Pnt',(-5.85166639147260958E+03,-1.06424039230341850E+03,1.70000000000000057E+02));
|   |   |   |   |   |   |   |   |   #18073=CARTESIAN_POINT('Ctrl Pnt',(-5.96147996995036283E+03,-1.13127705705423841E+03,1.70000000000000057E+02));
|   |   |   |   |   |   |   |   |   #18074=CARTESIAN_POINT('Ctrl Pnt',(-6.07363845278548979E+03,-1.18334906926613030E+03,1.70000000000000057E+02));
|   |   |   |   |   |   #18075=ORIENTED_EDGE('',*,*,#17707,.T.);
|   |   |   |   |   |   |   #17707=EDGE_CURVE('',#17673,#17691,#17708,.T.);
|   |   |   |   |   |   |   |   #17673=VERTEX_POINT('',#17674);
|   |   |   |   |   |   |   |   |   #17674=CARTESIAN_POINT('',(-5.39836578363195986E+03,-1.47439423077031989E+02,170.0));
|   |   |   |   |   |   |   |   #17691=VERTEX_POINT('',#17692);
|   |   |   |   |   |   |   |   |   #17692=CARTESIAN_POINT('',(-5.43153904405687990E+03,-1.46801357764708001E+02,1.65843881789557997E+02));
|   |   |   |   |   |   |   |   #17708=(BOUNDED_CURVE()B_SPLINE_CURVE(6,(#17709,#17710,#17711,#17712,#17713,#17714,#17715),.UNSPECIFIED.,.F.,.F.)B_SPLINE_CURVE_WITH_KNOTS((7,7),(4.71238898038469234,7.60475568276043212),.UNSPECIFIED.)CURVE()GEOMETRIC_REPRESENTATION_ITEM()RATIONAL_B_SPLINE_CURVE((1.11111692235743154,1.03152845521558367,9.93290744530883729E-01,9.80035117838579328E-01,9.93290744530886949E-01,1.03152845521558190,1.11111692235743131))REPRESENTATION_ITEM(''));
|   |   |   |   |   |   |   |   |   #17709=CARTESIAN_POINT('Ctrl Pnt',(-5.39836578363196622E+03,-1.47439423077461896E+02,1.69999999999999943E+02));
|   |   |   |   |   |   |   |   |   #17710=CARTESIAN_POINT('Ctrl Pnt',(-5.39836578363195440E+03,-1.47439423076858390E+02,1.61252052301375358E+02));
|   |   |   |   |   |   |   |   |   #17711=CARTESIAN_POINT('Ctrl Pnt',(-5.40361917372145763E+03,-1.47338377657624790E+02,1.53385696596837704E+02));
|   |   |   |   |   |   |   |   |   #17712=CARTESIAN_POINT('Ctrl Pnt',(-5.41263747754235465E+03,-1.47164916659798820E+02,1.49437770913532859E+02));
|   |   |   |   |   |   |   |   |   #17713=CARTESIAN_POINT('Ctrl Pnt',(-5.42235073973690487E+03,-1.46978088606294591E+02,1.51038908803605551E+02));
|   |   |   |   |   |   |   |   |   #17714=CARTESIAN_POINT('Ctrl Pnt',(-5.42938172766510343E+03,-1.46842852291340563E+02,1.57366213883352060E+02));
|   |   |   |   |   |   |   |   |   #17715=CARTESIAN_POINT('Ctrl Pnt',(-5.43153904405687626E+03,-1.46801357764707745E+02,1.65843881789558367E+02));
|   |   |   |   |   |   #18076=ORIENTED_EDGE('',*,*,#18077,.T.);
|   |   |   |   |   |   |   #18077=EDGE_CURVE('',#17691,#18078,#18080,.T.);
|   |   |   |   |   |   |   |   #17691=VERTEX_POINT('',#17692);
|   |   |   |   |   |   |   |   |   #17692=CARTESIAN_POINT('',(-5.43153904405687990E+03,-1.46801357764708001E+02,1.65843881789557997E+02));
|   |   |   |   |   |   |   |   #18078=VERTEX_POINT('',#18079);
|   |   |   |   |   |   |   |   |   #18079=CARTESIAN_POINT('',(-6.08761032525441988E+03,-1.15325489849711994E+03,1.65843881789557997E+02));
|   |   |   |   |   |   |   |   #18080=(BOUNDED_CURVE()B_SPLINE_CURVE(10,(#18081,#18082,#18083,#18084,#18085,#18086,#18087,#18088,#18089,#18090,#18091),.UNSPECIFIED.,.F.,.F.)B_SPLINE_CURVE_WITH_KNOTS((11,11),(0.0,1.0),.UNSPECIFIED.)CURVE()GEOMETRIC_REPRESENTATION_ITEM()RATIONAL_B_SPLINE_CURVE((1.11111692235743131,1.11111692235744841,1.11111692235736359,1.11111692235756521,1.11111692235724724,1.11111692235762316,1.11111692235727655,1.11111692235752324,1.11111692235739468,1.11111692235743931,1.11111692235743131))REPRESENTATION_ITEM(''));
|   |   |   |   |   |   |   |   |   #18081=CARTESIAN_POINT('Ctrl Pnt',(-5.43153904405687626E+03,-1.46801357764707745E+02,1.65843881789558367E+02));
|   |   |   |   |   |   |   |   |   #18082=CARTESIAN_POINT('Ctrl Pnt',(-5.43384944171550796E+03,-2.66919818547324439E+02,1.65843881789558310E+02));
|   |   |   |   |   |   |   |   |   #18083=CARTESIAN_POINT('Ctrl Pnt',(-5.45038178170690389E+03,-3.90821538017348587E+02,1.65843881789558623E+02));
|   |   |   |   |   |   |   |   |   #18084=CARTESIAN_POINT('Ctrl Pnt',(-5.48269824018794407E+03,-5.15896604404837490E+02,1.65843881789557770E+02));
|   |   |   |   |   |   |   |   |   #18085=CARTESIAN_POINT('Ctrl Pnt',(-5.53170474290224774E+03,-6.38831040302307315E+02,1.65843881789559475E+02));
|   |   |   |   |   |   |   |   |   #18086=CARTESIAN_POINT('Ctrl Pnt',(-5.59726550422127639E+03,-7.55831712394330566E+02,1.65843881789556917E+02));
|   |   |   |   |   |   |   |   |   #18087=CARTESIAN_POINT('Ctrl Pnt',(-5.67785554803870673E+03,-8.63035329554597183E+02,1.65843881789559589E+02));
|   |   |   |   |   |   |   |   |   #18088=CARTESIAN_POINT('Ctrl Pnt',(-5.77055562913896665E+03,-9.57487475118965449E+02,1.65843881789557571E+02));
|   |   |   |   |   |   |   |   |   #18089=CARTESIAN_POINT('Ctrl Pnt',(-5.87195004270976187E+03,-1.03753307847869178E+03,1.65843881789558765E+02));
|   |   |   |   |   |   |   |   |   #18090=CARTESIAN_POINT('Ctrl Pnt',(-5.97864107053208863E+03,-1.10266355472015675E+03,1.65843881789558253E+02));
|   |   |   |   |   |   |   |   |   #18091=CARTESIAN_POINT('Ctrl Pnt',(-6.08761032532321860E+03,-1.15325489852906435E+03,1.65843881789558367E+02));
|   |   |   |   |   |   #18092=ORIENTED_EDGE('',*,*,#18093,.F.);
|   |   |   |   |   |   |   #18093=EDGE_CURVE('',#18061,#18078,#18094,.T.);
|   |   |   |   |   |   |   |   #18061=VERTEX_POINT('',#18062);
|   |   |   |   |   |   |   |   |   #18062=CARTESIAN_POINT('',(-6.07363845271707032E+03,-1.18334906923437006E+03,170.0));
|   |   |   |   |   |   |   |   #18078=VERTEX_POINT('',#18079);
|   |   |   |   |   |   |   |   |   #18079=CARTESIAN_POINT('',(-6.08761032525441988E+03,-1.15325489849711994E+03,1.65843881789557997E+02));
|   |   |   |   |   |   |   |   #18094=(BOUNDED_CURVE()B_SPLINE_CURVE(6,(#18095,#18096,#18097,#18098,#18099,#18100,#18101),.UNSPECIFIED.,.F.,.F.)B_SPLINE_CURVE_WITH_KNOTS((7,7),(4.71238898038469234,7.60475568276043212),.UNSPECIFIED.)CURVE()GEOMETRIC_REPRESENTATION_ITEM()RATIONAL_B_SPLINE_CURVE((1.11111692235743154,1.03152845521558367,9.93290744530883729E-01,9.80035117838579328E-01,9.93290744530886949E-01,1.03152845521558190,1.11111692235743131))REPRESENTATION_ITEM(''));
|   |   |   |   |   |   |   |   |   #18095=CARTESIAN_POINT('Ctrl Pnt',(-6.07363845278626104E+03,-1.18334906926648819E+03,1.69999999999999943E+02));
|   |   |   |   |   |   |   |   |   #18096=CARTESIAN_POINT('Ctrl Pnt',(-6.07363845278571353E+03,-1.18334906926623398E+03,1.61252052301375358E+02));
|   |   |   |   |   |   |   |   |   #18097=CARTESIAN_POINT('Ctrl Pnt',(-6.07585106908457783E+03,-1.17858329055512741E+03,1.53385696596837704E+02));
|   |   |   |   |   |   |   |   |   #18098=CARTESIAN_POINT('Ctrl Pnt',(-6.07964938706313569E+03,-1.17040205146452922E+03,1.49437770913532859E+02));
|   |   |   |   |   |   |   |   |   #18099=CARTESIAN_POINT('Ctrl Pnt',(-6.08374040674488515E+03,-1.16159035894009367E+03,1.51038908803605551E+02));
|   |   |   |   |   |   |   |   |   #18100=CARTESIAN_POINT('Ctrl Pnt',(-6.08670170948987379E+03,-1.15521197621718647E+03,1.57366213883352060E+02));
|   |   |   |   |   |   |   |   |   #18101=CARTESIAN_POINT('Ctrl Pnt',(-6.08761032532321860E+03,-1.15325489852906435E+03,1.65843881789558367E+02));
|   |   |   |   #17979=(BOUNDED_SURFACE()B_SPLINE_SURFACE(6,10,((#17980,#17981,#17982,#17983,#17984,#17985,#17986,#17987,#17988,#17989,#17990),(#17991,#17992,#17993,#17994,#17995,#17996,#17997,#17998,#17999,#18000,#18001),(#18002,#18003,#18004,#18005,#18006,#18007,#18008,#18009,#18010,#18011,#18012),(#18013,#18014,#18015,#18016,#18017,#18018,#18019,#18020,#18021,#18022,#18023),(#18024,#18025,#18026,#18027,#18028,#18029,#18030,#18031,#18032,#18033,#18034),(#18035,#18036,#18037,#18038,#18039,#18040,#18041,#18042,#18043,#18044,#18045),(#18046,#18047,#18048,#18049,#18050,#18051,#18052,#18053,#18054,#18055,#18056)),.UNSPECIFIED.,.F.,.F.,.F.)B_SPLINE_SURFACE_WITH_KNOTS((7,7),(11,11),(4.71238898038469234,7.60475568276043212),(0.0,1.0),.UNSPECIFIED.)SURFACE()GEOMETRIC_REPRESENTATION_ITEM()RATIONAL_B_SPLINE_SURFACE(((1.11111692235743154,1.11111692235743931,1.11111692235739867,1.11111692235749548,1.11111692235733717,1.11111692235754411,1.11111692235732695,1.11111692235750059,1.11111692235740267,1.11111692235743753,1.11111692235743154),(1.03152845521558367,1.03152845521561032,1.03152845521547976,1.03152845521580083,1.03152845521526881,1.03152845521592118,1.03152845521531455,1.03152845521573822,1.03152845521552416,1.03152845521559611,1.03152845521558367),(9.93290744530883729E-01,9.93290744530897496E-01,9.93290744530829883E-01,9.93290744530988423E-01,9.93290744530740066E-01,9.93290744531036829E-01,9.93290744530755609E-01,9.93290744530965553E-01,9.93290744530847203E-01,9.93290744530892389E-01,9.93290744530883729E-01),(9.80035117838579328E-01,9.80035117838592096E-01,9.80035117838530923E-01,9.80035117838671033E-01,9.80035117838458092E-01,9.80035117838698344E-01,9.80035117838493175E-01,9.80035117838621850E-01,9.80035117838566339E-01,9.80035117838581327E-01,9.80035117838579328E-01),(9.93290744530886949E-01,9.93290744530904379E-01,9.93290744530817449E-01,9.93290744531030834E-01,9.93290744530675451E-01,9.93290744531120762E-01,9.93290744530693437E-01,9.93290744531002079E-01,9.93290744530841652E-01,9.93290744530896275E-01,9.93290744530886949E-01),(1.03152845521558190,1.03152845521562364,1.03152845521541359,1.03152845521595560,1.03152845521500369,1.03152845521624092,1.03152845521502323,1.03152845521592540,1.03152845521543868,1.03152845521561498,1.03152845521558190),(1.11111692235743131,1.11111692235744841,1.11111692235736359,1.11111692235756521,1.11111692235724724,1.11111692235762316,1.11111692235727655,1.11111692235752324,1.11111692235739468,1.11111692235743931,1.11111692235743131)))REPRESENTATION_ITEM(''));
|   |   |   |   |   #17980=CARTESIAN_POINT('Ctrl Pnt',(-5.39836578363196622E+03,-1.47439423077461925E+02,1.69999999999999943E+02));
|   |   |   |   |   #17981=CARTESIAN_POINT('Ctrl Pnt',(-5.40074380022607329E+03,-2.71073418259814787E+02,1.69999999999999943E+02));
|   |   |   |   |   #17982=CARTESIAN_POINT('Ctrl Pnt',(-5.41775999598430190E+03,-3.98601397624826234E+02,1.69999999999999943E+02));
|   |   |   |   |   #17983=CARTESIAN_POINT('Ctrl Pnt',(-5.45102226762951977E+03,-5.27337064519221485E+02,1.69999999999999943E+02));
|   |   |   |   |   #17984=CARTESIAN_POINT('Ctrl Pnt',(-5.50146305484085497E+03,-6.53869450602624397E+02,1.70000000000000028E+02));
|   |   |   |   |   #17985=CARTESIAN_POINT('Ctrl Pnt',(-5.56894259792071534E+03,-7.74294408061347326E+02,1.69999999999999801E+02));
|   |   |   |   |   #17986=CARTESIAN_POINT('Ctrl Pnt',(-5.65189128893921315E+03,-8.84635577946141211E+02,1.69999999999999943E+02));
|   |   |   |   |   #17987=CARTESIAN_POINT('Ctrl Pnt',(-5.74730444446483398E+03,-9.81852076006339644E+02,170.0));
|   |   |   |   |   #17988=CARTESIAN_POINT('Ctrl Pnt',(-5.85166639147328078E+03,-1.06424039230393805E+03,1.69999999999999943E+02));
|   |   |   |   |   #17989=CARTESIAN_POINT('Ctrl Pnt',(-5.96147996995110043E+03,-1.13127705705467883E+03,1.69999999999999943E+02));
|   |   |   |   |   #17990=CARTESIAN_POINT('Ctrl Pnt',(-6.07363845278626104E+03,-1.18334906926648819E+03,1.69999999999999943E+02));
|   |   |   |   |   #17991=CARTESIAN_POINT('Ctrl Pnt',(-5.39836578363195440E+03,-1.47439423076858475E+02,1.61252052301375358E+02));
|   |   |   |   |   #17992=CARTESIAN_POINT('Ctrl Pnt',(-5.40074380022600235E+03,-2.71073418259223729E+02,1.61252052301375414E+02));
|   |   |   |   |   #17993=CARTESIAN_POINT('Ctrl Pnt',(-5.41775999598414364E+03,-3.98601397624198285E+02,1.61252052301375159E+02));
|   |   |   |   |   #17994=CARTESIAN_POINT('Ctrl Pnt',(-5.45102226762934970E+03,-5.27337064518704210E+02,1.61252052301375727E+02));
|   |   |   |   |   #17995=CARTESIAN_POINT('Ctrl Pnt',(-5.50146305484053210E+03,-6.53869450602012307E+02,1.61252052301374988E+02));
|   |   |   |   |   #17996=CARTESIAN_POINT('Ctrl Pnt',(-5.56894259792042067E+03,-7.74294408060873366E+02,1.61252052301375528E+02));
|   |   |   |   |   #17997=CARTESIAN_POINT('Ctrl Pnt',(-5.65189128893880297E+03,-8.84635577945652699E+02,1.61252052301375244E+02));
|   |   |   |   |   #17998=CARTESIAN_POINT('Ctrl Pnt',(-5.74730444446438833E+03,-9.81852076005918889E+02,1.61252052301375386E+02));
|   |   |   |   |   #17999=CARTESIAN_POINT('Ctrl Pnt',(-5.85166639147280148E+03,-1.06424039230356971E+03,1.61252052301375386E+02));
|   |   |   |   |   #18000=CARTESIAN_POINT('Ctrl Pnt',(-5.96147996995057747E+03,-1.13127705705436665E+03,1.61252052301375329E+02));
|   |   |   |   |   #18001=CARTESIAN_POINT('Ctrl Pnt',(-6.07363845278571353E+03,-1.18334906926623398E+03,1.61252052301375358E+02));
|   |   |   |   |   #18002=CARTESIAN_POINT('Ctrl Pnt',(-5.40361917372145763E+03,-1.47338377657624960E+02,1.53385696596837704E+02));
|   |   |   |   |   #18003=CARTESIAN_POINT('Ctrl Pnt',(-5.40598648203290668E+03,-2.70415645121982152E+02,1.53385696596837732E+02));
|   |   |   |   |   #18004=CARTESIAN_POINT('Ctrl Pnt',(-5.42292605333330721E+03,-3.97369362037368035E+02,1.53385696596837647E+02));
|   |   |   |   |   #18005=CARTESIAN_POINT('Ctrl Pnt',(-5.45603854393671463E+03,-5.25525328227704676E+02,1.53385696596837732E+02));
|   |   |   |   |   #18006=CARTESIAN_POINT('Ctrl Pnt',(-5.50625219471737000E+03,-6.51487935049015618E+02,1.53385696596837818E+02));
|   |   |   |   |   #18007=CARTESIAN_POINT('Ctrl Pnt',(-5.57342787532003240E+03,-7.71370615186202258E+02,1.53385696596837647E+02));
|   |   |   |   |   #18008=CARTESIAN_POINT('Ctrl Pnt',(-5.65600304580796364E+03,-8.81214915358128337E+02,1.53385696596837391E+02));
|   |   |   |   |   #18009=CARTESIAN_POINT('Ctrl Pnt',(-5.75098655293246975E+03,-9.77993644509880596E+02,1.53385696596838216E+02));
|   |   |   |   |   #18010=CARTESIAN_POINT('Ctrl Pnt',(-5.85487855485398723E+03,-1.06001096366197044E+03,1.53385696596837363E+02));
|   |   |   |   |   #18011=CARTESIAN_POINT('Ctrl Pnt',(-5.96419763937915741E+03,-1.12674576023054487E+03,1.53385696596837818E+02));
|   |   |   |   |   #18012=CARTESIAN_POINT('Ctrl Pnt',(-6.07585106908457783E+03,-1.17858329055512741E+03,1.53385696596837704E+02));
|   |   |   |   |   #18013=CARTESIAN_POINT('Ctrl Pnt',(-5.41263747754235465E+03,-1.47164916659798678E+02,1.49437770913532859E+02));
|   |   |   |   |   #18014=CARTESIAN_POINT('Ctrl Pnt',(-5.41498640333435651E+03,-2.69286469886138718E+02,1.49437770913532745E+02));
|   |   |   |   |   #18015=CARTESIAN_POINT('Ctrl Pnt',(-5.43179443621328573E+03,-3.95254371327009210E+02,1.49437770913533257E+02));
|   |   |   |   |   #18016=CARTESIAN_POINT('Ctrl Pnt',(-5.46464980314648710E+03,-5.22415186389193536E+02,1.49437770913531836E+02));
|   |   |   |   |   #18017=CARTESIAN_POINT('Ctrl Pnt',(-5.51447353707256207E+03,-6.47399673860860958E+02,1.49437770913534592E+02));
|   |   |   |   |   #18018=CARTESIAN_POINT('Ctrl Pnt',(-5.58112758800533538E+03,-7.66351446230606030E+02,1.49437770913530841E+02));
|   |   |   |   |   #18019=CARTESIAN_POINT('Ctrl Pnt',(-5.66306154937498377E+03,-8.75342788225772892E+02,1.49437770913534337E+02));
|   |   |   |   |   #18020=CARTESIAN_POINT('Ctrl Pnt',(-5.75730749470596948E+03,-9.71370015404233868E+02,1.49437770913532091E+02));
|   |   |   |   |   #18021=CARTESIAN_POINT('Ctrl Pnt',(-5.86039275897800690E+03,-1.05275045724094707E+03,1.49437770913533143E+02));
|   |   |   |   |   #18022=CARTESIAN_POINT('Ctrl Pnt',(-5.96886296370822856E+03,-1.11896704767318624E+03,1.49437770913532802E+02));
|   |   |   |   |   #18023=CARTESIAN_POINT('Ctrl Pnt',(-6.07964938706313569E+03,-1.17040205146452922E+03,1.49437770913532859E+02));
|   |   |   |   |   #18024=CARTESIAN_POINT('Ctrl Pnt',(-5.42235073973690487E+03,-1.46978088606294477E+02,1.51038908803605551E+02));
|   |   |   |   |   #18025=CARTESIAN_POINT('Ctrl Pnt',(-5.42467986643649056E+03,-2.68070279420224097E+02,1.51038908803605665E+02));
|   |   |   |   |   #18026=CARTESIAN_POINT('Ctrl Pnt',(-5.44134622442827640E+03,-3.92976397584595418E+02,1.51038908803605239E+02));
|   |   |   |   |   #18027=CARTESIAN_POINT('Ctrl Pnt',(-5.47392465351658120E+03,-5.19065374302984310E+02,1.51038908803606148E+02));
|   |   |   |   |   #18028=CARTESIAN_POINT('Ctrl Pnt',(-5.52332842325460115E+03,-6.42996367693172488E+02,1.51038908803604784E+02));
|   |   |   |   |   #18029=CARTESIAN_POINT('Ctrl Pnt',(-5.58942064727920206E+03,-7.60945495729258482E+02,1.51038908803606347E+02));
|   |   |   |   |   #18030=CARTESIAN_POINT('Ctrl Pnt',(-5.67066398739571832E+03,-8.69018149845266862E+02,1.51038908803604755E+02));
|   |   |   |   |   #18031=CARTESIAN_POINT('Ctrl Pnt',(-5.76411553377673317E+03,-9.64235963651451812E+02,1.51038908803606091E+02));
|   |   |   |   |   #18032=CARTESIAN_POINT('Ctrl Pnt',(-5.86633189249110819E+03,-1.04493044985035635E+03,1.51038908803605352E+02));
|   |   |   |   |   #18033=CARTESIAN_POINT('Ctrl Pnt',(-5.97388780200752171E+03,-1.11058890072844406E+03,1.51038908803605608E+02));
|   |   |   |   |   #18034=CARTESIAN_POINT('Ctrl Pnt',(-6.08374040674488515E+03,-1.16159035894009367E+03,1.51038908803605551E+02));
|   |   |   |   |   #18035=CARTESIAN_POINT('Ctrl Pnt',(-5.42938172766510343E+03,-1.46842852291340478E+02,1.57366213883352060E+02));
|   |   |   |   |   #18036=CARTESIAN_POINT('Ctrl Pnt',(-5.43169652270385541E+03,-2.67189934556732567E+02,1.57366213883352373E+02));
|   |   |   |   |   #18037=CARTESIAN_POINT('Ctrl Pnt',(-5.44826032870012205E+03,-3.91327476186244098E+02,1.57366213883350753E+02));
|   |   |   |   |   #18038=CARTESIAN_POINT('Ctrl Pnt',(-5.48063829510098458E+03,-5.16640597964750668E+02,1.57366213883355186E+02));
|   |   |   |   |   #18039=CARTESIAN_POINT('Ctrl Pnt',(-5.52973807189841227E+03,-6.39809014990670221E+02,1.57366213883347001E+02));
|   |   |   |   |   #18040=CARTESIAN_POINT('Ctrl Pnt',(-5.59542361502341919E+03,-7.57032374477968119E+02,1.57366213883358029E+02));
|   |   |   |   |   #18041=CARTESIAN_POINT('Ctrl Pnt',(-5.67616704588213088E+03,-8.64440032297372454E+02,1.57366213883346745E+02));
|   |   |   |   |   #18042=CARTESIAN_POINT('Ctrl Pnt',(-5.76904356305927922E+03,-9.59071948643271639E+02,1.57366213883355442E+02));
|   |   |   |   |   #18043=CARTESIAN_POINT('Ctrl Pnt',(-5.87063096063124431E+03,-1.03926990281086387E+03,1.57366213883350611E+02));
|   |   |   |   |   #18044=CARTESIAN_POINT('Ctrl Pnt',(-5.97752505350128195E+03,-1.10452434189665792E+03,1.57366213883352401E+02));
|   |   |   |   |   #18045=CARTESIAN_POINT('Ctrl Pnt',(-6.08670170948987379E+03,-1.15521197621718647E+03,1.57366213883352060E+02));
|   |   |   |   |   #18046=CARTESIAN_POINT('Ctrl Pnt',(-5.43153904405687626E+03,-1.46801357764707745E+02,1.65843881789558367E+02));
|   |   |   |   |   #18047=CARTESIAN_POINT('Ctrl Pnt',(-5.43384944171550796E+03,-2.66919818547324439E+02,1.65843881789558310E+02));
|   |   |   |   |   #18048=CARTESIAN_POINT('Ctrl Pnt',(-5.45038178170690389E+03,-3.90821538017348587E+02,1.65843881789558623E+02));
|   |   |   |   |   #18049=CARTESIAN_POINT('Ctrl Pnt',(-5.48269824018794407E+03,-5.15896604404837490E+02,1.65843881789557770E+02));
|   |   |   |   |   #18050=CARTESIAN_POINT('Ctrl Pnt',(-5.53170474290224774E+03,-6.38831040302307315E+02,1.65843881789559475E+02));
|   |   |   |   |   #18051=CARTESIAN_POINT('Ctrl Pnt',(-5.59726550422127639E+03,-7.55831712394330566E+02,1.65843881789556917E+02));
|   |   |   |   |   #18052=CARTESIAN_POINT('Ctrl Pnt',(-5.67785554803870673E+03,-8.63035329554597183E+02,1.65843881789559589E+02));
|   |   |   |   |   #18053=CARTESIAN_POINT('Ctrl Pnt',(-5.77055562913896665E+03,-9.57487475118965335E+02,1.65843881789557571E+02));
|   |   |   |   |   #18054=CARTESIAN_POINT('Ctrl Pnt',(-5.87195004270976187E+03,-1.03753307847869178E+03,1.65843881789558765E+02));
|   |   |   |   |   #18055=CARTESIAN_POINT('Ctrl Pnt',(-5.97864107053208863E+03,-1.10266355472015675E+03,1.65843881789558253E+02));
|   |   |   |   |   #18056=CARTESIAN_POINT('Ctrl Pnt',(-6.08761032532321860E+03,-1.15325489852906435E+03,1.65843881789558367E+02));
|   |   |   #18102=ADVANCED_FACE('',(#18181),#18103,.F.);
|   |   |   |   #18181=FACE_OUTER_BOUND('',#18182,.F.);
|   |   |   |   |   #18182=EDGE_LOOP('',(#18183,#18184,#18185,#18201));
|   |   |   |   |   |   #18183=ORIENTED_EDGE('',*,*,#18077,.F.);
|   |   |   |   |   |   |   #18077=EDGE_CURVE('',#17691,#18078,#18080,.T.);
|   |   |   |   |   |   |   |   #17691=VERTEX_POINT('',#17692);
|   |   |   |   |   |   |   |   |   #17692=CARTESIAN_POINT('',(-5.43153904405687990E+03,-1.46801357764708001E+02,1.65843881789557997E+02));
|   |   |   |   |   |   |   |   #18078=VERTEX_POINT('',#18079);
|   |   |   |   |   |   |   |   |   #18079=CARTESIAN_POINT('',(-6.08761032525441988E+03,-1.15325489849711994E+03,1.65843881789557997E+02));
|   |   |   |   |   |   |   |   #18080=(BOUNDED_CURVE()B_SPLINE_CURVE(10,(#18081,#18082,#18083,#18084,#18085,#18086,#18087,#18088,#18089,#18090,#18091),.UNSPECIFIED.,.F.,.F.)B_SPLINE_CURVE_WITH_KNOTS((11,11),(0.0,1.0),.UNSPECIFIED.)CURVE()GEOMETRIC_REPRESENTATION_ITEM()RATIONAL_B_SPLINE_CURVE((1.11111692235743131,1.11111692235744841,1.11111692235736359,1.11111692235756521,1.11111692235724724,1.11111692235762316,1.11111692235727655,1.11111692235752324,1.11111692235739468,1.11111692235743931,1.11111692235743131))REPRESENTATION_ITEM(''));
|   |   |   |   |   |   |   |   |   #18081=CARTESIAN_POINT('Ctrl Pnt',(-5.43153904405687626E+03,-1.46801357764707745E+02,1.65843881789558367E+02));
|   |   |   |   |   |   |   |   |   #18082=CARTESIAN_POINT('Ctrl Pnt',(-5.43384944171550796E+03,-2.66919818547324439E+02,1.65843881789558310E+02));
|   |   |   |   |   |   |   |   |   #18083=CARTESIAN_POINT('Ctrl Pnt',(-5.45038178170690389E+03,-3.90821538017348587E+02,1.65843881789558623E+02));
|   |   |   |   |   |   |   |   |   #18084=CARTESIAN_POINT('Ctrl Pnt',(-5.48269824018794407E+03,-5.15896604404837490E+02,1.65843881789557770E+02));
|   |   |   |   |   |   |   |   |   #18085=CARTESIAN_POINT('Ctrl Pnt',(-5.53170474290224774E+03,-6.38831040302307315E+02,1.65843881789559475E+02));
|   |   |   |   |   |   |   |   |   #18086=CARTESIAN_POINT('Ctrl Pnt',(-5.59726550422127639E+03,-7.55831712394330566E+02,1.65843881789556917E+02));
|   |   |   |   |   |   |   |   |   #18087=CARTESIAN_POINT('Ctrl Pnt',(-5.67785554803870673E+03,-8.63035329554597183E+02,1.65843881789559589E+02));
|   |   |   |   |   |   |   |   |   #18088=CARTESIAN_POINT('Ctrl Pnt',(-5.77055562913896665E+03,-9.57487475118965449E+02,1.65843881789557571E+02));
|   |   |   |   |   |   |   |   |   #18089=CARTESIAN_POINT('Ctrl Pnt',(-5.87195004270976187E+03,-1.03753307847869178E+03,1.65843881789558765E+02));
|   |   |   |   |   |   |   |   |   #18090=CARTESIAN_POINT('Ctrl Pnt',(-5.97864107053208863E+03,-1.10266355472015675E+03,1.65843881789558253E+02));
|   |   |   |   |   |   |   |   |   #18091=CARTESIAN_POINT('Ctrl Pnt',(-6.08761032532321860E+03,-1.15325489852906435E+03,1.65843881789558367E+02));
|   |   |   |   |   |   #18184=ORIENTED_EDGE('',*,*,#17824,.T.);
|   |   |   |   |   |   |   #17824=EDGE_CURVE('',#17691,#17808,#17825,.T.);
|   |   |   |   |   |   |   |   #17691=VERTEX_POINT('',#17692);
|   |   |   |   |   |   |   |   |   #17692=CARTESIAN_POINT('',(-5.43153904405687990E+03,-1.46801357764708001E+02,1.65843881789557997E+02));
|   |   |   |   |   |   |   |   #17808=VERTEX_POINT('',#17809);
|   |   |   |   |   |   |   |   |   #17809=CARTESIAN_POINT('',(-5.43205955154683033E+03,-1.46791346153712993E+02,1.70000000090731987E+02));
|   |   |   |   |   |   |   |   #17825=(BOUNDED_CURVE()B_SPLINE_CURVE(6,(#17826,#17827,#17828,#17829,#17830,#17831,#17832),.UNSPECIFIED.,.F.,.F.)B_SPLINE_CURVE_WITH_KNOTS((7,7),(1.32157037558084589,1.57079633217958659),.UNSPECIFIED.)CURVE()GEOMETRIC_REPRESENTATION_ITEM()RATIONAL_B_SPLINE_CURVE((1.00077676430742013,1.00025865325482677,9.99948215990260847E-01,9.99844807630970500E-01,9.99948215990261624E-01,1.00025865325482610,1.00077676430742013))REPRESENTATION_ITEM(''));
|   |   |   |   |   |   |   |   |   #17826=CARTESIAN_POINT('Ctrl Pnt',(-5.43153904405687626E+03,-1.46801357764707774E+02,1.65843881789558367E+02));
|   |   |   |   |   |   |   |   |   #17827=CARTESIAN_POINT('Ctrl Pnt',(-5.43171173695912512E+03,-1.46798036133138538E+02,1.66522518025121968E+02));
|   |   |   |   |   |   |   |   |   #17828=CARTESIAN_POINT('Ctrl Pnt',(-5.43185049145266566E+03,-1.46795367283994068E+02,1.67209344338176351E+02));
|   |   |   |   |   |   |   |   |   #17829=CARTESIAN_POINT('Ctrl Pnt',(-5.43195489333490514E+03,-1.46793359184181952E+02,1.67902447124766269E+02));
|   |   |   |   |   |   |   |   |   #17830=CARTESIAN_POINT('Ctrl Pnt',(-5.43202464197818335E+03,-1.46792017616072542E+02,1.68599891448862905E+02));
|   |   |   |   |   |   |   |   |   #17831=CARTESIAN_POINT('Ctrl Pnt',(-5.43205955155061019E+03,-1.46791346154016935E+02,1.69299727992227702E+02));
|   |   |   |   |   |   |   |   |   #17832=CARTESIAN_POINT('Ctrl Pnt',(-5.43205955154684125E+03,-1.46791346154137756E+02,1.70000000090732016E+02));
|   |   |   |   |   |   #18185=ORIENTED_EDGE('',*,*,#18186,.T.);
|   |   |   |   |   |   |   #18186=EDGE_CURVE('',#17808,#18187,#18189,.T.);
|   |   |   |   |   |   |   |   #17808=VERTEX_POINT('',#17809);
|   |   |   |   |   |   |   |   |   #17809=CARTESIAN_POINT('',(-5.43205955154683033E+03,-1.46791346153712993E+02,1.70000000090731987E+02));
|   |   |   |   |   |   |   |   #18187=VERTEX_POINT('',#18188);
|   |   |   |   |   |   |   |   |   #18188=CARTESIAN_POINT('',(-6.08782955195108025E+03,-1.15278270369100005E+03,1.70000000090731987E+02));
|   |   |   |   |   |   |   |   #18189=(BOUNDED_CURVE()B_SPLINE_CURVE(10,(#18190,#18191,#18192,#18193,#18194,#18195,#18196,#18197,#18198,#18199,#18200),.UNSPECIFIED.,.F.,.F.)B_SPLINE_CURVE_WITH_KNOTS((11,11),(0.0,1.0),.UNSPECIFIED.)CURVE()GEOMETRIC_REPRESENTATION_ITEM()RATIONAL_B_SPLINE_CURVE((1.13255657422731426,1.13255657422733269,1.13255657422723854,1.13255657422747347,1.13255657422707845,1.13255657422757738,1.13255657422709310,1.13255657422744882,1.13255657422726008,1.13255657422732625,1.13255657422731426))REPRESENTATION_ITEM(''));
|   |   |   |   |   |   |   |   |   #18190=CARTESIAN_POINT('Ctrl Pnt',(-5.43205955154682488E+03,-1.46791346153287805E+02,1.70000000090732016E+02));
|   |   |   |   |   |   |   |   |   #18191=CARTESIAN_POINT('Ctrl Pnt',(-5.43436888822550281E+03,-2.66854646184058993E+02,1.70000000090732016E+02));
|   |   |   |   |   |   |   |   |   #18192=CARTESIAN_POINT('Ctrl Pnt',(-5.45089363624222824E+03,-3.90699467555688329E+02,1.70000000090732016E+02));
|   |   |   |   |   |   |   |   |   #18193=CARTESIAN_POINT('Ctrl Pnt',(-5.48319525437199718E+03,-5.15717097020896631E+02,1.70000000090732016E+02));
|   |   |   |   |   |   |   |   |   #18194=CARTESIAN_POINT('Ctrl Pnt',(-5.53217925233949791E+03,-6.38595079015563670E+02,1.70000000090732101E+02));
|   |   |   |   |   |   |   |   |   #18195=CARTESIAN_POINT('Ctrl Pnt',(-5.59770990687172616E+03,-7.55542022105448950E+02,1.70000000090731874E+02));
|   |   |   |   |   |   |   |   |   #18196=CARTESIAN_POINT('Ctrl Pnt',(-5.67826294216118822E+03,-8.62696409263293845E+02,1.70000000090732016E+02));
|   |   |   |   |   |   |   |   |   #18197=CARTESIAN_POINT('Ctrl Pnt',(-5.77092045356696781E+03,-9.57105180550902787E+02,1.70000000090732073E+02));
|   |   |   |   |   |   |   |   |   #18198=CARTESIAN_POINT('Ctrl Pnt',(-5.87226830483541107E+03,-1.03711402540053086E+03,1.70000000090732016E+02));
|   |   |   |   |   |   |   |   |   #18199=CARTESIAN_POINT('Ctrl Pnt',(-5.97891033804628205E+03,-1.10221459245060464E+03,1.70000000090732016E+02));
|   |   |   |   |   |   |   |   |   #18200=CARTESIAN_POINT('Ctrl Pnt',(-6.08782955201948789E+03,-1.15278270372276188E+03,1.70000000090732016E+02));
|   |   |   |   |   |   #18201=ORIENTED_EDGE('',*,*,#18202,.F.);
|   |   |   |   |   |   |   #18202=EDGE_CURVE('',#18078,#18187,#18203,.T.);
|   |   |   |   |   |   |   |   #18078=VERTEX_POINT('',#18079);
|   |   |   |   |   |   |   |   |   #18079=CARTESIAN_POINT('',(-6.08761032525441988E+03,-1.15325489849711994E+03,1.65843881789557997E+02));
|   |   |   |   |   |   |   |   #18187=VERTEX_POINT('',#18188);
|   |   |   |   |   |   |   |   |   #18188=CARTESIAN_POINT('',(-6.08782955195108025E+03,-1.15278270369100005E+03,1.70000000090731987E+02));
|   |   |   |   |   |   |   |   #18203=(BOUNDED_CURVE()B_SPLINE_CURVE(6,(#18204,#18205,#18206,#18207,#18208,#18209,#18210),.UNSPECIFIED.,.F.,.F.)B_SPLINE_CURVE_WITH_KNOTS((7,7),(1.32157037558084589,1.57079633217958659),.UNSPECIFIED.)CURVE()GEOMETRIC_REPRESENTATION_ITEM()RATIONAL_B_SPLINE_CURVE((1.00077676430742013,1.00025865325482677,9.99948215990260847E-01,9.99844807630970500E-01,9.99948215990261624E-01,1.00025865325482610,1.00077676430742013))REPRESENTATION_ITEM(''));
|   |   |   |   |   |   |   |   |   #18204=CARTESIAN_POINT('Ctrl Pnt',(-6.08761032532321860E+03,-1.15325489852906435E+03,1.65843881789558367E+02));
|   |   |   |   |   |   |   |   |   #18205=CARTESIAN_POINT('Ctrl Pnt',(-6.08768305990489080E+03,-1.15309823470952483E+03,1.66522518025121968E+02));
|   |   |   |   |   |   |   |   |   #18206=CARTESIAN_POINT('Ctrl Pnt',(-6.08774150034982358E+03,-1.15297235918915135E+03,1.67209344338176351E+02));
|   |   |   |   |   |   |   |   |   #18207=CARTESIAN_POINT('Ctrl Pnt',(-6.08778547220468681E+03,-1.15287764772490391E+03,1.67902447124766269E+02));
|   |   |   |   |   |   |   |   |   #18208=CARTESIAN_POINT('Ctrl Pnt',(-6.08781484885149439E+03,-1.15281437304065753E+03,1.68599891448862905E+02));
|   |   |   |   |   |   |   |   |   #18209=CARTESIAN_POINT('Ctrl Pnt',(-6.08782955202180256E+03,-1.15278270371967938E+03,1.69299727992227702E+02));
|   |   |   |   |   |   |   |   |   #18210=CARTESIAN_POINT('Ctrl Pnt',(-6.08782955202025823E+03,-1.15278270372311977E+03,1.70000000090732016E+02));
|   |   |   |   #18103=(BOUNDED_SURFACE()B_SPLINE_SURFACE(6,10,((#18104,#18105,#18106,#18107,#18108,#18109,#18110,#18111,#18112,#18113,#18114),(#18115,#18116,#18117,#18118,#18119,#18120,#18121,#18122,#18123,#18124,#18125),(#18126,#18127,#18128,#18129,#18130,#18131,#18132,#18133,#18134,#18135,#18136),(#18137,#18138,#18139,#18140,#18141,#18142,#18143,#18144,#18145,#18146,#18147),(#18148,#18149,#18150,#18151,#18152,#18153,#18154,#18155,#18156,#18157,#18158),(#18159,#18160,#18161,#18162,#18163,#18164,#18165,#18166,#18167,#18168,#18169),(#18170,#18171,#18172,#18173,#18174,#18175,#18176,#18177,#18178,#18179,#18180)),.UNSPECIFIED.,.F.,.F.,.F.)B_SPLINE_SURFACE_WITH_KNOTS((7,7),(11,11),(1.32157037558084589,1.57079633217958659),(0.0,1.0),.UNSPECIFIED.)SURFACE()GEOMETRIC_REPRESENTATION_ITEM()RATIONAL_B_SPLINE_SURFACE(((1.00077676430742013,1.00077676430745033,1.00077676430729845,1.00077676430768014,1.00077676430703488,1.00077676430783891,1.00077676430708351,1.00077676430761331,1.00077676430734575,1.00077676430743590,1.00077676430742013),(1.00025865325482677,1.00025865325483587,1.00025865325478880,1.00025865325490382,1.00025865325470797,1.00025865325497287,1.00025865325468777,1.00025865325492291,1.00025865325478147,1.00025865325483876,1.00025865325482677),(9.99948215990260847E-01,9.99948215990281719E-01,9.99948215990175582E-01,9.99948215990446698E-01,9.99948215989971190E-01,9.99948215990601241E-01,9.99948215989959976E-01,9.99948215990453027E-01,9.99948215990178135E-01,9.99948215990280609E-01,9.99948215990260847E-01),(9.99844807630970500E-01,9.99844807630991594E-01,9.99844807630884902E-01,9.99844807631155685E-01,9.99844807630685506E-01,9.99844807631301347E-01,9.99844807630680288E-01,9.99844807631156351E-01,9.99844807630889454E-01,9.99844807630990151E-01,9.99844807630970500E-01),(9.99948215990261624E-01,9.99948215990288602E-01,9.99948215990150935E-01,9.99948215990507316E-01,9.99948215989876044E-01,9.99948215990712264E-01,9.99948215989868050E-01,9.99948215990511646E-01,9.99948215990153488E-01,9.99948215990287825E-01,9.99948215990261624E-01),(1.00025865325482610,1.00025865325484209,1.00025865325476171,1.00025865325495844,1.00025865325463093,1.00025865325504792,1.00025865325463026,1.00025865325495578,1.00025865325476571,1.00025865325484187,1.00025865325482610),(1.00077676430742013,1.00077676430745033,1.00077676430729845,1.00077676430768014,1.00077676430703488,1.00077676430783891,1.00077676430708351,1.00077676430761331,1.00077676430734575,1.00077676430743590,1.00077676430742013)))REPRESENTATION_ITEM(''));
|   |   |   |   |   #18104=CARTESIAN_POINT('Ctrl Pnt',(-5.43153904405687626E+03,-1.46801357764707973E+02,1.65843881789558367E+02));
|   |   |   |   |   #18105=CARTESIAN_POINT('Ctrl Pnt',(-5.43384944171550978E+03,-2.66919818547332341E+02,1.65843881789558424E+02));
|   |   |   |   |   #18106=CARTESIAN_POINT('Ctrl Pnt',(-5.45038178170689389E+03,-3.90821538017323178E+02,1.65843881789558139E+02));
|   |   |   |   |   #18107=CARTESIAN_POINT('Ctrl Pnt',(-5.48269824018796407E+03,-5.15896604404878190E+02,1.65843881789558822E+02));
|   |   |   |   |   #18108=CARTESIAN_POINT('Ctrl Pnt',(-5.53170474290222683E+03,-6.38831040302271390E+02,1.65843881789557742E+02));
|   |   |   |   |   #18109=CARTESIAN_POINT('Ctrl Pnt',(-5.59726550422128457E+03,-7.55831712394340343E+02,1.65843881789559020E+02));
|   |   |   |   |   #18110=CARTESIAN_POINT('Ctrl Pnt',(-5.67785554803871764E+03,-8.63035329554611508E+02,1.65843881789557742E+02));
|   |   |   |   |   #18111=CARTESIAN_POINT('Ctrl Pnt',(-5.77055562913894937E+03,-9.57487475118946804E+02,1.65843881789558736E+02));
|   |   |   |   |   #18112=CARTESIAN_POINT('Ctrl Pnt',(-5.87195004270977279E+03,-1.03753307847870155E+03,1.65843881789558253E+02));
|   |   |   |   |   #18113=CARTESIAN_POINT('Ctrl Pnt',(-5.97864107053208591E+03,-1.10266355472015425E+03,1.65843881789558395E+02));
|   |   |   |   |   #18114=CARTESIAN_POINT('Ctrl Pnt',(-6.08761032532321860E+03,-1.15325489852906435E+03,1.65843881789558367E+02));
|   |   |   |   |   #18115=CARTESIAN_POINT('Ctrl Pnt',(-5.43171173695912512E+03,-1.46798036133138680E+02,1.66522518025121968E+02));
|   |   |   |   |   #18116=CARTESIAN_POINT('Ctrl Pnt',(-5.43402178260803794E+03,-2.66898195795193033E+02,1.66522518025121968E+02));
|   |   |   |   |   #18117=CARTESIAN_POINT('Ctrl Pnt',(-5.45055160374975458E+03,-3.90781037731398499E+02,1.66522518025121911E+02));
|   |   |   |   |   #18118=CARTESIAN_POINT('Ctrl Pnt',(-5.48286313852967123E+03,-5.15837047815185315E+02,1.66522518025122082E+02));
|   |   |   |   |   #18119=CARTESIAN_POINT('Ctrl Pnt',(-5.53186217466544713E+03,-6.38752753553110551E+02,1.66522518025121855E+02));
|   |   |   |   |   #18120=CARTESIAN_POINT('Ctrl Pnt',(-5.59741294721688882E+03,-7.55735599547558422E+02,1.66522518025122054E+02));
|   |   |   |   |   #18121=CARTESIAN_POINT('Ctrl Pnt',(-5.67799071242115497E+03,-8.62922883279030884E+02,1.66522518025121769E+02));
|   |   |   |   |   #18122=CARTESIAN_POINT('Ctrl Pnt',(-5.77067666983595700E+03,-9.57360638215258973E+02,1.66522518025122139E+02));
|   |   |   |   |   #18123=CARTESIAN_POINT('Ctrl Pnt',(-5.87205563506205908E+03,-1.03739404591223160E+03,1.66522518025121883E+02));
|   |   |   |   |   #18124=CARTESIAN_POINT('Ctrl Pnt',(-5.97873040755318561E+03,-1.10251459894380037E+03,1.66522518025121997E+02));
|   |   |   |   |   #18125=CARTESIAN_POINT('Ctrl Pnt',(-6.08768305990489080E+03,-1.15309823470952483E+03,1.66522518025121968E+02));
|   |   |   |   |   #18126=CARTESIAN_POINT('Ctrl Pnt',(-5.43185049145266566E+03,-1.46795367283993869E+02,1.67209344338176351E+02));
|   |   |   |   |   #18127=CARTESIAN_POINT('Ctrl Pnt',(-5.43416025427044406E+03,-2.66880822446435900E+02,1.67209344338176351E+02));
|   |   |   |   |   #18128=CARTESIAN_POINT('Ctrl Pnt',(-5.45068805157846873E+03,-3.90748496749159131E+02,1.67209344338176351E+02));
|   |   |   |   |   #18129=CARTESIAN_POINT('Ctrl Pnt',(-5.48299563028580633E+03,-5.15789195562292889E+02,1.67209344338176379E+02));
|   |   |   |   |   #18130=CARTESIAN_POINT('Ctrl Pnt',(-5.53198866720968726E+03,-6.38689852078346235E+02,1.67209344338176322E+02));
|   |   |   |   |   #18131=CARTESIAN_POINT('Ctrl Pnt',(-5.59753141403229529E+03,-7.55658375242406692E+02,1.67209344338176379E+02));
|   |   |   |   |   #18132=CARTESIAN_POINT('Ctrl Pnt',(-5.67809931367340596E+03,-8.62832535466216655E+02,1.67209344338176152E+02));
|   |   |   |   |   #18133=CARTESIAN_POINT('Ctrl Pnt',(-5.77077392305475678E+03,-9.57258727887083296E+02,1.67209344338176550E+02));
|   |   |   |   |   #18134=CARTESIAN_POINT('Ctrl Pnt',(-5.87214047591640610E+03,-1.03728233666947267E+03,1.67209344338176294E+02));
|   |   |   |   |   #18135=CARTESIAN_POINT('Ctrl Pnt',(-5.97880218764927758E+03,-1.10239491664627212E+03,1.67209344338176379E+02));
|   |   |   |   |   #18136=CARTESIAN_POINT('Ctrl Pnt',(-6.08774150034982358E+03,-1.15297235918915135E+03,1.67209344338176351E+02));
|   |   |   |   |   #18137=CARTESIAN_POINT('Ctrl Pnt',(-5.43195489333490514E+03,-1.46793359184181782E+02,1.67902447124766269E+02));
|   |   |   |   |   #18138=CARTESIAN_POINT('Ctrl Pnt',(-5.43426444334441749E+03,-2.66867750363050902E+02,1.67902447124766240E+02));
|   |   |   |   |   #18139=CARTESIAN_POINT('Ctrl Pnt',(-5.45079071787621433E+03,-3.90724012210267631E+02,1.67902447124766354E+02));
|   |   |   |   |   #18140=CARTESIAN_POINT('Ctrl Pnt',(-5.48309531994895042E+03,-5.15753190492164322E+02,1.67902447124766070E+02));
|   |   |   |   |   #18141=CARTESIAN_POINT('Ctrl Pnt',(-5.53208384293604468E+03,-6.38642523648164229E+02,1.67902447124766610E+02));
|   |   |   |   |   #18142=CARTESIAN_POINT('Ctrl Pnt',(-5.59762055102670183E+03,-7.55600270004864456E+02,1.67902447124765871E+02));
|   |   |   |   |   #18143=CARTESIAN_POINT('Ctrl Pnt',(-5.67818102760467991E+03,-8.62764555817565565E+02,1.67902447124766468E+02));
|   |   |   |   |   #18144=CARTESIAN_POINT('Ctrl Pnt',(-5.77084709848019975E+03,-9.57182048351870890E+02,1.67902447124766240E+02));
|   |   |   |   |   #18145=CARTESIAN_POINT('Ctrl Pnt',(-5.87220431201036081E+03,-1.03719828421889838E+03,1.67902447124766297E+02));
|   |   |   |   |   #18146=CARTESIAN_POINT('Ctrl Pnt',(-5.97885619654621405E+03,-1.10230486509686216E+03,1.67902447124766269E+02));
|   |   |   |   |   #18147=CARTESIAN_POINT('Ctrl Pnt',(-6.08778547220468681E+03,-1.15287764772490391E+03,1.67902447124766269E+02));
|   |   |   |   |   #18148=CARTESIAN_POINT('Ctrl Pnt',(-5.43202464197818335E+03,-1.46792017616072599E+02,1.68599891448862905E+02));
|   |   |   |   |   #18149=CARTESIAN_POINT('Ctrl Pnt',(-5.43433404981509284E+03,-2.66859017186411791E+02,1.68599891448862905E+02));
|   |   |   |   |   #18150=CARTESIAN_POINT('Ctrl Pnt',(-5.45085930701296093E+03,-3.90707654618517665E+02,1.68599891448862849E+02));
|   |   |   |   |   #18151=CARTESIAN_POINT('Ctrl Pnt',(-5.48316192046041033E+03,-5.15729136282246373E+02,1.68599891448863048E+02));
|   |   |   |   |   #18152=CARTESIAN_POINT('Ctrl Pnt',(-5.53214742778380059E+03,-6.38610904545910330E+02,1.68599891448862707E+02));
|   |   |   |   |   #18153=CARTESIAN_POINT('Ctrl Pnt',(-5.59768010152801162E+03,-7.55561451150239805E+02,1.68599891448863104E+02));
|   |   |   |   |   #18154=CARTESIAN_POINT('Ctrl Pnt',(-5.67823561891781083E+03,-8.62719140082191757E+02,1.68599891448862564E+02));
|   |   |   |   |   #18155=CARTESIAN_POINT('Ctrl Pnt',(-5.77089598540194947E+03,-9.57130820410021897E+02,1.68599891448863190E+02));
|   |   |   |   |   #18156=CARTESIAN_POINT('Ctrl Pnt',(-5.87224695952639286E+03,-1.03714213059156714E+03,1.68599891448862792E+02));
|   |   |   |   |   #18157=CARTESIAN_POINT('Ctrl Pnt',(-5.97889227872410902E+03,-1.10224470360109672E+03,1.68599891448862934E+02));
|   |   |   |   |   #18158=CARTESIAN_POINT('Ctrl Pnt',(-6.08781484885149439E+03,-1.15281437304065753E+03,1.68599891448862905E+02));
|   |   |   |   |   #18159=CARTESIAN_POINT('Ctrl Pnt',(-5.43205955155061019E+03,-1.46791346154016992E+02,1.69299727992227702E+02));
|   |   |   |   |   #18160=CARTESIAN_POINT('Ctrl Pnt',(-5.43436888822936362E+03,-2.66854646184389765E+02,1.69299727992227702E+02));
|   |   |   |   |   #18161=CARTESIAN_POINT('Ctrl Pnt',(-5.45089363624612815E+03,-3.90699467555580441E+02,1.69299727992227730E+02));
|   |   |   |   |   #18162=CARTESIAN_POINT('Ctrl Pnt',(-5.48319525437586890E+03,-5.15717097020386859E+02,1.69299727992227645E+02));
|   |   |   |   |   #18163=CARTESIAN_POINT('Ctrl Pnt',(-5.53217925234329869E+03,-6.38595079014546172E+02,1.69299727992227872E+02));
|   |   |   |   |   #18164=CARTESIAN_POINT('Ctrl Pnt',(-5.59770990687539415E+03,-7.55542022104083344E+02,1.69299727992227446E+02));
|   |   |   |   |   #18165=CARTESIAN_POINT('Ctrl Pnt',(-5.67826294216465340E+03,-8.62696409261420172E+02,1.69299727992227787E+02));
|   |   |   |   |   #18166=CARTESIAN_POINT('Ctrl Pnt',(-5.77092045357020197E+03,-9.57105180548727276E+02,1.69299727992227702E+02));
|   |   |   |   |   #18167=CARTESIAN_POINT('Ctrl Pnt',(-5.87226830483836238E+03,-1.03711402539797177E+03,1.69299727992227702E+02));
|   |   |   |   |   #18168=CARTESIAN_POINT('Ctrl Pnt',(-5.97891033804892322E+03,-1.10221459244777043E+03,1.69299727992227702E+02));
|   |   |   |   |   #18169=CARTESIAN_POINT('Ctrl Pnt',(-6.08782955202180256E+03,-1.15278270371967938E+03,1.69299727992227702E+02));
|   |   |   |   |   #18170=CARTESIAN_POINT('Ctrl Pnt',(-5.43205955154684125E+03,-1.46791346154137841E+02,1.70000000090732016E+02));
|   |   |   |   |   #18171=CARTESIAN_POINT('Ctrl Pnt',(-5.43436888822561195E+03,-2.66854646184913918E+02,1.70000000090732016E+02));
|   |   |   |   |   #18172=CARTESIAN_POINT('Ctrl Pnt',(-5.45089363624241741E+03,-3.90699467556503180E+02,1.70000000090732016E+02));
|   |   |   |   |   #18173=CARTESIAN_POINT('Ctrl Pnt',(-5.48319525437230732E+03,-5.15717097021738596E+02,1.70000000090732016E+02));
|   |   |   |   |   #18174=CARTESIAN_POINT('Ctrl Pnt',(-5.53217925233986807E+03,-6.38595079016315140E+02,1.70000000090732101E+02));
|   |   |   |   |   #18175=CARTESIAN_POINT('Ctrl Pnt',(-5.59770990687220547E+03,-7.55542022106178138E+02,1.70000000090731874E+02));
|   |   |   |   |   #18176=CARTESIAN_POINT('Ctrl Pnt',(-5.67826294216174119E+03,-8.62696409263968917E+02,1.70000000090732016E+02));
|   |   |   |   |   #18177=CARTESIAN_POINT('Ctrl Pnt',(-5.77092045356758990E+03,-9.57105180551489070E+02,1.70000000090732073E+02));
|   |   |   |   |   #18178=CARTESIAN_POINT('Ctrl Pnt',(-5.87226830483609774E+03,-1.03711402540105360E+03,1.70000000090732016E+02));
|   |   |   |   |   #18179=CARTESIAN_POINT('Ctrl Pnt',(-5.97891033804701328E+03,-1.10221459245104438E+03,1.70000000090732016E+02));
|   |   |   |   |   #18180=CARTESIAN_POINT('Ctrl Pnt',(-6.08782955202025823E+03,-1.15278270372311977E+03,1.70000000090732016E+02));
|   |   |   #18211=ADVANCED_FACE('',(#18290),#18212,.F.);
|   |   |   |   #18290=FACE_OUTER_BOUND('',#18291,.F.);
|   |   |   |   |   #18291=EDGE_LOOP('',(#18292,#18293,#18294,#18295));
|   |   |   |   |   |   #18292=ORIENTED_EDGE('',*,*,#18186,.F.);
|   |   |   |   |   |   |   #18186=EDGE_CURVE('',#17808,#18187,#18189,.T.);
|   |   |   |   |   |   |   |   #17808=VERTEX_POINT('',#17809);
|   |   |   |   |   |   |   |   |   #17809=CARTESIAN_POINT('',(-5.43205955154683033E+03,-1.46791346153712993E+02,1.70000000090731987E+02));
|   |   |   |   |   |   |   |   #18187=VERTEX_POINT('',#18188);
|   |   |   |   |   |   |   |   |   #18188=CARTESIAN_POINT('',(-6.08782955195108025E+03,-1.15278270369100005E+03,1.70000000090731987E+02));
|   |   |   |   |   |   |   |   #18189=(BOUNDED_CURVE()B_SPLINE_CURVE(10,(#18190,#18191,#18192,#18193,#18194,#18195,#18196,#18197,#18198,#18199,#18200),.UNSPECIFIED.,.F.,.F.)B_SPLINE_CURVE_WITH_KNOTS((11,11),(0.0,1.0),.UNSPECIFIED.)CURVE()GEOMETRIC_REPRESENTATION_ITEM()RATIONAL_B_SPLINE_CURVE((1.13255657422731426,1.13255657422733269,1.13255657422723854,1.13255657422747347,1.13255657422707845,1.13255657422757738,1.13255657422709310,1.13255657422744882,1.13255657422726008,1.13255657422732625,1.13255657422731426))REPRESENTATION_ITEM(''));
|   |   |   |   |   |   |   |   |   #18190=CARTESIAN_POINT('Ctrl Pnt',(-5.43205955154682488E+03,-1.46791346153287805E+02,1.70000000090732016E+02));
|   |   |   |   |   |   |   |   |   #18191=CARTESIAN_POINT('Ctrl Pnt',(-5.43436888822550281E+03,-2.66854646184058993E+02,1.70000000090732016E+02));
|   |   |   |   |   |   |   |   |   #18192=CARTESIAN_POINT('Ctrl Pnt',(-5.45089363624222824E+03,-3.90699467555688329E+02,1.70000000090732016E+02));
|   |   |   |   |   |   |   |   |   #18193=CARTESIAN_POINT('Ctrl Pnt',(-5.48319525437199718E+03,-5.15717097020896631E+02,1.70000000090732016E+02));
|   |   |   |   |   |   |   |   |   #18194=CARTESIAN_POINT('Ctrl Pnt',(-5.53217925233949791E+03,-6.38595079015563670E+02,1.70000000090732101E+02));
|   |   |   |   |   |   |   |   |   #18195=CARTESIAN_POINT('Ctrl Pnt',(-5.59770990687172616E+03,-7.55542022105448950E+02,1.70000000090731874E+02));
|   |   |   |   |   |   |   |   |   #18196=CARTESIAN_POINT('Ctrl Pnt',(-5.67826294216118822E+03,-8.62696409263293845E+02,1.70000000090732016E+02));
|   |   |   |   |   |   |   |   |   #18197=CARTESIAN_POINT('Ctrl Pnt',(-5.77092045356696781E+03,-9.57105180550902787E+02,1.70000000090732073E+02));
|   |   |   |   |   |   |   |   |   #18198=CARTESIAN_POINT('Ctrl Pnt',(-5.87226830483541107E+03,-1.03711402540053086E+03,1.70000000090732016E+02));
|   |   |   |   |   |   |   |   |   #18199=CARTESIAN_POINT('Ctrl Pnt',(-5.97891033804628205E+03,-1.10221459245060464E+03,1.70000000090732016E+02));
|   |   |   |   |   |   |   |   |   #18200=CARTESIAN_POINT('Ctrl Pnt',(-6.08782955201948789E+03,-1.15278270372276188E+03,1.70000000090732016E+02));
|   |   |   |   |   |   #18293=ORIENTED_EDGE('',*,*,#17925,.T.);
|   |   |   |   |   |   |   #17925=EDGE_CURVE('',#17808,#17673,#17926,.T.);
|   |   |   |   |   |   |   |   #17808=VERTEX_POINT('',#17809);
|   |   |   |   |   |   |   |   |   #17809=CARTESIAN_POINT('',(-5.43205955154683033E+03,-1.46791346153712993E+02,1.70000000090731987E+02));
|   |   |   |   |   |   |   |   #17673=VERTEX_POINT('',#17674);
|   |   |   |   |   |   |   |   |   #17674=CARTESIAN_POINT('',(-5.39836578363195986E+03,-1.47439423077031989E+02,170.0));
|   |   |   |   |   |   |   |   #17926=(BOUNDED_CURVE()B_SPLINE_CURVE(6,(#17927,#17928,#17929,#17930,#17931,#17932,#17933),.UNSPECIFIED.,.F.,.F.)B_SPLINE_CURVE_WITH_KNOTS((7,7),(1.57079633217958659,4.71238898038468612),.UNSPECIFIED.)CURVE()GEOMETRIC_REPRESENTATION_ITEM()RATIONAL_B_SPLINE_CURVE((1.13255657422731426,1.03634663123625681,9.92316309374136840E-01,9.76461899774308195E-01,9.92316309374137728E-01,1.03634663123625703,1.13255657422731426))REPRESENTATION_ITEM(''));
|   |   |   |   |   |   |   |   |   #17927=CARTESIAN_POINT('Ctrl Pnt',(-5.43205955154682488E+03,-1.46791346153287918E+02,1.70000000090732016E+02));
|   |   |   |   |   |   |   |   |   #17928=CARTESIAN_POINT('Ctrl Pnt',(-5.43205955149494366E+03,-1.46791346154951015E+02,1.79639012225437568E+02));
|   |   |   |   |   |   |   |   |   #17929=CARTESIAN_POINT('Ctrl Pnt',(-5.42573738218074959E+03,-1.46912948822479507E+02,1.88092918716632710E+02));
|   |   |   |   |   |   |   |   |   #17930=CARTESIAN_POINT('Ctrl Pnt',(-5.41521266753153668E+03,-1.47115384617546596E+02,1.91501645759143173E+02));
|   |   |   |   |   |   |   |   |   #17931=CARTESIAN_POINT('Ctrl Pnt',(-5.40468795290066555E+03,-1.47317820411790365E+02,1.88092918659949959E+02));
|   |   |   |   |   |   |   |   |   #17932=CARTESIAN_POINT('Ctrl Pnt',(-5.39836578363196259E+03,-1.47439423077277013E+02,1.79639012134705581E+02));
|   |   |   |   |   |   |   |   |   #17933=CARTESIAN_POINT('Ctrl Pnt',(-5.39836578363194985E+03,-1.47439423076612030E+02,1.70000000000000057E+02));
|   |   |   |   |   |   #18294=ORIENTED_EDGE('',*,*,#18060,.T.);
|   |   |   |   |   |   |   #18060=EDGE_CURVE('',#17673,#18061,#18063,.T.);
|   |   |   |   |   |   |   |   #17673=VERTEX_POINT('',#17674);
|   |   |   |   |   |   |   |   |   #17674=CARTESIAN_POINT('',(-5.39836578363195986E+03,-1.47439423077031989E+02,170.0));
|   |   |   |   |   |   |   |   #18061=VERTEX_POINT('',#18062);
|   |   |   |   |   |   |   |   |   #18062=CARTESIAN_POINT('',(-6.07363845271707032E+03,-1.18334906923437006E+03,170.0));
|   |   |   |   |   |   |   |   #18063=(BOUNDED_CURVE()B_SPLINE_CURVE(10,(#18064,#18065,#18066,#18067,#18068,#18069,#18070,#18071,#18072,#18073,#18074),.UNSPECIFIED.,.F.,.F.)B_SPLINE_CURVE_WITH_KNOTS((11,11),(0.0,1.0),.UNSPECIFIED.)CURVE()GEOMETRIC_REPRESENTATION_ITEM()RATIONAL_B_SPLINE_CURVE((1.13255657422731426,1.13255657422733269,1.13255657422723854,1.13255657422747347,1.13255657422707845,1.13255657422757738,1.13255657422709310,1.13255657422744882,1.13255657422726008,1.13255657422732625,1.13255657422731426))REPRESENTATION_ITEM(''));
|   |   |   |   |   |   |   |   |   #18064=CARTESIAN_POINT('Ctrl Pnt',(-5.39836578363194985E+03,-1.47439423076611888E+02,1.70000000000000057E+02));
|   |   |   |   |   |   |   |   |   #18065=CARTESIAN_POINT('Ctrl Pnt',(-5.40074380022596779E+03,-2.71073418258973390E+02,1.70000000000000057E+02));
|   |   |   |   |   |   |   |   |   #18066=CARTESIAN_POINT('Ctrl Pnt',(-5.41775999598409999E+03,-3.98601397623967557E+02,1.70000000000000057E+02));
|   |   |   |   |   |   |   |   |   #18067=CARTESIAN_POINT('Ctrl Pnt',(-5.45102226762923237E+03,-5.27337064518453644E+02,1.70000000000000057E+02));
|   |   |   |   |   |   |   |   |   #18068=CARTESIAN_POINT('Ctrl Pnt',(-5.50146305484046570E+03,-6.53869450601797325E+02,1.70000000000000142E+02));
|   |   |   |   |   |   |   |   |   #18069=CARTESIAN_POINT('Ctrl Pnt',(-5.56894259792024059E+03,-7.74294408060663841E+02,1.69999999999999915E+02));
|   |   |   |   |   |   |   |   |   #18070=CARTESIAN_POINT('Ctrl Pnt',(-5.65189128893867110E+03,-8.84635577945453747E+02,1.70000000000000057E+02));
|   |   |   |   |   |   |   |   |   #18071=CARTESIAN_POINT('Ctrl Pnt',(-5.74730444446419278E+03,-9.81852076005750519E+02,1.70000000000000114E+02));
|   |   |   |   |   |   |   |   |   #18072=CARTESIAN_POINT('Ctrl Pnt',(-5.85166639147260958E+03,-1.06424039230341850E+03,1.70000000000000057E+02));
|   |   |   |   |   |   |   |   |   #18073=CARTESIAN_POINT('Ctrl Pnt',(-5.96147996995036283E+03,-1.13127705705423841E+03,1.70000000000000057E+02));
|   |   |   |   |   |   |   |   |   #18074=CARTESIAN_POINT('Ctrl Pnt',(-6.07363845278548979E+03,-1.18334906926613030E+03,1.70000000000000057E+02));
|   |   |   |   |   |   #18295=ORIENTED_EDGE('',*,*,#18296,.F.);
|   |   |   |   |   |   |   #18296=EDGE_CURVE('',#18187,#18061,#18297,.T.);
|   |   |   |   |   |   |   |   #18187=VERTEX_POINT('',#18188);
|   |   |   |   |   |   |   |   |   #18188=CARTESIAN_POINT('',(-6.08782955195108025E+03,-1.15278270369100005E+03,1.70000000090731987E+02));
|   |   |   |   |   |   |   |   #18061=VERTEX_POINT('',#18062);
|   |   |   |   |   |   |   |   |   #18062=CARTESIAN_POINT('',(-6.07363845271707032E+03,-1.18334906923437006E+03,170.0));
|   |   |   |   |   |   |   |   #18297=(BOUNDED_CURVE()B_SPLINE_CURVE(6,(#18298,#18299,#18300,#18301,#18302,#18303,#18304),.UNSPECIFIED.,.F.,.F.)B_SPLINE_CURVE_WITH_KNOTS((7,7),(1.57079633217958659,4.71238898038468612),.UNSPECIFIED.)CURVE()GEOMETRIC_REPRESENTATION_ITEM()RATIONAL_B_SPLINE_CURVE((1.13255657422731426,1.03634663123625681,9.92316309374136840E-01,9.76461899774308195E-01,9.92316309374137728E-01,1.03634663123625703,1.13255657422731426))REPRESENTATION_ITEM(''));
|   |   |   |   |   |   |   |   |   #18298=CARTESIAN_POINT('Ctrl Pnt',(-6.08782955201948789E+03,-1.15278270372276188E+03,1.70000000090732016E+02));
|   |   |   |   |   |   |   |   |   #18299=CARTESIAN_POINT('Ctrl Pnt',(-6.08782955199823482E+03,-1.15278270377011904E+03,1.79639012225437568E+02));
|   |   |   |   |   |   |   |   |   #18300=CARTESIAN_POINT('Ctrl Pnt',(-6.08516678859578951E+03,-1.15851805930475552E+03,1.88092918716632710E+02));
|   |   |   |   |   |   |   |   |   #18301=CARTESIAN_POINT('Ctrl Pnt',(-6.08073400237945680E+03,-1.16806588654757752E+03,1.91501645759143173E+02));
|   |   |   |   |   |   |   |   |   #18302=CARTESIAN_POINT('Ctrl Pnt',(-6.07630121617042641E+03,-1.17761371377355363E+03,1.88092918659949959E+02));
|   |   |   |   |   |   |   |   |   #18303=CARTESIAN_POINT('Ctrl Pnt',(-6.07363845278609278E+03,-1.18334906926641020E+03,1.79639012134705581E+02));
|   |   |   |   |   |   |   |   |   #18304=CARTESIAN_POINT('Ctrl Pnt',(-6.07363845278548979E+03,-1.18334906926613030E+03,1.70000000000000057E+02));
|   |   |   |   #18212=(BOUNDED_SURFACE()B_SPLINE_SURFACE(6,10,((#18213,#18214,#18215,#18216,#18217,#18218,#18219,#18220,#18221,#18222,#18223),(#18224,#18225,#18226,#18227,#18228,#18229,#18230,#18231,#18232,#18233,#18234),(#18235,#18236,#18237,#18238,#18239,#18240,#18241,#18242,#18243,#18244,#18245),(#18246,#18247,#18248,#18249,#18250,#18251,#18252,#18253,#18254,#18255,#18256),(#18257,#18258,#18259,#18260,#18261,#18262,#18263,#18264,#18265,#18266,#18267),(#18268,#18269,#18270,#18271,#18272,#18273,#18274,#18275,#18276,#18277,#18278),(#18279,#18280,#18281,#18282,#18283,#18284,#18285,#18286,#18287,#18288,#18289)),.UNSPECIFIED.,.F.,.F.,.F.)B_SPLINE_SURFACE_WITH_KNOTS((7,7),(11,11),(1.57079633217958659,4.71238898038468612),(0.0,1.0),.UNSPECIFIED.)SURFACE()GEOMETRIC_REPRESENTATION_ITEM()RATIONAL_B_SPLINE_SURFACE(((1.13255657422731426,1.13255657422733269,1.13255657422723854,1.13255657422747347,1.13255657422707845,1.13255657422757738,1.13255657422709310,1.13255657422744882,1.13255657422726008,1.13255657422732625,1.13255657422731426),(1.03634663123625681,1.03634663123627413,1.03634663123619064,1.03634663123638671,1.03634663123607984,1.03634663123643733,1.03634663123612225,1.03634663123632587,1.03634663123623461,1.03634663123626014,1.03634663123625681),(9.92316309374136840E-01,9.92316309374145500E-01,9.92316309374101313E-01,9.92316309374209893E-01,9.92316309374024819E-01,9.92316309374273509E-01,9.92316309374008942E-01,9.92316309374222327E-01,9.92316309374099648E-01,9.92316309374145389E-01,9.92316309374136840E-01),(9.76461899774308195E-01,9.76461899774335285E-01,9.76461899774195508E-01,9.76461899774559772E-01,9.76461899773910069E-01,9.76461899774778486E-01,9.76461899773893305E-01,9.76461899774572539E-01,9.76461899774194286E-01,9.76461899774335729E-01,9.76461899774308195E-01),(9.92316309374137728E-01,9.92316309374153382E-01,9.92316309374072780E-01,9.92316309374276506E-01,9.92316309373929339E-01,9.92316309374372096E-01,9.92316309373941996E-01,9.92316309374254746E-01,9.92316309374090322E-01,9.92316309374148164E-01,9.92316309374137728E-01),(1.03634663123625703,1.03634663123626525,1.03634663123622683,1.03634663123630921,1.03634663123619286,1.03634663123631654,1.03634663123622017,1.03634663123626813,1.03634663123625903,1.03634663123625437,1.03634663123625703),(1.13255657422731426,1.13255657422733269,1.13255657422723854,1.13255657422747347,1.13255657422707845,1.13255657422757738,1.13255657422709310,1.13255657422744882,1.13255657422726008,1.13255657422732625,1.13255657422731426)))REPRESENTATION_ITEM(''));
|   |   |   |   |   #18213=CARTESIAN_POINT('Ctrl Pnt',(-5.43205955154682488E+03,-1.46791346153287805E+02,1.70000000090732016E+02));
|   |   |   |   |   #18214=CARTESIAN_POINT('Ctrl Pnt',(-5.43436888822550281E+03,-2.66854646184058993E+02,1.70000000090732016E+02));
|   |   |   |   |   #18215=CARTESIAN_POINT('Ctrl Pnt',(-5.45089363624222824E+03,-3.90699467555688329E+02,1.70000000090732016E+02));
|   |   |   |   |   #18216=CARTESIAN_POINT('Ctrl Pnt',(-5.48319525437199718E+03,-5.15717097020896631E+02,1.70000000090732016E+02));
|   |   |   |   |   #18217=CARTESIAN_POINT('Ctrl Pnt',(-5.53217925233949791E+03,-6.38595079015563670E+02,1.70000000090732101E+02));
|   |   |   |   |   #18218=CARTESIAN_POINT('Ctrl Pnt',(-5.59770990687172616E+03,-7.55542022105448950E+02,1.70000000090731874E+02));
|   |   |   |   |   #18219=CARTESIAN_POINT('Ctrl Pnt',(-5.67826294216118822E+03,-8.62696409263293845E+02,1.70000000090732016E+02));
|   |   |   |   |   #18220=CARTESIAN_POINT('Ctrl Pnt',(-5.77092045356696781E+03,-9.57105180550902787E+02,1.70000000090732073E+02));
|   |   |   |   |   #18221=CARTESIAN_POINT('Ctrl Pnt',(-5.87226830483541107E+03,-1.03711402540053086E+03,1.70000000090732016E+02));
|   |   |   |   |   #18222=CARTESIAN_POINT('Ctrl Pnt',(-5.97891033804628205E+03,-1.10221459245060464E+03,1.70000000090732016E+02));
|   |   |   |   |   #18223=CARTESIAN_POINT('Ctrl Pnt',(-6.08782955201948789E+03,-1.15278270372276188E+03,1.70000000090732016E+02));
|   |   |   |   |   #18224=CARTESIAN_POINT('Ctrl Pnt',(-5.43205955149494366E+03,-1.46791346154950929E+02,1.79639012225437568E+02));
|   |   |   |   |   #18225=CARTESIAN_POINT('Ctrl Pnt',(-5.43436888817379713E+03,-2.66854646191219956E+02,1.79639012225437597E+02));
|   |   |   |   |   #18226=CARTESIAN_POINT('Ctrl Pnt',(-5.45089363619135565E+03,-3.90699467568514706E+02,1.79639012225437398E+02));
|   |   |   |   |   #18227=CARTESIAN_POINT('Ctrl Pnt',(-5.48319525432267528E+03,-5.15717097039419855E+02,1.79639012225438137E+02));
|   |   |   |   |   #18228=CARTESIAN_POINT('Ctrl Pnt',(-5.53217925229248885E+03,-6.38595079039711777E+02,1.79639012225436403E+02));
|   |   |   |   |   #18229=CARTESIAN_POINT('Ctrl Pnt',(-5.59770990682779484E+03,-7.55542022134874856E+02,1.79639012225439217E+02));
|   |   |   |   |   #18230=CARTESIAN_POINT('Ctrl Pnt',(-5.67826294212099947E+03,-8.62696409297625223E+02,1.79639012225435664E+02));
|   |   |   |   |   #18231=CARTESIAN_POINT('Ctrl Pnt',(-5.77092045353108824E+03,-9.57105180589471047E+02,1.79639012225439075E+02));
|   |   |   |   |   #18232=CARTESIAN_POINT('Ctrl Pnt',(-5.87226830480421086E+03,-1.03711402544271959E+03,1.79639012225436801E+02));
|   |   |   |   |   #18233=CARTESIAN_POINT('Ctrl Pnt',(-5.97891033802001311E+03,-1.10221459249570944E+03,1.79639012225437767E+02));
|   |   |   |   |   #18234=CARTESIAN_POINT('Ctrl Pnt',(-6.08782955199823482E+03,-1.15278270377011904E+03,1.79639012225437568E+02));
|   |   |   |   |   #18235=CARTESIAN_POINT('Ctrl Pnt',(-5.42573738218074959E+03,-1.46912948822479393E+02,1.88092918716632710E+02));
|   |   |   |   |   #18236=CARTESIAN_POINT('Ctrl Pnt',(-5.42805960569542458E+03,-2.67646240394709650E+02,1.88092918716633136E+02));
|   |   |   |   |   #18237=CARTESIAN_POINT('Ctrl Pnt',(-5.44467656708134928E+03,-3.92182155404035484E+02,1.88092918716630919E+02));
|   |   |   |   |   #18238=CARTESIAN_POINT('Ctrl Pnt',(-5.47715843855192088E+03,-5.17897423150452255E+02,1.88092918716636802E+02));
|   |   |   |   |   #18239=CARTESIAN_POINT('Ctrl Pnt',(-5.52641578286516960E+03,-6.41461103510390672E+02,1.88092918716626315E+02));
|   |   |   |   |   #18240=CARTESIAN_POINT('Ctrl Pnt',(-5.59231211936888849E+03,-7.59060647875162203E+02,1.88092918716640042E+02));
|   |   |   |   |   #18241=CARTESIAN_POINT('Ctrl Pnt',(-5.67331466630995692E+03,-8.66812990719615982E+02,1.88092918716626286E+02));
|   |   |   |   |   #18242=CARTESIAN_POINT('Ctrl Pnt',(-5.76648923620818005E+03,-9.61748593088677808E+02,1.88092918716636746E+02));
|   |   |   |   |   #18243=CARTESIAN_POINT('Ctrl Pnt',(-5.86840264083959300E+03,-1.04220391283329604E+03,1.88092918716630976E+02));
|   |   |   |   |   #18244=CARTESIAN_POINT('Ctrl Pnt',(-5.97563977063874700E+03,-1.10766776182918147E+03,1.88092918716633136E+02));
|   |   |   |   |   #18245=CARTESIAN_POINT('Ctrl Pnt',(-6.08516678859578951E+03,-1.15851805930475552E+03,1.88092918716632710E+02));
|   |   |   |   |   #18246=CARTESIAN_POINT('Ctrl Pnt',(-5.41521266753153668E+03,-1.47115384617546624E+02,1.91501645759143173E+02));
|   |   |   |   |   #18247=CARTESIAN_POINT('Ctrl Pnt',(-5.41755634416816338E+03,-2.68964032230247142E+02,1.91501645759142718E+02));
|   |   |   |   |   #18248=CARTESIAN_POINT('Ctrl Pnt',(-5.43432681605657945E+03,-3.94650432604849073E+02,1.91501645759145021E+02));
|   |   |   |   |   #18249=CARTESIAN_POINT('Ctrl Pnt',(-5.46710876094589821E+03,-5.21527080791068101E+02,1.91501645759138910E+02));
|   |   |   |   |   #18250=CARTESIAN_POINT('Ctrl Pnt',(-5.51682115353783229E+03,-6.46232264836266836E+02,1.91501645759150165E+02));
|   |   |   |   |   #18251=CARTESIAN_POINT('Ctrl Pnt',(-5.58332625234744501E+03,-7.64918215116510851E+02,1.91501645759134846E+02));
|   |   |   |   |   #18252=CARTESIAN_POINT('Ctrl Pnt',(-5.66507711550556996E+03,-8.73665993643271690E+02,1.91501645759150335E+02));
|   |   |   |   |   #18253=CARTESIAN_POINT('Ctrl Pnt',(-5.75911244897610050E+03,-9.69478628321826477E+02,1.91501645759138682E+02));
|   |   |   |   |   #18254=CARTESIAN_POINT('Ctrl Pnt',(-5.86196734811982424E+03,-1.05067720889950851E+03,1.91501645759145106E+02));
|   |   |   |   |   #18255=CARTESIAN_POINT('Ctrl Pnt',(-5.97019515396965562E+03,-1.11674582480310346E+03,1.91501645759142690E+02));
|   |   |   |   |   #18256=CARTESIAN_POINT('Ctrl Pnt',(-6.08073400237945680E+03,-1.16806588654757752E+03,1.91501645759143173E+02));
|   |   |   |   |   #18257=CARTESIAN_POINT('Ctrl Pnt',(-5.40468795290066555E+03,-1.47317820411790308E+02,1.88092918659949959E+02));
|   |   |   |   |   #18258=CARTESIAN_POINT('Ctrl Pnt',(-5.40705308265914846E+03,-2.70281824063005445E+02,1.88092918659949845E+02));
|   |   |   |   |   #18259=CARTESIAN_POINT('Ctrl Pnt',(-5.42397706504977486E+03,-3.97118709800932720E+02,1.88092918659950271E+02));
|   |   |   |   |   #18260=CARTESIAN_POINT('Ctrl Pnt',(-5.45705908335717231E+03,-5.25156738424855803E+02,1.88092918659949305E+02));
|   |   |   |   |   #18261=CARTESIAN_POINT('Ctrl Pnt',(-5.50722652422709962E+03,-6.51003426153416285E+02,1.88092918659950897E+02));
|   |   |   |   |   #18262=CARTESIAN_POINT('Ctrl Pnt',(-5.57434038534134197E+03,-7.70775782347294694E+02,1.88092918659949078E+02));
|   |   |   |   |   #18263=CARTESIAN_POINT('Ctrl Pnt',(-5.65683956471524107E+03,-8.80518996554500745E+02,1.88092918659950442E+02));
|   |   |   |   |   #18264=CARTESIAN_POINT('Ctrl Pnt',(-5.75173566175658289E+03,-9.77208663541276565E+02,1.88092918659949760E+02));
|   |   |   |   |   #18265=CARTESIAN_POINT('Ctrl Pnt',(-5.85553205541085754E+03,-1.05915050495059518E+03,1.88092918659950044E+02));
|   |   |   |   |   #18266=CARTESIAN_POINT('Ctrl Pnt',(-5.96475053730966556E+03,-1.12582388776097332E+03,1.88092918659949930E+02));
|   |   |   |   |   #18267=CARTESIAN_POINT('Ctrl Pnt',(-6.07630121617042641E+03,-1.17761371377355363E+03,1.88092918659949959E+02));
|   |   |   |   |   #18268=CARTESIAN_POINT('Ctrl Pnt',(-5.39836578363196259E+03,-1.47439423077276842E+02,1.79639012134705581E+02));
|   |   |   |   |   #18269=CARTESIAN_POINT('Ctrl Pnt',(-5.40074380022604964E+03,-2.71073418259630841E+02,1.79639012134705752E+02));
|   |   |   |   |   #18270=CARTESIAN_POINT('Ctrl Pnt',(-5.41775999598426188E+03,-3.98601397624640754E+02,1.79639012134704785E+02));
|   |   |   |   |   #18271=CARTESIAN_POINT('Ctrl Pnt',(-5.45102226762945429E+03,-5.27337064519055161E+02,1.79639012134708054E+02));
|   |   |   |   |   #18272=CARTESIAN_POINT('Ctrl Pnt',(-5.50146305484077220E+03,-6.53869450602440452E+02,1.79639012134700636E+02));
|   |   |   |   |   #18273=CARTESIAN_POINT('Ctrl Pnt',(-5.56894259792061712E+03,-7.74294408061206013E+02,1.79639012134712061E+02));
|   |   |   |   |   #18274=CARTESIAN_POINT('Ctrl Pnt',(-5.65189128893908310E+03,-8.84635577945982277E+02,1.79639012134699868E+02));
|   |   |   |   |   #18275=CARTESIAN_POINT('Ctrl Pnt',(-5.74730444446470847E+03,-9.81852076006219590E+02,1.79639012134708906E+02));
|   |   |   |   |   #18276=CARTESIAN_POINT('Ctrl Pnt',(-5.85166639147312708E+03,-1.06424039230382027E+03,1.79639012134704330E+02));
|   |   |   |   |   #18277=CARTESIAN_POINT('Ctrl Pnt',(-5.96147996995094309E+03,-1.13127705705458470E+03,1.79639012134705894E+02));
|   |   |   |   |   #18278=CARTESIAN_POINT('Ctrl Pnt',(-6.07363845278609278E+03,-1.18334906926641020E+03,1.79639012134705581E+02));
|   |   |   |   |   #18279=CARTESIAN_POINT('Ctrl Pnt',(-5.39836578363194985E+03,-1.47439423076611888E+02,1.70000000000000057E+02));
|   |   |   |   |   #18280=CARTESIAN_POINT('Ctrl Pnt',(-5.40074380022596779E+03,-2.71073418258973390E+02,1.70000000000000057E+02));
|   |   |   |   |   #18281=CARTESIAN_POINT('Ctrl Pnt',(-5.41775999598409999E+03,-3.98601397623967557E+02,1.70000000000000057E+02));
|   |   |   |   |   #18282=CARTESIAN_POINT('Ctrl Pnt',(-5.45102226762923237E+03,-5.27337064518453644E+02,1.70000000000000057E+02));
|   |   |   |   |   #18283=CARTESIAN_POINT('Ctrl Pnt',(-5.50146305484046570E+03,-6.53869450601797325E+02,1.70000000000000142E+02));
|   |   |   |   |   #18284=CARTESIAN_POINT('Ctrl Pnt',(-5.56894259792024059E+03,-7.74294408060663841E+02,1.69999999999999915E+02));
|   |   |   |   |   #18285=CARTESIAN_POINT('Ctrl Pnt',(-5.65189128893867110E+03,-8.84635577945453747E+02,1.70000000000000057E+02));
|   |   |   |   |   #18286=CARTESIAN_POINT('Ctrl Pnt',(-5.74730444446419278E+03,-9.81852076005750405E+02,1.70000000000000114E+02));
|   |   |   |   |   #18287=CARTESIAN_POINT('Ctrl Pnt',(-5.85166639147260958E+03,-1.06424039230341850E+03,1.70000000000000057E+02));
|   |   |   |   |   #18288=CARTESIAN_POINT('Ctrl Pnt',(-5.96147996995036283E+03,-1.13127705705423841E+03,1.70000000000000057E+02));
|   |   |   |   |   #18289=CARTESIAN_POINT('Ctrl Pnt',(-6.07363845278548979E+03,-1.18334906926613030E+03,1.70000000000000057E+02));
|   |   |   #18305=ADVANCED_FACE('',(#18315),#18306,.T.);
|   |   |   |   #18315=FACE_OUTER_BOUND('',#18316,.T.);
|   |   |   |   |   #18316=EDGE_LOOP('',(#18317,#18324,#18325,#18332));
|   |   |   |   |   |   #18317=ORIENTED_EDGE('',*,*,#18318,.F.);
|   |   |   |   |   |   |   #18318=EDGE_CURVE('',#17945,#18319,#18321,.T.);
|   |   |   |   |   |   |   |   #17945=VERTEX_POINT('',#17946);
|   |   |   |   |   |   |   |   |   #17946=CARTESIAN_POINT('',(-2.52480279741084996E+03,-1.40800000000000001E+01,1.69999999999108013E+02));
|   |   |   |   |   |   |   |   #18319=VERTEX_POINT('',#18320);
|   |   |   |   |   |   |   |   |   #18320=CARTESIAN_POINT('',(-5.26524040684000011E+03,-1.40800000000000001E+01,170.0));
|   |   |   |   |   |   |   |   #18321=B_SPLINE_CURVE_WITH_KNOTS('',1,(#18322,#18323),.UNSPECIFIED.,.F.,.F.,(2,2),(0.0,2.74043760943000007E+03),.UNSPECIFIED.);
|   |   |   |   |   |   |   |   |   #18322=CARTESIAN_POINT('Ctrl Pnt',(-2.52480279741000004E+03,-1.40800000000000018E+01,1.70000000000000057E+02));
|   |   |   |   |   |   |   |   |   #18323=CARTESIAN_POINT('Ctrl Pnt',(-5.26524040684000011E+03,-1.40800000000000018E+01,1.70000000000000057E+02));
|   |   |   |   |   |   #18324=ORIENTED_EDGE('',*,*,#17953,.T.);
|   |   |   |   |   |   |   #17953=EDGE_CURVE('',#17945,#17954,#17956,.T.);
|   |   |   |   |   |   |   |   #17945=VERTEX_POINT('',#17946);
|   |   |   |   |   |   |   |   |   #17946=CARTESIAN_POINT('',(-2.52480279741084996E+03,-1.40800000000000001E+01,1.69999999999108013E+02));
|   |   |   |   |   |   |   |   #17954=VERTEX_POINT('',#17955);
|   |   |   |   |   |   |   |   |   #17955=CARTESIAN_POINT('',(-2.52480279741082995E+03,1.36449791692371996E+01,1.66527113092673005E+02));
|   |   |   |   |   |   |   |   #17956=CIRCLE('',#17957,1.40800000000000018E+01);
|   |   |   |   |   |   |   |   |   #17957=AXIS2_PLACEMENT_3D('',#17958,#17959,#17960);
|   |   |   |   |   |   |   |   |   |   #17958=CARTESIAN_POINT('',(-2.52480279741084951E+03,0.0,170.0));
|   |   |   |   |   |   |   |   |   |   #17959=DIRECTION('',(1.0,0.0,5.66292090289647791E-12));
|   |   |   |   |   |   |   |   |   |   #17960=DIRECTION('',(-5.66292090289647791E-12,0.0,1.0));
|   |   |   |   |   |   #18325=ORIENTED_EDGE('',*,*,#18326,.T.);
|   |   |   |   |   |   |   #18326=EDGE_CURVE('',#17954,#18327,#18329,.T.);
|   |   |   |   |   |   |   |   #17954=VERTEX_POINT('',#17955);
|   |   |   |   |   |   |   |   |   #17955=CARTESIAN_POINT('',(-2.52480279741082995E+03,1.36449791692371996E+01,1.66527113092673005E+02));
|   |   |   |   |   |   |   |   #18327=VERTEX_POINT('',#18328);
|   |   |   |   |   |   |   |   |   #18328=CARTESIAN_POINT('',(-5.26524040684056035E+03,1.36449791690173008E+01,1.66527113091809014E+02));
|   |   |   |   |   |   |   |   #18329=B_SPLINE_CURVE_WITH_KNOTS('',1,(#18330,#18331),.UNSPECIFIED.,.F.,.F.,(2,2),(0.0,2.74043760943000007E+03),.UNSPECIFIED.);
|   |   |   |   |   |   |   |   |   #18330=CARTESIAN_POINT('Ctrl Pnt',(-2.52480279741056302E+03,1.36449791690172866E+01,1.66527113091809014E+02));
|   |   |   |   |   |   |   |   |   #18331=CARTESIAN_POINT('Ctrl Pnt',(-5.26524040684056308E+03,1.36449791690172866E+01,1.66527113091809014E+02));
|   |   |   |   |   |   #18332=ORIENTED_EDGE('',*,*,#18333,.F.);
|   |   |   |   |   |   |   #18333=EDGE_CURVE('',#18319,#18327,#18334,.T.);
|   |   |   |   |   |   |   |   #18319=VERTEX_POINT('',#18320);
|   |   |   |   |   |   |   |   |   #18320=CARTESIAN_POINT('',(-5.26524040684000011E+03,-1.40800000000000001E+01,170.0));
|   |   |   |   |   |   |   |   #18327=VERTEX_POINT('',#18328);
|   |   |   |   |   |   |   |   |   #18328=CARTESIAN_POINT('',(-5.26524040684056035E+03,1.36449791690173008E+01,1.66527113091809014E+02));
|   |   |   |   |   |   |   |   #18334=B_SPLINE_CURVE_WITH_KNOTS('',9,(#18335,#18336,#18337,#18338,#18339,#18340,#18341,#18342,#18343,#18344),.UNSPECIFIED.,.F.,.F.,(10,10),(4.71238898038469234,7.60475568276043212),.UNSPECIFIED.);
|   |   |   |   |   |   |   |   |   #18335=CARTESIAN_POINT('Ctrl Pnt',(-5.26524040684085048E+03,-1.40800000000000054E+01,1.69999999999999943E+02));
|   |   |   |   |   |   |   |   |   #18336=CARTESIAN_POINT('Ctrl Pnt',(-5.26524040684060856E+03,-1.40800000000001617E+01,1.65475052981175224E+02));
|   |   |   |   |   |   |   |   |   #18337=CARTESIAN_POINT('Ctrl Pnt',(-5.26524040683961357E+03,-1.24440291580610243E+01,1.60950083845623425E+02));
|   |   |   |   |   |   |   |   |   #18338=CARTESIAN_POINT('Ctrl Pnt',(-5.26524040684079228E+03,-9.17204146779436691,1.57101258376605017E+02));
|   |   |   |   |   |   |   |   |   #18339=CARTESIAN_POINT('Ctrl Pnt',(-5.26524040683819385E+03,-4.59011977801139093,1.54603765435555573E+02));
|   |   |   |   |   |   |   |   |   #18340=CARTESIAN_POINT('Ctrl Pnt',(-5.26524040684082684E+03,6.50760461653343114E-01,1.53947282187759839E+02));
|   |   |   |   |   |   |   |   |   #18341=CARTESIAN_POINT('Ctrl Pnt',(-5.26524040683878502E+03,5.70713379611556171,1.55237462820080225E+02));
|   |   |   |   |   |   |   |   |   #18342=CARTESIAN_POINT('Ctrl Pnt',(-5.26524040684024112E+03,9.82735676901040733,1.58160325045759748E+02));
|   |   |   |   |   |   |   |   |   #18343=CARTESIAN_POINT('Ctrl Pnt',(-5.26524040684011015E+03,1.25288833407543319E+01,1.62141970491464519E+02));
|   |   |   |   |   |   |   |   |   #18344=CARTESIAN_POINT('Ctrl Pnt',(-5.26524040684056399E+03,1.36449791690172901E+01,1.66527113091808985E+02));
|   |   |   |   #18306=OFFSET_SURFACE('',#18312,2.77000000000000002,.F.);
|   |   |   |   |   #18312=SURFACE_OF_LINEAR_EXTRUSION('',#18307,#18313);
|   |   |   |   |   |   #18307=CIRCLE('',#18308,1.68500000000000014E+01);
|   |   |   |   |   |   |   #18308=AXIS2_PLACEMENT_3D('',#18309,#18310,#18311);
|   |   |   |   |   |   |   |   #18309=CARTESIAN_POINT('',(-2.52480279741084996E+03,0.0,170.0));
|   |   |   |   |   |   |   |   #18310=DIRECTION('',(1.0,-0.0,6.90000164711686333E-11));
|   |   |   |   |   |   |   |   #18311=DIRECTION('',(6.90000164711686333E-11,0.0,-1.0));
|   |   |   |   |   |   #18313=VECTOR('',#18314,1.0);
|   |   |   |   |   |   |   #18314=DIRECTION('',(-1.0,0.0,0.0));
|   |   |   #18345=ADVANCED_FACE('',(#18355),#18346,.T.);
|   |   |   |   #18355=FACE_OUTER_BOUND('',#18356,.T.);
|   |   |   |   |   #18356=EDGE_LOOP('',(#18357,#18358,#18359,#18366));
|   |   |   |   |   |   #18357=ORIENTED_EDGE('',*,*,#18326,.F.);
|   |   |   |   |   |   |   #18326=EDGE_CURVE('',#17954,#18327,#18329,.T.);
|   |   |   |   |   |   |   |   #17954=VERTEX_POINT('',#17955);
|   |   |   |   |   |   |   |   |   #17955=CARTESIAN_POINT('',(-2.52480279741082995E+03,1.36449791692371996E+01,1.66527113092673005E+02));
|   |   |   |   |   |   |   |   #18327=VERTEX_POINT('',#18328);
|   |   |   |   |   |   |   |   |   #18328=CARTESIAN_POINT('',(-5.26524040684056035E+03,1.36449791690173008E+01,1.66527113091809014E+02));
|   |   |   |   |   |   |   |   #18329=B_SPLINE_CURVE_WITH_KNOTS('',1,(#18330,#18331),.UNSPECIFIED.,.F.,.F.,(2,2),(0.0,2.74043760943000007E+03),.UNSPECIFIED.);
|   |   |   |   |   |   |   |   |   #18330=CARTESIAN_POINT('Ctrl Pnt',(-2.52480279741056302E+03,1.36449791690172866E+01,1.66527113091809014E+02));
|   |   |   |   |   |   |   |   |   #18331=CARTESIAN_POINT('Ctrl Pnt',(-5.26524040684056308E+03,1.36449791690172866E+01,1.66527113091809014E+02));
|   |   |   |   |   |   #18358=ORIENTED_EDGE('',*,*,#17962,.T.);
|   |   |   |   |   |   |   #17962=EDGE_CURVE('',#17954,#17963,#17965,.T.);
|   |   |   |   |   |   |   |   #17954=VERTEX_POINT('',#17955);
|   |   |   |   |   |   |   |   |   #17955=CARTESIAN_POINT('',(-2.52480279741082995E+03,1.36449791692371996E+01,1.66527113092673005E+02));
|   |   |   |   |   |   |   |   #17963=VERTEX_POINT('',#17964);
|   |   |   |   |   |   |   |   |   #17964=CARTESIAN_POINT('',(-2.52480279741084996E+03,1.40800000000000001E+01,1.70000000076708005E+02));
|   |   |   |   |   |   |   |   #17965=CIRCLE('',#17966,1.40800000000000018E+01);
|   |   |   |   |   |   |   |   |   #17966=AXIS2_PLACEMENT_3D('',#17967,#17968,#17969);
|   |   |   |   |   |   |   |   |   |   #17967=CARTESIAN_POINT('',(-2.52480279741084951E+03,0.0,170.0));
|   |   |   |   |   |   |   |   |   |   #17968=DIRECTION('',(1.0,0.0,5.66292090289647791E-12));
|   |   |   |   |   |   |   |   |   |   #17969=DIRECTION('',(-5.66292090289647791E-12,0.0,1.0));
|   |   |   |   |   |   #18359=ORIENTED_EDGE('',*,*,#18360,.T.);
|   |   |   |   |   |   |   #18360=EDGE_CURVE('',#17963,#18361,#18363,.T.);
|   |   |   |   |   |   |   |   #17963=VERTEX_POINT('',#17964);
|   |   |   |   |   |   |   |   |   #17964=CARTESIAN_POINT('',(-2.52480279741084996E+03,1.40800000000000001E+01,1.70000000076708005E+02));
|   |   |   |   |   |   |   |   #18361=VERTEX_POINT('',#18362);
|   |   |   |   |   |   |   |   |   #18362=CARTESIAN_POINT('',(-5.26524040684000011E+03,1.40800000000000001E+01,1.70000000075815990E+02));
|   |   |   |   |   |   |   |   #18363=B_SPLINE_CURVE_WITH_KNOTS('',1,(#18364,#18365),.UNSPECIFIED.,.F.,.F.,(2,2),(0.0,2.74043760943000007E+03),.UNSPECIFIED.);
|   |   |   |   |   |   |   |   |   #18364=CARTESIAN_POINT('Ctrl Pnt',(-2.52480279741000004E+03,1.40800000000000018E+01,1.70000000075816416E+02));
|   |   |   |   |   |   |   |   |   #18365=CARTESIAN_POINT('Ctrl Pnt',(-5.26524040684000011E+03,1.40800000000000018E+01,1.70000000075816416E+02));
|   |   |   |   |   |   #18366=ORIENTED_EDGE('',*,*,#18367,.F.);
|   |   |   |   |   |   |   #18367=EDGE_CURVE('',#18327,#18361,#18368,.T.);
|   |   |   |   |   |   |   |   #18327=VERTEX_POINT('',#18328);
|   |   |   |   |   |   |   |   |   #18328=CARTESIAN_POINT('',(-5.26524040684056035E+03,1.36449791690173008E+01,1.66527113091809014E+02));
|   |   |   |   |   |   |   |   #18361=VERTEX_POINT('',#18362);
|   |   |   |   |   |   |   |   |   #18362=CARTESIAN_POINT('',(-5.26524040684000011E+03,1.40800000000000001E+01,1.70000000075815990E+02));
|   |   |   |   |   |   |   |   #18368=B_SPLINE_CURVE_WITH_KNOTS('',5,(#18369,#18370,#18371,#18372,#18373,#18374),.UNSPECIFIED.,.F.,.F.,(6,6),(1.32157037558084589,1.57079633217958659),.UNSPECIFIED.);
|   |   |   |   |   |   |   |   |   #18369=CARTESIAN_POINT('Ctrl Pnt',(-5.26524040684056308E+03,1.36449791690172866E+01,1.66527113091809014E+02));
|   |   |   |   |   |   |   |   |   #18370=CARTESIAN_POINT('Ctrl Pnt',(-5.26524040684061765E+03,1.38180858813879155E+01,1.67207249689042470E+02));
|   |   |   |   |   |   |   |   |   #18371=CARTESIAN_POINT('Ctrl Pnt',(-5.26524040684068041E+03,1.39488157756341753E+01,1.67898171942955514E+02));
|   |   |   |   |   |   |   |   |   #18372=CARTESIAN_POINT('Ctrl Pnt',(-5.26524040684072588E+03,1.40362721548286142E+01,1.68596359476380769E+02));
|   |   |   |   |   |   |   |   |   #18373=CARTESIAN_POINT('Ctrl Pnt',(-5.26524040684079682E+03,1.40800000037790873E+01,1.69298179782034538E+02));
|   |   |   |   |   |   |   |   |   #18374=CARTESIAN_POINT('Ctrl Pnt',(-5.26524040684085048E+03,1.40800000000000018E+01,1.70000000075816416E+02));
|   |   |   |   #18346=OFFSET_SURFACE('',#18352,2.77000000000000002,.F.);
|   |   |   |   |   #18352=SURFACE_OF_LINEAR_EXTRUSION('',#18347,#18353);
|   |   |   |   |   |   #18347=CIRCLE('',#18348,1.68500000000000014E+01);
|   |   |   |   |   |   |   #18348=AXIS2_PLACEMENT_3D('',#18349,#18350,#18351);
|   |   |   |   |   |   |   |   #18349=CARTESIAN_POINT('',(-2.52480279741084996E+03,0.0,170.0));
|   |   |   |   |   |   |   |   #18350=DIRECTION('',(1.0,-0.0,6.90000164711686333E-11));
|   |   |   |   |   |   |   |   #18351=DIRECTION('',(6.90000164711686333E-11,0.0,-1.0));
|   |   |   |   |   |   #18353=VECTOR('',#18354,1.0);
|   |   |   |   |   |   |   #18354=DIRECTION('',(-1.0,0.0,0.0));
|   |   |   #18375=ADVANCED_FACE('',(#18385),#18376,.T.);
|   |   |   |   #18385=FACE_OUTER_BOUND('',#18386,.T.);
|   |   |   |   |   #18386=EDGE_LOOP('',(#18387,#18388,#18389,#18390));
|   |   |   |   |   |   #18387=ORIENTED_EDGE('',*,*,#18360,.F.);
|   |   |   |   |   |   |   #18360=EDGE_CURVE('',#17963,#18361,#18363,.T.);
|   |   |   |   |   |   |   |   #17963=VERTEX_POINT('',#17964);
|   |   |   |   |   |   |   |   |   #17964=CARTESIAN_POINT('',(-2.52480279741084996E+03,1.40800000000000001E+01,1.70000000076708005E+02));
|   |   |   |   |   |   |   |   #18361=VERTEX_POINT('',#18362);
|   |   |   |   |   |   |   |   |   #18362=CARTESIAN_POINT('',(-5.26524040684000011E+03,1.40800000000000001E+01,1.70000000075815990E+02));
|   |   |   |   |   |   |   |   #18363=B_SPLINE_CURVE_WITH_KNOTS('',1,(#18364,#18365),.UNSPECIFIED.,.F.,.F.,(2,2),(0.0,2.74043760943000007E+03),.UNSPECIFIED.);
|   |   |   |   |   |   |   |   |   #18364=CARTESIAN_POINT('Ctrl Pnt',(-2.52480279741000004E+03,1.40800000000000018E+01,1.70000000075816416E+02));
|   |   |   |   |   |   |   |   |   #18365=CARTESIAN_POINT('Ctrl Pnt',(-5.26524040684000011E+03,1.40800000000000018E+01,1.70000000075816416E+02));
|   |   |   |   |   |   #18388=ORIENTED_EDGE('',*,*,#17971,.T.);
|   |   |   |   |   |   |   #17971=EDGE_CURVE('',#17963,#17945,#17972,.T.);
|   |   |   |   |   |   |   |   #17963=VERTEX_POINT('',#17964);
|   |   |   |   |   |   |   |   |   #17964=CARTESIAN_POINT('',(-2.52480279741084996E+03,1.40800000000000001E+01,1.70000000076708005E+02));
|   |   |   |   |   |   |   |   #17945=VERTEX_POINT('',#17946);
|   |   |   |   |   |   |   |   |   #17946=CARTESIAN_POINT('',(-2.52480279741084996E+03,-1.40800000000000001E+01,1.69999999999108013E+02));
|   |   |   |   |   |   |   |   #17972=CIRCLE('',#17973,1.40800000000000018E+01);
|   |   |   |   |   |   |   |   |   #17973=AXIS2_PLACEMENT_3D('',#17974,#17975,#17976);
|   |   |   |   |   |   |   |   |   |   #17974=CARTESIAN_POINT('',(-2.52480279741084951E+03,0.0,170.0));
|   |   |   |   |   |   |   |   |   |   #17975=DIRECTION('',(1.0,0.0,5.66292090289647791E-12));
|   |   |   |   |   |   |   |   |   |   #17976=DIRECTION('',(-5.66292090289647791E-12,0.0,1.0));
|   |   |   |   |   |   #18389=ORIENTED_EDGE('',*,*,#18318,.T.);
|   |   |   |   |   |   |   #18318=EDGE_CURVE('',#17945,#18319,#18321,.T.);
|   |   |   |   |   |   |   |   #17945=VERTEX_POINT('',#17946);
|   |   |   |   |   |   |   |   |   #17946=CARTESIAN_POINT('',(-2.52480279741084996E+03,-1.40800000000000001E+01,1.69999999999108013E+02));
|   |   |   |   |   |   |   |   #18319=VERTEX_POINT('',#18320);
|   |   |   |   |   |   |   |   |   #18320=CARTESIAN_POINT('',(-5.26524040684000011E+03,-1.40800000000000001E+01,170.0));
|   |   |   |   |   |   |   |   #18321=B_SPLINE_CURVE_WITH_KNOTS('',1,(#18322,#18323),.UNSPECIFIED.,.F.,.F.,(2,2),(0.0,2.74043760943000007E+03),.UNSPECIFIED.);
|   |   |   |   |   |   |   |   |   #18322=CARTESIAN_POINT('Ctrl Pnt',(-2.52480279741000004E+03,-1.40800000000000018E+01,1.70000000000000057E+02));
|   |   |   |   |   |   |   |   |   #18323=CARTESIAN_POINT('Ctrl Pnt',(-5.26524040684000011E+03,-1.40800000000000018E+01,1.70000000000000057E+02));
|   |   |   |   |   |   #18390=ORIENTED_EDGE('',*,*,#18391,.F.);
|   |   |   |   |   |   |   #18391=EDGE_CURVE('',#18361,#18319,#18392,.T.);
|   |   |   |   |   |   |   |   #18361=VERTEX_POINT('',#18362);
|   |   |   |   |   |   |   |   |   #18362=CARTESIAN_POINT('',(-5.26524040684000011E+03,1.40800000000000001E+01,1.70000000075815990E+02));
|   |   |   |   |   |   |   |   #18319=VERTEX_POINT('',#18320);
|   |   |   |   |   |   |   |   |   #18320=CARTESIAN_POINT('',(-5.26524040684000011E+03,-1.40800000000000001E+01,170.0));
|   |   |   |   |   |   |   |   #18392=B_SPLINE_CURVE_WITH_KNOTS('',10,(#18393,#18394,#18395,#18396,#18397,#18398,#18399,#18400,#18401,#18402,#18403),.UNSPECIFIED.,.F.,.F.,(11,11),(1.57079633217958659,4.71238898038468612),.UNSPECIFIED.);
|   |   |   |   |   |   |   |   |   #18393=CARTESIAN_POINT('Ctrl Pnt',(-5.26524040684000011E+03,1.40800000000000072E+01,1.70000000075816388E+02));
|   |   |   |   |   |   |   |   |   #18394=CARTESIAN_POINT('Ctrl Pnt',(-5.26524040684040756E+03,1.40799999761816057E+01,1.74423362524488681E+02));
|   |   |   |   |   |   |   |   |   #18395=CARTESIAN_POINT('Ctrl Pnt',(-5.26524040684055853E+03,1.25359593740394537E+01,1.78846724580631445E+02));
|   |   |   |   |   |   |   |   |   #18396=CARTESIAN_POINT('Ctrl Pnt',(-5.26524040684143984E+03,9.44783994184850862,1.82663745478750258E+02));
|   |   |   |   |   |   |   |   |   #18397=CARTESIAN_POINT('Ctrl Pnt',(-5.26524040684060856E+03,5.08794105833004107,1.85268056534636798E+02));
|   |   |   |   |   |   |   |   |   #18398=CARTESIAN_POINT('Ctrl Pnt',(-5.26524040684210286E+03,-4.36038849471740335E-08,1.86195892416755015E+02));
|   |   |   |   |   |   |   |   |   #18399=CARTESIAN_POINT('Ctrl Pnt',(-5.26524040684060856E+03,-5.08794114054543378,1.85268056507229716E+02));
|   |   |   |   |   |   |   |   |   #18400=CARTESIAN_POINT('Ctrl Pnt',(-5.26524040684144711E+03,-9.44784001003782770,1.82663745427888273E+02));
|   |   |   |   |   |   |   |   |   #18401=CARTESIAN_POINT('Ctrl Pnt',(-5.26524040684055126E+03,-1.25359594216766563E+01,1.78846724513122723E+02));
|   |   |   |   |   |   |   |   |   #18402=CARTESIAN_POINT('Ctrl Pnt',(-5.26524040684041211E+03,-1.40799999999999343E+01,1.74423362448674169E+02));
|   |   |   |   |   |   |   |   |   #18403=CARTESIAN_POINT('Ctrl Pnt',(-5.26524040684000101E+03,-1.40800000000000054E+01,1.70000000000000028E+02));
|   |   |   |   #18376=OFFSET_SURFACE('',#18382,2.77000000000000002,.F.);
|   |   |   |   |   #18382=SURFACE_OF_LINEAR_EXTRUSION('',#18377,#18383);
|   |   |   |   |   |   #18377=CIRCLE('',#18378,1.68500000000000014E+01);
|   |   |   |   |   |   |   #18378=AXIS2_PLACEMENT_3D('',#18379,#18380,#18381);
|   |   |   |   |   |   |   |   #18379=CARTESIAN_POINT('',(-2.52480279741000004E+03,0.0,170.0));
|   |   |   |   |   |   |   |   #18380=DIRECTION('',(1.0,-0.0,6.90000164711686333E-11));
|   |   |   |   |   |   |   |   #18381=DIRECTION('',(6.90000164711686333E-11,0.0,-1.0));
|   |   |   |   |   |   #18383=VECTOR('',#18384,1.0);
|   |   |   |   |   |   |   #18384=DIRECTION('',(-1.0,0.0,0.0));
|   |   |   #18404=ADVANCED_FACE('',(#18410),#18405,.T.);
|   |   |   |   #18410=FACE_OUTER_BOUND('',#18411,.T.);
|   |   |   |   |   #18411=EDGE_LOOP('',(#18412,#18413,#18422,#18431,#18440,#18447,#18448,#18449));
|   |   |   |   |   |   #18412=ORIENTED_EDGE('',*,*,#18093,.F.);
|   |   |   |   |   |   |   #18093=EDGE_CURVE('',#18061,#18078,#18094,.T.);
|   |   |   |   |   |   |   |   #18061=VERTEX_POINT('',#18062);
|   |   |   |   |   |   |   |   |   #18062=CARTESIAN_POINT('',(-6.07363845271707032E+03,-1.18334906923437006E+03,170.0));
|   |   |   |   |   |   |   |   #18078=VERTEX_POINT('',#18079);
|   |   |   |   |   |   |   |   |   #18079=CARTESIAN_POINT('',(-6.08761032525441988E+03,-1.15325489849711994E+03,1.65843881789557997E+02));
|   |   |   |   |   |   |   |   #18094=(BOUNDED_CURVE()B_SPLINE_CURVE(6,(#18095,#18096,#18097,#18098,#18099,#18100,#18101),.UNSPECIFIED.,.F.,.F.)B_SPLINE_CURVE_WITH_KNOTS((7,7),(4.71238898038469234,7.60475568276043212),.UNSPECIFIED.)CURVE()GEOMETRIC_REPRESENTATION_ITEM()RATIONAL_B_SPLINE_CURVE((1.11111692235743154,1.03152845521558367,9.93290744530883729E-01,9.80035117838579328E-01,9.93290744530886949E-01,1.03152845521558190,1.11111692235743131))REPRESENTATION_ITEM(''));
|   |   |   |   |   |   |   |   |   #18095=CARTESIAN_POINT('Ctrl Pnt',(-6.07363845278626104E+03,-1.18334906926648819E+03,1.69999999999999943E+02));
|   |   |   |   |   |   |   |   |   #18096=CARTESIAN_POINT('Ctrl Pnt',(-6.07363845278571353E+03,-1.18334906926623398E+03,1.61252052301375358E+02));
|   |   |   |   |   |   |   |   |   #18097=CARTESIAN_POINT('Ctrl Pnt',(-6.07585106908457783E+03,-1.17858329055512741E+03,1.53385696596837704E+02));
|   |   |   |   |   |   |   |   |   #18098=CARTESIAN_POINT('Ctrl Pnt',(-6.07964938706313569E+03,-1.17040205146452922E+03,1.49437770913532859E+02));
|   |   |   |   |   |   |   |   |   #18099=CARTESIAN_POINT('Ctrl Pnt',(-6.08374040674488515E+03,-1.16159035894009367E+03,1.51038908803605551E+02));
|   |   |   |   |   |   |   |   |   #18100=CARTESIAN_POINT('Ctrl Pnt',(-6.08670170948987379E+03,-1.15521197621718647E+03,1.57366213883352060E+02));
|   |   |   |   |   |   |   |   |   #18101=CARTESIAN_POINT('Ctrl Pnt',(-6.08761032532321860E+03,-1.15325489852906435E+03,1.65843881789558367E+02));
|   |   |   |   |   |   #18413=ORIENTED_EDGE('',*,*,#18414,.T.);
|   |   |   |   |   |   |   #18414=EDGE_CURVE('',#18061,#18415,#18417,.T.);
|   |   |   |   |   |   |   |   #18061=VERTEX_POINT('',#18062);
|   |   |   |   |   |   |   |   |   #18062=CARTESIAN_POINT('',(-6.07363845271707032E+03,-1.18334906923437006E+03,170.0));
|   |   |   |   |   |   |   |   #18415=VERTEX_POINT('',#18416);
|   |   |   |   |   |   |   |   |   #18416=CARTESIAN_POINT('',(-6.23264717188834038E+03,-1.11732955880894997E+03,170.0));
|   |   |   |   |   |   |   |   #18417=CIRCLE('',#18418,1.16849999999999994E+02);
|   |   |   |   |   |   |   |   |   #18418=AXIS2_PLACEMENT_3D('',#18419,#18420,#18421);
|   |   |   |   |   |   |   |   |   |   #18419=CARTESIAN_POINT('',(-6.12284408915000040E+03,-1.07736450506000006E+03,1.70000000000000057E+02));
|   |   |   |   |   |   |   |   |   |   #18420=DIRECTION('',(0.0,0.0,-1.0));
|   |   |   |   |   |   |   |   |   |   #18421=DIRECTION('',(-1.0,-2.18349214264890167E-10,-0.0));
|   |   |   |   |   |   #18422=ORIENTED_EDGE('',*,*,#18423,.T.);
|   |   |   |   |   |   |   #18423=EDGE_CURVE('',#18415,#18424,#18426,.T.);
|   |   |   |   |   |   |   |   #18415=VERTEX_POINT('',#18416);
|   |   |   |   |   |   |   |   |   #18416=CARTESIAN_POINT('',(-6.23264717188834038E+03,-1.11732955880894997E+03,170.0));
|   |   |   |   |   |   |   |   #18424=VERTEX_POINT('',#18425);
|   |   |   |   |   |   |   |   |   #18425=CARTESIAN_POINT('',(-6.20146873806910025E+03,-1.10598153699274008E+03,1.65843881789557997E+02));
|   |   |   |   |   |   |   |   #18426=CIRCLE('',#18427,1.68500000000000014E+01);
|   |   |   |   |   |   |   |   |   #18427=AXIS2_PLACEMENT_3D('',#18428,#18429,#18430);
|   |   |   |   |   |   |   |   |   |   #18428=CARTESIAN_POINT('',(-6.21681335122087330E+03,-1.11156651941377208E+03,170.0));
|   |   |   |   |   |   |   |   |   |   #18429=DIRECTION('',(3.42020143537720034E-01,-9.39692620708728055E-01,0.0));
|   |   |   |   |   |   |   |   |   |   #18430=DIRECTION('',(-9.39692620708728055E-01,-3.42020143537720034E-01,0.0));
|   |   |   |   |   |   #18431=ORIENTED_EDGE('',*,*,#18432,.T.);
|   |   |   |   |   |   |   #18432=EDGE_CURVE('',#18424,#18433,#18435,.T.);
|   |   |   |   |   |   |   |   #18424=VERTEX_POINT('',#18425);
|   |   |   |   |   |   |   |   |   #18425=CARTESIAN_POINT('',(-6.20146873806910025E+03,-1.10598153699274008E+03,1.65843881789557997E+02));
|   |   |   |   |   |   |   |   #18433=VERTEX_POINT('',#18434);
|   |   |   |   |   |   |   |   |   #18434=CARTESIAN_POINT('',(-6.20097953055310973E+03,-1.10580348001940001E+03,1.70000000090731987E+02));
|   |   |   |   |   |   |   |   #18435=CIRCLE('',#18436,1.68500000000000014E+01);
|   |   |   |   |   |   |   |   |   #18436=AXIS2_PLACEMENT_3D('',#18437,#18438,#18439);
|   |   |   |   |   |   |   |   |   |   #18437=CARTESIAN_POINT('',(-6.21681335122087330E+03,-1.11156651941377208E+03,170.0));
|   |   |   |   |   |   |   |   |   |   #18438=DIRECTION('',(3.42020143537720034E-01,-9.39692620708728055E-01,0.0));
|   |   |   |   |   |   |   |   |   |   #18439=DIRECTION('',(-9.39692620708728055E-01,-3.42020143537720034E-01,0.0));
|   |   |   |   |   |   #18440=ORIENTED_EDGE('',*,*,#18441,.T.);
|   |   |   |   |   |   |   #18441=EDGE_CURVE('',#18433,#18415,#18442,.T.);
|   |   |   |   |   |   |   |   #18433=VERTEX_POINT('',#18434);
|   |   |   |   |   |   |   |   |   #18434=CARTESIAN_POINT('',(-6.20097953055310973E+03,-1.10580348001940001E+03,1.70000000090731987E+02));
|   |   |   |   |   |   |   |   #18415=VERTEX_POINT('',#18416);
|   |   |   |   |   |   |   |   |   #18416=CARTESIAN_POINT('',(-6.23264717188834038E+03,-1.11732955880894997E+03,170.0));
|   |   |   |   |   |   |   |   #18442=CIRCLE('',#18443,1.68500000000000014E+01);
|   |   |   |   |   |   |   |   |   #18443=AXIS2_PLACEMENT_3D('',#18444,#18445,#18446);
|   |   |   |   |   |   |   |   |   |   #18444=CARTESIAN_POINT('',(-6.21681335122058226E+03,-1.11156651941457062E+03,170.0));
|   |   |   |   |   |   |   |   |   |   #18445=DIRECTION('',(3.42020143545706701E-01,-9.39692620705821158E-01,0.0));
|   |   |   |   |   |   |   |   |   |   #18446=DIRECTION('',(-9.39692620705821158E-01,-3.42020143545706701E-01,0.0));
|   |   |   |   |   |   #18447=ORIENTED_EDGE('',*,*,#18414,.F.);
|   |   |   |   |   |   |   #18414=EDGE_CURVE('',#18061,#18415,#18417,.T.);
|   |   |   |   |   |   |   |   #18061=VERTEX_POINT('',#18062);
|   |   |   |   |   |   |   |   |   #18062=CARTESIAN_POINT('',(-6.07363845271707032E+03,-1.18334906923437006E+03,170.0));
|   |   |   |   |   |   |   |   #18415=VERTEX_POINT('',#18416);
|   |   |   |   |   |   |   |   |   #18416=CARTESIAN_POINT('',(-6.23264717188834038E+03,-1.11732955880894997E+03,170.0));
|   |   |   |   |   |   |   |   #18417=CIRCLE('',#18418,1.16849999999999994E+02);
|   |   |   |   |   |   |   |   |   #18418=AXIS2_PLACEMENT_3D('',#18419,#18420,#18421);
|   |   |   |   |   |   |   |   |   |   #18419=CARTESIAN_POINT('',(-6.12284408915000040E+03,-1.07736450506000006E+03,1.70000000000000057E+02));
|   |   |   |   |   |   |   |   |   |   #18420=DIRECTION('',(0.0,0.0,-1.0));
|   |   |   |   |   |   |   |   |   |   #18421=DIRECTION('',(-1.0,-2.18349214264890167E-10,-0.0));
|   |   |   |   |   |   #18448=ORIENTED_EDGE('',*,*,#18296,.F.);
|   |   |   |   |   |   |   #18296=EDGE_CURVE('',#18187,#18061,#18297,.T.);
|   |   |   |   |   |   |   |   #18187=VERTEX_POINT('',#18188);
|   |   |   |   |   |   |   |   |   #18188=CARTESIAN_POINT('',(-6.08782955195108025E+03,-1.15278270369100005E+03,1.70000000090731987E+02));
|   |   |   |   |   |   |   |   #18061=VERTEX_POINT('',#18062);
|   |   |   |   |   |   |   |   |   #18062=CARTESIAN_POINT('',(-6.07363845271707032E+03,-1.18334906923437006E+03,170.0));
|   |   |   |   |   |   |   |   #18297=(BOUNDED_CURVE()B_SPLINE_CURVE(6,(#18298,#18299,#18300,#18301,#18302,#18303,#18304),.UNSPECIFIED.,.F.,.F.)B_SPLINE_CURVE_WITH_KNOTS((7,7),(1.57079633217958659,4.71238898038468612),.UNSPECIFIED.)CURVE()GEOMETRIC_REPRESENTATION_ITEM()RATIONAL_B_SPLINE_CURVE((1.13255657422731426,1.03634663123625681,9.92316309374136840E-01,9.76461899774308195E-01,9.92316309374137728E-01,1.03634663123625703,1.13255657422731426))REPRESENTATION_ITEM(''));
|   |   |   |   |   |   |   |   |   #18298=CARTESIAN_POINT('Ctrl Pnt',(-6.08782955201948789E+03,-1.15278270372276188E+03,1.70000000090732016E+02));
|   |   |   |   |   |   |   |   |   #18299=CARTESIAN_POINT('Ctrl Pnt',(-6.08782955199823482E+03,-1.15278270377011904E+03,1.79639012225437568E+02));
|   |   |   |   |   |   |   |   |   #18300=CARTESIAN_POINT('Ctrl Pnt',(-6.08516678859578951E+03,-1.15851805930475552E+03,1.88092918716632710E+02));
|   |   |   |   |   |   |   |   |   #18301=CARTESIAN_POINT('Ctrl Pnt',(-6.08073400237945680E+03,-1.16806588654757752E+03,1.91501645759143173E+02));
|   |   |   |   |   |   |   |   |   #18302=CARTESIAN_POINT('Ctrl Pnt',(-6.07630121617042641E+03,-1.17761371377355363E+03,1.88092918659949959E+02));
|   |   |   |   |   |   |   |   |   #18303=CARTESIAN_POINT('Ctrl Pnt',(-6.07363845278609278E+03,-1.18334906926641020E+03,1.79639012134705581E+02));
|   |   |   |   |   |   |   |   |   #18304=CARTESIAN_POINT('Ctrl Pnt',(-6.07363845278548979E+03,-1.18334906926613030E+03,1.70000000000000057E+02));
|   |   |   |   |   |   #18449=ORIENTED_EDGE('',*,*,#18202,.F.);
|   |   |   |   |   |   |   #18202=EDGE_CURVE('',#18078,#18187,#18203,.T.);
|   |   |   |   |   |   |   |   #18078=VERTEX_POINT('',#18079);
|   |   |   |   |   |   |   |   |   #18079=CARTESIAN_POINT('',(-6.08761032525441988E+03,-1.15325489849711994E+03,1.65843881789557997E+02));
|   |   |   |   |   |   |   |   #18187=VERTEX_POINT('',#18188);
|   |   |   |   |   |   |   |   |   #18188=CARTESIAN_POINT('',(-6.08782955195108025E+03,-1.15278270369100005E+03,1.70000000090731987E+02));
|   |   |   |   |   |   |   |   #18203=(BOUNDED_CURVE()B_SPLINE_CURVE(6,(#18204,#18205,#18206,#18207,#18208,#18209,#18210),.UNSPECIFIED.,.F.,.F.)B_SPLINE_CURVE_WITH_KNOTS((7,7),(1.32157037558084589,1.57079633217958659),.UNSPECIFIED.)CURVE()GEOMETRIC_REPRESENTATION_ITEM()RATIONAL_B_SPLINE_CURVE((1.00077676430742013,1.00025865325482677,9.99948215990260847E-01,9.99844807630970500E-01,9.99948215990261624E-01,1.00025865325482610,1.00077676430742013))REPRESENTATION_ITEM(''));
|   |   |   |   |   |   |   |   |   #18204=CARTESIAN_POINT('Ctrl Pnt',(-6.08761032532321860E+03,-1.15325489852906435E+03,1.65843881789558367E+02));
|   |   |   |   |   |   |   |   |   #18205=CARTESIAN_POINT('Ctrl Pnt',(-6.08768305990489080E+03,-1.15309823470952483E+03,1.66522518025121968E+02));
|   |   |   |   |   |   |   |   |   #18206=CARTESIAN_POINT('Ctrl Pnt',(-6.08774150034982358E+03,-1.15297235918915135E+03,1.67209344338176351E+02));
|   |   |   |   |   |   |   |   |   #18207=CARTESIAN_POINT('Ctrl Pnt',(-6.08778547220468681E+03,-1.15287764772490391E+03,1.67902447124766269E+02));
|   |   |   |   |   |   |   |   |   #18208=CARTESIAN_POINT('Ctrl Pnt',(-6.08781484885149439E+03,-1.15281437304065753E+03,1.68599891448862905E+02));
|   |   |   |   |   |   |   |   |   #18209=CARTESIAN_POINT('Ctrl Pnt',(-6.08782955202180256E+03,-1.15278270371967938E+03,1.69299727992227702E+02));
|   |   |   |   |   |   |   |   |   #18210=CARTESIAN_POINT('Ctrl Pnt',(-6.08782955202025823E+03,-1.15278270372311977E+03,1.70000000090732016E+02));
|   |   |   |   #18405=TOROIDAL_SURFACE('',#18406,100.0,1.68500000000000014E+01);
|   |   |   |   |   #18406=AXIS2_PLACEMENT_3D('',#18407,#18408,#18409);
|   |   |   |   |   |   #18407=CARTESIAN_POINT('',(-6.12284408915000040E+03,-1.07736450506000006E+03,170.0));
|   |   |   |   |   |   #18408=DIRECTION('',(0.0,0.0,-1.0));
|   |   |   |   |   |   #18409=DIRECTION('',(-1.0,-2.09849986276822153E-10,-0.0));
|   |   |   #18450=ADVANCED_FACE('',(#18537),#18451,.T.);
|   |   |   |   #18537=FACE_OUTER_BOUND('',#18538,.T.);
|   |   |   |   |   #18538=EDGE_LOOP('',(#18539,#18556,#18557,#18574));
|   |   |   |   |   |   #18539=ORIENTED_EDGE('',*,*,#18540,.F.);
|   |   |   |   |   |   |   #18540=EDGE_CURVE('',#18319,#18541,#18543,.T.);
|   |   |   |   |   |   |   |   #18319=VERTEX_POINT('',#18320);
|   |   |   |   |   |   |   |   |   #18320=CARTESIAN_POINT('',(-5.26524040684000011E+03,-1.40800000000000001E+01,170.0));
|   |   |   |   |   |   |   |   #18541=VERTEX_POINT('',#18542);
|   |   |   |   |   |   |   |   |   #18542=CARTESIAN_POINT('',(-5.40113527138043992E+03,-1.47386153845823003E+02,170.0));
|   |   |   |   |   |   |   |   #18543=B_SPLINE_CURVE_WITH_KNOTS('',11,(#18544,#18545,#18546,#18547,#18548,#18549,#18550,#18551,#18552,#18553,#18554,#18555),.UNSPECIFIED.,.F.,.F.,(12,12),(0.0,1.0),.UNSPECIFIED.);
|   |   |   |   |   |   |   |   |   #18544=CARTESIAN_POINT('Ctrl Pnt',(-5.26524040683999829E+03,-1.40800000000000125E+01,1.70000000000000085E+02));
|   |   |   |   |   |   |   |   |   #18545=CARTESIAN_POINT('Ctrl Pnt',(-5.28254610380988743E+03,-1.40799999999996999E+01,1.69999999999998693E+02));
|   |   |   |   |   |   |   |   |   #18546=CARTESIAN_POINT('Ctrl Pnt',(-5.30084208002196010E+03,-1.65037215338822243E+01,1.70000000000005826E+02));
|   |   |   |   |   |   |   |   |   #18547=CARTESIAN_POINT('Ctrl Pnt',(-5.31965763742060335E+03,-2.18132875098325023E+01,1.69999999999987494E+02));
|   |   |   |   |   |   |   |   |   #18548=CARTESIAN_POINT('Ctrl Pnt',(-5.33828891877472961E+03,-3.03750827100049712E+01,1.70000000000018275E+02));
|   |   |   |   |   |   |   |   |   #18549=CARTESIAN_POINT('Ctrl Pnt',(-5.35581781985261114E+03,-4.23045278921563010E+01,1.69999999999983288E+02));
|   |   |   |   |   |   |   |   |   #18550=CARTESIAN_POINT('Ctrl Pnt',(-5.37117408967683241E+03,-5.73682705456284268E+01,1.70000000000010772E+02));
|   |   |   |   |   |   |   |   |   #18551=CARTESIAN_POINT('Ctrl Pnt',(-5.38343842301575660E+03,-7.46645176274620894E+01,1.69999999999995168E+02));
|   |   |   |   |   |   |   |   |   #18552=CARTESIAN_POINT('Ctrl Pnt',(-5.39235692877154361E+03,-9.31277036204757280E+01,1.70000000000001620E+02));
|   |   |   |   |   |   |   |   |   #18553=CARTESIAN_POINT('Ctrl Pnt',(-5.39802735049952753E+03,-1.11837674451997273E+02,1.69999999999999517E+02));
|   |   |   |   |   |   |   |   |   #18554=CARTESIAN_POINT('Ctrl Pnt',(-5.40080246951561639E+03,-1.30083657189732946E+02,1.70000000000000483E+02));
|   |   |   |   |   |   |   |   |   #18555=CARTESIAN_POINT('Ctrl Pnt',(-5.40113527138043992E+03,-1.47386153845822662E+02,1.70000000000000028E+02));
|   |   |   |   |   |   #18556=ORIENTED_EDGE('',*,*,#18333,.T.);
|   |   |   |   |   |   |   #18333=EDGE_CURVE('',#18319,#18327,#18334,.T.);
|   |   |   |   |   |   |   |   #18319=VERTEX_POINT('',#18320);
|   |   |   |   |   |   |   |   |   #18320=CARTESIAN_POINT('',(-5.26524040684000011E+03,-1.40800000000000001E+01,170.0));
|   |   |   |   |   |   |   |   #18327=VERTEX_POINT('',#18328);
|   |   |   |   |   |   |   |   |   #18328=CARTESIAN_POINT('',(-5.26524040684056035E+03,1.36449791690173008E+01,1.66527113091809014E+02));
|   |   |   |   |   |   |   |   #18334=B_SPLINE_CURVE_WITH_KNOTS('',9,(#18335,#18336,#18337,#18338,#18339,#18340,#18341,#18342,#18343,#18344),.UNSPECIFIED.,.F.,.F.,(10,10),(4.71238898038469234,7.60475568276043212),.UNSPECIFIED.);
|   |   |   |   |   |   |   |   |   #18335=CARTESIAN_POINT('Ctrl Pnt',(-5.26524040684085048E+03,-1.40800000000000054E+01,1.69999999999999943E+02));
|   |   |   |   |   |   |   |   |   #18336=CARTESIAN_POINT('Ctrl Pnt',(-5.26524040684060856E+03,-1.40800000000001617E+01,1.65475052981175224E+02));
|   |   |   |   |   |   |   |   |   #18337=CARTESIAN_POINT('Ctrl Pnt',(-5.26524040683961357E+03,-1.24440291580610243E+01,1.60950083845623425E+02));
|   |   |   |   |   |   |   |   |   #18338=CARTESIAN_POINT('Ctrl Pnt',(-5.26524040684079228E+03,-9.17204146779436691,1.57101258376605017E+02));
|   |   |   |   |   |   |   |   |   #18339=CARTESIAN_POINT('Ctrl Pnt',(-5.26524040683819385E+03,-4.59011977801139093,1.54603765435555573E+02));
|   |   |   |   |   |   |   |   |   #18340=CARTESIAN_POINT('Ctrl Pnt',(-5.26524040684082684E+03,6.50760461653343114E-01,1.53947282187759839E+02));
|   |   |   |   |   |   |   |   |   #18341=CARTESIAN_POINT('Ctrl Pnt',(-5.26524040683878502E+03,5.70713379611556171,1.55237462820080225E+02));
|   |   |   |   |   |   |   |   |   #18342=CARTESIAN_POINT('Ctrl Pnt',(-5.26524040684024112E+03,9.82735676901040733,1.58160325045759748E+02));
|   |   |   |   |   |   |   |   |   #18343=CARTESIAN_POINT('Ctrl Pnt',(-5.26524040684011015E+03,1.25288833407543319E+01,1.62141970491464519E+02));
|   |   |   |   |   |   |   |   |   #18344=CARTESIAN_POINT('Ctrl Pnt',(-5.26524040684056399E+03,1.36449791690172901E+01,1.66527113091808985E+02));
|   |   |   |   |   |   #18557=ORIENTED_EDGE('',*,*,#18558,.T.);
|   |   |   |   |   |   |   #18558=EDGE_CURVE('',#18327,#18559,#18561,.T.);
|   |   |   |   |   |   |   |   #18327=VERTEX_POINT('',#18328);
|   |   |   |   |   |   |   |   |   #18328=CARTESIAN_POINT('',(-5.26524040684056035E+03,1.36449791690173008E+01,1.66527113091809014E+02));
|   |   |   |   |   |   |   |   #18559=VERTEX_POINT('',#18560);
|   |   |   |   |   |   |   |   |   #18560=CARTESIAN_POINT('',(-5.42885512341504000E+03,-1.46852981169846004E+02,1.66527113091809014E+02));
|   |   |   |   |   |   |   |   #18561=B_SPLINE_CURVE_WITH_KNOTS('',11,(#18562,#18563,#18564,#18565,#18566,#18567,#18568,#18569,#18570,#18571,#18572,#18573),.UNSPECIFIED.,.F.,.F.,(12,12),(0.0,1.0),.UNSPECIFIED.);
|   |   |   |   |   |   |   |   |   #18562=CARTESIAN_POINT('Ctrl Pnt',(-5.26524040684055308E+03,1.36449791690172901E+01,1.66527113091809042E+02));
|   |   |   |   |   |   |   |   |   #18563=CARTESIAN_POINT('Ctrl Pnt',(-5.28607612211522792E+03,1.36449791689468789E+01,1.66527113091803812E+02));
|   |   |   |   |   |   |   |   |   #18564=CARTESIAN_POINT('Ctrl Pnt',(-5.30810421052307720E+03,1.07268087109789114E+01,1.66527113782523742E+02));
|   |   |   |   |   |   |   |   |   #18565=CARTESIAN_POINT('Ctrl Pnt',(-5.33075714693956434E+03,4.33461194151875961,1.66527110749187926E+02));
|   |   |   |   |   |   |   |   |   #18566=CARTESIAN_POINT('Ctrl Pnt',(-5.35319065809613858E+03,-5.97499517948905812,1.66527116443447738E+02));
|   |   |   |   |   |   |   |   |   #18567=CARTESIAN_POINT('Ctrl Pnt',(-5.37429192273819717E+03,-2.03350695130493690E+01,1.66527111419590199E+02));
|   |   |   |   |   |   |   |   |   #18568=CARTESIAN_POINT('Ctrl Pnt',(-5.39278421407253063E+03,-3.84750944608775924E+01,1.66527111419829907E+02));
|   |   |   |   |   |   |   |   |   #18569=CARTESIAN_POINT('Ctrl Pnt',(-5.40754742636831816E+03,-5.92963016090485624E+01,1.66527116443261065E+02));
|   |   |   |   |   |   |   |   |   #18570=CARTESIAN_POINT('Ctrl Pnt',(-5.41828654062991427E+03,-8.15274024954903069E+01,1.66527110749300135E+02));
|   |   |   |   |   |   |   |   |   #18571=CARTESIAN_POINT('Ctrl Pnt',(-5.42511318869184743E+03,-1.04053222882618073E+02,1.66527113782474402E+02));
|   |   |   |   |   |   |   |   |   #18572=CARTESIAN_POINT('Ctrl Pnt',(-5.42845443658290515E+03,-1.26021119009321438E+02,1.66527113091816517E+02));
|   |   |   |   |   |   |   |   |   #18573=CARTESIAN_POINT('Ctrl Pnt',(-5.42885512341504091E+03,-1.46852981169846004E+02,1.66527113091809014E+02));
|   |   |   |   |   |   #18574=ORIENTED_EDGE('',*,*,#18575,.F.);
|   |   |   |   |   |   |   #18575=EDGE_CURVE('',#18541,#18559,#18576,.T.);
|   |   |   |   |   |   |   |   #18541=VERTEX_POINT('',#18542);
|   |   |   |   |   |   |   |   |   #18542=CARTESIAN_POINT('',(-5.40113527138043992E+03,-1.47386153845823003E+02,170.0));
|   |   |   |   |   |   |   |   #18559=VERTEX_POINT('',#18560);
|   |   |   |   |   |   |   |   |   #18560=CARTESIAN_POINT('',(-5.42885512341504000E+03,-1.46852981169846004E+02,1.66527113091809014E+02));
|   |   |   |   |   |   |   |   #18576=B_SPLINE_CURVE_WITH_KNOTS('',11,(#18577,#18578,#18579,#18580,#18581,#18582,#18583,#18584,#18585,#18586,#18587,#18588),.UNSPECIFIED.,.F.,.F.,(12,12),(4.71238898038469234,7.60475568276043212),.UNSPECIFIED.);
|   |   |   |   |   |   |   |   |   #18577=CARTESIAN_POINT('Ctrl Pnt',(-5.40113527138045993E+03,-1.47386153846690206E+02,1.70000000000000028E+02));
|   |   |   |   |   |   |   |   |   #18578=CARTESIAN_POINT('Ctrl Pnt',(-5.40113527138076643E+03,-1.47386153846389561E+02,1.66298404628814296E+02));
|   |   |   |   |   |   |   |   |   #18579=CARTESIAN_POINT('Ctrl Pnt',(-5.40220552960793611E+03,-1.47365568150119230E+02,1.62595463358191495E+02));
|   |   |   |   |   |   |   |   |   #18580=CARTESIAN_POINT('Ctrl Pnt',(-5.40434732401476958E+03,-1.47324372177753901E+02,1.59237014411876686E+02));
|   |   |   |   |   |   |   |   |   #18581=CARTESIAN_POINT('Ctrl Pnt',(-5.40743497376945015E+03,-1.47264983314565711E+02,1.56568093678620130E+02));
|   |   |   |   |   |   |   |   |   #18582=CARTESIAN_POINT('Ctrl Pnt',(-5.41121872453526430E+03,-1.47192205418350397E+02,1.54878649488263704E+02));
|   |   |   |   |   |   |   |   |   #18583=CARTESIAN_POINT('Ctrl Pnt',(-5.41535416197983977E+03,-1.47112663065041943E+02,1.54360540423933600E+02));
|   |   |   |   |   |   |   |   |   #18584=CARTESIAN_POINT('Ctrl Pnt',(-5.41943763953325833E+03,-1.47034120126119831E+02,1.55064337428048589E+02));
|   |   |   |   |   |   |   |   |   #18585=CARTESIAN_POINT('Ctrl Pnt',(-5.42308807010213422E+03,-1.46963906553670569E+02,1.56889076490857462E+02));
|   |   |   |   |   |   |   |   |   #18586=CARTESIAN_POINT('Ctrl Pnt',(-5.42599191218370197E+03,-1.46908053108153979E+02,1.59615381915890794E+02));
|   |   |   |   |   |   |   |   |   #18587=CARTESIAN_POINT('Ctrl Pnt',(-5.42794227932331341E+03,-1.46870539110584957E+02,1.62939883565371360E+02));
|   |   |   |   |   |   |   |   |   #18588=CARTESIAN_POINT('Ctrl Pnt',(-5.42885512341504182E+03,-1.46852981169846004E+02,1.66527113091808985E+02));
|   |   |   |   #18451=OFFSET_SURFACE('',#18452,2.77000000000000002,.F.);
|   |   |   |   |   #18452=(BOUNDED_SURFACE()B_SPLINE_SURFACE(6,11,((#18453,#18454,#18455,#18456,#18457,#18458,#18459,#18460,#18461,#18462,#18463,#18464),(#18465,#18466,#18467,#18468,#18469,#18470,#18471,#18472,#18473,#18474,#18475,#18476),(#18477,#18478,#18479,#18480,#18481,#18482,#18483,#18484,#18485,#18486,#18487,#18488),(#18489,#18490,#18491,#18492,#18493,#18494,#18495,#18496,#18497,#18498,#18499,#18500),(#18501,#18502,#18503,#18504,#18505,#18506,#18507,#18508,#18509,#18510,#18511,#18512),(#18513,#18514,#18515,#18516,#18517,#18518,#18519,#18520,#18521,#18522,#18523,#18524),(#18525,#18526,#18527,#18528,#18529,#18530,#18531,#18532,#18533,#18534,#18535,#18536)),.UNSPECIFIED.,.F.,.F.,.F.)B_SPLINE_SURFACE_WITH_KNOTS((7,7),(12,12),(4.71238898038469234,7.60475568276043212),(0.0,1.0),.UNSPECIFIED.)SURFACE()GEOMETRIC_REPRESENTATION_ITEM()RATIONAL_B_SPLINE_SURFACE(((1.11111692235743154,1.11111692235740711,1.11111692235752768,1.11111692235722592,1.11111692235773996,1.11111692235708648,1.11111692235773263,1.11111692235721971,1.11111692235755366,1.11111692235737669,1.11111692235744641,1.11111692235743154),(1.03152845521558367,1.03152845521561276,1.03152845521545844,1.03152845521590963,1.03152845521499836,1.03152845521635528,1.03152845521482384,1.03152845521614056,1.03152845521528702,1.03152845521569381,1.03152845521555947,1.03152845521558367),(9.93290744530883729E-01,9.93290744530851422E-01,9.93290744531013847E-01,9.93290744530584524E-01,9.93290744531374670E-01,9.93290744530270109E-01,9.93290744531481473E-01,9.93290744530427427E-01,9.93290744531152403E-01,9.93290744530769709E-01,9.93290744530912262E-01,9.93290744530883729E-01),(9.80035117838579328E-01,9.80035117838567782E-01,9.80035117838622738E-01,9.80035117838490955E-01,9.80035117838711334E-01,9.80035117838421788E-01,9.80035117838734315E-01,9.80035117838452763E-01,9.80035117838660375E-01,9.80035117838542136E-01,9.80035117838589542E-01,9.80035117838579328E-01),(9.93290744530886949E-01,9.93290744530882175E-01,9.93290744530901604E-01,9.93290744530875624E-01,9.93290744530870628E-01,9.93290744530939906E-01,9.93290744530818115E-01,9.93290744530942127E-01,9.93290744530858305E-01,9.93290744530895719E-01,9.93290744530885950E-01,9.93290744530886949E-01),(1.03152845521558190,1.03152845521559300,1.03152845521553038,1.03152845521573711,1.03152845521526926,1.03152845521603798,1.03152845521508962,1.03152845521597403,1.03152845521535808,1.03152845521566960,1.03152845521556191,1.03152845521558190),(1.11111692235743131,1.11111692235740622,1.11111692235752990,1.11111692235722392,1.11111692235773041,1.11111692235711490,1.11111692235769199,1.11111692235725612,1.11111692235753035,1.11111692235738646,1.11111692235744375,1.11111692235743131)))REPRESENTATION_ITEM(''));
|   |   |   |   |   |   #18453=CARTESIAN_POINT('Ctrl Pnt',(-5.26524040684085048E+03,-1.68500000000000014E+01,1.69999999999999943E+02));
|   |   |   |   |   |   #18454=CARTESIAN_POINT('Ctrl Pnt',(-5.28219342002174471E+03,-1.68500000001079755E+01,1.69999999999999943E+02));
|   |   |   |   |   |   #18455=CARTESIAN_POINT('Ctrl Pnt',(-5.30011657444261709E+03,-1.92243531470707083E+01,1.69999999999999943E+02));
|   |   |   |   |   |   #18456=CARTESIAN_POINT('Ctrl Pnt',(-5.31854839787896344E+03,-2.44255246147674754E+01,1.69999999999999886E+02));
|   |   |   |   |   |   #18457=CARTESIAN_POINT('Ctrl Pnt',(-5.33680080020854530E+03,-3.28134544488386837E+01,1.69999999999999972E+02));
|   |   |   |   |   |   #18458=CARTESIAN_POINT('Ctrl Pnt',(-5.35397103334127678E+03,-4.44985456806251705E+01,1.69999999999999943E+02));
|   |   |   |   |   |   #18459=CARTESIAN_POINT('Ctrl Pnt',(-5.36901599274961882E+03,-5.92569081860112732E+01,1.70000000000000028E+02));
|   |   |   |   |   |   #18460=CARTESIAN_POINT('Ctrl Pnt',(-5.38102911986774961E+03,-7.61992527632443739E+01,1.69999999999999801E+02));
|   |   |   |   |   |   #18461=CARTESIAN_POINT('Ctrl Pnt',(-5.38976650627288109E+03,-9.42869733633286273E+01,1.70000000000000028E+02));
|   |   |   |   |   |   #18462=CARTESIAN_POINT('Ctrl Pnt',(-5.39532117403947450E+03,-1.12615365704978046E+02,1.69999999999999943E+02));
|   |   |   |   |   |   #18463=CARTESIAN_POINT('Ctrl Pnt',(-5.39803976414770204E+03,-1.30489544989181752E+02,1.69999999999999943E+02));
|   |   |   |   |   |   #18464=CARTESIAN_POINT('Ctrl Pnt',(-5.39836578363196622E+03,-1.47439423077461896E+02,1.69999999999999943E+02));
|   |   |   |   |   |   #18465=CARTESIAN_POINT('Ctrl Pnt',(-5.26524040684024658E+03,-1.68499999999999872E+01,1.61252052301375358E+02));
|   |   |   |   |   |   #18466=CARTESIAN_POINT('Ctrl Pnt',(-5.28219342002114445E+03,-1.68500000000324448E+01,1.61252052301375699E+02));
|   |   |   |   |   |   #18467=CARTESIAN_POINT('Ctrl Pnt',(-5.30011657444201137E+03,-1.92243531469076032E+01,1.61252052301373965E+02));
|   |   |   |   |   |   #18468=CARTESIAN_POINT('Ctrl Pnt',(-5.31854839787842320E+03,-2.44255246145344955E+01,1.61252052301378569E+02));
|   |   |   |   |   |   #18469=CARTESIAN_POINT('Ctrl Pnt',(-5.33680080020797232E+03,-3.28134544485084021E+01,1.61252052301369986E+02));
|   |   |   |   |   |   #18470=CARTESIAN_POINT('Ctrl Pnt',(-5.35397103334083931E+03,-4.44985456802149741E+01,1.61252052301381923E+02));
|   |   |   |   |   |   #18471=CARTESIAN_POINT('Ctrl Pnt',(-5.36901599274918044E+03,-5.92569081855669637E+01,1.61252052301369332E+02));
|   |   |   |   |   |   #18472=CARTESIAN_POINT('Ctrl Pnt',(-5.38102911986742220E+03,-7.61992527626844378E+01,1.61252052301379592E+02));
|   |   |   |   |   |   #18473=CARTESIAN_POINT('Ctrl Pnt',(-5.38976650627263371E+03,-9.42869733627930913E+01,1.61252052301373112E+02));
|   |   |   |   |   |   #18474=CARTESIAN_POINT('Ctrl Pnt',(-5.39532117403929897E+03,-1.12615365704372834E+02,1.61252052301376239E+02));
|   |   |   |   |   |   #18475=CARTESIAN_POINT('Ctrl Pnt',(-5.39803976414761382E+03,-1.30489544988584356E+02,1.61252052301375159E+02));
|   |   |   |   |   |   #18476=CARTESIAN_POINT('Ctrl Pnt',(-5.39836578363195440E+03,-1.47439423076858390E+02,1.61252052301375358E+02));
|   |   |   |   |   |   #18477=CARTESIAN_POINT('Ctrl Pnt',(-5.26524040683970361E+03,-1.15956382300763607E+01,1.53385696596837704E+02));
|   |   |   |   |   |   #18478=CARTESIAN_POINT('Ctrl Pnt',(-5.28286241937728300E+03,-1.15956382300370464E+01,1.53385696596837334E+02));
|   |   |   |   |   |   #18479=CARTESIAN_POINT('Ctrl Pnt',(-5.30149285684275219E+03,-1.40636880377840399E+01,1.53385696596839153E+02));
|   |   |   |   |   |   #18480=CARTESIAN_POINT('Ctrl Pnt',(-5.32065203640693926E+03,-1.94701079958630103E+01,1.53385696596833981E+02));
|   |   |   |   |   |   #18481=CARTESIAN_POINT('Ctrl Pnt',(-5.33962471455335890E+03,-2.81890420945380953E+01,1.53385696596844184E+02));
|   |   |   |   |   |   #18482=CARTESIAN_POINT('Ctrl Pnt',(-5.35747251897093702E+03,-4.03352500865120618E+01,1.53385696596829092E+02));
|   |   |   |   |   |   #18483=CARTESIAN_POINT('Ctrl Pnt',(-5.37311118216860996E+03,-5.56760067017239066E+01,1.53385696596846600E+02));
|   |   |   |   |   |   #18484=CARTESIAN_POINT('Ctrl Pnt',(-5.38559837099081687E+03,-7.32869296313377845E+01,1.53385696596830627E+02));
|   |   |   |   |   |   #18485=CARTESIAN_POINT('Ctrl Pnt',(-5.39468055190672203E+03,-9.20884273821381782E+01,1.53385696596841882E+02));
|   |   |   |   |   |   #18486=CARTESIAN_POINT('Ctrl Pnt',(-5.40045441782564194E+03,-1.11140094256390881E+02,1.53385696596836027E+02));
|   |   |   |   |   |   #18487=CARTESIAN_POINT('Ctrl Pnt',(-5.40328028886479660E+03,-1.29719623929603785E+02,1.53385696596838102E+02));
|   |   |   |   |   |   #18488=CARTESIAN_POINT('Ctrl Pnt',(-5.40361917372145763E+03,-1.47338377657624790E+02,1.53385696596837704E+02));
|   |   |   |   |   |   #18489=CARTESIAN_POINT('Ctrl Pnt',(-5.26524040683943167E+03,-2.57566636073149624,1.49437770913532859E+02));
|   |   |   |   |   |   #18490=CARTESIAN_POINT('Ctrl Pnt',(-5.28401086625641437E+03,-2.57566636065972432,1.49437770913533058E+02));
|   |   |   |   |   |   #18491=CARTESIAN_POINT('Ctrl Pnt',(-5.30385547081678124E+03,-5.20456182057420591,1.49437770913532006E+02));
|   |   |   |   |   |   #18492=CARTESIAN_POINT('Ctrl Pnt',(-5.32426327620822212E+03,-1.09633244021892224E+01,1.49437770913534706E+02));
|   |   |   |   |   |   #18493=CARTESIAN_POINT('Ctrl Pnt',(-5.34447242566940531E+03,-2.02504814909711328E+01,1.49437770913529903E+02));
|   |   |   |   |   |   #18494=CARTESIAN_POINT('Ctrl Pnt',(-5.36348339208362358E+03,-3.31882718652381072E+01,1.49437770913536099E+02));
|   |   |   |   |   |   #18495=CARTESIAN_POINT('Ctrl Pnt',(-5.38014124499694935E+03,-4.95288032804791598E+01,1.49437770913530358E+02));
|   |   |   |   |   |   #18496=CARTESIAN_POINT('Ctrl Pnt',(-5.39344223831539784E+03,-6.82874503669504804E+01,1.49437770913534081E+02));
|   |   |   |   |   |   #18497=CARTESIAN_POINT('Ctrl Pnt',(-5.40311631543552448E+03,-8.83142634086862728E+01,1.49437770913532518E+02));
|   |   |   |   |   |   #18498=CARTESIAN_POINT('Ctrl Pnt',(-5.40926647085503100E+03,-1.08607549384175371E+02,1.49437770913532887E+02));
|   |   |   |   |   |   #18499=CARTESIAN_POINT('Ctrl Pnt',(-5.41227650716873995E+03,-1.28397928432754497E+02,1.49437770913532859E+02));
|   |   |   |   |   |   #18500=CARTESIAN_POINT('Ctrl Pnt',(-5.41263747754235465E+03,-1.47164916659798820E+02,1.49437770913532859E+02));
|   |   |   |   |   |   #18501=CARTESIAN_POINT('Ctrl Pnt',(-5.26524040683954172E+03,7.13939242352979164,1.51038908803605551E+02));
|   |   |   |   |   |   #18502=CARTESIAN_POINT('Ctrl Pnt',(-5.28524781345609426E+03,7.13939242358949144,1.51038908803604755E+02));
|   |   |   |   |   |   #18503=CARTESIAN_POINT('Ctrl Pnt',(-5.30640014988876919E+03,4.33725640491044118,1.51038908803608848E+02));
|   |   |   |   |   |   #18504=CARTESIAN_POINT('Ctrl Pnt',(-5.32815280130487554E+03,-1.80100063072683980,1.51038908803597394E+02));
|   |   |   |   |   |   #18505=CARTESIAN_POINT('Ctrl Pnt',(-5.34969370564089240E+03,-1.17001684699641686E+01,1.51038908803619506E+02));
|   |   |   |   |   |   #18506=CARTESIAN_POINT('Ctrl Pnt',(-5.36995746833165504E+03,-2.54905412566007854E+01,1.51038908803587447E+02));
|   |   |   |   |   |   #18507=CARTESIAN_POINT('Ctrl Pnt',(-5.38771305061078510E+03,-4.29078909918513176E+01,1.51038908803623684E+02));
|   |   |   |   |   |   #18508=CARTESIAN_POINT('Ctrl Pnt',(-5.40189056091108250E+03,-6.29027068616532361E+01,1.51038908803591596E+02));
|   |   |   |   |   |   #18509=CARTESIAN_POINT('Ctrl Pnt',(-5.41220214627414407E+03,-8.42492590615510011E+01,1.51038908803613538E+02));
|   |   |   |   |   |   #18510=CARTESIAN_POINT('Ctrl Pnt',(-5.41875758839193804E+03,-1.05879844391270893E+02,1.51038908803602368E+02));
|   |   |   |   |   |   #18511=CARTESIAN_POINT('Ctrl Pnt',(-5.42196598191715111E+03,-1.26974381926276862E+02,1.51038908803606319E+02));
|   |   |   |   |   |   #18512=CARTESIAN_POINT('Ctrl Pnt',(-5.42235073973690487E+03,-1.46978088606294591E+02,1.51038908803605551E+02));
|   |   |   |   |   |   #18513=CARTESIAN_POINT('Ctrl Pnt',(-5.26524040683997828E+03,1.41716808211539629E+01,1.57366213883352060E+02));
|   |   |   |   |   |   #18514=CARTESIAN_POINT('Ctrl Pnt',(-5.28614318317411926E+03,1.41716808211552987E+01,1.57366213883352117E+02));
|   |   |   |   |   |   #18515=CARTESIAN_POINT('Ctrl Pnt',(-5.30824212712373446E+03,1.12441438554807220E+01,1.57366213883351833E+02));
|   |   |   |   |   |   #18516=CARTESIAN_POINT('Ctrl Pnt',(-5.33096825130062371E+03,4.83118807573483622,1.57366213883352685E+02));
|   |   |   |   |   |   #18517=CARTESIAN_POINT('Ctrl Pnt',(-5.35347315231049652E+03,-5.51098646009473470,1.57366213883350611E+02));
|   |   |   |   |   |   #18518=CARTESIAN_POINT('Ctrl Pnt',(-5.37464375714349171E+03,-1.99185048082052560E+01,1.57366213883354362E+02));
|   |   |   |   |   |   #18519=CARTESIAN_POINT('Ctrl Pnt',(-5.39319393569366093E+03,-3.81153142611491944E+01,1.57366213883349388E+02));
|   |   |   |   |   |   #18520=CARTESIAN_POINT('Ctrl Pnt',(-5.40800591669944970E+03,-5.90049363886148939E+01,1.57366213883354334E+02));
|   |   |   |   |   |   #18521=CARTESIAN_POINT('Ctrl Pnt',(-5.41877896523217896E+03,-8.13067876325689838E+01,1.57366213883350639E+02));
|   |   |   |   |   |   #18522=CARTESIAN_POINT('Ctrl Pnt',(-5.42562777592434759E+03,-1.03905383032232805E+02,1.57366213883352685E+02));
|   |   |   |   |   |   #18523=CARTESIAN_POINT('Ctrl Pnt',(-5.42897975119698367E+03,-1.25943941472972014E+02,1.57366213883351890E+02));
|   |   |   |   |   |   #18524=CARTESIAN_POINT('Ctrl Pnt',(-5.42938172766510343E+03,-1.46842852291340563E+02,1.57366213883352060E+02));
|   |   |   |   |   |   #18525=CARTESIAN_POINT('Ctrl Pnt',(-5.26524040684056308E+03,1.63293962356492344E+01,1.65843881789558367E+02));
|   |   |   |   |   |   #18526=CARTESIAN_POINT('Ctrl Pnt',(-5.28641790925703481E+03,1.63293962355778248E+01,1.65843881789558253E+02));
|   |   |   |   |   |   #18527=CARTESIAN_POINT('Ctrl Pnt',(-5.30880730057105029E+03,1.33633825264108097E+01,1.65843881789558878E+02));
|   |   |   |   |   |   #18528=CARTESIAN_POINT('Ctrl Pnt',(-5.33183211516882602E+03,6.86614099482837759,1.65843881789557003E+02));
|   |   |   |   |   |   #18529=CARTESIAN_POINT('Ctrl Pnt',(-5.35463279905405943E+03,-3.61196118285833023,1.65843881789560726E+02));
|   |   |   |   |   |   #18530=CARTESIAN_POINT('Ctrl Pnt',(-5.37608165005074170E+03,-1.82088381601543858E+01,1.65843881789555184E+02));
|   |   |   |   |   |   #18531=CARTESIAN_POINT('Ctrl Pnt',(-5.39487563438996222E+03,-3.66448090571897609E+01,1.65843881789561806E+02));
|   |   |   |   |   |   #18532=CARTESIAN_POINT('Ctrl Pnt',(-5.40988228989486652E+03,-5.78089843807483490E+01,1.65843881789555468E+02));
|   |   |   |   |   |   #18533=CARTESIAN_POINT('Ctrl Pnt',(-5.42079692906455421E+03,-8.04039498083565860E+01,1.65843881789560129E+02));
|   |   |   |   |   |   #18534=CARTESIAN_POINT('Ctrl Pnt',(-5.42773575396818342E+03,-1.03299559512821261E+02,1.65843881789557628E+02));
|   |   |   |   |   |   #18535=CARTESIAN_POINT('Ctrl Pnt',(-5.43113178439493640E+03,-1.25627771668641898E+02,1.65843881789558537E+02));
|   |   |   |   |   |   #18536=CARTESIAN_POINT('Ctrl Pnt',(-5.43153904405687626E+03,-1.46801357764707745E+02,1.65843881789558367E+02));
|   |   |   #18589=ADVANCED_FACE('',(#18676),#18590,.T.);
|   |   |   |   #18676=FACE_OUTER_BOUND('',#18677,.T.);
|   |   |   |   |   #18677=EDGE_LOOP('',(#18678,#18679,#18680,#18697));
|   |   |   |   |   |   #18678=ORIENTED_EDGE('',*,*,#18558,.F.);
|   |   |   |   |   |   |   #18558=EDGE_CURVE('',#18327,#18559,#18561,.T.);
|   |   |   |   |   |   |   |   #18327=VERTEX_POINT('',#18328);
|   |   |   |   |   |   |   |   |   #18328=CARTESIAN_POINT('',(-5.26524040684056035E+03,1.36449791690173008E+01,1.66527113091809014E+02));
|   |   |   |   |   |   |   |   #18559=VERTEX_POINT('',#18560);
|   |   |   |   |   |   |   |   |   #18560=CARTESIAN_POINT('',(-5.42885512341504000E+03,-1.46852981169846004E+02,1.66527113091809014E+02));
|   |   |   |   |   |   |   |   #18561=B_SPLINE_CURVE_WITH_KNOTS('',11,(#18562,#18563,#18564,#18565,#18566,#18567,#18568,#18569,#18570,#18571,#18572,#18573),.UNSPECIFIED.,.F.,.F.,(12,12),(0.0,1.0),.UNSPECIFIED.);
|   |   |   |   |   |   |   |   |   #18562=CARTESIAN_POINT('Ctrl Pnt',(-5.26524040684055308E+03,1.36449791690172901E+01,1.66527113091809042E+02));
|   |   |   |   |   |   |   |   |   #18563=CARTESIAN_POINT('Ctrl Pnt',(-5.28607612211522792E+03,1.36449791689468789E+01,1.66527113091803812E+02));
|   |   |   |   |   |   |   |   |   #18564=CARTESIAN_POINT('Ctrl Pnt',(-5.30810421052307720E+03,1.07268087109789114E+01,1.66527113782523742E+02));
|   |   |   |   |   |   |   |   |   #18565=CARTESIAN_POINT('Ctrl Pnt',(-5.33075714693956434E+03,4.33461194151875961,1.66527110749187926E+02));
|   |   |   |   |   |   |   |   |   #18566=CARTESIAN_POINT('Ctrl Pnt',(-5.35319065809613858E+03,-5.97499517948905812,1.66527116443447738E+02));
|   |   |   |   |   |   |   |   |   #18567=CARTESIAN_POINT('Ctrl Pnt',(-5.37429192273819717E+03,-2.03350695130493690E+01,1.66527111419590199E+02));
|   |   |   |   |   |   |   |   |   #18568=CARTESIAN_POINT('Ctrl Pnt',(-5.39278421407253063E+03,-3.84750944608775924E+01,1.66527111419829907E+02));
|   |   |   |   |   |   |   |   |   #18569=CARTESIAN_POINT('Ctrl Pnt',(-5.40754742636831816E+03,-5.92963016090485624E+01,1.66527116443261065E+02));
|   |   |   |   |   |   |   |   |   #18570=CARTESIAN_POINT('Ctrl Pnt',(-5.41828654062991427E+03,-8.15274024954903069E+01,1.66527110749300135E+02));
|   |   |   |   |   |   |   |   |   #18571=CARTESIAN_POINT('Ctrl Pnt',(-5.42511318869184743E+03,-1.04053222882618073E+02,1.66527113782474402E+02));
|   |   |   |   |   |   |   |   |   #18572=CARTESIAN_POINT('Ctrl Pnt',(-5.42845443658290515E+03,-1.26021119009321438E+02,1.66527113091816517E+02));
|   |   |   |   |   |   |   |   |   #18573=CARTESIAN_POINT('Ctrl Pnt',(-5.42885512341504091E+03,-1.46852981169846004E+02,1.66527113091809014E+02));
|   |   |   |   |   |   #18679=ORIENTED_EDGE('',*,*,#18367,.T.);
|   |   |   |   |   |   |   #18367=EDGE_CURVE('',#18327,#18361,#18368,.T.);
|   |   |   |   |   |   |   |   #18327=VERTEX_POINT('',#18328);
|   |   |   |   |   |   |   |   |   #18328=CARTESIAN_POINT('',(-5.26524040684056035E+03,1.36449791690173008E+01,1.66527113091809014E+02));
|   |   |   |   |   |   |   |   #18361=VERTEX_POINT('',#18362);
|   |   |   |   |   |   |   |   |   #18362=CARTESIAN_POINT('',(-5.26524040684000011E+03,1.40800000000000001E+01,1.70000000075815990E+02));
|   |   |   |   |   |   |   |   #18368=B_SPLINE_CURVE_WITH_KNOTS('',5,(#18369,#18370,#18371,#18372,#18373,#18374),.UNSPECIFIED.,.F.,.F.,(6,6),(1.32157037558084589,1.57079633217958659),.UNSPECIFIED.);
|   |   |   |   |   |   |   |   |   #18369=CARTESIAN_POINT('Ctrl Pnt',(-5.26524040684056308E+03,1.36449791690172866E+01,1.66527113091809014E+02));
|   |   |   |   |   |   |   |   |   #18370=CARTESIAN_POINT('Ctrl Pnt',(-5.26524040684061765E+03,1.38180858813879155E+01,1.67207249689042470E+02));
|   |   |   |   |   |   |   |   |   #18371=CARTESIAN_POINT('Ctrl Pnt',(-5.26524040684068041E+03,1.39488157756341753E+01,1.67898171942955514E+02));
|   |   |   |   |   |   |   |   |   #18372=CARTESIAN_POINT('Ctrl Pnt',(-5.26524040684072588E+03,1.40362721548286142E+01,1.68596359476380769E+02));
|   |   |   |   |   |   |   |   |   #18373=CARTESIAN_POINT('Ctrl Pnt',(-5.26524040684079682E+03,1.40800000037790873E+01,1.69298179782034538E+02));
|   |   |   |   |   |   |   |   |   #18374=CARTESIAN_POINT('Ctrl Pnt',(-5.26524040684085048E+03,1.40800000000000018E+01,1.70000000075816416E+02));
|   |   |   |   |   |   #18680=ORIENTED_EDGE('',*,*,#18681,.T.);
|   |   |   |   |   |   |   #18681=EDGE_CURVE('',#18361,#18682,#18684,.T.);
|   |   |   |   |   |   |   |   #18361=VERTEX_POINT('',#18362);
|   |   |   |   |   |   |   |   |   #18362=CARTESIAN_POINT('',(-5.26524040684000011E+03,1.40800000000000001E+01,1.70000000075815990E+02));
|   |   |   |   |   |   |   |   #18682=VERTEX_POINT('',#18683);
|   |   |   |   |   |   |   |   |   #18683=CARTESIAN_POINT('',(-5.42929006379833027E+03,-1.46844615384077002E+02,1.70000000075815990E+02));
|   |   |   |   |   |   |   |   #18684=B_SPLINE_CURVE_WITH_KNOTS('',11,(#18685,#18686,#18687,#18688,#18689,#18690,#18691,#18692,#18693,#18694,#18695,#18696),.UNSPECIFIED.,.F.,.F.,(12,12),(0.0,1.0),.UNSPECIFIED.);
|   |   |   |   |   |   |   |   |   #18685=CARTESIAN_POINT('Ctrl Pnt',(-5.26524040684000011E+03,1.40800000000000196E+01,1.70000000075816416E+02));
|   |   |   |   |   |   |   |   |   #18686=CARTESIAN_POINT('Ctrl Pnt',(-5.28613151012726485E+03,1.40799999999989307E+01,1.70000000075816445E+02));
|   |   |   |   |   |   |   |   |   #18687=CARTESIAN_POINT('Ctrl Pnt',(-5.30821815747066375E+03,1.11540711842467637E+01,1.70000000075815450E+02));
|   |   |   |   |   |   |   |   |   #18688=CARTESIAN_POINT('Ctrl Pnt',(-5.33093130476997430E+03,4.74488807815591596,1.70000000075823721E+02));
|   |   |   |   |   |   |   |   |   #18689=CARTESIAN_POINT('Ctrl Pnt',(-5.35342447478311351E+03,-5.59214473659700317,1.70000000075796862E+02));
|   |   |   |   |   |   |   |   |   #18690=CARTESIAN_POINT('Ctrl Pnt',(-5.37458179179726085E+03,-1.99903553523582502E+01,1.70000000075845520E+02));
|   |   |   |   |   |   |   |   |   #18691=CARTESIAN_POINT('Ctrl Pnt',(-5.39312329008012057E+03,-3.81786498869939805E+01,1.70000000075790751E+02));
|   |   |   |   |   |   |   |   |   #18692=CARTESIAN_POINT('Ctrl Pnt',(-5.40792570953627455E+03,-5.90551656525169264E+01,1.70000000075829888E+02));
|   |   |   |   |   |   |   |   |   #18693=CARTESIAN_POINT('Ctrl Pnt',(-5.41869339170496278E+03,-8.13453869446538249E+01,1.70000000075812238E+02));
|   |   |   |   |   |   |   |   |   #18694=CARTESIAN_POINT('Ctrl Pnt',(-5.42553818086462616E+03,-1.03931080420104081E+02,1.70000000075816558E+02));
|   |   |   |   |   |   |   |   |   #18695=CARTESIAN_POINT('Ctrl Pnt',(-5.42888831181198020E+03,-1.25957375453741250E+02,1.70000000075817184E+02));
|   |   |   |   |   |   |   |   |   #18696=CARTESIAN_POINT('Ctrl Pnt',(-5.42929006379833208E+03,-1.46844615384077485E+02,1.70000000075816331E+02));
|   |   |   |   |   |   #18697=ORIENTED_EDGE('',*,*,#18698,.F.);
|   |   |   |   |   |   |   #18698=EDGE_CURVE('',#18559,#18682,#18699,.T.);
|   |   |   |   |   |   |   |   #18559=VERTEX_POINT('',#18560);
|   |   |   |   |   |   |   |   |   #18560=CARTESIAN_POINT('',(-5.42885512341504000E+03,-1.46852981169846004E+02,1.66527113091809014E+02));
|   |   |   |   |   |   |   |   #18682=VERTEX_POINT('',#18683);
|   |   |   |   |   |   |   |   |   #18683=CARTESIAN_POINT('',(-5.42929006379833027E+03,-1.46844615384077002E+02,1.70000000075815990E+02));
|   |   |   |   |   |   |   |   #18699=B_SPLINE_CURVE_WITH_KNOTS('',5,(#18700,#18701,#18702,#18703,#18704,#18705),.UNSPECIFIED.,.F.,.F.,(6,6),(1.32157037558084589,1.57079633217958659),.UNSPECIFIED.);
|   |   |   |   |   |   |   |   |   #18700=CARTESIAN_POINT('Ctrl Pnt',(-5.42885512341504091E+03,-1.46852981169846231E+02,1.66527113091805063E+02));
|   |   |   |   |   |   |   |   |   #18701=CARTESIAN_POINT('Ctrl Pnt',(-5.42902819811506015E+03,-1.46849652194662326E+02,1.67207249688996058E+02));
|   |   |   |   |   |   |   |   |   #18702=CARTESIAN_POINT('Ctrl Pnt',(-5.42915890383368878E+03,-1.46847138158289169E+02,1.67898171943053740E+02));
|   |   |   |   |   |   |   |   |   #18703=CARTESIAN_POINT('Ctrl Pnt',(-5.42924634403967229E+03,-1.46845456304899102E+02,1.68596359476282146E+02));
|   |   |   |   |   |   |   |   |   #18704=CARTESIAN_POINT('Ctrl Pnt',(-5.42929006380213013E+03,-1.46844615384783509E+02,1.69298179782082428E+02));
|   |   |   |   |   |   |   |   |   #18705=CARTESIAN_POINT('Ctrl Pnt',(-5.42929006379834846E+03,-1.46844615384913482E+02,1.70000000075817240E+02));
|   |   |   |   #18590=OFFSET_SURFACE('',#18591,2.77000000000000002,.F.);
|   |   |   |   |   #18591=(BOUNDED_SURFACE()B_SPLINE_SURFACE(6,11,((#18592,#18593,#18594,#18595,#18596,#18597,#18598,#18599,#18600,#18601,#18602,#18603),(#18604,#18605,#18606,#18607,#18608,#18609,#18610,#18611,#18612,#18613,#18614,#18615),(#18616,#18617,#18618,#18619,#18620,#18621,#18622,#18623,#18624,#18625,#18626,#18627),(#18628,#18629,#18630,#18631,#18632,#18633,#18634,#18635,#18636,#18637,#18638,#18639),(#18640,#18641,#18642,#18643,#18644,#18645,#18646,#18647,#18648,#18649,#18650,#18651),(#18652,#18653,#18654,#18655,#18656,#18657,#18658,#18659,#18660,#18661,#18662,#18663),(#18664,#18665,#18666,#18667,#18668,#18669,#18670,#18671,#18672,#18673,#18674,#18675)),.UNSPECIFIED.,.F.,.F.,.F.)B_SPLINE_SURFACE_WITH_KNOTS((7,7),(12,12),(1.32157037558084589,1.57079633217958659),(0.0,1.0),.UNSPECIFIED.)SURFACE()GEOMETRIC_REPRESENTATION_ITEM()RATIONAL_B_SPLINE_SURFACE(((1.00077676430742013,1.00077676430740037,1.00077676430749873,1.00077676430724583,1.00077676430770057,1.00077676430706686,1.00077676430777363,1.00077676430714235,1.00077676430758644,1.00077676430734952,1.00077676430743745,1.00077676430742013),(1.00025865325482677,1.00025865325480789,1.00025865325490204,1.00025865325466246,1.00025865325508190,1.00025865325452235,1.00025865325511987,1.00025865325459584,1.00025865325497176,1.00025865325476082,1.00025865325484409,1.00025865325482677),(9.99948215990260847E-01,9.99948215990273059E-01,9.99948215990209222E-01,9.99948215990404399E-01,9.99948215989989952E-01,9.99948215990628109E-01,9.99948215989897138E-01,9.99948215990523526E-01,9.99948215990125511E-01,9.99948215990307143E-01,9.99948215990252187E-01,9.99948215990260847E-01),(9.99844807630970500E-01,9.99844807630956067E-01,9.99844807631028898E-01,9.99844807630846377E-01,9.99844807631158794E-01,9.99844807630752452E-01,9.99844807631168897E-01,9.99844807630826393E-01,9.99844807631052768E-01,9.99844807630936527E-01,9.99844807630979049E-01,9.99844807630970500E-01),(9.99948215990261624E-01,9.99948215990256406E-01,9.99948215990284162E-01,9.99948215990215883E-01,9.99948215990335676E-01,9.99948215990160150E-01,9.99948215990377420E-01,9.99948215990153710E-01,9.99948215990341005E-01,9.99948215990219436E-01,9.99948215990274392E-01,9.99948215990261624E-01),(1.00025865325482610,1.00025865325481678,1.00025865325485874,1.00025865325477459,1.00025865325487340,1.00025865325480190,1.00025865325483077,1.00025865325482521,1.00025865325483077,1.00025865325482122,1.00025865325482810,1.00025865325482610),(1.00077676430742013,1.00077676430740037,1.00077676430749873,1.00077676430724583,1.00077676430770057,1.00077676430706686,1.00077676430777363,1.00077676430714235,1.00077676430758644,1.00077676430734952,1.00077676430743745,1.00077676430742013)))REPRESENTATION_ITEM(''));
|   |   |   |   |   |   #18592=CARTESIAN_POINT('Ctrl Pnt',(-5.26524040684056308E+03,1.63293962356492415E+01,1.65843881789558367E+02));
|   |   |   |   |   |   #18593=CARTESIAN_POINT('Ctrl Pnt',(-5.28641790925703481E+03,1.63293962355778817E+01,1.65843881789558367E+02));
|   |   |   |   |   |   #18594=CARTESIAN_POINT('Ctrl Pnt',(-5.30880730057104938E+03,1.33633825264102342E+01,1.65843881789558452E+02));
|   |   |   |   |   |   #18595=CARTESIAN_POINT('Ctrl Pnt',(-5.33183211516882511E+03,6.86614099483083606,1.65843881789558111E+02));
|   |   |   |   |   |   #18596=CARTESIAN_POINT('Ctrl Pnt',(-5.35463279905406034E+03,-3.61196118286395063,1.65843881789558793E+02));
|   |   |   |   |   |   #18597=CARTESIAN_POINT('Ctrl Pnt',(-5.37608165005074079E+03,-1.82088381601468470E+01,1.65843881789557656E+02));
|   |   |   |   |   |   #18598=CARTESIAN_POINT('Ctrl Pnt',(-5.39487563438995949E+03,-3.66448090571948342E+01,1.65843881789559418E+02));
|   |   |   |   |   |   #18599=CARTESIAN_POINT('Ctrl Pnt',(-5.40988228989487106E+03,-5.78089843807483987E+01,1.65843881789557287E+02));
|   |   |   |   |   |   #18600=CARTESIAN_POINT('Ctrl Pnt',(-5.42079692906454966E+03,-8.04039498083536159E+01,1.65843881789559106E+02));
|   |   |   |   |   |   #18601=CARTESIAN_POINT('Ctrl Pnt',(-5.42773575396818524E+03,-1.03299559512823549E+02,1.65843881789558083E+02));
|   |   |   |   |   |   #18602=CARTESIAN_POINT('Ctrl Pnt',(-5.43113178439493549E+03,-1.25627771668641202E+02,1.65843881789558452E+02));
|   |   |   |   |   |   #18603=CARTESIAN_POINT('Ctrl Pnt',(-5.43153904405687626E+03,-1.46801357764707774E+02,1.65843881789558367E+02));
|   |   |   |   |   |   #18604=CARTESIAN_POINT('Ctrl Pnt',(-5.26524040684061038E+03,1.65021210796170763E+01,1.66522518025121968E+02));
|   |   |   |   |   |   #18605=CARTESIAN_POINT('Ctrl Pnt',(-5.28643990104496334E+03,1.65021210795401245E+01,1.66522518025121997E+02));
|   |   |   |   |   |   #18606=CARTESIAN_POINT('Ctrl Pnt',(-5.30885254263348907E+03,1.35330273119578948E+01,1.66522518025121826E+02));
|   |   |   |   |   |   #18607=CARTESIAN_POINT('Ctrl Pnt',(-5.33190126736137790E+03,7.02903871668836899,1.66522518025122224E+02));
|   |   |   |   |   |   #18608=CARTESIAN_POINT('Ctrl Pnt',(-5.35472562862813265E+03,-3.45994445142365947,1.66522518025121428E+02));
|   |   |   |   |   |   #18609=CARTESIAN_POINT('Ctrl Pnt',(-5.37619675319469388E+03,-1.80719795628277176E+01,1.66522518025122736E+02));
|   |   |   |   |   |   #18610=CARTESIAN_POINT('Ctrl Pnt',(-5.39501025415634376E+03,-3.65270953030208148E+01,1.66522518025121286E+02));
|   |   |   |   |   |   #18611=CARTESIAN_POINT('Ctrl Pnt',(-5.41003249333001077E+03,-5.77132485749073325E+01,1.66522518025122423E+02));
|   |   |   |   |   |   #18612=CARTESIAN_POINT('Ctrl Pnt',(-5.42095846681219882E+03,-8.03316777555866679E+01,1.66522518025121741E+02));
|   |   |   |   |   |   #18613=CARTESIAN_POINT('Ctrl Pnt',(-5.42790449734196682E+03,-1.03251063417291050E+02,1.66522518025122082E+02));
|   |   |   |   |   |   #18614=CARTESIAN_POINT('Ctrl Pnt',(-5.43130405437819263E+03,-1.25602462316096023E+02,1.66522518025121940E+02));
|   |   |   |   |   |   #18615=CARTESIAN_POINT('Ctrl Pnt',(-5.43171173695912512E+03,-1.46798036133138538E+02,1.66522518025121968E+02));
|   |   |   |   |   |   #18616=CARTESIAN_POINT('Ctrl Pnt',(-5.26524040684065767E+03,1.66409012375406462E+01,1.67209344338176351E+02));
|   |   |   |   |   |   #18617=CARTESIAN_POINT('Ctrl Pnt',(-5.28645757090491952E+03,1.66409012374553669E+01,1.67209344338176379E+02));
|   |   |   |   |   |   #18618=CARTESIAN_POINT('Ctrl Pnt',(-5.30888889351634680E+03,1.36693327188102103E+01,1.67209344338176294E+02));
|   |   |   |   |   |   #18619=CARTESIAN_POINT('Ctrl Pnt',(-5.33195682944491455E+03,7.15992302401024716,1.67209344338176408E+02));
|   |   |   |   |   |   #18620=CARTESIAN_POINT('Ctrl Pnt',(-5.35480021490447598E+03,-3.33780275184557240,1.67209344338176095E+02));
|   |   |   |   |   |   #18621=CARTESIAN_POINT('Ctrl Pnt',(-5.37628923573594420E+03,-1.79620170507468977E+01,1.67209344338176948E+02));
|   |   |   |   |   |   #18622=CARTESIAN_POINT('Ctrl Pnt',(-5.39511841782289048E+03,-3.64325152008057813E+01,1.67209344338175555E+02));
|   |   |   |   |   |   #18623=CARTESIAN_POINT('Ctrl Pnt',(-5.41015317809070621E+03,-5.76363272129045754E+01,1.67209344338177004E+02));
|   |   |   |   |   |   #18624=CARTESIAN_POINT('Ctrl Pnt',(-5.42108825841374710E+03,-8.02736089412512399E+01,1.67209344338175981E+02));
|   |   |   |   |   |   #18625=CARTESIAN_POINT('Ctrl Pnt',(-5.42804007848666151E+03,-1.03212097998996356E+02,1.67209344338176493E+02));
|   |   |   |   |   |   #18626=CARTESIAN_POINT('Ctrl Pnt',(-5.43144246906674198E+03,-1.25582126874704414E+02,1.67209344338176322E+02));
|   |   |   |   |   |   #18627=CARTESIAN_POINT('Ctrl Pnt',(-5.43185049145266566E+03,-1.46795367283994068E+02,1.67209344338176351E+02));
|   |   |   |   |   |   #18628=CARTESIAN_POINT('Ctrl Pnt',(-5.26524040684070496E+03,1.67453224302172572E+01,1.67902447124766269E+02));
|   |   |   |   |   |   #18629=CARTESIAN_POINT('Ctrl Pnt',(-5.28647086608976315E+03,1.67453224301276862E+01,1.67902447124766184E+02));
|   |   |   |   |   |   #18630=CARTESIAN_POINT('Ctrl Pnt',(-5.30891624470691204E+03,1.37718918552345855E+01,1.67902447124766667E+02));
|   |   |   |   |   |   #18631=CARTESIAN_POINT('Ctrl Pnt',(-5.33199863555840147E+03,7.25840320792942606,1.67902447124765160E+02));
|   |   |   |   |   |   #18632=CARTESIAN_POINT('Ctrl Pnt',(-5.35485633523210981E+03,-3.24590069517066127,1.67902447124768145E+02));
|   |   |   |   |   |   #18633=CARTESIAN_POINT('Ctrl Pnt',(-5.37635882160045185E+03,-1.78792788781086216E+01,1.67902447124763910E+02));
|   |   |   |   |   |   #18634=CARTESIAN_POINT('Ctrl Pnt',(-5.39519980250519075E+03,-3.63613510861273710E+01,1.67902447124768571E+02));
|   |   |   |   |   |   #18635=CARTESIAN_POINT('Ctrl Pnt',(-5.41024398391511477E+03,-5.75784499163206362E+01,1.67902447124764507E+02));
|   |   |   |   |   |   #18636=CARTESIAN_POINT('Ctrl Pnt',(-5.42118591642218507E+03,-8.02299167092970293E+01,1.67902447124767320E+02));
|   |   |   |   |   |   #18637=CARTESIAN_POINT('Ctrl Pnt',(-5.42814209267259776E+03,-1.03182779575459207E+02,1.67902447124765843E+02));
|   |   |   |   |   |   #18638=CARTESIAN_POINT('Ctrl Pnt',(-5.43154661527235567E+03,-1.25566826048749277E+02,1.67902447124766383E+02));
|   |   |   |   |   |   #18639=CARTESIAN_POINT('Ctrl Pnt',(-5.43195489333490514E+03,-1.46793359184181952E+02,1.67902447124766269E+02));
|   |   |   |   |   |   #18640=CARTESIAN_POINT('Ctrl Pnt',(-5.26524040684075317E+03,1.68150839743809541E+01,1.68599891448862905E+02));
|   |   |   |   |   |   #18641=CARTESIAN_POINT('Ctrl Pnt',(-5.28647974831570446E+03,1.68150839742853790E+01,1.68599891448862934E+02));
|   |   |   |   |   |   #18642=CARTESIAN_POINT('Ctrl Pnt',(-5.30893451744677532E+03,1.38404093998208779E+01,1.68599891448862820E+02));
|   |   |   |   |   |   #18643=CARTESIAN_POINT('Ctrl Pnt',(-5.33202656532014498E+03,7.32419569240846613,1.68599891448863076E+02));
|   |   |   |   |   |   #18644=CARTESIAN_POINT('Ctrl Pnt',(-5.35489382801130523E+03,-3.18450291546239583,1.68599891448862536E+02));
|   |   |   |   |   |   #18645=CARTESIAN_POINT('Ctrl Pnt',(-5.37640531041398299E+03,-1.78240032914548117E+01,1.68599891448863417E+02));
|   |   |   |   |   |   #18646=CARTESIAN_POINT('Ctrl Pnt',(-5.39525417385424407E+03,-3.63138078777218922E+01,1.68599891448862508E+02));
|   |   |   |   |   |   #18647=CARTESIAN_POINT('Ctrl Pnt',(-5.41030464932569885E+03,-5.75397833441469331E+01,1.68599891448863104E+02));
|   |   |   |   |   |   #18648=CARTESIAN_POINT('Ctrl Pnt',(-5.42125115962900963E+03,-8.02007268725672020E+01,1.68599891448862820E+02));
|   |   |   |   |   |   #18649=CARTESIAN_POINT('Ctrl Pnt',(-5.42821024614752787E+03,-1.03163192569744311E+02,1.68599891448862962E+02));
|   |   |   |   |   |   #18650=CARTESIAN_POINT('Ctrl Pnt',(-5.43161619310360493E+03,-1.25556603897322503E+02,1.68599891448862905E+02));
|   |   |   |   |   |   #18651=CARTESIAN_POINT('Ctrl Pnt',(-5.43202464197818335E+03,-1.46792017616072542E+02,1.68599891448862905E+02));
|   |   |   |   |   |   #18652=CARTESIAN_POINT('Ctrl Pnt',(-5.26524040684080137E+03,1.68500000037707309E+01,1.69299727992227702E+02));
|   |   |   |   |   |   #18653=CARTESIAN_POINT('Ctrl Pnt',(-5.28648419391775406E+03,1.68500000036687894E+01,1.69299727992227702E+02));
|   |   |   |   |   |   #18654=CARTESIAN_POINT('Ctrl Pnt',(-5.30894366305172662E+03,1.38747028007031474E+01,1.69299727992227702E+02));
|   |   |   |   |   |   #18655=CARTESIAN_POINT('Ctrl Pnt',(-5.33204054431666827E+03,7.35712518598835175,1.69299727992227616E+02));
|   |   |   |   |   |   #18656=CARTESIAN_POINT('Ctrl Pnt',(-5.35491259334970164E+03,-3.15377299532772071,1.69299727992227758E+02));
|   |   |   |   |   |   #18657=CARTESIAN_POINT('Ctrl Pnt',(-5.37642857831605306E+03,-1.77963375620185715E+01,1.69299727992227645E+02));
|   |   |   |   |   |   #18658=CARTESIAN_POINT('Ctrl Pnt',(-5.39528138700796808E+03,-3.62900122453040268E+01,1.69299727992227844E+02));
|   |   |   |   |   |   #18659=CARTESIAN_POINT('Ctrl Pnt',(-5.41033501269113367E+03,-5.75204305161051792E+01,1.69299727992227503E+02));
|   |   |   |   |   |   #18660=CARTESIAN_POINT('Ctrl Pnt',(-5.42128381420618643E+03,-8.01861172017500792E+01,1.69299727992227844E+02));
|   |   |   |   |   |   #18661=CARTESIAN_POINT('Ctrl Pnt',(-5.42824435732959500E+03,-1.03153389167688147E+02,1.69299727992227673E+02));
|   |   |   |   |   |   #18662=CARTESIAN_POINT('Ctrl Pnt',(-5.43165101718369169E+03,-1.25551487655384136E+02,1.69299727992227702E+02));
|   |   |   |   |   |   #18663=CARTESIAN_POINT('Ctrl Pnt',(-5.43205955155061019E+03,-1.46791346154016935E+02,1.69299727992227702E+02));
|   |   |   |   |   |   #18664=CARTESIAN_POINT('Ctrl Pnt',(-5.26524040684085048E+03,1.68499999999999943E+01,1.70000000090732016E+02));
|   |   |   |   |   |   #18665=CARTESIAN_POINT('Ctrl Pnt',(-5.28648419391732205E+03,1.68499999998925105E+01,1.70000000090732016E+02));
|   |   |   |   |   |   #18666=CARTESIAN_POINT('Ctrl Pnt',(-5.30894366305078984E+03,1.38747027969844297E+01,1.70000000090732016E+02));
|   |   |   |   |   |   #18667=CARTESIAN_POINT('Ctrl Pnt',(-5.33204054431518489E+03,7.35712518241786739,1.70000000090731930E+02));
|   |   |   |   |   |   #18668=CARTESIAN_POINT('Ctrl Pnt',(-5.35491259334775259E+03,-3.15377299867756733,1.70000000090732044E+02));
|   |   |   |   |   |   #18669=CARTESIAN_POINT('Ctrl Pnt',(-5.37642857831354740E+03,-1.77963375650388826E+01,1.70000000090732016E+02));
|   |   |   |   |   |   #18670=CARTESIAN_POINT('Ctrl Pnt',(-5.39528138700507316E+03,-3.62900122479014513E+01,1.70000000090732101E+02));
|   |   |   |   |   |   #18671=CARTESIAN_POINT('Ctrl Pnt',(-5.41033501268788586E+03,-5.75204305182539883E+01,1.70000000090731874E+02));
|   |   |   |   |   |   #18672=CARTESIAN_POINT('Ctrl Pnt',(-5.42128381420267033E+03,-8.01861172033574832E+01,1.70000000090732101E+02));
|   |   |   |   |   |   #18673=CARTESIAN_POINT('Ctrl Pnt',(-5.42824435732593156E+03,-1.03153389168802960E+02,1.70000000090732016E+02));
|   |   |   |   |   |   #18674=CARTESIAN_POINT('Ctrl Pnt',(-5.43165101717993639E+03,-1.25551487655982157E+02,1.70000000090732016E+02));
|   |   |   |   |   |   #18675=CARTESIAN_POINT('Ctrl Pnt',(-5.43205955154684125E+03,-1.46791346154137756E+02,1.70000000090732016E+02));
|   |   |   #18706=ADVANCED_FACE('',(#18793),#18707,.T.);
|   |   |   |   #18793=FACE_OUTER_BOUND('',#18794,.T.);
|   |   |   |   |   #18794=EDGE_LOOP('',(#18795,#18796,#18797,#18798));
|   |   |   |   |   |   #18795=ORIENTED_EDGE('',*,*,#18681,.F.);
|   |   |   |   |   |   |   #18681=EDGE_CURVE('',#18361,#18682,#18684,.T.);
|   |   |   |   |   |   |   |   #18361=VERTEX_POINT('',#18362);
|   |   |   |   |   |   |   |   |   #18362=CARTESIAN_POINT('',(-5.26524040684000011E+03,1.40800000000000001E+01,1.70000000075815990E+02));
|   |   |   |   |   |   |   |   #18682=VERTEX_POINT('',#18683);
|   |   |   |   |   |   |   |   |   #18683=CARTESIAN_POINT('',(-5.42929006379833027E+03,-1.46844615384077002E+02,1.70000000075815990E+02));
|   |   |   |   |   |   |   |   #18684=B_SPLINE_CURVE_WITH_KNOTS('',11,(#18685,#18686,#18687,#18688,#18689,#18690,#18691,#18692,#18693,#18694,#18695,#18696),.UNSPECIFIED.,.F.,.F.,(12,12),(0.0,1.0),.UNSPECIFIED.);
|   |   |   |   |   |   |   |   |   #18685=CARTESIAN_POINT('Ctrl Pnt',(-5.26524040684000011E+03,1.40800000000000196E+01,1.70000000075816416E+02));
|   |   |   |   |   |   |   |   |   #18686=CARTESIAN_POINT('Ctrl Pnt',(-5.28613151012726485E+03,1.40799999999989307E+01,1.70000000075816445E+02));
|   |   |   |   |   |   |   |   |   #18687=CARTESIAN_POINT('Ctrl Pnt',(-5.30821815747066375E+03,1.11540711842467637E+01,1.70000000075815450E+02));
|   |   |   |   |   |   |   |   |   #18688=CARTESIAN_POINT('Ctrl Pnt',(-5.33093130476997430E+03,4.74488807815591596,1.70000000075823721E+02));
|   |   |   |   |   |   |   |   |   #18689=CARTESIAN_POINT('Ctrl Pnt',(-5.35342447478311351E+03,-5.59214473659700317,1.70000000075796862E+02));
|   |   |   |   |   |   |   |   |   #18690=CARTESIAN_POINT('Ctrl Pnt',(-5.37458179179726085E+03,-1.99903553523582502E+01,1.70000000075845520E+02));
|   |   |   |   |   |   |   |   |   #18691=CARTESIAN_POINT('Ctrl Pnt',(-5.39312329008012057E+03,-3.81786498869939805E+01,1.70000000075790751E+02));
|   |   |   |   |   |   |   |   |   #18692=CARTESIAN_POINT('Ctrl Pnt',(-5.40792570953627455E+03,-5.90551656525169264E+01,1.70000000075829888E+02));
|   |   |   |   |   |   |   |   |   #18693=CARTESIAN_POINT('Ctrl Pnt',(-5.41869339170496278E+03,-8.13453869446538249E+01,1.70000000075812238E+02));
|   |   |   |   |   |   |   |   |   #18694=CARTESIAN_POINT('Ctrl Pnt',(-5.42553818086462616E+03,-1.03931080420104081E+02,1.70000000075816558E+02));
|   |   |   |   |   |   |   |   |   #18695=CARTESIAN_POINT('Ctrl Pnt',(-5.42888831181198020E+03,-1.25957375453741250E+02,1.70000000075817184E+02));
|   |   |   |   |   |   |   |   |   #18696=CARTESIAN_POINT('Ctrl Pnt',(-5.42929006379833208E+03,-1.46844615384077485E+02,1.70000000075816331E+02));
|   |   |   |   |   |   #18796=ORIENTED_EDGE('',*,*,#18391,.T.);
|   |   |   |   |   |   |   #18391=EDGE_CURVE('',#18361,#18319,#18392,.T.);
|   |   |   |   |   |   |   |   #18361=VERTEX_POINT('',#18362);
|   |   |   |   |   |   |   |   |   #18362=CARTESIAN_POINT('',(-5.26524040684000011E+03,1.40800000000000001E+01,1.70000000075815990E+02));
|   |   |   |   |   |   |   |   #18319=VERTEX_POINT('',#18320);
|   |   |   |   |   |   |   |   |   #18320=CARTESIAN_POINT('',(-5.26524040684000011E+03,-1.40800000000000001E+01,170.0));
|   |   |   |   |   |   |   |   #18392=B_SPLINE_CURVE_WITH_KNOTS('',10,(#18393,#18394,#18395,#18396,#18397,#18398,#18399,#18400,#18401,#18402,#18403),.UNSPECIFIED.,.F.,.F.,(11,11),(1.57079633217958659,4.71238898038468612),.UNSPECIFIED.);
|   |   |   |   |   |   |   |   |   #18393=CARTESIAN_POINT('Ctrl Pnt',(-5.26524040684000011E+03,1.40800000000000072E+01,1.70000000075816388E+02));
|   |   |   |   |   |   |   |   |   #18394=CARTESIAN_POINT('Ctrl Pnt',(-5.26524040684040756E+03,1.40799999761816057E+01,1.74423362524488681E+02));
|   |   |   |   |   |   |   |   |   #18395=CARTESIAN_POINT('Ctrl Pnt',(-5.26524040684055853E+03,1.25359593740394537E+01,1.78846724580631445E+02));
|   |   |   |   |   |   |   |   |   #18396=CARTESIAN_POINT('Ctrl Pnt',(-5.26524040684143984E+03,9.44783994184850862,1.82663745478750258E+02));
|   |   |   |   |   |   |   |   |   #18397=CARTESIAN_POINT('Ctrl Pnt',(-5.26524040684060856E+03,5.08794105833004107,1.85268056534636798E+02));
|   |   |   |   |   |   |   |   |   #18398=CARTESIAN_POINT('Ctrl Pnt',(-5.26524040684210286E+03,-4.36038849471740335E-08,1.86195892416755015E+02));
|   |   |   |   |   |   |   |   |   #18399=CARTESIAN_POINT('Ctrl Pnt',(-5.26524040684060856E+03,-5.08794114054543378,1.85268056507229716E+02));
|   |   |   |   |   |   |   |   |   #18400=CARTESIAN_POINT('Ctrl Pnt',(-5.26524040684144711E+03,-9.44784001003782770,1.82663745427888273E+02));
|   |   |   |   |   |   |   |   |   #18401=CARTESIAN_POINT('Ctrl Pnt',(-5.26524040684055126E+03,-1.25359594216766563E+01,1.78846724513122723E+02));
|   |   |   |   |   |   |   |   |   #18402=CARTESIAN_POINT('Ctrl Pnt',(-5.26524040684041211E+03,-1.40799999999999343E+01,1.74423362448674169E+02));
|   |   |   |   |   |   |   |   |   #18403=CARTESIAN_POINT('Ctrl Pnt',(-5.26524040684000101E+03,-1.40800000000000054E+01,1.70000000000000028E+02));
|   |   |   |   |   |   #18797=ORIENTED_EDGE('',*,*,#18540,.T.);
|   |   |   |   |   |   |   #18540=EDGE_CURVE('',#18319,#18541,#18543,.T.);
|   |   |   |   |   |   |   |   #18319=VERTEX_POINT('',#18320);
|   |   |   |   |   |   |   |   |   #18320=CARTESIAN_POINT('',(-5.26524040684000011E+03,-1.40800000000000001E+01,170.0));
|   |   |   |   |   |   |   |   #18541=VERTEX_POINT('',#18542);
|   |   |   |   |   |   |   |   |   #18542=CARTESIAN_POINT('',(-5.40113527138043992E+03,-1.47386153845823003E+02,170.0));
|   |   |   |   |   |   |   |   #18543=B_SPLINE_CURVE_WITH_KNOTS('',11,(#18544,#18545,#18546,#18547,#18548,#18549,#18550,#18551,#18552,#18553,#18554,#18555),.UNSPECIFIED.,.F.,.F.,(12,12),(0.0,1.0),.UNSPECIFIED.);
|   |   |   |   |   |   |   |   |   #18544=CARTESIAN_POINT('Ctrl Pnt',(-5.26524040683999829E+03,-1.40800000000000125E+01,1.70000000000000085E+02));
|   |   |   |   |   |   |   |   |   #18545=CARTESIAN_POINT('Ctrl Pnt',(-5.28254610380988743E+03,-1.40799999999996999E+01,1.69999999999998693E+02));
|   |   |   |   |   |   |   |   |   #18546=CARTESIAN_POINT('Ctrl Pnt',(-5.30084208002196010E+03,-1.65037215338822243E+01,1.70000000000005826E+02));
|   |   |   |   |   |   |   |   |   #18547=CARTESIAN_POINT('Ctrl Pnt',(-5.31965763742060335E+03,-2.18132875098325023E+01,1.69999999999987494E+02));
|   |   |   |   |   |   |   |   |   #18548=CARTESIAN_POINT('Ctrl Pnt',(-5.33828891877472961E+03,-3.03750827100049712E+01,1.70000000000018275E+02));
|   |   |   |   |   |   |   |   |   #18549=CARTESIAN_POINT('Ctrl Pnt',(-5.35581781985261114E+03,-4.23045278921563010E+01,1.69999999999983288E+02));
|   |   |   |   |   |   |   |   |   #18550=CARTESIAN_POINT('Ctrl Pnt',(-5.37117408967683241E+03,-5.73682705456284268E+01,1.70000000000010772E+02));
|   |   |   |   |   |   |   |   |   #18551=CARTESIAN_POINT('Ctrl Pnt',(-5.38343842301575660E+03,-7.46645176274620894E+01,1.69999999999995168E+02));
|   |   |   |   |   |   |   |   |   #18552=CARTESIAN_POINT('Ctrl Pnt',(-5.39235692877154361E+03,-9.31277036204757280E+01,1.70000000000001620E+02));
|   |   |   |   |   |   |   |   |   #18553=CARTESIAN_POINT('Ctrl Pnt',(-5.39802735049952753E+03,-1.11837674451997273E+02,1.69999999999999517E+02));
|   |   |   |   |   |   |   |   |   #18554=CARTESIAN_POINT('Ctrl Pnt',(-5.40080246951561639E+03,-1.30083657189732946E+02,1.70000000000000483E+02));
|   |   |   |   |   |   |   |   |   #18555=CARTESIAN_POINT('Ctrl Pnt',(-5.40113527138043992E+03,-1.47386153845822662E+02,1.70000000000000028E+02));
|   |   |   |   |   |   #18798=ORIENTED_EDGE('',*,*,#18799,.F.);
|   |   |   |   |   |   |   #18799=EDGE_CURVE('',#18682,#18541,#18800,.T.);
|   |   |   |   |   |   |   |   #18682=VERTEX_POINT('',#18683);
|   |   |   |   |   |   |   |   |   #18683=CARTESIAN_POINT('',(-5.42929006379833027E+03,-1.46844615384077002E+02,1.70000000075815990E+02));
|   |   |   |   |   |   |   |   #18541=VERTEX_POINT('',#18542);
|   |   |   |   |   |   |   |   |   #18542=CARTESIAN_POINT('',(-5.40113527138043992E+03,-1.47386153845823003E+02,170.0));
|   |   |   |   |   |   |   |   #18800=B_SPLINE_CURVE_WITH_KNOTS('',11,(#18801,#18802,#18803,#18804,#18805,#18806,#18807,#18808,#18809,#18810,#18811,#18812),.UNSPECIFIED.,.F.,.F.,(12,12),(1.57079633217958659,4.71238898038468612),.UNSPECIFIED.);
|   |   |   |   |   |   |   |   |   #18801=CARTESIAN_POINT('Ctrl Pnt',(-5.42929006379833299E+03,-1.46844615384077485E+02,1.70000000075816331E+02));
|   |   |   |   |   |   |   |   |   #18802=CARTESIAN_POINT('Ctrl Pnt',(-5.42929006377705173E+03,-1.46844615384829581E+02,1.74020119701410124E+02));
|   |   |   |   |   |   |   |   |   #18803=CARTESIAN_POINT('Ctrl Pnt',(-5.42802768651279621E+03,-1.46868896361171778E+02,1.78042594821148981E+02));
|   |   |   |   |   |   |   |   |   #18804=CARTESIAN_POINT('Ctrl Pnt',(-5.42550049644906449E+03,-1.46917505159778813E+02,1.81623608902543538E+02));
|   |   |   |   |   |   |   |   |   #18805=CARTESIAN_POINT('Ctrl Pnt',(-5.42188397849801277E+03,-1.46987066445593854E+02,1.84319999009676735E+02));
|   |   |   |   |   |   |   |   |   #18806=CARTESIAN_POINT('Ctrl Pnt',(-5.41752668147132954E+03,-1.47070876118683032E+02,1.85774589979891971E+02));
|   |   |   |   |   |   |   |   |   #18807=CARTESIAN_POINT('Ctrl Pnt',(-5.41289865362324417E+03,-1.47159893115477416E+02,1.85774589967162939E+02));
|   |   |   |   |   |   |   |   |   #18808=CARTESIAN_POINT('Ctrl Pnt',(-5.40854135660224711E+03,-1.47243702788102695E+02,1.84319998973956331E+02));
|   |   |   |   |   |   |   |   |   #18809=CARTESIAN_POINT('Ctrl Pnt',(-5.40492483866842758E+03,-1.47313264073288479E+02,1.81623608847011809E+02));
|   |   |   |   |   |   |   |   |   #18810=CARTESIAN_POINT('Ctrl Pnt',(-5.40239764862209176E+03,-1.47361872870874322E+02,1.78042594752183561E+02));
|   |   |   |   |   |   |   |   |   #18811=CARTESIAN_POINT('Ctrl Pnt',(-5.40113527138024619E+03,-1.47386153846156077E+02,1.74020119625581231E+02));
|   |   |   |   |   |   |   |   |   #18812=CARTESIAN_POINT('Ctrl Pnt',(-5.40113527138044265E+03,-1.47386153845822690E+02,1.69999999999999972E+02));
|   |   |   |   #18707=OFFSET_SURFACE('',#18708,2.77000000000000002,.F.);
|   |   |   |   |   #18708=(BOUNDED_SURFACE()B_SPLINE_SURFACE(6,11,((#18709,#18710,#18711,#18712,#18713,#18714,#18715,#18716,#18717,#18718,#18719,#18720),(#18721,#18722,#18723,#18724,#18725,#18726,#18727,#18728,#18729,#18730,#18731,#18732),(#18733,#18734,#18735,#18736,#18737,#18738,#18739,#18740,#18741,#18742,#18743,#18744),(#18745,#18746,#18747,#18748,#18749,#18750,#18751,#18752,#18753,#18754,#18755,#18756),(#18757,#18758,#18759,#18760,#18761,#18762,#18763,#18764,#18765,#18766,#18767,#18768),(#18769,#18770,#18771,#18772,#18773,#18774,#18775,#18776,#18777,#18778,#18779,#18780),(#18781,#18782,#18783,#18784,#18785,#18786,#18787,#18788,#18789,#18790,#18791,#18792)),.UNSPECIFIED.,.F.,.F.,.F.)B_SPLINE_SURFACE_WITH_KNOTS((7,7),(12,12),(1.57079633217958659,4.71238898038468612),(0.0,1.0),.UNSPECIFIED.)SURFACE()GEOMETRIC_REPRESENTATION_ITEM()RATIONAL_B_SPLINE_SURFACE(((1.13255657422731426,1.13255657422731781,1.13255657422729450,1.13255657422738754,1.13255657422715972,1.13255657422752432,1.13255657422712419,1.13255657422742551,1.13255657422727518,1.13255657422732070,1.13255657422731448,1.13255657422731426),(1.03634663123625681,1.03634663123621418,1.03634663123643334,1.03634663123584359,1.03634663123693938,1.03634663123541459,1.03634663123705528,1.03634663123566773,1.03634663123659143,1.03634663123611892,1.03634663123629034,1.03634663123625681),(9.92316309374136840E-01,9.92316309374130179E-01,9.92316309374162708E-01,9.92316309374089989E-01,9.92316309374202676E-01,9.92316309374055239E-01,9.92316309374231320E-01,9.92316309374043581E-01,9.92316309374208005E-01,9.92316309374099537E-01,9.92316309374147609E-01,9.92316309374136840E-01),(9.76461899774308195E-01,9.76461899774289988E-01,9.76461899774378694E-01,9.76461899774161979E-01,9.76461899774519471E-01,9.76461899774076714E-01,9.76461899774506481E-01,9.76461899774173081E-01,9.76461899774381248E-01,9.76461899774278108E-01,9.76461899774316300E-01,9.76461899774308195E-01),(9.92316309374137728E-01,9.92316309374117855E-01,9.92316309374218330E-01,9.92316309373958427E-01,9.92316309374429273E-01,9.92316309373764360E-01,9.92316309374527750E-01,9.92316309373809879E-01,9.92316309374350669E-01,9.92316309374039029E-01,9.92316309374164152E-01,9.92316309374137728E-01),(1.03634663123625703,1.03634663123622395,1.03634663123639004,1.03634663123595350,1.03634663123675108,1.03634663123565063,1.03634663123683213,1.03634663123583048,1.03634663123650084,1.03634663123615556,1.03634663123628212,1.03634663123625703),(1.13255657422731426,1.13255657422731781,1.13255657422729450,1.13255657422738754,1.13255657422715972,1.13255657422752432,1.13255657422712419,1.13255657422742551,1.13255657422727518,1.13255657422732070,1.13255657422731448,1.13255657422731426)))REPRESENTATION_ITEM(''));
|   |   |   |   |   |   #18709=CARTESIAN_POINT('Ctrl Pnt',(-5.26524040684000011E+03,1.68500000000000014E+01,1.70000000090732016E+02));
|   |   |   |   |   |   #18710=CARTESIAN_POINT('Ctrl Pnt',(-5.28648419391647349E+03,1.68499999999990493E+01,1.70000000090732016E+02));
|   |   |   |   |   |   #18711=CARTESIAN_POINT('Ctrl Pnt',(-5.30894366304995128E+03,1.38747027972137076E+01,1.70000000090732016E+02));
|   |   |   |   |   |   #18712=CARTESIAN_POINT('Ctrl Pnt',(-5.33204054431439727E+03,7.35712518274412730,1.70000000090731930E+02));
|   |   |   |   |   |   #18713=CARTESIAN_POINT('Ctrl Pnt',(-5.35491259334697861E+03,-3.15377299820243451,1.70000000090732044E+02));
|   |   |   |   |   |   #18714=CARTESIAN_POINT('Ctrl Pnt',(-5.37642857831289530E+03,-1.77963375644855226E+01,1.70000000090732016E+02));
|   |   |   |   |   |   #18715=CARTESIAN_POINT('Ctrl Pnt',(-5.39528138700448926E+03,-3.62900122472390052E+01,1.70000000090732101E+02));
|   |   |   |   |   |   #18716=CARTESIAN_POINT('Ctrl Pnt',(-5.41033501268740838E+03,-5.75204305175039394E+01,1.70000000090731874E+02));
|   |   |   |   |   |   #18717=CARTESIAN_POINT('Ctrl Pnt',(-5.42128381420232472E+03,-8.01861172025749909E+01,1.70000000090732101E+02));
|   |   |   |   |   |   #18718=CARTESIAN_POINT('Ctrl Pnt',(-5.42824435732568600E+03,-1.03153389167965116E+02,1.70000000090732016E+02));
|   |   |   |   |   |   #18719=CARTESIAN_POINT('Ctrl Pnt',(-5.43165101717981361E+03,-1.25551487655136597E+02,1.70000000090732016E+02));
|   |   |   |   |   |   #18720=CARTESIAN_POINT('Ctrl Pnt',(-5.43205955154682488E+03,-1.46791346153287918E+02,1.70000000090732016E+02));
|   |   |   |   |   |   #18721=CARTESIAN_POINT('Ctrl Pnt',(-5.26524040684066495E+03,1.68499999480968725E+01,1.79639012225437568E+02));
|   |   |   |   |   |   #18722=CARTESIAN_POINT('Ctrl Pnt',(-5.28648419391052721E+03,1.68499999480149683E+01,1.79639012225437796E+02));
|   |   |   |   |   |   #18723=CARTESIAN_POINT('Ctrl Pnt',(-5.30894366303701554E+03,1.38747027460473902E+01,1.79639012225436630E+02));
|   |   |   |   |   |   #18724=CARTESIAN_POINT('Ctrl Pnt',(-5.33204054429424832E+03,7.35712513355948516,1.79639012225439785E+02));
|   |   |   |   |   |   #18725=CARTESIAN_POINT('Ctrl Pnt',(-5.35491259331964102E+03,-3.15377304428441363,1.79639012225433760E+02));
|   |   |   |   |   |   #18726=CARTESIAN_POINT('Ctrl Pnt',(-5.37642857827887747E+03,-1.77963376060157970E+01,1.79639012225442229E+02));
|   |   |   |   |   |   #18727=CARTESIAN_POINT('Ctrl Pnt',(-5.39528138696445967E+03,-3.62900122831462824E+01,1.79639012225433333E+02));
|   |   |   |   |   |   #18728=CARTESIAN_POINT('Ctrl Pnt',(-5.41033501264265306E+03,-5.75204305468548114E+01,1.79639012225440553E+02));
|   |   |   |   |   |   #18729=CARTESIAN_POINT('Ctrl Pnt',(-5.42128381415405147E+03,-8.01861172249030005E+01,1.79639012225435863E+02));
|   |   |   |   |   |   #18730=CARTESIAN_POINT('Ctrl Pnt',(-5.42824435727517539E+03,-1.03153389183195770E+02,1.79639012225438336E+02));
|   |   |   |   |   |   #18731=CARTESIAN_POINT('Ctrl Pnt',(-5.43165101712814158E+03,-1.25551487663402639E+02,1.79639012225437369E+02));
|   |   |   |   |   |   #18732=CARTESIAN_POINT('Ctrl Pnt',(-5.43205955149494366E+03,-1.46791346154951015E+02,1.79639012225437568E+02));
|   |   |   |   |   |   #18733=CARTESIAN_POINT('Ctrl Pnt',(-5.26524040684124884E+03,1.05266612693537525E+01,1.88092918716632710E+02));
|   |   |   |   |   |   #18734=CARTESIAN_POINT('Ctrl Pnt',(-5.28567908956287465E+03,1.05266612691956567E+01,1.88092918716632482E+02));
|   |   |   |   |   |   #18735=CARTESIAN_POINT('Ctrl Pnt',(-5.30728738200444241E+03,7.66412290373722271,1.88092918716633562E+02));
|   |   |   |   |   |   #18736=CARTESIAN_POINT('Ctrl Pnt',(-5.32950892971261783E+03,1.39355068893569012,1.88092918716630805E+02));
|   |   |   |   |   |   #18737=CARTESIAN_POINT('Ctrl Pnt',(-5.35151416595821684E+03,-8.71900185505663217,1.88092918716635353E+02));
|   |   |   |   |   |   #18738=CARTESIAN_POINT('Ctrl Pnt',(-5.37221473071984656E+03,-2.28066374694727294E+01,1.88092918716630066E+02));
|   |   |   |   |   |   #18739=CARTESIAN_POINT('Ctrl Pnt',(-5.39035304917832400E+03,-4.05994325036713022E+01,1.88092918716634614E+02));
|   |   |   |   |   |   #18740=CARTESIAN_POINT('Ctrl Pnt',(-5.40483616737338161E+03,-6.10252530747961046E+01,1.88092918716631800E+02));
|   |   |   |   |   |   #18741=CARTESIAN_POINT('Ctrl Pnt',(-5.41537002743969060E+03,-8.28319477643294420E+01,1.88092918716632965E+02));
|   |   |   |   |   |   #18742=CARTESIAN_POINT('Ctrl Pnt',(-5.42206677750374729E+03,-1.04928798151369790E+02,1.88092918716632681E+02));
|   |   |   |   |   |   #18743=CARTESIAN_POINT('Ctrl Pnt',(-5.42534433058995637E+03,-1.26478045792558888E+02,1.88092918716632710E+02));
|   |   |   |   |   |   #18744=CARTESIAN_POINT('Ctrl Pnt',(-5.42573738218074959E+03,-1.46912948822479507E+02,1.88092918716632710E+02));
|   |   |   |   |   |   #18745=CARTESIAN_POINT('Ctrl Pnt',(-5.26524040684148349E+03,-5.78897427772062656E-08,1.91501645759143173E+02));
|   |   |   |   |   |   #18746=CARTESIAN_POINT('Ctrl Pnt',(-5.28433880696279630E+03,-5.80783918735505722E-08,1.91501645759143258E+02));
|   |   |   |   |   |   #18747=CARTESIAN_POINT('Ctrl Pnt',(-5.30453011873215928E+03,-2.67482523206567180,1.91501645759142832E+02));
|   |   |   |   |   |   #18748=CARTESIAN_POINT('Ctrl Pnt',(-5.32529447107451324E+03,-8.53419977102525706,1.91501645759144083E+02));
|   |   |   |   |   |   #18749=CARTESIAN_POINT('Ctrl Pnt',(-5.34585669674755718E+03,-1.79836137750491289E+01,1.91501645759141269E+02));
|   |   |   |   |   |   #18750=CARTESIAN_POINT('Ctrl Pnt',(-5.36519980578938066E+03,-3.11474416691183684E+01,1.91501645759145902E+02));
|   |   |   |   |   |   #18751=CARTESIAN_POINT('Ctrl Pnt',(-5.38214868983263113E+03,-4.77734602569112425E+01,1.91501645759140388E+02));
|   |   |   |   |   |   #18752=CARTESIAN_POINT('Ctrl Pnt',(-5.39568206622783418E+03,-6.68598416733759393E+01,1.91501645759145333E+02));
|   |   |   |   |   |   #18753=CARTESIAN_POINT('Ctrl Pnt',(-5.40552516018390452E+03,-8.72365453081674644E+01,1.91501645759141866E+02));
|   |   |   |   |   |   #18754=CARTESIAN_POINT('Ctrl Pnt',(-5.41178276562632254E+03,-1.07884377453757565E+02,1.91501645759143798E+02));
|   |   |   |   |   |   #18755=CARTESIAN_POINT('Ctrl Pnt',(-5.41484539060617499E+03,-1.28020516331698218E+02,1.91501645759143031E+02));
|   |   |   |   |   |   #18756=CARTESIAN_POINT('Ctrl Pnt',(-5.41521266753153668E+03,-1.47115384617546596E+02,1.91501645759143173E+02));
|   |   |   |   |   |   #18757=CARTESIAN_POINT('Ctrl Pnt',(-5.26524040684124884E+03,-1.05266613667785691E+01,1.88092918659949959E+02));
|   |   |   |   |   |   #18758=CARTESIAN_POINT('Ctrl Pnt',(-5.28299852436458605E+03,-1.05266613669371552E+01,1.88092918659950925E+02));
|   |   |   |   |   |   #18759=CARTESIAN_POINT('Ctrl Pnt',(-5.30177285546422263E+03,-1.30137733497213759E+01,1.88092918659945980E+02));
|   |   |   |   |   |   #18760=CARTESIAN_POINT('Ctrl Pnt',(-5.32108001244330080E+03,-1.84619502134802467E+01,1.88092918659959565E+02));
|   |   |   |   |   |   #18761=CARTESIAN_POINT('Ctrl Pnt',(-5.34019922754638901E+03,-2.72482256786475148E+01,1.88092918659933133E+02));
|   |   |   |   |   |   #18762=CARTESIAN_POINT('Ctrl Pnt',(-5.35818488087069636E+03,-3.94882458538900636E+01,1.88092918659972327E+02));
|   |   |   |   |   |   #18763=CARTESIAN_POINT('Ctrl Pnt',(-5.37394433050099906E+03,-5.49474879972926189E+01,1.88092918659926880E+02));
|   |   |   |   |   |   #18764=CARTESIAN_POINT('Ctrl Pnt',(-5.38652796509795553E+03,-7.26944302613634505E+01,1.88092918659968348E+02));
|   |   |   |   |   |   #18765=CARTESIAN_POINT('Ctrl Pnt',(-5.39568029294508324E+03,-9.16411428438869962E+01,1.88092918659938903E+02));
|   |   |   |   |   |   #18766=CARTESIAN_POINT('Ctrl Pnt',(-5.40149875376670479E+03,-1.10839956750534867E+02,1.88092918659954705E+02));
|   |   |   |   |   |   #18767=CARTESIAN_POINT('Ctrl Pnt',(-5.40434645064062897E+03,-1.29562986867677523E+02,1.88092918659948793E+02));
|   |   |   |   |   |   #18768=CARTESIAN_POINT('Ctrl Pnt',(-5.40468795290066555E+03,-1.47317820411790365E+02,1.88092918659949959E+02));
|   |   |   |   |   |   #18769=CARTESIAN_POINT('Ctrl Pnt',(-5.26524040684066495E+03,-1.68499999999998735E+01,1.79639012134705581E+02));
|   |   |   |   |   |   #18770=CARTESIAN_POINT('Ctrl Pnt',(-5.28219342002155827E+03,-1.68500000000838632E+01,1.79639012134705837E+02));
|   |   |   |   |   |   #18771=CARTESIAN_POINT('Ctrl Pnt',(-5.30011657444243519E+03,-1.92243531470241678E+01,1.79639012134704586E+02));
|   |   |   |   |   |   #18772=CARTESIAN_POINT('Ctrl Pnt',(-5.31854839787880610E+03,-2.44255246146880829E+01,1.79639012134708025E+02));
|   |   |   |   |   |   #18773=CARTESIAN_POINT('Ctrl Pnt',(-5.33680080020834066E+03,-3.28134544487490700E+01,1.79639012134701403E+02));
|   |   |   |   |   |   #18774=CARTESIAN_POINT('Ctrl Pnt',(-5.35397103334117674E+03,-4.44985456804890589E+01,1.79639012134710782E+02));
|   |   |   |   |   |   #18775=CARTESIAN_POINT('Ctrl Pnt',(-5.36901599274946057E+03,-5.92569081858786006E+01,1.79639012134700863E+02));
|   |   |   |   |   |   #18776=CARTESIAN_POINT('Ctrl Pnt',(-5.38102911986766412E+03,-7.61992527630763448E+01,1.79639012134708764E+02));
|   |   |   |   |   |   #18777=CARTESIAN_POINT('Ctrl Pnt',(-5.38976650627279651E+03,-9.42869733631588645E+01,1.79639012134703904E+02));
|   |   |   |   |   |   #18778=CARTESIAN_POINT('Ctrl Pnt',(-5.39532117403942448E+03,-1.12615365704796261E+02,1.79639012134706292E+02));
|   |   |   |   |   |   #18779=CARTESIAN_POINT('Ctrl Pnt',(-5.39803976414767385E+03,-1.30489544988997608E+02,1.79639012134705439E+02));
|   |   |   |   |   |   #18780=CARTESIAN_POINT('Ctrl Pnt',(-5.39836578363196259E+03,-1.47439423077277013E+02,1.79639012134705581E+02));
|   |   |   |   |   |   #18781=CARTESIAN_POINT('Ctrl Pnt',(-5.26524040684000011E+03,-1.68500000000000014E+01,1.70000000000000057E+02));
|   |   |   |   |   |   #18782=CARTESIAN_POINT('Ctrl Pnt',(-5.28219342002089616E+03,-1.68500000000003034E+01,1.70000000000000057E+02));
|   |   |   |   |   |   #18783=CARTESIAN_POINT('Ctrl Pnt',(-5.30011657444177672E+03,-1.92243531468464433E+01,1.70000000000000057E+02));
|   |   |   |   |   |   #18784=CARTESIAN_POINT('Ctrl Pnt',(-5.31854839787817946E+03,-2.44255246144282943E+01,170.0));
|   |   |   |   |   |   #18785=CARTESIAN_POINT('Ctrl Pnt',(-5.33680080020777041E+03,-3.28134544483867856E+01,1.70000000000000085E+02));
|   |   |   |   |   |   #18786=CARTESIAN_POINT('Ctrl Pnt',(-5.35397103334062649E+03,-4.44985456800419854E+01,1.70000000000000057E+02));
|   |   |   |   |   |   #18787=CARTESIAN_POINT('Ctrl Pnt',(-5.36901599274902765E+03,-5.92569081853758775E+01,1.70000000000000142E+02));
|   |   |   |   |   |   #18788=CARTESIAN_POINT('Ctrl Pnt',(-5.38102911986728031E+03,-7.61992527624773004E+01,1.69999999999999915E+02));
|   |   |   |   |   |   #18789=CARTESIAN_POINT('Ctrl Pnt',(-5.38976650627252911E+03,-9.42869733625535105E+01,1.70000000000000142E+02));
|   |   |   |   |   |   #18790=CARTESIAN_POINT('Ctrl Pnt',(-5.39532117403923166E+03,-1.12615365704137886E+02,1.70000000000000057E+02));
|   |   |   |   |   |   #18791=CARTESIAN_POINT('Ctrl Pnt',(-5.39803976414757835E+03,-1.30489544988336746E+02,1.70000000000000057E+02));
|   |   |   |   |   |   #18792=CARTESIAN_POINT('Ctrl Pnt',(-5.39836578363194985E+03,-1.47439423076612030E+02,1.70000000000000057E+02));
|   |   |   #18813=ADVANCED_FACE('',(#18822),#18819,.F.);
|   |   |   |   #18822=FACE_OUTER_BOUND('',#18823,.F.);
|   |   |   |   |   #18823=EDGE_LOOP('',(#18824,#18832,#18833,#18841));
|   |   |   |   |   |   #18824=ORIENTED_EDGE('',*,*,#18825,.F.);
|   |   |   |   |   |   |   #18825=EDGE_CURVE('',#18415,#18826,#18828,.T.);
|   |   |   |   |   |   |   |   #18415=VERTEX_POINT('',#18416);
|   |   |   |   |   |   |   |   |   #18416=CARTESIAN_POINT('',(-6.23264717188834038E+03,-1.11732955880894997E+03,170.0));
|   |   |   |   |   |   |   |   #18826=VERTEX_POINT('',#18827);
|   |   |   |   |   |   |   |   |   #18827=CARTESIAN_POINT('',(-6.30417577265067030E+03,-9.20806343339153045E+02,170.0));
|   |   |   |   |   |   |   |   #18828=LINE('',#18829,#18830);
|   |   |   |   |   |   |   |   |   #18829=CARTESIAN_POINT('',(-6.23264717188820032E+03,-1.11732955880933969E+03,1.70000000000000057E+02));
|   |   |   |   |   |   |   |   |   #18830=VECTOR('',#18831,1.0);
|   |   |   |   |   |   |   |   |   |   #18831=DIRECTION('',(-3.42020143279126276E-01,9.39692620802848433E-01,0.0));
|   |   |   |   |   |   #18832=ORIENTED_EDGE('',*,*,#18423,.T.);
|   |   |   |   |   |   |   #18423=EDGE_CURVE('',#18415,#18424,#18426,.T.);
|   |   |   |   |   |   |   |   #18415=VERTEX_POINT('',#18416);
|   |   |   |   |   |   |   |   |   #18416=CARTESIAN_POINT('',(-6.23264717188834038E+03,-1.11732955880894997E+03,170.0));
|   |   |   |   |   |   |   |   #18424=VERTEX_POINT('',#18425);
|   |   |   |   |   |   |   |   |   #18425=CARTESIAN_POINT('',(-6.20146873806910025E+03,-1.10598153699274008E+03,1.65843881789557997E+02));
|   |   |   |   |   |   |   |   #18426=CIRCLE('',#18427,1.68500000000000014E+01);
|   |   |   |   |   |   |   |   |   #18427=AXIS2_PLACEMENT_3D('',#18428,#18429,#18430);
|   |   |   |   |   |   |   |   |   |   #18428=CARTESIAN_POINT('',(-6.21681335122087330E+03,-1.11156651941377208E+03,170.0));
|   |   |   |   |   |   |   |   |   |   #18429=DIRECTION('',(3.42020143537720034E-01,-9.39692620708728055E-01,0.0));
|   |   |   |   |   |   |   |   |   |   #18430=DIRECTION('',(-9.39692620708728055E-01,-3.42020143537720034E-01,0.0));
|   |   |   |   |   |   #18833=ORIENTED_EDGE('',*,*,#18834,.T.);
|   |   |   |   |   |   |   #18834=EDGE_CURVE('',#18424,#18835,#18837,.T.);
|   |   |   |   |   |   |   |   #18424=VERTEX_POINT('',#18425);
|   |   |   |   |   |   |   |   |   #18425=CARTESIAN_POINT('',(-6.20146873806910025E+03,-1.10598153699274008E+03,1.65843881789557997E+02));
|   |   |   |   |   |   |   |   #18835=VERTEX_POINT('',#18836);
|   |   |   |   |   |   |   |   |   #18836=CARTESIAN_POINT('',(-6.27299733883142017E+03,-9.09458321522952019E+02,1.65843881789558992E+02));
|   |   |   |   |   |   |   |   #18837=LINE('',#18838,#18839);
|   |   |   |   |   |   |   |   |   #18838=CARTESIAN_POINT('',(-6.20146873806909571E+03,-1.10598153699274440E+03,1.65843881789558367E+02));
|   |   |   |   |   |   |   |   |   #18839=VECTOR('',#18840,1.0);
|   |   |   |   |   |   |   |   |   |   #18840=DIRECTION('',(-3.42020143279126276E-01,9.39692620802848433E-01,0.0));
|   |   |   |   |   |   #18841=ORIENTED_EDGE('',*,*,#18842,.F.);
|   |   |   |   |   |   |   #18842=EDGE_CURVE('',#18826,#18835,#18843,.T.);
|   |   |   |   |   |   |   |   #18826=VERTEX_POINT('',#18827);
|   |   |   |   |   |   |   |   |   #18827=CARTESIAN_POINT('',(-6.30417577265067030E+03,-9.20806343339153045E+02,170.0));
|   |   |   |   |   |   |   |   #18835=VERTEX_POINT('',#18836);
|   |   |   |   |   |   |   |   |   #18836=CARTESIAN_POINT('',(-6.27299733883142017E+03,-9.09458321522952019E+02,1.65843881789558992E+02));
|   |   |   |   |   |   |   |   #18843=CIRCLE('',#18844,1.68500000000000014E+01);
|   |   |   |   |   |   |   |   |   #18844=AXIS2_PLACEMENT_3D('',#18845,#18846,#18847);
|   |   |   |   |   |   |   |   |   |   #18845=CARTESIAN_POINT('',(-6.28834195198314319E+03,-9.15043303943958790E+02,170.0));
|   |   |   |   |   |   |   |   |   |   #18846=DIRECTION('',(3.42020142122826554E-01,-9.39692621223707225E-01,6.90002352041150823E-11));
|   |   |   |   |   |   |   |   |   |   #18847=DIRECTION('',(2.35994702510198951E-11,-6.48390118840072196E-11,-1.0));
|   |   |   |   #18819=SURFACE_OF_LINEAR_EXTRUSION('',#18814,#18820);
|   |   |   |   |   #18814=CIRCLE('',#18815,1.68500000000000014E+01);
|   |   |   |   |   |   #18815=AXIS2_PLACEMENT_3D('',#18816,#18817,#18818);
|   |   |   |   |   |   |   #18816=CARTESIAN_POINT('',(-6.21681335122087148E+03,-1.11156651941377163E+03,170.0));
|   |   |   |   |   |   |   #18817=DIRECTION('',(3.42020142122826554E-01,-9.39692621223707225E-01,6.90002352041150823E-11));
|   |   |   |   |   |   |   #18818=DIRECTION('',(2.35994702510198951E-11,-6.48390118840072196E-11,-1.0));
|   |   |   |   |   #18820=VECTOR('',#18821,1.0);
|   |   |   |   |   |   #18821=DIRECTION('',(-3.42020143279126276E-01,9.39692620802848433E-01,0.0));
|   |   |   #18848=ADVANCED_FACE('',(#18857),#18854,.F.);
|   |   |   |   #18857=FACE_OUTER_BOUND('',#18858,.F.);
|   |   |   |   |   #18858=EDGE_LOOP('',(#18859,#18860,#18861,#18869));
|   |   |   |   |   |   #18859=ORIENTED_EDGE('',*,*,#18834,.F.);
|   |   |   |   |   |   |   #18834=EDGE_CURVE('',#18424,#18835,#18837,.T.);
|   |   |   |   |   |   |   |   #18424=VERTEX_POINT('',#18425);
|   |   |   |   |   |   |   |   |   #18425=CARTESIAN_POINT('',(-6.20146873806910025E+03,-1.10598153699274008E+03,1.65843881789557997E+02));
|   |   |   |   |   |   |   |   #18835=VERTEX_POINT('',#18836);
|   |   |   |   |   |   |   |   |   #18836=CARTESIAN_POINT('',(-6.27299733883142017E+03,-9.09458321522952019E+02,1.65843881789558992E+02));
|   |   |   |   |   |   |   |   #18837=LINE('',#18838,#18839);
|   |   |   |   |   |   |   |   |   #18838=CARTESIAN_POINT('',(-6.20146873806909571E+03,-1.10598153699274440E+03,1.65843881789558367E+02));
|   |   |   |   |   |   |   |   |   #18839=VECTOR('',#18840,1.0);
|   |   |   |   |   |   |   |   |   |   #18840=DIRECTION('',(-3.42020143279126276E-01,9.39692620802848433E-01,0.0));
|   |   |   |   |   |   #18860=ORIENTED_EDGE('',*,*,#18432,.T.);
|   |   |   |   |   |   |   #18432=EDGE_CURVE('',#18424,#18433,#18435,.T.);
|   |   |   |   |   |   |   |   #18424=VERTEX_POINT('',#18425);
|   |   |   |   |   |   |   |   |   #18425=CARTESIAN_POINT('',(-6.20146873806910025E+03,-1.10598153699274008E+03,1.65843881789557997E+02));
|   |   |   |   |   |   |   |   #18433=VERTEX_POINT('',#18434);
|   |   |   |   |   |   |   |   |   #18434=CARTESIAN_POINT('',(-6.20097953055310973E+03,-1.10580348001940001E+03,1.70000000090731987E+02));
|   |   |   |   |   |   |   |   #18435=CIRCLE('',#18436,1.68500000000000014E+01);
|   |   |   |   |   |   |   |   |   #18436=AXIS2_PLACEMENT_3D('',#18437,#18438,#18439);
|   |   |   |   |   |   |   |   |   |   #18437=CARTESIAN_POINT('',(-6.21681335122087330E+03,-1.11156651941377208E+03,170.0));
|   |   |   |   |   |   |   |   |   |   #18438=DIRECTION('',(3.42020143537720034E-01,-9.39692620708728055E-01,0.0));
|   |   |   |   |   |   |   |   |   |   #18439=DIRECTION('',(-9.39692620708728055E-01,-3.42020143537720034E-01,0.0));
|   |   |   |   |   |   #18861=ORIENTED_EDGE('',*,*,#18862,.T.);
|   |   |   |   |   |   |   #18862=EDGE_CURVE('',#18433,#18863,#18865,.T.);
|   |   |   |   |   |   |   |   #18433=VERTEX_POINT('',#18434);
|   |   |   |   |   |   |   |   |   #18434=CARTESIAN_POINT('',(-6.20097953055310973E+03,-1.10580348001940001E+03,1.70000000090731987E+02));
|   |   |   |   |   |   |   |   #18863=VERTEX_POINT('',#18864);
|   |   |   |   |   |   |   |   |   #18864=CARTESIAN_POINT('',(-6.27250813131543964E+03,-9.09280264549609001E+02,1.70000000090731987E+02));
|   |   |   |   |   |   |   |   #18865=LINE('',#18866,#18867);
|   |   |   |   |   |   |   |   |   #18866=CARTESIAN_POINT('',(-6.20097953055296057E+03,-1.10580348001980065E+03,1.70000000090732016E+02));
|   |   |   |   |   |   |   |   |   #18867=VECTOR('',#18868,1.0);
|   |   |   |   |   |   |   |   |   |   #18868=DIRECTION('',(-3.42020143279126276E-01,9.39692620802848433E-01,0.0));
|   |   |   |   |   |   #18869=ORIENTED_EDGE('',*,*,#18870,.F.);
|   |   |   |   |   |   |   #18870=EDGE_CURVE('',#18835,#18863,#18871,.T.);
|   |   |   |   |   |   |   |   #18835=VERTEX_POINT('',#18836);
|   |   |   |   |   |   |   |   |   #18836=CARTESIAN_POINT('',(-6.27299733883142017E+03,-9.09458321522952019E+02,1.65843881789558992E+02));
|   |   |   |   |   |   |   |   #18863=VERTEX_POINT('',#18864);
|   |   |   |   |   |   |   |   |   #18864=CARTESIAN_POINT('',(-6.27250813131543964E+03,-9.09280264549609001E+02,1.70000000090731987E+02));
|   |   |   |   |   |   |   |   #18871=CIRCLE('',#18872,1.68500000000000014E+01);
|   |   |   |   |   |   |   |   |   #18872=AXIS2_PLACEMENT_3D('',#18873,#18874,#18875);
|   |   |   |   |   |   |   |   |   |   #18873=CARTESIAN_POINT('',(-6.28834195198314319E+03,-9.15043303943958790E+02,170.0));
|   |   |   |   |   |   |   |   |   |   #18874=DIRECTION('',(3.42020142122826554E-01,-9.39692621223707225E-01,6.90002352041150823E-11));
|   |   |   |   |   |   |   |   |   |   #18875=DIRECTION('',(2.35994702510198951E-11,-6.48390118840072196E-11,-1.0));
|   |   |   |   #18854=SURFACE_OF_LINEAR_EXTRUSION('',#18849,#18855);
|   |   |   |   |   #18849=CIRCLE('',#18850,1.68500000000000014E+01);
|   |   |   |   |   |   #18850=AXIS2_PLACEMENT_3D('',#18851,#18852,#18853);
|   |   |   |   |   |   |   #18851=CARTESIAN_POINT('',(-6.21681335122087148E+03,-1.11156651941377163E+03,170.0));
|   |   |   |   |   |   |   #18852=DIRECTION('',(3.42020142122826554E-01,-9.39692621223707225E-01,6.90002352041150823E-11));
|   |   |   |   |   |   |   #18853=DIRECTION('',(2.35994702510198951E-11,-6.48390118840072196E-11,-1.0));
|   |   |   |   |   #18855=VECTOR('',#18856,1.0);
|   |   |   |   |   |   #18856=DIRECTION('',(-3.42020143279126276E-01,9.39692620802848433E-01,0.0));
|   |   |   #18876=ADVANCED_FACE('',(#18885),#18882,.F.);
|   |   |   |   #18885=FACE_OUTER_BOUND('',#18886,.F.);
|   |   |   |   |   #18886=EDGE_LOOP('',(#18887,#18888,#18889,#18890));
|   |   |   |   |   |   #18887=ORIENTED_EDGE('',*,*,#18862,.F.);
|   |   |   |   |   |   |   #18862=EDGE_CURVE('',#18433,#18863,#18865,.T.);
|   |   |   |   |   |   |   |   #18433=VERTEX_POINT('',#18434);
|   |   |   |   |   |   |   |   |   #18434=CARTESIAN_POINT('',(-6.20097953055310973E+03,-1.10580348001940001E+03,1.70000000090731987E+02));
|   |   |   |   |   |   |   |   #18863=VERTEX_POINT('',#18864);
|   |   |   |   |   |   |   |   |   #18864=CARTESIAN_POINT('',(-6.27250813131543964E+03,-9.09280264549609001E+02,1.70000000090731987E+02));
|   |   |   |   |   |   |   |   #18865=LINE('',#18866,#18867);
|   |   |   |   |   |   |   |   |   #18866=CARTESIAN_POINT('',(-6.20097953055296057E+03,-1.10580348001980065E+03,1.70000000090732016E+02));
|   |   |   |   |   |   |   |   |   #18867=VECTOR('',#18868,1.0);
|   |   |   |   |   |   |   |   |   |   #18868=DIRECTION('',(-3.42020143279126276E-01,9.39692620802848433E-01,0.0));
|   |   |   |   |   |   #18888=ORIENTED_EDGE('',*,*,#18441,.T.);
|   |   |   |   |   |   |   #18441=EDGE_CURVE('',#18433,#18415,#18442,.T.);
|   |   |   |   |   |   |   |   #18433=VERTEX_POINT('',#18434);
|   |   |   |   |   |   |   |   |   #18434=CARTESIAN_POINT('',(-6.20097953055310973E+03,-1.10580348001940001E+03,1.70000000090731987E+02));
|   |   |   |   |   |   |   |   #18415=VERTEX_POINT('',#18416);
|   |   |   |   |   |   |   |   |   #18416=CARTESIAN_POINT('',(-6.23264717188834038E+03,-1.11732955880894997E+03,170.0));
|   |   |   |   |   |   |   |   #18442=CIRCLE('',#18443,1.68500000000000014E+01);
|   |   |   |   |   |   |   |   |   #18443=AXIS2_PLACEMENT_3D('',#18444,#18445,#18446);
|   |   |   |   |   |   |   |   |   |   #18444=CARTESIAN_POINT('',(-6.21681335122058226E+03,-1.11156651941457062E+03,170.0));
|   |   |   |   |   |   |   |   |   |   #18445=DIRECTION('',(3.42020143545706701E-01,-9.39692620705821158E-01,0.0));
|   |   |   |   |   |   |   |   |   |   #18446=DIRECTION('',(-9.39692620705821158E-01,-3.42020143545706701E-01,0.0));
|   |   |   |   |   |   #18889=ORIENTED_EDGE('',*,*,#18825,.T.);
|   |   |   |   |   |   |   #18825=EDGE_CURVE('',#18415,#18826,#18828,.T.);
|   |   |   |   |   |   |   |   #18415=VERTEX_POINT('',#18416);
|   |   |   |   |   |   |   |   |   #18416=CARTESIAN_POINT('',(-6.23264717188834038E+03,-1.11732955880894997E+03,170.0));
|   |   |   |   |   |   |   |   #18826=VERTEX_POINT('',#18827);
|   |   |   |   |   |   |   |   |   #18827=CARTESIAN_POINT('',(-6.30417577265067030E+03,-9.20806343339153045E+02,170.0));
|   |   |   |   |   |   |   |   #18828=LINE('',#18829,#18830);
|   |   |   |   |   |   |   |   |   #18829=CARTESIAN_POINT('',(-6.23264717188820032E+03,-1.11732955880933969E+03,1.70000000000000057E+02));
|   |   |   |   |   |   |   |   |   #18830=VECTOR('',#18831,1.0);
|   |   |   |   |   |   |   |   |   |   #18831=DIRECTION('',(-3.42020143279126276E-01,9.39692620802848433E-01,0.0));
|   |   |   |   |   |   #18890=ORIENTED_EDGE('',*,*,#18891,.F.);
|   |   |   |   |   |   |   #18891=EDGE_CURVE('',#18863,#18826,#18892,.T.);
|   |   |   |   |   |   |   |   #18863=VERTEX_POINT('',#18864);
|   |   |   |   |   |   |   |   |   #18864=CARTESIAN_POINT('',(-6.27250813131543964E+03,-9.09280264549609001E+02,1.70000000090731987E+02));
|   |   |   |   |   |   |   |   #18826=VERTEX_POINT('',#18827);
|   |   |   |   |   |   |   |   |   #18827=CARTESIAN_POINT('',(-6.30417577265067030E+03,-9.20806343339153045E+02,170.0));
|   |   |   |   |   |   |   |   #18892=CIRCLE('',#18893,1.68500000000000014E+01);
|   |   |   |   |   |   |   |   |   #18893=AXIS2_PLACEMENT_3D('',#18894,#18895,#18896);
|   |   |   |   |   |   |   |   |   |   #18894=CARTESIAN_POINT('',(-6.28834195198285215E+03,-9.15043303944757326E+02,170.0));
|   |   |   |   |   |   |   |   |   |   #18895=DIRECTION('',(3.42020142122826554E-01,-9.39692621223707225E-01,6.90002352041150823E-11));
|   |   |   |   |   |   |   |   |   |   #18896=DIRECTION('',(2.35994702510198951E-11,-6.48390118840072196E-11,-1.0));
|   |   |   |   #18882=SURFACE_OF_LINEAR_EXTRUSION('',#18877,#18883);
|   |   |   |   |   #18877=CIRCLE('',#18878,1.68500000000000014E+01);
|   |   |   |   |   |   #18878=AXIS2_PLACEMENT_3D('',#18879,#18880,#18881);
|   |   |   |   |   |   |   #18879=CARTESIAN_POINT('',(-6.21681335122058044E+03,-1.11156651941457017E+03,170.0));
|   |   |   |   |   |   |   #18880=DIRECTION('',(3.42020142122826554E-01,-9.39692621223707225E-01,6.90002352041150823E-11));
|   |   |   |   |   |   |   #18881=DIRECTION('',(2.35994702510198951E-11,-6.48390118840072196E-11,-1.0));
|   |   |   |   |   #18883=VECTOR('',#18884,1.0);
|   |   |   |   |   |   #18884=DIRECTION('',(-3.42020143279126276E-01,9.39692620802848433E-01,0.0));
|   |   |   #18897=ADVANCED_FACE('',(#18977),#18898,.T.);
|   |   |   |   #18977=FACE_OUTER_BOUND('',#18978,.T.);
|   |   |   |   |   #18978=EDGE_LOOP('',(#18979,#18995,#18996,#19012));
|   |   |   |   |   |   #18979=ORIENTED_EDGE('',*,*,#18980,.F.);
|   |   |   |   |   |   |   #18980=EDGE_CURVE('',#18541,#18981,#18983,.T.);
|   |   |   |   |   |   |   |   #18541=VERTEX_POINT('',#18542);
|   |   |   |   |   |   |   |   |   #18542=CARTESIAN_POINT('',(-5.40113527138043992E+03,-1.47386153845823003E+02,170.0));
|   |   |   |   |   |   |   |   #18981=VERTEX_POINT('',#18982);
|   |   |   |   |   |   |   |   |   #18982=CARTESIAN_POINT('',(-6.07480490203234967E+03,-1.18083664092794993E+03,170.0));
|   |   |   |   |   |   |   |   #18983=B_SPLINE_CURVE_WITH_KNOTS('',10,(#18984,#18985,#18986,#18987,#18988,#18989,#18990,#18991,#18992,#18993,#18994),.UNSPECIFIED.,.F.,.F.,(11,11),(0.0,1.0),.UNSPECIFIED.);
|   |   |   |   |   |   |   |   |   #18984=CARTESIAN_POINT('Ctrl Pnt',(-5.40113527138044265E+03,-1.47386153845822150E+02,1.69999999999999972E+02));
|   |   |   |   |   |   |   |   |   #18985=CARTESIAN_POINT('Ctrl Pnt',(-5.40350764277074813E+03,-2.70726652720496531E+02,1.70000000000004235E+02));
|   |   |   |   |   |   |   |   |   #18986=CARTESIAN_POINT('Ctrl Pnt',(-5.42048344393008847E+03,-3.97951890619835069E+02,1.69999999999982379E+02));
|   |   |   |   |   |   |   |   |   #18987=CARTESIAN_POINT('Ctrl Pnt',(-5.45366675170275357E+03,-5.26381956167392332E+02,1.70000000000035527E+02));
|   |   |   |   |   |   |   |   |   #18988=CARTESIAN_POINT('Ctrl Pnt',(-5.50398780365075345E+03,-6.52613953316354923E+02,1.69999999999948443E+02));
|   |   |   |   |   |   |   |   |   #18989=CARTESIAN_POINT('Ctrl Pnt',(-5.57130714267700296E+03,-7.72753045400189649E+02,1.70000000000055906E+02));
|   |   |   |   |   |   |   |   |   #18990=CARTESIAN_POINT('Ctrl Pnt',(-5.65405893805293181E+03,-8.82832267848812194E+02,1.69999999999954582E+02));
|   |   |   |   |   |   |   |   |   #18991=CARTESIAN_POINT('Ctrl Pnt',(-5.74924557728249511E+03,-9.79817983736323413E+02,1.70000000000025921E+02));
|   |   |   |   |   |   |   |   |   #18992=CARTESIAN_POINT('Ctrl Pnt',(-5.85335978439011706E+03,-1.06201071777798393E+03,1.69999999999990109E+02));
|   |   |   |   |   |   |   |   |   #18993=CARTESIAN_POINT('Ctrl Pnt',(-5.96291267379690271E+03,-1.12888824319811556E+03,1.70000000000001990E+02));
|   |   |   |   |   |   |   |   |   #18994=CARTESIAN_POINT('Ctrl Pnt',(-6.07480490218840350E+03,-1.18083664100039937E+03,1.70000000000000057E+02));
|   |   |   |   |   |   #18995=ORIENTED_EDGE('',*,*,#18575,.T.);
|   |   |   |   |   |   |   #18575=EDGE_CURVE('',#18541,#18559,#18576,.T.);
|   |   |   |   |   |   |   |   #18541=VERTEX_POINT('',#18542);
|   |   |   |   |   |   |   |   |   #18542=CARTESIAN_POINT('',(-5.40113527138043992E+03,-1.47386153845823003E+02,170.0));
|   |   |   |   |   |   |   |   #18559=VERTEX_POINT('',#18560);
|   |   |   |   |   |   |   |   |   #18560=CARTESIAN_POINT('',(-5.42885512341504000E+03,-1.46852981169846004E+02,1.66527113091809014E+02));
|   |   |   |   |   |   |   |   #18576=B_SPLINE_CURVE_WITH_KNOTS('',11,(#18577,#18578,#18579,#18580,#18581,#18582,#18583,#18584,#18585,#18586,#18587,#18588),.UNSPECIFIED.,.F.,.F.,(12,12),(4.71238898038469234,7.60475568276043212),.UNSPECIFIED.);
|   |   |   |   |   |   |   |   |   #18577=CARTESIAN_POINT('Ctrl Pnt',(-5.40113527138045993E+03,-1.47386153846690206E+02,1.70000000000000028E+02));
|   |   |   |   |   |   |   |   |   #18578=CARTESIAN_POINT('Ctrl Pnt',(-5.40113527138076643E+03,-1.47386153846389561E+02,1.66298404628814296E+02));
|   |   |   |   |   |   |   |   |   #18579=CARTESIAN_POINT('Ctrl Pnt',(-5.40220552960793611E+03,-1.47365568150119230E+02,1.62595463358191495E+02));
|   |   |   |   |   |   |   |   |   #18580=CARTESIAN_POINT('Ctrl Pnt',(-5.40434732401476958E+03,-1.47324372177753901E+02,1.59237014411876686E+02));
|   |   |   |   |   |   |   |   |   #18581=CARTESIAN_POINT('Ctrl Pnt',(-5.40743497376945015E+03,-1.47264983314565711E+02,1.56568093678620130E+02));
|   |   |   |   |   |   |   |   |   #18582=CARTESIAN_POINT('Ctrl Pnt',(-5.41121872453526430E+03,-1.47192205418350397E+02,1.54878649488263704E+02));
|   |   |   |   |   |   |   |   |   #18583=CARTESIAN_POINT('Ctrl Pnt',(-5.41535416197983977E+03,-1.47112663065041943E+02,1.54360540423933600E+02));
|   |   |   |   |   |   |   |   |   #18584=CARTESIAN_POINT('Ctrl Pnt',(-5.41943763953325833E+03,-1.47034120126119831E+02,1.55064337428048589E+02));
|   |   |   |   |   |   |   |   |   #18585=CARTESIAN_POINT('Ctrl Pnt',(-5.42308807010213422E+03,-1.46963906553670569E+02,1.56889076490857462E+02));
|   |   |   |   |   |   |   |   |   #18586=CARTESIAN_POINT('Ctrl Pnt',(-5.42599191218370197E+03,-1.46908053108153979E+02,1.59615381915890794E+02));
|   |   |   |   |   |   |   |   |   #18587=CARTESIAN_POINT('Ctrl Pnt',(-5.42794227932331341E+03,-1.46870539110584957E+02,1.62939883565371360E+02));
|   |   |   |   |   |   |   |   |   #18588=CARTESIAN_POINT('Ctrl Pnt',(-5.42885512341504182E+03,-1.46852981169846004E+02,1.66527113091808985E+02));
|   |   |   |   |   |   #18996=ORIENTED_EDGE('',*,*,#18997,.T.);
|   |   |   |   |   |   |   #18997=EDGE_CURVE('',#18559,#18998,#19000,.T.);
|   |   |   |   |   |   |   |   #18559=VERTEX_POINT('',#18560);
|   |   |   |   |   |   |   |   |   #18560=CARTESIAN_POINT('',(-5.42885512341504000E+03,-1.46852981169846004E+02,1.66527113091809014E+02));
|   |   |   |   |   |   |   |   #18998=VERTEX_POINT('',#18999);
|   |   |   |   |   |   |   |   |   #18999=CARTESIAN_POINT('',(-6.08647991484909016E+03,-1.15568970183684996E+03,1.66527113091809014E+02));
|   |   |   |   |   |   |   |   #19000=B_SPLINE_CURVE_WITH_KNOTS('',10,(#19001,#19002,#19003,#19004,#19005,#19006,#19007,#19008,#19009,#19010,#19011),.UNSPECIFIED.,.F.,.F.,(11,11),(0.0,1.0),.UNSPECIFIED.);
|   |   |   |   |   |   |   |   |   #19001=CARTESIAN_POINT('Ctrl Pnt',(-5.42885512341504182E+03,-1.46852981169856776E+02,1.66527113091808985E+02));
|   |   |   |   |   |   |   |   |   #19002=CARTESIAN_POINT('Ctrl Pnt',(-5.43117099186114683E+03,-2.67255870290903545E+02,1.66527113091811913E+02));
|   |   |   |   |   |   |   |   |   #19003=CARTESIAN_POINT('Ctrl Pnt',(-5.44774247840043608E+03,-3.91450977615597253E+02,1.66527113074788303E+02));
|   |   |   |   |   |   |   |   |   #19004=CARTESIAN_POINT('Ctrl Pnt',(-5.48013546107075035E+03,-5.16822203379566417E+02,1.66527113125075857E+02));
|   |   |   |   |   |   |   |   |   #19005=CARTESIAN_POINT('Ctrl Pnt',(-5.52925799964886482E+03,-6.40047747281773809E+02,1.66527113069414440E+02));
|   |   |   |   |   |   |   |   |   #19006=CARTESIAN_POINT('Ctrl Pnt',(-5.59497401530521984E+03,-7.57325452551224771E+02,1.66527113100789819E+02));
|   |   |   |   |   |   |   |   |   #19007=CARTESIAN_POINT('Ctrl Pnt',(-5.67575487140275709E+03,-8.64782923927532011E+02,1.66527113069408472E+02));
|   |   |   |   |   |   |   |   |   #19008=CARTESIAN_POINT('Ctrl Pnt',(-5.76867447027449634E+03,-9.59458721322038400E+02,1.66527113125082025E+02));
|   |   |   |   |   |   |   |   |   #19009=CARTESIAN_POINT('Ctrl Pnt',(-5.87030896947687233E+03,-1.03969386416798557E+03,1.66527113074786428E+02));
|   |   |   |   |   |   |   |   |   #19010=CARTESIAN_POINT('Ctrl Pnt',(-5.97725263202782844E+03,-1.10497856290949608E+03,1.66527113091812282E+02));
|   |   |   |   |   |   |   |   |   #19011=CARTESIAN_POINT('Ctrl Pnt',(-6.08647991496778923E+03,-1.15568970189195898E+03,1.66527113091809014E+02));
|   |   |   |   |   |   #19012=ORIENTED_EDGE('',*,*,#19013,.F.);
|   |   |   |   |   |   |   #19013=EDGE_CURVE('',#18981,#18998,#19014,.T.);
|   |   |   |   |   |   |   |   #18981=VERTEX_POINT('',#18982);
|   |   |   |   |   |   |   |   |   #18982=CARTESIAN_POINT('',(-6.07480490203234967E+03,-1.18083664092794993E+03,170.0));
|   |   |   |   |   |   |   |   #18998=VERTEX_POINT('',#18999);
|   |   |   |   |   |   |   |   |   #18999=CARTESIAN_POINT('',(-6.08647991484909016E+03,-1.15568970183684996E+03,1.66527113091809014E+02));
|   |   |   |   |   |   |   |   #19014=B_SPLINE_CURVE_WITH_KNOTS('',6,(#19015,#19016,#19017,#19018,#19019,#19020,#19021),.UNSPECIFIED.,.F.,.F.,(7,7),(4.71238898038469234,7.60475568276043212),.UNSPECIFIED.);
|   |   |   |   |   |   |   |   |   #19015=CARTESIAN_POINT('Ctrl Pnt',(-6.07480490203235058E+03,-1.18083664092794947E+03,1.70000000000000085E+02));
|   |   |   |   |   |   |   |   |   #19016=CARTESIAN_POINT('Ctrl Pnt',(-6.07480490203234876E+03,-1.18083664092794947E+03,1.63213741819471977E+02));
|   |   |   |   |   |   |   |   |   #19017=CARTESIAN_POINT('Ctrl Pnt',(-6.07644687341381814E+03,-1.17729998062896721E+03,1.56430127531992611E+02));
|   |   |   |   |   |   |   |   |   #19018=CARTESIAN_POINT('Ctrl Pnt',(-6.07980784383116134E+03,-1.17006074931513649E+03,1.52441810329733926E+02));
|   |   |   |   |   |   |   |   |   #19019=CARTESIAN_POINT('Ctrl Pnt',(-6.08347922371540517E+03,-1.16215292362123432E+03,1.54338261965802445E+02));
|   |   |   |   |   |   |   |   |   #19020=CARTESIAN_POINT('Ctrl Pnt',(-6.08577505219319755E+03,-1.15720791329865415E+03,1.59950525626689398E+02));
|   |   |   |   |   |   |   |   |   #19021=CARTESIAN_POINT('Ctrl Pnt',(-6.08647991484908562E+03,-1.15568970183684951E+03,1.66527113091808985E+02));
|   |   |   |   #18898=OFFSET_SURFACE('',#18899,2.77000000000000002,.F.);
|   |   |   |   |   #18899=(BOUNDED_SURFACE()B_SPLINE_SURFACE(6,10,((#18900,#18901,#18902,#18903,#18904,#18905,#18906,#18907,#18908,#18909,#18910),(#18911,#18912,#18913,#18914,#18915,#18916,#18917,#18918,#18919,#18920,#18921),(#18922,#18923,#18924,#18925,#18926,#18927,#18928,#18929,#18930,#18931,#18932),(#18933,#18934,#18935,#18936,#18937,#18938,#18939,#18940,#18941,#18942,#18943),(#18944,#18945,#18946,#18947,#18948,#18949,#18950,#18951,#18952,#18953,#18954),(#18955,#18956,#18957,#18958,#18959,#18960,#18961,#18962,#18963,#18964,#18965),(#18966,#18967,#18968,#18969,#18970,#18971,#18972,#18973,#18974,#18975,#18976)),.UNSPECIFIED.,.F.,.F.,.F.)B_SPLINE_SURFACE_WITH_KNOTS((7,7),(11,11),(4.71238898038469234,7.60475568276043212),(0.0,1.0),.UNSPECIFIED.)SURFACE()GEOMETRIC_REPRESENTATION_ITEM()RATIONAL_B_SPLINE_SURFACE(((1.11111692235743154,1.11111692235743931,1.11111692235739867,1.11111692235749548,1.11111692235733717,1.11111692235754411,1.11111692235732695,1.11111692235750059,1.11111692235740267,1.11111692235743753,1.11111692235743154),(1.03152845521558367,1.03152845521561032,1.03152845521547976,1.03152845521580083,1.03152845521526881,1.03152845521592118,1.03152845521531455,1.03152845521573822,1.03152845521552416,1.03152845521559611,1.03152845521558367),(9.93290744530883729E-01,9.93290744530897496E-01,9.93290744530829883E-01,9.93290744530988423E-01,9.93290744530740066E-01,9.93290744531036829E-01,9.93290744530755609E-01,9.93290744530965553E-01,9.93290744530847203E-01,9.93290744530892389E-01,9.93290744530883729E-01),(9.80035117838579328E-01,9.80035117838592096E-01,9.80035117838530923E-01,9.80035117838671033E-01,9.80035117838458092E-01,9.80035117838698344E-01,9.80035117838493175E-01,9.80035117838621850E-01,9.80035117838566339E-01,9.80035117838581327E-01,9.80035117838579328E-01),(9.93290744530886949E-01,9.93290744530904379E-01,9.93290744530817449E-01,9.93290744531030834E-01,9.93290744530675451E-01,9.93290744531120762E-01,9.93290744530693437E-01,9.93290744531002079E-01,9.93290744530841652E-01,9.93290744530896275E-01,9.93290744530886949E-01),(1.03152845521558190,1.03152845521562364,1.03152845521541359,1.03152845521595560,1.03152845521500369,1.03152845521624092,1.03152845521502323,1.03152845521592540,1.03152845521543868,1.03152845521561498,1.03152845521558190),(1.11111692235743131,1.11111692235744841,1.11111692235736359,1.11111692235756521,1.11111692235724724,1.11111692235762316,1.11111692235727655,1.11111692235752324,1.11111692235739468,1.11111692235743931,1.11111692235743131)))REPRESENTATION_ITEM(''));
|   |   |   |   |   |   #18900=CARTESIAN_POINT('Ctrl Pnt',(-5.39836578363196622E+03,-1.47439423077461925E+02,1.69999999999999943E+02));
|   |   |   |   |   |   #18901=CARTESIAN_POINT('Ctrl Pnt',(-5.40074380022607329E+03,-2.71073418259814787E+02,1.69999999999999943E+02));
|   |   |   |   |   |   #18902=CARTESIAN_POINT('Ctrl Pnt',(-5.41775999598430190E+03,-3.98601397624826234E+02,1.69999999999999943E+02));
|   |   |   |   |   |   #18903=CARTESIAN_POINT('Ctrl Pnt',(-5.45102226762951977E+03,-5.27337064519221485E+02,1.69999999999999943E+02));
|   |   |   |   |   |   #18904=CARTESIAN_POINT('Ctrl Pnt',(-5.50146305484085497E+03,-6.53869450602624397E+02,1.70000000000000028E+02));
|   |   |   |   |   |   #18905=CARTESIAN_POINT('Ctrl Pnt',(-5.56894259792071534E+03,-7.74294408061347326E+02,1.69999999999999801E+02));
|   |   |   |   |   |   #18906=CARTESIAN_POINT('Ctrl Pnt',(-5.65189128893921315E+03,-8.84635577946141211E+02,1.69999999999999943E+02));
|   |   |   |   |   |   #18907=CARTESIAN_POINT('Ctrl Pnt',(-5.74730444446483398E+03,-9.81852076006339644E+02,170.0));
|   |   |   |   |   |   #18908=CARTESIAN_POINT('Ctrl Pnt',(-5.85166639147328078E+03,-1.06424039230393805E+03,1.69999999999999943E+02));
|   |   |   |   |   |   #18909=CARTESIAN_POINT('Ctrl Pnt',(-5.96147996995110043E+03,-1.13127705705467883E+03,1.69999999999999943E+02));
|   |   |   |   |   |   #18910=CARTESIAN_POINT('Ctrl Pnt',(-6.07363845278626104E+03,-1.18334906926648819E+03,1.69999999999999943E+02));
|   |   |   |   |   |   #18911=CARTESIAN_POINT('Ctrl Pnt',(-5.39836578363195440E+03,-1.47439423076858475E+02,1.61252052301375358E+02));
|   |   |   |   |   |   #18912=CARTESIAN_POINT('Ctrl Pnt',(-5.40074380022600235E+03,-2.71073418259223729E+02,1.61252052301375414E+02));
|   |   |   |   |   |   #18913=CARTESIAN_POINT('Ctrl Pnt',(-5.41775999598414364E+03,-3.98601397624198285E+02,1.61252052301375159E+02));
|   |   |   |   |   |   #18914=CARTESIAN_POINT('Ctrl Pnt',(-5.45102226762934970E+03,-5.27337064518704210E+02,1.61252052301375727E+02));
|   |   |   |   |   |   #18915=CARTESIAN_POINT('Ctrl Pnt',(-5.50146305484053210E+03,-6.53869450602012307E+02,1.61252052301374988E+02));
|   |   |   |   |   |   #18916=CARTESIAN_POINT('Ctrl Pnt',(-5.56894259792042067E+03,-7.74294408060873366E+02,1.61252052301375528E+02));
|   |   |   |   |   |   #18917=CARTESIAN_POINT('Ctrl Pnt',(-5.65189128893880297E+03,-8.84635577945652699E+02,1.61252052301375244E+02));
|   |   |   |   |   |   #18918=CARTESIAN_POINT('Ctrl Pnt',(-5.74730444446438833E+03,-9.81852076005918889E+02,1.61252052301375386E+02));
|   |   |   |   |   |   #18919=CARTESIAN_POINT('Ctrl Pnt',(-5.85166639147280148E+03,-1.06424039230356971E+03,1.61252052301375386E+02));
|   |   |   |   |   |   #18920=CARTESIAN_POINT('Ctrl Pnt',(-5.96147996995057747E+03,-1.13127705705436665E+03,1.61252052301375329E+02));
|   |   |   |   |   |   #18921=CARTESIAN_POINT('Ctrl Pnt',(-6.07363845278571353E+03,-1.18334906926623398E+03,1.61252052301375358E+02));
|   |   |   |   |   |   #18922=CARTESIAN_POINT('Ctrl Pnt',(-5.40361917372145763E+03,-1.47338377657624960E+02,1.53385696596837704E+02));
|   |   |   |   |   |   #18923=CARTESIAN_POINT('Ctrl Pnt',(-5.40598648203290668E+03,-2.70415645121982152E+02,1.53385696596837732E+02));
|   |   |   |   |   |   #18924=CARTESIAN_POINT('Ctrl Pnt',(-5.42292605333330721E+03,-3.97369362037368035E+02,1.53385696596837647E+02));
|   |   |   |   |   |   #18925=CARTESIAN_POINT('Ctrl Pnt',(-5.45603854393671463E+03,-5.25525328227704676E+02,1.53385696596837732E+02));
|   |   |   |   |   |   #18926=CARTESIAN_POINT('Ctrl Pnt',(-5.50625219471737000E+03,-6.51487935049015618E+02,1.53385696596837818E+02));
|   |   |   |   |   |   #18927=CARTESIAN_POINT('Ctrl Pnt',(-5.57342787532003240E+03,-7.71370615186202258E+02,1.53385696596837647E+02));
|   |   |   |   |   |   #18928=CARTESIAN_POINT('Ctrl Pnt',(-5.65600304580796364E+03,-8.81214915358128337E+02,1.53385696596837391E+02));
|   |   |   |   |   |   #18929=CARTESIAN_POINT('Ctrl Pnt',(-5.75098655293246975E+03,-9.77993644509880596E+02,1.53385696596838216E+02));
|   |   |   |   |   |   #18930=CARTESIAN_POINT('Ctrl Pnt',(-5.85487855485398723E+03,-1.06001096366197044E+03,1.53385696596837363E+02));
|   |   |   |   |   |   #18931=CARTESIAN_POINT('Ctrl Pnt',(-5.96419763937915741E+03,-1.12674576023054487E+03,1.53385696596837818E+02));
|   |   |   |   |   |   #18932=CARTESIAN_POINT('Ctrl Pnt',(-6.07585106908457783E+03,-1.17858329055512741E+03,1.53385696596837704E+02));
|   |   |   |   |   |   #18933=CARTESIAN_POINT('Ctrl Pnt',(-5.41263747754235465E+03,-1.47164916659798678E+02,1.49437770913532859E+02));
|   |   |   |   |   |   #18934=CARTESIAN_POINT('Ctrl Pnt',(-5.41498640333435651E+03,-2.69286469886138718E+02,1.49437770913532745E+02));
|   |   |   |   |   |   #18935=CARTESIAN_POINT('Ctrl Pnt',(-5.43179443621328573E+03,-3.95254371327009210E+02,1.49437770913533257E+02));
|   |   |   |   |   |   #18936=CARTESIAN_POINT('Ctrl Pnt',(-5.46464980314648710E+03,-5.22415186389193536E+02,1.49437770913531836E+02));
|   |   |   |   |   |   #18937=CARTESIAN_POINT('Ctrl Pnt',(-5.51447353707256207E+03,-6.47399673860860958E+02,1.49437770913534592E+02));
|   |   |   |   |   |   #18938=CARTESIAN_POINT('Ctrl Pnt',(-5.58112758800533538E+03,-7.66351446230606030E+02,1.49437770913530841E+02));
|   |   |   |   |   |   #18939=CARTESIAN_POINT('Ctrl Pnt',(-5.66306154937498377E+03,-8.75342788225772892E+02,1.49437770913534337E+02));
|   |   |   |   |   |   #18940=CARTESIAN_POINT('Ctrl Pnt',(-5.75730749470596948E+03,-9.71370015404233868E+02,1.49437770913532091E+02));
|   |   |   |   |   |   #18941=CARTESIAN_POINT('Ctrl Pnt',(-5.86039275897800690E+03,-1.05275045724094707E+03,1.49437770913533143E+02));
|   |   |   |   |   |   #18942=CARTESIAN_POINT('Ctrl Pnt',(-5.96886296370822856E+03,-1.11896704767318624E+03,1.49437770913532802E+02));
|   |   |   |   |   |   #18943=CARTESIAN_POINT('Ctrl Pnt',(-6.07964938706313569E+03,-1.17040205146452922E+03,1.49437770913532859E+02));
|   |   |   |   |   |   #18944=CARTESIAN_POINT('Ctrl Pnt',(-5.42235073973690487E+03,-1.46978088606294477E+02,1.51038908803605551E+02));
|   |   |   |   |   |   #18945=CARTESIAN_POINT('Ctrl Pnt',(-5.42467986643649056E+03,-2.68070279420224097E+02,1.51038908803605665E+02));
|   |   |   |   |   |   #18946=CARTESIAN_POINT('Ctrl Pnt',(-5.44134622442827640E+03,-3.92976397584595418E+02,1.51038908803605239E+02));
|   |   |   |   |   |   #18947=CARTESIAN_POINT('Ctrl Pnt',(-5.47392465351658120E+03,-5.19065374302984310E+02,1.51038908803606148E+02));
|   |   |   |   |   |   #18948=CARTESIAN_POINT('Ctrl Pnt',(-5.52332842325460115E+03,-6.42996367693172488E+02,1.51038908803604784E+02));
|   |   |   |   |   |   #18949=CARTESIAN_POINT('Ctrl Pnt',(-5.58942064727920206E+03,-7.60945495729258482E+02,1.51038908803606347E+02));
|   |   |   |   |   |   #18950=CARTESIAN_POINT('Ctrl Pnt',(-5.67066398739571832E+03,-8.69018149845266862E+02,1.51038908803604755E+02));
|   |   |   |   |   |   #18951=CARTESIAN_POINT('Ctrl Pnt',(-5.76411553377673317E+03,-9.64235963651451812E+02,1.51038908803606091E+02));
|   |   |   |   |   |   #18952=CARTESIAN_POINT('Ctrl Pnt',(-5.86633189249110819E+03,-1.04493044985035635E+03,1.51038908803605352E+02));
|   |   |   |   |   |   #18953=CARTESIAN_POINT('Ctrl Pnt',(-5.97388780200752171E+03,-1.11058890072844406E+03,1.51038908803605608E+02));
|   |   |   |   |   |   #18954=CARTESIAN_POINT('Ctrl Pnt',(-6.08374040674488515E+03,-1.16159035894009367E+03,1.51038908803605551E+02));
|   |   |   |   |   |   #18955=CARTESIAN_POINT('Ctrl Pnt',(-5.42938172766510343E+03,-1.46842852291340478E+02,1.57366213883352060E+02));
|   |   |   |   |   |   #18956=CARTESIAN_POINT('Ctrl Pnt',(-5.43169652270385541E+03,-2.67189934556732567E+02,1.57366213883352373E+02));
|   |   |   |   |   |   #18957=CARTESIAN_POINT('Ctrl Pnt',(-5.44826032870012205E+03,-3.91327476186244098E+02,1.57366213883350753E+02));
|   |   |   |   |   |   #18958=CARTESIAN_POINT('Ctrl Pnt',(-5.48063829510098458E+03,-5.16640597964750668E+02,1.57366213883355186E+02));
|   |   |   |   |   |   #18959=CARTESIAN_POINT('Ctrl Pnt',(-5.52973807189841227E+03,-6.39809014990670221E+02,1.57366213883347001E+02));
|   |   |   |   |   |   #18960=CARTESIAN_POINT('Ctrl Pnt',(-5.59542361502341919E+03,-7.57032374477968119E+02,1.57366213883358029E+02));
|   |   |   |   |   |   #18961=CARTESIAN_POINT('Ctrl Pnt',(-5.67616704588213088E+03,-8.64440032297372454E+02,1.57366213883346745E+02));
|   |   |   |   |   |   #18962=CARTESIAN_POINT('Ctrl Pnt',(-5.76904356305927922E+03,-9.59071948643271639E+02,1.57366213883355442E+02));
|   |   |   |   |   |   #18963=CARTESIAN_POINT('Ctrl Pnt',(-5.87063096063124431E+03,-1.03926990281086387E+03,1.57366213883350611E+02));
|   |   |   |   |   |   #18964=CARTESIAN_POINT('Ctrl Pnt',(-5.97752505350128195E+03,-1.10452434189665792E+03,1.57366213883352401E+02));
|   |   |   |   |   |   #18965=CARTESIAN_POINT('Ctrl Pnt',(-6.08670170948987379E+03,-1.15521197621718647E+03,1.57366213883352060E+02));
|   |   |   |   |   |   #18966=CARTESIAN_POINT('Ctrl Pnt',(-5.43153904405687626E+03,-1.46801357764707745E+02,1.65843881789558367E+02));
|   |   |   |   |   |   #18967=CARTESIAN_POINT('Ctrl Pnt',(-5.43384944171550796E+03,-2.66919818547324439E+02,1.65843881789558310E+02));
|   |   |   |   |   |   #18968=CARTESIAN_POINT('Ctrl Pnt',(-5.45038178170690389E+03,-3.90821538017348587E+02,1.65843881789558623E+02));
|   |   |   |   |   |   #18969=CARTESIAN_POINT('Ctrl Pnt',(-5.48269824018794407E+03,-5.15896604404837490E+02,1.65843881789557770E+02));
|   |   |   |   |   |   #18970=CARTESIAN_POINT('Ctrl Pnt',(-5.53170474290224774E+03,-6.38831040302307315E+02,1.65843881789559475E+02));
|   |   |   |   |   |   #18971=CARTESIAN_POINT('Ctrl Pnt',(-5.59726550422127639E+03,-7.55831712394330566E+02,1.65843881789556917E+02));
|   |   |   |   |   |   #18972=CARTESIAN_POINT('Ctrl Pnt',(-5.67785554803870673E+03,-8.63035329554597183E+02,1.65843881789559589E+02));
|   |   |   |   |   |   #18973=CARTESIAN_POINT('Ctrl Pnt',(-5.77055562913896665E+03,-9.57487475118965335E+02,1.65843881789557571E+02));
|   |   |   |   |   |   #18974=CARTESIAN_POINT('Ctrl Pnt',(-5.87195004270976187E+03,-1.03753307847869178E+03,1.65843881789558765E+02));
|   |   |   |   |   |   #18975=CARTESIAN_POINT('Ctrl Pnt',(-5.97864107053208863E+03,-1.10266355472015675E+03,1.65843881789558253E+02));
|   |   |   |   |   |   #18976=CARTESIAN_POINT('Ctrl Pnt',(-6.08761032532321860E+03,-1.15325489852906435E+03,1.65843881789558367E+02));
|   |   |   #19022=ADVANCED_FACE('',(#19102),#19023,.T.);
|   |   |   |   #19102=FACE_OUTER_BOUND('',#19103,.T.);
|   |   |   |   |   #19103=EDGE_LOOP('',(#19104,#19105,#19106,#19122));
|   |   |   |   |   |   #19104=ORIENTED_EDGE('',*,*,#18997,.F.);
|   |   |   |   |   |   |   #18997=EDGE_CURVE('',#18559,#18998,#19000,.T.);
|   |   |   |   |   |   |   |   #18559=VERTEX_POINT('',#18560);
|   |   |   |   |   |   |   |   |   #18560=CARTESIAN_POINT('',(-5.42885512341504000E+03,-1.46852981169846004E+02,1.66527113091809014E+02));
|   |   |   |   |   |   |   |   #18998=VERTEX_POINT('',#18999);
|   |   |   |   |   |   |   |   |   #18999=CARTESIAN_POINT('',(-6.08647991484909016E+03,-1.15568970183684996E+03,1.66527113091809014E+02));
|   |   |   |   |   |   |   |   #19000=B_SPLINE_CURVE_WITH_KNOTS('',10,(#19001,#19002,#19003,#19004,#19005,#19006,#19007,#19008,#19009,#19010,#19011),.UNSPECIFIED.,.F.,.F.,(11,11),(0.0,1.0),.UNSPECIFIED.);
|   |   |   |   |   |   |   |   |   #19001=CARTESIAN_POINT('Ctrl Pnt',(-5.42885512341504182E+03,-1.46852981169856776E+02,1.66527113091808985E+02));
|   |   |   |   |   |   |   |   |   #19002=CARTESIAN_POINT('Ctrl Pnt',(-5.43117099186114683E+03,-2.67255870290903545E+02,1.66527113091811913E+02));
|   |   |   |   |   |   |   |   |   #19003=CARTESIAN_POINT('Ctrl Pnt',(-5.44774247840043608E+03,-3.91450977615597253E+02,1.66527113074788303E+02));
|   |   |   |   |   |   |   |   |   #19004=CARTESIAN_POINT('Ctrl Pnt',(-5.48013546107075035E+03,-5.16822203379566417E+02,1.66527113125075857E+02));
|   |   |   |   |   |   |   |   |   #19005=CARTESIAN_POINT('Ctrl Pnt',(-5.52925799964886482E+03,-6.40047747281773809E+02,1.66527113069414440E+02));
|   |   |   |   |   |   |   |   |   #19006=CARTESIAN_POINT('Ctrl Pnt',(-5.59497401530521984E+03,-7.57325452551224771E+02,1.66527113100789819E+02));
|   |   |   |   |   |   |   |   |   #19007=CARTESIAN_POINT('Ctrl Pnt',(-5.67575487140275709E+03,-8.64782923927532011E+02,1.66527113069408472E+02));
|   |   |   |   |   |   |   |   |   #19008=CARTESIAN_POINT('Ctrl Pnt',(-5.76867447027449634E+03,-9.59458721322038400E+02,1.66527113125082025E+02));
|   |   |   |   |   |   |   |   |   #19009=CARTESIAN_POINT('Ctrl Pnt',(-5.87030896947687233E+03,-1.03969386416798557E+03,1.66527113074786428E+02));
|   |   |   |   |   |   |   |   |   #19010=CARTESIAN_POINT('Ctrl Pnt',(-5.97725263202782844E+03,-1.10497856290949608E+03,1.66527113091812282E+02));
|   |   |   |   |   |   |   |   |   #19011=CARTESIAN_POINT('Ctrl Pnt',(-6.08647991496778923E+03,-1.15568970189195898E+03,1.66527113091809014E+02));
|   |   |   |   |   |   #19105=ORIENTED_EDGE('',*,*,#18698,.T.);
|   |   |   |   |   |   |   #18698=EDGE_CURVE('',#18559,#18682,#18699,.T.);
|   |   |   |   |   |   |   |   #18559=VERTEX_POINT('',#18560);
|   |   |   |   |   |   |   |   |   #18560=CARTESIAN_POINT('',(-5.42885512341504000E+03,-1.46852981169846004E+02,1.66527113091809014E+02));
|   |   |   |   |   |   |   |   #18682=VERTEX_POINT('',#18683);
|   |   |   |   |   |   |   |   |   #18683=CARTESIAN_POINT('',(-5.42929006379833027E+03,-1.46844615384077002E+02,1.70000000075815990E+02));
|   |   |   |   |   |   |   |   #18699=B_SPLINE_CURVE_WITH_KNOTS('',5,(#18700,#18701,#18702,#18703,#18704,#18705),.UNSPECIFIED.,.F.,.F.,(6,6),(1.32157037558084589,1.57079633217958659),.UNSPECIFIED.);
|   |   |   |   |   |   |   |   |   #18700=CARTESIAN_POINT('Ctrl Pnt',(-5.42885512341504091E+03,-1.46852981169846231E+02,1.66527113091805063E+02));
|   |   |   |   |   |   |   |   |   #18701=CARTESIAN_POINT('Ctrl Pnt',(-5.42902819811506015E+03,-1.46849652194662326E+02,1.67207249688996058E+02));
|   |   |   |   |   |   |   |   |   #18702=CARTESIAN_POINT('Ctrl Pnt',(-5.42915890383368878E+03,-1.46847138158289169E+02,1.67898171943053740E+02));
|   |   |   |   |   |   |   |   |   #18703=CARTESIAN_POINT('Ctrl Pnt',(-5.42924634403967229E+03,-1.46845456304899102E+02,1.68596359476282146E+02));
|   |   |   |   |   |   |   |   |   #18704=CARTESIAN_POINT('Ctrl Pnt',(-5.42929006380213013E+03,-1.46844615384783509E+02,1.69298179782082428E+02));
|   |   |   |   |   |   |   |   |   #18705=CARTESIAN_POINT('Ctrl Pnt',(-5.42929006379834846E+03,-1.46844615384913482E+02,1.70000000075817240E+02));
|   |   |   |   |   |   #19106=ORIENTED_EDGE('',*,*,#19107,.T.);
|   |   |   |   |   |   |   #19107=EDGE_CURVE('',#18682,#19108,#19110,.T.);
|   |   |   |   |   |   |   |   #18682=VERTEX_POINT('',#18683);
|   |   |   |   |   |   |   |   |   #18683=CARTESIAN_POINT('',(-5.42929006379833027E+03,-1.46844615384077002E+02,1.70000000075815990E+02));
|   |   |   |   |   |   |   |   #19108=VERTEX_POINT('',#19109);
|   |   |   |   |   |   |   |   |   #19109=CARTESIAN_POINT('',(-6.08666310249898015E+03,-1.15529513193389994E+03,1.70000000075815990E+02));
|   |   |   |   |   |   |   |   #19110=B_SPLINE_CURVE_WITH_KNOTS('',10,(#19111,#19112,#19113,#19114,#19115,#19116,#19117,#19118,#19119,#19120,#19121),.UNSPECIFIED.,.F.,.F.,(11,11),(0.0,1.0),.UNSPECIFIED.);
|   |   |   |   |   |   |   |   |   #19111=CARTESIAN_POINT('Ctrl Pnt',(-5.42929006379833118E+03,-1.46844615384077997E+02,1.70000000075816274E+02));
|   |   |   |   |   |   |   |   |   #19112=CARTESIAN_POINT('Ctrl Pnt',(-5.43160504568087163E+03,-2.67201411722579280E+02,1.70000000075819457E+02));
|   |   |   |   |   |   |   |   |   #19113=CARTESIAN_POINT('Ctrl Pnt',(-5.44817018829560857E+03,-3.91348974559641874E+02,1.70000000075803570E+02));
|   |   |   |   |   |   |   |   |   #19114=CARTESIAN_POINT('Ctrl Pnt',(-5.48055077029984568E+03,-5.16672205372362669E+02,1.70000000075845662E+02));
|   |   |   |   |   |   |   |   |   #19115=CARTESIAN_POINT('Ctrl Pnt',(-5.52965450352694461E+03,-6.39850576300375792E+02,1.70000000075768810E+02));
|   |   |   |   |   |   |   |   |   #19116=CARTESIAN_POINT('Ctrl Pnt',(-5.59534536211790419E+03,-7.57083384766653808E+02,1.70000000075874169E+02));
|   |   |   |   |   |   |   |   |   #19117=CARTESIAN_POINT('Ctrl Pnt',(-5.67609529304405805E+03,-8.64499719359301821E+02,1.70000000075764859E+02));
|   |   |   |   |   |   |   |   |   #19118=CARTESIAN_POINT('Ctrl Pnt',(-5.76897932075062454E+03,-9.59139272820724159E+02,1.70000000075848789E+02));
|   |   |   |   |   |   |   |   |   #19119=CARTESIAN_POINT('Ctrl Pnt',(-5.87057491191702957E+03,-1.03934369992580196E+03,1.70000000075802404E+02));
|   |   |   |   |   |   |   |   |   #19120=CARTESIAN_POINT('Ctrl Pnt',(-5.97747763419994317E+03,-1.10460340630676433E+03,1.70000000075819656E+02));
|   |   |   |   |   |   |   |   |   #19121=CARTESIAN_POINT('Ctrl Pnt',(-6.08666310261657418E+03,-1.15529513198849304E+03,1.70000000075816274E+02));
|   |   |   |   |   |   #19122=ORIENTED_EDGE('',*,*,#19123,.F.);
|   |   |   |   |   |   |   #19123=EDGE_CURVE('',#18998,#19108,#19124,.T.);
|   |   |   |   |   |   |   |   #18998=VERTEX_POINT('',#18999);
|   |   |   |   |   |   |   |   |   #18999=CARTESIAN_POINT('',(-6.08647991484909016E+03,-1.15568970183684996E+03,1.66527113091809014E+02));
|   |   |   |   |   |   |   |   #19108=VERTEX_POINT('',#19109);
|   |   |   |   |   |   |   |   |   #19109=CARTESIAN_POINT('',(-6.08666310249898015E+03,-1.15529513193389994E+03,1.70000000075815990E+02));
|   |   |   |   |   |   |   |   #19124=CIRCLE('',#19125,1.40800000000000018E+01);
|   |   |   |   |   |   |   |   |   #19125=AXIS2_PLACEMENT_3D('',#19126,#19127,#19128);
|   |   |   |   |   |   |   |   |   |   #19126=CARTESIAN_POINT('',(-6.08073400226566355E+03,-1.16806588643092277E+03,170.0));
|   |   |   |   |   |   |   |   |   |   #19127=DIRECTION('',(9.07013813709227845E-01,4.21100868843371390E-01,0.0));
|   |   |   |   |   |   |   |   |   |   #19128=DIRECTION('',(-5.55111512312578147E-17,5.55111512312578147E-17,-1.0));
|   |   |   |   #19023=OFFSET_SURFACE('',#19024,2.77000000000000002,.F.);
|   |   |   |   |   #19024=(BOUNDED_SURFACE()B_SPLINE_SURFACE(6,10,((#19025,#19026,#19027,#19028,#19029,#19030,#19031,#19032,#19033,#19034,#19035),(#19036,#19037,#19038,#19039,#19040,#19041,#19042,#19043,#19044,#19045,#19046),(#19047,#19048,#19049,#19050,#19051,#19052,#19053,#19054,#19055,#19056,#19057),(#19058,#19059,#19060,#19061,#19062,#19063,#19064,#19065,#19066,#19067,#19068),(#19069,#19070,#19071,#19072,#19073,#19074,#19075,#19076,#19077,#19078,#19079),(#19080,#19081,#19082,#19083,#19084,#19085,#19086,#19087,#19088,#19089,#19090),(#19091,#19092,#19093,#19094,#19095,#19096,#19097,#19098,#19099,#19100,#19101)),.UNSPECIFIED.,.F.,.F.,.F.)B_SPLINE_SURFACE_WITH_KNOTS((7,7),(11,11),(1.32157037558084589,1.57079633217958659),(0.0,1.0),.UNSPECIFIED.)SURFACE()GEOMETRIC_REPRESENTATION_ITEM()RATIONAL_B_SPLINE_SURFACE(((1.00077676430742013,1.00077676430745033,1.00077676430729845,1.00077676430768014,1.00077676430703488,1.00077676430783891,1.00077676430708351,1.00077676430761331,1.00077676430734575,1.00077676430743590,1.00077676430742013),(1.00025865325482677,1.00025865325483587,1.00025865325478880,1.00025865325490382,1.00025865325470797,1.00025865325497287,1.00025865325468777,1.00025865325492291,1.00025865325478147,1.00025865325483876,1.00025865325482677),(9.99948215990260847E-01,9.99948215990281719E-01,9.99948215990175582E-01,9.99948215990446698E-01,9.99948215989971190E-01,9.99948215990601241E-01,9.99948215989959976E-01,9.99948215990453027E-01,9.99948215990178135E-01,9.99948215990280609E-01,9.99948215990260847E-01),(9.99844807630970500E-01,9.99844807630991594E-01,9.99844807630884902E-01,9.99844807631155685E-01,9.99844807630685506E-01,9.99844807631301347E-01,9.99844807630680288E-01,9.99844807631156351E-01,9.99844807630889454E-01,9.99844807630990151E-01,9.99844807630970500E-01),(9.99948215990261624E-01,9.99948215990288602E-01,9.99948215990150935E-01,9.99948215990507316E-01,9.99948215989876044E-01,9.99948215990712264E-01,9.99948215989868050E-01,9.99948215990511646E-01,9.99948215990153488E-01,9.99948215990287825E-01,9.99948215990261624E-01),(1.00025865325482610,1.00025865325484209,1.00025865325476171,1.00025865325495844,1.00025865325463093,1.00025865325504792,1.00025865325463026,1.00025865325495578,1.00025865325476571,1.00025865325484187,1.00025865325482610),(1.00077676430742013,1.00077676430745033,1.00077676430729845,1.00077676430768014,1.00077676430703488,1.00077676430783891,1.00077676430708351,1.00077676430761331,1.00077676430734575,1.00077676430743590,1.00077676430742013)))REPRESENTATION_ITEM(''));
|   |   |   |   |   |   #19025=CARTESIAN_POINT('Ctrl Pnt',(-5.43153904405687626E+03,-1.46801357764707973E+02,1.65843881789558367E+02));
|   |   |   |   |   |   #19026=CARTESIAN_POINT('Ctrl Pnt',(-5.43384944171550978E+03,-2.66919818547332341E+02,1.65843881789558424E+02));
|   |   |   |   |   |   #19027=CARTESIAN_POINT('Ctrl Pnt',(-5.45038178170689389E+03,-3.90821538017323178E+02,1.65843881789558139E+02));
|   |   |   |   |   |   #19028=CARTESIAN_POINT('Ctrl Pnt',(-5.48269824018796407E+03,-5.15896604404878190E+02,1.65843881789558822E+02));
|   |   |   |   |   |   #19029=CARTESIAN_POINT('Ctrl Pnt',(-5.53170474290222683E+03,-6.38831040302271390E+02,1.65843881789557742E+02));
|   |   |   |   |   |   #19030=CARTESIAN_POINT('Ctrl Pnt',(-5.59726550422128457E+03,-7.55831712394340343E+02,1.65843881789559020E+02));
|   |   |   |   |   |   #19031=CARTESIAN_POINT('Ctrl Pnt',(-5.67785554803871764E+03,-8.63035329554611508E+02,1.65843881789557742E+02));
|   |   |   |   |   |   #19032=CARTESIAN_POINT('Ctrl Pnt',(-5.77055562913894937E+03,-9.57487475118946804E+02,1.65843881789558736E+02));
|   |   |   |   |   |   #19033=CARTESIAN_POINT('Ctrl Pnt',(-5.87195004270977279E+03,-1.03753307847870155E+03,1.65843881789558253E+02));
|   |   |   |   |   |   #19034=CARTESIAN_POINT('Ctrl Pnt',(-5.97864107053208591E+03,-1.10266355472015425E+03,1.65843881789558395E+02));
|   |   |   |   |   |   #19035=CARTESIAN_POINT('Ctrl Pnt',(-6.08761032532321860E+03,-1.15325489852906435E+03,1.65843881789558367E+02));
|   |   |   |   |   |   #19036=CARTESIAN_POINT('Ctrl Pnt',(-5.43171173695912512E+03,-1.46798036133138680E+02,1.66522518025121968E+02));
|   |   |   |   |   |   #19037=CARTESIAN_POINT('Ctrl Pnt',(-5.43402178260803794E+03,-2.66898195795193033E+02,1.66522518025121968E+02));
|   |   |   |   |   |   #19038=CARTESIAN_POINT('Ctrl Pnt',(-5.45055160374975458E+03,-3.90781037731398499E+02,1.66522518025121911E+02));
|   |   |   |   |   |   #19039=CARTESIAN_POINT('Ctrl Pnt',(-5.48286313852967123E+03,-5.15837047815185315E+02,1.66522518025122082E+02));
|   |   |   |   |   |   #19040=CARTESIAN_POINT('Ctrl Pnt',(-5.53186217466544713E+03,-6.38752753553110551E+02,1.66522518025121855E+02));
|   |   |   |   |   |   #19041=CARTESIAN_POINT('Ctrl Pnt',(-5.59741294721688882E+03,-7.55735599547558422E+02,1.66522518025122054E+02));
|   |   |   |   |   |   #19042=CARTESIAN_POINT('Ctrl Pnt',(-5.67799071242115497E+03,-8.62922883279030884E+02,1.66522518025121769E+02));
|   |   |   |   |   |   #19043=CARTESIAN_POINT('Ctrl Pnt',(-5.77067666983595700E+03,-9.57360638215258973E+02,1.66522518025122139E+02));
|   |   |   |   |   |   #19044=CARTESIAN_POINT('Ctrl Pnt',(-5.87205563506205908E+03,-1.03739404591223160E+03,1.66522518025121883E+02));
|   |   |   |   |   |   #19045=CARTESIAN_POINT('Ctrl Pnt',(-5.97873040755318561E+03,-1.10251459894380037E+03,1.66522518025121997E+02));
|   |   |   |   |   |   #19046=CARTESIAN_POINT('Ctrl Pnt',(-6.08768305990489080E+03,-1.15309823470952483E+03,1.66522518025121968E+02));
|   |   |   |   |   |   #19047=CARTESIAN_POINT('Ctrl Pnt',(-5.43185049145266566E+03,-1.46795367283993869E+02,1.67209344338176351E+02));
|   |   |   |   |   |   #19048=CARTESIAN_POINT('Ctrl Pnt',(-5.43416025427044406E+03,-2.66880822446435900E+02,1.67209344338176351E+02));
|   |   |   |   |   |   #19049=CARTESIAN_POINT('Ctrl Pnt',(-5.45068805157846873E+03,-3.90748496749159131E+02,1.67209344338176351E+02));
|   |   |   |   |   |   #19050=CARTESIAN_POINT('Ctrl Pnt',(-5.48299563028580633E+03,-5.15789195562292889E+02,1.67209344338176379E+02));
|   |   |   |   |   |   #19051=CARTESIAN_POINT('Ctrl Pnt',(-5.53198866720968726E+03,-6.38689852078346235E+02,1.67209344338176322E+02));
|   |   |   |   |   |   #19052=CARTESIAN_POINT('Ctrl Pnt',(-5.59753141403229529E+03,-7.55658375242406692E+02,1.67209344338176379E+02));
|   |   |   |   |   |   #19053=CARTESIAN_POINT('Ctrl Pnt',(-5.67809931367340596E+03,-8.62832535466216655E+02,1.67209344338176152E+02));
|   |   |   |   |   |   #19054=CARTESIAN_POINT('Ctrl Pnt',(-5.77077392305475678E+03,-9.57258727887083296E+02,1.67209344338176550E+02));
|   |   |   |   |   |   #19055=CARTESIAN_POINT('Ctrl Pnt',(-5.87214047591640610E+03,-1.03728233666947267E+03,1.67209344338176294E+02));
|   |   |   |   |   |   #19056=CARTESIAN_POINT('Ctrl Pnt',(-5.97880218764927758E+03,-1.10239491664627212E+03,1.67209344338176379E+02));
|   |   |   |   |   |   #19057=CARTESIAN_POINT('Ctrl Pnt',(-6.08774150034982358E+03,-1.15297235918915135E+03,1.67209344338176351E+02));
|   |   |   |   |   |   #19058=CARTESIAN_POINT('Ctrl Pnt',(-5.43195489333490514E+03,-1.46793359184181782E+02,1.67902447124766269E+02));
|   |   |   |   |   |   #19059=CARTESIAN_POINT('Ctrl Pnt',(-5.43426444334441749E+03,-2.66867750363050902E+02,1.67902447124766240E+02));
|   |   |   |   |   |   #19060=CARTESIAN_POINT('Ctrl Pnt',(-5.45079071787621433E+03,-3.90724012210267631E+02,1.67902447124766354E+02));
|   |   |   |   |   |   #19061=CARTESIAN_POINT('Ctrl Pnt',(-5.48309531994895042E+03,-5.15753190492164322E+02,1.67902447124766070E+02));
|   |   |   |   |   |   #19062=CARTESIAN_POINT('Ctrl Pnt',(-5.53208384293604468E+03,-6.38642523648164229E+02,1.67902447124766610E+02));
|   |   |   |   |   |   #19063=CARTESIAN_POINT('Ctrl Pnt',(-5.59762055102670183E+03,-7.55600270004864456E+02,1.67902447124765871E+02));
|   |   |   |   |   |   #19064=CARTESIAN_POINT('Ctrl Pnt',(-5.67818102760467991E+03,-8.62764555817565565E+02,1.67902447124766468E+02));
|   |   |   |   |   |   #19065=CARTESIAN_POINT('Ctrl Pnt',(-5.77084709848019975E+03,-9.57182048351870890E+02,1.67902447124766240E+02));
|   |   |   |   |   |   #19066=CARTESIAN_POINT('Ctrl Pnt',(-5.87220431201036081E+03,-1.03719828421889838E+03,1.67902447124766297E+02));
|   |   |   |   |   |   #19067=CARTESIAN_POINT('Ctrl Pnt',(-5.97885619654621405E+03,-1.10230486509686216E+03,1.67902447124766269E+02));
|   |   |   |   |   |   #19068=CARTESIAN_POINT('Ctrl Pnt',(-6.08778547220468681E+03,-1.15287764772490391E+03,1.67902447124766269E+02));
|   |   |   |   |   |   #19069=CARTESIAN_POINT('Ctrl Pnt',(-5.43202464197818335E+03,-1.46792017616072599E+02,1.68599891448862905E+02));
|   |   |   |   |   |   #19070=CARTESIAN_POINT('Ctrl Pnt',(-5.43433404981509284E+03,-2.66859017186411791E+02,1.68599891448862905E+02));
|   |   |   |   |   |   #19071=CARTESIAN_POINT('Ctrl Pnt',(-5.45085930701296093E+03,-3.90707654618517665E+02,1.68599891448862849E+02));
|   |   |   |   |   |   #19072=CARTESIAN_POINT('Ctrl Pnt',(-5.48316192046041033E+03,-5.15729136282246373E+02,1.68599891448863048E+02));
|   |   |   |   |   |   #19073=CARTESIAN_POINT('Ctrl Pnt',(-5.53214742778380059E+03,-6.38610904545910330E+02,1.68599891448862707E+02));
|   |   |   |   |   |   #19074=CARTESIAN_POINT('Ctrl Pnt',(-5.59768010152801162E+03,-7.55561451150239805E+02,1.68599891448863104E+02));
|   |   |   |   |   |   #19075=CARTESIAN_POINT('Ctrl Pnt',(-5.67823561891781083E+03,-8.62719140082191757E+02,1.68599891448862564E+02));
|   |   |   |   |   |   #19076=CARTESIAN_POINT('Ctrl Pnt',(-5.77089598540194947E+03,-9.57130820410021897E+02,1.68599891448863190E+02));
|   |   |   |   |   |   #19077=CARTESIAN_POINT('Ctrl Pnt',(-5.87224695952639286E+03,-1.03714213059156714E+03,1.68599891448862792E+02));
|   |   |   |   |   |   #19078=CARTESIAN_POINT('Ctrl Pnt',(-5.97889227872410902E+03,-1.10224470360109672E+03,1.68599891448862934E+02));
|   |   |   |   |   |   #19079=CARTESIAN_POINT('Ctrl Pnt',(-6.08781484885149439E+03,-1.15281437304065753E+03,1.68599891448862905E+02));
|   |   |   |   |   |   #19080=CARTESIAN_POINT('Ctrl Pnt',(-5.43205955155061019E+03,-1.46791346154016992E+02,1.69299727992227702E+02));
|   |   |   |   |   |   #19081=CARTESIAN_POINT('Ctrl Pnt',(-5.43436888822936362E+03,-2.66854646184389765E+02,1.69299727992227702E+02));
|   |   |   |   |   |   #19082=CARTESIAN_POINT('Ctrl Pnt',(-5.45089363624612815E+03,-3.90699467555580441E+02,1.69299727992227730E+02));
|   |   |   |   |   |   #19083=CARTESIAN_POINT('Ctrl Pnt',(-5.48319525437586890E+03,-5.15717097020386859E+02,1.69299727992227645E+02));
|   |   |   |   |   |   #19084=CARTESIAN_POINT('Ctrl Pnt',(-5.53217925234329869E+03,-6.38595079014546172E+02,1.69299727992227872E+02));
|   |   |   |   |   |   #19085=CARTESIAN_POINT('Ctrl Pnt',(-5.59770990687539415E+03,-7.55542022104083344E+02,1.69299727992227446E+02));
|   |   |   |   |   |   #19086=CARTESIAN_POINT('Ctrl Pnt',(-5.67826294216465340E+03,-8.62696409261420172E+02,1.69299727992227787E+02));
|   |   |   |   |   |   #19087=CARTESIAN_POINT('Ctrl Pnt',(-5.77092045357020197E+03,-9.57105180548727276E+02,1.69299727992227702E+02));
|   |   |   |   |   |   #19088=CARTESIAN_POINT('Ctrl Pnt',(-5.87226830483836238E+03,-1.03711402539797177E+03,1.69299727992227702E+02));
|   |   |   |   |   |   #19089=CARTESIAN_POINT('Ctrl Pnt',(-5.97891033804892322E+03,-1.10221459244777043E+03,1.69299727992227702E+02));
|   |   |   |   |   |   #19090=CARTESIAN_POINT('Ctrl Pnt',(-6.08782955202180256E+03,-1.15278270371967938E+03,1.69299727992227702E+02));
|   |   |   |   |   |   #19091=CARTESIAN_POINT('Ctrl Pnt',(-5.43205955154684125E+03,-1.46791346154137841E+02,1.70000000090732016E+02));
|   |   |   |   |   |   #19092=CARTESIAN_POINT('Ctrl Pnt',(-5.43436888822561195E+03,-2.66854646184913918E+02,1.70000000090732016E+02));
|   |   |   |   |   |   #19093=CARTESIAN_POINT('Ctrl Pnt',(-5.45089363624241741E+03,-3.90699467556503180E+02,1.70000000090732016E+02));
|   |   |   |   |   |   #19094=CARTESIAN_POINT('Ctrl Pnt',(-5.48319525437230732E+03,-5.15717097021738596E+02,1.70000000090732016E+02));
|   |   |   |   |   |   #19095=CARTESIAN_POINT('Ctrl Pnt',(-5.53217925233986807E+03,-6.38595079016315140E+02,1.70000000090732101E+02));
|   |   |   |   |   |   #19096=CARTESIAN_POINT('Ctrl Pnt',(-5.59770990687220547E+03,-7.55542022106178138E+02,1.70000000090731874E+02));
|   |   |   |   |   |   #19097=CARTESIAN_POINT('Ctrl Pnt',(-5.67826294216174119E+03,-8.62696409263968917E+02,1.70000000090732016E+02));
|   |   |   |   |   |   #19098=CARTESIAN_POINT('Ctrl Pnt',(-5.77092045356758990E+03,-9.57105180551489070E+02,1.70000000090732073E+02));
|   |   |   |   |   |   #19099=CARTESIAN_POINT('Ctrl Pnt',(-5.87226830483609774E+03,-1.03711402540105360E+03,1.70000000090732016E+02));
|   |   |   |   |   |   #19100=CARTESIAN_POINT('Ctrl Pnt',(-5.97891033804701328E+03,-1.10221459245104438E+03,1.70000000090732016E+02));
|   |   |   |   |   |   #19101=CARTESIAN_POINT('Ctrl Pnt',(-6.08782955202025823E+03,-1.15278270372311977E+03,1.70000000090732016E+02));
|   |   |   #19129=ADVANCED_FACE('',(#19209),#19130,.T.);
|   |   |   |   #19209=FACE_OUTER_BOUND('',#19210,.T.);
|   |   |   |   |   #19210=EDGE_LOOP('',(#19211,#19212,#19213,#19214));
|   |   |   |   |   |   #19211=ORIENTED_EDGE('',*,*,#19107,.F.);
|   |   |   |   |   |   |   #19107=EDGE_CURVE('',#18682,#19108,#19110,.T.);
|   |   |   |   |   |   |   |   #18682=VERTEX_POINT('',#18683);
|   |   |   |   |   |   |   |   |   #18683=CARTESIAN_POINT('',(-5.42929006379833027E+03,-1.46844615384077002E+02,1.70000000075815990E+02));
|   |   |   |   |   |   |   |   #19108=VERTEX_POINT('',#19109);
|   |   |   |   |   |   |   |   |   #19109=CARTESIAN_POINT('',(-6.08666310249898015E+03,-1.15529513193389994E+03,1.70000000075815990E+02));
|   |   |   |   |   |   |   |   #19110=B_SPLINE_CURVE_WITH_KNOTS('',10,(#19111,#19112,#19113,#19114,#19115,#19116,#19117,#19118,#19119,#19120,#19121),.UNSPECIFIED.,.F.,.F.,(11,11),(0.0,1.0),.UNSPECIFIED.);
|   |   |   |   |   |   |   |   |   #19111=CARTESIAN_POINT('Ctrl Pnt',(-5.42929006379833118E+03,-1.46844615384077997E+02,1.70000000075816274E+02));
|   |   |   |   |   |   |   |   |   #19112=CARTESIAN_POINT('Ctrl Pnt',(-5.43160504568087163E+03,-2.67201411722579280E+02,1.70000000075819457E+02));
|   |   |   |   |   |   |   |   |   #19113=CARTESIAN_POINT('Ctrl Pnt',(-5.44817018829560857E+03,-3.91348974559641874E+02,1.70000000075803570E+02));
|   |   |   |   |   |   |   |   |   #19114=CARTESIAN_POINT('Ctrl Pnt',(-5.48055077029984568E+03,-5.16672205372362669E+02,1.70000000075845662E+02));
|   |   |   |   |   |   |   |   |   #19115=CARTESIAN_POINT('Ctrl Pnt',(-5.52965450352694461E+03,-6.39850576300375792E+02,1.70000000075768810E+02));
|   |   |   |   |   |   |   |   |   #19116=CARTESIAN_POINT('Ctrl Pnt',(-5.59534536211790419E+03,-7.57083384766653808E+02,1.70000000075874169E+02));
|   |   |   |   |   |   |   |   |   #19117=CARTESIAN_POINT('Ctrl Pnt',(-5.67609529304405805E+03,-8.64499719359301821E+02,1.70000000075764859E+02));
|   |   |   |   |   |   |   |   |   #19118=CARTESIAN_POINT('Ctrl Pnt',(-5.76897932075062454E+03,-9.59139272820724159E+02,1.70000000075848789E+02));
|   |   |   |   |   |   |   |   |   #19119=CARTESIAN_POINT('Ctrl Pnt',(-5.87057491191702957E+03,-1.03934369992580196E+03,1.70000000075802404E+02));
|   |   |   |   |   |   |   |   |   #19120=CARTESIAN_POINT('Ctrl Pnt',(-5.97747763419994317E+03,-1.10460340630676433E+03,1.70000000075819656E+02));
|   |   |   |   |   |   |   |   |   #19121=CARTESIAN_POINT('Ctrl Pnt',(-6.08666310261657418E+03,-1.15529513198849304E+03,1.70000000075816274E+02));
|   |   |   |   |   |   #19212=ORIENTED_EDGE('',*,*,#18799,.T.);
|   |   |   |   |   |   |   #18799=EDGE_CURVE('',#18682,#18541,#18800,.T.);
|   |   |   |   |   |   |   |   #18682=VERTEX_POINT('',#18683);
|   |   |   |   |   |   |   |   |   #18683=CARTESIAN_POINT('',(-5.42929006379833027E+03,-1.46844615384077002E+02,1.70000000075815990E+02));
|   |   |   |   |   |   |   |   #18541=VERTEX_POINT('',#18542);
|   |   |   |   |   |   |   |   |   #18542=CARTESIAN_POINT('',(-5.40113527138043992E+03,-1.47386153845823003E+02,170.0));
|   |   |   |   |   |   |   |   #18800=B_SPLINE_CURVE_WITH_KNOTS('',11,(#18801,#18802,#18803,#18804,#18805,#18806,#18807,#18808,#18809,#18810,#18811,#18812),.UNSPECIFIED.,.F.,.F.,(12,12),(1.57079633217958659,4.71238898038468612),.UNSPECIFIED.);
|   |   |   |   |   |   |   |   |   #18801=CARTESIAN_POINT('Ctrl Pnt',(-5.42929006379833299E+03,-1.46844615384077485E+02,1.70000000075816331E+02));
|   |   |   |   |   |   |   |   |   #18802=CARTESIAN_POINT('Ctrl Pnt',(-5.42929006377705173E+03,-1.46844615384829581E+02,1.74020119701410124E+02));
|   |   |   |   |   |   |   |   |   #18803=CARTESIAN_POINT('Ctrl Pnt',(-5.42802768651279621E+03,-1.46868896361171778E+02,1.78042594821148981E+02));
|   |   |   |   |   |   |   |   |   #18804=CARTESIAN_POINT('Ctrl Pnt',(-5.42550049644906449E+03,-1.46917505159778813E+02,1.81623608902543538E+02));
|   |   |   |   |   |   |   |   |   #18805=CARTESIAN_POINT('Ctrl Pnt',(-5.42188397849801277E+03,-1.46987066445593854E+02,1.84319999009676735E+02));
|   |   |   |   |   |   |   |   |   #18806=CARTESIAN_POINT('Ctrl Pnt',(-5.41752668147132954E+03,-1.47070876118683032E+02,1.85774589979891971E+02));
|   |   |   |   |   |   |   |   |   #18807=CARTESIAN_POINT('Ctrl Pnt',(-5.41289865362324417E+03,-1.47159893115477416E+02,1.85774589967162939E+02));
|   |   |   |   |   |   |   |   |   #18808=CARTESIAN_POINT('Ctrl Pnt',(-5.40854135660224711E+03,-1.47243702788102695E+02,1.84319998973956331E+02));
|   |   |   |   |   |   |   |   |   #18809=CARTESIAN_POINT('Ctrl Pnt',(-5.40492483866842758E+03,-1.47313264073288479E+02,1.81623608847011809E+02));
|   |   |   |   |   |   |   |   |   #18810=CARTESIAN_POINT('Ctrl Pnt',(-5.40239764862209176E+03,-1.47361872870874322E+02,1.78042594752183561E+02));
|   |   |   |   |   |   |   |   |   #18811=CARTESIAN_POINT('Ctrl Pnt',(-5.40113527138024619E+03,-1.47386153846156077E+02,1.74020119625581231E+02));
|   |   |   |   |   |   |   |   |   #18812=CARTESIAN_POINT('Ctrl Pnt',(-5.40113527138044265E+03,-1.47386153845822690E+02,1.69999999999999972E+02));
|   |   |   |   |   |   #19213=ORIENTED_EDGE('',*,*,#18980,.T.);
|   |   |   |   |   |   |   #18980=EDGE_CURVE('',#18541,#18981,#18983,.T.);
|   |   |   |   |   |   |   |   #18541=VERTEX_POINT('',#18542);
|   |   |   |   |   |   |   |   |   #18542=CARTESIAN_POINT('',(-5.40113527138043992E+03,-1.47386153845823003E+02,170.0));
|   |   |   |   |   |   |   |   #18981=VERTEX_POINT('',#18982);
|   |   |   |   |   |   |   |   |   #18982=CARTESIAN_POINT('',(-6.07480490203234967E+03,-1.18083664092794993E+03,170.0));
|   |   |   |   |   |   |   |   #18983=B_SPLINE_CURVE_WITH_KNOTS('',10,(#18984,#18985,#18986,#18987,#18988,#18989,#18990,#18991,#18992,#18993,#18994),.UNSPECIFIED.,.F.,.F.,(11,11),(0.0,1.0),.UNSPECIFIED.);
|   |   |   |   |   |   |   |   |   #18984=CARTESIAN_POINT('Ctrl Pnt',(-5.40113527138044265E+03,-1.47386153845822150E+02,1.69999999999999972E+02));
|   |   |   |   |   |   |   |   |   #18985=CARTESIAN_POINT('Ctrl Pnt',(-5.40350764277074813E+03,-2.70726652720496531E+02,1.70000000000004235E+02));
|   |   |   |   |   |   |   |   |   #18986=CARTESIAN_POINT('Ctrl Pnt',(-5.42048344393008847E+03,-3.97951890619835069E+02,1.69999999999982379E+02));
|   |   |   |   |   |   |   |   |   #18987=CARTESIAN_POINT('Ctrl Pnt',(-5.45366675170275357E+03,-5.26381956167392332E+02,1.70000000000035527E+02));
|   |   |   |   |   |   |   |   |   #18988=CARTESIAN_POINT('Ctrl Pnt',(-5.50398780365075345E+03,-6.52613953316354923E+02,1.69999999999948443E+02));
|   |   |   |   |   |   |   |   |   #18989=CARTESIAN_POINT('Ctrl Pnt',(-5.57130714267700296E+03,-7.72753045400189649E+02,1.70000000000055906E+02));
|   |   |   |   |   |   |   |   |   #18990=CARTESIAN_POINT('Ctrl Pnt',(-5.65405893805293181E+03,-8.82832267848812194E+02,1.69999999999954582E+02));
|   |   |   |   |   |   |   |   |   #18991=CARTESIAN_POINT('Ctrl Pnt',(-5.74924557728249511E+03,-9.79817983736323413E+02,1.70000000000025921E+02));
|   |   |   |   |   |   |   |   |   #18992=CARTESIAN_POINT('Ctrl Pnt',(-5.85335978439011706E+03,-1.06201071777798393E+03,1.69999999999990109E+02));
|   |   |   |   |   |   |   |   |   #18993=CARTESIAN_POINT('Ctrl Pnt',(-5.96291267379690271E+03,-1.12888824319811556E+03,1.70000000000001990E+02));
|   |   |   |   |   |   |   |   |   #18994=CARTESIAN_POINT('Ctrl Pnt',(-6.07480490218840350E+03,-1.18083664100039937E+03,1.70000000000000057E+02));
|   |   |   |   |   |   #19214=ORIENTED_EDGE('',*,*,#19215,.F.);
|   |   |   |   |   |   |   #19215=EDGE_CURVE('',#19108,#18981,#19216,.T.);
|   |   |   |   |   |   |   |   #19108=VERTEX_POINT('',#19109);
|   |   |   |   |   |   |   |   |   #19109=CARTESIAN_POINT('',(-6.08666310249898015E+03,-1.15529513193389994E+03,1.70000000075815990E+02));
|   |   |   |   |   |   |   |   #18981=VERTEX_POINT('',#18982);
|   |   |   |   |   |   |   |   |   #18982=CARTESIAN_POINT('',(-6.07480490203234967E+03,-1.18083664092794993E+03,170.0));
|   |   |   |   |   |   |   |   #19216=B_SPLINE_CURVE_WITH_KNOTS('',6,(#19217,#19218,#19219,#19220,#19221,#19222,#19223),.UNSPECIFIED.,.F.,.F.,(7,7),(1.57079633217958659,4.71238898038468612),.UNSPECIFIED.);
|   |   |   |   |   |   |   |   |   #19217=CARTESIAN_POINT('Ctrl Pnt',(-6.08666310249897833E+03,-1.15529513193389698E+03,1.70000000075816445E+02));
|   |   |   |   |   |   |   |   |   #19218=CARTESIAN_POINT('Ctrl Pnt',(-6.08666310248226819E+03,-1.15529513196989319E+03,1.77370219389386278E+02));
|   |   |   |   |   |   |   |   |   #19219=CARTESIAN_POINT('Ctrl Pnt',(-6.08473298273410364E+03,-1.15945243821931376E+03,1.84741025810890363E+02));
|   |   |   |   |   |   |   |   |   #19220=CARTESIAN_POINT('Ctrl Pnt',(-6.08073400224467969E+03,-1.16806588647616513E+03,1.88521652242519565E+02));
|   |   |   |   |   |   |   |   |   #19221=CARTESIAN_POINT('Ctrl Pnt',(-6.07673502176377133E+03,-1.17667933471451011E+03,1.84741025759756894E+02));
|   |   |   |   |   |   |   |   |   #19222=CARTESIAN_POINT('Ctrl Pnt',(-6.07480490203235331E+03,-1.18083664092795129E+03,1.77370219313569805E+02));
|   |   |   |   |   |   |   |   |   #19223=CARTESIAN_POINT('Ctrl Pnt',(-6.07480490203234876E+03,-1.18083664092794879E+03,170.0));
|   |   |   |   #19130=OFFSET_SURFACE('',#19131,2.77000000000000002,.F.);
|   |   |   |   |   #19131=(BOUNDED_SURFACE()B_SPLINE_SURFACE(6,10,((#19132,#19133,#19134,#19135,#19136,#19137,#19138,#19139,#19140,#19141,#19142),(#19143,#19144,#19145,#19146,#19147,#19148,#19149,#19150,#19151,#19152,#19153),(#19154,#19155,#19156,#19157,#19158,#19159,#19160,#19161,#19162,#19163,#19164),(#19165,#19166,#19167,#19168,#19169,#19170,#19171,#19172,#19173,#19174,#19175),(#19176,#19177,#19178,#19179,#19180,#19181,#19182,#19183,#19184,#19185,#19186),(#19187,#19188,#19189,#19190,#19191,#19192,#19193,#19194,#19195,#19196,#19197),(#19198,#19199,#19200,#19201,#19202,#19203,#19204,#19205,#19206,#19207,#19208)),.UNSPECIFIED.,.F.,.F.,.F.)B_SPLINE_SURFACE_WITH_KNOTS((7,7),(11,11),(1.57079633217958659,4.71238898038468612),(0.0,1.0),.UNSPECIFIED.)SURFACE()GEOMETRIC_REPRESENTATION_ITEM()RATIONAL_B_SPLINE_SURFACE(((1.13255657422731426,1.13255657422733269,1.13255657422723854,1.13255657422747347,1.13255657422707845,1.13255657422757738,1.13255657422709310,1.13255657422744882,1.13255657422726008,1.13255657422732625,1.13255657422731426),(1.03634663123625681,1.03634663123627413,1.03634663123619064,1.03634663123638671,1.03634663123607984,1.03634663123643733,1.03634663123612225,1.03634663123632587,1.03634663123623461,1.03634663123626014,1.03634663123625681),(9.92316309374136840E-01,9.92316309374145500E-01,9.92316309374101313E-01,9.92316309374209893E-01,9.92316309374024819E-01,9.92316309374273509E-01,9.92316309374008942E-01,9.92316309374222327E-01,9.92316309374099648E-01,9.92316309374145389E-01,9.92316309374136840E-01),(9.76461899774308195E-01,9.76461899774335285E-01,9.76461899774195508E-01,9.76461899774559772E-01,9.76461899773910069E-01,9.76461899774778486E-01,9.76461899773893305E-01,9.76461899774572539E-01,9.76461899774194286E-01,9.76461899774335729E-01,9.76461899774308195E-01),(9.92316309374137728E-01,9.92316309374153382E-01,9.92316309374072780E-01,9.92316309374276506E-01,9.92316309373929339E-01,9.92316309374372096E-01,9.92316309373941996E-01,9.92316309374254746E-01,9.92316309374090322E-01,9.92316309374148164E-01,9.92316309374137728E-01),(1.03634663123625703,1.03634663123626525,1.03634663123622683,1.03634663123630921,1.03634663123619286,1.03634663123631654,1.03634663123622017,1.03634663123626813,1.03634663123625903,1.03634663123625437,1.03634663123625703),(1.13255657422731426,1.13255657422733269,1.13255657422723854,1.13255657422747347,1.13255657422707845,1.13255657422757738,1.13255657422709310,1.13255657422744882,1.13255657422726008,1.13255657422732625,1.13255657422731426)))REPRESENTATION_ITEM(''));
|   |   |   |   |   |   #19132=CARTESIAN_POINT('Ctrl Pnt',(-5.43205955154682488E+03,-1.46791346153287805E+02,1.70000000090732016E+02));
|   |   |   |   |   |   #19133=CARTESIAN_POINT('Ctrl Pnt',(-5.43436888822550281E+03,-2.66854646184058993E+02,1.70000000090732016E+02));
|   |   |   |   |   |   #19134=CARTESIAN_POINT('Ctrl Pnt',(-5.45089363624222824E+03,-3.90699467555688329E+02,1.70000000090732016E+02));
|   |   |   |   |   |   #19135=CARTESIAN_POINT('Ctrl Pnt',(-5.48319525437199718E+03,-5.15717097020896631E+02,1.70000000090732016E+02));
|   |   |   |   |   |   #19136=CARTESIAN_POINT('Ctrl Pnt',(-5.53217925233949791E+03,-6.38595079015563670E+02,1.70000000090732101E+02));
|   |   |   |   |   |   #19137=CARTESIAN_POINT('Ctrl Pnt',(-5.59770990687172616E+03,-7.55542022105448950E+02,1.70000000090731874E+02));
|   |   |   |   |   |   #19138=CARTESIAN_POINT('Ctrl Pnt',(-5.67826294216118822E+03,-8.62696409263293845E+02,1.70000000090732016E+02));
|   |   |   |   |   |   #19139=CARTESIAN_POINT('Ctrl Pnt',(-5.77092045356696781E+03,-9.57105180550902787E+02,1.70000000090732073E+02));
|   |   |   |   |   |   #19140=CARTESIAN_POINT('Ctrl Pnt',(-5.87226830483541107E+03,-1.03711402540053086E+03,1.70000000090732016E+02));
|   |   |   |   |   |   #19141=CARTESIAN_POINT('Ctrl Pnt',(-5.97891033804628205E+03,-1.10221459245060464E+03,1.70000000090732016E+02));
|   |   |   |   |   |   #19142=CARTESIAN_POINT('Ctrl Pnt',(-6.08782955201948789E+03,-1.15278270372276188E+03,1.70000000090732016E+02));
|   |   |   |   |   |   #19143=CARTESIAN_POINT('Ctrl Pnt',(-5.43205955149494366E+03,-1.46791346154950929E+02,1.79639012225437568E+02));
|   |   |   |   |   |   #19144=CARTESIAN_POINT('Ctrl Pnt',(-5.43436888817379713E+03,-2.66854646191219956E+02,1.79639012225437597E+02));
|   |   |   |   |   |   #19145=CARTESIAN_POINT('Ctrl Pnt',(-5.45089363619135565E+03,-3.90699467568514706E+02,1.79639012225437398E+02));
|   |   |   |   |   |   #19146=CARTESIAN_POINT('Ctrl Pnt',(-5.48319525432267528E+03,-5.15717097039419855E+02,1.79639012225438137E+02));
|   |   |   |   |   |   #19147=CARTESIAN_POINT('Ctrl Pnt',(-5.53217925229248885E+03,-6.38595079039711777E+02,1.79639012225436403E+02));
|   |   |   |   |   |   #19148=CARTESIAN_POINT('Ctrl Pnt',(-5.59770990682779484E+03,-7.55542022134874856E+02,1.79639012225439217E+02));
|   |   |   |   |   |   #19149=CARTESIAN_POINT('Ctrl Pnt',(-5.67826294212099947E+03,-8.62696409297625223E+02,1.79639012225435664E+02));
|   |   |   |   |   |   #19150=CARTESIAN_POINT('Ctrl Pnt',(-5.77092045353108824E+03,-9.57105180589471047E+02,1.79639012225439075E+02));
|   |   |   |   |   |   #19151=CARTESIAN_POINT('Ctrl Pnt',(-5.87226830480421086E+03,-1.03711402544271959E+03,1.79639012225436801E+02));
|   |   |   |   |   |   #19152=CARTESIAN_POINT('Ctrl Pnt',(-5.97891033802001311E+03,-1.10221459249570944E+03,1.79639012225437767E+02));
|   |   |   |   |   |   #19153=CARTESIAN_POINT('Ctrl Pnt',(-6.08782955199823482E+03,-1.15278270377011904E+03,1.79639012225437568E+02));
|   |   |   |   |   |   #19154=CARTESIAN_POINT('Ctrl Pnt',(-5.42573738218074959E+03,-1.46912948822479393E+02,1.88092918716632710E+02));
|   |   |   |   |   |   #19155=CARTESIAN_POINT('Ctrl Pnt',(-5.42805960569542458E+03,-2.67646240394709650E+02,1.88092918716633136E+02));
|   |   |   |   |   |   #19156=CARTESIAN_POINT('Ctrl Pnt',(-5.44467656708134928E+03,-3.92182155404035484E+02,1.88092918716630919E+02));
|   |   |   |   |   |   #19157=CARTESIAN_POINT('Ctrl Pnt',(-5.47715843855192088E+03,-5.17897423150452255E+02,1.88092918716636802E+02));
|   |   |   |   |   |   #19158=CARTESIAN_POINT('Ctrl Pnt',(-5.52641578286516960E+03,-6.41461103510390672E+02,1.88092918716626315E+02));
|   |   |   |   |   |   #19159=CARTESIAN_POINT('Ctrl Pnt',(-5.59231211936888849E+03,-7.59060647875162203E+02,1.88092918716640042E+02));
|   |   |   |   |   |   #19160=CARTESIAN_POINT('Ctrl Pnt',(-5.67331466630995692E+03,-8.66812990719615982E+02,1.88092918716626286E+02));
|   |   |   |   |   |   #19161=CARTESIAN_POINT('Ctrl Pnt',(-5.76648923620818005E+03,-9.61748593088677808E+02,1.88092918716636746E+02));
|   |   |   |   |   |   #19162=CARTESIAN_POINT('Ctrl Pnt',(-5.86840264083959300E+03,-1.04220391283329604E+03,1.88092918716630976E+02));
|   |   |   |   |   |   #19163=CARTESIAN_POINT('Ctrl Pnt',(-5.97563977063874700E+03,-1.10766776182918147E+03,1.88092918716633136E+02));
|   |   |   |   |   |   #19164=CARTESIAN_POINT('Ctrl Pnt',(-6.08516678859578951E+03,-1.15851805930475552E+03,1.88092918716632710E+02));
|   |   |   |   |   |   #19165=CARTESIAN_POINT('Ctrl Pnt',(-5.41521266753153668E+03,-1.47115384617546624E+02,1.91501645759143173E+02));
|   |   |   |   |   |   #19166=CARTESIAN_POINT('Ctrl Pnt',(-5.41755634416816338E+03,-2.68964032230247142E+02,1.91501645759142718E+02));
|   |   |   |   |   |   #19167=CARTESIAN_POINT('Ctrl Pnt',(-5.43432681605657945E+03,-3.94650432604849073E+02,1.91501645759145021E+02));
|   |   |   |   |   |   #19168=CARTESIAN_POINT('Ctrl Pnt',(-5.46710876094589821E+03,-5.21527080791068101E+02,1.91501645759138910E+02));
|   |   |   |   |   |   #19169=CARTESIAN_POINT('Ctrl Pnt',(-5.51682115353783229E+03,-6.46232264836266836E+02,1.91501645759150165E+02));
|   |   |   |   |   |   #19170=CARTESIAN_POINT('Ctrl Pnt',(-5.58332625234744501E+03,-7.64918215116510851E+02,1.91501645759134846E+02));
|   |   |   |   |   |   #19171=CARTESIAN_POINT('Ctrl Pnt',(-5.66507711550556996E+03,-8.73665993643271690E+02,1.91501645759150335E+02));
|   |   |   |   |   |   #19172=CARTESIAN_POINT('Ctrl Pnt',(-5.75911244897610050E+03,-9.69478628321826477E+02,1.91501645759138682E+02));
|   |   |   |   |   |   #19173=CARTESIAN_POINT('Ctrl Pnt',(-5.86196734811982424E+03,-1.05067720889950851E+03,1.91501645759145106E+02));
|   |   |   |   |   |   #19174=CARTESIAN_POINT('Ctrl Pnt',(-5.97019515396965562E+03,-1.11674582480310346E+03,1.91501645759142690E+02));
|   |   |   |   |   |   #19175=CARTESIAN_POINT('Ctrl Pnt',(-6.08073400237945680E+03,-1.16806588654757752E+03,1.91501645759143173E+02));
|   |   |   |   |   |   #19176=CARTESIAN_POINT('Ctrl Pnt',(-5.40468795290066555E+03,-1.47317820411790308E+02,1.88092918659949959E+02));
|   |   |   |   |   |   #19177=CARTESIAN_POINT('Ctrl Pnt',(-5.40705308265914846E+03,-2.70281824063005445E+02,1.88092918659949845E+02));
|   |   |   |   |   |   #19178=CARTESIAN_POINT('Ctrl Pnt',(-5.42397706504977486E+03,-3.97118709800932720E+02,1.88092918659950271E+02));
|   |   |   |   |   |   #19179=CARTESIAN_POINT('Ctrl Pnt',(-5.45705908335717231E+03,-5.25156738424855803E+02,1.88092918659949305E+02));
|   |   |   |   |   |   #19180=CARTESIAN_POINT('Ctrl Pnt',(-5.50722652422709962E+03,-6.51003426153416285E+02,1.88092918659950897E+02));
|   |   |   |   |   |   #19181=CARTESIAN_POINT('Ctrl Pnt',(-5.57434038534134197E+03,-7.70775782347294694E+02,1.88092918659949078E+02));
|   |   |   |   |   |   #19182=CARTESIAN_POINT('Ctrl Pnt',(-5.65683956471524107E+03,-8.80518996554500745E+02,1.88092918659950442E+02));
|   |   |   |   |   |   #19183=CARTESIAN_POINT('Ctrl Pnt',(-5.75173566175658289E+03,-9.77208663541276565E+02,1.88092918659949760E+02));
|   |   |   |   |   |   #19184=CARTESIAN_POINT('Ctrl Pnt',(-5.85553205541085754E+03,-1.05915050495059518E+03,1.88092918659950044E+02));
|   |   |   |   |   |   #19185=CARTESIAN_POINT('Ctrl Pnt',(-5.96475053730966556E+03,-1.12582388776097332E+03,1.88092918659949930E+02));
|   |   |   |   |   |   #19186=CARTESIAN_POINT('Ctrl Pnt',(-6.07630121617042641E+03,-1.17761371377355363E+03,1.88092918659949959E+02));
|   |   |   |   |   |   #19187=CARTESIAN_POINT('Ctrl Pnt',(-5.39836578363196259E+03,-1.47439423077276842E+02,1.79639012134705581E+02));
|   |   |   |   |   |   #19188=CARTESIAN_POINT('Ctrl Pnt',(-5.40074380022604964E+03,-2.71073418259630841E+02,1.79639012134705752E+02));
|   |   |   |   |   |   #19189=CARTESIAN_POINT('Ctrl Pnt',(-5.41775999598426188E+03,-3.98601397624640754E+02,1.79639012134704785E+02));
|   |   |   |   |   |   #19190=CARTESIAN_POINT('Ctrl Pnt',(-5.45102226762945429E+03,-5.27337064519055161E+02,1.79639012134708054E+02));
|   |   |   |   |   |   #19191=CARTESIAN_POINT('Ctrl Pnt',(-5.50146305484077220E+03,-6.53869450602440452E+02,1.79639012134700636E+02));
|   |   |   |   |   |   #19192=CARTESIAN_POINT('Ctrl Pnt',(-5.56894259792061712E+03,-7.74294408061206013E+02,1.79639012134712061E+02));
|   |   |   |   |   |   #19193=CARTESIAN_POINT('Ctrl Pnt',(-5.65189128893908310E+03,-8.84635577945982277E+02,1.79639012134699868E+02));
|   |   |   |   |   |   #19194=CARTESIAN_POINT('Ctrl Pnt',(-5.74730444446470847E+03,-9.81852076006219590E+02,1.79639012134708906E+02));
|   |   |   |   |   |   #19195=CARTESIAN_POINT('Ctrl Pnt',(-5.85166639147312708E+03,-1.06424039230382027E+03,1.79639012134704330E+02));
|   |   |   |   |   |   #19196=CARTESIAN_POINT('Ctrl Pnt',(-5.96147996995094309E+03,-1.13127705705458470E+03,1.79639012134705894E+02));
|   |   |   |   |   |   #19197=CARTESIAN_POINT('Ctrl Pnt',(-6.07363845278609278E+03,-1.18334906926641020E+03,1.79639012134705581E+02));
|   |   |   |   |   |   #19198=CARTESIAN_POINT('Ctrl Pnt',(-5.39836578363194985E+03,-1.47439423076611888E+02,1.70000000000000057E+02));
|   |   |   |   |   |   #19199=CARTESIAN_POINT('Ctrl Pnt',(-5.40074380022596779E+03,-2.71073418258973390E+02,1.70000000000000057E+02));
|   |   |   |   |   |   #19200=CARTESIAN_POINT('Ctrl Pnt',(-5.41775999598409999E+03,-3.98601397623967557E+02,1.70000000000000057E+02));
|   |   |   |   |   |   #19201=CARTESIAN_POINT('Ctrl Pnt',(-5.45102226762923237E+03,-5.27337064518453644E+02,1.70000000000000057E+02));
|   |   |   |   |   |   #19202=CARTESIAN_POINT('Ctrl Pnt',(-5.50146305484046570E+03,-6.53869450601797325E+02,1.70000000000000142E+02));
|   |   |   |   |   |   #19203=CARTESIAN_POINT('Ctrl Pnt',(-5.56894259792024059E+03,-7.74294408060663841E+02,1.69999999999999915E+02));
|   |   |   |   |   |   #19204=CARTESIAN_POINT('Ctrl Pnt',(-5.65189128893867110E+03,-8.84635577945453747E+02,1.70000000000000057E+02));
|   |   |   |   |   |   #19205=CARTESIAN_POINT('Ctrl Pnt',(-5.74730444446419278E+03,-9.81852076005750405E+02,1.70000000000000114E+02));
|   |   |   |   |   |   #19206=CARTESIAN_POINT('Ctrl Pnt',(-5.85166639147260958E+03,-1.06424039230341850E+03,1.70000000000000057E+02));
|   |   |   |   |   |   #19207=CARTESIAN_POINT('Ctrl Pnt',(-5.96147996995036283E+03,-1.13127705705423841E+03,1.70000000000000057E+02));
|   |   |   |   |   |   #19208=CARTESIAN_POINT('Ctrl Pnt',(-6.07363845278548979E+03,-1.18334906926613030E+03,1.70000000000000057E+02));
|   |   |   #19224=ADVANCED_FACE('',(#19230),#19225,.T.);
|   |   |   |   #19230=FACE_OUTER_BOUND('',#19231,.T.);
|   |   |   |   |   #19231=EDGE_LOOP('',(#19232,#19233,#19242,#19251,#19260,#19267,#19268,#19269));
|   |   |   |   |   |   #19232=ORIENTED_EDGE('',*,*,#18842,.F.);
|   |   |   |   |   |   |   #18842=EDGE_CURVE('',#18826,#18835,#18843,.T.);
|   |   |   |   |   |   |   |   #18826=VERTEX_POINT('',#18827);
|   |   |   |   |   |   |   |   |   #18827=CARTESIAN_POINT('',(-6.30417577265067030E+03,-9.20806343339153045E+02,170.0));
|   |   |   |   |   |   |   |   #18835=VERTEX_POINT('',#18836);
|   |   |   |   |   |   |   |   |   #18836=CARTESIAN_POINT('',(-6.27299733883142017E+03,-9.09458321522952019E+02,1.65843881789558992E+02));
|   |   |   |   |   |   |   |   #18843=CIRCLE('',#18844,1.68500000000000014E+01);
|   |   |   |   |   |   |   |   |   #18844=AXIS2_PLACEMENT_3D('',#18845,#18846,#18847);
|   |   |   |   |   |   |   |   |   |   #18845=CARTESIAN_POINT('',(-6.28834195198314319E+03,-9.15043303943958790E+02,170.0));
|   |   |   |   |   |   |   |   |   |   #18846=DIRECTION('',(3.42020142122826554E-01,-9.39692621223707225E-01,6.90002352041150823E-11));
|   |   |   |   |   |   |   |   |   |   #18847=DIRECTION('',(2.35994702510198951E-11,-6.48390118840072196E-11,-1.0));
|   |   |   |   |   |   #19233=ORIENTED_EDGE('',*,*,#19234,.T.);
|   |   |   |   |   |   |   #19234=EDGE_CURVE('',#18826,#19235,#19237,.T.);
|   |   |   |   |   |   |   |   #18826=VERTEX_POINT('',#18827);
|   |   |   |   |   |   |   |   |   #18827=CARTESIAN_POINT('',(-6.30417577265067030E+03,-9.20806343339153045E+02,170.0));
|   |   |   |   |   |   |   |   #19235=VERTEX_POINT('',#19236);
|   |   |   |   |   |   |   |   |   #19236=CARTESIAN_POINT('',(-6.33837778698259990E+03,-8.26837081262419019E+02,6.99999999980393994E+01));
|   |   |   |   |   |   |   |   #19237=CIRCLE('',#19238,9.99999999954626588E+01);
|   |   |   |   |   |   |   |   |   #19238=AXIS2_PLACEMENT_3D('',#19239,#19240,#19241);
|   |   |   |   |   |   |   |   |   |   #19239=CARTESIAN_POINT('',(-6.30417577265000000E+03,-9.20806343341000002E+02,7.00000000000000995E+01));
|   |   |   |   |   |   |   |   |   |   #19240=DIRECTION('',(-9.39692620785811394E-01,-3.42020143325935111E-01,-3.46189121011909137E-14));
|   |   |   |   |   |   |   |   |   |   #19241=DIRECTION('',(3.42020143325935111E-01,-9.39692620785811394E-01,-2.15739675013537453E-10));
|   |   |   |   |   |   #19242=ORIENTED_EDGE('',*,*,#19243,.T.);
|   |   |   |   |   |   |   #19243=EDGE_CURVE('',#19235,#19244,#19246,.T.);
|   |   |   |   |   |   |   |   #19235=VERTEX_POINT('',#19236);
|   |   |   |   |   |   |   |   |   #19236=CARTESIAN_POINT('',(-6.33837778698259990E+03,-8.26837081262419019E+02,6.99999999980393994E+01));
|   |   |   |   |   |   |   |   #19244=VERTEX_POINT('',#19245);
|   |   |   |   |   |   |   |   |   #19245=CARTESIAN_POINT('',(-6.30577787703181002E+03,-8.19394533019899995E+02,7.00000000403761931E+01));
|   |   |   |   |   |   |   |   #19246=CIRCLE('',#19247,1.68500000000000014E+01);
|   |   |   |   |   |   |   |   |   #19247=AXIS2_PLACEMENT_3D('',#19248,#19249,#19250);
|   |   |   |   |   |   |   |   |   |   #19248=CARTESIAN_POINT('',(-6.32254396632235239E+03,-8.21074041847376748E+02,7.00000000191839860E+01));
|   |   |   |   |   |   |   |   |   |   #19249=DIRECTION('',(6.55782436404623042E-11,-1.80275962537035179E-10,1.0));
|   |   |   |   |   |   |   |   |   |   #19250=DIRECTION('',(-3.42020143325935111E-01,9.39692620785811394E-01,1.91833071990085350E-10));
|   |   |   |   |   |   #19251=ORIENTED_EDGE('',*,*,#19252,.T.);
|   |   |   |   |   |   |   #19252=EDGE_CURVE('',#19244,#19253,#19255,.T.);
|   |   |   |   |   |   |   |   #19244=VERTEX_POINT('',#19245);
|   |   |   |   |   |   |   |   |   #19245=CARTESIAN_POINT('',(-6.30577787703181002E+03,-8.19394533019899995E+02,7.00000000403761931E+01));
|   |   |   |   |   |   |   |   #19253=VERTEX_POINT('',#19254);
|   |   |   |   |   |   |   |   |   #19254=CARTESIAN_POINT('',(-6.30671014569314957E+03,-8.15311002347075032E+02,7.00000000411811953E+01));
|   |   |   |   |   |   |   |   #19255=CIRCLE('',#19256,1.68500000000000014E+01);
|   |   |   |   |   |   |   |   |   #19256=AXIS2_PLACEMENT_3D('',#19257,#19258,#19259);
|   |   |   |   |   |   |   |   |   |   #19257=CARTESIAN_POINT('',(-6.32254396632235239E+03,-8.21074041847376748E+02,7.00000000191839860E+01));
|   |   |   |   |   |   |   |   |   |   #19258=DIRECTION('',(6.55782436404623042E-11,-1.80275962537035179E-10,1.0));
|   |   |   |   |   |   |   |   |   |   #19259=DIRECTION('',(-3.42020143325935111E-01,9.39692620785811394E-01,1.91833071990085350E-10));
|   |   |   |   |   |   #19260=ORIENTED_EDGE('',*,*,#19261,.T.);
|   |   |   |   |   |   |   #19261=EDGE_CURVE('',#19253,#19235,#19262,.T.);
|   |   |   |   |   |   |   |   #19253=VERTEX_POINT('',#19254);
|   |   |   |   |   |   |   |   |   #19254=CARTESIAN_POINT('',(-6.30671014569314957E+03,-8.15311002347075032E+02,7.00000000411811953E+01));
|   |   |   |   |   |   |   |   #19235=VERTEX_POINT('',#19236);
|   |   |   |   |   |   |   |   |   #19236=CARTESIAN_POINT('',(-6.33837778698259990E+03,-8.26837081262419019E+02,6.99999999980393994E+01));
|   |   |   |   |   |   |   |   #19262=CIRCLE('',#19263,1.68500000000000014E+01);
|   |   |   |   |   |   |   |   |   #19263=AXIS2_PLACEMENT_3D('',#19264,#19265,#19266);
|   |   |   |   |   |   |   |   |   |   #19264=CARTESIAN_POINT('',(-6.32254396632235239E+03,-8.21074041847376748E+02,7.00000000200339798E+01));
|   |   |   |   |   |   |   |   |   |   #19265=DIRECTION('',(6.84853938350294424E-11,-1.88263292051564467E-10,1.0));
|   |   |   |   |   |   |   |   |   |   #19266=DIRECTION('',(-3.42020143325935111E-01,9.39692620785811394E-01,2.00333010520889113E-10));
|   |   |   |   |   |   #19267=ORIENTED_EDGE('',*,*,#19234,.F.);
|   |   |   |   |   |   |   #19234=EDGE_CURVE('',#18826,#19235,#19237,.T.);
|   |   |   |   |   |   |   |   #18826=VERTEX_POINT('',#18827);
|   |   |   |   |   |   |   |   |   #18827=CARTESIAN_POINT('',(-6.30417577265067030E+03,-9.20806343339153045E+02,170.0));
|   |   |   |   |   |   |   |   #19235=VERTEX_POINT('',#19236);
|   |   |   |   |   |   |   |   |   #19236=CARTESIAN_POINT('',(-6.33837778698259990E+03,-8.26837081262419019E+02,6.99999999980393994E+01));
|   |   |   |   |   |   |   |   #19237=CIRCLE('',#19238,9.99999999954626588E+01);
|   |   |   |   |   |   |   |   |   #19238=AXIS2_PLACEMENT_3D('',#19239,#19240,#19241);
|   |   |   |   |   |   |   |   |   |   #19239=CARTESIAN_POINT('',(-6.30417577265000000E+03,-9.20806343341000002E+02,7.00000000000000995E+01));
|   |   |   |   |   |   |   |   |   |   #19240=DIRECTION('',(-9.39692620785811394E-01,-3.42020143325935111E-01,-3.46189121011909137E-14));
|   |   |   |   |   |   |   |   |   |   #19241=DIRECTION('',(3.42020143325935111E-01,-9.39692620785811394E-01,-2.15739675013537453E-10));
|   |   |   |   |   |   #19268=ORIENTED_EDGE('',*,*,#18891,.F.);
|   |   |   |   |   |   |   #18891=EDGE_CURVE('',#18863,#18826,#18892,.T.);
|   |   |   |   |   |   |   |   #18863=VERTEX_POINT('',#18864);
|   |   |   |   |   |   |   |   |   #18864=CARTESIAN_POINT('',(-6.27250813131543964E+03,-9.09280264549609001E+02,1.70000000090731987E+02));
|   |   |   |   |   |   |   |   #18826=VERTEX_POINT('',#18827);
|   |   |   |   |   |   |   |   |   #18827=CARTESIAN_POINT('',(-6.30417577265067030E+03,-9.20806343339153045E+02,170.0));
|   |   |   |   |   |   |   |   #18892=CIRCLE('',#18893,1.68500000000000014E+01);
|   |   |   |   |   |   |   |   |   #18893=AXIS2_PLACEMENT_3D('',#18894,#18895,#18896);
|   |   |   |   |   |   |   |   |   |   #18894=CARTESIAN_POINT('',(-6.28834195198285215E+03,-9.15043303944757326E+02,170.0));
|   |   |   |   |   |   |   |   |   |   #18895=DIRECTION('',(3.42020142122826554E-01,-9.39692621223707225E-01,6.90002352041150823E-11));
|   |   |   |   |   |   |   |   |   |   #18896=DIRECTION('',(2.35994702510198951E-11,-6.48390118840072196E-11,-1.0));
|   |   |   |   |   |   #19269=ORIENTED_EDGE('',*,*,#18870,.F.);
|   |   |   |   |   |   |   #18870=EDGE_CURVE('',#18835,#18863,#18871,.T.);
|   |   |   |   |   |   |   |   #18835=VERTEX_POINT('',#18836);
|   |   |   |   |   |   |   |   |   #18836=CARTESIAN_POINT('',(-6.27299733883142017E+03,-9.09458321522952019E+02,1.65843881789558992E+02));
|   |   |   |   |   |   |   |   #18863=VERTEX_POINT('',#18864);
|   |   |   |   |   |   |   |   |   #18864=CARTESIAN_POINT('',(-6.27250813131543964E+03,-9.09280264549609001E+02,1.70000000090731987E+02));
|   |   |   |   |   |   |   |   #18871=CIRCLE('',#18872,1.68500000000000014E+01);
|   |   |   |   |   |   |   |   |   #18872=AXIS2_PLACEMENT_3D('',#18873,#18874,#18875);
|   |   |   |   |   |   |   |   |   |   #18873=CARTESIAN_POINT('',(-6.28834195198314319E+03,-9.15043303943958790E+02,170.0));
|   |   |   |   |   |   |   |   |   |   #18874=DIRECTION('',(3.42020142122826554E-01,-9.39692621223707225E-01,6.90002352041150823E-11));
|   |   |   |   |   |   |   |   |   |   #18875=DIRECTION('',(2.35994702510198951E-11,-6.48390118840072196E-11,-1.0));
|   |   |   |   #19225=TOROIDAL_SURFACE('',#19226,1.00000000000000071E+02,1.68500000000000014E+01);
|   |   |   |   |   #19226=AXIS2_PLACEMENT_3D('',#19227,#19228,#19229);
|   |   |   |   |   |   #19227=CARTESIAN_POINT('',(-6.28834195198975885E+03,-9.15043303925957957E+02,7.00000000000006821E+01));
|   |   |   |   |   |   #19228=DIRECTION('',(-9.39692620785811394E-01,-3.42020143325935111E-01,-3.46189121011909137E-14));
|   |   |   |   |   |   #19229=DIRECTION('',(3.42020143325935111E-01,-9.39692620785811394E-01,-2.07239736482733690E-10));
|   |   |   #19270=ADVANCED_FACE('',(#19276),#19271,.F.);
|   |   |   |   #19276=FACE_OUTER_BOUND('',#19277,.F.);
|   |   |   |   |   #19277=EDGE_LOOP('',(#19278,#19279,#19288,#19297,#19306,#19313,#19314,#19315));
|   |   |   |   |   |   #19278=ORIENTED_EDGE('',*,*,#19013,.F.);
|   |   |   |   |   |   |   #19013=EDGE_CURVE('',#18981,#18998,#19014,.T.);
|   |   |   |   |   |   |   |   #18981=VERTEX_POINT('',#18982);
|   |   |   |   |   |   |   |   |   #18982=CARTESIAN_POINT('',(-6.07480490203234967E+03,-1.18083664092794993E+03,170.0));
|   |   |   |   |   |   |   |   #18998=VERTEX_POINT('',#18999);
|   |   |   |   |   |   |   |   |   #18999=CARTESIAN_POINT('',(-6.08647991484909016E+03,-1.15568970183684996E+03,1.66527113091809014E+02));
|   |   |   |   |   |   |   |   #19014=B_SPLINE_CURVE_WITH_KNOTS('',6,(#19015,#19016,#19017,#19018,#19019,#19020,#19021),.UNSPECIFIED.,.F.,.F.,(7,7),(4.71238898038469234,7.60475568276043212),.UNSPECIFIED.);
|   |   |   |   |   |   |   |   |   #19015=CARTESIAN_POINT('Ctrl Pnt',(-6.07480490203235058E+03,-1.18083664092794947E+03,1.70000000000000085E+02));
|   |   |   |   |   |   |   |   |   #19016=CARTESIAN_POINT('Ctrl Pnt',(-6.07480490203234876E+03,-1.18083664092794947E+03,1.63213741819471977E+02));
|   |   |   |   |   |   |   |   |   #19017=CARTESIAN_POINT('Ctrl Pnt',(-6.07644687341381814E+03,-1.17729998062896721E+03,1.56430127531992611E+02));
|   |   |   |   |   |   |   |   |   #19018=CARTESIAN_POINT('Ctrl Pnt',(-6.07980784383116134E+03,-1.17006074931513649E+03,1.52441810329733926E+02));
|   |   |   |   |   |   |   |   |   #19019=CARTESIAN_POINT('Ctrl Pnt',(-6.08347922371540517E+03,-1.16215292362123432E+03,1.54338261965802445E+02));
|   |   |   |   |   |   |   |   |   #19020=CARTESIAN_POINT('Ctrl Pnt',(-6.08577505219319755E+03,-1.15720791329865415E+03,1.59950525626689398E+02));
|   |   |   |   |   |   |   |   |   #19021=CARTESIAN_POINT('Ctrl Pnt',(-6.08647991484908562E+03,-1.15568970183684951E+03,1.66527113091808985E+02));
|   |   |   |   |   |   #19279=ORIENTED_EDGE('',*,*,#19280,.T.);
|   |   |   |   |   |   |   #19280=EDGE_CURVE('',#18981,#19281,#19283,.T.);
|   |   |   |   |   |   |   |   #18981=VERTEX_POINT('',#18982);
|   |   |   |   |   |   |   |   |   #18982=CARTESIAN_POINT('',(-6.07480490203234967E+03,-1.18083664092794993E+03,170.0));
|   |   |   |   |   |   |   |   #19281=VERTEX_POINT('',#19282);
|   |   |   |   |   |   |   |   |   #19282=CARTESIAN_POINT('',(-6.23004422332045033E+03,-1.11638216303477998E+03,170.0));
|   |   |   |   |   |   |   |   #19283=CIRCLE('',#19284,1.14079999999999998E+02);
|   |   |   |   |   |   |   |   |   #19284=AXIS2_PLACEMENT_3D('',#19285,#19286,#19287);
|   |   |   |   |   |   |   |   |   |   #19285=CARTESIAN_POINT('',(-6.12284408915000040E+03,-1.07736450506000006E+03,1.69999999999999972E+02));
|   |   |   |   |   |   |   |   |   |   #19286=DIRECTION('',(0.0,0.0,-1.0));
|   |   |   |   |   |   |   |   |   |   #19287=DIRECTION('',(-1.0,-2.09849986276822153E-10,0.0));
|   |   |   |   |   |   #19288=ORIENTED_EDGE('',*,*,#19289,.T.);
|   |   |   |   |   |   |   #19289=EDGE_CURVE('',#19281,#19290,#19292,.T.);
|   |   |   |   |   |   |   |   #19281=VERTEX_POINT('',#19282);
|   |   |   |   |   |   |   |   |   #19282=CARTESIAN_POINT('',(-6.23004422332045033E+03,-1.11638216303477998E+03,170.0));
|   |   |   |   |   |   |   |   #19290=VERTEX_POINT('',#19291);
|   |   |   |   |   |   |   |   |   #19291=CARTESIAN_POINT('',(-6.20399126498601981E+03,-1.10689966167981993E+03,1.66527113091809014E+02));
|   |   |   |   |   |   |   |   #19292=CIRCLE('',#19293,1.40800000000000018E+01);
|   |   |   |   |   |   |   |   |   #19293=AXIS2_PLACEMENT_3D('',#19294,#19295,#19296);
|   |   |   |   |   |   |   |   |   |   #19294=CARTESIAN_POINT('',(-6.21681335122087330E+03,-1.11156651941377208E+03,170.0));
|   |   |   |   |   |   |   |   |   |   #19295=DIRECTION('',(3.42020143537720034E-01,-9.39692620708728055E-01,0.0));
|   |   |   |   |   |   |   |   |   |   #19296=DIRECTION('',(-9.39692620708728055E-01,-3.42020143537720034E-01,0.0));
|   |   |   |   |   |   #19297=ORIENTED_EDGE('',*,*,#19298,.T.);
|   |   |   |   |   |   |   #19298=EDGE_CURVE('',#19290,#19299,#19301,.T.);
|   |   |   |   |   |   |   |   #19290=VERTEX_POINT('',#19291);
|   |   |   |   |   |   |   |   |   #19291=CARTESIAN_POINT('',(-6.20399126498601981E+03,-1.10689966167981993E+03,1.66527113091809014E+02));
|   |   |   |   |   |   |   |   #19299=VERTEX_POINT('',#19300);
|   |   |   |   |   |   |   |   |   #19300=CARTESIAN_POINT('',(-6.20358247912128991E+03,-1.10675087579276010E+03,1.70000000075815990E+02));
|   |   |   |   |   |   |   |   #19301=CIRCLE('',#19302,1.40800000000000018E+01);
|   |   |   |   |   |   |   |   |   #19302=AXIS2_PLACEMENT_3D('',#19303,#19304,#19305);
|   |   |   |   |   |   |   |   |   |   #19303=CARTESIAN_POINT('',(-6.21681335122087330E+03,-1.11156651941377208E+03,170.0));
|   |   |   |   |   |   |   |   |   |   #19304=DIRECTION('',(3.42020143537720034E-01,-9.39692620708728055E-01,0.0));
|   |   |   |   |   |   |   |   |   |   #19305=DIRECTION('',(-9.39692620708728055E-01,-3.42020143537720034E-01,0.0));
|   |   |   |   |   |   #19306=ORIENTED_EDGE('',*,*,#19307,.T.);
|   |   |   |   |   |   |   #19307=EDGE_CURVE('',#19299,#19281,#19308,.T.);
|   |   |   |   |   |   |   |   #19299=VERTEX_POINT('',#19300);
|   |   |   |   |   |   |   |   |   #19300=CARTESIAN_POINT('',(-6.20358247912128991E+03,-1.10675087579276010E+03,1.70000000075815990E+02));
|   |   |   |   |   |   |   |   #19281=VERTEX_POINT('',#19282);
|   |   |   |   |   |   |   |   |   #19282=CARTESIAN_POINT('',(-6.23004422332045033E+03,-1.11638216303477998E+03,170.0));
|   |   |   |   |   |   |   |   #19308=CIRCLE('',#19309,1.40800000000000018E+01);
|   |   |   |   |   |   |   |   |   #19309=AXIS2_PLACEMENT_3D('',#19310,#19311,#19312);
|   |   |   |   |   |   |   |   |   |   #19310=CARTESIAN_POINT('',(-6.21681335122087330E+03,-1.11156651941377208E+03,170.0));
|   |   |   |   |   |   |   |   |   |   #19311=DIRECTION('',(3.42020143537720034E-01,-9.39692620708728055E-01,0.0));
|   |   |   |   |   |   |   |   |   |   #19312=DIRECTION('',(-9.39692620708728055E-01,-3.42020143537720034E-01,0.0));
|   |   |   |   |   |   #19313=ORIENTED_EDGE('',*,*,#19280,.F.);
|   |   |   |   |   |   |   #19280=EDGE_CURVE('',#18981,#19281,#19283,.T.);
|   |   |   |   |   |   |   |   #18981=VERTEX_POINT('',#18982);
|   |   |   |   |   |   |   |   |   #18982=CARTESIAN_POINT('',(-6.07480490203234967E+03,-1.18083664092794993E+03,170.0));
|   |   |   |   |   |   |   |   #19281=VERTEX_POINT('',#19282);
|   |   |   |   |   |   |   |   |   #19282=CARTESIAN_POINT('',(-6.23004422332045033E+03,-1.11638216303477998E+03,170.0));
|   |   |   |   |   |   |   |   #19283=CIRCLE('',#19284,1.14079999999999998E+02);
|   |   |   |   |   |   |   |   |   #19284=AXIS2_PLACEMENT_3D('',#19285,#19286,#19287);
|   |   |   |   |   |   |   |   |   |   #19285=CARTESIAN_POINT('',(-6.12284408915000040E+03,-1.07736450506000006E+03,1.69999999999999972E+02));
|   |   |   |   |   |   |   |   |   |   #19286=DIRECTION('',(0.0,0.0,-1.0));
|   |   |   |   |   |   |   |   |   |   #19287=DIRECTION('',(-1.0,-2.09849986276822153E-10,0.0));
|   |   |   |   |   |   #19314=ORIENTED_EDGE('',*,*,#19215,.F.);
|   |   |   |   |   |   |   #19215=EDGE_CURVE('',#19108,#18981,#19216,.T.);
|   |   |   |   |   |   |   |   #19108=VERTEX_POINT('',#19109);
|   |   |   |   |   |   |   |   |   #19109=CARTESIAN_POINT('',(-6.08666310249898015E+03,-1.15529513193389994E+03,1.70000000075815990E+02));
|   |   |   |   |   |   |   |   #18981=VERTEX_POINT('',#18982);
|   |   |   |   |   |   |   |   |   #18982=CARTESIAN_POINT('',(-6.07480490203234967E+03,-1.18083664092794993E+03,170.0));
|   |   |   |   |   |   |   |   #19216=B_SPLINE_CURVE_WITH_KNOTS('',6,(#19217,#19218,#19219,#19220,#19221,#19222,#19223),.UNSPECIFIED.,.F.,.F.,(7,7),(1.57079633217958659,4.71238898038468612),.UNSPECIFIED.);
|   |   |   |   |   |   |   |   |   #19217=CARTESIAN_POINT('Ctrl Pnt',(-6.08666310249897833E+03,-1.15529513193389698E+03,1.70000000075816445E+02));
|   |   |   |   |   |   |   |   |   #19218=CARTESIAN_POINT('Ctrl Pnt',(-6.08666310248226819E+03,-1.15529513196989319E+03,1.77370219389386278E+02));
|   |   |   |   |   |   |   |   |   #19219=CARTESIAN_POINT('Ctrl Pnt',(-6.08473298273410364E+03,-1.15945243821931376E+03,1.84741025810890363E+02));
|   |   |   |   |   |   |   |   |   #19220=CARTESIAN_POINT('Ctrl Pnt',(-6.08073400224467969E+03,-1.16806588647616513E+03,1.88521652242519565E+02));
|   |   |   |   |   |   |   |   |   #19221=CARTESIAN_POINT('Ctrl Pnt',(-6.07673502176377133E+03,-1.17667933471451011E+03,1.84741025759756894E+02));
|   |   |   |   |   |   |   |   |   #19222=CARTESIAN_POINT('Ctrl Pnt',(-6.07480490203235331E+03,-1.18083664092795129E+03,1.77370219313569805E+02));
|   |   |   |   |   |   |   |   |   #19223=CARTESIAN_POINT('Ctrl Pnt',(-6.07480490203234876E+03,-1.18083664092794879E+03,170.0));
|   |   |   |   |   |   #19315=ORIENTED_EDGE('',*,*,#19123,.F.);
|   |   |   |   |   |   |   #19123=EDGE_CURVE('',#18998,#19108,#19124,.T.);
|   |   |   |   |   |   |   |   #18998=VERTEX_POINT('',#18999);
|   |   |   |   |   |   |   |   |   #18999=CARTESIAN_POINT('',(-6.08647991484909016E+03,-1.15568970183684996E+03,1.66527113091809014E+02));
|   |   |   |   |   |   |   |   #19108=VERTEX_POINT('',#19109);
|   |   |   |   |   |   |   |   |   #19109=CARTESIAN_POINT('',(-6.08666310249898015E+03,-1.15529513193389994E+03,1.70000000075815990E+02));
|   |   |   |   |   |   |   |   #19124=CIRCLE('',#19125,1.40800000000000018E+01);
|   |   |   |   |   |   |   |   |   #19125=AXIS2_PLACEMENT_3D('',#19126,#19127,#19128);
|   |   |   |   |   |   |   |   |   |   #19126=CARTESIAN_POINT('',(-6.08073400226566355E+03,-1.16806588643092277E+03,170.0));
|   |   |   |   |   |   |   |   |   |   #19127=DIRECTION('',(9.07013813709227845E-01,4.21100868843371390E-01,0.0));
|   |   |   |   |   |   |   |   |   |   #19128=DIRECTION('',(-5.55111512312578147E-17,5.55111512312578147E-17,-1.0));
|   |   |   |   #19271=TOROIDAL_SURFACE('',#19272,100.0,1.40800000000000018E+01);
|   |   |   |   |   #19272=AXIS2_PLACEMENT_3D('',#19273,#19274,#19275);
|   |   |   |   |   |   #19273=CARTESIAN_POINT('',(-6.12284408915000040E+03,-1.07736450506000006E+03,170.0));
|   |   |   |   |   |   #19274=DIRECTION('',(0.0,0.0,-1.0));
|   |   |   |   |   |   #19275=DIRECTION('',(-1.0,-2.09849986276822153E-10,-0.0));
|   |   |   #19316=ADVANCED_FACE('',(#19325),#19322,.F.);
|   |   |   |   #19325=FACE_OUTER_BOUND('',#19326,.F.);
|   |   |   |   |   #19326=EDGE_LOOP('',(#19327,#19335,#19336,#19344));
|   |   |   |   |   |   #19327=ORIENTED_EDGE('',*,*,#19328,.F.);
|   |   |   |   |   |   |   #19328=EDGE_CURVE('',#19235,#19329,#19331,.T.);
|   |   |   |   |   |   |   |   #19235=VERTEX_POINT('',#19236);
|   |   |   |   |   |   |   |   |   #19236=CARTESIAN_POINT('',(-6.33837778698259990E+03,-8.26837081262419019E+02,6.99999999980393994E+01));
|   |   |   |   |   |   |   |   #19329=VERTEX_POINT('',#19330);
|   |   |   |   |   |   |   |   |   #19330=CARTESIAN_POINT('',(-6.33837778698988041E+03,-8.26837081262002016E+02,-2.63757659565097015E+02));
|   |   |   |   |   |   |   |   #19331=LINE('',#19332,#19333);
|   |   |   |   |   |   |   |   |   #19332=CARTESIAN_POINT('',(-6.33837778698259990E+03,-8.26837081262419019E+02,6.99999999984593870E+01));
|   |   |   |   |   |   |   |   |   #19333=VECTOR('',#19334,1.0);
|   |   |   |   |   |   |   |   |   |   #19334=DIRECTION('',(-2.18278728425502777E-11,1.25055521493777633E-12,-1.0));
|   |   |   |   |   |   #19335=ORIENTED_EDGE('',*,*,#19243,.T.);
|   |   |   |   |   |   |   #19243=EDGE_CURVE('',#19235,#19244,#19246,.T.);
|   |   |   |   |   |   |   |   #19235=VERTEX_POINT('',#19236);
|   |   |   |   |   |   |   |   |   #19236=CARTESIAN_POINT('',(-6.33837778698259990E+03,-8.26837081262419019E+02,6.99999999980393994E+01));
|   |   |   |   |   |   |   |   #19244=VERTEX_POINT('',#19245);
|   |   |   |   |   |   |   |   |   #19245=CARTESIAN_POINT('',(-6.30577787703181002E+03,-8.19394533019899995E+02,7.00000000403761931E+01));
|   |   |   |   |   |   |   |   #19246=CIRCLE('',#19247,1.68500000000000014E+01);
|   |   |   |   |   |   |   |   |   #19247=AXIS2_PLACEMENT_3D('',#19248,#19249,#19250);
|   |   |   |   |   |   |   |   |   |   #19248=CARTESIAN_POINT('',(-6.32254396632235239E+03,-8.21074041847376748E+02,7.00000000191839860E+01));
|   |   |   |   |   |   |   |   |   |   #19249=DIRECTION('',(6.55782436404623042E-11,-1.80275962537035179E-10,1.0));
|   |   |   |   |   |   |   |   |   |   #19250=DIRECTION('',(-3.42020143325935111E-01,9.39692620785811394E-01,1.91833071990085350E-10));
|   |   |   |   |   |   #19336=ORIENTED_EDGE('',*,*,#19337,.T.);
|   |   |   |   |   |   |   #19337=EDGE_CURVE('',#19244,#19338,#19340,.T.);
|   |   |   |   |   |   |   |   #19244=VERTEX_POINT('',#19245);
|   |   |   |   |   |   |   |   |   #19245=CARTESIAN_POINT('',(-6.30577787703181002E+03,-8.19394533019899995E+02,7.00000000403761931E+01));
|   |   |   |   |   |   |   |   #19338=VERTEX_POINT('',#19339);
|   |   |   |   |   |   |   |   |   #19339=CARTESIAN_POINT('',(-6.30577787703909962E+03,-8.19394533019482992E+02,-2.63757659504937976E+02));
|   |   |   |   |   |   |   |   #19340=LINE('',#19341,#19342);
|   |   |   |   |   |   |   |   |   #19341=CARTESIAN_POINT('',(-6.30577787703181639E+03,-8.19394533019899882E+02,7.00000000403762215E+01));
|   |   |   |   |   |   |   |   |   #19342=VECTOR('',#19343,1.0);
|   |   |   |   |   |   |   |   |   |   #19343=DIRECTION('',(-2.18278728425502777E-11,1.25055521493777633E-12,-1.0));
|   |   |   |   |   |   #19344=ORIENTED_EDGE('',*,*,#19345,.F.);
|   |   |   |   |   |   |   #19345=EDGE_CURVE('',#19329,#19338,#19346,.T.);
|   |   |   |   |   |   |   |   #19329=VERTEX_POINT('',#19330);
|   |   |   |   |   |   |   |   |   #19330=CARTESIAN_POINT('',(-6.33837778698988041E+03,-8.26837081262002016E+02,-2.63757659565097015E+02));
|   |   |   |   |   |   |   |   #19338=VERTEX_POINT('',#19339);
|   |   |   |   |   |   |   |   |   #19339=CARTESIAN_POINT('',(-6.30577787703909962E+03,-8.19394533019482992E+02,-2.63757659504937976E+02));
|   |   |   |   |   |   |   |   #19346=B_SPLINE_CURVE_WITH_KNOTS('',9,(#19347,#19348,#19349,#19350,#19351,#19352,#19353,#19354,#19355,#19356),.UNSPECIFIED.,.F.,.F.,(10,10),(5.29326434294452426E+01,1.01671299527709479E+02),.UNSPECIFIED.);
|   |   |   |   |   |   |   |   |   #19347=CARTESIAN_POINT('Ctrl Pnt',(-6.33837778698988495E+03,-8.26837081262001789E+02,-2.63757659565096787E+02));
|   |   |   |   |   |   |   |   |   #19348=CARTESIAN_POINT('Ctrl Pnt',(-6.33652601268286526E+03,-8.31924789356385531E+02,-2.63757659564769028E+02));
|   |   |   |   |   |   |   |   |   #19349=CARTESIAN_POINT('Ctrl Pnt',(-6.33283428028337585E+03,-8.36345606872792814E+02,-2.63757659561023729E+02));
|   |   |   |   |   |   |   |   |   #19350=CARTESIAN_POINT('Ctrl Pnt',(-6.32757761476176074E+03,-8.39332953705674754E+02,-2.63757659553329290E+02));
|   |   |   |   |   |   |   |   |   #19351=CARTESIAN_POINT('Ctrl Pnt',(-6.32140590918781163E+03,-8.40267313365297696E+02,-2.63757659543907948E+02));
|   |   |   |   |   |   |   |   |   #19352=CARTESIAN_POINT('Ctrl Pnt',(-6.31523977246187678E+03,-8.38859586472284718E+02,-2.63757659531726176E+02));
|   |   |   |   |   |   |   |   |   #19353=CARTESIAN_POINT('Ctrl Pnt',(-6.31008503725839910E+03,-8.35339404277607059E+02,-2.63757659521580251E+02));
|   |   |   |   |   |   |   |   |   #19354=CARTESIAN_POINT('Ctrl Pnt',(-6.30664563753941457E+03,-8.30366748737293278E+02,-2.63757659512483997E+02));
|   |   |   |   |   |   |   |   |   #19355=CARTESIAN_POINT('Ctrl Pnt',(-6.30523821887041595E+03,-8.24781796780800164E+02,-2.63757659507059088E+02));
|   |   |   |   |   |   |   |   |   #19356=CARTESIAN_POINT('Ctrl Pnt',(-6.30577787703910144E+03,-8.19394533019482537E+02,-2.63757659504937749E+02));
|   |   |   |   #19322=SURFACE_OF_LINEAR_EXTRUSION('',#19317,#19323);
|   |   |   |   |   #19317=CIRCLE('',#19318,1.68500000000000014E+01);
|   |   |   |   |   |   #19318=AXIS2_PLACEMENT_3D('',#19319,#19320,#19321);
|   |   |   |   |   |   |   #19319=CARTESIAN_POINT('',(-6.32254396632235876E+03,-8.21074041847377089E+02,7.00000000191827922E+01));
|   |   |   |   |   |   |   #19320=DIRECTION('',(-1.22669087744663637E-09,-3.73100136535058481E-10,1.0));
|   |   |   |   |   |   |   #19321=DIRECTION('',(3.42020143325933945E-01,-9.39692620785811839E-01,6.89535446047408977E-11));
|   |   |   |   |   #19323=VECTOR('',#19324,1.0);
|   |   |   |   |   |   #19324=DIRECTION('',(-2.18278728425502777E-11,1.25055521493777633E-12,-1.0));
|   |   |   #19357=ADVANCED_FACE('',(#19366),#19363,.F.);
|   |   |   |   #19366=FACE_OUTER_BOUND('',#19367,.F.);
|   |   |   |   |   #19367=EDGE_LOOP('',(#19368,#19369,#19370,#19378));
|   |   |   |   |   |   #19368=ORIENTED_EDGE('',*,*,#19337,.F.);
|   |   |   |   |   |   |   #19337=EDGE_CURVE('',#19244,#19338,#19340,.T.);
|   |   |   |   |   |   |   |   #19244=VERTEX_POINT('',#19245);
|   |   |   |   |   |   |   |   |   #19245=CARTESIAN_POINT('',(-6.30577787703181002E+03,-8.19394533019899995E+02,7.00000000403761931E+01));
|   |   |   |   |   |   |   |   #19338=VERTEX_POINT('',#19339);
|   |   |   |   |   |   |   |   |   #19339=CARTESIAN_POINT('',(-6.30577787703909962E+03,-8.19394533019482992E+02,-2.63757659504937976E+02));
|   |   |   |   |   |   |   |   #19340=LINE('',#19341,#19342);
|   |   |   |   |   |   |   |   |   #19341=CARTESIAN_POINT('',(-6.30577787703181639E+03,-8.19394533019899882E+02,7.00000000403762215E+01));
|   |   |   |   |   |   |   |   |   #19342=VECTOR('',#19343,1.0);
|   |   |   |   |   |   |   |   |   |   #19343=DIRECTION('',(-2.18278728425502777E-11,1.25055521493777633E-12,-1.0));
|   |   |   |   |   |   #19369=ORIENTED_EDGE('',*,*,#19252,.T.);
|   |   |   |   |   |   |   #19252=EDGE_CURVE('',#19244,#19253,#19255,.T.);
|   |   |   |   |   |   |   |   #19244=VERTEX_POINT('',#19245);
|   |   |   |   |   |   |   |   |   #19245=CARTESIAN_POINT('',(-6.30577787703181002E+03,-8.19394533019899995E+02,7.00000000403761931E+01));
|   |   |   |   |   |   |   |   #19253=VERTEX_POINT('',#19254);
|   |   |   |   |   |   |   |   |   #19254=CARTESIAN_POINT('',(-6.30671014569314957E+03,-8.15311002347075032E+02,7.00000000411811953E+01));
|   |   |   |   |   |   |   |   #19255=CIRCLE('',#19256,1.68500000000000014E+01);
|   |   |   |   |   |   |   |   |   #19256=AXIS2_PLACEMENT_3D('',#19257,#19258,#19259);
|   |   |   |   |   |   |   |   |   |   #19257=CARTESIAN_POINT('',(-6.32254396632235239E+03,-8.21074041847376748E+02,7.00000000191839860E+01));
|   |   |   |   |   |   |   |   |   |   #19258=DIRECTION('',(6.55782436404623042E-11,-1.80275962537035179E-10,1.0));
|   |   |   |   |   |   |   |   |   |   #19259=DIRECTION('',(-3.42020143325935111E-01,9.39692620785811394E-01,1.91833071990085350E-10));
|   |   |   |   |   |   #19370=ORIENTED_EDGE('',*,*,#19371,.T.);
|   |   |   |   |   |   |   #19371=EDGE_CURVE('',#19253,#19372,#19374,.T.);
|   |   |   |   |   |   |   |   #19253=VERTEX_POINT('',#19254);
|   |   |   |   |   |   |   |   |   #19254=CARTESIAN_POINT('',(-6.30671014569314957E+03,-8.15311002347075032E+02,7.00000000411811953E+01));
|   |   |   |   |   |   |   |   #19372=VERTEX_POINT('',#19373);
|   |   |   |   |   |   |   |   |   #19373=CARTESIAN_POINT('',(-6.30671014570043008E+03,-8.15311002346658029E+02,-2.63757659502956017E+02));
|   |   |   |   |   |   |   |   #19374=LINE('',#19375,#19376);
|   |   |   |   |   |   |   |   |   #19375=CARTESIAN_POINT('',(-6.30671014569314957E+03,-8.15311002347074918E+02,7.00000000416061852E+01));
|   |   |   |   |   |   |   |   |   #19376=VECTOR('',#19377,1.0);
|   |   |   |   |   |   |   |   |   |   #19377=DIRECTION('',(-2.18278728425502777E-11,1.25055521493777633E-12,-1.0));
|   |   |   |   |   |   #19378=ORIENTED_EDGE('',*,*,#19379,.F.);
|   |   |   |   |   |   |   #19379=EDGE_CURVE('',#19338,#19372,#19380,.T.);
|   |   |   |   |   |   |   |   #19338=VERTEX_POINT('',#19339);
|   |   |   |   |   |   |   |   |   #19339=CARTESIAN_POINT('',(-6.30577787703909962E+03,-8.19394533019482992E+02,-2.63757659504937976E+02));
|   |   |   |   |   |   |   |   #19372=VERTEX_POINT('',#19373);
|   |   |   |   |   |   |   |   |   #19373=CARTESIAN_POINT('',(-6.30671014570043008E+03,-8.15311002346658029E+02,-2.63757659502956017E+02));
|   |   |   |   |   |   |   |   #19380=B_SPLINE_CURVE_WITH_KNOTS('',4,(#19381,#19382,#19383,#19384,#19385),.UNSPECIFIED.,.F.,.F.,(5,5),(1.01671299527709479E+02,1.05871672425670809E+02),.UNSPECIFIED.);
|   |   |   |   |   |   |   |   |   #19381=CARTESIAN_POINT('Ctrl Pnt',(-6.30577787703910144E+03,-8.19394533019482537E+02,-2.63757659504937806E+02));
|   |   |   |   |   |   |   |   |   #19382=CARTESIAN_POINT('Ctrl Pnt',(-6.30588252133763126E+03,-8.18349896859100681E+02,-2.63757659504532228E+02));
|   |   |   |   |   |   |   |   |   #19383=CARTESIAN_POINT('Ctrl Pnt',(-6.30607395141254892E+03,-8.17313943053157686E+02,-2.63757659504272908E+02));
|   |   |   |   |   |   |   |   |   #19384=CARTESIAN_POINT('Ctrl Pnt',(-6.30635107094304931E+03,-8.16297552118801946E+02,-2.63757659504179628E+02));
|   |   |   |   |   |   |   |   |   #19385=CARTESIAN_POINT('Ctrl Pnt',(-6.30671014570043462E+03,-8.15311002346657574E+02,-2.63757659504241815E+02));
|   |   |   |   #19363=SURFACE_OF_LINEAR_EXTRUSION('',#19358,#19364);
|   |   |   |   |   #19358=CIRCLE('',#19359,1.68500000000000014E+01);
|   |   |   |   |   |   #19359=AXIS2_PLACEMENT_3D('',#19360,#19361,#19362);
|   |   |   |   |   |   |   #19360=CARTESIAN_POINT('',(-6.32254396632235876E+03,-8.21074041847377089E+02,7.00000000191827922E+01));
|   |   |   |   |   |   |   #19361=DIRECTION('',(-1.22669087744663637E-09,-3.73100136535058481E-10,1.0));
|   |   |   |   |   |   |   #19362=DIRECTION('',(3.42020143325933945E-01,-9.39692620785811839E-01,6.89535446047408977E-11));
|   |   |   |   |   #19364=VECTOR('',#19365,1.0);
|   |   |   |   |   |   #19365=DIRECTION('',(-2.18278728425502777E-11,1.25055521493777633E-12,-1.0));
|   |   |   #19386=ADVANCED_FACE('',(#19395),#19392,.F.);
|   |   |   |   #19395=FACE_OUTER_BOUND('',#19396,.F.);
|   |   |   |   |   #19396=EDGE_LOOP('',(#19397,#19398,#19399,#19400));
|   |   |   |   |   |   #19397=ORIENTED_EDGE('',*,*,#19371,.F.);
|   |   |   |   |   |   |   #19371=EDGE_CURVE('',#19253,#19372,#19374,.T.);
|   |   |   |   |   |   |   |   #19253=VERTEX_POINT('',#19254);
|   |   |   |   |   |   |   |   |   #19254=CARTESIAN_POINT('',(-6.30671014569314957E+03,-8.15311002347075032E+02,7.00000000411811953E+01));
|   |   |   |   |   |   |   |   #19372=VERTEX_POINT('',#19373);
|   |   |   |   |   |   |   |   |   #19373=CARTESIAN_POINT('',(-6.30671014570043008E+03,-8.15311002346658029E+02,-2.63757659502956017E+02));
|   |   |   |   |   |   |   |   #19374=LINE('',#19375,#19376);
|   |   |   |   |   |   |   |   |   #19375=CARTESIAN_POINT('',(-6.30671014569314957E+03,-8.15311002347074918E+02,7.00000000416061852E+01));
|   |   |   |   |   |   |   |   |   #19376=VECTOR('',#19377,1.0);
|   |   |   |   |   |   |   |   |   |   #19377=DIRECTION('',(-2.18278728425502777E-11,1.25055521493777633E-12,-1.0));
|   |   |   |   |   |   #19398=ORIENTED_EDGE('',*,*,#19261,.T.);
|   |   |   |   |   |   |   #19261=EDGE_CURVE('',#19253,#19235,#19262,.T.);
|   |   |   |   |   |   |   |   #19253=VERTEX_POINT('',#19254);
|   |   |   |   |   |   |   |   |   #19254=CARTESIAN_POINT('',(-6.30671014569314957E+03,-8.15311002347075032E+02,7.00000000411811953E+01));
|   |   |   |   |   |   |   |   #19235=VERTEX_POINT('',#19236);
|   |   |   |   |   |   |   |   |   #19236=CARTESIAN_POINT('',(-6.33837778698259990E+03,-8.26837081262419019E+02,6.99999999980393994E+01));
|   |   |   |   |   |   |   |   #19262=CIRCLE('',#19263,1.68500000000000014E+01);
|   |   |   |   |   |   |   |   |   #19263=AXIS2_PLACEMENT_3D('',#19264,#19265,#19266);
|   |   |   |   |   |   |   |   |   |   #19264=CARTESIAN_POINT('',(-6.32254396632235239E+03,-8.21074041847376748E+02,7.00000000200339798E+01));
|   |   |   |   |   |   |   |   |   |   #19265=DIRECTION('',(6.84853938350294424E-11,-1.88263292051564467E-10,1.0));
|   |   |   |   |   |   |   |   |   |   #19266=DIRECTION('',(-3.42020143325935111E-01,9.39692620785811394E-01,2.00333010520889113E-10));
|   |   |   |   |   |   #19399=ORIENTED_EDGE('',*,*,#19328,.T.);
|   |   |   |   |   |   |   #19328=EDGE_CURVE('',#19235,#19329,#19331,.T.);
|   |   |   |   |   |   |   |   #19235=VERTEX_POINT('',#19236);
|   |   |   |   |   |   |   |   |   #19236=CARTESIAN_POINT('',(-6.33837778698259990E+03,-8.26837081262419019E+02,6.99999999980393994E+01));
|   |   |   |   |   |   |   |   #19329=VERTEX_POINT('',#19330);
|   |   |   |   |   |   |   |   |   #19330=CARTESIAN_POINT('',(-6.33837778698988041E+03,-8.26837081262002016E+02,-2.63757659565097015E+02));
|   |   |   |   |   |   |   |   #19331=LINE('',#19332,#19333);
|   |   |   |   |   |   |   |   |   #19332=CARTESIAN_POINT('',(-6.33837778698259990E+03,-8.26837081262419019E+02,6.99999999984593870E+01));
|   |   |   |   |   |   |   |   |   #19333=VECTOR('',#19334,1.0);
|   |   |   |   |   |   |   |   |   |   #19334=DIRECTION('',(-2.18278728425502777E-11,1.25055521493777633E-12,-1.0));
|   |   |   |   |   |   #19400=ORIENTED_EDGE('',*,*,#19401,.F.);
|   |   |   |   |   |   |   #19401=EDGE_CURVE('',#19372,#19329,#19402,.T.);
|   |   |   |   |   |   |   |   #19372=VERTEX_POINT('',#19373);
|   |   |   |   |   |   |   |   |   #19373=CARTESIAN_POINT('',(-6.30671014570043008E+03,-8.15311002346658029E+02,-2.63757659502956017E+02));
|   |   |   |   |   |   |   |   #19329=VERTEX_POINT('',#19330);
|   |   |   |   |   |   |   |   |   #19330=CARTESIAN_POINT('',(-6.33837778698988041E+03,-8.26837081262002016E+02,-2.63757659565097015E+02));
|   |   |   |   |   |   |   |   #19402=B_SPLINE_CURVE_WITH_KNOTS('',10,(#19403,#19404,#19405,#19406,#19407,#19408,#19409,#19410,#19411,#19412,#19413),.UNSPECIFIED.,.F.,.F.,(11,11),(-3.05126177992546910E-10,5.29326434294452426E+01),.UNSPECIFIED.);
|   |   |   |   |   |   |   |   |   #19403=CARTESIAN_POINT('Ctrl Pnt',(-6.30671014570043462E+03,-8.15311002346657574E+02,-2.63757659502955562E+02));
|   |   |   |   |   |   |   |   |   #19404=CARTESIAN_POINT('Ctrl Pnt',(-6.30852015414111429E+03,-8.10338045107094104E+02,-2.63757659504577020E+02));
|   |   |   |   |   |   |   |   |   #19405=CARTESIAN_POINT('Ctrl Pnt',(-6.31206665859606437E+03,-8.05993454029746545E+02,-2.63757659508092615E+02));
|   |   |   |   |   |   |   |   |   #19406=CARTESIAN_POINT('Ctrl Pnt',(-6.31710451558110253E+03,-8.02965178162253665E+02,-2.63757659515388355E+02));
|   |   |   |   |   |   |   |   |   #19407=CARTESIAN_POINT('Ctrl Pnt',(-6.32306972451509500E+03,-8.01823800212609967E+02,-2.63757659524332155E+02));
|   |   |   |   |   |   |   |   |   #19408=CARTESIAN_POINT('Ctrl Pnt',(-6.32917414304768499E+03,-8.02857781164753078E+02,-2.63757659536275241E+02));
|   |   |   |   |   |   |   |   |   #19409=CARTESIAN_POINT('Ctrl Pnt',(-6.33451502902563425E+03,-8.05989550677253419E+02,-2.63757659546355512E+02));
|   |   |   |   |   |   |   |   |   #19410=CARTESIAN_POINT('Ctrl Pnt',(-6.33835098069547257E+03,-8.10698258823141714E+02,-2.63757659556180499E+02));
|   |   |   |   |   |   |   |   |   #19411=CARTESIAN_POINT('Ctrl Pnt',(-6.34026366467117532E+03,-8.16256325191276233E+02,-2.63757659562304298E+02));
|   |   |   |   |   |   |   |   |   #19412=CARTESIAN_POINT('Ctrl Pnt',(-6.34018779541597269E+03,-8.21864123983719196E+02,-2.63757659565422784E+02));
|   |   |   |   |   |   |   |   |   #19413=CARTESIAN_POINT('Ctrl Pnt',(-6.33837778698988495E+03,-8.26837081262001675E+02,-2.63757659565096844E+02));
|   |   |   |   #19392=SURFACE_OF_LINEAR_EXTRUSION('',#19387,#19393);
|   |   |   |   |   #19387=CIRCLE('',#19388,1.68500000000000014E+01);
|   |   |   |   |   |   #19388=AXIS2_PLACEMENT_3D('',#19389,#19390,#19391);
|   |   |   |   |   |   |   #19389=CARTESIAN_POINT('',(-6.32254396632235876E+03,-8.21074041847377089E+02,7.00000000200327861E+01));
|   |   |   |   |   |   |   #19390=DIRECTION('',(-1.22669087744663637E-09,-3.73100136535058481E-10,1.0));
|   |   |   |   |   |   |   #19391=DIRECTION('',(3.42020143325933945E-01,-9.39692620785811839E-01,6.89535446047408977E-11));
|   |   |   |   |   #19393=VECTOR('',#19394,1.0);
|   |   |   |   |   |   #19394=DIRECTION('',(-2.18278728425502777E-11,1.25055521493777633E-12,-1.0));
|   |   |   #19414=ADVANCED_FACE('',(#19424),#19415,.T.);
|   |   |   |   #19424=FACE_OUTER_BOUND('',#19425,.T.);
|   |   |   |   |   #19425=EDGE_LOOP('',(#19426,#19433,#19434,#19441));
|   |   |   |   |   |   #19426=ORIENTED_EDGE('',*,*,#19427,.F.);
|   |   |   |   |   |   |   #19427=EDGE_CURVE('',#19281,#19428,#19430,.T.);
|   |   |   |   |   |   |   |   #19281=VERTEX_POINT('',#19282);
|   |   |   |   |   |   |   |   |   #19282=CARTESIAN_POINT('',(-6.23004422332045033E+03,-1.11638216303477998E+03,170.0));
|   |   |   |   |   |   |   |   #19428=VERTEX_POINT('',#19429);
|   |   |   |   |   |   |   |   |   #19429=CARTESIAN_POINT('',(-6.30157282408386982E+03,-9.19858947562010030E+02,1.69999999996328000E+02));
|   |   |   |   |   |   |   |   #19430=B_SPLINE_CURVE_WITH_KNOTS('',1,(#19431,#19432),.UNSPECIFIED.,.F.,.F.,(2,2),(0.0,2.09135637674699012E+02),.UNSPECIFIED.);
|   |   |   |   |   |   |   |   |   #19431=CARTESIAN_POINT('Ctrl Pnt',(-6.23004422332857666E+03,-1.11638216301245643E+03,1.70000000000000057E+02));
|   |   |   |   |   |   |   |   |   #19432=CARTESIAN_POINT('Ctrl Pnt',(-6.30157282409084837E+03,-9.19858947542643591E+02,1.70000000000000057E+02));
|   |   |   |   |   |   #19433=ORIENTED_EDGE('',*,*,#19289,.T.);
|   |   |   |   |   |   |   #19289=EDGE_CURVE('',#19281,#19290,#19292,.T.);
|   |   |   |   |   |   |   |   #19281=VERTEX_POINT('',#19282);
|   |   |   |   |   |   |   |   |   #19282=CARTESIAN_POINT('',(-6.23004422332045033E+03,-1.11638216303477998E+03,170.0));
|   |   |   |   |   |   |   |   #19290=VERTEX_POINT('',#19291);
|   |   |   |   |   |   |   |   |   #19291=CARTESIAN_POINT('',(-6.20399126498601981E+03,-1.10689966167981993E+03,1.66527113091809014E+02));
|   |   |   |   |   |   |   |   #19292=CIRCLE('',#19293,1.40800000000000018E+01);
|   |   |   |   |   |   |   |   |   #19293=AXIS2_PLACEMENT_3D('',#19294,#19295,#19296);
|   |   |   |   |   |   |   |   |   |   #19294=CARTESIAN_POINT('',(-6.21681335122087330E+03,-1.11156651941377208E+03,170.0));
|   |   |   |   |   |   |   |   |   |   #19295=DIRECTION('',(3.42020143537720034E-01,-9.39692620708728055E-01,0.0));
|   |   |   |   |   |   |   |   |   |   #19296=DIRECTION('',(-9.39692620708728055E-01,-3.42020143537720034E-01,0.0));
|   |   |   |   |   |   #19434=ORIENTED_EDGE('',*,*,#19435,.T.);
|   |   |   |   |   |   |   #19435=EDGE_CURVE('',#19290,#19436,#19438,.T.);
|   |   |   |   |   |   |   |   #19290=VERTEX_POINT('',#19291);
|   |   |   |   |   |   |   |   |   #19291=CARTESIAN_POINT('',(-6.20399126498601981E+03,-1.10689966167981993E+03,1.66527113091809014E+02));
|   |   |   |   |   |   |   |   #19436=VERTEX_POINT('',#19437);
|   |   |   |   |   |   |   |   |   #19437=CARTESIAN_POINT('',(-6.27551986574667990E+03,-9.10376446211978987E+02,1.66527113095369003E+02));
|   |   |   |   |   |   |   |   #19438=B_SPLINE_CURVE_WITH_KNOTS('',1,(#19439,#19440),.UNSPECIFIED.,.F.,.F.,(2,2),(0.0,2.09135637674699012E+02),.UNSPECIFIED.);
|   |   |   |   |   |   |   |   |   #19439=CARTESIAN_POINT('Ctrl Pnt',(-6.20399126497776706E+03,-1.10689966170249477E+03,1.66527113091809014E+02));
|   |   |   |   |   |   |   |   |   #19440=CARTESIAN_POINT('Ctrl Pnt',(-6.27551986574003877E+03,-9.10376446232681928E+02,1.66527113091809014E+02));
|   |   |   |   |   |   #19441=ORIENTED_EDGE('',*,*,#19442,.F.);
|   |   |   |   |   |   |   #19442=EDGE_CURVE('',#19428,#19436,#19443,.T.);
|   |   |   |   |   |   |   |   #19428=VERTEX_POINT('',#19429);
|   |   |   |   |   |   |   |   |   #19429=CARTESIAN_POINT('',(-6.30157282408386982E+03,-9.19858947562010030E+02,1.69999999996328000E+02));
|   |   |   |   |   |   |   |   #19436=VERTEX_POINT('',#19437);
|   |   |   |   |   |   |   |   |   #19437=CARTESIAN_POINT('',(-6.27551986574667990E+03,-9.10376446211978987E+02,1.66527113095369003E+02));
|   |   |   |   |   |   |   |   #19443=CIRCLE('',#19444,1.40800000000000018E+01);
|   |   |   |   |   |   |   |   |   #19444=AXIS2_PLACEMENT_3D('',#19445,#19446,#19447);
|   |   |   |   |   |   |   |   |   |   #19445=CARTESIAN_POINT('',(-6.28834195198320231E+03,-9.15043303943980845E+02,1.70000000000000767E+02));
|   |   |   |   |   |   |   |   |   |   #19446=DIRECTION('',(3.42020143325935055E-01,-9.39692620785811505E-01,-1.91786381390711152E-10));
|   |   |   |   |   |   |   |   |   |   #19447=DIRECTION('',(1.79496993506618311E-10,2.69426366916344327E-10,-1.0));
|   |   |   |   #19415=OFFSET_SURFACE('',#19421,2.77000000000000002,.F.);
|   |   |   |   |   #19421=SURFACE_OF_LINEAR_EXTRUSION('',#19416,#19422);
|   |   |   |   |   |   #19416=CIRCLE('',#19417,1.68500000000000014E+01);
|   |   |   |   |   |   |   #19417=AXIS2_PLACEMENT_3D('',#19418,#19419,#19420);
|   |   |   |   |   |   |   |   #19418=CARTESIAN_POINT('',(-6.21681335122087148E+03,-1.11156651941377163E+03,170.0));
|   |   |   |   |   |   |   |   #19419=DIRECTION('',(3.42020142122826554E-01,-9.39692621223707225E-01,6.90002352041150823E-11));
|   |   |   |   |   |   |   |   #19420=DIRECTION('',(2.35994702510198951E-11,-6.48390118840072196E-11,-1.0));
|   |   |   |   |   |   #19422=VECTOR('',#19423,1.0);
|   |   |   |   |   |   |   #19423=DIRECTION('',(-3.42020143279126276E-01,9.39692620802848433E-01,0.0));
|   |   |   #19448=ADVANCED_FACE('',(#19458),#19449,.T.);
|   |   |   |   #19458=FACE_OUTER_BOUND('',#19459,.T.);
|   |   |   |   |   #19459=EDGE_LOOP('',(#19460,#19461,#19462,#19469));
|   |   |   |   |   |   #19460=ORIENTED_EDGE('',*,*,#19435,.F.);
|   |   |   |   |   |   |   #19435=EDGE_CURVE('',#19290,#19436,#19438,.T.);
|   |   |   |   |   |   |   |   #19290=VERTEX_POINT('',#19291);
|   |   |   |   |   |   |   |   |   #19291=CARTESIAN_POINT('',(-6.20399126498601981E+03,-1.10689966167981993E+03,1.66527113091809014E+02));
|   |   |   |   |   |   |   |   #19436=VERTEX_POINT('',#19437);
|   |   |   |   |   |   |   |   |   #19437=CARTESIAN_POINT('',(-6.27551986574667990E+03,-9.10376446211978987E+02,1.66527113095369003E+02));
|   |   |   |   |   |   |   |   #19438=B_SPLINE_CURVE_WITH_KNOTS('',1,(#19439,#19440),.UNSPECIFIED.,.F.,.F.,(2,2),(0.0,2.09135637674699012E+02),.UNSPECIFIED.);
|   |   |   |   |   |   |   |   |   #19439=CARTESIAN_POINT('Ctrl Pnt',(-6.20399126497776706E+03,-1.10689966170249477E+03,1.66527113091809014E+02));
|   |   |   |   |   |   |   |   |   #19440=CARTESIAN_POINT('Ctrl Pnt',(-6.27551986574003877E+03,-9.10376446232681928E+02,1.66527113091809014E+02));
|   |   |   |   |   |   #19461=ORIENTED_EDGE('',*,*,#19298,.T.);
|   |   |   |   |   |   |   #19298=EDGE_CURVE('',#19290,#19299,#19301,.T.);
|   |   |   |   |   |   |   |   #19290=VERTEX_POINT('',#19291);
|   |   |   |   |   |   |   |   |   #19291=CARTESIAN_POINT('',(-6.20399126498601981E+03,-1.10689966167981993E+03,1.66527113091809014E+02));
|   |   |   |   |   |   |   |   #19299=VERTEX_POINT('',#19300);
|   |   |   |   |   |   |   |   |   #19300=CARTESIAN_POINT('',(-6.20358247912128991E+03,-1.10675087579276010E+03,1.70000000075815990E+02));
|   |   |   |   |   |   |   |   #19301=CIRCLE('',#19302,1.40800000000000018E+01);
|   |   |   |   |   |   |   |   |   #19302=AXIS2_PLACEMENT_3D('',#19303,#19304,#19305);
|   |   |   |   |   |   |   |   |   |   #19303=CARTESIAN_POINT('',(-6.21681335122087330E+03,-1.11156651941377208E+03,170.0));
|   |   |   |   |   |   |   |   |   |   #19304=DIRECTION('',(3.42020143537720034E-01,-9.39692620708728055E-01,0.0));
|   |   |   |   |   |   |   |   |   |   #19305=DIRECTION('',(-9.39692620708728055E-01,-3.42020143537720034E-01,0.0));
|   |   |   |   |   |   #19462=ORIENTED_EDGE('',*,*,#19463,.T.);
|   |   |   |   |   |   |   #19463=EDGE_CURVE('',#19299,#19464,#19466,.T.);
|   |   |   |   |   |   |   |   #19299=VERTEX_POINT('',#19300);
|   |   |   |   |   |   |   |   |   #19300=CARTESIAN_POINT('',(-6.20358247912128991E+03,-1.10675087579276010E+03,1.70000000075815990E+02));
|   |   |   |   |   |   |   |   #19464=VERTEX_POINT('',#19465);
|   |   |   |   |   |   |   |   |   #19465=CARTESIAN_POINT('',(-6.27511107988254025E+03,-9.10227660325952002E+02,1.70000000079609009E+02));
|   |   |   |   |   |   |   |   #19466=B_SPLINE_CURVE_WITH_KNOTS('',1,(#19467,#19468),.UNSPECIFIED.,.F.,.F.,(2,2),(0.0,2.09135637674699012E+02),.UNSPECIFIED.);
|   |   |   |   |   |   |   |   |   #19467=CARTESIAN_POINT('Ctrl Pnt',(-6.20358247911258422E+03,-1.10675087581668390E+03,1.70000000075816416E+02));
|   |   |   |   |   |   |   |   |   #19468=CARTESIAN_POINT('Ctrl Pnt',(-6.27511107987485593E+03,-9.10227660346871062E+02,1.70000000075816416E+02));
|   |   |   |   |   |   #19469=ORIENTED_EDGE('',*,*,#19470,.F.);
|   |   |   |   |   |   |   #19470=EDGE_CURVE('',#19436,#19464,#19471,.T.);
|   |   |   |   |   |   |   |   #19436=VERTEX_POINT('',#19437);
|   |   |   |   |   |   |   |   |   #19437=CARTESIAN_POINT('',(-6.27551986574667990E+03,-9.10376446211978987E+02,1.66527113095369003E+02));
|   |   |   |   |   |   |   |   #19464=VERTEX_POINT('',#19465);
|   |   |   |   |   |   |   |   |   #19465=CARTESIAN_POINT('',(-6.27511107988254025E+03,-9.10227660325952002E+02,1.70000000079609009E+02));
|   |   |   |   |   |   |   |   #19471=CIRCLE('',#19472,1.40800000000000018E+01);
|   |   |   |   |   |   |   |   |   #19472=AXIS2_PLACEMENT_3D('',#19473,#19474,#19475);
|   |   |   |   |   |   |   |   |   |   #19473=CARTESIAN_POINT('',(-6.28834195198320231E+03,-9.15043303943980845E+02,1.70000000000000739E+02));
|   |   |   |   |   |   |   |   |   |   #19474=DIRECTION('',(3.42020143325935055E-01,-9.39692620785811505E-01,-1.91786381390711152E-10));
|   |   |   |   |   |   |   |   |   |   #19475=DIRECTION('',(1.79497180655659699E-10,2.69426435033024679E-10,-1.0));
|   |   |   |   #19449=OFFSET_SURFACE('',#19455,2.77000000000000002,.F.);
|   |   |   |   |   #19455=SURFACE_OF_LINEAR_EXTRUSION('',#19450,#19456);
|   |   |   |   |   |   #19450=CIRCLE('',#19451,1.68500000000000014E+01);
|   |   |   |   |   |   |   #19451=AXIS2_PLACEMENT_3D('',#19452,#19453,#19454);
|   |   |   |   |   |   |   |   #19452=CARTESIAN_POINT('',(-6.21681335122087148E+03,-1.11156651941377163E+03,170.0));
|   |   |   |   |   |   |   |   #19453=DIRECTION('',(3.42020142122826554E-01,-9.39692621223707225E-01,6.90002352041150823E-11));
|   |   |   |   |   |   |   |   #19454=DIRECTION('',(2.35994702510198951E-11,-6.48390118840072196E-11,-1.0));
|   |   |   |   |   |   #19456=VECTOR('',#19457,1.0);
|   |   |   |   |   |   |   #19457=DIRECTION('',(-3.42020143279126276E-01,9.39692620802848433E-01,0.0));
|   |   |   #19476=ADVANCED_FACE('',(#19486),#19477,.T.);
|   |   |   |   #19486=FACE_OUTER_BOUND('',#19487,.T.);
|   |   |   |   |   #19487=EDGE_LOOP('',(#19488,#19489,#19490,#19491));
|   |   |   |   |   |   #19488=ORIENTED_EDGE('',*,*,#19463,.F.);
|   |   |   |   |   |   |   #19463=EDGE_CURVE('',#19299,#19464,#19466,.T.);
|   |   |   |   |   |   |   |   #19299=VERTEX_POINT('',#19300);
|   |   |   |   |   |   |   |   |   #19300=CARTESIAN_POINT('',(-6.20358247912128991E+03,-1.10675087579276010E+03,1.70000000075815990E+02));
|   |   |   |   |   |   |   |   #19464=VERTEX_POINT('',#19465);
|   |   |   |   |   |   |   |   |   #19465=CARTESIAN_POINT('',(-6.27511107988254025E+03,-9.10227660325952002E+02,1.70000000079609009E+02));
|   |   |   |   |   |   |   |   #19466=B_SPLINE_CURVE_WITH_KNOTS('',1,(#19467,#19468),.UNSPECIFIED.,.F.,.F.,(2,2),(0.0,2.09135637674699012E+02),.UNSPECIFIED.);
|   |   |   |   |   |   |   |   |   #19467=CARTESIAN_POINT('Ctrl Pnt',(-6.20358247911258422E+03,-1.10675087581668390E+03,1.70000000075816416E+02));
|   |   |   |   |   |   |   |   |   #19468=CARTESIAN_POINT('Ctrl Pnt',(-6.27511107987485593E+03,-9.10227660346871062E+02,1.70000000075816416E+02));
|   |   |   |   |   |   #19489=ORIENTED_EDGE('',*,*,#19307,.T.);
|   |   |   |   |   |   |   #19307=EDGE_CURVE('',#19299,#19281,#19308,.T.);
|   |   |   |   |   |   |   |   #19299=VERTEX_POINT('',#19300);
|   |   |   |   |   |   |   |   |   #19300=CARTESIAN_POINT('',(-6.20358247912128991E+03,-1.10675087579276010E+03,1.70000000075815990E+02));
|   |   |   |   |   |   |   |   #19281=VERTEX_POINT('',#19282);
|   |   |   |   |   |   |   |   |   #19282=CARTESIAN_POINT('',(-6.23004422332045033E+03,-1.11638216303477998E+03,170.0));
|   |   |   |   |   |   |   |   #19308=CIRCLE('',#19309,1.40800000000000018E+01);
|   |   |   |   |   |   |   |   |   #19309=AXIS2_PLACEMENT_3D('',#19310,#19311,#19312);
|   |   |   |   |   |   |   |   |   |   #19310=CARTESIAN_POINT('',(-6.21681335122087330E+03,-1.11156651941377208E+03,170.0));
|   |   |   |   |   |   |   |   |   |   #19311=DIRECTION('',(3.42020143537720034E-01,-9.39692620708728055E-01,0.0));
|   |   |   |   |   |   |   |   |   |   #19312=DIRECTION('',(-9.39692620708728055E-01,-3.42020143537720034E-01,0.0));
|   |   |   |   |   |   #19490=ORIENTED_EDGE('',*,*,#19427,.T.);
|   |   |   |   |   |   |   #19427=EDGE_CURVE('',#19281,#19428,#19430,.T.);
|   |   |   |   |   |   |   |   #19281=VERTEX_POINT('',#19282);
|   |   |   |   |   |   |   |   |   #19282=CARTESIAN_POINT('',(-6.23004422332045033E+03,-1.11638216303477998E+03,170.0));
|   |   |   |   |   |   |   |   #19428=VERTEX_POINT('',#19429);
|   |   |   |   |   |   |   |   |   #19429=CARTESIAN_POINT('',(-6.30157282408386982E+03,-9.19858947562010030E+02,1.69999999996328000E+02));
|   |   |   |   |   |   |   |   #19430=B_SPLINE_CURVE_WITH_KNOTS('',1,(#19431,#19432),.UNSPECIFIED.,.F.,.F.,(2,2),(0.0,2.09135637674699012E+02),.UNSPECIFIED.);
|   |   |   |   |   |   |   |   |   #19431=CARTESIAN_POINT('Ctrl Pnt',(-6.23004422332857666E+03,-1.11638216301245643E+03,1.70000000000000057E+02));
|   |   |   |   |   |   |   |   |   #19432=CARTESIAN_POINT('Ctrl Pnt',(-6.30157282409084837E+03,-9.19858947542643591E+02,1.70000000000000057E+02));
|   |   |   |   |   |   #19491=ORIENTED_EDGE('',*,*,#19492,.F.);
|   |   |   |   |   |   |   #19492=EDGE_CURVE('',#19464,#19428,#19493,.T.);
|   |   |   |   |   |   |   |   #19464=VERTEX_POINT('',#19465);
|   |   |   |   |   |   |   |   |   #19465=CARTESIAN_POINT('',(-6.27511107988254025E+03,-9.10227660325952002E+02,1.70000000079609009E+02));
|   |   |   |   |   |   |   |   #19428=VERTEX_POINT('',#19429);
|   |   |   |   |   |   |   |   |   #19429=CARTESIAN_POINT('',(-6.30157282408386982E+03,-9.19858947562010030E+02,1.69999999996328000E+02));
|   |   |   |   |   |   |   |   #19493=CIRCLE('',#19494,1.40800000000000018E+01);
|   |   |   |   |   |   |   |   |   #19494=AXIS2_PLACEMENT_3D('',#19495,#19496,#19497);
|   |   |   |   |   |   |   |   |   |   #19495=CARTESIAN_POINT('',(-6.28834195198320322E+03,-9.15043303943981300E+02,1.70000000000000767E+02));
|   |   |   |   |   |   |   |   |   |   #19496=DIRECTION('',(3.42020143325935055E-01,-9.39692620785811505E-01,-1.91786381390711152E-10));
|   |   |   |   |   |   |   |   |   |   #19497=DIRECTION('',(1.87484443401012477E-10,2.72333560925599045E-10,-1.0));
|   |   |   |   #19477=OFFSET_SURFACE('',#19483,2.77000000000000002,.F.);
|   |   |   |   |   #19483=SURFACE_OF_LINEAR_EXTRUSION('',#19478,#19484);
|   |   |   |   |   |   #19478=CIRCLE('',#19479,1.68500000000000014E+01);
|   |   |   |   |   |   |   #19479=AXIS2_PLACEMENT_3D('',#19480,#19481,#19482);
|   |   |   |   |   |   |   |   #19480=CARTESIAN_POINT('',(-6.21681335122058044E+03,-1.11156651941457017E+03,170.0));
|   |   |   |   |   |   |   |   #19481=DIRECTION('',(3.42020142122826554E-01,-9.39692621223707225E-01,6.90002352041150823E-11));
|   |   |   |   |   |   |   |   #19482=DIRECTION('',(2.35994702510198951E-11,-6.48390118840072196E-11,-1.0));
|   |   |   |   |   |   #19484=VECTOR('',#19485,1.0);
|   |   |   |   |   |   |   #19485=DIRECTION('',(-3.42020143279126276E-01,9.39692620802848433E-01,0.0));
|   |   |   #19498=ADVANCED_FACE('',(#19520),#19499,.F.);
|   |   |   |   #19520=FACE_OUTER_BOUND('',#19521,.F.);
|   |   |   |   |   #19521=EDGE_LOOP('',(#19522,#19529,#19530,#19537));
|   |   |   |   |   |   #19522=ORIENTED_EDGE('',*,*,#19523,.T.);
|   |   |   |   |   |   |   #19523=EDGE_CURVE('',#19524,#19329,#19526,.T.);
|   |   |   |   |   |   |   |   #19524=VERTEX_POINT('',#19525);
|   |   |   |   |   |   |   |   |   #19525=CARTESIAN_POINT('',(-6.33624468474070000E+03,-8.26060695536894968E+02,-2.67689414886515010E+02));
|   |   |   |   |   |   |   |   #19329=VERTEX_POINT('',#19330);
|   |   |   |   |   |   |   |   |   #19330=CARTESIAN_POINT('',(-6.33837778698988041E+03,-8.26837081262002016E+02,-2.63757659565097015E+02));
|   |   |   |   |   |   |   |   #19526=B_SPLINE_CURVE_WITH_KNOTS('',1,(#19527,#19528),.UNSPECIFIED.,.F.,.F.,(2,2),(0.0,5.29326434297503710E+01),.UNSPECIFIED.);
|   |   |   |   |   |   |   |   |   #19527=CARTESIAN_POINT('Ctrl Pnt',(-6.33624468474069727E+03,-8.26060695536894968E+02,-2.67689414886515010E+02));
|   |   |   |   |   |   |   |   |   #19528=CARTESIAN_POINT('Ctrl Pnt',(-6.33837778698988495E+03,-8.26837081262001675E+02,-2.63757659565096844E+02));
|   |   |   |   |   |   #19529=ORIENTED_EDGE('',*,*,#19345,.T.);
|   |   |   |   |   |   |   #19345=EDGE_CURVE('',#19329,#19338,#19346,.T.);
|   |   |   |   |   |   |   |   #19329=VERTEX_POINT('',#19330);
|   |   |   |   |   |   |   |   |   #19330=CARTESIAN_POINT('',(-6.33837778698988041E+03,-8.26837081262002016E+02,-2.63757659565097015E+02));
|   |   |   |   |   |   |   |   #19338=VERTEX_POINT('',#19339);
|   |   |   |   |   |   |   |   |   #19339=CARTESIAN_POINT('',(-6.30577787703909962E+03,-8.19394533019482992E+02,-2.63757659504937976E+02));
|   |   |   |   |   |   |   |   #19346=B_SPLINE_CURVE_WITH_KNOTS('',9,(#19347,#19348,#19349,#19350,#19351,#19352,#19353,#19354,#19355,#19356),.UNSPECIFIED.,.F.,.F.,(10,10),(5.29326434294452426E+01,1.01671299527709479E+02),.UNSPECIFIED.);
|   |   |   |   |   |   |   |   |   #19347=CARTESIAN_POINT('Ctrl Pnt',(-6.33837778698988495E+03,-8.26837081262001789E+02,-2.63757659565096787E+02));
|   |   |   |   |   |   |   |   |   #19348=CARTESIAN_POINT('Ctrl Pnt',(-6.33652601268286526E+03,-8.31924789356385531E+02,-2.63757659564769028E+02));
|   |   |   |   |   |   |   |   |   #19349=CARTESIAN_POINT('Ctrl Pnt',(-6.33283428028337585E+03,-8.36345606872792814E+02,-2.63757659561023729E+02));
|   |   |   |   |   |   |   |   |   #19350=CARTESIAN_POINT('Ctrl Pnt',(-6.32757761476176074E+03,-8.39332953705674754E+02,-2.63757659553329290E+02));
|   |   |   |   |   |   |   |   |   #19351=CARTESIAN_POINT('Ctrl Pnt',(-6.32140590918781163E+03,-8.40267313365297696E+02,-2.63757659543907948E+02));
|   |   |   |   |   |   |   |   |   #19352=CARTESIAN_POINT('Ctrl Pnt',(-6.31523977246187678E+03,-8.38859586472284718E+02,-2.63757659531726176E+02));
|   |   |   |   |   |   |   |   |   #19353=CARTESIAN_POINT('Ctrl Pnt',(-6.31008503725839910E+03,-8.35339404277607059E+02,-2.63757659521580251E+02));
|   |   |   |   |   |   |   |   |   #19354=CARTESIAN_POINT('Ctrl Pnt',(-6.30664563753941457E+03,-8.30366748737293278E+02,-2.63757659512483997E+02));
|   |   |   |   |   |   |   |   |   #19355=CARTESIAN_POINT('Ctrl Pnt',(-6.30523821887041595E+03,-8.24781796780800164E+02,-2.63757659507059088E+02));
|   |   |   |   |   |   |   |   |   #19356=CARTESIAN_POINT('Ctrl Pnt',(-6.30577787703910144E+03,-8.19394533019482537E+02,-2.63757659504937749E+02));
|   |   |   |   |   |   #19530=ORIENTED_EDGE('',*,*,#19531,.F.);
|   |   |   |   |   |   |   #19531=EDGE_CURVE('',#19532,#19338,#19534,.T.);
|   |   |   |   |   |   |   |   #19532=VERTEX_POINT('',#19533);
|   |   |   |   |   |   |   |   |   #19533=CARTESIAN_POINT('',(-6.30803657274785019E+03,-8.19620793258314961E+02,-2.67689414849619993E+02));
|   |   |   |   |   |   |   |   #19338=VERTEX_POINT('',#19339);
|   |   |   |   |   |   |   |   |   #19339=CARTESIAN_POINT('',(-6.30577787703909962E+03,-8.19394533019482992E+02,-2.63757659504937976E+02));
|   |   |   |   |   |   |   |   #19534=B_SPLINE_CURVE_WITH_KNOTS('',1,(#19535,#19536),.UNSPECIFIED.,.F.,.F.,(2,2),(0.0,4.87386560982642365E+01),.UNSPECIFIED.);
|   |   |   |   |   |   |   |   |   #19535=CARTESIAN_POINT('Ctrl Pnt',(-6.30803657274784837E+03,-8.19620793258315189E+02,-2.67689414849620277E+02));
|   |   |   |   |   |   |   |   |   #19536=CARTESIAN_POINT('Ctrl Pnt',(-6.30577787703910144E+03,-8.19394533019482537E+02,-2.63757659504937749E+02));
|   |   |   |   |   |   #19537=ORIENTED_EDGE('',*,*,#19538,.F.);
|   |   |   |   |   |   |   #19538=EDGE_CURVE('',#19524,#19532,#19539,.T.);
|   |   |   |   |   |   |   |   #19524=VERTEX_POINT('',#19525);
|   |   |   |   |   |   |   |   |   #19525=CARTESIAN_POINT('',(-6.33624468474070000E+03,-8.26060695536894968E+02,-2.67689414886515010E+02));
|   |   |   |   |   |   |   |   #19532=VERTEX_POINT('',#19533);
|   |   |   |   |   |   |   |   |   #19533=CARTESIAN_POINT('',(-6.30803657274785019E+03,-8.19620793258314961E+02,-2.67689414849619993E+02));
|   |   |   |   |   |   |   |   #19539=B_SPLINE_CURVE_WITH_KNOTS('',9,(#19540,#19541,#19542,#19543,#19544,#19545,#19546,#19547,#19548,#19549),.UNSPECIFIED.,.F.,.F.,(10,10),(5.29326434294452426E+01,1.01671299527709479E+02),.UNSPECIFIED.);
|   |   |   |   |   |   |   |   |   #19540=CARTESIAN_POINT('Ctrl Pnt',(-6.33624468474069818E+03,-8.26060695536895082E+02,-2.67689414886515010E+02));
|   |   |   |   |   |   |   |   |   #19541=CARTESIAN_POINT('Ctrl Pnt',(-6.33464237795102144E+03,-8.30462997260220391E+02,-2.67689414886330667E+02));
|   |   |   |   |   |   |   |   |   #19542=CARTESIAN_POINT('Ctrl Pnt',(-6.33144798872793308E+03,-8.34288250637384067E+02,-2.67689414883983090E+02));
|   |   |   |   |   |   |   |   |   #19543=CARTESIAN_POINT('Ctrl Pnt',(-6.32689949120016900E+03,-8.36873147777764416E+02,-2.67689414879480069E+02));
|   |   |   |   |   |   |   |   |   #19544=CARTESIAN_POINT('Ctrl Pnt',(-6.32155922607883804E+03,-8.37681632276966184E+02,-2.67689414873309602E+02));
|   |   |   |   |   |   |   |   |   #19545=CARTESIAN_POINT('Ctrl Pnt',(-6.31622377958285415E+03,-8.36463551674072278E+02,-2.67689414866341394E+02));
|   |   |   |   |   |   |   |   |   #19546=CARTESIAN_POINT('Ctrl Pnt',(-6.31176348051880359E+03,-8.33417601738741837E+02,-2.67689414859677868E+02));
|   |   |   |   |   |   |   |   |   #19547=CARTESIAN_POINT('Ctrl Pnt',(-6.30878743020024649E+03,-8.29114852909184947E+02,-2.67689414854346353E+02));
|   |   |   |   |   |   |   |   |   #19548=CARTESIAN_POINT('Ctrl Pnt',(-6.30756961630266233E+03,-8.24282295075323646E+02,-2.67689414850919889E+02));
|   |   |   |   |   |   |   |   |   #19549=CARTESIAN_POINT('Ctrl Pnt',(-6.30803657274784837E+03,-8.19620793258315189E+02,-2.67689414849620277E+02));
|   |   |   |   #19499=B_SPLINE_SURFACE_WITH_KNOTS('',1,9,((#19500,#19501,#19502,#19503,#19504,#19505,#19506,#19507,#19508,#19509),(#19510,#19511,#19512,#19513,#19514,#19515,#19516,#19517,#19518,#19519)),.UNSPECIFIED.,.F.,.F.,.F.,(2,2),(10,10),(0.0,4.87386560982642365E+01),(5.29326434294452426E+01,1.01671299527709479E+02),.UNSPECIFIED.);
|   |   |   |   |   #19500=CARTESIAN_POINT('Ctrl Pnt',(-6.33624468474069818E+03,-8.26060695536895082E+02,-2.67689414886515010E+02));
|   |   |   |   |   #19501=CARTESIAN_POINT('Ctrl Pnt',(-6.33464237795102144E+03,-8.30462997260220391E+02,-2.67689414886330667E+02));
|   |   |   |   |   #19502=CARTESIAN_POINT('Ctrl Pnt',(-6.33144798872793308E+03,-8.34288250637384067E+02,-2.67689414883983090E+02));
|   |   |   |   |   #19503=CARTESIAN_POINT('Ctrl Pnt',(-6.32689949120016900E+03,-8.36873147777764416E+02,-2.67689414879480069E+02));
|   |   |   |   |   #19504=CARTESIAN_POINT('Ctrl Pnt',(-6.32155922607883804E+03,-8.37681632276966184E+02,-2.67689414873309602E+02));
|   |   |   |   |   #19505=CARTESIAN_POINT('Ctrl Pnt',(-6.31622377958285415E+03,-8.36463551674072278E+02,-2.67689414866341394E+02));
|   |   |   |   |   #19506=CARTESIAN_POINT('Ctrl Pnt',(-6.31176348051880359E+03,-8.33417601738741837E+02,-2.67689414859677868E+02));
|   |   |   |   |   #19507=CARTESIAN_POINT('Ctrl Pnt',(-6.30878743020024649E+03,-8.29114852909184947E+02,-2.67689414854346353E+02));
|   |   |   |   |   #19508=CARTESIAN_POINT('Ctrl Pnt',(-6.30756961630266233E+03,-8.24282295075323646E+02,-2.67689414850919889E+02));
|   |   |   |   |   #19509=CARTESIAN_POINT('Ctrl Pnt',(-6.30803657274784837E+03,-8.19620793258315189E+02,-2.67689414849620277E+02));
|   |   |   |   |   #19510=CARTESIAN_POINT('Ctrl Pnt',(-6.33837778698988495E+03,-8.26837081262001789E+02,-2.63757659565096787E+02));
|   |   |   |   |   #19511=CARTESIAN_POINT('Ctrl Pnt',(-6.33652601268286526E+03,-8.31924789356385531E+02,-2.63757659564769028E+02));
|   |   |   |   |   #19512=CARTESIAN_POINT('Ctrl Pnt',(-6.33283428028337585E+03,-8.36345606872792814E+02,-2.63757659561023729E+02));
|   |   |   |   |   #19513=CARTESIAN_POINT('Ctrl Pnt',(-6.32757761476176074E+03,-8.39332953705674754E+02,-2.63757659553329290E+02));
|   |   |   |   |   #19514=CARTESIAN_POINT('Ctrl Pnt',(-6.32140590918781163E+03,-8.40267313365297696E+02,-2.63757659543907948E+02));
|   |   |   |   |   #19515=CARTESIAN_POINT('Ctrl Pnt',(-6.31523977246187678E+03,-8.38859586472284718E+02,-2.63757659531726176E+02));
|   |   |   |   |   #19516=CARTESIAN_POINT('Ctrl Pnt',(-6.31008503725839910E+03,-8.35339404277607059E+02,-2.63757659521580251E+02));
|   |   |   |   |   #19517=CARTESIAN_POINT('Ctrl Pnt',(-6.30664563753941457E+03,-8.30366748737293278E+02,-2.63757659512483997E+02));
|   |   |   |   |   #19518=CARTESIAN_POINT('Ctrl Pnt',(-6.30523821887041595E+03,-8.24781796780800164E+02,-2.63757659507059088E+02));
|   |   |   |   |   #19519=CARTESIAN_POINT('Ctrl Pnt',(-6.30577787703910144E+03,-8.19394533019482537E+02,-2.63757659504937749E+02));
|   |   |   #19550=ADVANCED_FACE('',(#19562),#19551,.F.);
|   |   |   |   #19562=FACE_OUTER_BOUND('',#19563,.F.);
|   |   |   |   |   #19563=EDGE_LOOP('',(#19564,#19565,#19566,#19573));
|   |   |   |   |   |   #19564=ORIENTED_EDGE('',*,*,#19531,.T.);
|   |   |   |   |   |   |   #19531=EDGE_CURVE('',#19532,#19338,#19534,.T.);
|   |   |   |   |   |   |   |   #19532=VERTEX_POINT('',#19533);
|   |   |   |   |   |   |   |   |   #19533=CARTESIAN_POINT('',(-6.30803657274785019E+03,-8.19620793258314961E+02,-2.67689414849619993E+02));
|   |   |   |   |   |   |   |   #19338=VERTEX_POINT('',#19339);
|   |   |   |   |   |   |   |   |   #19339=CARTESIAN_POINT('',(-6.30577787703909962E+03,-8.19394533019482992E+02,-2.63757659504937976E+02));
|   |   |   |   |   |   |   |   #19534=B_SPLINE_CURVE_WITH_KNOTS('',1,(#19535,#19536),.UNSPECIFIED.,.F.,.F.,(2,2),(0.0,4.87386560982642365E+01),.UNSPECIFIED.);
|   |   |   |   |   |   |   |   |   #19535=CARTESIAN_POINT('Ctrl Pnt',(-6.30803657274784837E+03,-8.19620793258315189E+02,-2.67689414849620277E+02));
|   |   |   |   |   |   |   |   |   #19536=CARTESIAN_POINT('Ctrl Pnt',(-6.30577787703910144E+03,-8.19394533019482537E+02,-2.63757659504937749E+02));
|   |   |   |   |   |   #19565=ORIENTED_EDGE('',*,*,#19379,.T.);
|   |   |   |   |   |   |   #19379=EDGE_CURVE('',#19338,#19372,#19380,.T.);
|   |   |   |   |   |   |   |   #19338=VERTEX_POINT('',#19339);
|   |   |   |   |   |   |   |   |   #19339=CARTESIAN_POINT('',(-6.30577787703909962E+03,-8.19394533019482992E+02,-2.63757659504937976E+02));
|   |   |   |   |   |   |   |   #19372=VERTEX_POINT('',#19373);
|   |   |   |   |   |   |   |   |   #19373=CARTESIAN_POINT('',(-6.30671014570043008E+03,-8.15311002346658029E+02,-2.63757659502956017E+02));
|   |   |   |   |   |   |   |   #19380=B_SPLINE_CURVE_WITH_KNOTS('',4,(#19381,#19382,#19383,#19384,#19385),.UNSPECIFIED.,.F.,.F.,(5,5),(1.01671299527709479E+02,1.05871672425670809E+02),.UNSPECIFIED.);
|   |   |   |   |   |   |   |   |   #19381=CARTESIAN_POINT('Ctrl Pnt',(-6.30577787703910144E+03,-8.19394533019482537E+02,-2.63757659504937806E+02));
|   |   |   |   |   |   |   |   |   #19382=CARTESIAN_POINT('Ctrl Pnt',(-6.30588252133763126E+03,-8.18349896859100681E+02,-2.63757659504532228E+02));
|   |   |   |   |   |   |   |   |   #19383=CARTESIAN_POINT('Ctrl Pnt',(-6.30607395141254892E+03,-8.17313943053157686E+02,-2.63757659504272908E+02));
|   |   |   |   |   |   |   |   |   #19384=CARTESIAN_POINT('Ctrl Pnt',(-6.30635107094304931E+03,-8.16297552118801946E+02,-2.63757659504179628E+02));
|   |   |   |   |   |   |   |   |   #19385=CARTESIAN_POINT('Ctrl Pnt',(-6.30671014570043462E+03,-8.15311002346657574E+02,-2.63757659504241815E+02));
|   |   |   |   |   |   #19566=ORIENTED_EDGE('',*,*,#19567,.F.);
|   |   |   |   |   |   |   #19567=EDGE_CURVE('',#19568,#19372,#19570,.T.);
|   |   |   |   |   |   |   |   #19568=VERTEX_POINT('',#19569);
|   |   |   |   |   |   |   |   |   #19569=CARTESIAN_POINT('',(-6.30884324794543045E+03,-8.16087388083736982E+02,-2.67689414849185027E+02));
|   |   |   |   |   |   |   |   #19372=VERTEX_POINT('',#19373);
|   |   |   |   |   |   |   |   |   #19373=CARTESIAN_POINT('',(-6.30671014570043008E+03,-8.15311002346658029E+02,-2.63757659502956017E+02));
|   |   |   |   |   |   |   |   #19570=B_SPLINE_CURVE_WITH_KNOTS('',1,(#19571,#19572),.UNSPECIFIED.,.F.,.F.,(2,2),(0.0,5.29326434297503710E+01),.UNSPECIFIED.);
|   |   |   |   |   |   |   |   |   #19571=CARTESIAN_POINT('Ctrl Pnt',(-6.30884324794543318E+03,-8.16087388083736982E+02,-2.67689414849184573E+02));
|   |   |   |   |   |   |   |   |   #19572=CARTESIAN_POINT('Ctrl Pnt',(-6.30671014570043462E+03,-8.15311002346657574E+02,-2.63757659502955562E+02));
|   |   |   |   |   |   #19573=ORIENTED_EDGE('',*,*,#19574,.F.);
|   |   |   |   |   |   |   #19574=EDGE_CURVE('',#19532,#19568,#19575,.T.);
|   |   |   |   |   |   |   |   #19532=VERTEX_POINT('',#19533);
|   |   |   |   |   |   |   |   |   #19533=CARTESIAN_POINT('',(-6.30803657274785019E+03,-8.19620793258314961E+02,-2.67689414849619993E+02));
|   |   |   |   |   |   |   |   #19568=VERTEX_POINT('',#19569);
|   |   |   |   |   |   |   |   |   #19569=CARTESIAN_POINT('',(-6.30884324794543045E+03,-8.16087388083736982E+02,-2.67689414849185027E+02));
|   |   |   |   |   |   |   |   #19575=B_SPLINE_CURVE_WITH_KNOTS('',4,(#19576,#19577,#19578,#19579,#19580),.UNSPECIFIED.,.F.,.F.,(5,5),(1.01671299527709479E+02,1.05871672425670809E+02),.UNSPECIFIED.);
|   |   |   |   |   |   |   |   |   #19576=CARTESIAN_POINT('Ctrl Pnt',(-6.30803657274784837E+03,-8.19620793258315302E+02,-2.67689414849620277E+02));
|   |   |   |   |   |   |   |   |   #19577=CARTESIAN_POINT('Ctrl Pnt',(-6.30812711956523981E+03,-8.18716888497851187E+02,-2.67689414849367893E+02));
|   |   |   |   |   |   |   |   |   #19578=CARTESIAN_POINT('Ctrl Pnt',(-6.30829276054422553E+03,-8.17820496421265602E+02,-2.67689414849210209E+02));
|   |   |   |   |   |   |   |   |   #19579=CARTESIAN_POINT('Ctrl Pnt',(-6.30853254705695781E+03,-8.16941031744767429E+02,-2.67689414849148875E+02));
|   |   |   |   |   |   |   |   |   #19580=CARTESIAN_POINT('Ctrl Pnt',(-6.30884324794543409E+03,-8.16087388083735732E+02,-2.67689414849184573E+02));
|   |   |   |   #19551=B_SPLINE_SURFACE_WITH_KNOTS('',1,4,((#19552,#19553,#19554,#19555,#19556),(#19557,#19558,#19559,#19560,#19561)),.UNSPECIFIED.,.F.,.F.,.F.,(2,2),(5,5),(0.0,4.20037289796132995),(1.01671299527709479E+02,1.05871672425670809E+02),.UNSPECIFIED.);
|   |   |   |   |   #19552=CARTESIAN_POINT('Ctrl Pnt',(-6.30803657274784837E+03,-8.19620793258315302E+02,-2.67689414849620277E+02));
|   |   |   |   |   #19553=CARTESIAN_POINT('Ctrl Pnt',(-6.30812711956523981E+03,-8.18716888497851187E+02,-2.67689414849367893E+02));
|   |   |   |   |   #19554=CARTESIAN_POINT('Ctrl Pnt',(-6.30829276054422553E+03,-8.17820496421265602E+02,-2.67689414849210209E+02));
|   |   |   |   |   #19555=CARTESIAN_POINT('Ctrl Pnt',(-6.30853254705695781E+03,-8.16941031744767429E+02,-2.67689414849148875E+02));
|   |   |   |   |   #19556=CARTESIAN_POINT('Ctrl Pnt',(-6.30884324794543409E+03,-8.16087388083735732E+02,-2.67689414849184573E+02));
|   |   |   |   |   #19557=CARTESIAN_POINT('Ctrl Pnt',(-6.30577787703910144E+03,-8.19394533019482537E+02,-2.63757659504937806E+02));
|   |   |   |   |   #19558=CARTESIAN_POINT('Ctrl Pnt',(-6.30588252133763126E+03,-8.18349896859100681E+02,-2.63757659504532228E+02));
|   |   |   |   |   #19559=CARTESIAN_POINT('Ctrl Pnt',(-6.30607395141254892E+03,-8.17313943053157686E+02,-2.63757659504272908E+02));
|   |   |   |   |   #19560=CARTESIAN_POINT('Ctrl Pnt',(-6.30635107094304931E+03,-8.16297552118801946E+02,-2.63757659504179628E+02));
|   |   |   |   |   #19561=CARTESIAN_POINT('Ctrl Pnt',(-6.30671014570043462E+03,-8.15311002346657574E+02,-2.63757659504241815E+02));
|   |   |   #19581=ADVANCED_FACE('',(#19605),#19582,.F.);
|   |   |   |   #19605=FACE_OUTER_BOUND('',#19606,.F.);
|   |   |   |   |   #19606=EDGE_LOOP('',(#19607,#19608,#19609,#19610));
|   |   |   |   |   |   #19607=ORIENTED_EDGE('',*,*,#19567,.T.);
|   |   |   |   |   |   |   #19567=EDGE_CURVE('',#19568,#19372,#19570,.T.);
|   |   |   |   |   |   |   |   #19568=VERTEX_POINT('',#19569);
|   |   |   |   |   |   |   |   |   #19569=CARTESIAN_POINT('',(-6.30884324794543045E+03,-8.16087388083736982E+02,-2.67689414849185027E+02));
|   |   |   |   |   |   |   |   #19372=VERTEX_POINT('',#19373);
|   |   |   |   |   |   |   |   |   #19373=CARTESIAN_POINT('',(-6.30671014570043008E+03,-8.15311002346658029E+02,-2.63757659502956017E+02));
|   |   |   |   |   |   |   |   #19570=B_SPLINE_CURVE_WITH_KNOTS('',1,(#19571,#19572),.UNSPECIFIED.,.F.,.F.,(2,2),(0.0,5.29326434297503710E+01),.UNSPECIFIED.);
|   |   |   |   |   |   |   |   |   #19571=CARTESIAN_POINT('Ctrl Pnt',(-6.30884324794543318E+03,-8.16087388083736982E+02,-2.67689414849184573E+02));
|   |   |   |   |   |   |   |   |   #19572=CARTESIAN_POINT('Ctrl Pnt',(-6.30671014570043462E+03,-8.15311002346657574E+02,-2.63757659502955562E+02));
|   |   |   |   |   |   #19608=ORIENTED_EDGE('',*,*,#19401,.T.);
|   |   |   |   |   |   |   #19401=EDGE_CURVE('',#19372,#19329,#19402,.T.);
|   |   |   |   |   |   |   |   #19372=VERTEX_POINT('',#19373);
|   |   |   |   |   |   |   |   |   #19373=CARTESIAN_POINT('',(-6.30671014570043008E+03,-8.15311002346658029E+02,-2.63757659502956017E+02));
|   |   |   |   |   |   |   |   #19329=VERTEX_POINT('',#19330);
|   |   |   |   |   |   |   |   |   #19330=CARTESIAN_POINT('',(-6.33837778698988041E+03,-8.26837081262002016E+02,-2.63757659565097015E+02));
|   |   |   |   |   |   |   |   #19402=B_SPLINE_CURVE_WITH_KNOTS('',10,(#19403,#19404,#19405,#19406,#19407,#19408,#19409,#19410,#19411,#19412,#19413),.UNSPECIFIED.,.F.,.F.,(11,11),(-3.05126177992546910E-10,5.29326434294452426E+01),.UNSPECIFIED.);
|   |   |   |   |   |   |   |   |   #19403=CARTESIAN_POINT('Ctrl Pnt',(-6.30671014570043462E+03,-8.15311002346657574E+02,-2.63757659502955562E+02));
|   |   |   |   |   |   |   |   |   #19404=CARTESIAN_POINT('Ctrl Pnt',(-6.30852015414111429E+03,-8.10338045107094104E+02,-2.63757659504577020E+02));
|   |   |   |   |   |   |   |   |   #19405=CARTESIAN_POINT('Ctrl Pnt',(-6.31206665859606437E+03,-8.05993454029746545E+02,-2.63757659508092615E+02));
|   |   |   |   |   |   |   |   |   #19406=CARTESIAN_POINT('Ctrl Pnt',(-6.31710451558110253E+03,-8.02965178162253665E+02,-2.63757659515388355E+02));
|   |   |   |   |   |   |   |   |   #19407=CARTESIAN_POINT('Ctrl Pnt',(-6.32306972451509500E+03,-8.01823800212609967E+02,-2.63757659524332155E+02));
|   |   |   |   |   |   |   |   |   #19408=CARTESIAN_POINT('Ctrl Pnt',(-6.32917414304768499E+03,-8.02857781164753078E+02,-2.63757659536275241E+02));
|   |   |   |   |   |   |   |   |   #19409=CARTESIAN_POINT('Ctrl Pnt',(-6.33451502902563425E+03,-8.05989550677253419E+02,-2.63757659546355512E+02));
|   |   |   |   |   |   |   |   |   #19410=CARTESIAN_POINT('Ctrl Pnt',(-6.33835098069547257E+03,-8.10698258823141714E+02,-2.63757659556180499E+02));
|   |   |   |   |   |   |   |   |   #19411=CARTESIAN_POINT('Ctrl Pnt',(-6.34026366467117532E+03,-8.16256325191276233E+02,-2.63757659562304298E+02));
|   |   |   |   |   |   |   |   |   #19412=CARTESIAN_POINT('Ctrl Pnt',(-6.34018779541597269E+03,-8.21864123983719196E+02,-2.63757659565422784E+02));
|   |   |   |   |   |   |   |   |   #19413=CARTESIAN_POINT('Ctrl Pnt',(-6.33837778698988495E+03,-8.26837081262001675E+02,-2.63757659565096844E+02));
|   |   |   |   |   |   #19609=ORIENTED_EDGE('',*,*,#19523,.F.);
|   |   |   |   |   |   |   #19523=EDGE_CURVE('',#19524,#19329,#19526,.T.);
|   |   |   |   |   |   |   |   #19524=VERTEX_POINT('',#19525);
|   |   |   |   |   |   |   |   |   #19525=CARTESIAN_POINT('',(-6.33624468474070000E+03,-8.26060695536894968E+02,-2.67689414886515010E+02));
|   |   |   |   |   |   |   |   #19329=VERTEX_POINT('',#19330);
|   |   |   |   |   |   |   |   |   #19330=CARTESIAN_POINT('',(-6.33837778698988041E+03,-8.26837081262002016E+02,-2.63757659565097015E+02));
|   |   |   |   |   |   |   |   #19526=B_SPLINE_CURVE_WITH_KNOTS('',1,(#19527,#19528),.UNSPECIFIED.,.F.,.F.,(2,2),(0.0,5.29326434297503710E+01),.UNSPECIFIED.);
|   |   |   |   |   |   |   |   |   #19527=CARTESIAN_POINT('Ctrl Pnt',(-6.33624468474069727E+03,-8.26060695536894968E+02,-2.67689414886515010E+02));
|   |   |   |   |   |   |   |   |   #19528=CARTESIAN_POINT('Ctrl Pnt',(-6.33837778698988495E+03,-8.26837081262001675E+02,-2.63757659565096844E+02));
|   |   |   |   |   |   #19610=ORIENTED_EDGE('',*,*,#19611,.F.);
|   |   |   |   |   |   |   #19611=EDGE_CURVE('',#19568,#19524,#19612,.T.);
|   |   |   |   |   |   |   |   #19568=VERTEX_POINT('',#19569);
|   |   |   |   |   |   |   |   |   #19569=CARTESIAN_POINT('',(-6.30884324794543045E+03,-8.16087388083736982E+02,-2.67689414849185027E+02));
|   |   |   |   |   |   |   |   #19524=VERTEX_POINT('',#19525);
|   |   |   |   |   |   |   |   |   #19525=CARTESIAN_POINT('',(-6.33624468474070000E+03,-8.26060695536894968E+02,-2.67689414886515010E+02));
|   |   |   |   |   |   |   |   #19612=B_SPLINE_CURVE_WITH_KNOTS('',10,(#19613,#19614,#19615,#19616,#19617,#19618,#19619,#19620,#19621,#19622,#19623),.UNSPECIFIED.,.F.,.F.,(11,11),(-3.05126177992546910E-10,5.29326434294452426E+01),.UNSPECIFIED.);
|   |   |   |   |   |   |   |   |   #19613=CARTESIAN_POINT('Ctrl Pnt',(-6.30884324794543318E+03,-8.16087388083736982E+02,-2.67689414849184573E+02));
|   |   |   |   |   |   |   |   |   #19614=CARTESIAN_POINT('Ctrl Pnt',(-6.31040941549742001E+03,-8.11784378172707875E+02,-2.67689414849383752E+02));
|   |   |   |   |   |   |   |   |   #19615=CARTESIAN_POINT('Ctrl Pnt',(-6.31347814153519175E+03,-8.08025082328975714E+02,-2.67689414851509980E+02));
|   |   |   |   |   |   |   |   |   #19616=CARTESIAN_POINT('Ctrl Pnt',(-6.31783730819218181E+03,-8.05404769541418091E+02,-2.67689414856018573E+02));
|   |   |   |   |   |   |   |   |   #19617=CARTESIAN_POINT('Ctrl Pnt',(-6.32299889515930226E+03,-8.04417156719099466E+02,-2.67689414861450018E+02));
|   |   |   |   |   |   |   |   |   #19618=CARTESIAN_POINT('Ctrl Pnt',(-6.32828093842497765E+03,-8.05311840711791774E+02,-2.67689414868812264E+02));
|   |   |   |   |   |   |   |   |   #19619=CARTESIAN_POINT('Ctrl Pnt',(-6.33290231006294744E+03,-8.08021704991780553E+02,-2.67689414874964768E+02));
|   |   |   |   |   |   |   |   |   #19620=CARTESIAN_POINT('Ctrl Pnt',(-6.33622148978792029E+03,-8.12096064479711572E+02,-2.67689414881038601E+02));
|   |   |   |   |   |   |   |   |   #19621=CARTESIAN_POINT('Ctrl Pnt',(-6.33787650055268386E+03,-8.16905358850655830E+02,-2.67689414884763210E+02));
|   |   |   |   |   |   |   |   |   #19622=CARTESIAN_POINT('Ctrl Pnt',(-6.33781085226961750E+03,-8.21757685617477364E+02,-2.67689414886711006E+02));
|   |   |   |   |   |   |   |   |   #19623=CARTESIAN_POINT('Ctrl Pnt',(-6.33624468474069727E+03,-8.26060695536894968E+02,-2.67689414886515010E+02));
|   |   |   |   #19582=B_SPLINE_SURFACE_WITH_KNOTS('',1,10,((#19583,#19584,#19585,#19586,#19587,#19588,#19589,#19590,#19591,#19592,#19593),(#19594,#19595,#19596,#19597,#19598,#19599,#19600,#19601,#19602,#19603,#19604)),.UNSPECIFIED.,.F.,.F.,.F.,(2,2),(11,11),(0.0,5.29326434297503710E+01),(-3.05126177992546910E-10,5.29326434294452426E+01),.UNSPECIFIED.);
|   |   |   |   |   #19583=CARTESIAN_POINT('Ctrl Pnt',(-6.30884324794543318E+03,-8.16087388083736982E+02,-2.67689414849184573E+02));
|   |   |   |   |   #19584=CARTESIAN_POINT('Ctrl Pnt',(-6.31040941549742001E+03,-8.11784378172707875E+02,-2.67689414849383752E+02));
|   |   |   |   |   #19585=CARTESIAN_POINT('Ctrl Pnt',(-6.31347814153519175E+03,-8.08025082328975714E+02,-2.67689414851509980E+02));
|   |   |   |   |   #19586=CARTESIAN_POINT('Ctrl Pnt',(-6.31783730819218181E+03,-8.05404769541418091E+02,-2.67689414856018573E+02));
|   |   |   |   |   #19587=CARTESIAN_POINT('Ctrl Pnt',(-6.32299889515930226E+03,-8.04417156719099466E+02,-2.67689414861450018E+02));
|   |   |   |   |   #19588=CARTESIAN_POINT('Ctrl Pnt',(-6.32828093842497765E+03,-8.05311840711791774E+02,-2.67689414868812264E+02));
|   |   |   |   |   #19589=CARTESIAN_POINT('Ctrl Pnt',(-6.33290231006294744E+03,-8.08021704991780553E+02,-2.67689414874964768E+02));
|   |   |   |   |   #19590=CARTESIAN_POINT('Ctrl Pnt',(-6.33622148978792029E+03,-8.12096064479711572E+02,-2.67689414881038601E+02));
|   |   |   |   |   #19591=CARTESIAN_POINT('Ctrl Pnt',(-6.33787650055268386E+03,-8.16905358850655830E+02,-2.67689414884763210E+02));
|   |   |   |   |   #19592=CARTESIAN_POINT('Ctrl Pnt',(-6.33781085226961750E+03,-8.21757685617477364E+02,-2.67689414886711006E+02));
|   |   |   |   |   #19593=CARTESIAN_POINT('Ctrl Pnt',(-6.33624468474069727E+03,-8.26060695536894968E+02,-2.67689414886515010E+02));
|   |   |   |   |   #19594=CARTESIAN_POINT('Ctrl Pnt',(-6.30671014570043462E+03,-8.15311002346657574E+02,-2.63757659502955562E+02));
|   |   |   |   |   #19595=CARTESIAN_POINT('Ctrl Pnt',(-6.30852015414111429E+03,-8.10338045107094104E+02,-2.63757659504577020E+02));
|   |   |   |   |   #19596=CARTESIAN_POINT('Ctrl Pnt',(-6.31206665859606437E+03,-8.05993454029746545E+02,-2.63757659508092615E+02));
|   |   |   |   |   #19597=CARTESIAN_POINT('Ctrl Pnt',(-6.31710451558110253E+03,-8.02965178162253665E+02,-2.63757659515388355E+02));
|   |   |   |   |   #19598=CARTESIAN_POINT('Ctrl Pnt',(-6.32306972451509500E+03,-8.01823800212609967E+02,-2.63757659524332155E+02));
|   |   |   |   |   #19599=CARTESIAN_POINT('Ctrl Pnt',(-6.32917414304768499E+03,-8.02857781164753078E+02,-2.63757659536275241E+02));
|   |   |   |   |   #19600=CARTESIAN_POINT('Ctrl Pnt',(-6.33451502902563425E+03,-8.05989550677253419E+02,-2.63757659546355512E+02));
|   |   |   |   |   #19601=CARTESIAN_POINT('Ctrl Pnt',(-6.33835098069547257E+03,-8.10698258823141714E+02,-2.63757659556180499E+02));
|   |   |   |   |   #19602=CARTESIAN_POINT('Ctrl Pnt',(-6.34026366467117532E+03,-8.16256325191276233E+02,-2.63757659562304298E+02));
|   |   |   |   |   #19603=CARTESIAN_POINT('Ctrl Pnt',(-6.34018779541597269E+03,-8.21864123983719196E+02,-2.63757659565422784E+02));
|   |   |   |   |   #19604=CARTESIAN_POINT('Ctrl Pnt',(-6.33837778698988495E+03,-8.26837081262001675E+02,-2.63757659565096844E+02));
|   |   |   #19624=ADVANCED_FACE('',(#19630),#19625,.F.);
|   |   |   |   #19630=FACE_OUTER_BOUND('',#19631,.F.);
|   |   |   |   |   #19631=EDGE_LOOP('',(#19632,#19633,#19642,#19651,#19660,#19667,#19668,#19669));
|   |   |   |   |   |   #19632=ORIENTED_EDGE('',*,*,#19442,.F.);
|   |   |   |   |   |   |   #19442=EDGE_CURVE('',#19428,#19436,#19443,.T.);
|   |   |   |   |   |   |   |   #19428=VERTEX_POINT('',#19429);
|   |   |   |   |   |   |   |   |   #19429=CARTESIAN_POINT('',(-6.30157282408386982E+03,-9.19858947562010030E+02,1.69999999996328000E+02));
|   |   |   |   |   |   |   |   #19436=VERTEX_POINT('',#19437);
|   |   |   |   |   |   |   |   |   #19437=CARTESIAN_POINT('',(-6.27551986574667990E+03,-9.10376446211978987E+02,1.66527113095369003E+02));
|   |   |   |   |   |   |   |   #19443=CIRCLE('',#19444,1.40800000000000018E+01);
|   |   |   |   |   |   |   |   |   #19444=AXIS2_PLACEMENT_3D('',#19445,#19446,#19447);
|   |   |   |   |   |   |   |   |   |   #19445=CARTESIAN_POINT('',(-6.28834195198320231E+03,-9.15043303943980845E+02,1.70000000000000767E+02));
|   |   |   |   |   |   |   |   |   |   #19446=DIRECTION('',(3.42020143325935055E-01,-9.39692620785811505E-01,-1.91786381390711152E-10));
|   |   |   |   |   |   |   |   |   |   #19447=DIRECTION('',(1.79496993506618311E-10,2.69426366916344327E-10,-1.0));
|   |   |   |   |   |   #19633=ORIENTED_EDGE('',*,*,#19634,.T.);
|   |   |   |   |   |   |   #19634=EDGE_CURVE('',#19428,#19635,#19637,.T.);
|   |   |   |   |   |   |   |   #19428=VERTEX_POINT('',#19429);
|   |   |   |   |   |   |   |   |   #19429=CARTESIAN_POINT('',(-6.30157282408386982E+03,-9.19858947562010030E+02,1.69999999996328000E+02));
|   |   |   |   |   |   |   |   #19635=VERTEX_POINT('',#19636);
|   |   |   |   |   |   |   |   |   #19636=CARTESIAN_POINT('',(-6.33577483842176025E+03,-8.25889685468855987E+02,7.00000000191835028E+01));
|   |   |   |   |   |   |   |   #19637=CIRCLE('',#19638,9.99999999963281567E+01);
|   |   |   |   |   |   |   |   |   #19638=AXIS2_PLACEMENT_3D('',#19639,#19640,#19641);
|   |   |   |   |   |   |   |   |   |   #19639=CARTESIAN_POINT('',(-6.30157282409042273E+03,-9.19858947543987142E+02,7.00000000000001990E+01));
|   |   |   |   |   |   |   |   |   |   #19640=DIRECTION('',(-9.39692620785811394E-01,-3.42020143325935111E-01,-3.46189121011909137E-14));
|   |   |   |   |   |   |   |   |   |   #19641=DIRECTION('',(3.42020143325935111E-01,-9.39692620785811394E-01,-2.07239736482733690E-10));
|   |   |   |   |   |   #19642=ORIENTED_EDGE('',*,*,#19643,.T.);
|   |   |   |   |   |   |   #19643=EDGE_CURVE('',#19635,#19644,#19646,.T.);
|   |   |   |   |   |   |   |   #19635=VERTEX_POINT('',#19636);
|   |   |   |   |   |   |   |   |   #19636=CARTESIAN_POINT('',(-6.33577483842176025E+03,-8.25889685468855987E+02,7.00000000191835028E+01));
|   |   |   |   |   |   |   |   #19644=VERTEX_POINT('',#19645);
|   |   |   |   |   |   |   |   |   #19645=CARTESIAN_POINT('',(-6.30853408280872009E+03,-8.19670630313107040E+02,7.00000000185183069E+01));
|   |   |   |   |   |   |   |   #19646=CIRCLE('',#19647,1.40800000000000018E+01);
|   |   |   |   |   |   |   |   |   #19647=AXIS2_PLACEMENT_3D('',#19648,#19649,#19650);
|   |   |   |   |   |   |   |   |   |   #19648=CARTESIAN_POINT('',(-6.32254396632235239E+03,-8.21074041847376748E+02,7.00000000191839860E+01));
|   |   |   |   |   |   |   |   |   |   #19649=DIRECTION('',(6.55782436404623042E-11,-1.80275962537035179E-10,1.0));
|   |   |   |   |   |   |   |   |   |   #19650=DIRECTION('',(-3.42020143325935111E-01,9.39692620785811394E-01,1.91833071990085350E-10));
|   |   |   |   |   |   #19651=ORIENTED_EDGE('',*,*,#19652,.T.);
|   |   |   |   |   |   |   #19652=EDGE_CURVE('',#19644,#19653,#19655,.T.);
|   |   |   |   |   |   |   |   #19644=VERTEX_POINT('',#19645);
|   |   |   |   |   |   |   |   |   #19645=CARTESIAN_POINT('',(-6.30853408280872009E+03,-8.19670630313107040E+02,7.00000000185183069E+01));
|   |   |   |   |   |   |   |   #19653=VERTEX_POINT('',#19654);
|   |   |   |   |   |   |   |   |   #19654=CARTESIAN_POINT('',(-6.30931309424887968E+03,-8.16258398154653037E+02,7.00000000191844975E+01));
|   |   |   |   |   |   |   |   #19655=CIRCLE('',#19656,1.40800000000000018E+01);
|   |   |   |   |   |   |   |   |   #19656=AXIS2_PLACEMENT_3D('',#19657,#19658,#19659);
|   |   |   |   |   |   |   |   |   |   #19657=CARTESIAN_POINT('',(-6.32254396632235239E+03,-8.21074041847376748E+02,7.00000000191839860E+01));
|   |   |   |   |   |   |   |   |   |   #19658=DIRECTION('',(6.55782436404623042E-11,-1.80275962537035179E-10,1.0));
|   |   |   |   |   |   |   |   |   |   #19659=DIRECTION('',(-3.42020143325935111E-01,9.39692620785811394E-01,1.91833071990085350E-10));
|   |   |   |   |   |   #19660=ORIENTED_EDGE('',*,*,#19661,.T.);
|   |   |   |   |   |   |   #19661=EDGE_CURVE('',#19653,#19635,#19662,.T.);
|   |   |   |   |   |   |   |   #19653=VERTEX_POINT('',#19654);
|   |   |   |   |   |   |   |   |   #19654=CARTESIAN_POINT('',(-6.30931309424887968E+03,-8.16258398154653037E+02,7.00000000191844975E+01));
|   |   |   |   |   |   |   |   #19635=VERTEX_POINT('',#19636);
|   |   |   |   |   |   |   |   |   #19636=CARTESIAN_POINT('',(-6.33577483842176025E+03,-8.25889685468855987E+02,7.00000000191835028E+01));
|   |   |   |   |   |   |   |   #19662=CIRCLE('',#19663,1.40800000000000018E+01);
|   |   |   |   |   |   |   |   |   #19663=AXIS2_PLACEMENT_3D('',#19664,#19665,#19666);
|   |   |   |   |   |   |   |   |   |   #19664=CARTESIAN_POINT('',(-6.32254396632235239E+03,-8.21074041847376748E+02,7.00000000191839860E+01));
|   |   |   |   |   |   |   |   |   |   #19665=DIRECTION('',(6.55782436404623042E-11,-1.80275962537035179E-10,1.0));
|   |   |   |   |   |   |   |   |   |   #19666=DIRECTION('',(-3.42020143325935111E-01,9.39692620785811394E-01,1.91833071990085350E-10));
|   |   |   |   |   |   #19667=ORIENTED_EDGE('',*,*,#19634,.F.);
|   |   |   |   |   |   |   #19634=EDGE_CURVE('',#19428,#19635,#19637,.T.);
|   |   |   |   |   |   |   |   #19428=VERTEX_POINT('',#19429);
|   |   |   |   |   |   |   |   |   #19429=CARTESIAN_POINT('',(-6.30157282408386982E+03,-9.19858947562010030E+02,1.69999999996328000E+02));
|   |   |   |   |   |   |   |   #19635=VERTEX_POINT('',#19636);
|   |   |   |   |   |   |   |   |   #19636=CARTESIAN_POINT('',(-6.33577483842176025E+03,-8.25889685468855987E+02,7.00000000191835028E+01));
|   |   |   |   |   |   |   |   #19637=CIRCLE('',#19638,9.99999999963281567E+01);
|   |   |   |   |   |   |   |   |   #19638=AXIS2_PLACEMENT_3D('',#19639,#19640,#19641);
|   |   |   |   |   |   |   |   |   |   #19639=CARTESIAN_POINT('',(-6.30157282409042273E+03,-9.19858947543987142E+02,7.00000000000001990E+01));
|   |   |   |   |   |   |   |   |   |   #19640=DIRECTION('',(-9.39692620785811394E-01,-3.42020143325935111E-01,-3.46189121011909137E-14));
|   |   |   |   |   |   |   |   |   |   #19641=DIRECTION('',(3.42020143325935111E-01,-9.39692620785811394E-01,-2.07239736482733690E-10));
|   |   |   |   |   |   #19668=ORIENTED_EDGE('',*,*,#19492,.F.);
|   |   |   |   |   |   |   #19492=EDGE_CURVE('',#19464,#19428,#19493,.T.);
|   |   |   |   |   |   |   |   #19464=VERTEX_POINT('',#19465);
|   |   |   |   |   |   |   |   |   #19465=CARTESIAN_POINT('',(-6.27511107988254025E+03,-9.10227660325952002E+02,1.70000000079609009E+02));
|   |   |   |   |   |   |   |   #19428=VERTEX_POINT('',#19429);
|   |   |   |   |   |   |   |   |   #19429=CARTESIAN_POINT('',(-6.30157282408386982E+03,-9.19858947562010030E+02,1.69999999996328000E+02));
|   |   |   |   |   |   |   |   #19493=CIRCLE('',#19494,1.40800000000000018E+01);
|   |   |   |   |   |   |   |   |   #19494=AXIS2_PLACEMENT_3D('',#19495,#19496,#19497);
|   |   |   |   |   |   |   |   |   |   #19495=CARTESIAN_POINT('',(-6.28834195198320322E+03,-9.15043303943981300E+02,1.70000000000000767E+02));
|   |   |   |   |   |   |   |   |   |   #19496=DIRECTION('',(3.42020143325935055E-01,-9.39692620785811505E-01,-1.91786381390711152E-10));
|   |   |   |   |   |   |   |   |   |   #19497=DIRECTION('',(1.87484443401012477E-10,2.72333560925599045E-10,-1.0));
|   |   |   |   |   |   #19669=ORIENTED_EDGE('',*,*,#19470,.F.);
|   |   |   |   |   |   |   #19470=EDGE_CURVE('',#19436,#19464,#19471,.T.);
|   |   |   |   |   |   |   |   #19436=VERTEX_POINT('',#19437);
|   |   |   |   |   |   |   |   |   #19437=CARTESIAN_POINT('',(-6.27551986574667990E+03,-9.10376446211978987E+02,1.66527113095369003E+02));
|   |   |   |   |   |   |   |   #19464=VERTEX_POINT('',#19465);
|   |   |   |   |   |   |   |   |   #19465=CARTESIAN_POINT('',(-6.27511107988254025E+03,-9.10227660325952002E+02,1.70000000079609009E+02));
|   |   |   |   |   |   |   |   #19471=CIRCLE('',#19472,1.40800000000000018E+01);
|   |   |   |   |   |   |   |   |   #19472=AXIS2_PLACEMENT_3D('',#19473,#19474,#19475);
|   |   |   |   |   |   |   |   |   |   #19473=CARTESIAN_POINT('',(-6.28834195198320231E+03,-9.15043303943980845E+02,1.70000000000000739E+02));
|   |   |   |   |   |   |   |   |   |   #19474=DIRECTION('',(3.42020143325935055E-01,-9.39692620785811505E-01,-1.91786381390711152E-10));
|   |   |   |   |   |   |   |   |   |   #19475=DIRECTION('',(1.79497180655659699E-10,2.69426435033024679E-10,-1.0));
|   |   |   |   #19625=TOROIDAL_SURFACE('',#19626,1.00000000000000071E+02,1.40800000000000018E+01);
|   |   |   |   |   #19626=AXIS2_PLACEMENT_3D('',#19627,#19628,#19629);
|   |   |   |   |   |   #19627=CARTESIAN_POINT('',(-6.28834195198975885E+03,-9.15043303925957957E+02,7.00000000000006821E+01));
|   |   |   |   |   |   #19628=DIRECTION('',(-9.39692620785811394E-01,-3.42020143325935111E-01,-3.46189121011909137E-14));
|   |   |   |   |   |   #19629=DIRECTION('',(3.42020143325935111E-01,-9.39692620785811394E-01,-2.07239736482733690E-10));
|   |   |   #19670=ADVANCED_FACE('',(#19676,#19681),#19671,.F.);
|   |   |   |   #19676=FACE_OUTER_BOUND('',#19677,.F.);
|   |   |   |   |   #19677=EDGE_LOOP('',(#19678,#19679,#19680));
|   |   |   |   |   |   #19678=ORIENTED_EDGE('',*,*,#19611,.T.);
|   |   |   |   |   |   |   #19611=EDGE_CURVE('',#19568,#19524,#19612,.T.);
|   |   |   |   |   |   |   |   #19568=VERTEX_POINT('',#19569);
|   |   |   |   |   |   |   |   |   #19569=CARTESIAN_POINT('',(-6.30884324794543045E+03,-8.16087388083736982E+02,-2.67689414849185027E+02));
|   |   |   |   |   |   |   |   #19524=VERTEX_POINT('',#19525);
|   |   |   |   |   |   |   |   |   #19525=CARTESIAN_POINT('',(-6.33624468474070000E+03,-8.26060695536894968E+02,-2.67689414886515010E+02));
|   |   |   |   |   |   |   |   #19612=B_SPLINE_CURVE_WITH_KNOTS('',10,(#19613,#19614,#19615,#19616,#19617,#19618,#19619,#19620,#19621,#19622,#19623),.UNSPECIFIED.,.F.,.F.,(11,11),(-3.05126177992546910E-10,5.29326434294452426E+01),.UNSPECIFIED.);
|   |   |   |   |   |   |   |   |   #19613=CARTESIAN_POINT('Ctrl Pnt',(-6.30884324794543318E+03,-8.16087388083736982E+02,-2.67689414849184573E+02));
|   |   |   |   |   |   |   |   |   #19614=CARTESIAN_POINT('Ctrl Pnt',(-6.31040941549742001E+03,-8.11784378172707875E+02,-2.67689414849383752E+02));
|   |   |   |   |   |   |   |   |   #19615=CARTESIAN_POINT('Ctrl Pnt',(-6.31347814153519175E+03,-8.08025082328975714E+02,-2.67689414851509980E+02));
|   |   |   |   |   |   |   |   |   #19616=CARTESIAN_POINT('Ctrl Pnt',(-6.31783730819218181E+03,-8.05404769541418091E+02,-2.67689414856018573E+02));
|   |   |   |   |   |   |   |   |   #19617=CARTESIAN_POINT('Ctrl Pnt',(-6.32299889515930226E+03,-8.04417156719099466E+02,-2.67689414861450018E+02));
|   |   |   |   |   |   |   |   |   #19618=CARTESIAN_POINT('Ctrl Pnt',(-6.32828093842497765E+03,-8.05311840711791774E+02,-2.67689414868812264E+02));
|   |   |   |   |   |   |   |   |   #19619=CARTESIAN_POINT('Ctrl Pnt',(-6.33290231006294744E+03,-8.08021704991780553E+02,-2.67689414874964768E+02));
|   |   |   |   |   |   |   |   |   #19620=CARTESIAN_POINT('Ctrl Pnt',(-6.33622148978792029E+03,-8.12096064479711572E+02,-2.67689414881038601E+02));
|   |   |   |   |   |   |   |   |   #19621=CARTESIAN_POINT('Ctrl Pnt',(-6.33787650055268386E+03,-8.16905358850655830E+02,-2.67689414884763210E+02));
|   |   |   |   |   |   |   |   |   #19622=CARTESIAN_POINT('Ctrl Pnt',(-6.33781085226961750E+03,-8.21757685617477364E+02,-2.67689414886711006E+02));
|   |   |   |   |   |   |   |   |   #19623=CARTESIAN_POINT('Ctrl Pnt',(-6.33624468474069727E+03,-8.26060695536894968E+02,-2.67689414886515010E+02));
|   |   |   |   |   |   #19679=ORIENTED_EDGE('',*,*,#19538,.T.);
|   |   |   |   |   |   |   #19538=EDGE_CURVE('',#19524,#19532,#19539,.T.);
|   |   |   |   |   |   |   |   #19524=VERTEX_POINT('',#19525);
|   |   |   |   |   |   |   |   |   #19525=CARTESIAN_POINT('',(-6.33624468474070000E+03,-8.26060695536894968E+02,-2.67689414886515010E+02));
|   |   |   |   |   |   |   |   #19532=VERTEX_POINT('',#19533);
|   |   |   |   |   |   |   |   |   #19533=CARTESIAN_POINT('',(-6.30803657274785019E+03,-8.19620793258314961E+02,-2.67689414849619993E+02));
|   |   |   |   |   |   |   |   #19539=B_SPLINE_CURVE_WITH_KNOTS('',9,(#19540,#19541,#19542,#19543,#19544,#19545,#19546,#19547,#19548,#19549),.UNSPECIFIED.,.F.,.F.,(10,10),(5.29326434294452426E+01,1.01671299527709479E+02),.UNSPECIFIED.);
|   |   |   |   |   |   |   |   |   #19540=CARTESIAN_POINT('Ctrl Pnt',(-6.33624468474069818E+03,-8.26060695536895082E+02,-2.67689414886515010E+02));
|   |   |   |   |   |   |   |   |   #19541=CARTESIAN_POINT('Ctrl Pnt',(-6.33464237795102144E+03,-8.30462997260220391E+02,-2.67689414886330667E+02));
|   |   |   |   |   |   |   |   |   #19542=CARTESIAN_POINT('Ctrl Pnt',(-6.33144798872793308E+03,-8.34288250637384067E+02,-2.67689414883983090E+02));
|   |   |   |   |   |   |   |   |   #19543=CARTESIAN_POINT('Ctrl Pnt',(-6.32689949120016900E+03,-8.36873147777764416E+02,-2.67689414879480069E+02));
|   |   |   |   |   |   |   |   |   #19544=CARTESIAN_POINT('Ctrl Pnt',(-6.32155922607883804E+03,-8.37681632276966184E+02,-2.67689414873309602E+02));
|   |   |   |   |   |   |   |   |   #19545=CARTESIAN_POINT('Ctrl Pnt',(-6.31622377958285415E+03,-8.36463551674072278E+02,-2.67689414866341394E+02));
|   |   |   |   |   |   |   |   |   #19546=CARTESIAN_POINT('Ctrl Pnt',(-6.31176348051880359E+03,-8.33417601738741837E+02,-2.67689414859677868E+02));
|   |   |   |   |   |   |   |   |   #19547=CARTESIAN_POINT('Ctrl Pnt',(-6.30878743020024649E+03,-8.29114852909184947E+02,-2.67689414854346353E+02));
|   |   |   |   |   |   |   |   |   #19548=CARTESIAN_POINT('Ctrl Pnt',(-6.30756961630266233E+03,-8.24282295075323646E+02,-2.67689414850919889E+02));
|   |   |   |   |   |   |   |   |   #19549=CARTESIAN_POINT('Ctrl Pnt',(-6.30803657274784837E+03,-8.19620793258315189E+02,-2.67689414849620277E+02));
|   |   |   |   |   |   #19680=ORIENTED_EDGE('',*,*,#19574,.T.);
|   |   |   |   |   |   |   #19574=EDGE_CURVE('',#19532,#19568,#19575,.T.);
|   |   |   |   |   |   |   |   #19532=VERTEX_POINT('',#19533);
|   |   |   |   |   |   |   |   |   #19533=CARTESIAN_POINT('',(-6.30803657274785019E+03,-8.19620793258314961E+02,-2.67689414849619993E+02));
|   |   |   |   |   |   |   |   #19568=VERTEX_POINT('',#19569);
|   |   |   |   |   |   |   |   |   #19569=CARTESIAN_POINT('',(-6.30884324794543045E+03,-8.16087388083736982E+02,-2.67689414849185027E+02));
|   |   |   |   |   |   |   |   #19575=B_SPLINE_CURVE_WITH_KNOTS('',4,(#19576,#19577,#19578,#19579,#19580),.UNSPECIFIED.,.F.,.F.,(5,5),(1.01671299527709479E+02,1.05871672425670809E+02),.UNSPECIFIED.);
|   |   |   |   |   |   |   |   |   #19576=CARTESIAN_POINT('Ctrl Pnt',(-6.30803657274784837E+03,-8.19620793258315302E+02,-2.67689414849620277E+02));
|   |   |   |   |   |   |   |   |   #19577=CARTESIAN_POINT('Ctrl Pnt',(-6.30812711956523981E+03,-8.18716888497851187E+02,-2.67689414849367893E+02));
|   |   |   |   |   |   |   |   |   #19578=CARTESIAN_POINT('Ctrl Pnt',(-6.30829276054422553E+03,-8.17820496421265602E+02,-2.67689414849210209E+02));
|   |   |   |   |   |   |   |   |   #19579=CARTESIAN_POINT('Ctrl Pnt',(-6.30853254705695781E+03,-8.16941031744767429E+02,-2.67689414849148875E+02));
|   |   |   |   |   |   |   |   |   #19580=CARTESIAN_POINT('Ctrl Pnt',(-6.30884324794543409E+03,-8.16087388083735732E+02,-2.67689414849184573E+02));
|   |   |   |   #19681=FACE_BOUND('',#19682,.F.);
|   |   |   |   |   #19682=EDGE_LOOP('',(#19683,#19769,#19887));
|   |   |   |   |   |   #19683=ORIENTED_EDGE('',*,*,#19684,.T.);
|   |   |   |   |   |   |   #19684=EDGE_CURVE('',#19685,#19687,#19689,.T.);
|   |   |   |   |   |   |   |   #19685=VERTEX_POINT('',#19686);
|   |   |   |   |   |   |   |   |   #19686=CARTESIAN_POINT('',(-6.33577483843037044E+03,-8.25889685465027014E+02,-2.67689414885875010E+02));
|   |   |   |   |   |   |   |   #19687=VERTEX_POINT('',#19688);
|   |   |   |   |   |   |   |   |   #19688=CARTESIAN_POINT('',(-6.30931309425496966E+03,-8.16258398157759984E+02,-2.67689414849825027E+02));
|   |   |   |   |   |   |   |   #19689=B_SPLINE_CURVE_WITH_KNOTS('',8,(#19690,#19691,#19692,#19693,#19694,#19695,#19696,#19697,#19698,#19699,#19700,#19701,#19702,#19703,#19704,#19705,#19706,#19707,#19708,#19709,#19710,#19711,#19712,#19713,#19714,#19715,#19716,#19717,#19718,#19719,#19720,#19721,#19722,#19723,#19724,#19725,#19726,#19727,#19728,#19729,#19730,#19731,#19732,#19733,#19734,#19735,#19736,#19737,#19738,#19739,#19740,#19741,#19742,#19743,#19744,#19745,#19746,#19747,#19748,#19749,#19750,#19751,#19752,#19753,#19754,#19755,#19756,#19757,#19758,#19759,#19760,#19761,#19762,#19763,#19764,#19765,#19766,#19767,#19768),.UNSPECIFIED.,.F.,.F.,(9,7,7,7,7,7,7,7,7,7,7,9),(0.0,1.93248351069333246E-01,2.03362615573492861E-01,2.77796147240701563E-01,2.99342693938576154E-01,4.21755890336052652E-01,4.44281825185504964E-01,5.98045883152441893E-01,7.51809941044047303E-01,8.46810633977593374E-01,8.56170180676684600E-01,1.0),.UNSPECIFIED.);
|   |   |   |   |   |   |   |   |   #19690=CARTESIAN_POINT('Ctrl Pnt',(-6.33124855786617718E+03,-8.38325539109904071E+02,-2.67689414885356200E+02));
|   |   |   |   |   |   |   |   |   #19691=CARTESIAN_POINT('Ctrl Pnt',(-6.33180868508600179E+03,-8.36786602221336466E+02,-2.67689414885420433E+02));
|   |   |   |   |   |   |   |   |   #19692=CARTESIAN_POINT('Ctrl Pnt',(-6.33236881230582640E+03,-8.35247665332768520E+02,-2.67689414885484609E+02));
|   |   |   |   |   |   |   |   |   #19693=CARTESIAN_POINT('Ctrl Pnt',(-6.33292893952565009E+03,-8.33708728444200574E+02,-2.67689414885548786E+02));
|   |   |   |   |   |   |   |   |   #19694=CARTESIAN_POINT('Ctrl Pnt',(-6.33348906674547470E+03,-8.32169791555632742E+02,-2.67689414885612962E+02));
|   |   |   |   |   |   |   |   |   #19695=CARTESIAN_POINT('Ctrl Pnt',(-6.33404919396529931E+03,-8.30630854667065137E+02,-2.67689414885677195E+02));
|   |   |   |   |   |   |   |   |   #19696=CARTESIAN_POINT('Ctrl Pnt',(-6.33460932118512392E+03,-8.29091917778497645E+02,-2.67689414885741371E+02));
|   |   |   |   |   |   |   |   |   #19697=CARTESIAN_POINT('Ctrl Pnt',(-6.33516944840494943E+03,-8.27552980889930268E+02,-2.67689414885805547E+02));
|   |   |   |   |   |   |   |   |   #19698=CARTESIAN_POINT('Ctrl Pnt',(-6.33575889165684293E+03,-8.25933498865220372E+02,-2.67689414885873077E+02));
|   |   |   |   |   |   |   |   |   #19699=CARTESIAN_POINT('Ctrl Pnt',(-6.33578845666027064E+03,-8.25853026955669520E+02,-2.67689414885876772E+02));
|   |   |   |   |   |   |   |   |   #19700=CARTESIAN_POINT('Ctrl Pnt',(-6.33581753608688814E+03,-8.25772508606940050E+02,-2.67689414885879899E+02));
|   |   |   |   |   |   |   |   |   #19701=CARTESIAN_POINT('Ctrl Pnt',(-6.33584592395595064E+03,-8.25691753916124867E+02,-2.67689414885882002E+02));
|   |   |   |   |   |   |   |   |   #19702=CARTESIAN_POINT('Ctrl Pnt',(-6.33587367007179000E+03,-8.25610700142771520E+02,-2.67689414885883252E+02));
|   |   |   |   |   |   |   |   |   #19703=CARTESIAN_POINT('Ctrl Pnt',(-6.33590087991635755E+03,-8.25529443445277252E+02,-2.67689414885883764E+02));
|   |   |   |   |   |   |   |   |   #19704=CARTESIAN_POINT('Ctrl Pnt',(-6.33592758721664723E+03,-8.25448104954090468E+02,-2.67689414885883650E+02));
|   |   |   |   |   |   |   |   |   #19705=CARTESIAN_POINT('Ctrl Pnt',(-6.33614586404204510E+03,-8.24766208343942139E+02,-2.67689414885875692E+02));
|   |   |   |   |   |   |   |   |   #19706=CARTESIAN_POINT('Ctrl Pnt',(-6.33630731452741020E+03,-8.24156053773585995E+02,-2.67689414885827432E+02));
|   |   |   |   |   |   |   |   |   #19707=CARTESIAN_POINT('Ctrl Pnt',(-6.33643746379456843E+03,-8.23537900777815253E+02,-2.67689414885737847E+02));
|   |   |   |   |   |   |   |   |   #19708=CARTESIAN_POINT('Ctrl Pnt',(-6.33653585629305508E+03,-8.22913624795503438E+02,-2.67689414885607164E+02));
|   |   |   |   |   |   |   |   |   #19709=CARTESIAN_POINT('Ctrl Pnt',(-6.33660217157200714E+03,-8.22285131462472350E+02,-2.67689414885435781E+02));
|   |   |   |   |   |   |   |   |   #19710=CARTESIAN_POINT('Ctrl Pnt',(-6.33663622661894169E+03,-8.21654344484330636E+02,-2.67689414885224267E+02));
|   |   |   |   |   |   |   |   |   #19711=CARTESIAN_POINT('Ctrl Pnt',(-6.33663797673580029E+03,-8.21023193316910238E+02,-2.67689414884973303E+02));
|   |   |   |   |   |   |   |   |   #19712=CARTESIAN_POINT('Ctrl Pnt',(-6.33659869706831614E+03,-8.20211350163134284E+02,-2.67689414884599955E+02));
|   |   |   |   |   |   |   |   |   #19713=CARTESIAN_POINT('Ctrl Pnt',(-6.33658717998539942E+03,-8.20029230230548933E+02,-2.67689414884512871E+02));
|   |   |   |   |   |   |   |   |   #19714=CARTESIAN_POINT('Ctrl Pnt',(-6.33657296596386277E+03,-8.19847287549534599E+02,-2.67689414884422661E+02));
|   |   |   |   |   |   |   |   |   #19715=CARTESIAN_POINT('Ctrl Pnt',(-6.33655605822759662E+03,-8.19665568716230268E+02,-2.67689414884329210E+02));
|   |   |   |   |   |   |   |   |   #19716=CARTESIAN_POINT('Ctrl Pnt',(-6.33653646096400917E+03,-8.19484120229923974E+02,-2.67689414884232576E+02));
|   |   |   |   |   |   |   |   |   #19717=CARTESIAN_POINT('Ctrl Pnt',(-6.33651417932402728E+03,-8.19302988493052112E+02,-2.67689414884132873E+02));
|   |   |   |   |   |   |   |   |   #19718=CARTESIAN_POINT('Ctrl Pnt',(-6.33648921942209381E+03,-8.19122219811200239E+02,-2.67689414884029986E+02));
|   |   |   |   |   |   |   |   |   #19719=CARTESIAN_POINT('Ctrl Pnt',(-6.33630460682095963E+03,-8.17917177729130458E+02,-2.67689414883322229E+02));
|   |   |   |   |   |   |   |   |   #19720=CARTESIAN_POINT('Ctrl Pnt',(-6.33606137204546667E+03,-8.16905483655966350E+02,-2.67689414882620611E+02));
|   |   |   |   |   |   |   |   |   #19721=CARTESIAN_POINT('Ctrl Pnt',(-6.33573316254983638E+03,-8.15915558368159054E+02,-2.67689414881824405E+02));
|   |   |   |   |   |   |   |   |   #19722=CARTESIAN_POINT('Ctrl Pnt',(-6.33532236352808104E+03,-8.14955772570572776E+02,-2.67689414880939808E+02));
|   |   |   |   |   |   |   |   |   #19723=CARTESIAN_POINT('Ctrl Pnt',(-6.33483225684718855E+03,-8.14033959110770411E+02,-2.67689414879973981E+02));
|   |   |   |   |   |   |   |   |   #19724=CARTESIAN_POINT('Ctrl Pnt',(-6.33426688660136188E+03,-8.13157585883371667E+02,-2.67689414878934826E+02));
|   |   |   |   |   |   |   |   |   #19725=CARTESIAN_POINT('Ctrl Pnt',(-6.33363127810811329E+03,-8.12333759508143203E+02,-2.67689414877831325E+02));
|   |   |   |   |   |   |   |   |   #19726=CARTESIAN_POINT('Ctrl Pnt',(-6.33280269389226032E+03,-8.11428250156323315E+02,-2.67689414876460319E+02));
|   |   |   |   |   |   |   |   |   #19727=CARTESIAN_POINT('Ctrl Pnt',(-6.33267173916842694E+03,-8.11289512919832760E+02,-2.67689414876245394E+02));
|   |   |   |   |   |   |   |   |   #19728=CARTESIAN_POINT('Ctrl Pnt',(-6.33253864145824991E+03,-8.11152808966910129E+02,-2.67689414876028650E+02));
|   |   |   |   |   |   |   |   |   #19729=CARTESIAN_POINT('Ctrl Pnt',(-6.33240343763685451E+03,-8.11018176882673060E+02,-2.67689414875810201E+02));
|   |   |   |   |   |   |   |   |   #19730=CARTESIAN_POINT('Ctrl Pnt',(-6.33226616538926555E+03,-8.10885654426207225E+02,-2.67689414875590103E+02));
|   |   |   |   |   |   |   |   |   #19731=CARTESIAN_POINT('Ctrl Pnt',(-6.33212686321040746E+03,-8.10755278530565874E+02,-2.67689414875368357E+02));
|   |   |   |   |   |   |   |   |   #19732=CARTESIAN_POINT('Ctrl Pnt',(-6.33198557040510514E+03,-8.10627085302770183E+02,-2.67689414875145076E+02));
|   |   |   |   |   |   |   |   |   #19733=CARTESIAN_POINT('Ctrl Pnt',(-6.33086453531831103E+03,-8.09641191435481005E+02,-2.67689414873386113E+02));
|   |   |   |   |   |   |   |   |   #19734=CARTESIAN_POINT('Ctrl Pnt',(-6.32979585876196688E+03,-8.08884619037452580E+02,-2.67689414871782731E+02));
|   |   |   |   |   |   |   |   |   #19735=CARTESIAN_POINT('Ctrl Pnt',(-6.32864903478061296E+03,-8.08242596165144732E+02,-2.67689414870130292E+02));
|   |   |   |   |   |   |   |   |   #19736=CARTESIAN_POINT('Ctrl Pnt',(-6.32743847273189022E+03,-8.07724448538658407E+02,-2.67689414868450001E+02));
|   |   |   |   |   |   |   |   |   #19737=CARTESIAN_POINT('Ctrl Pnt',(-6.32617987992774852E+03,-8.07337303100912095E+02,-2.67689414866763798E+02));
|   |   |   |   |   |   |   |   |   #19738=CARTESIAN_POINT('Ctrl Pnt',(-6.32488984794250518E+03,-8.07085875000351734E+02,-2.67689414865093795E+02));
|   |   |   |   |   |   |   |   |   #19739=CARTESIAN_POINT('Ctrl Pnt',(-6.32358539927072343E+03,-8.06972362718234876E+02,-2.67689414863461536E+02));
|   |   |   |   |   |   |   |   |   #19740=CARTESIAN_POINT('Ctrl Pnt',(-6.32098158939975201E+03,-8.07020539962728094E+02,-2.67689414860313605E+02));
|   |   |   |   |   |   |   |   |   #19741=CARTESIAN_POINT('Ctrl Pnt',(-6.31968223267456597E+03,-8.07182229405994804E+02,-2.67689414858797875E+02));
|   |   |   |   |   |   |   |   |   #19742=CARTESIAN_POINT('Ctrl Pnt',(-6.31840238462414345E+03,-8.07481206963574550E+02,-2.67689414857360987E+02));
|   |   |   |   |   |   |   |   |   #19743=CARTESIAN_POINT('Ctrl Pnt',(-6.31715897476470764E+03,-8.07914645952555702E+02,-2.67689414856022324E+02));
|   |   |   |   |   |   |   |   |   #19744=CARTESIAN_POINT('Ctrl Pnt',(-6.31596840888849874E+03,-8.08477220685084148E+02,-2.67689414854799736E+02));
|   |   |   |   |   |   |   |   |   #19745=CARTESIAN_POINT('Ctrl Pnt',(-6.31484611991202837E+03,-8.09161228041862273E+02,-2.67689414853708911E+02));
|   |   |   |   |   |   |   |   |   #19746=CARTESIAN_POINT('Ctrl Pnt',(-6.31380616234803620E+03,-8.09956815647890039E+02,-2.67689414852762923E+02));
|   |   |   |   |   |   |   |   |   #19747=CARTESIAN_POINT('Ctrl Pnt',(-6.31227680435533966E+03,-8.11405587791518883E+02,-2.67689414851483662E+02));
|   |   |   |   |   |   |   |   |   #19748=CARTESIAN_POINT('Ctrl Pnt',(-6.31172888710410371E+03,-8.11996997227519955E+02,-2.67689414851054323E+02));
|   |   |   |   |   |   |   |   |   #19749=CARTESIAN_POINT('Ctrl Pnt',(-6.31122000401171772E+03,-8.12623792719051721E+02,-2.67689414850686660E+02));
|   |   |   |   |   |   |   |   |   #19750=CARTESIAN_POINT('Ctrl Pnt',(-6.31075280916032989E+03,-8.13282955983111037E+02,-2.67689414850382718E+02));
|   |   |   |   |   |   |   |   |   #19751=CARTESIAN_POINT('Ctrl Pnt',(-6.31032967436337731E+03,-8.13971232222297203E+02,-2.67689414850144033E+02));
|   |   |   |   |   |   |   |   |   #19752=CARTESIAN_POINT('Ctrl Pnt',(-6.30995266350468683E+03,-8.14685163172833768E+02,-2.67689414849971740E+02));
|   |   |   |   |   |   |   |   |   #19753=CARTESIAN_POINT('Ctrl Pnt',(-6.30962351220322580E+03,-8.15421123671404757E+02,-2.67689414849866523E+02));
|   |   |   |   |   |   |   |   |   #19754=CARTESIAN_POINT('Ctrl Pnt',(-6.30931603688356154E+03,-8.16249669898091270E+02,-2.67689414849824743E+02));
|   |   |   |   |   |   |   |   |   #19755=CARTESIAN_POINT('Ctrl Pnt',(-6.30928336316134573E+03,-8.16340146493939756E+02,-2.67689414849821276E+02));
|   |   |   |   |   |   |   |   |   #19756=CARTESIAN_POINT('Ctrl Pnt',(-6.30924812146349723E+03,-8.16437135959435182E+02,-2.67689414849817297E+02));
|   |   |   |   |   |   |   |   |   #19757=CARTESIAN_POINT('Ctrl Pnt',(-6.30921268557784970E+03,-8.16534226572060902E+02,-2.67689414849813147E+02));
|   |   |   |   |   |   |   |   |   #19758=CARTESIAN_POINT('Ctrl Pnt',(-6.30917846504376394E+03,-8.16628176235475962E+02,-2.67689414849809168E+02));
|   |   |   |   |   |   |   |   |   #19759=CARTESIAN_POINT('Ctrl Pnt',(-6.30914552454417026E+03,-8.16718849623965184E+02,-2.67689414849805473E+02));
|   |   |   |   |   |   |   |   |   #19760=CARTESIAN_POINT('Ctrl Pnt',(-6.30911263089930799E+03,-8.16809166691562041E+02,-2.67689414849801722E+02));
|   |   |   |   |   |   |   |   |   #19761=CARTESIAN_POINT('Ctrl Pnt',(-6.30854136340728564E+03,-8.18378711199869144E+02,-2.67689414849736238E+02));
|   |   |   |   |   |   |   |   |   #19762=CARTESIAN_POINT('Ctrl Pnt',(-6.30800499915240107E+03,-8.19852359853892949E+02,-2.67689414849674790E+02));
|   |   |   |   |   |   |   |   |   #19763=CARTESIAN_POINT('Ctrl Pnt',(-6.30746863489751559E+03,-8.21326008507916981E+02,-2.67689414849613286E+02));
|   |   |   |   |   |   |   |   |   #19764=CARTESIAN_POINT('Ctrl Pnt',(-6.30693227064263192E+03,-8.22799657161941127E+02,-2.67689414849551838E+02));
|   |   |   |   |   |   |   |   |   #19765=CARTESIAN_POINT('Ctrl Pnt',(-6.30639590638774825E+03,-8.24273305815965728E+02,-2.67689414849490333E+02));
|   |   |   |   |   |   |   |   |   #19766=CARTESIAN_POINT('Ctrl Pnt',(-6.30585954213286550E+03,-8.25746954469990328E+02,-2.67689414849428886E+02));
|   |   |   |   |   |   |   |   |   #19767=CARTESIAN_POINT('Ctrl Pnt',(-6.30532317787798092E+03,-8.27220603124014701E+02,-2.67689414849367438E+02));
|   |   |   |   |   |   |   |   |   #19768=CARTESIAN_POINT('Ctrl Pnt',(-6.30478681362309544E+03,-8.28694251778038506E+02,-2.67689414849305933E+02));
|   |   |   |   |   |   #19769=ORIENTED_EDGE('',*,*,#19770,.T.);
|   |   |   |   |   |   |   #19770=EDGE_CURVE('',#19687,#19771,#19773,.T.);
|   |   |   |   |   |   |   |   #19687=VERTEX_POINT('',#19688);
|   |   |   |   |   |   |   |   |   #19688=CARTESIAN_POINT('',(-6.30931309425496966E+03,-8.16258398157759984E+02,-2.67689414849825027E+02));
|   |   |   |   |   |   |   |   #19771=VERTEX_POINT('',#19772);
|   |   |   |   |   |   |   |   |   #19772=CARTESIAN_POINT('',(-6.30853408281573957E+03,-8.19670630316251049E+02,-2.67689414850246010E+02));
|   |   |   |   |   |   |   |   #19773=B_SPLINE_CURVE_WITH_KNOTS('',4,(#19774,#19775,#19776,#19777,#19778,#19779,#19780,#19781,#19782,#19783,#19784,#19785,#19786,#19787,#19788,#19789,#19790,#19791,#19792,#19793,#19794,#19795,#19796,#19797,#19798,#19799,#19800,#19801,#19802,#19803,#19804,#19805,#19806,#19807,#19808,#19809,#19810,#19811,#19812,#19813,#19814,#19815,#19816,#19817,#19818,#19819,#19820,#19821,#19822,#19823,#19824,#19825,#19826,#19827,#19828,#19829,#19830,#19831,#19832,#19833,#19834,#19835,#19836,#19837,#19838,#19839,#19840,#19841,#19842,#19843,#19844,#19845,#19846,#19847,#19848,#19849,#19850,#19851,#19852,#19853,#19854,#19855,#19856,#19857,#19858,#19859,#19860,#19861,#19862,#19863,#19864,#19865,#19866,#19867,#19868,#19869,#19870,#19871,#19872,#19873,#19874,#19875,#19876,#19877,#19878,#19879,#19880,#19881,#19882,#19883,#19884,#19885,#19886),.UNSPECIFIED.,.F.,.F.,(5,3,3,3,3,3,3,3,3,3,3,3,3,3,3,3,3,3,3,3,3,3,3,3,3,3,3,3,3,3,3,3,3,3,3,3,3,5),(0.0,2.42520675621036644E-02,4.94369069529337762E-02,7.83528336603097203E-02,1.04470444879584776E-01,1.32453599758092427E-01,1.46445177197688653E-01,1.53907351832191536E-01,1.61947538294593768E-01,1.93500864026420388E-01,2.24036340535252898E-01,2.54571817050604943E-01,2.86125142793017317E-01,3.17678468543001191E-01,3.48213945078021170E-01,3.79767270829115822E-01,4.11320596575463437E-01,4.42873922316229796E-01,4.73409398835304251E-01,5.04962724569534838E-01,5.35498201087674652E-01,5.66033677609545816E-01,5.97587003354417390E-01,6.29140329104756590E-01,6.59675805640465907E-01,6.91229131393056972E-01,7.21764607922265822E-01,7.53317933659279015E-01,7.84871259386432985E-01,8.16424585112186851E-01,8.31692323372215991E-01,8.38409793299286110E-01,8.46389556593690418E-01,8.66338964828896718E-01,8.91275725122063212E-01,9.12222603768269025E-01,9.42146716120423666E-01,1.0),.UNSPECIFIED.);
|   |   |   |   |   |   |   |   |   #19774=CARTESIAN_POINT('Ctrl Pnt',(-6.30967216901308893E+03,-8.15271848384541499E+02,-2.67689414849865841E+02));
|   |   |   |   |   |   |   |   |   #19775=CARTESIAN_POINT('Ctrl Pnt',(-6.30965816509752131E+03,-8.15310323825698902E+02,-2.67689414849864193E+02));
|   |   |   |   |   |   |   |   |   #19776=CARTESIAN_POINT('Ctrl Pnt',(-6.30964416118195277E+03,-8.15348799266855735E+02,-2.67689414849862601E+02));
|   |   |   |   |   |   |   |   |   #19777=CARTESIAN_POINT('Ctrl Pnt',(-6.30963015726638605E+03,-8.15387274708013479E+02,-2.67689414849861009E+02));
|   |   |   |   |   |   |   |   |   #19778=CARTESIAN_POINT('Ctrl Pnt',(-6.30960161082311424E+03,-8.15465705414987042E+02,-2.67689414849857712E+02));
|   |   |   |   |   |   |   |   |   #19779=CARTESIAN_POINT('Ctrl Pnt',(-6.30958706829540824E+03,-8.15505660680802862E+02,-2.67689414849856064E+02));
|   |   |   |   |   |   |   |   |   #19780=CARTESIAN_POINT('Ctrl Pnt',(-6.30957252576770588E+03,-8.15545615946620046E+02,-2.67689414849854415E+02));
|   |   |   |   |   |   |   |   |   #19781=CARTESIAN_POINT('Ctrl Pnt',(-6.30954128626374859E+03,-8.15631445776891042E+02,-2.67689414849850834E+02));
|   |   |   |   |   |   |   |   |   #19782=CARTESIAN_POINT('Ctrl Pnt',(-6.30952458928749456E+03,-8.15677320341345307E+02,-2.67689414849848902E+02));
|   |   |   |   |   |   |   |   |   #19783=CARTESIAN_POINT('Ctrl Pnt',(-6.30950789231124236E+03,-8.15723194905800256E+02,-2.67689414849846969E+02));
|   |   |   |   |   |   |   |   |   #19784=CARTESIAN_POINT('Ctrl Pnt',(-6.30947611419514851E+03,-8.15810504560730010E+02,-2.67689414849843331E+02));
|   |   |   |   |   |   |   |   |   #19785=CARTESIAN_POINT('Ctrl Pnt',(-6.30946103305530778E+03,-8.15851939651205043E+02,-2.67689414849841626E+02));
|   |   |   |   |   |   |   |   |   #19786=CARTESIAN_POINT('Ctrl Pnt',(-6.30944595191546614E+03,-8.15893374741679736E+02,-2.67689414849839920E+02));
|   |   |   |   |   |   |   |   |   #19787=CARTESIAN_POINT('Ctrl Pnt',(-6.30941471241150975E+03,-8.15979204571950277E+02,-2.67689414849836339E+02));
|   |   |   |   |   |   |   |   |   #19788=CARTESIAN_POINT('Ctrl Pnt',(-6.30939855404739410E+03,-8.16023599311746011E+02,-2.67689414849834463E+02));
|   |   |   |   |   |   |   |   |   #19789=CARTESIAN_POINT('Ctrl Pnt',(-6.30938239568327845E+03,-8.16067994051541746E+02,-2.67689414849832588E+02));
|   |   |   |   |   |   |   |   |   #19790=CARTESIAN_POINT('Ctrl Pnt',(-6.30935815813710451E+03,-8.16134586161235688E+02,-2.67689414849829859E+02));
|   |   |   |   |   |   |   |   |   #19791=CARTESIAN_POINT('Ctrl Pnt',(-6.30935007895504532E+03,-8.16156783531133669E+02,-2.67689414849828893E+02));
|   |   |   |   |   |   |   |   |   #19792=CARTESIAN_POINT('Ctrl Pnt',(-6.30934199977298886E+03,-8.16178980901032560E+02,-2.67689414849827983E+02));
|   |   |   |   |   |   |   |   |   #19793=CARTESIAN_POINT('Ctrl Pnt',(-6.30932961169383270E+03,-8.16213016868210048E+02,-2.67689414849826562E+02));
|   |   |   |   |   |   |   |   |   #19794=CARTESIAN_POINT('Ctrl Pnt',(-6.30932530279673301E+03,-8.16224855465489895E+02,-2.67689414849826051E+02));
|   |   |   |   |   |   |   |   |   #19795=CARTESIAN_POINT('Ctrl Pnt',(-6.30932099389963696E+03,-8.16236694062768606E+02,-2.67689414849825596E+02));
|   |   |   |   |   |   |   |   |   #19796=CARTESIAN_POINT('Ctrl Pnt',(-6.30931204234301822E+03,-8.16261288262033190E+02,-2.67689414849824573E+02));
|   |   |   |   |   |   |   |   |   #19797=CARTESIAN_POINT('Ctrl Pnt',(-6.30930909803026589E+03,-8.16269371036297798E+02,-2.67689414849824232E+02));
|   |   |   |   |   |   |   |   |   #19798=CARTESIAN_POINT('Ctrl Pnt',(-6.30930526165085303E+03,-8.16279961489437028E+02,-2.67689414849823777E+02));
|   |   |   |   |   |   |   |   |   #19799=CARTESIAN_POINT('Ctrl Pnt',(-6.30928786827405929E+03,-8.16328103748718377E+02,-2.67689414849821958E+02));
|   |   |   |   |   |   |   |   |   #19800=CARTESIAN_POINT('Ctrl Pnt',(-6.30927415514870063E+03,-8.16366523388528435E+02,-2.67689414849820650E+02));
|   |   |   |   |   |   |   |   |   #19801=CARTESIAN_POINT('Ctrl Pnt',(-6.30926059054192683E+03,-8.16404995715898849E+02,-2.67689414849819570E+02));
|   |   |   |   |   |   |   |   |   #19802=CARTESIAN_POINT('Ctrl Pnt',(-6.30923419173351886E+03,-8.16480801306467470E+02,-2.67689414849817865E+02));
|   |   |   |   |   |   |   |   |   #19803=CARTESIAN_POINT('Ctrl Pnt',(-6.30922134808552164E+03,-8.16518131280036755E+02,-2.67689414849817240E+02));
|   |   |   |   |   |   |   |   |   #19804=CARTESIAN_POINT('Ctrl Pnt',(-6.30920864408222496E+03,-8.16555509007640126E+02,-2.67689414849816785E+02));
|   |   |   |   |   |   |   |   |   #19805=CARTESIAN_POINT('Ctrl Pnt',(-6.30918351589180929E+03,-8.16630358401809758E+02,-2.67689414849816217E+02));
|   |   |   |   |   |   |   |   |   #19806=CARTESIAN_POINT('Ctrl Pnt',(-6.30917109170468939E+03,-8.16667830068381022E+02,-2.67689414849816103E+02));
|   |   |   |   |   |   |   |   |   #19807=CARTESIAN_POINT('Ctrl Pnt',(-6.30915880768904663E+03,-8.16705347919877454E+02,-2.67689414849816217E+02));
|   |   |   |   |   |   |   |   |   #19808=CARTESIAN_POINT('Ctrl Pnt',(-6.30913411572353743E+03,-8.16781726526107946E+02,-2.67689414849816842E+02));
|   |   |   |   |   |   |   |   |   #19809=CARTESIAN_POINT('Ctrl Pnt',(-6.30912171729143574E+03,-8.16820590357786955E+02,-2.67689414849817354E+02));
|   |   |   |   |   |   |   |   |   #19810=CARTESIAN_POINT('Ctrl Pnt',(-6.30910946908403821E+03,-8.16859501795011738E+02,-2.67689414849818036E+02));
|   |   |   |   |   |   |   |   |   #19811=CARTESIAN_POINT('Ctrl Pnt',(-6.30908527366025010E+03,-8.16937418136443284E+02,-2.67689414849819855E+02));
|   |   |   |   |   |   |   |   |   #19812=CARTESIAN_POINT('Ctrl Pnt',(-6.30907332644385770E+03,-8.16976423040655732E+02,-2.67689414849820935E+02));
|   |   |   |   |   |   |   |   |   #19813=CARTESIAN_POINT('Ctrl Pnt',(-6.30906152999377082E+03,-8.17015473806301088E+02,-2.67689414849822299E+02));
|   |   |   |   |   |   |   |   |   #19814=CARTESIAN_POINT('Ctrl Pnt',(-6.30903861480636715E+03,-8.17092404156893963E+02,-2.67689414849825255E+02));
|   |   |   |   |   |   |   |   |   #19815=CARTESIAN_POINT('Ctrl Pnt',(-6.30902748648252964E+03,-8.17130280886317337E+02,-2.67689414849826903E+02));
|   |   |   |   |   |   |   |   |   #19816=CARTESIAN_POINT('Ctrl Pnt',(-6.30901649983540665E+03,-8.17168198953359592E+02,-2.67689414849828722E+02));
|   |   |   |   |   |   |   |   |   #19817=CARTESIAN_POINT('Ctrl Pnt',(-6.30899444885784578E+03,-8.17245381458144948E+02,-2.67689414849832872E+02));
|   |   |   |   |   |   |   |   |   #19818=CARTESIAN_POINT('Ctrl Pnt',(-6.30898339414534894E+03,-8.17284648643731430E+02,-2.67689414849835146E+02));
|   |   |   |   |   |   |   |   |   #19819=CARTESIAN_POINT('Ctrl Pnt',(-6.30897249120569722E+03,-8.17323958241022979E+02,-2.67689414849837647E+02));
|   |   |   |   |   |   |   |   |   #19820=CARTESIAN_POINT('Ctrl Pnt',(-6.30895098935339684E+03,-8.17402660497299962E+02,-2.67689414849843104E+02));
|   |   |   |   |   |   |   |   |   #19821=CARTESIAN_POINT('Ctrl Pnt',(-6.30894039044074543E+03,-8.17442053156290740E+02,-2.67689414849846003E+02));
|   |   |   |   |   |   |   |   |   #19822=CARTESIAN_POINT('Ctrl Pnt',(-6.30892994378224921E+03,-8.17481486465282501E+02,-2.67689414849849072E+02));
|   |   |   |   |   |   |   |   |   #19823=CARTESIAN_POINT('Ctrl Pnt',(-6.30890935543442083E+03,-8.17560432616087610E+02,-2.67689414849855723E+02));
|   |   |   |   |   |   |   |   |   #19824=CARTESIAN_POINT('Ctrl Pnt',(-6.30889921374508776E+03,-8.17599945457907097E+02,-2.67689414849859190E+02));
|   |   |   |   |   |   |   |   |   #19825=CARTESIAN_POINT('Ctrl Pnt',(-6.30888922477076812E+03,-8.17639497182562536E+02,-2.67689414849862942E+02));
|   |   |   |   |   |   |   |   |   #19826=CARTESIAN_POINT('Ctrl Pnt',(-6.30886986998408611E+03,-8.17717399537362098E+02,-2.67689414849870616E+02));
|   |   |   |   |   |   |   |   |   #19827=CARTESIAN_POINT('Ctrl Pnt',(-6.30886049446407924E+03,-8.17755747755654397E+02,-2.67689414849874595E+02));
|   |   |   |   |   |   |   |   |   #19828=CARTESIAN_POINT('Ctrl Pnt',(-6.30885126237115855E+03,-8.17794130755562037E+02,-2.67689414849878744E+02));
|   |   |   |   |   |   |   |   |   #19829=CARTESIAN_POINT('Ctrl Pnt',(-6.30883278247137332E+03,-8.17872245273760541E+02,-2.67689414849887612E+02));
|   |   |   |   |   |   |   |   |   #19830=CARTESIAN_POINT('Ctrl Pnt',(-6.30882354439859046E+03,-8.17911979094892445E+02,-2.67689414849892330E+02));
|   |   |   |   |   |   |   |   |   #19831=CARTESIAN_POINT('Ctrl Pnt',(-6.30881445988772521E+03,-8.17951748306511604E+02,-2.67689414849897219E+02));
|   |   |   |   |   |   |   |   |   #19832=CARTESIAN_POINT('Ctrl Pnt',(-6.30879688647833154E+03,-8.18030071738073161E+02,-2.67689414849907223E+02));
|   |   |   |   |   |   |   |   |   #19833=CARTESIAN_POINT('Ctrl Pnt',(-6.30878838781968625E+03,-8.18068623768145926E+02,-2.67689414849912339E+02));
|   |   |   |   |   |   |   |   |   #19834=CARTESIAN_POINT('Ctrl Pnt',(-6.30878003334393452E+03,-8.18107207300338132E+02,-2.67689414849917682E+02));
|   |   |   |   |   |   |   |   |   #19835=CARTESIAN_POINT('Ctrl Pnt',(-6.30876361310244465E+03,-8.18184435749977865E+02,-2.67689414849928653E+02));
|   |   |   |   |   |   |   |   |   #19836=CARTESIAN_POINT('Ctrl Pnt',(-6.30875554733670378E+03,-8.18223080667430281E+02,-2.67689414849934337E+02));
|   |   |   |   |   |   |   |   |   #19837=CARTESIAN_POINT('Ctrl Pnt',(-6.30874762609808658E+03,-8.18261755468020056E+02,-2.67689414849940249E+02));
|   |   |   |   |   |   |   |   |   #19838=CARTESIAN_POINT('Ctrl Pnt',(-6.30873181378285335E+03,-8.18340453341811212E+02,-2.67689414849952527E+02));
|   |   |   |   |   |   |   |   |   #19839=CARTESIAN_POINT('Ctrl Pnt',(-6.30872393251301401E+03,-8.18380478385437982E+02,-2.67689414849959007E+02));
|   |   |   |   |   |   |   |   |   #19840=CARTESIAN_POINT('Ctrl Pnt',(-6.30871620591997180E+03,-8.18420533576007870E+02,-2.67689414849965658E+02));
|   |   |   |   |   |   |   |   |   #19841=CARTESIAN_POINT('Ctrl Pnt',(-6.30870106242645943E+03,-8.18500702456498857E+02,-2.67689414849979414E+02));
|   |   |   |   |   |   |   |   |   #19842=CARTESIAN_POINT('Ctrl Pnt',(-6.30869364552598927E+03,-8.18540816146426550E+02,-2.67689414849986463E+02));
|   |   |   |   |   |   |   |   |   #19843=CARTESIAN_POINT('Ctrl Pnt',(-6.30868638364129220E+03,-8.18580958188761656E+02,-2.67689414849993739E+02));
|   |   |   |   |   |   |   |   |   #19844=CARTESIAN_POINT('Ctrl Pnt',(-6.30867239947031430E+03,-8.18660001389723902E+02,-2.67689414850008404E+02));
|   |   |   |   |   |   |   |   |   #19845=CARTESIAN_POINT('Ctrl Pnt',(-6.30866566733422223E+03,-8.18698900805747144E+02,-2.67689414850015851E+02));
|   |   |   |   |   |   |   |   |   #19846=CARTESIAN_POINT('Ctrl Pnt',(-6.30865908066735301E+03,-8.18737825117466969E+02,-2.67689414850023411E+02));
|   |   |   |   |   |   |   |   |   #19847=CARTESIAN_POINT('Ctrl Pnt',(-6.30864598384002784E+03,-8.18817020178997154E+02,-2.67689414850039270E+02));
|   |   |   |   |   |   |   |   |   #19848=CARTESIAN_POINT('Ctrl Pnt',(-6.30863948354830154E+03,-8.18857292560847668E+02,-2.67689414850047513E+02));
|   |   |   |   |   |   |   |   |   #19849=CARTESIAN_POINT('Ctrl Pnt',(-6.30863313887854656E+03,-8.18897589753034254E+02,-2.67689414850055925E+02));
|   |   |   |   |   |   |   |   |   #19850=CARTESIAN_POINT('Ctrl Pnt',(-6.30862096070227381E+03,-8.18976931272291836E+02,-2.67689414850072922E+02));
|   |   |   |   |   |   |   |   |   #19851=CARTESIAN_POINT('Ctrl Pnt',(-6.30861511730877464E+03,-8.19015974081809759E+02,-2.67689414850081505E+02));
|   |   |   |   |   |   |   |   |   #19852=CARTESIAN_POINT('Ctrl Pnt',(-6.30860941991434993E+03,-8.19055038463533037E+02,-2.67689414850090259E+02));
|   |   |   |   |   |   |   |   |   #19853=CARTESIAN_POINT('Ctrl Pnt',(-6.30859813231377666E+03,-8.19134511570465065E+02,-2.67689414850108392E+02));
|   |   |   |   |   |   |   |   |   #19854=CARTESIAN_POINT('Ctrl Pnt',(-6.30859255201100495E+03,-8.19174921702260917E+02,-2.67689414850117771E+02));
|   |   |   |   |   |   |   |   |   #19855=CARTESIAN_POINT('Ctrl Pnt',(-6.30858712785547050E+03,-8.19215353089418954E+02,-2.67689414850127434E+02));
|   |   |   |   |   |   |   |   |   #19856=CARTESIAN_POINT('Ctrl Pnt',(-6.30857659207470988E+03,-8.19296256563461384E+02,-2.67689414850147045E+02));
|   |   |   |   |   |   |   |   |   #19857=CARTESIAN_POINT('Ctrl Pnt',(-6.30857148044948372E+03,-8.19336728650351915E+02,-2.67689414850157050E+02));
|   |   |   |   |   |   |   |   |   #19858=CARTESIAN_POINT('Ctrl Pnt',(-6.30856652520733314E+03,-8.19377220181626626E+02,-2.67689414850167282E+02));
|   |   |   |   |   |   |   |   |   #19859=CARTESIAN_POINT('Ctrl Pnt',(-6.30855692770401129E+03,-8.19458240319345350E+02,-2.67689414850188086E+02));
|   |   |   |   |   |   |   |   |   #19860=CARTESIAN_POINT('Ctrl Pnt',(-6.30855228544284091E+03,-8.19498768925795616E+02,-2.67689414850198659E+02));
|   |   |   |   |   |   |   |   |   #19861=CARTESIAN_POINT('Ctrl Pnt',(-6.30854779977957696E+03,-8.19539315163039987E+02,-2.67689414850209459E+02));
|   |   |   |   |   |   |   |   |   #19862=CARTESIAN_POINT('Ctrl Pnt',(-6.30854137614896899E+03,-8.19599505361840897E+02,-2.67689414850225830E+02));
|   |   |   |   |   |   |   |   |   #19863=CARTESIAN_POINT('Ctrl Pnt',(-6.30853931817394368E+03,-8.19619136515916693E+02,-2.67689414850231174E+02));
|   |   |   |   |   |   |   |   |   #19864=CARTESIAN_POINT('Ctrl Pnt',(-6.30853729689702595E+03,-8.19638771482460470E+02,-2.67689414850236574E+02));
|   |   |   |   |   |   |   |   |   #19865=CARTESIAN_POINT('Ctrl Pnt',(-6.30853443916205106E+03,-8.19667050745241113E+02,-2.67689414850244475E+02));
|   |   |   |   |   |   |   |   |   #19866=CARTESIAN_POINT('Ctrl Pnt',(-6.30853343898632829E+03,-8.19677058426441477E+02,-2.67689414850247260E+02));
|   |   |   |   |   |   |   |   |   #19867=CARTESIAN_POINT('Ctrl Pnt',(-6.30853220986677752E+03,-8.19689327466868122E+02,-2.67689414850250671E+02));
|   |   |   |   |   |   |   |   |   #19868=CARTESIAN_POINT('Ctrl Pnt',(-6.30852989704379706E+03,-8.19712415762673345E+02,-2.67689414850257151E+02));
|   |   |   |   |   |   |   |   |   #19869=CARTESIAN_POINT('Ctrl Pnt',(-6.30852864131221486E+03,-8.19724951396600318E+02,-2.67689414850260619E+02));
|   |   |   |   |   |   |   |   |   #19870=CARTESIAN_POINT('Ctrl Pnt',(-6.30852738558063265E+03,-8.19737487030526268E+02,-2.67689414850264143E+02));
|   |   |   |   |   |   |   |   |   #19871=CARTESIAN_POINT('Ctrl Pnt',(-6.30852299052009494E+03,-8.19781361749267148E+02,-2.67689414850276364E+02));
|   |   |   |   |   |   |   |   |   #19872=CARTESIAN_POINT('Ctrl Pnt',(-6.30851985119114215E+03,-8.19812700834081966E+02,-2.67689414850285118E+02));
|   |   |   |   |   |   |   |   |   #19873=CARTESIAN_POINT('Ctrl Pnt',(-6.30851671186218482E+03,-8.19844039918896215E+02,-2.67689414850293872E+02));
|   |   |   |   |   |   |   |   |   #19874=CARTESIAN_POINT('Ctrl Pnt',(-6.30850964837203537E+03,-8.19914552859727678E+02,-2.67689414850313540E+02));
|   |   |   |   |   |   |   |   |   #19875=CARTESIAN_POINT('Ctrl Pnt',(-6.30850572421084235E+03,-8.19953726715744665E+02,-2.67689414850324511E+02));
|   |   |   |   |   |   |   |   |   #19876=CARTESIAN_POINT('Ctrl Pnt',(-6.30850180004964841E+03,-8.19992900571761538E+02,-2.67689414850335424E+02));
|   |   |   |   |   |   |   |   |   #19877=CARTESIAN_POINT('Ctrl Pnt',(-6.30849457959305164E+03,-8.20064980466832480E+02,-2.67689414850355547E+02));
|   |   |   |   |   |   |   |   |   #19878=CARTESIAN_POINT('Ctrl Pnt',(-6.30849128329764699E+03,-8.20097886505886436E+02,-2.67689414850364756E+02));
|   |   |   |   |   |   |   |   |   #19879=CARTESIAN_POINT('Ctrl Pnt',(-6.30848798700224597E+03,-8.20130792544940732E+02,-2.67689414850373907E+02));
|   |   |   |   |   |   |   |   |   #19880=CARTESIAN_POINT('Ctrl Pnt',(-6.30847998171341078E+03,-8.20210707211215663E+02,-2.67689414850396247E+02));
|   |   |   |   |   |   |   |   |   #19881=CARTESIAN_POINT('Ctrl Pnt',(-6.30847527271997660E+03,-8.20257715838436297E+02,-2.67689414850409378E+02));
|   |   |   |   |   |   |   |   |   #19882=CARTESIAN_POINT('Ctrl Pnt',(-6.30847056372654424E+03,-8.20304724465657159E+02,-2.67689414850422452E+02));
|   |   |   |   |   |   |   |   |   #19883=CARTESIAN_POINT('Ctrl Pnt',(-6.30845675067914181E+03,-8.20442616438836353E+02,-2.67689414850460992E+02));
|   |   |   |   |   |   |   |   |   #19884=CARTESIAN_POINT('Ctrl Pnt',(-6.30844764662516900E+03,-8.20533499784794230E+02,-2.67689414850486344E+02));
|   |   |   |   |   |   |   |   |   #19885=CARTESIAN_POINT('Ctrl Pnt',(-6.30843854257120620E+03,-8.20624383130753131E+02,-2.67689414850511696E+02));
|   |   |   |   |   |   |   |   |   #19886=CARTESIAN_POINT('Ctrl Pnt',(-6.30842943851723703E+03,-8.20715266476711463E+02,-2.67689414850537105E+02));
|   |   |   |   |   |   #19887=ORIENTED_EDGE('',*,*,#19888,.T.);
|   |   |   |   |   |   |   #19888=EDGE_CURVE('',#19771,#19685,#19889,.T.);
|   |   |   |   |   |   |   |   #19771=VERTEX_POINT('',#19772);
|   |   |   |   |   |   |   |   |   #19772=CARTESIAN_POINT('',(-6.30853408281573957E+03,-8.19670630316251049E+02,-2.67689414850246010E+02));
|   |   |   |   |   |   |   |   #19685=VERTEX_POINT('',#19686);
|   |   |   |   |   |   |   |   |   #19686=CARTESIAN_POINT('',(-6.33577483843037044E+03,-8.25889685465027014E+02,-2.67689414885875010E+02));
|   |   |   |   |   |   |   |   #19889=B_SPLINE_CURVE_WITH_KNOTS('',8,(#19890,#19891,#19892,#19893,#19894,#19895,#19896,#19897,#19898,#19899,#19900,#19901,#19902,#19903,#19904,#19905,#19906,#19907,#19908,#19909,#19910,#19911,#19912,#19913,#19914,#19915,#19916,#19917,#19918,#19919,#19920,#19921,#19922,#19923,#19924,#19925,#19926,#19927,#19928,#19929,#19930,#19931,#19932,#19933,#19934,#19935,#19936,#19937,#19938,#19939,#19940),.UNSPECIFIED.,.F.,.F.,(9,7,7,7,7,7,7,9),(0.0,1.93262067396917064E-01,2.03377090033796393E-01,3.62023624660937182E-01,5.21677127458692658E-01,8.46797808473886415E-01,8.56158126476588066E-01,1.0),.UNSPECIFIED.);
|   |   |   |   |   |   |   |   |   #19890=CARTESIAN_POINT('Ctrl Pnt',(-6.30974852166809524E+03,-8.07547210718126848E+02,-2.67689414846860984E+02));
|   |   |   |   |   |   |   |   |   #19891=CARTESIAN_POINT('Ctrl Pnt',(-6.30959823486011373E+03,-8.09047483893415347E+02,-2.67689414847279807E+02));
|   |   |   |   |   |   |   |   |   #19892=CARTESIAN_POINT('Ctrl Pnt',(-6.30944794805213223E+03,-8.10547757068703845E+02,-2.67689414847698629E+02));
|   |   |   |   |   |   |   |   |   #19893=CARTESIAN_POINT('Ctrl Pnt',(-6.30929766124415073E+03,-8.12048030243992230E+02,-2.67689414848117451E+02));
|   |   |   |   |   |   |   |   |   #19894=CARTESIAN_POINT('Ctrl Pnt',(-6.30914737443616923E+03,-8.13548303419280728E+02,-2.67689414848536273E+02));
|   |   |   |   |   |   |   |   |   #19895=CARTESIAN_POINT('Ctrl Pnt',(-6.30899708762818864E+03,-8.15048576594569226E+02,-2.67689414848955096E+02));
|   |   |   |   |   |   |   |   |   #19896=CARTESIAN_POINT('Ctrl Pnt',(-6.30884680082020805E+03,-8.16548849769857725E+02,-2.67689414849373975E+02));
|   |   |   |   |   |   |   |   |   #19897=CARTESIAN_POINT('Ctrl Pnt',(-6.30869651401222745E+03,-8.18049122945146223E+02,-2.67689414849792797E+02));
|   |   |   |   |   |   |   |   |   #19898=CARTESIAN_POINT('Ctrl Pnt',(-6.30853836143687113E+03,-8.19627917981107885E+02,-2.67689414850233561E+02));
|   |   |   |   |   |   |   |   |   #19899=CARTESIAN_POINT('Ctrl Pnt',(-6.30853027582843970E+03,-8.19706431796791435E+02,-2.67689414850255162E+02));
|   |   |   |   |   |   |   |   |   #19900=CARTESIAN_POINT('Ctrl Pnt',(-6.30852259960421361E+03,-8.19784874530443290E+02,-2.67689414850277331E+02));
|   |   |   |   |   |   |   |   |   #19901=CARTESIAN_POINT('Ctrl Pnt',(-6.30851554093762388E+03,-8.19863365961018644E+02,-2.67689414850300182E+02));
|   |   |   |   |   |   |   |   |   #19902=CARTESIAN_POINT('Ctrl Pnt',(-6.30850907147624639E+03,-8.19941973511661104E+02,-2.67689414850323828E+02));
|   |   |   |   |   |   |   |   |   #19903=CARTESIAN_POINT('Ctrl Pnt',(-6.30850308471394146E+03,-8.20020638343811470E+02,-2.67689414850348101E+02));
|   |   |   |   |   |   |   |   |   #19904=CARTESIAN_POINT('Ctrl Pnt',(-6.30849752820916274E+03,-8.20099262717234410E+02,-2.67689414850372884E+02));
|   |   |   |   |   |   |   |   |   #19905=CARTESIAN_POINT('Ctrl Pnt',(-6.30841379730872632E+03,-8.21412244694300625E+02,-2.67689414850797561E+02));
|   |   |   |   |   |   |   |   |   #19906=CARTESIAN_POINT('Ctrl Pnt',(-6.30845895934004511E+03,-8.22654971036833786E+02,-2.67689414851350875E+02));
|   |   |   |   |   |   |   |   |   #19907=CARTESIAN_POINT('Ctrl Pnt',(-6.30862915843904648E+03,-8.23890902426235129E+02,-2.67689414852053517E+02));
|   |   |   |   |   |   |   |   |   #19908=CARTESIAN_POINT('Ctrl Pnt',(-6.30892306536965043E+03,-8.25105150002936512E+02,-2.67689414852897983E+02));
|   |   |   |   |   |   |   |   |   #19909=CARTESIAN_POINT('Ctrl Pnt',(-6.30933733029144878E+03,-8.26283777608773562E+02,-2.67689414853874553E+02));
|   |   |   |   |   |   |   |   |   #19910=CARTESIAN_POINT('Ctrl Pnt',(-6.30986717898281768E+03,-8.27413270635028312E+02,-2.67689414854971972E+02));
|   |   |   |   |   |   |   |   |   #19911=CARTESIAN_POINT('Ctrl Pnt',(-6.31050562358435673E+03,-8.28480414889901340E+02,-2.67689414856176541E+02));
|   |   |   |   |   |   |   |   |   #19912=CARTESIAN_POINT('Ctrl Pnt',(-6.31198585356133663E+03,-8.30472009304851326E+02,-2.67689414858775763E+02));
|   |   |   |   |   |   |   |   |   #19913=CARTESIAN_POINT('Ctrl Pnt',(-6.31282922874206179E+03,-8.31395948026485939E+02,-2.67689414860172121E+02));
|   |   |   |   |   |   |   |   |   #19914=CARTESIAN_POINT('Ctrl Pnt',(-6.31376468559477689E+03,-8.32232986691574297E+02,-2.67689414861645673E+02));
|   |   |   |   |   |   |   |   |   #19915=CARTESIAN_POINT('Ctrl Pnt',(-6.31478169616321884E+03,-8.32972476554799414E+02,-2.67689414863179309E+02));
|   |   |   |   |   |   |   |   |   #19916=CARTESIAN_POINT('Ctrl Pnt',(-6.31586827839762827E+03,-8.33605323141200756E+02,-2.67689414864754838E+02));
|   |   |   |   |   |   |   |   |   #19917=CARTESIAN_POINT('Ctrl Pnt',(-6.31701128089298800E+03,-8.34124224428084744E+02,-2.67689414866353275E+02));
|   |   |   |   |   |   |   |   |   #19918=CARTESIAN_POINT('Ctrl Pnt',(-6.31819671560873030E+03,-8.34523835478068122E+02,-2.67689414867955463E+02));
|   |   |   |   |   |   |   |   |   #19919=CARTESIAN_POINT('Ctrl Pnt',(-6.32188117047710148E+03,-8.35364995258761951E+02,-2.67689414872774535E+02));
|   |   |   |   |   |   |   |   |   #19920=CARTESIAN_POINT('Ctrl Pnt',(-6.32446955119722315E+03,-8.35421055009824499E+02,-2.67689414875945545E+02));
|   |   |   |   |   |   |   |   |   #19921=CARTESIAN_POINT('Ctrl Pnt',(-6.32705142414525380E+03,-8.34939800186307934E+02,-2.67689414878893103E+02));
|   |   |   |   |   |   |   |   |   #19922=CARTESIAN_POINT('Ctrl Pnt',(-6.32949628694909552E+03,-8.33929848945503750E+02,-2.67689414881462028E+02));
|   |   |   |   |   |   |   |   |   #19923=CARTESIAN_POINT('Ctrl Pnt',(-6.33167987736628311E+03,-8.32436768636940769E+02,-2.67689414883519362E+02));
|   |   |   |   |   |   |   |   |   #19924=CARTESIAN_POINT('Ctrl Pnt',(-6.33349603617391676E+03,-8.30539602031114669E+02,-2.67689414884967732E+02));
|   |   |   |   |   |   |   |   |   #19925=CARTESIAN_POINT('Ctrl Pnt',(-6.33486610909408228E+03,-8.28342841300027544E+02,-2.67689414885753308E+02));
|   |   |   |   |   |   |   |   |   #19926=CARTESIAN_POINT('Ctrl Pnt',(-6.33577211419176547E+03,-8.25897715662120618E+02,-2.67689414885874839E+02));
|   |   |   |   |   |   |   |   |   #19927=CARTESIAN_POINT('Ctrl Pnt',(-6.33580221250232898E+03,-8.25814422563920743E+02,-2.67689414885878023E+02));
|   |   |   |   |   |   |   |   |   #19928=CARTESIAN_POINT('Ctrl Pnt',(-6.33583466217582372E+03,-8.25725129063178429E+02,-2.67689414885881718E+02));
|   |   |   |   |   |   |   |   |   #19929=CARTESIAN_POINT('Ctrl Pnt',(-6.33586728049404064E+03,-8.25635738713951241E+02,-2.67689414885885526E+02));
|   |   |   |   |   |   |   |   |   #19930=CARTESIAN_POINT('Ctrl Pnt',(-6.33589878465659240E+03,-8.25549241479466900E+02,-2.67689414885889164E+02));
|   |   |   |   |   |   |   |   |   #19931=CARTESIAN_POINT('Ctrl Pnt',(-6.33592911604269739E+03,-8.25465762488877999E+02,-2.67689414885892575E+02));
|   |   |   |   |   |   |   |   |   #19932=CARTESIAN_POINT('Ctrl Pnt',(-6.33595939885327061E+03,-8.25382609870515012E+02,-2.67689414885896099E+02));
|   |   |   |   |   |   |   |   |   #19933=CARTESIAN_POINT('Ctrl Pnt',(-6.33648534702377128E+03,-8.23937579148009149E+02,-2.67689414885956353E+02));
|   |   |   |   |   |   |   |   |   #19934=CARTESIAN_POINT('Ctrl Pnt',(-6.33697916091420757E+03,-8.22580836634382877E+02,-2.67689414886012969E+02));
|   |   |   |   |   |   |   |   |   #19935=CARTESIAN_POINT('Ctrl Pnt',(-6.33747297480464476E+03,-8.21224094120756604E+02,-2.67689414886069528E+02));
|   |   |   |   |   |   |   |   |   #19936=CARTESIAN_POINT('Ctrl Pnt',(-6.33796678869508196E+03,-8.19867351607130558E+02,-2.67689414886126144E+02));
|   |   |   |   |   |   |   |   |   #19937=CARTESIAN_POINT('Ctrl Pnt',(-6.33846060258552006E+03,-8.18510609093504740E+02,-2.67689414886182703E+02));
|   |   |   |   |   |   |   |   |   #19938=CARTESIAN_POINT('Ctrl Pnt',(-6.33895441647595817E+03,-8.17153866579879264E+02,-2.67689414886239319E+02));
|   |   |   |   |   |   |   |   |   #19939=CARTESIAN_POINT('Ctrl Pnt',(-6.33944823036639718E+03,-8.15797124066253787E+02,-2.67689414886295879E+02));
|   |   |   |   |   |   |   |   |   #19940=CARTESIAN_POINT('Ctrl Pnt',(-6.33994204425683529E+03,-8.14440381552627969E+02,-2.67689414886352495E+02));
|   |   |   |   #19671=PLANE('',#19672);
|   |   |   |   |   #19672=AXIS2_PLACEMENT_3D('',#19673,#19674,#19675);
|   |   |   |   |   |   #19673=CARTESIAN_POINT('',(-6.32242913299641168E+03,-8.21161661982535634E+02,-2.67689414867745256E+02));
|   |   |   |   |   |   #19674=DIRECTION('',(-1.21639448744267634E-09,-4.01020503602823602E-10,1.0));
|   |   |   |   |   |   #19675=DIRECTION('',(-3.42020143325933945E-01,9.39692620785811839E-01,-3.91954089166366897E-11));
|   |   |   #19941=ADVANCED_FACE('',(#20072),#19942,.T.);
|   |   |   |   #20072=FACE_OUTER_BOUND('',#20073,.T.);
|   |   |   |   |   #20073=EDGE_LOOP('',(#20074,#20075,#20080,#20081));
|   |   |   |   |   |   #20074=ORIENTED_EDGE('',*,*,#19888,.T.);
|   |   |   |   |   |   |   #19888=EDGE_CURVE('',#19771,#19685,#19889,.T.);
|   |   |   |   |   |   |   |   #19771=VERTEX_POINT('',#19772);
|   |   |   |   |   |   |   |   |   #19772=CARTESIAN_POINT('',(-6.30853408281573957E+03,-8.19670630316251049E+02,-2.67689414850246010E+02));
|   |   |   |   |   |   |   |   #19685=VERTEX_POINT('',#19686);
|   |   |   |   |   |   |   |   |   #19686=CARTESIAN_POINT('',(-6.33577483843037044E+03,-8.25889685465027014E+02,-2.67689414885875010E+02));
|   |   |   |   |   |   |   |   #19889=B_SPLINE_CURVE_WITH_KNOTS('',8,(#19890,#19891,#19892,#19893,#19894,#19895,#19896,#19897,#19898,#19899,#19900,#19901,#19902,#19903,#19904,#19905,#19906,#19907,#19908,#19909,#19910,#19911,#19912,#19913,#19914,#19915,#19916,#19917,#19918,#19919,#19920,#19921,#19922,#19923,#19924,#19925,#19926,#19927,#19928,#19929,#19930,#19931,#19932,#19933,#19934,#19935,#19936,#19937,#19938,#19939,#19940),.UNSPECIFIED.,.F.,.F.,(9,7,7,7,7,7,7,9),(0.0,1.93262067396917064E-01,2.03377090033796393E-01,3.62023624660937182E-01,5.21677127458692658E-01,8.46797808473886415E-01,8.56158126476588066E-01,1.0),.UNSPECIFIED.);
|   |   |   |   |   |   |   |   |   #19890=CARTESIAN_POINT('Ctrl Pnt',(-6.30974852166809524E+03,-8.07547210718126848E+02,-2.67689414846860984E+02));
|   |   |   |   |   |   |   |   |   #19891=CARTESIAN_POINT('Ctrl Pnt',(-6.30959823486011373E+03,-8.09047483893415347E+02,-2.67689414847279807E+02));
|   |   |   |   |   |   |   |   |   #19892=CARTESIAN_POINT('Ctrl Pnt',(-6.30944794805213223E+03,-8.10547757068703845E+02,-2.67689414847698629E+02));
|   |   |   |   |   |   |   |   |   #19893=CARTESIAN_POINT('Ctrl Pnt',(-6.30929766124415073E+03,-8.12048030243992230E+02,-2.67689414848117451E+02));
|   |   |   |   |   |   |   |   |   #19894=CARTESIAN_POINT('Ctrl Pnt',(-6.30914737443616923E+03,-8.13548303419280728E+02,-2.67689414848536273E+02));
|   |   |   |   |   |   |   |   |   #19895=CARTESIAN_POINT('Ctrl Pnt',(-6.30899708762818864E+03,-8.15048576594569226E+02,-2.67689414848955096E+02));
|   |   |   |   |   |   |   |   |   #19896=CARTESIAN_POINT('Ctrl Pnt',(-6.30884680082020805E+03,-8.16548849769857725E+02,-2.67689414849373975E+02));
|   |   |   |   |   |   |   |   |   #19897=CARTESIAN_POINT('Ctrl Pnt',(-6.30869651401222745E+03,-8.18049122945146223E+02,-2.67689414849792797E+02));
|   |   |   |   |   |   |   |   |   #19898=CARTESIAN_POINT('Ctrl Pnt',(-6.30853836143687113E+03,-8.19627917981107885E+02,-2.67689414850233561E+02));
|   |   |   |   |   |   |   |   |   #19899=CARTESIAN_POINT('Ctrl Pnt',(-6.30853027582843970E+03,-8.19706431796791435E+02,-2.67689414850255162E+02));
|   |   |   |   |   |   |   |   |   #19900=CARTESIAN_POINT('Ctrl Pnt',(-6.30852259960421361E+03,-8.19784874530443290E+02,-2.67689414850277331E+02));
|   |   |   |   |   |   |   |   |   #19901=CARTESIAN_POINT('Ctrl Pnt',(-6.30851554093762388E+03,-8.19863365961018644E+02,-2.67689414850300182E+02));
|   |   |   |   |   |   |   |   |   #19902=CARTESIAN_POINT('Ctrl Pnt',(-6.30850907147624639E+03,-8.19941973511661104E+02,-2.67689414850323828E+02));
|   |   |   |   |   |   |   |   |   #19903=CARTESIAN_POINT('Ctrl Pnt',(-6.30850308471394146E+03,-8.20020638343811470E+02,-2.67689414850348101E+02));
|   |   |   |   |   |   |   |   |   #19904=CARTESIAN_POINT('Ctrl Pnt',(-6.30849752820916274E+03,-8.20099262717234410E+02,-2.67689414850372884E+02));
|   |   |   |   |   |   |   |   |   #19905=CARTESIAN_POINT('Ctrl Pnt',(-6.30841379730872632E+03,-8.21412244694300625E+02,-2.67689414850797561E+02));
|   |   |   |   |   |   |   |   |   #19906=CARTESIAN_POINT('Ctrl Pnt',(-6.30845895934004511E+03,-8.22654971036833786E+02,-2.67689414851350875E+02));
|   |   |   |   |   |   |   |   |   #19907=CARTESIAN_POINT('Ctrl Pnt',(-6.30862915843904648E+03,-8.23890902426235129E+02,-2.67689414852053517E+02));
|   |   |   |   |   |   |   |   |   #19908=CARTESIAN_POINT('Ctrl Pnt',(-6.30892306536965043E+03,-8.25105150002936512E+02,-2.67689414852897983E+02));
|   |   |   |   |   |   |   |   |   #19909=CARTESIAN_POINT('Ctrl Pnt',(-6.30933733029144878E+03,-8.26283777608773562E+02,-2.67689414853874553E+02));
|   |   |   |   |   |   |   |   |   #19910=CARTESIAN_POINT('Ctrl Pnt',(-6.30986717898281768E+03,-8.27413270635028312E+02,-2.67689414854971972E+02));
|   |   |   |   |   |   |   |   |   #19911=CARTESIAN_POINT('Ctrl Pnt',(-6.31050562358435673E+03,-8.28480414889901340E+02,-2.67689414856176541E+02));
|   |   |   |   |   |   |   |   |   #19912=CARTESIAN_POINT('Ctrl Pnt',(-6.31198585356133663E+03,-8.30472009304851326E+02,-2.67689414858775763E+02));
|   |   |   |   |   |   |   |   |   #19913=CARTESIAN_POINT('Ctrl Pnt',(-6.31282922874206179E+03,-8.31395948026485939E+02,-2.67689414860172121E+02));
|   |   |   |   |   |   |   |   |   #19914=CARTESIAN_POINT('Ctrl Pnt',(-6.31376468559477689E+03,-8.32232986691574297E+02,-2.67689414861645673E+02));
|   |   |   |   |   |   |   |   |   #19915=CARTESIAN_POINT('Ctrl Pnt',(-6.31478169616321884E+03,-8.32972476554799414E+02,-2.67689414863179309E+02));
|   |   |   |   |   |   |   |   |   #19916=CARTESIAN_POINT('Ctrl Pnt',(-6.31586827839762827E+03,-8.33605323141200756E+02,-2.67689414864754838E+02));
|   |   |   |   |   |   |   |   |   #19917=CARTESIAN_POINT('Ctrl Pnt',(-6.31701128089298800E+03,-8.34124224428084744E+02,-2.67689414866353275E+02));
|   |   |   |   |   |   |   |   |   #19918=CARTESIAN_POINT('Ctrl Pnt',(-6.31819671560873030E+03,-8.34523835478068122E+02,-2.67689414867955463E+02));
|   |   |   |   |   |   |   |   |   #19919=CARTESIAN_POINT('Ctrl Pnt',(-6.32188117047710148E+03,-8.35364995258761951E+02,-2.67689414872774535E+02));
|   |   |   |   |   |   |   |   |   #19920=CARTESIAN_POINT('Ctrl Pnt',(-6.32446955119722315E+03,-8.35421055009824499E+02,-2.67689414875945545E+02));
|   |   |   |   |   |   |   |   |   #19921=CARTESIAN_POINT('Ctrl Pnt',(-6.32705142414525380E+03,-8.34939800186307934E+02,-2.67689414878893103E+02));
|   |   |   |   |   |   |   |   |   #19922=CARTESIAN_POINT('Ctrl Pnt',(-6.32949628694909552E+03,-8.33929848945503750E+02,-2.67689414881462028E+02));
|   |   |   |   |   |   |   |   |   #19923=CARTESIAN_POINT('Ctrl Pnt',(-6.33167987736628311E+03,-8.32436768636940769E+02,-2.67689414883519362E+02));
|   |   |   |   |   |   |   |   |   #19924=CARTESIAN_POINT('Ctrl Pnt',(-6.33349603617391676E+03,-8.30539602031114669E+02,-2.67689414884967732E+02));
|   |   |   |   |   |   |   |   |   #19925=CARTESIAN_POINT('Ctrl Pnt',(-6.33486610909408228E+03,-8.28342841300027544E+02,-2.67689414885753308E+02));
|   |   |   |   |   |   |   |   |   #19926=CARTESIAN_POINT('Ctrl Pnt',(-6.33577211419176547E+03,-8.25897715662120618E+02,-2.67689414885874839E+02));
|   |   |   |   |   |   |   |   |   #19927=CARTESIAN_POINT('Ctrl Pnt',(-6.33580221250232898E+03,-8.25814422563920743E+02,-2.67689414885878023E+02));
|   |   |   |   |   |   |   |   |   #19928=CARTESIAN_POINT('Ctrl Pnt',(-6.33583466217582372E+03,-8.25725129063178429E+02,-2.67689414885881718E+02));
|   |   |   |   |   |   |   |   |   #19929=CARTESIAN_POINT('Ctrl Pnt',(-6.33586728049404064E+03,-8.25635738713951241E+02,-2.67689414885885526E+02));
|   |   |   |   |   |   |   |   |   #19930=CARTESIAN_POINT('Ctrl Pnt',(-6.33589878465659240E+03,-8.25549241479466900E+02,-2.67689414885889164E+02));
|   |   |   |   |   |   |   |   |   #19931=CARTESIAN_POINT('Ctrl Pnt',(-6.33592911604269739E+03,-8.25465762488877999E+02,-2.67689414885892575E+02));
|   |   |   |   |   |   |   |   |   #19932=CARTESIAN_POINT('Ctrl Pnt',(-6.33595939885327061E+03,-8.25382609870515012E+02,-2.67689414885896099E+02));
|   |   |   |   |   |   |   |   |   #19933=CARTESIAN_POINT('Ctrl Pnt',(-6.33648534702377128E+03,-8.23937579148009149E+02,-2.67689414885956353E+02));
|   |   |   |   |   |   |   |   |   #19934=CARTESIAN_POINT('Ctrl Pnt',(-6.33697916091420757E+03,-8.22580836634382877E+02,-2.67689414886012969E+02));
|   |   |   |   |   |   |   |   |   #19935=CARTESIAN_POINT('Ctrl Pnt',(-6.33747297480464476E+03,-8.21224094120756604E+02,-2.67689414886069528E+02));
|   |   |   |   |   |   |   |   |   #19936=CARTESIAN_POINT('Ctrl Pnt',(-6.33796678869508196E+03,-8.19867351607130558E+02,-2.67689414886126144E+02));
|   |   |   |   |   |   |   |   |   #19937=CARTESIAN_POINT('Ctrl Pnt',(-6.33846060258552006E+03,-8.18510609093504740E+02,-2.67689414886182703E+02));
|   |   |   |   |   |   |   |   |   #19938=CARTESIAN_POINT('Ctrl Pnt',(-6.33895441647595817E+03,-8.17153866579879264E+02,-2.67689414886239319E+02));
|   |   |   |   |   |   |   |   |   #19939=CARTESIAN_POINT('Ctrl Pnt',(-6.33944823036639718E+03,-8.15797124066253787E+02,-2.67689414886295879E+02));
|   |   |   |   |   |   |   |   |   #19940=CARTESIAN_POINT('Ctrl Pnt',(-6.33994204425683529E+03,-8.14440381552627969E+02,-2.67689414886352495E+02));
|   |   |   |   |   |   #20075=ORIENTED_EDGE('',*,*,#20076,.F.);
|   |   |   |   |   |   |   #20076=EDGE_CURVE('',#19635,#19685,#20077,.T.);
|   |   |   |   |   |   |   |   #19635=VERTEX_POINT('',#19636);
|   |   |   |   |   |   |   |   |   #19636=CARTESIAN_POINT('',(-6.33577483842176025E+03,-8.25889685468855987E+02,7.00000000191835028E+01));
|   |   |   |   |   |   |   |   #19685=VERTEX_POINT('',#19686);
|   |   |   |   |   |   |   |   |   #19686=CARTESIAN_POINT('',(-6.33577483843037044E+03,-8.25889685465027014E+02,-2.67689414885875010E+02));
|   |   |   |   |   |   |   |   #20077=B_SPLINE_CURVE_WITH_KNOTS('',1,(#20078,#20079),.UNSPECIFIED.,.F.,.F.,(2,2),(-3.37689414887459009E+02,6.75378829774918131E+02),.UNSPECIFIED.);
|   |   |   |   |   |   |   |   |   #20078=CARTESIAN_POINT('Ctrl Pnt',(-6.33577483841561116E+03,-8.25889685465933781E+02,4.07689414885863016E+02));
|   |   |   |   |   |   |   |   |   #20079=CARTESIAN_POINT('Ctrl Pnt',(-6.33577483843776099E+03,-8.25889685464559989E+02,-6.05378829776514522E+02));
|   |   |   |   |   |   #20080=ORIENTED_EDGE('',*,*,#19643,.T.);
|   |   |   |   |   |   |   #19643=EDGE_CURVE('',#19635,#19644,#19646,.T.);
|   |   |   |   |   |   |   |   #19635=VERTEX_POINT('',#19636);
|   |   |   |   |   |   |   |   |   #19636=CARTESIAN_POINT('',(-6.33577483842176025E+03,-8.25889685468855987E+02,7.00000000191835028E+01));
|   |   |   |   |   |   |   |   #19644=VERTEX_POINT('',#19645);
|   |   |   |   |   |   |   |   |   #19645=CARTESIAN_POINT('',(-6.30853408280872009E+03,-8.19670630313107040E+02,7.00000000185183069E+01));
|   |   |   |   |   |   |   |   #19646=CIRCLE('',#19647,1.40800000000000018E+01);
|   |   |   |   |   |   |   |   |   #19647=AXIS2_PLACEMENT_3D('',#19648,#19649,#19650);
|   |   |   |   |   |   |   |   |   |   #19648=CARTESIAN_POINT('',(-6.32254396632235239E+03,-8.21074041847376748E+02,7.00000000191839860E+01));
|   |   |   |   |   |   |   |   |   |   #19649=DIRECTION('',(6.55782436404623042E-11,-1.80275962537035179E-10,1.0));
|   |   |   |   |   |   |   |   |   |   #19650=DIRECTION('',(-3.42020143325935111E-01,9.39692620785811394E-01,1.91833071990085350E-10));
|   |   |   |   |   |   #20081=ORIENTED_EDGE('',*,*,#20082,.T.);
|   |   |   |   |   |   |   #20082=EDGE_CURVE('',#19644,#19771,#20083,.T.);
|   |   |   |   |   |   |   |   #19644=VERTEX_POINT('',#19645);
|   |   |   |   |   |   |   |   |   #19645=CARTESIAN_POINT('',(-6.30853408280872009E+03,-8.19670630313107040E+02,7.00000000185183069E+01));
|   |   |   |   |   |   |   |   #19771=VERTEX_POINT('',#19772);
|   |   |   |   |   |   |   |   |   #19772=CARTESIAN_POINT('',(-6.30853408281573957E+03,-8.19670630316251049E+02,-2.67689414850246010E+02));
|   |   |   |   |   |   |   |   #20083=B_SPLINE_CURVE_WITH_KNOTS('',1,(#20084,#20085),.UNSPECIFIED.,.F.,.F.,(2,2),(-3.37689414887459009E+02,6.75378829774918131E+02),.UNSPECIFIED.);
|   |   |   |   |   |   |   |   |   #20084=CARTESIAN_POINT('Ctrl Pnt',(-6.30853408280098574E+03,-8.19670630317219093E+02,4.07689414927895029E+02));
|   |   |   |   |   |   |   |   |   #20085=CARTESIAN_POINT('Ctrl Pnt',(-6.30853408282309920E+03,-8.19670630315932385E+02,-6.05378829734481769E+02));
|   |   |   |   #19942=OFFSET_SURFACE('',#19943,2.77000000000000002,.F.);
|   |   |   |   |   #19943=B_SPLINE_SURFACE_WITH_KNOTS('',11,3,((#19944,#19945,#19946,#19947),(#19948,#19949,#19950,#19951),(#19952,#19953,#19954,#19955),(#19956,#19957,#19958,#19959),(#19960,#19961,#19962,#19963),(#19964,#19965,#19966,#19967),(#19968,#19969,#19970,#19971),(#19972,#19973,#19974,#19975),(#19976,#19977,#19978,#19979),(#19980,#19981,#19982,#19983),(#19984,#19985,#19986,#19987),(#19988,#19989,#19990,#19991),(#19992,#19993,#19994,#19995),(#19996,#19997,#19998,#19999),(#20000,#20001,#20002,#20003),(#20004,#20005,#20006,#20007),(#20008,#20009,#20010,#20011),(#20012,#20013,#20014,#20015),(#20016,#20017,#20018,#20019),(#20020,#20021,#20022,#20023),(#20024,#20025,#20026,#20027),(#20028,#20029,#20030,#20031),(#20032,#20033,#20034,#20035),(#20036,#20037,#20038,#20039),(#20040,#20041,#20042,#20043),(#20044,#20045,#20046,#20047),(#20048,#20049,#20050,#20051),(#20052,#20053,#20054,#20055),(#20056,#20057,#20058,#20059),(#20060,#20061,#20062,#20063),(#20064,#20065,#20066,#20067),(#20068,#20069,#20070,#20071)),.UNSPECIFIED.,.F.,.F.,.F.,(12,10,10,12),(4,4),(3.98929730478763522,4.71238898038469234,7.60475568276043212,8.32784735835156198),(-3.37689414887459009E+02,6.75378829774918017E+02),.UNSPECIFIED.);
|   |   |   |   |   |   #19944=CARTESIAN_POINT('Ctrl Pnt',(-6.34254499280172513E+03,-8.15387777350341025E+02,4.07689414884182099E+02));
|   |   |   |   |   |   #19945=CARTESIAN_POINT('Ctrl Pnt',(-6.34254499280879736E+03,-8.15387777349810563E+02,6.99999999967658511E+01));
|   |   |   |   |   |   #19946=CARTESIAN_POINT('Ctrl Pnt',(-6.34254499281679364E+03,-8.15387777349615249E+02,-2.67689414890652642E+02));
|   |   |   |   |   |   #19947=CARTESIAN_POINT('Ctrl Pnt',(-6.34254499282356119E+03,-8.15387777348974055E+02,-6.05378829778074646E+02));
|   |   |   |   |   |   #19948=CARTESIAN_POINT('Ctrl Pnt',(-6.34216615590840138E+03,-8.16428623160579377E+02,4.07689414884262760E+02));
|   |   |   |   |   |   #19949=CARTESIAN_POINT('Ctrl Pnt',(-6.34216615591550362E+03,-8.16428623160059828E+02,6.99999999968425186E+01));
|   |   |   |   |   |   #19950=CARTESIAN_POINT('Ctrl Pnt',(-6.34216615592344624E+03,-8.16428623159831886E+02,-2.67689414890579485E+02));
|   |   |   |   |   |   #19951=CARTESIAN_POINT('Ctrl Pnt',(-6.34216615593026017E+03,-8.16428623159227868E+02,-6.05378829778005070E+02));
|   |   |   |   |   |   #19952=CARTESIAN_POINT('Ctrl Pnt',(-6.34178731901507945E+03,-8.17469468970815001E+02,4.07689414884343364E+02));
|   |   |   |   |   |   #19953=CARTESIAN_POINT('Ctrl Pnt',(-6.34178731902220443E+03,-8.17469468970306139E+02,6.99999999969192146E+01));
|   |   |   |   |   |   #19954=CARTESIAN_POINT('Ctrl Pnt',(-6.34178731903009520E+03,-8.17469468970048297E+02,-2.67689414890506441E+02));
|   |   |   |   |   |   #19955=CARTESIAN_POINT('Ctrl Pnt',(-6.34178731903696007E+03,-8.17469468969477816E+02,-6.05378829777935152E+02));
|   |   |   |   |   |   #19956=CARTESIAN_POINT('Ctrl Pnt',(-6.34140848212175842E+03,-8.18510314781048805E+02,4.07689414884423968E+02));
|   |   |   |   |   |   #19957=CARTESIAN_POINT('Ctrl Pnt',(-6.34140848212891069E+03,-8.18510314780550743E+02,6.99999999969958964E+01));
|   |   |   |   |   |   #19958=CARTESIAN_POINT('Ctrl Pnt',(-6.34140848213674690E+03,-8.18510314780265162E+02,-2.67689414890433511E+02));
|   |   |   |   |   |   #19959=CARTESIAN_POINT('Ctrl Pnt',(-6.34140848214366451E+03,-8.18510314779724581E+02,-6.05378829777865576E+02));
|   |   |   |   |   |   #19960=CARTESIAN_POINT('Ctrl Pnt',(-6.34102964522844195E+03,-8.19551160591280450E+02,4.07689414884504515E+02));
|   |   |   |   |   |   #19961=CARTESIAN_POINT('Ctrl Pnt',(-6.34102964523562059E+03,-8.19551160590792620E+02,6.99999999970725497E+01));
|   |   |   |   |   |   #19962=CARTESIAN_POINT('Ctrl Pnt',(-6.34102964524340041E+03,-8.19551160590481345E+02,-2.67689414890360467E+02));
|   |   |   |   |   |   #19963=CARTESIAN_POINT('Ctrl Pnt',(-6.34102964525036896E+03,-8.19551160589968163E+02,-6.05378829777796113E+02));
|   |   |   |   |   |   #19964=CARTESIAN_POINT('Ctrl Pnt',(-6.34065080833512275E+03,-8.20592006401509821E+02,4.07689414884585119E+02));
|   |   |   |   |   |   #19965=CARTESIAN_POINT('Ctrl Pnt',(-6.34065080834232776E+03,-8.20592006401032563E+02,6.99999999971492457E+01));
|   |   |   |   |   |   #19966=CARTESIAN_POINT('Ctrl Pnt',(-6.34065080835005301E+03,-8.20592006400697983E+02,-2.67689414890287537E+02));
|   |   |   |   |   |   #19967=CARTESIAN_POINT('Ctrl Pnt',(-6.34065080835707704E+03,-8.20592006400207993E+02,-6.05378829777726537E+02));
|   |   |   |   |   |   #19968=CARTESIAN_POINT('Ctrl Pnt',(-6.34027197144180536E+03,-8.21632852211737145E+02,4.07689414884665723E+02));
|   |   |   |   |   |   #19969=CARTESIAN_POINT('Ctrl Pnt',(-6.34027197144903766E+03,-8.21632852211269437E+02,6.99999999972258848E+01));
|   |   |   |   |   |   #19970=CARTESIAN_POINT('Ctrl Pnt',(-6.34027197145670652E+03,-8.21632852210914621E+02,-2.67689414890214550E+02));
|   |   |   |   |   |   #19971=CARTESIAN_POINT('Ctrl Pnt',(-6.34027197146378421E+03,-8.21632852210444526E+02,-6.05378829777657074E+02));
|   |   |   |   |   |   #19972=CARTESIAN_POINT('Ctrl Pnt',(-6.33989313454848798E+03,-8.22673698021962537E+02,4.07689414884746327E+02));
|   |   |   |   |   |   #19973=CARTESIAN_POINT('Ctrl Pnt',(-6.33989313455574757E+03,-8.22673698021504151E+02,6.99999999973025666E+01));
|   |   |   |   |   |   #19974=CARTESIAN_POINT('Ctrl Pnt',(-6.33989313456336004E+03,-8.22673698021131031E+02,-2.67689414890141620E+02));
|   |   |   |   |   |   #19975=CARTESIAN_POINT('Ctrl Pnt',(-6.33989313457049138E+03,-8.22673698020677421E+02,-6.05378829777587271E+02));
|   |   |   |   |   |   #19976=CARTESIAN_POINT('Ctrl Pnt',(-6.33951429765517241E+03,-8.23714543832185768E+02,4.07689414884826874E+02));
|   |   |   |   |   |   #19977=CARTESIAN_POINT('Ctrl Pnt',(-6.33951429766246019E+03,-8.23714543831736592E+02,6.99999999973792484E+01));
|   |   |   |   |   |   #19978=CARTESIAN_POINT('Ctrl Pnt',(-6.33951429767001173E+03,-8.23714543831347783E+02,-2.67689414890068576E+02));
|   |   |   |   |   |   #19979=CARTESIAN_POINT('Ctrl Pnt',(-6.33951429767720310E+03,-8.23714543830906791E+02,-6.05378829777517581E+02));
|   |   |   |   |   |   #19980=CARTESIAN_POINT('Ctrl Pnt',(-6.33913546076185685E+03,-8.24755389642406158E+02,4.07689414884907478E+02));
|   |   |   |   |   |   #19981=CARTESIAN_POINT('Ctrl Pnt',(-6.33913546076917191E+03,-8.24755389641966417E+02,6.99999999974559302E+01));
|   |   |   |   |   |   #19982=CARTESIAN_POINT('Ctrl Pnt',(-6.33913546077666433E+03,-8.24755389641564420E+02,-2.67689414889995589E+02));
|   |   |   |   |   |   #19983=CARTESIAN_POINT('Ctrl Pnt',(-6.33913546078391573E+03,-8.24755389641133206E+02,-6.05378829777448004E+02));
|   |   |   |   |   |   #19984=CARTESIAN_POINT('Ctrl Pnt',(-6.33875662386854310E+03,-8.25796235452624728E+02,4.07689414884987912E+02));
|   |   |   |   |   |   #19985=CARTESIAN_POINT('Ctrl Pnt',(-6.33875662387588272E+03,-8.25796235452194423E+02,6.99999999975325977E+01));
|   |   |   |   |   |   #19986=CARTESIAN_POINT('Ctrl Pnt',(-6.33875662388331784E+03,-8.25796235451780717E+02,-2.67689414889922716E+02));
|   |   |   |   |   |   #19987=CARTESIAN_POINT('Ctrl Pnt',(-6.33875662389062836E+03,-8.25796235451355756E+02,-6.05378829777378428E+02));
|   |   |   |   |   |   #19988=CARTESIAN_POINT('Ctrl Pnt',(-6.33686243940197892E+03,-8.31000464503690523E+02,4.07689414885390875E+02));
|   |   |   |   |   |   #19989=CARTESIAN_POINT('Ctrl Pnt',(-6.33686243940945769E+03,-8.31000464503301941E+02,6.99999999979159924E+01));
|   |   |   |   |   |   #19990=CARTESIAN_POINT('Ctrl Pnt',(-6.33686243941658631E+03,-8.31000464502845489E+02,-2.67689414889557440E+02));
|   |   |   |   |   |   #19991=CARTESIAN_POINT('Ctrl Pnt',(-6.33686243942420151E+03,-8.31000464502433488E+02,-6.05378829777030433E+02));
|   |   |   |   |   |   #19992=CARTESIAN_POINT('Ctrl Pnt',(-6.33414288874259182E+03,-8.34725553518408560E+02,4.07689414887254031E+02));
|   |   |   |   |   |   #19993=CARTESIAN_POINT('Ctrl Pnt',(-6.33414288874957219E+03,-8.34725553517841263E+02,6.99999999998609610E+01));
|   |   |   |   |   |   #19994=CARTESIAN_POINT('Ctrl Pnt',(-6.33414288875793591E+03,-8.34725553517570461E+02,-2.67689414887552459E+02));
|   |   |   |   |   |   #19995=CARTESIAN_POINT('Ctrl Pnt',(-6.33414288876427418E+03,-8.34725553517101275E+02,-6.05378829774946894E+02));
|   |   |   |   |   |   #19996=CARTESIAN_POINT('Ctrl Pnt',(-6.33035999117615211E+03,-8.37625350004770553E+02,4.07689414891017293E+02));
|   |   |   |   |   |   #19997=CARTESIAN_POINT('Ctrl Pnt',(-6.33035999118424024E+03,-8.37625350004702000E+02,7.00000000034055034E+01));
|   |   |   |   |   |   #19998=CARTESIAN_POINT('Ctrl Pnt',(-6.33035999118928157E+03,-8.37625350003901985E+02,-2.67689414884110818E+02));
|   |   |   |   |   |   #19999=CARTESIAN_POINT('Ctrl Pnt',(-6.33035999119923054E+03,-8.37625350003596736E+02,-6.05378829771749906E+02));
|   |   |   |   |   |   #20000=CARTESIAN_POINT('Ctrl Pnt',(-6.32579452192695953E+03,-8.39363773739848057E+02,4.07689414895634627E+02));
|   |   |   |   |   |   #20001=CARTESIAN_POINT('Ctrl Pnt',(-6.32579452193355974E+03,-8.39363773738818054E+02,7.00000000084244647E+01));
|   |   |   |   |   |   #20002=CARTESIAN_POINT('Ctrl Pnt',(-6.32579452194470196E+03,-8.39363773739051453E+02,-2.67689414879040498E+02));
|   |   |   |   |   |   #20003=CARTESIAN_POINT('Ctrl Pnt',(-6.32579452194759233E+03,-8.39363773738427881E+02,-6.05378829766136960E+02));
|   |   |   |   |   |   #20004=CARTESIAN_POINT('Ctrl Pnt',(-6.32084612940859643E+03,-8.39713511885911885E+02,4.07689414901976761E+02));
|   |   |   |   |   |   #20005=CARTESIAN_POINT('Ctrl Pnt',(-6.32084612941619616E+03,-8.39713511886270453E+02,7.00000000142029819E+01));
|   |   |   |   |   |   #20006=CARTESIAN_POINT('Ctrl Pnt',(-6.32084612941928481E+03,-8.39713511885006710E+02,-2.67689414873106273E+02));
|   |   |   |   |   |   #20007=CARTESIAN_POINT('Ctrl Pnt',(-6.32084612943228240E+03,-8.39713511884837544E+02,-6.05378829761123598E+02));
|   |   |   |   |   |   #20008=CARTESIAN_POINT('Ctrl Pnt',(-6.31598442937840991E+03,-8.38603587440669003E+02,4.07689414907975106E+02));
|   |   |   |   |   |   #20009=CARTESIAN_POINT('Ctrl Pnt',(-6.31598442938649805E+03,-8.38603587439460966E+02,7.00000000208356994E+01));
|   |   |   |   |   |   #20010=CARTESIAN_POINT('Ctrl Pnt',(-6.31598442939724009E+03,-8.38603587439875810E+02,-2.67689414866908862E+02));
|   |   |   |   |   |   #20011=CARTESIAN_POINT('Ctrl Pnt',(-6.31598442939944289E+03,-8.38603587439209377E+02,-6.05378829753709738E+02));
|   |   |   |   |   |   #20012=CARTESIAN_POINT('Ctrl Pnt',(-6.31167809044534715E+03,-8.36140997280929469E+02,4.07689414914467875E+02));
|   |   |   |   |   |   #20013=CARTESIAN_POINT('Ctrl Pnt',(-6.31167809045138438E+03,-8.36140997281128648E+02,7.00000000267480971E+01));
|   |   |   |   |   |   #20014=CARTESIAN_POINT('Ctrl Pnt',(-6.31167809045697595E+03,-8.36140997280054194E+02,-2.67689414860393470E+02));
|   |   |   |   |   |   #20015=CARTESIAN_POINT('Ctrl Pnt',(-6.31167809046782804E+03,-8.36140997279813973E+02,-6.05378829748438648E+02));
|   |   |   |   |   |   #20016=CARTESIAN_POINT('Ctrl Pnt',(-6.30831939742677969E+03,-8.32593490024233802E+02,4.07689414919728677E+02));
|   |   |   |   |   |   #20017=CARTESIAN_POINT('Ctrl Pnt',(-6.30831939743534622E+03,-8.32593490023433787E+02,7.00000000324323679E+01));
|   |   |   |   |   |   #20018=CARTESIAN_POINT('Ctrl Pnt',(-6.30831939744329065E+03,-8.32593490023400477E+02,-2.67689414855259770E+02));
|   |   |   |   |   |   #20019=CARTESIAN_POINT('Ctrl Pnt',(-6.30831939744896226E+03,-8.32593490022877859E+02,-6.05378829742337416E+02));
|   |   |   |   |   |   #20020=CARTESIAN_POINT('Ctrl Pnt',(-6.30616975336219184E+03,-8.28339296320542189E+02,4.07689414924042296E+02));
|   |   |   |   |   |   #20021=CARTESIAN_POINT('Ctrl Pnt',(-6.30616975336892574E+03,-8.28339296320282074E+02,7.00000000365125459E+01));
|   |   |   |   |   |   #20022=CARTESIAN_POINT('Ctrl Pnt',(-6.30616975337622807E+03,-8.28339296319697041E+02,-2.67689414850834453E+02));
|   |   |   |   |   |   #20023=CARTESIAN_POINT('Ctrl Pnt',(-6.30616975338417615E+03,-8.28339296319311870E+02,-6.05378829738464219E+02));
|   |   |   |   |   |   #20024=CARTESIAN_POINT('Ctrl Pnt',(-6.30533626289618223E+03,-8.23803049237869459E+02,4.07689414926726954E+02));
|   |   |   |   |   |   #20025=CARTESIAN_POINT('Ctrl Pnt',(-6.30533626290373104E+03,-8.23803049237405844E+02,7.00000000392849131E+01));
|   |   |   |   |   |   #20026=CARTESIAN_POINT('Ctrl Pnt',(-6.30533626291108885E+03,-8.23803049237024425E+02,-2.67689414848203683E+02));
|   |   |   |   |   |   #20027=CARTESIAN_POINT('Ctrl Pnt',(-6.30533626291834753E+03,-8.23803049236593210E+02,-6.05378829735619433E+02));
|   |   |   |   |   |   #20028=CARTESIAN_POINT('Ctrl Pnt',(-6.30588828055650902E+03,-8.18292403965940252E+02,4.07689414928112399E+02));
|   |   |   |   |   |   #20029=CARTESIAN_POINT('Ctrl Pnt',(-6.30588828056383409E+03,-8.18292403965527342E+02,7.00000000406489420E+01));
|   |   |   |   |   |   #20030=CARTESIAN_POINT('Ctrl Pnt',(-6.30588828057120645E+03,-8.18292403965095332E+02,-2.67689414846802265E+02));
|   |   |   |   |   |   #20031=CARTESIAN_POINT('Ctrl Pnt',(-6.30588828057860974E+03,-8.18292403964675373E+02,-6.05378829734272358E+02));
|   |   |   |   |   |   #20032=CARTESIAN_POINT('Ctrl Pnt',(-6.30599868408857401E+03,-8.17190274911557822E+02,4.07689414928389454E+02));
|   |   |   |   |   |   #20033=CARTESIAN_POINT('Ctrl Pnt',(-6.30599868409585633E+03,-8.17190274911152414E+02,7.00000000409217051E+01));
|   |   |   |   |   |   #20034=CARTESIAN_POINT('Ctrl Pnt',(-6.30599868410323052E+03,-8.17190274910712105E+02,-2.67689414846522084E+02));
|   |   |   |   |   |   #20035=CARTESIAN_POINT('Ctrl Pnt',(-6.30599868411065927E+03,-8.17190274910294193E+02,-6.05378829734003034E+02));
|   |   |   |   |   |   #20036=CARTESIAN_POINT('Ctrl Pnt',(-6.30610908762063809E+03,-8.16088145857174936E+02,4.07689414928666736E+02));
|   |   |   |   |   |   #20037=CARTESIAN_POINT('Ctrl Pnt',(-6.30610908762787585E+03,-8.16088145856774304E+02,7.00000000411944825E+01));
|   |   |   |   |   |   #20038=CARTESIAN_POINT('Ctrl Pnt',(-6.30610908763525640E+03,-8.16088145856328310E+02,-2.67689414846241846E+02));
|   |   |   |   |   |   #20039=CARTESIAN_POINT('Ctrl Pnt',(-6.30610908764271062E+03,-8.16088145855912444E+02,-6.05378829733733937E+02));
|   |   |   |   |   |   #20040=CARTESIAN_POINT('Ctrl Pnt',(-6.30621949115270127E+03,-8.14986016802792733E+02,4.07689414928943791E+02));
|   |   |   |   |   |   #20041=CARTESIAN_POINT('Ctrl Pnt',(-6.30621949115989355E+03,-8.14986016802393351E+02,7.00000000414672883E+01));
|   |   |   |   |   |   #20042=CARTESIAN_POINT('Ctrl Pnt',(-6.30621949116728138E+03,-8.14986016801943038E+02,-2.67689414845961551E+02));
|   |   |   |   |   |   #20043=CARTESIAN_POINT('Ctrl Pnt',(-6.30621949117476470E+03,-8.14986016801530354E+02,-6.05378829733464499E+02));
|   |   |   |   |   |   #20044=CARTESIAN_POINT('Ctrl Pnt',(-6.30632989468476990E+03,-8.13883887748410075E+02,4.07689414929220789E+02));
|   |   |   |   |   |   #20045=CARTESIAN_POINT('Ctrl Pnt',(-6.30632989469191580E+03,-8.13883887748009215E+02,7.00000000417401083E+01));
|   |   |   |   |   |   #20046=CARTESIAN_POINT('Ctrl Pnt',(-6.30632989469930453E+03,-8.13883887747557196E+02,-2.67689414845681313E+02));
|   |   |   |   |   |   #20047=CARTESIAN_POINT('Ctrl Pnt',(-6.30632989470681969E+03,-8.13883887747147241E+02,-6.05378829733194948E+02));
|   |   |   |   |   |   #20048=CARTESIAN_POINT('Ctrl Pnt',(-6.30644029821683398E+03,-8.12781758694027417E+02,4.07689414929498014E+02));
|   |   |   |   |   |   #20049=CARTESIAN_POINT('Ctrl Pnt',(-6.30644029822393804E+03,-8.12781758693622464E+02,7.00000000420128856E+01));
|   |   |   |   |   |   #20050=CARTESIAN_POINT('Ctrl Pnt',(-6.30644029823132769E+03,-8.12781758693170559E+02,-2.67689414845401075E+02));
|   |   |   |   |   |   #20051=CARTESIAN_POINT('Ctrl Pnt',(-6.30644029823887104E+03,-8.12781758692763447E+02,-6.05378829732925510E+02));
|   |   |   |   |   |   #20052=CARTESIAN_POINT('Ctrl Pnt',(-6.30655070174889988E+03,-8.11679629639644986E+02,4.07689414929775182E+02));
|   |   |   |   |   |   #20053=CARTESIAN_POINT('Ctrl Pnt',(-6.30655070175596120E+03,-8.11679629639232644E+02,7.00000000422857056E+01));
|   |   |   |   |   |   #20054=CARTESIAN_POINT('Ctrl Pnt',(-6.30655070176334993E+03,-8.11679629638783467E+02,-2.67689414845120837E+02));
|   |   |   |   |   |   #20055=CARTESIAN_POINT('Ctrl Pnt',(-6.30655070177092239E+03,-8.11679629638378970E+02,-6.05378829732655959E+02));
|   |   |   |   |   |   #20056=CARTESIAN_POINT('Ctrl Pnt',(-6.30666110528096578E+03,-8.10577500585262555E+02,4.07689414930052237E+02));
|   |   |   |   |   |   #20057=CARTESIAN_POINT('Ctrl Pnt',(-6.30666110528798527E+03,-8.10577500584839868E+02,7.00000000425584972E+01));
|   |   |   |   |   |   #20058=CARTESIAN_POINT('Ctrl Pnt',(-6.30666110529537491E+03,-8.10577500584395239E+02,-2.67689414844840542E+02));
|   |   |   |   |   |   #20059=CARTESIAN_POINT('Ctrl Pnt',(-6.30666110530297647E+03,-8.10577500583993924E+02,-6.05378829732386862E+02));
|   |   |   |   |   |   #20060=CARTESIAN_POINT('Ctrl Pnt',(-6.30677150881302896E+03,-8.09475371530879897E+02,4.07689414930329406E+02));
|   |   |   |   |   |   #20061=CARTESIAN_POINT('Ctrl Pnt',(-6.30677150882000842E+03,-8.09475371530444022E+02,7.00000000428312887E+01));
|   |   |   |   |   |   #20062=CARTESIAN_POINT('Ctrl Pnt',(-6.30677150882739807E+03,-8.09475371530006214E+02,-2.67689414844560190E+02));
|   |   |   |   |   |   #20063=CARTESIAN_POINT('Ctrl Pnt',(-6.30677150883502873E+03,-8.09475371529607855E+02,-6.05378829732117538E+02));
|   |   |   |   |   |   #20064=CARTESIAN_POINT('Ctrl Pnt',(-6.30688191234509304E+03,-8.08373242476497353E+02,4.07689414930606517E+02));
|   |   |   |   |   |   #20065=CARTESIAN_POINT('Ctrl Pnt',(-6.30688191235203067E+03,-8.08373242476045561E+02,7.00000000431041229E+01));
|   |   |   |   |   |   #20066=CARTESIAN_POINT('Ctrl Pnt',(-6.30688191235942304E+03,-8.08373242475615939E+02,-2.67689414844279952E+02));
|   |   |   |   |   |   #20067=CARTESIAN_POINT('Ctrl Pnt',(-6.30688191236708099E+03,-8.08373242475221559E+02,-6.05378829731848100E+02));
|   |   |   |   |   |   #20068=CARTESIAN_POINT('Ctrl Pnt',(-6.30699231587715713E+03,-8.07271113422114581E+02,4.07689414930883629E+02));
|   |   |   |   |   |   #20069=CARTESIAN_POINT('Ctrl Pnt',(-6.30699231588405382E+03,-8.07271113421644372E+02,7.00000000433768719E+01));
|   |   |   |   |   |   #20070=CARTESIAN_POINT('Ctrl Pnt',(-6.30699231589144711E+03,-8.07271113421225095E+02,-2.67689414843999657E+02));
|   |   |   |   |   |   #20071=CARTESIAN_POINT('Ctrl Pnt',(-6.30699231589913597E+03,-8.07271113420834013E+02,-6.05378829731578548E+02));
|   |   |   #20086=ADVANCED_FACE('',(#20157),#20087,.T.);
|   |   |   |   #20157=FACE_OUTER_BOUND('',#20158,.T.);
|   |   |   |   |   #20158=EDGE_LOOP('',(#20159,#20160,#20161,#20162));
|   |   |   |   |   |   #20159=ORIENTED_EDGE('',*,*,#19770,.T.);
|   |   |   |   |   |   |   #19770=EDGE_CURVE('',#19687,#19771,#19773,.T.);
|   |   |   |   |   |   |   |   #19687=VERTEX_POINT('',#19688);
|   |   |   |   |   |   |   |   |   #19688=CARTESIAN_POINT('',(-6.30931309425496966E+03,-8.16258398157759984E+02,-2.67689414849825027E+02));
|   |   |   |   |   |   |   |   #19771=VERTEX_POINT('',#19772);
|   |   |   |   |   |   |   |   |   #19772=CARTESIAN_POINT('',(-6.30853408281573957E+03,-8.19670630316251049E+02,-2.67689414850246010E+02));
|   |   |   |   |   |   |   |   #19773=B_SPLINE_CURVE_WITH_KNOTS('',4,(#19774,#19775,#19776,#19777,#19778,#19779,#19780,#19781,#19782,#19783,#19784,#19785,#19786,#19787,#19788,#19789,#19790,#19791,#19792,#19793,#19794,#19795,#19796,#19797,#19798,#19799,#19800,#19801,#19802,#19803,#19804,#19805,#19806,#19807,#19808,#19809,#19810,#19811,#19812,#19813,#19814,#19815,#19816,#19817,#19818,#19819,#19820,#19821,#19822,#19823,#19824,#19825,#19826,#19827,#19828,#19829,#19830,#19831,#19832,#19833,#19834,#19835,#19836,#19837,#19838,#19839,#19840,#19841,#19842,#19843,#19844,#19845,#19846,#19847,#19848,#19849,#19850,#19851,#19852,#19853,#19854,#19855,#19856,#19857,#19858,#19859,#19860,#19861,#19862,#19863,#19864,#19865,#19866,#19867,#19868,#19869,#19870,#19871,#19872,#19873,#19874,#19875,#19876,#19877,#19878,#19879,#19880,#19881,#19882,#19883,#19884,#19885,#19886),.UNSPECIFIED.,.F.,.F.,(5,3,3,3,3,3,3,3,3,3,3,3,3,3,3,3,3,3,3,3,3,3,3,3,3,3,3,3,3,3,3,3,3,3,3,3,3,5),(0.0,2.42520675621036644E-02,4.94369069529337762E-02,7.83528336603097203E-02,1.04470444879584776E-01,1.32453599758092427E-01,1.46445177197688653E-01,1.53907351832191536E-01,1.61947538294593768E-01,1.93500864026420388E-01,2.24036340535252898E-01,2.54571817050604943E-01,2.86125142793017317E-01,3.17678468543001191E-01,3.48213945078021170E-01,3.79767270829115822E-01,4.11320596575463437E-01,4.42873922316229796E-01,4.73409398835304251E-01,5.04962724569534838E-01,5.35498201087674652E-01,5.66033677609545816E-01,5.97587003354417390E-01,6.29140329104756590E-01,6.59675805640465907E-01,6.91229131393056972E-01,7.21764607922265822E-01,7.53317933659279015E-01,7.84871259386432985E-01,8.16424585112186851E-01,8.31692323372215991E-01,8.38409793299286110E-01,8.46389556593690418E-01,8.66338964828896718E-01,8.91275725122063212E-01,9.12222603768269025E-01,9.42146716120423666E-01,1.0),.UNSPECIFIED.);
|   |   |   |   |   |   |   |   |   #19774=CARTESIAN_POINT('Ctrl Pnt',(-6.30967216901308893E+03,-8.15271848384541499E+02,-2.67689414849865841E+02));
|   |   |   |   |   |   |   |   |   #19775=CARTESIAN_POINT('Ctrl Pnt',(-6.30965816509752131E+03,-8.15310323825698902E+02,-2.67689414849864193E+02));
|   |   |   |   |   |   |   |   |   #19776=CARTESIAN_POINT('Ctrl Pnt',(-6.30964416118195277E+03,-8.15348799266855735E+02,-2.67689414849862601E+02));
|   |   |   |   |   |   |   |   |   #19777=CARTESIAN_POINT('Ctrl Pnt',(-6.30963015726638605E+03,-8.15387274708013479E+02,-2.67689414849861009E+02));
|   |   |   |   |   |   |   |   |   #19778=CARTESIAN_POINT('Ctrl Pnt',(-6.30960161082311424E+03,-8.15465705414987042E+02,-2.67689414849857712E+02));
|   |   |   |   |   |   |   |   |   #19779=CARTESIAN_POINT('Ctrl Pnt',(-6.30958706829540824E+03,-8.15505660680802862E+02,-2.67689414849856064E+02));
|   |   |   |   |   |   |   |   |   #19780=CARTESIAN_POINT('Ctrl Pnt',(-6.30957252576770588E+03,-8.15545615946620046E+02,-2.67689414849854415E+02));
|   |   |   |   |   |   |   |   |   #19781=CARTESIAN_POINT('Ctrl Pnt',(-6.30954128626374859E+03,-8.15631445776891042E+02,-2.67689414849850834E+02));
|   |   |   |   |   |   |   |   |   #19782=CARTESIAN_POINT('Ctrl Pnt',(-6.30952458928749456E+03,-8.15677320341345307E+02,-2.67689414849848902E+02));
|   |   |   |   |   |   |   |   |   #19783=CARTESIAN_POINT('Ctrl Pnt',(-6.30950789231124236E+03,-8.15723194905800256E+02,-2.67689414849846969E+02));
|   |   |   |   |   |   |   |   |   #19784=CARTESIAN_POINT('Ctrl Pnt',(-6.30947611419514851E+03,-8.15810504560730010E+02,-2.67689414849843331E+02));
|   |   |   |   |   |   |   |   |   #19785=CARTESIAN_POINT('Ctrl Pnt',(-6.30946103305530778E+03,-8.15851939651205043E+02,-2.67689414849841626E+02));
|   |   |   |   |   |   |   |   |   #19786=CARTESIAN_POINT('Ctrl Pnt',(-6.30944595191546614E+03,-8.15893374741679736E+02,-2.67689414849839920E+02));
|   |   |   |   |   |   |   |   |   #19787=CARTESIAN_POINT('Ctrl Pnt',(-6.30941471241150975E+03,-8.15979204571950277E+02,-2.67689414849836339E+02));
|   |   |   |   |   |   |   |   |   #19788=CARTESIAN_POINT('Ctrl Pnt',(-6.30939855404739410E+03,-8.16023599311746011E+02,-2.67689414849834463E+02));
|   |   |   |   |   |   |   |   |   #19789=CARTESIAN_POINT('Ctrl Pnt',(-6.30938239568327845E+03,-8.16067994051541746E+02,-2.67689414849832588E+02));
|   |   |   |   |   |   |   |   |   #19790=CARTESIAN_POINT('Ctrl Pnt',(-6.30935815813710451E+03,-8.16134586161235688E+02,-2.67689414849829859E+02));
|   |   |   |   |   |   |   |   |   #19791=CARTESIAN_POINT('Ctrl Pnt',(-6.30935007895504532E+03,-8.16156783531133669E+02,-2.67689414849828893E+02));
|   |   |   |   |   |   |   |   |   #19792=CARTESIAN_POINT('Ctrl Pnt',(-6.30934199977298886E+03,-8.16178980901032560E+02,-2.67689414849827983E+02));
|   |   |   |   |   |   |   |   |   #19793=CARTESIAN_POINT('Ctrl Pnt',(-6.30932961169383270E+03,-8.16213016868210048E+02,-2.67689414849826562E+02));
|   |   |   |   |   |   |   |   |   #19794=CARTESIAN_POINT('Ctrl Pnt',(-6.30932530279673301E+03,-8.16224855465489895E+02,-2.67689414849826051E+02));
|   |   |   |   |   |   |   |   |   #19795=CARTESIAN_POINT('Ctrl Pnt',(-6.30932099389963696E+03,-8.16236694062768606E+02,-2.67689414849825596E+02));
|   |   |   |   |   |   |   |   |   #19796=CARTESIAN_POINT('Ctrl Pnt',(-6.30931204234301822E+03,-8.16261288262033190E+02,-2.67689414849824573E+02));
|   |   |   |   |   |   |   |   |   #19797=CARTESIAN_POINT('Ctrl Pnt',(-6.30930909803026589E+03,-8.16269371036297798E+02,-2.67689414849824232E+02));
|   |   |   |   |   |   |   |   |   #19798=CARTESIAN_POINT('Ctrl Pnt',(-6.30930526165085303E+03,-8.16279961489437028E+02,-2.67689414849823777E+02));
|   |   |   |   |   |   |   |   |   #19799=CARTESIAN_POINT('Ctrl Pnt',(-6.30928786827405929E+03,-8.16328103748718377E+02,-2.67689414849821958E+02));
|   |   |   |   |   |   |   |   |   #19800=CARTESIAN_POINT('Ctrl Pnt',(-6.30927415514870063E+03,-8.16366523388528435E+02,-2.67689414849820650E+02));
|   |   |   |   |   |   |   |   |   #19801=CARTESIAN_POINT('Ctrl Pnt',(-6.30926059054192683E+03,-8.16404995715898849E+02,-2.67689414849819570E+02));
|   |   |   |   |   |   |   |   |   #19802=CARTESIAN_POINT('Ctrl Pnt',(-6.30923419173351886E+03,-8.16480801306467470E+02,-2.67689414849817865E+02));
|   |   |   |   |   |   |   |   |   #19803=CARTESIAN_POINT('Ctrl Pnt',(-6.30922134808552164E+03,-8.16518131280036755E+02,-2.67689414849817240E+02));
|   |   |   |   |   |   |   |   |   #19804=CARTESIAN_POINT('Ctrl Pnt',(-6.30920864408222496E+03,-8.16555509007640126E+02,-2.67689414849816785E+02));
|   |   |   |   |   |   |   |   |   #19805=CARTESIAN_POINT('Ctrl Pnt',(-6.30918351589180929E+03,-8.16630358401809758E+02,-2.67689414849816217E+02));
|   |   |   |   |   |   |   |   |   #19806=CARTESIAN_POINT('Ctrl Pnt',(-6.30917109170468939E+03,-8.16667830068381022E+02,-2.67689414849816103E+02));
|   |   |   |   |   |   |   |   |   #19807=CARTESIAN_POINT('Ctrl Pnt',(-6.30915880768904663E+03,-8.16705347919877454E+02,-2.67689414849816217E+02));
|   |   |   |   |   |   |   |   |   #19808=CARTESIAN_POINT('Ctrl Pnt',(-6.30913411572353743E+03,-8.16781726526107946E+02,-2.67689414849816842E+02));
|   |   |   |   |   |   |   |   |   #19809=CARTESIAN_POINT('Ctrl Pnt',(-6.30912171729143574E+03,-8.16820590357786955E+02,-2.67689414849817354E+02));
|   |   |   |   |   |   |   |   |   #19810=CARTESIAN_POINT('Ctrl Pnt',(-6.30910946908403821E+03,-8.16859501795011738E+02,-2.67689414849818036E+02));
|   |   |   |   |   |   |   |   |   #19811=CARTESIAN_POINT('Ctrl Pnt',(-6.30908527366025010E+03,-8.16937418136443284E+02,-2.67689414849819855E+02));
|   |   |   |   |   |   |   |   |   #19812=CARTESIAN_POINT('Ctrl Pnt',(-6.30907332644385770E+03,-8.16976423040655732E+02,-2.67689414849820935E+02));
|   |   |   |   |   |   |   |   |   #19813=CARTESIAN_POINT('Ctrl Pnt',(-6.30906152999377082E+03,-8.17015473806301088E+02,-2.67689414849822299E+02));
|   |   |   |   |   |   |   |   |   #19814=CARTESIAN_POINT('Ctrl Pnt',(-6.30903861480636715E+03,-8.17092404156893963E+02,-2.67689414849825255E+02));
|   |   |   |   |   |   |   |   |   #19815=CARTESIAN_POINT('Ctrl Pnt',(-6.30902748648252964E+03,-8.17130280886317337E+02,-2.67689414849826903E+02));
|   |   |   |   |   |   |   |   |   #19816=CARTESIAN_POINT('Ctrl Pnt',(-6.30901649983540665E+03,-8.17168198953359592E+02,-2.67689414849828722E+02));
|   |   |   |   |   |   |   |   |   #19817=CARTESIAN_POINT('Ctrl Pnt',(-6.30899444885784578E+03,-8.17245381458144948E+02,-2.67689414849832872E+02));
|   |   |   |   |   |   |   |   |   #19818=CARTESIAN_POINT('Ctrl Pnt',(-6.30898339414534894E+03,-8.17284648643731430E+02,-2.67689414849835146E+02));
|   |   |   |   |   |   |   |   |   #19819=CARTESIAN_POINT('Ctrl Pnt',(-6.30897249120569722E+03,-8.17323958241022979E+02,-2.67689414849837647E+02));
|   |   |   |   |   |   |   |   |   #19820=CARTESIAN_POINT('Ctrl Pnt',(-6.30895098935339684E+03,-8.17402660497299962E+02,-2.67689414849843104E+02));
|   |   |   |   |   |   |   |   |   #19821=CARTESIAN_POINT('Ctrl Pnt',(-6.30894039044074543E+03,-8.17442053156290740E+02,-2.67689414849846003E+02));
|   |   |   |   |   |   |   |   |   #19822=CARTESIAN_POINT('Ctrl Pnt',(-6.30892994378224921E+03,-8.17481486465282501E+02,-2.67689414849849072E+02));
|   |   |   |   |   |   |   |   |   #19823=CARTESIAN_POINT('Ctrl Pnt',(-6.30890935543442083E+03,-8.17560432616087610E+02,-2.67689414849855723E+02));
|   |   |   |   |   |   |   |   |   #19824=CARTESIAN_POINT('Ctrl Pnt',(-6.30889921374508776E+03,-8.17599945457907097E+02,-2.67689414849859190E+02));
|   |   |   |   |   |   |   |   |   #19825=CARTESIAN_POINT('Ctrl Pnt',(-6.30888922477076812E+03,-8.17639497182562536E+02,-2.67689414849862942E+02));
|   |   |   |   |   |   |   |   |   #19826=CARTESIAN_POINT('Ctrl Pnt',(-6.30886986998408611E+03,-8.17717399537362098E+02,-2.67689414849870616E+02));
|   |   |   |   |   |   |   |   |   #19827=CARTESIAN_POINT('Ctrl Pnt',(-6.30886049446407924E+03,-8.17755747755654397E+02,-2.67689414849874595E+02));
|   |   |   |   |   |   |   |   |   #19828=CARTESIAN_POINT('Ctrl Pnt',(-6.30885126237115855E+03,-8.17794130755562037E+02,-2.67689414849878744E+02));
|   |   |   |   |   |   |   |   |   #19829=CARTESIAN_POINT('Ctrl Pnt',(-6.30883278247137332E+03,-8.17872245273760541E+02,-2.67689414849887612E+02));
|   |   |   |   |   |   |   |   |   #19830=CARTESIAN_POINT('Ctrl Pnt',(-6.30882354439859046E+03,-8.17911979094892445E+02,-2.67689414849892330E+02));
|   |   |   |   |   |   |   |   |   #19831=CARTESIAN_POINT('Ctrl Pnt',(-6.30881445988772521E+03,-8.17951748306511604E+02,-2.67689414849897219E+02));
|   |   |   |   |   |   |   |   |   #19832=CARTESIAN_POINT('Ctrl Pnt',(-6.30879688647833154E+03,-8.18030071738073161E+02,-2.67689414849907223E+02));
|   |   |   |   |   |   |   |   |   #19833=CARTESIAN_POINT('Ctrl Pnt',(-6.30878838781968625E+03,-8.18068623768145926E+02,-2.67689414849912339E+02));
|   |   |   |   |   |   |   |   |   #19834=CARTESIAN_POINT('Ctrl Pnt',(-6.30878003334393452E+03,-8.18107207300338132E+02,-2.67689414849917682E+02));
|   |   |   |   |   |   |   |   |   #19835=CARTESIAN_POINT('Ctrl Pnt',(-6.30876361310244465E+03,-8.18184435749977865E+02,-2.67689414849928653E+02));
|   |   |   |   |   |   |   |   |   #19836=CARTESIAN_POINT('Ctrl Pnt',(-6.30875554733670378E+03,-8.18223080667430281E+02,-2.67689414849934337E+02));
|   |   |   |   |   |   |   |   |   #19837=CARTESIAN_POINT('Ctrl Pnt',(-6.30874762609808658E+03,-8.18261755468020056E+02,-2.67689414849940249E+02));
|   |   |   |   |   |   |   |   |   #19838=CARTESIAN_POINT('Ctrl Pnt',(-6.30873181378285335E+03,-8.18340453341811212E+02,-2.67689414849952527E+02));
|   |   |   |   |   |   |   |   |   #19839=CARTESIAN_POINT('Ctrl Pnt',(-6.30872393251301401E+03,-8.18380478385437982E+02,-2.67689414849959007E+02));
|   |   |   |   |   |   |   |   |   #19840=CARTESIAN_POINT('Ctrl Pnt',(-6.30871620591997180E+03,-8.18420533576007870E+02,-2.67689414849965658E+02));
|   |   |   |   |   |   |   |   |   #19841=CARTESIAN_POINT('Ctrl Pnt',(-6.30870106242645943E+03,-8.18500702456498857E+02,-2.67689414849979414E+02));
|   |   |   |   |   |   |   |   |   #19842=CARTESIAN_POINT('Ctrl Pnt',(-6.30869364552598927E+03,-8.18540816146426550E+02,-2.67689414849986463E+02));
|   |   |   |   |   |   |   |   |   #19843=CARTESIAN_POINT('Ctrl Pnt',(-6.30868638364129220E+03,-8.18580958188761656E+02,-2.67689414849993739E+02));
|   |   |   |   |   |   |   |   |   #19844=CARTESIAN_POINT('Ctrl Pnt',(-6.30867239947031430E+03,-8.18660001389723902E+02,-2.67689414850008404E+02));
|   |   |   |   |   |   |   |   |   #19845=CARTESIAN_POINT('Ctrl Pnt',(-6.30866566733422223E+03,-8.18698900805747144E+02,-2.67689414850015851E+02));
|   |   |   |   |   |   |   |   |   #19846=CARTESIAN_POINT('Ctrl Pnt',(-6.30865908066735301E+03,-8.18737825117466969E+02,-2.67689414850023411E+02));
|   |   |   |   |   |   |   |   |   #19847=CARTESIAN_POINT('Ctrl Pnt',(-6.30864598384002784E+03,-8.18817020178997154E+02,-2.67689414850039270E+02));
|   |   |   |   |   |   |   |   |   #19848=CARTESIAN_POINT('Ctrl Pnt',(-6.30863948354830154E+03,-8.18857292560847668E+02,-2.67689414850047513E+02));
|   |   |   |   |   |   |   |   |   #19849=CARTESIAN_POINT('Ctrl Pnt',(-6.30863313887854656E+03,-8.18897589753034254E+02,-2.67689414850055925E+02));
|   |   |   |   |   |   |   |   |   #19850=CARTESIAN_POINT('Ctrl Pnt',(-6.30862096070227381E+03,-8.18976931272291836E+02,-2.67689414850072922E+02));
|   |   |   |   |   |   |   |   |   #19851=CARTESIAN_POINT('Ctrl Pnt',(-6.30861511730877464E+03,-8.19015974081809759E+02,-2.67689414850081505E+02));
|   |   |   |   |   |   |   |   |   #19852=CARTESIAN_POINT('Ctrl Pnt',(-6.30860941991434993E+03,-8.19055038463533037E+02,-2.67689414850090259E+02));
|   |   |   |   |   |   |   |   |   #19853=CARTESIAN_POINT('Ctrl Pnt',(-6.30859813231377666E+03,-8.19134511570465065E+02,-2.67689414850108392E+02));
|   |   |   |   |   |   |   |   |   #19854=CARTESIAN_POINT('Ctrl Pnt',(-6.30859255201100495E+03,-8.19174921702260917E+02,-2.67689414850117771E+02));
|   |   |   |   |   |   |   |   |   #19855=CARTESIAN_POINT('Ctrl Pnt',(-6.30858712785547050E+03,-8.19215353089418954E+02,-2.67689414850127434E+02));
|   |   |   |   |   |   |   |   |   #19856=CARTESIAN_POINT('Ctrl Pnt',(-6.30857659207470988E+03,-8.19296256563461384E+02,-2.67689414850147045E+02));
|   |   |   |   |   |   |   |   |   #19857=CARTESIAN_POINT('Ctrl Pnt',(-6.30857148044948372E+03,-8.19336728650351915E+02,-2.67689414850157050E+02));
|   |   |   |   |   |   |   |   |   #19858=CARTESIAN_POINT('Ctrl Pnt',(-6.30856652520733314E+03,-8.19377220181626626E+02,-2.67689414850167282E+02));
|   |   |   |   |   |   |   |   |   #19859=CARTESIAN_POINT('Ctrl Pnt',(-6.30855692770401129E+03,-8.19458240319345350E+02,-2.67689414850188086E+02));
|   |   |   |   |   |   |   |   |   #19860=CARTESIAN_POINT('Ctrl Pnt',(-6.30855228544284091E+03,-8.19498768925795616E+02,-2.67689414850198659E+02));
|   |   |   |   |   |   |   |   |   #19861=CARTESIAN_POINT('Ctrl Pnt',(-6.30854779977957696E+03,-8.19539315163039987E+02,-2.67689414850209459E+02));
|   |   |   |   |   |   |   |   |   #19862=CARTESIAN_POINT('Ctrl Pnt',(-6.30854137614896899E+03,-8.19599505361840897E+02,-2.67689414850225830E+02));
|   |   |   |   |   |   |   |   |   #19863=CARTESIAN_POINT('Ctrl Pnt',(-6.30853931817394368E+03,-8.19619136515916693E+02,-2.67689414850231174E+02));
|   |   |   |   |   |   |   |   |   #19864=CARTESIAN_POINT('Ctrl Pnt',(-6.30853729689702595E+03,-8.19638771482460470E+02,-2.67689414850236574E+02));
|   |   |   |   |   |   |   |   |   #19865=CARTESIAN_POINT('Ctrl Pnt',(-6.30853443916205106E+03,-8.19667050745241113E+02,-2.67689414850244475E+02));
|   |   |   |   |   |   |   |   |   #19866=CARTESIAN_POINT('Ctrl Pnt',(-6.30853343898632829E+03,-8.19677058426441477E+02,-2.67689414850247260E+02));
|   |   |   |   |   |   |   |   |   #19867=CARTESIAN_POINT('Ctrl Pnt',(-6.30853220986677752E+03,-8.19689327466868122E+02,-2.67689414850250671E+02));
|   |   |   |   |   |   |   |   |   #19868=CARTESIAN_POINT('Ctrl Pnt',(-6.30852989704379706E+03,-8.19712415762673345E+02,-2.67689414850257151E+02));
|   |   |   |   |   |   |   |   |   #19869=CARTESIAN_POINT('Ctrl Pnt',(-6.30852864131221486E+03,-8.19724951396600318E+02,-2.67689414850260619E+02));
|   |   |   |   |   |   |   |   |   #19870=CARTESIAN_POINT('Ctrl Pnt',(-6.30852738558063265E+03,-8.19737487030526268E+02,-2.67689414850264143E+02));
|   |   |   |   |   |   |   |   |   #19871=CARTESIAN_POINT('Ctrl Pnt',(-6.30852299052009494E+03,-8.19781361749267148E+02,-2.67689414850276364E+02));
|   |   |   |   |   |   |   |   |   #19872=CARTESIAN_POINT('Ctrl Pnt',(-6.30851985119114215E+03,-8.19812700834081966E+02,-2.67689414850285118E+02));
|   |   |   |   |   |   |   |   |   #19873=CARTESIAN_POINT('Ctrl Pnt',(-6.30851671186218482E+03,-8.19844039918896215E+02,-2.67689414850293872E+02));
|   |   |   |   |   |   |   |   |   #19874=CARTESIAN_POINT('Ctrl Pnt',(-6.30850964837203537E+03,-8.19914552859727678E+02,-2.67689414850313540E+02));
|   |   |   |   |   |   |   |   |   #19875=CARTESIAN_POINT('Ctrl Pnt',(-6.30850572421084235E+03,-8.19953726715744665E+02,-2.67689414850324511E+02));
|   |   |   |   |   |   |   |   |   #19876=CARTESIAN_POINT('Ctrl Pnt',(-6.30850180004964841E+03,-8.19992900571761538E+02,-2.67689414850335424E+02));
|   |   |   |   |   |   |   |   |   #19877=CARTESIAN_POINT('Ctrl Pnt',(-6.30849457959305164E+03,-8.20064980466832480E+02,-2.67689414850355547E+02));
|   |   |   |   |   |   |   |   |   #19878=CARTESIAN_POINT('Ctrl Pnt',(-6.30849128329764699E+03,-8.20097886505886436E+02,-2.67689414850364756E+02));
|   |   |   |   |   |   |   |   |   #19879=CARTESIAN_POINT('Ctrl Pnt',(-6.30848798700224597E+03,-8.20130792544940732E+02,-2.67689414850373907E+02));
|   |   |   |   |   |   |   |   |   #19880=CARTESIAN_POINT('Ctrl Pnt',(-6.30847998171341078E+03,-8.20210707211215663E+02,-2.67689414850396247E+02));
|   |   |   |   |   |   |   |   |   #19881=CARTESIAN_POINT('Ctrl Pnt',(-6.30847527271997660E+03,-8.20257715838436297E+02,-2.67689414850409378E+02));
|   |   |   |   |   |   |   |   |   #19882=CARTESIAN_POINT('Ctrl Pnt',(-6.30847056372654424E+03,-8.20304724465657159E+02,-2.67689414850422452E+02));
|   |   |   |   |   |   |   |   |   #19883=CARTESIAN_POINT('Ctrl Pnt',(-6.30845675067914181E+03,-8.20442616438836353E+02,-2.67689414850460992E+02));
|   |   |   |   |   |   |   |   |   #19884=CARTESIAN_POINT('Ctrl Pnt',(-6.30844764662516900E+03,-8.20533499784794230E+02,-2.67689414850486344E+02));
|   |   |   |   |   |   |   |   |   #19885=CARTESIAN_POINT('Ctrl Pnt',(-6.30843854257120620E+03,-8.20624383130753131E+02,-2.67689414850511696E+02));
|   |   |   |   |   |   |   |   |   #19886=CARTESIAN_POINT('Ctrl Pnt',(-6.30842943851723703E+03,-8.20715266476711463E+02,-2.67689414850537105E+02));
|   |   |   |   |   |   #20160=ORIENTED_EDGE('',*,*,#20082,.F.);
|   |   |   |   |   |   |   #20082=EDGE_CURVE('',#19644,#19771,#20083,.T.);
|   |   |   |   |   |   |   |   #19644=VERTEX_POINT('',#19645);
|   |   |   |   |   |   |   |   |   #19645=CARTESIAN_POINT('',(-6.30853408280872009E+03,-8.19670630313107040E+02,7.00000000185183069E+01));
|   |   |   |   |   |   |   |   #19771=VERTEX_POINT('',#19772);
|   |   |   |   |   |   |   |   |   #19772=CARTESIAN_POINT('',(-6.30853408281573957E+03,-8.19670630316251049E+02,-2.67689414850246010E+02));
|   |   |   |   |   |   |   |   #20083=B_SPLINE_CURVE_WITH_KNOTS('',1,(#20084,#20085),.UNSPECIFIED.,.F.,.F.,(2,2),(-3.37689414887459009E+02,6.75378829774918131E+02),.UNSPECIFIED.);
|   |   |   |   |   |   |   |   |   #20084=CARTESIAN_POINT('Ctrl Pnt',(-6.30853408280098574E+03,-8.19670630317219093E+02,4.07689414927895029E+02));
|   |   |   |   |   |   |   |   |   #20085=CARTESIAN_POINT('Ctrl Pnt',(-6.30853408282309920E+03,-8.19670630315932385E+02,-6.05378829734481769E+02));
|   |   |   |   |   |   #20161=ORIENTED_EDGE('',*,*,#19652,.T.);
|   |   |   |   |   |   |   #19652=EDGE_CURVE('',#19644,#19653,#19655,.T.);
|   |   |   |   |   |   |   |   #19644=VERTEX_POINT('',#19645);
|   |   |   |   |   |   |   |   |   #19645=CARTESIAN_POINT('',(-6.30853408280872009E+03,-8.19670630313107040E+02,7.00000000185183069E+01));
|   |   |   |   |   |   |   |   #19653=VERTEX_POINT('',#19654);
|   |   |   |   |   |   |   |   |   #19654=CARTESIAN_POINT('',(-6.30931309424887968E+03,-8.16258398154653037E+02,7.00000000191844975E+01));
|   |   |   |   |   |   |   |   #19655=CIRCLE('',#19656,1.40800000000000018E+01);
|   |   |   |   |   |   |   |   |   #19656=AXIS2_PLACEMENT_3D('',#19657,#19658,#19659);
|   |   |   |   |   |   |   |   |   |   #19657=CARTESIAN_POINT('',(-6.32254396632235239E+03,-8.21074041847376748E+02,7.00000000191839860E+01));
|   |   |   |   |   |   |   |   |   |   #19658=DIRECTION('',(6.55782436404623042E-11,-1.80275962537035179E-10,1.0));
|   |   |   |   |   |   |   |   |   |   #19659=DIRECTION('',(-3.42020143325935111E-01,9.39692620785811394E-01,1.91833071990085350E-10));
|   |   |   |   |   |   #20162=ORIENTED_EDGE('',*,*,#20163,.T.);
|   |   |   |   |   |   |   #20163=EDGE_CURVE('',#19653,#19687,#20164,.T.);
|   |   |   |   |   |   |   |   #19653=VERTEX_POINT('',#19654);
|   |   |   |   |   |   |   |   |   #19654=CARTESIAN_POINT('',(-6.30931309424887968E+03,-8.16258398154653037E+02,7.00000000191844975E+01));
|   |   |   |   |   |   |   |   #19687=VERTEX_POINT('',#19688);
|   |   |   |   |   |   |   |   |   #19688=CARTESIAN_POINT('',(-6.30931309425496966E+03,-8.16258398157759984E+02,-2.67689414849825027E+02));
|   |   |   |   |   |   |   |   #20164=B_SPLINE_CURVE_WITH_KNOTS('',1,(#20165,#20166),.UNSPECIFIED.,.F.,.F.,(2,2),(-3.37689414887459009E+02,6.75378829774918131E+02),.UNSPECIFIED.);
|   |   |   |   |   |   |   |   |   #20165=CARTESIAN_POINT('Ctrl Pnt',(-6.30931309424019128E+03,-8.16258398158696878E+02,4.07689414929120744E+02));
|   |   |   |   |   |   |   |   |   #20166=CARTESIAN_POINT('Ctrl Pnt',(-6.30931309426234475E+03,-8.16258398157314900E+02,-6.05378829733255998E+02));
|   |   |   |   #20087=OFFSET_SURFACE('',#20088,2.77000000000000002,.F.);
|   |   |   |   |   #20088=B_SPLINE_SURFACE_WITH_KNOTS('',6,3,((#20089,#20090,#20091,#20092),(#20093,#20094,#20095,#20096),(#20097,#20098,#20099,#20100),(#20101,#20102,#20103,#20104),(#20105,#20106,#20107,#20108),(#20109,#20110,#20111,#20112),(#20113,#20114,#20115,#20116),(#20117,#20118,#20119,#20120),(#20121,#20122,#20123,#20124),(#20125,#20126,#20127,#20128),(#20129,#20130,#20131,#20132),(#20133,#20134,#20135,#20136),(#20137,#20138,#20139,#20140),(#20141,#20142,#20143,#20144),(#20145,#20146,#20147,#20148),(#20149,#20150,#20151,#20152),(#20153,#20154,#20155,#20156)),.UNSPECIFIED.,.F.,.F.,.F.,(7,5,5,7),(4,4),(1.25926388643144205,1.32157037558084589,1.57079633217958659,1.63310282132764550),(-3.37689414887459009E+02,6.75378829774918017E+02),.UNSPECIFIED.);
|   |   |   |   |   |   #20089=CARTESIAN_POINT('Ctrl Pnt',(-6.30567323272594604E+03,-8.20439169180789918E+02,4.07689414927575683E+02));
|   |   |   |   |   |   #20090=CARTESIAN_POINT('Ctrl Pnt',(-6.30567323273326747E+03,-8.20439169180362683E+02,7.00000000401149833E+01));
|   |   |   |   |   |   #20091=CARTESIAN_POINT('Ctrl Pnt',(-6.30567323274070350E+03,-8.20439169179947044E+02,-2.67689414847344835E+02));
|   |   |   |   |   |   #20092=CARTESIAN_POINT('Ctrl Pnt',(-6.30567323274804858E+03,-8.20439169179522082E+02,-6.05378829734809187E+02));
|   |   |   |   |   |   #20093=CARTESIAN_POINT('Ctrl Pnt',(-6.30569067344236464E+03,-8.20265063154044697E+02,4.07689414927618998E+02));
|   |   |   |   |   |   #20094=CARTESIAN_POINT('Ctrl Pnt',(-6.30569067344969153E+03,-8.20265063153618826E+02,7.00000000401585112E+01));
|   |   |   |   |   |   #20095=CARTESIAN_POINT('Ctrl Pnt',(-6.30569067345711755E+03,-8.20265063153200458E+02,-2.67689414847301123E+02));
|   |   |   |   |   |   #20096=CARTESIAN_POINT('Ctrl Pnt',(-6.30569067346446536E+03,-8.20265063152777202E+02,-6.05378829734764622E+02));
|   |   |   |   |   |   #20097=CARTESIAN_POINT('Ctrl Pnt',(-6.30570811415877961E+03,-8.20090957127299475E+02,4.07689414927662256E+02));
|   |   |   |   |   |   #20098=CARTESIAN_POINT('Ctrl Pnt',(-6.30570811416611559E+03,-8.20090957126874969E+02,7.00000000402020390E+01));
|   |   |   |   |   |   #20099=CARTESIAN_POINT('Ctrl Pnt',(-6.30570811417353161E+03,-8.20090957126454782E+02,-2.67689414847257410E+02));
|   |   |   |   |   |   #20100=CARTESIAN_POINT('Ctrl Pnt',(-6.30570811418088397E+03,-8.20090957126032322E+02,-6.05378829734720171E+02));
|   |   |   |   |   |   #20101=CARTESIAN_POINT('Ctrl Pnt',(-6.30572555487519639E+03,-8.19916851100554595E+02,4.07689414927705513E+02));
|   |   |   |   |   |   #20102=CARTESIAN_POINT('Ctrl Pnt',(-6.30572555488254056E+03,-8.19916851100131112E+02,7.00000000402455242E+01));
|   |   |   |   |   |   #20103=CARTESIAN_POINT('Ctrl Pnt',(-6.30572555488994476E+03,-8.19916851099709675E+02,-2.67689414847213641E+02));
|   |   |   |   |   |   #20104=CARTESIAN_POINT('Ctrl Pnt',(-6.30572555489730166E+03,-8.19916851099287669E+02,-6.05378829734675605E+02));
|   |   |   |   |   |   #20105=CARTESIAN_POINT('Ctrl Pnt',(-6.30574299559161136E+03,-8.19742745073810397E+02,4.07689414927748885E+02));
|   |   |   |   |   |   #20106=CARTESIAN_POINT('Ctrl Pnt',(-6.30574299559896463E+03,-8.19742745073387255E+02,7.00000000402890237E+01));
|   |   |   |   |   |   #20107=CARTESIAN_POINT('Ctrl Pnt',(-6.30574299560635791E+03,-8.19742745072965135E+02,-2.67689414847169985E+02));
|   |   |   |   |   |   #20108=CARTESIAN_POINT('Ctrl Pnt',(-6.30574299561372027E+03,-8.19742745072543471E+02,-6.05378829734631040E+02));
|   |   |   |   |   |   #20109=CARTESIAN_POINT('Ctrl Pnt',(-6.30576043630802724E+03,-8.19568639047066085E+02,4.07689414927792257E+02));
|   |   |   |   |   |   #20110=CARTESIAN_POINT('Ctrl Pnt',(-6.30576043631538869E+03,-8.19568639046643511E+02,7.00000000403325373E+01));
|   |   |   |   |   |   #20111=CARTESIAN_POINT('Ctrl Pnt',(-6.30576043632277197E+03,-8.19568639046221051E+02,-2.67689414847126329E+02));
|   |   |   |   |   |   #20112=CARTESIAN_POINT('Ctrl Pnt',(-6.30576043633013887E+03,-8.19568639045799387E+02,-6.05378829734586702E+02));
|   |   |   |   |   |   #20113=CARTESIAN_POINT('Ctrl Pnt',(-6.30584763989010935E+03,-8.18698108913343845E+02,4.07689414928008603E+02));
|   |   |   |   |   |   #20114=CARTESIAN_POINT('Ctrl Pnt',(-6.30584763989750900E+03,-8.18698108912921271E+02,7.00000000405501055E+01));
|   |   |   |   |   |   #20115=CARTESIAN_POINT('Ctrl Pnt',(-6.30584763990483771E+03,-8.18698108912501425E+02,-2.67689414846907823E+02));
|   |   |   |   |   |   #20116=CARTESIAN_POINT('Ctrl Pnt',(-6.30584763991222735E+03,-8.18698108912076805E+02,-6.05378829734364103E+02));
|   |   |   |   |   |   #20117=CARTESIAN_POINT('Ctrl Pnt',(-6.30595211614846994E+03,-8.18005162151014360E+02,4.07689414928143435E+02));
|   |   |   |   |   |   #20118=CARTESIAN_POINT('Ctrl Pnt',(-6.30595211615577318E+03,-8.18005162150593378E+02,7.00000000406810443E+01));
|   |   |   |   |   |   #20119=CARTESIAN_POINT('Ctrl Pnt',(-6.30595211616326196E+03,-8.18005162150163869E+02,-2.67689414846778845E+02));
|   |   |   |   |   |   #20120=CARTESIAN_POINT('Ctrl Pnt',(-6.30595211617058249E+03,-8.18005162149749026E+02,-6.05378829734247006E+02));
|   |   |   |   |   |   #20121=CARTESIAN_POINT('Ctrl Pnt',(-6.30609108913996079E+03,-8.17317855594301250E+02,4.07689414928222561E+02));
|   |   |   |   |   |   #20122=CARTESIAN_POINT('Ctrl Pnt',(-6.30609108914741500E+03,-8.17317855593875151E+02,7.00000000407666079E+01));
|   |   |   |   |   |   #20123=CARTESIAN_POINT('Ctrl Pnt',(-6.30609108915462457E+03,-8.17317855593466106E+02,-2.67689414846691761E+02));
|   |   |   |   |   |   #20124=CARTESIAN_POINT('Ctrl Pnt',(-6.30609108916206696E+03,-8.17317855593033414E+02,-6.05378829734140254E+02));
|   |   |   |   |   |   #20125=CARTESIAN_POINT('Ctrl Pnt',(-6.30626416251677892E+03,-8.16638334143909788E+02,4.07689414928269116E+02));
|   |   |   |   |   |   #20126=CARTESIAN_POINT('Ctrl Pnt',(-6.30626416252408308E+03,-8.16638334143489828E+02,7.00000000408082030E+01));
|   |   |   |   |   |   #20127=CARTESIAN_POINT('Ctrl Pnt',(-6.30626416253159914E+03,-8.16638334143058501E+02,-2.67689414846651005E+02));
|   |   |   |   |   |   #20128=CARTESIAN_POINT('Ctrl Pnt',(-6.30626416253890875E+03,-8.16638334142642293E+02,-6.05378829734117062E+02));
|   |   |   |   |   |   #20129=CARTESIAN_POINT('Ctrl Pnt',(-6.30647076251370709E+03,-8.15968702196317849E+02,4.07689414928263147E+02));
|   |   |   |   |   |   #20130=CARTESIAN_POINT('Ctrl Pnt',(-6.30647076252110492E+03,-8.15968702195894025E+02,7.00000000408043519E+01));
|   |   |   |   |   |   #20131=CARTESIAN_POINT('Ctrl Pnt',(-6.30647076252840907E+03,-8.15968702195475430E+02,-2.67689414846654870E+02));
|   |   |   |   |   |   #20132=CARTESIAN_POINT('Ctrl Pnt',(-6.30647076253580872E+03,-8.15968702195051492E+02,-6.05378829734111491E+02));
|   |   |   |   |   |   #20133=CARTESIAN_POINT('Ctrl Pnt',(-6.30676999147878905E+03,-8.15146577385296382E+02,4.07689414928203462E+02));
|   |   |   |   |   |   #20134=CARTESIAN_POINT('Ctrl Pnt',(-6.30676999148615050E+03,-8.15146577384873694E+02,7.00000000407441547E+01));
|   |   |   |   |   |   #20135=CARTESIAN_POINT('Ctrl Pnt',(-6.30676999149354742E+03,-8.15146577384451575E+02,-2.67689414846714726E+02));
|   |   |   |   |   |   #20136=CARTESIAN_POINT('Ctrl Pnt',(-6.30676999150090978E+03,-8.15146577384029229E+02,-6.05378829734174474E+02));
|   |   |   |   |   |   #20137=CARTESIAN_POINT('Ctrl Pnt',(-6.30682983727180635E+03,-8.14982152423094135E+02,4.07689414928191411E+02));
|   |   |   |   |   |   #20138=CARTESIAN_POINT('Ctrl Pnt',(-6.30682983727915871E+03,-8.14982152422670538E+02,7.00000000407321039E+01));
|   |   |   |   |   |   #20139=CARTESIAN_POINT('Ctrl Pnt',(-6.30682983728657473E+03,-8.14982152422250351E+02,-2.67689414846726720E+02));
|   |   |   |   |   |   #20140=CARTESIAN_POINT('Ctrl Pnt',(-6.30682983729392799E+03,-8.14982152421827209E+02,-6.05378829734187093E+02));
|   |   |   |   |   |   #20141=CARTESIAN_POINT('Ctrl Pnt',(-6.30688968306482184E+03,-8.14817727460889728E+02,4.07689414928179474E+02));
|   |   |   |   |   |   #20142=CARTESIAN_POINT('Ctrl Pnt',(-6.30688968307216874E+03,-8.14817727460464653E+02,7.00000000407200815E+01));
|   |   |   |   |   |   #20143=CARTESIAN_POINT('Ctrl Pnt',(-6.30688968307960113E+03,-8.14817727460048900E+02,-2.67689414846738771E+02));
|   |   |   |   |   |   #20144=CARTESIAN_POINT('Ctrl Pnt',(-6.30688968308694621E+03,-8.14817727459624052E+02,-6.05378829734199940E+02));
|   |   |   |   |   |   #20145=CARTESIAN_POINT('Ctrl Pnt',(-6.30694952885783914E+03,-8.14653302498683956E+02,4.07689414928167480E+02));
|   |   |   |   |   |   #20146=CARTESIAN_POINT('Ctrl Pnt',(-6.30694952886518058E+03,-8.14653302498256039E+02,7.00000000407080307E+01));
|   |   |   |   |   |   #20147=CARTESIAN_POINT('Ctrl Pnt',(-6.30694952887262752E+03,-8.14653302497847676E+02,-2.67689414846750822E+02));
|   |   |   |   |   |   #20148=CARTESIAN_POINT('Ctrl Pnt',(-6.30694952887996715E+03,-8.14653302497419531E+02,-6.05378829734212445E+02));
|   |   |   |   |   |   #20149=CARTESIAN_POINT('Ctrl Pnt',(-6.30700937465085644E+03,-8.14488877536476593E+02,4.07689414928155486E+02));
|   |   |   |   |   |   #20150=CARTESIAN_POINT('Ctrl Pnt',(-6.30700937465819152E+03,-8.14488877536044697E+02,7.00000000406960083E+01));
|   |   |   |   |   |   #20151=CARTESIAN_POINT('Ctrl Pnt',(-6.30700937466565392E+03,-8.14488877535646338E+02,-2.67689414846762759E+02));
|   |   |   |   |   |   #20152=CARTESIAN_POINT('Ctrl Pnt',(-6.30700937467298809E+03,-8.14488877535214101E+02,-6.05378829734224951E+02));
|   |   |   |   |   |   #20153=CARTESIAN_POINT('Ctrl Pnt',(-6.30706922044387466E+03,-8.14324452574267525E+02,4.07689414928143606E+02));
|   |   |   |   |   |   #20154=CARTESIAN_POINT('Ctrl Pnt',(-6.30706922045120427E+03,-8.14324452573830854E+02,7.00000000406839575E+01));
|   |   |   |   |   |   #20155=CARTESIAN_POINT('Ctrl Pnt',(-6.30706922045868123E+03,-8.14324452573445001E+02,-2.67689414846774753E+02));
|   |   |   |   |   |   #20156=CARTESIAN_POINT('Ctrl Pnt',(-6.30706922046600903E+03,-8.14324452573007420E+02,-6.05378829734237684E+02));
|   |   |   #20167=ADVANCED_FACE('',(#20298),#20168,.T.);
|   |   |   |   #20298=FACE_OUTER_BOUND('',#20299,.T.);
|   |   |   |   |   #20299=EDGE_LOOP('',(#20300,#20301,#20302,#20303));
|   |   |   |   |   |   #20300=ORIENTED_EDGE('',*,*,#19684,.T.);
|   |   |   |   |   |   |   #19684=EDGE_CURVE('',#19685,#19687,#19689,.T.);
|   |   |   |   |   |   |   |   #19685=VERTEX_POINT('',#19686);
|   |   |   |   |   |   |   |   |   #19686=CARTESIAN_POINT('',(-6.33577483843037044E+03,-8.25889685465027014E+02,-2.67689414885875010E+02));
|   |   |   |   |   |   |   |   #19687=VERTEX_POINT('',#19688);
|   |   |   |   |   |   |   |   |   #19688=CARTESIAN_POINT('',(-6.30931309425496966E+03,-8.16258398157759984E+02,-2.67689414849825027E+02));
|   |   |   |   |   |   |   |   #19689=B_SPLINE_CURVE_WITH_KNOTS('',8,(#19690,#19691,#19692,#19693,#19694,#19695,#19696,#19697,#19698,#19699,#19700,#19701,#19702,#19703,#19704,#19705,#19706,#19707,#19708,#19709,#19710,#19711,#19712,#19713,#19714,#19715,#19716,#19717,#19718,#19719,#19720,#19721,#19722,#19723,#19724,#19725,#19726,#19727,#19728,#19729,#19730,#19731,#19732,#19733,#19734,#19735,#19736,#19737,#19738,#19739,#19740,#19741,#19742,#19743,#19744,#19745,#19746,#19747,#19748,#19749,#19750,#19751,#19752,#19753,#19754,#19755,#19756,#19757,#19758,#19759,#19760,#19761,#19762,#19763,#19764,#19765,#19766,#19767,#19768),.UNSPECIFIED.,.F.,.F.,(9,7,7,7,7,7,7,7,7,7,7,9),(0.0,1.93248351069333246E-01,2.03362615573492861E-01,2.77796147240701563E-01,2.99342693938576154E-01,4.21755890336052652E-01,4.44281825185504964E-01,5.98045883152441893E-01,7.51809941044047303E-01,8.46810633977593374E-01,8.56170180676684600E-01,1.0),.UNSPECIFIED.);
|   |   |   |   |   |   |   |   |   #19690=CARTESIAN_POINT('Ctrl Pnt',(-6.33124855786617718E+03,-8.38325539109904071E+02,-2.67689414885356200E+02));
|   |   |   |   |   |   |   |   |   #19691=CARTESIAN_POINT('Ctrl Pnt',(-6.33180868508600179E+03,-8.36786602221336466E+02,-2.67689414885420433E+02));
|   |   |   |   |   |   |   |   |   #19692=CARTESIAN_POINT('Ctrl Pnt',(-6.33236881230582640E+03,-8.35247665332768520E+02,-2.67689414885484609E+02));
|   |   |   |   |   |   |   |   |   #19693=CARTESIAN_POINT('Ctrl Pnt',(-6.33292893952565009E+03,-8.33708728444200574E+02,-2.67689414885548786E+02));
|   |   |   |   |   |   |   |   |   #19694=CARTESIAN_POINT('Ctrl Pnt',(-6.33348906674547470E+03,-8.32169791555632742E+02,-2.67689414885612962E+02));
|   |   |   |   |   |   |   |   |   #19695=CARTESIAN_POINT('Ctrl Pnt',(-6.33404919396529931E+03,-8.30630854667065137E+02,-2.67689414885677195E+02));
|   |   |   |   |   |   |   |   |   #19696=CARTESIAN_POINT('Ctrl Pnt',(-6.33460932118512392E+03,-8.29091917778497645E+02,-2.67689414885741371E+02));
|   |   |   |   |   |   |   |   |   #19697=CARTESIAN_POINT('Ctrl Pnt',(-6.33516944840494943E+03,-8.27552980889930268E+02,-2.67689414885805547E+02));
|   |   |   |   |   |   |   |   |   #19698=CARTESIAN_POINT('Ctrl Pnt',(-6.33575889165684293E+03,-8.25933498865220372E+02,-2.67689414885873077E+02));
|   |   |   |   |   |   |   |   |   #19699=CARTESIAN_POINT('Ctrl Pnt',(-6.33578845666027064E+03,-8.25853026955669520E+02,-2.67689414885876772E+02));
|   |   |   |   |   |   |   |   |   #19700=CARTESIAN_POINT('Ctrl Pnt',(-6.33581753608688814E+03,-8.25772508606940050E+02,-2.67689414885879899E+02));
|   |   |   |   |   |   |   |   |   #19701=CARTESIAN_POINT('Ctrl Pnt',(-6.33584592395595064E+03,-8.25691753916124867E+02,-2.67689414885882002E+02));
|   |   |   |   |   |   |   |   |   #19702=CARTESIAN_POINT('Ctrl Pnt',(-6.33587367007179000E+03,-8.25610700142771520E+02,-2.67689414885883252E+02));
|   |   |   |   |   |   |   |   |   #19703=CARTESIAN_POINT('Ctrl Pnt',(-6.33590087991635755E+03,-8.25529443445277252E+02,-2.67689414885883764E+02));
|   |   |   |   |   |   |   |   |   #19704=CARTESIAN_POINT('Ctrl Pnt',(-6.33592758721664723E+03,-8.25448104954090468E+02,-2.67689414885883650E+02));
|   |   |   |   |   |   |   |   |   #19705=CARTESIAN_POINT('Ctrl Pnt',(-6.33614586404204510E+03,-8.24766208343942139E+02,-2.67689414885875692E+02));
|   |   |   |   |   |   |   |   |   #19706=CARTESIAN_POINT('Ctrl Pnt',(-6.33630731452741020E+03,-8.24156053773585995E+02,-2.67689414885827432E+02));
|   |   |   |   |   |   |   |   |   #19707=CARTESIAN_POINT('Ctrl Pnt',(-6.33643746379456843E+03,-8.23537900777815253E+02,-2.67689414885737847E+02));
|   |   |   |   |   |   |   |   |   #19708=CARTESIAN_POINT('Ctrl Pnt',(-6.33653585629305508E+03,-8.22913624795503438E+02,-2.67689414885607164E+02));
|   |   |   |   |   |   |   |   |   #19709=CARTESIAN_POINT('Ctrl Pnt',(-6.33660217157200714E+03,-8.22285131462472350E+02,-2.67689414885435781E+02));
|   |   |   |   |   |   |   |   |   #19710=CARTESIAN_POINT('Ctrl Pnt',(-6.33663622661894169E+03,-8.21654344484330636E+02,-2.67689414885224267E+02));
|   |   |   |   |   |   |   |   |   #19711=CARTESIAN_POINT('Ctrl Pnt',(-6.33663797673580029E+03,-8.21023193316910238E+02,-2.67689414884973303E+02));
|   |   |   |   |   |   |   |   |   #19712=CARTESIAN_POINT('Ctrl Pnt',(-6.33659869706831614E+03,-8.20211350163134284E+02,-2.67689414884599955E+02));
|   |   |   |   |   |   |   |   |   #19713=CARTESIAN_POINT('Ctrl Pnt',(-6.33658717998539942E+03,-8.20029230230548933E+02,-2.67689414884512871E+02));
|   |   |   |   |   |   |   |   |   #19714=CARTESIAN_POINT('Ctrl Pnt',(-6.33657296596386277E+03,-8.19847287549534599E+02,-2.67689414884422661E+02));
|   |   |   |   |   |   |   |   |   #19715=CARTESIAN_POINT('Ctrl Pnt',(-6.33655605822759662E+03,-8.19665568716230268E+02,-2.67689414884329210E+02));
|   |   |   |   |   |   |   |   |   #19716=CARTESIAN_POINT('Ctrl Pnt',(-6.33653646096400917E+03,-8.19484120229923974E+02,-2.67689414884232576E+02));
|   |   |   |   |   |   |   |   |   #19717=CARTESIAN_POINT('Ctrl Pnt',(-6.33651417932402728E+03,-8.19302988493052112E+02,-2.67689414884132873E+02));
|   |   |   |   |   |   |   |   |   #19718=CARTESIAN_POINT('Ctrl Pnt',(-6.33648921942209381E+03,-8.19122219811200239E+02,-2.67689414884029986E+02));
|   |   |   |   |   |   |   |   |   #19719=CARTESIAN_POINT('Ctrl Pnt',(-6.33630460682095963E+03,-8.17917177729130458E+02,-2.67689414883322229E+02));
|   |   |   |   |   |   |   |   |   #19720=CARTESIAN_POINT('Ctrl Pnt',(-6.33606137204546667E+03,-8.16905483655966350E+02,-2.67689414882620611E+02));
|   |   |   |   |   |   |   |   |   #19721=CARTESIAN_POINT('Ctrl Pnt',(-6.33573316254983638E+03,-8.15915558368159054E+02,-2.67689414881824405E+02));
|   |   |   |   |   |   |   |   |   #19722=CARTESIAN_POINT('Ctrl Pnt',(-6.33532236352808104E+03,-8.14955772570572776E+02,-2.67689414880939808E+02));
|   |   |   |   |   |   |   |   |   #19723=CARTESIAN_POINT('Ctrl Pnt',(-6.33483225684718855E+03,-8.14033959110770411E+02,-2.67689414879973981E+02));
|   |   |   |   |   |   |   |   |   #19724=CARTESIAN_POINT('Ctrl Pnt',(-6.33426688660136188E+03,-8.13157585883371667E+02,-2.67689414878934826E+02));
|   |   |   |   |   |   |   |   |   #19725=CARTESIAN_POINT('Ctrl Pnt',(-6.33363127810811329E+03,-8.12333759508143203E+02,-2.67689414877831325E+02));
|   |   |   |   |   |   |   |   |   #19726=CARTESIAN_POINT('Ctrl Pnt',(-6.33280269389226032E+03,-8.11428250156323315E+02,-2.67689414876460319E+02));
|   |   |   |   |   |   |   |   |   #19727=CARTESIAN_POINT('Ctrl Pnt',(-6.33267173916842694E+03,-8.11289512919832760E+02,-2.67689414876245394E+02));
|   |   |   |   |   |   |   |   |   #19728=CARTESIAN_POINT('Ctrl Pnt',(-6.33253864145824991E+03,-8.11152808966910129E+02,-2.67689414876028650E+02));
|   |   |   |   |   |   |   |   |   #19729=CARTESIAN_POINT('Ctrl Pnt',(-6.33240343763685451E+03,-8.11018176882673060E+02,-2.67689414875810201E+02));
|   |   |   |   |   |   |   |   |   #19730=CARTESIAN_POINT('Ctrl Pnt',(-6.33226616538926555E+03,-8.10885654426207225E+02,-2.67689414875590103E+02));
|   |   |   |   |   |   |   |   |   #19731=CARTESIAN_POINT('Ctrl Pnt',(-6.33212686321040746E+03,-8.10755278530565874E+02,-2.67689414875368357E+02));
|   |   |   |   |   |   |   |   |   #19732=CARTESIAN_POINT('Ctrl Pnt',(-6.33198557040510514E+03,-8.10627085302770183E+02,-2.67689414875145076E+02));
|   |   |   |   |   |   |   |   |   #19733=CARTESIAN_POINT('Ctrl Pnt',(-6.33086453531831103E+03,-8.09641191435481005E+02,-2.67689414873386113E+02));
|   |   |   |   |   |   |   |   |   #19734=CARTESIAN_POINT('Ctrl Pnt',(-6.32979585876196688E+03,-8.08884619037452580E+02,-2.67689414871782731E+02));
|   |   |   |   |   |   |   |   |   #19735=CARTESIAN_POINT('Ctrl Pnt',(-6.32864903478061296E+03,-8.08242596165144732E+02,-2.67689414870130292E+02));
|   |   |   |   |   |   |   |   |   #19736=CARTESIAN_POINT('Ctrl Pnt',(-6.32743847273189022E+03,-8.07724448538658407E+02,-2.67689414868450001E+02));
|   |   |   |   |   |   |   |   |   #19737=CARTESIAN_POINT('Ctrl Pnt',(-6.32617987992774852E+03,-8.07337303100912095E+02,-2.67689414866763798E+02));
|   |   |   |   |   |   |   |   |   #19738=CARTESIAN_POINT('Ctrl Pnt',(-6.32488984794250518E+03,-8.07085875000351734E+02,-2.67689414865093795E+02));
|   |   |   |   |   |   |   |   |   #19739=CARTESIAN_POINT('Ctrl Pnt',(-6.32358539927072343E+03,-8.06972362718234876E+02,-2.67689414863461536E+02));
|   |   |   |   |   |   |   |   |   #19740=CARTESIAN_POINT('Ctrl Pnt',(-6.32098158939975201E+03,-8.07020539962728094E+02,-2.67689414860313605E+02));
|   |   |   |   |   |   |   |   |   #19741=CARTESIAN_POINT('Ctrl Pnt',(-6.31968223267456597E+03,-8.07182229405994804E+02,-2.67689414858797875E+02));
|   |   |   |   |   |   |   |   |   #19742=CARTESIAN_POINT('Ctrl Pnt',(-6.31840238462414345E+03,-8.07481206963574550E+02,-2.67689414857360987E+02));
|   |   |   |   |   |   |   |   |   #19743=CARTESIAN_POINT('Ctrl Pnt',(-6.31715897476470764E+03,-8.07914645952555702E+02,-2.67689414856022324E+02));
|   |   |   |   |   |   |   |   |   #19744=CARTESIAN_POINT('Ctrl Pnt',(-6.31596840888849874E+03,-8.08477220685084148E+02,-2.67689414854799736E+02));
|   |   |   |   |   |   |   |   |   #19745=CARTESIAN_POINT('Ctrl Pnt',(-6.31484611991202837E+03,-8.09161228041862273E+02,-2.67689414853708911E+02));
|   |   |   |   |   |   |   |   |   #19746=CARTESIAN_POINT('Ctrl Pnt',(-6.31380616234803620E+03,-8.09956815647890039E+02,-2.67689414852762923E+02));
|   |   |   |   |   |   |   |   |   #19747=CARTESIAN_POINT('Ctrl Pnt',(-6.31227680435533966E+03,-8.11405587791518883E+02,-2.67689414851483662E+02));
|   |   |   |   |   |   |   |   |   #19748=CARTESIAN_POINT('Ctrl Pnt',(-6.31172888710410371E+03,-8.11996997227519955E+02,-2.67689414851054323E+02));
|   |   |   |   |   |   |   |   |   #19749=CARTESIAN_POINT('Ctrl Pnt',(-6.31122000401171772E+03,-8.12623792719051721E+02,-2.67689414850686660E+02));
|   |   |   |   |   |   |   |   |   #19750=CARTESIAN_POINT('Ctrl Pnt',(-6.31075280916032989E+03,-8.13282955983111037E+02,-2.67689414850382718E+02));
|   |   |   |   |   |   |   |   |   #19751=CARTESIAN_POINT('Ctrl Pnt',(-6.31032967436337731E+03,-8.13971232222297203E+02,-2.67689414850144033E+02));
|   |   |   |   |   |   |   |   |   #19752=CARTESIAN_POINT('Ctrl Pnt',(-6.30995266350468683E+03,-8.14685163172833768E+02,-2.67689414849971740E+02));
|   |   |   |   |   |   |   |   |   #19753=CARTESIAN_POINT('Ctrl Pnt',(-6.30962351220322580E+03,-8.15421123671404757E+02,-2.67689414849866523E+02));
|   |   |   |   |   |   |   |   |   #19754=CARTESIAN_POINT('Ctrl Pnt',(-6.30931603688356154E+03,-8.16249669898091270E+02,-2.67689414849824743E+02));
|   |   |   |   |   |   |   |   |   #19755=CARTESIAN_POINT('Ctrl Pnt',(-6.30928336316134573E+03,-8.16340146493939756E+02,-2.67689414849821276E+02));
|   |   |   |   |   |   |   |   |   #19756=CARTESIAN_POINT('Ctrl Pnt',(-6.30924812146349723E+03,-8.16437135959435182E+02,-2.67689414849817297E+02));
|   |   |   |   |   |   |   |   |   #19757=CARTESIAN_POINT('Ctrl Pnt',(-6.30921268557784970E+03,-8.16534226572060902E+02,-2.67689414849813147E+02));
|   |   |   |   |   |   |   |   |   #19758=CARTESIAN_POINT('Ctrl Pnt',(-6.30917846504376394E+03,-8.16628176235475962E+02,-2.67689414849809168E+02));
|   |   |   |   |   |   |   |   |   #19759=CARTESIAN_POINT('Ctrl Pnt',(-6.30914552454417026E+03,-8.16718849623965184E+02,-2.67689414849805473E+02));
|   |   |   |   |   |   |   |   |   #19760=CARTESIAN_POINT('Ctrl Pnt',(-6.30911263089930799E+03,-8.16809166691562041E+02,-2.67689414849801722E+02));
|   |   |   |   |   |   |   |   |   #19761=CARTESIAN_POINT('Ctrl Pnt',(-6.30854136340728564E+03,-8.18378711199869144E+02,-2.67689414849736238E+02));
|   |   |   |   |   |   |   |   |   #19762=CARTESIAN_POINT('Ctrl Pnt',(-6.30800499915240107E+03,-8.19852359853892949E+02,-2.67689414849674790E+02));
|   |   |   |   |   |   |   |   |   #19763=CARTESIAN_POINT('Ctrl Pnt',(-6.30746863489751559E+03,-8.21326008507916981E+02,-2.67689414849613286E+02));
|   |   |   |   |   |   |   |   |   #19764=CARTESIAN_POINT('Ctrl Pnt',(-6.30693227064263192E+03,-8.22799657161941127E+02,-2.67689414849551838E+02));
|   |   |   |   |   |   |   |   |   #19765=CARTESIAN_POINT('Ctrl Pnt',(-6.30639590638774825E+03,-8.24273305815965728E+02,-2.67689414849490333E+02));
|   |   |   |   |   |   |   |   |   #19766=CARTESIAN_POINT('Ctrl Pnt',(-6.30585954213286550E+03,-8.25746954469990328E+02,-2.67689414849428886E+02));
|   |   |   |   |   |   |   |   |   #19767=CARTESIAN_POINT('Ctrl Pnt',(-6.30532317787798092E+03,-8.27220603124014701E+02,-2.67689414849367438E+02));
|   |   |   |   |   |   |   |   |   #19768=CARTESIAN_POINT('Ctrl Pnt',(-6.30478681362309544E+03,-8.28694251778038506E+02,-2.67689414849305933E+02));
|   |   |   |   |   |   #20301=ORIENTED_EDGE('',*,*,#20163,.F.);
|   |   |   |   |   |   |   #20163=EDGE_CURVE('',#19653,#19687,#20164,.T.);
|   |   |   |   |   |   |   |   #19653=VERTEX_POINT('',#19654);
|   |   |   |   |   |   |   |   |   #19654=CARTESIAN_POINT('',(-6.30931309424887968E+03,-8.16258398154653037E+02,7.00000000191844975E+01));
|   |   |   |   |   |   |   |   #19687=VERTEX_POINT('',#19688);
|   |   |   |   |   |   |   |   |   #19688=CARTESIAN_POINT('',(-6.30931309425496966E+03,-8.16258398157759984E+02,-2.67689414849825027E+02));
|   |   |   |   |   |   |   |   #20164=B_SPLINE_CURVE_WITH_KNOTS('',1,(#20165,#20166),.UNSPECIFIED.,.F.,.F.,(2,2),(-3.37689414887459009E+02,6.75378829774918131E+02),.UNSPECIFIED.);
|   |   |   |   |   |   |   |   |   #20165=CARTESIAN_POINT('Ctrl Pnt',(-6.30931309424019128E+03,-8.16258398158696878E+02,4.07689414929120744E+02));
|   |   |   |   |   |   |   |   |   #20166=CARTESIAN_POINT('Ctrl Pnt',(-6.30931309426234475E+03,-8.16258398157314900E+02,-6.05378829733255998E+02));
|   |   |   |   |   |   #20302=ORIENTED_EDGE('',*,*,#19661,.T.);
|   |   |   |   |   |   |   #19661=EDGE_CURVE('',#19653,#19635,#19662,.T.);
|   |   |   |   |   |   |   |   #19653=VERTEX_POINT('',#19654);
|   |   |   |   |   |   |   |   |   #19654=CARTESIAN_POINT('',(-6.30931309424887968E+03,-8.16258398154653037E+02,7.00000000191844975E+01));
|   |   |   |   |   |   |   |   #19635=VERTEX_POINT('',#19636);
|   |   |   |   |   |   |   |   |   #19636=CARTESIAN_POINT('',(-6.33577483842176025E+03,-8.25889685468855987E+02,7.00000000191835028E+01));
|   |   |   |   |   |   |   |   #19662=CIRCLE('',#19663,1.40800000000000018E+01);
|   |   |   |   |   |   |   |   |   #19663=AXIS2_PLACEMENT_3D('',#19664,#19665,#19666);
|   |   |   |   |   |   |   |   |   |   #19664=CARTESIAN_POINT('',(-6.32254396632235239E+03,-8.21074041847376748E+02,7.00000000191839860E+01));
|   |   |   |   |   |   |   |   |   |   #19665=DIRECTION('',(6.55782436404623042E-11,-1.80275962537035179E-10,1.0));
|   |   |   |   |   |   |   |   |   |   #19666=DIRECTION('',(-3.42020143325935111E-01,9.39692620785811394E-01,1.91833071990085350E-10));
|   |   |   |   |   |   #20303=ORIENTED_EDGE('',*,*,#20076,.T.);
|   |   |   |   |   |   |   #20076=EDGE_CURVE('',#19635,#19685,#20077,.T.);
|   |   |   |   |   |   |   |   #19635=VERTEX_POINT('',#19636);
|   |   |   |   |   |   |   |   |   #19636=CARTESIAN_POINT('',(-6.33577483842176025E+03,-8.25889685468855987E+02,7.00000000191835028E+01));
|   |   |   |   |   |   |   |   #19685=VERTEX_POINT('',#19686);
|   |   |   |   |   |   |   |   |   #19686=CARTESIAN_POINT('',(-6.33577483843037044E+03,-8.25889685465027014E+02,-2.67689414885875010E+02));
|   |   |   |   |   |   |   |   #20077=B_SPLINE_CURVE_WITH_KNOTS('',1,(#20078,#20079),.UNSPECIFIED.,.F.,.F.,(2,2),(-3.37689414887459009E+02,6.75378829774918131E+02),.UNSPECIFIED.);
|   |   |   |   |   |   |   |   |   #20078=CARTESIAN_POINT('Ctrl Pnt',(-6.33577483841561116E+03,-8.25889685465933781E+02,4.07689414885863016E+02));
|   |   |   |   |   |   |   |   |   #20079=CARTESIAN_POINT('Ctrl Pnt',(-6.33577483843776099E+03,-8.25889685464559989E+02,-6.05378829776514522E+02));
|   |   |   |   #20168=OFFSET_SURFACE('',#20169,2.77000000000000002,.F.);
|   |   |   |   |   #20169=B_SPLINE_SURFACE_WITH_KNOTS('',11,3,((#20170,#20171,#20172,#20173),(#20174,#20175,#20176,#20177),(#20178,#20179,#20180,#20181),(#20182,#20183,#20184,#20185),(#20186,#20187,#20188,#20189),(#20190,#20191,#20192,#20193),(#20194,#20195,#20196,#20197),(#20198,#20199,#20200,#20201),(#20202,#20203,#20204,#20205),(#20206,#20207,#20208,#20209),(#20210,#20211,#20212,#20213),(#20214,#20215,#20216,#20217),(#20218,#20219,#20220,#20221),(#20222,#20223,#20224,#20225),(#20226,#20227,#20228,#20229),(#20230,#20231,#20232,#20233),(#20234,#20235,#20236,#20237),(#20238,#20239,#20240,#20241),(#20242,#20243,#20244,#20245),(#20246,#20247,#20248,#20249),(#20250,#20251,#20252,#20253),(#20254,#20255,#20256,#20257),(#20258,#20259,#20260,#20261),(#20262,#20263,#20264,#20265),(#20266,#20267,#20268,#20269),(#20270,#20271,#20272,#20273),(#20274,#20275,#20276,#20277),(#20278,#20279,#20280,#20281),(#20282,#20283,#20284,#20285),(#20286,#20287,#20288,#20289),(#20290,#20291,#20292,#20293),(#20294,#20295,#20296,#20297)),.UNSPECIFIED.,.F.,.F.,.F.,(12,10,10,12),(4,4),(7.85398170145296781E-01,1.57079633217958659,4.71238898038468612,5.49778714242411404),(-3.37689414887459009E+02,6.75378829774918017E+02),.UNSPECIFIED.);
|   |   |   |   |   |   #20170=CARTESIAN_POINT('Ctrl Pnt',(-6.30218386505394392E+03,-8.27746855967758052E+02,4.07689414929921497E+02));
|   |   |   |   |   |   #20171=CARTESIAN_POINT('Ctrl Pnt',(-6.30218386506065963E+03,-8.27746855967097190E+02,7.00000000425142304E+01));
|   |   |   |   |   |   #20172=CARTESIAN_POINT('Ctrl Pnt',(-6.30218386506932529E+03,-8.27746855967147098E+02,-2.67689414844953660E+02));
|   |   |   |   |   |   #20173=CARTESIAN_POINT('Ctrl Pnt',(-6.30218386507549531E+03,-8.27746855966286716E+02,-6.05378829732320924E+02));
|   |   |   |   |   |   #20174=CARTESIAN_POINT('Ctrl Pnt',(-6.30259534511138918E+03,-8.26616323820444336E+02,4.07689414929843736E+02));
|   |   |   |   |   |   #20175=CARTESIAN_POINT('Ctrl Pnt',(-6.30259534511815946E+03,-8.26616323819822696E+02,7.00000000424317079E+01));
|   |   |   |   |   |   #20176=CARTESIAN_POINT('Ctrl Pnt',(-6.30259534512672417E+03,-8.26616323819786999E+02,-2.67689414845035458E+02));
|   |   |   |   |   |   #20177=CARTESIAN_POINT('Ctrl Pnt',(-6.30259534513298786E+03,-8.26616323819003810E+02,-6.05378829732410964E+02));
|   |   |   |   |   |   #20178=CARTESIAN_POINT('Ctrl Pnt',(-6.30300682516883535E+03,-8.25485791673134372E+02,4.07689414929765974E+02));
|   |   |   |   |   |   #20179=CARTESIAN_POINT('Ctrl Pnt',(-6.30300682517565747E+03,-8.25485791672547634E+02,7.00000000423491429E+01));
|   |   |   |   |   |   #20180=CARTESIAN_POINT('Ctrl Pnt',(-6.30300682518411759E+03,-8.25485791672435425E+02,-2.67689414845117028E+02));
|   |   |   |   |   |   #20181=CARTESIAN_POINT('Ctrl Pnt',(-6.30300682519048041E+03,-8.25485791671721358E+02,-6.05378829732501117E+02));
|   |   |   |   |   |   #20182=CARTESIAN_POINT('Ctrl Pnt',(-6.30341830522627606E+03,-8.24355259525827933E+02,4.07689414929687928E+02));
|   |   |   |   |   |   #20183=CARTESIAN_POINT('Ctrl Pnt',(-6.30341830523315821E+03,-8.24355259525273141E+02,7.00000000422665920E+01));
|   |   |   |   |   |   #20184=CARTESIAN_POINT('Ctrl Pnt',(-6.30341830524150555E+03,-8.24355259525092720E+02,-2.67689414845198769E+02));
|   |   |   |   |   |   #20185=CARTESIAN_POINT('Ctrl Pnt',(-6.30341830524797206E+03,-8.24355259524440157E+02,-6.05378829732591385E+02));
|   |   |   |   |   |   #20186=CARTESIAN_POINT('Ctrl Pnt',(-6.30382978528371950E+03,-8.23224727378524676E+02,4.07689414929610166E+02));
|   |   |   |   |   |   #20187=CARTESIAN_POINT('Ctrl Pnt',(-6.30382978529065713E+03,-8.23224727377998647E+02,7.00000000421840127E+01));
|   |   |   |   |   |   #20188=CARTESIAN_POINT('Ctrl Pnt',(-6.30382978529889169E+03,-8.23224727377758313E+02,-2.67689414845280339E+02));
|   |   |   |   |   |   #20189=CARTESIAN_POINT('Ctrl Pnt',(-6.30382978530546279E+03,-8.23224727377160207E+02,-6.05378829732681425E+02));
|   |   |   |   |   |   #20190=CARTESIAN_POINT('Ctrl Pnt',(-6.30424126534116022E+03,-8.22094195231224603E+02,4.07689414929532404E+02));
|   |   |   |   |   |   #20191=CARTESIAN_POINT('Ctrl Pnt',(-6.30424126534815514E+03,-8.22094195230723585E+02,7.00000000421014619E+01));
|   |   |   |   |   |   #20192=CARTESIAN_POINT('Ctrl Pnt',(-6.30424126535627602E+03,-8.22094195230432547E+02,-2.67689414845362137E+02));
|   |   |   |   |   |   #20193=CARTESIAN_POINT('Ctrl Pnt',(-6.30424126536295535E+03,-8.22094195229881393E+02,-6.05378829732771464E+02));
|   |   |   |   |   |   #20194=CARTESIAN_POINT('Ctrl Pnt',(-6.30465274539860184E+03,-8.20963663083927941E+02,4.07689414929454472E+02));
|   |   |   |   |   |   #20195=CARTESIAN_POINT('Ctrl Pnt',(-6.30465274540565224E+03,-8.20963663083448523E+02,7.00000000420188968E+01));
|   |   |   |   |   |   #20196=CARTESIAN_POINT('Ctrl Pnt',(-6.30465274541365761E+03,-8.20963663083114739E+02,-2.67689414845443935E+02));
|   |   |   |   |   |   #20197=CARTESIAN_POINT('Ctrl Pnt',(-6.30465274542044426E+03,-8.20963663082603716E+02,-6.05378829732861618E+02));
|   |   |   |   |   |   #20198=CARTESIAN_POINT('Ctrl Pnt',(-6.30506422545603800E+03,-8.19833130936635030E+02,4.07689414929376596E+02));
|   |   |   |   |   |   #20199=CARTESIAN_POINT('Ctrl Pnt',(-6.30506422546315298E+03,-8.19833130936173575E+02,7.00000000419363602E+01));
|   |   |   |   |   |   #20200=CARTESIAN_POINT('Ctrl Pnt',(-6.30506422547103648E+03,-8.19833130935805343E+02,-2.67689414845525562E+02));
|   |   |   |   |   |   #20201=CARTESIAN_POINT('Ctrl Pnt',(-6.30506422547793409E+03,-8.19833130935327404E+02,-6.05378829732951544E+02));
|   |   |   |   |   |   #20202=CARTESIAN_POINT('Ctrl Pnt',(-6.30547570551347417E+03,-8.18702598789345643E+02,4.07689414929298778E+02));
|   |   |   |   |   |   #20203=CARTESIAN_POINT('Ctrl Pnt',(-6.30547570552065372E+03,-8.18702598788898740E+02,7.00000000418537951E+01));
|   |   |   |   |   |   #20204=CARTESIAN_POINT('Ctrl Pnt',(-6.30547570552841262E+03,-8.18702598788504361E+02,-2.67689414845607303E+02));
|   |   |   |   |   |   #20205=CARTESIAN_POINT('Ctrl Pnt',(-6.30547570553542391E+03,-8.18702598788051546E+02,-6.05378829733041812E+02));
|   |   |   |   |   |   #20206=CARTESIAN_POINT('Ctrl Pnt',(-6.30588718557091124E+03,-8.17572066642059440E+02,4.07689414929220902E+02));
|   |   |   |   |   |   #20207=CARTESIAN_POINT('Ctrl Pnt',(-6.30588718557815082E+03,-8.17572066641624133E+02,7.00000000417712158E+01));
|   |   |   |   |   |   #20208=CARTESIAN_POINT('Ctrl Pnt',(-6.30588718558578330E+03,-8.17572066641212132E+02,-2.67689414845689100E+02));
|   |   |   |   |   |   #20209=CARTESIAN_POINT('Ctrl Pnt',(-6.30588718559291192E+03,-8.17572066640776711E+02,-6.05378829733131852E+02));
|   |   |   |   |   |   #20210=CARTESIAN_POINT('Ctrl Pnt',(-6.30629866562834559E+03,-8.16441534494776647E+02,4.07689414929142913E+02));
|   |   |   |   |   |   #20211=CARTESIAN_POINT('Ctrl Pnt',(-6.30629866563565065E+03,-8.16441534494349639E+02,7.00000000416886508E+01));
|   |   |   |   |   |   #20212=CARTESIAN_POINT('Ctrl Pnt',(-6.30629866564315125E+03,-8.16441534493928430E+02,-2.67689414845770841E+02));
|   |   |   |   |   |   #20213=CARTESIAN_POINT('Ctrl Pnt',(-6.30629866565040356E+03,-8.16441534493503127E+02,-6.05378829733222005E+02));
|   |   |   |   |   |   #20214=CARTESIAN_POINT('Ctrl Pnt',(-6.30835606591554551E+03,-8.10788873758282421E+02,4.07689414928753990E+02));
|   |   |   |   |   |   #20215=CARTESIAN_POINT('Ctrl Pnt',(-6.30835606592317981E+03,-8.10788873757878150E+02,7.00000000412758965E+01));
|   |   |   |   |   |   #20216=CARTESIAN_POINT('Ctrl Pnt',(-6.30835606593001467E+03,-8.10788873757453757E+02,-2.67689414846179488E+02));
|   |   |   |   |   |   #20217=CARTESIAN_POINT('Ctrl Pnt',(-6.30835606593787907E+03,-8.10788873757043234E+02,-6.05378829733672092E+02));
|   |   |   |   |   |   #20218=CARTESIAN_POINT('Ctrl Pnt',(-6.31142265463781223E+03,-8.06783826622300808E+02,4.07689414926382256E+02));
|   |   |   |   |   |   #20219=CARTESIAN_POINT('Ctrl Pnt',(-6.31142265464403408E+03,-8.06783826621798994E+02,7.00000000389994028E+01));
|   |   |   |   |   |   #20220=CARTESIAN_POINT('Ctrl Pnt',(-6.31142265465374203E+03,-8.06783826621391768E+02,-2.67689414848471131E+02));
|   |   |   |   |   |   #20221=CARTESIAN_POINT('Ctrl Pnt',(-6.31142265465899527E+03,-8.06783826620914510E+02,-6.05378829735795080E+02));
|   |   |   |   |   |   #20222=CARTESIAN_POINT('Ctrl Pnt',(-6.31572941742214971E+03,-8.03791764275324908E+02,4.07689414922490926E+02));
|   |   |   |   |   |   #20223=CARTESIAN_POINT('Ctrl Pnt',(-6.31572941743237607E+03,-8.03791764275113906E+02,7.00000000348602924E+01));
|   |   |   |   |   |   #20224=CARTESIAN_POINT('Ctrl Pnt',(-6.31572941743389947E+03,-8.03791764274627894E+02,-2.67689414852576363E+02));
|   |   |   |   |   |   #20225=CARTESIAN_POINT('Ctrl Pnt',(-6.31572941744656237E+03,-8.03791764274362890E+02,-6.05378829740348806E+02));
|   |   |   |   |   |   #20226=CARTESIAN_POINT('Ctrl Pnt',(-6.32090111268060718E+03,-8.02237730513102633E+02,4.07689414916233432E+02));
|   |   |   |   |   |   #20227=CARTESIAN_POINT('Ctrl Pnt',(-6.32090111268298278E+03,-8.02237730512283633E+02,7.00000000290341973E+01));
|   |   |   |   |   |   #20228=CARTESIAN_POINT('Ctrl Pnt',(-6.32090111270063153E+03,-8.02237730512033750E+02,-2.67689414858442774E+02));
|   |   |   |   |   |   #20229=CARTESIAN_POINT('Ctrl Pnt',(-6.32090111269866884E+03,-8.02237730511296149E+02,-6.05378829745399230E+02));
|   |   |   |   |   |   #20230=CARTESIAN_POINT('Ctrl Pnt',(-6.32639958292981646E+03,-8.02388415501240956E+02,4.07689414910083258E+02));
|   |   |   |   |   |   #20231=CARTESIAN_POINT('Ctrl Pnt',(-6.32639958294367534E+03,-8.02388415501353961E+02,7.00000000223394636E+01));
|   |   |   |   |   |   #20232=CARTESIAN_POINT('Ctrl Pnt',(-6.32639958293763175E+03,-8.02388415500640917E+02,-2.67689414865130743E+02));
|   |   |   |   |   |   #20233=CARTESIAN_POINT('Ctrl Pnt',(-6.32639958295727502E+03,-8.02388415500674341E+02,-6.05378829753190075E+02));
|   |   |   |   |   |   #20234=CARTESIAN_POINT('Ctrl Pnt',(-6.33160128181787150E+03,-8.04281679080576851E+02,4.07689414902336239E+02));
|   |   |   |   |   |   #20235=CARTESIAN_POINT('Ctrl Pnt',(-6.33160128181883829E+03,-8.04281679079624723E+02,7.00000000151112118E+01));
|   |   |   |   |   |   #20236=CARTESIAN_POINT('Ctrl Pnt',(-6.33160128183947108E+03,-8.04281679079539117E+02,-2.67689414872296879E+02));
|   |   |   |   |   |   #20237=CARTESIAN_POINT('Ctrl Pnt',(-6.33160128183459074E+03,-8.04281679078629850E+02,-6.05378829759202063E+02));
|   |   |   |   |   |   #20238=CARTESIAN_POINT('Ctrl Pnt',(-6.33591021282183101E+03,-8.07700596252847163E+02,4.07689414896301002E+02));
|   |   |   |   |   |   #20239=CARTESIAN_POINT('Ctrl Pnt',(-6.33591021283403188E+03,-8.07700596252811351E+02,7.00000000086928509E+01));
|   |   |   |   |   |   #20240=CARTESIAN_POINT('Ctrl Pnt',(-6.33591021283146074E+03,-8.07700596252115702E+02,-2.67689414878832395E+02));
|   |   |   |   |   |   #20241=CARTESIAN_POINT('Ctrl Pnt',(-6.33591021284809904E+03,-8.07700596252080686E+02,-6.05378829766694366E+02));
|   |   |   |   |   |   #20242=CARTESIAN_POINT('Ctrl Pnt',(-6.33887304756589128E+03,-8.12215356831472150E+02,4.07689414890650141E+02));
|   |   |   |   |   |   #20243=CARTESIAN_POINT('Ctrl Pnt',(-6.33887304757050060E+03,-8.12215356830841301E+02,7.00000000032650291E+01));
|   |   |   |   |   |   #20244=CARTESIAN_POINT('Ctrl Pnt',(-6.33887304758343817E+03,-8.12215356830576752E+02,-2.67689414884144128E+02));
|   |   |   |   |   |   #20245=CARTESIAN_POINT('Ctrl Pnt',(-6.33887304758559821E+03,-8.12215356829927032E+02,-6.05378829771375877E+02));
|   |   |   |   |   |   #20246=CARTESIAN_POINT('Ctrl Pnt',(-6.34024895863226538E+03,-8.17275743327907549E+02,4.07689414887236296E+02));
|   |   |   |   |   |   #20247=CARTESIAN_POINT('Ctrl Pnt',(-6.34024895864076643E+03,-8.17275743327564101E+02,6.99999999997495905E+01));
|   |   |   |   |   |   #20248=CARTESIAN_POINT('Ctrl Pnt',(-6.34024895864592872E+03,-8.17275743327080477E+02,-2.67689414887732596E+02));
|   |   |   |   |   |   #20249=CARTESIAN_POINT('Ctrl Pnt',(-6.34024895865536200E+03,-8.17275743326752036E+02,-6.05378829775284089E+02));
|   |   |   |   |   |   #20250=CARTESIAN_POINT('Ctrl Pnt',(-6.34002370718041129E+03,-8.22314952664726775E+02,4.07689414885576241E+02));
|   |   |   |   |   |   #20251=CARTESIAN_POINT('Ctrl Pnt',(-6.34002370718750171E+03,-8.22314952664285670E+02,6.99999999981233287E+01));
|   |   |   |   |   |   #20252=CARTESIAN_POINT('Ctrl Pnt',(-6.34002370719539522E+03,-8.22314952663878898E+02,-2.67689414889330692E+02));
|   |   |   |   |   |   #20253=CARTESIAN_POINT('Ctrl Pnt',(-6.34002370720228373E+03,-8.22314952663433019E+02,-6.05378829776767702E+02));
|   |   |   |   |   |   #20254=CARTESIAN_POINT('Ctrl Pnt',(-6.33796630692393774E+03,-8.27967613412353217E+02,4.07689414886004329E+02));
|   |   |   |   |   |   #20255=CARTESIAN_POINT('Ctrl Pnt',(-6.33796630693137649E+03,-8.27967613411934963E+02,6.99999999985433305E+01));
|   |   |   |   |   |   #20256=CARTESIAN_POINT('Ctrl Pnt',(-6.33796630693861607E+03,-8.27967613411509319E+02,-2.67689414888916929E+02));
|   |   |   |   |   |   #20257=CARTESIAN_POINT('Ctrl Pnt',(-6.33796630694610667E+03,-8.27967613411093112E+02,-6.05378829776381735E+02));
|   |   |   |   |   |   #20258=CARTESIAN_POINT('Ctrl Pnt',(-6.33755482687264248E+03,-8.29098145561868932E+02,4.07689414886089821E+02));
|   |   |   |   |   |   #20259=CARTESIAN_POINT('Ctrl Pnt',(-6.33755482688015036E+03,-8.29098145561458978E+02,6.99999999986273309E+01));
|   |   |   |   |   |   #20260=CARTESIAN_POINT('Ctrl Pnt',(-6.33755482688726352E+03,-8.29098145561022079E+02,-2.67689414888834108E+02));
|   |   |   |   |   |   #20261=CARTESIAN_POINT('Ctrl Pnt',(-6.33755482689487781E+03,-8.29098145560618264E+02,-6.05378829776304769E+02));
|   |   |   |   |   |   #20262=CARTESIAN_POINT('Ctrl Pnt',(-6.33714334682135177E+03,-8.30228677711388514E+02,4.07689414886175427E+02));
|   |   |   |   |   |   #20263=CARTESIAN_POINT('Ctrl Pnt',(-6.33714334682892695E+03,-8.30228677710991064E+02,6.99999999987113029E+01));
|   |   |   |   |   |   #20264=CARTESIAN_POINT('Ctrl Pnt',(-6.33714334683591460E+03,-8.30228677710534726E+02,-2.67689414888751230E+02));
|   |   |   |   |   |   #20265=CARTESIAN_POINT('Ctrl Pnt',(-6.33714334684363894E+03,-8.30228677710149782E+02,-6.05378829776227235E+02));
|   |   |   |   |   |   #20266=CARTESIAN_POINT('Ctrl Pnt',(-6.33673186677005742E+03,-8.31359209860912301E+02,4.07689414886260977E+02));
|   |   |   |   |   |   #20267=CARTESIAN_POINT('Ctrl Pnt',(-6.33673186677769627E+03,-8.31359209860530314E+02,6.99999999987953174E+01));
|   |   |   |   |   |   #20268=CARTESIAN_POINT('Ctrl Pnt',(-6.33673186678456568E+03,-8.31359209860047031E+02,-2.67689414888668523E+02));
|   |   |   |   |   |   #20269=CARTESIAN_POINT('Ctrl Pnt',(-6.33673186679240280E+03,-8.31359209859688463E+02,-6.05378829776150155E+02));
|   |   |   |   |   |   #20270=CARTESIAN_POINT('Ctrl Pnt',(-6.33632038671876307E+03,-8.32489742010439954E+02,4.07689414886346583E+02));
|   |   |   |   |   |   #20271=CARTESIAN_POINT('Ctrl Pnt',(-6.33632038672646650E+03,-8.32489742010077407E+02,6.99999999988792894E+01));
|   |   |   |   |   |   #20272=CARTESIAN_POINT('Ctrl Pnt',(-6.33632038673321404E+03,-8.32489742009559677E+02,-2.67689414888585588E+02));
|   |   |   |   |   |   #20273=CARTESIAN_POINT('Ctrl Pnt',(-6.33632038674116393E+03,-8.32489742009233964E+02,-6.05378829776073189E+02));
|   |   |   |   |   |   #20274=CARTESIAN_POINT('Ctrl Pnt',(-6.33590890666746418E+03,-8.33620274159971700E+02,4.07689414886432189E+02));
|   |   |   |   |   |   #20275=CARTESIAN_POINT('Ctrl Pnt',(-6.33590890667522854E+03,-8.33620274159632118E+02,6.99999999989632755E+01));
|   |   |   |   |   |   #20276=CARTESIAN_POINT('Ctrl Pnt',(-6.33590890668186421E+03,-8.33620274159072437E+02,-2.67689414888502711E+02));
|   |   |   |   |   |   #20277=CARTESIAN_POINT('Ctrl Pnt',(-6.33590890668992142E+03,-8.33620274158785946E+02,-6.05378829775995769E+02));
|   |   |   |   |   |   #20278=CARTESIAN_POINT('Ctrl Pnt',(-6.33549742661616438E+03,-8.34750806309507652E+02,4.07689414886517795E+02));
|   |   |   |   |   |   #20279=CARTESIAN_POINT('Ctrl Pnt',(-6.33549742662399331E+03,-8.34750806309194445E+02,6.99999999990472759E+01));
|   |   |   |   |   |   #20280=CARTESIAN_POINT('Ctrl Pnt',(-6.33549742663051347E+03,-8.34750806308584970E+02,-2.67689414888419947E+02));
|   |   |   |   |   |   #20281=CARTESIAN_POINT('Ctrl Pnt',(-6.33549742663867619E+03,-8.34750806308344522E+02,-6.05378829775918575E+02));
|   |   |   |   |   |   #20282=CARTESIAN_POINT('Ctrl Pnt',(-6.33508594656486457E+03,-8.35881338459048152E+02,4.07689414886603345E+02));
|   |   |   |   |   |   #20283=CARTESIAN_POINT('Ctrl Pnt',(-6.33508594657275444E+03,-8.35881338458764844E+02,6.99999999991312620E+01));
|   |   |   |   |   |   #20284=CARTESIAN_POINT('Ctrl Pnt',(-6.33508594657916183E+03,-8.35881338458097161E+02,-2.67689414888337126E+02));
|   |   |   |   |   |   #20285=CARTESIAN_POINT('Ctrl Pnt',(-6.33508594658742913E+03,-8.35881338457909806E+02,-6.05378829775841268E+02));
|   |   |   |   |   |   #20286=CARTESIAN_POINT('Ctrl Pnt',(-6.33467446651356295E+03,-8.37011870608592403E+02,4.07689414886688837E+02));
|   |   |   |   |   |   #20287=CARTESIAN_POINT('Ctrl Pnt',(-6.33467446652151102E+03,-8.37011870608342747E+02,6.99999999992152482E+01));
|   |   |   |   |   |   #20288=CARTESIAN_POINT('Ctrl Pnt',(-6.33467446652781200E+03,-8.37011870607609922E+02,-2.67689414888254248E+02));
|   |   |   |   |   |   #20289=CARTESIAN_POINT('Ctrl Pnt',(-6.33467446653617935E+03,-8.37011870607481683E+02,-6.05378829775764075E+02));
|   |   |   |   |   |   #20290=CARTESIAN_POINT('Ctrl Pnt',(-6.33426298646226041E+03,-8.38142402758140179E+02,4.07689414886774443E+02));
|   |   |   |   |   |   #20291=CARTESIAN_POINT('Ctrl Pnt',(-6.33426298647026397E+03,-8.38142402757928267E+02,6.99999999992992343E+01));
|   |   |   |   |   |   #20292=CARTESIAN_POINT('Ctrl Pnt',(-6.33426298647645945E+03,-8.38142402757122568E+02,-2.67689414888171484E+02));
|   |   |   |   |   |   #20293=CARTESIAN_POINT('Ctrl Pnt',(-6.33426298648492957E+03,-8.38142402757060609E+02,-6.05378829775686995E+02));
|   |   |   |   |   |   #20294=CARTESIAN_POINT('Ctrl Pnt',(-6.33385150641095333E+03,-8.39272934907692502E+02,4.07689414886860106E+02));
|   |   |   |   |   |   #20295=CARTESIAN_POINT('Ctrl Pnt',(-6.33385150641901510E+03,-8.39272934907521631E+02,6.99999999993832489E+01));
|   |   |   |   |   |   #20296=CARTESIAN_POINT('Ctrl Pnt',(-6.33385150642511144E+03,-8.39272934906635101E+02,-2.67689414888088777E+02));
|   |   |   |   |   |   #20297=CARTESIAN_POINT('Ctrl Pnt',(-6.33385150643367433E+03,-8.39272934906646014E+02,-6.05378829775609915E+02));
|   #17119=(GEOMETRIC_REPRESENTATION_CONTEXT(3)GLOBAL_UNCERTAINTY_ASSIGNED_CONTEXT((#17118))GLOBAL_UNIT_ASSIGNED_CONTEXT((#17115,#17116,#17117))REPRESENTATION_CONTEXT('',''));
|   |   #17118=UNCERTAINTY_MEASURE_WITH_UNIT(LENGTH_MEASURE(6.78713118628841965E-03),#17115,'DISTANCE_ACCURACY_VALUE','Confusion Tolerance');
|   |   |   #17115=(NAMED_UNIT(*)SI_UNIT(.MILLI.,.METRE.)LENGTH_UNIT());
|   |   #17115=(NAMED_UNIT(*)SI_UNIT(.MILLI.,.METRE.)LENGTH_UNIT());
|   |   #17116=(NAMED_UNIT(*)SI_UNIT($,.RADIAN.)PLANE_ANGLE_UNIT());
|   |   #17117=(NAMED_UNIT(*)SI_UNIT($,.STERADIAN.)SOLID_ANGLE_UNIT());
/* END 17120 */

ENDSEC;
END-ISO-10303-21;
