ISO-10303-21;
HEADER;
FILE_DESCRIPTION(('AMCAX'),'2;1');
FILE_NAME('AMCAX','',('Author'),(''),'NextCAX','NextCAX','Unknown');
FILE_SCHEMA(('AUTOMOTIVE_DESIGN'));
ENDSEC;
DATA;
#1=APPLICATION_CONTEXT('core data for automotive mechanical design processes');
#2=APPLICATION_PROTOCOL_DEFINITION('','automotive_design',2010,#1);
#3=AXIS2_PLACEMENT_3D('',#4,#5,#6);
#4=CARTESIAN_POINT('',(0.0,0.0,0.0));
#5=DIRECTION('',(0.0,0.0,1.0));
#6=DIRECTION('',(1.0,0.0,0.0));
#7=PRODUCT_CONTEXT('',#1,'mechanical');
#8=PRODUCT('Solid','Solid',$,(#7));
#9=PRODUCT_DEFINITION_FORMATION('','',#8);
#10=PRODUCT_DEFINITION_CONTEXT('',#1,'');
#11=PRODUCT_DEFINITION('','',#9,#10);
#12=PRODUCT_DEFINITION_SHAPE('','',#11);
#13=SHAPE_DEFINITION_REPRESENTATION(#12,#14);
#15=(NAMED_UNIT(*)SI_UNIT(.MILLI.,.METRE.)LENGTH_UNIT());
#16=(NAMED_UNIT(*)SI_UNIT($,.RADIAN.)PLANE_ANGLE_UNIT());
#17=(NAMED_UNIT(*)SI_UNIT($,.STERADIAN.)SOLID_ANGLE_UNIT());
#18=UNCERTAINTY_MEASURE_WITH_UNIT(LENGTH_MEASURE(5.0000000000000E-05),#15,'DISTANCE_ACCURACY_VALUE','Confusion Tolerance');
#19=(GEOMETRIC_REPRESENTATION_CONTEXT(3)GLOBAL_UNCERTAINTY_ASSIGNED_CONTEXT((#18))GLOBAL_UNIT_ASSIGNED_CONTEXT((#15,#16,#17))REPRESENTATION_CONTEXT('',''));
#14=SHAPE_REPRESENTATION('Solid',(#3),#19);
#23=ADVANCED_FACE('',(#29),#24,.T.);
#25=AXIS2_PLACEMENT_3D('',#26,#27,#28);
#26=CARTESIAN_POINT('',(-1.3105851101500,0.0,0.0));
#27=DIRECTION('',(-1.0,0.0,0.0));
#28=DIRECTION('',(0.0,0.0,-1.0));
#24=CYLINDRICAL_SURFACE('',#25,1.6850000000000E+01);
#29=FACE_OUTER_BOUND('',#30,.T.);
#30=EDGE_LOOP('',(#31,#41,#50,#57,#58));
#31=ORIENTED_EDGE('',*,*,#32,.T.);
#33=VERTEX_POINT('',#34);
#34=CARTESIAN_POINT('',(-5.2423404437519,-1.6850000000000E+01,-5.0056243757250E-14));
#35=VERTEX_POINT('',#36);
#36=CARTESIAN_POINT('',(-1.9834648017304E+03,-1.6850000000000E+01,-2.3734659995559E-15));
#37=LINE('',#38,#39);
#38=CARTESIAN_POINT('',(-1.3105851101500,-1.6850000000000E+01,5.8831460559507E-14));
#39=VECTOR('',#40,1.0);
#40=DIRECTION('',(-1.0,0.0,0.0));
#32=EDGE_CURVE('',#33,#35,#37,.T.);
#41=ORIENTED_EDGE('',*,*,#42,.F.);
#43=VERTEX_POINT('',#44);
#44=CARTESIAN_POINT('',(-1.9834648017309E+03,1.6329396235649E+01,-4.1561182104415));
#46=AXIS2_PLACEMENT_3D('',#47,#48,#49);
#47=CARTESIAN_POINT('',(-1.9834648017309E+03,0.0,2.2530498541836E-25));
#48=DIRECTION('',(-1.0,0.0,0.0));
#49=DIRECTION('',(0.0,0.0,-1.0));
#45=CIRCLE('',#46,1.6850000000000E+01);
#42=EDGE_CURVE('',#43,#35,#45,.T.);
#50=ORIENTED_EDGE('',*,*,#51,.T.);
#53=AXIS2_PLACEMENT_3D('',#54,#55,#56);
#54=CARTESIAN_POINT('',(-1.9834648017309E+03,0.0,2.2521663299698E-25));
#55=DIRECTION('',(1.0,-0.0,0.0));
#56=DIRECTION('',(0.0,9.6910363416316E-01,-2.4665389972947E-01));
#52=CIRCLE('',#53,1.6850000000000E+01);
#51=EDGE_CURVE('',#43,#35,#52,.T.);
#57=ORIENTED_EDGE('',*,*,#32,.F.);
#58=ORIENTED_EDGE('',*,*,#59,.F.);
#60=B_SPLINE_CURVE_WITH_KNOTS('',10,(#61,#62,#63,#64,#65,#66,#67,#68,#69,#70,#71,#72,#73,#74,#75,#76,#77,#78,#79,#80),.UNSPECIFIED.,.T.,.F.,(1,10,9,10,1),(-5.2935836212988E+01,2.0938184132391E-15,5.2935836212988E+01,1.0587167242598E+02,1.5880750863896E+02),.UNSPECIFIED.);
#61=CARTESIAN_POINT('Ctrl Pnt',(-5.2423404437519,-1.6850000000000E+01,-5.0056243757250E-14));
#62=CARTESIAN_POINT('Ctrl Pnt',(-5.2423404439703,-1.6850000000001E+01,-5.2170082099153));
#63=CARTESIAN_POINT('Ctrl Pnt',(-5.2423404441901,-1.5055006908207E+01,-1.0513117155300E+01));
#64=CARTESIAN_POINT('Ctrl Pnt',(-5.2423404443892,-1.1375494478768E+01,-1.5145367946568E+01));
#65=CARTESIAN_POINT('Ctrl Pnt',(-5.2423404445132,-6.1003621335547,-1.8301051539289E+01));
#66=CARTESIAN_POINT('Ctrl Pnt',(-5.2423404445707,4.3597468008727E-03,-1.9376255917942E+01));
#67=CARTESIAN_POINT('Ctrl Pnt',(-5.2423404445144,6.0862384921268,-1.8275219055902E+01));
#68=CARTESIAN_POINT('Ctrl Pnt',(-5.2423404443932,1.1307507180789E+01,-1.5154105548676E+01));
#69=CARTESIAN_POINT('Ctrl Pnt',(-5.2423404441988,1.5002023772716E+01,-1.0587326529538E+01));
#70=CARTESIAN_POINT('Ctrl Pnt',(-5.2423404439792,1.6850000000000E+01,-5.2935836212991));
#71=CARTESIAN_POINT('Ctrl Pnt',(-5.2423404435366,1.6850000000000E+01,5.2935836212991));
#72=CARTESIAN_POINT('Ctrl Pnt',(-5.2423404433150,1.5002023772714E+01,1.0587326529540E+01));
#73=CARTESIAN_POINT('Ctrl Pnt',(-5.2423404431231,1.1307507180792E+01,1.5154105548672E+01));
#74=CARTESIAN_POINT('Ctrl Pnt',(-5.2423404429944,6.0862384921212,1.8275219055910E+01));
#75=CARTESIAN_POINT('Ctrl Pnt',(-5.2423404429411,4.3597468086521E-03,1.9376255917931E+01));
#76=CARTESIAN_POINT('Ctrl Pnt',(-5.2423404429932,-6.1003621335626,1.8301051539300E+01));
#77=CARTESIAN_POINT('Ctrl Pnt',(-5.2423404431174,-1.1375494478763E+01,1.5145367946560E+01));
#78=CARTESIAN_POINT('Ctrl Pnt',(-5.2423404433140,-1.5055006908209E+01,1.0513117155304E+01));
#79=CARTESIAN_POINT('Ctrl Pnt',(-5.2423404435339,-1.6850000000000E+01,5.2170082099143));
#80=CARTESIAN_POINT('Ctrl Pnt',(-5.2423404437519,-1.6850000000000E+01,-5.0056243757250E-14));
#59=EDGE_CURVE('',#33,#33,#60,.T.);
#81=ADVANCED_FACE('',(#123),#82,.T.);
#82=B_SPLINE_SURFACE_WITH_KNOTS('',1,10,((#83,#84,#85,#86,#87,#88,#89,#90,#91,#92,#93,#94,#95,#96,#97,#98,#99,#100,#101,#102),(#103,#104,#105,#106,#107,#108,#109,#110,#111,#112,#113,#114,#115,#116,#117,#118,#119,#120,#121,#122)),.UNSPECIFIED.,.F.,.T.,.F.,(2,2),(1,10,9,10,1),(0.0,1.0587167242598E+02),(-5.2935836212988E+01,2.0938184132391E-15,5.2935836212988E+01,1.0587167242598E+02,1.5880750863896E+02),.UNSPECIFIED.);
#83=CARTESIAN_POINT('Ctrl Pnt',(-1.3105851105717,-1.4580000000000E+01,-5.0057180622787E-14));
#84=CARTESIAN_POINT('Ctrl Pnt',(-1.3105851107061,-1.4580000000000E+01,-4.5141827715468));
#85=CARTESIAN_POINT('Ctrl Pnt',(-1.3105851108424,-1.3026824968645E+01,-9.0968099777019));
#86=CARTESIAN_POINT('Ctrl Pnt',(-1.3105851109628,-9.8430094659006,-1.3105012739523E+01));
#87=CARTESIAN_POINT('Ctrl Pnt',(-1.3105851110434,-5.2785329321807,-1.5835568631623E+01));
#88=CARTESIAN_POINT('Ctrl Pnt',(-1.3105851110731,3.7724099921785E-03,-1.6765923518313E+01));
#89=CARTESIAN_POINT('Ctrl Pnt',(-1.3105851110443,5.2663120009022,-1.5813216251339E+01));
#90=CARTESIAN_POINT('Ctrl Pnt',(-1.3105851109652,9.7841812875912,-1.3112573228468E+01));
#91=CARTESIAN_POINT('Ctrl Pnt',(-1.3105851108477,1.2980979620545E+01,-9.1610220059743));
#92=CARTESIAN_POINT('Ctrl Pnt',(-1.3105851107117,1.4580000000000E+01,-4.5804420889342));
#93=CARTESIAN_POINT('Ctrl Pnt',(-1.3105851104391,1.4580000000000E+01,4.5804420889342));
#94=CARTESIAN_POINT('Ctrl Pnt',(-1.3105851103026,1.2980979620545E+01,9.1610220059753));
#95=CARTESIAN_POINT('Ctrl Pnt',(-1.3105851101845,9.7841812875918,1.3112573228466E+01));
#96=CARTESIAN_POINT('Ctrl Pnt',(-1.3105851101037,5.2663120009009,1.5813216251344E+01));
#97=CARTESIAN_POINT('Ctrl Pnt',(-1.3105851100746,3.7724099944166E-03,1.6765923518307E+01));
#98=CARTESIAN_POINT('Ctrl Pnt',(-1.3105851101017,-5.2785329321836,1.5835568631631E+01));
#99=CARTESIAN_POINT('Ctrl Pnt',(-1.3105851101823,-9.8430094658984,1.3105012739517E+01));
#100=CARTESIAN_POINT('Ctrl Pnt',(-1.3105851103012,-1.3026824968646E+01,9.0968099777048));
#101=CARTESIAN_POINT('Ctrl Pnt',(-1.3105851104374,-1.4580000000000E+01,4.5141827715461));
#102=CARTESIAN_POINT('Ctrl Pnt',(-1.3105851105717,-1.4580000000000E+01,-5.0057180622787E-14));
#103=CARTESIAN_POINT('Ctrl Pnt',(-5.2423404437519,-1.6850000000000E+01,-5.0056243757250E-14));
#104=CARTESIAN_POINT('Ctrl Pnt',(-5.2423404439703,-1.6850000000001E+01,-5.2170082099153));
#105=CARTESIAN_POINT('Ctrl Pnt',(-5.2423404441901,-1.5055006908207E+01,-1.0513117155300E+01));
#106=CARTESIAN_POINT('Ctrl Pnt',(-5.2423404443892,-1.1375494478768E+01,-1.5145367946568E+01));
#107=CARTESIAN_POINT('Ctrl Pnt',(-5.2423404445132,-6.1003621335547,-1.8301051539289E+01));
#108=CARTESIAN_POINT('Ctrl Pnt',(-5.2423404445707,4.3597468008727E-03,-1.9376255917942E+01));
#109=CARTESIAN_POINT('Ctrl Pnt',(-5.2423404445144,6.0862384921268,-1.8275219055902E+01));
#110=CARTESIAN_POINT('Ctrl Pnt',(-5.2423404443932,1.1307507180789E+01,-1.5154105548676E+01));
#111=CARTESIAN_POINT('Ctrl Pnt',(-5.2423404441988,1.5002023772716E+01,-1.0587326529538E+01));
#112=CARTESIAN_POINT('Ctrl Pnt',(-5.2423404439792,1.6850000000000E+01,-5.2935836212991));
#113=CARTESIAN_POINT('Ctrl Pnt',(-5.2423404435366,1.6850000000000E+01,5.2935836212991));
#114=CARTESIAN_POINT('Ctrl Pnt',(-5.2423404433150,1.5002023772714E+01,1.0587326529540E+01));
#115=CARTESIAN_POINT('Ctrl Pnt',(-5.2423404431231,1.1307507180792E+01,1.5154105548672E+01));
#116=CARTESIAN_POINT('Ctrl Pnt',(-5.2423404429944,6.0862384921212,1.8275219055910E+01));
#117=CARTESIAN_POINT('Ctrl Pnt',(-5.2423404429411,4.3597468086521E-03,1.9376255917931E+01));
#118=CARTESIAN_POINT('Ctrl Pnt',(-5.2423404429932,-6.1003621335626,1.8301051539300E+01));
#119=CARTESIAN_POINT('Ctrl Pnt',(-5.2423404431174,-1.1375494478763E+01,1.5145367946560E+01));
#120=CARTESIAN_POINT('Ctrl Pnt',(-5.2423404433140,-1.5055006908209E+01,1.0513117155304E+01));
#121=CARTESIAN_POINT('Ctrl Pnt',(-5.2423404435339,-1.6850000000000E+01,5.2170082099143));
#122=CARTESIAN_POINT('Ctrl Pnt',(-5.2423404437519,-1.6850000000000E+01,-5.0056243757250E-14));
#123=FACE_OUTER_BOUND('',#124,.T.);
#124=EDGE_LOOP('',(#125,#132,#133,#134));
#125=ORIENTED_EDGE('',*,*,#126,.T.);
#127=VERTEX_POINT('',#128);
#128=CARTESIAN_POINT('',(-1.3105851105717,-1.4580000000000E+01,-5.0057180622787E-14));
#129=B_SPLINE_CURVE_WITH_KNOTS('',1,(#130,#131),.UNSPECIFIED.,.F.,.F.,(2,2),(0.0,1.0587167242598E+02),.UNSPECIFIED.);
#130=CARTESIAN_POINT('Ctrl Pnt',(-1.3105851105717,-1.4580000000000E+01,-4.9737991503207E-14));
#131=CARTESIAN_POINT('Ctrl Pnt',(-5.2423404437519,-1.6850000000000E+01,-4.9737991503207E-14));
#126=EDGE_CURVE('',#127,#33,#129,.T.);
#132=ORIENTED_EDGE('',*,*,#59,.T.);
#133=ORIENTED_EDGE('',*,*,#126,.F.);
#134=ORIENTED_EDGE('',*,*,#135,.F.);
#136=B_SPLINE_CURVE_WITH_KNOTS('',10,(#137,#138,#139,#140,#141,#142,#143,#144,#145,#146,#147,#148,#149,#150,#151,#152,#153,#154,#155,#156),.UNSPECIFIED.,.T.,.F.,(1,10,9,10,1),(-5.2935836212988E+01,2.0938184132391E-15,5.2935836212988E+01,1.0587167242598E+02,1.5880750863896E+02),.UNSPECIFIED.);
#137=CARTESIAN_POINT('Ctrl Pnt',(-1.3105851105717,-1.4580000000000E+01,-5.0057180622787E-14));
#138=CARTESIAN_POINT('Ctrl Pnt',(-1.3105851107061,-1.4580000000000E+01,-4.5141827715468));
#139=CARTESIAN_POINT('Ctrl Pnt',(-1.3105851108424,-1.3026824968645E+01,-9.0968099777019));
#140=CARTESIAN_POINT('Ctrl Pnt',(-1.3105851109628,-9.8430094659006,-1.3105012739523E+01));
#141=CARTESIAN_POINT('Ctrl Pnt',(-1.3105851110434,-5.2785329321807,-1.5835568631623E+01));
#142=CARTESIAN_POINT('Ctrl Pnt',(-1.3105851110731,3.7724099921785E-03,-1.6765923518313E+01));
#143=CARTESIAN_POINT('Ctrl Pnt',(-1.3105851110443,5.2663120009022,-1.5813216251339E+01));
#144=CARTESIAN_POINT('Ctrl Pnt',(-1.3105851109652,9.7841812875912,-1.3112573228468E+01));
#145=CARTESIAN_POINT('Ctrl Pnt',(-1.3105851108477,1.2980979620545E+01,-9.1610220059743));
#146=CARTESIAN_POINT('Ctrl Pnt',(-1.3105851107117,1.4580000000000E+01,-4.5804420889342));
#147=CARTESIAN_POINT('Ctrl Pnt',(-1.3105851104391,1.4580000000000E+01,4.5804420889342));
#148=CARTESIAN_POINT('Ctrl Pnt',(-1.3105851103026,1.2980979620545E+01,9.1610220059753));
#149=CARTESIAN_POINT('Ctrl Pnt',(-1.3105851101845,9.7841812875918,1.3112573228466E+01));
#150=CARTESIAN_POINT('Ctrl Pnt',(-1.3105851101037,5.2663120009009,1.5813216251344E+01));
#151=CARTESIAN_POINT('Ctrl Pnt',(-1.3105851100746,3.7724099944166E-03,1.6765923518307E+01));
#152=CARTESIAN_POINT('Ctrl Pnt',(-1.3105851101017,-5.2785329321836,1.5835568631631E+01));
#153=CARTESIAN_POINT('Ctrl Pnt',(-1.3105851101823,-9.8430094658984,1.3105012739517E+01));
#154=CARTESIAN_POINT('Ctrl Pnt',(-1.3105851103012,-1.3026824968646E+01,9.0968099777048));
#155=CARTESIAN_POINT('Ctrl Pnt',(-1.3105851104374,-1.4580000000000E+01,4.5141827715461));
#156=CARTESIAN_POINT('Ctrl Pnt',(-1.3105851105717,-1.4580000000000E+01,-5.0057180622787E-14));
#135=EDGE_CURVE('',#127,#127,#136,.T.);
#157=ADVANCED_FACE('',(#163),#158,.T.);
#159=AXIS2_PLACEMENT_3D('',#160,#161,#162);
#160=CARTESIAN_POINT('',(-1.9834648017300E+03,0.0,100.0));
#161=DIRECTION('',(-0.0,1.0,0.0));
#162=DIRECTION('',(8.4992279880680E-12,0.0,1.0));
#158=TOROIDAL_SURFACE('',#159,100.0,1.6850000000000E+01);
#163=FACE_OUTER_BOUND('',#164,.T.);
#164=EDGE_LOOP('',(#165,#166,#167,#176,#185,#194,#201));
#165=ORIENTED_EDGE('',*,*,#42,.T.);
#166=ORIENTED_EDGE('',*,*,#51,.F.);
#167=ORIENTED_EDGE('',*,*,#168,.T.);
#169=VERTEX_POINT('',#170);
#170=CARTESIAN_POINT('',(-2.0169929408623E+03,1.6329396235649E+01,1.3878260710513));
#172=AXIS2_PLACEMENT_3D('',#173,#174,#175);
#173=CARTESIAN_POINT('',(-1.9834648017300E+03,1.6329396235614E+01,100.0));
#174=DIRECTION('',(-0.0,1.0,0.0));
#175=DIRECTION('',(8.4992279880680E-12,0.0,1.0));
#171=CIRCLE('',#172,1.0415611821058E+02);
#168=EDGE_CURVE('',#43,#169,#171,.T.);
#176=ORIENTED_EDGE('',*,*,#177,.T.);
#178=VERTEX_POINT('',#179);
#179=CARTESIAN_POINT('',(-2.0156550750212E+03,1.6850000000000E+01,5.3227256027661));
#181=AXIS2_PLACEMENT_3D('',#182,#183,#184);
#182=CARTESIAN_POINT('',(-2.0156550750508E+03,0.0,5.3227255170000));
#183=DIRECTION('',(9.4677274483000E-01,0.0,-3.2190273320844E-01));
#184=DIRECTION('',(-3.2190273320844E-01,-0.0,-9.4677274483000E-01));
#180=CIRCLE('',#181,1.6850000000000E+01);
#177=EDGE_CURVE('',#169,#178,#180,.T.);
#185=ORIENTED_EDGE('',*,*,#186,.T.);
#187=VERTEX_POINT('',#188);
#188=CARTESIAN_POINT('',(-2.0156550750504E+03,-1.6850000000000E+01,5.3227255168619));
#190=AXIS2_PLACEMENT_3D('',#191,#192,#193);
#191=CARTESIAN_POINT('',(-2.0156550750500E+03,0.0,5.3227255167264));
#192=DIRECTION('',(9.4677274483274E-01,0.0,-3.2190273320040E-01));
#193=DIRECTION('',(-3.2190273320040E-01,-0.0,-9.4677274483274E-01));
#189=CIRCLE('',#190,1.6850000000000E+01);
#186=EDGE_CURVE('',#178,#187,#189,.T.);
#194=ORIENTED_EDGE('',*,*,#195,.T.);
#197=AXIS2_PLACEMENT_3D('',#198,#199,#200);
#198=CARTESIAN_POINT('',(-2.0156550750508E+03,0.0,5.3227255170000));
#199=DIRECTION('',(9.4677274483000E-01,0.0,-3.2190273320844E-01));
#200=DIRECTION('',(-3.2190273320844E-01,-0.0,-9.4677274483000E-01));
#196=CIRCLE('',#197,1.6850000000000E+01);
#195=EDGE_CURVE('',#187,#169,#196,.T.);
#201=ORIENTED_EDGE('',*,*,#168,.F.);
#202=ADVANCED_FACE('',(#208,#211),#203,.T.);
#204=AXIS2_PLACEMENT_3D('',#205,#206,#207);
#205=CARTESIAN_POINT('',(-1.3105851105772,7.7940184641359E-02,-1.2161130796569E-01));
#206=DIRECTION('',(1.0,1.2611376122437E-13,-2.9758135688104E-11));
#207=DIRECTION('',(2.9758135688104E-11,0.0,1.0));
#203=PLANE('',#204);
#208=FACE_OUTER_BOUND('',#209,.T.);
#209=EDGE_LOOP('',(#210));
#210=ORIENTED_EDGE('',*,*,#135,.T.);
#211=FACE_BOUND('',#212,.T.);
#212=EDGE_LOOP('',(#213));
#213=ORIENTED_EDGE('',*,*,#214,.T.);
#215=VERTEX_POINT('',#216);
#216=CARTESIAN_POINT('',(-1.3105851105718,-1.4080000000000E+01,-3.8378807794733E-14));
#218=AXIS2_PLACEMENT_3D('',#219,#220,#221);
#219=CARTESIAN_POINT('',(-1.3105851105735,0.0,0.0));
#220=DIRECTION('',(-1.0,0.0,0.0));
#221=DIRECTION('',(0.0,0.0,-1.0));
#217=CIRCLE('',#218,1.4080000000000E+01);
#214=EDGE_CURVE('',#215,#215,#217,.T.);
#222=ADVANCED_FACE('',(#228),#223,.T.);
#224=AXIS2_PLACEMENT_3D('',#225,#226,#227);
#225=CARTESIAN_POINT('',(-2.0156550750500E+03,0.0,5.3227255167271));
#226=DIRECTION('',(-9.4677274482032E-01,0.0,3.2190273323692E-01));
#227=DIRECTION('',(-3.2190273323692E-01,0.0,-9.4677274482032E-01));
#223=CYLINDRICAL_SURFACE('',#224,1.6850000000000E+01);
#228=FACE_OUTER_BOUND('',#229,.T.);
#229=EDGE_LOOP('',(#230,#231,#232,#233,#241,#248));
#230=ORIENTED_EDGE('',*,*,#186,.F.);
#231=ORIENTED_EDGE('',*,*,#177,.F.);
#232=ORIENTED_EDGE('',*,*,#195,.F.);
#233=ORIENTED_EDGE('',*,*,#234,.T.);
#235=VERTEX_POINT('',#236);
#236=CARTESIAN_POINT('',(-2.4765173874205E+03,-1.6850000000000E+01,1.6201591172171E+02));
#237=LINE('',#238,#239);
#238=CARTESIAN_POINT('',(-2.0156550750500E+03,-1.6850000000000E+01,5.3227255167271));
#239=VECTOR('',#240,1.0);
#240=DIRECTION('',(-9.4677274482032E-01,0.0,3.2190273323692E-01));
#234=EDGE_CURVE('',#187,#235,#237,.T.);
#241=ORIENTED_EDGE('',*,*,#242,.T.);
#244=AXIS2_PLACEMENT_3D('',#245,#246,#247);
#245=CARTESIAN_POINT('',(-2.4765173874209E+03,8.8817841970013E-15,1.6201591172187E+02));
#246=DIRECTION('',(9.4677274482032E-01,8.0931478042538E-15,-3.2190273323691E-01));
#247=DIRECTION('',(5.0920309863643E-15,-1.0,-1.0165032206096E-14));
#243=CIRCLE('',#244,1.6850000000000E+01);
#242=EDGE_CURVE('',#235,#235,#243,.T.);
#248=ORIENTED_EDGE('',*,*,#234,.F.);
#249=ADVANCED_FACE('',(#255),#250,.F.);
#251=AXIS2_PLACEMENT_3D('',#252,#253,#254);
#252=CARTESIAN_POINT('',(-1.3105851101500,0.0,0.0));
#253=DIRECTION('',(-1.0,0.0,0.0));
#254=DIRECTION('',(0.0,0.0,-1.0));
#250=CYLINDRICAL_SURFACE('',#251,1.4080000000000E+01);
#255=FACE_OUTER_BOUND('',#256,.F.);
#256=EDGE_LOOP('',(#257,#258,#266,#275,#282));
#257=ORIENTED_EDGE('',*,*,#214,.T.);
#258=ORIENTED_EDGE('',*,*,#259,.T.);
#260=VERTEX_POINT('',#261);
#261=CARTESIAN_POINT('',(-1.9834648017300E+03,-1.4080000000000E+01,-4.1827413181132E-14));
#262=LINE('',#263,#264);
#263=CARTESIAN_POINT('',(-1.3105851101500,-1.4080000000000E+01,-4.1827413181132E-14));
#264=VECTOR('',#265,1.0);
#265=DIRECTION('',(-1.0,0.0,0.0));
#259=EDGE_CURVE('',#215,#260,#262,.T.);
#266=ORIENTED_EDGE('',*,*,#267,.F.);
#268=VERTEX_POINT('',#269);
#269=CARTESIAN_POINT('',(-1.9834648017300E+03,1.3644979169017E+01,-3.4728869081910));
#271=AXIS2_PLACEMENT_3D('',#272,#273,#274);
#272=CARTESIAN_POINT('',(-1.9834648017308E+03,0.0,0.0));
#273=DIRECTION('',(-1.0,-0.0,8.4959968989192E-12));
#274=DIRECTION('',(-8.4959968989192E-12,-8.4968046215711E-12,-1.0));
#270=CIRCLE('',#271,1.4080000000000E+01);
#267=EDGE_CURVE('',#268,#260,#270,.T.);
#275=ORIENTED_EDGE('',*,*,#276,.T.);
#278=AXIS2_PLACEMENT_3D('',#279,#280,#281);
#279=CARTESIAN_POINT('',(-1.9834648017308E+03,0.0,0.0));
#280=DIRECTION('',(1.0,0.0,-8.4959968989192E-12));
#281=DIRECTION('',(-2.0955707672779E-12,9.6910363416106E-01,-2.4665389973771E-01));
#277=CIRCLE('',#278,1.4080000000000E+01);
#276=EDGE_CURVE('',#268,#260,#277,.T.);
#282=ORIENTED_EDGE('',*,*,#259,.F.);
#283=ADVANCED_FACE('',(#289),#284,.T.);
#285=AXIS2_PLACEMENT_3D('',#286,#287,#288);
#286=CARTESIAN_POINT('',(-2.5248027974100E+03,0.0,20.0));
#287=DIRECTION('',(0.0,-1.0,0.0));
#288=DIRECTION('',(5.6661519920453E-12,0.0,-1.0));
#284=TOROIDAL_SURFACE('',#285,150.0,1.6850000000000E+01);
#289=FACE_OUTER_BOUND('',#290,.T.);
#290=EDGE_LOOP('',(#291,#292,#301,#310,#319,#326));
#291=ORIENTED_EDGE('',*,*,#242,.F.);
#292=ORIENTED_EDGE('',*,*,#293,.T.);
#294=VERTEX_POINT('',#295);
#295=CARTESIAN_POINT('',(-2.5248027974104E+03,-1.6850000000000E+01,170.0));
#297=AXIS2_PLACEMENT_3D('',#298,#299,#300);
#298=CARTESIAN_POINT('',(-2.5248027974100E+03,-1.6850000000000E+01,20.0));
#299=DIRECTION('',(0.0,-1.0,0.0));
#300=DIRECTION('',(0.0,0.0,-1.0));
#296=CIRCLE('',#297,1.4999999999884E+02);
#293=EDGE_CURVE('',#235,#294,#296,.T.);
#301=ORIENTED_EDGE('',*,*,#302,.T.);
#303=VERTEX_POINT('',#304);
#304=CARTESIAN_POINT('',(-2.5248027974106E+03,1.6329396235649E+01,1.6584388178956E+02));
#306=AXIS2_PLACEMENT_3D('',#307,#308,#309);
#307=CARTESIAN_POINT('',(-2.5248027974108E+03,0.0,170.0));
#308=DIRECTION('',(1.0,0.0,5.6629209028965E-12));
#309=DIRECTION('',(-5.6629209028965E-12,0.0,1.0));
#305=CIRCLE('',#306,1.6850000000000E+01);
#302=EDGE_CURVE('',#294,#303,#305,.T.);
#310=ORIENTED_EDGE('',*,*,#311,.T.);
#312=VERTEX_POINT('',#313);
#313=CARTESIAN_POINT('',(-2.5248027974104E+03,1.6850000000000E+01,1.7000000009073E+02));
#315=AXIS2_PLACEMENT_3D('',#316,#317,#318);
#316=CARTESIAN_POINT('',(-2.5248027974108E+03,0.0,170.0));
#317=DIRECTION('',(1.0,0.0,5.6629209028965E-12));
#318=DIRECTION('',(-5.6629209028965E-12,0.0,1.0));
#314=CIRCLE('',#315,1.6850000000000E+01);
#311=EDGE_CURVE('',#303,#312,#314,.T.);
#319=ORIENTED_EDGE('',*,*,#320,.T.);
#322=AXIS2_PLACEMENT_3D('',#323,#324,#325);
#323=CARTESIAN_POINT('',(-2.5248027974100E+03,0.0,170.0));
#324=DIRECTION('',(1.0,0.0,-3.2310891488652E-15));
#325=DIRECTION('',(3.2310891488652E-15,0.0,1.0));
#321=CIRCLE('',#322,1.6850000000000E+01);
#320=EDGE_CURVE('',#312,#294,#321,.T.);
#326=ORIENTED_EDGE('',*,*,#293,.F.);
#327=ADVANCED_FACE('',(#333),#328,.F.);
#329=AXIS2_PLACEMENT_3D('',#330,#331,#332);
#330=CARTESIAN_POINT('',(-1.9834648017300E+03,0.0,100.0));
#331=DIRECTION('',(-0.0,1.0,0.0));
#332=DIRECTION('',(8.4992279880680E-12,0.0,1.0));
#328=TOROIDAL_SURFACE('',#329,100.0,1.4080000000000E+01);
#333=FACE_OUTER_BOUND('',#334,.F.);
#334=EDGE_LOOP('',(#335,#336,#337,#346,#355,#364,#371));
#335=ORIENTED_EDGE('',*,*,#267,.T.);
#336=ORIENTED_EDGE('',*,*,#276,.F.);
#337=ORIENTED_EDGE('',*,*,#338,.T.);
#339=VERTEX_POINT('',#340);
#340=CARTESIAN_POINT('',(-2.0167730068380E+03,1.3644979169017E+01,2.0346908462086));
#342=AXIS2_PLACEMENT_3D('',#343,#344,#345);
#343=CARTESIAN_POINT('',(-1.9834648017300E+03,1.3644979168988E+01,100.0));
#344=DIRECTION('',(0.0,1.0,0.0));
#345=DIRECTION('',(8.4992279880680E-12,-0.0,1.0));
#341=CIRCLE('',#342,1.0347288690831E+02);
#338=EDGE_CURVE('',#268,#339,#341,.T.);
#346=ORIENTED_EDGE('',*,*,#347,.T.);
#348=VERTEX_POINT('',#349);
#349=CARTESIAN_POINT('',(-2.0156550750256E+03,1.4080000000000E+01,5.3227255885080));
#351=AXIS2_PLACEMENT_3D('',#352,#353,#354);
#352=CARTESIAN_POINT('',(-2.0156550750508E+03,0.0,5.3227255170000));
#353=DIRECTION('',(9.4677274483000E-01,0.0,-3.2190273320844E-01));
#354=DIRECTION('',(-3.2190273320844E-01,0.0,-9.4677274483000E-01));
#350=CIRCLE('',#351,1.4080000000000E+01);
#347=EDGE_CURVE('',#339,#348,#350,.T.);
#355=ORIENTED_EDGE('',*,*,#356,.T.);
#357=VERTEX_POINT('',#358);
#358=CARTESIAN_POINT('',(-2.0156550750500E+03,-1.4080000000000E+01,5.3227255167271));
#360=AXIS2_PLACEMENT_3D('',#361,#362,#363);
#361=CARTESIAN_POINT('',(-2.0156550750508E+03,0.0,5.3227255170000));
#362=DIRECTION('',(9.4677274483000E-01,0.0,-3.2190273320844E-01));
#363=DIRECTION('',(-3.2190273320844E-01,0.0,-9.4677274483000E-01));
#359=CIRCLE('',#360,1.4080000000000E+01);
#356=EDGE_CURVE('',#348,#357,#359,.T.);
#364=ORIENTED_EDGE('',*,*,#365,.T.);
#367=AXIS2_PLACEMENT_3D('',#368,#369,#370);
#368=CARTESIAN_POINT('',(-2.0156550750508E+03,0.0,5.3227255170000));
#369=DIRECTION('',(9.4677274483000E-01,0.0,-3.2190273320844E-01));
#370=DIRECTION('',(-3.2190273320844E-01,0.0,-9.4677274483000E-01));
#366=CIRCLE('',#367,1.4080000000000E+01);
#365=EDGE_CURVE('',#357,#339,#366,.T.);
#371=ORIENTED_EDGE('',*,*,#338,.F.);
#372=ADVANCED_FACE('',(#381),#378,.F.);
#374=AXIS2_PLACEMENT_3D('',#375,#376,#377);
#375=CARTESIAN_POINT('',(-2.5248027974108E+03,0.0,170.0));
#376=DIRECTION('',(1.0,-0.0,6.9000016471169E-11));
#377=DIRECTION('',(6.9000016471169E-11,0.0,-1.0));
#373=CIRCLE('',#374,1.6850000000000E+01);
#378=SURFACE_OF_LINEAR_EXTRUSION('',#373,#379);
#379=VECTOR('',#380,1.0);
#380=DIRECTION('',(-1.0,0.0,0.0));
#381=FACE_OUTER_BOUND('',#382,.F.);
#382=EDGE_LOOP('',(#383,#391,#392,#400));
#383=ORIENTED_EDGE('',*,*,#384,.F.);
#385=VERTEX_POINT('',#386);
#386=CARTESIAN_POINT('',(-5.2652404068404E+03,-1.6850000000000E+01,170.0));
#387=LINE('',#388,#389);
#388=CARTESIAN_POINT('',(-2.5248027974100E+03,-1.6850000000000E+01,1.7000000000000E+02));
#389=VECTOR('',#390,1.0);
#390=DIRECTION('',(-1.0,0.0,0.0));
#384=EDGE_CURVE('',#294,#385,#387,.T.);
#391=ORIENTED_EDGE('',*,*,#302,.T.);
#392=ORIENTED_EDGE('',*,*,#393,.T.);
#394=VERTEX_POINT('',#395);
#395=CARTESIAN_POINT('',(-5.2652404068406E+03,1.6329396235649E+01,1.6584388178956E+02));
#396=LINE('',#397,#398);
#397=CARTESIAN_POINT('',(-2.5248027974106E+03,1.6329396235649E+01,1.6584388178956E+02));
#398=VECTOR('',#399,1.0);
#399=DIRECTION('',(-1.0,0.0,0.0));
#393=EDGE_CURVE('',#303,#394,#396,.T.);
#400=ORIENTED_EDGE('',*,*,#401,.F.);
#403=AXIS2_PLACEMENT_3D('',#404,#405,#406);
#404=CARTESIAN_POINT('',(-5.2652404068409E+03,0.0,170.0));
#405=DIRECTION('',(1.0,-0.0,6.9000016471169E-11));
#406=DIRECTION('',(6.9000016471169E-11,0.0,-1.0));
#402=CIRCLE('',#403,1.6850000000000E+01);
#401=EDGE_CURVE('',#385,#394,#402,.T.);
#407=ADVANCED_FACE('',(#416),#413,.F.);
#409=AXIS2_PLACEMENT_3D('',#410,#411,#412);
#410=CARTESIAN_POINT('',(-2.5248027974108E+03,0.0,170.0));
#411=DIRECTION('',(1.0,-0.0,6.9000016471169E-11));
#412=DIRECTION('',(6.9000016471169E-11,0.0,-1.0));
#408=CIRCLE('',#409,1.6850000000000E+01);
#413=SURFACE_OF_LINEAR_EXTRUSION('',#408,#414);
#414=VECTOR('',#415,1.0);
#415=DIRECTION('',(-1.0,0.0,0.0));
#416=FACE_OUTER_BOUND('',#417,.F.);
#417=EDGE_LOOP('',(#418,#419,#420,#428));
#418=ORIENTED_EDGE('',*,*,#393,.F.);
#419=ORIENTED_EDGE('',*,*,#311,.T.);
#420=ORIENTED_EDGE('',*,*,#421,.T.);
#422=VERTEX_POINT('',#423);
#423=CARTESIAN_POINT('',(-5.2652404068404E+03,1.6850000000000E+01,1.7000000009073E+02));
#424=LINE('',#425,#426);
#425=CARTESIAN_POINT('',(-2.5248027974100E+03,1.6850000000000E+01,1.7000000009073E+02));
#426=VECTOR('',#427,1.0);
#427=DIRECTION('',(-1.0,0.0,0.0));
#421=EDGE_CURVE('',#312,#422,#424,.T.);
#428=ORIENTED_EDGE('',*,*,#429,.F.);
#431=AXIS2_PLACEMENT_3D('',#432,#433,#434);
#432=CARTESIAN_POINT('',(-5.2652404068409E+03,0.0,170.0));
#433=DIRECTION('',(1.0,-0.0,6.9000016471169E-11));
#434=DIRECTION('',(6.9000016471169E-11,0.0,-1.0));
#430=CIRCLE('',#431,1.6850000000000E+01);
#429=EDGE_CURVE('',#394,#422,#430,.T.);
#435=ADVANCED_FACE('',(#444),#441,.F.);
#437=AXIS2_PLACEMENT_3D('',#438,#439,#440);
#438=CARTESIAN_POINT('',(-2.5248027974100E+03,0.0,170.0));
#439=DIRECTION('',(1.0,-0.0,6.9000016471169E-11));
#440=DIRECTION('',(6.9000016471169E-11,0.0,-1.0));
#436=CIRCLE('',#437,1.6850000000000E+01);
#441=SURFACE_OF_LINEAR_EXTRUSION('',#436,#442);
#442=VECTOR('',#443,1.0);
#443=DIRECTION('',(-1.0,0.0,0.0));
#444=FACE_OUTER_BOUND('',#445,.F.);
#445=EDGE_LOOP('',(#446,#447,#448,#449));
#446=ORIENTED_EDGE('',*,*,#421,.F.);
#447=ORIENTED_EDGE('',*,*,#320,.T.);
#448=ORIENTED_EDGE('',*,*,#384,.T.);
#449=ORIENTED_EDGE('',*,*,#450,.F.);
#452=AXIS2_PLACEMENT_3D('',#453,#454,#455);
#453=CARTESIAN_POINT('',(-5.2652404068400E+03,0.0,170.0));
#454=DIRECTION('',(1.0,-0.0,6.9000016471169E-11));
#455=DIRECTION('',(6.9000016471169E-11,0.0,-1.0));
#451=CIRCLE('',#452,1.6850000000000E+01);
#450=EDGE_CURVE('',#422,#385,#451,.T.);
#456=ADVANCED_FACE('',(#462),#457,.F.);
#458=AXIS2_PLACEMENT_3D('',#459,#460,#461);
#459=CARTESIAN_POINT('',(-2.0156550750500E+03,0.0,5.3227255167271));
#460=DIRECTION('',(-9.4677274482032E-01,0.0,3.2190273323692E-01));
#461=DIRECTION('',(-3.2190273323692E-01,0.0,-9.4677274482032E-01));
#457=CYLINDRICAL_SURFACE('',#458,1.4080000000000E+01);
#462=FACE_OUTER_BOUND('',#463,.F.);
#463=EDGE_LOOP('',(#464,#465,#466,#467,#475,#482));
#464=ORIENTED_EDGE('',*,*,#356,.F.);
#465=ORIENTED_EDGE('',*,*,#347,.F.);
#466=ORIENTED_EDGE('',*,*,#365,.F.);
#467=ORIENTED_EDGE('',*,*,#468,.T.);
#469=VERTEX_POINT('',#470);
#470=CARTESIAN_POINT('',(-2.4765173874201E+03,-1.4080000000000E+01,1.6201591172159E+02));
#471=LINE('',#472,#473);
#472=CARTESIAN_POINT('',(-2.0156550750500E+03,-1.4080000000000E+01,5.3227255167271));
#473=VECTOR('',#474,1.0);
#474=DIRECTION('',(-9.4677274482032E-01,0.0,3.2190273323692E-01));
#468=EDGE_CURVE('',#357,#469,#471,.T.);
#475=ORIENTED_EDGE('',*,*,#476,.T.);
#478=AXIS2_PLACEMENT_3D('',#479,#480,#481);
#479=CARTESIAN_POINT('',(-2.4765173874209E+03,0.0,1.6201591172185E+02));
#480=DIRECTION('',(9.4677274481235E-01,0.0,-3.2190273326037E-01));
#481=DIRECTION('',(-2.0389513701362E-11,-1.0,-5.9969157940681E-11));
#477=CIRCLE('',#478,1.4080000000000E+01);
#476=EDGE_CURVE('',#469,#469,#477,.T.);
#482=ORIENTED_EDGE('',*,*,#468,.F.);
#483=ADVANCED_FACE('',(#569),#484,.F.);
#484=(BOUNDED_SURFACE()B_SPLINE_SURFACE(6,11,((#485,#486,#487,#488,#489,#490,#491,#492,#493,#494,#495,#496),(#497,#498,#499,#500,#501,#502,#503,#504,#505,#506,#507,#508),(#509,#510,#511,#512,#513,#514,#515,#516,#517,#518,#519,#520),(#521,#522,#523,#524,#525,#526,#527,#528,#529,#530,#531,#532),(#533,#534,#535,#536,#537,#538,#539,#540,#541,#542,#543,#544),(#545,#546,#547,#548,#549,#550,#551,#552,#553,#554,#555,#556),(#557,#558,#559,#560,#561,#562,#563,#564,#565,#566,#567,#568)),.UNSPECIFIED.,.F.,.F.,.F.)B_SPLINE_SURFACE_WITH_KNOTS((7,7),(12,12),(4.7123889803847,7.6047556827604),(0.0,1.0),.UNSPECIFIED.)SURFACE()GEOMETRIC_REPRESENTATION_ITEM()RATIONAL_B_SPLINE_SURFACE(((1.1111169223574,1.1111169223574,1.1111169223575,1.1111169223572,1.1111169223577,1.1111169223571,1.1111169223577,1.1111169223572,1.1111169223576,1.1111169223574,1.1111169223574,1.1111169223574),(1.0315284552156,1.0315284552156,1.0315284552155,1.0315284552159,1.0315284552150,1.0315284552164,1.0315284552148,1.0315284552161,1.0315284552153,1.0315284552157,1.0315284552156,1.0315284552156),(9.9329074453088E-01,9.9329074453085E-01,9.9329074453101E-01,9.9329074453058E-01,9.9329074453137E-01,9.9329074453027E-01,9.9329074453148E-01,9.9329074453043E-01,9.9329074453115E-01,9.9329074453077E-01,9.9329074453091E-01,9.9329074453088E-01),(9.8003511783858E-01,9.8003511783857E-01,9.8003511783862E-01,9.8003511783849E-01,9.8003511783871E-01,9.8003511783842E-01,9.8003511783873E-01,9.8003511783845E-01,9.8003511783866E-01,9.8003511783854E-01,9.8003511783859E-01,9.8003511783858E-01),(9.9329074453089E-01,9.9329074453088E-01,9.9329074453090E-01,9.9329074453088E-01,9.9329074453087E-01,9.9329074453094E-01,9.9329074453082E-01,9.9329074453094E-01,9.9329074453086E-01,9.9329074453090E-01,9.9329074453089E-01,9.9329074453089E-01),(1.0315284552156,1.0315284552156,1.0315284552155,1.0315284552157,1.0315284552153,1.0315284552160,1.0315284552151,1.0315284552160,1.0315284552154,1.0315284552157,1.0315284552156,1.0315284552156),(1.1111169223574,1.1111169223574,1.1111169223575,1.1111169223572,1.1111169223577,1.1111169223571,1.1111169223577,1.1111169223573,1.1111169223575,1.1111169223574,1.1111169223574,1.1111169223574)))REPRESENTATION_ITEM(''));
#485=CARTESIAN_POINT('Ctrl Pnt',(-5.2652404068409E+03,-1.6850000000000E+01,1.7000000000000E+02));
#486=CARTESIAN_POINT('Ctrl Pnt',(-5.2821934200217E+03,-1.6850000000108E+01,1.7000000000000E+02));
#487=CARTESIAN_POINT('Ctrl Pnt',(-5.3001165744426E+03,-1.9224353147071E+01,1.7000000000000E+02));
#488=CARTESIAN_POINT('Ctrl Pnt',(-5.3185483978790E+03,-2.4425524614767E+01,1.7000000000000E+02));
#489=CARTESIAN_POINT('Ctrl Pnt',(-5.3368008002085E+03,-3.2813454448839E+01,1.7000000000000E+02));
#490=CARTESIAN_POINT('Ctrl Pnt',(-5.3539710333413E+03,-4.4498545680625E+01,1.7000000000000E+02));
#491=CARTESIAN_POINT('Ctrl Pnt',(-5.3690159927496E+03,-5.9256908186011E+01,1.7000000000000E+02));
#492=CARTESIAN_POINT('Ctrl Pnt',(-5.3810291198677E+03,-7.6199252763244E+01,1.7000000000000E+02));
#493=CARTESIAN_POINT('Ctrl Pnt',(-5.3897665062729E+03,-9.4286973363329E+01,1.7000000000000E+02));
#494=CARTESIAN_POINT('Ctrl Pnt',(-5.3953211740395E+03,-1.1261536570498E+02,1.7000000000000E+02));
#495=CARTESIAN_POINT('Ctrl Pnt',(-5.3980397641477E+03,-1.3048954498918E+02,1.7000000000000E+02));
#496=CARTESIAN_POINT('Ctrl Pnt',(-5.3983657836320E+03,-1.4743942307746E+02,1.7000000000000E+02));
#497=CARTESIAN_POINT('Ctrl Pnt',(-5.2652404068402E+03,-1.6850000000000E+01,1.6125205230138E+02));
#498=CARTESIAN_POINT('Ctrl Pnt',(-5.2821934200211E+03,-1.6850000000032E+01,1.6125205230138E+02));
#499=CARTESIAN_POINT('Ctrl Pnt',(-5.3001165744420E+03,-1.9224353146908E+01,1.6125205230137E+02));
#500=CARTESIAN_POINT('Ctrl Pnt',(-5.3185483978784E+03,-2.4425524614534E+01,1.6125205230138E+02));
#501=CARTESIAN_POINT('Ctrl Pnt',(-5.3368008002080E+03,-3.2813454448508E+01,1.6125205230137E+02));
#502=CARTESIAN_POINT('Ctrl Pnt',(-5.3539710333408E+03,-4.4498545680215E+01,1.6125205230138E+02));
#503=CARTESIAN_POINT('Ctrl Pnt',(-5.3690159927492E+03,-5.9256908185567E+01,1.6125205230137E+02));
#504=CARTESIAN_POINT('Ctrl Pnt',(-5.3810291198674E+03,-7.6199252762684E+01,1.6125205230138E+02));
#505=CARTESIAN_POINT('Ctrl Pnt',(-5.3897665062726E+03,-9.4286973362793E+01,1.6125205230137E+02));
#506=CARTESIAN_POINT('Ctrl Pnt',(-5.3953211740393E+03,-1.1261536570437E+02,1.6125205230138E+02));
#507=CARTESIAN_POINT('Ctrl Pnt',(-5.3980397641476E+03,-1.3048954498858E+02,1.6125205230138E+02));
#508=CARTESIAN_POINT('Ctrl Pnt',(-5.3983657836320E+03,-1.4743942307686E+02,1.6125205230138E+02));
#509=CARTESIAN_POINT('Ctrl Pnt',(-5.2652404068397E+03,-1.1595638230076E+01,1.5338569659684E+02));
#510=CARTESIAN_POINT('Ctrl Pnt',(-5.2828624193773E+03,-1.1595638230037E+01,1.5338569659684E+02));
#511=CARTESIAN_POINT('Ctrl Pnt',(-5.3014928568428E+03,-1.4063688037784E+01,1.5338569659684E+02));
#512=CARTESIAN_POINT('Ctrl Pnt',(-5.3206520364069E+03,-1.9470107995863E+01,1.5338569659683E+02));
#513=CARTESIAN_POINT('Ctrl Pnt',(-5.3396247145534E+03,-2.8189042094538E+01,1.5338569659684E+02));
#514=CARTESIAN_POINT('Ctrl Pnt',(-5.3574725189709E+03,-4.0335250086512E+01,1.5338569659683E+02));
#515=CARTESIAN_POINT('Ctrl Pnt',(-5.3731111821686E+03,-5.5676006701724E+01,1.5338569659685E+02));
#516=CARTESIAN_POINT('Ctrl Pnt',(-5.3855983709908E+03,-7.3286929631338E+01,1.5338569659683E+02));
#517=CARTESIAN_POINT('Ctrl Pnt',(-5.3946805519067E+03,-9.2088427382138E+01,1.5338569659684E+02));
#518=CARTESIAN_POINT('Ctrl Pnt',(-5.4004544178256E+03,-1.1114009425639E+02,1.5338569659684E+02));
#519=CARTESIAN_POINT('Ctrl Pnt',(-5.4032802888648E+03,-1.2971962392960E+02,1.5338569659684E+02));
#520=CARTESIAN_POINT('Ctrl Pnt',(-5.4036191737215E+03,-1.4733837765762E+02,1.5338569659684E+02));
#521=CARTESIAN_POINT('Ctrl Pnt',(-5.2652404068394E+03,-2.5756663607315,1.4943777091353E+02));
#522=CARTESIAN_POINT('Ctrl Pnt',(-5.2840108662564E+03,-2.5756663606597,1.4943777091353E+02));
#523=CARTESIAN_POINT('Ctrl Pnt',(-5.3038554708168E+03,-5.2045618205742,1.4943777091353E+02));
#524=CARTESIAN_POINT('Ctrl Pnt',(-5.3242632762082E+03,-1.0963324402189E+01,1.4943777091353E+02));
#525=CARTESIAN_POINT('Ctrl Pnt',(-5.3444724256694E+03,-2.0250481490971E+01,1.4943777091353E+02));
#526=CARTESIAN_POINT('Ctrl Pnt',(-5.3634833920836E+03,-3.3188271865238E+01,1.4943777091354E+02));
#527=CARTESIAN_POINT('Ctrl Pnt',(-5.3801412449969E+03,-4.9528803280479E+01,1.4943777091353E+02));
#528=CARTESIAN_POINT('Ctrl Pnt',(-5.3934422383154E+03,-6.8287450366950E+01,1.4943777091353E+02));
#529=CARTESIAN_POINT('Ctrl Pnt',(-5.4031163154355E+03,-8.8314263408686E+01,1.4943777091353E+02));
#530=CARTESIAN_POINT('Ctrl Pnt',(-5.4092664708550E+03,-1.0860754938418E+02,1.4943777091353E+02));
#531=CARTESIAN_POINT('Ctrl Pnt',(-5.4122765071687E+03,-1.2839792843275E+02,1.4943777091353E+02));
#532=CARTESIAN_POINT('Ctrl Pnt',(-5.4126374775424E+03,-1.4716491665980E+02,1.4943777091353E+02));
#533=CARTESIAN_POINT('Ctrl Pnt',(-5.2652404068395E+03,7.1393924235298,1.5103890880361E+02));
#534=CARTESIAN_POINT('Ctrl Pnt',(-5.2852478134561E+03,7.1393924235895,1.5103890880360E+02));
#535=CARTESIAN_POINT('Ctrl Pnt',(-5.3064001498888E+03,4.3372564049104,1.5103890880361E+02));
#536=CARTESIAN_POINT('Ctrl Pnt',(-5.3281528013049E+03,-1.8010006307268,1.5103890880360E+02));
#537=CARTESIAN_POINT('Ctrl Pnt',(-5.3496937056409E+03,-1.1700168469964E+01,1.5103890880362E+02));
#538=CARTESIAN_POINT('Ctrl Pnt',(-5.3699574683317E+03,-2.5490541256601E+01,1.5103890880359E+02));
#539=CARTESIAN_POINT('Ctrl Pnt',(-5.3877130506108E+03,-4.2907890991851E+01,1.5103890880362E+02));
#540=CARTESIAN_POINT('Ctrl Pnt',(-5.4018905609111E+03,-6.2902706861653E+01,1.5103890880359E+02));
#541=CARTESIAN_POINT('Ctrl Pnt',(-5.4122021462741E+03,-8.4249259061551E+01,1.5103890880361E+02));
#542=CARTESIAN_POINT('Ctrl Pnt',(-5.4187575883919E+03,-1.0587984439127E+02,1.5103890880360E+02));
#543=CARTESIAN_POINT('Ctrl Pnt',(-5.4219659819172E+03,-1.2697438192628E+02,1.5103890880361E+02));
#544=CARTESIAN_POINT('Ctrl Pnt',(-5.4223507397369E+03,-1.4697808860629E+02,1.5103890880361E+02));
#545=CARTESIAN_POINT('Ctrl Pnt',(-5.2652404068400E+03,1.4171680821154E+01,1.5736621388335E+02));
#546=CARTESIAN_POINT('Ctrl Pnt',(-5.2861431831741E+03,1.4171680821155E+01,1.5736621388335E+02));
#547=CARTESIAN_POINT('Ctrl Pnt',(-5.3082421271237E+03,1.1244143855481E+01,1.5736621388335E+02));
#548=CARTESIAN_POINT('Ctrl Pnt',(-5.3309682513006E+03,4.8311880757348,1.5736621388335E+02));
#549=CARTESIAN_POINT('Ctrl Pnt',(-5.3534731523105E+03,-5.5109864600947,1.5736621388335E+02));
#550=CARTESIAN_POINT('Ctrl Pnt',(-5.3746437571435E+03,-1.9918504808205E+01,1.5736621388335E+02));
#551=CARTESIAN_POINT('Ctrl Pnt',(-5.3931939356937E+03,-3.8115314261149E+01,1.5736621388335E+02));
#552=CARTESIAN_POINT('Ctrl Pnt',(-5.4080059166994E+03,-5.9004936388615E+01,1.5736621388335E+02));
#553=CARTESIAN_POINT('Ctrl Pnt',(-5.4187789652322E+03,-8.1306787632569E+01,1.5736621388335E+02));
#554=CARTESIAN_POINT('Ctrl Pnt',(-5.4256277759243E+03,-1.0390538303223E+02,1.5736621388335E+02));
#555=CARTESIAN_POINT('Ctrl Pnt',(-5.4289797511970E+03,-1.2594394147297E+02,1.5736621388335E+02));
#556=CARTESIAN_POINT('Ctrl Pnt',(-5.4293817276651E+03,-1.4684285229134E+02,1.5736621388335E+02));
#557=CARTESIAN_POINT('Ctrl Pnt',(-5.2652404068406E+03,1.6329396235649E+01,1.6584388178956E+02));
#558=CARTESIAN_POINT('Ctrl Pnt',(-5.2864179092570E+03,1.6329396235578E+01,1.6584388178956E+02));
#559=CARTESIAN_POINT('Ctrl Pnt',(-5.3088073005711E+03,1.3363382526411E+01,1.6584388178956E+02));
#560=CARTESIAN_POINT('Ctrl Pnt',(-5.3318321151688E+03,6.8661409948284,1.6584388178956E+02));
#561=CARTESIAN_POINT('Ctrl Pnt',(-5.3546327990541E+03,-3.6119611828583,1.6584388178956E+02));
#562=CARTESIAN_POINT('Ctrl Pnt',(-5.3760816500507E+03,-1.8208838160154E+01,1.6584388178956E+02));
#563=CARTESIAN_POINT('Ctrl Pnt',(-5.3948756343900E+03,-3.6644809057190E+01,1.6584388178956E+02));
#564=CARTESIAN_POINT('Ctrl Pnt',(-5.4098822898949E+03,-5.7808984380748E+01,1.6584388178956E+02));
#565=CARTESIAN_POINT('Ctrl Pnt',(-5.4207969290646E+03,-8.0403949808357E+01,1.6584388178956E+02));
#566=CARTESIAN_POINT('Ctrl Pnt',(-5.4277357539682E+03,-1.0329955951282E+02,1.6584388178956E+02));
#567=CARTESIAN_POINT('Ctrl Pnt',(-5.4311317843949E+03,-1.2562777166864E+02,1.6584388178956E+02));
#568=CARTESIAN_POINT('Ctrl Pnt',(-5.4315390440569E+03,-1.4680135776471E+02,1.6584388178956E+02));
#569=FACE_OUTER_BOUND('',#570,.F.);
#570=EDGE_LOOP('',(#571,#588,#589,#606));
#571=ORIENTED_EDGE('',*,*,#572,.F.);
#573=VERTEX_POINT('',#574);
#574=CARTESIAN_POINT('',(-5.3983657836320E+03,-1.4743942307703E+02,170.0));
#575=(BOUNDED_CURVE()B_SPLINE_CURVE(11,(#576,#577,#578,#579,#580,#581,#582,#583,#584,#585,#586,#587),.UNSPECIFIED.,.F.,.F.)B_SPLINE_CURVE_WITH_KNOTS((12,12),(0.0,1.0),.UNSPECIFIED.)CURVE()GEOMETRIC_REPRESENTATION_ITEM()RATIONAL_B_SPLINE_CURVE((1.1325565742273,1.1325565742273,1.1325565742273,1.1325565742274,1.1325565742272,1.1325565742275,1.1325565742271,1.1325565742274,1.1325565742273,1.1325565742273,1.1325565742273,1.1325565742273))REPRESENTATION_ITEM(''));
#576=CARTESIAN_POINT('Ctrl Pnt',(-5.2652404068400E+03,-1.6850000000000E+01,1.7000000000000E+02));
#577=CARTESIAN_POINT('Ctrl Pnt',(-5.2821934200209E+03,-1.6850000000000E+01,1.7000000000000E+02));
#578=CARTESIAN_POINT('Ctrl Pnt',(-5.3001165744418E+03,-1.9224353146846E+01,1.7000000000000E+02));
#579=CARTESIAN_POINT('Ctrl Pnt',(-5.3185483978782E+03,-2.4425524614428E+01,170.0));
#580=CARTESIAN_POINT('Ctrl Pnt',(-5.3368008002078E+03,-3.2813454448387E+01,1.7000000000000E+02));
#581=CARTESIAN_POINT('Ctrl Pnt',(-5.3539710333406E+03,-4.4498545680042E+01,1.7000000000000E+02));
#582=CARTESIAN_POINT('Ctrl Pnt',(-5.3690159927490E+03,-5.9256908185376E+01,1.7000000000000E+02));
#583=CARTESIAN_POINT('Ctrl Pnt',(-5.3810291198673E+03,-7.6199252762477E+01,1.7000000000000E+02));
#584=CARTESIAN_POINT('Ctrl Pnt',(-5.3897665062725E+03,-9.4286973362554E+01,1.7000000000000E+02));
#585=CARTESIAN_POINT('Ctrl Pnt',(-5.3953211740392E+03,-1.1261536570414E+02,1.7000000000000E+02));
#586=CARTESIAN_POINT('Ctrl Pnt',(-5.3980397641476E+03,-1.3048954498834E+02,1.7000000000000E+02));
#587=CARTESIAN_POINT('Ctrl Pnt',(-5.3983657836319E+03,-1.4743942307661E+02,1.7000000000000E+02));
#572=EDGE_CURVE('',#385,#573,#575,.T.);
#588=ORIENTED_EDGE('',*,*,#401,.T.);
#589=ORIENTED_EDGE('',*,*,#590,.T.);
#591=VERTEX_POINT('',#592);
#592=CARTESIAN_POINT('',(-5.4315390440569E+03,-1.4680135776471E+02,1.6584388178956E+02));
#593=(BOUNDED_CURVE()B_SPLINE_CURVE(11,(#594,#595,#596,#597,#598,#599,#600,#601,#602,#603,#604,#605),.UNSPECIFIED.,.F.,.F.)B_SPLINE_CURVE_WITH_KNOTS((12,12),(0.0,1.0),.UNSPECIFIED.)CURVE()GEOMETRIC_REPRESENTATION_ITEM()RATIONAL_B_SPLINE_CURVE((1.1111169223574,1.1111169223574,1.1111169223575,1.1111169223572,1.1111169223577,1.1111169223571,1.1111169223577,1.1111169223573,1.1111169223575,1.1111169223574,1.1111169223574,1.1111169223574))REPRESENTATION_ITEM(''));
#594=CARTESIAN_POINT('Ctrl Pnt',(-5.2652404068406E+03,1.6329396235649E+01,1.6584388178956E+02));
#595=CARTESIAN_POINT('Ctrl Pnt',(-5.2864179092570E+03,1.6329396235578E+01,1.6584388178956E+02));
#596=CARTESIAN_POINT('Ctrl Pnt',(-5.3088073005711E+03,1.3363382526411E+01,1.6584388178956E+02));
#597=CARTESIAN_POINT('Ctrl Pnt',(-5.3318321151688E+03,6.8661409948284,1.6584388178956E+02));
#598=CARTESIAN_POINT('Ctrl Pnt',(-5.3546327990541E+03,-3.6119611828583,1.6584388178956E+02));
#599=CARTESIAN_POINT('Ctrl Pnt',(-5.3760816500507E+03,-1.8208838160154E+01,1.6584388178956E+02));
#600=CARTESIAN_POINT('Ctrl Pnt',(-5.3948756343900E+03,-3.6644809057190E+01,1.6584388178956E+02));
#601=CARTESIAN_POINT('Ctrl Pnt',(-5.4098822898949E+03,-5.7808984380748E+01,1.6584388178956E+02));
#602=CARTESIAN_POINT('Ctrl Pnt',(-5.4207969290646E+03,-8.0403949808357E+01,1.6584388178956E+02));
#603=CARTESIAN_POINT('Ctrl Pnt',(-5.4277357539682E+03,-1.0329955951282E+02,1.6584388178956E+02));
#604=CARTESIAN_POINT('Ctrl Pnt',(-5.4311317843949E+03,-1.2562777166864E+02,1.6584388178956E+02));
#605=CARTESIAN_POINT('Ctrl Pnt',(-5.4315390440569E+03,-1.4680135776471E+02,1.6584388178956E+02));
#590=EDGE_CURVE('',#394,#591,#593,.T.);
#606=ORIENTED_EDGE('',*,*,#607,.F.);
#608=(BOUNDED_CURVE()B_SPLINE_CURVE(6,(#609,#610,#611,#612,#613,#614,#615),.UNSPECIFIED.,.F.,.F.)B_SPLINE_CURVE_WITH_KNOTS((7,7),(4.7123889803847,7.6047556827604),.UNSPECIFIED.)CURVE()GEOMETRIC_REPRESENTATION_ITEM()RATIONAL_B_SPLINE_CURVE((1.1111169223574,1.0315284552156,9.9329074453088E-01,9.8003511783858E-01,9.9329074453089E-01,1.0315284552156,1.1111169223574))REPRESENTATION_ITEM(''));
#609=CARTESIAN_POINT('Ctrl Pnt',(-5.3983657836320E+03,-1.4743942307746E+02,1.7000000000000E+02));
#610=CARTESIAN_POINT('Ctrl Pnt',(-5.3983657836320E+03,-1.4743942307686E+02,1.6125205230138E+02));
#611=CARTESIAN_POINT('Ctrl Pnt',(-5.4036191737215E+03,-1.4733837765762E+02,1.5338569659684E+02));
#612=CARTESIAN_POINT('Ctrl Pnt',(-5.4126374775424E+03,-1.4716491665980E+02,1.4943777091353E+02));
#613=CARTESIAN_POINT('Ctrl Pnt',(-5.4223507397369E+03,-1.4697808860629E+02,1.5103890880361E+02));
#614=CARTESIAN_POINT('Ctrl Pnt',(-5.4293817276651E+03,-1.4684285229134E+02,1.5736621388335E+02));
#615=CARTESIAN_POINT('Ctrl Pnt',(-5.4315390440569E+03,-1.4680135776471E+02,1.6584388178956E+02));
#607=EDGE_CURVE('',#573,#591,#608,.T.);
#616=ADVANCED_FACE('',(#702),#617,.F.);
#617=(BOUNDED_SURFACE()B_SPLINE_SURFACE(6,11,((#618,#619,#620,#621,#622,#623,#624,#625,#626,#627,#628,#629),(#630,#631,#632,#633,#634,#635,#636,#637,#638,#639,#640,#641),(#642,#643,#644,#645,#646,#647,#648,#649,#650,#651,#652,#653),(#654,#655,#656,#657,#658,#659,#660,#661,#662,#663,#664,#665),(#666,#667,#668,#669,#670,#671,#672,#673,#674,#675,#676,#677),(#678,#679,#680,#681,#682,#683,#684,#685,#686,#687,#688,#689),(#690,#691,#692,#693,#694,#695,#696,#697,#698,#699,#700,#701)),.UNSPECIFIED.,.F.,.F.,.F.)B_SPLINE_SURFACE_WITH_KNOTS((7,7),(12,12),(1.3215703755808,1.5707963321796),(0.0,1.0),.UNSPECIFIED.)SURFACE()GEOMETRIC_REPRESENTATION_ITEM()RATIONAL_B_SPLINE_SURFACE(((1.0007767643074,1.0007767643074,1.0007767643075,1.0007767643072,1.0007767643077,1.0007767643071,1.0007767643078,1.0007767643071,1.0007767643076,1.0007767643073,1.0007767643074,1.0007767643074),(1.0002586532548,1.0002586532548,1.0002586532549,1.0002586532547,1.0002586532551,1.0002586532545,1.0002586532551,1.0002586532546,1.0002586532550,1.0002586532548,1.0002586532548,1.0002586532548),(9.9994821599026E-01,9.9994821599027E-01,9.9994821599021E-01,9.9994821599040E-01,9.9994821598999E-01,9.9994821599063E-01,9.9994821598990E-01,9.9994821599052E-01,9.9994821599013E-01,9.9994821599031E-01,9.9994821599025E-01,9.9994821599026E-01),(9.9984480763097E-01,9.9984480763096E-01,9.9984480763103E-01,9.9984480763085E-01,9.9984480763116E-01,9.9984480763075E-01,9.9984480763117E-01,9.9984480763083E-01,9.9984480763105E-01,9.9984480763094E-01,9.9984480763098E-01,9.9984480763097E-01),(9.9994821599026E-01,9.9994821599026E-01,9.9994821599028E-01,9.9994821599022E-01,9.9994821599034E-01,9.9994821599016E-01,9.9994821599038E-01,9.9994821599015E-01,9.9994821599034E-01,9.9994821599022E-01,9.9994821599027E-01,9.9994821599026E-01),(1.0002586532548,1.0002586532548,1.0002586532549,1.0002586532548,1.0002586532549,1.0002586532548,1.0002586532548,1.0002586532548,1.0002586532548,1.0002586532548,1.0002586532548,1.0002586532548),(1.0007767643074,1.0007767643074,1.0007767643075,1.0007767643072,1.0007767643077,1.0007767643071,1.0007767643078,1.0007767643071,1.0007767643076,1.0007767643073,1.0007767643074,1.0007767643074)))REPRESENTATION_ITEM(''));
#618=CARTESIAN_POINT('Ctrl Pnt',(-5.2652404068406E+03,1.6329396235649E+01,1.6584388178956E+02));
#619=CARTESIAN_POINT('Ctrl Pnt',(-5.2864179092570E+03,1.6329396235578E+01,1.6584388178956E+02));
#620=CARTESIAN_POINT('Ctrl Pnt',(-5.3088073005710E+03,1.3363382526410E+01,1.6584388178956E+02));
#621=CARTESIAN_POINT('Ctrl Pnt',(-5.3318321151688E+03,6.8661409948308,1.6584388178956E+02));
#622=CARTESIAN_POINT('Ctrl Pnt',(-5.3546327990541E+03,-3.6119611828640,1.6584388178956E+02));
#623=CARTESIAN_POINT('Ctrl Pnt',(-5.3760816500507E+03,-1.8208838160147E+01,1.6584388178956E+02));
#624=CARTESIAN_POINT('Ctrl Pnt',(-5.3948756343900E+03,-3.6644809057195E+01,1.6584388178956E+02));
#625=CARTESIAN_POINT('Ctrl Pnt',(-5.4098822898949E+03,-5.7808984380748E+01,1.6584388178956E+02));
#626=CARTESIAN_POINT('Ctrl Pnt',(-5.4207969290645E+03,-8.0403949808354E+01,1.6584388178956E+02));
#627=CARTESIAN_POINT('Ctrl Pnt',(-5.4277357539682E+03,-1.0329955951282E+02,1.6584388178956E+02));
#628=CARTESIAN_POINT('Ctrl Pnt',(-5.4311317843949E+03,-1.2562777166864E+02,1.6584388178956E+02));
#629=CARTESIAN_POINT('Ctrl Pnt',(-5.4315390440569E+03,-1.4680135776471E+02,1.6584388178956E+02));
#630=CARTESIAN_POINT('Ctrl Pnt',(-5.2652404068406E+03,1.6502121079617E+01,1.6652251802512E+02));
#631=CARTESIAN_POINT('Ctrl Pnt',(-5.2864399010450E+03,1.6502121079540E+01,1.6652251802512E+02));
#632=CARTESIAN_POINT('Ctrl Pnt',(-5.3088525426335E+03,1.3533027311958E+01,1.6652251802512E+02));
#633=CARTESIAN_POINT('Ctrl Pnt',(-5.3319012673614E+03,7.0290387166884,1.6652251802512E+02));
#634=CARTESIAN_POINT('Ctrl Pnt',(-5.3547256286281E+03,-3.4599444514237,1.6652251802512E+02));
#635=CARTESIAN_POINT('Ctrl Pnt',(-5.3761967531947E+03,-1.8071979562828E+01,1.6652251802512E+02));
#636=CARTESIAN_POINT('Ctrl Pnt',(-5.3950102541563E+03,-3.6527095303021E+01,1.6652251802512E+02));
#637=CARTESIAN_POINT('Ctrl Pnt',(-5.4100324933300E+03,-5.7713248574907E+01,1.6652251802512E+02));
#638=CARTESIAN_POINT('Ctrl Pnt',(-5.4209584668122E+03,-8.0331677755587E+01,1.6652251802512E+02));
#639=CARTESIAN_POINT('Ctrl Pnt',(-5.4279044973420E+03,-1.0325106341729E+02,1.6652251802512E+02));
#640=CARTESIAN_POINT('Ctrl Pnt',(-5.4313040543782E+03,-1.2560246231610E+02,1.6652251802512E+02));
#641=CARTESIAN_POINT('Ctrl Pnt',(-5.4317117369591E+03,-1.4679803613314E+02,1.6652251802512E+02));
#642=CARTESIAN_POINT('Ctrl Pnt',(-5.2652404068407E+03,1.6640901237541E+01,1.6720934433818E+02));
#643=CARTESIAN_POINT('Ctrl Pnt',(-5.2864575709049E+03,1.6640901237455E+01,1.6720934433818E+02));
#644=CARTESIAN_POINT('Ctrl Pnt',(-5.3088888935163E+03,1.3669332718810E+01,1.6720934433818E+02));
#645=CARTESIAN_POINT('Ctrl Pnt',(-5.3319568294449E+03,7.1599230240102,1.6720934433818E+02));
#646=CARTESIAN_POINT('Ctrl Pnt',(-5.3548002149045E+03,-3.3378027518456,1.6720934433818E+02));
#647=CARTESIAN_POINT('Ctrl Pnt',(-5.3762892357359E+03,-1.7962017050747E+01,1.6720934433818E+02));
#648=CARTESIAN_POINT('Ctrl Pnt',(-5.3951184178229E+03,-3.6432515200806E+01,1.6720934433818E+02));
#649=CARTESIAN_POINT('Ctrl Pnt',(-5.4101531780907E+03,-5.7636327212905E+01,1.6720934433818E+02));
#650=CARTESIAN_POINT('Ctrl Pnt',(-5.4210882584137E+03,-8.0273608941251E+01,1.6720934433818E+02));
#651=CARTESIAN_POINT('Ctrl Pnt',(-5.4280400784867E+03,-1.0321209799900E+02,1.6720934433818E+02));
#652=CARTESIAN_POINT('Ctrl Pnt',(-5.4314424690667E+03,-1.2558212687470E+02,1.6720934433818E+02));
#653=CARTESIAN_POINT('Ctrl Pnt',(-5.4318504914527E+03,-1.4679536728399E+02,1.6720934433818E+02));
#654=CARTESIAN_POINT('Ctrl Pnt',(-5.2652404068407E+03,1.6745322430217E+01,1.6790244712477E+02));
#655=CARTESIAN_POINT('Ctrl Pnt',(-5.2864708660898E+03,1.6745322430128E+01,1.6790244712477E+02));
#656=CARTESIAN_POINT('Ctrl Pnt',(-5.3089162447069E+03,1.3771891855235E+01,1.6790244712477E+02));
#657=CARTESIAN_POINT('Ctrl Pnt',(-5.3319986355584E+03,7.2584032079294,1.6790244712477E+02));
#658=CARTESIAN_POINT('Ctrl Pnt',(-5.3548563352321E+03,-3.2459006951707,1.6790244712477E+02));
#659=CARTESIAN_POINT('Ctrl Pnt',(-5.3763588216005E+03,-1.7879278878109E+01,1.6790244712476E+02));
#660=CARTESIAN_POINT('Ctrl Pnt',(-5.3951998025052E+03,-3.6361351086127E+01,1.6790244712477E+02));
#661=CARTESIAN_POINT('Ctrl Pnt',(-5.4102439839151E+03,-5.7578449916321E+01,1.6790244712476E+02));
#662=CARTESIAN_POINT('Ctrl Pnt',(-5.4211859164222E+03,-8.0229916709297E+01,1.6790244712477E+02));
#663=CARTESIAN_POINT('Ctrl Pnt',(-5.4281420926726E+03,-1.0318277957546E+02,1.6790244712477E+02));
#664=CARTESIAN_POINT('Ctrl Pnt',(-5.4315466152724E+03,-1.2556682604875E+02,1.6790244712477E+02));
#665=CARTESIAN_POINT('Ctrl Pnt',(-5.4319548933349E+03,-1.4679335918418E+02,1.6790244712477E+02));
#666=CARTESIAN_POINT('Ctrl Pnt',(-5.2652404068408E+03,1.6815083974381E+01,1.6859989144886E+02));
#667=CARTESIAN_POINT('Ctrl Pnt',(-5.2864797483157E+03,1.6815083974285E+01,1.6859989144886E+02));
#668=CARTESIAN_POINT('Ctrl Pnt',(-5.3089345174468E+03,1.3840409399821E+01,1.6859989144886E+02));
#669=CARTESIAN_POINT('Ctrl Pnt',(-5.3320265653201E+03,7.3241956924085,1.6859989144886E+02));
#670=CARTESIAN_POINT('Ctrl Pnt',(-5.3548938280113E+03,-3.1845029154624,1.6859989144886E+02));
#671=CARTESIAN_POINT('Ctrl Pnt',(-5.3764053104140E+03,-1.7824003291455E+01,1.6859989144886E+02));
#672=CARTESIAN_POINT('Ctrl Pnt',(-5.3952541738542E+03,-3.6313807877722E+01,1.6859989144886E+02));
#673=CARTESIAN_POINT('Ctrl Pnt',(-5.4103046493257E+03,-5.7539783344147E+01,1.6859989144886E+02));
#674=CARTESIAN_POINT('Ctrl Pnt',(-5.4212511596290E+03,-8.0200726872567E+01,1.6859989144886E+02));
#675=CARTESIAN_POINT('Ctrl Pnt',(-5.4282102461475E+03,-1.0316319256974E+02,1.6859989144886E+02));
#676=CARTESIAN_POINT('Ctrl Pnt',(-5.4316161931036E+03,-1.2555660389732E+02,1.6859989144886E+02));
#677=CARTESIAN_POINT('Ctrl Pnt',(-5.4320246419782E+03,-1.4679201761607E+02,1.6859989144886E+02));
#678=CARTESIAN_POINT('Ctrl Pnt',(-5.2652404068408E+03,1.6850000003771E+01,1.6929972799223E+02));
#679=CARTESIAN_POINT('Ctrl Pnt',(-5.2864841939178E+03,1.6850000003669E+01,1.6929972799223E+02));
#680=CARTESIAN_POINT('Ctrl Pnt',(-5.3089436630517E+03,1.3874702800703E+01,1.6929972799223E+02));
#681=CARTESIAN_POINT('Ctrl Pnt',(-5.3320405443167E+03,7.3571251859884,1.6929972799223E+02));
#682=CARTESIAN_POINT('Ctrl Pnt',(-5.3549125933497E+03,-3.1537729953277,1.6929972799223E+02));
#683=CARTESIAN_POINT('Ctrl Pnt',(-5.3764285783161E+03,-1.7796337562019E+01,1.6929972799223E+02));
#684=CARTESIAN_POINT('Ctrl Pnt',(-5.3952813870080E+03,-3.6290012245304E+01,1.6929972799223E+02));
#685=CARTESIAN_POINT('Ctrl Pnt',(-5.4103350126911E+03,-5.7520430516105E+01,1.6929972799223E+02));
#686=CARTESIAN_POINT('Ctrl Pnt',(-5.4212838142062E+03,-8.0186117201750E+01,1.6929972799223E+02));
#687=CARTESIAN_POINT('Ctrl Pnt',(-5.4282443573296E+03,-1.0315338916769E+02,1.6929972799223E+02));
#688=CARTESIAN_POINT('Ctrl Pnt',(-5.4316510171837E+03,-1.2555148765538E+02,1.6929972799223E+02));
#689=CARTESIAN_POINT('Ctrl Pnt',(-5.4320595515506E+03,-1.4679134615402E+02,1.6929972799223E+02));
#690=CARTESIAN_POINT('Ctrl Pnt',(-5.2652404068409E+03,1.6850000000000E+01,1.7000000009073E+02));
#691=CARTESIAN_POINT('Ctrl Pnt',(-5.2864841939173E+03,1.6849999999893E+01,1.7000000009073E+02));
#692=CARTESIAN_POINT('Ctrl Pnt',(-5.3089436630508E+03,1.3874702796984E+01,1.7000000009073E+02));
#693=CARTESIAN_POINT('Ctrl Pnt',(-5.3320405443152E+03,7.3571251824179,1.7000000009073E+02));
#694=CARTESIAN_POINT('Ctrl Pnt',(-5.3549125933478E+03,-3.1537729986776,1.7000000009073E+02));
#695=CARTESIAN_POINT('Ctrl Pnt',(-5.3764285783135E+03,-1.7796337565039E+01,1.7000000009073E+02));
#696=CARTESIAN_POINT('Ctrl Pnt',(-5.3952813870051E+03,-3.6290012247901E+01,1.7000000009073E+02));
#697=CARTESIAN_POINT('Ctrl Pnt',(-5.4103350126879E+03,-5.7520430518254E+01,1.7000000009073E+02));
#698=CARTESIAN_POINT('Ctrl Pnt',(-5.4212838142027E+03,-8.0186117203357E+01,1.7000000009073E+02));
#699=CARTESIAN_POINT('Ctrl Pnt',(-5.4282443573259E+03,-1.0315338916880E+02,1.7000000009073E+02));
#700=CARTESIAN_POINT('Ctrl Pnt',(-5.4316510171799E+03,-1.2555148765598E+02,1.7000000009073E+02));
#701=CARTESIAN_POINT('Ctrl Pnt',(-5.4320595515468E+03,-1.4679134615414E+02,1.7000000009073E+02));
#702=FACE_OUTER_BOUND('',#703,.F.);
#703=EDGE_LOOP('',(#704,#705,#706,#723));
#704=ORIENTED_EDGE('',*,*,#590,.F.);
#705=ORIENTED_EDGE('',*,*,#429,.T.);
#706=ORIENTED_EDGE('',*,*,#707,.T.);
#708=VERTEX_POINT('',#709);
#709=CARTESIAN_POINT('',(-5.4320595515468E+03,-1.4679134615371E+02,1.7000000009073E+02));
#710=(BOUNDED_CURVE()B_SPLINE_CURVE(11,(#711,#712,#713,#714,#715,#716,#717,#718,#719,#720,#721,#722),.UNSPECIFIED.,.F.,.F.)B_SPLINE_CURVE_WITH_KNOTS((12,12),(0.0,1.0),.UNSPECIFIED.)CURVE()GEOMETRIC_REPRESENTATION_ITEM()RATIONAL_B_SPLINE_CURVE((1.1325565742273,1.1325565742273,1.1325565742273,1.1325565742274,1.1325565742272,1.1325565742275,1.1325565742271,1.1325565742274,1.1325565742273,1.1325565742273,1.1325565742273,1.1325565742273))REPRESENTATION_ITEM(''));
#711=CARTESIAN_POINT('Ctrl Pnt',(-5.2652404068400E+03,1.6850000000000E+01,1.7000000009073E+02));
#712=CARTESIAN_POINT('Ctrl Pnt',(-5.2864841939165E+03,1.6849999999999E+01,1.7000000009073E+02));
#713=CARTESIAN_POINT('Ctrl Pnt',(-5.3089436630500E+03,1.3874702797214E+01,1.7000000009073E+02));
#714=CARTESIAN_POINT('Ctrl Pnt',(-5.3320405443144E+03,7.3571251827441,1.7000000009073E+02));
#715=CARTESIAN_POINT('Ctrl Pnt',(-5.3549125933470E+03,-3.1537729982024,1.7000000009073E+02));
#716=CARTESIAN_POINT('Ctrl Pnt',(-5.3764285783129E+03,-1.7796337564486E+01,1.7000000009073E+02));
#717=CARTESIAN_POINT('Ctrl Pnt',(-5.3952813870045E+03,-3.6290012247239E+01,1.7000000009073E+02));
#718=CARTESIAN_POINT('Ctrl Pnt',(-5.4103350126874E+03,-5.7520430517504E+01,1.7000000009073E+02));
#719=CARTESIAN_POINT('Ctrl Pnt',(-5.4212838142023E+03,-8.0186117202575E+01,1.7000000009073E+02));
#720=CARTESIAN_POINT('Ctrl Pnt',(-5.4282443573257E+03,-1.0315338916797E+02,1.7000000009073E+02));
#721=CARTESIAN_POINT('Ctrl Pnt',(-5.4316510171798E+03,-1.2555148765514E+02,1.7000000009073E+02));
#722=CARTESIAN_POINT('Ctrl Pnt',(-5.4320595515468E+03,-1.4679134615329E+02,1.7000000009073E+02));
#707=EDGE_CURVE('',#422,#708,#710,.T.);
#723=ORIENTED_EDGE('',*,*,#724,.F.);
#725=(BOUNDED_CURVE()B_SPLINE_CURVE(6,(#726,#727,#728,#729,#730,#731,#732),.UNSPECIFIED.,.F.,.F.)B_SPLINE_CURVE_WITH_KNOTS((7,7),(1.3215703755808,1.5707963321796),.UNSPECIFIED.)CURVE()GEOMETRIC_REPRESENTATION_ITEM()RATIONAL_B_SPLINE_CURVE((1.0007767643074,1.0002586532548,9.9994821599026E-01,9.9984480763097E-01,9.9994821599026E-01,1.0002586532548,1.0007767643074))REPRESENTATION_ITEM(''));
#726=CARTESIAN_POINT('Ctrl Pnt',(-5.4315390440569E+03,-1.4680135776471E+02,1.6584388178956E+02));
#727=CARTESIAN_POINT('Ctrl Pnt',(-5.4317117369591E+03,-1.4679803613314E+02,1.6652251802512E+02));
#728=CARTESIAN_POINT('Ctrl Pnt',(-5.4318504914527E+03,-1.4679536728399E+02,1.6720934433818E+02));
#729=CARTESIAN_POINT('Ctrl Pnt',(-5.4319548933349E+03,-1.4679335918418E+02,1.6790244712477E+02));
#730=CARTESIAN_POINT('Ctrl Pnt',(-5.4320246419782E+03,-1.4679201761607E+02,1.6859989144886E+02));
#731=CARTESIAN_POINT('Ctrl Pnt',(-5.4320595515506E+03,-1.4679134615402E+02,1.6929972799223E+02));
#732=CARTESIAN_POINT('Ctrl Pnt',(-5.4320595515468E+03,-1.4679134615414E+02,1.7000000009073E+02));
#724=EDGE_CURVE('',#591,#708,#725,.T.);
#733=ADVANCED_FACE('',(#819),#734,.F.);
#734=(BOUNDED_SURFACE()B_SPLINE_SURFACE(6,11,((#735,#736,#737,#738,#739,#740,#741,#742,#743,#744,#745,#746),(#747,#748,#749,#750,#751,#752,#753,#754,#755,#756,#757,#758),(#759,#760,#761,#762,#763,#764,#765,#766,#767,#768,#769,#770),(#771,#772,#773,#774,#775,#776,#777,#778,#779,#780,#781,#782),(#783,#784,#785,#786,#787,#788,#789,#790,#791,#792,#793,#794),(#795,#796,#797,#798,#799,#800,#801,#802,#803,#804,#805,#806),(#807,#808,#809,#810,#811,#812,#813,#814,#815,#816,#817,#818)),.UNSPECIFIED.,.F.,.F.,.F.)B_SPLINE_SURFACE_WITH_KNOTS((7,7),(12,12),(1.5707963321796,4.7123889803847),(0.0,1.0),.UNSPECIFIED.)SURFACE()GEOMETRIC_REPRESENTATION_ITEM()RATIONAL_B_SPLINE_SURFACE(((1.1325565742273,1.1325565742273,1.1325565742273,1.1325565742274,1.1325565742272,1.1325565742275,1.1325565742271,1.1325565742274,1.1325565742273,1.1325565742273,1.1325565742273,1.1325565742273),(1.0363466312363,1.0363466312362,1.0363466312364,1.0363466312358,1.0363466312369,1.0363466312354,1.0363466312371,1.0363466312357,1.0363466312366,1.0363466312361,1.0363466312363,1.0363466312363),(9.9231630937414E-01,9.9231630937413E-01,9.9231630937416E-01,9.9231630937409E-01,9.9231630937420E-01,9.9231630937406E-01,9.9231630937423E-01,9.9231630937404E-01,9.9231630937421E-01,9.9231630937410E-01,9.9231630937415E-01,9.9231630937414E-01),(9.7646189977431E-01,9.7646189977429E-01,9.7646189977438E-01,9.7646189977416E-01,9.7646189977452E-01,9.7646189977408E-01,9.7646189977451E-01,9.7646189977417E-01,9.7646189977438E-01,9.7646189977428E-01,9.7646189977432E-01,9.7646189977431E-01),(9.9231630937414E-01,9.9231630937412E-01,9.9231630937422E-01,9.9231630937396E-01,9.9231630937443E-01,9.9231630937376E-01,9.9231630937453E-01,9.9231630937381E-01,9.9231630937435E-01,9.9231630937404E-01,9.9231630937416E-01,9.9231630937414E-01),(1.0363466312363,1.0363466312362,1.0363466312364,1.0363466312360,1.0363466312368,1.0363466312357,1.0363466312368,1.0363466312358,1.0363466312365,1.0363466312362,1.0363466312363,1.0363466312363),(1.1325565742273,1.1325565742273,1.1325565742273,1.1325565742274,1.1325565742272,1.1325565742275,1.1325565742271,1.1325565742274,1.1325565742273,1.1325565742273,1.1325565742273,1.1325565742273)))REPRESENTATION_ITEM(''));
#735=CARTESIAN_POINT('Ctrl Pnt',(-5.2652404068400E+03,1.6850000000000E+01,1.7000000009073E+02));
#736=CARTESIAN_POINT('Ctrl Pnt',(-5.2864841939165E+03,1.6849999999999E+01,1.7000000009073E+02));
#737=CARTESIAN_POINT('Ctrl Pnt',(-5.3089436630500E+03,1.3874702797214E+01,1.7000000009073E+02));
#738=CARTESIAN_POINT('Ctrl Pnt',(-5.3320405443144E+03,7.3571251827441,1.7000000009073E+02));
#739=CARTESIAN_POINT('Ctrl Pnt',(-5.3549125933470E+03,-3.1537729982024,1.7000000009073E+02));
#740=CARTESIAN_POINT('Ctrl Pnt',(-5.3764285783129E+03,-1.7796337564486E+01,1.7000000009073E+02));
#741=CARTESIAN_POINT('Ctrl Pnt',(-5.3952813870045E+03,-3.6290012247239E+01,1.7000000009073E+02));
#742=CARTESIAN_POINT('Ctrl Pnt',(-5.4103350126874E+03,-5.7520430517504E+01,1.7000000009073E+02));
#743=CARTESIAN_POINT('Ctrl Pnt',(-5.4212838142023E+03,-8.0186117202575E+01,1.7000000009073E+02));
#744=CARTESIAN_POINT('Ctrl Pnt',(-5.4282443573257E+03,-1.0315338916797E+02,1.7000000009073E+02));
#745=CARTESIAN_POINT('Ctrl Pnt',(-5.4316510171798E+03,-1.2555148765514E+02,1.7000000009073E+02));
#746=CARTESIAN_POINT('Ctrl Pnt',(-5.4320595515468E+03,-1.4679134615329E+02,1.7000000009073E+02));
#747=CARTESIAN_POINT('Ctrl Pnt',(-5.2652404068407E+03,1.6849999948097E+01,1.7963901222544E+02));
#748=CARTESIAN_POINT('Ctrl Pnt',(-5.2864841939105E+03,1.6849999948015E+01,1.7963901222544E+02));
#749=CARTESIAN_POINT('Ctrl Pnt',(-5.3089436630370E+03,1.3874702746047E+01,1.7963901222544E+02));
#750=CARTESIAN_POINT('Ctrl Pnt',(-5.3320405442942E+03,7.3571251335595,1.7963901222544E+02));
#751=CARTESIAN_POINT('Ctrl Pnt',(-5.3549125933196E+03,-3.1537730442844,1.7963901222543E+02));
#752=CARTESIAN_POINT('Ctrl Pnt',(-5.3764285782789E+03,-1.7796337606016E+01,1.7963901222544E+02));
#753=CARTESIAN_POINT('Ctrl Pnt',(-5.3952813869645E+03,-3.6290012283146E+01,1.7963901222543E+02));
#754=CARTESIAN_POINT('Ctrl Pnt',(-5.4103350126427E+03,-5.7520430546855E+01,1.7963901222544E+02));
#755=CARTESIAN_POINT('Ctrl Pnt',(-5.4212838141541E+03,-8.0186117224903E+01,1.7963901222544E+02));
#756=CARTESIAN_POINT('Ctrl Pnt',(-5.4282443572752E+03,-1.0315338918320E+02,1.7963901222544E+02));
#757=CARTESIAN_POINT('Ctrl Pnt',(-5.4316510171281E+03,-1.2555148766340E+02,1.7963901222544E+02));
#758=CARTESIAN_POINT('Ctrl Pnt',(-5.4320595514949E+03,-1.4679134615495E+02,1.7963901222544E+02));
#759=CARTESIAN_POINT('Ctrl Pnt',(-5.2652404068412E+03,1.0526661269354E+01,1.8809291871663E+02));
#760=CARTESIAN_POINT('Ctrl Pnt',(-5.2856790895629E+03,1.0526661269196E+01,1.8809291871663E+02));
#761=CARTESIAN_POINT('Ctrl Pnt',(-5.3072873820044E+03,7.6641229037372,1.8809291871663E+02));
#762=CARTESIAN_POINT('Ctrl Pnt',(-5.3295089297126E+03,1.3935506889357,1.8809291871663E+02));
#763=CARTESIAN_POINT('Ctrl Pnt',(-5.3515141659582E+03,-8.7190018550566,1.8809291871664E+02));
#764=CARTESIAN_POINT('Ctrl Pnt',(-5.3722147307198E+03,-2.2806637469473E+01,1.8809291871663E+02));
#765=CARTESIAN_POINT('Ctrl Pnt',(-5.3903530491783E+03,-4.0599432503671E+01,1.8809291871663E+02));
#766=CARTESIAN_POINT('Ctrl Pnt',(-5.4048361673734E+03,-6.1025253074796E+01,1.8809291871663E+02));
#767=CARTESIAN_POINT('Ctrl Pnt',(-5.4153700274397E+03,-8.2831947764329E+01,1.8809291871663E+02));
#768=CARTESIAN_POINT('Ctrl Pnt',(-5.4220667775037E+03,-1.0492879815137E+02,1.8809291871663E+02));
#769=CARTESIAN_POINT('Ctrl Pnt',(-5.4253443305900E+03,-1.2647804579256E+02,1.8809291871663E+02));
#770=CARTESIAN_POINT('Ctrl Pnt',(-5.4257373821807E+03,-1.4691294882248E+02,1.8809291871663E+02));
#771=CARTESIAN_POINT('Ctrl Pnt',(-5.2652404068415E+03,-5.7889742777206E-08,1.9150164575914E+02));
#772=CARTESIAN_POINT('Ctrl Pnt',(-5.2843388069628E+03,-5.8078391873551E-08,1.9150164575914E+02));
#773=CARTESIAN_POINT('Ctrl Pnt',(-5.3045301187322E+03,-2.6748252320657,1.9150164575914E+02));
#774=CARTESIAN_POINT('Ctrl Pnt',(-5.3252944710745E+03,-8.5341997710253,1.9150164575914E+02));
#775=CARTESIAN_POINT('Ctrl Pnt',(-5.3458566967476E+03,-1.7983613775049E+01,1.9150164575914E+02));
#776=CARTESIAN_POINT('Ctrl Pnt',(-5.3651998057894E+03,-3.1147441669118E+01,1.9150164575915E+02));
#777=CARTESIAN_POINT('Ctrl Pnt',(-5.3821486898326E+03,-4.7773460256911E+01,1.9150164575914E+02));
#778=CARTESIAN_POINT('Ctrl Pnt',(-5.3956820662278E+03,-6.6859841673376E+01,1.9150164575915E+02));
#779=CARTESIAN_POINT('Ctrl Pnt',(-5.4055251601839E+03,-8.7236545308167E+01,1.9150164575914E+02));
#780=CARTESIAN_POINT('Ctrl Pnt',(-5.4117827656263E+03,-1.0788437745376E+02,1.9150164575914E+02));
#781=CARTESIAN_POINT('Ctrl Pnt',(-5.4148453906062E+03,-1.2802051633170E+02,1.9150164575914E+02));
#782=CARTESIAN_POINT('Ctrl Pnt',(-5.4152126675315E+03,-1.4711538461755E+02,1.9150164575914E+02));
#783=CARTESIAN_POINT('Ctrl Pnt',(-5.2652404068412E+03,-1.0526661366779E+01,1.8809291865995E+02));
#784=CARTESIAN_POINT('Ctrl Pnt',(-5.2829985243646E+03,-1.0526661366937E+01,1.8809291865995E+02));
#785=CARTESIAN_POINT('Ctrl Pnt',(-5.3017728554642E+03,-1.3013773349721E+01,1.8809291865995E+02));
#786=CARTESIAN_POINT('Ctrl Pnt',(-5.3210800124433E+03,-1.8461950213480E+01,1.8809291865996E+02));
#787=CARTESIAN_POINT('Ctrl Pnt',(-5.3401992275464E+03,-2.7248225678648E+01,1.8809291865993E+02));
#788=CARTESIAN_POINT('Ctrl Pnt',(-5.3581848808707E+03,-3.9488245853890E+01,1.8809291865997E+02));
#789=CARTESIAN_POINT('Ctrl Pnt',(-5.3739443305010E+03,-5.4947487997293E+01,1.8809291865993E+02));
#790=CARTESIAN_POINT('Ctrl Pnt',(-5.3865279650980E+03,-7.2694430261363E+01,1.8809291865997E+02));
#791=CARTESIAN_POINT('Ctrl Pnt',(-5.3956802929451E+03,-9.1641142843887E+01,1.8809291865994E+02));
#792=CARTESIAN_POINT('Ctrl Pnt',(-5.4014987537667E+03,-1.1083995675053E+02,1.8809291865995E+02));
#793=CARTESIAN_POINT('Ctrl Pnt',(-5.4043464506406E+03,-1.2956298686768E+02,1.8809291865995E+02));
#794=CARTESIAN_POINT('Ctrl Pnt',(-5.4046879529007E+03,-1.4731782041179E+02,1.8809291865995E+02));
#795=CARTESIAN_POINT('Ctrl Pnt',(-5.2652404068407E+03,-1.6850000000000E+01,1.7963901213471E+02));
#796=CARTESIAN_POINT('Ctrl Pnt',(-5.2821934200216E+03,-1.6850000000084E+01,1.7963901213471E+02));
#797=CARTESIAN_POINT('Ctrl Pnt',(-5.3001165744424E+03,-1.9224353147024E+01,1.7963901213470E+02));
#798=CARTESIAN_POINT('Ctrl Pnt',(-5.3185483978788E+03,-2.4425524614688E+01,1.7963901213471E+02));
#799=CARTESIAN_POINT('Ctrl Pnt',(-5.3368008002083E+03,-3.2813454448749E+01,1.7963901213470E+02));
#800=CARTESIAN_POINT('Ctrl Pnt',(-5.3539710333412E+03,-4.4498545680489E+01,1.7963901213471E+02));
#801=CARTESIAN_POINT('Ctrl Pnt',(-5.3690159927495E+03,-5.9256908185879E+01,1.7963901213470E+02));
#802=CARTESIAN_POINT('Ctrl Pnt',(-5.3810291198677E+03,-7.6199252763076E+01,1.7963901213471E+02));
#803=CARTESIAN_POINT('Ctrl Pnt',(-5.3897665062728E+03,-9.4286973363159E+01,1.7963901213470E+02));
#804=CARTESIAN_POINT('Ctrl Pnt',(-5.3953211740394E+03,-1.1261536570480E+02,1.7963901213471E+02));
#805=CARTESIAN_POINT('Ctrl Pnt',(-5.3980397641477E+03,-1.3048954498900E+02,1.7963901213471E+02));
#806=CARTESIAN_POINT('Ctrl Pnt',(-5.3983657836320E+03,-1.4743942307728E+02,1.7963901213471E+02));
#807=CARTESIAN_POINT('Ctrl Pnt',(-5.2652404068400E+03,-1.6850000000000E+01,1.7000000000000E+02));
#808=CARTESIAN_POINT('Ctrl Pnt',(-5.2821934200209E+03,-1.6850000000000E+01,1.7000000000000E+02));
#809=CARTESIAN_POINT('Ctrl Pnt',(-5.3001165744418E+03,-1.9224353146846E+01,1.7000000000000E+02));
#810=CARTESIAN_POINT('Ctrl Pnt',(-5.3185483978782E+03,-2.4425524614428E+01,170.0));
#811=CARTESIAN_POINT('Ctrl Pnt',(-5.3368008002078E+03,-3.2813454448387E+01,1.7000000000000E+02));
#812=CARTESIAN_POINT('Ctrl Pnt',(-5.3539710333406E+03,-4.4498545680042E+01,1.7000000000000E+02));
#813=CARTESIAN_POINT('Ctrl Pnt',(-5.3690159927490E+03,-5.9256908185376E+01,1.7000000000000E+02));
#814=CARTESIAN_POINT('Ctrl Pnt',(-5.3810291198673E+03,-7.6199252762477E+01,1.7000000000000E+02));
#815=CARTESIAN_POINT('Ctrl Pnt',(-5.3897665062725E+03,-9.4286973362554E+01,1.7000000000000E+02));
#816=CARTESIAN_POINT('Ctrl Pnt',(-5.3953211740392E+03,-1.1261536570414E+02,1.7000000000000E+02));
#817=CARTESIAN_POINT('Ctrl Pnt',(-5.3980397641476E+03,-1.3048954498834E+02,1.7000000000000E+02));
#818=CARTESIAN_POINT('Ctrl Pnt',(-5.3983657836319E+03,-1.4743942307661E+02,1.7000000000000E+02));
#819=FACE_OUTER_BOUND('',#820,.F.);
#820=EDGE_LOOP('',(#821,#822,#823,#824));
#821=ORIENTED_EDGE('',*,*,#707,.F.);
#822=ORIENTED_EDGE('',*,*,#450,.T.);
#823=ORIENTED_EDGE('',*,*,#572,.T.);
#824=ORIENTED_EDGE('',*,*,#825,.F.);
#826=(BOUNDED_CURVE()B_SPLINE_CURVE(6,(#827,#828,#829,#830,#831,#832,#833),.UNSPECIFIED.,.F.,.F.)B_SPLINE_CURVE_WITH_KNOTS((7,7),(1.5707963321796,4.7123889803847),.UNSPECIFIED.)CURVE()GEOMETRIC_REPRESENTATION_ITEM()RATIONAL_B_SPLINE_CURVE((1.1325565742273,1.0363466312363,9.9231630937414E-01,9.7646189977431E-01,9.9231630937414E-01,1.0363466312363,1.1325565742273))REPRESENTATION_ITEM(''));
#827=CARTESIAN_POINT('Ctrl Pnt',(-5.4320595515468E+03,-1.4679134615329E+02,1.7000000009073E+02));
#828=CARTESIAN_POINT('Ctrl Pnt',(-5.4320595514949E+03,-1.4679134615495E+02,1.7963901222544E+02));
#829=CARTESIAN_POINT('Ctrl Pnt',(-5.4257373821807E+03,-1.4691294882248E+02,1.8809291871663E+02));
#830=CARTESIAN_POINT('Ctrl Pnt',(-5.4152126675315E+03,-1.4711538461755E+02,1.9150164575914E+02));
#831=CARTESIAN_POINT('Ctrl Pnt',(-5.4046879529007E+03,-1.4731782041179E+02,1.8809291865995E+02));
#832=CARTESIAN_POINT('Ctrl Pnt',(-5.3983657836320E+03,-1.4743942307728E+02,1.7963901213471E+02));
#833=CARTESIAN_POINT('Ctrl Pnt',(-5.3983657836319E+03,-1.4743942307661E+02,1.7000000000000E+02));
#825=EDGE_CURVE('',#708,#573,#826,.T.);
#834=ADVANCED_FACE('',(#840),#835,.F.);
#836=AXIS2_PLACEMENT_3D('',#837,#838,#839);
#837=CARTESIAN_POINT('',(-2.5248027974100E+03,0.0,20.0));
#838=DIRECTION('',(0.0,-1.0,0.0));
#839=DIRECTION('',(5.6661519920453E-12,0.0,-1.0));
#835=TOROIDAL_SURFACE('',#836,150.0,1.4080000000000E+01);
#840=FACE_OUTER_BOUND('',#841,.F.);
#841=EDGE_LOOP('',(#842,#843,#852,#861,#870,#877));
#842=ORIENTED_EDGE('',*,*,#476,.F.);
#843=ORIENTED_EDGE('',*,*,#844,.T.);
#845=VERTEX_POINT('',#846);
#846=CARTESIAN_POINT('',(-2.5248027974108E+03,-1.4080000000000E+01,1.6999999999911E+02));
#848=AXIS2_PLACEMENT_3D('',#849,#850,#851);
#849=CARTESIAN_POINT('',(-2.5248027974100E+03,-1.4080000000000E+01,20.0));
#850=DIRECTION('',(0.0,-1.0,0.0));
#851=DIRECTION('',(5.6661519920453E-12,0.0,-1.0));
#847=CIRCLE('',#848,1.4999999999911E+02);
#844=EDGE_CURVE('',#469,#845,#847,.T.);
#852=ORIENTED_EDGE('',*,*,#853,.T.);
#854=VERTEX_POINT('',#855);
#855=CARTESIAN_POINT('',(-2.5248027974108E+03,1.3644979169237E+01,1.6652711309267E+02));
#857=AXIS2_PLACEMENT_3D('',#858,#859,#860);
#858=CARTESIAN_POINT('',(-2.5248027974108E+03,0.0,170.0));
#859=DIRECTION('',(1.0,0.0,5.6629209028965E-12));
#860=DIRECTION('',(-5.6629209028965E-12,0.0,1.0));
#856=CIRCLE('',#857,1.4080000000000E+01);
#853=EDGE_CURVE('',#845,#854,#856,.T.);
#861=ORIENTED_EDGE('',*,*,#862,.T.);
#863=VERTEX_POINT('',#864);
#864=CARTESIAN_POINT('',(-2.5248027974108E+03,1.4080000000000E+01,1.7000000007671E+02));
#866=AXIS2_PLACEMENT_3D('',#867,#868,#869);
#867=CARTESIAN_POINT('',(-2.5248027974108E+03,0.0,170.0));
#868=DIRECTION('',(1.0,0.0,5.6629209028965E-12));
#869=DIRECTION('',(-5.6629209028965E-12,0.0,1.0));
#865=CIRCLE('',#866,1.4080000000000E+01);
#862=EDGE_CURVE('',#854,#863,#865,.T.);
#870=ORIENTED_EDGE('',*,*,#871,.T.);
#873=AXIS2_PLACEMENT_3D('',#874,#875,#876);
#874=CARTESIAN_POINT('',(-2.5248027974108E+03,0.0,170.0));
#875=DIRECTION('',(1.0,0.0,5.6629209028965E-12));
#876=DIRECTION('',(-5.6629209028965E-12,0.0,1.0));
#872=CIRCLE('',#873,1.4080000000000E+01);
#871=EDGE_CURVE('',#863,#845,#872,.T.);
#877=ORIENTED_EDGE('',*,*,#844,.F.);
#878=ADVANCED_FACE('',(#957),#879,.F.);
#879=(BOUNDED_SURFACE()B_SPLINE_SURFACE(6,10,((#880,#881,#882,#883,#884,#885,#886,#887,#888,#889,#890),(#891,#892,#893,#894,#895,#896,#897,#898,#899,#900,#901),(#902,#903,#904,#905,#906,#907,#908,#909,#910,#911,#912),(#913,#914,#915,#916,#917,#918,#919,#920,#921,#922,#923),(#924,#925,#926,#927,#928,#929,#930,#931,#932,#933,#934),(#935,#936,#937,#938,#939,#940,#941,#942,#943,#944,#945),(#946,#947,#948,#949,#950,#951,#952,#953,#954,#955,#956)),.UNSPECIFIED.,.F.,.F.,.F.)B_SPLINE_SURFACE_WITH_KNOTS((7,7),(11,11),(4.7123889803847,7.6047556827604),(0.0,1.0),.UNSPECIFIED.)SURFACE()GEOMETRIC_REPRESENTATION_ITEM()RATIONAL_B_SPLINE_SURFACE(((1.1111169223574,1.1111169223574,1.1111169223574,1.1111169223575,1.1111169223573,1.1111169223575,1.1111169223573,1.1111169223575,1.1111169223574,1.1111169223574,1.1111169223574),(1.0315284552156,1.0315284552156,1.0315284552155,1.0315284552158,1.0315284552153,1.0315284552159,1.0315284552153,1.0315284552157,1.0315284552155,1.0315284552156,1.0315284552156),(9.9329074453088E-01,9.9329074453090E-01,9.9329074453083E-01,9.9329074453099E-01,9.9329074453074E-01,9.9329074453104E-01,9.9329074453076E-01,9.9329074453097E-01,9.9329074453085E-01,9.9329074453089E-01,9.9329074453088E-01),(9.8003511783858E-01,9.8003511783859E-01,9.8003511783853E-01,9.8003511783867E-01,9.8003511783846E-01,9.8003511783870E-01,9.8003511783849E-01,9.8003511783862E-01,9.8003511783857E-01,9.8003511783858E-01,9.8003511783858E-01),(9.9329074453089E-01,9.9329074453090E-01,9.9329074453082E-01,9.9329074453103E-01,9.9329074453068E-01,9.9329074453112E-01,9.9329074453069E-01,9.9329074453100E-01,9.9329074453084E-01,9.9329074453090E-01,9.9329074453089E-01),(1.0315284552156,1.0315284552156,1.0315284552154,1.0315284552160,1.0315284552150,1.0315284552162,1.0315284552150,1.0315284552159,1.0315284552154,1.0315284552156,1.0315284552156),(1.1111169223574,1.1111169223574,1.1111169223574,1.1111169223576,1.1111169223572,1.1111169223576,1.1111169223573,1.1111169223575,1.1111169223574,1.1111169223574,1.1111169223574)))REPRESENTATION_ITEM(''));
#880=CARTESIAN_POINT('Ctrl Pnt',(-5.3983657836320E+03,-1.4743942307746E+02,1.7000000000000E+02));
#881=CARTESIAN_POINT('Ctrl Pnt',(-5.4007438002261E+03,-2.7107341825981E+02,1.7000000000000E+02));
#882=CARTESIAN_POINT('Ctrl Pnt',(-5.4177599959843E+03,-3.9860139762483E+02,1.7000000000000E+02));
#883=CARTESIAN_POINT('Ctrl Pnt',(-5.4510222676295E+03,-5.2733706451922E+02,1.7000000000000E+02));
#884=CARTESIAN_POINT('Ctrl Pnt',(-5.5014630548409E+03,-6.5386945060262E+02,1.7000000000000E+02));
#885=CARTESIAN_POINT('Ctrl Pnt',(-5.5689425979207E+03,-7.7429440806135E+02,1.7000000000000E+02));
#886=CARTESIAN_POINT('Ctrl Pnt',(-5.6518912889392E+03,-8.8463557794614E+02,1.7000000000000E+02));
#887=CARTESIAN_POINT('Ctrl Pnt',(-5.7473044444648E+03,-9.8185207600634E+02,170.0));
#888=CARTESIAN_POINT('Ctrl Pnt',(-5.8516663914733E+03,-1.0642403923039E+03,1.7000000000000E+02));
#889=CARTESIAN_POINT('Ctrl Pnt',(-5.9614799699511E+03,-1.1312770570547E+03,1.7000000000000E+02));
#890=CARTESIAN_POINT('Ctrl Pnt',(-6.0736384527863E+03,-1.1833490692665E+03,1.7000000000000E+02));
#891=CARTESIAN_POINT('Ctrl Pnt',(-5.3983657836320E+03,-1.4743942307686E+02,1.6125205230138E+02));
#892=CARTESIAN_POINT('Ctrl Pnt',(-5.4007438002260E+03,-2.7107341825922E+02,1.6125205230138E+02));
#893=CARTESIAN_POINT('Ctrl Pnt',(-5.4177599959841E+03,-3.9860139762420E+02,1.6125205230138E+02));
#894=CARTESIAN_POINT('Ctrl Pnt',(-5.4510222676293E+03,-5.2733706451870E+02,1.6125205230138E+02));
#895=CARTESIAN_POINT('Ctrl Pnt',(-5.5014630548405E+03,-6.5386945060201E+02,1.6125205230137E+02));
#896=CARTESIAN_POINT('Ctrl Pnt',(-5.5689425979204E+03,-7.7429440806087E+02,1.6125205230138E+02));
#897=CARTESIAN_POINT('Ctrl Pnt',(-5.6518912889388E+03,-8.8463557794565E+02,1.6125205230138E+02));
#898=CARTESIAN_POINT('Ctrl Pnt',(-5.7473044444644E+03,-9.8185207600592E+02,1.6125205230138E+02));
#899=CARTESIAN_POINT('Ctrl Pnt',(-5.8516663914728E+03,-1.0642403923036E+03,1.6125205230138E+02));
#900=CARTESIAN_POINT('Ctrl Pnt',(-5.9614799699506E+03,-1.1312770570544E+03,1.6125205230138E+02));
#901=CARTESIAN_POINT('Ctrl Pnt',(-6.0736384527857E+03,-1.1833490692662E+03,1.6125205230138E+02));
#902=CARTESIAN_POINT('Ctrl Pnt',(-5.4036191737215E+03,-1.4733837765762E+02,1.5338569659684E+02));
#903=CARTESIAN_POINT('Ctrl Pnt',(-5.4059864820329E+03,-2.7041564512198E+02,1.5338569659684E+02));
#904=CARTESIAN_POINT('Ctrl Pnt',(-5.4229260533333E+03,-3.9736936203737E+02,1.5338569659684E+02));
#905=CARTESIAN_POINT('Ctrl Pnt',(-5.4560385439367E+03,-5.2552532822770E+02,1.5338569659684E+02));
#906=CARTESIAN_POINT('Ctrl Pnt',(-5.5062521947174E+03,-6.5148793504902E+02,1.5338569659684E+02));
#907=CARTESIAN_POINT('Ctrl Pnt',(-5.5734278753200E+03,-7.7137061518620E+02,1.5338569659684E+02));
#908=CARTESIAN_POINT('Ctrl Pnt',(-5.6560030458080E+03,-8.8121491535813E+02,1.5338569659684E+02));
#909=CARTESIAN_POINT('Ctrl Pnt',(-5.7509865529325E+03,-9.7799364450988E+02,1.5338569659684E+02));
#910=CARTESIAN_POINT('Ctrl Pnt',(-5.8548785548540E+03,-1.0600109636620E+03,1.5338569659684E+02));
#911=CARTESIAN_POINT('Ctrl Pnt',(-5.9641976393792E+03,-1.1267457602305E+03,1.5338569659684E+02));
#912=CARTESIAN_POINT('Ctrl Pnt',(-6.0758510690846E+03,-1.1785832905551E+03,1.5338569659684E+02));
#913=CARTESIAN_POINT('Ctrl Pnt',(-5.4126374775424E+03,-1.4716491665980E+02,1.4943777091353E+02));
#914=CARTESIAN_POINT('Ctrl Pnt',(-5.4149864033344E+03,-2.6928646988614E+02,1.4943777091353E+02));
#915=CARTESIAN_POINT('Ctrl Pnt',(-5.4317944362133E+03,-3.9525437132701E+02,1.4943777091353E+02));
#916=CARTESIAN_POINT('Ctrl Pnt',(-5.4646498031465E+03,-5.2241518638919E+02,1.4943777091353E+02));
#917=CARTESIAN_POINT('Ctrl Pnt',(-5.5144735370726E+03,-6.4739967386086E+02,1.4943777091353E+02));
#918=CARTESIAN_POINT('Ctrl Pnt',(-5.5811275880053E+03,-7.6635144623061E+02,1.4943777091353E+02));
#919=CARTESIAN_POINT('Ctrl Pnt',(-5.6630615493750E+03,-8.7534278822577E+02,1.4943777091353E+02));
#920=CARTESIAN_POINT('Ctrl Pnt',(-5.7573074947060E+03,-9.7137001540423E+02,1.4943777091353E+02));
#921=CARTESIAN_POINT('Ctrl Pnt',(-5.8603927589780E+03,-1.0527504572409E+03,1.4943777091353E+02));
#922=CARTESIAN_POINT('Ctrl Pnt',(-5.9688629637082E+03,-1.1189670476732E+03,1.4943777091353E+02));
#923=CARTESIAN_POINT('Ctrl Pnt',(-6.0796493870631E+03,-1.1704020514645E+03,1.4943777091353E+02));
#924=CARTESIAN_POINT('Ctrl Pnt',(-5.4223507397369E+03,-1.4697808860629E+02,1.5103890880361E+02));
#925=CARTESIAN_POINT('Ctrl Pnt',(-5.4246798664365E+03,-2.6807027942022E+02,1.5103890880361E+02));
#926=CARTESIAN_POINT('Ctrl Pnt',(-5.4413462244283E+03,-3.9297639758460E+02,1.5103890880361E+02));
#927=CARTESIAN_POINT('Ctrl Pnt',(-5.4739246535166E+03,-5.1906537430298E+02,1.5103890880361E+02));
#928=CARTESIAN_POINT('Ctrl Pnt',(-5.5233284232546E+03,-6.4299636769317E+02,1.5103890880360E+02));
#929=CARTESIAN_POINT('Ctrl Pnt',(-5.5894206472792E+03,-7.6094549572926E+02,1.5103890880361E+02));
#930=CARTESIAN_POINT('Ctrl Pnt',(-5.6706639873957E+03,-8.6901814984527E+02,1.5103890880360E+02));
#931=CARTESIAN_POINT('Ctrl Pnt',(-5.7641155337767E+03,-9.6423596365145E+02,1.5103890880361E+02));
#932=CARTESIAN_POINT('Ctrl Pnt',(-5.8663318924911E+03,-1.0449304498504E+03,1.5103890880361E+02));
#933=CARTESIAN_POINT('Ctrl Pnt',(-5.9738878020075E+03,-1.1105889007284E+03,1.5103890880361E+02));
#934=CARTESIAN_POINT('Ctrl Pnt',(-6.0837404067449E+03,-1.1615903589401E+03,1.5103890880361E+02));
#935=CARTESIAN_POINT('Ctrl Pnt',(-5.4293817276651E+03,-1.4684285229134E+02,1.5736621388335E+02));
#936=CARTESIAN_POINT('Ctrl Pnt',(-5.4316965227039E+03,-2.6718993455673E+02,1.5736621388335E+02));
#937=CARTESIAN_POINT('Ctrl Pnt',(-5.4482603287001E+03,-3.9132747618624E+02,1.5736621388335E+02));
#938=CARTESIAN_POINT('Ctrl Pnt',(-5.4806382951010E+03,-5.1664059796475E+02,1.5736621388336E+02));
#939=CARTESIAN_POINT('Ctrl Pnt',(-5.5297380718984E+03,-6.3980901499067E+02,1.5736621388335E+02));
#940=CARTESIAN_POINT('Ctrl Pnt',(-5.5954236150234E+03,-7.5703237447797E+02,1.5736621388336E+02));
#941=CARTESIAN_POINT('Ctrl Pnt',(-5.6761670458821E+03,-8.6444003229737E+02,1.5736621388335E+02));
#942=CARTESIAN_POINT('Ctrl Pnt',(-5.7690435630593E+03,-9.5907194864327E+02,1.5736621388336E+02));
#943=CARTESIAN_POINT('Ctrl Pnt',(-5.8706309606312E+03,-1.0392699028109E+03,1.5736621388335E+02));
#944=CARTESIAN_POINT('Ctrl Pnt',(-5.9775250535013E+03,-1.1045243418967E+03,1.5736621388335E+02));
#945=CARTESIAN_POINT('Ctrl Pnt',(-6.0867017094899E+03,-1.1552119762172E+03,1.5736621388335E+02));
#946=CARTESIAN_POINT('Ctrl Pnt',(-5.4315390440569E+03,-1.4680135776471E+02,1.6584388178956E+02));
#947=CARTESIAN_POINT('Ctrl Pnt',(-5.4338494417155E+03,-2.6691981854732E+02,1.6584388178956E+02));
#948=CARTESIAN_POINT('Ctrl Pnt',(-5.4503817817069E+03,-3.9082153801735E+02,1.6584388178956E+02));
#949=CARTESIAN_POINT('Ctrl Pnt',(-5.4826982401879E+03,-5.1589660440484E+02,1.6584388178956E+02));
#950=CARTESIAN_POINT('Ctrl Pnt',(-5.5317047429022E+03,-6.3883104030231E+02,1.6584388178956E+02));
#951=CARTESIAN_POINT('Ctrl Pnt',(-5.5972655042213E+03,-7.5583171239433E+02,1.6584388178956E+02));
#952=CARTESIAN_POINT('Ctrl Pnt',(-5.6778555480387E+03,-8.6303532955460E+02,1.6584388178956E+02));
#953=CARTESIAN_POINT('Ctrl Pnt',(-5.7705556291390E+03,-9.5748747511897E+02,1.6584388178956E+02));
#954=CARTESIAN_POINT('Ctrl Pnt',(-5.8719500427098E+03,-1.0375330784787E+03,1.6584388178956E+02));
#955=CARTESIAN_POINT('Ctrl Pnt',(-5.9786410705321E+03,-1.1026635547202E+03,1.6584388178956E+02));
#956=CARTESIAN_POINT('Ctrl Pnt',(-6.0876103253232E+03,-1.1532548985291E+03,1.6584388178956E+02));
#957=FACE_OUTER_BOUND('',#958,.F.);
#958=EDGE_LOOP('',(#959,#975,#976,#992));
#959=ORIENTED_EDGE('',*,*,#960,.F.);
#961=VERTEX_POINT('',#962);
#962=CARTESIAN_POINT('',(-6.0736384527171E+03,-1.1833490692344E+03,170.0));
#963=(BOUNDED_CURVE()B_SPLINE_CURVE(10,(#964,#965,#966,#967,#968,#969,#970,#971,#972,#973,#974),.UNSPECIFIED.,.F.,.F.)B_SPLINE_CURVE_WITH_KNOTS((11,11),(0.0,1.0),.UNSPECIFIED.)CURVE()GEOMETRIC_REPRESENTATION_ITEM()RATIONAL_B_SPLINE_CURVE((1.1325565742273,1.1325565742273,1.1325565742272,1.1325565742275,1.1325565742271,1.1325565742276,1.1325565742271,1.1325565742274,1.1325565742273,1.1325565742273,1.1325565742273))REPRESENTATION_ITEM(''));
#964=CARTESIAN_POINT('Ctrl Pnt',(-5.3983657836319E+03,-1.4743942307661E+02,1.7000000000000E+02));
#965=CARTESIAN_POINT('Ctrl Pnt',(-5.4007438002260E+03,-2.7107341825897E+02,1.7000000000000E+02));
#966=CARTESIAN_POINT('Ctrl Pnt',(-5.4177599959841E+03,-3.9860139762397E+02,1.7000000000000E+02));
#967=CARTESIAN_POINT('Ctrl Pnt',(-5.4510222676292E+03,-5.2733706451845E+02,1.7000000000000E+02));
#968=CARTESIAN_POINT('Ctrl Pnt',(-5.5014630548405E+03,-6.5386945060180E+02,1.7000000000000E+02));
#969=CARTESIAN_POINT('Ctrl Pnt',(-5.5689425979202E+03,-7.7429440806066E+02,1.7000000000000E+02));
#970=CARTESIAN_POINT('Ctrl Pnt',(-5.6518912889387E+03,-8.8463557794545E+02,1.7000000000000E+02));
#971=CARTESIAN_POINT('Ctrl Pnt',(-5.7473044444642E+03,-9.8185207600575E+02,1.7000000000000E+02));
#972=CARTESIAN_POINT('Ctrl Pnt',(-5.8516663914726E+03,-1.0642403923034E+03,1.7000000000000E+02));
#973=CARTESIAN_POINT('Ctrl Pnt',(-5.9614799699504E+03,-1.1312770570542E+03,1.7000000000000E+02));
#974=CARTESIAN_POINT('Ctrl Pnt',(-6.0736384527855E+03,-1.1833490692661E+03,1.7000000000000E+02));
#960=EDGE_CURVE('',#573,#961,#963,.T.);
#975=ORIENTED_EDGE('',*,*,#607,.T.);
#976=ORIENTED_EDGE('',*,*,#977,.T.);
#978=VERTEX_POINT('',#979);
#979=CARTESIAN_POINT('',(-6.0876103252544E+03,-1.1532548984971E+03,1.6584388178956E+02));
#980=(BOUNDED_CURVE()B_SPLINE_CURVE(10,(#981,#982,#983,#984,#985,#986,#987,#988,#989,#990,#991),.UNSPECIFIED.,.F.,.F.)B_SPLINE_CURVE_WITH_KNOTS((11,11),(0.0,1.0),.UNSPECIFIED.)CURVE()GEOMETRIC_REPRESENTATION_ITEM()RATIONAL_B_SPLINE_CURVE((1.1111169223574,1.1111169223574,1.1111169223574,1.1111169223576,1.1111169223572,1.1111169223576,1.1111169223573,1.1111169223575,1.1111169223574,1.1111169223574,1.1111169223574))REPRESENTATION_ITEM(''));
#981=CARTESIAN_POINT('Ctrl Pnt',(-5.4315390440569E+03,-1.4680135776471E+02,1.6584388178956E+02));
#982=CARTESIAN_POINT('Ctrl Pnt',(-5.4338494417155E+03,-2.6691981854732E+02,1.6584388178956E+02));
#983=CARTESIAN_POINT('Ctrl Pnt',(-5.4503817817069E+03,-3.9082153801735E+02,1.6584388178956E+02));
#984=CARTESIAN_POINT('Ctrl Pnt',(-5.4826982401879E+03,-5.1589660440484E+02,1.6584388178956E+02));
#985=CARTESIAN_POINT('Ctrl Pnt',(-5.5317047429022E+03,-6.3883104030231E+02,1.6584388178956E+02));
#986=CARTESIAN_POINT('Ctrl Pnt',(-5.5972655042213E+03,-7.5583171239433E+02,1.6584388178956E+02));
#987=CARTESIAN_POINT('Ctrl Pnt',(-5.6778555480387E+03,-8.6303532955460E+02,1.6584388178956E+02));
#988=CARTESIAN_POINT('Ctrl Pnt',(-5.7705556291390E+03,-9.5748747511897E+02,1.6584388178956E+02));
#989=CARTESIAN_POINT('Ctrl Pnt',(-5.8719500427098E+03,-1.0375330784787E+03,1.6584388178956E+02));
#990=CARTESIAN_POINT('Ctrl Pnt',(-5.9786410705321E+03,-1.1026635547202E+03,1.6584388178956E+02));
#991=CARTESIAN_POINT('Ctrl Pnt',(-6.0876103253232E+03,-1.1532548985291E+03,1.6584388178956E+02));
#977=EDGE_CURVE('',#591,#978,#980,.T.);
#992=ORIENTED_EDGE('',*,*,#993,.F.);
#994=(BOUNDED_CURVE()B_SPLINE_CURVE(6,(#995,#996,#997,#998,#999,#1000,#1001),.UNSPECIFIED.,.F.,.F.)B_SPLINE_CURVE_WITH_KNOTS((7,7),(4.7123889803847,7.6047556827604),.UNSPECIFIED.)CURVE()GEOMETRIC_REPRESENTATION_ITEM()RATIONAL_B_SPLINE_CURVE((1.1111169223574,1.0315284552156,9.9329074453088E-01,9.8003511783858E-01,9.9329074453089E-01,1.0315284552156,1.1111169223574))REPRESENTATION_ITEM(''));
#995=CARTESIAN_POINT('Ctrl Pnt',(-6.0736384527863E+03,-1.1833490692665E+03,1.7000000000000E+02));
#996=CARTESIAN_POINT('Ctrl Pnt',(-6.0736384527857E+03,-1.1833490692662E+03,1.6125205230138E+02));
#997=CARTESIAN_POINT('Ctrl Pnt',(-6.0758510690846E+03,-1.1785832905551E+03,1.5338569659684E+02));
#998=CARTESIAN_POINT('Ctrl Pnt',(-6.0796493870631E+03,-1.1704020514645E+03,1.4943777091353E+02));
#999=CARTESIAN_POINT('Ctrl Pnt',(-6.0837404067449E+03,-1.1615903589401E+03,1.5103890880361E+02));
#1000=CARTESIAN_POINT('Ctrl Pnt',(-6.0867017094899E+03,-1.1552119762172E+03,1.5736621388335E+02));
#1001=CARTESIAN_POINT('Ctrl Pnt',(-6.0876103253232E+03,-1.1532548985291E+03,1.6584388178956E+02));
#993=EDGE_CURVE('',#961,#978,#994,.T.);
#1002=ADVANCED_FACE('',(#1081),#1003,.F.);
#1003=(BOUNDED_SURFACE()B_SPLINE_SURFACE(6,10,((#1004,#1005,#1006,#1007,#1008,#1009,#1010,#1011,#1012,#1013,#1014),(#1015,#1016,#1017,#1018,#1019,#1020,#1021,#1022,#1023,#1024,#1025),(#1026,#1027,#1028,#1029,#1030,#1031,#1032,#1033,#1034,#1035,#1036),(#1037,#1038,#1039,#1040,#1041,#1042,#1043,#1044,#1045,#1046,#1047),(#1048,#1049,#1050,#1051,#1052,#1053,#1054,#1055,#1056,#1057,#1058),(#1059,#1060,#1061,#1062,#1063,#1064,#1065,#1066,#1067,#1068,#1069),(#1070,#1071,#1072,#1073,#1074,#1075,#1076,#1077,#1078,#1079,#1080)),.UNSPECIFIED.,.F.,.F.,.F.)B_SPLINE_SURFACE_WITH_KNOTS((7,7),(11,11),(1.3215703755808,1.5707963321796),(0.0,1.0),.UNSPECIFIED.)SURFACE()GEOMETRIC_REPRESENTATION_ITEM()RATIONAL_B_SPLINE_SURFACE(((1.0007767643074,1.0007767643075,1.0007767643073,1.0007767643077,1.0007767643070,1.0007767643078,1.0007767643071,1.0007767643076,1.0007767643073,1.0007767643074,1.0007767643074),(1.0002586532548,1.0002586532548,1.0002586532548,1.0002586532549,1.0002586532547,1.0002586532550,1.0002586532547,1.0002586532549,1.0002586532548,1.0002586532548,1.0002586532548),(9.9994821599026E-01,9.9994821599028E-01,9.9994821599018E-01,9.9994821599045E-01,9.9994821598997E-01,9.9994821599060E-01,9.9994821598996E-01,9.9994821599045E-01,9.9994821599018E-01,9.9994821599028E-01,9.9994821599026E-01),(9.9984480763097E-01,9.9984480763099E-01,9.9984480763088E-01,9.9984480763116E-01,9.9984480763069E-01,9.9984480763130E-01,9.9984480763068E-01,9.9984480763116E-01,9.9984480763089E-01,9.9984480763099E-01,9.9984480763097E-01),(9.9994821599026E-01,9.9994821599029E-01,9.9994821599015E-01,9.9994821599051E-01,9.9994821598988E-01,9.9994821599071E-01,9.9994821598987E-01,9.9994821599051E-01,9.9994821599015E-01,9.9994821599029E-01,9.9994821599026E-01),(1.0002586532548,1.0002586532548,1.0002586532548,1.0002586532550,1.0002586532546,1.0002586532550,1.0002586532546,1.0002586532550,1.0002586532548,1.0002586532548,1.0002586532548),(1.0007767643074,1.0007767643075,1.0007767643073,1.0007767643077,1.0007767643070,1.0007767643078,1.0007767643071,1.0007767643076,1.0007767643073,1.0007767643074,1.0007767643074)))REPRESENTATION_ITEM(''));
#1004=CARTESIAN_POINT('Ctrl Pnt',(-5.4315390440569E+03,-1.4680135776471E+02,1.6584388178956E+02));
#1005=CARTESIAN_POINT('Ctrl Pnt',(-5.4338494417155E+03,-2.6691981854733E+02,1.6584388178956E+02));
#1006=CARTESIAN_POINT('Ctrl Pnt',(-5.4503817817069E+03,-3.9082153801732E+02,1.6584388178956E+02));
#1007=CARTESIAN_POINT('Ctrl Pnt',(-5.4826982401880E+03,-5.1589660440488E+02,1.6584388178956E+02));
#1008=CARTESIAN_POINT('Ctrl Pnt',(-5.5317047429022E+03,-6.3883104030227E+02,1.6584388178956E+02));
#1009=CARTESIAN_POINT('Ctrl Pnt',(-5.5972655042213E+03,-7.5583171239434E+02,1.6584388178956E+02));
#1010=CARTESIAN_POINT('Ctrl Pnt',(-5.6778555480387E+03,-8.6303532955461E+02,1.6584388178956E+02));
#1011=CARTESIAN_POINT('Ctrl Pnt',(-5.7705556291389E+03,-9.5748747511895E+02,1.6584388178956E+02));
#1012=CARTESIAN_POINT('Ctrl Pnt',(-5.8719500427098E+03,-1.0375330784787E+03,1.6584388178956E+02));
#1013=CARTESIAN_POINT('Ctrl Pnt',(-5.9786410705321E+03,-1.1026635547202E+03,1.6584388178956E+02));
#1014=CARTESIAN_POINT('Ctrl Pnt',(-6.0876103253232E+03,-1.1532548985291E+03,1.6584388178956E+02));
#1015=CARTESIAN_POINT('Ctrl Pnt',(-5.4317117369591E+03,-1.4679803613314E+02,1.6652251802512E+02));
#1016=CARTESIAN_POINT('Ctrl Pnt',(-5.4340217826080E+03,-2.6689819579519E+02,1.6652251802512E+02));
#1017=CARTESIAN_POINT('Ctrl Pnt',(-5.4505516037498E+03,-3.9078103773140E+02,1.6652251802512E+02));
#1018=CARTESIAN_POINT('Ctrl Pnt',(-5.4828631385297E+03,-5.1583704781519E+02,1.6652251802512E+02));
#1019=CARTESIAN_POINT('Ctrl Pnt',(-5.5318621746654E+03,-6.3875275355311E+02,1.6652251802512E+02));
#1020=CARTESIAN_POINT('Ctrl Pnt',(-5.5974129472169E+03,-7.5573559954756E+02,1.6652251802512E+02));
#1021=CARTESIAN_POINT('Ctrl Pnt',(-5.6779907124212E+03,-8.6292288327903E+02,1.6652251802512E+02));
#1022=CARTESIAN_POINT('Ctrl Pnt',(-5.7706766698360E+03,-9.5736063821526E+02,1.6652251802512E+02));
#1023=CARTESIAN_POINT('Ctrl Pnt',(-5.8720556350621E+03,-1.0373940459122E+03,1.6652251802512E+02));
#1024=CARTESIAN_POINT('Ctrl Pnt',(-5.9787304075532E+03,-1.1025145989438E+03,1.6652251802512E+02));
#1025=CARTESIAN_POINT('Ctrl Pnt',(-6.0876830599049E+03,-1.1530982347095E+03,1.6652251802512E+02));
#1026=CARTESIAN_POINT('Ctrl Pnt',(-5.4318504914527E+03,-1.4679536728399E+02,1.6720934433818E+02));
#1027=CARTESIAN_POINT('Ctrl Pnt',(-5.4341602542704E+03,-2.6688082244644E+02,1.6720934433818E+02));
#1028=CARTESIAN_POINT('Ctrl Pnt',(-5.4506880515785E+03,-3.9074849674916E+02,1.6720934433818E+02));
#1029=CARTESIAN_POINT('Ctrl Pnt',(-5.4829956302858E+03,-5.1578919556229E+02,1.6720934433818E+02));
#1030=CARTESIAN_POINT('Ctrl Pnt',(-5.5319886672097E+03,-6.3868985207835E+02,1.6720934433818E+02));
#1031=CARTESIAN_POINT('Ctrl Pnt',(-5.5975314140323E+03,-7.5565837524241E+02,1.6720934433818E+02));
#1032=CARTESIAN_POINT('Ctrl Pnt',(-5.6780993136734E+03,-8.6283253546622E+02,1.6720934433818E+02));
#1033=CARTESIAN_POINT('Ctrl Pnt',(-5.7707739230548E+03,-9.5725872788708E+02,1.6720934433818E+02));
#1034=CARTESIAN_POINT('Ctrl Pnt',(-5.8721404759164E+03,-1.0372823366695E+03,1.6720934433818E+02));
#1035=CARTESIAN_POINT('Ctrl Pnt',(-5.9788021876493E+03,-1.1023949166463E+03,1.6720934433818E+02));
#1036=CARTESIAN_POINT('Ctrl Pnt',(-6.0877415003498E+03,-1.1529723591892E+03,1.6720934433818E+02));
#1037=CARTESIAN_POINT('Ctrl Pnt',(-5.4319548933349E+03,-1.4679335918418E+02,1.6790244712477E+02));
#1038=CARTESIAN_POINT('Ctrl Pnt',(-5.4342644433444E+03,-2.6686775036305E+02,1.6790244712477E+02));
#1039=CARTESIAN_POINT('Ctrl Pnt',(-5.4507907178762E+03,-3.9072401221027E+02,1.6790244712477E+02));
#1040=CARTESIAN_POINT('Ctrl Pnt',(-5.4830953199490E+03,-5.1575319049216E+02,1.6790244712477E+02));
#1041=CARTESIAN_POINT('Ctrl Pnt',(-5.5320838429360E+03,-6.3864252364816E+02,1.6790244712477E+02));
#1042=CARTESIAN_POINT('Ctrl Pnt',(-5.5976205510267E+03,-7.5560027000486E+02,1.6790244712477E+02));
#1043=CARTESIAN_POINT('Ctrl Pnt',(-5.6781810276047E+03,-8.6276455581757E+02,1.6790244712477E+02));
#1044=CARTESIAN_POINT('Ctrl Pnt',(-5.7708470984802E+03,-9.5718204835187E+02,1.6790244712477E+02));
#1045=CARTESIAN_POINT('Ctrl Pnt',(-5.8722043120104E+03,-1.0371982842189E+03,1.6790244712477E+02));
#1046=CARTESIAN_POINT('Ctrl Pnt',(-5.9788561965462E+03,-1.1023048650969E+03,1.6790244712477E+02));
#1047=CARTESIAN_POINT('Ctrl Pnt',(-6.0877854722047E+03,-1.1528776477249E+03,1.6790244712477E+02));
#1048=CARTESIAN_POINT('Ctrl Pnt',(-5.4320246419782E+03,-1.4679201761607E+02,1.6859989144886E+02));
#1049=CARTESIAN_POINT('Ctrl Pnt',(-5.4343340498151E+03,-2.6685901718641E+02,1.6859989144886E+02));
#1050=CARTESIAN_POINT('Ctrl Pnt',(-5.4508593070130E+03,-3.9070765461852E+02,1.6859989144886E+02));
#1051=CARTESIAN_POINT('Ctrl Pnt',(-5.4831619204604E+03,-5.1572913628225E+02,1.6859989144886E+02));
#1052=CARTESIAN_POINT('Ctrl Pnt',(-5.5321474277838E+03,-6.3861090454591E+02,1.6859989144886E+02));
#1053=CARTESIAN_POINT('Ctrl Pnt',(-5.5976801015280E+03,-7.5556145115024E+02,1.6859989144886E+02));
#1054=CARTESIAN_POINT('Ctrl Pnt',(-5.6782356189178E+03,-8.6271914008219E+02,1.6859989144886E+02));
#1055=CARTESIAN_POINT('Ctrl Pnt',(-5.7708959854019E+03,-9.5713082041002E+02,1.6859989144886E+02));
#1056=CARTESIAN_POINT('Ctrl Pnt',(-5.8722469595264E+03,-1.0371421305916E+03,1.6859989144886E+02));
#1057=CARTESIAN_POINT('Ctrl Pnt',(-5.9788922787241E+03,-1.1022447036011E+03,1.6859989144886E+02));
#1058=CARTESIAN_POINT('Ctrl Pnt',(-6.0878148488515E+03,-1.1528143730407E+03,1.6859989144886E+02));
#1059=CARTESIAN_POINT('Ctrl Pnt',(-5.4320595515506E+03,-1.4679134615402E+02,1.6929972799223E+02));
#1060=CARTESIAN_POINT('Ctrl Pnt',(-5.4343688882294E+03,-2.6685464618439E+02,1.6929972799223E+02));
#1061=CARTESIAN_POINT('Ctrl Pnt',(-5.4508936362461E+03,-3.9069946755558E+02,1.6929972799223E+02));
#1062=CARTESIAN_POINT('Ctrl Pnt',(-5.4831952543759E+03,-5.1571709702039E+02,1.6929972799223E+02));
#1063=CARTESIAN_POINT('Ctrl Pnt',(-5.5321792523433E+03,-6.3859507901455E+02,1.6929972799223E+02));
#1064=CARTESIAN_POINT('Ctrl Pnt',(-5.5977099068754E+03,-7.5554202210408E+02,1.6929972799223E+02));
#1065=CARTESIAN_POINT('Ctrl Pnt',(-5.6782629421647E+03,-8.6269640926142E+02,1.6929972799223E+02));
#1066=CARTESIAN_POINT('Ctrl Pnt',(-5.7709204535702E+03,-9.5710518054873E+02,1.6929972799223E+02));
#1067=CARTESIAN_POINT('Ctrl Pnt',(-5.8722683048384E+03,-1.0371140253980E+03,1.6929972799223E+02));
#1068=CARTESIAN_POINT('Ctrl Pnt',(-5.9789103380489E+03,-1.1022145924478E+03,1.6929972799223E+02));
#1069=CARTESIAN_POINT('Ctrl Pnt',(-6.0878295520218E+03,-1.1527827037197E+03,1.6929972799223E+02));
#1070=CARTESIAN_POINT('Ctrl Pnt',(-5.4320595515468E+03,-1.4679134615414E+02,1.7000000009073E+02));
#1071=CARTESIAN_POINT('Ctrl Pnt',(-5.4343688882256E+03,-2.6685464618491E+02,1.7000000009073E+02));
#1072=CARTESIAN_POINT('Ctrl Pnt',(-5.4508936362424E+03,-3.9069946755650E+02,1.7000000009073E+02));
#1073=CARTESIAN_POINT('Ctrl Pnt',(-5.4831952543723E+03,-5.1571709702174E+02,1.7000000009073E+02));
#1074=CARTESIAN_POINT('Ctrl Pnt',(-5.5321792523399E+03,-6.3859507901632E+02,1.7000000009073E+02));
#1075=CARTESIAN_POINT('Ctrl Pnt',(-5.5977099068722E+03,-7.5554202210618E+02,1.7000000009073E+02));
#1076=CARTESIAN_POINT('Ctrl Pnt',(-5.6782629421617E+03,-8.6269640926397E+02,1.7000000009073E+02));
#1077=CARTESIAN_POINT('Ctrl Pnt',(-5.7709204535676E+03,-9.5710518055149E+02,1.7000000009073E+02));
#1078=CARTESIAN_POINT('Ctrl Pnt',(-5.8722683048361E+03,-1.0371140254011E+03,1.7000000009073E+02));
#1079=CARTESIAN_POINT('Ctrl Pnt',(-5.9789103380470E+03,-1.1022145924510E+03,1.7000000009073E+02));
#1080=CARTESIAN_POINT('Ctrl Pnt',(-6.0878295520203E+03,-1.1527827037231E+03,1.7000000009073E+02));
#1081=FACE_OUTER_BOUND('',#1082,.F.);
#1082=EDGE_LOOP('',(#1083,#1084,#1085,#1101));
#1083=ORIENTED_EDGE('',*,*,#977,.F.);
#1084=ORIENTED_EDGE('',*,*,#724,.T.);
#1085=ORIENTED_EDGE('',*,*,#1086,.T.);
#1087=VERTEX_POINT('',#1088);
#1088=CARTESIAN_POINT('',(-6.0878295519511E+03,-1.1527827036910E+03,1.7000000009073E+02));
#1089=(BOUNDED_CURVE()B_SPLINE_CURVE(10,(#1090,#1091,#1092,#1093,#1094,#1095,#1096,#1097,#1098,#1099,#1100),.UNSPECIFIED.,.F.,.F.)B_SPLINE_CURVE_WITH_KNOTS((11,11),(0.0,1.0),.UNSPECIFIED.)CURVE()GEOMETRIC_REPRESENTATION_ITEM()RATIONAL_B_SPLINE_CURVE((1.1325565742273,1.1325565742273,1.1325565742272,1.1325565742275,1.1325565742271,1.1325565742276,1.1325565742271,1.1325565742274,1.1325565742273,1.1325565742273,1.1325565742273))REPRESENTATION_ITEM(''));
#1090=CARTESIAN_POINT('Ctrl Pnt',(-5.4320595515468E+03,-1.4679134615329E+02,1.7000000009073E+02));
#1091=CARTESIAN_POINT('Ctrl Pnt',(-5.4343688882255E+03,-2.6685464618406E+02,1.7000000009073E+02));
#1092=CARTESIAN_POINT('Ctrl Pnt',(-5.4508936362422E+03,-3.9069946755569E+02,1.7000000009073E+02));
#1093=CARTESIAN_POINT('Ctrl Pnt',(-5.4831952543720E+03,-5.1571709702090E+02,1.7000000009073E+02));
#1094=CARTESIAN_POINT('Ctrl Pnt',(-5.5321792523395E+03,-6.3859507901556E+02,1.7000000009073E+02));
#1095=CARTESIAN_POINT('Ctrl Pnt',(-5.5977099068717E+03,-7.5554202210545E+02,1.7000000009073E+02));
#1096=CARTESIAN_POINT('Ctrl Pnt',(-5.6782629421612E+03,-8.6269640926329E+02,1.7000000009073E+02));
#1097=CARTESIAN_POINT('Ctrl Pnt',(-5.7709204535670E+03,-9.5710518055090E+02,1.7000000009073E+02));
#1098=CARTESIAN_POINT('Ctrl Pnt',(-5.8722683048354E+03,-1.0371140254005E+03,1.7000000009073E+02));
#1099=CARTESIAN_POINT('Ctrl Pnt',(-5.9789103380463E+03,-1.1022145924506E+03,1.7000000009073E+02));
#1100=CARTESIAN_POINT('Ctrl Pnt',(-6.0878295520195E+03,-1.1527827037228E+03,1.7000000009073E+02));
#1086=EDGE_CURVE('',#708,#1087,#1089,.T.);
#1101=ORIENTED_EDGE('',*,*,#1102,.F.);
#1103=(BOUNDED_CURVE()B_SPLINE_CURVE(6,(#1104,#1105,#1106,#1107,#1108,#1109,#1110),.UNSPECIFIED.,.F.,.F.)B_SPLINE_CURVE_WITH_KNOTS((7,7),(1.3215703755808,1.5707963321796),.UNSPECIFIED.)CURVE()GEOMETRIC_REPRESENTATION_ITEM()RATIONAL_B_SPLINE_CURVE((1.0007767643074,1.0002586532548,9.9994821599026E-01,9.9984480763097E-01,9.9994821599026E-01,1.0002586532548,1.0007767643074))REPRESENTATION_ITEM(''));
#1104=CARTESIAN_POINT('Ctrl Pnt',(-6.0876103253232E+03,-1.1532548985291E+03,1.6584388178956E+02));
#1105=CARTESIAN_POINT('Ctrl Pnt',(-6.0876830599049E+03,-1.1530982347095E+03,1.6652251802512E+02));
#1106=CARTESIAN_POINT('Ctrl Pnt',(-6.0877415003498E+03,-1.1529723591892E+03,1.6720934433818E+02));
#1107=CARTESIAN_POINT('Ctrl Pnt',(-6.0877854722047E+03,-1.1528776477249E+03,1.6790244712477E+02));
#1108=CARTESIAN_POINT('Ctrl Pnt',(-6.0878148488515E+03,-1.1528143730407E+03,1.6859989144886E+02));
#1109=CARTESIAN_POINT('Ctrl Pnt',(-6.0878295520218E+03,-1.1527827037197E+03,1.6929972799223E+02));
#1110=CARTESIAN_POINT('Ctrl Pnt',(-6.0878295520203E+03,-1.1527827037231E+03,1.7000000009073E+02));
#1102=EDGE_CURVE('',#978,#1087,#1103,.T.);
#1111=ADVANCED_FACE('',(#1190),#1112,.F.);
#1112=(BOUNDED_SURFACE()B_SPLINE_SURFACE(6,10,((#1113,#1114,#1115,#1116,#1117,#1118,#1119,#1120,#1121,#1122,#1123),(#1124,#1125,#1126,#1127,#1128,#1129,#1130,#1131,#1132,#1133,#1134),(#1135,#1136,#1137,#1138,#1139,#1140,#1141,#1142,#1143,#1144,#1145),(#1146,#1147,#1148,#1149,#1150,#1151,#1152,#1153,#1154,#1155,#1156),(#1157,#1158,#1159,#1160,#1161,#1162,#1163,#1164,#1165,#1166,#1167),(#1168,#1169,#1170,#1171,#1172,#1173,#1174,#1175,#1176,#1177,#1178),(#1179,#1180,#1181,#1182,#1183,#1184,#1185,#1186,#1187,#1188,#1189)),.UNSPECIFIED.,.F.,.F.,.F.)B_SPLINE_SURFACE_WITH_KNOTS((7,7),(11,11),(1.5707963321796,4.7123889803847),(0.0,1.0),.UNSPECIFIED.)SURFACE()GEOMETRIC_REPRESENTATION_ITEM()RATIONAL_B_SPLINE_SURFACE(((1.1325565742273,1.1325565742273,1.1325565742272,1.1325565742275,1.1325565742271,1.1325565742276,1.1325565742271,1.1325565742274,1.1325565742273,1.1325565742273,1.1325565742273),(1.0363466312363,1.0363466312363,1.0363466312362,1.0363466312364,1.0363466312361,1.0363466312364,1.0363466312361,1.0363466312363,1.0363466312362,1.0363466312363,1.0363466312363),(9.9231630937414E-01,9.9231630937415E-01,9.9231630937410E-01,9.9231630937421E-01,9.9231630937402E-01,9.9231630937427E-01,9.9231630937401E-01,9.9231630937422E-01,9.9231630937410E-01,9.9231630937415E-01,9.9231630937414E-01),(9.7646189977431E-01,9.7646189977434E-01,9.7646189977420E-01,9.7646189977456E-01,9.7646189977391E-01,9.7646189977478E-01,9.7646189977389E-01,9.7646189977457E-01,9.7646189977419E-01,9.7646189977434E-01,9.7646189977431E-01),(9.9231630937414E-01,9.9231630937415E-01,9.9231630937407E-01,9.9231630937428E-01,9.9231630937393E-01,9.9231630937437E-01,9.9231630937394E-01,9.9231630937425E-01,9.9231630937409E-01,9.9231630937415E-01,9.9231630937414E-01),(1.0363466312363,1.0363466312363,1.0363466312362,1.0363466312363,1.0363466312362,1.0363466312363,1.0363466312362,1.0363466312363,1.0363466312363,1.0363466312363,1.0363466312363),(1.1325565742273,1.1325565742273,1.1325565742272,1.1325565742275,1.1325565742271,1.1325565742276,1.1325565742271,1.1325565742274,1.1325565742273,1.1325565742273,1.1325565742273)))REPRESENTATION_ITEM(''));
#1113=CARTESIAN_POINT('Ctrl Pnt',(-5.4320595515468E+03,-1.4679134615329E+02,1.7000000009073E+02));
#1114=CARTESIAN_POINT('Ctrl Pnt',(-5.4343688882255E+03,-2.6685464618406E+02,1.7000000009073E+02));
#1115=CARTESIAN_POINT('Ctrl Pnt',(-5.4508936362422E+03,-3.9069946755569E+02,1.7000000009073E+02));
#1116=CARTESIAN_POINT('Ctrl Pnt',(-5.4831952543720E+03,-5.1571709702090E+02,1.7000000009073E+02));
#1117=CARTESIAN_POINT('Ctrl Pnt',(-5.5321792523395E+03,-6.3859507901556E+02,1.7000000009073E+02));
#1118=CARTESIAN_POINT('Ctrl Pnt',(-5.5977099068717E+03,-7.5554202210545E+02,1.7000000009073E+02));
#1119=CARTESIAN_POINT('Ctrl Pnt',(-5.6782629421612E+03,-8.6269640926329E+02,1.7000000009073E+02));
#1120=CARTESIAN_POINT('Ctrl Pnt',(-5.7709204535670E+03,-9.5710518055090E+02,1.7000000009073E+02));
#1121=CARTESIAN_POINT('Ctrl Pnt',(-5.8722683048354E+03,-1.0371140254005E+03,1.7000000009073E+02));
#1122=CARTESIAN_POINT('Ctrl Pnt',(-5.9789103380463E+03,-1.1022145924506E+03,1.7000000009073E+02));
#1123=CARTESIAN_POINT('Ctrl Pnt',(-6.0878295520195E+03,-1.1527827037228E+03,1.7000000009073E+02));
#1124=CARTESIAN_POINT('Ctrl Pnt',(-5.4320595514949E+03,-1.4679134615495E+02,1.7963901222544E+02));
#1125=CARTESIAN_POINT('Ctrl Pnt',(-5.4343688881738E+03,-2.6685464619122E+02,1.7963901222544E+02));
#1126=CARTESIAN_POINT('Ctrl Pnt',(-5.4508936361914E+03,-3.9069946756851E+02,1.7963901222544E+02));
#1127=CARTESIAN_POINT('Ctrl Pnt',(-5.4831952543227E+03,-5.1571709703942E+02,1.7963901222544E+02));
#1128=CARTESIAN_POINT('Ctrl Pnt',(-5.5321792522925E+03,-6.3859507903971E+02,1.7963901222544E+02));
#1129=CARTESIAN_POINT('Ctrl Pnt',(-5.5977099068278E+03,-7.5554202213487E+02,1.7963901222544E+02));
#1130=CARTESIAN_POINT('Ctrl Pnt',(-5.6782629421210E+03,-8.6269640929763E+02,1.7963901222544E+02));
#1131=CARTESIAN_POINT('Ctrl Pnt',(-5.7709204535311E+03,-9.5710518058947E+02,1.7963901222544E+02));
#1132=CARTESIAN_POINT('Ctrl Pnt',(-5.8722683048042E+03,-1.0371140254427E+03,1.7963901222544E+02));
#1133=CARTESIAN_POINT('Ctrl Pnt',(-5.9789103380200E+03,-1.1022145924957E+03,1.7963901222544E+02));
#1134=CARTESIAN_POINT('Ctrl Pnt',(-6.0878295519982E+03,-1.1527827037701E+03,1.7963901222544E+02));
#1135=CARTESIAN_POINT('Ctrl Pnt',(-5.4257373821807E+03,-1.4691294882248E+02,1.8809291871663E+02));
#1136=CARTESIAN_POINT('Ctrl Pnt',(-5.4280596056954E+03,-2.6764624039471E+02,1.8809291871663E+02));
#1137=CARTESIAN_POINT('Ctrl Pnt',(-5.4446765670813E+03,-3.9218215540404E+02,1.8809291871663E+02));
#1138=CARTESIAN_POINT('Ctrl Pnt',(-5.4771584385519E+03,-5.1789742315045E+02,1.8809291871664E+02));
#1139=CARTESIAN_POINT('Ctrl Pnt',(-5.5264157828652E+03,-6.4146110351039E+02,1.8809291871663E+02));
#1140=CARTESIAN_POINT('Ctrl Pnt',(-5.5923121193689E+03,-7.5906064787516E+02,1.8809291871664E+02));
#1141=CARTESIAN_POINT('Ctrl Pnt',(-5.6733146663100E+03,-8.6681299071962E+02,1.8809291871663E+02));
#1142=CARTESIAN_POINT('Ctrl Pnt',(-5.7664892362082E+03,-9.6174859308868E+02,1.8809291871664E+02));
#1143=CARTESIAN_POINT('Ctrl Pnt',(-5.8684026408396E+03,-1.0422039128333E+03,1.8809291871663E+02));
#1144=CARTESIAN_POINT('Ctrl Pnt',(-5.9756397706387E+03,-1.1076677618292E+03,1.8809291871663E+02));
#1145=CARTESIAN_POINT('Ctrl Pnt',(-6.0851667885958E+03,-1.1585180593048E+03,1.8809291871663E+02));
#1146=CARTESIAN_POINT('Ctrl Pnt',(-5.4152126675315E+03,-1.4711538461755E+02,1.9150164575914E+02));
#1147=CARTESIAN_POINT('Ctrl Pnt',(-5.4175563441682E+03,-2.6896403223025E+02,1.9150164575914E+02));
#1148=CARTESIAN_POINT('Ctrl Pnt',(-5.4343268160566E+03,-3.9465043260485E+02,1.9150164575915E+02));
#1149=CARTESIAN_POINT('Ctrl Pnt',(-5.4671087609459E+03,-5.2152708079107E+02,1.9150164575914E+02));
#1150=CARTESIAN_POINT('Ctrl Pnt',(-5.5168211535378E+03,-6.4623226483627E+02,1.9150164575915E+02));
#1151=CARTESIAN_POINT('Ctrl Pnt',(-5.5833262523474E+03,-7.6491821511651E+02,1.9150164575913E+02));
#1152=CARTESIAN_POINT('Ctrl Pnt',(-5.6650771155056E+03,-8.7366599364327E+02,1.9150164575915E+02));
#1153=CARTESIAN_POINT('Ctrl Pnt',(-5.7591124489761E+03,-9.6947862832183E+02,1.9150164575914E+02));
#1154=CARTESIAN_POINT('Ctrl Pnt',(-5.8619673481198E+03,-1.0506772088995E+03,1.9150164575915E+02));
#1155=CARTESIAN_POINT('Ctrl Pnt',(-5.9701951539697E+03,-1.1167458248031E+03,1.9150164575914E+02));
#1156=CARTESIAN_POINT('Ctrl Pnt',(-6.0807340023795E+03,-1.1680658865476E+03,1.9150164575914E+02));
#1157=CARTESIAN_POINT('Ctrl Pnt',(-5.4046879529007E+03,-1.4731782041179E+02,1.8809291865995E+02));
#1158=CARTESIAN_POINT('Ctrl Pnt',(-5.4070530826591E+03,-2.7028182406301E+02,1.8809291865995E+02));
#1159=CARTESIAN_POINT('Ctrl Pnt',(-5.4239770650498E+03,-3.9711870980093E+02,1.8809291865995E+02));
#1160=CARTESIAN_POINT('Ctrl Pnt',(-5.4570590833572E+03,-5.2515673842486E+02,1.8809291865995E+02));
#1161=CARTESIAN_POINT('Ctrl Pnt',(-5.5072265242271E+03,-6.5100342615342E+02,1.8809291865995E+02));
#1162=CARTESIAN_POINT('Ctrl Pnt',(-5.5743403853413E+03,-7.7077578234729E+02,1.8809291865995E+02));
#1163=CARTESIAN_POINT('Ctrl Pnt',(-5.6568395647152E+03,-8.8051899655450E+02,1.8809291865995E+02));
#1164=CARTESIAN_POINT('Ctrl Pnt',(-5.7517356617566E+03,-9.7720866354128E+02,1.8809291865995E+02));
#1165=CARTESIAN_POINT('Ctrl Pnt',(-5.8555320554109E+03,-1.0591505049506E+03,1.8809291865995E+02));
#1166=CARTESIAN_POINT('Ctrl Pnt',(-5.9647505373097E+03,-1.1258238877610E+03,1.8809291865995E+02));
#1167=CARTESIAN_POINT('Ctrl Pnt',(-6.0763012161704E+03,-1.1776137137736E+03,1.8809291865995E+02));
#1168=CARTESIAN_POINT('Ctrl Pnt',(-5.3983657836320E+03,-1.4743942307728E+02,1.7963901213471E+02));
#1169=CARTESIAN_POINT('Ctrl Pnt',(-5.4007438002260E+03,-2.7107341825963E+02,1.7963901213471E+02));
#1170=CARTESIAN_POINT('Ctrl Pnt',(-5.4177599959843E+03,-3.9860139762464E+02,1.7963901213470E+02));
#1171=CARTESIAN_POINT('Ctrl Pnt',(-5.4510222676295E+03,-5.2733706451906E+02,1.7963901213471E+02));
#1172=CARTESIAN_POINT('Ctrl Pnt',(-5.5014630548408E+03,-6.5386945060244E+02,1.7963901213470E+02));
#1173=CARTESIAN_POINT('Ctrl Pnt',(-5.5689425979206E+03,-7.7429440806121E+02,1.7963901213471E+02));
#1174=CARTESIAN_POINT('Ctrl Pnt',(-5.6518912889391E+03,-8.8463557794598E+02,1.7963901213470E+02));
#1175=CARTESIAN_POINT('Ctrl Pnt',(-5.7473044444647E+03,-9.8185207600622E+02,1.7963901213471E+02));
#1176=CARTESIAN_POINT('Ctrl Pnt',(-5.8516663914731E+03,-1.0642403923038E+03,1.7963901213470E+02));
#1177=CARTESIAN_POINT('Ctrl Pnt',(-5.9614799699509E+03,-1.1312770570546E+03,1.7963901213471E+02));
#1178=CARTESIAN_POINT('Ctrl Pnt',(-6.0736384527861E+03,-1.1833490692664E+03,1.7963901213471E+02));
#1179=CARTESIAN_POINT('Ctrl Pnt',(-5.3983657836319E+03,-1.4743942307661E+02,1.7000000000000E+02));
#1180=CARTESIAN_POINT('Ctrl Pnt',(-5.4007438002260E+03,-2.7107341825897E+02,1.7000000000000E+02));
#1181=CARTESIAN_POINT('Ctrl Pnt',(-5.4177599959841E+03,-3.9860139762397E+02,1.7000000000000E+02));
#1182=CARTESIAN_POINT('Ctrl Pnt',(-5.4510222676292E+03,-5.2733706451845E+02,1.7000000000000E+02));
#1183=CARTESIAN_POINT('Ctrl Pnt',(-5.5014630548405E+03,-6.5386945060180E+02,1.7000000000000E+02));
#1184=CARTESIAN_POINT('Ctrl Pnt',(-5.5689425979202E+03,-7.7429440806066E+02,1.7000000000000E+02));
#1185=CARTESIAN_POINT('Ctrl Pnt',(-5.6518912889387E+03,-8.8463557794545E+02,1.7000000000000E+02));
#1186=CARTESIAN_POINT('Ctrl Pnt',(-5.7473044444642E+03,-9.8185207600575E+02,1.7000000000000E+02));
#1187=CARTESIAN_POINT('Ctrl Pnt',(-5.8516663914726E+03,-1.0642403923034E+03,1.7000000000000E+02));
#1188=CARTESIAN_POINT('Ctrl Pnt',(-5.9614799699504E+03,-1.1312770570542E+03,1.7000000000000E+02));
#1189=CARTESIAN_POINT('Ctrl Pnt',(-6.0736384527855E+03,-1.1833490692661E+03,1.7000000000000E+02));
#1190=FACE_OUTER_BOUND('',#1191,.F.);
#1191=EDGE_LOOP('',(#1192,#1193,#1194,#1195));
#1192=ORIENTED_EDGE('',*,*,#1086,.F.);
#1193=ORIENTED_EDGE('',*,*,#825,.T.);
#1194=ORIENTED_EDGE('',*,*,#960,.T.);
#1195=ORIENTED_EDGE('',*,*,#1196,.F.);
#1197=(BOUNDED_CURVE()B_SPLINE_CURVE(6,(#1198,#1199,#1200,#1201,#1202,#1203,#1204),.UNSPECIFIED.,.F.,.F.)B_SPLINE_CURVE_WITH_KNOTS((7,7),(1.5707963321796,4.7123889803847),.UNSPECIFIED.)CURVE()GEOMETRIC_REPRESENTATION_ITEM()RATIONAL_B_SPLINE_CURVE((1.1325565742273,1.0363466312363,9.9231630937414E-01,9.7646189977431E-01,9.9231630937414E-01,1.0363466312363,1.1325565742273))REPRESENTATION_ITEM(''));
#1198=CARTESIAN_POINT('Ctrl Pnt',(-6.0878295520195E+03,-1.1527827037228E+03,1.7000000009073E+02));
#1199=CARTESIAN_POINT('Ctrl Pnt',(-6.0878295519982E+03,-1.1527827037701E+03,1.7963901222544E+02));
#1200=CARTESIAN_POINT('Ctrl Pnt',(-6.0851667885958E+03,-1.1585180593048E+03,1.8809291871663E+02));
#1201=CARTESIAN_POINT('Ctrl Pnt',(-6.0807340023795E+03,-1.1680658865476E+03,1.9150164575914E+02));
#1202=CARTESIAN_POINT('Ctrl Pnt',(-6.0763012161704E+03,-1.1776137137736E+03,1.8809291865995E+02));
#1203=CARTESIAN_POINT('Ctrl Pnt',(-6.0736384527861E+03,-1.1833490692664E+03,1.7963901213471E+02));
#1204=CARTESIAN_POINT('Ctrl Pnt',(-6.0736384527855E+03,-1.1833490692661E+03,1.7000000000000E+02));
#1196=EDGE_CURVE('',#1087,#961,#1197,.T.);
#1205=ADVANCED_FACE('',(#1215),#1206,.T.);
#1208=AXIS2_PLACEMENT_3D('',#1209,#1210,#1211);
#1209=CARTESIAN_POINT('',(-2.5248027974108E+03,0.0,170.0));
#1210=DIRECTION('',(1.0,-0.0,6.9000016471169E-11));
#1211=DIRECTION('',(6.9000016471169E-11,0.0,-1.0));
#1207=CIRCLE('',#1208,1.6850000000000E+01);
#1212=SURFACE_OF_LINEAR_EXTRUSION('',#1207,#1213);
#1213=VECTOR('',#1214,1.0);
#1214=DIRECTION('',(-1.0,0.0,0.0));
#1206=OFFSET_SURFACE('',#1212,2.7700000000000,.F.);
#1215=FACE_OUTER_BOUND('',#1216,.T.);
#1216=EDGE_LOOP('',(#1217,#1224,#1225,#1232));
#1217=ORIENTED_EDGE('',*,*,#1218,.F.);
#1219=VERTEX_POINT('',#1220);
#1220=CARTESIAN_POINT('',(-5.2652404068400E+03,-1.4080000000000E+01,170.0));
#1221=B_SPLINE_CURVE_WITH_KNOTS('',1,(#1222,#1223),.UNSPECIFIED.,.F.,.F.,(2,2),(0.0,2.7404376094300E+03),.UNSPECIFIED.);
#1222=CARTESIAN_POINT('Ctrl Pnt',(-2.5248027974100E+03,-1.4080000000000E+01,1.7000000000000E+02));
#1223=CARTESIAN_POINT('Ctrl Pnt',(-5.2652404068400E+03,-1.4080000000000E+01,1.7000000000000E+02));
#1218=EDGE_CURVE('',#845,#1219,#1221,.T.);
#1224=ORIENTED_EDGE('',*,*,#853,.T.);
#1225=ORIENTED_EDGE('',*,*,#1226,.T.);
#1227=VERTEX_POINT('',#1228);
#1228=CARTESIAN_POINT('',(-5.2652404068406E+03,1.3644979169017E+01,1.6652711309181E+02));
#1229=B_SPLINE_CURVE_WITH_KNOTS('',1,(#1230,#1231),.UNSPECIFIED.,.F.,.F.,(2,2),(0.0,2.7404376094300E+03),.UNSPECIFIED.);
#1230=CARTESIAN_POINT('Ctrl Pnt',(-2.5248027974106E+03,1.3644979169017E+01,1.6652711309181E+02));
#1231=CARTESIAN_POINT('Ctrl Pnt',(-5.2652404068406E+03,1.3644979169017E+01,1.6652711309181E+02));
#1226=EDGE_CURVE('',#854,#1227,#1229,.T.);
#1232=ORIENTED_EDGE('',*,*,#1233,.F.);
#1234=B_SPLINE_CURVE_WITH_KNOTS('',9,(#1235,#1236,#1237,#1238,#1239,#1240,#1241,#1242,#1243,#1244),.UNSPECIFIED.,.F.,.F.,(10,10),(4.7123889803847,7.6047556827604),.UNSPECIFIED.);
#1235=CARTESIAN_POINT('Ctrl Pnt',(-5.2652404068409E+03,-1.4080000000000E+01,1.7000000000000E+02));
#1236=CARTESIAN_POINT('Ctrl Pnt',(-5.2652404068406E+03,-1.4080000000000E+01,1.6547505298118E+02));
#1237=CARTESIAN_POINT('Ctrl Pnt',(-5.2652404068396E+03,-1.2444029158061E+01,1.6095008384562E+02));
#1238=CARTESIAN_POINT('Ctrl Pnt',(-5.2652404068408E+03,-9.1720414677944,1.5710125837661E+02));
#1239=CARTESIAN_POINT('Ctrl Pnt',(-5.2652404068382E+03,-4.5901197780114,1.5460376543556E+02));
#1240=CARTESIAN_POINT('Ctrl Pnt',(-5.2652404068408E+03,6.5076046165334E-01,1.5394728218776E+02));
#1241=CARTESIAN_POINT('Ctrl Pnt',(-5.2652404068388E+03,5.7071337961156,1.5523746282008E+02));
#1242=CARTESIAN_POINT('Ctrl Pnt',(-5.2652404068402E+03,9.8273567690104,1.5816032504576E+02));
#1243=CARTESIAN_POINT('Ctrl Pnt',(-5.2652404068401E+03,1.2528883340754E+01,1.6214197049146E+02));
#1244=CARTESIAN_POINT('Ctrl Pnt',(-5.2652404068406E+03,1.3644979169017E+01,1.6652711309181E+02));
#1233=EDGE_CURVE('',#1219,#1227,#1234,.T.);
#1245=ADVANCED_FACE('',(#1255),#1246,.T.);
#1248=AXIS2_PLACEMENT_3D('',#1249,#1250,#1251);
#1249=CARTESIAN_POINT('',(-2.5248027974108E+03,0.0,170.0));
#1250=DIRECTION('',(1.0,-0.0,6.9000016471169E-11));
#1251=DIRECTION('',(6.9000016471169E-11,0.0,-1.0));
#1247=CIRCLE('',#1248,1.6850000000000E+01);
#1252=SURFACE_OF_LINEAR_EXTRUSION('',#1247,#1253);
#1253=VECTOR('',#1254,1.0);
#1254=DIRECTION('',(-1.0,0.0,0.0));
#1246=OFFSET_SURFACE('',#1252,2.7700000000000,.F.);
#1255=FACE_OUTER_BOUND('',#1256,.T.);
#1256=EDGE_LOOP('',(#1257,#1258,#1259,#1266));
#1257=ORIENTED_EDGE('',*,*,#1226,.F.);
#1258=ORIENTED_EDGE('',*,*,#862,.T.);
#1259=ORIENTED_EDGE('',*,*,#1260,.T.);
#1261=VERTEX_POINT('',#1262);
#1262=CARTESIAN_POINT('',(-5.2652404068400E+03,1.4080000000000E+01,1.7000000007582E+02));
#1263=B_SPLINE_CURVE_WITH_KNOTS('',1,(#1264,#1265),.UNSPECIFIED.,.F.,.F.,(2,2),(0.0,2.7404376094300E+03),.UNSPECIFIED.);
#1264=CARTESIAN_POINT('Ctrl Pnt',(-2.5248027974100E+03,1.4080000000000E+01,1.7000000007582E+02));
#1265=CARTESIAN_POINT('Ctrl Pnt',(-5.2652404068400E+03,1.4080000000000E+01,1.7000000007582E+02));
#1260=EDGE_CURVE('',#863,#1261,#1263,.T.);
#1266=ORIENTED_EDGE('',*,*,#1267,.F.);
#1268=B_SPLINE_CURVE_WITH_KNOTS('',5,(#1269,#1270,#1271,#1272,#1273,#1274),.UNSPECIFIED.,.F.,.F.,(6,6),(1.3215703755808,1.5707963321796),.UNSPECIFIED.);
#1269=CARTESIAN_POINT('Ctrl Pnt',(-5.2652404068406E+03,1.3644979169017E+01,1.6652711309181E+02));
#1270=CARTESIAN_POINT('Ctrl Pnt',(-5.2652404068406E+03,1.3818085881388E+01,1.6720724968904E+02));
#1271=CARTESIAN_POINT('Ctrl Pnt',(-5.2652404068407E+03,1.3948815775634E+01,1.6789817194296E+02));
#1272=CARTESIAN_POINT('Ctrl Pnt',(-5.2652404068407E+03,1.4036272154829E+01,1.6859635947638E+02));
#1273=CARTESIAN_POINT('Ctrl Pnt',(-5.2652404068408E+03,1.4080000003779E+01,1.6929817978203E+02));
#1274=CARTESIAN_POINT('Ctrl Pnt',(-5.2652404068409E+03,1.4080000000000E+01,1.7000000007582E+02));
#1267=EDGE_CURVE('',#1227,#1261,#1268,.T.);
#1275=ADVANCED_FACE('',(#1285),#1276,.T.);
#1278=AXIS2_PLACEMENT_3D('',#1279,#1280,#1281);
#1279=CARTESIAN_POINT('',(-2.5248027974100E+03,0.0,170.0));
#1280=DIRECTION('',(1.0,-0.0,6.9000016471169E-11));
#1281=DIRECTION('',(6.9000016471169E-11,0.0,-1.0));
#1277=CIRCLE('',#1278,1.6850000000000E+01);
#1282=SURFACE_OF_LINEAR_EXTRUSION('',#1277,#1283);
#1283=VECTOR('',#1284,1.0);
#1284=DIRECTION('',(-1.0,0.0,0.0));
#1276=OFFSET_SURFACE('',#1282,2.7700000000000,.F.);
#1285=FACE_OUTER_BOUND('',#1286,.T.);
#1286=EDGE_LOOP('',(#1287,#1288,#1289,#1290));
#1287=ORIENTED_EDGE('',*,*,#1260,.F.);
#1288=ORIENTED_EDGE('',*,*,#871,.T.);
#1289=ORIENTED_EDGE('',*,*,#1218,.T.);
#1290=ORIENTED_EDGE('',*,*,#1291,.F.);
#1292=B_SPLINE_CURVE_WITH_KNOTS('',10,(#1293,#1294,#1295,#1296,#1297,#1298,#1299,#1300,#1301,#1302,#1303),.UNSPECIFIED.,.F.,.F.,(11,11),(1.5707963321796,4.7123889803847),.UNSPECIFIED.);
#1293=CARTESIAN_POINT('Ctrl Pnt',(-5.2652404068400E+03,1.4080000000000E+01,1.7000000007582E+02));
#1294=CARTESIAN_POINT('Ctrl Pnt',(-5.2652404068404E+03,1.4079999976182E+01,1.7442336252449E+02));
#1295=CARTESIAN_POINT('Ctrl Pnt',(-5.2652404068406E+03,1.2535959374039E+01,1.7884672458063E+02));
#1296=CARTESIAN_POINT('Ctrl Pnt',(-5.2652404068414E+03,9.4478399418485,1.8266374547875E+02));
#1297=CARTESIAN_POINT('Ctrl Pnt',(-5.2652404068406E+03,5.0879410583300,1.8526805653464E+02));
#1298=CARTESIAN_POINT('Ctrl Pnt',(-5.2652404068421E+03,-4.3603884947174E-08,1.8619589241676E+02));
#1299=CARTESIAN_POINT('Ctrl Pnt',(-5.2652404068406E+03,-5.0879411405454,1.8526805650723E+02));
#1300=CARTESIAN_POINT('Ctrl Pnt',(-5.2652404068414E+03,-9.4478400100378,1.8266374542789E+02));
#1301=CARTESIAN_POINT('Ctrl Pnt',(-5.2652404068406E+03,-1.2535959421677E+01,1.7884672451312E+02));
#1302=CARTESIAN_POINT('Ctrl Pnt',(-5.2652404068404E+03,-1.4080000000000E+01,1.7442336244867E+02));
#1303=CARTESIAN_POINT('Ctrl Pnt',(-5.2652404068400E+03,-1.4080000000000E+01,1.7000000000000E+02));
#1291=EDGE_CURVE('',#1261,#1219,#1292,.T.);
#1304=ADVANCED_FACE('',(#1310),#1305,.T.);
#1306=AXIS2_PLACEMENT_3D('',#1307,#1308,#1309);
#1307=CARTESIAN_POINT('',(-6.1228440891500E+03,-1.0773645050600E+03,170.0));
#1308=DIRECTION('',(0.0,0.0,-1.0));
#1309=DIRECTION('',(-1.0,-2.0984998627682E-10,-0.0));
#1305=TOROIDAL_SURFACE('',#1306,100.0,1.6850000000000E+01);
#1310=FACE_OUTER_BOUND('',#1311,.T.);
#1311=EDGE_LOOP('',(#1312,#1313,#1322,#1331,#1340,#1347,#1348,#1349));
#1312=ORIENTED_EDGE('',*,*,#993,.F.);
#1313=ORIENTED_EDGE('',*,*,#1314,.T.);
#1315=VERTEX_POINT('',#1316);
#1316=CARTESIAN_POINT('',(-6.2326471718883E+03,-1.1173295588089E+03,170.0));
#1318=AXIS2_PLACEMENT_3D('',#1319,#1320,#1321);
#1319=CARTESIAN_POINT('',(-6.1228440891500E+03,-1.0773645050600E+03,1.7000000000000E+02));
#1320=DIRECTION('',(0.0,0.0,-1.0));
#1321=DIRECTION('',(-1.0,-2.1834921426489E-10,-0.0));
#1317=CIRCLE('',#1318,1.1685000000000E+02);
#1314=EDGE_CURVE('',#961,#1315,#1317,.T.);
#1322=ORIENTED_EDGE('',*,*,#1323,.T.);
#1324=VERTEX_POINT('',#1325);
#1325=CARTESIAN_POINT('',(-6.2014687380691E+03,-1.1059815369927E+03,1.6584388178956E+02));
#1327=AXIS2_PLACEMENT_3D('',#1328,#1329,#1330);
#1328=CARTESIAN_POINT('',(-6.2168133512209E+03,-1.1115665194138E+03,170.0));
#1329=DIRECTION('',(3.4202014353772E-01,-9.3969262070873E-01,0.0));
#1330=DIRECTION('',(-9.3969262070873E-01,-3.4202014353772E-01,0.0));
#1326=CIRCLE('',#1327,1.6850000000000E+01);
#1323=EDGE_CURVE('',#1315,#1324,#1326,.T.);
#1331=ORIENTED_EDGE('',*,*,#1332,.T.);
#1333=VERTEX_POINT('',#1334);
#1334=CARTESIAN_POINT('',(-6.2009795305531E+03,-1.1058034800194E+03,1.7000000009073E+02));
#1336=AXIS2_PLACEMENT_3D('',#1337,#1338,#1339);
#1337=CARTESIAN_POINT('',(-6.2168133512209E+03,-1.1115665194138E+03,170.0));
#1338=DIRECTION('',(3.4202014353772E-01,-9.3969262070873E-01,0.0));
#1339=DIRECTION('',(-9.3969262070873E-01,-3.4202014353772E-01,0.0));
#1335=CIRCLE('',#1336,1.6850000000000E+01);
#1332=EDGE_CURVE('',#1324,#1333,#1335,.T.);
#1340=ORIENTED_EDGE('',*,*,#1341,.T.);
#1343=AXIS2_PLACEMENT_3D('',#1344,#1345,#1346);
#1344=CARTESIAN_POINT('',(-6.2168133512206E+03,-1.1115665194146E+03,170.0));
#1345=DIRECTION('',(3.4202014354571E-01,-9.3969262070582E-01,0.0));
#1346=DIRECTION('',(-9.3969262070582E-01,-3.4202014354571E-01,0.0));
#1342=CIRCLE('',#1343,1.6850000000000E+01);
#1341=EDGE_CURVE('',#1333,#1315,#1342,.T.);
#1347=ORIENTED_EDGE('',*,*,#1314,.F.);
#1348=ORIENTED_EDGE('',*,*,#1196,.F.);
#1349=ORIENTED_EDGE('',*,*,#1102,.F.);
#1350=ADVANCED_FACE('',(#1437),#1351,.T.);
#1352=(BOUNDED_SURFACE()B_SPLINE_SURFACE(6,11,((#1353,#1354,#1355,#1356,#1357,#1358,#1359,#1360,#1361,#1362,#1363,#1364),(#1365,#1366,#1367,#1368,#1369,#1370,#1371,#1372,#1373,#1374,#1375,#1376),(#1377,#1378,#1379,#1380,#1381,#1382,#1383,#1384,#1385,#1386,#1387,#1388),(#1389,#1390,#1391,#1392,#1393,#1394,#1395,#1396,#1397,#1398,#1399,#1400),(#1401,#1402,#1403,#1404,#1405,#1406,#1407,#1408,#1409,#1410,#1411,#1412),(#1413,#1414,#1415,#1416,#1417,#1418,#1419,#1420,#1421,#1422,#1423,#1424),(#1425,#1426,#1427,#1428,#1429,#1430,#1431,#1432,#1433,#1434,#1435,#1436)),.UNSPECIFIED.,.F.,.F.,.F.)B_SPLINE_SURFACE_WITH_KNOTS((7,7),(12,12),(4.7123889803847,7.6047556827604),(0.0,1.0),.UNSPECIFIED.)SURFACE()GEOMETRIC_REPRESENTATION_ITEM()RATIONAL_B_SPLINE_SURFACE(((1.1111169223574,1.1111169223574,1.1111169223575,1.1111169223572,1.1111169223577,1.1111169223571,1.1111169223577,1.1111169223572,1.1111169223576,1.1111169223574,1.1111169223574,1.1111169223574),(1.0315284552156,1.0315284552156,1.0315284552155,1.0315284552159,1.0315284552150,1.0315284552164,1.0315284552148,1.0315284552161,1.0315284552153,1.0315284552157,1.0315284552156,1.0315284552156),(9.9329074453088E-01,9.9329074453085E-01,9.9329074453101E-01,9.9329074453058E-01,9.9329074453137E-01,9.9329074453027E-01,9.9329074453148E-01,9.9329074453043E-01,9.9329074453115E-01,9.9329074453077E-01,9.9329074453091E-01,9.9329074453088E-01),(9.8003511783858E-01,9.8003511783857E-01,9.8003511783862E-01,9.8003511783849E-01,9.8003511783871E-01,9.8003511783842E-01,9.8003511783873E-01,9.8003511783845E-01,9.8003511783866E-01,9.8003511783854E-01,9.8003511783859E-01,9.8003511783858E-01),(9.9329074453089E-01,9.9329074453088E-01,9.9329074453090E-01,9.9329074453088E-01,9.9329074453087E-01,9.9329074453094E-01,9.9329074453082E-01,9.9329074453094E-01,9.9329074453086E-01,9.9329074453090E-01,9.9329074453089E-01,9.9329074453089E-01),(1.0315284552156,1.0315284552156,1.0315284552155,1.0315284552157,1.0315284552153,1.0315284552160,1.0315284552151,1.0315284552160,1.0315284552154,1.0315284552157,1.0315284552156,1.0315284552156),(1.1111169223574,1.1111169223574,1.1111169223575,1.1111169223572,1.1111169223577,1.1111169223571,1.1111169223577,1.1111169223573,1.1111169223575,1.1111169223574,1.1111169223574,1.1111169223574)))REPRESENTATION_ITEM(''));
#1353=CARTESIAN_POINT('Ctrl Pnt',(-5.2652404068409E+03,-1.6850000000000E+01,1.7000000000000E+02));
#1354=CARTESIAN_POINT('Ctrl Pnt',(-5.2821934200217E+03,-1.6850000000108E+01,1.7000000000000E+02));
#1355=CARTESIAN_POINT('Ctrl Pnt',(-5.3001165744426E+03,-1.9224353147071E+01,1.7000000000000E+02));
#1356=CARTESIAN_POINT('Ctrl Pnt',(-5.3185483978790E+03,-2.4425524614767E+01,1.7000000000000E+02));
#1357=CARTESIAN_POINT('Ctrl Pnt',(-5.3368008002085E+03,-3.2813454448839E+01,1.7000000000000E+02));
#1358=CARTESIAN_POINT('Ctrl Pnt',(-5.3539710333413E+03,-4.4498545680625E+01,1.7000000000000E+02));
#1359=CARTESIAN_POINT('Ctrl Pnt',(-5.3690159927496E+03,-5.9256908186011E+01,1.7000000000000E+02));
#1360=CARTESIAN_POINT('Ctrl Pnt',(-5.3810291198677E+03,-7.6199252763244E+01,1.7000000000000E+02));
#1361=CARTESIAN_POINT('Ctrl Pnt',(-5.3897665062729E+03,-9.4286973363329E+01,1.7000000000000E+02));
#1362=CARTESIAN_POINT('Ctrl Pnt',(-5.3953211740395E+03,-1.1261536570498E+02,1.7000000000000E+02));
#1363=CARTESIAN_POINT('Ctrl Pnt',(-5.3980397641477E+03,-1.3048954498918E+02,1.7000000000000E+02));
#1364=CARTESIAN_POINT('Ctrl Pnt',(-5.3983657836320E+03,-1.4743942307746E+02,1.7000000000000E+02));
#1365=CARTESIAN_POINT('Ctrl Pnt',(-5.2652404068402E+03,-1.6850000000000E+01,1.6125205230138E+02));
#1366=CARTESIAN_POINT('Ctrl Pnt',(-5.2821934200211E+03,-1.6850000000032E+01,1.6125205230138E+02));
#1367=CARTESIAN_POINT('Ctrl Pnt',(-5.3001165744420E+03,-1.9224353146908E+01,1.6125205230137E+02));
#1368=CARTESIAN_POINT('Ctrl Pnt',(-5.3185483978784E+03,-2.4425524614534E+01,1.6125205230138E+02));
#1369=CARTESIAN_POINT('Ctrl Pnt',(-5.3368008002080E+03,-3.2813454448508E+01,1.6125205230137E+02));
#1370=CARTESIAN_POINT('Ctrl Pnt',(-5.3539710333408E+03,-4.4498545680215E+01,1.6125205230138E+02));
#1371=CARTESIAN_POINT('Ctrl Pnt',(-5.3690159927492E+03,-5.9256908185567E+01,1.6125205230137E+02));
#1372=CARTESIAN_POINT('Ctrl Pnt',(-5.3810291198674E+03,-7.6199252762684E+01,1.6125205230138E+02));
#1373=CARTESIAN_POINT('Ctrl Pnt',(-5.3897665062726E+03,-9.4286973362793E+01,1.6125205230137E+02));
#1374=CARTESIAN_POINT('Ctrl Pnt',(-5.3953211740393E+03,-1.1261536570437E+02,1.6125205230138E+02));
#1375=CARTESIAN_POINT('Ctrl Pnt',(-5.3980397641476E+03,-1.3048954498858E+02,1.6125205230138E+02));
#1376=CARTESIAN_POINT('Ctrl Pnt',(-5.3983657836320E+03,-1.4743942307686E+02,1.6125205230138E+02));
#1377=CARTESIAN_POINT('Ctrl Pnt',(-5.2652404068397E+03,-1.1595638230076E+01,1.5338569659684E+02));
#1378=CARTESIAN_POINT('Ctrl Pnt',(-5.2828624193773E+03,-1.1595638230037E+01,1.5338569659684E+02));
#1379=CARTESIAN_POINT('Ctrl Pnt',(-5.3014928568428E+03,-1.4063688037784E+01,1.5338569659684E+02));
#1380=CARTESIAN_POINT('Ctrl Pnt',(-5.3206520364069E+03,-1.9470107995863E+01,1.5338569659683E+02));
#1381=CARTESIAN_POINT('Ctrl Pnt',(-5.3396247145534E+03,-2.8189042094538E+01,1.5338569659684E+02));
#1382=CARTESIAN_POINT('Ctrl Pnt',(-5.3574725189709E+03,-4.0335250086512E+01,1.5338569659683E+02));
#1383=CARTESIAN_POINT('Ctrl Pnt',(-5.3731111821686E+03,-5.5676006701724E+01,1.5338569659685E+02));
#1384=CARTESIAN_POINT('Ctrl Pnt',(-5.3855983709908E+03,-7.3286929631338E+01,1.5338569659683E+02));
#1385=CARTESIAN_POINT('Ctrl Pnt',(-5.3946805519067E+03,-9.2088427382138E+01,1.5338569659684E+02));
#1386=CARTESIAN_POINT('Ctrl Pnt',(-5.4004544178256E+03,-1.1114009425639E+02,1.5338569659684E+02));
#1387=CARTESIAN_POINT('Ctrl Pnt',(-5.4032802888648E+03,-1.2971962392960E+02,1.5338569659684E+02));
#1388=CARTESIAN_POINT('Ctrl Pnt',(-5.4036191737215E+03,-1.4733837765762E+02,1.5338569659684E+02));
#1389=CARTESIAN_POINT('Ctrl Pnt',(-5.2652404068394E+03,-2.5756663607315,1.4943777091353E+02));
#1390=CARTESIAN_POINT('Ctrl Pnt',(-5.2840108662564E+03,-2.5756663606597,1.4943777091353E+02));
#1391=CARTESIAN_POINT('Ctrl Pnt',(-5.3038554708168E+03,-5.2045618205742,1.4943777091353E+02));
#1392=CARTESIAN_POINT('Ctrl Pnt',(-5.3242632762082E+03,-1.0963324402189E+01,1.4943777091353E+02));
#1393=CARTESIAN_POINT('Ctrl Pnt',(-5.3444724256694E+03,-2.0250481490971E+01,1.4943777091353E+02));
#1394=CARTESIAN_POINT('Ctrl Pnt',(-5.3634833920836E+03,-3.3188271865238E+01,1.4943777091354E+02));
#1395=CARTESIAN_POINT('Ctrl Pnt',(-5.3801412449969E+03,-4.9528803280479E+01,1.4943777091353E+02));
#1396=CARTESIAN_POINT('Ctrl Pnt',(-5.3934422383154E+03,-6.8287450366950E+01,1.4943777091353E+02));
#1397=CARTESIAN_POINT('Ctrl Pnt',(-5.4031163154355E+03,-8.8314263408686E+01,1.4943777091353E+02));
#1398=CARTESIAN_POINT('Ctrl Pnt',(-5.4092664708550E+03,-1.0860754938418E+02,1.4943777091353E+02));
#1399=CARTESIAN_POINT('Ctrl Pnt',(-5.4122765071687E+03,-1.2839792843275E+02,1.4943777091353E+02));
#1400=CARTESIAN_POINT('Ctrl Pnt',(-5.4126374775424E+03,-1.4716491665980E+02,1.4943777091353E+02));
#1401=CARTESIAN_POINT('Ctrl Pnt',(-5.2652404068395E+03,7.1393924235298,1.5103890880361E+02));
#1402=CARTESIAN_POINT('Ctrl Pnt',(-5.2852478134561E+03,7.1393924235895,1.5103890880360E+02));
#1403=CARTESIAN_POINT('Ctrl Pnt',(-5.3064001498888E+03,4.3372564049104,1.5103890880361E+02));
#1404=CARTESIAN_POINT('Ctrl Pnt',(-5.3281528013049E+03,-1.8010006307268,1.5103890880360E+02));
#1405=CARTESIAN_POINT('Ctrl Pnt',(-5.3496937056409E+03,-1.1700168469964E+01,1.5103890880362E+02));
#1406=CARTESIAN_POINT('Ctrl Pnt',(-5.3699574683317E+03,-2.5490541256601E+01,1.5103890880359E+02));
#1407=CARTESIAN_POINT('Ctrl Pnt',(-5.3877130506108E+03,-4.2907890991851E+01,1.5103890880362E+02));
#1408=CARTESIAN_POINT('Ctrl Pnt',(-5.4018905609111E+03,-6.2902706861653E+01,1.5103890880359E+02));
#1409=CARTESIAN_POINT('Ctrl Pnt',(-5.4122021462741E+03,-8.4249259061551E+01,1.5103890880361E+02));
#1410=CARTESIAN_POINT('Ctrl Pnt',(-5.4187575883919E+03,-1.0587984439127E+02,1.5103890880360E+02));
#1411=CARTESIAN_POINT('Ctrl Pnt',(-5.4219659819172E+03,-1.2697438192628E+02,1.5103890880361E+02));
#1412=CARTESIAN_POINT('Ctrl Pnt',(-5.4223507397369E+03,-1.4697808860629E+02,1.5103890880361E+02));
#1413=CARTESIAN_POINT('Ctrl Pnt',(-5.2652404068400E+03,1.4171680821154E+01,1.5736621388335E+02));
#1414=CARTESIAN_POINT('Ctrl Pnt',(-5.2861431831741E+03,1.4171680821155E+01,1.5736621388335E+02));
#1415=CARTESIAN_POINT('Ctrl Pnt',(-5.3082421271237E+03,1.1244143855481E+01,1.5736621388335E+02));
#1416=CARTESIAN_POINT('Ctrl Pnt',(-5.3309682513006E+03,4.8311880757348,1.5736621388335E+02));
#1417=CARTESIAN_POINT('Ctrl Pnt',(-5.3534731523105E+03,-5.5109864600947,1.5736621388335E+02));
#1418=CARTESIAN_POINT('Ctrl Pnt',(-5.3746437571435E+03,-1.9918504808205E+01,1.5736621388335E+02));
#1419=CARTESIAN_POINT('Ctrl Pnt',(-5.3931939356937E+03,-3.8115314261149E+01,1.5736621388335E+02));
#1420=CARTESIAN_POINT('Ctrl Pnt',(-5.4080059166994E+03,-5.9004936388615E+01,1.5736621388335E+02));
#1421=CARTESIAN_POINT('Ctrl Pnt',(-5.4187789652322E+03,-8.1306787632569E+01,1.5736621388335E+02));
#1422=CARTESIAN_POINT('Ctrl Pnt',(-5.4256277759243E+03,-1.0390538303223E+02,1.5736621388335E+02));
#1423=CARTESIAN_POINT('Ctrl Pnt',(-5.4289797511970E+03,-1.2594394147297E+02,1.5736621388335E+02));
#1424=CARTESIAN_POINT('Ctrl Pnt',(-5.4293817276651E+03,-1.4684285229134E+02,1.5736621388335E+02));
#1425=CARTESIAN_POINT('Ctrl Pnt',(-5.2652404068406E+03,1.6329396235649E+01,1.6584388178956E+02));
#1426=CARTESIAN_POINT('Ctrl Pnt',(-5.2864179092570E+03,1.6329396235578E+01,1.6584388178956E+02));
#1427=CARTESIAN_POINT('Ctrl Pnt',(-5.3088073005711E+03,1.3363382526411E+01,1.6584388178956E+02));
#1428=CARTESIAN_POINT('Ctrl Pnt',(-5.3318321151688E+03,6.8661409948284,1.6584388178956E+02));
#1429=CARTESIAN_POINT('Ctrl Pnt',(-5.3546327990541E+03,-3.6119611828583,1.6584388178956E+02));
#1430=CARTESIAN_POINT('Ctrl Pnt',(-5.3760816500507E+03,-1.8208838160154E+01,1.6584388178956E+02));
#1431=CARTESIAN_POINT('Ctrl Pnt',(-5.3948756343900E+03,-3.6644809057190E+01,1.6584388178956E+02));
#1432=CARTESIAN_POINT('Ctrl Pnt',(-5.4098822898949E+03,-5.7808984380748E+01,1.6584388178956E+02));
#1433=CARTESIAN_POINT('Ctrl Pnt',(-5.4207969290646E+03,-8.0403949808357E+01,1.6584388178956E+02));
#1434=CARTESIAN_POINT('Ctrl Pnt',(-5.4277357539682E+03,-1.0329955951282E+02,1.6584388178956E+02));
#1435=CARTESIAN_POINT('Ctrl Pnt',(-5.4311317843949E+03,-1.2562777166864E+02,1.6584388178956E+02));
#1436=CARTESIAN_POINT('Ctrl Pnt',(-5.4315390440569E+03,-1.4680135776471E+02,1.6584388178956E+02));
#1351=OFFSET_SURFACE('',#1352,2.7700000000000,.F.);
#1437=FACE_OUTER_BOUND('',#1438,.T.);
#1438=EDGE_LOOP('',(#1439,#1456,#1457,#1474));
#1439=ORIENTED_EDGE('',*,*,#1440,.F.);
#1441=VERTEX_POINT('',#1442);
#1442=CARTESIAN_POINT('',(-5.4011352713804E+03,-1.4738615384582E+02,170.0));
#1443=B_SPLINE_CURVE_WITH_KNOTS('',11,(#1444,#1445,#1446,#1447,#1448,#1449,#1450,#1451,#1452,#1453,#1454,#1455),.UNSPECIFIED.,.F.,.F.,(12,12),(0.0,1.0),.UNSPECIFIED.);
#1444=CARTESIAN_POINT('Ctrl Pnt',(-5.2652404068400E+03,-1.4080000000000E+01,1.7000000000000E+02));
#1445=CARTESIAN_POINT('Ctrl Pnt',(-5.2825461038099E+03,-1.4080000000000E+01,1.7000000000000E+02));
#1446=CARTESIAN_POINT('Ctrl Pnt',(-5.3008420800220E+03,-1.6503721533882E+01,1.7000000000001E+02));
#1447=CARTESIAN_POINT('Ctrl Pnt',(-5.3196576374206E+03,-2.1813287509833E+01,1.6999999999999E+02));
#1448=CARTESIAN_POINT('Ctrl Pnt',(-5.3382889187747E+03,-3.0375082710005E+01,1.7000000000002E+02));
#1449=CARTESIAN_POINT('Ctrl Pnt',(-5.3558178198526E+03,-4.2304527892156E+01,1.6999999999998E+02));
#1450=CARTESIAN_POINT('Ctrl Pnt',(-5.3711740896768E+03,-5.7368270545628E+01,1.7000000000001E+02));
#1451=CARTESIAN_POINT('Ctrl Pnt',(-5.3834384230158E+03,-7.4664517627462E+01,1.7000000000000E+02));
#1452=CARTESIAN_POINT('Ctrl Pnt',(-5.3923569287715E+03,-9.3127703620476E+01,1.7000000000000E+02));
#1453=CARTESIAN_POINT('Ctrl Pnt',(-5.3980273504995E+03,-1.1183767445200E+02,1.7000000000000E+02));
#1454=CARTESIAN_POINT('Ctrl Pnt',(-5.4008024695156E+03,-1.3008365718973E+02,1.7000000000000E+02));
#1455=CARTESIAN_POINT('Ctrl Pnt',(-5.4011352713804E+03,-1.4738615384582E+02,1.7000000000000E+02));
#1440=EDGE_CURVE('',#1219,#1441,#1443,.T.);
#1456=ORIENTED_EDGE('',*,*,#1233,.T.);
#1457=ORIENTED_EDGE('',*,*,#1458,.T.);
#1459=VERTEX_POINT('',#1460);
#1460=CARTESIAN_POINT('',(-5.4288551234150E+03,-1.4685298116985E+02,1.6652711309181E+02));
#1461=B_SPLINE_CURVE_WITH_KNOTS('',11,(#1462,#1463,#1464,#1465,#1466,#1467,#1468,#1469,#1470,#1471,#1472,#1473),.UNSPECIFIED.,.F.,.F.,(12,12),(0.0,1.0),.UNSPECIFIED.);
#1462=CARTESIAN_POINT('Ctrl Pnt',(-5.2652404068406E+03,1.3644979169017E+01,1.6652711309181E+02));
#1463=CARTESIAN_POINT('Ctrl Pnt',(-5.2860761221152E+03,1.3644979168947E+01,1.6652711309180E+02));
#1464=CARTESIAN_POINT('Ctrl Pnt',(-5.3081042105231E+03,1.0726808710979E+01,1.6652711378252E+02));
#1465=CARTESIAN_POINT('Ctrl Pnt',(-5.3307571469396E+03,4.3346119415188,1.6652711074919E+02));
#1466=CARTESIAN_POINT('Ctrl Pnt',(-5.3531906580961E+03,-5.9749951794891,1.6652711644345E+02));
#1467=CARTESIAN_POINT('Ctrl Pnt',(-5.3742919227382E+03,-2.0335069513049E+01,1.6652711141959E+02));
#1468=CARTESIAN_POINT('Ctrl Pnt',(-5.3927842140725E+03,-3.8475094460878E+01,1.6652711141983E+02));
#1469=CARTESIAN_POINT('Ctrl Pnt',(-5.4075474263683E+03,-5.9296301609049E+01,1.6652711644326E+02));
#1470=CARTESIAN_POINT('Ctrl Pnt',(-5.4182865406299E+03,-8.1527402495490E+01,1.6652711074930E+02));
#1471=CARTESIAN_POINT('Ctrl Pnt',(-5.4251131886918E+03,-1.0405322288262E+02,1.6652711378247E+02));
#1472=CARTESIAN_POINT('Ctrl Pnt',(-5.4284544365829E+03,-1.2602111900932E+02,1.6652711309182E+02));
#1473=CARTESIAN_POINT('Ctrl Pnt',(-5.4288551234150E+03,-1.4685298116985E+02,1.6652711309181E+02));
#1458=EDGE_CURVE('',#1227,#1459,#1461,.T.);
#1474=ORIENTED_EDGE('',*,*,#1475,.F.);
#1476=B_SPLINE_CURVE_WITH_KNOTS('',11,(#1477,#1478,#1479,#1480,#1481,#1482,#1483,#1484,#1485,#1486,#1487,#1488),.UNSPECIFIED.,.F.,.F.,(12,12),(4.7123889803847,7.6047556827604),.UNSPECIFIED.);
#1477=CARTESIAN_POINT('Ctrl Pnt',(-5.4011352713805E+03,-1.4738615384669E+02,1.7000000000000E+02));
#1478=CARTESIAN_POINT('Ctrl Pnt',(-5.4011352713808E+03,-1.4738615384639E+02,1.6629840462881E+02));
#1479=CARTESIAN_POINT('Ctrl Pnt',(-5.4022055296079E+03,-1.4736556815012E+02,1.6259546335819E+02));
#1480=CARTESIAN_POINT('Ctrl Pnt',(-5.4043473240148E+03,-1.4732437217775E+02,1.5923701441188E+02));
#1481=CARTESIAN_POINT('Ctrl Pnt',(-5.4074349737695E+03,-1.4726498331457E+02,1.5656809367862E+02));
#1482=CARTESIAN_POINT('Ctrl Pnt',(-5.4112187245353E+03,-1.4719220541835E+02,1.5487864948826E+02));
#1483=CARTESIAN_POINT('Ctrl Pnt',(-5.4153541619798E+03,-1.4711266306504E+02,1.5436054042393E+02));
#1484=CARTESIAN_POINT('Ctrl Pnt',(-5.4194376395333E+03,-1.4703412012612E+02,1.5506433742805E+02));
#1485=CARTESIAN_POINT('Ctrl Pnt',(-5.4230880701021E+03,-1.4696390655367E+02,1.5688907649086E+02));
#1486=CARTESIAN_POINT('Ctrl Pnt',(-5.4259919121837E+03,-1.4690805310815E+02,1.5961538191589E+02));
#1487=CARTESIAN_POINT('Ctrl Pnt',(-5.4279422793233E+03,-1.4687053911058E+02,1.6293988356537E+02));
#1488=CARTESIAN_POINT('Ctrl Pnt',(-5.4288551234150E+03,-1.4685298116985E+02,1.6652711309181E+02));
#1475=EDGE_CURVE('',#1441,#1459,#1476,.T.);
#1489=ADVANCED_FACE('',(#1576),#1490,.T.);
#1491=(BOUNDED_SURFACE()B_SPLINE_SURFACE(6,11,((#1492,#1493,#1494,#1495,#1496,#1497,#1498,#1499,#1500,#1501,#1502,#1503),(#1504,#1505,#1506,#1507,#1508,#1509,#1510,#1511,#1512,#1513,#1514,#1515),(#1516,#1517,#1518,#1519,#1520,#1521,#1522,#1523,#1524,#1525,#1526,#1527),(#1528,#1529,#1530,#1531,#1532,#1533,#1534,#1535,#1536,#1537,#1538,#1539),(#1540,#1541,#1542,#1543,#1544,#1545,#1546,#1547,#1548,#1549,#1550,#1551),(#1552,#1553,#1554,#1555,#1556,#1557,#1558,#1559,#1560,#1561,#1562,#1563),(#1564,#1565,#1566,#1567,#1568,#1569,#1570,#1571,#1572,#1573,#1574,#1575)),.UNSPECIFIED.,.F.,.F.,.F.)B_SPLINE_SURFACE_WITH_KNOTS((7,7),(12,12),(1.3215703755808,1.5707963321796),(0.0,1.0),.UNSPECIFIED.)SURFACE()GEOMETRIC_REPRESENTATION_ITEM()RATIONAL_B_SPLINE_SURFACE(((1.0007767643074,1.0007767643074,1.0007767643075,1.0007767643072,1.0007767643077,1.0007767643071,1.0007767643078,1.0007767643071,1.0007767643076,1.0007767643073,1.0007767643074,1.0007767643074),(1.0002586532548,1.0002586532548,1.0002586532549,1.0002586532547,1.0002586532551,1.0002586532545,1.0002586532551,1.0002586532546,1.0002586532550,1.0002586532548,1.0002586532548,1.0002586532548),(9.9994821599026E-01,9.9994821599027E-01,9.9994821599021E-01,9.9994821599040E-01,9.9994821598999E-01,9.9994821599063E-01,9.9994821598990E-01,9.9994821599052E-01,9.9994821599013E-01,9.9994821599031E-01,9.9994821599025E-01,9.9994821599026E-01),(9.9984480763097E-01,9.9984480763096E-01,9.9984480763103E-01,9.9984480763085E-01,9.9984480763116E-01,9.9984480763075E-01,9.9984480763117E-01,9.9984480763083E-01,9.9984480763105E-01,9.9984480763094E-01,9.9984480763098E-01,9.9984480763097E-01),(9.9994821599026E-01,9.9994821599026E-01,9.9994821599028E-01,9.9994821599022E-01,9.9994821599034E-01,9.9994821599016E-01,9.9994821599038E-01,9.9994821599015E-01,9.9994821599034E-01,9.9994821599022E-01,9.9994821599027E-01,9.9994821599026E-01),(1.0002586532548,1.0002586532548,1.0002586532549,1.0002586532548,1.0002586532549,1.0002586532548,1.0002586532548,1.0002586532548,1.0002586532548,1.0002586532548,1.0002586532548,1.0002586532548),(1.0007767643074,1.0007767643074,1.0007767643075,1.0007767643072,1.0007767643077,1.0007767643071,1.0007767643078,1.0007767643071,1.0007767643076,1.0007767643073,1.0007767643074,1.0007767643074)))REPRESENTATION_ITEM(''));
#1492=CARTESIAN_POINT('Ctrl Pnt',(-5.2652404068406E+03,1.6329396235649E+01,1.6584388178956E+02));
#1493=CARTESIAN_POINT('Ctrl Pnt',(-5.2864179092570E+03,1.6329396235578E+01,1.6584388178956E+02));
#1494=CARTESIAN_POINT('Ctrl Pnt',(-5.3088073005710E+03,1.3363382526410E+01,1.6584388178956E+02));
#1495=CARTESIAN_POINT('Ctrl Pnt',(-5.3318321151688E+03,6.8661409948308,1.6584388178956E+02));
#1496=CARTESIAN_POINT('Ctrl Pnt',(-5.3546327990541E+03,-3.6119611828640,1.6584388178956E+02));
#1497=CARTESIAN_POINT('Ctrl Pnt',(-5.3760816500507E+03,-1.8208838160147E+01,1.6584388178956E+02));
#1498=CARTESIAN_POINT('Ctrl Pnt',(-5.3948756343900E+03,-3.6644809057195E+01,1.6584388178956E+02));
#1499=CARTESIAN_POINT('Ctrl Pnt',(-5.4098822898949E+03,-5.7808984380748E+01,1.6584388178956E+02));
#1500=CARTESIAN_POINT('Ctrl Pnt',(-5.4207969290645E+03,-8.0403949808354E+01,1.6584388178956E+02));
#1501=CARTESIAN_POINT('Ctrl Pnt',(-5.4277357539682E+03,-1.0329955951282E+02,1.6584388178956E+02));
#1502=CARTESIAN_POINT('Ctrl Pnt',(-5.4311317843949E+03,-1.2562777166864E+02,1.6584388178956E+02));
#1503=CARTESIAN_POINT('Ctrl Pnt',(-5.4315390440569E+03,-1.4680135776471E+02,1.6584388178956E+02));
#1504=CARTESIAN_POINT('Ctrl Pnt',(-5.2652404068406E+03,1.6502121079617E+01,1.6652251802512E+02));
#1505=CARTESIAN_POINT('Ctrl Pnt',(-5.2864399010450E+03,1.6502121079540E+01,1.6652251802512E+02));
#1506=CARTESIAN_POINT('Ctrl Pnt',(-5.3088525426335E+03,1.3533027311958E+01,1.6652251802512E+02));
#1507=CARTESIAN_POINT('Ctrl Pnt',(-5.3319012673614E+03,7.0290387166884,1.6652251802512E+02));
#1508=CARTESIAN_POINT('Ctrl Pnt',(-5.3547256286281E+03,-3.4599444514237,1.6652251802512E+02));
#1509=CARTESIAN_POINT('Ctrl Pnt',(-5.3761967531947E+03,-1.8071979562828E+01,1.6652251802512E+02));
#1510=CARTESIAN_POINT('Ctrl Pnt',(-5.3950102541563E+03,-3.6527095303021E+01,1.6652251802512E+02));
#1511=CARTESIAN_POINT('Ctrl Pnt',(-5.4100324933300E+03,-5.7713248574907E+01,1.6652251802512E+02));
#1512=CARTESIAN_POINT('Ctrl Pnt',(-5.4209584668122E+03,-8.0331677755587E+01,1.6652251802512E+02));
#1513=CARTESIAN_POINT('Ctrl Pnt',(-5.4279044973420E+03,-1.0325106341729E+02,1.6652251802512E+02));
#1514=CARTESIAN_POINT('Ctrl Pnt',(-5.4313040543782E+03,-1.2560246231610E+02,1.6652251802512E+02));
#1515=CARTESIAN_POINT('Ctrl Pnt',(-5.4317117369591E+03,-1.4679803613314E+02,1.6652251802512E+02));
#1516=CARTESIAN_POINT('Ctrl Pnt',(-5.2652404068407E+03,1.6640901237541E+01,1.6720934433818E+02));
#1517=CARTESIAN_POINT('Ctrl Pnt',(-5.2864575709049E+03,1.6640901237455E+01,1.6720934433818E+02));
#1518=CARTESIAN_POINT('Ctrl Pnt',(-5.3088888935163E+03,1.3669332718810E+01,1.6720934433818E+02));
#1519=CARTESIAN_POINT('Ctrl Pnt',(-5.3319568294449E+03,7.1599230240102,1.6720934433818E+02));
#1520=CARTESIAN_POINT('Ctrl Pnt',(-5.3548002149045E+03,-3.3378027518456,1.6720934433818E+02));
#1521=CARTESIAN_POINT('Ctrl Pnt',(-5.3762892357359E+03,-1.7962017050747E+01,1.6720934433818E+02));
#1522=CARTESIAN_POINT('Ctrl Pnt',(-5.3951184178229E+03,-3.6432515200806E+01,1.6720934433818E+02));
#1523=CARTESIAN_POINT('Ctrl Pnt',(-5.4101531780907E+03,-5.7636327212905E+01,1.6720934433818E+02));
#1524=CARTESIAN_POINT('Ctrl Pnt',(-5.4210882584137E+03,-8.0273608941251E+01,1.6720934433818E+02));
#1525=CARTESIAN_POINT('Ctrl Pnt',(-5.4280400784867E+03,-1.0321209799900E+02,1.6720934433818E+02));
#1526=CARTESIAN_POINT('Ctrl Pnt',(-5.4314424690667E+03,-1.2558212687470E+02,1.6720934433818E+02));
#1527=CARTESIAN_POINT('Ctrl Pnt',(-5.4318504914527E+03,-1.4679536728399E+02,1.6720934433818E+02));
#1528=CARTESIAN_POINT('Ctrl Pnt',(-5.2652404068407E+03,1.6745322430217E+01,1.6790244712477E+02));
#1529=CARTESIAN_POINT('Ctrl Pnt',(-5.2864708660898E+03,1.6745322430128E+01,1.6790244712477E+02));
#1530=CARTESIAN_POINT('Ctrl Pnt',(-5.3089162447069E+03,1.3771891855235E+01,1.6790244712477E+02));
#1531=CARTESIAN_POINT('Ctrl Pnt',(-5.3319986355584E+03,7.2584032079294,1.6790244712477E+02));
#1532=CARTESIAN_POINT('Ctrl Pnt',(-5.3548563352321E+03,-3.2459006951707,1.6790244712477E+02));
#1533=CARTESIAN_POINT('Ctrl Pnt',(-5.3763588216005E+03,-1.7879278878109E+01,1.6790244712476E+02));
#1534=CARTESIAN_POINT('Ctrl Pnt',(-5.3951998025052E+03,-3.6361351086127E+01,1.6790244712477E+02));
#1535=CARTESIAN_POINT('Ctrl Pnt',(-5.4102439839151E+03,-5.7578449916321E+01,1.6790244712476E+02));
#1536=CARTESIAN_POINT('Ctrl Pnt',(-5.4211859164222E+03,-8.0229916709297E+01,1.6790244712477E+02));
#1537=CARTESIAN_POINT('Ctrl Pnt',(-5.4281420926726E+03,-1.0318277957546E+02,1.6790244712477E+02));
#1538=CARTESIAN_POINT('Ctrl Pnt',(-5.4315466152724E+03,-1.2556682604875E+02,1.6790244712477E+02));
#1539=CARTESIAN_POINT('Ctrl Pnt',(-5.4319548933349E+03,-1.4679335918418E+02,1.6790244712477E+02));
#1540=CARTESIAN_POINT('Ctrl Pnt',(-5.2652404068408E+03,1.6815083974381E+01,1.6859989144886E+02));
#1541=CARTESIAN_POINT('Ctrl Pnt',(-5.2864797483157E+03,1.6815083974285E+01,1.6859989144886E+02));
#1542=CARTESIAN_POINT('Ctrl Pnt',(-5.3089345174468E+03,1.3840409399821E+01,1.6859989144886E+02));
#1543=CARTESIAN_POINT('Ctrl Pnt',(-5.3320265653201E+03,7.3241956924085,1.6859989144886E+02));
#1544=CARTESIAN_POINT('Ctrl Pnt',(-5.3548938280113E+03,-3.1845029154624,1.6859989144886E+02));
#1545=CARTESIAN_POINT('Ctrl Pnt',(-5.3764053104140E+03,-1.7824003291455E+01,1.6859989144886E+02));
#1546=CARTESIAN_POINT('Ctrl Pnt',(-5.3952541738542E+03,-3.6313807877722E+01,1.6859989144886E+02));
#1547=CARTESIAN_POINT('Ctrl Pnt',(-5.4103046493257E+03,-5.7539783344147E+01,1.6859989144886E+02));
#1548=CARTESIAN_POINT('Ctrl Pnt',(-5.4212511596290E+03,-8.0200726872567E+01,1.6859989144886E+02));
#1549=CARTESIAN_POINT('Ctrl Pnt',(-5.4282102461475E+03,-1.0316319256974E+02,1.6859989144886E+02));
#1550=CARTESIAN_POINT('Ctrl Pnt',(-5.4316161931036E+03,-1.2555660389732E+02,1.6859989144886E+02));
#1551=CARTESIAN_POINT('Ctrl Pnt',(-5.4320246419782E+03,-1.4679201761607E+02,1.6859989144886E+02));
#1552=CARTESIAN_POINT('Ctrl Pnt',(-5.2652404068408E+03,1.6850000003771E+01,1.6929972799223E+02));
#1553=CARTESIAN_POINT('Ctrl Pnt',(-5.2864841939178E+03,1.6850000003669E+01,1.6929972799223E+02));
#1554=CARTESIAN_POINT('Ctrl Pnt',(-5.3089436630517E+03,1.3874702800703E+01,1.6929972799223E+02));
#1555=CARTESIAN_POINT('Ctrl Pnt',(-5.3320405443167E+03,7.3571251859884,1.6929972799223E+02));
#1556=CARTESIAN_POINT('Ctrl Pnt',(-5.3549125933497E+03,-3.1537729953277,1.6929972799223E+02));
#1557=CARTESIAN_POINT('Ctrl Pnt',(-5.3764285783161E+03,-1.7796337562019E+01,1.6929972799223E+02));
#1558=CARTESIAN_POINT('Ctrl Pnt',(-5.3952813870080E+03,-3.6290012245304E+01,1.6929972799223E+02));
#1559=CARTESIAN_POINT('Ctrl Pnt',(-5.4103350126911E+03,-5.7520430516105E+01,1.6929972799223E+02));
#1560=CARTESIAN_POINT('Ctrl Pnt',(-5.4212838142062E+03,-8.0186117201750E+01,1.6929972799223E+02));
#1561=CARTESIAN_POINT('Ctrl Pnt',(-5.4282443573296E+03,-1.0315338916769E+02,1.6929972799223E+02));
#1562=CARTESIAN_POINT('Ctrl Pnt',(-5.4316510171837E+03,-1.2555148765538E+02,1.6929972799223E+02));
#1563=CARTESIAN_POINT('Ctrl Pnt',(-5.4320595515506E+03,-1.4679134615402E+02,1.6929972799223E+02));
#1564=CARTESIAN_POINT('Ctrl Pnt',(-5.2652404068409E+03,1.6850000000000E+01,1.7000000009073E+02));
#1565=CARTESIAN_POINT('Ctrl Pnt',(-5.2864841939173E+03,1.6849999999893E+01,1.7000000009073E+02));
#1566=CARTESIAN_POINT('Ctrl Pnt',(-5.3089436630508E+03,1.3874702796984E+01,1.7000000009073E+02));
#1567=CARTESIAN_POINT('Ctrl Pnt',(-5.3320405443152E+03,7.3571251824179,1.7000000009073E+02));
#1568=CARTESIAN_POINT('Ctrl Pnt',(-5.3549125933478E+03,-3.1537729986776,1.7000000009073E+02));
#1569=CARTESIAN_POINT('Ctrl Pnt',(-5.3764285783135E+03,-1.7796337565039E+01,1.7000000009073E+02));
#1570=CARTESIAN_POINT('Ctrl Pnt',(-5.3952813870051E+03,-3.6290012247901E+01,1.7000000009073E+02));
#1571=CARTESIAN_POINT('Ctrl Pnt',(-5.4103350126879E+03,-5.7520430518254E+01,1.7000000009073E+02));
#1572=CARTESIAN_POINT('Ctrl Pnt',(-5.4212838142027E+03,-8.0186117203357E+01,1.7000000009073E+02));
#1573=CARTESIAN_POINT('Ctrl Pnt',(-5.4282443573259E+03,-1.0315338916880E+02,1.7000000009073E+02));
#1574=CARTESIAN_POINT('Ctrl Pnt',(-5.4316510171799E+03,-1.2555148765598E+02,1.7000000009073E+02));
#1575=CARTESIAN_POINT('Ctrl Pnt',(-5.4320595515468E+03,-1.4679134615414E+02,1.7000000009073E+02));
#1490=OFFSET_SURFACE('',#1491,2.7700000000000,.F.);
#1576=FACE_OUTER_BOUND('',#1577,.T.);
#1577=EDGE_LOOP('',(#1578,#1579,#1580,#1597));
#1578=ORIENTED_EDGE('',*,*,#1458,.F.);
#1579=ORIENTED_EDGE('',*,*,#1267,.T.);
#1580=ORIENTED_EDGE('',*,*,#1581,.T.);
#1582=VERTEX_POINT('',#1583);
#1583=CARTESIAN_POINT('',(-5.4292900637983E+03,-1.4684461538408E+02,1.7000000007582E+02));
#1584=B_SPLINE_CURVE_WITH_KNOTS('',11,(#1585,#1586,#1587,#1588,#1589,#1590,#1591,#1592,#1593,#1594,#1595,#1596),.UNSPECIFIED.,.F.,.F.,(12,12),(0.0,1.0),.UNSPECIFIED.);
#1585=CARTESIAN_POINT('Ctrl Pnt',(-5.2652404068400E+03,1.4080000000000E+01,1.7000000007582E+02));
#1586=CARTESIAN_POINT('Ctrl Pnt',(-5.2861315101273E+03,1.4079999999999E+01,1.7000000007582E+02));
#1587=CARTESIAN_POINT('Ctrl Pnt',(-5.3082181574707E+03,1.1154071184247E+01,1.7000000007582E+02));
#1588=CARTESIAN_POINT('Ctrl Pnt',(-5.3309313047700E+03,4.7448880781559,1.7000000007582E+02));
#1589=CARTESIAN_POINT('Ctrl Pnt',(-5.3534244747831E+03,-5.5921447365970,1.7000000007580E+02));
#1590=CARTESIAN_POINT('Ctrl Pnt',(-5.3745817917973E+03,-1.9990355352358E+01,1.7000000007585E+02));
#1591=CARTESIAN_POINT('Ctrl Pnt',(-5.3931232900801E+03,-3.8178649886994E+01,1.7000000007579E+02));
#1592=CARTESIAN_POINT('Ctrl Pnt',(-5.4079257095363E+03,-5.9055165652517E+01,1.7000000007583E+02));
#1593=CARTESIAN_POINT('Ctrl Pnt',(-5.4186933917050E+03,-8.1345386944654E+01,1.7000000007581E+02));
#1594=CARTESIAN_POINT('Ctrl Pnt',(-5.4255381808646E+03,-1.0393108042010E+02,1.7000000007582E+02));
#1595=CARTESIAN_POINT('Ctrl Pnt',(-5.4288883118120E+03,-1.2595737545374E+02,1.7000000007582E+02));
#1596=CARTESIAN_POINT('Ctrl Pnt',(-5.4292900637983E+03,-1.4684461538408E+02,1.7000000007582E+02));
#1581=EDGE_CURVE('',#1261,#1582,#1584,.T.);
#1597=ORIENTED_EDGE('',*,*,#1598,.F.);
#1599=B_SPLINE_CURVE_WITH_KNOTS('',5,(#1600,#1601,#1602,#1603,#1604,#1605),.UNSPECIFIED.,.F.,.F.,(6,6),(1.3215703755808,1.5707963321796),.UNSPECIFIED.);
#1600=CARTESIAN_POINT('Ctrl Pnt',(-5.4288551234150E+03,-1.4685298116985E+02,1.6652711309181E+02));
#1601=CARTESIAN_POINT('Ctrl Pnt',(-5.4290281981151E+03,-1.4684965219466E+02,1.6720724968900E+02));
#1602=CARTESIAN_POINT('Ctrl Pnt',(-5.4291589038337E+03,-1.4684713815829E+02,1.6789817194305E+02));
#1603=CARTESIAN_POINT('Ctrl Pnt',(-5.4292463440397E+03,-1.4684545630490E+02,1.6859635947628E+02));
#1604=CARTESIAN_POINT('Ctrl Pnt',(-5.4292900638021E+03,-1.4684461538478E+02,1.6929817978208E+02));
#1605=CARTESIAN_POINT('Ctrl Pnt',(-5.4292900637983E+03,-1.4684461538491E+02,1.7000000007582E+02));
#1598=EDGE_CURVE('',#1459,#1582,#1599,.T.);
#1606=ADVANCED_FACE('',(#1693),#1607,.T.);
#1608=(BOUNDED_SURFACE()B_SPLINE_SURFACE(6,11,((#1609,#1610,#1611,#1612,#1613,#1614,#1615,#1616,#1617,#1618,#1619,#1620),(#1621,#1622,#1623,#1624,#1625,#1626,#1627,#1628,#1629,#1630,#1631,#1632),(#1633,#1634,#1635,#1636,#1637,#1638,#1639,#1640,#1641,#1642,#1643,#1644),(#1645,#1646,#1647,#1648,#1649,#1650,#1651,#1652,#1653,#1654,#1655,#1656),(#1657,#1658,#1659,#1660,#1661,#1662,#1663,#1664,#1665,#1666,#1667,#1668),(#1669,#1670,#1671,#1672,#1673,#1674,#1675,#1676,#1677,#1678,#1679,#1680),(#1681,#1682,#1683,#1684,#1685,#1686,#1687,#1688,#1689,#1690,#1691,#1692)),.UNSPECIFIED.,.F.,.F.,.F.)B_SPLINE_SURFACE_WITH_KNOTS((7,7),(12,12),(1.5707963321796,4.7123889803847),(0.0,1.0),.UNSPECIFIED.)SURFACE()GEOMETRIC_REPRESENTATION_ITEM()RATIONAL_B_SPLINE_SURFACE(((1.1325565742273,1.1325565742273,1.1325565742273,1.1325565742274,1.1325565742272,1.1325565742275,1.1325565742271,1.1325565742274,1.1325565742273,1.1325565742273,1.1325565742273,1.1325565742273),(1.0363466312363,1.0363466312362,1.0363466312364,1.0363466312358,1.0363466312369,1.0363466312354,1.0363466312371,1.0363466312357,1.0363466312366,1.0363466312361,1.0363466312363,1.0363466312363),(9.9231630937414E-01,9.9231630937413E-01,9.9231630937416E-01,9.9231630937409E-01,9.9231630937420E-01,9.9231630937406E-01,9.9231630937423E-01,9.9231630937404E-01,9.9231630937421E-01,9.9231630937410E-01,9.9231630937415E-01,9.9231630937414E-01),(9.7646189977431E-01,9.7646189977429E-01,9.7646189977438E-01,9.7646189977416E-01,9.7646189977452E-01,9.7646189977408E-01,9.7646189977451E-01,9.7646189977417E-01,9.7646189977438E-01,9.7646189977428E-01,9.7646189977432E-01,9.7646189977431E-01),(9.9231630937414E-01,9.9231630937412E-01,9.9231630937422E-01,9.9231630937396E-01,9.9231630937443E-01,9.9231630937376E-01,9.9231630937453E-01,9.9231630937381E-01,9.9231630937435E-01,9.9231630937404E-01,9.9231630937416E-01,9.9231630937414E-01),(1.0363466312363,1.0363466312362,1.0363466312364,1.0363466312360,1.0363466312368,1.0363466312357,1.0363466312368,1.0363466312358,1.0363466312365,1.0363466312362,1.0363466312363,1.0363466312363),(1.1325565742273,1.1325565742273,1.1325565742273,1.1325565742274,1.1325565742272,1.1325565742275,1.1325565742271,1.1325565742274,1.1325565742273,1.1325565742273,1.1325565742273,1.1325565742273)))REPRESENTATION_ITEM(''));
#1609=CARTESIAN_POINT('Ctrl Pnt',(-5.2652404068400E+03,1.6850000000000E+01,1.7000000009073E+02));
#1610=CARTESIAN_POINT('Ctrl Pnt',(-5.2864841939165E+03,1.6849999999999E+01,1.7000000009073E+02));
#1611=CARTESIAN_POINT('Ctrl Pnt',(-5.3089436630500E+03,1.3874702797214E+01,1.7000000009073E+02));
#1612=CARTESIAN_POINT('Ctrl Pnt',(-5.3320405443144E+03,7.3571251827441,1.7000000009073E+02));
#1613=CARTESIAN_POINT('Ctrl Pnt',(-5.3549125933470E+03,-3.1537729982024,1.7000000009073E+02));
#1614=CARTESIAN_POINT('Ctrl Pnt',(-5.3764285783129E+03,-1.7796337564486E+01,1.7000000009073E+02));
#1615=CARTESIAN_POINT('Ctrl Pnt',(-5.3952813870045E+03,-3.6290012247239E+01,1.7000000009073E+02));
#1616=CARTESIAN_POINT('Ctrl Pnt',(-5.4103350126874E+03,-5.7520430517504E+01,1.7000000009073E+02));
#1617=CARTESIAN_POINT('Ctrl Pnt',(-5.4212838142023E+03,-8.0186117202575E+01,1.7000000009073E+02));
#1618=CARTESIAN_POINT('Ctrl Pnt',(-5.4282443573257E+03,-1.0315338916797E+02,1.7000000009073E+02));
#1619=CARTESIAN_POINT('Ctrl Pnt',(-5.4316510171798E+03,-1.2555148765514E+02,1.7000000009073E+02));
#1620=CARTESIAN_POINT('Ctrl Pnt',(-5.4320595515468E+03,-1.4679134615329E+02,1.7000000009073E+02));
#1621=CARTESIAN_POINT('Ctrl Pnt',(-5.2652404068407E+03,1.6849999948097E+01,1.7963901222544E+02));
#1622=CARTESIAN_POINT('Ctrl Pnt',(-5.2864841939105E+03,1.6849999948015E+01,1.7963901222544E+02));
#1623=CARTESIAN_POINT('Ctrl Pnt',(-5.3089436630370E+03,1.3874702746047E+01,1.7963901222544E+02));
#1624=CARTESIAN_POINT('Ctrl Pnt',(-5.3320405442942E+03,7.3571251335595,1.7963901222544E+02));
#1625=CARTESIAN_POINT('Ctrl Pnt',(-5.3549125933196E+03,-3.1537730442844,1.7963901222543E+02));
#1626=CARTESIAN_POINT('Ctrl Pnt',(-5.3764285782789E+03,-1.7796337606016E+01,1.7963901222544E+02));
#1627=CARTESIAN_POINT('Ctrl Pnt',(-5.3952813869645E+03,-3.6290012283146E+01,1.7963901222543E+02));
#1628=CARTESIAN_POINT('Ctrl Pnt',(-5.4103350126427E+03,-5.7520430546855E+01,1.7963901222544E+02));
#1629=CARTESIAN_POINT('Ctrl Pnt',(-5.4212838141541E+03,-8.0186117224903E+01,1.7963901222544E+02));
#1630=CARTESIAN_POINT('Ctrl Pnt',(-5.4282443572752E+03,-1.0315338918320E+02,1.7963901222544E+02));
#1631=CARTESIAN_POINT('Ctrl Pnt',(-5.4316510171281E+03,-1.2555148766340E+02,1.7963901222544E+02));
#1632=CARTESIAN_POINT('Ctrl Pnt',(-5.4320595514949E+03,-1.4679134615495E+02,1.7963901222544E+02));
#1633=CARTESIAN_POINT('Ctrl Pnt',(-5.2652404068412E+03,1.0526661269354E+01,1.8809291871663E+02));
#1634=CARTESIAN_POINT('Ctrl Pnt',(-5.2856790895629E+03,1.0526661269196E+01,1.8809291871663E+02));
#1635=CARTESIAN_POINT('Ctrl Pnt',(-5.3072873820044E+03,7.6641229037372,1.8809291871663E+02));
#1636=CARTESIAN_POINT('Ctrl Pnt',(-5.3295089297126E+03,1.3935506889357,1.8809291871663E+02));
#1637=CARTESIAN_POINT('Ctrl Pnt',(-5.3515141659582E+03,-8.7190018550566,1.8809291871664E+02));
#1638=CARTESIAN_POINT('Ctrl Pnt',(-5.3722147307198E+03,-2.2806637469473E+01,1.8809291871663E+02));
#1639=CARTESIAN_POINT('Ctrl Pnt',(-5.3903530491783E+03,-4.0599432503671E+01,1.8809291871663E+02));
#1640=CARTESIAN_POINT('Ctrl Pnt',(-5.4048361673734E+03,-6.1025253074796E+01,1.8809291871663E+02));
#1641=CARTESIAN_POINT('Ctrl Pnt',(-5.4153700274397E+03,-8.2831947764329E+01,1.8809291871663E+02));
#1642=CARTESIAN_POINT('Ctrl Pnt',(-5.4220667775037E+03,-1.0492879815137E+02,1.8809291871663E+02));
#1643=CARTESIAN_POINT('Ctrl Pnt',(-5.4253443305900E+03,-1.2647804579256E+02,1.8809291871663E+02));
#1644=CARTESIAN_POINT('Ctrl Pnt',(-5.4257373821807E+03,-1.4691294882248E+02,1.8809291871663E+02));
#1645=CARTESIAN_POINT('Ctrl Pnt',(-5.2652404068415E+03,-5.7889742777206E-08,1.9150164575914E+02));
#1646=CARTESIAN_POINT('Ctrl Pnt',(-5.2843388069628E+03,-5.8078391873551E-08,1.9150164575914E+02));
#1647=CARTESIAN_POINT('Ctrl Pnt',(-5.3045301187322E+03,-2.6748252320657,1.9150164575914E+02));
#1648=CARTESIAN_POINT('Ctrl Pnt',(-5.3252944710745E+03,-8.5341997710253,1.9150164575914E+02));
#1649=CARTESIAN_POINT('Ctrl Pnt',(-5.3458566967476E+03,-1.7983613775049E+01,1.9150164575914E+02));
#1650=CARTESIAN_POINT('Ctrl Pnt',(-5.3651998057894E+03,-3.1147441669118E+01,1.9150164575915E+02));
#1651=CARTESIAN_POINT('Ctrl Pnt',(-5.3821486898326E+03,-4.7773460256911E+01,1.9150164575914E+02));
#1652=CARTESIAN_POINT('Ctrl Pnt',(-5.3956820662278E+03,-6.6859841673376E+01,1.9150164575915E+02));
#1653=CARTESIAN_POINT('Ctrl Pnt',(-5.4055251601839E+03,-8.7236545308167E+01,1.9150164575914E+02));
#1654=CARTESIAN_POINT('Ctrl Pnt',(-5.4117827656263E+03,-1.0788437745376E+02,1.9150164575914E+02));
#1655=CARTESIAN_POINT('Ctrl Pnt',(-5.4148453906062E+03,-1.2802051633170E+02,1.9150164575914E+02));
#1656=CARTESIAN_POINT('Ctrl Pnt',(-5.4152126675315E+03,-1.4711538461755E+02,1.9150164575914E+02));
#1657=CARTESIAN_POINT('Ctrl Pnt',(-5.2652404068412E+03,-1.0526661366779E+01,1.8809291865995E+02));
#1658=CARTESIAN_POINT('Ctrl Pnt',(-5.2829985243646E+03,-1.0526661366937E+01,1.8809291865995E+02));
#1659=CARTESIAN_POINT('Ctrl Pnt',(-5.3017728554642E+03,-1.3013773349721E+01,1.8809291865995E+02));
#1660=CARTESIAN_POINT('Ctrl Pnt',(-5.3210800124433E+03,-1.8461950213480E+01,1.8809291865996E+02));
#1661=CARTESIAN_POINT('Ctrl Pnt',(-5.3401992275464E+03,-2.7248225678648E+01,1.8809291865993E+02));
#1662=CARTESIAN_POINT('Ctrl Pnt',(-5.3581848808707E+03,-3.9488245853890E+01,1.8809291865997E+02));
#1663=CARTESIAN_POINT('Ctrl Pnt',(-5.3739443305010E+03,-5.4947487997293E+01,1.8809291865993E+02));
#1664=CARTESIAN_POINT('Ctrl Pnt',(-5.3865279650980E+03,-7.2694430261363E+01,1.8809291865997E+02));
#1665=CARTESIAN_POINT('Ctrl Pnt',(-5.3956802929451E+03,-9.1641142843887E+01,1.8809291865994E+02));
#1666=CARTESIAN_POINT('Ctrl Pnt',(-5.4014987537667E+03,-1.1083995675053E+02,1.8809291865995E+02));
#1667=CARTESIAN_POINT('Ctrl Pnt',(-5.4043464506406E+03,-1.2956298686768E+02,1.8809291865995E+02));
#1668=CARTESIAN_POINT('Ctrl Pnt',(-5.4046879529007E+03,-1.4731782041179E+02,1.8809291865995E+02));
#1669=CARTESIAN_POINT('Ctrl Pnt',(-5.2652404068407E+03,-1.6850000000000E+01,1.7963901213471E+02));
#1670=CARTESIAN_POINT('Ctrl Pnt',(-5.2821934200216E+03,-1.6850000000084E+01,1.7963901213471E+02));
#1671=CARTESIAN_POINT('Ctrl Pnt',(-5.3001165744424E+03,-1.9224353147024E+01,1.7963901213470E+02));
#1672=CARTESIAN_POINT('Ctrl Pnt',(-5.3185483978788E+03,-2.4425524614688E+01,1.7963901213471E+02));
#1673=CARTESIAN_POINT('Ctrl Pnt',(-5.3368008002083E+03,-3.2813454448749E+01,1.7963901213470E+02));
#1674=CARTESIAN_POINT('Ctrl Pnt',(-5.3539710333412E+03,-4.4498545680489E+01,1.7963901213471E+02));
#1675=CARTESIAN_POINT('Ctrl Pnt',(-5.3690159927495E+03,-5.9256908185879E+01,1.7963901213470E+02));
#1676=CARTESIAN_POINT('Ctrl Pnt',(-5.3810291198677E+03,-7.6199252763076E+01,1.7963901213471E+02));
#1677=CARTESIAN_POINT('Ctrl Pnt',(-5.3897665062728E+03,-9.4286973363159E+01,1.7963901213470E+02));
#1678=CARTESIAN_POINT('Ctrl Pnt',(-5.3953211740394E+03,-1.1261536570480E+02,1.7963901213471E+02));
#1679=CARTESIAN_POINT('Ctrl Pnt',(-5.3980397641477E+03,-1.3048954498900E+02,1.7963901213471E+02));
#1680=CARTESIAN_POINT('Ctrl Pnt',(-5.3983657836320E+03,-1.4743942307728E+02,1.7963901213471E+02));
#1681=CARTESIAN_POINT('Ctrl Pnt',(-5.2652404068400E+03,-1.6850000000000E+01,1.7000000000000E+02));
#1682=CARTESIAN_POINT('Ctrl Pnt',(-5.2821934200209E+03,-1.6850000000000E+01,1.7000000000000E+02));
#1683=CARTESIAN_POINT('Ctrl Pnt',(-5.3001165744418E+03,-1.9224353146846E+01,1.7000000000000E+02));
#1684=CARTESIAN_POINT('Ctrl Pnt',(-5.3185483978782E+03,-2.4425524614428E+01,170.0));
#1685=CARTESIAN_POINT('Ctrl Pnt',(-5.3368008002078E+03,-3.2813454448387E+01,1.7000000000000E+02));
#1686=CARTESIAN_POINT('Ctrl Pnt',(-5.3539710333406E+03,-4.4498545680042E+01,1.7000000000000E+02));
#1687=CARTESIAN_POINT('Ctrl Pnt',(-5.3690159927490E+03,-5.9256908185376E+01,1.7000000000000E+02));
#1688=CARTESIAN_POINT('Ctrl Pnt',(-5.3810291198673E+03,-7.6199252762477E+01,1.7000000000000E+02));
#1689=CARTESIAN_POINT('Ctrl Pnt',(-5.3897665062725E+03,-9.4286973362554E+01,1.7000000000000E+02));
#1690=CARTESIAN_POINT('Ctrl Pnt',(-5.3953211740392E+03,-1.1261536570414E+02,1.7000000000000E+02));
#1691=CARTESIAN_POINT('Ctrl Pnt',(-5.3980397641476E+03,-1.3048954498834E+02,1.7000000000000E+02));
#1692=CARTESIAN_POINT('Ctrl Pnt',(-5.3983657836319E+03,-1.4743942307661E+02,1.7000000000000E+02));
#1607=OFFSET_SURFACE('',#1608,2.7700000000000,.F.);
#1693=FACE_OUTER_BOUND('',#1694,.T.);
#1694=EDGE_LOOP('',(#1695,#1696,#1697,#1698));
#1695=ORIENTED_EDGE('',*,*,#1581,.F.);
#1696=ORIENTED_EDGE('',*,*,#1291,.T.);
#1697=ORIENTED_EDGE('',*,*,#1440,.T.);
#1698=ORIENTED_EDGE('',*,*,#1699,.F.);
#1700=B_SPLINE_CURVE_WITH_KNOTS('',11,(#1701,#1702,#1703,#1704,#1705,#1706,#1707,#1708,#1709,#1710,#1711,#1712),.UNSPECIFIED.,.F.,.F.,(12,12),(1.5707963321796,4.7123889803847),.UNSPECIFIED.);
#1701=CARTESIAN_POINT('Ctrl Pnt',(-5.4292900637983E+03,-1.4684461538408E+02,1.7000000007582E+02));
#1702=CARTESIAN_POINT('Ctrl Pnt',(-5.4292900637771E+03,-1.4684461538483E+02,1.7402011970141E+02));
#1703=CARTESIAN_POINT('Ctrl Pnt',(-5.4280276865128E+03,-1.4686889636117E+02,1.7804259482115E+02));
#1704=CARTESIAN_POINT('Ctrl Pnt',(-5.4255004964491E+03,-1.4691750515978E+02,1.8162360890254E+02));
#1705=CARTESIAN_POINT('Ctrl Pnt',(-5.4218839784980E+03,-1.4698706644559E+02,1.8431999900968E+02));
#1706=CARTESIAN_POINT('Ctrl Pnt',(-5.4175266814713E+03,-1.4707087611868E+02,1.8577458997989E+02));
#1707=CARTESIAN_POINT('Ctrl Pnt',(-5.4128986536232E+03,-1.4715989311548E+02,1.8577458996716E+02));
#1708=CARTESIAN_POINT('Ctrl Pnt',(-5.4085413566022E+03,-1.4724370278810E+02,1.8431999897396E+02));
#1709=CARTESIAN_POINT('Ctrl Pnt',(-5.4049248386684E+03,-1.4731326407329E+02,1.8162360884701E+02));
#1710=CARTESIAN_POINT('Ctrl Pnt',(-5.4023976486221E+03,-1.4736187287087E+02,1.7804259475218E+02));
#1711=CARTESIAN_POINT('Ctrl Pnt',(-5.4011352713802E+03,-1.4738615384616E+02,1.7402011962558E+02));
#1712=CARTESIAN_POINT('Ctrl Pnt',(-5.4011352713804E+03,-1.4738615384582E+02,1.7000000000000E+02));
#1699=EDGE_CURVE('',#1582,#1441,#1700,.T.);
#1713=ADVANCED_FACE('',(#1722),#1719,.F.);
#1715=AXIS2_PLACEMENT_3D('',#1716,#1717,#1718);
#1716=CARTESIAN_POINT('',(-6.2168133512209E+03,-1.1115665194138E+03,170.0));
#1717=DIRECTION('',(3.4202014212283E-01,-9.3969262122371E-01,6.9000235204115E-11));
#1718=DIRECTION('',(2.3599470251020E-11,-6.4839011884007E-11,-1.0));
#1714=CIRCLE('',#1715,1.6850000000000E+01);
#1719=SURFACE_OF_LINEAR_EXTRUSION('',#1714,#1720);
#1720=VECTOR('',#1721,1.0);
#1721=DIRECTION('',(-3.4202014327913E-01,9.3969262080285E-01,0.0));
#1722=FACE_OUTER_BOUND('',#1723,.F.);
#1723=EDGE_LOOP('',(#1724,#1732,#1733,#1741));
#1724=ORIENTED_EDGE('',*,*,#1725,.F.);
#1726=VERTEX_POINT('',#1727);
#1727=CARTESIAN_POINT('',(-6.3041757726507E+03,-9.2080634333915E+02,170.0));
#1728=LINE('',#1729,#1730);
#1729=CARTESIAN_POINT('',(-6.2326471718882E+03,-1.1173295588093E+03,1.7000000000000E+02));
#1730=VECTOR('',#1731,1.0);
#1731=DIRECTION('',(-3.4202014327913E-01,9.3969262080285E-01,0.0));
#1725=EDGE_CURVE('',#1315,#1726,#1728,.T.);
#1732=ORIENTED_EDGE('',*,*,#1323,.T.);
#1733=ORIENTED_EDGE('',*,*,#1734,.T.);
#1735=VERTEX_POINT('',#1736);
#1736=CARTESIAN_POINT('',(-6.2729973388314E+03,-9.0945832152295E+02,1.6584388178956E+02));
#1737=LINE('',#1738,#1739);
#1738=CARTESIAN_POINT('',(-6.2014687380691E+03,-1.1059815369927E+03,1.6584388178956E+02));
#1739=VECTOR('',#1740,1.0);
#1740=DIRECTION('',(-3.4202014327913E-01,9.3969262080285E-01,0.0));
#1734=EDGE_CURVE('',#1324,#1735,#1737,.T.);
#1741=ORIENTED_EDGE('',*,*,#1742,.F.);
#1744=AXIS2_PLACEMENT_3D('',#1745,#1746,#1747);
#1745=CARTESIAN_POINT('',(-6.2883419519831E+03,-9.1504330394396E+02,170.0));
#1746=DIRECTION('',(3.4202014212283E-01,-9.3969262122371E-01,6.9000235204115E-11));
#1747=DIRECTION('',(2.3599470251020E-11,-6.4839011884007E-11,-1.0));
#1743=CIRCLE('',#1744,1.6850000000000E+01);
#1742=EDGE_CURVE('',#1726,#1735,#1743,.T.);
#1748=ADVANCED_FACE('',(#1757),#1754,.F.);
#1750=AXIS2_PLACEMENT_3D('',#1751,#1752,#1753);
#1751=CARTESIAN_POINT('',(-6.2168133512209E+03,-1.1115665194138E+03,170.0));
#1752=DIRECTION('',(3.4202014212283E-01,-9.3969262122371E-01,6.9000235204115E-11));
#1753=DIRECTION('',(2.3599470251020E-11,-6.4839011884007E-11,-1.0));
#1749=CIRCLE('',#1750,1.6850000000000E+01);
#1754=SURFACE_OF_LINEAR_EXTRUSION('',#1749,#1755);
#1755=VECTOR('',#1756,1.0);
#1756=DIRECTION('',(-3.4202014327913E-01,9.3969262080285E-01,0.0));
#1757=FACE_OUTER_BOUND('',#1758,.F.);
#1758=EDGE_LOOP('',(#1759,#1760,#1761,#1769));
#1759=ORIENTED_EDGE('',*,*,#1734,.F.);
#1760=ORIENTED_EDGE('',*,*,#1332,.T.);
#1761=ORIENTED_EDGE('',*,*,#1762,.T.);
#1763=VERTEX_POINT('',#1764);
#1764=CARTESIAN_POINT('',(-6.2725081313154E+03,-9.0928026454961E+02,1.7000000009073E+02));
#1765=LINE('',#1766,#1767);
#1766=CARTESIAN_POINT('',(-6.2009795305530E+03,-1.1058034800198E+03,1.7000000009073E+02));
#1767=VECTOR('',#1768,1.0);
#1768=DIRECTION('',(-3.4202014327913E-01,9.3969262080285E-01,0.0));
#1762=EDGE_CURVE('',#1333,#1763,#1765,.T.);
#1769=ORIENTED_EDGE('',*,*,#1770,.F.);
#1772=AXIS2_PLACEMENT_3D('',#1773,#1774,#1775);
#1773=CARTESIAN_POINT('',(-6.2883419519831E+03,-9.1504330394396E+02,170.0));
#1774=DIRECTION('',(3.4202014212283E-01,-9.3969262122371E-01,6.9000235204115E-11));
#1775=DIRECTION('',(2.3599470251020E-11,-6.4839011884007E-11,-1.0));
#1771=CIRCLE('',#1772,1.6850000000000E+01);
#1770=EDGE_CURVE('',#1735,#1763,#1771,.T.);
#1776=ADVANCED_FACE('',(#1785),#1782,.F.);
#1778=AXIS2_PLACEMENT_3D('',#1779,#1780,#1781);
#1779=CARTESIAN_POINT('',(-6.2168133512206E+03,-1.1115665194146E+03,170.0));
#1780=DIRECTION('',(3.4202014212283E-01,-9.3969262122371E-01,6.9000235204115E-11));
#1781=DIRECTION('',(2.3599470251020E-11,-6.4839011884007E-11,-1.0));
#1777=CIRCLE('',#1778,1.6850000000000E+01);
#1782=SURFACE_OF_LINEAR_EXTRUSION('',#1777,#1783);
#1783=VECTOR('',#1784,1.0);
#1784=DIRECTION('',(-3.4202014327913E-01,9.3969262080285E-01,0.0));
#1785=FACE_OUTER_BOUND('',#1786,.F.);
#1786=EDGE_LOOP('',(#1787,#1788,#1789,#1790));
#1787=ORIENTED_EDGE('',*,*,#1762,.F.);
#1788=ORIENTED_EDGE('',*,*,#1341,.T.);
#1789=ORIENTED_EDGE('',*,*,#1725,.T.);
#1790=ORIENTED_EDGE('',*,*,#1791,.F.);
#1793=AXIS2_PLACEMENT_3D('',#1794,#1795,#1796);
#1794=CARTESIAN_POINT('',(-6.2883419519829E+03,-9.1504330394476E+02,170.0));
#1795=DIRECTION('',(3.4202014212283E-01,-9.3969262122371E-01,6.9000235204115E-11));
#1796=DIRECTION('',(2.3599470251020E-11,-6.4839011884007E-11,-1.0));
#1792=CIRCLE('',#1793,1.6850000000000E+01);
#1791=EDGE_CURVE('',#1763,#1726,#1792,.T.);
#1797=ADVANCED_FACE('',(#1877),#1798,.T.);
#1799=(BOUNDED_SURFACE()B_SPLINE_SURFACE(6,10,((#1800,#1801,#1802,#1803,#1804,#1805,#1806,#1807,#1808,#1809,#1810),(#1811,#1812,#1813,#1814,#1815,#1816,#1817,#1818,#1819,#1820,#1821),(#1822,#1823,#1824,#1825,#1826,#1827,#1828,#1829,#1830,#1831,#1832),(#1833,#1834,#1835,#1836,#1837,#1838,#1839,#1840,#1841,#1842,#1843),(#1844,#1845,#1846,#1847,#1848,#1849,#1850,#1851,#1852,#1853,#1854),(#1855,#1856,#1857,#1858,#1859,#1860,#1861,#1862,#1863,#1864,#1865),(#1866,#1867,#1868,#1869,#1870,#1871,#1872,#1873,#1874,#1875,#1876)),.UNSPECIFIED.,.F.,.F.,.F.)B_SPLINE_SURFACE_WITH_KNOTS((7,7),(11,11),(4.7123889803847,7.6047556827604),(0.0,1.0),.UNSPECIFIED.)SURFACE()GEOMETRIC_REPRESENTATION_ITEM()RATIONAL_B_SPLINE_SURFACE(((1.1111169223574,1.1111169223574,1.1111169223574,1.1111169223575,1.1111169223573,1.1111169223575,1.1111169223573,1.1111169223575,1.1111169223574,1.1111169223574,1.1111169223574),(1.0315284552156,1.0315284552156,1.0315284552155,1.0315284552158,1.0315284552153,1.0315284552159,1.0315284552153,1.0315284552157,1.0315284552155,1.0315284552156,1.0315284552156),(9.9329074453088E-01,9.9329074453090E-01,9.9329074453083E-01,9.9329074453099E-01,9.9329074453074E-01,9.9329074453104E-01,9.9329074453076E-01,9.9329074453097E-01,9.9329074453085E-01,9.9329074453089E-01,9.9329074453088E-01),(9.8003511783858E-01,9.8003511783859E-01,9.8003511783853E-01,9.8003511783867E-01,9.8003511783846E-01,9.8003511783870E-01,9.8003511783849E-01,9.8003511783862E-01,9.8003511783857E-01,9.8003511783858E-01,9.8003511783858E-01),(9.9329074453089E-01,9.9329074453090E-01,9.9329074453082E-01,9.9329074453103E-01,9.9329074453068E-01,9.9329074453112E-01,9.9329074453069E-01,9.9329074453100E-01,9.9329074453084E-01,9.9329074453090E-01,9.9329074453089E-01),(1.0315284552156,1.0315284552156,1.0315284552154,1.0315284552160,1.0315284552150,1.0315284552162,1.0315284552150,1.0315284552159,1.0315284552154,1.0315284552156,1.0315284552156),(1.1111169223574,1.1111169223574,1.1111169223574,1.1111169223576,1.1111169223572,1.1111169223576,1.1111169223573,1.1111169223575,1.1111169223574,1.1111169223574,1.1111169223574)))REPRESENTATION_ITEM(''));
#1800=CARTESIAN_POINT('Ctrl Pnt',(-5.3983657836320E+03,-1.4743942307746E+02,1.7000000000000E+02));
#1801=CARTESIAN_POINT('Ctrl Pnt',(-5.4007438002261E+03,-2.7107341825981E+02,1.7000000000000E+02));
#1802=CARTESIAN_POINT('Ctrl Pnt',(-5.4177599959843E+03,-3.9860139762483E+02,1.7000000000000E+02));
#1803=CARTESIAN_POINT('Ctrl Pnt',(-5.4510222676295E+03,-5.2733706451922E+02,1.7000000000000E+02));
#1804=CARTESIAN_POINT('Ctrl Pnt',(-5.5014630548409E+03,-6.5386945060262E+02,1.7000000000000E+02));
#1805=CARTESIAN_POINT('Ctrl Pnt',(-5.5689425979207E+03,-7.7429440806135E+02,1.7000000000000E+02));
#1806=CARTESIAN_POINT('Ctrl Pnt',(-5.6518912889392E+03,-8.8463557794614E+02,1.7000000000000E+02));
#1807=CARTESIAN_POINT('Ctrl Pnt',(-5.7473044444648E+03,-9.8185207600634E+02,170.0));
#1808=CARTESIAN_POINT('Ctrl Pnt',(-5.8516663914733E+03,-1.0642403923039E+03,1.7000000000000E+02));
#1809=CARTESIAN_POINT('Ctrl Pnt',(-5.9614799699511E+03,-1.1312770570547E+03,1.7000000000000E+02));
#1810=CARTESIAN_POINT('Ctrl Pnt',(-6.0736384527863E+03,-1.1833490692665E+03,1.7000000000000E+02));
#1811=CARTESIAN_POINT('Ctrl Pnt',(-5.3983657836320E+03,-1.4743942307686E+02,1.6125205230138E+02));
#1812=CARTESIAN_POINT('Ctrl Pnt',(-5.4007438002260E+03,-2.7107341825922E+02,1.6125205230138E+02));
#1813=CARTESIAN_POINT('Ctrl Pnt',(-5.4177599959841E+03,-3.9860139762420E+02,1.6125205230138E+02));
#1814=CARTESIAN_POINT('Ctrl Pnt',(-5.4510222676293E+03,-5.2733706451870E+02,1.6125205230138E+02));
#1815=CARTESIAN_POINT('Ctrl Pnt',(-5.5014630548405E+03,-6.5386945060201E+02,1.6125205230137E+02));
#1816=CARTESIAN_POINT('Ctrl Pnt',(-5.5689425979204E+03,-7.7429440806087E+02,1.6125205230138E+02));
#1817=CARTESIAN_POINT('Ctrl Pnt',(-5.6518912889388E+03,-8.8463557794565E+02,1.6125205230138E+02));
#1818=CARTESIAN_POINT('Ctrl Pnt',(-5.7473044444644E+03,-9.8185207600592E+02,1.6125205230138E+02));
#1819=CARTESIAN_POINT('Ctrl Pnt',(-5.8516663914728E+03,-1.0642403923036E+03,1.6125205230138E+02));
#1820=CARTESIAN_POINT('Ctrl Pnt',(-5.9614799699506E+03,-1.1312770570544E+03,1.6125205230138E+02));
#1821=CARTESIAN_POINT('Ctrl Pnt',(-6.0736384527857E+03,-1.1833490692662E+03,1.6125205230138E+02));
#1822=CARTESIAN_POINT('Ctrl Pnt',(-5.4036191737215E+03,-1.4733837765762E+02,1.5338569659684E+02));
#1823=CARTESIAN_POINT('Ctrl Pnt',(-5.4059864820329E+03,-2.7041564512198E+02,1.5338569659684E+02));
#1824=CARTESIAN_POINT('Ctrl Pnt',(-5.4229260533333E+03,-3.9736936203737E+02,1.5338569659684E+02));
#1825=CARTESIAN_POINT('Ctrl Pnt',(-5.4560385439367E+03,-5.2552532822770E+02,1.5338569659684E+02));
#1826=CARTESIAN_POINT('Ctrl Pnt',(-5.5062521947174E+03,-6.5148793504902E+02,1.5338569659684E+02));
#1827=CARTESIAN_POINT('Ctrl Pnt',(-5.5734278753200E+03,-7.7137061518620E+02,1.5338569659684E+02));
#1828=CARTESIAN_POINT('Ctrl Pnt',(-5.6560030458080E+03,-8.8121491535813E+02,1.5338569659684E+02));
#1829=CARTESIAN_POINT('Ctrl Pnt',(-5.7509865529325E+03,-9.7799364450988E+02,1.5338569659684E+02));
#1830=CARTESIAN_POINT('Ctrl Pnt',(-5.8548785548540E+03,-1.0600109636620E+03,1.5338569659684E+02));
#1831=CARTESIAN_POINT('Ctrl Pnt',(-5.9641976393792E+03,-1.1267457602305E+03,1.5338569659684E+02));
#1832=CARTESIAN_POINT('Ctrl Pnt',(-6.0758510690846E+03,-1.1785832905551E+03,1.5338569659684E+02));
#1833=CARTESIAN_POINT('Ctrl Pnt',(-5.4126374775424E+03,-1.4716491665980E+02,1.4943777091353E+02));
#1834=CARTESIAN_POINT('Ctrl Pnt',(-5.4149864033344E+03,-2.6928646988614E+02,1.4943777091353E+02));
#1835=CARTESIAN_POINT('Ctrl Pnt',(-5.4317944362133E+03,-3.9525437132701E+02,1.4943777091353E+02));
#1836=CARTESIAN_POINT('Ctrl Pnt',(-5.4646498031465E+03,-5.2241518638919E+02,1.4943777091353E+02));
#1837=CARTESIAN_POINT('Ctrl Pnt',(-5.5144735370726E+03,-6.4739967386086E+02,1.4943777091353E+02));
#1838=CARTESIAN_POINT('Ctrl Pnt',(-5.5811275880053E+03,-7.6635144623061E+02,1.4943777091353E+02));
#1839=CARTESIAN_POINT('Ctrl Pnt',(-5.6630615493750E+03,-8.7534278822577E+02,1.4943777091353E+02));
#1840=CARTESIAN_POINT('Ctrl Pnt',(-5.7573074947060E+03,-9.7137001540423E+02,1.4943777091353E+02));
#1841=CARTESIAN_POINT('Ctrl Pnt',(-5.8603927589780E+03,-1.0527504572409E+03,1.4943777091353E+02));
#1842=CARTESIAN_POINT('Ctrl Pnt',(-5.9688629637082E+03,-1.1189670476732E+03,1.4943777091353E+02));
#1843=CARTESIAN_POINT('Ctrl Pnt',(-6.0796493870631E+03,-1.1704020514645E+03,1.4943777091353E+02));
#1844=CARTESIAN_POINT('Ctrl Pnt',(-5.4223507397369E+03,-1.4697808860629E+02,1.5103890880361E+02));
#1845=CARTESIAN_POINT('Ctrl Pnt',(-5.4246798664365E+03,-2.6807027942022E+02,1.5103890880361E+02));
#1846=CARTESIAN_POINT('Ctrl Pnt',(-5.4413462244283E+03,-3.9297639758460E+02,1.5103890880361E+02));
#1847=CARTESIAN_POINT('Ctrl Pnt',(-5.4739246535166E+03,-5.1906537430298E+02,1.5103890880361E+02));
#1848=CARTESIAN_POINT('Ctrl Pnt',(-5.5233284232546E+03,-6.4299636769317E+02,1.5103890880360E+02));
#1849=CARTESIAN_POINT('Ctrl Pnt',(-5.5894206472792E+03,-7.6094549572926E+02,1.5103890880361E+02));
#1850=CARTESIAN_POINT('Ctrl Pnt',(-5.6706639873957E+03,-8.6901814984527E+02,1.5103890880360E+02));
#1851=CARTESIAN_POINT('Ctrl Pnt',(-5.7641155337767E+03,-9.6423596365145E+02,1.5103890880361E+02));
#1852=CARTESIAN_POINT('Ctrl Pnt',(-5.8663318924911E+03,-1.0449304498504E+03,1.5103890880361E+02));
#1853=CARTESIAN_POINT('Ctrl Pnt',(-5.9738878020075E+03,-1.1105889007284E+03,1.5103890880361E+02));
#1854=CARTESIAN_POINT('Ctrl Pnt',(-6.0837404067449E+03,-1.1615903589401E+03,1.5103890880361E+02));
#1855=CARTESIAN_POINT('Ctrl Pnt',(-5.4293817276651E+03,-1.4684285229134E+02,1.5736621388335E+02));
#1856=CARTESIAN_POINT('Ctrl Pnt',(-5.4316965227039E+03,-2.6718993455673E+02,1.5736621388335E+02));
#1857=CARTESIAN_POINT('Ctrl Pnt',(-5.4482603287001E+03,-3.9132747618624E+02,1.5736621388335E+02));
#1858=CARTESIAN_POINT('Ctrl Pnt',(-5.4806382951010E+03,-5.1664059796475E+02,1.5736621388336E+02));
#1859=CARTESIAN_POINT('Ctrl Pnt',(-5.5297380718984E+03,-6.3980901499067E+02,1.5736621388335E+02));
#1860=CARTESIAN_POINT('Ctrl Pnt',(-5.5954236150234E+03,-7.5703237447797E+02,1.5736621388336E+02));
#1861=CARTESIAN_POINT('Ctrl Pnt',(-5.6761670458821E+03,-8.6444003229737E+02,1.5736621388335E+02));
#1862=CARTESIAN_POINT('Ctrl Pnt',(-5.7690435630593E+03,-9.5907194864327E+02,1.5736621388336E+02));
#1863=CARTESIAN_POINT('Ctrl Pnt',(-5.8706309606312E+03,-1.0392699028109E+03,1.5736621388335E+02));
#1864=CARTESIAN_POINT('Ctrl Pnt',(-5.9775250535013E+03,-1.1045243418967E+03,1.5736621388335E+02));
#1865=CARTESIAN_POINT('Ctrl Pnt',(-6.0867017094899E+03,-1.1552119762172E+03,1.5736621388335E+02));
#1866=CARTESIAN_POINT('Ctrl Pnt',(-5.4315390440569E+03,-1.4680135776471E+02,1.6584388178956E+02));
#1867=CARTESIAN_POINT('Ctrl Pnt',(-5.4338494417155E+03,-2.6691981854732E+02,1.6584388178956E+02));
#1868=CARTESIAN_POINT('Ctrl Pnt',(-5.4503817817069E+03,-3.9082153801735E+02,1.6584388178956E+02));
#1869=CARTESIAN_POINT('Ctrl Pnt',(-5.4826982401879E+03,-5.1589660440484E+02,1.6584388178956E+02));
#1870=CARTESIAN_POINT('Ctrl Pnt',(-5.5317047429022E+03,-6.3883104030231E+02,1.6584388178956E+02));
#1871=CARTESIAN_POINT('Ctrl Pnt',(-5.5972655042213E+03,-7.5583171239433E+02,1.6584388178956E+02));
#1872=CARTESIAN_POINT('Ctrl Pnt',(-5.6778555480387E+03,-8.6303532955460E+02,1.6584388178956E+02));
#1873=CARTESIAN_POINT('Ctrl Pnt',(-5.7705556291390E+03,-9.5748747511897E+02,1.6584388178956E+02));
#1874=CARTESIAN_POINT('Ctrl Pnt',(-5.8719500427098E+03,-1.0375330784787E+03,1.6584388178956E+02));
#1875=CARTESIAN_POINT('Ctrl Pnt',(-5.9786410705321E+03,-1.1026635547202E+03,1.6584388178956E+02));
#1876=CARTESIAN_POINT('Ctrl Pnt',(-6.0876103253232E+03,-1.1532548985291E+03,1.6584388178956E+02));
#1798=OFFSET_SURFACE('',#1799,2.7700000000000,.F.);
#1877=FACE_OUTER_BOUND('',#1878,.T.);
#1878=EDGE_LOOP('',(#1879,#1895,#1896,#1912));
#1879=ORIENTED_EDGE('',*,*,#1880,.F.);
#1881=VERTEX_POINT('',#1882);
#1882=CARTESIAN_POINT('',(-6.0748049020323E+03,-1.1808366409279E+03,170.0));
#1883=B_SPLINE_CURVE_WITH_KNOTS('',10,(#1884,#1885,#1886,#1887,#1888,#1889,#1890,#1891,#1892,#1893,#1894),.UNSPECIFIED.,.F.,.F.,(11,11),(0.0,1.0),.UNSPECIFIED.);
#1884=CARTESIAN_POINT('Ctrl Pnt',(-5.4011352713804E+03,-1.4738615384582E+02,1.7000000000000E+02));
#1885=CARTESIAN_POINT('Ctrl Pnt',(-5.4035076427707E+03,-2.7072665272050E+02,1.7000000000000E+02));
#1886=CARTESIAN_POINT('Ctrl Pnt',(-5.4204834439301E+03,-3.9795189061984E+02,1.6999999999998E+02));
#1887=CARTESIAN_POINT('Ctrl Pnt',(-5.4536667517028E+03,-5.2638195616739E+02,1.7000000000004E+02));
#1888=CARTESIAN_POINT('Ctrl Pnt',(-5.5039878036508E+03,-6.5261395331635E+02,1.6999999999995E+02));
#1889=CARTESIAN_POINT('Ctrl Pnt',(-5.5713071426770E+03,-7.7275304540019E+02,1.7000000000006E+02));
#1890=CARTESIAN_POINT('Ctrl Pnt',(-5.6540589380529E+03,-8.8283226784881E+02,1.6999999999995E+02));
#1891=CARTESIAN_POINT('Ctrl Pnt',(-5.7492455772825E+03,-9.7981798373632E+02,1.7000000000003E+02));
#1892=CARTESIAN_POINT('Ctrl Pnt',(-5.8533597843901E+03,-1.0620107177780E+03,1.6999999999999E+02));
#1893=CARTESIAN_POINT('Ctrl Pnt',(-5.9629126737969E+03,-1.1288882431981E+03,1.7000000000000E+02));
#1894=CARTESIAN_POINT('Ctrl Pnt',(-6.0748049021884E+03,-1.1808366410004E+03,1.7000000000000E+02));
#1880=EDGE_CURVE('',#1441,#1881,#1883,.T.);
#1895=ORIENTED_EDGE('',*,*,#1475,.T.);
#1896=ORIENTED_EDGE('',*,*,#1897,.T.);
#1898=VERTEX_POINT('',#1899);
#1899=CARTESIAN_POINT('',(-6.0864799148491E+03,-1.1556897018368E+03,1.6652711309181E+02));
#1900=B_SPLINE_CURVE_WITH_KNOTS('',10,(#1901,#1902,#1903,#1904,#1905,#1906,#1907,#1908,#1909,#1910,#1911),.UNSPECIFIED.,.F.,.F.,(11,11),(0.0,1.0),.UNSPECIFIED.);
#1901=CARTESIAN_POINT('Ctrl Pnt',(-5.4288551234150E+03,-1.4685298116986E+02,1.6652711309181E+02));
#1902=CARTESIAN_POINT('Ctrl Pnt',(-5.4311709918611E+03,-2.6725587029090E+02,1.6652711309181E+02));
#1903=CARTESIAN_POINT('Ctrl Pnt',(-5.4477424784004E+03,-3.9145097761560E+02,1.6652711307479E+02));
#1904=CARTESIAN_POINT('Ctrl Pnt',(-5.4801354610708E+03,-5.1682220337957E+02,1.6652711312508E+02));
#1905=CARTESIAN_POINT('Ctrl Pnt',(-5.5292579996489E+03,-6.4004774728177E+02,1.6652711306941E+02));
#1906=CARTESIAN_POINT('Ctrl Pnt',(-5.5949740153052E+03,-7.5732545255122E+02,1.6652711310079E+02));
#1907=CARTESIAN_POINT('Ctrl Pnt',(-5.6757548714028E+03,-8.6478292392753E+02,1.6652711306941E+02));
#1908=CARTESIAN_POINT('Ctrl Pnt',(-5.7686744702745E+03,-9.5945872132204E+02,1.6652711312508E+02));
#1909=CARTESIAN_POINT('Ctrl Pnt',(-5.8703089694769E+03,-1.0396938641680E+03,1.6652711307479E+02));
#1910=CARTESIAN_POINT('Ctrl Pnt',(-5.9772526320278E+03,-1.1049785629095E+03,1.6652711309181E+02));
#1911=CARTESIAN_POINT('Ctrl Pnt',(-6.0864799149678E+03,-1.1556897018920E+03,1.6652711309181E+02));
#1897=EDGE_CURVE('',#1459,#1898,#1900,.T.);
#1912=ORIENTED_EDGE('',*,*,#1913,.F.);
#1914=B_SPLINE_CURVE_WITH_KNOTS('',6,(#1915,#1916,#1917,#1918,#1919,#1920,#1921),.UNSPECIFIED.,.F.,.F.,(7,7),(4.7123889803847,7.6047556827604),.UNSPECIFIED.);
#1915=CARTESIAN_POINT('Ctrl Pnt',(-6.0748049020324E+03,-1.1808366409279E+03,1.7000000000000E+02));
#1916=CARTESIAN_POINT('Ctrl Pnt',(-6.0748049020323E+03,-1.1808366409279E+03,1.6321374181947E+02));
#1917=CARTESIAN_POINT('Ctrl Pnt',(-6.0764468734138E+03,-1.1772999806290E+03,1.5643012753199E+02));
#1918=CARTESIAN_POINT('Ctrl Pnt',(-6.0798078438312E+03,-1.1700607493151E+03,1.5244181032973E+02));
#1919=CARTESIAN_POINT('Ctrl Pnt',(-6.0834792237154E+03,-1.1621529236212E+03,1.5433826196580E+02));
#1920=CARTESIAN_POINT('Ctrl Pnt',(-6.0857750521932E+03,-1.1572079132987E+03,1.5995052562669E+02));
#1921=CARTESIAN_POINT('Ctrl Pnt',(-6.0864799148491E+03,-1.1556897018368E+03,1.6652711309181E+02));
#1913=EDGE_CURVE('',#1881,#1898,#1914,.T.);
#1922=ADVANCED_FACE('',(#2002),#1923,.T.);
#1924=(BOUNDED_SURFACE()B_SPLINE_SURFACE(6,10,((#1925,#1926,#1927,#1928,#1929,#1930,#1931,#1932,#1933,#1934,#1935),(#1936,#1937,#1938,#1939,#1940,#1941,#1942,#1943,#1944,#1945,#1946),(#1947,#1948,#1949,#1950,#1951,#1952,#1953,#1954,#1955,#1956,#1957),(#1958,#1959,#1960,#1961,#1962,#1963,#1964,#1965,#1966,#1967,#1968),(#1969,#1970,#1971,#1972,#1973,#1974,#1975,#1976,#1977,#1978,#1979),(#1980,#1981,#1982,#1983,#1984,#1985,#1986,#1987,#1988,#1989,#1990),(#1991,#1992,#1993,#1994,#1995,#1996,#1997,#1998,#1999,#2000,#2001)),.UNSPECIFIED.,.F.,.F.,.F.)B_SPLINE_SURFACE_WITH_KNOTS((7,7),(11,11),(1.3215703755808,1.5707963321796),(0.0,1.0),.UNSPECIFIED.)SURFACE()GEOMETRIC_REPRESENTATION_ITEM()RATIONAL_B_SPLINE_SURFACE(((1.0007767643074,1.0007767643075,1.0007767643073,1.0007767643077,1.0007767643070,1.0007767643078,1.0007767643071,1.0007767643076,1.0007767643073,1.0007767643074,1.0007767643074),(1.0002586532548,1.0002586532548,1.0002586532548,1.0002586532549,1.0002586532547,1.0002586532550,1.0002586532547,1.0002586532549,1.0002586532548,1.0002586532548,1.0002586532548),(9.9994821599026E-01,9.9994821599028E-01,9.9994821599018E-01,9.9994821599045E-01,9.9994821598997E-01,9.9994821599060E-01,9.9994821598996E-01,9.9994821599045E-01,9.9994821599018E-01,9.9994821599028E-01,9.9994821599026E-01),(9.9984480763097E-01,9.9984480763099E-01,9.9984480763088E-01,9.9984480763116E-01,9.9984480763069E-01,9.9984480763130E-01,9.9984480763068E-01,9.9984480763116E-01,9.9984480763089E-01,9.9984480763099E-01,9.9984480763097E-01),(9.9994821599026E-01,9.9994821599029E-01,9.9994821599015E-01,9.9994821599051E-01,9.9994821598988E-01,9.9994821599071E-01,9.9994821598987E-01,9.9994821599051E-01,9.9994821599015E-01,9.9994821599029E-01,9.9994821599026E-01),(1.0002586532548,1.0002586532548,1.0002586532548,1.0002586532550,1.0002586532546,1.0002586532550,1.0002586532546,1.0002586532550,1.0002586532548,1.0002586532548,1.0002586532548),(1.0007767643074,1.0007767643075,1.0007767643073,1.0007767643077,1.0007767643070,1.0007767643078,1.0007767643071,1.0007767643076,1.0007767643073,1.0007767643074,1.0007767643074)))REPRESENTATION_ITEM(''));
#1925=CARTESIAN_POINT('Ctrl Pnt',(-5.4315390440569E+03,-1.4680135776471E+02,1.6584388178956E+02));
#1926=CARTESIAN_POINT('Ctrl Pnt',(-5.4338494417155E+03,-2.6691981854733E+02,1.6584388178956E+02));
#1927=CARTESIAN_POINT('Ctrl Pnt',(-5.4503817817069E+03,-3.9082153801732E+02,1.6584388178956E+02));
#1928=CARTESIAN_POINT('Ctrl Pnt',(-5.4826982401880E+03,-5.1589660440488E+02,1.6584388178956E+02));
#1929=CARTESIAN_POINT('Ctrl Pnt',(-5.5317047429022E+03,-6.3883104030227E+02,1.6584388178956E+02));
#1930=CARTESIAN_POINT('Ctrl Pnt',(-5.5972655042213E+03,-7.5583171239434E+02,1.6584388178956E+02));
#1931=CARTESIAN_POINT('Ctrl Pnt',(-5.6778555480387E+03,-8.6303532955461E+02,1.6584388178956E+02));
#1932=CARTESIAN_POINT('Ctrl Pnt',(-5.7705556291389E+03,-9.5748747511895E+02,1.6584388178956E+02));
#1933=CARTESIAN_POINT('Ctrl Pnt',(-5.8719500427098E+03,-1.0375330784787E+03,1.6584388178956E+02));
#1934=CARTESIAN_POINT('Ctrl Pnt',(-5.9786410705321E+03,-1.1026635547202E+03,1.6584388178956E+02));
#1935=CARTESIAN_POINT('Ctrl Pnt',(-6.0876103253232E+03,-1.1532548985291E+03,1.6584388178956E+02));
#1936=CARTESIAN_POINT('Ctrl Pnt',(-5.4317117369591E+03,-1.4679803613314E+02,1.6652251802512E+02));
#1937=CARTESIAN_POINT('Ctrl Pnt',(-5.4340217826080E+03,-2.6689819579519E+02,1.6652251802512E+02));
#1938=CARTESIAN_POINT('Ctrl Pnt',(-5.4505516037498E+03,-3.9078103773140E+02,1.6652251802512E+02));
#1939=CARTESIAN_POINT('Ctrl Pnt',(-5.4828631385297E+03,-5.1583704781519E+02,1.6652251802512E+02));
#1940=CARTESIAN_POINT('Ctrl Pnt',(-5.5318621746654E+03,-6.3875275355311E+02,1.6652251802512E+02));
#1941=CARTESIAN_POINT('Ctrl Pnt',(-5.5974129472169E+03,-7.5573559954756E+02,1.6652251802512E+02));
#1942=CARTESIAN_POINT('Ctrl Pnt',(-5.6779907124212E+03,-8.6292288327903E+02,1.6652251802512E+02));
#1943=CARTESIAN_POINT('Ctrl Pnt',(-5.7706766698360E+03,-9.5736063821526E+02,1.6652251802512E+02));
#1944=CARTESIAN_POINT('Ctrl Pnt',(-5.8720556350621E+03,-1.0373940459122E+03,1.6652251802512E+02));
#1945=CARTESIAN_POINT('Ctrl Pnt',(-5.9787304075532E+03,-1.1025145989438E+03,1.6652251802512E+02));
#1946=CARTESIAN_POINT('Ctrl Pnt',(-6.0876830599049E+03,-1.1530982347095E+03,1.6652251802512E+02));
#1947=CARTESIAN_POINT('Ctrl Pnt',(-5.4318504914527E+03,-1.4679536728399E+02,1.6720934433818E+02));
#1948=CARTESIAN_POINT('Ctrl Pnt',(-5.4341602542704E+03,-2.6688082244644E+02,1.6720934433818E+02));
#1949=CARTESIAN_POINT('Ctrl Pnt',(-5.4506880515785E+03,-3.9074849674916E+02,1.6720934433818E+02));
#1950=CARTESIAN_POINT('Ctrl Pnt',(-5.4829956302858E+03,-5.1578919556229E+02,1.6720934433818E+02));
#1951=CARTESIAN_POINT('Ctrl Pnt',(-5.5319886672097E+03,-6.3868985207835E+02,1.6720934433818E+02));
#1952=CARTESIAN_POINT('Ctrl Pnt',(-5.5975314140323E+03,-7.5565837524241E+02,1.6720934433818E+02));
#1953=CARTESIAN_POINT('Ctrl Pnt',(-5.6780993136734E+03,-8.6283253546622E+02,1.6720934433818E+02));
#1954=CARTESIAN_POINT('Ctrl Pnt',(-5.7707739230548E+03,-9.5725872788708E+02,1.6720934433818E+02));
#1955=CARTESIAN_POINT('Ctrl Pnt',(-5.8721404759164E+03,-1.0372823366695E+03,1.6720934433818E+02));
#1956=CARTESIAN_POINT('Ctrl Pnt',(-5.9788021876493E+03,-1.1023949166463E+03,1.6720934433818E+02));
#1957=CARTESIAN_POINT('Ctrl Pnt',(-6.0877415003498E+03,-1.1529723591892E+03,1.6720934433818E+02));
#1958=CARTESIAN_POINT('Ctrl Pnt',(-5.4319548933349E+03,-1.4679335918418E+02,1.6790244712477E+02));
#1959=CARTESIAN_POINT('Ctrl Pnt',(-5.4342644433444E+03,-2.6686775036305E+02,1.6790244712477E+02));
#1960=CARTESIAN_POINT('Ctrl Pnt',(-5.4507907178762E+03,-3.9072401221027E+02,1.6790244712477E+02));
#1961=CARTESIAN_POINT('Ctrl Pnt',(-5.4830953199490E+03,-5.1575319049216E+02,1.6790244712477E+02));
#1962=CARTESIAN_POINT('Ctrl Pnt',(-5.5320838429360E+03,-6.3864252364816E+02,1.6790244712477E+02));
#1963=CARTESIAN_POINT('Ctrl Pnt',(-5.5976205510267E+03,-7.5560027000486E+02,1.6790244712477E+02));
#1964=CARTESIAN_POINT('Ctrl Pnt',(-5.6781810276047E+03,-8.6276455581757E+02,1.6790244712477E+02));
#1965=CARTESIAN_POINT('Ctrl Pnt',(-5.7708470984802E+03,-9.5718204835187E+02,1.6790244712477E+02));
#1966=CARTESIAN_POINT('Ctrl Pnt',(-5.8722043120104E+03,-1.0371982842189E+03,1.6790244712477E+02));
#1967=CARTESIAN_POINT('Ctrl Pnt',(-5.9788561965462E+03,-1.1023048650969E+03,1.6790244712477E+02));
#1968=CARTESIAN_POINT('Ctrl Pnt',(-6.0877854722047E+03,-1.1528776477249E+03,1.6790244712477E+02));
#1969=CARTESIAN_POINT('Ctrl Pnt',(-5.4320246419782E+03,-1.4679201761607E+02,1.6859989144886E+02));
#1970=CARTESIAN_POINT('Ctrl Pnt',(-5.4343340498151E+03,-2.6685901718641E+02,1.6859989144886E+02));
#1971=CARTESIAN_POINT('Ctrl Pnt',(-5.4508593070130E+03,-3.9070765461852E+02,1.6859989144886E+02));
#1972=CARTESIAN_POINT('Ctrl Pnt',(-5.4831619204604E+03,-5.1572913628225E+02,1.6859989144886E+02));
#1973=CARTESIAN_POINT('Ctrl Pnt',(-5.5321474277838E+03,-6.3861090454591E+02,1.6859989144886E+02));
#1974=CARTESIAN_POINT('Ctrl Pnt',(-5.5976801015280E+03,-7.5556145115024E+02,1.6859989144886E+02));
#1975=CARTESIAN_POINT('Ctrl Pnt',(-5.6782356189178E+03,-8.6271914008219E+02,1.6859989144886E+02));
#1976=CARTESIAN_POINT('Ctrl Pnt',(-5.7708959854019E+03,-9.5713082041002E+02,1.6859989144886E+02));
#1977=CARTESIAN_POINT('Ctrl Pnt',(-5.8722469595264E+03,-1.0371421305916E+03,1.6859989144886E+02));
#1978=CARTESIAN_POINT('Ctrl Pnt',(-5.9788922787241E+03,-1.1022447036011E+03,1.6859989144886E+02));
#1979=CARTESIAN_POINT('Ctrl Pnt',(-6.0878148488515E+03,-1.1528143730407E+03,1.6859989144886E+02));
#1980=CARTESIAN_POINT('Ctrl Pnt',(-5.4320595515506E+03,-1.4679134615402E+02,1.6929972799223E+02));
#1981=CARTESIAN_POINT('Ctrl Pnt',(-5.4343688882294E+03,-2.6685464618439E+02,1.6929972799223E+02));
#1982=CARTESIAN_POINT('Ctrl Pnt',(-5.4508936362461E+03,-3.9069946755558E+02,1.6929972799223E+02));
#1983=CARTESIAN_POINT('Ctrl Pnt',(-5.4831952543759E+03,-5.1571709702039E+02,1.6929972799223E+02));
#1984=CARTESIAN_POINT('Ctrl Pnt',(-5.5321792523433E+03,-6.3859507901455E+02,1.6929972799223E+02));
#1985=CARTESIAN_POINT('Ctrl Pnt',(-5.5977099068754E+03,-7.5554202210408E+02,1.6929972799223E+02));
#1986=CARTESIAN_POINT('Ctrl Pnt',(-5.6782629421647E+03,-8.6269640926142E+02,1.6929972799223E+02));
#1987=CARTESIAN_POINT('Ctrl Pnt',(-5.7709204535702E+03,-9.5710518054873E+02,1.6929972799223E+02));
#1988=CARTESIAN_POINT('Ctrl Pnt',(-5.8722683048384E+03,-1.0371140253980E+03,1.6929972799223E+02));
#1989=CARTESIAN_POINT('Ctrl Pnt',(-5.9789103380489E+03,-1.1022145924478E+03,1.6929972799223E+02));
#1990=CARTESIAN_POINT('Ctrl Pnt',(-6.0878295520218E+03,-1.1527827037197E+03,1.6929972799223E+02));
#1991=CARTESIAN_POINT('Ctrl Pnt',(-5.4320595515468E+03,-1.4679134615414E+02,1.7000000009073E+02));
#1992=CARTESIAN_POINT('Ctrl Pnt',(-5.4343688882256E+03,-2.6685464618491E+02,1.7000000009073E+02));
#1993=CARTESIAN_POINT('Ctrl Pnt',(-5.4508936362424E+03,-3.9069946755650E+02,1.7000000009073E+02));
#1994=CARTESIAN_POINT('Ctrl Pnt',(-5.4831952543723E+03,-5.1571709702174E+02,1.7000000009073E+02));
#1995=CARTESIAN_POINT('Ctrl Pnt',(-5.5321792523399E+03,-6.3859507901632E+02,1.7000000009073E+02));
#1996=CARTESIAN_POINT('Ctrl Pnt',(-5.5977099068722E+03,-7.5554202210618E+02,1.7000000009073E+02));
#1997=CARTESIAN_POINT('Ctrl Pnt',(-5.6782629421617E+03,-8.6269640926397E+02,1.7000000009073E+02));
#1998=CARTESIAN_POINT('Ctrl Pnt',(-5.7709204535676E+03,-9.5710518055149E+02,1.7000000009073E+02));
#1999=CARTESIAN_POINT('Ctrl Pnt',(-5.8722683048361E+03,-1.0371140254011E+03,1.7000000009073E+02));
#2000=CARTESIAN_POINT('Ctrl Pnt',(-5.9789103380470E+03,-1.1022145924510E+03,1.7000000009073E+02));
#2001=CARTESIAN_POINT('Ctrl Pnt',(-6.0878295520203E+03,-1.1527827037231E+03,1.7000000009073E+02));
#1923=OFFSET_SURFACE('',#1924,2.7700000000000,.F.);
#2002=FACE_OUTER_BOUND('',#2003,.T.);
#2003=EDGE_LOOP('',(#2004,#2005,#2006,#2022));
#2004=ORIENTED_EDGE('',*,*,#1897,.F.);
#2005=ORIENTED_EDGE('',*,*,#1598,.T.);
#2006=ORIENTED_EDGE('',*,*,#2007,.T.);
#2008=VERTEX_POINT('',#2009);
#2009=CARTESIAN_POINT('',(-6.0866631024990E+03,-1.1552951319339E+03,1.7000000007582E+02));
#2010=B_SPLINE_CURVE_WITH_KNOTS('',10,(#2011,#2012,#2013,#2014,#2015,#2016,#2017,#2018,#2019,#2020,#2021),.UNSPECIFIED.,.F.,.F.,(11,11),(0.0,1.0),.UNSPECIFIED.);
#2011=CARTESIAN_POINT('Ctrl Pnt',(-5.4292900637983E+03,-1.4684461538408E+02,1.7000000007582E+02));
#2012=CARTESIAN_POINT('Ctrl Pnt',(-5.4316050456809E+03,-2.6720141172258E+02,1.7000000007582E+02));
#2013=CARTESIAN_POINT('Ctrl Pnt',(-5.4481701882956E+03,-3.9134897455964E+02,1.7000000007580E+02));
#2014=CARTESIAN_POINT('Ctrl Pnt',(-5.4805507702998E+03,-5.1667220537236E+02,1.7000000007585E+02));
#2015=CARTESIAN_POINT('Ctrl Pnt',(-5.5296545035269E+03,-6.3985057630038E+02,1.7000000007577E+02));
#2016=CARTESIAN_POINT('Ctrl Pnt',(-5.5953453621179E+03,-7.5708338476665E+02,1.7000000007587E+02));
#2017=CARTESIAN_POINT('Ctrl Pnt',(-5.6760952930441E+03,-8.6449971935930E+02,1.7000000007576E+02));
#2018=CARTESIAN_POINT('Ctrl Pnt',(-5.7689793207506E+03,-9.5913927282072E+02,1.7000000007585E+02));
#2019=CARTESIAN_POINT('Ctrl Pnt',(-5.8705749119170E+03,-1.0393436999258E+03,1.7000000007580E+02));
#2020=CARTESIAN_POINT('Ctrl Pnt',(-5.9774776341999E+03,-1.1046034063068E+03,1.7000000007582E+02));
#2021=CARTESIAN_POINT('Ctrl Pnt',(-6.0866631026166E+03,-1.1552951319885E+03,1.7000000007582E+02));
#2007=EDGE_CURVE('',#1582,#2008,#2010,.T.);
#2022=ORIENTED_EDGE('',*,*,#2023,.F.);
#2025=AXIS2_PLACEMENT_3D('',#2026,#2027,#2028);
#2026=CARTESIAN_POINT('',(-6.0807340022657E+03,-1.1680658864309E+03,170.0));
#2027=DIRECTION('',(9.0701381370923E-01,4.2110086884337E-01,0.0));
#2028=DIRECTION('',(-3.1045735246290E-17,6.6869752139168E-17,-1.0));
#2024=CIRCLE('',#2025,1.4080000000000E+01);
#2023=EDGE_CURVE('',#1898,#2008,#2024,.T.);
#2029=ADVANCED_FACE('',(#2109),#2030,.T.);
#2031=(BOUNDED_SURFACE()B_SPLINE_SURFACE(6,10,((#2032,#2033,#2034,#2035,#2036,#2037,#2038,#2039,#2040,#2041,#2042),(#2043,#2044,#2045,#2046,#2047,#2048,#2049,#2050,#2051,#2052,#2053),(#2054,#2055,#2056,#2057,#2058,#2059,#2060,#2061,#2062,#2063,#2064),(#2065,#2066,#2067,#2068,#2069,#2070,#2071,#2072,#2073,#2074,#2075),(#2076,#2077,#2078,#2079,#2080,#2081,#2082,#2083,#2084,#2085,#2086),(#2087,#2088,#2089,#2090,#2091,#2092,#2093,#2094,#2095,#2096,#2097),(#2098,#2099,#2100,#2101,#2102,#2103,#2104,#2105,#2106,#2107,#2108)),.UNSPECIFIED.,.F.,.F.,.F.)B_SPLINE_SURFACE_WITH_KNOTS((7,7),(11,11),(1.5707963321796,4.7123889803847),(0.0,1.0),.UNSPECIFIED.)SURFACE()GEOMETRIC_REPRESENTATION_ITEM()RATIONAL_B_SPLINE_SURFACE(((1.1325565742273,1.1325565742273,1.1325565742272,1.1325565742275,1.1325565742271,1.1325565742276,1.1325565742271,1.1325565742274,1.1325565742273,1.1325565742273,1.1325565742273),(1.0363466312363,1.0363466312363,1.0363466312362,1.0363466312364,1.0363466312361,1.0363466312364,1.0363466312361,1.0363466312363,1.0363466312362,1.0363466312363,1.0363466312363),(9.9231630937414E-01,9.9231630937415E-01,9.9231630937410E-01,9.9231630937421E-01,9.9231630937402E-01,9.9231630937427E-01,9.9231630937401E-01,9.9231630937422E-01,9.9231630937410E-01,9.9231630937415E-01,9.9231630937414E-01),(9.7646189977431E-01,9.7646189977434E-01,9.7646189977420E-01,9.7646189977456E-01,9.7646189977391E-01,9.7646189977478E-01,9.7646189977389E-01,9.7646189977457E-01,9.7646189977419E-01,9.7646189977434E-01,9.7646189977431E-01),(9.9231630937414E-01,9.9231630937415E-01,9.9231630937407E-01,9.9231630937428E-01,9.9231630937393E-01,9.9231630937437E-01,9.9231630937394E-01,9.9231630937425E-01,9.9231630937409E-01,9.9231630937415E-01,9.9231630937414E-01),(1.0363466312363,1.0363466312363,1.0363466312362,1.0363466312363,1.0363466312362,1.0363466312363,1.0363466312362,1.0363466312363,1.0363466312363,1.0363466312363,1.0363466312363),(1.1325565742273,1.1325565742273,1.1325565742272,1.1325565742275,1.1325565742271,1.1325565742276,1.1325565742271,1.1325565742274,1.1325565742273,1.1325565742273,1.1325565742273)))REPRESENTATION_ITEM(''));
#2032=CARTESIAN_POINT('Ctrl Pnt',(-5.4320595515468E+03,-1.4679134615329E+02,1.7000000009073E+02));
#2033=CARTESIAN_POINT('Ctrl Pnt',(-5.4343688882255E+03,-2.6685464618406E+02,1.7000000009073E+02));
#2034=CARTESIAN_POINT('Ctrl Pnt',(-5.4508936362422E+03,-3.9069946755569E+02,1.7000000009073E+02));
#2035=CARTESIAN_POINT('Ctrl Pnt',(-5.4831952543720E+03,-5.1571709702090E+02,1.7000000009073E+02));
#2036=CARTESIAN_POINT('Ctrl Pnt',(-5.5321792523395E+03,-6.3859507901556E+02,1.7000000009073E+02));
#2037=CARTESIAN_POINT('Ctrl Pnt',(-5.5977099068717E+03,-7.5554202210545E+02,1.7000000009073E+02));
#2038=CARTESIAN_POINT('Ctrl Pnt',(-5.6782629421612E+03,-8.6269640926329E+02,1.7000000009073E+02));
#2039=CARTESIAN_POINT('Ctrl Pnt',(-5.7709204535670E+03,-9.5710518055090E+02,1.7000000009073E+02));
#2040=CARTESIAN_POINT('Ctrl Pnt',(-5.8722683048354E+03,-1.0371140254005E+03,1.7000000009073E+02));
#2041=CARTESIAN_POINT('Ctrl Pnt',(-5.9789103380463E+03,-1.1022145924506E+03,1.7000000009073E+02));
#2042=CARTESIAN_POINT('Ctrl Pnt',(-6.0878295520195E+03,-1.1527827037228E+03,1.7000000009073E+02));
#2043=CARTESIAN_POINT('Ctrl Pnt',(-5.4320595514949E+03,-1.4679134615495E+02,1.7963901222544E+02));
#2044=CARTESIAN_POINT('Ctrl Pnt',(-5.4343688881738E+03,-2.6685464619122E+02,1.7963901222544E+02));
#2045=CARTESIAN_POINT('Ctrl Pnt',(-5.4508936361914E+03,-3.9069946756851E+02,1.7963901222544E+02));
#2046=CARTESIAN_POINT('Ctrl Pnt',(-5.4831952543227E+03,-5.1571709703942E+02,1.7963901222544E+02));
#2047=CARTESIAN_POINT('Ctrl Pnt',(-5.5321792522925E+03,-6.3859507903971E+02,1.7963901222544E+02));
#2048=CARTESIAN_POINT('Ctrl Pnt',(-5.5977099068278E+03,-7.5554202213487E+02,1.7963901222544E+02));
#2049=CARTESIAN_POINT('Ctrl Pnt',(-5.6782629421210E+03,-8.6269640929763E+02,1.7963901222544E+02));
#2050=CARTESIAN_POINT('Ctrl Pnt',(-5.7709204535311E+03,-9.5710518058947E+02,1.7963901222544E+02));
#2051=CARTESIAN_POINT('Ctrl Pnt',(-5.8722683048042E+03,-1.0371140254427E+03,1.7963901222544E+02));
#2052=CARTESIAN_POINT('Ctrl Pnt',(-5.9789103380200E+03,-1.1022145924957E+03,1.7963901222544E+02));
#2053=CARTESIAN_POINT('Ctrl Pnt',(-6.0878295519982E+03,-1.1527827037701E+03,1.7963901222544E+02));
#2054=CARTESIAN_POINT('Ctrl Pnt',(-5.4257373821807E+03,-1.4691294882248E+02,1.8809291871663E+02));
#2055=CARTESIAN_POINT('Ctrl Pnt',(-5.4280596056954E+03,-2.6764624039471E+02,1.8809291871663E+02));
#2056=CARTESIAN_POINT('Ctrl Pnt',(-5.4446765670813E+03,-3.9218215540404E+02,1.8809291871663E+02));
#2057=CARTESIAN_POINT('Ctrl Pnt',(-5.4771584385519E+03,-5.1789742315045E+02,1.8809291871664E+02));
#2058=CARTESIAN_POINT('Ctrl Pnt',(-5.5264157828652E+03,-6.4146110351039E+02,1.8809291871663E+02));
#2059=CARTESIAN_POINT('Ctrl Pnt',(-5.5923121193689E+03,-7.5906064787516E+02,1.8809291871664E+02));
#2060=CARTESIAN_POINT('Ctrl Pnt',(-5.6733146663100E+03,-8.6681299071962E+02,1.8809291871663E+02));
#2061=CARTESIAN_POINT('Ctrl Pnt',(-5.7664892362082E+03,-9.6174859308868E+02,1.8809291871664E+02));
#2062=CARTESIAN_POINT('Ctrl Pnt',(-5.8684026408396E+03,-1.0422039128333E+03,1.8809291871663E+02));
#2063=CARTESIAN_POINT('Ctrl Pnt',(-5.9756397706387E+03,-1.1076677618292E+03,1.8809291871663E+02));
#2064=CARTESIAN_POINT('Ctrl Pnt',(-6.0851667885958E+03,-1.1585180593048E+03,1.8809291871663E+02));
#2065=CARTESIAN_POINT('Ctrl Pnt',(-5.4152126675315E+03,-1.4711538461755E+02,1.9150164575914E+02));
#2066=CARTESIAN_POINT('Ctrl Pnt',(-5.4175563441682E+03,-2.6896403223025E+02,1.9150164575914E+02));
#2067=CARTESIAN_POINT('Ctrl Pnt',(-5.4343268160566E+03,-3.9465043260485E+02,1.9150164575915E+02));
#2068=CARTESIAN_POINT('Ctrl Pnt',(-5.4671087609459E+03,-5.2152708079107E+02,1.9150164575914E+02));
#2069=CARTESIAN_POINT('Ctrl Pnt',(-5.5168211535378E+03,-6.4623226483627E+02,1.9150164575915E+02));
#2070=CARTESIAN_POINT('Ctrl Pnt',(-5.5833262523474E+03,-7.6491821511651E+02,1.9150164575913E+02));
#2071=CARTESIAN_POINT('Ctrl Pnt',(-5.6650771155056E+03,-8.7366599364327E+02,1.9150164575915E+02));
#2072=CARTESIAN_POINT('Ctrl Pnt',(-5.7591124489761E+03,-9.6947862832183E+02,1.9150164575914E+02));
#2073=CARTESIAN_POINT('Ctrl Pnt',(-5.8619673481198E+03,-1.0506772088995E+03,1.9150164575915E+02));
#2074=CARTESIAN_POINT('Ctrl Pnt',(-5.9701951539697E+03,-1.1167458248031E+03,1.9150164575914E+02));
#2075=CARTESIAN_POINT('Ctrl Pnt',(-6.0807340023795E+03,-1.1680658865476E+03,1.9150164575914E+02));
#2076=CARTESIAN_POINT('Ctrl Pnt',(-5.4046879529007E+03,-1.4731782041179E+02,1.8809291865995E+02));
#2077=CARTESIAN_POINT('Ctrl Pnt',(-5.4070530826591E+03,-2.7028182406301E+02,1.8809291865995E+02));
#2078=CARTESIAN_POINT('Ctrl Pnt',(-5.4239770650498E+03,-3.9711870980093E+02,1.8809291865995E+02));
#2079=CARTESIAN_POINT('Ctrl Pnt',(-5.4570590833572E+03,-5.2515673842486E+02,1.8809291865995E+02));
#2080=CARTESIAN_POINT('Ctrl Pnt',(-5.5072265242271E+03,-6.5100342615342E+02,1.8809291865995E+02));
#2081=CARTESIAN_POINT('Ctrl Pnt',(-5.5743403853413E+03,-7.7077578234729E+02,1.8809291865995E+02));
#2082=CARTESIAN_POINT('Ctrl Pnt',(-5.6568395647152E+03,-8.8051899655450E+02,1.8809291865995E+02));
#2083=CARTESIAN_POINT('Ctrl Pnt',(-5.7517356617566E+03,-9.7720866354128E+02,1.8809291865995E+02));
#2084=CARTESIAN_POINT('Ctrl Pnt',(-5.8555320554109E+03,-1.0591505049506E+03,1.8809291865995E+02));
#2085=CARTESIAN_POINT('Ctrl Pnt',(-5.9647505373097E+03,-1.1258238877610E+03,1.8809291865995E+02));
#2086=CARTESIAN_POINT('Ctrl Pnt',(-6.0763012161704E+03,-1.1776137137736E+03,1.8809291865995E+02));
#2087=CARTESIAN_POINT('Ctrl Pnt',(-5.3983657836320E+03,-1.4743942307728E+02,1.7963901213471E+02));
#2088=CARTESIAN_POINT('Ctrl Pnt',(-5.4007438002260E+03,-2.7107341825963E+02,1.7963901213471E+02));
#2089=CARTESIAN_POINT('Ctrl Pnt',(-5.4177599959843E+03,-3.9860139762464E+02,1.7963901213470E+02));
#2090=CARTESIAN_POINT('Ctrl Pnt',(-5.4510222676295E+03,-5.2733706451906E+02,1.7963901213471E+02));
#2091=CARTESIAN_POINT('Ctrl Pnt',(-5.5014630548408E+03,-6.5386945060244E+02,1.7963901213470E+02));
#2092=CARTESIAN_POINT('Ctrl Pnt',(-5.5689425979206E+03,-7.7429440806121E+02,1.7963901213471E+02));
#2093=CARTESIAN_POINT('Ctrl Pnt',(-5.6518912889391E+03,-8.8463557794598E+02,1.7963901213470E+02));
#2094=CARTESIAN_POINT('Ctrl Pnt',(-5.7473044444647E+03,-9.8185207600622E+02,1.7963901213471E+02));
#2095=CARTESIAN_POINT('Ctrl Pnt',(-5.8516663914731E+03,-1.0642403923038E+03,1.7963901213470E+02));
#2096=CARTESIAN_POINT('Ctrl Pnt',(-5.9614799699509E+03,-1.1312770570546E+03,1.7963901213471E+02));
#2097=CARTESIAN_POINT('Ctrl Pnt',(-6.0736384527861E+03,-1.1833490692664E+03,1.7963901213471E+02));
#2098=CARTESIAN_POINT('Ctrl Pnt',(-5.3983657836319E+03,-1.4743942307661E+02,1.7000000000000E+02));
#2099=CARTESIAN_POINT('Ctrl Pnt',(-5.4007438002260E+03,-2.7107341825897E+02,1.7000000000000E+02));
#2100=CARTESIAN_POINT('Ctrl Pnt',(-5.4177599959841E+03,-3.9860139762397E+02,1.7000000000000E+02));
#2101=CARTESIAN_POINT('Ctrl Pnt',(-5.4510222676292E+03,-5.2733706451845E+02,1.7000000000000E+02));
#2102=CARTESIAN_POINT('Ctrl Pnt',(-5.5014630548405E+03,-6.5386945060180E+02,1.7000000000000E+02));
#2103=CARTESIAN_POINT('Ctrl Pnt',(-5.5689425979202E+03,-7.7429440806066E+02,1.7000000000000E+02));
#2104=CARTESIAN_POINT('Ctrl Pnt',(-5.6518912889387E+03,-8.8463557794545E+02,1.7000000000000E+02));
#2105=CARTESIAN_POINT('Ctrl Pnt',(-5.7473044444642E+03,-9.8185207600575E+02,1.7000000000000E+02));
#2106=CARTESIAN_POINT('Ctrl Pnt',(-5.8516663914726E+03,-1.0642403923034E+03,1.7000000000000E+02));
#2107=CARTESIAN_POINT('Ctrl Pnt',(-5.9614799699504E+03,-1.1312770570542E+03,1.7000000000000E+02));
#2108=CARTESIAN_POINT('Ctrl Pnt',(-6.0736384527855E+03,-1.1833490692661E+03,1.7000000000000E+02));
#2030=OFFSET_SURFACE('',#2031,2.7700000000000,.F.);
#2109=FACE_OUTER_BOUND('',#2110,.T.);
#2110=EDGE_LOOP('',(#2111,#2112,#2113,#2114));
#2111=ORIENTED_EDGE('',*,*,#2007,.F.);
#2112=ORIENTED_EDGE('',*,*,#1699,.T.);
#2113=ORIENTED_EDGE('',*,*,#1880,.T.);
#2114=ORIENTED_EDGE('',*,*,#2115,.F.);
#2116=B_SPLINE_CURVE_WITH_KNOTS('',6,(#2117,#2118,#2119,#2120,#2121,#2122,#2123),.UNSPECIFIED.,.F.,.F.,(7,7),(1.5707963321796,4.7123889803847),.UNSPECIFIED.);
#2117=CARTESIAN_POINT('Ctrl Pnt',(-6.0866631024990E+03,-1.1552951319339E+03,1.7000000007582E+02));
#2118=CARTESIAN_POINT('Ctrl Pnt',(-6.0866631024823E+03,-1.1552951319699E+03,1.7737021938939E+02));
#2119=CARTESIAN_POINT('Ctrl Pnt',(-6.0847329827341E+03,-1.1594524382193E+03,1.8474102581089E+02));
#2120=CARTESIAN_POINT('Ctrl Pnt',(-6.0807340022447E+03,-1.1680658864762E+03,1.8852165224252E+02));
#2121=CARTESIAN_POINT('Ctrl Pnt',(-6.0767350217638E+03,-1.1766793347145E+03,1.8474102575976E+02));
#2122=CARTESIAN_POINT('Ctrl Pnt',(-6.0748049020324E+03,-1.1808366409280E+03,1.7737021931357E+02));
#2123=CARTESIAN_POINT('Ctrl Pnt',(-6.0748049020323E+03,-1.1808366409279E+03,170.0));
#2115=EDGE_CURVE('',#2008,#1881,#2116,.T.);
#2124=ADVANCED_FACE('',(#2130),#2125,.T.);
#2126=AXIS2_PLACEMENT_3D('',#2127,#2128,#2129);
#2127=CARTESIAN_POINT('',(-6.2883419519898E+03,-9.1504330392596E+02,7.0000000000001E+01));
#2128=DIRECTION('',(-9.3969262078581E-01,-3.4202014332594E-01,-3.4618912101191E-14));
#2129=DIRECTION('',(3.4202014332594E-01,-9.3969262078581E-01,-2.0723973648273E-10));
#2125=TOROIDAL_SURFACE('',#2126,1.0000000000000E+02,1.6850000000000E+01);
#2130=FACE_OUTER_BOUND('',#2131,.T.);
#2131=EDGE_LOOP('',(#2132,#2133,#2142,#2151,#2160,#2167,#2168,#2169));
#2132=ORIENTED_EDGE('',*,*,#1742,.F.);
#2133=ORIENTED_EDGE('',*,*,#2134,.T.);
#2135=VERTEX_POINT('',#2136);
#2136=CARTESIAN_POINT('',(-6.3383777869826E+03,-8.2683708126242E+02,6.9999999998039E+01));
#2138=AXIS2_PLACEMENT_3D('',#2139,#2140,#2141);
#2139=CARTESIAN_POINT('',(-6.3041757726500E+03,-9.2080634334100E+02,7.0000000000000E+01));
#2140=DIRECTION('',(-9.3969262078581E-01,-3.4202014332594E-01,-3.4618912101191E-14));
#2141=DIRECTION('',(3.4202014332594E-01,-9.3969262078581E-01,-2.1573967501354E-10));
#2137=CIRCLE('',#2138,9.9999999995463E+01);
#2134=EDGE_CURVE('',#1726,#2135,#2137,.T.);
#2142=ORIENTED_EDGE('',*,*,#2143,.T.);
#2144=VERTEX_POINT('',#2145);
#2145=CARTESIAN_POINT('',(-6.3057778770318E+03,-8.1939453301990E+02,7.0000000040376E+01));
#2147=AXIS2_PLACEMENT_3D('',#2148,#2149,#2150);
#2148=CARTESIAN_POINT('',(-6.3225439663224E+03,-8.2107404184738E+02,7.0000000019184E+01));
#2149=DIRECTION('',(6.5578243640462E-11,-1.8027596253704E-10,1.0));
#2150=DIRECTION('',(-3.4202014332594E-01,9.3969262078581E-01,1.9183307199009E-10));
#2146=CIRCLE('',#2147,1.6850000000000E+01);
#2143=EDGE_CURVE('',#2135,#2144,#2146,.T.);
#2151=ORIENTED_EDGE('',*,*,#2152,.T.);
#2153=VERTEX_POINT('',#2154);
#2154=CARTESIAN_POINT('',(-6.3067101456931E+03,-8.1531100234708E+02,7.0000000041181E+01));
#2156=AXIS2_PLACEMENT_3D('',#2157,#2158,#2159);
#2157=CARTESIAN_POINT('',(-6.3225439663224E+03,-8.2107404184738E+02,7.0000000019184E+01));
#2158=DIRECTION('',(6.5578243640462E-11,-1.8027596253704E-10,1.0));
#2159=DIRECTION('',(-3.4202014332594E-01,9.3969262078581E-01,1.9183307199009E-10));
#2155=CIRCLE('',#2156,1.6850000000000E+01);
#2152=EDGE_CURVE('',#2144,#2153,#2155,.T.);
#2160=ORIENTED_EDGE('',*,*,#2161,.T.);
#2163=AXIS2_PLACEMENT_3D('',#2164,#2165,#2166);
#2164=CARTESIAN_POINT('',(-6.3225439663224E+03,-8.2107404184738E+02,7.0000000020034E+01));
#2165=DIRECTION('',(6.8485393835029E-11,-1.8826329205156E-10,1.0));
#2166=DIRECTION('',(-3.4202014332594E-01,9.3969262078581E-01,2.0033301052089E-10));
#2162=CIRCLE('',#2163,1.6850000000000E+01);
#2161=EDGE_CURVE('',#2153,#2135,#2162,.T.);
#2167=ORIENTED_EDGE('',*,*,#2134,.F.);
#2168=ORIENTED_EDGE('',*,*,#1791,.F.);
#2169=ORIENTED_EDGE('',*,*,#1770,.F.);
#2170=ADVANCED_FACE('',(#2176),#2171,.F.);
#2172=AXIS2_PLACEMENT_3D('',#2173,#2174,#2175);
#2173=CARTESIAN_POINT('',(-6.1228440891500E+03,-1.0773645050600E+03,170.0));
#2174=DIRECTION('',(0.0,0.0,-1.0));
#2175=DIRECTION('',(-1.0,-2.0984998627682E-10,-0.0));
#2171=TOROIDAL_SURFACE('',#2172,100.0,1.4080000000000E+01);
#2176=FACE_OUTER_BOUND('',#2177,.F.);
#2177=EDGE_LOOP('',(#2178,#2179,#2188,#2197,#2206,#2213,#2214,#2215));
#2178=ORIENTED_EDGE('',*,*,#1913,.F.);
#2179=ORIENTED_EDGE('',*,*,#2180,.T.);
#2181=VERTEX_POINT('',#2182);
#2182=CARTESIAN_POINT('',(-6.2300442233205E+03,-1.1163821630348E+03,170.0));
#2184=AXIS2_PLACEMENT_3D('',#2185,#2186,#2187);
#2185=CARTESIAN_POINT('',(-6.1228440891500E+03,-1.0773645050600E+03,1.7000000000000E+02));
#2186=DIRECTION('',(0.0,0.0,-1.0));
#2187=DIRECTION('',(-1.0,-2.0984998627682E-10,-0.0));
#2183=CIRCLE('',#2184,1.1408000000000E+02);
#2180=EDGE_CURVE('',#1881,#2181,#2183,.T.);
#2188=ORIENTED_EDGE('',*,*,#2189,.T.);
#2190=VERTEX_POINT('',#2191);
#2191=CARTESIAN_POINT('',(-6.2039912649860E+03,-1.1068996616798E+03,1.6652711309181E+02));
#2193=AXIS2_PLACEMENT_3D('',#2194,#2195,#2196);
#2194=CARTESIAN_POINT('',(-6.2168133512209E+03,-1.1115665194138E+03,170.0));
#2195=DIRECTION('',(3.4202014353772E-01,-9.3969262070873E-01,0.0));
#2196=DIRECTION('',(-9.3969262070873E-01,-3.4202014353772E-01,0.0));
#2192=CIRCLE('',#2193,1.4080000000000E+01);
#2189=EDGE_CURVE('',#2181,#2190,#2192,.T.);
#2197=ORIENTED_EDGE('',*,*,#2198,.T.);
#2199=VERTEX_POINT('',#2200);
#2200=CARTESIAN_POINT('',(-6.2035824791213E+03,-1.1067508757928E+03,1.7000000007582E+02));
#2202=AXIS2_PLACEMENT_3D('',#2203,#2204,#2205);
#2203=CARTESIAN_POINT('',(-6.2168133512209E+03,-1.1115665194138E+03,170.0));
#2204=DIRECTION('',(3.4202014353772E-01,-9.3969262070873E-01,0.0));
#2205=DIRECTION('',(-9.3969262070873E-01,-3.4202014353772E-01,0.0));
#2201=CIRCLE('',#2202,1.4080000000000E+01);
#2198=EDGE_CURVE('',#2190,#2199,#2201,.T.);
#2206=ORIENTED_EDGE('',*,*,#2207,.T.);
#2209=AXIS2_PLACEMENT_3D('',#2210,#2211,#2212);
#2210=CARTESIAN_POINT('',(-6.2168133512209E+03,-1.1115665194138E+03,170.0));
#2211=DIRECTION('',(3.4202014353772E-01,-9.3969262070873E-01,0.0));
#2212=DIRECTION('',(-9.3969262070873E-01,-3.4202014353772E-01,0.0));
#2208=CIRCLE('',#2209,1.4080000000000E+01);
#2207=EDGE_CURVE('',#2199,#2181,#2208,.T.);
#2213=ORIENTED_EDGE('',*,*,#2180,.F.);
#2214=ORIENTED_EDGE('',*,*,#2115,.F.);
#2215=ORIENTED_EDGE('',*,*,#2023,.F.);
#2216=ADVANCED_FACE('',(#2225),#2222,.F.);
#2218=AXIS2_PLACEMENT_3D('',#2219,#2220,#2221);
#2219=CARTESIAN_POINT('',(-6.3225439663224E+03,-8.2107404184738E+02,7.0000000019183E+01));
#2220=DIRECTION('',(-1.2266908774466E-09,-3.7310013653506E-10,1.0));
#2221=DIRECTION('',(3.4202014332593E-01,-9.3969262078581E-01,6.8953544604741E-11));
#2217=CIRCLE('',#2218,1.6850000000000E+01);
#2222=SURFACE_OF_LINEAR_EXTRUSION('',#2217,#2223);
#2223=VECTOR('',#2224,1.0);
#2224=DIRECTION('',(-2.1827872842550E-11,1.2505552149378E-12,-1.0));
#2225=FACE_OUTER_BOUND('',#2226,.F.);
#2226=EDGE_LOOP('',(#2227,#2235,#2236,#2244));
#2227=ORIENTED_EDGE('',*,*,#2228,.F.);
#2229=VERTEX_POINT('',#2230);
#2230=CARTESIAN_POINT('',(-6.3383777869899E+03,-8.2683708126200E+02,-2.6375765956510E+02));
#2231=LINE('',#2232,#2233);
#2232=CARTESIAN_POINT('',(-6.3383777869826E+03,-8.2683708126242E+02,6.9999999998459E+01));
#2233=VECTOR('',#2234,1.0);
#2234=DIRECTION('',(-2.1827872842550E-11,1.2505552149378E-12,-1.0));
#2228=EDGE_CURVE('',#2135,#2229,#2231,.T.);
#2235=ORIENTED_EDGE('',*,*,#2143,.T.);
#2236=ORIENTED_EDGE('',*,*,#2237,.T.);
#2238=VERTEX_POINT('',#2239);
#2239=CARTESIAN_POINT('',(-6.3057778770391E+03,-8.1939453301948E+02,-2.6375765950494E+02));
#2240=LINE('',#2241,#2242);
#2241=CARTESIAN_POINT('',(-6.3057778770318E+03,-8.1939453301990E+02,7.0000000040376E+01));
#2242=VECTOR('',#2243,1.0);
#2243=DIRECTION('',(-2.1827872842550E-11,1.2505552149378E-12,-1.0));
#2237=EDGE_CURVE('',#2144,#2238,#2240,.T.);
#2244=ORIENTED_EDGE('',*,*,#2245,.F.);
#2246=B_SPLINE_CURVE_WITH_KNOTS('',9,(#2247,#2248,#2249,#2250,#2251,#2252,#2253,#2254,#2255,#2256),.UNSPECIFIED.,.F.,.F.,(10,10),(5.2932643429445E+01,1.0167129952771E+02),.UNSPECIFIED.);
#2247=CARTESIAN_POINT('Ctrl Pnt',(-6.3383777869899E+03,-8.2683708126200E+02,-2.6375765956510E+02));
#2248=CARTESIAN_POINT('Ctrl Pnt',(-6.3365260126829E+03,-8.3192478935639E+02,-2.6375765956477E+02));
#2249=CARTESIAN_POINT('Ctrl Pnt',(-6.3328342802834E+03,-8.3634560687279E+02,-2.6375765956102E+02));
#2250=CARTESIAN_POINT('Ctrl Pnt',(-6.3275776147618E+03,-8.3933295370567E+02,-2.6375765955333E+02));
#2251=CARTESIAN_POINT('Ctrl Pnt',(-6.3214059091878E+03,-8.4026731336530E+02,-2.6375765954391E+02));
#2252=CARTESIAN_POINT('Ctrl Pnt',(-6.3152397724619E+03,-8.3885958647228E+02,-2.6375765953173E+02));
#2253=CARTESIAN_POINT('Ctrl Pnt',(-6.3100850372584E+03,-8.3533940427761E+02,-2.6375765952158E+02));
#2254=CARTESIAN_POINT('Ctrl Pnt',(-6.3066456375394E+03,-8.3036674873729E+02,-2.6375765951248E+02));
#2255=CARTESIAN_POINT('Ctrl Pnt',(-6.3052382188704E+03,-8.2478179678080E+02,-2.6375765950706E+02));
#2256=CARTESIAN_POINT('Ctrl Pnt',(-6.3057778770391E+03,-8.1939453301948E+02,-2.6375765950494E+02));
#2245=EDGE_CURVE('',#2229,#2238,#2246,.T.);
#2257=ADVANCED_FACE('',(#2266),#2263,.F.);
#2259=AXIS2_PLACEMENT_3D('',#2260,#2261,#2262);
#2260=CARTESIAN_POINT('',(-6.3225439663224E+03,-8.2107404184738E+02,7.0000000019183E+01));
#2261=DIRECTION('',(-1.2266908774466E-09,-3.7310013653506E-10,1.0));
#2262=DIRECTION('',(3.4202014332593E-01,-9.3969262078581E-01,6.8953544604741E-11));
#2258=CIRCLE('',#2259,1.6850000000000E+01);
#2263=SURFACE_OF_LINEAR_EXTRUSION('',#2258,#2264);
#2264=VECTOR('',#2265,1.0);
#2265=DIRECTION('',(-2.1827872842550E-11,1.2505552149378E-12,-1.0));
#2266=FACE_OUTER_BOUND('',#2267,.F.);
#2267=EDGE_LOOP('',(#2268,#2269,#2270,#2278));
#2268=ORIENTED_EDGE('',*,*,#2237,.F.);
#2269=ORIENTED_EDGE('',*,*,#2152,.T.);
#2270=ORIENTED_EDGE('',*,*,#2271,.T.);
#2272=VERTEX_POINT('',#2273);
#2273=CARTESIAN_POINT('',(-6.3067101457004E+03,-8.1531100234666E+02,-2.6375765950296E+02));
#2274=LINE('',#2275,#2276);
#2275=CARTESIAN_POINT('',(-6.3067101456931E+03,-8.1531100234707E+02,7.0000000041606E+01));
#2276=VECTOR('',#2277,1.0);
#2277=DIRECTION('',(-2.1827872842550E-11,1.2505552149378E-12,-1.0));
#2271=EDGE_CURVE('',#2153,#2272,#2274,.T.);
#2278=ORIENTED_EDGE('',*,*,#2279,.F.);
#2280=B_SPLINE_CURVE_WITH_KNOTS('',4,(#2281,#2282,#2283,#2284,#2285),.UNSPECIFIED.,.F.,.F.,(5,5),(1.0167129952771E+02,1.0587167242567E+02),.UNSPECIFIED.);
#2281=CARTESIAN_POINT('Ctrl Pnt',(-6.3057778770391E+03,-8.1939453301948E+02,-2.6375765950494E+02));
#2282=CARTESIAN_POINT('Ctrl Pnt',(-6.3058825213376E+03,-8.1834989685910E+02,-2.6375765950453E+02));
#2283=CARTESIAN_POINT('Ctrl Pnt',(-6.3060739514125E+03,-8.1731394305316E+02,-2.6375765950427E+02));
#2284=CARTESIAN_POINT('Ctrl Pnt',(-6.3063510709430E+03,-8.1629755211880E+02,-2.6375765950418E+02));
#2285=CARTESIAN_POINT('Ctrl Pnt',(-6.3067101457004E+03,-8.1531100234666E+02,-2.6375765950424E+02));
#2279=EDGE_CURVE('',#2238,#2272,#2280,.T.);
#2286=ADVANCED_FACE('',(#2295),#2292,.F.);
#2288=AXIS2_PLACEMENT_3D('',#2289,#2290,#2291);
#2289=CARTESIAN_POINT('',(-6.3225439663224E+03,-8.2107404184738E+02,7.0000000020033E+01));
#2290=DIRECTION('',(-1.2266908774466E-09,-3.7310013653506E-10,1.0));
#2291=DIRECTION('',(3.4202014332593E-01,-9.3969262078581E-01,6.8953544604741E-11));
#2287=CIRCLE('',#2288,1.6850000000000E+01);
#2292=SURFACE_OF_LINEAR_EXTRUSION('',#2287,#2293);
#2293=VECTOR('',#2294,1.0);
#2294=DIRECTION('',(-2.1827872842550E-11,1.2505552149378E-12,-1.0));
#2295=FACE_OUTER_BOUND('',#2296,.F.);
#2296=EDGE_LOOP('',(#2297,#2298,#2299,#2300));
#2297=ORIENTED_EDGE('',*,*,#2271,.F.);
#2298=ORIENTED_EDGE('',*,*,#2161,.T.);
#2299=ORIENTED_EDGE('',*,*,#2228,.T.);
#2300=ORIENTED_EDGE('',*,*,#2301,.F.);
#2302=B_SPLINE_CURVE_WITH_KNOTS('',10,(#2303,#2304,#2305,#2306,#2307,#2308,#2309,#2310,#2311,#2312,#2313),.UNSPECIFIED.,.F.,.F.,(11,11),(-3.0512617799255E-10,5.2932643429445E+01),.UNSPECIFIED.);
#2303=CARTESIAN_POINT('Ctrl Pnt',(-6.3067101457004E+03,-8.1531100234666E+02,-2.6375765950296E+02));
#2304=CARTESIAN_POINT('Ctrl Pnt',(-6.3085201541411E+03,-8.1033804510709E+02,-2.6375765950458E+02));
#2305=CARTESIAN_POINT('Ctrl Pnt',(-6.3120666585961E+03,-8.0599345402975E+02,-2.6375765950809E+02));
#2306=CARTESIAN_POINT('Ctrl Pnt',(-6.3171045155811E+03,-8.0296517816225E+02,-2.6375765951539E+02));
#2307=CARTESIAN_POINT('Ctrl Pnt',(-6.3230697245151E+03,-8.0182380021261E+02,-2.6375765952433E+02));
#2308=CARTESIAN_POINT('Ctrl Pnt',(-6.3291741430477E+03,-8.0285778116475E+02,-2.6375765953628E+02));
#2309=CARTESIAN_POINT('Ctrl Pnt',(-6.3345150290256E+03,-8.0598955067725E+02,-2.6375765954636E+02));
#2310=CARTESIAN_POINT('Ctrl Pnt',(-6.3383509806955E+03,-8.1069825882314E+02,-2.6375765955618E+02));
#2311=CARTESIAN_POINT('Ctrl Pnt',(-6.3402636646712E+03,-8.1625632519128E+02,-2.6375765956230E+02));
#2312=CARTESIAN_POINT('Ctrl Pnt',(-6.3401877954160E+03,-8.2186412398372E+02,-2.6375765956542E+02));
#2313=CARTESIAN_POINT('Ctrl Pnt',(-6.3383777869899E+03,-8.2683708126200E+02,-2.6375765956510E+02));
#2301=EDGE_CURVE('',#2272,#2229,#2302,.T.);
#2314=ADVANCED_FACE('',(#2324),#2315,.T.);
#2317=AXIS2_PLACEMENT_3D('',#2318,#2319,#2320);
#2318=CARTESIAN_POINT('',(-6.2168133512209E+03,-1.1115665194138E+03,170.0));
#2319=DIRECTION('',(3.4202014212283E-01,-9.3969262122371E-01,6.9000235204115E-11));
#2320=DIRECTION('',(2.3599470251020E-11,-6.4839011884007E-11,-1.0));
#2316=CIRCLE('',#2317,1.6850000000000E+01);
#2321=SURFACE_OF_LINEAR_EXTRUSION('',#2316,#2322);
#2322=VECTOR('',#2323,1.0);
#2323=DIRECTION('',(-3.4202014327913E-01,9.3969262080285E-01,0.0));
#2315=OFFSET_SURFACE('',#2321,2.7700000000000,.F.);
#2324=FACE_OUTER_BOUND('',#2325,.T.);
#2325=EDGE_LOOP('',(#2326,#2333,#2334,#2341));
#2326=ORIENTED_EDGE('',*,*,#2327,.F.);
#2328=VERTEX_POINT('',#2329);
#2329=CARTESIAN_POINT('',(-6.3015728240839E+03,-9.1985894756201E+02,1.6999999999633E+02));
#2330=B_SPLINE_CURVE_WITH_KNOTS('',1,(#2331,#2332),.UNSPECIFIED.,.F.,.F.,(2,2),(0.0,2.0913563767470E+02),.UNSPECIFIED.);
#2331=CARTESIAN_POINT('Ctrl Pnt',(-6.2300442233286E+03,-1.1163821630125E+03,1.7000000000000E+02));
#2332=CARTESIAN_POINT('Ctrl Pnt',(-6.3015728240908E+03,-9.1985894754264E+02,1.7000000000000E+02));
#2327=EDGE_CURVE('',#2181,#2328,#2330,.T.);
#2333=ORIENTED_EDGE('',*,*,#2189,.T.);
#2334=ORIENTED_EDGE('',*,*,#2335,.T.);
#2336=VERTEX_POINT('',#2337);
#2337=CARTESIAN_POINT('',(-6.2755198657467E+03,-9.1037644621198E+02,1.6652711309537E+02));
#2338=B_SPLINE_CURVE_WITH_KNOTS('',1,(#2339,#2340),.UNSPECIFIED.,.F.,.F.,(2,2),(0.0,2.0913563767470E+02),.UNSPECIFIED.);
#2339=CARTESIAN_POINT('Ctrl Pnt',(-6.2039912649778E+03,-1.1068996617025E+03,1.6652711309181E+02));
#2340=CARTESIAN_POINT('Ctrl Pnt',(-6.2755198657400E+03,-9.1037644623268E+02,1.6652711309181E+02));
#2335=EDGE_CURVE('',#2190,#2336,#2338,.T.);
#2341=ORIENTED_EDGE('',*,*,#2342,.F.);
#2344=AXIS2_PLACEMENT_3D('',#2345,#2346,#2347);
#2345=CARTESIAN_POINT('',(-6.2883419519832E+03,-9.1504330394398E+02,1.7000000000000E+02));
#2346=DIRECTION('',(3.4202014332594E-01,-9.3969262078581E-01,-1.9178638139071E-10));
#2347=DIRECTION('',(1.7949699350662E-10,2.6942636691634E-10,-1.0));
#2343=CIRCLE('',#2344,1.4080000000000E+01);
#2342=EDGE_CURVE('',#2328,#2336,#2343,.T.);
#2348=ADVANCED_FACE('',(#2358),#2349,.T.);
#2351=AXIS2_PLACEMENT_3D('',#2352,#2353,#2354);
#2352=CARTESIAN_POINT('',(-6.2168133512209E+03,-1.1115665194138E+03,170.0));
#2353=DIRECTION('',(3.4202014212283E-01,-9.3969262122371E-01,6.9000235204115E-11));
#2354=DIRECTION('',(2.3599470251020E-11,-6.4839011884007E-11,-1.0));
#2350=CIRCLE('',#2351,1.6850000000000E+01);
#2355=SURFACE_OF_LINEAR_EXTRUSION('',#2350,#2356);
#2356=VECTOR('',#2357,1.0);
#2357=DIRECTION('',(-3.4202014327913E-01,9.3969262080285E-01,0.0));
#2349=OFFSET_SURFACE('',#2355,2.7700000000000,.F.);
#2358=FACE_OUTER_BOUND('',#2359,.T.);
#2359=EDGE_LOOP('',(#2360,#2361,#2362,#2369));
#2360=ORIENTED_EDGE('',*,*,#2335,.F.);
#2361=ORIENTED_EDGE('',*,*,#2198,.T.);
#2362=ORIENTED_EDGE('',*,*,#2363,.T.);
#2364=VERTEX_POINT('',#2365);
#2365=CARTESIAN_POINT('',(-6.2751110798825E+03,-9.1022766032595E+02,1.7000000007961E+02));
#2366=B_SPLINE_CURVE_WITH_KNOTS('',1,(#2367,#2368),.UNSPECIFIED.,.F.,.F.,(2,2),(0.0,2.0913563767470E+02),.UNSPECIFIED.);
#2367=CARTESIAN_POINT('Ctrl Pnt',(-6.2035824791126E+03,-1.1067508758167E+03,1.7000000007582E+02));
#2368=CARTESIAN_POINT('Ctrl Pnt',(-6.2751110798749E+03,-9.1022766034687E+02,1.7000000007582E+02));
#2363=EDGE_CURVE('',#2199,#2364,#2366,.T.);
#2369=ORIENTED_EDGE('',*,*,#2370,.F.);
#2372=AXIS2_PLACEMENT_3D('',#2373,#2374,#2375);
#2373=CARTESIAN_POINT('',(-6.2883419519832E+03,-9.1504330394398E+02,1.7000000000000E+02));
#2374=DIRECTION('',(3.4202014332594E-01,-9.3969262078581E-01,-1.9178638139071E-10));
#2375=DIRECTION('',(1.7949718065566E-10,2.6942643503302E-10,-1.0));
#2371=CIRCLE('',#2372,1.4080000000000E+01);
#2370=EDGE_CURVE('',#2336,#2364,#2371,.T.);
#2376=ADVANCED_FACE('',(#2386),#2377,.T.);
#2379=AXIS2_PLACEMENT_3D('',#2380,#2381,#2382);
#2380=CARTESIAN_POINT('',(-6.2168133512206E+03,-1.1115665194146E+03,170.0));
#2381=DIRECTION('',(3.4202014212283E-01,-9.3969262122371E-01,6.9000235204115E-11));
#2382=DIRECTION('',(2.3599470251020E-11,-6.4839011884007E-11,-1.0));
#2378=CIRCLE('',#2379,1.6850000000000E+01);
#2383=SURFACE_OF_LINEAR_EXTRUSION('',#2378,#2384);
#2384=VECTOR('',#2385,1.0);
#2385=DIRECTION('',(-3.4202014327913E-01,9.3969262080285E-01,0.0));
#2377=OFFSET_SURFACE('',#2383,2.7700000000000,.F.);
#2386=FACE_OUTER_BOUND('',#2387,.T.);
#2387=EDGE_LOOP('',(#2388,#2389,#2390,#2391));
#2388=ORIENTED_EDGE('',*,*,#2363,.F.);
#2389=ORIENTED_EDGE('',*,*,#2207,.T.);
#2390=ORIENTED_EDGE('',*,*,#2327,.T.);
#2391=ORIENTED_EDGE('',*,*,#2392,.F.);
#2394=AXIS2_PLACEMENT_3D('',#2395,#2396,#2397);
#2395=CARTESIAN_POINT('',(-6.2883419519832E+03,-9.1504330394398E+02,1.7000000000000E+02));
#2396=DIRECTION('',(3.4202014332594E-01,-9.3969262078581E-01,-1.9178638139071E-10));
#2397=DIRECTION('',(1.8748444340101E-10,2.7233356092560E-10,-1.0));
#2393=CIRCLE('',#2394,1.4080000000000E+01);
#2392=EDGE_CURVE('',#2364,#2328,#2393,.T.);
#2398=ADVANCED_FACE('',(#2420),#2399,.F.);
#2399=B_SPLINE_SURFACE_WITH_KNOTS('',1,9,((#2400,#2401,#2402,#2403,#2404,#2405,#2406,#2407,#2408,#2409),(#2410,#2411,#2412,#2413,#2414,#2415,#2416,#2417,#2418,#2419)),.UNSPECIFIED.,.F.,.F.,.F.,(2,2),(10,10),(0.0,4.8738656098264E+01),(5.2932643429445E+01,1.0167129952771E+02),.UNSPECIFIED.);
#2400=CARTESIAN_POINT('Ctrl Pnt',(-6.3362446847407E+03,-8.2606069553690E+02,-2.6768941488652E+02));
#2401=CARTESIAN_POINT('Ctrl Pnt',(-6.3346423779510E+03,-8.3046299726022E+02,-2.6768941488633E+02));
#2402=CARTESIAN_POINT('Ctrl Pnt',(-6.3314479887279E+03,-8.3428825063738E+02,-2.6768941488398E+02));
#2403=CARTESIAN_POINT('Ctrl Pnt',(-6.3268994912002E+03,-8.3687314777776E+02,-2.6768941487948E+02));
#2404=CARTESIAN_POINT('Ctrl Pnt',(-6.3215592260788E+03,-8.3768163227697E+02,-2.6768941487331E+02));
#2405=CARTESIAN_POINT('Ctrl Pnt',(-6.3162237795829E+03,-8.3646355167407E+02,-2.6768941486634E+02));
#2406=CARTESIAN_POINT('Ctrl Pnt',(-6.3117634805188E+03,-8.3341760173874E+02,-2.6768941485968E+02));
#2407=CARTESIAN_POINT('Ctrl Pnt',(-6.3087874302002E+03,-8.2911485290918E+02,-2.6768941485435E+02));
#2408=CARTESIAN_POINT('Ctrl Pnt',(-6.3075696163027E+03,-8.2428229507532E+02,-2.6768941485092E+02));
#2409=CARTESIAN_POINT('Ctrl Pnt',(-6.3080365727478E+03,-8.1962079325832E+02,-2.6768941484962E+02));
#2410=CARTESIAN_POINT('Ctrl Pnt',(-6.3383777869899E+03,-8.2683708126200E+02,-2.6375765956510E+02));
#2411=CARTESIAN_POINT('Ctrl Pnt',(-6.3365260126829E+03,-8.3192478935639E+02,-2.6375765956477E+02));
#2412=CARTESIAN_POINT('Ctrl Pnt',(-6.3328342802834E+03,-8.3634560687279E+02,-2.6375765956102E+02));
#2413=CARTESIAN_POINT('Ctrl Pnt',(-6.3275776147618E+03,-8.3933295370567E+02,-2.6375765955333E+02));
#2414=CARTESIAN_POINT('Ctrl Pnt',(-6.3214059091878E+03,-8.4026731336530E+02,-2.6375765954391E+02));
#2415=CARTESIAN_POINT('Ctrl Pnt',(-6.3152397724619E+03,-8.3885958647228E+02,-2.6375765953173E+02));
#2416=CARTESIAN_POINT('Ctrl Pnt',(-6.3100850372584E+03,-8.3533940427761E+02,-2.6375765952158E+02));
#2417=CARTESIAN_POINT('Ctrl Pnt',(-6.3066456375394E+03,-8.3036674873729E+02,-2.6375765951248E+02));
#2418=CARTESIAN_POINT('Ctrl Pnt',(-6.3052382188704E+03,-8.2478179678080E+02,-2.6375765950706E+02));
#2419=CARTESIAN_POINT('Ctrl Pnt',(-6.3057778770391E+03,-8.1939453301948E+02,-2.6375765950494E+02));
#2420=FACE_OUTER_BOUND('',#2421,.F.);
#2421=EDGE_LOOP('',(#2422,#2429,#2430,#2437));
#2422=ORIENTED_EDGE('',*,*,#2423,.T.);
#2424=VERTEX_POINT('',#2425);
#2425=CARTESIAN_POINT('',(-6.3362446847407E+03,-8.2606069553689E+02,-2.6768941488652E+02));
#2426=B_SPLINE_CURVE_WITH_KNOTS('',1,(#2427,#2428),.UNSPECIFIED.,.F.,.F.,(2,2),(0.0,5.2932643429750E+01),.UNSPECIFIED.);
#2427=CARTESIAN_POINT('Ctrl Pnt',(-6.3362446847407E+03,-8.2606069553689E+02,-2.6768941488652E+02));
#2428=CARTESIAN_POINT('Ctrl Pnt',(-6.3383777869899E+03,-8.2683708126200E+02,-2.6375765956510E+02));
#2423=EDGE_CURVE('',#2424,#2229,#2426,.T.);
#2429=ORIENTED_EDGE('',*,*,#2245,.T.);
#2430=ORIENTED_EDGE('',*,*,#2431,.F.);
#2432=VERTEX_POINT('',#2433);
#2433=CARTESIAN_POINT('',(-6.3080365727479E+03,-8.1962079325831E+02,-2.6768941484962E+02));
#2434=B_SPLINE_CURVE_WITH_KNOTS('',1,(#2435,#2436),.UNSPECIFIED.,.F.,.F.,(2,2),(0.0,4.8738656098264E+01),.UNSPECIFIED.);
#2435=CARTESIAN_POINT('Ctrl Pnt',(-6.3080365727478E+03,-8.1962079325832E+02,-2.6768941484962E+02));
#2436=CARTESIAN_POINT('Ctrl Pnt',(-6.3057778770391E+03,-8.1939453301948E+02,-2.6375765950494E+02));
#2431=EDGE_CURVE('',#2432,#2238,#2434,.T.);
#2437=ORIENTED_EDGE('',*,*,#2438,.F.);
#2439=B_SPLINE_CURVE_WITH_KNOTS('',9,(#2440,#2441,#2442,#2443,#2444,#2445,#2446,#2447,#2448,#2449),.UNSPECIFIED.,.F.,.F.,(10,10),(5.2932643429445E+01,1.0167129952771E+02),.UNSPECIFIED.);
#2440=CARTESIAN_POINT('Ctrl Pnt',(-6.3362446847407E+03,-8.2606069553690E+02,-2.6768941488652E+02));
#2441=CARTESIAN_POINT('Ctrl Pnt',(-6.3346423779510E+03,-8.3046299726022E+02,-2.6768941488633E+02));
#2442=CARTESIAN_POINT('Ctrl Pnt',(-6.3314479887279E+03,-8.3428825063738E+02,-2.6768941488398E+02));
#2443=CARTESIAN_POINT('Ctrl Pnt',(-6.3268994912002E+03,-8.3687314777776E+02,-2.6768941487948E+02));
#2444=CARTESIAN_POINT('Ctrl Pnt',(-6.3215592260788E+03,-8.3768163227697E+02,-2.6768941487331E+02));
#2445=CARTESIAN_POINT('Ctrl Pnt',(-6.3162237795829E+03,-8.3646355167407E+02,-2.6768941486634E+02));
#2446=CARTESIAN_POINT('Ctrl Pnt',(-6.3117634805188E+03,-8.3341760173874E+02,-2.6768941485968E+02));
#2447=CARTESIAN_POINT('Ctrl Pnt',(-6.3087874302002E+03,-8.2911485290918E+02,-2.6768941485435E+02));
#2448=CARTESIAN_POINT('Ctrl Pnt',(-6.3075696163027E+03,-8.2428229507532E+02,-2.6768941485092E+02));
#2449=CARTESIAN_POINT('Ctrl Pnt',(-6.3080365727478E+03,-8.1962079325832E+02,-2.6768941484962E+02));
#2438=EDGE_CURVE('',#2424,#2432,#2439,.T.);
#2450=ADVANCED_FACE('',(#2462),#2451,.F.);
#2451=B_SPLINE_SURFACE_WITH_KNOTS('',1,4,((#2452,#2453,#2454,#2455,#2456),(#2457,#2458,#2459,#2460,#2461)),.UNSPECIFIED.,.F.,.F.,.F.,(2,2),(5,5),(0.0,4.2003728979613),(1.0167129952771E+02,1.0587167242567E+02),.UNSPECIFIED.);
#2452=CARTESIAN_POINT('Ctrl Pnt',(-6.3080365727478E+03,-8.1962079325832E+02,-2.6768941484962E+02));
#2453=CARTESIAN_POINT('Ctrl Pnt',(-6.3081271195652E+03,-8.1871688849785E+02,-2.6768941484937E+02));
#2454=CARTESIAN_POINT('Ctrl Pnt',(-6.3082927605442E+03,-8.1782049642127E+02,-2.6768941484921E+02));
#2455=CARTESIAN_POINT('Ctrl Pnt',(-6.3085325470570E+03,-8.1694103174477E+02,-2.6768941484915E+02));
#2456=CARTESIAN_POINT('Ctrl Pnt',(-6.3088432479454E+03,-8.1608738808374E+02,-2.6768941484918E+02));
#2457=CARTESIAN_POINT('Ctrl Pnt',(-6.3057778770391E+03,-8.1939453301948E+02,-2.6375765950494E+02));
#2458=CARTESIAN_POINT('Ctrl Pnt',(-6.3058825213376E+03,-8.1834989685910E+02,-2.6375765950453E+02));
#2459=CARTESIAN_POINT('Ctrl Pnt',(-6.3060739514125E+03,-8.1731394305316E+02,-2.6375765950427E+02));
#2460=CARTESIAN_POINT('Ctrl Pnt',(-6.3063510709430E+03,-8.1629755211880E+02,-2.6375765950418E+02));
#2461=CARTESIAN_POINT('Ctrl Pnt',(-6.3067101457004E+03,-8.1531100234666E+02,-2.6375765950424E+02));
#2462=FACE_OUTER_BOUND('',#2463,.F.);
#2463=EDGE_LOOP('',(#2464,#2465,#2466,#2473));
#2464=ORIENTED_EDGE('',*,*,#2431,.T.);
#2465=ORIENTED_EDGE('',*,*,#2279,.T.);
#2466=ORIENTED_EDGE('',*,*,#2467,.F.);
#2468=VERTEX_POINT('',#2469);
#2469=CARTESIAN_POINT('',(-6.3088432479454E+03,-8.1608738808374E+02,-2.6768941484919E+02));
#2470=B_SPLINE_CURVE_WITH_KNOTS('',1,(#2471,#2472),.UNSPECIFIED.,.F.,.F.,(2,2),(0.0,5.2932643429750E+01),.UNSPECIFIED.);
#2471=CARTESIAN_POINT('Ctrl Pnt',(-6.3088432479454E+03,-8.1608738808374E+02,-2.6768941484918E+02));
#2472=CARTESIAN_POINT('Ctrl Pnt',(-6.3067101457004E+03,-8.1531100234666E+02,-2.6375765950296E+02));
#2467=EDGE_CURVE('',#2468,#2272,#2470,.T.);
#2473=ORIENTED_EDGE('',*,*,#2474,.F.);
#2475=B_SPLINE_CURVE_WITH_KNOTS('',4,(#2476,#2477,#2478,#2479,#2480),.UNSPECIFIED.,.F.,.F.,(5,5),(1.0167129952771E+02,1.0587167242567E+02),.UNSPECIFIED.);
#2476=CARTESIAN_POINT('Ctrl Pnt',(-6.3080365727478E+03,-8.1962079325832E+02,-2.6768941484962E+02));
#2477=CARTESIAN_POINT('Ctrl Pnt',(-6.3081271195652E+03,-8.1871688849785E+02,-2.6768941484937E+02));
#2478=CARTESIAN_POINT('Ctrl Pnt',(-6.3082927605442E+03,-8.1782049642127E+02,-2.6768941484921E+02));
#2479=CARTESIAN_POINT('Ctrl Pnt',(-6.3085325470570E+03,-8.1694103174477E+02,-2.6768941484915E+02));
#2480=CARTESIAN_POINT('Ctrl Pnt',(-6.3088432479454E+03,-8.1608738808374E+02,-2.6768941484918E+02));
#2474=EDGE_CURVE('',#2432,#2468,#2475,.T.);
#2481=ADVANCED_FACE('',(#2505),#2482,.F.);
#2482=B_SPLINE_SURFACE_WITH_KNOTS('',1,10,((#2483,#2484,#2485,#2486,#2487,#2488,#2489,#2490,#2491,#2492,#2493),(#2494,#2495,#2496,#2497,#2498,#2499,#2500,#2501,#2502,#2503,#2504)),.UNSPECIFIED.,.F.,.F.,.F.,(2,2),(11,11),(0.0,5.2932643429750E+01),(-3.0512617799255E-10,5.2932643429445E+01),.UNSPECIFIED.);
#2483=CARTESIAN_POINT('Ctrl Pnt',(-6.3088432479454E+03,-8.1608738808374E+02,-2.6768941484918E+02));
#2484=CARTESIAN_POINT('Ctrl Pnt',(-6.3104094154974E+03,-8.1178437817271E+02,-2.6768941484938E+02));
#2485=CARTESIAN_POINT('Ctrl Pnt',(-6.3134781415352E+03,-8.0802508232898E+02,-2.6768941485151E+02));
#2486=CARTESIAN_POINT('Ctrl Pnt',(-6.3178373081922E+03,-8.0540476954142E+02,-2.6768941485602E+02));
#2487=CARTESIAN_POINT('Ctrl Pnt',(-6.3229988951593E+03,-8.0441715671910E+02,-2.6768941486145E+02));
#2488=CARTESIAN_POINT('Ctrl Pnt',(-6.3282809384250E+03,-8.0531184071179E+02,-2.6768941486881E+02));
#2489=CARTESIAN_POINT('Ctrl Pnt',(-6.3329023100629E+03,-8.0802170499178E+02,-2.6768941487496E+02));
#2490=CARTESIAN_POINT('Ctrl Pnt',(-6.3362214897879E+03,-8.1209606447971E+02,-2.6768941488104E+02));
#2491=CARTESIAN_POINT('Ctrl Pnt',(-6.3378765005527E+03,-8.1690535885066E+02,-2.6768941488476E+02));
#2492=CARTESIAN_POINT('Ctrl Pnt',(-6.3378108522696E+03,-8.2175768561748E+02,-2.6768941488671E+02));
#2493=CARTESIAN_POINT('Ctrl Pnt',(-6.3362446847407E+03,-8.2606069553689E+02,-2.6768941488652E+02));
#2494=CARTESIAN_POINT('Ctrl Pnt',(-6.3067101457004E+03,-8.1531100234666E+02,-2.6375765950296E+02));
#2495=CARTESIAN_POINT('Ctrl Pnt',(-6.3085201541411E+03,-8.1033804510709E+02,-2.6375765950458E+02));
#2496=CARTESIAN_POINT('Ctrl Pnt',(-6.3120666585961E+03,-8.0599345402975E+02,-2.6375765950809E+02));
#2497=CARTESIAN_POINT('Ctrl Pnt',(-6.3171045155811E+03,-8.0296517816225E+02,-2.6375765951539E+02));
#2498=CARTESIAN_POINT('Ctrl Pnt',(-6.3230697245151E+03,-8.0182380021261E+02,-2.6375765952433E+02));
#2499=CARTESIAN_POINT('Ctrl Pnt',(-6.3291741430477E+03,-8.0285778116475E+02,-2.6375765953628E+02));
#2500=CARTESIAN_POINT('Ctrl Pnt',(-6.3345150290256E+03,-8.0598955067725E+02,-2.6375765954636E+02));
#2501=CARTESIAN_POINT('Ctrl Pnt',(-6.3383509806955E+03,-8.1069825882314E+02,-2.6375765955618E+02));
#2502=CARTESIAN_POINT('Ctrl Pnt',(-6.3402636646712E+03,-8.1625632519128E+02,-2.6375765956230E+02));
#2503=CARTESIAN_POINT('Ctrl Pnt',(-6.3401877954160E+03,-8.2186412398372E+02,-2.6375765956542E+02));
#2504=CARTESIAN_POINT('Ctrl Pnt',(-6.3383777869899E+03,-8.2683708126200E+02,-2.6375765956510E+02));
#2505=FACE_OUTER_BOUND('',#2506,.F.);
#2506=EDGE_LOOP('',(#2507,#2508,#2509,#2510));
#2507=ORIENTED_EDGE('',*,*,#2467,.T.);
#2508=ORIENTED_EDGE('',*,*,#2301,.T.);
#2509=ORIENTED_EDGE('',*,*,#2423,.F.);
#2510=ORIENTED_EDGE('',*,*,#2511,.F.);
#2512=B_SPLINE_CURVE_WITH_KNOTS('',10,(#2513,#2514,#2515,#2516,#2517,#2518,#2519,#2520,#2521,#2522,#2523),.UNSPECIFIED.,.F.,.F.,(11,11),(-3.0512617799255E-10,5.2932643429445E+01),.UNSPECIFIED.);
#2513=CARTESIAN_POINT('Ctrl Pnt',(-6.3088432479454E+03,-8.1608738808374E+02,-2.6768941484918E+02));
#2514=CARTESIAN_POINT('Ctrl Pnt',(-6.3104094154974E+03,-8.1178437817271E+02,-2.6768941484938E+02));
#2515=CARTESIAN_POINT('Ctrl Pnt',(-6.3134781415352E+03,-8.0802508232898E+02,-2.6768941485151E+02));
#2516=CARTESIAN_POINT('Ctrl Pnt',(-6.3178373081922E+03,-8.0540476954142E+02,-2.6768941485602E+02));
#2517=CARTESIAN_POINT('Ctrl Pnt',(-6.3229988951593E+03,-8.0441715671910E+02,-2.6768941486145E+02));
#2518=CARTESIAN_POINT('Ctrl Pnt',(-6.3282809384250E+03,-8.0531184071179E+02,-2.6768941486881E+02));
#2519=CARTESIAN_POINT('Ctrl Pnt',(-6.3329023100629E+03,-8.0802170499178E+02,-2.6768941487496E+02));
#2520=CARTESIAN_POINT('Ctrl Pnt',(-6.3362214897879E+03,-8.1209606447971E+02,-2.6768941488104E+02));
#2521=CARTESIAN_POINT('Ctrl Pnt',(-6.3378765005527E+03,-8.1690535885066E+02,-2.6768941488476E+02));
#2522=CARTESIAN_POINT('Ctrl Pnt',(-6.3378108522696E+03,-8.2175768561748E+02,-2.6768941488671E+02));
#2523=CARTESIAN_POINT('Ctrl Pnt',(-6.3362446847407E+03,-8.2606069553689E+02,-2.6768941488652E+02));
#2511=EDGE_CURVE('',#2468,#2424,#2512,.T.);
#2524=ADVANCED_FACE('',(#2530),#2525,.F.);
#2526=AXIS2_PLACEMENT_3D('',#2527,#2528,#2529);
#2527=CARTESIAN_POINT('',(-6.2883419519898E+03,-9.1504330392596E+02,7.0000000000001E+01));
#2528=DIRECTION('',(-9.3969262078581E-01,-3.4202014332594E-01,-3.4618912101191E-14));
#2529=DIRECTION('',(3.4202014332594E-01,-9.3969262078581E-01,-2.0723973648273E-10));
#2525=TOROIDAL_SURFACE('',#2526,1.0000000000000E+02,1.4080000000000E+01);
#2530=FACE_OUTER_BOUND('',#2531,.F.);
#2531=EDGE_LOOP('',(#2532,#2533,#2542,#2551,#2560,#2567,#2568,#2569));
#2532=ORIENTED_EDGE('',*,*,#2342,.F.);
#2533=ORIENTED_EDGE('',*,*,#2534,.T.);
#2535=VERTEX_POINT('',#2536);
#2536=CARTESIAN_POINT('',(-6.3357748384218E+03,-8.2588968546886E+02,7.0000000019184E+01));
#2538=AXIS2_PLACEMENT_3D('',#2539,#2540,#2541);
#2539=CARTESIAN_POINT('',(-6.3015728240904E+03,-9.1985894754399E+02,7.0000000000000E+01));
#2540=DIRECTION('',(-9.3969262078581E-01,-3.4202014332594E-01,-3.4618912101191E-14));
#2541=DIRECTION('',(3.4202014332594E-01,-9.3969262078581E-01,-2.0723973648273E-10));
#2537=CIRCLE('',#2538,9.9999999996328E+01);
#2534=EDGE_CURVE('',#2328,#2535,#2537,.T.);
#2542=ORIENTED_EDGE('',*,*,#2543,.T.);
#2544=VERTEX_POINT('',#2545);
#2545=CARTESIAN_POINT('',(-6.3085340828087E+03,-8.1967063031311E+02,7.0000000018518E+01));
#2547=AXIS2_PLACEMENT_3D('',#2548,#2549,#2550);
#2548=CARTESIAN_POINT('',(-6.3225439663224E+03,-8.2107404184738E+02,7.0000000019184E+01));
#2549=DIRECTION('',(6.5578243640462E-11,-1.8027596253704E-10,1.0));
#2550=DIRECTION('',(-3.4202014332594E-01,9.3969262078581E-01,1.9183307199009E-10));
#2546=CIRCLE('',#2547,1.4080000000000E+01);
#2543=EDGE_CURVE('',#2535,#2544,#2546,.T.);
#2551=ORIENTED_EDGE('',*,*,#2552,.T.);
#2553=VERTEX_POINT('',#2554);
#2554=CARTESIAN_POINT('',(-6.3093130942489E+03,-8.1625839815465E+02,7.0000000019184E+01));
#2556=AXIS2_PLACEMENT_3D('',#2557,#2558,#2559);
#2557=CARTESIAN_POINT('',(-6.3225439663224E+03,-8.2107404184738E+02,7.0000000019184E+01));
#2558=DIRECTION('',(6.5578243640462E-11,-1.8027596253704E-10,1.0));
#2559=DIRECTION('',(-3.4202014332594E-01,9.3969262078581E-01,1.9183307199009E-10));
#2555=CIRCLE('',#2556,1.4080000000000E+01);
#2552=EDGE_CURVE('',#2544,#2553,#2555,.T.);
#2560=ORIENTED_EDGE('',*,*,#2561,.T.);
#2563=AXIS2_PLACEMENT_3D('',#2564,#2565,#2566);
#2564=CARTESIAN_POINT('',(-6.3225439663224E+03,-8.2107404184738E+02,7.0000000019184E+01));
#2565=DIRECTION('',(6.5578243640462E-11,-1.8027596253704E-10,1.0));
#2566=DIRECTION('',(-3.4202014332594E-01,9.3969262078581E-01,1.9183307199009E-10));
#2562=CIRCLE('',#2563,1.4080000000000E+01);
#2561=EDGE_CURVE('',#2553,#2535,#2562,.T.);
#2567=ORIENTED_EDGE('',*,*,#2534,.F.);
#2568=ORIENTED_EDGE('',*,*,#2392,.F.);
#2569=ORIENTED_EDGE('',*,*,#2370,.F.);
#2570=ADVANCED_FACE('',(#2576,#2581),#2571,.F.);
#2572=AXIS2_PLACEMENT_3D('',#2573,#2574,#2575);
#2573=CARTESIAN_POINT('',(-6.3224291329964E+03,-8.2116166198254E+02,-2.6768941486775E+02));
#2574=DIRECTION('',(-1.2163944874427E-09,-4.0102050360282E-10,1.0));
#2575=DIRECTION('',(-3.4202014332593E-01,9.3969262078581E-01,-3.9195408916637E-11));
#2571=PLANE('',#2572);
#2576=FACE_OUTER_BOUND('',#2577,.F.);
#2577=EDGE_LOOP('',(#2578,#2579,#2580));
#2578=ORIENTED_EDGE('',*,*,#2511,.T.);
#2579=ORIENTED_EDGE('',*,*,#2438,.T.);
#2580=ORIENTED_EDGE('',*,*,#2474,.T.);
#2581=FACE_BOUND('',#2582,.F.);
#2582=EDGE_LOOP('',(#2583,#2669,#2787));
#2583=ORIENTED_EDGE('',*,*,#2584,.T.);
#2585=VERTEX_POINT('',#2586);
#2586=CARTESIAN_POINT('',(-6.3357748384304E+03,-8.2588968546503E+02,-2.6768941488588E+02));
#2587=VERTEX_POINT('',#2588);
#2588=CARTESIAN_POINT('',(-6.3093130942550E+03,-8.1625839815776E+02,-2.6768941484983E+02));
#2589=B_SPLINE_CURVE_WITH_KNOTS('',8,(#2590,#2591,#2592,#2593,#2594,#2595,#2596,#2597,#2598,#2599,#2600,#2601,#2602,#2603,#2604,#2605,#2606,#2607,#2608,#2609,#2610,#2611,#2612,#2613,#2614,#2615,#2616,#2617,#2618,#2619,#2620,#2621,#2622,#2623,#2624,#2625,#2626,#2627,#2628,#2629,#2630,#2631,#2632,#2633,#2634,#2635,#2636,#2637,#2638,#2639,#2640,#2641,#2642,#2643,#2644,#2645,#2646,#2647,#2648,#2649,#2650,#2651,#2652,#2653,#2654,#2655,#2656,#2657,#2658,#2659,#2660,#2661,#2662,#2663,#2664,#2665,#2666,#2667,#2668),.UNSPECIFIED.,.F.,.F.,(9,7,7,7,7,7,7,7,7,7,7,9),(0.0,1.9324835106933E-01,2.0336261557349E-01,2.7779614724070E-01,2.9934269393858E-01,4.2175589033605E-01,4.4428182518550E-01,5.9804588315244E-01,7.5180994104405E-01,8.4681063397759E-01,8.5617018067668E-01,1.0),.UNSPECIFIED.);
#2590=CARTESIAN_POINT('Ctrl Pnt',(-6.3312485578662E+03,-8.3832553910990E+02,-2.6768941488536E+02));
#2591=CARTESIAN_POINT('Ctrl Pnt',(-6.3318086850860E+03,-8.3678660222134E+02,-2.6768941488542E+02));
#2592=CARTESIAN_POINT('Ctrl Pnt',(-6.3323688123058E+03,-8.3524766533277E+02,-2.6768941488548E+02));
#2593=CARTESIAN_POINT('Ctrl Pnt',(-6.3329289395257E+03,-8.3370872844420E+02,-2.6768941488555E+02));
#2594=CARTESIAN_POINT('Ctrl Pnt',(-6.3334890667455E+03,-8.3216979155563E+02,-2.6768941488561E+02));
#2595=CARTESIAN_POINT('Ctrl Pnt',(-6.3340491939653E+03,-8.3063085466707E+02,-2.6768941488568E+02));
#2596=CARTESIAN_POINT('Ctrl Pnt',(-6.3346093211851E+03,-8.2909191777850E+02,-2.6768941488574E+02));
#2597=CARTESIAN_POINT('Ctrl Pnt',(-6.3351694484049E+03,-8.2755298088993E+02,-2.6768941488581E+02));
#2598=CARTESIAN_POINT('Ctrl Pnt',(-6.3357588916568E+03,-8.2593349886522E+02,-2.6768941488587E+02));
#2599=CARTESIAN_POINT('Ctrl Pnt',(-6.3357884566603E+03,-8.2585302695567E+02,-2.6768941488588E+02));
#2600=CARTESIAN_POINT('Ctrl Pnt',(-6.3358175360869E+03,-8.2577250860694E+02,-2.6768941488588E+02));
#2601=CARTESIAN_POINT('Ctrl Pnt',(-6.3358459239560E+03,-8.2569175391612E+02,-2.6768941488588E+02));
#2602=CARTESIAN_POINT('Ctrl Pnt',(-6.3358736700718E+03,-8.2561070014277E+02,-2.6768941488588E+02));
#2603=CARTESIAN_POINT('Ctrl Pnt',(-6.3359008799164E+03,-8.2552944344528E+02,-2.6768941488588E+02));
#2604=CARTESIAN_POINT('Ctrl Pnt',(-6.3359275872166E+03,-8.2544810495409E+02,-2.6768941488588E+02));
#2605=CARTESIAN_POINT('Ctrl Pnt',(-6.3361458640420E+03,-8.2476620834394E+02,-2.6768941488588E+02));
#2606=CARTESIAN_POINT('Ctrl Pnt',(-6.3363073145274E+03,-8.2415605377359E+02,-2.6768941488583E+02));
#2607=CARTESIAN_POINT('Ctrl Pnt',(-6.3364374637946E+03,-8.2353790077782E+02,-2.6768941488574E+02));
#2608=CARTESIAN_POINT('Ctrl Pnt',(-6.3365358562931E+03,-8.2291362479550E+02,-2.6768941488561E+02));
#2609=CARTESIAN_POINT('Ctrl Pnt',(-6.3366021715720E+03,-8.2228513146247E+02,-2.6768941488544E+02));
#2610=CARTESIAN_POINT('Ctrl Pnt',(-6.3366362266189E+03,-8.2165434448433E+02,-2.6768941488522E+02));
#2611=CARTESIAN_POINT('Ctrl Pnt',(-6.3366379767358E+03,-8.2102319331691E+02,-2.6768941488497E+02));
#2612=CARTESIAN_POINT('Ctrl Pnt',(-6.3365986970683E+03,-8.2021135016313E+02,-2.6768941488460E+02));
#2613=CARTESIAN_POINT('Ctrl Pnt',(-6.3365871799854E+03,-8.2002923023055E+02,-2.6768941488451E+02));
#2614=CARTESIAN_POINT('Ctrl Pnt',(-6.3365729659639E+03,-8.1984728754953E+02,-2.6768941488442E+02));
#2615=CARTESIAN_POINT('Ctrl Pnt',(-6.3365560582276E+03,-8.1966556871623E+02,-2.6768941488433E+02));
#2616=CARTESIAN_POINT('Ctrl Pnt',(-6.3365364609640E+03,-8.1948412022992E+02,-2.6768941488423E+02));
#2617=CARTESIAN_POINT('Ctrl Pnt',(-6.3365141793240E+03,-8.1930298849305E+02,-2.6768941488413E+02));
#2618=CARTESIAN_POINT('Ctrl Pnt',(-6.3364892194221E+03,-8.1912221981120E+02,-2.6768941488403E+02));
#2619=CARTESIAN_POINT('Ctrl Pnt',(-6.3363046068210E+03,-8.1791717772913E+02,-2.6768941488332E+02));
#2620=CARTESIAN_POINT('Ctrl Pnt',(-6.3360613720455E+03,-8.1690548365597E+02,-2.6768941488262E+02));
#2621=CARTESIAN_POINT('Ctrl Pnt',(-6.3357331625498E+03,-8.1591555836816E+02,-2.6768941488182E+02));
#2622=CARTESIAN_POINT('Ctrl Pnt',(-6.3353223635281E+03,-8.1495577257057E+02,-2.6768941488094E+02));
#2623=CARTESIAN_POINT('Ctrl Pnt',(-6.3348322568472E+03,-8.1403395911077E+02,-2.6768941487997E+02));
#2624=CARTESIAN_POINT('Ctrl Pnt',(-6.3342668866014E+03,-8.1315758588337E+02,-2.6768941487893E+02));
#2625=CARTESIAN_POINT('Ctrl Pnt',(-6.3336312781081E+03,-8.1233375950814E+02,-2.6768941487783E+02));
#2626=CARTESIAN_POINT('Ctrl Pnt',(-6.3328026938923E+03,-8.1142825015632E+02,-2.6768941487646E+02));
#2627=CARTESIAN_POINT('Ctrl Pnt',(-6.3326717391684E+03,-8.1128951291983E+02,-2.6768941487625E+02));
#2628=CARTESIAN_POINT('Ctrl Pnt',(-6.3325386414582E+03,-8.1115280896691E+02,-2.6768941487603E+02));
#2629=CARTESIAN_POINT('Ctrl Pnt',(-6.3324034376369E+03,-8.1101817688267E+02,-2.6768941487581E+02));
#2630=CARTESIAN_POINT('Ctrl Pnt',(-6.3322661653893E+03,-8.1088565442621E+02,-2.6768941487559E+02));
#2631=CARTESIAN_POINT('Ctrl Pnt',(-6.3321268632104E+03,-8.1075527853057E+02,-2.6768941487537E+02));
#2632=CARTESIAN_POINT('Ctrl Pnt',(-6.3319855704051E+03,-8.1062708530277E+02,-2.6768941487515E+02));
#2633=CARTESIAN_POINT('Ctrl Pnt',(-6.3308645353183E+03,-8.0964119143548E+02,-2.6768941487339E+02));
#2634=CARTESIAN_POINT('Ctrl Pnt',(-6.3297958587620E+03,-8.0888461903745E+02,-2.6768941487178E+02));
#2635=CARTESIAN_POINT('Ctrl Pnt',(-6.3286490347806E+03,-8.0824259616514E+02,-2.6768941487013E+02));
#2636=CARTESIAN_POINT('Ctrl Pnt',(-6.3274384727319E+03,-8.0772444853866E+02,-2.6768941486845E+02));
#2637=CARTESIAN_POINT('Ctrl Pnt',(-6.3261798799277E+03,-8.0733730310091E+02,-2.6768941486676E+02));
#2638=CARTESIAN_POINT('Ctrl Pnt',(-6.3248898479425E+03,-8.0708587500035E+02,-2.6768941486509E+02));
#2639=CARTESIAN_POINT('Ctrl Pnt',(-6.3235853992707E+03,-8.0697236271823E+02,-2.6768941486346E+02));
#2640=CARTESIAN_POINT('Ctrl Pnt',(-6.3209815893998E+03,-8.0702053996273E+02,-2.6768941486031E+02));
#2641=CARTESIAN_POINT('Ctrl Pnt',(-6.3196822326746E+03,-8.0718222940599E+02,-2.6768941485880E+02));
#2642=CARTESIAN_POINT('Ctrl Pnt',(-6.3184023846241E+03,-8.0748120696357E+02,-2.6768941485736E+02));
#2643=CARTESIAN_POINT('Ctrl Pnt',(-6.3171589747647E+03,-8.0791464595256E+02,-2.6768941485602E+02));
#2644=CARTESIAN_POINT('Ctrl Pnt',(-6.3159684088885E+03,-8.0847722068508E+02,-2.6768941485480E+02));
#2645=CARTESIAN_POINT('Ctrl Pnt',(-6.3148461199120E+03,-8.0916122804186E+02,-2.6768941485371E+02));
#2646=CARTESIAN_POINT('Ctrl Pnt',(-6.3138061623480E+03,-8.0995681564789E+02,-2.6768941485276E+02));
#2647=CARTESIAN_POINT('Ctrl Pnt',(-6.3122768043553E+03,-8.1140558779152E+02,-2.6768941485148E+02));
#2648=CARTESIAN_POINT('Ctrl Pnt',(-6.3117288871041E+03,-8.1199699722752E+02,-2.6768941485105E+02));
#2649=CARTESIAN_POINT('Ctrl Pnt',(-6.3112200040117E+03,-8.1262379271905E+02,-2.6768941485069E+02));
#2650=CARTESIAN_POINT('Ctrl Pnt',(-6.3107528091603E+03,-8.1328295598311E+02,-2.6768941485038E+02));
#2651=CARTESIAN_POINT('Ctrl Pnt',(-6.3103296743634E+03,-8.1397123222230E+02,-2.6768941485014E+02));
#2652=CARTESIAN_POINT('Ctrl Pnt',(-6.3099526635047E+03,-8.1468516317283E+02,-2.6768941484997E+02));
#2653=CARTESIAN_POINT('Ctrl Pnt',(-6.3096235122032E+03,-8.1542112367140E+02,-2.6768941484987E+02));
#2654=CARTESIAN_POINT('Ctrl Pnt',(-6.3093160368836E+03,-8.1624966989809E+02,-2.6768941484982E+02));
#2655=CARTESIAN_POINT('Ctrl Pnt',(-6.3092833631613E+03,-8.1634014649394E+02,-2.6768941484982E+02));
#2656=CARTESIAN_POINT('Ctrl Pnt',(-6.3092481214635E+03,-8.1643713595944E+02,-2.6768941484982E+02));
#2657=CARTESIAN_POINT('Ctrl Pnt',(-6.3092126855778E+03,-8.1653422657206E+02,-2.6768941484981E+02));
#2658=CARTESIAN_POINT('Ctrl Pnt',(-6.3091784650438E+03,-8.1662817623548E+02,-2.6768941484981E+02));
#2659=CARTESIAN_POINT('Ctrl Pnt',(-6.3091455245442E+03,-8.1671884962397E+02,-2.6768941484981E+02));
#2660=CARTESIAN_POINT('Ctrl Pnt',(-6.3091126308993E+03,-8.1680916669156E+02,-2.6768941484980E+02));
#2661=CARTESIAN_POINT('Ctrl Pnt',(-6.3085413634073E+03,-8.1837871119987E+02,-2.6768941484974E+02));
#2662=CARTESIAN_POINT('Ctrl Pnt',(-6.3080049991524E+03,-8.1985235985389E+02,-2.6768941484967E+02));
#2663=CARTESIAN_POINT('Ctrl Pnt',(-6.3074686348975E+03,-8.2132600850792E+02,-2.6768941484961E+02));
#2664=CARTESIAN_POINT('Ctrl Pnt',(-6.3069322706426E+03,-8.2279965716194E+02,-2.6768941484955E+02));
#2665=CARTESIAN_POINT('Ctrl Pnt',(-6.3063959063877E+03,-8.2427330581597E+02,-2.6768941484949E+02));
#2666=CARTESIAN_POINT('Ctrl Pnt',(-6.3058595421329E+03,-8.2574695446999E+02,-2.6768941484943E+02));
#2667=CARTESIAN_POINT('Ctrl Pnt',(-6.3053231778780E+03,-8.2722060312401E+02,-2.6768941484937E+02));
#2668=CARTESIAN_POINT('Ctrl Pnt',(-6.3047868136231E+03,-8.2869425177804E+02,-2.6768941484931E+02));
#2584=EDGE_CURVE('',#2585,#2587,#2589,.T.);
#2669=ORIENTED_EDGE('',*,*,#2670,.T.);
#2671=VERTEX_POINT('',#2672);
#2672=CARTESIAN_POINT('',(-6.3085340828157E+03,-8.1967063031625E+02,-2.6768941485025E+02));
#2673=B_SPLINE_CURVE_WITH_KNOTS('',4,(#2674,#2675,#2676,#2677,#2678,#2679,#2680,#2681,#2682,#2683,#2684,#2685,#2686,#2687,#2688,#2689,#2690,#2691,#2692,#2693,#2694,#2695,#2696,#2697,#2698,#2699,#2700,#2701,#2702,#2703,#2704,#2705,#2706,#2707,#2708,#2709,#2710,#2711,#2712,#2713,#2714,#2715,#2716,#2717,#2718,#2719,#2720,#2721,#2722,#2723,#2724,#2725,#2726,#2727,#2728,#2729,#2730,#2731,#2732,#2733,#2734,#2735,#2736,#2737,#2738,#2739,#2740,#2741,#2742,#2743,#2744,#2745,#2746,#2747,#2748,#2749,#2750,#2751,#2752,#2753,#2754,#2755,#2756,#2757,#2758,#2759,#2760,#2761,#2762,#2763,#2764,#2765,#2766,#2767,#2768,#2769,#2770,#2771,#2772,#2773,#2774,#2775,#2776,#2777,#2778,#2779,#2780,#2781,#2782,#2783,#2784,#2785,#2786),.UNSPECIFIED.,.F.,.F.,(5,3,3,3,3,3,3,3,3,3,3,3,3,3,3,3,3,3,3,3,3,3,3,3,3,3,3,3,3,3,3,3,3,3,3,3,3,5),(0.0,2.4252067562104E-02,4.9436906952934E-02,7.8352833660310E-02,1.0447044487958E-01,1.3245359975809E-01,1.4644517719769E-01,1.5390735183219E-01,1.6194753829459E-01,1.9350086402642E-01,2.2403634053525E-01,2.5457181705060E-01,2.8612514279302E-01,3.1767846854300E-01,3.4821394507802E-01,3.7976727082912E-01,4.1132059657546E-01,4.4287392231623E-01,4.7340939883530E-01,5.0496272456953E-01,5.3549820108767E-01,5.6603367760955E-01,5.9758700335442E-01,6.2914032910476E-01,6.5967580564047E-01,6.9122913139306E-01,7.2176460792227E-01,7.5331793365928E-01,7.8487125938643E-01,8.1642458511219E-01,8.3169232337222E-01,8.3840979329929E-01,8.4638955659369E-01,8.6633896482890E-01,8.9127572512206E-01,9.1222260376827E-01,9.4214671612042E-01,1.0),.UNSPECIFIED.);
#2674=CARTESIAN_POINT('Ctrl Pnt',(-6.3096721690131E+03,-8.1527184838454E+02,-2.6768941484987E+02));
#2675=CARTESIAN_POINT('Ctrl Pnt',(-6.3096581650975E+03,-8.1531032382570E+02,-2.6768941484986E+02));
#2676=CARTESIAN_POINT('Ctrl Pnt',(-6.3096441611820E+03,-8.1534879926686E+02,-2.6768941484986E+02));
#2677=CARTESIAN_POINT('Ctrl Pnt',(-6.3096301572664E+03,-8.1538727470801E+02,-2.6768941484986E+02));
#2678=CARTESIAN_POINT('Ctrl Pnt',(-6.3096016108231E+03,-8.1546570541499E+02,-2.6768941484986E+02));
#2679=CARTESIAN_POINT('Ctrl Pnt',(-6.3095870682954E+03,-8.1550566068080E+02,-2.6768941484986E+02));
#2680=CARTESIAN_POINT('Ctrl Pnt',(-6.3095725257677E+03,-8.1554561594662E+02,-2.6768941484985E+02));
#2681=CARTESIAN_POINT('Ctrl Pnt',(-6.3095412862637E+03,-8.1563144577689E+02,-2.6768941484985E+02));
#2682=CARTESIAN_POINT('Ctrl Pnt',(-6.3095245892875E+03,-8.1567732034135E+02,-2.6768941484985E+02));
#2683=CARTESIAN_POINT('Ctrl Pnt',(-6.3095078923112E+03,-8.1572319490580E+02,-2.6768941484985E+02));
#2684=CARTESIAN_POINT('Ctrl Pnt',(-6.3094761141951E+03,-8.1581050456073E+02,-2.6768941484984E+02));
#2685=CARTESIAN_POINT('Ctrl Pnt',(-6.3094610330553E+03,-8.1585193965121E+02,-2.6768941484984E+02));
#2686=CARTESIAN_POINT('Ctrl Pnt',(-6.3094459519155E+03,-8.1589337474168E+02,-2.6768941484984E+02));
#2687=CARTESIAN_POINT('Ctrl Pnt',(-6.3094147124115E+03,-8.1597920457195E+02,-2.6768941484984E+02));
#2688=CARTESIAN_POINT('Ctrl Pnt',(-6.3093985540474E+03,-8.1602359931175E+02,-2.6768941484983E+02));
#2689=CARTESIAN_POINT('Ctrl Pnt',(-6.3093823956833E+03,-8.1606799405154E+02,-2.6768941484983E+02));
#2690=CARTESIAN_POINT('Ctrl Pnt',(-6.3093581581371E+03,-8.1613458616124E+02,-2.6768941484983E+02));
#2691=CARTESIAN_POINT('Ctrl Pnt',(-6.3093500789550E+03,-8.1615678353113E+02,-2.6768941484983E+02));
#2692=CARTESIAN_POINT('Ctrl Pnt',(-6.3093419997730E+03,-8.1617898090103E+02,-2.6768941484983E+02));
#2693=CARTESIAN_POINT('Ctrl Pnt',(-6.3093296116938E+03,-8.1621301686821E+02,-2.6768941484983E+02));
#2694=CARTESIAN_POINT('Ctrl Pnt',(-6.3093253027967E+03,-8.1622485546549E+02,-2.6768941484983E+02));
#2695=CARTESIAN_POINT('Ctrl Pnt',(-6.3093209938996E+03,-8.1623669406277E+02,-2.6768941484983E+02));
#2696=CARTESIAN_POINT('Ctrl Pnt',(-6.3093120423430E+03,-8.1626128826203E+02,-2.6768941484982E+02));
#2697=CARTESIAN_POINT('Ctrl Pnt',(-6.3093090980303E+03,-8.1626937103630E+02,-2.6768941484982E+02));
#2698=CARTESIAN_POINT('Ctrl Pnt',(-6.3093052616509E+03,-8.1627996148944E+02,-2.6768941484982E+02));
#2699=CARTESIAN_POINT('Ctrl Pnt',(-6.3092878682741E+03,-8.1632810374872E+02,-2.6768941484982E+02));
#2700=CARTESIAN_POINT('Ctrl Pnt',(-6.3092741551487E+03,-8.1636652338853E+02,-2.6768941484982E+02));
#2701=CARTESIAN_POINT('Ctrl Pnt',(-6.3092605905419E+03,-8.1640499571590E+02,-2.6768941484982E+02));
#2702=CARTESIAN_POINT('Ctrl Pnt',(-6.3092341917335E+03,-8.1648080130647E+02,-2.6768941484982E+02));
#2703=CARTESIAN_POINT('Ctrl Pnt',(-6.3092213480855E+03,-8.1651813128004E+02,-2.6768941484982E+02));
#2704=CARTESIAN_POINT('Ctrl Pnt',(-6.3092086440822E+03,-8.1655550900764E+02,-2.6768941484982E+02));
#2705=CARTESIAN_POINT('Ctrl Pnt',(-6.3091835158918E+03,-8.1663035840181E+02,-2.6768941484982E+02));
#2706=CARTESIAN_POINT('Ctrl Pnt',(-6.3091710917047E+03,-8.1666783006838E+02,-2.6768941484982E+02));
#2707=CARTESIAN_POINT('Ctrl Pnt',(-6.3091588076890E+03,-8.1670534791988E+02,-2.6768941484982E+02));
#2708=CARTESIAN_POINT('Ctrl Pnt',(-6.3091341157235E+03,-8.1678172652611E+02,-2.6768941484982E+02));
#2709=CARTESIAN_POINT('Ctrl Pnt',(-6.3091217172914E+03,-8.1682059035779E+02,-2.6768941484982E+02));
#2710=CARTESIAN_POINT('Ctrl Pnt',(-6.3091094690840E+03,-8.1685950179501E+02,-2.6768941484982E+02));
#2711=CARTESIAN_POINT('Ctrl Pnt',(-6.3090852736603E+03,-8.1693741813644E+02,-2.6768941484982E+02));
#2712=CARTESIAN_POINT('Ctrl Pnt',(-6.3090733264439E+03,-8.1697642304066E+02,-2.6768941484982E+02));
#2713=CARTESIAN_POINT('Ctrl Pnt',(-6.3090615299938E+03,-8.1701547380630E+02,-2.6768941484982E+02));
#2714=CARTESIAN_POINT('Ctrl Pnt',(-6.3090386148064E+03,-8.1709240415689E+02,-2.6768941484983E+02));
#2715=CARTESIAN_POINT('Ctrl Pnt',(-6.3090274864825E+03,-8.1713028088632E+02,-2.6768941484983E+02));
#2716=CARTESIAN_POINT('Ctrl Pnt',(-6.3090164998354E+03,-8.1716819895336E+02,-2.6768941484983E+02));
#2717=CARTESIAN_POINT('Ctrl Pnt',(-6.3089944488578E+03,-8.1724538145814E+02,-2.6768941484983E+02));
#2718=CARTESIAN_POINT('Ctrl Pnt',(-6.3089833941453E+03,-8.1728464864373E+02,-2.6768941484984E+02));
#2719=CARTESIAN_POINT('Ctrl Pnt',(-6.3089724912057E+03,-8.1732395824102E+02,-2.6768941484984E+02));
#2720=CARTESIAN_POINT('Ctrl Pnt',(-6.3089509893534E+03,-8.1740266049730E+02,-2.6768941484984E+02));
#2721=CARTESIAN_POINT('Ctrl Pnt',(-6.3089403904407E+03,-8.1744205315629E+02,-2.6768941484985E+02));
#2722=CARTESIAN_POINT('Ctrl Pnt',(-6.3089299437822E+03,-8.1748148646528E+02,-2.6768941484985E+02));
#2723=CARTESIAN_POINT('Ctrl Pnt',(-6.3089093554344E+03,-8.1756043261609E+02,-2.6768941484986E+02));
#2724=CARTESIAN_POINT('Ctrl Pnt',(-6.3088992137451E+03,-8.1759994545791E+02,-2.6768941484986E+02));
#2725=CARTESIAN_POINT('Ctrl Pnt',(-6.3088892247708E+03,-8.1763949718256E+02,-2.6768941484986E+02));
#2726=CARTESIAN_POINT('Ctrl Pnt',(-6.3088698699841E+03,-8.1771739953736E+02,-2.6768941484987E+02));
#2727=CARTESIAN_POINT('Ctrl Pnt',(-6.3088604944641E+03,-8.1775574775565E+02,-2.6768941484987E+02));
#2728=CARTESIAN_POINT('Ctrl Pnt',(-6.3088512623712E+03,-8.1779413075556E+02,-2.6768941484988E+02));
#2729=CARTESIAN_POINT('Ctrl Pnt',(-6.3088327824714E+03,-8.1787224527376E+02,-2.6768941484989E+02));
#2730=CARTESIAN_POINT('Ctrl Pnt',(-6.3088235443986E+03,-8.1791197909489E+02,-2.6768941484989E+02));
#2731=CARTESIAN_POINT('Ctrl Pnt',(-6.3088144598877E+03,-8.1795174830651E+02,-2.6768941484990E+02));
#2732=CARTESIAN_POINT('Ctrl Pnt',(-6.3087968864783E+03,-8.1803007173807E+02,-2.6768941484991E+02));
#2733=CARTESIAN_POINT('Ctrl Pnt',(-6.3087883878197E+03,-8.1806862376815E+02,-2.6768941484991E+02));
#2734=CARTESIAN_POINT('Ctrl Pnt',(-6.3087800333439E+03,-8.1810720730034E+02,-2.6768941484992E+02));
#2735=CARTESIAN_POINT('Ctrl Pnt',(-6.3087636131024E+03,-8.1818443574998E+02,-2.6768941484993E+02));
#2736=CARTESIAN_POINT('Ctrl Pnt',(-6.3087555473367E+03,-8.1822308066743E+02,-2.6768941484993E+02));
#2737=CARTESIAN_POINT('Ctrl Pnt',(-6.3087476260981E+03,-8.1826175546802E+02,-2.6768941484994E+02));
#2738=CARTESIAN_POINT('Ctrl Pnt',(-6.3087318137829E+03,-8.1834045334181E+02,-2.6768941484995E+02));
#2739=CARTESIAN_POINT('Ctrl Pnt',(-6.3087239325130E+03,-8.1838047838544E+02,-2.6768941484996E+02));
#2740=CARTESIAN_POINT('Ctrl Pnt',(-6.3087162059200E+03,-8.1842053357601E+02,-2.6768941484997E+02));
#2741=CARTESIAN_POINT('Ctrl Pnt',(-6.3087010624265E+03,-8.1850070245650E+02,-2.6768941484998E+02));
#2742=CARTESIAN_POINT('Ctrl Pnt',(-6.3086936455260E+03,-8.1854081614643E+02,-2.6768941484999E+02));
#2743=CARTESIAN_POINT('Ctrl Pnt',(-6.3086863836413E+03,-8.1858095818876E+02,-2.6768941484999E+02));
#2744=CARTESIAN_POINT('Ctrl Pnt',(-6.3086723994703E+03,-8.1866000138972E+02,-2.6768941485001E+02));
#2745=CARTESIAN_POINT('Ctrl Pnt',(-6.3086656673342E+03,-8.1869890080575E+02,-2.6768941485002E+02));
#2746=CARTESIAN_POINT('Ctrl Pnt',(-6.3086590806674E+03,-8.1873782511747E+02,-2.6768941485002E+02));
#2747=CARTESIAN_POINT('Ctrl Pnt',(-6.3086459838400E+03,-8.1881702017900E+02,-2.6768941485004E+02));
#2748=CARTESIAN_POINT('Ctrl Pnt',(-6.3086394835483E+03,-8.1885729256085E+02,-2.6768941485005E+02));
#2749=CARTESIAN_POINT('Ctrl Pnt',(-6.3086331388785E+03,-8.1889758975303E+02,-2.6768941485006E+02));
#2750=CARTESIAN_POINT('Ctrl Pnt',(-6.3086209607023E+03,-8.1897693127229E+02,-2.6768941485007E+02));
#2751=CARTESIAN_POINT('Ctrl Pnt',(-6.3086151173088E+03,-8.1901597408181E+02,-2.6768941485008E+02));
#2752=CARTESIAN_POINT('Ctrl Pnt',(-6.3086094199143E+03,-8.1905503846353E+02,-2.6768941485009E+02));
#2753=CARTESIAN_POINT('Ctrl Pnt',(-6.3085981323138E+03,-8.1913451157047E+02,-2.6768941485011E+02));
#2754=CARTESIAN_POINT('Ctrl Pnt',(-6.3085925520110E+03,-8.1917492170226E+02,-2.6768941485012E+02));
#2755=CARTESIAN_POINT('Ctrl Pnt',(-6.3085871278555E+03,-8.1921535308942E+02,-2.6768941485013E+02));
#2756=CARTESIAN_POINT('Ctrl Pnt',(-6.3085765920747E+03,-8.1929625656346E+02,-2.6768941485015E+02));
#2757=CARTESIAN_POINT('Ctrl Pnt',(-6.3085714804495E+03,-8.1933672865035E+02,-2.6768941485016E+02));
#2758=CARTESIAN_POINT('Ctrl Pnt',(-6.3085665252073E+03,-8.1937722018163E+02,-2.6768941485017E+02));
#2759=CARTESIAN_POINT('Ctrl Pnt',(-6.3085569277040E+03,-8.1945824031935E+02,-2.6768941485019E+02));
#2760=CARTESIAN_POINT('Ctrl Pnt',(-6.3085522854428E+03,-8.1949876892580E+02,-2.6768941485020E+02));
#2761=CARTESIAN_POINT('Ctrl Pnt',(-6.3085477997796E+03,-8.1953931516304E+02,-2.6768941485021E+02));
#2762=CARTESIAN_POINT('Ctrl Pnt',(-6.3085413761490E+03,-8.1959950536184E+02,-2.6768941485023E+02));
#2763=CARTESIAN_POINT('Ctrl Pnt',(-6.3085393181739E+03,-8.1961913651592E+02,-2.6768941485023E+02));
#2764=CARTESIAN_POINT('Ctrl Pnt',(-6.3085372968970E+03,-8.1963877148246E+02,-2.6768941485024E+02));
#2765=CARTESIAN_POINT('Ctrl Pnt',(-6.3085344391621E+03,-8.1966705074524E+02,-2.6768941485024E+02));
#2766=CARTESIAN_POINT('Ctrl Pnt',(-6.3085334389863E+03,-8.1967705842644E+02,-2.6768941485025E+02));
#2767=CARTESIAN_POINT('Ctrl Pnt',(-6.3085322098668E+03,-8.1968932746687E+02,-2.6768941485025E+02));
#2768=CARTESIAN_POINT('Ctrl Pnt',(-6.3085298970438E+03,-8.1971241576267E+02,-2.6768941485026E+02));
#2769=CARTESIAN_POINT('Ctrl Pnt',(-6.3085286413122E+03,-8.1972495139660E+02,-2.6768941485026E+02));
#2770=CARTESIAN_POINT('Ctrl Pnt',(-6.3085273855806E+03,-8.1973748703053E+02,-2.6768941485026E+02));
#2771=CARTESIAN_POINT('Ctrl Pnt',(-6.3085229905201E+03,-8.1978136174927E+02,-2.6768941485028E+02));
#2772=CARTESIAN_POINT('Ctrl Pnt',(-6.3085198511911E+03,-8.1981270083408E+02,-2.6768941485029E+02));
#2773=CARTESIAN_POINT('Ctrl Pnt',(-6.3085167118622E+03,-8.1984403991890E+02,-2.6768941485029E+02));
#2774=CARTESIAN_POINT('Ctrl Pnt',(-6.3085096483720E+03,-8.1991455285973E+02,-2.6768941485031E+02));
#2775=CARTESIAN_POINT('Ctrl Pnt',(-6.3085057242108E+03,-8.1995372671574E+02,-2.6768941485032E+02));
#2776=CARTESIAN_POINT('Ctrl Pnt',(-6.3085018000496E+03,-8.1999290057176E+02,-2.6768941485034E+02));
#2777=CARTESIAN_POINT('Ctrl Pnt',(-6.3084945795931E+03,-8.2006498046683E+02,-2.6768941485036E+02));
#2778=CARTESIAN_POINT('Ctrl Pnt',(-6.3084912832976E+03,-8.2009788650589E+02,-2.6768941485036E+02));
#2779=CARTESIAN_POINT('Ctrl Pnt',(-6.3084879870022E+03,-8.2013079254494E+02,-2.6768941485037E+02));
#2780=CARTESIAN_POINT('Ctrl Pnt',(-6.3084799817134E+03,-8.2021070721122E+02,-2.6768941485040E+02));
#2781=CARTESIAN_POINT('Ctrl Pnt',(-6.3084752727200E+03,-8.2025771583844E+02,-2.6768941485041E+02));
#2782=CARTESIAN_POINT('Ctrl Pnt',(-6.3084705637265E+03,-8.2030472446566E+02,-2.6768941485042E+02));
#2783=CARTESIAN_POINT('Ctrl Pnt',(-6.3084567506791E+03,-8.2044261643884E+02,-2.6768941485046E+02));
#2784=CARTESIAN_POINT('Ctrl Pnt',(-6.3084476466252E+03,-8.2053349978479E+02,-2.6768941485049E+02));
#2785=CARTESIAN_POINT('Ctrl Pnt',(-6.3084385425712E+03,-8.2062438313075E+02,-2.6768941485051E+02));
#2786=CARTESIAN_POINT('Ctrl Pnt',(-6.3084294385172E+03,-8.2071526647671E+02,-2.6768941485054E+02));
#2670=EDGE_CURVE('',#2587,#2671,#2673,.T.);
#2787=ORIENTED_EDGE('',*,*,#2788,.T.);
#2789=B_SPLINE_CURVE_WITH_KNOTS('',8,(#2790,#2791,#2792,#2793,#2794,#2795,#2796,#2797,#2798,#2799,#2800,#2801,#2802,#2803,#2804,#2805,#2806,#2807,#2808,#2809,#2810,#2811,#2812,#2813,#2814,#2815,#2816,#2817,#2818,#2819,#2820,#2821,#2822,#2823,#2824,#2825,#2826,#2827,#2828,#2829,#2830,#2831,#2832,#2833,#2834,#2835,#2836,#2837,#2838,#2839,#2840),.UNSPECIFIED.,.F.,.F.,(9,7,7,7,7,7,7,9),(0.0,1.9326206739692E-01,2.0337709003380E-01,3.6202362466094E-01,5.2167712745869E-01,8.4679780847389E-01,8.5615812647659E-01,1.0),.UNSPECIFIED.);
#2790=CARTESIAN_POINT('Ctrl Pnt',(-6.3097485216681E+03,-8.0754721071813E+02,-2.6768941484686E+02));
#2791=CARTESIAN_POINT('Ctrl Pnt',(-6.3095982348601E+03,-8.0904748389342E+02,-2.6768941484728E+02));
#2792=CARTESIAN_POINT('Ctrl Pnt',(-6.3094479480521E+03,-8.1054775706870E+02,-2.6768941484770E+02));
#2793=CARTESIAN_POINT('Ctrl Pnt',(-6.3092976612442E+03,-8.1204803024399E+02,-2.6768941484812E+02));
#2794=CARTESIAN_POINT('Ctrl Pnt',(-6.3091473744362E+03,-8.1354830341928E+02,-2.6768941484854E+02));
#2795=CARTESIAN_POINT('Ctrl Pnt',(-6.3089970876282E+03,-8.1504857659457E+02,-2.6768941484896E+02));
#2796=CARTESIAN_POINT('Ctrl Pnt',(-6.3088468008202E+03,-8.1654884976986E+02,-2.6768941484937E+02));
#2797=CARTESIAN_POINT('Ctrl Pnt',(-6.3086965140122E+03,-8.1804912294515E+02,-2.6768941484979E+02));
#2798=CARTESIAN_POINT('Ctrl Pnt',(-6.3085383614369E+03,-8.1962791798111E+02,-2.6768941485023E+02));
#2799=CARTESIAN_POINT('Ctrl Pnt',(-6.3085302758284E+03,-8.1970643179679E+02,-2.6768941485026E+02));
#2800=CARTESIAN_POINT('Ctrl Pnt',(-6.3085225996042E+03,-8.1978487453044E+02,-2.6768941485028E+02));
#2801=CARTESIAN_POINT('Ctrl Pnt',(-6.3085155409376E+03,-8.1986336596102E+02,-2.6768941485030E+02));
#2802=CARTESIAN_POINT('Ctrl Pnt',(-6.3085090714762E+03,-8.1994197351166E+02,-2.6768941485032E+02));
#2803=CARTESIAN_POINT('Ctrl Pnt',(-6.3085030847139E+03,-8.2002063834381E+02,-2.6768941485035E+02));
#2804=CARTESIAN_POINT('Ctrl Pnt',(-6.3084975282092E+03,-8.2009926271723E+02,-2.6768941485037E+02));
#2805=CARTESIAN_POINT('Ctrl Pnt',(-6.3084137973087E+03,-8.2141224469430E+02,-2.6768941485080E+02));
#2806=CARTESIAN_POINT('Ctrl Pnt',(-6.3084589593400E+03,-8.2265497103683E+02,-2.6768941485135E+02));
#2807=CARTESIAN_POINT('Ctrl Pnt',(-6.3086291584390E+03,-8.2389090242624E+02,-2.6768941485205E+02));
#2808=CARTESIAN_POINT('Ctrl Pnt',(-6.3089230653697E+03,-8.2510515000294E+02,-2.6768941485290E+02));
#2809=CARTESIAN_POINT('Ctrl Pnt',(-6.3093373302914E+03,-8.2628377760877E+02,-2.6768941485387E+02));
#2810=CARTESIAN_POINT('Ctrl Pnt',(-6.3098671789828E+03,-8.2741327063503E+02,-2.6768941485497E+02));
#2811=CARTESIAN_POINT('Ctrl Pnt',(-6.3105056235844E+03,-8.2848041488990E+02,-2.6768941485618E+02));
#2812=CARTESIAN_POINT('Ctrl Pnt',(-6.3119858535613E+03,-8.3047200930485E+02,-2.6768941485878E+02));
#2813=CARTESIAN_POINT('Ctrl Pnt',(-6.3128292287421E+03,-8.3139594802649E+02,-2.6768941486017E+02));
#2814=CARTESIAN_POINT('Ctrl Pnt',(-6.3137646855948E+03,-8.3223298669157E+02,-2.6768941486165E+02));
#2815=CARTESIAN_POINT('Ctrl Pnt',(-6.3147816961632E+03,-8.3297247655480E+02,-2.6768941486318E+02));
#2816=CARTESIAN_POINT('Ctrl Pnt',(-6.3158682783976E+03,-8.3360532314120E+02,-2.6768941486475E+02));
#2817=CARTESIAN_POINT('Ctrl Pnt',(-6.3170112808930E+03,-8.3412422442808E+02,-2.6768941486635E+02));
#2818=CARTESIAN_POINT('Ctrl Pnt',(-6.3181967156087E+03,-8.3452383547807E+02,-2.6768941486796E+02));
#2819=CARTESIAN_POINT('Ctrl Pnt',(-6.3218811704771E+03,-8.3536499525876E+02,-2.6768941487277E+02));
#2820=CARTESIAN_POINT('Ctrl Pnt',(-6.3244695511972E+03,-8.3542105500982E+02,-2.6768941487595E+02));
#2821=CARTESIAN_POINT('Ctrl Pnt',(-6.3270514241453E+03,-8.3493980018631E+02,-2.6768941487889E+02));
#2822=CARTESIAN_POINT('Ctrl Pnt',(-6.3294962869491E+03,-8.3392984894550E+02,-2.6768941488146E+02));
#2823=CARTESIAN_POINT('Ctrl Pnt',(-6.3316798773663E+03,-8.3243676863694E+02,-2.6768941488352E+02));
#2824=CARTESIAN_POINT('Ctrl Pnt',(-6.3334960361739E+03,-8.3053960203111E+02,-2.6768941488497E+02));
#2825=CARTESIAN_POINT('Ctrl Pnt',(-6.3348661090941E+03,-8.2834284130003E+02,-2.6768941488575E+02));
#2826=CARTESIAN_POINT('Ctrl Pnt',(-6.3357721141918E+03,-8.2589771566212E+02,-2.6768941488587E+02));
#2827=CARTESIAN_POINT('Ctrl Pnt',(-6.3358022125023E+03,-8.2581442256392E+02,-2.6768941488588E+02));
#2828=CARTESIAN_POINT('Ctrl Pnt',(-6.3358346621758E+03,-8.2572512906318E+02,-2.6768941488588E+02));
#2829=CARTESIAN_POINT('Ctrl Pnt',(-6.3358672804940E+03,-8.2563573871395E+02,-2.6768941488589E+02));
#2830=CARTESIAN_POINT('Ctrl Pnt',(-6.3358987846566E+03,-8.2554924147947E+02,-2.6768941488589E+02));
#2831=CARTESIAN_POINT('Ctrl Pnt',(-6.3359291160427E+03,-8.2546576248888E+02,-2.6768941488589E+02));
#2832=CARTESIAN_POINT('Ctrl Pnt',(-6.3359593988533E+03,-8.2538260987052E+02,-2.6768941488590E+02));
#2833=CARTESIAN_POINT('Ctrl Pnt',(-6.3364853470238E+03,-8.2393757914801E+02,-2.6768941488596E+02));
#2834=CARTESIAN_POINT('Ctrl Pnt',(-6.3369791609142E+03,-8.2258083663438E+02,-2.6768941488601E+02));
#2835=CARTESIAN_POINT('Ctrl Pnt',(-6.3374729748046E+03,-8.2122409412076E+02,-2.6768941488607E+02));
#2836=CARTESIAN_POINT('Ctrl Pnt',(-6.3379667886951E+03,-8.1986735160713E+02,-2.6768941488613E+02));
#2837=CARTESIAN_POINT('Ctrl Pnt',(-6.3384606025855E+03,-8.1851060909350E+02,-2.6768941488618E+02));
#2838=CARTESIAN_POINT('Ctrl Pnt',(-6.3389544164760E+03,-8.1715386657988E+02,-2.6768941488624E+02));
#2839=CARTESIAN_POINT('Ctrl Pnt',(-6.3394482303664E+03,-8.1579712406625E+02,-2.6768941488630E+02));
#2840=CARTESIAN_POINT('Ctrl Pnt',(-6.3399420442568E+03,-8.1444038155263E+02,-2.6768941488635E+02));
#2788=EDGE_CURVE('',#2671,#2585,#2789,.T.);
#2841=ADVANCED_FACE('',(#2972),#2842,.T.);
#2843=B_SPLINE_SURFACE_WITH_KNOTS('',11,3,((#2844,#2845,#2846,#2847),(#2848,#2849,#2850,#2851),(#2852,#2853,#2854,#2855),(#2856,#2857,#2858,#2859),(#2860,#2861,#2862,#2863),(#2864,#2865,#2866,#2867),(#2868,#2869,#2870,#2871),(#2872,#2873,#2874,#2875),(#2876,#2877,#2878,#2879),(#2880,#2881,#2882,#2883),(#2884,#2885,#2886,#2887),(#2888,#2889,#2890,#2891),(#2892,#2893,#2894,#2895),(#2896,#2897,#2898,#2899),(#2900,#2901,#2902,#2903),(#2904,#2905,#2906,#2907),(#2908,#2909,#2910,#2911),(#2912,#2913,#2914,#2915),(#2916,#2917,#2918,#2919),(#2920,#2921,#2922,#2923),(#2924,#2925,#2926,#2927),(#2928,#2929,#2930,#2931),(#2932,#2933,#2934,#2935),(#2936,#2937,#2938,#2939),(#2940,#2941,#2942,#2943),(#2944,#2945,#2946,#2947),(#2948,#2949,#2950,#2951),(#2952,#2953,#2954,#2955),(#2956,#2957,#2958,#2959),(#2960,#2961,#2962,#2963),(#2964,#2965,#2966,#2967),(#2968,#2969,#2970,#2971)),.UNSPECIFIED.,.F.,.F.,.F.,(12,10,10,12),(4,4),(3.9892973047876,4.7123889803847,7.6047556827604,8.3278473583516),(-3.3768941488746E+02,6.7537882977492E+02),.UNSPECIFIED.);
#2844=CARTESIAN_POINT('Ctrl Pnt',(-6.3425449928017E+03,-8.1538777735034E+02,4.0768941488418E+02));
#2845=CARTESIAN_POINT('Ctrl Pnt',(-6.3425449928088E+03,-8.1538777734981E+02,6.9999999996766E+01));
#2846=CARTESIAN_POINT('Ctrl Pnt',(-6.3425449928168E+03,-8.1538777734962E+02,-2.6768941489065E+02));
#2847=CARTESIAN_POINT('Ctrl Pnt',(-6.3425449928236E+03,-8.1538777734897E+02,-6.0537882977807E+02));
#2848=CARTESIAN_POINT('Ctrl Pnt',(-6.3421661559084E+03,-8.1642862316058E+02,4.0768941488426E+02));
#2849=CARTESIAN_POINT('Ctrl Pnt',(-6.3421661559155E+03,-8.1642862316006E+02,6.9999999996843E+01));
#2850=CARTESIAN_POINT('Ctrl Pnt',(-6.3421661559234E+03,-8.1642862315983E+02,-2.6768941489058E+02));
#2851=CARTESIAN_POINT('Ctrl Pnt',(-6.3421661559303E+03,-8.1642862315923E+02,-6.0537882977801E+02));
#2852=CARTESIAN_POINT('Ctrl Pnt',(-6.3417873190151E+03,-8.1746946897082E+02,4.0768941488434E+02));
#2853=CARTESIAN_POINT('Ctrl Pnt',(-6.3417873190222E+03,-8.1746946897031E+02,6.9999999996919E+01));
#2854=CARTESIAN_POINT('Ctrl Pnt',(-6.3417873190301E+03,-8.1746946897005E+02,-2.6768941489051E+02));
#2855=CARTESIAN_POINT('Ctrl Pnt',(-6.3417873190370E+03,-8.1746946896948E+02,-6.0537882977794E+02));
#2856=CARTESIAN_POINT('Ctrl Pnt',(-6.3414084821218E+03,-8.1851031478105E+02,4.0768941488442E+02));
#2857=CARTESIAN_POINT('Ctrl Pnt',(-6.3414084821289E+03,-8.1851031478055E+02,6.9999999996996E+01));
#2858=CARTESIAN_POINT('Ctrl Pnt',(-6.3414084821367E+03,-8.1851031478027E+02,-2.6768941489043E+02));
#2859=CARTESIAN_POINT('Ctrl Pnt',(-6.3414084821437E+03,-8.1851031477972E+02,-6.0537882977787E+02));
#2860=CARTESIAN_POINT('Ctrl Pnt',(-6.3410296452284E+03,-8.1955116059128E+02,4.0768941488450E+02));
#2861=CARTESIAN_POINT('Ctrl Pnt',(-6.3410296452356E+03,-8.1955116059079E+02,6.9999999997073E+01));
#2862=CARTESIAN_POINT('Ctrl Pnt',(-6.3410296452434E+03,-8.1955116059048E+02,-2.6768941489036E+02));
#2863=CARTESIAN_POINT('Ctrl Pnt',(-6.3410296452504E+03,-8.1955116058997E+02,-6.0537882977780E+02));
#2864=CARTESIAN_POINT('Ctrl Pnt',(-6.3406508083351E+03,-8.2059200640151E+02,4.0768941488459E+02));
#2865=CARTESIAN_POINT('Ctrl Pnt',(-6.3406508083423E+03,-8.2059200640103E+02,6.9999999997149E+01));
#2866=CARTESIAN_POINT('Ctrl Pnt',(-6.3406508083501E+03,-8.2059200640070E+02,-2.6768941489029E+02));
#2867=CARTESIAN_POINT('Ctrl Pnt',(-6.3406508083571E+03,-8.2059200640021E+02,-6.0537882977773E+02));
#2868=CARTESIAN_POINT('Ctrl Pnt',(-6.3402719714418E+03,-8.2163285221174E+02,4.0768941488467E+02));
#2869=CARTESIAN_POINT('Ctrl Pnt',(-6.3402719714490E+03,-8.2163285221127E+02,6.9999999997226E+01));
#2870=CARTESIAN_POINT('Ctrl Pnt',(-6.3402719714567E+03,-8.2163285221091E+02,-2.6768941489021E+02));
#2871=CARTESIAN_POINT('Ctrl Pnt',(-6.3402719714638E+03,-8.2163285221044E+02,-6.0537882977766E+02));
#2872=CARTESIAN_POINT('Ctrl Pnt',(-6.3398931345485E+03,-8.2267369802196E+02,4.0768941488475E+02));
#2873=CARTESIAN_POINT('Ctrl Pnt',(-6.3398931345557E+03,-8.2267369802150E+02,6.9999999997303E+01));
#2874=CARTESIAN_POINT('Ctrl Pnt',(-6.3398931345634E+03,-8.2267369802113E+02,-2.6768941489014E+02));
#2875=CARTESIAN_POINT('Ctrl Pnt',(-6.3398931345705E+03,-8.2267369802068E+02,-6.0537882977759E+02));
#2876=CARTESIAN_POINT('Ctrl Pnt',(-6.3395142976552E+03,-8.2371454383219E+02,4.0768941488483E+02));
#2877=CARTESIAN_POINT('Ctrl Pnt',(-6.3395142976625E+03,-8.2371454383174E+02,6.9999999997379E+01));
#2878=CARTESIAN_POINT('Ctrl Pnt',(-6.3395142976700E+03,-8.2371454383135E+02,-2.6768941489007E+02));
#2879=CARTESIAN_POINT('Ctrl Pnt',(-6.3395142976772E+03,-8.2371454383091E+02,-6.0537882977752E+02));
#2880=CARTESIAN_POINT('Ctrl Pnt',(-6.3391354607619E+03,-8.2475538964241E+02,4.0768941488491E+02));
#2881=CARTESIAN_POINT('Ctrl Pnt',(-6.3391354607692E+03,-8.2475538964197E+02,6.9999999997456E+01));
#2882=CARTESIAN_POINT('Ctrl Pnt',(-6.3391354607767E+03,-8.2475538964156E+02,-2.6768941489000E+02));
#2883=CARTESIAN_POINT('Ctrl Pnt',(-6.3391354607839E+03,-8.2475538964113E+02,-6.0537882977745E+02));
#2884=CARTESIAN_POINT('Ctrl Pnt',(-6.3387566238685E+03,-8.2579623545262E+02,4.0768941488499E+02));
#2885=CARTESIAN_POINT('Ctrl Pnt',(-6.3387566238759E+03,-8.2579623545219E+02,6.9999999997533E+01));
#2886=CARTESIAN_POINT('Ctrl Pnt',(-6.3387566238833E+03,-8.2579623545178E+02,-2.6768941488992E+02));
#2887=CARTESIAN_POINT('Ctrl Pnt',(-6.3387566238906E+03,-8.2579623545136E+02,-6.0537882977738E+02));
#2888=CARTESIAN_POINT('Ctrl Pnt',(-6.3368624394020E+03,-8.3100046450369E+02,4.0768941488539E+02));
#2889=CARTESIAN_POINT('Ctrl Pnt',(-6.3368624394095E+03,-8.3100046450330E+02,6.9999999997916E+01));
#2890=CARTESIAN_POINT('Ctrl Pnt',(-6.3368624394166E+03,-8.3100046450285E+02,-2.6768941488956E+02));
#2891=CARTESIAN_POINT('Ctrl Pnt',(-6.3368624394242E+03,-8.3100046450243E+02,-6.0537882977703E+02));
#2892=CARTESIAN_POINT('Ctrl Pnt',(-6.3341428887426E+03,-8.3472555351841E+02,4.0768941488725E+02));
#2893=CARTESIAN_POINT('Ctrl Pnt',(-6.3341428887496E+03,-8.3472555351784E+02,6.9999999999861E+01));
#2894=CARTESIAN_POINT('Ctrl Pnt',(-6.3341428887579E+03,-8.3472555351757E+02,-2.6768941488755E+02));
#2895=CARTESIAN_POINT('Ctrl Pnt',(-6.3341428887643E+03,-8.3472555351710E+02,-6.0537882977495E+02));
#2896=CARTESIAN_POINT('Ctrl Pnt',(-6.3303599911762E+03,-8.3762535000477E+02,4.0768941489102E+02));
#2897=CARTESIAN_POINT('Ctrl Pnt',(-6.3303599911842E+03,-8.3762535000470E+02,7.0000000003406E+01));
#2898=CARTESIAN_POINT('Ctrl Pnt',(-6.3303599911893E+03,-8.3762535000390E+02,-2.6768941488411E+02));
#2899=CARTESIAN_POINT('Ctrl Pnt',(-6.3303599911992E+03,-8.3762535000360E+02,-6.0537882977175E+02));
#2900=CARTESIAN_POINT('Ctrl Pnt',(-6.3257945219270E+03,-8.3936377373985E+02,4.0768941489563E+02));
#2901=CARTESIAN_POINT('Ctrl Pnt',(-6.3257945219336E+03,-8.3936377373882E+02,7.0000000008424E+01));
#2902=CARTESIAN_POINT('Ctrl Pnt',(-6.3257945219447E+03,-8.3936377373905E+02,-2.6768941487904E+02));
#2903=CARTESIAN_POINT('Ctrl Pnt',(-6.3257945219476E+03,-8.3936377373843E+02,-6.0537882976614E+02));
#2904=CARTESIAN_POINT('Ctrl Pnt',(-6.3208461294086E+03,-8.3971351188591E+02,4.0768941490198E+02));
#2905=CARTESIAN_POINT('Ctrl Pnt',(-6.3208461294162E+03,-8.3971351188627E+02,7.0000000014203E+01));
#2906=CARTESIAN_POINT('Ctrl Pnt',(-6.3208461294193E+03,-8.3971351188501E+02,-2.6768941487311E+02));
#2907=CARTESIAN_POINT('Ctrl Pnt',(-6.3208461294323E+03,-8.3971351188484E+02,-6.0537882976112E+02));
#2908=CARTESIAN_POINT('Ctrl Pnt',(-6.3159844293784E+03,-8.3860358744067E+02,4.0768941490798E+02));
#2909=CARTESIAN_POINT('Ctrl Pnt',(-6.3159844293865E+03,-8.3860358743946E+02,7.0000000020836E+01));
#2910=CARTESIAN_POINT('Ctrl Pnt',(-6.3159844293972E+03,-8.3860358743988E+02,-2.6768941486691E+02));
#2911=CARTESIAN_POINT('Ctrl Pnt',(-6.3159844293994E+03,-8.3860358743921E+02,-6.0537882975371E+02));
#2912=CARTESIAN_POINT('Ctrl Pnt',(-6.3116780904453E+03,-8.3614099728093E+02,4.0768941491447E+02));
#2913=CARTESIAN_POINT('Ctrl Pnt',(-6.3116780904514E+03,-8.3614099728113E+02,7.0000000026748E+01));
#2914=CARTESIAN_POINT('Ctrl Pnt',(-6.3116780904570E+03,-8.3614099728005E+02,-2.6768941486039E+02));
#2915=CARTESIAN_POINT('Ctrl Pnt',(-6.3116780904678E+03,-8.3614099727981E+02,-6.0537882974844E+02));
#2916=CARTESIAN_POINT('Ctrl Pnt',(-6.3083193974268E+03,-8.3259349002423E+02,4.0768941491973E+02));
#2917=CARTESIAN_POINT('Ctrl Pnt',(-6.3083193974353E+03,-8.3259349002343E+02,7.0000000032432E+01));
#2918=CARTESIAN_POINT('Ctrl Pnt',(-6.3083193974433E+03,-8.3259349002340E+02,-2.6768941485526E+02));
#2919=CARTESIAN_POINT('Ctrl Pnt',(-6.3083193974490E+03,-8.3259349002288E+02,-6.0537882974234E+02));
#2920=CARTESIAN_POINT('Ctrl Pnt',(-6.3061697533622E+03,-8.2833929632054E+02,4.0768941492404E+02));
#2921=CARTESIAN_POINT('Ctrl Pnt',(-6.3061697533689E+03,-8.2833929632028E+02,7.0000000036513E+01));
#2922=CARTESIAN_POINT('Ctrl Pnt',(-6.3061697533762E+03,-8.2833929631970E+02,-2.6768941485083E+02));
#2923=CARTESIAN_POINT('Ctrl Pnt',(-6.3061697533842E+03,-8.2833929631931E+02,-6.0537882973846E+02));
#2924=CARTESIAN_POINT('Ctrl Pnt',(-6.3053362628962E+03,-8.2380304923787E+02,4.0768941492673E+02));
#2925=CARTESIAN_POINT('Ctrl Pnt',(-6.3053362629037E+03,-8.2380304923741E+02,7.0000000039285E+01));
#2926=CARTESIAN_POINT('Ctrl Pnt',(-6.3053362629111E+03,-8.2380304923702E+02,-2.6768941484820E+02));
#2927=CARTESIAN_POINT('Ctrl Pnt',(-6.3053362629183E+03,-8.2380304923659E+02,-6.0537882973562E+02));
#2928=CARTESIAN_POINT('Ctrl Pnt',(-6.3058882805565E+03,-8.1829240396594E+02,4.0768941492811E+02));
#2929=CARTESIAN_POINT('Ctrl Pnt',(-6.3058882805638E+03,-8.1829240396553E+02,7.0000000040649E+01));
#2930=CARTESIAN_POINT('Ctrl Pnt',(-6.3058882805712E+03,-8.1829240396510E+02,-2.6768941484680E+02));
#2931=CARTESIAN_POINT('Ctrl Pnt',(-6.3058882805786E+03,-8.1829240396468E+02,-6.0537882973427E+02));
#2932=CARTESIAN_POINT('Ctrl Pnt',(-6.3059986840886E+03,-8.1719027491156E+02,4.0768941492839E+02));
#2933=CARTESIAN_POINT('Ctrl Pnt',(-6.3059986840959E+03,-8.1719027491115E+02,7.0000000040922E+01));
#2934=CARTESIAN_POINT('Ctrl Pnt',(-6.3059986841032E+03,-8.1719027491071E+02,-2.6768941484652E+02));
#2935=CARTESIAN_POINT('Ctrl Pnt',(-6.3059986841107E+03,-8.1719027491029E+02,-6.0537882973400E+02));
#2936=CARTESIAN_POINT('Ctrl Pnt',(-6.3061090876206E+03,-8.1608814585717E+02,4.0768941492867E+02));
#2937=CARTESIAN_POINT('Ctrl Pnt',(-6.3061090876279E+03,-8.1608814585677E+02,7.0000000041194E+01));
#2938=CARTESIAN_POINT('Ctrl Pnt',(-6.3061090876353E+03,-8.1608814585633E+02,-2.6768941484624E+02));
#2939=CARTESIAN_POINT('Ctrl Pnt',(-6.3061090876427E+03,-8.1608814585591E+02,-6.0537882973373E+02));
#2940=CARTESIAN_POINT('Ctrl Pnt',(-6.3062194911527E+03,-8.1498601680279E+02,4.0768941492894E+02));
#2941=CARTESIAN_POINT('Ctrl Pnt',(-6.3062194911599E+03,-8.1498601680239E+02,7.0000000041467E+01));
#2942=CARTESIAN_POINT('Ctrl Pnt',(-6.3062194911673E+03,-8.1498601680194E+02,-2.6768941484596E+02));
#2943=CARTESIAN_POINT('Ctrl Pnt',(-6.3062194911748E+03,-8.1498601680153E+02,-6.0537882973346E+02));
#2944=CARTESIAN_POINT('Ctrl Pnt',(-6.3063298946848E+03,-8.1388388774841E+02,4.0768941492922E+02));
#2945=CARTESIAN_POINT('Ctrl Pnt',(-6.3063298946919E+03,-8.1388388774801E+02,7.0000000041740E+01));
#2946=CARTESIAN_POINT('Ctrl Pnt',(-6.3063298946993E+03,-8.1388388774756E+02,-2.6768941484568E+02));
#2947=CARTESIAN_POINT('Ctrl Pnt',(-6.3063298947068E+03,-8.1388388774715E+02,-6.0537882973319E+02));
#2948=CARTESIAN_POINT('Ctrl Pnt',(-6.3064402982168E+03,-8.1278175869403E+02,4.0768941492950E+02));
#2949=CARTESIAN_POINT('Ctrl Pnt',(-6.3064402982239E+03,-8.1278175869362E+02,7.0000000042013E+01));
#2950=CARTESIAN_POINT('Ctrl Pnt',(-6.3064402982313E+03,-8.1278175869317E+02,-2.6768941484540E+02));
#2951=CARTESIAN_POINT('Ctrl Pnt',(-6.3064402982389E+03,-8.1278175869276E+02,-6.0537882973293E+02));
#2952=CARTESIAN_POINT('Ctrl Pnt',(-6.3065507017489E+03,-8.1167962963964E+02,4.0768941492978E+02));
#2953=CARTESIAN_POINT('Ctrl Pnt',(-6.3065507017560E+03,-8.1167962963923E+02,7.0000000042286E+01));
#2954=CARTESIAN_POINT('Ctrl Pnt',(-6.3065507017633E+03,-8.1167962963878E+02,-2.6768941484512E+02));
#2955=CARTESIAN_POINT('Ctrl Pnt',(-6.3065507017709E+03,-8.1167962963838E+02,-6.0537882973266E+02));
#2956=CARTESIAN_POINT('Ctrl Pnt',(-6.3066611052810E+03,-8.1057750058526E+02,4.0768941493005E+02));
#2957=CARTESIAN_POINT('Ctrl Pnt',(-6.3066611052880E+03,-8.1057750058484E+02,7.0000000042558E+01));
#2958=CARTESIAN_POINT('Ctrl Pnt',(-6.3066611052954E+03,-8.1057750058440E+02,-2.6768941484484E+02));
#2959=CARTESIAN_POINT('Ctrl Pnt',(-6.3066611053030E+03,-8.1057750058399E+02,-6.0537882973239E+02));
#2960=CARTESIAN_POINT('Ctrl Pnt',(-6.3067715088130E+03,-8.0947537153088E+02,4.0768941493033E+02));
#2961=CARTESIAN_POINT('Ctrl Pnt',(-6.3067715088200E+03,-8.0947537153044E+02,7.0000000042831E+01));
#2962=CARTESIAN_POINT('Ctrl Pnt',(-6.3067715088274E+03,-8.0947537153001E+02,-2.6768941484456E+02));
#2963=CARTESIAN_POINT('Ctrl Pnt',(-6.3067715088350E+03,-8.0947537152961E+02,-6.0537882973212E+02));
#2964=CARTESIAN_POINT('Ctrl Pnt',(-6.3068819123451E+03,-8.0837324247650E+02,4.0768941493061E+02));
#2965=CARTESIAN_POINT('Ctrl Pnt',(-6.3068819123520E+03,-8.0837324247605E+02,7.0000000043104E+01));
#2966=CARTESIAN_POINT('Ctrl Pnt',(-6.3068819123594E+03,-8.0837324247562E+02,-2.6768941484428E+02));
#2967=CARTESIAN_POINT('Ctrl Pnt',(-6.3068819123671E+03,-8.0837324247522E+02,-6.0537882973185E+02));
#2968=CARTESIAN_POINT('Ctrl Pnt',(-6.3069923158772E+03,-8.0727111342211E+02,4.0768941493088E+02));
#2969=CARTESIAN_POINT('Ctrl Pnt',(-6.3069923158841E+03,-8.0727111342164E+02,7.0000000043377E+01));
#2970=CARTESIAN_POINT('Ctrl Pnt',(-6.3069923158914E+03,-8.0727111342123E+02,-2.6768941484400E+02));
#2971=CARTESIAN_POINT('Ctrl Pnt',(-6.3069923158991E+03,-8.0727111342083E+02,-6.0537882973158E+02));
#2842=OFFSET_SURFACE('',#2843,2.7700000000000,.F.);
#2972=FACE_OUTER_BOUND('',#2973,.T.);
#2973=EDGE_LOOP('',(#2974,#2975,#2980,#2981));
#2974=ORIENTED_EDGE('',*,*,#2788,.T.);
#2975=ORIENTED_EDGE('',*,*,#2976,.F.);
#2977=B_SPLINE_CURVE_WITH_KNOTS('',1,(#2978,#2979),.UNSPECIFIED.,.F.,.F.,(2,2),(-3.3768941488746E+02,6.7537882977492E+02),.UNSPECIFIED.);
#2978=CARTESIAN_POINT('Ctrl Pnt',(-6.3357748384156E+03,-8.2588968546593E+02,4.0768941488586E+02));
#2979=CARTESIAN_POINT('Ctrl Pnt',(-6.3357748384378E+03,-8.2588968546456E+02,-6.0537882977651E+02));
#2976=EDGE_CURVE('',#2535,#2585,#2977,.T.);
#2980=ORIENTED_EDGE('',*,*,#2543,.T.);
#2981=ORIENTED_EDGE('',*,*,#2982,.T.);
#2983=B_SPLINE_CURVE_WITH_KNOTS('',1,(#2984,#2985),.UNSPECIFIED.,.F.,.F.,(2,2),(-3.3768941488746E+02,6.7537882977492E+02),.UNSPECIFIED.);
#2984=CARTESIAN_POINT('Ctrl Pnt',(-6.3085340828010E+03,-8.1967063031722E+02,4.0768941492790E+02));
#2985=CARTESIAN_POINT('Ctrl Pnt',(-6.3085340828231E+03,-8.1967063031593E+02,-6.0537882973448E+02));
#2982=EDGE_CURVE('',#2544,#2671,#2983,.T.);
#2986=ADVANCED_FACE('',(#3057),#2987,.T.);
#2988=B_SPLINE_SURFACE_WITH_KNOTS('',6,3,((#2989,#2990,#2991,#2992),(#2993,#2994,#2995,#2996),(#2997,#2998,#2999,#3000),(#3001,#3002,#3003,#3004),(#3005,#3006,#3007,#3008),(#3009,#3010,#3011,#3012),(#3013,#3014,#3015,#3016),(#3017,#3018,#3019,#3020),(#3021,#3022,#3023,#3024),(#3025,#3026,#3027,#3028),(#3029,#3030,#3031,#3032),(#3033,#3034,#3035,#3036),(#3037,#3038,#3039,#3040),(#3041,#3042,#3043,#3044),(#3045,#3046,#3047,#3048),(#3049,#3050,#3051,#3052),(#3053,#3054,#3055,#3056)),.UNSPECIFIED.,.F.,.F.,.F.,(7,5,5,7),(4,4),(1.2592638864314,1.3215703755808,1.5707963321796,1.6331028213276),(-3.3768941488746E+02,6.7537882977492E+02),.UNSPECIFIED.);
#2989=CARTESIAN_POINT('Ctrl Pnt',(-6.3056732327259E+03,-8.2043916918079E+02,4.0768941492758E+02));
#2990=CARTESIAN_POINT('Ctrl Pnt',(-6.3056732327333E+03,-8.2043916918036E+02,7.0000000040115E+01));
#2991=CARTESIAN_POINT('Ctrl Pnt',(-6.3056732327407E+03,-8.2043916917995E+02,-2.6768941484734E+02));
#2992=CARTESIAN_POINT('Ctrl Pnt',(-6.3056732327480E+03,-8.2043916917952E+02,-6.0537882973481E+02));
#2993=CARTESIAN_POINT('Ctrl Pnt',(-6.3056906734424E+03,-8.2026506315404E+02,4.0768941492762E+02));
#2994=CARTESIAN_POINT('Ctrl Pnt',(-6.3056906734497E+03,-8.2026506315362E+02,7.0000000040159E+01));
#2995=CARTESIAN_POINT('Ctrl Pnt',(-6.3056906734571E+03,-8.2026506315320E+02,-2.6768941484730E+02));
#2996=CARTESIAN_POINT('Ctrl Pnt',(-6.3056906734645E+03,-8.2026506315278E+02,-6.0537882973476E+02));
#2997=CARTESIAN_POINT('Ctrl Pnt',(-6.3057081141588E+03,-8.2009095712730E+02,4.0768941492766E+02));
#2998=CARTESIAN_POINT('Ctrl Pnt',(-6.3057081141661E+03,-8.2009095712687E+02,7.0000000040202E+01));
#2999=CARTESIAN_POINT('Ctrl Pnt',(-6.3057081141735E+03,-8.2009095712645E+02,-2.6768941484726E+02));
#3000=CARTESIAN_POINT('Ctrl Pnt',(-6.3057081141809E+03,-8.2009095712603E+02,-6.0537882973472E+02));
#3001=CARTESIAN_POINT('Ctrl Pnt',(-6.3057255548752E+03,-8.1991685110055E+02,4.0768941492771E+02));
#3002=CARTESIAN_POINT('Ctrl Pnt',(-6.3057255548825E+03,-8.1991685110013E+02,7.0000000040246E+01));
#3003=CARTESIAN_POINT('Ctrl Pnt',(-6.3057255548899E+03,-8.1991685109971E+02,-2.6768941484721E+02));
#3004=CARTESIAN_POINT('Ctrl Pnt',(-6.3057255548973E+03,-8.1991685109929E+02,-6.0537882973468E+02));
#3005=CARTESIAN_POINT('Ctrl Pnt',(-6.3057429955916E+03,-8.1974274507381E+02,4.0768941492775E+02));
#3006=CARTESIAN_POINT('Ctrl Pnt',(-6.3057429955990E+03,-8.1974274507339E+02,7.0000000040289E+01));
#3007=CARTESIAN_POINT('Ctrl Pnt',(-6.3057429956064E+03,-8.1974274507297E+02,-2.6768941484717E+02));
#3008=CARTESIAN_POINT('Ctrl Pnt',(-6.3057429956137E+03,-8.1974274507254E+02,-6.0537882973463E+02));
#3009=CARTESIAN_POINT('Ctrl Pnt',(-6.3057604363080E+03,-8.1956863904707E+02,4.0768941492779E+02));
#3010=CARTESIAN_POINT('Ctrl Pnt',(-6.3057604363154E+03,-8.1956863904664E+02,7.0000000040333E+01));
#3011=CARTESIAN_POINT('Ctrl Pnt',(-6.3057604363228E+03,-8.1956863904622E+02,-2.6768941484713E+02));
#3012=CARTESIAN_POINT('Ctrl Pnt',(-6.3057604363301E+03,-8.1956863904580E+02,-6.0537882973459E+02));
#3013=CARTESIAN_POINT('Ctrl Pnt',(-6.3058476398901E+03,-8.1869810891334E+02,4.0768941492801E+02));
#3014=CARTESIAN_POINT('Ctrl Pnt',(-6.3058476398975E+03,-8.1869810891292E+02,7.0000000040550E+01));
#3015=CARTESIAN_POINT('Ctrl Pnt',(-6.3058476399048E+03,-8.1869810891250E+02,-2.6768941484691E+02));
#3016=CARTESIAN_POINT('Ctrl Pnt',(-6.3058476399122E+03,-8.1869810891208E+02,-6.0537882973436E+02));
#3017=CARTESIAN_POINT('Ctrl Pnt',(-6.3059521161485E+03,-8.1800516215101E+02,4.0768941492814E+02));
#3018=CARTESIAN_POINT('Ctrl Pnt',(-6.3059521161558E+03,-8.1800516215059E+02,7.0000000040681E+01));
#3019=CARTESIAN_POINT('Ctrl Pnt',(-6.3059521161633E+03,-8.1800516215016E+02,-2.6768941484678E+02));
#3020=CARTESIAN_POINT('Ctrl Pnt',(-6.3059521161706E+03,-8.1800516214975E+02,-6.0537882973425E+02));
#3021=CARTESIAN_POINT('Ctrl Pnt',(-6.3060910891400E+03,-8.1731785559430E+02,4.0768941492822E+02));
#3022=CARTESIAN_POINT('Ctrl Pnt',(-6.3060910891474E+03,-8.1731785559388E+02,7.0000000040767E+01));
#3023=CARTESIAN_POINT('Ctrl Pnt',(-6.3060910891546E+03,-8.1731785559347E+02,-2.6768941484669E+02));
#3024=CARTESIAN_POINT('Ctrl Pnt',(-6.3060910891621E+03,-8.1731785559303E+02,-6.0537882973414E+02));
#3025=CARTESIAN_POINT('Ctrl Pnt',(-6.3062641625168E+03,-8.1663833414391E+02,4.0768941492827E+02));
#3026=CARTESIAN_POINT('Ctrl Pnt',(-6.3062641625241E+03,-8.1663833414349E+02,7.0000000040808E+01));
#3027=CARTESIAN_POINT('Ctrl Pnt',(-6.3062641625316E+03,-8.1663833414306E+02,-2.6768941484665E+02));
#3028=CARTESIAN_POINT('Ctrl Pnt',(-6.3062641625389E+03,-8.1663833414264E+02,-6.0537882973412E+02));
#3029=CARTESIAN_POINT('Ctrl Pnt',(-6.3064707625137E+03,-8.1596870219632E+02,4.0768941492826E+02));
#3030=CARTESIAN_POINT('Ctrl Pnt',(-6.3064707625211E+03,-8.1596870219589E+02,7.0000000040804E+01));
#3031=CARTESIAN_POINT('Ctrl Pnt',(-6.3064707625284E+03,-8.1596870219548E+02,-2.6768941484665E+02));
#3032=CARTESIAN_POINT('Ctrl Pnt',(-6.3064707625358E+03,-8.1596870219505E+02,-6.0537882973411E+02));
#3033=CARTESIAN_POINT('Ctrl Pnt',(-6.3067699914788E+03,-8.1514657738530E+02,4.0768941492820E+02));
#3034=CARTESIAN_POINT('Ctrl Pnt',(-6.3067699914862E+03,-8.1514657738487E+02,7.0000000040744E+01));
#3035=CARTESIAN_POINT('Ctrl Pnt',(-6.3067699914935E+03,-8.1514657738445E+02,-2.6768941484671E+02));
#3036=CARTESIAN_POINT('Ctrl Pnt',(-6.3067699915009E+03,-8.1514657738403E+02,-6.0537882973417E+02));
#3037=CARTESIAN_POINT('Ctrl Pnt',(-6.3068298372718E+03,-8.1498215242309E+02,4.0768941492819E+02));
#3038=CARTESIAN_POINT('Ctrl Pnt',(-6.3068298372792E+03,-8.1498215242267E+02,7.0000000040732E+01));
#3039=CARTESIAN_POINT('Ctrl Pnt',(-6.3068298372866E+03,-8.1498215242225E+02,-2.6768941484673E+02));
#3040=CARTESIAN_POINT('Ctrl Pnt',(-6.3068298372939E+03,-8.1498215242183E+02,-6.0537882973419E+02));
#3041=CARTESIAN_POINT('Ctrl Pnt',(-6.3068896830648E+03,-8.1481772746089E+02,4.0768941492818E+02));
#3042=CARTESIAN_POINT('Ctrl Pnt',(-6.3068896830722E+03,-8.1481772746046E+02,7.0000000040720E+01));
#3043=CARTESIAN_POINT('Ctrl Pnt',(-6.3068896830796E+03,-8.1481772746005E+02,-2.6768941484674E+02));
#3044=CARTESIAN_POINT('Ctrl Pnt',(-6.3068896830869E+03,-8.1481772745962E+02,-6.0537882973420E+02));
#3045=CARTESIAN_POINT('Ctrl Pnt',(-6.3069495288578E+03,-8.1465330249868E+02,4.0768941492817E+02));
#3046=CARTESIAN_POINT('Ctrl Pnt',(-6.3069495288652E+03,-8.1465330249826E+02,7.0000000040708E+01));
#3047=CARTESIAN_POINT('Ctrl Pnt',(-6.3069495288726E+03,-8.1465330249785E+02,-2.6768941484675E+02));
#3048=CARTESIAN_POINT('Ctrl Pnt',(-6.3069495288800E+03,-8.1465330249742E+02,-6.0537882973421E+02));
#3049=CARTESIAN_POINT('Ctrl Pnt',(-6.3070093746509E+03,-8.1448887753648E+02,4.0768941492816E+02));
#3050=CARTESIAN_POINT('Ctrl Pnt',(-6.3070093746582E+03,-8.1448887753604E+02,7.0000000040696E+01));
#3051=CARTESIAN_POINT('Ctrl Pnt',(-6.3070093746657E+03,-8.1448887753565E+02,-2.6768941484676E+02));
#3052=CARTESIAN_POINT('Ctrl Pnt',(-6.3070093746730E+03,-8.1448887753521E+02,-6.0537882973422E+02));
#3053=CARTESIAN_POINT('Ctrl Pnt',(-6.3070692204439E+03,-8.1432445257427E+02,4.0768941492814E+02));
#3054=CARTESIAN_POINT('Ctrl Pnt',(-6.3070692204512E+03,-8.1432445257383E+02,7.0000000040684E+01));
#3055=CARTESIAN_POINT('Ctrl Pnt',(-6.3070692204587E+03,-8.1432445257345E+02,-2.6768941484677E+02));
#3056=CARTESIAN_POINT('Ctrl Pnt',(-6.3070692204660E+03,-8.1432445257301E+02,-6.0537882973424E+02));
#2987=OFFSET_SURFACE('',#2988,2.7700000000000,.F.);
#3057=FACE_OUTER_BOUND('',#3058,.T.);
#3058=EDGE_LOOP('',(#3059,#3060,#3061,#3062));
#3059=ORIENTED_EDGE('',*,*,#2670,.T.);
#3060=ORIENTED_EDGE('',*,*,#2982,.F.);
#3061=ORIENTED_EDGE('',*,*,#2552,.T.);
#3062=ORIENTED_EDGE('',*,*,#3063,.T.);
#3064=B_SPLINE_CURVE_WITH_KNOTS('',1,(#3065,#3066),.UNSPECIFIED.,.F.,.F.,(2,2),(-3.3768941488746E+02,6.7537882977492E+02),.UNSPECIFIED.);
#3065=CARTESIAN_POINT('Ctrl Pnt',(-6.3093130942402E+03,-8.1625839815870E+02,4.0768941492912E+02));
#3066=CARTESIAN_POINT('Ctrl Pnt',(-6.3093130942623E+03,-8.1625839815731E+02,-6.0537882973326E+02));
#3063=EDGE_CURVE('',#2553,#2587,#3064,.T.);
#3067=ADVANCED_FACE('',(#3198),#3068,.T.);
#3069=B_SPLINE_SURFACE_WITH_KNOTS('',11,3,((#3070,#3071,#3072,#3073),(#3074,#3075,#3076,#3077),(#3078,#3079,#3080,#3081),(#3082,#3083,#3084,#3085),(#3086,#3087,#3088,#3089),(#3090,#3091,#3092,#3093),(#3094,#3095,#3096,#3097),(#3098,#3099,#3100,#3101),(#3102,#3103,#3104,#3105),(#3106,#3107,#3108,#3109),(#3110,#3111,#3112,#3113),(#3114,#3115,#3116,#3117),(#3118,#3119,#3120,#3121),(#3122,#3123,#3124,#3125),(#3126,#3127,#3128,#3129),(#3130,#3131,#3132,#3133),(#3134,#3135,#3136,#3137),(#3138,#3139,#3140,#3141),(#3142,#3143,#3144,#3145),(#3146,#3147,#3148,#3149),(#3150,#3151,#3152,#3153),(#3154,#3155,#3156,#3157),(#3158,#3159,#3160,#3161),(#3162,#3163,#3164,#3165),(#3166,#3167,#3168,#3169),(#3170,#3171,#3172,#3173),(#3174,#3175,#3176,#3177),(#3178,#3179,#3180,#3181),(#3182,#3183,#3184,#3185),(#3186,#3187,#3188,#3189),(#3190,#3191,#3192,#3193),(#3194,#3195,#3196,#3197)),.UNSPECIFIED.,.F.,.F.,.F.,(12,10,10,12),(4,4),(7.8539817014530E-01,1.5707963321796,4.7123889803847,5.4977871424241),(-3.3768941488746E+02,6.7537882977492E+02),.UNSPECIFIED.);
#3070=CARTESIAN_POINT('Ctrl Pnt',(-6.3021838650539E+03,-8.2774685596776E+02,4.0768941492992E+02));
#3071=CARTESIAN_POINT('Ctrl Pnt',(-6.3021838650607E+03,-8.2774685596710E+02,7.0000000042514E+01));
#3072=CARTESIAN_POINT('Ctrl Pnt',(-6.3021838650693E+03,-8.2774685596715E+02,-2.6768941484495E+02));
#3073=CARTESIAN_POINT('Ctrl Pnt',(-6.3021838650755E+03,-8.2774685596629E+02,-6.0537882973232E+02));
#3074=CARTESIAN_POINT('Ctrl Pnt',(-6.3025953451114E+03,-8.2661632382044E+02,4.0768941492984E+02));
#3075=CARTESIAN_POINT('Ctrl Pnt',(-6.3025953451182E+03,-8.2661632381982E+02,7.0000000042432E+01));
#3076=CARTESIAN_POINT('Ctrl Pnt',(-6.3025953451267E+03,-8.2661632381979E+02,-2.6768941484504E+02));
#3077=CARTESIAN_POINT('Ctrl Pnt',(-6.3025953451330E+03,-8.2661632381900E+02,-6.0537882973241E+02));
#3078=CARTESIAN_POINT('Ctrl Pnt',(-6.3030068251688E+03,-8.2548579167313E+02,4.0768941492977E+02));
#3079=CARTESIAN_POINT('Ctrl Pnt',(-6.3030068251757E+03,-8.2548579167255E+02,7.0000000042349E+01));
#3080=CARTESIAN_POINT('Ctrl Pnt',(-6.3030068251841E+03,-8.2548579167244E+02,-2.6768941484512E+02));
#3081=CARTESIAN_POINT('Ctrl Pnt',(-6.3030068251905E+03,-8.2548579167172E+02,-6.0537882973250E+02));
#3082=CARTESIAN_POINT('Ctrl Pnt',(-6.3034183052263E+03,-8.2435525952583E+02,4.0768941492969E+02));
#3083=CARTESIAN_POINT('Ctrl Pnt',(-6.3034183052332E+03,-8.2435525952527E+02,7.0000000042267E+01));
#3084=CARTESIAN_POINT('Ctrl Pnt',(-6.3034183052415E+03,-8.2435525952509E+02,-2.6768941484520E+02));
#3085=CARTESIAN_POINT('Ctrl Pnt',(-6.3034183052480E+03,-8.2435525952444E+02,-6.0537882973259E+02));
#3086=CARTESIAN_POINT('Ctrl Pnt',(-6.3038297852837E+03,-8.2322472737852E+02,4.0768941492961E+02));
#3087=CARTESIAN_POINT('Ctrl Pnt',(-6.3038297852907E+03,-8.2322472737800E+02,7.0000000042184E+01));
#3088=CARTESIAN_POINT('Ctrl Pnt',(-6.3038297852989E+03,-8.2322472737776E+02,-2.6768941484528E+02));
#3089=CARTESIAN_POINT('Ctrl Pnt',(-6.3038297853055E+03,-8.2322472737716E+02,-6.0537882973268E+02));
#3090=CARTESIAN_POINT('Ctrl Pnt',(-6.3042412653412E+03,-8.2209419523122E+02,4.0768941492953E+02));
#3091=CARTESIAN_POINT('Ctrl Pnt',(-6.3042412653482E+03,-8.2209419523072E+02,7.0000000042101E+01));
#3092=CARTESIAN_POINT('Ctrl Pnt',(-6.3042412653563E+03,-8.2209419523043E+02,-2.6768941484536E+02));
#3093=CARTESIAN_POINT('Ctrl Pnt',(-6.3042412653630E+03,-8.2209419522988E+02,-6.0537882973277E+02));
#3094=CARTESIAN_POINT('Ctrl Pnt',(-6.3046527453986E+03,-8.2096366308393E+02,4.0768941492945E+02));
#3095=CARTESIAN_POINT('Ctrl Pnt',(-6.3046527454057E+03,-8.2096366308345E+02,7.0000000042019E+01));
#3096=CARTESIAN_POINT('Ctrl Pnt',(-6.3046527454137E+03,-8.2096366308311E+02,-2.6768941484544E+02));
#3097=CARTESIAN_POINT('Ctrl Pnt',(-6.3046527454204E+03,-8.2096366308260E+02,-6.0537882973286E+02));
#3098=CARTESIAN_POINT('Ctrl Pnt',(-6.3050642254560E+03,-8.1983313093664E+02,4.0768941492938E+02));
#3099=CARTESIAN_POINT('Ctrl Pnt',(-6.3050642254632E+03,-8.1983313093617E+02,7.0000000041936E+01));
#3100=CARTESIAN_POINT('Ctrl Pnt',(-6.3050642254710E+03,-8.1983313093581E+02,-2.6768941484553E+02));
#3101=CARTESIAN_POINT('Ctrl Pnt',(-6.3050642254779E+03,-8.1983313093533E+02,-6.0537882973295E+02));
#3102=CARTESIAN_POINT('Ctrl Pnt',(-6.3054757055135E+03,-8.1870259878935E+02,4.0768941492930E+02));
#3103=CARTESIAN_POINT('Ctrl Pnt',(-6.3054757055207E+03,-8.1870259878890E+02,7.0000000041854E+01));
#3104=CARTESIAN_POINT('Ctrl Pnt',(-6.3054757055284E+03,-8.1870259878850E+02,-2.6768941484561E+02));
#3105=CARTESIAN_POINT('Ctrl Pnt',(-6.3054757055354E+03,-8.1870259878805E+02,-6.0537882973304E+02));
#3106=CARTESIAN_POINT('Ctrl Pnt',(-6.3058871855709E+03,-8.1757206664206E+02,4.0768941492922E+02));
#3107=CARTESIAN_POINT('Ctrl Pnt',(-6.3058871855782E+03,-8.1757206664162E+02,7.0000000041771E+01));
#3108=CARTESIAN_POINT('Ctrl Pnt',(-6.3058871855858E+03,-8.1757206664121E+02,-2.6768941484569E+02));
#3109=CARTESIAN_POINT('Ctrl Pnt',(-6.3058871855929E+03,-8.1757206664078E+02,-6.0537882973313E+02));
#3110=CARTESIAN_POINT('Ctrl Pnt',(-6.3062986656283E+03,-8.1644153449478E+02,4.0768941492914E+02));
#3111=CARTESIAN_POINT('Ctrl Pnt',(-6.3062986656357E+03,-8.1644153449435E+02,7.0000000041689E+01));
#3112=CARTESIAN_POINT('Ctrl Pnt',(-6.3062986656432E+03,-8.1644153449393E+02,-2.6768941484577E+02));
#3113=CARTESIAN_POINT('Ctrl Pnt',(-6.3062986656504E+03,-8.1644153449350E+02,-6.0537882973322E+02));
#3114=CARTESIAN_POINT('Ctrl Pnt',(-6.3083560659155E+03,-8.1078887375828E+02,4.0768941492875E+02));
#3115=CARTESIAN_POINT('Ctrl Pnt',(-6.3083560659232E+03,-8.1078887375788E+02,7.0000000041276E+01));
#3116=CARTESIAN_POINT('Ctrl Pnt',(-6.3083560659300E+03,-8.1078887375745E+02,-2.6768941484618E+02));
#3117=CARTESIAN_POINT('Ctrl Pnt',(-6.3083560659379E+03,-8.1078887375704E+02,-6.0537882973367E+02));
#3118=CARTESIAN_POINT('Ctrl Pnt',(-6.3114226546378E+03,-8.0678382662230E+02,4.0768941492638E+02));
#3119=CARTESIAN_POINT('Ctrl Pnt',(-6.3114226546440E+03,-8.0678382662180E+02,7.0000000038999E+01));
#3120=CARTESIAN_POINT('Ctrl Pnt',(-6.3114226546537E+03,-8.0678382662139E+02,-2.6768941484847E+02));
#3121=CARTESIAN_POINT('Ctrl Pnt',(-6.3114226546590E+03,-8.0678382662091E+02,-6.0537882973580E+02));
#3122=CARTESIAN_POINT('Ctrl Pnt',(-6.3157294174221E+03,-8.0379176427532E+02,4.0768941492249E+02));
#3123=CARTESIAN_POINT('Ctrl Pnt',(-6.3157294174324E+03,-8.0379176427511E+02,7.0000000034860E+01));
#3124=CARTESIAN_POINT('Ctrl Pnt',(-6.3157294174339E+03,-8.0379176427463E+02,-2.6768941485258E+02));
#3125=CARTESIAN_POINT('Ctrl Pnt',(-6.3157294174466E+03,-8.0379176427436E+02,-6.0537882974035E+02));
#3126=CARTESIAN_POINT('Ctrl Pnt',(-6.3209011126806E+03,-8.0223773051310E+02,4.0768941491623E+02));
#3127=CARTESIAN_POINT('Ctrl Pnt',(-6.3209011126830E+03,-8.0223773051228E+02,7.0000000029034E+01));
#3128=CARTESIAN_POINT('Ctrl Pnt',(-6.3209011127006E+03,-8.0223773051203E+02,-2.6768941485844E+02));
#3129=CARTESIAN_POINT('Ctrl Pnt',(-6.3209011126987E+03,-8.0223773051130E+02,-6.0537882974540E+02));
#3130=CARTESIAN_POINT('Ctrl Pnt',(-6.3263995829298E+03,-8.0238841550124E+02,4.0768941491008E+02));
#3131=CARTESIAN_POINT('Ctrl Pnt',(-6.3263995829437E+03,-8.0238841550135E+02,7.0000000022339E+01));
#3132=CARTESIAN_POINT('Ctrl Pnt',(-6.3263995829376E+03,-8.0238841550064E+02,-2.6768941486513E+02));
#3133=CARTESIAN_POINT('Ctrl Pnt',(-6.3263995829573E+03,-8.0238841550067E+02,-6.0537882975319E+02));
#3134=CARTESIAN_POINT('Ctrl Pnt',(-6.3316012818179E+03,-8.0428167908058E+02,4.0768941490234E+02));
#3135=CARTESIAN_POINT('Ctrl Pnt',(-6.3316012818188E+03,-8.0428167907962E+02,7.0000000015111E+01));
#3136=CARTESIAN_POINT('Ctrl Pnt',(-6.3316012818395E+03,-8.0428167907954E+02,-2.6768941487230E+02));
#3137=CARTESIAN_POINT('Ctrl Pnt',(-6.3316012818346E+03,-8.0428167907863E+02,-6.0537882975920E+02));
#3138=CARTESIAN_POINT('Ctrl Pnt',(-6.3359102128218E+03,-8.0770059625285E+02,4.0768941489630E+02));
#3139=CARTESIAN_POINT('Ctrl Pnt',(-6.3359102128340E+03,-8.0770059625281E+02,7.0000000008693E+01));
#3140=CARTESIAN_POINT('Ctrl Pnt',(-6.3359102128315E+03,-8.0770059625212E+02,-2.6768941487883E+02));
#3141=CARTESIAN_POINT('Ctrl Pnt',(-6.3359102128481E+03,-8.0770059625208E+02,-6.0537882976669E+02));
#3142=CARTESIAN_POINT('Ctrl Pnt',(-6.3388730475659E+03,-8.1221535683147E+02,4.0768941489065E+02));
#3143=CARTESIAN_POINT('Ctrl Pnt',(-6.3388730475705E+03,-8.1221535683084E+02,7.0000000003265E+01));
#3144=CARTESIAN_POINT('Ctrl Pnt',(-6.3388730475834E+03,-8.1221535683058E+02,-2.6768941488414E+02));
#3145=CARTESIAN_POINT('Ctrl Pnt',(-6.3388730475856E+03,-8.1221535682993E+02,-6.0537882977138E+02));
#3146=CARTESIAN_POINT('Ctrl Pnt',(-6.3402489586323E+03,-8.1727574332791E+02,4.0768941488724E+02));
#3147=CARTESIAN_POINT('Ctrl Pnt',(-6.3402489586408E+03,-8.1727574332756E+02,6.9999999999750E+01));
#3148=CARTESIAN_POINT('Ctrl Pnt',(-6.3402489586459E+03,-8.1727574332708E+02,-2.6768941488773E+02));
#3149=CARTESIAN_POINT('Ctrl Pnt',(-6.3402489586554E+03,-8.1727574332675E+02,-6.0537882977528E+02));
#3150=CARTESIAN_POINT('Ctrl Pnt',(-6.3400237071804E+03,-8.2231495266473E+02,4.0768941488558E+02));
#3151=CARTESIAN_POINT('Ctrl Pnt',(-6.3400237071875E+03,-8.2231495266429E+02,6.9999999998123E+01));
#3152=CARTESIAN_POINT('Ctrl Pnt',(-6.3400237071954E+03,-8.2231495266388E+02,-2.6768941488933E+02));
#3153=CARTESIAN_POINT('Ctrl Pnt',(-6.3400237072023E+03,-8.2231495266343E+02,-6.0537882977677E+02));
#3154=CARTESIAN_POINT('Ctrl Pnt',(-6.3379663069239E+03,-8.2796761341235E+02,4.0768941488600E+02));
#3155=CARTESIAN_POINT('Ctrl Pnt',(-6.3379663069314E+03,-8.2796761341193E+02,6.9999999998543E+01));
#3156=CARTESIAN_POINT('Ctrl Pnt',(-6.3379663069386E+03,-8.2796761341151E+02,-2.6768941488892E+02));
#3157=CARTESIAN_POINT('Ctrl Pnt',(-6.3379663069461E+03,-8.2796761341109E+02,-6.0537882977638E+02));
#3158=CARTESIAN_POINT('Ctrl Pnt',(-6.3375548268726E+03,-8.2909814556187E+02,4.0768941488609E+02));
#3159=CARTESIAN_POINT('Ctrl Pnt',(-6.3375548268802E+03,-8.2909814556146E+02,6.9999999998627E+01));
#3160=CARTESIAN_POINT('Ctrl Pnt',(-6.3375548268873E+03,-8.2909814556102E+02,-2.6768941488883E+02));
#3161=CARTESIAN_POINT('Ctrl Pnt',(-6.3375548268949E+03,-8.2909814556062E+02,-6.0537882977630E+02));
#3162=CARTESIAN_POINT('Ctrl Pnt',(-6.3371433468214E+03,-8.3022867771139E+02,4.0768941488618E+02));
#3163=CARTESIAN_POINT('Ctrl Pnt',(-6.3371433468289E+03,-8.3022867771099E+02,6.9999999998711E+01));
#3164=CARTESIAN_POINT('Ctrl Pnt',(-6.3371433468359E+03,-8.3022867771053E+02,-2.6768941488875E+02));
#3165=CARTESIAN_POINT('Ctrl Pnt',(-6.3371433468436E+03,-8.3022867771015E+02,-6.0537882977623E+02));
#3166=CARTESIAN_POINT('Ctrl Pnt',(-6.3367318667701E+03,-8.3135920986091E+02,4.0768941488626E+02));
#3167=CARTESIAN_POINT('Ctrl Pnt',(-6.3367318667777E+03,-8.3135920986053E+02,6.9999999998795E+01));
#3168=CARTESIAN_POINT('Ctrl Pnt',(-6.3367318667846E+03,-8.3135920986005E+02,-2.6768941488867E+02));
#3169=CARTESIAN_POINT('Ctrl Pnt',(-6.3367318667924E+03,-8.3135920985969E+02,-6.0537882977615E+02));
#3170=CARTESIAN_POINT('Ctrl Pnt',(-6.3363203867188E+03,-8.3248974201044E+02,4.0768941488635E+02));
#3171=CARTESIAN_POINT('Ctrl Pnt',(-6.3363203867265E+03,-8.3248974201008E+02,6.9999999998879E+01));
#3172=CARTESIAN_POINT('Ctrl Pnt',(-6.3363203867332E+03,-8.3248974200956E+02,-2.6768941488859E+02));
#3173=CARTESIAN_POINT('Ctrl Pnt',(-6.3363203867412E+03,-8.3248974200923E+02,-6.0537882977607E+02));
#3174=CARTESIAN_POINT('Ctrl Pnt',(-6.3359089066675E+03,-8.3362027415997E+02,4.0768941488643E+02));
#3175=CARTESIAN_POINT('Ctrl Pnt',(-6.3359089066752E+03,-8.3362027415963E+02,6.9999999998963E+01));
#3176=CARTESIAN_POINT('Ctrl Pnt',(-6.3359089066819E+03,-8.3362027415907E+02,-2.6768941488850E+02));
#3177=CARTESIAN_POINT('Ctrl Pnt',(-6.3359089066899E+03,-8.3362027415879E+02,-6.0537882977600E+02));
#3178=CARTESIAN_POINT('Ctrl Pnt',(-6.3354974266162E+03,-8.3475080630951E+02,4.0768941488652E+02));
#3179=CARTESIAN_POINT('Ctrl Pnt',(-6.3354974266240E+03,-8.3475080630919E+02,6.9999999999047E+01));
#3180=CARTESIAN_POINT('Ctrl Pnt',(-6.3354974266305E+03,-8.3475080630858E+02,-2.6768941488842E+02));
#3181=CARTESIAN_POINT('Ctrl Pnt',(-6.3354974266387E+03,-8.3475080630834E+02,-6.0537882977592E+02));
#3182=CARTESIAN_POINT('Ctrl Pnt',(-6.3350859465649E+03,-8.3588133845905E+02,4.0768941488660E+02));
#3183=CARTESIAN_POINT('Ctrl Pnt',(-6.3350859465728E+03,-8.3588133845876E+02,6.9999999999131E+01));
#3184=CARTESIAN_POINT('Ctrl Pnt',(-6.3350859465792E+03,-8.3588133845810E+02,-2.6768941488834E+02));
#3185=CARTESIAN_POINT('Ctrl Pnt',(-6.3350859465874E+03,-8.3588133845791E+02,-6.0537882977584E+02));
#3186=CARTESIAN_POINT('Ctrl Pnt',(-6.3346744665136E+03,-8.3701187060859E+02,4.0768941488669E+02));
#3187=CARTESIAN_POINT('Ctrl Pnt',(-6.3346744665215E+03,-8.3701187060834E+02,6.9999999999215E+01));
#3188=CARTESIAN_POINT('Ctrl Pnt',(-6.3346744665278E+03,-8.3701187060761E+02,-2.6768941488825E+02));
#3189=CARTESIAN_POINT('Ctrl Pnt',(-6.3346744665362E+03,-8.3701187060748E+02,-6.0537882977576E+02));
#3190=CARTESIAN_POINT('Ctrl Pnt',(-6.3342629864623E+03,-8.3814240275814E+02,4.0768941488677E+02));
#3191=CARTESIAN_POINT('Ctrl Pnt',(-6.3342629864703E+03,-8.3814240275793E+02,6.9999999999299E+01));
#3192=CARTESIAN_POINT('Ctrl Pnt',(-6.3342629864765E+03,-8.3814240275712E+02,-2.6768941488817E+02));
#3193=CARTESIAN_POINT('Ctrl Pnt',(-6.3342629864849E+03,-8.3814240275706E+02,-6.0537882977569E+02));
#3194=CARTESIAN_POINT('Ctrl Pnt',(-6.3338515064110E+03,-8.3927293490769E+02,4.0768941488686E+02));
#3195=CARTESIAN_POINT('Ctrl Pnt',(-6.3338515064190E+03,-8.3927293490752E+02,6.9999999999383E+01));
#3196=CARTESIAN_POINT('Ctrl Pnt',(-6.3338515064251E+03,-8.3927293490664E+02,-2.6768941488809E+02));
#3197=CARTESIAN_POINT('Ctrl Pnt',(-6.3338515064337E+03,-8.3927293490665E+02,-6.0537882977561E+02));
#3068=OFFSET_SURFACE('',#3069,2.7700000000000,.F.);
#3198=FACE_OUTER_BOUND('',#3199,.T.);
#3199=EDGE_LOOP('',(#3200,#3201,#3202,#3203));
#3200=ORIENTED_EDGE('',*,*,#2584,.T.);
#3201=ORIENTED_EDGE('',*,*,#3063,.F.);
#3202=ORIENTED_EDGE('',*,*,#2561,.T.);
#3203=ORIENTED_EDGE('',*,*,#2976,.T.);
#22=CLOSED_SHELL('',(#23,#81,#157,#202,#222,#249,#283,#327,#372,#407,#435,#456,#483,#616,#733,#834,#878,#1002,#1111,#1205,#1245,#1275,#1304,#1350,#1489,#1606,#1713,#1748,#1776,#1797,#1922,#2029,#2124,#2170,#2216,#2257,#2286,#2314,#2348,#2376,#2398,#2450,#2481,#2524,#2570,#2841,#2986,#3067));
#21=MANIFOLD_SOLID_BREP('',#22);
#20=ADVANCED_BREP_SHAPE_REPRESENTATION('',(#3,#21),#19);
#3204=SHAPE_REPRESENTATION_RELATIONSHIP('','',#14,#20);
ENDSEC;
END-ISO-10303-21;
