ISO-10303-21;
HEADER;
FILE_DESCRIPTION(('FreeCAD Model'),'2;1');
FILE_NAME('Open CASCADE Shape Model','2021-02-21T18:46:52',('Author'),(
    ''),'Open CASCADE STEP processor 7.4','FreeCAD','Unknown');
FILE_SCHEMA(('AUTOMOTIVE_DESIGN { 1 0 10303 214 1 1 1 1 }'));
ENDSEC;
DATA;
#1 = APPLICATION_PROTOCOL_DEFINITION('international standard',
  'automotive_design',2000,#2);
#2 = APPLICATION_CONTEXT(
  'core data for automotive mechanical design processes');
#3 = SHAPE_DEFINITION_REPRESENTATION(#4,#10);
#4 = PRODUCT_DEFINITION_SHAPE('','',#5);
#5 = PRODUCT_DEFINITION('design','',#6,#9);
#6 = PRODUCT_DEFINITION_FORMATION('','',#7);
#7 = PRODUCT('Nozzel','Nozzel','',(#8));
#8 = PRODUCT_CONTEXT('',#2,'mechanical');
#9 = PRODUCT_DEFINITION_CONTEXT('part definition',#2,'design');
#10 = ADVANCED_BREP_SHAPE_REPRESENTATION('',(#11,#15),#5292);
#11 = AXIS2_PLACEMENT_3D('',#12,#13,#14);
#12 = CARTESIAN_POINT('',(0.,0.,0.));
#13 = DIRECTION('',(0.,0.,1.));
#14 = DIRECTION('',(1.,0.,-0.));
#15 = MANIFOLD_SOLID_BREP('',#16);
#16 = CLOSED_SHELL('',(#17,#110,#165,#204,#243,#302,#1186,#1242,#1297,
    #1488,#1526,#1581,#2062,#2498,#2553,#2588,#2623,#2778,#2833,#2888,
    #2943,#3036,#3081,#3136,#3171,#3206,#3211,#3269,#3324,#3646,#3701,
    #3736,#3762,#3767,#3822,#3877,#3932,#3987,#4045,#4100,#4155,#4213,
    #4268,#4323,#4378,#4433,#4491,#4546,#4601,#4659,#4714,#4769,#4824,
    #4879,#4937,#4992,#5047,#5105,#5160,#5215,#5265));
#17 = ADVANCED_FACE('',(#18),#31,.F.);
#18 = FACE_BOUND('',#19,.F.);
#19 = EDGE_LOOP('',(#20,#58,#82,#109));
#20 = ORIENTED_EDGE('',*,*,#21,.T.);
#21 = EDGE_CURVE('',#22,#22,#24,.T.);
#22 = VERTEX_POINT('',#23);
#23 = CARTESIAN_POINT('',(249.23463706832,293.,0.));
#24 = SURFACE_CURVE('',#25,(#30,#46),.PCURVE_S1.);
#25 = CIRCLE('',#26,293.);
#26 = AXIS2_PLACEMENT_3D('',#27,#28,#29);
#27 = CARTESIAN_POINT('',(249.23463706832,0.,0.));
#28 = DIRECTION('',(1.,0.,0.));
#29 = DIRECTION('',(0.,1.,0.));
#30 = PCURVE('',#31,#40);
#31 = SURFACE_OF_REVOLUTION('',#32,#37);
#32 = PARABOLA('',#33,616.67042160985);
#33 = AXIS2_PLACEMENT_3D('',#34,#35,#36);
#34 = CARTESIAN_POINT('',(-443.9800140988,-551.443083768,0.));
#35 = DIRECTION('',(-0.,0.,1.));
#36 = DIRECTION('',(0.955805440765,-0.293999930958,0.));
#37 = AXIS1_PLACEMENT('',#38,#39);
#38 = CARTESIAN_POINT('',(0.,0.,0.));
#39 = DIRECTION('',(1.,0.,0.));
#40 = DEFINITIONAL_REPRESENTATION('',(#41),#45);
#41 = LINE('',#42,#43);
#42 = CARTESIAN_POINT('',(0.,1.010928353465E+03));
#43 = VECTOR('',#44,1.);
#44 = DIRECTION('',(1.,0.));
#45 = ( GEOMETRIC_REPRESENTATION_CONTEXT(2) 
PARAMETRIC_REPRESENTATION_CONTEXT() REPRESENTATION_CONTEXT('2D SPACE',''
  ) );
#46 = PCURVE('',#47,#52);
#47 = CYLINDRICAL_SURFACE('',#48,293.);
#48 = AXIS2_PLACEMENT_3D('',#49,#50,#51);
#49 = CARTESIAN_POINT('',(249.23463706832,0.,0.));
#50 = DIRECTION('',(-1.,-0.,-0.));
#51 = DIRECTION('',(0.,1.,0.));
#52 = DEFINITIONAL_REPRESENTATION('',(#53),#57);
#53 = LINE('',#54,#55);
#54 = CARTESIAN_POINT('',(-0.,0.));
#55 = VECTOR('',#56,1.);
#56 = DIRECTION('',(-1.,0.));
#57 = ( GEOMETRIC_REPRESENTATION_CONTEXT(2) 
PARAMETRIC_REPRESENTATION_CONTEXT() REPRESENTATION_CONTEXT('2D SPACE',''
  ) );
#58 = ORIENTED_EDGE('',*,*,#59,.T.);
#59 = EDGE_CURVE('',#22,#60,#62,.T.);
#60 = VERTEX_POINT('',#61);
#61 = CARTESIAN_POINT('',(3.0734E+03,1.1468E+03,0.));
#62 = SEAM_CURVE('',#63,(#68,#75),.PCURVE_S1.);
#63 = PARABOLA('',#64,616.67042160985);
#64 = AXIS2_PLACEMENT_3D('',#65,#66,#67);
#65 = CARTESIAN_POINT('',(-443.9800140988,-551.443083768,0.));
#66 = DIRECTION('',(-0.,0.,1.));
#67 = DIRECTION('',(0.955805440765,-0.293999930958,0.));
#68 = PCURVE('',#31,#69);
#69 = DEFINITIONAL_REPRESENTATION('',(#70),#74);
#70 = LINE('',#71,#72);
#71 = CARTESIAN_POINT('',(0.,0.));
#72 = VECTOR('',#73,1.);
#73 = DIRECTION('',(0.,1.));
#74 = ( GEOMETRIC_REPRESENTATION_CONTEXT(2) 
PARAMETRIC_REPRESENTATION_CONTEXT() REPRESENTATION_CONTEXT('2D SPACE',''
  ) );
#75 = PCURVE('',#31,#76);
#76 = DEFINITIONAL_REPRESENTATION('',(#77),#81);
#77 = LINE('',#78,#79);
#78 = CARTESIAN_POINT('',(6.28318530718,0.));
#79 = VECTOR('',#80,1.);
#80 = DIRECTION('',(0.,1.));
#81 = ( GEOMETRIC_REPRESENTATION_CONTEXT(2) 
PARAMETRIC_REPRESENTATION_CONTEXT() REPRESENTATION_CONTEXT('2D SPACE',''
  ) );
#82 = ORIENTED_EDGE('',*,*,#83,.F.);
#83 = EDGE_CURVE('',#60,#60,#84,.T.);
#84 = SURFACE_CURVE('',#85,(#90,#97),.PCURVE_S1.);
#85 = CIRCLE('',#86,1.1468E+03);
#86 = AXIS2_PLACEMENT_3D('',#87,#88,#89);
#87 = CARTESIAN_POINT('',(3.0734E+03,0.,0.));
#88 = DIRECTION('',(1.,0.,0.));
#89 = DIRECTION('',(0.,1.,0.));
#90 = PCURVE('',#31,#91);
#91 = DEFINITIONAL_REPRESENTATION('',(#92),#96);
#92 = LINE('',#93,#94);
#93 = CARTESIAN_POINT('',(0.,2.657299460507E+03));
#94 = VECTOR('',#95,1.);
#95 = DIRECTION('',(1.,0.));
#96 = ( GEOMETRIC_REPRESENTATION_CONTEXT(2) 
PARAMETRIC_REPRESENTATION_CONTEXT() REPRESENTATION_CONTEXT('2D SPACE',''
  ) );
#97 = PCURVE('',#98,#103);
#98 = PLANE('',#99);
#99 = AXIS2_PLACEMENT_3D('',#100,#101,#102);
#100 = CARTESIAN_POINT('',(3.0734E+03,0.,0.));
#101 = DIRECTION('',(1.,0.,0.));
#102 = DIRECTION('',(0.,1.,0.));
#103 = DEFINITIONAL_REPRESENTATION('',(#104),#108);
#104 = CIRCLE('',#105,1.1468E+03);
#105 = AXIS2_PLACEMENT_2D('',#106,#107);
#106 = CARTESIAN_POINT('',(0.,0.));
#107 = DIRECTION('',(1.,-0.));
#108 = ( GEOMETRIC_REPRESENTATION_CONTEXT(2) 
PARAMETRIC_REPRESENTATION_CONTEXT() REPRESENTATION_CONTEXT('2D SPACE',''
  ) );
#109 = ORIENTED_EDGE('',*,*,#59,.F.);
#110 = ADVANCED_FACE('',(#111),#47,.F.);
#111 = FACE_BOUND('',#112,.T.);
#112 = EDGE_LOOP('',(#113,#114,#137,#164));
#113 = ORIENTED_EDGE('',*,*,#21,.T.);
#114 = ORIENTED_EDGE('',*,*,#115,.T.);
#115 = EDGE_CURVE('',#22,#116,#118,.T.);
#116 = VERTEX_POINT('',#117);
#117 = CARTESIAN_POINT('',(145.09516227358,293.,0.));
#118 = SEAM_CURVE('',#119,(#123,#130),.PCURVE_S1.);
#119 = LINE('',#120,#121);
#120 = CARTESIAN_POINT('',(249.23463706832,293.,0.));
#121 = VECTOR('',#122,1.);
#122 = DIRECTION('',(-1.,0.,0.));
#123 = PCURVE('',#47,#124);
#124 = DEFINITIONAL_REPRESENTATION('',(#125),#129);
#125 = LINE('',#126,#127);
#126 = CARTESIAN_POINT('',(-0.,0.));
#127 = VECTOR('',#128,1.);
#128 = DIRECTION('',(-0.,1.));
#129 = ( GEOMETRIC_REPRESENTATION_CONTEXT(2) 
PARAMETRIC_REPRESENTATION_CONTEXT() REPRESENTATION_CONTEXT('2D SPACE',''
  ) );
#130 = PCURVE('',#47,#131);
#131 = DEFINITIONAL_REPRESENTATION('',(#132),#136);
#132 = LINE('',#133,#134);
#133 = CARTESIAN_POINT('',(-6.28318530718,0.));
#134 = VECTOR('',#135,1.);
#135 = DIRECTION('',(-0.,1.));
#136 = ( GEOMETRIC_REPRESENTATION_CONTEXT(2) 
PARAMETRIC_REPRESENTATION_CONTEXT() REPRESENTATION_CONTEXT('2D SPACE',''
  ) );
#137 = ORIENTED_EDGE('',*,*,#138,.F.);
#138 = EDGE_CURVE('',#116,#116,#139,.T.);
#139 = SURFACE_CURVE('',#140,(#145,#152),.PCURVE_S1.);
#140 = CIRCLE('',#141,293.);
#141 = AXIS2_PLACEMENT_3D('',#142,#143,#144);
#142 = CARTESIAN_POINT('',(145.09516227358,0.,0.));
#143 = DIRECTION('',(1.,0.,0.));
#144 = DIRECTION('',(0.,1.,0.));
#145 = PCURVE('',#47,#146);
#146 = DEFINITIONAL_REPRESENTATION('',(#147),#151);
#147 = LINE('',#148,#149);
#148 = CARTESIAN_POINT('',(-0.,104.13947479474));
#149 = VECTOR('',#150,1.);
#150 = DIRECTION('',(-1.,0.));
#151 = ( GEOMETRIC_REPRESENTATION_CONTEXT(2) 
PARAMETRIC_REPRESENTATION_CONTEXT() REPRESENTATION_CONTEXT('2D SPACE',''
  ) );
#152 = PCURVE('',#153,#158);
#153 = PLANE('',#154);
#154 = AXIS2_PLACEMENT_3D('',#155,#156,#157);
#155 = CARTESIAN_POINT('',(145.09516227358,0.,0.));
#156 = DIRECTION('',(1.,0.,0.));
#157 = DIRECTION('',(0.,1.,0.));
#158 = DEFINITIONAL_REPRESENTATION('',(#159),#163);
#159 = CIRCLE('',#160,293.);
#160 = AXIS2_PLACEMENT_2D('',#161,#162);
#161 = CARTESIAN_POINT('',(0.,0.));
#162 = DIRECTION('',(1.,-0.));
#163 = ( GEOMETRIC_REPRESENTATION_CONTEXT(2) 
PARAMETRIC_REPRESENTATION_CONTEXT() REPRESENTATION_CONTEXT('2D SPACE',''
  ) );
#164 = ORIENTED_EDGE('',*,*,#115,.F.);
#165 = ADVANCED_FACE('',(#166,#169),#98,.T.);
#166 = FACE_BOUND('',#167,.F.);
#167 = EDGE_LOOP('',(#168));
#168 = ORIENTED_EDGE('',*,*,#83,.T.);
#169 = FACE_BOUND('',#170,.F.);
#170 = EDGE_LOOP('',(#171));
#171 = ORIENTED_EDGE('',*,*,#172,.F.);
#172 = EDGE_CURVE('',#173,#173,#175,.T.);
#173 = VERTEX_POINT('',#174);
#174 = CARTESIAN_POINT('',(3.0734E+03,1.2088E+03,0.));
#175 = SURFACE_CURVE('',#176,(#181,#188),.PCURVE_S1.);
#176 = CIRCLE('',#177,1.2088E+03);
#177 = AXIS2_PLACEMENT_3D('',#178,#179,#180);
#178 = CARTESIAN_POINT('',(3.0734E+03,0.,0.));
#179 = DIRECTION('',(1.,0.,0.));
#180 = DIRECTION('',(0.,1.,0.));
#181 = PCURVE('',#98,#182);
#182 = DEFINITIONAL_REPRESENTATION('',(#183),#187);
#183 = CIRCLE('',#184,1.2088E+03);
#184 = AXIS2_PLACEMENT_2D('',#185,#186);
#185 = CARTESIAN_POINT('',(0.,0.));
#186 = DIRECTION('',(1.,-0.));
#187 = ( GEOMETRIC_REPRESENTATION_CONTEXT(2) 
PARAMETRIC_REPRESENTATION_CONTEXT() REPRESENTATION_CONTEXT('2D SPACE',''
  ) );
#188 = PCURVE('',#189,#198);
#189 = SURFACE_OF_REVOLUTION('',#190,#195);
#190 = PARABOLA('',#191,624.15162335224);
#191 = AXIS2_PLACEMENT_3D('',#192,#193,#194);
#192 = CARTESIAN_POINT('',(-486.6514777656,-510.045497427,0.));
#193 = DIRECTION('',(-0.,0.,1.));
#194 = DIRECTION('',(0.955805440765,-0.293999930958,0.));
#195 = AXIS1_PLACEMENT('',#196,#197);
#196 = CARTESIAN_POINT('',(0.,0.,0.));
#197 = DIRECTION('',(1.,0.,0.));
#198 = DEFINITIONAL_REPRESENTATION('',(#199),#203);
#199 = LINE('',#200,#201);
#200 = CARTESIAN_POINT('',(0.,2.689536766947E+03));
#201 = VECTOR('',#202,1.);
#202 = DIRECTION('',(1.,0.));
#203 = ( GEOMETRIC_REPRESENTATION_CONTEXT(2) 
PARAMETRIC_REPRESENTATION_CONTEXT() REPRESENTATION_CONTEXT('2D SPACE',''
  ) );
#204 = ADVANCED_FACE('',(#205,#208),#153,.F.);
#205 = FACE_BOUND('',#206,.T.);
#206 = EDGE_LOOP('',(#207));
#207 = ORIENTED_EDGE('',*,*,#138,.T.);
#208 = FACE_BOUND('',#209,.T.);
#209 = EDGE_LOOP('',(#210));
#210 = ORIENTED_EDGE('',*,*,#211,.F.);
#211 = EDGE_CURVE('',#212,#212,#214,.T.);
#212 = VERTEX_POINT('',#213);
#213 = CARTESIAN_POINT('',(145.09516227358,382.13995872694,0.));
#214 = SURFACE_CURVE('',#215,(#220,#227),.PCURVE_S1.);
#215 = CIRCLE('',#216,382.13995872694);
#216 = AXIS2_PLACEMENT_3D('',#217,#218,#219);
#217 = CARTESIAN_POINT('',(145.09516227358,0.,0.));
#218 = DIRECTION('',(1.,0.,0.));
#219 = DIRECTION('',(0.,1.,0.));
#220 = PCURVE('',#153,#221);
#221 = DEFINITIONAL_REPRESENTATION('',(#222),#226);
#222 = CIRCLE('',#223,382.13995872694);
#223 = AXIS2_PLACEMENT_2D('',#224,#225);
#224 = CARTESIAN_POINT('',(0.,0.));
#225 = DIRECTION('',(1.,-0.));
#226 = ( GEOMETRIC_REPRESENTATION_CONTEXT(2) 
PARAMETRIC_REPRESENTATION_CONTEXT() REPRESENTATION_CONTEXT('2D SPACE',''
  ) );
#227 = PCURVE('',#228,#237);
#228 = SURFACE_OF_REVOLUTION('',#229,#234);
#229 = CIRCLE('',#230,45.);
#230 = AXIS2_PLACEMENT_3D('',#231,#232,#233);
#231 = CARTESIAN_POINT('',(190.09516227358,382.13995872694,0.));
#232 = DIRECTION('',(0.,0.,1.));
#233 = DIRECTION('',(1.,0.,0.));
#234 = AXIS1_PLACEMENT('',#235,#236);
#235 = CARTESIAN_POINT('',(0.,0.,0.));
#236 = DIRECTION('',(1.,0.,0.));
#237 = DEFINITIONAL_REPRESENTATION('',(#238),#242);
#238 = LINE('',#239,#240);
#239 = CARTESIAN_POINT('',(0.,9.424777960769));
#240 = VECTOR('',#241,1.);
#241 = DIRECTION('',(1.,0.));
#242 = ( GEOMETRIC_REPRESENTATION_CONTEXT(2) 
PARAMETRIC_REPRESENTATION_CONTEXT() REPRESENTATION_CONTEXT('2D SPACE',''
  ) );
#243 = ADVANCED_FACE('',(#244),#189,.T.);
#244 = FACE_BOUND('',#245,.T.);
#245 = EDGE_LOOP('',(#246,#278,#300,#301));
#246 = ORIENTED_EDGE('',*,*,#247,.T.);
#247 = EDGE_CURVE('',#248,#248,#250,.T.);
#248 = VERTEX_POINT('',#249);
#249 = CARTESIAN_POINT('',(3.058539698302E+03,1.206757591267E+03,0.));
#250 = SURFACE_CURVE('',#251,(#256,#262),.PCURVE_S1.);
#251 = CIRCLE('',#252,1.206757591267E+03);
#252 = AXIS2_PLACEMENT_3D('',#253,#254,#255);
#253 = CARTESIAN_POINT('',(3.058539698302E+03,0.,0.));
#254 = DIRECTION('',(1.,0.,0.));
#255 = DIRECTION('',(0.,1.,0.));
#256 = PCURVE('',#189,#257);
#257 = DEFINITIONAL_REPRESENTATION('',(#258),#261);
#258 = B_SPLINE_CURVE_WITH_KNOTS('',1,(#259,#260),.UNSPECIFIED.,.F.,.F.,
  (2,2),(0.,6.28318530718),.PIECEWISE_BEZIER_KNOTS.);
#259 = CARTESIAN_POINT('',(0.,2.683215693895E+03));
#260 = CARTESIAN_POINT('',(6.28318530718,2.683215693895E+03));
#261 = ( GEOMETRIC_REPRESENTATION_CONTEXT(2) 
PARAMETRIC_REPRESENTATION_CONTEXT() REPRESENTATION_CONTEXT('2D SPACE',''
  ) );
#262 = PCURVE('',#263,#272);
#263 = SURFACE_OF_REVOLUTION('',#264,#269);
#264 = CIRCLE('',#265,55.3);
#265 = AXIS2_PLACEMENT_3D('',#266,#267,#268);
#266 = CARTESIAN_POINT('',(3.003770839271E+03,1.199111541274E+03,0.));
#267 = DIRECTION('',(0.,0.,1.));
#268 = DIRECTION('',(1.,0.,0.));
#269 = AXIS1_PLACEMENT('',#270,#271);
#270 = CARTESIAN_POINT('',(0.,0.,0.));
#271 = DIRECTION('',(1.,0.,0.));
#272 = DEFINITIONAL_REPRESENTATION('',(#273),#277);
#273 = LINE('',#274,#275);
#274 = CARTESIAN_POINT('',(0.,0.138709291437));
#275 = VECTOR('',#276,1.);
#276 = DIRECTION('',(1.,0.));
#277 = ( GEOMETRIC_REPRESENTATION_CONTEXT(2) 
PARAMETRIC_REPRESENTATION_CONTEXT() REPRESENTATION_CONTEXT('2D SPACE',''
  ) );
#278 = ORIENTED_EDGE('',*,*,#279,.T.);
#279 = EDGE_CURVE('',#248,#173,#280,.T.);
#280 = SEAM_CURVE('',#281,(#286,#293),.PCURVE_S1.);
#281 = PARABOLA('',#282,624.15162335224);
#282 = AXIS2_PLACEMENT_3D('',#283,#284,#285);
#283 = CARTESIAN_POINT('',(-486.6514777656,-510.045497427,0.));
#284 = DIRECTION('',(-0.,0.,1.));
#285 = DIRECTION('',(0.955805440765,-0.293999930958,0.));
#286 = PCURVE('',#189,#287);
#287 = DEFINITIONAL_REPRESENTATION('',(#288),#292);
#288 = LINE('',#289,#290);
#289 = CARTESIAN_POINT('',(0.,0.));
#290 = VECTOR('',#291,1.);
#291 = DIRECTION('',(0.,1.));
#292 = ( GEOMETRIC_REPRESENTATION_CONTEXT(2) 
PARAMETRIC_REPRESENTATION_CONTEXT() REPRESENTATION_CONTEXT('2D SPACE',''
  ) );
#293 = PCURVE('',#189,#294);
#294 = DEFINITIONAL_REPRESENTATION('',(#295),#299);
#295 = LINE('',#296,#297);
#296 = CARTESIAN_POINT('',(6.28318530718,0.));
#297 = VECTOR('',#298,1.);
#298 = DIRECTION('',(0.,1.));
#299 = ( GEOMETRIC_REPRESENTATION_CONTEXT(2) 
PARAMETRIC_REPRESENTATION_CONTEXT() REPRESENTATION_CONTEXT('2D SPACE',''
  ) );
#300 = ORIENTED_EDGE('',*,*,#172,.F.);
#301 = ORIENTED_EDGE('',*,*,#279,.F.);
#302 = ADVANCED_FACE('',(#303,#362),#228,.F.);
#303 = FACE_BOUND('',#304,.F.);
#304 = EDGE_LOOP('',(#305,#329,#360,#361));
#305 = ORIENTED_EDGE('',*,*,#306,.F.);
#306 = EDGE_CURVE('',#307,#212,#309,.T.);
#307 = VERTEX_POINT('',#308);
#308 = CARTESIAN_POINT('',(214.97297947365,344.64203596634,0.));
#309 = SEAM_CURVE('',#310,(#315,#322),.PCURVE_S1.);
#310 = CIRCLE('',#311,45.);
#311 = AXIS2_PLACEMENT_3D('',#312,#313,#314);
#312 = CARTESIAN_POINT('',(190.09516227358,382.13995872694,0.));
#313 = DIRECTION('',(0.,0.,1.));
#314 = DIRECTION('',(1.,0.,0.));
#315 = PCURVE('',#228,#316);
#316 = DEFINITIONAL_REPRESENTATION('',(#317),#321);
#317 = LINE('',#318,#319);
#318 = CARTESIAN_POINT('',(0.,0.));
#319 = VECTOR('',#320,1.);
#320 = DIRECTION('',(0.,1.));
#321 = ( GEOMETRIC_REPRESENTATION_CONTEXT(2) 
PARAMETRIC_REPRESENTATION_CONTEXT() REPRESENTATION_CONTEXT('2D SPACE',''
  ) );
#322 = PCURVE('',#228,#323);
#323 = DEFINITIONAL_REPRESENTATION('',(#324),#328);
#324 = LINE('',#325,#326);
#325 = CARTESIAN_POINT('',(6.28318530718,0.));
#326 = VECTOR('',#327,1.);
#327 = DIRECTION('',(0.,1.));
#328 = ( GEOMETRIC_REPRESENTATION_CONTEXT(2) 
PARAMETRIC_REPRESENTATION_CONTEXT() REPRESENTATION_CONTEXT('2D SPACE',''
  ) );
#329 = ORIENTED_EDGE('',*,*,#330,.T.);
#330 = EDGE_CURVE('',#307,#307,#331,.T.);
#331 = SURFACE_CURVE('',#332,(#337,#344),.PCURVE_S1.);
#332 = CIRCLE('',#333,344.64203596634);
#333 = AXIS2_PLACEMENT_3D('',#334,#335,#336);
#334 = CARTESIAN_POINT('',(214.97297947365,0.,0.));
#335 = DIRECTION('',(1.,0.,0.));
#336 = DIRECTION('',(0.,1.,0.));
#337 = PCURVE('',#228,#338);
#338 = DEFINITIONAL_REPRESENTATION('',(#339),#343);
#339 = LINE('',#340,#341);
#340 = CARTESIAN_POINT('',(0.,5.298158026752));
#341 = VECTOR('',#342,1.);
#342 = DIRECTION('',(1.,0.));
#343 = ( GEOMETRIC_REPRESENTATION_CONTEXT(2) 
PARAMETRIC_REPRESENTATION_CONTEXT() REPRESENTATION_CONTEXT('2D SPACE',''
  ) );
#344 = PCURVE('',#345,#354);
#345 = SURFACE_OF_REVOLUTION('',#346,#351);
#346 = PARABOLA('',#347,624.15162335224);
#347 = AXIS2_PLACEMENT_3D('',#348,#349,#350);
#348 = CARTESIAN_POINT('',(-486.6514777656,-510.045497427,0.));
#349 = DIRECTION('',(-0.,0.,1.));
#350 = DIRECTION('',(0.955805440765,-0.293999930958,0.));
#351 = AXIS1_PLACEMENT('',#352,#353);
#352 = CARTESIAN_POINT('',(0.,0.,0.));
#353 = DIRECTION('',(1.,0.,0.));
#354 = DEFINITIONAL_REPRESENTATION('',(#355),#359);
#355 = LINE('',#356,#357);
#356 = CARTESIAN_POINT('',(0.,1.023192536559E+03));
#357 = VECTOR('',#358,1.);
#358 = DIRECTION('',(1.,0.));
#359 = ( GEOMETRIC_REPRESENTATION_CONTEXT(2) 
PARAMETRIC_REPRESENTATION_CONTEXT() REPRESENTATION_CONTEXT('2D SPACE',''
  ) );
#360 = ORIENTED_EDGE('',*,*,#306,.T.);
#361 = ORIENTED_EDGE('',*,*,#211,.F.);
#362 = FACE_BOUND('',#363,.F.);
#363 = EDGE_LOOP('',(#364,#832));
#364 = ORIENTED_EDGE('',*,*,#365,.T.);
#365 = EDGE_CURVE('',#366,#368,#370,.T.);
#366 = VERTEX_POINT('',#367);
#367 = CARTESIAN_POINT('',(147.,-54.98645609413,391.24896483341));
#368 = VERTEX_POINT('',#369);
#369 = CARTESIAN_POINT('',(228.03028047946,-36.61137584858,
    404.69319787607));
#370 = SURFACE_CURVE('',#371,(#521,#674),.PCURVE_S1.);
#371 = B_SPLINE_CURVE_WITH_KNOTS('',8,(#372,#373,#374,#375,#376,#377,
    #378,#379,#380,#381,#382,#383,#384,#385,#386,#387,#388,#389,#390,
    #391,#392,#393,#394,#395,#396,#397,#398,#399,#400,#401,#402,#403,
    #404,#405,#406,#407,#408,#409,#410,#411,#412,#413,#414,#415,#416,
    #417,#418,#419,#420,#421,#422,#423,#424,#425,#426,#427,#428,#429,
    #430,#431,#432,#433,#434,#435,#436,#437,#438,#439,#440,#441,#442,
    #443,#444,#445,#446,#447,#448,#449,#450,#451,#452,#453,#454,#455,
    #456,#457,#458,#459,#460,#461,#462,#463,#464,#465,#466,#467,#468,
    #469,#470,#471,#472,#473,#474,#475,#476,#477,#478,#479,#480,#481,
    #482,#483,#484,#485,#486,#487,#488,#489,#490,#491,#492,#493,#494,
    #495,#496,#497,#498,#499,#500,#501,#502,#503,#504,#505,#506,#507,
    #508,#509,#510,#511,#512,#513,#514,#515,#516,#517,#518,#519,#520),
  .UNSPECIFIED.,.F.,.F.,(9,7,7,7,7,7,7,7,7,7,7,7,7,7,7,7,7,7,7,7,7,9),(
    0.,1.789590823465E-02,4.304730498421E-02,6.382769896398E-02,
    0.128988958753,0.228646203638,0.313256685128,0.358372628001,
    0.382257423946,0.429306821543,0.47579218401,0.49968685865,
    0.54483631033,0.626892556885,0.724910388194,0.78456784918,
    0.812408925574,0.829141779361,0.862851487889,0.888565290048,
    0.935447228624,1.),.UNSPECIFIED.);
#372 = CARTESIAN_POINT('',(147.,-54.98645609413,391.24896483341));
#373 = CARTESIAN_POINT('',(147.,-55.46091657113,391.18228376194));
#374 = CARTESIAN_POINT('',(147.00613907904,-55.93815154894,
    391.13522010353));
#375 = CARTESIAN_POINT('',(147.01834053941,-56.41599825042,
    391.1077179804));
#376 = CARTESIAN_POINT('',(147.0364584311,-56.8925836601,391.09935093254
    ));
#377 = CARTESIAN_POINT('',(147.06027755179,-57.3663245242,
    391.10932191772));
#378 = CARTESIAN_POINT('',(147.08951344687,-57.83592735067,
    391.13646331151));
#379 = CARTESIAN_POINT('',(147.12381240944,-58.30038840912,
    391.17923690726));
#380 = CARTESIAN_POINT('',(147.21747751078,-59.40353013819,
    391.3151363508));
#381 = CARTESIAN_POINT('',(147.28144907788,-60.03653859739,
    391.42203623279));
#382 = CARTESIAN_POINT('',(147.35383382863,-60.65761155032,
    391.55237254362));
#383 = CARTESIAN_POINT('',(147.43389075165,-61.26681441849,
    391.70234169897));
#384 = CARTESIAN_POINT('',(147.52099806574,-61.86450934257,
    391.86870768303));
#385 = CARTESIAN_POINT('',(147.61466602655,-62.45132734064,
    392.04885282185));
#386 = CARTESIAN_POINT('',(147.71455157082,-63.0282010876,
    392.24072450972));
#387 = CARTESIAN_POINT('',(147.90802077368,-64.06579910432,
    392.60981789553));
#388 = CARTESIAN_POINT('',(147.9971652266,-64.5157846702,392.77898719797
    ));
#389 = CARTESIAN_POINT('',(148.08782183691,-64.94979316755,
    392.94957006197));
#390 = CARTESIAN_POINT('',(148.17999014575,-65.37042974918,
    393.1212195856));
#391 = CARTESIAN_POINT('',(148.27370076335,-65.77969039957,
    393.29373966904));
#392 = CARTESIAN_POINT('',(148.3689756758,-66.1790748819,393.46696565728
    ));
#393 = CARTESIAN_POINT('',(148.46580295924,-66.56963423262,
    393.64071657902));
#394 = CARTESIAN_POINT('',(148.87236516017,-68.15109529319,
    394.36041263867));
#395 = CARTESIAN_POINT('',(149.20780372776,-69.31905391879,
    394.93112609154));
#396 = CARTESIAN_POINT('',(149.56977044604,-70.46279636298,
    395.51860916084));
#397 = CARTESIAN_POINT('',(149.9581302981,-71.58584307957,
    396.11796574645));
#398 = CARTESIAN_POINT('',(150.37292046104,-72.69074689965,
    396.72552843689));
#399 = CARTESIAN_POINT('',(150.81440869633,-73.77925458932,
    397.33870043956));
#400 = CARTESIAN_POINT('',(151.28307210165,-74.85280201656,
    397.95548895507));
#401 = CARTESIAN_POINT('',(152.53918571348,-77.53340955001,
    399.52101416373));
#402 = CARTESIAN_POINT('',(153.36350417543,-79.12086944234,
    400.47193669379));
#403 = CARTESIAN_POINT('',(154.25477563235,-80.67840278396,
    401.42135315305));
#404 = CARTESIAN_POINT('',(155.21554968395,-82.20639785541,
    402.36499033271));
#405 = CARTESIAN_POINT('',(156.24861487836,-83.70383814313,
    403.29886816818));
#406 = CARTESIAN_POINT('',(157.3570429416,-85.1684124497,404.21918595135
    ));
#407 = CARTESIAN_POINT('',(158.5442186917,-86.59683057502,
    405.12204229818));
#408 = CARTESIAN_POINT('',(160.89235543221,-89.16314510349,
    406.75153208965));
#409 = CARTESIAN_POINT('',(162.0297799718,-90.31187238438,
    407.48389121924));
#410 = CARTESIAN_POINT('',(163.22889582621,-91.4284414731,
    408.19795521816));
#411 = CARTESIAN_POINT('',(164.49198379433,-92.50923326409,
    408.89079668561));
#412 = CARTESIAN_POINT('',(165.821034067,-93.54963908145,409.55899529184
    ));
#413 = CARTESIAN_POINT('',(167.21764394718,-94.54414720777,
    410.19865807756));
#414 = CARTESIAN_POINT('',(168.68292314883,-95.48641024517,
    410.80544816019));
#415 = CARTESIAN_POINT('',(171.03562692833,-96.84008930948,
    411.67809099865));
#416 = CARTESIAN_POINT('',(171.87338491837,-97.29391165091,
    411.97082609741));
#417 = CARTESIAN_POINT('',(172.73067103089,-97.72965978561,
    412.25206438878));
#418 = CARTESIAN_POINT('',(173.60734041666,-98.14612336083,
    412.52100556922));
#419 = CARTESIAN_POINT('',(174.50309989603,-98.54201639327,
    412.77680583255));
#420 = CARTESIAN_POINT('',(175.41748749862,-98.9160001631,
    413.01859190081));
#421 = CARTESIAN_POINT('',(176.34984724757,-99.26671158879,
    413.24547857045));
#422 = CARTESIAN_POINT('',(177.80194779601,-99.76542974878,
    413.56835399055));
#423 = CARTESIAN_POINT('',(178.30938096657,-99.93115834226,
    413.67569541753));
#424 = CARTESIAN_POINT('',(178.82146227973,-100.0897806439,
    413.7784831681));
#425 = CARTESIAN_POINT('',(179.33803751223,-100.2410954614,
    413.87658725244));
#426 = CARTESIAN_POINT('',(179.85893352548,-100.3849046275,
    413.96987982855));
#427 = CARTESIAN_POINT('',(180.38395715317,-100.5210149983,
    414.05823645317));
#428 = CARTESIAN_POINT('',(180.91289408887,-100.6492404507,
    414.14153733272));
#429 = CARTESIAN_POINT('',(182.4946753311,-101.0061074734,414.3735751788
    ));
#430 = CARTESIAN_POINT('',(183.55826039798,-101.2115623415,
    414.5074443677));
#431 = CARTESIAN_POINT('',(184.63428596299,-101.3843603538,
    414.62037030343));
#432 = CARTESIAN_POINT('',(185.72059962929,-101.5233030515,
    414.71158378703));
#433 = CARTESIAN_POINT('',(186.81486758728,-101.627430228,
    414.78046952095));
#434 = CARTESIAN_POINT('',(187.91456667113,-101.6960583017,
    414.82658991863));
#435 = CARTESIAN_POINT('',(189.01697449907,-101.7288284808,
    414.84971546073));
#436 = CARTESIAN_POINT('',(191.20812776116,-101.7227376902,
    414.8500059833));
#437 = CARTESIAN_POINT('',(192.29711015992,-101.6847300979,
    414.82771865574));
#438 = CARTESIAN_POINT('',(193.38328127858,-101.6117398649,
    414.78299842885));
#439 = CARTESIAN_POINT('',(194.46402073369,-101.5041275519,
    414.71607698207));
#440 = CARTESIAN_POINT('',(195.53690015361,-101.3625616652,
    414.62738377041));
#441 = CARTESIAN_POINT('',(196.59967374948,-101.1879730604,
    414.51751707076));
#442 = CARTESIAN_POINT('',(197.65027067735,-100.9815184456,
    414.38722116469));
#443 = CARTESIAN_POINT('',(199.21958642763,-100.6227466278,
    414.16034212033));
#444 = CARTESIAN_POINT('',(199.74870116299,-100.4928699986,
    414.07814209871));
#445 = CARTESIAN_POINT('',(200.27389655308,-100.3551001974,
    413.99088382676));
#446 = CARTESIAN_POINT('',(200.79495804527,-100.2096233278,
    413.89868747252));
#447 = CARTESIAN_POINT('',(201.31169226316,-100.0566324964,
    413.80167788365));
#448 = CARTESIAN_POINT('',(201.82392589116,-99.89632581155,
    413.69998333288));
#449 = CARTESIAN_POINT('',(202.33150455896,-99.72890438379,
    413.59373426335));
#450 = CARTESIAN_POINT('',(203.78431784064,-99.22516273674,
    413.27394470795));
#451 = CARTESIAN_POINT('',(204.71721566544,-98.87108255108,
    413.04904018359));
#452 = CARTESIAN_POINT('',(205.63210368863,-98.49368381439,412.80922865)
  );
#453 = CARTESIAN_POINT('',(206.52832498573,-98.09432972282,
    412.55539969413));
#454 = CARTESIAN_POINT('',(207.40541712753,-97.67435867874,
    412.28843115824));
#455 = CARTESIAN_POINT('',(208.2630868641,-97.23505580674,
    412.00917155751));
#456 = CARTESIAN_POINT('',(209.10118958469,-96.77762992948,
    411.7184260579));
#457 = CARTESIAN_POINT('',(211.40732862134,-95.44094262564,
    410.86902527813));
#458 = CARTESIAN_POINT('',(212.82985457887,-94.52275289778,
    410.28580158786));
#459 = CARTESIAN_POINT('',(214.18774877199,-93.55510218327,
    409.67164722812));
#460 = CARTESIAN_POINT('',(215.48199512856,-92.54378043349,
    409.03056150151));
#461 = CARTESIAN_POINT('',(216.71402384694,-91.49382941669,
    408.36615083907));
#462 = CARTESIAN_POINT('',(217.88562590838,-90.40947987893,
    407.68160377516));
#463 = CARTESIAN_POINT('',(218.99886263321,-89.29407236749,
    406.97967456079));
#464 = CARTESIAN_POINT('',(221.31870703712,-86.78326290902,
    405.40623579134));
#465 = CARTESIAN_POINT('',(222.50079065939,-85.37621105484,
    404.52868187964));
#466 = CARTESIAN_POINT('',(223.60604979544,-83.93295927018,
    403.63409705136));
#467 = CARTESIAN_POINT('',(224.63772065994,-82.45667667276,
    402.72634717225));
#468 = CARTESIAN_POINT('',(225.59874386539,-80.94957701467,
    401.8092147074));
#469 = CARTESIAN_POINT('',(226.49179190499,-79.41262585834,
    400.88666180943));
#470 = CARTESIAN_POINT('',(227.31930789849,-77.84541239048,
    399.96295798862));
#471 = CARTESIAN_POINT('',(228.54835668986,-75.27033846224,
    398.48445644549));
#472 = CARTESIAN_POINT('',(228.98970463445,-74.28392860066,
    397.92694512188));
#473 = CARTESIAN_POINT('',(229.40792613442,-73.28455907155,
    397.37255093955));
#474 = CARTESIAN_POINT('',(229.80338228619,-72.27119884425,
    396.8228451534));
#475 = CARTESIAN_POINT('',(230.17629062286,-71.24255912835,
    396.2798206674));
#476 = CARTESIAN_POINT('',(230.52671965351,-70.19684417253,
    395.74612685957));
#477 = CARTESIAN_POINT('',(230.85460243784,-69.13156603083,
    395.22524407951));
#478 = CARTESIAN_POINT('',(231.30189445487,-67.53411631516,
    394.48787190438));
#479 = CARTESIAN_POINT('',(231.4391988514,-67.02072532199,
    394.25724481545));
#480 = CARTESIAN_POINT('',(231.57145678253,-66.50177826737,
    394.03114157552));
#481 = CARTESIAN_POINT('',(231.69860185034,-65.97680760995,
    393.81021756862));
#482 = CARTESIAN_POINT('',(231.82053286669,-65.44532310835,
    393.5952697732));
#483 = CARTESIAN_POINT('',(231.937113194,-64.90678648955,393.38726542433
    ));
#484 = CARTESIAN_POINT('',(232.04816525944,-64.36057201868,
    393.18738594086));
#485 = CARTESIAN_POINT('',(232.21674391521,-63.47255557275,
    392.88271341612));
#486 = CARTESIAN_POINT('',(232.27794094969,-63.13618528085,
    392.77181632133));
#487 = CARTESIAN_POINT('',(232.33700177528,-62.79663847495,
    392.66470554377));
#488 = CARTESIAN_POINT('',(232.3938641901,-62.45376513324,
    392.56174404573));
#489 = CARTESIAN_POINT('',(232.44845336135,-62.10742883146,
    392.4633470412));
#490 = CARTESIAN_POINT('',(232.50068182526,-61.7575067429,
    392.36998199589));
#491 = CARTESIAN_POINT('',(232.55044948714,-61.40388963841,
    392.28216862723));
#492 = CARTESIAN_POINT('',(232.69272008151,-60.32645460958,
    392.03590824699));
#493 = CARTESIAN_POINT('',(232.77775431418,-59.59037493849,
    391.89464842221));
#494 = CARTESIAN_POINT('',(232.85115477033,-58.83745971701,
    391.78421208207));
#495 = CARTESIAN_POINT('',(232.91149840942,-58.06881058874,
    391.71102939115));
#496 = CARTESIAN_POINT('',(232.95753069932,-57.28741399706,
    391.68044802654));
#497 = CARTESIAN_POINT('',(232.98816561632,-56.49814118511,
    391.69673317782));
#498 = CARTESIAN_POINT('',(233.00248564513,-55.70774819581,
    391.76306754709));
#499 = CARTESIAN_POINT('',(232.99764875478,-54.32770001555,
    391.97193092129));
#500 = CARTESIAN_POINT('',(232.9857652876,-53.73583542179,
    392.09190278734));
#501 = CARTESIAN_POINT('',(232.96436661386,-53.15258846348,
    392.23977423215));
#502 = CARTESIAN_POINT('',(232.93382735395,-52.58052158568,
    392.41349629869));
#503 = CARTESIAN_POINT('',(232.89462151212,-52.02145330555,
    392.61066378782));
#504 = CARTESIAN_POINT('',(232.84732247648,-51.47645821237,
    392.82851525829));
#505 = CARTESIAN_POINT('',(232.79260301903,-50.94586696752,
    393.06393302674));
#506 = CARTESIAN_POINT('',(232.61934838681,-49.48738923778,
    393.76835524302));
#507 = CARTESIAN_POINT('',(232.48512103862,-48.59295419597,
    394.27124839441));
#508 = CARTESIAN_POINT('',(232.33146723752,-47.73860792551,
    394.80883913061));
#509 = CARTESIAN_POINT('',(232.16039722939,-46.91870483461,
    395.37108528659));
#510 = CARTESIAN_POINT('',(231.97342317162,-46.12873979551,
    395.9508786652));
#511 = CARTESIAN_POINT('',(231.77155656507,-45.36453990576,
    396.54341891188));
#512 = CARTESIAN_POINT('',(231.55522161877,-44.62196110117,
    397.14598745591));
#513 = CARTESIAN_POINT('',(231.00585128878,-42.89782112632,
    398.59994455494));
#514 = CARTESIAN_POINT('',(230.66049449005,-41.93460093768,
    399.45704884281));
#515 = CARTESIAN_POINT('',(230.2886540815,-40.99883452793,
    400.32333615289));
#516 = CARTESIAN_POINT('',(229.89047297288,-40.08605477245,
    401.19519387914));
#517 = CARTESIAN_POINT('',(229.46591514375,-39.19299873026,
    402.06987947892));
#518 = CARTESIAN_POINT('',(229.01472164314,-38.31736977547,
    402.94539225815));
#519 = CARTESIAN_POINT('',(228.53642607487,-37.45732518182,
    403.82020516615));
#520 = CARTESIAN_POINT('',(228.03028047946,-36.61137584858,
    404.69319787607));
#521 = PCURVE('',#228,#522);
#522 = DEFINITIONAL_REPRESENTATION('',(#523),#673);
#523 = B_SPLINE_CURVE_WITH_KNOTS('',8,(#524,#525,#526,#527,#528,#529,
    #530,#531,#532,#533,#534,#535,#536,#537,#538,#539,#540,#541,#542,
    #543,#544,#545,#546,#547,#548,#549,#550,#551,#552,#553,#554,#555,
    #556,#557,#558,#559,#560,#561,#562,#563,#564,#565,#566,#567,#568,
    #569,#570,#571,#572,#573,#574,#575,#576,#577,#578,#579,#580,#581,
    #582,#583,#584,#585,#586,#587,#588,#589,#590,#591,#592,#593,#594,
    #595,#596,#597,#598,#599,#600,#601,#602,#603,#604,#605,#606,#607,
    #608,#609,#610,#611,#612,#613,#614,#615,#616,#617,#618,#619,#620,
    #621,#622,#623,#624,#625,#626,#627,#628,#629,#630,#631,#632,#633,
    #634,#635,#636,#637,#638,#639,#640,#641,#642,#643,#644,#645,#646,
    #647,#648,#649,#650,#651,#652,#653,#654,#655,#656,#657,#658,#659,
    #660,#661,#662,#663,#664,#665,#666,#667,#668,#669,#670,#671,#672),
  .UNSPECIFIED.,.F.,.F.,(9,7,7,7,7,7,7,7,7,7,7,7,7,7,7,7,7,7,7,7,7,9),(
    0.,1.789590823465E-02,4.304730498421E-02,6.382769896398E-02,
    0.128988958753,0.228646203638,0.313256685128,0.358372628001,
    0.382257423946,0.429306821543,0.47579218401,0.49968685865,
    0.54483631033,0.626892556885,0.724910388194,0.78456784918,
    0.812408925574,0.829141779361,0.862851487889,0.888565290048,
    0.935447228624,1.),.UNSPECIFIED.);
#524 = CARTESIAN_POINT('',(1.710422666954,9.132778717331));
#525 = CARTESIAN_POINT('',(1.711635348698,9.132778717331));
#526 = CARTESIAN_POINT('',(1.712848086232,9.132303568006));
#527 = CARTESIAN_POINT('',(1.714055203675,9.131361548515));
#528 = CARTESIAN_POINT('',(1.715251918033,9.129968489561));
#529 = CARTESIAN_POINT('',(1.716434339198,9.128147773396));
#530 = CARTESIAN_POINT('',(1.717599469943,9.125930333818));
#531 = CARTESIAN_POINT('',(1.718745205927,9.123354656172));
#532 = CARTESIAN_POINT('',(1.721451623709,9.116408073813));
#533 = CARTESIAN_POINT('',(1.722992181445,9.111723625369));
#534 = CARTESIAN_POINT('',(1.724492166635,9.106507420429));
#535 = CARTESIAN_POINT('',(1.725952960051,9.10084570818));
#536 = CARTESIAN_POINT('',(1.727376572816,9.094810702025));
#537 = CARTESIAN_POINT('',(1.728765518034,9.088459508799));
#538 = CARTESIAN_POINT('',(1.730122876157,9.08183506374));
#539 = CARTESIAN_POINT('',(1.732550656232,9.069290422979));
#540 = CARTESIAN_POINT('',(1.73359835902,9.063611159622));
#541 = CARTESIAN_POINT('',(1.734604436771,9.057934701269));
#542 = CARTESIAN_POINT('',(1.735575594908,9.052260407272));
#543 = CARTESIAN_POINT('',(1.736516940701,9.04658598956));
#544 = CARTESIAN_POINT('',(1.737432320984,9.040910036828));
#545 = CARTESIAN_POINT('',(1.738324468997,9.035233107384));
#546 = CARTESIAN_POINT('',(1.741925447408,9.011766936376));
#547 = CARTESIAN_POINT('',(1.744556893875,8.993273156375));
#548 = CARTESIAN_POINT('',(1.747110133868,8.974226520744));
#549 = CARTESIAN_POINT('',(1.749596178817,8.954708682869));
#550 = CARTESIAN_POINT('',(1.752023178927,8.934775583206));
#551 = CARTESIAN_POINT('',(1.75439687811,8.914459794569));
#552 = CARTESIAN_POINT('',(1.756722001221,8.893778864867));
#553 = CARTESIAN_POINT('',(1.762490156891,8.840551977886));
#554 = CARTESIAN_POINT('',(1.765870856996,8.807544023153));
#555 = CARTESIAN_POINT('',(1.76915680751,8.77374237412));
#556 = CARTESIAN_POINT('',(1.772352225762,8.739141458921));
#557 = CARTESIAN_POINT('',(1.77545797111,8.703721370889));
#558 = CARTESIAN_POINT('',(1.778471929711,8.667446936711));
#559 = CARTESIAN_POINT('',(1.781389960612,8.63026952843));
#560 = CARTESIAN_POINT('',(1.786596600237,8.559728531741));
#561 = CARTESIAN_POINT('',(1.788912766899,8.526649581128));
#562 = CARTESIAN_POINT('',(1.791150869159,8.492837432112));
#563 = CARTESIAN_POINT('',(1.793305176062,8.458252091663));
#564 = CARTESIAN_POINT('',(1.795368080182,8.422857744071));
#565 = CARTESIAN_POINT('',(1.797330332411,8.386621904425));
#566 = CARTESIAN_POINT('',(1.799181187628,8.349514269997));
#567 = CARTESIAN_POINT('',(1.801829537981,8.291238219694));
#568 = CARTESIAN_POINT('',(1.802715295386,8.270718240069));
#569 = CARTESIAN_POINT('',(1.803563858596,8.249943093718));
#570 = CARTESIAN_POINT('',(1.804373140378,8.228912570453));
#571 = CARTESIAN_POINT('',(1.805140914587,8.207628591919));
#572 = CARTESIAN_POINT('',(1.805864857979,8.186095421052));
#573 = CARTESIAN_POINT('',(1.806542600234,8.164320030241));
#574 = CARTESIAN_POINT('',(1.807504876902,8.130661706723));
#575 = CARTESIAN_POINT('',(1.807824357458,8.118945895636));
#576 = CARTESIAN_POINT('',(1.808129871137,8.107166846096));
#577 = CARTESIAN_POINT('',(1.808421066713,8.095326462729));
#578 = CARTESIAN_POINT('',(1.808697597948,8.083426927787));
#579 = CARTESIAN_POINT('',(1.808959127102,8.071470725306));
#580 = CARTESIAN_POINT('',(1.809205328433,8.059460665276));
#581 = CARTESIAN_POINT('',(1.809890066102,8.023642058865));
#582 = CARTESIAN_POINT('',(1.810283626066,7.999684082106));
#583 = CARTESIAN_POINT('',(1.81061409506,7.975554030499));
#584 = CARTESIAN_POINT('',(1.810879373006,7.951281556082));
#585 = CARTESIAN_POINT('',(1.811077777116,7.926898377448));
#586 = CARTESIAN_POINT('',(1.811208105622,7.902438953828));
#587 = CARTESIAN_POINT('',(1.811269724414,7.877941365754));
#588 = CARTESIAN_POINT('',(1.811255713245,7.829249064118));
#589 = CARTESIAN_POINT('',(1.811181718322,7.805049096387));
#590 = CARTESIAN_POINT('',(1.811040685744,7.780889644978));
#591 = CARTESIAN_POINT('',(1.810833250352,7.756807356966));
#592 = CARTESIAN_POINT('',(1.810560584917,7.732835404196));
#593 = CARTESIAN_POINT('',(1.81022431836,7.709004312327));
#594 = CARTESIAN_POINT('',(1.809826475181,7.685342595358));
#595 = CARTESIAN_POINT('',(1.809134506223,7.64981537527));
#596 = CARTESIAN_POINT('',(1.808883918824,7.637804582257));
#597 = CARTESIAN_POINT('',(1.808617983747,7.625847980874));
#598 = CARTESIAN_POINT('',(1.808337026294,7.613948384822));
#599 = CARTESIAN_POINT('',(1.808041383711,7.602108281479));
#600 = CARTESIAN_POINT('',(1.807731401684,7.590329856154));
#601 = CARTESIAN_POINT('',(1.807407430826,7.578615016342));
#602 = CARTESIAN_POINT('',(1.806431906964,7.544953269888));
#603 = CARTESIAN_POINT('',(1.805745317939,7.523174538366));
#604 = CARTESIAN_POINT('',(1.80501241266,7.501639456275));
#605 = CARTESIAN_POINT('',(1.804235557974,7.480355017319));
#606 = CARTESIAN_POINT('',(1.803417072649,7.459325503366));
#607 = CARTESIAN_POINT('',(1.802559177124,7.438552854684));
#608 = CARTESIAN_POINT('',(1.801663951381,7.418036881092));
#609 = CARTESIAN_POINT('',(1.799041903131,7.360951209118));
#610 = CARTESIAN_POINT('',(1.797233970605,7.324977801974));
#611 = CARTESIAN_POINT('',(1.795320521353,7.289829175436));
#612 = CARTESIAN_POINT('',(1.793311326877,7.25547834648));
#613 = CARTESIAN_POINT('',(1.791214814306,7.221896219405));
#614 = CARTESIAN_POINT('',(1.789037930349,7.189050666462));
#615 = CARTESIAN_POINT('',(1.78678592841,7.156905842595));
#616 = CARTESIAN_POINT('',(1.781686109206,7.087813569957));
#617 = CARTESIAN_POINT('',(1.778808843459,7.051165010802));
#618 = CARTESIAN_POINT('',(1.775836155822,7.015409877572));
#619 = CARTESIAN_POINT('',(1.772771960407,6.980502584548));
#620 = CARTESIAN_POINT('',(1.769618182601,6.946410747147));
#621 = CARTESIAN_POINT('',(1.766373881556,6.913116839726));
#622 = CARTESIAN_POINT('',(1.763034819557,6.880617684029));
#623 = CARTESIAN_POINT('',(1.757491991244,6.829667529175));
#624 = CARTESIAN_POINT('',(1.755356024672,6.810702653552));
#625 = CARTESIAN_POINT('',(1.753178384279,6.792054672041));
#626 = CARTESIAN_POINT('',(1.75095559652,6.773737726289));
#627 = CARTESIAN_POINT('',(1.748683382663,6.755776369347));
#628 = CARTESIAN_POINT('',(1.746355961451,6.738209673087));
#629 = CARTESIAN_POINT('',(1.743965528634,6.721094211137));
#630 = CARTESIAN_POINT('',(1.740348022941,6.696790401223));
#631 = CARTESIAN_POINT('',(1.73918064378,6.689177410368));
#632 = CARTESIAN_POINT('',(1.737995578501,6.681693713799));
#633 = CARTESIAN_POINT('',(1.736791390459,6.674351454555));
#634 = CARTESIAN_POINT('',(1.735566533827,6.667166046529));
#635 = CARTESIAN_POINT('',(1.734319283962,6.660156710001));
#636 = CARTESIAN_POINT('',(1.733047628333,6.653347335921));
#637 = CARTESIAN_POINT('',(1.730968696185,6.642813218374));
#638 = CARTESIAN_POINT('',(1.73017866228,6.63894223129));
#639 = CARTESIAN_POINT('',(1.729378490862,6.635161074955));
#640 = CARTESIAN_POINT('',(1.728567675386,6.631477369449));
#641 = CARTESIAN_POINT('',(1.727745728188,6.627899997657));
#642 = CARTESIAN_POINT('',(1.726912180483,6.624439105264));
#643 = CARTESIAN_POINT('',(1.726066582368,6.621106100758));
#644 = CARTESIAN_POINT('',(1.723479831075,6.611482212066));
#645 = CARTESIAN_POINT('',(1.721699429703,6.605583186229));
#646 = CARTESIAN_POINT('',(1.719862685899,6.600385910001));
#647 = CARTESIAN_POINT('',(1.7179703254,6.596041164588));
#648 = CARTESIAN_POINT('',(1.716028412476,6.592681180311));
#649 = CARTESIAN_POINT('',(1.714048349937,6.590419636614));
#650 = CARTESIAN_POINT('',(1.712046879129,6.58935166206));
#651 = CARTESIAN_POINT('',(1.70851986814,6.589708051558));
#652 = CARTESIAN_POINT('',(1.706996607341,6.590587014622));
#653 = CARTESIAN_POINT('',(1.705485683746,6.592162387409));
#654 = CARTESIAN_POINT('',(1.703994660919,6.59439529867));
#655 = CARTESIAN_POINT('',(1.702529279777,6.597236342011));
#656 = CARTESIAN_POINT('',(1.701093458591,6.600625575901));
#657 = CARTESIAN_POINT('',(1.699689292985,6.604492523667));
#658 = CARTESIAN_POINT('',(1.695815164824,6.616529748493));
#659 = CARTESIAN_POINT('',(1.693421335635,6.625650905285));
#660 = CARTESIAN_POINT('',(1.691122475176,6.635793715309));
#661 = CARTESIAN_POINT('',(1.688908041552,6.646714335473));
#662 = CARTESIAN_POINT('',(1.686769085944,6.658239358355));
#663 = CARTESIAN_POINT('',(1.684696615408,6.670249739639));
#664 = CARTESIAN_POINT('',(1.682681048477,6.682675876248));
#665 = CARTESIAN_POINT('',(1.678000002859,6.713141252506));
#666 = CARTESIAN_POINT('',(1.675383839061,6.731479200706));
#667 = CARTESIAN_POINT('',(1.6728444901,6.750369046652));
#668 = CARTESIAN_POINT('',(1.670371591812,6.769732584289));
#669 = CARTESIAN_POINT('',(1.66795748646,6.789516231007));
#670 = CARTESIAN_POINT('',(1.665596679176,6.809688029027));
#671 = CARTESIAN_POINT('',(1.663284667116,6.830230569884));
#672 = CARTESIAN_POINT('',(1.661017720304,6.851140557613));
#673 = ( GEOMETRIC_REPRESENTATION_CONTEXT(2) 
PARAMETRIC_REPRESENTATION_CONTEXT() REPRESENTATION_CONTEXT('2D SPACE',''
  ) );
#674 = PCURVE('',#675,#680);
#675 = CYLINDRICAL_SURFACE('',#676,43.);
#676 = AXIS2_PLACEMENT_3D('',#677,#678,#679);
#677 = CARTESIAN_POINT('',(190.,-51.49404735522,366.39918543438));
#678 = DIRECTION('',(9.E-17,-0.13917310096,0.990268068742));
#679 = DIRECTION('',(-1.,-1.959369403129E-15,-1.844869298795E-16));
#680 = DEFINITIONAL_REPRESENTATION('',(#681),#831);
#681 = B_SPLINE_CURVE_WITH_KNOTS('',8,(#682,#683,#684,#685,#686,#687,
    #688,#689,#690,#691,#692,#693,#694,#695,#696,#697,#698,#699,#700,
    #701,#702,#703,#704,#705,#706,#707,#708,#709,#710,#711,#712,#713,
    #714,#715,#716,#717,#718,#719,#720,#721,#722,#723,#724,#725,#726,
    #727,#728,#729,#730,#731,#732,#733,#734,#735,#736,#737,#738,#739,
    #740,#741,#742,#743,#744,#745,#746,#747,#748,#749,#750,#751,#752,
    #753,#754,#755,#756,#757,#758,#759,#760,#761,#762,#763,#764,#765,
    #766,#767,#768,#769,#770,#771,#772,#773,#774,#775,#776,#777,#778,
    #779,#780,#781,#782,#783,#784,#785,#786,#787,#788,#789,#790,#791,
    #792,#793,#794,#795,#796,#797,#798,#799,#800,#801,#802,#803,#804,
    #805,#806,#807,#808,#809,#810,#811,#812,#813,#814,#815,#816,#817,
    #818,#819,#820,#821,#822,#823,#824,#825,#826,#827,#828,#829,#830),
  .UNSPECIFIED.,.F.,.F.,(9,7,7,7,7,7,7,7,7,7,7,7,7,7,7,7,7,7,7,7,7,9),(
    0.,1.789590823465E-02,4.304730498421E-02,6.382769896398E-02,
    0.128988958753,0.228646203638,0.313256685128,0.358372628001,
    0.382257423946,0.429306821543,0.47579218401,0.49968685865,
    0.54483631033,0.626892556885,0.724910388194,0.78456784918,
    0.812408925574,0.829141779361,0.862851487889,0.888565290048,
    0.935447228624,1.),.UNSPECIFIED.);
#682 = CARTESIAN_POINT('',(0.,25.093992408148));
#683 = CARTESIAN_POINT('',(1.114240166843E-02,25.093992408148));
#684 = CARTESIAN_POINT('',(2.228512740163E-02,25.11380504178));
#685 = CARTESIAN_POINT('',(3.338084029751E-02,25.153073974648));
#686 = CARTESIAN_POINT('',(4.438984418355E-02,25.211116223655));
#687 = CARTESIAN_POINT('',(5.528008361683E-02,25.286922157002));
#688 = CARTESIAN_POINT('',(6.602714388401E-02,25.379155494193));
#689 = CARTESIAN_POINT('',(7.661425100134E-02,25.486153306033));
#690 = CARTESIAN_POINT('',(0.101674041714,25.774257840764));
#691 = CARTESIAN_POINT('',(0.115981361827,25.968215130648));
#692 = CARTESIAN_POINT('',(0.129961079089,26.183719666246));
#693 = CARTESIAN_POINT('',(0.143629317599,26.417013984365));
#694 = CARTESIAN_POINT('',(0.157006662243,26.664943962111));
#695 = CARTESIAN_POINT('',(0.170117590279,26.925005221311));
#696 = CARTESIAN_POINT('',(0.182991661109,27.195294935338));
#697 = CARTESIAN_POINT('',(0.206133996164,27.705202063223));
#698 = CARTESIAN_POINT('',(0.216165167316,27.935350908233));
#699 = CARTESIAN_POINT('',(0.225839510663,28.164675979948));
#700 = CARTESIAN_POINT('',(0.235218119794,28.393196319655));
#701 = CARTESIAN_POINT('',(0.244347742082,28.620995523319));
#702 = CARTESIAN_POINT('',(0.253263652181,28.848119265025));
#703 = CARTESIAN_POINT('',(0.261990771008,29.074534610693));
#704 = CARTESIAN_POINT('',(0.297368507492,30.007323477613));
#705 = CARTESIAN_POINT('',(0.323592485036,30.7350312101));
#706 = CARTESIAN_POINT('',(0.349421029929,31.475975117212));
#707 = CARTESIAN_POINT('',(0.374970675966,32.225796699813));
#708 = CARTESIAN_POINT('',(0.400332996307,32.981219522803));
#709 = CARTESIAN_POINT('',(0.425579254175,33.739915168288));
#710 = CARTESIAN_POINT('',(0.450774081023,34.500110064846));
#711 = CARTESIAN_POINT('',(0.514526581262,36.423468152674));
#712 = CARTESIAN_POINT('',(0.553069632879,37.586068085911));
#713 = CARTESIAN_POINT('',(0.591805141192,38.743011634446));
#714 = CARTESIAN_POINT('',(0.630867829476,39.890121214303));
#715 = CARTESIAN_POINT('',(0.670373756799,41.023314023197));
#716 = CARTESIAN_POINT('',(0.710426743781,42.138504684809));
#717 = CARTESIAN_POINT('',(0.751130492135,43.231371875701));
#718 = CARTESIAN_POINT('',(0.827807438515,45.202165535499));
#719 = CARTESIAN_POINT('',(0.86355291245,46.087269334227));
#720 = CARTESIAN_POINT('',(0.899908320677,46.949780493906));
#721 = CARTESIAN_POINT('',(0.936934620464,47.786296420865));
#722 = CARTESIAN_POINT('',(0.974684764951,48.59278866806));
#723 = CARTESIAN_POINT('',(1.01320596378,49.364635079384));
#724 = CARTESIAN_POINT('',(1.052541563649,50.096657591478));
#725 = CARTESIAN_POINT('',(1.114164268196,51.149203642904));
#726 = CARTESIAN_POINT('',(1.135835092026,51.502249726353));
#727 = CARTESIAN_POINT('',(1.157749771915,51.841395445143));
#728 = CARTESIAN_POINT('',(1.179910081178,52.165679835705));
#729 = CARTESIAN_POINT('',(1.202315527064,52.47408832943));
#730 = CARTESIAN_POINT('',(1.22496316492,52.765569833244));
#731 = CARTESIAN_POINT('',(1.247847238165,53.039058054073));
#732 = CARTESIAN_POINT('',(1.28319403535,53.428199425612));
#733 = CARTESIAN_POINT('',(1.295492998153,53.557561175474));
#734 = CARTESIAN_POINT('',(1.307854038694,53.681424560319));
#735 = CARTESIAN_POINT('',(1.320275401703,53.799632854825));
#736 = CARTESIAN_POINT('',(1.3327550456,53.9120318816));
#737 = CARTESIAN_POINT('',(1.345290617668,54.018471528002));
#738 = CARTESIAN_POINT('',(1.357879429228,54.118807262955));
#739 = CARTESIAN_POINT('',(1.395415332269,54.398253222846));
#740 = CARTESIAN_POINT('',(1.420510555433,54.559413397086));
#741 = CARTESIAN_POINT('',(1.445776700722,54.695289180586));
#742 = CARTESIAN_POINT('',(1.471184790142,54.804952066929));
#743 = CARTESIAN_POINT('',(1.496703766288,54.887659111676));
#744 = CARTESIAN_POINT('',(1.522299766727,54.942881850646));
#745 = CARTESIAN_POINT('',(1.547935173765,54.970343063998));
#746 = CARTESIAN_POINT('',(1.598892422023,54.969783085004));
#747 = CARTESIAN_POINT('',(1.624219720672,54.942423021718));
#748 = CARTESIAN_POINT('',(1.649508429096,54.887979731929));
#749 = CARTESIAN_POINT('',(1.67472234187,54.806732820764));
#750 = CARTESIAN_POINT('',(1.699828853222,54.699200601905));
#751 = CARTESIAN_POINT('',(1.724798065259,54.566105079901));
#752 = CARTESIAN_POINT('',(1.749602105755,54.408344275679));
#753 = CARTESIAN_POINT('',(1.786866140583,54.133741816165));
#754 = CARTESIAN_POINT('',(1.799467914716,54.034266426286));
#755 = CARTESIAN_POINT('',(1.812016923378,53.928683495383));
#756 = CARTESIAN_POINT('',(1.824510473654,53.817137922669));
#757 = CARTESIAN_POINT('',(1.836946209445,53.699780216017));
#758 = CARTESIAN_POINT('',(1.84932208665,53.576764971184));
#759 = CARTESIAN_POINT('',(1.86163634835,53.448249351027));
#760 = CARTESIAN_POINT('',(1.897036288884,53.061464678495));
#761 = CARTESIAN_POINT('',(1.919959240604,52.789470472082));
#762 = CARTESIAN_POINT('',(1.942647241846,52.499469015368));
#763 = CARTESIAN_POINT('',(1.9650945412,52.192530958141));
#764 = CARTESIAN_POINT('',(1.987298213979,51.86971186917));
#765 = CARTESIAN_POINT('',(2.009257802408,51.532030860725));
#766 = CARTESIAN_POINT('',(2.030975131154,51.180453498535));
#767 = CARTESIAN_POINT('',(2.091491313335,50.153288111669));
#768 = CARTESIAN_POINT('',(2.129730663869,49.447953002571));
#769 = CARTESIAN_POINT('',(2.167209901049,48.705104600256));
#770 = CARTESIAN_POINT('',(2.203968612552,47.929509091881));
#771 = CARTESIAN_POINT('',(2.240050212375,47.12543948947));
#772 = CARTESIAN_POINT('',(2.275503549919,46.296642102838));
#773 = CARTESIAN_POINT('',(2.310384916013,45.446309293132));
#774 = CARTESIAN_POINT('',(2.38582397331,43.538745983363));
#775 = CARTESIAN_POINT('',(2.426147657894,42.47390859626));
#776 = CARTESIAN_POINT('',(2.465843313376,41.387167979673));
#777 = CARTESIAN_POINT('',(2.505012176827,40.282793433043));
#778 = CARTESIAN_POINT('',(2.54375603144,39.164838705393));
#779 = CARTESIAN_POINT('',(2.582188558197,38.037361770375));
#780 = CARTESIAN_POINT('',(2.620442018014,36.904533413461));
#781 = CARTESIAN_POINT('',(2.681997699674,35.082039521919));
#782 = CARTESIAN_POINT('',(2.705284579609,34.392672140934));
#783 = CARTESIAN_POINT('',(2.728614234268,33.704587928302));
#784 = CARTESIAN_POINT('',(2.752035361927,33.019199355848));
#785 = CARTESIAN_POINT('',(2.775602190268,32.338300567792));
#786 = CARTESIAN_POINT('',(2.79938144628,31.664265238285));
#787 = CARTESIAN_POINT('',(2.823457467203,31.000193591271));
#788 = CARTESIAN_POINT('',(2.859397615158,30.047675440903));
#789 = CARTESIAN_POINT('',(2.870924400234,29.747842582427));
#790 = CARTESIAN_POINT('',(2.882555984655,29.45171629286));
#791 = CARTESIAN_POINT('',(2.89430669797,29.1598805089));
#792 = CARTESIAN_POINT('',(2.906191777762,28.873056224448));
#793 = CARTESIAN_POINT('',(2.918228092843,28.592126348387));
#794 = CARTESIAN_POINT('',(2.930435235365,28.318173716615));
#795 = CARTESIAN_POINT('',(2.950290594951,27.892878241453));
#796 = CARTESIAN_POINT('',(2.957813685258,27.73624669297));
#797 = CARTESIAN_POINT('',(2.965411312614,27.582922528238));
#798 = CARTESIAN_POINT('',(2.973088409998,27.433244298215));
#799 = CARTESIAN_POINT('',(2.980849783547,27.287604189474));
#800 = CARTESIAN_POINT('',(2.988700112558,27.14644802421));
#801 = CARTESIAN_POINT('',(2.996643949487,27.010275260235));
#802 = CARTESIAN_POINT('',(3.020886527166,26.616461495045));
#803 = CARTESIAN_POINT('',(3.037495625005,26.374133910785));
#804 = CARTESIAN_POINT('',(3.054557736438,26.159986783384));
#805 = CARTESIAN_POINT('',(3.072072290713,25.980541018654));
#806 = CARTESIAN_POINT('',(3.089993423356,25.841507883036));
#807 = CARTESIAN_POINT('',(3.108229976165,25.747789003601));
#808 = CARTESIAN_POINT('',(3.12664549722,25.703476368051));
#809 = CARTESIAN_POINT('',(3.159103501663,25.718241513529));
#810 = CARTESIAN_POINT('',(3.173122875301,25.754674190757));
#811 = CARTESIAN_POINT('',(3.1870392909,25.819934273023));
#812 = CARTESIAN_POINT('',(3.200791076308,25.912349367016));
#813 = CARTESIAN_POINT('',(3.214331958111,26.0297907695));
#814 = CARTESIAN_POINT('',(3.22763106163,26.169673467304));
#815 = CARTESIAN_POINT('',(3.240672910924,26.328956137329));
#816 = CARTESIAN_POINT('',(3.276766427488,26.823542096694));
#817 = CARTESIAN_POINT('',(3.299202011814,27.197059828126));
#818 = CARTESIAN_POINT('',(3.320901468717,27.610516748487));
#819 = CARTESIAN_POINT('',(3.341969723179,28.053182707874));
#820 = CARTESIAN_POINT('',(3.362493544156,28.517391693042));
#821 = CARTESIAN_POINT('',(3.382558878357,28.997809310364));
#822 = CARTESIAN_POINT('',(3.402258713031,29.491166703803));
#823 = CARTESIAN_POINT('',(3.448471763526,30.691020085498));
#824 = CARTESIAN_POINT('',(3.474676056936,31.405728752802));
#825 = CARTESIAN_POINT('',(3.500500799763,32.133351901307));
#826 = CARTESIAN_POINT('',(3.526056816257,32.869690379038));
#827 = CARTESIAN_POINT('',(3.551431332998,33.611574219965));
#828 = CARTESIAN_POINT('',(3.576693459449,34.356702572079));
#829 = CARTESIAN_POINT('',(3.601905872257,35.10330678794));
#830 = CARTESIAN_POINT('',(3.627128239879,35.850070200851));
#831 = ( GEOMETRIC_REPRESENTATION_CONTEXT(2) 
PARAMETRIC_REPRESENTATION_CONTEXT() REPRESENTATION_CONTEXT('2D SPACE',''
  ) );
#832 = ORIENTED_EDGE('',*,*,#833,.T.);
#833 = EDGE_CURVE('',#368,#366,#834,.T.);
#834 = SURFACE_CURVE('',#835,(#950,#1068),.PCURVE_S1.);
#835 = B_SPLINE_CURVE_WITH_KNOTS('',8,(#836,#837,#838,#839,#840,#841,
    #842,#843,#844,#845,#846,#847,#848,#849,#850,#851,#852,#853,#854,
    #855,#856,#857,#858,#859,#860,#861,#862,#863,#864,#865,#866,#867,
    #868,#869,#870,#871,#872,#873,#874,#875,#876,#877,#878,#879,#880,
    #881,#882,#883,#884,#885,#886,#887,#888,#889,#890,#891,#892,#893,
    #894,#895,#896,#897,#898,#899,#900,#901,#902,#903,#904,#905,#906,
    #907,#908,#909,#910,#911,#912,#913,#914,#915,#916,#917,#918,#919,
    #920,#921,#922,#923,#924,#925,#926,#927,#928,#929,#930,#931,#932,
    #933,#934,#935,#936,#937,#938,#939,#940,#941,#942,#943,#944,#945,
    #946,#947,#948,#949),.UNSPECIFIED.,.F.,.F.,(9,7,7,7,7,7,7,7,7,7,7,7,
    7,7,7,7,9),(0.,0.132005603088,0.245901496226,0.306122445856,
    0.338817335835,0.359606783873,0.40318206487,0.467952796328,
    0.500632310749,0.562373456542,0.640395397566,0.721774801114,
    0.814558058685,0.862061104687,0.914347742145,0.946472095301,1.),
  .UNSPECIFIED.);
#836 = CARTESIAN_POINT('',(228.03028047946,-36.61137584858,
    404.69319787607));
#837 = CARTESIAN_POINT('',(227.27394093774,-35.34726343342,
    405.99772153911));
#838 = CARTESIAN_POINT('',(226.45591111867,-34.11545514577,
    407.29732142446));
#839 = CARTESIAN_POINT('',(225.57421807492,-32.91152827266,
    408.58761247773));
#840 = CARTESIAN_POINT('',(224.62652060844,-31.73400459258,
    409.86477747582));
#841 = CARTESIAN_POINT('',(223.61025953615,-30.58274020497,
    411.12492183869));
#842 = CARTESIAN_POINT('',(222.52262359596,-29.45876305511,
    412.36398652772));
#843 = CARTESIAN_POINT('',(221.36052165185,-28.36395122502,
    413.57759056464));
#844 = CARTESIAN_POINT('',(219.05024692044,-26.38394010039,
    415.78189427175));
#845 = CARTESIAN_POINT('',(217.92244088036,-25.49093706764,
    416.77994547675));
#846 = CARTESIAN_POINT('',(216.73454944083,-24.62367586551,
    417.75207698636));
#847 = CARTESIAN_POINT('',(215.48441056477,-23.78470656571,
    418.6945696175));
#848 = CARTESIAN_POINT('',(214.17014819235,-22.97736129035,
    419.60299999659));
#849 = CARTESIAN_POINT('',(212.79026981107,-22.20567704921,
    420.47228111697));
#850 = CARTESIAN_POINT('',(211.34375867128,-21.47433835151,
    421.29670710373));
#851 = CARTESIAN_POINT('',(209.02986542984,-20.42605234672,
    422.47885692671));
#852 = CARTESIAN_POINT('',(208.21094162872,-20.07629705257,
    422.87335994822));
#853 = CARTESIAN_POINT('',(207.37340770419,-19.74015908956,
    423.25254136613));
#854 = CARTESIAN_POINT('',(206.51740359738,-19.41851321759,
    423.61537128087));
#855 = CARTESIAN_POINT('',(205.64320467452,-19.11228940045,
    423.9607634378));
#856 = CARTESIAN_POINT('',(204.75123996916,-18.82245658096,
    424.28759284183));
#857 = CARTESIAN_POINT('',(203.84211456035,-18.55000276854,
    424.59471762984));
#858 = CARTESIAN_POINT('',(202.41417943245,-18.1579613055,
    425.03643517511));
#859 = CARTESIAN_POINT('',(201.90690800032,-18.02542515278,
    425.18572153038));
#860 = CARTESIAN_POINT('',(201.39495664161,-17.89846143422,
    425.32868181582));
#861 = CARTESIAN_POINT('',(200.87847804552,-17.77722802056,
    425.46513459546));
#862 = CARTESIAN_POINT('',(200.35764386316,-17.66188062442,
    425.59490120418));
#863 = CARTESIAN_POINT('',(199.83264583144,-17.55257122447,
    425.71780750354));
#864 = CARTESIAN_POINT('',(199.30369689702,-17.44944648969,
    425.8336856376));
#865 = CARTESIAN_POINT('',(198.43233102838,-17.29109455075,
    426.01148775849));
#866 = CARTESIAN_POINT('',(198.09212680602,-17.2320998778,
    426.07769361925));
#867 = CARTESIAN_POINT('',(197.75048022184,-17.17569810214,
    426.14095230618));
#868 = CARTESIAN_POINT('',(197.40745478852,-17.12192385875,
    426.20122424498));
#869 = CARTESIAN_POINT('',(197.06311706536,-17.07081032819,
    426.25847154416));
#870 = CARTESIAN_POINT('',(196.71753674105,-17.02238906456,
    426.31265818743));
#871 = CARTESIAN_POINT('',(196.37078671628,-16.97668982348,
    426.36375022604));
#872 = CARTESIAN_POINT('',(195.29385314397,-16.84371714236,
    426.51225355231));
#873 = CARTESIAN_POINT('',(194.55993481409,-16.76577187597,
    426.5990594431));
#874 = CARTESIAN_POINT('',(193.82191613099,-16.70016461915,
    426.67183719712));
#875 = CARTESIAN_POINT('',(193.08055432616,-16.64711105591,
    426.73034102564));
#876 = CARTESIAN_POINT('',(192.33663655675,-16.60677876492,
    426.77438001856));
#877 = CARTESIAN_POINT('',(191.59098053372,-16.57928345843,
    426.80382236547));
#878 = CARTESIAN_POINT('',(190.84443515014,-16.56468522117,
    426.81859957668));
#879 = CARTESIAN_POINT('',(188.98819575132,-16.56045715091,
    426.81887588551));
#880 = CARTESIAN_POINT('',(187.87832330119,-16.58642543083,
    426.78663793477));
#881 = CARTESIAN_POINT('',(186.77125713561,-16.64090525704,
    426.72197892078));
#882 = CARTESIAN_POINT('',(185.66977306808,-16.72360377539,
    426.62523111145));
#883 = CARTESIAN_POINT('',(184.57644117405,-16.83396685452,
    426.49702360531));
#884 = CARTESIAN_POINT('',(183.49363572553,-16.97121850198,
    426.33823821636));
#885 = CARTESIAN_POINT('',(182.42354323525,-17.13439245131,
    426.14997461231));
#886 = CARTESIAN_POINT('',(180.83568843768,-17.41719126891,
    425.82431677114));
#887 = CARTESIAN_POINT('',(180.30691522467,-17.51834421792,
    425.70792546236));
#888 = CARTESIAN_POINT('',(179.78208408057,-17.62567497863,
    425.58451015928));
#889 = CARTESIAN_POINT('',(179.26140782565,-17.7390368414,
    425.45423826344));
#890 = CARTESIAN_POINT('',(178.74507811115,-17.85827775009,
    425.31728344683));
#891 = CARTESIAN_POINT('',(178.23326653934,-17.98324187653,
    425.17382390029));
#892 = CARTESIAN_POINT('',(177.72612578351,-18.11377119497,
    425.02404058185));
#893 = CARTESIAN_POINT('',(176.27473305866,-18.50652959498,
    424.57352738668));
#894 = CARTESIAN_POINT('',(175.34285049605,-18.78264447879,
    424.25702339527));
#895 = CARTESIAN_POINT('',(174.42901280442,-19.07698916852,
    423.91982219294));
#896 = CARTESIAN_POINT('',(173.53386669021,-19.38849570382,
    423.56315258124));
#897 = CARTESIAN_POINT('',(172.65786568352,-19.71611724235,
    423.18822411078));
#898 = CARTESIAN_POINT('',(171.80129529878,-20.05885033696,
    422.79620258011));
#899 = CARTESIAN_POINT('',(170.96429345485,-20.4157529512,422.3881903841
    ));
#900 = CARTESIAN_POINT('',(169.11388784118,-21.25378453447,
    421.43069592639));
#901 = CARTESIAN_POINT('',(168.11224947689,-21.74281778331,
    420.87232144761));
#902 = CARTESIAN_POINT('',(167.14189180597,-22.25133185501,
    420.29212827341));
#903 = CARTESIAN_POINT('',(166.20258387283,-22.77773531712,
    419.69202290414));
#904 = CARTESIAN_POINT('',(165.29394737926,-23.32058570662,
    419.07376400523));
#905 = CARTESIAN_POINT('',(164.41547936257,-23.87860401175,
    418.43894963975));
#906 = CARTESIAN_POINT('',(163.56657319435,-24.45068933866,
    417.78900607078));
#907 = CARTESIAN_POINT('',(161.89121461156,-25.64636259246,
    416.43278416259));
#908 = CARTESIAN_POINT('',(161.06738052295,-26.27105035939,
    415.72535011561));
#909 = CARTESIAN_POINT('',(160.27426167993,-26.908948013,415.00430900836
    ));
#910 = CARTESIAN_POINT('',(159.51110193997,-27.55914866502,
    414.27097947168));
#911 = CARTESIAN_POINT('',(158.7771538664,-28.22088766309,
    413.52657114111));
#912 = CARTESIAN_POINT('',(158.07167487746,-28.89355009066,
    412.77219012669));
#913 = CARTESIAN_POINT('',(157.39392864995,-29.57668569309,
    412.00884456296));
#914 = CARTESIAN_POINT('',(156.00126588233,-31.06053662458,
    410.35795892984));
#915 = CARTESIAN_POINT('',(155.29451480064,-31.86424403687,
    409.46808265967));
#916 = CARTESIAN_POINT('',(154.6218563644,-32.68076048455,
    408.56918438844));
#917 = CARTESIAN_POINT('',(153.98232268041,-33.50990544939,
    407.66258171915));
#918 = CARTESIAN_POINT('',(153.37503336449,-34.3517612866,
    406.74957951088));
#919 = CARTESIAN_POINT('',(152.79918158521,-35.20671693149,
    405.83149422845));
#920 = CARTESIAN_POINT('',(152.25403471097,-36.07558567316,
    404.90970502088));
#921 = CARTESIAN_POINT('',(151.4752396774,-37.41261642759,
    403.51272974397));
#922 = CARTESIAN_POINT('',(151.21941767427,-37.8693821213,
    403.03914643065));
#923 = CARTESIAN_POINT('',(150.97139928408,-38.33037487146,
    402.56522693054));
#924 = CARTESIAN_POINT('',(150.73111068012,-38.79583485146,
    402.09120509766));
#925 = CARTESIAN_POINT('',(150.49848925245,-39.26604864385,
    401.61734148938));
#926 = CARTESIAN_POINT('',(150.2734836723,-39.741363539,401.14393011769)
  );
#927 = CARTESIAN_POINT('',(150.05605503789,-40.22220987186,
    400.67130875222));
#928 = CARTESIAN_POINT('',(149.61516850507,-41.24508627475,
    399.68096285051));
#929 = CARTESIAN_POINT('',(149.39333918261,-41.78832986506,
    399.16355842099));
#930 = CARTESIAN_POINT('',(149.18062671813,-42.33965183448,
    398.64812396296));
#931 = CARTESIAN_POINT('',(148.97702473202,-42.89994006266,
    398.13527705488));
#932 = CARTESIAN_POINT('',(148.78258245611,-43.4702422167,
    397.62582366331));
#933 = CARTESIAN_POINT('',(148.59740120749,-44.05182324789,
    397.12079044868));
#934 = CARTESIAN_POINT('',(148.42164305165,-44.64629349201,
    396.62149346692));
#935 = CARTESIAN_POINT('',(148.15352832617,-45.63040677435,
    395.82751931147));
#936 = CARTESIAN_POINT('',(148.05516566832,-46.01056539204,
    395.52824091404));
#937 = CARTESIAN_POINT('',(147.96052683726,-46.39689688592,
    395.23223033283));
#938 = CARTESIAN_POINT('',(147.86969633324,-46.78996261211,
    394.93999017875));
#939 = CARTESIAN_POINT('',(147.78279014505,-47.19035916762,
    394.65215230978));
#940 = CARTESIAN_POINT('',(147.69995583533,-47.59873942957,
    394.36949269782));
#941 = CARTESIAN_POINT('',(147.62137585795,-48.01584177029,
    394.09295164455));
#942 = CARTESIAN_POINT('',(147.42380044774,-49.15350177397,
    393.37494517542));
#943 = CARTESIAN_POINT('',(147.3126740776,-49.89158563455,
    392.94604486026));
#944 = CARTESIAN_POINT('',(147.21490219451,-50.66115603586,
    392.54200001897));
#945 = CARTESIAN_POINT('',(147.13234864808,-51.46493216227,
    392.17128302942));
#946 = CARTESIAN_POINT('',(147.06736962237,-52.3035805883,
    391.84495007301));
#947 = CARTESIAN_POINT('',(147.0225070503,-53.17576772135,
    391.57657646613));
#948 = CARTESIAN_POINT('',(147.,-54.07516754912,391.37703808618));
#949 = CARTESIAN_POINT('',(147.,-54.98645609413,391.24896483341));
#950 = PCURVE('',#228,#951);
#951 = DEFINITIONAL_REPRESENTATION('',(#952),#1067);
#952 = B_SPLINE_CURVE_WITH_KNOTS('',8,(#953,#954,#955,#956,#957,#958,
    #959,#960,#961,#962,#963,#964,#965,#966,#967,#968,#969,#970,#971,
    #972,#973,#974,#975,#976,#977,#978,#979,#980,#981,#982,#983,#984,
    #985,#986,#987,#988,#989,#990,#991,#992,#993,#994,#995,#996,#997,
    #998,#999,#1000,#1001,#1002,#1003,#1004,#1005,#1006,#1007,#1008,
    #1009,#1010,#1011,#1012,#1013,#1014,#1015,#1016,#1017,#1018,#1019,
    #1020,#1021,#1022,#1023,#1024,#1025,#1026,#1027,#1028,#1029,#1030,
    #1031,#1032,#1033,#1034,#1035,#1036,#1037,#1038,#1039,#1040,#1041,
    #1042,#1043,#1044,#1045,#1046,#1047,#1048,#1049,#1050,#1051,#1052,
    #1053,#1054,#1055,#1056,#1057,#1058,#1059,#1060,#1061,#1062,#1063,
    #1064,#1065,#1066),.UNSPECIFIED.,.F.,.F.,(9,7,7,7,7,7,7,7,7,7,7,7,7,
    7,7,7,9),(0.,0.132005603088,0.245901496226,0.306122445856,
    0.338817335835,0.359606783873,0.40318206487,0.467952796328,
    0.500632310749,0.562373456542,0.640395397566,0.721774801114,
    0.814558058685,0.862061104687,0.914347742145,0.946472095301,1.),
  .UNSPECIFIED.);
#953 = CARTESIAN_POINT('',(1.661017720304,6.851140557613));
#954 = CARTESIAN_POINT('',(1.657630194011,6.882386607524));
#955 = CARTESIAN_POINT('',(1.654345521522,6.914432567193));
#956 = CARTESIAN_POINT('',(1.65115268724,6.947249788613));
#957 = CARTESIAN_POINT('',(1.648047695283,6.98084163701));
#958 = CARTESIAN_POINT('',(1.645029674574,7.015225115262));
#959 = CARTESIAN_POINT('',(1.64210044252,7.050431147934));
#960 = CARTESIAN_POINT('',(1.639263706648,7.086503163828));
#961 = CARTESIAN_POINT('',(1.634162120772,7.155428510269));
#962 = CARTESIAN_POINT('',(1.631873099531,7.18803238902));
#963 = CARTESIAN_POINT('',(1.629661299831,7.221357370986));
#964 = CARTESIAN_POINT('',(1.627532184094,7.255440987311));
#965 = CARTESIAN_POINT('',(1.62549301429,7.290316807771));
#966 = CARTESIAN_POINT('',(1.6235526222,7.326015176733));
#967 = CARTESIAN_POINT('',(1.621721263703,7.362564203876));
#968 = CARTESIAN_POINT('',(1.619105977767,7.41977975436));
#969 = CARTESIAN_POINT('',(1.618235301761,7.439810857252));
#970 = CARTESIAN_POINT('',(1.61740026491,7.460086190615));
#971 = CARTESIAN_POINT('',(1.616602802807,7.480605856124));
#972 = CARTESIAN_POINT('',(1.615844977375,7.501368012912));
#973 = CARTESIAN_POINT('',(1.615128939459,7.522368688739));
#974 = CARTESIAN_POINT('',(1.614456884404,7.543601453477));
#975 = CARTESIAN_POINT('',(1.613491198574,7.576705480242));
#976 = CARTESIAN_POINT('',(1.613165009548,7.588419533979));
#977 = CARTESIAN_POINT('',(1.612852786391,7.600197488661));
#978 = CARTESIAN_POINT('',(1.61255488082,7.612037462961));
#979 = CARTESIAN_POINT('',(1.612271639916,7.623937297455));
#980 = CARTESIAN_POINT('',(1.612003402615,7.635894530404));
#981 = CARTESIAN_POINT('',(1.611750496205,7.647906373539));
#982 = CARTESIAN_POINT('',(1.611362365977,7.66764029466));
#983 = CARTESIAN_POINT('',(1.611217823629,7.67533172585));
#984 = CARTESIAN_POINT('',(1.611079685978,7.683043172178));
#985 = CARTESIAN_POINT('',(1.610948030372,7.690773782257));
#986 = CARTESIAN_POINT('',(1.610822930922,7.698522659676));
#987 = CARTESIAN_POINT('',(1.610704458124,7.706288860124));
#988 = CARTESIAN_POINT('',(1.610592678471,7.71407138851));
#989 = CARTESIAN_POINT('',(1.610267519931,7.738213625046));
#990 = CARTESIAN_POINT('',(1.610077057059,7.754625724602));
#991 = CARTESIAN_POINT('',(1.609916847284,7.771095232892));
#992 = CARTESIAN_POINT('',(1.60978737298,7.787611640191));
#993 = CARTESIAN_POINT('',(1.609689008778,7.804164078658));
#994 = CARTESIAN_POINT('',(1.609622013252,7.820741212074));
#995 = CARTESIAN_POINT('',(1.609586520627,7.837331125576));
#996 = CARTESIAN_POINT('',(1.609576604428,7.87858089007));
#997 = CARTESIAN_POINT('',(1.609640281118,7.903244678746));
#998 = CARTESIAN_POINT('',(1.60977359867,7.927868919735));
#999 = CARTESIAN_POINT('',(1.609975897753,7.952414798158));
#1000 = CARTESIAN_POINT('',(1.61024593713,7.976847229873));
#1001 = CARTESIAN_POINT('',(1.610581983637,8.001133959226));
#1002 = CARTESIAN_POINT('',(1.610981878585,8.025244870625));
#1003 = CARTESIAN_POINT('',(1.61167577608,8.061213404827));
#1004 = CARTESIAN_POINT('',(1.611924095529,8.073224193866));
#1005 = CARTESIAN_POINT('',(1.612187726614,8.085180744344));
#1006 = CARTESIAN_POINT('',(1.612466341785,8.097080269786));
#1007 = CARTESIAN_POINT('',(1.612759601765,8.108920309831));
#1008 = CARTESIAN_POINT('',(1.613067159054,8.12069870611));
#1009 = CARTESIAN_POINT('',(1.613388661427,8.132413578115));
#1010 = CARTESIAN_POINT('',(1.614356845887,8.166073023921));
#1011 = CARTESIAN_POINT('',(1.615038436148,8.187849698375));
#1012 = CARTESIAN_POINT('',(1.615766160872,8.209383277193));
#1013 = CARTESIAN_POINT('',(1.616537646199,8.230666930965));
#1014 = CARTESIAN_POINT('',(1.617350567537,8.251696523631));
#1015 = CARTESIAN_POINT('',(1.618202699231,8.27247024768));
#1016 = CARTESIAN_POINT('',(1.619091956128,8.292988417051));
#1017 = CARTESIAN_POINT('',(1.621184675769,8.338862185855));
#1018 = CARTESIAN_POINT('',(1.622409067707,8.364064656357));
#1019 = CARTESIAN_POINT('',(1.623685803372,8.388867308167));
#1020 = CARTESIAN_POINT('',(1.625011385,8.413277927624));
#1021 = CARTESIAN_POINT('',(1.626382646587,8.437305602467));
#1022 = CARTESIAN_POINT('',(1.627796789081,8.460960755153));
#1023 = CARTESIAN_POINT('',(1.629251420735,8.484255215445));
#1024 = CARTESIAN_POINT('',(1.632302039527,8.53113691609));
#1025 = CARTESIAN_POINT('',(1.633901270227,8.554691376238));
#1026 = CARTESIAN_POINT('',(1.635540044754,8.577880419155));
#1027 = CARTESIAN_POINT('',(1.63721642738,8.600717179652));
#1028 = CARTESIAN_POINT('',(1.638928798943,8.623213693767));
#1029 = CARTESIAN_POINT('',(1.640675878984,8.645381196676));
#1030 = CARTESIAN_POINT('',(1.642456767688,8.667230245716));
#1031 = CARTESIAN_POINT('',(1.646339480546,8.713329592591));
#1032 = CARTESIAN_POINT('',(1.648451123923,8.737485170236));
#1033 = CARTESIAN_POINT('',(1.650605249118,8.761252036707));
#1034 = CARTESIAN_POINT('',(1.652801644399,8.784640548181));
#1035 = CARTESIAN_POINT('',(1.655040698103,8.807656919898));
#1036 = CARTESIAN_POINT('',(1.657323507466,8.830303175376));
#1037 = CARTESIAN_POINT('',(1.659652165286,8.852576018908));
#1038 = CARTESIAN_POINT('',(1.663248030366,8.88566979107));
#1039 = CARTESIAN_POINT('',(1.664478601242,8.896774490656));
#1040 = CARTESIAN_POINT('',(1.665722624479,8.9077762454));
#1041 = CARTESIAN_POINT('',(1.666980687266,8.918672603559));
#1042 = CARTESIAN_POINT('',(1.668253483205,8.929460194906));
#1043 = CARTESIAN_POINT('',(1.669541845774,8.940134554693));
#1044 = CARTESIAN_POINT('',(1.670846800714,8.950689835246));
#1045 = CARTESIAN_POINT('',(1.673625684583,8.972597139764));
#1046 = CARTESIAN_POINT('',(1.675103201631,8.983920825214));
#1047 = CARTESIAN_POINT('',(1.676604081394,8.995080720769));
#1048 = CARTESIAN_POINT('',(1.67813042035,9.006063873552));
#1049 = CARTESIAN_POINT('',(1.67968465629,9.016852246649));
#1050 = CARTESIAN_POINT('',(1.681269697256,9.027421904817));
#1051 = CARTESIAN_POINT('',(1.682889212978,9.03774109322));
#1052 = CARTESIAN_POINT('',(1.685567561089,9.05392526787));
#1053 = CARTESIAN_POINT('',(1.686601585662,9.059972218213));
#1054 = CARTESIAN_POINT('',(1.687651567057,9.065897250859));
#1055 = CARTESIAN_POINT('',(1.6887187559,9.071687796966));
#1056 = CARTESIAN_POINT('',(1.689804446262,9.077328152142));
#1057 = CARTESIAN_POINT('',(1.690910019152,9.082799096739));
#1058 = CARTESIAN_POINT('',(1.692037003504,9.088077347889));
#1059 = CARTESIAN_POINT('',(1.695103619132,9.101562005336));
#1060 = CARTESIAN_POINT('',(1.697085756081,9.109382089285));
#1061 = CARTESIAN_POINT('',(1.699142737101,9.116468304727));
#1062 = CARTESIAN_POINT('',(1.701278353859,9.122618568621));
#1063 = CARTESIAN_POINT('',(1.703490083901,9.12757784355));
#1064 = CARTESIAN_POINT('',(1.705768935205,9.131041308231));
#1065 = CARTESIAN_POINT('',(1.708093488792,9.132778717331));
#1066 = CARTESIAN_POINT('',(1.710422666954,9.132778717331));
#1067 = ( GEOMETRIC_REPRESENTATION_CONTEXT(2) 
PARAMETRIC_REPRESENTATION_CONTEXT() REPRESENTATION_CONTEXT('2D SPACE',''
  ) );
#1068 = PCURVE('',#675,#1069);
#1069 = DEFINITIONAL_REPRESENTATION('',(#1070),#1185);
#1070 = B_SPLINE_CURVE_WITH_KNOTS('',8,(#1071,#1072,#1073,#1074,#1075,
    #1076,#1077,#1078,#1079,#1080,#1081,#1082,#1083,#1084,#1085,#1086,
    #1087,#1088,#1089,#1090,#1091,#1092,#1093,#1094,#1095,#1096,#1097,
    #1098,#1099,#1100,#1101,#1102,#1103,#1104,#1105,#1106,#1107,#1108,
    #1109,#1110,#1111,#1112,#1113,#1114,#1115,#1116,#1117,#1118,#1119,
    #1120,#1121,#1122,#1123,#1124,#1125,#1126,#1127,#1128,#1129,#1130,
    #1131,#1132,#1133,#1134,#1135,#1136,#1137,#1138,#1139,#1140,#1141,
    #1142,#1143,#1144,#1145,#1146,#1147,#1148,#1149,#1150,#1151,#1152,
    #1153,#1154,#1155,#1156,#1157,#1158,#1159,#1160,#1161,#1162,#1163,
    #1164,#1165,#1166,#1167,#1168,#1169,#1170,#1171,#1172,#1173,#1174,
    #1175,#1176,#1177,#1178,#1179,#1180,#1181,#1182,#1183,#1184),
  .UNSPECIFIED.,.F.,.F.,(9,7,7,7,7,7,7,7,7,7,7,7,7,7,7,7,9),(0.,
    0.132005603088,0.245901496226,0.306122445856,0.338817335835,
    0.359606783873,0.40318206487,0.467952796328,0.500632310749,
    0.562373456542,0.640395397566,0.721774801114,0.814558058685,
    0.862061104687,0.914347742145,0.946472095301,1.),.UNSPECIFIED.);
#1071 = CARTESIAN_POINT('',(3.627128239879,35.850070200851));
#1072 = CARTESIAN_POINT('',(3.664818331706,36.965967884497));
#1073 = CARTESIAN_POINT('',(3.702505895051,38.081485573926));
#1074 = CARTESIAN_POINT('',(3.740371433743,39.191665367097));
#1075 = CARTESIAN_POINT('',(3.778541173083,40.292521461216));
#1076 = CARTESIAN_POINT('',(3.817123714607,41.380177150909));
#1077 = CARTESIAN_POINT('',(3.856216570553,42.450755962213));
#1078 = CARTESIAN_POINT('',(3.895916598359,43.50018093071));
#1079 = CARTESIAN_POINT('',(3.971198737324,45.407468217522));
#1080 = CARTESIAN_POINT('',(4.006585374804,46.27152445556));
#1081 = CARTESIAN_POINT('',(4.042559843364,47.113495817308));
#1082 = CARTESIAN_POINT('',(4.079181124647,47.930054215889));
#1083 = CARTESIAN_POINT('',(4.116500275599,48.717283067455));
#1084 = CARTESIAN_POINT('',(4.154562587144,49.470706714931));
#1085 = CARTESIAN_POINT('',(4.193409306369,50.185326770248));
#1086 = CARTESIAN_POINT('',(4.254054686169,51.210078778433));
#1087 = CARTESIAN_POINT('',(4.275256729616,51.552065994793));
#1088 = CARTESIAN_POINT('',(4.296689372773,51.880775882544));
#1089 = CARTESIAN_POINT('',(4.318354229547,52.195310308077));
#1090 = CARTESIAN_POINT('',(4.34025083383,52.494723014062));
#1091 = CARTESIAN_POINT('',(4.362376474062,52.778034804552));
#1092 = CARTESIAN_POINT('',(4.384725876048,53.044252433296));
#1093 = CARTESIAN_POINT('',(4.419541546319,53.427109587659));
#1094 = CARTESIAN_POINT('',(4.431855734567,53.556497631023));
#1095 = CARTESIAN_POINT('',(4.4442318322,53.680396702369));
#1096 = CARTESIAN_POINT('',(4.456668109861,53.798649102814));
#1097 = CARTESIAN_POINT('',(4.469162550656,53.911099577011));
#1098 = CARTESIAN_POINT('',(4.481712825398,54.017596832567));
#1099 = CARTESIAN_POINT('',(4.494316267843,54.117995059468));
#1100 = CARTESIAN_POINT('',(4.515015785784,54.272028491953));
#1101 = CARTESIAN_POINT('',(4.523082008292,54.329379570249));
#1102 = CARTESIAN_POINT('',(4.531167736587,54.38417301797));
#1103 = CARTESIAN_POINT('',(4.53927214656,54.436374466197));
#1104 = CARTESIAN_POINT('',(4.547394367837,54.485951010049));
#1105 = CARTESIAN_POINT('',(4.555533480762,54.532871375222));
#1106 = CARTESIAN_POINT('',(4.563688513365,54.57710608453));
#1107 = CARTESIAN_POINT('',(4.588982836064,54.705657966267));
#1108 = CARTESIAN_POINT('',(4.606173230984,54.780771183657));
#1109 = CARTESIAN_POINT('',(4.623419528953,54.843709904205));
#1110 = CARTESIAN_POINT('',(4.64071139431,54.894260748577));
#1111 = CARTESIAN_POINT('',(4.658038130418,54.932257987038));
#1112 = CARTESIAN_POINT('',(4.675388560202,54.95758719598));
#1113 = CARTESIAN_POINT('',(4.692750906691,54.970188914442));
#1114 = CARTESIAN_POINT('',(4.735919376643,54.969874100608));
#1115 = CARTESIAN_POINT('',(4.76172869611,54.941563973428));
#1116 = CARTESIAN_POINT('',(4.78749721689,54.885116342877));
#1117 = CARTESIAN_POINT('',(4.813186598368,54.800819485819));
#1118 = CARTESIAN_POINT('',(4.838762368165,54.689219258267));
#1119 = CARTESIAN_POINT('',(4.86419294852,54.551080895198));
#1120 = CARTESIAN_POINT('',(4.889448915234,54.387358884121));
#1121 = CARTESIAN_POINT('',(4.92714305404,54.104228311071));
#1122 = CARTESIAN_POINT('',(4.939733037338,54.003047484091));
#1123 = CARTESIAN_POINT('',(4.952269414092,53.895770805052));
#1124 = CARTESIAN_POINT('',(4.964749520223,53.78254362832));
#1125 = CARTESIAN_POINT('',(4.9771710278,53.663516773598));
#1126 = CARTESIAN_POINT('',(4.989531920268,53.538845010483));
#1127 = CARTESIAN_POINT('',(5.001830467674,53.408685543022));
#1128 = CARTESIAN_POINT('',(5.037180187637,53.017218115753));
#1129 = CARTESIAN_POINT('',(5.060066873581,52.742222084027));
#1130 = CARTESIAN_POINT('',(5.082716329979,52.449267363841));
#1131 = CARTESIAN_POINT('',(5.105122952482,52.139422166776));
#1132 = CARTESIAN_POINT('',(5.127283932722,51.813738579872));
#1133 = CARTESIAN_POINT('',(5.149198902068,51.473231403366));
#1134 = CARTESIAN_POINT('',(5.170869748578,51.118861197566));
#1135 = CARTESIAN_POINT('',(5.219382663356,50.287316464242));
#1136 = CARTESIAN_POINT('',(5.246079356424,49.802436321229));
#1137 = CARTESIAN_POINT('',(5.272400774715,49.298661027356));
#1138 = CARTESIAN_POINT('',(5.298358561013,48.777657044465));
#1139 = CARTESIAN_POINT('',(5.323965978683,48.240965170722));
#1140 = CARTESIAN_POINT('',(5.349238071835,47.689989912921));
#1141 = CARTESIAN_POINT('',(5.374191919483,47.125990439047));
#1142 = CARTESIAN_POINT('',(5.424563011691,45.949372743709));
#1143 = CARTESIAN_POINT('',(5.449951583574,45.335763129902));
#1144 = CARTESIAN_POINT('',(5.475034272419,44.710517339686));
#1145 = CARTESIAN_POINT('',(5.499831900935,44.074814956631));
#1146 = CARTESIAN_POINT('',(5.524365186629,43.429747425156));
#1147 = CARTESIAN_POINT('',(5.548655400234,42.776324510848));
#1148 = CARTESIAN_POINT('',(5.572725037383,42.115481873846));
#1149 = CARTESIAN_POINT('',(5.623817404929,40.68717468172));
#1150 = CARTESIAN_POINT('',(5.650778903177,39.91781307907));
#1151 = CARTESIAN_POINT('',(5.677519277347,39.141299950038));
#1152 = CARTESIAN_POINT('',(5.704074548256,38.3589149515));
#1153 = CARTESIAN_POINT('',(5.730482657532,37.571961705383));
#1154 = CARTESIAN_POINT('',(5.756785089675,36.781797994098));
#1155 = CARTESIAN_POINT('',(5.783029860857,35.989902732838));
#1156 = CARTESIAN_POINT('',(5.822716181489,34.792601439465));
#1157 = CARTESIAN_POINT('',(5.836154924531,34.387196504397));
#1158 = CARTESIAN_POINT('',(5.849602129116,33.982046946847));
#1159 = CARTESIAN_POINT('',(5.863066529915,33.577417770645));
#1160 = CARTESIAN_POINT('',(5.876557656441,33.173606882031));
#1161 = CARTESIAN_POINT('',(5.890086163113,32.770953765161));
#1162 = CARTESIAN_POINT('',(5.903664327463,32.369852793552));
#1163 = CARTESIAN_POINT('',(5.932322904018,31.531501750978));
#1164 = CARTESIAN_POINT('',(5.947414895345,31.094737560836));
#1165 = CARTESIAN_POINT('',(5.962603968376,30.661048463628));
#1166 = CARTESIAN_POINT('',(5.977912770708,30.231169596549));
#1167 = CARTESIAN_POINT('',(5.993366754145,29.806044889628));
#1168 = CARTESIAN_POINT('',(6.008995483199,29.386867059095));
#1169 = CARTESIAN_POINT('',(6.02483542738,28.975163468546));
#1170 = CARTESIAN_POINT('',(6.050827773507,28.325878312198));
#1171 = CARTESIAN_POINT('',(6.060816096907,28.082420325241));
#1172 = CARTESIAN_POINT('',(6.070912858499,27.843057450659));
#1173 = CARTESIAN_POINT('',(6.081130157554,27.608365533666));
#1174 = CARTESIAN_POINT('',(6.091480457098,27.379053313292));
#1175 = CARTESIAN_POINT('',(6.101977058639,27.155980072675));
#1176 = CARTESIAN_POINT('',(6.112634745921,26.940179724099));
#1177 = CARTESIAN_POINT('',(6.141526072349,26.387492515116));
#1178 = CARTESIAN_POINT('',(6.160088940311,26.065487647993));
#1179 = CARTESIAN_POINT('',(6.179247852104,25.772478442474));
#1180 = CARTESIAN_POINT('',(6.199041750854,25.517233261176));
#1181 = CARTESIAN_POINT('',(6.219456158436,25.31079345673));
#1182 = CARTESIAN_POINT('',(6.240425735611,25.166416631271));
#1183 = CARTESIAN_POINT('',(6.261784276964,25.093992408148));
#1184 = CARTESIAN_POINT('',(6.28318530718,25.093992408148));
#1185 = ( GEOMETRIC_REPRESENTATION_CONTEXT(2) 
PARAMETRIC_REPRESENTATION_CONTEXT() REPRESENTATION_CONTEXT('2D SPACE',''
  ) );
#1186 = ADVANCED_FACE('',(#1187),#263,.F.);
#1187 = FACE_BOUND('',#1188,.F.);
#1188 = EDGE_LOOP('',(#1189,#1190,#1214,#1241));
#1189 = ORIENTED_EDGE('',*,*,#247,.T.);
#1190 = ORIENTED_EDGE('',*,*,#1191,.T.);
#1191 = EDGE_CURVE('',#248,#1192,#1194,.T.);
#1192 = VERTEX_POINT('',#1193);
#1193 = CARTESIAN_POINT('',(3.003770839271E+03,1.254411541274E+03,0.));
#1194 = SEAM_CURVE('',#1195,(#1200,#1207),.PCURVE_S1.);
#1195 = CIRCLE('',#1196,55.3);
#1196 = AXIS2_PLACEMENT_3D('',#1197,#1198,#1199);
#1197 = CARTESIAN_POINT('',(3.003770839271E+03,1.199111541274E+03,0.));
#1198 = DIRECTION('',(0.,0.,1.));
#1199 = DIRECTION('',(1.,0.,0.));
#1200 = PCURVE('',#263,#1201);
#1201 = DEFINITIONAL_REPRESENTATION('',(#1202),#1206);
#1202 = LINE('',#1203,#1204);
#1203 = CARTESIAN_POINT('',(0.,0.));
#1204 = VECTOR('',#1205,1.);
#1205 = DIRECTION('',(0.,1.));
#1206 = ( GEOMETRIC_REPRESENTATION_CONTEXT(2) 
PARAMETRIC_REPRESENTATION_CONTEXT() REPRESENTATION_CONTEXT('2D SPACE',''
  ) );
#1207 = PCURVE('',#263,#1208);
#1208 = DEFINITIONAL_REPRESENTATION('',(#1209),#1213);
#1209 = LINE('',#1210,#1211);
#1210 = CARTESIAN_POINT('',(6.28318530718,0.));
#1211 = VECTOR('',#1212,1.);
#1212 = DIRECTION('',(0.,1.));
#1213 = ( GEOMETRIC_REPRESENTATION_CONTEXT(2) 
PARAMETRIC_REPRESENTATION_CONTEXT() REPRESENTATION_CONTEXT('2D SPACE',''
  ) );
#1214 = ORIENTED_EDGE('',*,*,#1215,.F.);
#1215 = EDGE_CURVE('',#1192,#1192,#1216,.T.);
#1216 = SURFACE_CURVE('',#1217,(#1222,#1229),.PCURVE_S1.);
#1217 = CIRCLE('',#1218,1.254411541274E+03);
#1218 = AXIS2_PLACEMENT_3D('',#1219,#1220,#1221);
#1219 = CARTESIAN_POINT('',(3.003770839271E+03,0.,0.));
#1220 = DIRECTION('',(1.,0.,0.));
#1221 = DIRECTION('',(0.,1.,0.));
#1222 = PCURVE('',#263,#1223);
#1223 = DEFINITIONAL_REPRESENTATION('',(#1224),#1228);
#1224 = LINE('',#1225,#1226);
#1225 = CARTESIAN_POINT('',(0.,1.570796326795));
#1226 = VECTOR('',#1227,1.);
#1227 = DIRECTION('',(1.,0.));
#1228 = ( GEOMETRIC_REPRESENTATION_CONTEXT(2) 
PARAMETRIC_REPRESENTATION_CONTEXT() REPRESENTATION_CONTEXT('2D SPACE',''
  ) );
#1229 = PCURVE('',#1230,#1235);
#1230 = PLANE('',#1231);
#1231 = AXIS2_PLACEMENT_3D('',#1232,#1233,#1234);
#1232 = CARTESIAN_POINT('',(3.003770839271E+03,0.,0.));
#1233 = DIRECTION('',(1.,0.,0.));
#1234 = DIRECTION('',(0.,1.,0.));
#1235 = DEFINITIONAL_REPRESENTATION('',(#1236),#1240);
#1236 = CIRCLE('',#1237,1.254411541274E+03);
#1237 = AXIS2_PLACEMENT_2D('',#1238,#1239);
#1238 = CARTESIAN_POINT('',(0.,0.));
#1239 = DIRECTION('',(1.,-0.));
#1240 = ( GEOMETRIC_REPRESENTATION_CONTEXT(2) 
PARAMETRIC_REPRESENTATION_CONTEXT() REPRESENTATION_CONTEXT('2D SPACE',''
  ) );
#1241 = ORIENTED_EDGE('',*,*,#1191,.F.);
#1242 = ADVANCED_FACE('',(#1243),#345,.T.);
#1243 = FACE_BOUND('',#1244,.T.);
#1244 = EDGE_LOOP('',(#1245,#1269,#1270,#1271));
#1245 = ORIENTED_EDGE('',*,*,#1246,.F.);
#1246 = EDGE_CURVE('',#307,#1247,#1249,.T.);
#1247 = VERTEX_POINT('',#1248);
#1248 = CARTESIAN_POINT('',(538.1504444167,531.26665428846,0.));
#1249 = SEAM_CURVE('',#1250,(#1255,#1262),.PCURVE_S1.);
#1250 = PARABOLA('',#1251,624.15162335224);
#1251 = AXIS2_PLACEMENT_3D('',#1252,#1253,#1254);
#1252 = CARTESIAN_POINT('',(-486.6514777656,-510.045497427,0.));
#1253 = DIRECTION('',(-0.,0.,1.));
#1254 = DIRECTION('',(0.955805440765,-0.293999930958,0.));
#1255 = PCURVE('',#345,#1256);
#1256 = DEFINITIONAL_REPRESENTATION('',(#1257),#1261);
#1257 = LINE('',#1258,#1259);
#1258 = CARTESIAN_POINT('',(0.,0.));
#1259 = VECTOR('',#1260,1.);
#1260 = DIRECTION('',(0.,1.));
#1261 = ( GEOMETRIC_REPRESENTATION_CONTEXT(2) 
PARAMETRIC_REPRESENTATION_CONTEXT() REPRESENTATION_CONTEXT('2D SPACE',''
  ) );
#1262 = PCURVE('',#345,#1263);
#1263 = DEFINITIONAL_REPRESENTATION('',(#1264),#1268);
#1264 = LINE('',#1265,#1266);
#1265 = CARTESIAN_POINT('',(6.28318530718,0.));
#1266 = VECTOR('',#1267,1.);
#1267 = DIRECTION('',(0.,1.));
#1268 = ( GEOMETRIC_REPRESENTATION_CONTEXT(2) 
PARAMETRIC_REPRESENTATION_CONTEXT() REPRESENTATION_CONTEXT('2D SPACE',''
  ) );
#1269 = ORIENTED_EDGE('',*,*,#330,.T.);
#1270 = ORIENTED_EDGE('',*,*,#1246,.T.);
#1271 = ORIENTED_EDGE('',*,*,#1272,.F.);
#1272 = EDGE_CURVE('',#1247,#1247,#1273,.T.);
#1273 = SURFACE_CURVE('',#1274,(#1279,#1285),.PCURVE_S1.);
#1274 = CIRCLE('',#1275,531.26665428846);
#1275 = AXIS2_PLACEMENT_3D('',#1276,#1277,#1278);
#1276 = CARTESIAN_POINT('',(538.1504444167,0.,0.));
#1277 = DIRECTION('',(1.,0.,0.));
#1278 = DIRECTION('',(0.,1.,0.));
#1279 = PCURVE('',#345,#1280);
#1280 = DEFINITIONAL_REPRESENTATION('',(#1281),#1284);
#1281 = B_SPLINE_CURVE_WITH_KNOTS('',1,(#1282,#1283),.UNSPECIFIED.,.F.,
  .F.,(2,2),(0.,6.28318530718),.PIECEWISE_BEZIER_KNOTS.);
#1282 = CARTESIAN_POINT('',(0.,1.296583514512E+03));
#1283 = CARTESIAN_POINT('',(6.28318530718,1.296583514512E+03));
#1284 = ( GEOMETRIC_REPRESENTATION_CONTEXT(2) 
PARAMETRIC_REPRESENTATION_CONTEXT() REPRESENTATION_CONTEXT('2D SPACE',''
  ) );
#1285 = PCURVE('',#1286,#1291);
#1286 = CYLINDRICAL_SURFACE('',#1287,531.26665428846);
#1287 = AXIS2_PLACEMENT_3D('',#1288,#1289,#1290);
#1288 = CARTESIAN_POINT('',(400.93404284309,0.,0.));
#1289 = DIRECTION('',(1.,0.,0.));
#1290 = DIRECTION('',(0.,1.,0.));
#1291 = DEFINITIONAL_REPRESENTATION('',(#1292),#1296);
#1292 = LINE('',#1293,#1294);
#1293 = CARTESIAN_POINT('',(0.,137.2164015736));
#1294 = VECTOR('',#1295,1.);
#1295 = DIRECTION('',(1.,0.));
#1296 = ( GEOMETRIC_REPRESENTATION_CONTEXT(2) 
PARAMETRIC_REPRESENTATION_CONTEXT() REPRESENTATION_CONTEXT('2D SPACE',''
  ) );
#1297 = ADVANCED_FACE('',(#1298),#675,.T.);
#1298 = FACE_BOUND('',#1299,.T.);
#1299 = EDGE_LOOP('',(#1300,#1301,#1302,#1325,#1395,#1424,#1487));
#1300 = ORIENTED_EDGE('',*,*,#365,.T.);
#1301 = ORIENTED_EDGE('',*,*,#833,.T.);
#1302 = ORIENTED_EDGE('',*,*,#1303,.T.);
#1303 = EDGE_CURVE('',#366,#1304,#1306,.T.);
#1304 = VERTEX_POINT('',#1305);
#1305 = CARTESIAN_POINT('',(147.,-73.03028175954,519.63745564903));
#1306 = SEAM_CURVE('',#1307,(#1311,#1318),.PCURVE_S1.);
#1307 = LINE('',#1308,#1309);
#1308 = CARTESIAN_POINT('',(147.,-51.49404735522,366.39918543438));
#1309 = VECTOR('',#1310,1.);
#1310 = DIRECTION('',(0.,-0.13917310096,0.990268068742));
#1311 = PCURVE('',#675,#1312);
#1312 = DEFINITIONAL_REPRESENTATION('',(#1313),#1317);
#1313 = LINE('',#1314,#1315);
#1314 = CARTESIAN_POINT('',(0.,0.));
#1315 = VECTOR('',#1316,1.);
#1316 = DIRECTION('',(0.,1.));
#1317 = ( GEOMETRIC_REPRESENTATION_CONTEXT(2) 
PARAMETRIC_REPRESENTATION_CONTEXT() REPRESENTATION_CONTEXT('2D SPACE',''
  ) );
#1318 = PCURVE('',#675,#1319);
#1319 = DEFINITIONAL_REPRESENTATION('',(#1320),#1324);
#1320 = LINE('',#1321,#1322);
#1321 = CARTESIAN_POINT('',(6.28318530718,0.));
#1322 = VECTOR('',#1323,1.);
#1323 = DIRECTION('',(0.,1.));
#1324 = ( GEOMETRIC_REPRESENTATION_CONTEXT(2) 
PARAMETRIC_REPRESENTATION_CONTEXT() REPRESENTATION_CONTEXT('2D SPACE',''
  ) );
#1325 = ORIENTED_EDGE('',*,*,#1326,.F.);
#1326 = EDGE_CURVE('',#1327,#1304,#1329,.T.);
#1327 = VERTEX_POINT('',#1328);
#1328 = CARTESIAN_POINT('',(153.81989496974,-50.74999307773,
    528.07616704658));
#1329 = SURFACE_CURVE('',#1330,(#1348,#1369),.PCURVE_S1.);
#1330 = B_SPLINE_CURVE_WITH_KNOTS('',6,(#1331,#1332,#1333,#1334,#1335,
    #1336,#1337,#1338,#1339,#1340,#1341,#1342,#1343,#1344,#1345,#1346,
    #1347),.UNSPECIFIED.,.F.,.F.,(7,5,5,7),(0.,0.219626990512,
    0.476069647089,1.),.UNSPECIFIED.);
#1331 = CARTESIAN_POINT('',(153.8198957781,-50.74999191491,
    528.0761678159));
#1332 = CARTESIAN_POINT('',(153.39935158179,-51.35494106581,
    527.67593377823));
#1333 = CARTESIAN_POINT('',(152.98813436811,-51.97716845213,
    527.27828796411));
#1334 = CARTESIAN_POINT('',(152.58685092663,-52.61718347137,
    526.88383450026));
#1335 = CARTESIAN_POINT('',(152.19620075486,-53.27548374418,
    526.49324724998));
#1336 = CARTESIAN_POINT('',(151.81697526672,-53.95255536926,
    526.10727096112));
#1337 = CARTESIAN_POINT('',(151.02163290531,-55.46191345314,
    525.28238321801));
#1338 = CARTESIAN_POINT('',(150.60987899905,-56.30139973547,
    524.84533099643));
#1339 = CARTESIAN_POINT('',(150.21643023316,-57.16771047066,
    524.417093924));
#1340 = CARTESIAN_POINT('',(149.84302016325,-58.06115470419,
    523.99929290728));
#1341 = CARTESIAN_POINT('',(149.4914841166,-58.98197105621,
    523.59363708315));
#1342 = CARTESIAN_POINT('',(148.49420379852,-61.86788385542,
    522.40161241812));
#1343 = CARTESIAN_POINT('',(147.91979270779,-63.93271402769,
    521.65439594668));
#1344 = CARTESIAN_POINT('',(147.4677990555,-66.10484366791,
    520.98692749027));
#1345 = CARTESIAN_POINT('',(147.15731405463,-68.36194094766,
    520.42004860522));
#1346 = CARTESIAN_POINT('',(147.,-70.67912731396,519.96788885733));
#1347 = CARTESIAN_POINT('',(147.,-73.03028175954,519.63745564903));
#1348 = PCURVE('',#675,#1349);
#1349 = DEFINITIONAL_REPRESENTATION('',(#1350),#1368);
#1350 = B_SPLINE_CURVE_WITH_KNOTS('',6,(#1351,#1352,#1353,#1354,#1355,
    #1356,#1357,#1358,#1359,#1360,#1361,#1362,#1363,#1364,#1365,#1366,
    #1367),.UNSPECIFIED.,.F.,.F.,(7,5,5,7),(0.,0.219626990512,
    0.476069647089,1.),.UNSPECIFIED.);
#1351 = CARTESIAN_POINT('',(5.712253492378,160.0000006));
#1352 = CARTESIAN_POINT('',(5.730350832161,159.68785426172));
#1353 = CARTESIAN_POINT('',(5.748658702338,159.38067562419));
#1354 = CARTESIAN_POINT('',(5.767188376067,159.07913382922));
#1355 = CARTESIAN_POINT('',(5.785950770538,158.78396543754));
#1356 = CARTESIAN_POINT('',(5.804956777723,158.49597560103));
#1357 = CARTESIAN_POINT('',(5.846707067729,157.88917765372));
#1358 = CARTESIAN_POINT('',(5.869549651336,157.57321270344));
#1359 = CARTESIAN_POINT('',(5.892752369828,157.26971035618));
#1360 = CARTESIAN_POINT('',(5.916322701892,156.98031875475));
#1361 = CARTESIAN_POINT('',(5.94026909428,156.70676361234));
#1362 = CARTESIAN_POINT('',(6.014314237466,155.92798108277));
#1363 = CARTESIAN_POINT('',(6.065954287445,155.4754052887));
#1364 = CARTESIAN_POINT('',(6.119025306648,155.11673460714));
#1365 = CARTESIAN_POINT('',(6.173142872069,154.86949977602));
#1366 = CARTESIAN_POINT('',(6.227969944705,154.74423042781));
#1367 = CARTESIAN_POINT('',(6.28318530718,154.74423042781));
#1368 = ( GEOMETRIC_REPRESENTATION_CONTEXT(2) 
PARAMETRIC_REPRESENTATION_CONTEXT() REPRESENTATION_CONTEXT('2D SPACE',''
  ) );
#1369 = PCURVE('',#1370,#1375);
#1370 = CYLINDRICAL_SURFACE('',#1371,54.);
#1371 = AXIS2_PLACEMENT_3D('',#1372,#1373,#1374);
#1372 = CARTESIAN_POINT('',(189.99999999999,-80.54562921138,
    573.11193136108));
#1373 = DIRECTION('',(-1.,0.,0.));
#1374 = DIRECTION('',(0.,-0.13917310096,0.990268068742));
#1375 = DEFINITIONAL_REPRESENTATION('',(#1376),#1394);
#1376 = B_SPLINE_CURVE_WITH_KNOTS('',6,(#1377,#1378,#1379,#1380,#1381,
    #1382,#1383,#1384,#1385,#1386,#1387,#1388,#1389,#1390,#1391,#1392,
    #1393),.UNSPECIFIED.,.F.,.F.,(7,5,5,7),(0.,0.219626990512,
    0.476069647089,1.),.UNSPECIFIED.);
#1377 = CARTESIAN_POINT('',(-3.586452648748,36.180104221891));
#1378 = CARTESIAN_POINT('',(-3.573020009812,36.600648418207));
#1379 = CARTESIAN_POINT('',(-3.559346966583,37.011865631887));
#1380 = CARTESIAN_POINT('',(-3.545427459006,37.413149073367));
#1381 = CARTESIAN_POINT('',(-3.531255549257,37.803799245139));
#1382 = CARTESIAN_POINT('',(-3.51682526255,38.183024733279));
#1383 = CARTESIAN_POINT('',(-3.48497232537,38.978367094682));
#1384 = CARTESIAN_POINT('',(-3.467449189012,39.390121000944));
#1385 = CARTESIAN_POINT('',(-3.449559345017,39.783569766837));
#1386 = CARTESIAN_POINT('',(-3.431301145382,40.156979836749));
#1387 = CARTESIAN_POINT('',(-3.41267265614,40.508515883394));
#1388 = CARTESIAN_POINT('',(-3.354850333904,41.505796201477));
#1389 = CARTESIAN_POINT('',(-3.314226239986,42.080207292201));
#1390 = CARTESIAN_POINT('',(-3.272224246057,42.532200944495));
#1391 = CARTESIAN_POINT('',(-3.229219071438,42.842685945366));
#1392 = CARTESIAN_POINT('',(-3.185560442227,42.999999999999));
#1393 = CARTESIAN_POINT('',(-3.14159265359,42.999999999999));
#1394 = ( GEOMETRIC_REPRESENTATION_CONTEXT(2) 
PARAMETRIC_REPRESENTATION_CONTEXT() REPRESENTATION_CONTEXT('2D SPACE',''
  ) );
#1395 = ORIENTED_EDGE('',*,*,#1396,.F.);
#1396 = EDGE_CURVE('',#1397,#1327,#1399,.T.);
#1397 = VERTEX_POINT('',#1398);
#1398 = CARTESIAN_POINT('',(153.81989496974,-96.77349393993,
    521.60798581948));
#1399 = SURFACE_CURVE('',#1400,(#1405,#1412),.PCURVE_S1.);
#1400 = CIRCLE('',#1401,43.);
#1401 = AXIS2_PLACEMENT_3D('',#1402,#1403,#1404);
#1402 = CARTESIAN_POINT('',(190.,-73.76174350883,524.84207643303));
#1403 = DIRECTION('',(9.E-17,-0.13917310096,0.990268068742));
#1404 = DIRECTION('',(-1.,-2.929875940567E-15,-3.20882728735E-16));
#1405 = PCURVE('',#675,#1406);
#1406 = DEFINITIONAL_REPRESENTATION('',(#1407),#1411);
#1407 = LINE('',#1408,#1409);
#1408 = CARTESIAN_POINT('',(0.,160.));
#1409 = VECTOR('',#1410,1.);
#1410 = DIRECTION('',(1.,0.));
#1411 = ( GEOMETRIC_REPRESENTATION_CONTEXT(2) 
PARAMETRIC_REPRESENTATION_CONTEXT() REPRESENTATION_CONTEXT('2D SPACE',''
  ) );
#1412 = PCURVE('',#1413,#1418);
#1413 = SPHERICAL_SURFACE('',#1414,65.);
#1414 = AXIS2_PLACEMENT_3D('',#1415,#1416,#1417);
#1415 = CARTESIAN_POINT('',(190.,-80.54562921138,573.11193136108));
#1416 = DIRECTION('',(-9.E-17,0.13917310096,-0.990268068742));
#1417 = DIRECTION('',(-1.,-2.550345284443E-15,-2.675431735283E-16));
#1418 = DEFINITIONAL_REPRESENTATION('',(#1419),#1423);
#1419 = LINE('',#1420,#1421);
#1420 = CARTESIAN_POINT('',(-0.,0.847927892678));
#1421 = VECTOR('',#1422,1.);
#1422 = DIRECTION('',(-1.,0.));
#1423 = ( GEOMETRIC_REPRESENTATION_CONTEXT(2) 
PARAMETRIC_REPRESENTATION_CONTEXT() REPRESENTATION_CONTEXT('2D SPACE',''
  ) );
#1424 = ORIENTED_EDGE('',*,*,#1425,.F.);
#1425 = EDGE_CURVE('',#1304,#1397,#1426,.T.);
#1426 = SURFACE_CURVE('',#1427,(#1445,#1466),.PCURVE_S1.);
#1427 = B_SPLINE_CURVE_WITH_KNOTS('',6,(#1428,#1429,#1430,#1431,#1432,
    #1433,#1434,#1435,#1436,#1437,#1438,#1439,#1440,#1441,#1442,#1443,
    #1444),.UNSPECIFIED.,.F.,.F.,(7,5,5,7),(0.,0.524929406681,
    0.782211466885,1.),.UNSPECIFIED.);
#1428 = CARTESIAN_POINT('',(147.,-73.03028175954,519.63745564903));
#1429 = CARTESIAN_POINT('',(147.,-75.38605800561,519.30637288904));
#1430 = CARTESIAN_POINT('',(147.15793312321,-77.74255996421,
    519.10218641058));
#1431 = CARTESIAN_POINT('',(147.4695871439,-80.07267762395,
    519.02531422826));
#1432 = CARTESIAN_POINT('',(147.92321465749,-82.34853220422,
    519.06896323992));
#1433 = CARTESIAN_POINT('',(148.49962172191,-84.5428528289,
    519.21916432864));
#1434 = CARTESIAN_POINT('',(149.50067442894,-87.65154125699,
    519.57161985833));
#1435 = CARTESIAN_POINT('',(149.85387467559,-88.65124566726,
    519.70864659964));
#1436 = CARTESIAN_POINT('',(150.22905506928,-89.62782559229,
    519.864985268));
#1437 = CARTESIAN_POINT('',(150.62436519233,-90.58104312511,
    520.03891177018));
#1438 = CARTESIAN_POINT('',(151.03805862743,-91.51075346605,
    520.22876901549));
#1439 = CARTESIAN_POINT('',(151.8328485203,-93.18396001889,
    520.60582841074));
#1440 = CARTESIAN_POINT('',(152.20927996104,-93.93430031872,
    520.78900206603));
#1441 = CARTESIAN_POINT('',(152.59692591113,-94.66815284273,
    520.98160095951));
#1442 = CARTESIAN_POINT('',(152.9950163308,-95.38577397784,
    521.18279750342));
#1443 = CARTESIAN_POINT('',(153.40287009788,-96.08744965388,
    521.39182694548));
#1444 = CARTESIAN_POINT('',(153.8198957781,-96.77349526976,
    521.60798623848));
#1445 = PCURVE('',#675,#1446);
#1446 = DEFINITIONAL_REPRESENTATION('',(#1447),#1465);
#1447 = B_SPLINE_CURVE_WITH_KNOTS('',6,(#1448,#1449,#1450,#1451,#1452,
    #1453,#1454,#1455,#1456,#1457,#1458,#1459,#1460,#1461,#1462,#1463,
    #1464),.UNSPECIFIED.,.F.,.F.,(7,5,5,7),(0.,0.524929406681,
    0.782211466885,1.),.UNSPECIFIED.);
#1448 = CARTESIAN_POINT('',(0.,154.74423042781));
#1449 = CARTESIAN_POINT('',(5.532390251099E-02,154.74423042781));
#1450 = CARTESIAN_POINT('',(0.110253806884,154.86999276312));
#1451 = CARTESIAN_POINT('',(0.164468837401,155.11815839591));
#1452 = CARTESIAN_POINT('',(0.21763196992,155.47812035765));
#1453 = CARTESIAN_POINT('',(0.269358509612,155.93225010555));
#1454 = CARTESIAN_POINT('',(0.34355609273,156.7139213707));
#1455 = CARTESIAN_POINT('',(0.367572296206,156.98874654));
#1456 = CARTESIAN_POINT('',(0.391210033783,157.27947738769));
#1457 = CARTESIAN_POINT('',(0.4144779304,157.58437348904));
#1458 = CARTESIAN_POINT('',(0.437383639412,157.90177372783));
#1459 = CARTESIAN_POINT('',(0.479023494353,158.50802895147));
#1460 = CARTESIAN_POINT('',(0.497862401255,158.79384715964));
#1461 = CARTESIAN_POINT('',(0.516462010419,159.08670422535));
#1462 = CARTESIAN_POINT('',(0.534832953374,159.38581629701));
#1463 = CARTESIAN_POINT('',(0.552985887836,159.69046585861));
#1464 = CARTESIAN_POINT('',(0.570931814802,160.0000006));
#1465 = ( GEOMETRIC_REPRESENTATION_CONTEXT(2) 
PARAMETRIC_REPRESENTATION_CONTEXT() REPRESENTATION_CONTEXT('2D SPACE',''
  ) );
#1466 = PCURVE('',#1370,#1467);
#1467 = DEFINITIONAL_REPRESENTATION('',(#1468),#1486);
#1468 = B_SPLINE_CURVE_WITH_KNOTS('',6,(#1469,#1470,#1471,#1472,#1473,
    #1474,#1475,#1476,#1477,#1478,#1479,#1480,#1481,#1482,#1483,#1484,
    #1485),.UNSPECIFIED.,.F.,.F.,(7,5,5,7),(0.,0.524929406681,
    0.782211466885,1.),.UNSPECIFIED.);
#1469 = CARTESIAN_POINT('',(-3.14159265359,42.999999999999));
#1470 = CARTESIAN_POINT('',(-3.097538434924,42.999999999999));
#1471 = CARTESIAN_POINT('',(-3.053797920436,42.842066876782));
#1472 = CARTESIAN_POINT('',(-3.010715658585,42.530412856092));
#1473 = CARTESIAN_POINT('',(-2.968641760722,42.076785342501));
#1474 = CARTESIAN_POINT('',(-2.927951502047,41.500378278081));
#1475 = CARTESIAN_POINT('',(-2.870014374202,40.499325571055));
#1476 = CARTESIAN_POINT('',(-2.851333313861,40.146125324405));
#1477 = CARTESIAN_POINT('',(-2.833025015813,39.770944930711));
#1478 = CARTESIAN_POINT('',(-2.815087444511,39.375634807667));
#1479 = CARTESIAN_POINT('',(-2.797518850775,38.96194137256));
#1480 = CARTESIAN_POINT('',(-2.765756519879,38.167151479696));
#1481 = CARTESIAN_POINT('',(-2.7514555414,37.790720038951));
#1482 = CARTESIAN_POINT('',(-2.737408497005,37.403074088865));
#1483 = CARTESIAN_POINT('',(-2.723609553274,37.00498366919));
#1484 = CARTESIAN_POINT('',(-2.710052912138,36.597129902113));
#1485 = CARTESIAN_POINT('',(-2.696732658432,36.180104221891));
#1486 = ( GEOMETRIC_REPRESENTATION_CONTEXT(2) 
PARAMETRIC_REPRESENTATION_CONTEXT() REPRESENTATION_CONTEXT('2D SPACE',''
  ) );
#1487 = ORIENTED_EDGE('',*,*,#1303,.F.);
#1488 = ADVANCED_FACE('',(#1489,#1523),#1230,.F.);
#1489 = FACE_BOUND('',#1490,.T.);
#1490 = EDGE_LOOP('',(#1491));
#1491 = ORIENTED_EDGE('',*,*,#1492,.T.);
#1492 = EDGE_CURVE('',#1493,#1493,#1495,.T.);
#1493 = VERTEX_POINT('',#1494);
#1494 = CARTESIAN_POINT('',(3.003770839271E+03,1.199111541274E+03,0.));
#1495 = SURFACE_CURVE('',#1496,(#1501,#1508),.PCURVE_S1.);
#1496 = CIRCLE('',#1497,1.199111541274E+03);
#1497 = AXIS2_PLACEMENT_3D('',#1498,#1499,#1500);
#1498 = CARTESIAN_POINT('',(3.003770839271E+03,0.,0.));
#1499 = DIRECTION('',(1.,0.,0.));
#1500 = DIRECTION('',(0.,1.,0.));
#1501 = PCURVE('',#1230,#1502);
#1502 = DEFINITIONAL_REPRESENTATION('',(#1503),#1507);
#1503 = CIRCLE('',#1504,1.199111541274E+03);
#1504 = AXIS2_PLACEMENT_2D('',#1505,#1506);
#1505 = CARTESIAN_POINT('',(0.,0.));
#1506 = DIRECTION('',(1.,-0.));
#1507 = ( GEOMETRIC_REPRESENTATION_CONTEXT(2) 
PARAMETRIC_REPRESENTATION_CONTEXT() REPRESENTATION_CONTEXT('2D SPACE',''
  ) );
#1508 = PCURVE('',#1509,#1518);
#1509 = SURFACE_OF_REVOLUTION('',#1510,#1515);
#1510 = PARABOLA('',#1511,624.15162335224);
#1511 = AXIS2_PLACEMENT_3D('',#1512,#1513,#1514);
#1512 = CARTESIAN_POINT('',(-486.6514777656,-510.045497427,0.));
#1513 = DIRECTION('',(-0.,0.,1.));
#1514 = DIRECTION('',(0.955805440765,-0.293999930958,0.));
#1515 = AXIS1_PLACEMENT('',#1516,#1517);
#1516 = CARTESIAN_POINT('',(0.,0.,0.));
#1517 = DIRECTION('',(1.,0.,0.));
#1518 = DEFINITIONAL_REPRESENTATION('',(#1519),#1522);
#1519 = B_SPLINE_CURVE_WITH_KNOTS('',1,(#1520,#1521),.UNSPECIFIED.,.F.,
  .F.,(2,2),(0.,6.28318530718),.PIECEWISE_BEZIER_KNOTS.);
#1520 = CARTESIAN_POINT('',(0.,2.659805516938E+03));
#1521 = CARTESIAN_POINT('',(6.28318530718,2.659805516938E+03));
#1522 = ( GEOMETRIC_REPRESENTATION_CONTEXT(2) 
PARAMETRIC_REPRESENTATION_CONTEXT() REPRESENTATION_CONTEXT('2D SPACE',''
  ) );
#1523 = FACE_BOUND('',#1524,.T.);
#1524 = EDGE_LOOP('',(#1525));
#1525 = ORIENTED_EDGE('',*,*,#1215,.F.);
#1526 = ADVANCED_FACE('',(#1527),#1286,.F.);
#1527 = FACE_BOUND('',#1528,.F.);
#1528 = EDGE_LOOP('',(#1529,#1558,#1579,#1580));
#1529 = ORIENTED_EDGE('',*,*,#1530,.T.);
#1530 = EDGE_CURVE('',#1531,#1531,#1533,.T.);
#1531 = VERTEX_POINT('',#1532);
#1532 = CARTESIAN_POINT('',(400.93404284309,531.26665428846,0.));
#1533 = SURFACE_CURVE('',#1534,(#1539,#1546),.PCURVE_S1.);
#1534 = CIRCLE('',#1535,531.26665428846);
#1535 = AXIS2_PLACEMENT_3D('',#1536,#1537,#1538);
#1536 = CARTESIAN_POINT('',(400.93404284309,0.,0.));
#1537 = DIRECTION('',(1.,0.,0.));
#1538 = DIRECTION('',(0.,1.,0.));
#1539 = PCURVE('',#1286,#1540);
#1540 = DEFINITIONAL_REPRESENTATION('',(#1541),#1545);
#1541 = LINE('',#1542,#1543);
#1542 = CARTESIAN_POINT('',(0.,0.));
#1543 = VECTOR('',#1544,1.);
#1544 = DIRECTION('',(1.,0.));
#1545 = ( GEOMETRIC_REPRESENTATION_CONTEXT(2) 
PARAMETRIC_REPRESENTATION_CONTEXT() REPRESENTATION_CONTEXT('2D SPACE',''
  ) );
#1546 = PCURVE('',#1547,#1552);
#1547 = PLANE('',#1548);
#1548 = AXIS2_PLACEMENT_3D('',#1549,#1550,#1551);
#1549 = CARTESIAN_POINT('',(400.93404284309,0.,0.));
#1550 = DIRECTION('',(1.,0.,0.));
#1551 = DIRECTION('',(0.,1.,0.));
#1552 = DEFINITIONAL_REPRESENTATION('',(#1553),#1557);
#1553 = CIRCLE('',#1554,531.26665428846);
#1554 = AXIS2_PLACEMENT_2D('',#1555,#1556);
#1555 = CARTESIAN_POINT('',(0.,0.));
#1556 = DIRECTION('',(1.,0.));
#1557 = ( GEOMETRIC_REPRESENTATION_CONTEXT(2) 
PARAMETRIC_REPRESENTATION_CONTEXT() REPRESENTATION_CONTEXT('2D SPACE',''
  ) );
#1558 = ORIENTED_EDGE('',*,*,#1559,.T.);
#1559 = EDGE_CURVE('',#1531,#1247,#1560,.T.);
#1560 = SEAM_CURVE('',#1561,(#1565,#1572),.PCURVE_S1.);
#1561 = LINE('',#1562,#1563);
#1562 = CARTESIAN_POINT('',(400.93404284309,531.26665428846,0.));
#1563 = VECTOR('',#1564,1.);
#1564 = DIRECTION('',(1.,0.,0.));
#1565 = PCURVE('',#1286,#1566);
#1566 = DEFINITIONAL_REPRESENTATION('',(#1567),#1571);
#1567 = LINE('',#1568,#1569);
#1568 = CARTESIAN_POINT('',(0.,0.));
#1569 = VECTOR('',#1570,1.);
#1570 = DIRECTION('',(0.,1.));
#1571 = ( GEOMETRIC_REPRESENTATION_CONTEXT(2) 
PARAMETRIC_REPRESENTATION_CONTEXT() REPRESENTATION_CONTEXT('2D SPACE',''
  ) );
#1572 = PCURVE('',#1286,#1573);
#1573 = DEFINITIONAL_REPRESENTATION('',(#1574),#1578);
#1574 = LINE('',#1575,#1576);
#1575 = CARTESIAN_POINT('',(6.28318530718,0.));
#1576 = VECTOR('',#1577,1.);
#1577 = DIRECTION('',(0.,1.));
#1578 = ( GEOMETRIC_REPRESENTATION_CONTEXT(2) 
PARAMETRIC_REPRESENTATION_CONTEXT() REPRESENTATION_CONTEXT('2D SPACE',''
  ) );
#1579 = ORIENTED_EDGE('',*,*,#1272,.F.);
#1580 = ORIENTED_EDGE('',*,*,#1559,.F.);
#1581 = ADVANCED_FACE('',(#1582),#1370,.T.);
#1582 = FACE_BOUND('',#1583,.F.);
#1583 = EDGE_LOOP('',(#1584,#1802,#1825,#1852,#1853,#2060,#2061));
#1584 = ORIENTED_EDGE('',*,*,#1585,.T.);
#1585 = EDGE_CURVE('',#1327,#1586,#1588,.T.);
#1586 = VERTEX_POINT('',#1587);
#1587 = CARTESIAN_POINT('',(153.81989496975,-88.06097666322,
    626.58640707312));
#1588 = SURFACE_CURVE('',#1589,(#1658,#1730),.PCURVE_S1.);
#1589 = B_SPLINE_CURVE_WITH_KNOTS('',7,(#1590,#1591,#1592,#1593,#1594,
    #1595,#1596,#1597,#1598,#1599,#1600,#1601,#1602,#1603,#1604,#1605,
    #1606,#1607,#1608,#1609,#1610,#1611,#1612,#1613,#1614,#1615,#1616,
    #1617,#1618,#1619,#1620,#1621,#1622,#1623,#1624,#1625,#1626,#1627,
    #1628,#1629,#1630,#1631,#1632,#1633,#1634,#1635,#1636,#1637,#1638,
    #1639,#1640,#1641,#1642,#1643,#1644,#1645,#1646,#1647,#1648,#1649,
    #1650,#1651,#1652,#1653,#1654,#1655,#1656,#1657),.UNSPECIFIED.,.F.,
  .F.,(8,6,6,6,6,6,6,6,6,6,6,8),(0.,0.171854680118,0.294463382749,
    0.333658197016,0.366320539043,0.399987875048,0.537670445234,
    0.675353390749,0.813040027882,0.950240140886,0.958784641337,1.),
  .UNSPECIFIED.);
#1590 = CARTESIAN_POINT('',(153.81989496974,-50.74999307773,
    528.07616704658));
#1591 = CARTESIAN_POINT('',(153.81989496974,-47.76849897721,
    530.04872185287));
#1592 = CARTESIAN_POINT('',(153.81989496974,-44.9389925046,
    532.25179973681));
#1593 = CARTESIAN_POINT('',(153.81989496975,-42.28340465812,
    534.67103339203));
#1594 = CARTESIAN_POINT('',(153.81989496974,-39.82128379393,
    537.289748135));
#1595 = CARTESIAN_POINT('',(153.81989496974,-37.57013076413,
    540.08934395431));
#1596 = CARTESIAN_POINT('',(153.81989496974,-35.54539727611,
    543.04930574618));
#1597 = CARTESIAN_POINT('',(153.81989496974,-32.48637701987,
    548.3568406208));
#1598 = CARTESIAN_POINT('',(153.81989496974,-31.33441432872,
    550.637044932));
#1599 = CARTESIAN_POINT('',(153.81989496974,-30.30891380891,
    552.97935697751));
#1600 = CARTESIAN_POINT('',(153.81989496974,-29.41382294721,
    555.37534383424));
#1601 = CARTESIAN_POINT('',(153.81989496974,-28.65239034363,
    557.81631055224));
#1602 = CARTESIAN_POINT('',(153.81989496974,-28.02716504592,
    560.29330264463));
#1603 = CARTESIAN_POINT('',(153.81989496974,-27.38417625345,
    563.59747867972));
#1604 = CARTESIAN_POINT('',(153.81989496974,-27.24252088377,
    564.40061688332));
#1605 = CARTESIAN_POINT('',(153.81989496974,-27.11502395792,
    565.20620081964));
#1606 = CARTESIAN_POINT('',(153.81989496974,-27.00173560084,
    566.01393091614));
#1607 = CARTESIAN_POINT('',(153.81989496974,-26.90269798758,
    566.82350648694));
#1608 = CARTESIAN_POINT('',(153.81989496974,-26.8179453433,
    567.63462573278));
#1609 = CARTESIAN_POINT('',(153.81989496974,-26.68880278234,
    569.1239523484));
#1610 = CARTESIAN_POINT('',(153.81989496974,-26.64003996156,
    569.8017808274));
#1611 = CARTESIAN_POINT('',(153.81989496974,-26.6012306735,
    570.48029594553));
#1612 = CARTESIAN_POINT('',(153.81989496974,-26.57238624343,
    571.15932230644));
#1613 = CARTESIAN_POINT('',(153.81989496974,-26.55351412934,
    571.83868434998));
#1614 = CARTESIAN_POINT('',(153.81989496974,-26.54461792194,
    572.51820635217));
#1615 = CARTESIAN_POINT('',(153.81989496974,-26.54680998038,
    573.8981263533));
#1616 = CARTESIAN_POINT('',(153.81989496974,-26.55852157541,
    574.59852354644));
#1617 = CARTESIAN_POINT('',(153.81989496974,-26.58083182053,
    575.29871136633));
#1618 = CARTESIAN_POINT('',(153.81989496974,-26.61373604185,
    575.99849738011));
#1619 = CARTESIAN_POINT('',(153.81989496974,-26.65722520082,
    576.69768936038));
#1620 = CARTESIAN_POINT('',(153.81989496974,-26.71128589423,
    577.39609528524));
#1621 = CARTESIAN_POINT('',(153.81989496974,-27.04014118754,
    580.94565535268));
#1622 = CARTESIAN_POINT('',(153.81989496974,-27.48089381748,
    583.78154616373));
#1623 = CARTESIAN_POINT('',(153.81989496974,-28.09694982655,
    586.58789033265));
#1624 = CARTESIAN_POINT('',(153.81989496974,-28.88583602831,
    589.35173456963));
#1625 = CARTESIAN_POINT('',(153.81989496974,-29.84394659093,
    592.06044584693));
#1626 = CARTESIAN_POINT('',(153.81989496974,-30.96654451333,
    594.7017168137));
#1627 = CARTESIAN_POINT('',(153.81989496974,-33.52872388674,
    599.82550719457));
#1628 = CARTESIAN_POINT('',(153.81989496974,-34.96840596257,
    602.30822567774));
#1629 = CARTESIAN_POINT('',(153.81989496974,-36.56072458209,
    604.6998033656));
#1630 = CARTESIAN_POINT('',(153.81989496974,-38.29867446261,
    606.9890663203));
#1631 = CARTESIAN_POINT('',(153.81989496974,-40.17431042474,
    609.16554975705));
#1632 = CARTESIAN_POINT('',(153.81989496974,-42.1787504371,
    611.21950282208));
#1633 = CARTESIAN_POINT('',(153.81989496974,-46.42544733288,
    615.06450003189));
#1634 = CARTESIAN_POINT('',(153.81989496974,-48.66787607679,
    616.85568696979));
#1635 = CARTESIAN_POINT('',(153.81989496974,-51.01946406102,
    618.50654977177));
#1636 = CARTESIAN_POINT('',(153.81989496974,-53.46962189141,
    620.00921604123));
#1637 = CARTESIAN_POINT('',(153.81989496974,-56.00714045416,
    621.3568171009));
#1638 = CARTESIAN_POINT('',(153.81989496974,-58.62019297093,
    622.54349126859));
#1639 = CARTESIAN_POINT('',(153.81989496974,-63.96289493981,
    624.58191210706));
#1640 = CARTESIAN_POINT('',(153.81989496974,-66.69230994715,
    625.43490762045));
#1641 = CARTESIAN_POINT('',(153.81989496974,-69.47215215318,
    626.11876117292));
#1642 = CARTESIAN_POINT('',(153.81989496974,-72.28982240103,
    626.63002354065));
#1643 = CARTESIAN_POINT('',(153.81989496974,-75.13252080146,
    626.96639633786));
#1644 = CARTESIAN_POINT('',(153.81989496974,-77.9872636281,
    627.12672586391));
#1645 = CARTESIAN_POINT('',(153.81989496974,-81.01857601315,
    627.11015267438));
#1646 = CARTESIAN_POINT('',(153.81989496974,-81.19628733,627.1084986941)
  );
#1647 = CARTESIAN_POINT('',(153.81989496974,-81.37399151016,
    627.10616238295));
#1648 = CARTESIAN_POINT('',(153.81989496974,-81.55168541673,
    627.10314377976));
#1649 = CARTESIAN_POINT('',(153.81989496974,-81.72936591344,
    627.09944294127));
#1650 = CARTESIAN_POINT('',(153.81989496974,-81.90702986468,
    627.09505994217));
#1651 = CARTESIAN_POINT('',(153.81989496974,-82.94156124977,
    627.06556295444));
#1652 = CARTESIAN_POINT('',(153.81989493776,-83.79799069108,
    627.02526113902));
#1653 = CARTESIAN_POINT('',(153.81989496974,-84.65361023405,
    626.96909997423));
#1654 = CARTESIAN_POINT('',(153.81989501452,-85.50806855256,
    626.89709947477));
#1655 = CARTESIAN_POINT('',(153.81989499107,-86.36101523275,
    626.80928926357));
#1656 = CARTESIAN_POINT('',(153.81989490577,-87.21210078624,
    626.70570871087));
#1657 = CARTESIAN_POINT('',(153.81989496974,-88.06097666322,
    626.58640707312));
#1658 = PCURVE('',#1370,#1659);
#1659 = DEFINITIONAL_REPRESENTATION('',(#1660),#1729);
#1660 = B_SPLINE_CURVE_WITH_KNOTS('',7,(#1661,#1662,#1663,#1664,#1665,
    #1666,#1667,#1668,#1669,#1670,#1671,#1672,#1673,#1674,#1675,#1676,
    #1677,#1678,#1679,#1680,#1681,#1682,#1683,#1684,#1685,#1686,#1687,
    #1688,#1689,#1690,#1691,#1692,#1693,#1694,#1695,#1696,#1697,#1698,
    #1699,#1700,#1701,#1702,#1703,#1704,#1705,#1706,#1707,#1708,#1709,
    #1710,#1711,#1712,#1713,#1714,#1715,#1716,#1717,#1718,#1719,#1720,
    #1721,#1722,#1723,#1724,#1725,#1726,#1727,#1728),.UNSPECIFIED.,.F.,
  .F.,(8,6,6,6,6,6,6,6,6,6,6,8),(0.,0.171854680118,0.294463382749,
    0.333658197016,0.366320539043,0.399987875048,0.537670445234,
    0.675353390749,0.813040027882,0.950240140886,0.958784641337,1.),
  .UNSPECIFIED.);
#1661 = CARTESIAN_POINT('',(-3.586452622928,36.180105030251));
#1662 = CARTESIAN_POINT('',(-3.652655431871,36.180105030251));
#1663 = CARTESIAN_POINT('',(-3.718866370384,36.180105030254));
#1664 = CARTESIAN_POINT('',(-3.785073836498,36.180105030248));
#1665 = CARTESIAN_POINT('',(-3.851279986453,36.180105030254));
#1666 = CARTESIAN_POINT('',(-3.917488938205,36.180105030251));
#1667 = CARTESIAN_POINT('',(-3.983703077331,36.180105030252));
#1668 = CARTESIAN_POINT('',(-4.097147000882,36.180105030252));
#1669 = CARTESIAN_POINT('',(-4.144384066719,36.180105030252));
#1670 = CARTESIAN_POINT('',(-4.191620362587,36.180105030252));
#1671 = CARTESIAN_POINT('',(-4.238856167702,36.180105030252));
#1672 = CARTESIAN_POINT('',(-4.286092539247,36.180105030252));
#1673 = CARTESIAN_POINT('',(-4.333329773004,36.180105030252));
#1674 = CARTESIAN_POINT('',(-4.395666016247,36.180105030252));
#1675 = CARTESIAN_POINT('',(-4.410766169275,36.180105030252));
#1676 = CARTESIAN_POINT('',(-4.42586632397,36.180105030252));
#1677 = CARTESIAN_POINT('',(-4.440966479622,36.180105030252));
#1678 = CARTESIAN_POINT('',(-4.456066635554,36.180105030252));
#1679 = CARTESIAN_POINT('',(-4.471166791122,36.180105030252));
#1680 = CARTESIAN_POINT('',(-4.498850406642,36.180105030252));
#1681 = CARTESIAN_POINT('',(-4.511433868323,36.180105030252));
#1682 = CARTESIAN_POINT('',(-4.524017330494,36.180105030252));
#1683 = CARTESIAN_POINT('',(-4.5366007929,36.180105030252));
#1684 = CARTESIAN_POINT('',(-4.549184255295,36.180105030252));
#1685 = CARTESIAN_POINT('',(-4.561767717444,36.180105030252));
#1686 = CARTESIAN_POINT('',(-4.587321823781,36.180105030252));
#1687 = CARTESIAN_POINT('',(-4.600292469108,36.180105030252));
#1688 = CARTESIAN_POINT('',(-4.613263114835,36.180105030252));
#1689 = CARTESIAN_POINT('',(-4.626233760702,36.180105030252));
#1690 = CARTESIAN_POINT('',(-4.639204406456,36.180105030252));
#1691 = CARTESIAN_POINT('',(-4.652175051847,36.180105030252));
#1692 = CARTESIAN_POINT('',(-4.718189148307,36.180105030251));
#1693 = CARTESIAN_POINT('',(-4.771234648933,36.180105030252));
#1694 = CARTESIAN_POINT('',(-4.824278646621,36.180105030251));
#1695 = CARTESIAN_POINT('',(-4.877321688278,36.180105030251));
#1696 = CARTESIAN_POINT('',(-4.930365686008,36.180105030251));
#1697 = CARTESIAN_POINT('',(-4.983411183012,36.180105030251));
#1698 = CARTESIAN_POINT('',(-5.089498199552,36.180105030251));
#1699 = CARTESIAN_POINT('',(-5.142543815458,36.180105030251));
#1700 = CARTESIAN_POINT('',(-5.195587908225,36.180105030251));
#1701 = CARTESIAN_POINT('',(-5.248631007671,36.180105030251));
#1702 = CARTESIAN_POINT('',(-5.301674998391,36.180105030251));
#1703 = CARTESIAN_POINT('',(-5.354720382887,36.180105030251));
#1704 = CARTESIAN_POINT('',(-5.460808122004,36.180105030251));
#1705 = CARTESIAN_POINT('',(-5.513854593691,36.180105030251));
#1706 = CARTESIAN_POINT('',(-5.566899235337,36.180105030251));
#1707 = CARTESIAN_POINT('',(-5.619942689846,36.180105030251));
#1708 = CARTESIAN_POINT('',(-5.672986425684,36.180105030251));
#1709 = CARTESIAN_POINT('',(-5.726030987231,36.180105030251));
#1710 = CARTESIAN_POINT('',(-5.83192651486,36.180105030251));
#1711 = CARTESIAN_POINT('',(-5.88478166892,36.180105030251));
#1712 = CARTESIAN_POINT('',(-5.9376339199,36.180105030251));
#1713 = CARTESIAN_POINT('',(-5.990483718142,36.180105030251));
#1714 = CARTESIAN_POINT('',(-6.0433324787,36.180105030251));
#1715 = CARTESIAN_POINT('',(-6.096181064027,36.180105030251));
#1716 = CARTESIAN_POINT('',(-6.152317317551,36.180105030251));
#1717 = CARTESIAN_POINT('',(-6.155608386135,36.180105030251));
#1718 = CARTESIAN_POINT('',(-6.158899449866,36.180105030251));
#1719 = CARTESIAN_POINT('',(-6.162190508872,36.180105030251));
#1720 = CARTESIAN_POINT('',(-6.165481563284,36.180105030251));
#1721 = CARTESIAN_POINT('',(-6.16877261324,36.180105030251));
#1722 = CARTESIAN_POINT('',(-6.187938387589,36.180105030251));
#1723 = CARTESIAN_POINT('',(-6.203813020421,36.180105062237));
#1724 = CARTESIAN_POINT('',(-6.219687565736,36.180105030251));
#1725 = CARTESIAN_POINT('',(-6.235562043547,36.180104985471));
#1726 = CARTESIAN_POINT('',(-6.25143647887,36.180105008928));
#1727 = CARTESIAN_POINT('',(-6.267310895065,36.180105094223));
#1728 = CARTESIAN_POINT('',(-6.28318530718,36.180105030251));
#1729 = ( GEOMETRIC_REPRESENTATION_CONTEXT(2) 
PARAMETRIC_REPRESENTATION_CONTEXT() REPRESENTATION_CONTEXT('2D SPACE',''
  ) );
#1730 = PCURVE('',#1413,#1731);
#1731 = DEFINITIONAL_REPRESENTATION('',(#1732),#1801);
#1732 = B_SPLINE_CURVE_WITH_KNOTS('',7,(#1733,#1734,#1735,#1736,#1737,
    #1738,#1739,#1740,#1741,#1742,#1743,#1744,#1745,#1746,#1747,#1748,
    #1749,#1750,#1751,#1752,#1753,#1754,#1755,#1756,#1757,#1758,#1759,
    #1760,#1761,#1762,#1763,#1764,#1765,#1766,#1767,#1768,#1769,#1770,
    #1771,#1772,#1773,#1774,#1775,#1776,#1777,#1778,#1779,#1780,#1781,
    #1782,#1783,#1784,#1785,#1786,#1787,#1788,#1789,#1790,#1791,#1792,
    #1793,#1794,#1795,#1796,#1797,#1798,#1799,#1800),.UNSPECIFIED.,.F.,
  .F.,(8,6,6,6,6,6,6,6,6,6,6,8),(0.,0.171854680118,0.294463382749,
    0.333658197016,0.366320539043,0.399987875048,0.537670445234,
    0.675353390749,0.813040027882,0.950240140886,0.958784641337,1.),
  .UNSPECIFIED.);
#1733 = CARTESIAN_POINT('',(-5.712253527164,0.847927892678));
#1734 = CARTESIAN_POINT('',(-5.649109460698,0.812150816886));
#1735 = CARTESIAN_POINT('',(-5.594258140747,0.772265584132));
#1736 = CARTESIAN_POINT('',(-5.547178913768,0.729158749554));
#1737 = CARTESIAN_POINT('',(-5.506741076637,0.683556172088));
#1738 = CARTESIAN_POINT('',(-5.472017469932,0.635963544968));
#1739 = CARTESIAN_POINT('',(-5.442222538369,0.58678105261));
#1740 = CARTESIAN_POINT('',(-5.398554776121,0.500332949765));
#1741 = CARTESIAN_POINT('',(-5.382564226896,0.463687877685));
#1742 = CARTESIAN_POINT('',(-5.368539670812,0.426507800318));
#1743 = CARTESIAN_POINT('',(-5.356295174138,0.388883820922));
#1744 = CARTESIAN_POINT('',(-5.345681401295,0.350891110858));
#1745 = CARTESIAN_POINT('',(-5.336581037601,0.312594953351));
#1746 = CARTESIAN_POINT('',(-5.326448463976,0.261734873956));
#1747 = CARTESIAN_POINT('',(-5.324139301821,0.249389677578));
#1748 = CARTESIAN_POINT('',(-5.321972499996,0.237021369205));
#1749 = CARTESIAN_POINT('',(-5.319945356893,0.224631772873));
#1750 = CARTESIAN_POINT('',(-5.318055432028,0.212222650271));
#1751 = CARTESIAN_POINT('',(-5.316300546049,0.199795700745));
#1752 = CARTESIAN_POINT('',(-5.313327309761,0.176983279434));
#1753 = CARTESIAN_POINT('',(-5.312068278132,0.166602758313));
#1754 = CARTESIAN_POINT('',(-5.310900572037,0.156211947723));
#1755 = CARTESIAN_POINT('',(-5.309823191072,0.145811779054));
#1756 = CARTESIAN_POINT('',(-5.308835248235,0.135403165296));
#1757 = CARTESIAN_POINT('',(-5.30793596992,0.124987001039));
#1758 = CARTESIAN_POINT('',(-5.306288459681,0.10382062155));
#1759 = CARTESIAN_POINT('',(-5.305545724167,9.306999173137E-02));
#1760 = CARTESIAN_POINT('',(-5.304895765049,8.231323267991E-02));
#1761 = CARTESIAN_POINT('',(-5.304337978273,7.155129386132E-02));
#1762 = CARTESIAN_POINT('',(-5.303871880067,6.078511454415E-02));
#1763 = CARTESIAN_POINT('',(-5.303497106938,5.001562379953E-02));
#1764 = CARTESIAN_POINT('',(-5.302053260247,-4.807876117828E-03));
#1765 = CARTESIAN_POINT('',(-5.302416298041,-4.890118108664E-02));
#1766 = CARTESIAN_POINT('',(-5.304286066994,-9.297015721698E-02));
#1767 = CARTESIAN_POINT('',(-5.307678444435,-0.136953474202));
#1768 = CARTESIAN_POINT('',(-5.312641893588,-0.180788865637));
#1769 = CARTESIAN_POINT('',(-5.319260299082,-0.224406729644));
#1770 = CARTESIAN_POINT('',(-5.336056506811,-0.311039294607));
#1771 = CARTESIAN_POINT('',(-5.346234868262,-0.35405732527));
#1772 = CARTESIAN_POINT('',(-5.358319165087,-0.396692855197));
#1773 = CARTESIAN_POINT('',(-5.372475654324,-0.438853540964));
#1774 = CARTESIAN_POINT('',(-5.388922485904,-0.480431346414));
#1775 = CARTESIAN_POINT('',(-5.407937674288,-0.521291482959));
#1776 = CARTESIAN_POINT('',(-5.45179034689,-0.601225247364));
#1777 = CARTESIAN_POINT('',(-5.47662961368,-0.640301892695));
#1778 = CARTESIAN_POINT('',(-5.504723677578,-0.678311528705));
#1779 = CARTESIAN_POINT('',(-5.53648208846,-0.715041759665));
#1780 = CARTESIAN_POINT('',(-5.572375018739,-0.750231440495));
#1781 = CARTESIAN_POINT('',(-5.612932383697,-0.7835418301));
#1782 = CARTESIAN_POINT('',(-5.703994084937,-0.845470222439));
#1783 = CARTESIAN_POINT('',(-5.754465638267,-0.874107066438));
#1784 = CARTESIAN_POINT('',(-5.810350260612,-0.900061743256));
#1785 = CARTESIAN_POINT('',(-5.871883743271,-0.922864968046));
#1786 = CARTESIAN_POINT('',(-5.939054138401,-0.941971344173));
#1787 = CARTESIAN_POINT('',(-6.010970495549,-0.956862116786));
#1788 = CARTESIAN_POINT('',(-6.090820421268,-0.967852110825));
#1789 = CARTESIAN_POINT('',(-6.095514372464,-0.968478788558));
#1790 = CARTESIAN_POINT('',(-6.100220591957,-0.969087758686));
#1791 = CARTESIAN_POINT('',(-6.104938712295,-0.969678943905));
#1792 = CARTESIAN_POINT('',(-6.109668357676,-0.970252269772));
#1793 = CARTESIAN_POINT('',(-6.11440914395,-0.970807664701));
#1794 = CARTESIAN_POINT('',(-6.142080240368,-0.973937246462));
#1795 = CARTESIAN_POINT('',(-6.165249868661,-0.976110641622));
#1796 = CARTESIAN_POINT('',(-6.18862566435,-0.977857510214));
#1797 = CARTESIAN_POINT('',(-6.212159230472,-0.979171830562));
#1798 = CARTESIAN_POINT('',(-6.235799109994,-0.980049449249));
#1799 = CARTESIAN_POINT('',(-6.259492223551,-0.980488235814));
#1800 = CARTESIAN_POINT('',(-6.28318530718,-0.98048823746));
#1801 = ( GEOMETRIC_REPRESENTATION_CONTEXT(2) 
PARAMETRIC_REPRESENTATION_CONTEXT() REPRESENTATION_CONTEXT('2D SPACE',''
  ) );
#1802 = ORIENTED_EDGE('',*,*,#1803,.T.);
#1803 = EDGE_CURVE('',#1586,#1804,#1806,.T.);
#1804 = VERTEX_POINT('',#1805);
#1805 = CARTESIAN_POINT('',(-20.,-88.06097666322,626.58640707312));
#1806 = SEAM_CURVE('',#1807,(#1811,#1818),.PCURVE_S1.);
#1807 = LINE('',#1808,#1809);
#1808 = CARTESIAN_POINT('',(189.99999999999,-88.06097666322,
    626.58640707312));
#1809 = VECTOR('',#1810,1.);
#1810 = DIRECTION('',(-1.,-0.,0.));
#1811 = PCURVE('',#1370,#1812);
#1812 = DEFINITIONAL_REPRESENTATION('',(#1813),#1817);
#1813 = LINE('',#1814,#1815);
#1814 = CARTESIAN_POINT('',(-0.,0.));
#1815 = VECTOR('',#1816,1.);
#1816 = DIRECTION('',(-0.,1.));
#1817 = ( GEOMETRIC_REPRESENTATION_CONTEXT(2) 
PARAMETRIC_REPRESENTATION_CONTEXT() REPRESENTATION_CONTEXT('2D SPACE',''
  ) );
#1818 = PCURVE('',#1370,#1819);
#1819 = DEFINITIONAL_REPRESENTATION('',(#1820),#1824);
#1820 = LINE('',#1821,#1822);
#1821 = CARTESIAN_POINT('',(-6.28318530718,0.));
#1822 = VECTOR('',#1823,1.);
#1823 = DIRECTION('',(-0.,1.));
#1824 = ( GEOMETRIC_REPRESENTATION_CONTEXT(2) 
PARAMETRIC_REPRESENTATION_CONTEXT() REPRESENTATION_CONTEXT('2D SPACE',''
  ) );
#1825 = ORIENTED_EDGE('',*,*,#1826,.F.);
#1826 = EDGE_CURVE('',#1804,#1804,#1827,.T.);
#1827 = SURFACE_CURVE('',#1828,(#1833,#1840),.PCURVE_S1.);
#1828 = CIRCLE('',#1829,54.);
#1829 = AXIS2_PLACEMENT_3D('',#1830,#1831,#1832);
#1830 = CARTESIAN_POINT('',(-20.,-80.54562921138,573.11193136108));
#1831 = DIRECTION('',(1.,0.,0.));
#1832 = DIRECTION('',(0.,-0.13917310096,0.990268068742));
#1833 = PCURVE('',#1370,#1834);
#1834 = DEFINITIONAL_REPRESENTATION('',(#1835),#1839);
#1835 = LINE('',#1836,#1837);
#1836 = CARTESIAN_POINT('',(-0.,210.));
#1837 = VECTOR('',#1838,1.);
#1838 = DIRECTION('',(-1.,0.));
#1839 = ( GEOMETRIC_REPRESENTATION_CONTEXT(2) 
PARAMETRIC_REPRESENTATION_CONTEXT() REPRESENTATION_CONTEXT('2D SPACE',''
  ) );
#1840 = PCURVE('',#1841,#1846);
#1841 = PLANE('',#1842);
#1842 = AXIS2_PLACEMENT_3D('',#1843,#1844,#1845);
#1843 = CARTESIAN_POINT('',(-20.,-80.54562921138,573.11193136108));
#1844 = DIRECTION('',(1.,0.,0.));
#1845 = DIRECTION('',(0.,-0.13917310096,0.990268068742));
#1846 = DEFINITIONAL_REPRESENTATION('',(#1847),#1851);
#1847 = CIRCLE('',#1848,54.);
#1848 = AXIS2_PLACEMENT_2D('',#1849,#1850);
#1849 = CARTESIAN_POINT('',(0.,0.));
#1850 = DIRECTION('',(1.,-0.));
#1851 = ( GEOMETRIC_REPRESENTATION_CONTEXT(2) 
PARAMETRIC_REPRESENTATION_CONTEXT() REPRESENTATION_CONTEXT('2D SPACE',''
  ) );
#1852 = ORIENTED_EDGE('',*,*,#1803,.F.);
#1853 = ORIENTED_EDGE('',*,*,#1854,.T.);
#1854 = EDGE_CURVE('',#1586,#1397,#1855,.T.);
#1855 = SURFACE_CURVE('',#1856,(#1922,#1991),.PCURVE_S1.);
#1856 = B_SPLINE_CURVE_WITH_KNOTS('',8,(#1857,#1858,#1859,#1860,#1861,
    #1862,#1863,#1864,#1865,#1866,#1867,#1868,#1869,#1870,#1871,#1872,
    #1873,#1874,#1875,#1876,#1877,#1878,#1879,#1880,#1881,#1882,#1883,
    #1884,#1885,#1886,#1887,#1888,#1889,#1890,#1891,#1892,#1893,#1894,
    #1895,#1896,#1897,#1898,#1899,#1900,#1901,#1902,#1903,#1904,#1905,
    #1906,#1907,#1908,#1909,#1910,#1911,#1912,#1913,#1914,#1915,#1916,
    #1917,#1918,#1919,#1920,#1921),.UNSPECIFIED.,.F.,.F.,(9,7,7,7,7,7,7,
    7,7,9),(0.,6.441009471606E-02,8.783121948806E-02,0.119448532114,
    0.166286582587,0.374684744179,0.583077221327,0.773912172465,
    0.965921207858,1.),.UNSPECIFIED.);
#1857 = CARTESIAN_POINT('',(153.81989496974,-88.06097666322,
    626.58640707312));
#1858 = CARTESIAN_POINT('',(153.81989488226,-89.22178954749,
    626.42326534306));
#1859 = CARTESIAN_POINT('',(153.8198950253,-90.37850073997,
    626.23133306608));
#1860 = CARTESIAN_POINT('',(153.81989500775,-91.53030957452,
    626.01072702853));
#1861 = CARTESIAN_POINT('',(153.81989493501,-92.67641082145,
    625.76159034264));
#1862 = CARTESIAN_POINT('',(153.81989494249,-93.8159950416,
    625.48409348916));
#1863 = CARTESIAN_POINT('',(153.81989499752,-94.9482490246,
    625.17843605966));
#1864 = CARTESIAN_POINT('',(153.81989496974,-96.07235631119,
    624.84484919872));
#1865 = CARTESIAN_POINT('',(153.81989496974,-97.59299119387,
    624.35223902708));
#1866 = CARTESIAN_POINT('',(153.81989496974,-97.99730130423,
    624.21722082262));
#1867 = CARTESIAN_POINT('',(153.81989496974,-98.40038965233,
    624.07855653724));
#1868 = CARTESIAN_POINT('',(153.81989496974,-98.80221792272,
    623.93625905843));
#1869 = CARTESIAN_POINT('',(153.81989496974,-99.20274796274,
    623.79034175641));
#1870 = CARTESIAN_POINT('',(153.81989496974,-99.60194178258,
    623.64081848417));
#1871 = CARTESIAN_POINT('',(153.81989496974,-99.99976155523,
    623.48770357744));
#1872 = CARTESIAN_POINT('',(153.81989496974,-100.9313000904,
    623.11948609614));
#1873 = CARTESIAN_POINT('',(153.81989496974,-101.4638579928,
    622.90144206049));
#1874 = CARTESIAN_POINT('',(153.81989496974,-101.9937506291,
    622.67691621792));
#1875 = CARTESIAN_POINT('',(153.81989496974,-102.5208859729,
    622.44594660116));
#1876 = CARTESIAN_POINT('',(153.81989496974,-103.0451726662,
    622.20857280552));
#1877 = CARTESIAN_POINT('',(153.81989496974,-103.5665200189,
    621.96483598885));
#1878 = CARTESIAN_POINT('',(153.81989496974,-104.0848380095,
    621.71477887155));
#1879 = CARTESIAN_POINT('',(153.81989496974,-105.3632561549,
    621.07871250451));
#1880 = CARTESIAN_POINT('',(153.81989496974,-106.1196312812,
    620.6852059294));
#1881 = CARTESIAN_POINT('',(153.81989496974,-106.8688719157,
    620.27807013967));
#1882 = CARTESIAN_POINT('',(153.81989496974,-107.6106913532,
    619.8574563994));
#1883 = CARTESIAN_POINT('',(153.81989496974,-108.3448069438,
    619.42352310794));
#1884 = CARTESIAN_POINT('',(153.81989496974,-109.070940106,
    618.97643579946));
#1885 = CARTESIAN_POINT('',(153.81989496974,-109.7888163402,
    618.51636714257));
#1886 = CARTESIAN_POINT('',(153.81989496974,-113.654295897,
    615.93953915524));
#1887 = CARTESIAN_POINT('',(153.81989496974,-116.6421630868,
    613.58178912442));
#1888 = CARTESIAN_POINT('',(153.81989496974,-119.4370708363,
    610.98645139596));
#1889 = CARTESIAN_POINT('',(153.81989496974,-122.017162291,
    608.1722377522));
#1890 = CARTESIAN_POINT('',(153.81989496974,-124.3629153012,
    605.15986766485));
#1891 = CARTESIAN_POINT('',(153.81989496974,-126.4571367386,
    601.97202383498));
#1892 = CARTESIAN_POINT('',(153.81989496974,-128.2849996815,
    598.63334711041));
#1893 = CARTESIAN_POINT('',(153.81989496974,-131.3841836399,
    591.7084566637));
#1894 = CARTESIAN_POINT('',(153.81989496974,-132.6560561818,
    588.12105127042));
#1895 = CARTESIAN_POINT('',(153.81989496974,-133.6380046628,
    584.43550120759));
#1896 = CARTESIAN_POINT('',(153.81989496974,-134.3215321036,
    580.67927011862));
#1897 = CARTESIAN_POINT('',(153.81989496974,-134.7011751347,
    576.88027614991));
#1898 = CARTESIAN_POINT('',(153.81989496974,-134.7744803329,
    573.06686036337));
#1899 = CARTESIAN_POINT('',(153.81989496974,-134.5420348799,
    569.26776280117));
#1900 = CARTESIAN_POINT('',(153.81989496974,-133.5192918663,
    562.07300126974));
#1901 = CARTESIAN_POINT('',(153.81989496974,-132.7775067417,
    558.66935137001));
#1902 = CARTESIAN_POINT('',(153.81989496974,-131.7858879791,
    555.32355196953));
#1903 = CARTESIAN_POINT('',(153.81989496974,-130.5498877263,
    552.05696955241));
#1904 = CARTESIAN_POINT('',(153.81989496974,-129.0770088395,
    548.89012826563));
#1905 = CARTESIAN_POINT('',(153.81989496974,-127.3766894547,
    545.84273783605));
#1906 = CARTESIAN_POINT('',(153.81989496974,-125.4604041077,
    542.93363025831));
#1907 = CARTESIAN_POINT('',(153.81989496974,-121.2105254083,
    537.41064266308));
#1908 = CARTESIAN_POINT('',(153.81989496974,-118.8739097781,
    534.79800357032));
#1909 = CARTESIAN_POINT('',(153.81989496974,-116.346053966,
    532.36095212481));
#1910 = CARTESIAN_POINT('',(153.81989496974,-113.6425258008,
    530.11569411202));
#1911 = CARTESIAN_POINT('',(153.81989496974,-110.7802926207,
    528.0766435566));
#1912 = CARTESIAN_POINT('',(153.81989496974,-107.7776380632,
    526.25650934148));
#1913 = CARTESIAN_POINT('',(153.81989496974,-104.6542264616,
    524.66618847226));
#1914 = CARTESIAN_POINT('',(153.81989496974,-100.8592739797,
    523.07453929541));
#1915 = CARTESIAN_POINT('',(153.81989496974,-100.284103601,
    522.84213632831));
#1916 = CARTESIAN_POINT('',(153.81989496974,-99.70590094818,
    522.6172919513));
#1917 = CARTESIAN_POINT('',(153.81989496974,-99.12478209678,
    522.40005223836));
#1918 = CARTESIAN_POINT('',(153.81989496974,-98.5408639146,522.190461101
    ));
#1919 = CARTESIAN_POINT('',(153.81989496974,-97.95426406131,
    521.98856028818));
#1920 = CARTESIAN_POINT('',(153.81989496974,-97.36510098855,
    521.79438938636));
#1921 = CARTESIAN_POINT('',(153.81989496974,-96.77349393993,
    521.60798581948));
#1922 = PCURVE('',#1370,#1923);
#1923 = DEFINITIONAL_REPRESENTATION('',(#1924),#1990);
#1924 = B_SPLINE_CURVE_WITH_KNOTS('',8,(#1925,#1926,#1927,#1928,#1929,
    #1930,#1931,#1932,#1933,#1934,#1935,#1936,#1937,#1938,#1939,#1940,
    #1941,#1942,#1943,#1944,#1945,#1946,#1947,#1948,#1949,#1950,#1951,
    #1952,#1953,#1954,#1955,#1956,#1957,#1958,#1959,#1960,#1961,#1962,
    #1963,#1964,#1965,#1966,#1967,#1968,#1969,#1970,#1971,#1972,#1973,
    #1974,#1975,#1976,#1977,#1978,#1979,#1980,#1981,#1982,#1983,#1984,
    #1985,#1986,#1987,#1988,#1989),.UNSPECIFIED.,.F.,.F.,(9,7,7,7,7,7,7,
    7,7,9),(0.,6.441009471606E-02,8.783121948806E-02,0.119448532114,
    0.166286582587,0.374684744179,0.583077221327,0.773912172465,
    0.965921207858,1.),.UNSPECIFIED.);
#1925 = CARTESIAN_POINT('',(0.,36.180105030251));
#1926 = CARTESIAN_POINT('',(-2.170779395455E-02,36.18010511773));
#1927 = CARTESIAN_POINT('',(-4.341457108129E-02,36.180104974696));
#1928 = CARTESIAN_POINT('',(-6.512093539743E-02,36.180104992243));
#1929 = CARTESIAN_POINT('',(-8.682733245531E-02,36.180105064982));
#1930 = CARTESIAN_POINT('',(-0.108534040188,36.180105057508));
#1931 = CARTESIAN_POINT('',(-0.13024115172,36.18010500247));
#1932 = CARTESIAN_POINT('',(-0.151948550156,36.180105030251));
#1933 = CARTESIAN_POINT('',(-0.181549202814,36.180105030251));
#1934 = CARTESIAN_POINT('',(-0.189442563339,36.180105030251));
#1935 = CARTESIAN_POINT('',(-0.19733595792,36.180105030251));
#1936 = CARTESIAN_POINT('',(-0.205229387417,36.180105030251));
#1937 = CARTESIAN_POINT('',(-0.213122852538,36.180105030251));
#1938 = CARTESIAN_POINT('',(-0.221016353832,36.180105030251));
#1939 = CARTESIAN_POINT('',(-0.22890989169,36.180105030251));
#1940 = CARTESIAN_POINT('',(-0.247459385749,36.180105030251));
#1941 = CARTESIAN_POINT('',(-0.258115372767,36.180105030251));
#1942 = CARTESIAN_POINT('',(-0.268771427862,36.180105030251));
#1943 = CARTESIAN_POINT('',(-0.279427551112,36.180105030251));
#1944 = CARTESIAN_POINT('',(-0.290083742227,36.180105030251));
#1945 = CARTESIAN_POINT('',(-0.30074000054,36.180105030251));
#1946 = CARTESIAN_POINT('',(-0.311396325014,36.180105030251));
#1947 = CARTESIAN_POINT('',(-0.337839144356,36.180105030251));
#1948 = CARTESIAN_POINT('',(-0.353625724836,36.180105030251));
#1949 = CARTESIAN_POINT('',(-0.369412441118,36.180105030251));
#1950 = CARTESIAN_POINT('',(-0.385199287284,36.180105030251));
#1951 = CARTESIAN_POINT('',(-0.400986261444,36.180105030251));
#1952 = CARTESIAN_POINT('',(-0.416773361111,36.180105030251));
#1953 = CARTESIAN_POINT('',(-0.432560578576,36.180105030251));
#1954 = CARTESIAN_POINT('',(-0.518590956262,36.180105030251));
#1955 = CARTESIAN_POINT('',(-0.588848202776,36.180105030252));
#1956 = CARTESIAN_POINT('',(-0.659100819374,36.180105030251));
#1957 = CARTESIAN_POINT('',(-0.729348709273,36.180105030252));
#1958 = CARTESIAN_POINT('',(-0.799597217337,36.180105030251));
#1959 = CARTESIAN_POINT('',(-0.869851789618,36.180105030252));
#1960 = CARTESIAN_POINT('',(-0.940112646361,36.180105030252));
#1961 = CARTESIAN_POINT('',(-1.080608350334,36.180105030252));
#1962 = CARTESIAN_POINT('',(-1.150867503902,36.180105030252));
#1963 = CARTESIAN_POINT('',(-1.2211206239,36.180105030252));
#1964 = CARTESIAN_POINT('',(-1.291368070662,36.180105030252));
#1965 = CARTESIAN_POINT('',(-1.361615523029,36.180105030252));
#1966 = CARTESIAN_POINT('',(-1.431868670936,36.180105030252));
#1967 = CARTESIAN_POINT('',(-1.502127909509,36.180105030252));
#1968 = CARTESIAN_POINT('',(-1.636703649865,36.180105030252));
#1969 = CARTESIAN_POINT('',(-1.701040005519,36.180105030252));
#1970 = CARTESIAN_POINT('',(-1.765372927333,36.180105030252));
#1971 = CARTESIAN_POINT('',(-1.82970155709,36.180105030252));
#1972 = CARTESIAN_POINT('',(-1.894030183036,36.180105030252));
#1973 = CARTESIAN_POINT('',(-1.958363086494,36.180105030252));
#1974 = CARTESIAN_POINT('',(-2.022699386642,36.180105030252));
#1975 = CARTESIAN_POINT('',(-2.15175215195,36.180105030252));
#1976 = CARTESIAN_POINT('',(-2.216484415254,36.180105030252));
#1977 = CARTESIAN_POINT('',(-2.281212589202,36.180105030252));
#1978 = CARTESIAN_POINT('',(-2.345936626008,36.180105030252));
#1979 = CARTESIAN_POINT('',(-2.410660295363,36.180105030252));
#1980 = CARTESIAN_POINT('',(-2.475387300404,36.180105030252));
#1981 = CARTESIAN_POINT('',(-2.540117390126,36.180105030252));
#1982 = CARTESIAN_POINT('',(-2.61632511344,36.180105030252));
#1983 = CARTESIAN_POINT('',(-2.627812055466,36.180105030252));
#1984 = CARTESIAN_POINT('',(-2.639298953345,36.180105030252));
#1985 = CARTESIAN_POINT('',(-2.650785804404,36.180105030252));
#1986 = CARTESIAN_POINT('',(-2.662272605893,36.180105030252));
#1987 = CARTESIAN_POINT('',(-2.673759354982,36.180105030252));
#1988 = CARTESIAN_POINT('',(-2.685246048764,36.180105030252));
#1989 = CARTESIAN_POINT('',(-2.696732684252,36.180105030252));
#1990 = ( GEOMETRIC_REPRESENTATION_CONTEXT(2) 
PARAMETRIC_REPRESENTATION_CONTEXT() REPRESENTATION_CONTEXT('2D SPACE',''
  ) );
#1991 = PCURVE('',#1413,#1992);
#1992 = DEFINITIONAL_REPRESENTATION('',(#1993),#2059);
#1993 = B_SPLINE_CURVE_WITH_KNOTS('',8,(#1994,#1995,#1996,#1997,#1998,
    #1999,#2000,#2001,#2002,#2003,#2004,#2005,#2006,#2007,#2008,#2009,
    #2010,#2011,#2012,#2013,#2014,#2015,#2016,#2017,#2018,#2019,#2020,
    #2021,#2022,#2023,#2024,#2025,#2026,#2027,#2028,#2029,#2030,#2031,
    #2032,#2033,#2034,#2035,#2036,#2037,#2038,#2039,#2040,#2041,#2042,
    #2043,#2044,#2045,#2046,#2047,#2048,#2049,#2050,#2051,#2052,#2053,
    #2054,#2055,#2056,#2057,#2058),.UNSPECIFIED.,.F.,.F.,(9,7,7,7,7,7,7,
    7,7,9),(0.,6.441009471606E-02,8.783121948806E-02,0.119448532114,
    0.166286582587,0.374684744179,0.583077221327,0.773912172465,
    0.965921207858,1.),.UNSPECIFIED.);
#1994 = CARTESIAN_POINT('',(8.9E-16,-0.98048823746));
#1995 = CARTESIAN_POINT('',(-3.23995984137E-02,-0.98048823521));
#1996 = CARTESIAN_POINT('',(-6.479763786033E-02,-0.979684449142));
#1997 = CARTESIAN_POINT('',(-9.706829012981E-02,-0.978076963214));
#1998 = CARTESIAN_POINT('',(-0.12908502532,-0.975672050588));
#1999 = CARTESIAN_POINT('',(-0.160727368896,-0.972482045508));
#2000 = CARTESIAN_POINT('',(-0.191885917136,-0.968524830183));
#2001 = CARTESIAN_POINT('',(-0.222465610951,-0.963822936642));
#2002 = CARTESIAN_POINT('',(-0.263267532564,-0.956431171012));
#2003 = CARTESIAN_POINT('',(-0.274060845875,-0.954365022177));
#2004 = CARTESIAN_POINT('',(-0.284763416609,-0.952205072068));
#2005 = CARTESIAN_POINT('',(-0.295371736088,-0.949952619573));
#2006 = CARTESIAN_POINT('',(-0.305882578366,-0.947609007492));
#2007 = CARTESIAN_POINT('',(-0.316293000231,-0.945175622537));
#2008 = CARTESIAN_POINT('',(-0.326600341208,-0.942653895326));
#2009 = CARTESIAN_POINT('',(-0.350574239486,-0.936523831531));
#2010 = CARTESIAN_POINT('',(-0.36415402187,-0.932844017923));
#2011 = CARTESIAN_POINT('',(-0.37753580576,-0.929009507122));
#2012 = CARTESIAN_POINT('',(-0.390714662691,-0.925023988768));
#2013 = CARTESIAN_POINT('',(-0.403686500675,-0.920891194585));
#2014 = CARTESIAN_POINT('',(-0.416448064205,-0.916614898381));
#2015 = CARTESIAN_POINT('',(-0.428996934251,-0.912198916052));
#2016 = CARTESIAN_POINT('',(-0.459604059638,-0.900904029993));
#2017 = CARTESIAN_POINT('',(-0.477406235742,-0.893862802723));
#2018 = CARTESIAN_POINT('',(-0.494732545418,-0.886535833234));
#2019 = CARTESIAN_POINT('',(-0.5115809475,-0.878935447016));
#2020 = CARTESIAN_POINT('',(-0.527952381228,-0.871073792481));
#2021 = CARTESIAN_POINT('',(-0.543850276654,-0.862962747856));
#2022 = CARTESIAN_POINT('',(-0.559280065063,-0.854613828077));
#2023 = CARTESIAN_POINT('',(-0.640849108415,-0.80788177048));
#2024 = CARTESIAN_POINT('',(-0.698332024892,-0.765228709519));
#2025 = CARTESIAN_POINT('',(-0.747286819777,-0.719062518649));
#2026 = CARTESIAN_POINT('',(-0.788962603779,-0.670197849637));
#2027 = CARTESIAN_POINT('',(-0.824435234861,-0.61920067152));
#2028 = CARTESIAN_POINT('',(-0.854584942675,-0.566513389843));
#2029 = CARTESIAN_POINT('',(-0.880112733778,-0.512476273008));
#2030 = CARTESIAN_POINT('',(-0.923012727278,-0.402285837564));
#2031 = CARTESIAN_POINT('',(-0.940392642832,-0.346113431298));
#2032 = CARTESIAN_POINT('',(-0.954242969154,-0.289152140362));
#2033 = CARTESIAN_POINT('',(-0.964961773274,-0.231610184646));
#2034 = CARTESIAN_POINT('',(-0.972817455235,-0.173651808698));
#2035 = CARTESIAN_POINT('',(-0.977982368296,-0.115419071689));
#2036 = CARTESIAN_POINT('',(-0.980538942954,-5.704758584446E-02));
#2037 = CARTESIAN_POINT('',(-0.980440700091,5.475375528695E-02));
#2038 = CARTESIAN_POINT('',(-0.978206855703,0.10820041977));
#2039 = CARTESIAN_POINT('',(-0.973783992223,0.161538106196));
#2040 = CARTESIAN_POINT('',(-0.967112076907,0.214661060268));
#2041 = CARTESIAN_POINT('',(-0.958069163818,0.267461424315));
#2042 = CARTESIAN_POINT('',(-0.946463352834,0.319816695138));
#2043 = CARTESIAN_POINT('',(-0.932020723955,0.371574402736));
#2044 = CARTESIAN_POINT('',(-0.896609171691,0.473807138692));
#2045 = CARTESIAN_POINT('',(-0.875595816543,0.524284664848));
#2046 = CARTESIAN_POINT('',(-0.850952042581,0.573761916911));
#2047 = CARTESIAN_POINT('',(-0.822182243478,0.621997969901));
#2048 = CARTESIAN_POINT('',(-0.788689676791,0.668700874905));
#2049 = CARTESIAN_POINT('',(-0.749712855021,0.713487567952));
#2050 = CARTESIAN_POINT('',(-0.704357381786,0.755843840802));
#2051 = CARTESIAN_POINT('',(-0.642589133649,0.80207888123));
#2052 = CARTESIAN_POINT('',(-0.63305480343,0.808950822025));
#2053 = CARTESIAN_POINT('',(-0.623292395814,0.815721924017));
#2054 = CARTESIAN_POINT('',(-0.613297974558,0.822388403349));
#2055 = CARTESIAN_POINT('',(-0.603067899183,0.8289463469));
#2056 = CARTESIAN_POINT('',(-0.592598824973,0.835391712284));
#2057 = CARTESIAN_POINT('',(-0.581887702978,0.841720327848));
#2058 = CARTESIAN_POINT('',(-0.570931780015,0.847927892678));
#2059 = ( GEOMETRIC_REPRESENTATION_CONTEXT(2) 
PARAMETRIC_REPRESENTATION_CONTEXT() REPRESENTATION_CONTEXT('2D SPACE',''
  ) );
#2060 = ORIENTED_EDGE('',*,*,#1425,.F.);
#2061 = ORIENTED_EDGE('',*,*,#1326,.F.);
#2062 = ADVANCED_FACE('',(#2063,#2093),#1413,.T.);
#2063 = FACE_BOUND('',#2064,.F.);
#2064 = EDGE_LOOP('',(#2065,#2089,#2090,#2091,#2092));
#2065 = ORIENTED_EDGE('',*,*,#2066,.T.);
#2066 = EDGE_CURVE('',#2067,#1586,#2069,.T.);
#2067 = VERTEX_POINT('',#2068);
#2068 = CARTESIAN_POINT('',(190.,-89.59188077378,637.47935582928));
#2069 = SEAM_CURVE('',#2070,(#2075,#2082),.PCURVE_S1.);
#2070 = CIRCLE('',#2071,65.);
#2071 = AXIS2_PLACEMENT_3D('',#2072,#2073,#2074);
#2072 = CARTESIAN_POINT('',(190.,-80.54562921138,573.11193136108));
#2073 = DIRECTION('',(0.,-0.990268068742,-0.13917310096));
#2074 = DIRECTION('',(1.,0.,0.));
#2075 = PCURVE('',#1413,#2076);
#2076 = DEFINITIONAL_REPRESENTATION('',(#2077),#2081);
#2077 = LINE('',#2078,#2079);
#2078 = CARTESIAN_POINT('',(-0.,-3.14159265359));
#2079 = VECTOR('',#2080,1.);
#2080 = DIRECTION('',(-0.,1.));
#2081 = ( GEOMETRIC_REPRESENTATION_CONTEXT(2) 
PARAMETRIC_REPRESENTATION_CONTEXT() REPRESENTATION_CONTEXT('2D SPACE',''
  ) );
#2082 = PCURVE('',#1413,#2083);
#2083 = DEFINITIONAL_REPRESENTATION('',(#2084),#2088);
#2084 = LINE('',#2085,#2086);
#2085 = CARTESIAN_POINT('',(-6.28318530718,-3.14159265359));
#2086 = VECTOR('',#2087,1.);
#2087 = DIRECTION('',(-0.,1.));
#2088 = ( GEOMETRIC_REPRESENTATION_CONTEXT(2) 
PARAMETRIC_REPRESENTATION_CONTEXT() REPRESENTATION_CONTEXT('2D SPACE',''
  ) );
#2089 = ORIENTED_EDGE('',*,*,#1585,.F.);
#2090 = ORIENTED_EDGE('',*,*,#1396,.F.);
#2091 = ORIENTED_EDGE('',*,*,#1854,.F.);
#2092 = ORIENTED_EDGE('',*,*,#2066,.F.);
#2093 = FACE_BOUND('',#2094,.F.);
#2094 = EDGE_LOOP('',(#2095));
#2095 = ORIENTED_EDGE('',*,*,#2096,.F.);
#2096 = EDGE_CURVE('',#2097,#2097,#2099,.T.);
#2097 = VERTEX_POINT('',#2098);
#2098 = CARTESIAN_POINT('',(241.22394246708,-40.53178535435,
    573.10769886923));
#2099 = SURFACE_CURVE('',#2100,(#2229,#2361),.PCURVE_S1.);
#2100 = B_SPLINE_CURVE_WITH_KNOTS('',8,(#2101,#2102,#2103,#2104,#2105,
    #2106,#2107,#2108,#2109,#2110,#2111,#2112,#2113,#2114,#2115,#2116,
    #2117,#2118,#2119,#2120,#2121,#2122,#2123,#2124,#2125,#2126,#2127,
    #2128,#2129,#2130,#2131,#2132,#2133,#2134,#2135,#2136,#2137,#2138,
    #2139,#2140,#2141,#2142,#2143,#2144,#2145,#2146,#2147,#2148,#2149,
    #2150,#2151,#2152,#2153,#2154,#2155,#2156,#2157,#2158,#2159,#2160,
    #2161,#2162,#2163,#2164,#2165,#2166,#2167,#2168,#2169,#2170,#2171,
    #2172,#2173,#2174,#2175,#2176,#2177,#2178,#2179,#2180,#2181,#2182,
    #2183,#2184,#2185,#2186,#2187,#2188,#2189,#2190,#2191,#2192,#2193,
    #2194,#2195,#2196,#2197,#2198,#2199,#2200,#2201,#2202,#2203,#2204,
    #2205,#2206,#2207,#2208,#2209,#2210,#2211,#2212,#2213,#2214,#2215,
    #2216,#2217,#2218,#2219,#2220,#2221,#2222,#2223,#2224,#2225,#2226,
    #2227,#2228),.UNSPECIFIED.,.T.,.F.,(9,7,7,7,7,7,7,7,7,7,7,7,7,7,7,7,
    7,7,9),(0.,4.699861100763E-02,0.140969404652,0.170972056775,
    0.188974263676,0.226979757361,0.272986183412,0.303989560295,
    0.37299173822,0.427991608422,0.476990546302,0.546986792455,
    0.575846398911,0.603845769332,0.69484131228,0.763845996348,
    0.866844095057,0.970838278888,1.),.UNSPECIFIED.);
#2101 = CARTESIAN_POINT('',(241.22394246708,-40.53178535435,
    573.10769886923));
#2102 = CARTESIAN_POINT('',(241.2237339664,-40.53167469829,
    571.6311456312));
#2103 = CARTESIAN_POINT('',(241.2235502565,-40.59386571484,
    570.15456780854));
#2104 = CARTESIAN_POINT('',(241.2233937967,-40.71836453814,
    568.68106138318));
#2105 = CARTESIAN_POINT('',(241.22326638599,-40.90498810027,
    567.21369558772));
#2106 = CARTESIAN_POINT('',(241.22316943498,-41.15337466423,
    565.75551366679));
#2107 = CARTESIAN_POINT('',(241.2231040402,-41.46298735672,
    564.30953289089));
#2108 = CARTESIAN_POINT('',(241.22307086066,-41.83311070104,
    562.87874382291));
#2109 = CARTESIAN_POINT('',(241.22306766969,-43.1220574008,
    558.64163322218));
#2110 = CARTESIAN_POINT('',(241.22319405035,-44.21977007755,
    555.88905991835));
#2111 = CARTESIAN_POINT('',(241.22344911618,-45.5487418179,
    553.2328059293));
#2112 = CARTESIAN_POINT('',(241.22382452923,-47.09880491034,
    550.69541453098));
#2113 = CARTESIAN_POINT('',(241.22430341541,-48.85748659354,
    548.29791190578));
#2114 = CARTESIAN_POINT('',(241.22486464369,-50.81003723541,
    546.05979233435));
#2115 = CARTESIAN_POINT('',(241.22548696923,-52.93944182471,
    543.99899056866));
#2116 = CARTESIAN_POINT('',(241.22636257529,-55.95585396774,
    541.535181088));
#2117 = CARTESIAN_POINT('',(241.22657871283,-56.70190834931,
    540.9585759885));
#2118 = CARTESIAN_POINT('',(241.22679844812,-57.46339855337,
    540.40213480826));
#2119 = CARTESIAN_POINT('',(241.22702116789,-58.23968726841,
    539.86633824275));
#2120 = CARTESIAN_POINT('',(241.22724628469,-59.03012049744,
    539.35164198141));
#2121 = CARTESIAN_POINT('',(241.22747324064,-59.83402759853,
    538.85847670172));
#2122 = CARTESIAN_POINT('',(241.22770151104,-60.65072132541,
    538.3872480634));
#2123 = CARTESIAN_POINT('',(241.22806807102,-61.97678079925,
    537.66898067466));
#2124 = CARTESIAN_POINT('',(241.22820583166,-62.47841462796,
    537.40765895685));
#2125 = CARTESIAN_POINT('',(241.2283437844,-62.98424765896,
    537.15445355046));
#2126 = CARTESIAN_POINT('',(241.22848182837,-63.4941265534,
    536.90944293388));
#2127 = CARTESIAN_POINT('',(241.22861986738,-64.00789632868,
    536.67270206253));
#2128 = CARTESIAN_POINT('',(241.22875780998,-64.52540035846,
    536.44430236883));
#2129 = CARTESIAN_POINT('',(241.2288955694,-65.04648037267,
    536.22431176217));
#2130 = CARTESIAN_POINT('',(241.22932333553,-66.67827028811,
    535.5662486519));
#2131 = CARTESIAN_POINT('',(241.2296124272,-67.80079648363,
    535.15746599361));
#2132 = CARTESIAN_POINT('',(241.22989956412,-68.93704351692,
    534.78705607938));
#2133 = CARTESIAN_POINT('',(241.23018406802,-70.08547912353,
    534.45555147889));
#2134 = CARTESIAN_POINT('',(241.2304653522,-71.2445510723,
    534.16341053747));
#2135 = CARTESIAN_POINT('',(241.23074291516,-72.41268745495,
    533.91101825802));
#2136 = CARTESIAN_POINT('',(241.23101633241,-73.5882964947,
    533.6986854336));
#2137 = CARTESIAN_POINT('',(241.23161077293,-76.19995867903,
    533.31838882128));
#2138 = CARTESIAN_POINT('',(241.23192970705,-77.63876641291,
    533.16917197866));
#2139 = CARTESIAN_POINT('',(241.23224141314,-79.08332145281,
    533.07941561859));
#2140 = CARTESIAN_POINT('',(241.23254541172,-80.53075548793,
    533.04936672001));
#2141 = CARTESIAN_POINT('',(241.23284135352,-81.97819968615,
    533.07910752944));
#2142 = CARTESIAN_POINT('',(241.23312899597,-83.42278488705,
    533.16855829168));
#2143 = CARTESIAN_POINT('',(241.23340818212,-84.86164182088,
    533.31747430715));
#2144 = CARTESIAN_POINT('',(241.23386120446,-87.2557422593,
    533.66558198855));
#2145 = CARTESIAN_POINT('',(241.23403970759,-88.21568916847,
    533.83254334456));
#2146 = CARTESIAN_POINT('',(241.23421430509,-89.17086827736,
    534.02619463268));
#2147 = CARTESIAN_POINT('',(241.23438498541,-90.12041380672,
    534.24637581097));
#2148 = CARTESIAN_POINT('',(241.23455174978,-91.06346804926,
    534.49289354012));
#2149 = CARTESIAN_POINT('',(241.23471461003,-91.99918141684,
    534.76552117705));
#2150 = CARTESIAN_POINT('',(241.23487358644,-92.92671248762,
    535.0639987685));
#2151 = CARTESIAN_POINT('',(241.23537394396,-95.88950776919,
    536.10921483278));
#2152 = CARTESIAN_POINT('',(241.23570009863,-97.88926801231,
    536.95703869128));
#2153 = CARTESIAN_POINT('',(241.23600743778,-99.83516320372,
    537.92824318493));
#2154 = CARTESIAN_POINT('',(241.23629643929,-101.718327608,
    539.01877529357));
#2155 = CARTESIAN_POINT('',(241.23656768845,-103.5303294451,
    540.22387293382));
#2156 = CARTESIAN_POINT('',(241.23682180593,-105.2631582878,
    541.53809393587));
#2157 = CARTESIAN_POINT('',(241.23705940582,-106.9092457458,
    542.95529147533));
#2158 = CARTESIAN_POINT('',(241.23745777774,-109.6987970709,
    545.67470441405));
#2159 = CARTESIAN_POINT('',(241.23762436879,-110.8765645187,
    546.9419839991));
#2160 = CARTESIAN_POINT('',(241.23778115905,-111.9912517825,
    548.26690681548));
#2161 = CARTESIAN_POINT('',(241.23792845297,-113.0395809605,
    549.64579153446));
#2162 = CARTESIAN_POINT('',(241.23806654569,-114.0185468386,
    551.07475861453));
#2163 = CARTESIAN_POINT('',(241.23819571502,-114.9254107968,
    552.54973590113));
#2164 = CARTESIAN_POINT('',(241.23831621755,-115.7577080298,
    554.06645460983));
#2165 = CARTESIAN_POINT('',(241.23852813143,-117.1863903964,
    557.00486482526));
#2166 = CARTESIAN_POINT('',(241.23862128609,-117.7986330585,
    558.41892161204));
#2167 = CARTESIAN_POINT('',(241.23870791825,-118.348457464,
    559.85945123567));
#2168 = CARTESIAN_POINT('',(241.23878818411,-118.8345398223,
    561.32323178154));
#2169 = CARTESIAN_POINT('',(241.23886222726,-119.2557594501,
    562.80697830164));
#2170 = CARTESIAN_POINT('',(241.23893017692,-119.6111949575,
    564.30734444872));
#2171 = CARTESIAN_POINT('',(241.23899214734,-119.9001283251,
    565.8209216814));
#2172 = CARTESIAN_POINT('',(241.23912836598,-120.4390875212,
    569.52032987878));
#2173 = CARTESIAN_POINT('',(241.23919650257,-120.6194101474,
    571.71648592978));
#2174 = CARTESIAN_POINT('',(241.23925293205,-120.6615028183,
    573.92247495185));
#2175 = CARTESIAN_POINT('',(241.23929789248,-120.5648247516,
    576.12813156034));
#2176 = CARTESIAN_POINT('',(241.23933156397,-120.3297131901,
    578.32335139956));
#2177 = CARTESIAN_POINT('',(241.2393540636,-119.957348833,
    580.49809348963));
#2178 = CARTESIAN_POINT('',(241.23936544731,-119.4497898242,
    582.64238774776));
#2179 = CARTESIAN_POINT('',(241.23936583068,-118.5463181735,
    585.61381499949));
#2180 = CARTESIAN_POINT('',(241.23936405359,-118.2600885446,
    586.47445122546));
#2181 = CARTESIAN_POINT('',(241.23936038756,-117.9515928556,
    587.32757447179));
#2182 = CARTESIAN_POINT('',(241.23935483097,-117.6210624171,
    588.17251262137));
#2183 = CARTESIAN_POINT('',(241.23934738052,-117.2687524027,
    589.00860332992));
#2184 = CARTESIAN_POINT('',(241.23933803123,-116.8949418493,
    589.83519402603));
#2185 = CARTESIAN_POINT('',(241.23932677642,-116.499933657,
    590.65164191111));
#2186 = CARTESIAN_POINT('',(241.23930083158,-115.6805718842,
    592.23897084565));
#2187 = CARTESIAN_POINT('',(241.2392862539,-115.2574426007,
    593.01048739096));
#2188 = CARTESIAN_POINT('',(241.23926986711,-114.8149652545,
    593.77128561797));
#2189 = CARTESIAN_POINT('',(241.23925166207,-114.3534576846,
    594.52079973166));
#2190 = CARTESIAN_POINT('',(241.23923162811,-113.8732570404,
    595.25847613956));
#2191 = CARTESIAN_POINT('',(241.23920975309,-113.3747197707,
    595.98377347179));
#2192 = CARTESIAN_POINT('',(241.23918602336,-112.8582216117,
    596.6961626012));
#2193 = CARTESIAN_POINT('',(241.23907722761,-110.5884954424,
    599.66669968057));
#2194 = CARTESIAN_POINT('',(241.2389742669,-108.6669720756,
    601.79691286457));
#2195 = CARTESIAN_POINT('',(241.23885103227,-106.5734698052,
    603.76735612256));
#2196 = CARTESIAN_POINT('',(241.23870685349,-104.3237030256,
    605.5620171605));
#2197 = CARTESIAN_POINT('',(241.23854086856,-101.9348387066,
    607.16683284033));
#2198 = CARTESIAN_POINT('',(241.23835204196,-99.42546565306,
    608.5696882432));
#2199 = CARTESIAN_POINT('',(241.23813917358,-96.81558429781,
    609.76044252656));
#2200 = CARTESIAN_POINT('',(241.23772049288,-92.08802440764,
    611.46774420378));
#2201 = CARTESIAN_POINT('',(241.23752537112,-90.00341033174,
    612.07783091093));
#2202 = CARTESIAN_POINT('',(241.23731514861,-87.88237678306,
    612.55829811456));
#2203 = CARTESIAN_POINT('',(241.23708923145,-85.73435076187,
    612.90667842137));
#2204 = CARTESIAN_POINT('',(241.23684699239,-83.56886872416,
    613.12132680685));
#2205 = CARTESIAN_POINT('',(241.23658778985,-81.39556997355,
    613.20138943024));
#2206 = CARTESIAN_POINT('',(241.23631100956,-79.22419824085,
    613.14683534456));
#2207 = CARTESIAN_POINT('',(241.23557602531,-73.84114916451,
    612.67751442197));
#2208 = CARTESIAN_POINT('',(241.2350954425,-70.64266652599,
    612.09842639552));
#2209 = CARTESIAN_POINT('',(241.23457277768,-67.50279965432,
    611.22390248854));
#2210 = CARTESIAN_POINT('',(241.23400665003,-64.45326658003,
    610.06134629928));
#2211 = CARTESIAN_POINT('',(241.23339636645,-61.52427959335,
    608.62175469503));
#2212 = CARTESIAN_POINT('',(241.23274249114,-58.74448048207,
    606.91974043453));
#2213 = CARTESIAN_POINT('',(241.2320481832,-56.14091146304,
    604.97347229885));
#2214 = CARTESIAN_POINT('',(241.23058632633,-51.31269591918,
    600.61714795235));
#2215 = CARTESIAN_POINT('',(241.22981768123,-49.09045799012,
    598.20143562452));
#2216 = CARTESIAN_POINT('',(241.22902229659,-47.09773761399,
    595.58168954223));
#2217 = CARTESIAN_POINT('',(241.22821130298,-45.35595414435,
    592.78370975955));
#2218 = CARTESIAN_POINT('',(241.22740062112,-43.88303113279,
    589.83531641987));
#2219 = CARTESIAN_POINT('',(241.22661258278,-42.69332500258,
    586.76633019232));
#2220 = CARTESIAN_POINT('',(241.22587503875,-41.79764606697,
    583.608501247));
#2221 = CARTESIAN_POINT('',(241.22503094387,-41.03501332031,
    579.49525394986));
#2222 = CARTESIAN_POINT('',(241.22485224009,-40.89157391261,
    578.59006113644));
#2223 = CARTESIAN_POINT('',(241.22468026389,-40.77184934612,
    577.68121706788));
#2224 = CARTESIAN_POINT('',(241.22451563295,-40.67594739902,
    576.76944692828));
#2225 = CARTESIAN_POINT('',(241.22435897445,-40.60394916399,
    575.85547848911));
#2226 = CARTESIAN_POINT('',(241.2242108879,-40.55590895197,
    574.94004206013));
#2227 = CARTESIAN_POINT('',(241.22407190793,-40.53185419588,
    574.0238704404));
#2228 = CARTESIAN_POINT('',(241.22394246708,-40.53178535435,
    573.10769886923));
#2229 = PCURVE('',#1413,#2230);
#2230 = DEFINITIONAL_REPRESENTATION('',(#2231),#2360);
#2231 = B_SPLINE_CURVE_WITH_KNOTS('',8,(#2232,#2233,#2234,#2235,#2236,
    #2237,#2238,#2239,#2240,#2241,#2242,#2243,#2244,#2245,#2246,#2247,
    #2248,#2249,#2250,#2251,#2252,#2253,#2254,#2255,#2256,#2257,#2258,
    #2259,#2260,#2261,#2262,#2263,#2264,#2265,#2266,#2267,#2268,#2269,
    #2270,#2271,#2272,#2273,#2274,#2275,#2276,#2277,#2278,#2279,#2280,
    #2281,#2282,#2283,#2284,#2285,#2286,#2287,#2288,#2289,#2290,#2291,
    #2292,#2293,#2294,#2295,#2296,#2297,#2298,#2299,#2300,#2301,#2302,
    #2303,#2304,#2305,#2306,#2307,#2308,#2309,#2310,#2311,#2312,#2313,
    #2314,#2315,#2316,#2317,#2318,#2319,#2320,#2321,#2322,#2323,#2324,
    #2325,#2326,#2327,#2328,#2329,#2330,#2331,#2332,#2333,#2334,#2335,
    #2336,#2337,#2338,#2339,#2340,#2341,#2342,#2343,#2344,#2345,#2346,
    #2347,#2348,#2349,#2350,#2351,#2352,#2353,#2354,#2355,#2356,#2357,
    #2358,#2359),.UNSPECIFIED.,.F.,.F.,(9,7,7,7,7,7,7,7,7,7,7,7,7,7,7,7,
    7,7,9),(0.,4.699861100763E-02,0.140969404652,0.170972056775,
    0.188974263676,0.226979757361,0.272986183412,0.303989560295,
    0.37299173822,0.427991608422,0.476990546302,0.546986792455,
    0.575846398911,0.603845769332,0.69484131228,0.763845996348,
    0.866844095057,0.970838278888,1.),.UNSPECIFIED.);
#2232 = CARTESIAN_POINT('',(-3.799990841614,8.584450469984E-02));
#2233 = CARTESIAN_POINT('',(-3.797484257628,0.108423015413));
#2234 = CARTESIAN_POINT('',(-3.794212733958,0.130918150898));
#2235 = CARTESIAN_POINT('',(-3.790169683562,0.153299448246));
#2236 = CARTESIAN_POINT('',(-3.78534591744,0.175536285883));
#2237 = CARTESIAN_POINT('',(-3.779729588063,0.197597340683));
#2238 = CARTESIAN_POINT('',(-3.773306400803,0.219450080909));
#2239 = CARTESIAN_POINT('',(-3.766060093351,0.241060294977));
#2240 = CARTESIAN_POINT('',(-3.741803910121,0.305042383088));
#2241 = CARTESIAN_POINT('',(-3.722270241469,0.346588486821));
#2242 = CARTESIAN_POINT('',(-3.699233860926,0.386728479592));
#2243 = CARTESIAN_POINT('',(-3.672532772268,0.425148622216));
#2244 = CARTESIAN_POINT('',(-3.642000334973,0.461503212191));
#2245 = CARTESIAN_POINT('',(-3.607492525573,0.495404292177));
#2246 = CARTESIAN_POINT('',(-3.568981310395,0.526420818005));
#2247 = CARTESIAN_POINT('',(-3.513141867832,0.562966829618));
#2248 = CARTESIAN_POINT('',(-3.499238449584,0.571473975919));
#2249 = CARTESIAN_POINT('',(-3.484950842964,0.579630006433));
#2250 = CARTESIAN_POINT('',(-3.470286708855,0.587421132538));
#2251 = CARTESIAN_POINT('',(-3.455255961997,0.59483373671));
#2252 = CARTESIAN_POINT('',(-3.439870963076,0.601854522834));
#2253 = CARTESIAN_POINT('',(-3.424146710818,0.608470666505));
#2254 = CARTESIAN_POINT('',(-3.398473298803,0.618389671838));
#2255 = CARTESIAN_POINT('',(-3.388729817052,0.621959326291));
#2256 = CARTESIAN_POINT('',(-3.378874427191,0.625376271247));
#2257 = CARTESIAN_POINT('',(-3.36891130728,0.628637965282));
#2258 = CARTESIAN_POINT('',(-3.35884497508,0.631741982993));
#2259 = CARTESIAN_POINT('',(-3.34868028806,0.634686015002));
#2260 = CARTESIAN_POINT('',(-3.338422443386,0.63746786795));
#2261 = CARTESIAN_POINT('',(-3.30623607119,0.645611623034));
#2262 = CARTESIAN_POINT('',(-3.284004478007,0.650405787953));
#2263 = CARTESIAN_POINT('',(-3.261434245411,0.654448639326));
#2264 = CARTESIAN_POINT('',(-3.2385836281,0.657723774076));
#2265 = CARTESIAN_POINT('',(-3.215516248426,0.660218294097));
#2266 = CARTESIAN_POINT('',(-3.192299819347,0.661923237909));
#2267 = CARTESIAN_POINT('',(-3.16900443034,0.662833855847));
#2268 = CARTESIAN_POINT('',(-3.117490387243,0.663089995356));
#2269 = CARTESIAN_POINT('',(-3.089267213801,0.662065683633));
#2270 = CARTESIAN_POINT('',(-3.061155691272,0.659875908353));
#2271 = CARTESIAN_POINT('',(-3.033280948809,0.656529176855));
#2272 = CARTESIAN_POINT('',(-3.005762584484,0.652043063543));
#2273 = CARTESIAN_POINT('',(-2.978710294678,0.646443435293));
#2274 = CARTESIAN_POINT('',(-2.952220977732,0.639763227814));
#2275 = CARTESIAN_POINT('',(-2.908961464141,0.626836670002));
#2276 = CARTESIAN_POINT('',(-2.891838619455,0.621159194184));
#2277 = CARTESIAN_POINT('',(-2.875034144692,0.615020067808));
#2278 = CARTESIAN_POINT('',(-2.858570203136,0.608432074306));
#2279 = CARTESIAN_POINT('',(-2.842465860396,0.601408856022));
#2280 = CARTESIAN_POINT('',(-2.826737190294,0.593964711991));
#2281 = CARTESIAN_POINT('',(-2.811397380753,0.586114395723));
#2282 = CARTESIAN_POINT('',(-2.763204659573,0.559530386588));
#2283 = CARTESIAN_POINT('',(-2.7319279404,0.539248976891));
#2284 = CARTESIAN_POINT('',(-2.702746159055,0.517195469816));
#2285 = CARTESIAN_POINT('',(-2.675706476776,0.493541735064));
#2286 = CARTESIAN_POINT('',(-2.650805952459,0.468455262961));
#2287 = CARTESIAN_POINT('',(-2.62801014343,0.44209404793));
#2288 = CARTESIAN_POINT('',(-2.60726809369,0.414605818562));
#2289 = CARTESIAN_POINT('',(-2.573583040796,0.363435554751));
#2290 = CARTESIAN_POINT('',(-2.559910368704,0.340111347032));
#2291 = CARTESIAN_POINT('',(-2.547476962659,0.316229668327));
#2292 = CARTESIAN_POINT('',(-2.536250632905,0.291856279969));
#2293 = CARTESIAN_POINT('',(-2.526199203345,0.267052484264));
#2294 = CARTESIAN_POINT('',(-2.517292907778,0.241875860908));
#2295 = CARTESIAN_POINT('',(-2.509505709655,0.216381283001));
#2296 = CARTESIAN_POINT('',(-2.496855332325,0.167673665968));
#2297 = CARTESIAN_POINT('',(-2.491765608316,0.14451431412));
#2298 = CARTESIAN_POINT('',(-2.487530883731,0.121181778684));
#2299 = CARTESIAN_POINT('',(-2.484138058835,9.771168760173E-02));
#2300 = CARTESIAN_POINT('',(-2.481576997081,7.413826512093E-02));
#2301 = CARTESIAN_POINT('',(-2.479840847321,5.049494242308E-02));
#2302 = CARTESIAN_POINT('',(-2.478926114946,2.681498892586E-02));
#2303 = CARTESIAN_POINT('',(-2.478698724758,-3.069936140595E-02));
#2304 = CARTESIAN_POINT('',(-2.48024053476,-6.453972362544E-02));
#2305 = CARTESIAN_POINT('',(-2.483457660073,-9.828884001441E-02));
#2306 = CARTESIAN_POINT('',(-2.488362372501,-0.131849857796));
#2307 = CARTESIAN_POINT('',(-2.494981322322,-0.165125128224));
#2308 = CARTESIAN_POINT('',(-2.503354997707,-0.198012451428));
#2309 = CARTESIAN_POINT('',(-2.513534788742,-0.230401591664));
#2310 = CARTESIAN_POINT('',(-2.5305429568,-0.275269685975));
#2311 = CARTESIAN_POINT('',(-2.53582502583,-0.288263320173));
#2312 = CARTESIAN_POINT('',(-2.541428091574,-0.301143686771));
#2313 = CARTESIAN_POINT('',(-2.547356454938,-0.313902222648));
#2314 = CARTESIAN_POINT('',(-2.553614489329,-0.326530080369));
#2315 = CARTESIAN_POINT('',(-2.56020664065,-0.339018128186));
#2316 = CARTESIAN_POINT('',(-2.567137427306,-0.351356950032));
#2317 = CARTESIAN_POINT('',(-2.581468632115,-0.37535368739));
#2318 = CARTESIAN_POINT('',(-2.588848838128,-0.38702094448));
#2319 = CARTESIAN_POINT('',(-2.596556063616,-0.398529710093));
#2320 = CARTESIAN_POINT('',(-2.604594262748,-0.4098708157));
#2321 = CARTESIAN_POINT('',(-2.612967205675,-0.42103482336));
#2322 = CARTESIAN_POINT('',(-2.621678345731,-0.432012018156));
#2323 = CARTESIAN_POINT('',(-2.630730686624,-0.442792400609));
#2324 = CARTESIAN_POINT('',(-2.670662720347,-0.487727923792));
#2325 = CARTESIAN_POINT('',(-2.704833838401,-0.519909339339));
#2326 = CARTESIAN_POINT('',(-2.742717479406,-0.549546884935));
#2327 = CARTESIAN_POINT('',(-2.78432689105,-0.576261436844));
#2328 = CARTESIAN_POINT('',(-2.82956258576,-0.599656667878));
#2329 = CARTESIAN_POINT('',(-2.878120583872,-0.619332316927));
#2330 = CARTESIAN_POINT('',(-2.929411497567,-0.634945678267));
#2331 = CARTESIAN_POINT('',(-3.023011316984,-0.654847326382));
#2332 = CARTESIAN_POINT('',(-3.06450344105,-0.660962354164));
#2333 = CARTESIAN_POINT('',(-3.1067781768,-0.664506859359));
#2334 = CARTESIAN_POINT('',(-3.149434691415,-0.665414717426));
#2335 = CARTESIAN_POINT('',(-3.192031138683,-0.663666690766));
#2336 = CARTESIAN_POINT('',(-3.234129900346,-0.659293291102));
#2337 = CARTESIAN_POINT('',(-3.275341507823,-0.652370421773));
#2338 = CARTESIAN_POINT('',(-3.375039238057,-0.629034252068));
#2339 = CARTESIAN_POINT('',(-3.432057491213,-0.609620366578));
#2340 = CARTESIAN_POINT('',(-3.485287186161,-0.585129800715));
#2341 = CARTESIAN_POINT('',(-3.533975529233,-0.556099324879));
#2342 = CARTESIAN_POINT('',(-3.577855743865,-0.523131481981));
#2343 = CARTESIAN_POINT('',(-3.616923867676,-0.486790124781));
#2344 = CARTESIAN_POINT('',(-3.651299095617,-0.447598444922));
#2345 = CARTESIAN_POINT('',(-3.711294089285,-0.364103295194));
#2346 = CARTESIAN_POINT('',(-3.7368445467,-0.319728164374));
#2347 = CARTESIAN_POINT('',(-3.757968827141,-0.273431671697));
#2348 = CARTESIAN_POINT('',(-3.774916001463,-0.225651910171));
#2349 = CARTESIAN_POINT('',(-3.787897440524,-0.176760361701));
#2350 = CARTESIAN_POINT('',(-3.797067452082,-0.127092967719));
#2351 = CARTESIAN_POINT('',(-3.802509012158,-7.697100121894E-02));
#2352 = CARTESIAN_POINT('',(-3.804734397489,-1.265023687943E-02));
#2353 = CARTESIAN_POINT('',(-3.804930584709,1.446376409253E-03));
#2354 = CARTESIAN_POINT('',(-3.80483607464,1.554602089962E-02));
#2355 = CARTESIAN_POINT('',(-3.80445093065,2.964170291724E-02));
#2356 = CARTESIAN_POINT('',(-3.803774800288,4.372644433895E-02));
#2357 = CARTESIAN_POINT('',(-3.802806920637,5.779323628971E-02));
#2358 = CARTESIAN_POINT('',(-3.801546123674,7.183499283943E-02));
#2359 = CARTESIAN_POINT('',(-3.799990841614,8.584450469984E-02));
#2360 = ( GEOMETRIC_REPRESENTATION_CONTEXT(2) 
PARAMETRIC_REPRESENTATION_CONTEXT() REPRESENTATION_CONTEXT('2D SPACE',''
  ) );
#2361 = PCURVE('',#2362,#2367);
#2362 = TOROIDAL_SURFACE('',#2363,90.000000000001,40.);
#2363 = AXIS2_PLACEMENT_3D('',#2364,#2365,#2366);
#2364 = CARTESIAN_POINT('',(240.,5.521798825288,546.79847793603));
#2365 = DIRECTION('',(3.7E-16,0.292371704723,0.956304755963));
#2366 = DIRECTION('',(-3.2E-16,-0.956304755963,0.292371704723));
#2367 = DEFINITIONAL_REPRESENTATION('',(#2368),#2497);
#2368 = B_SPLINE_CURVE_WITH_KNOTS('',8,(#2369,#2370,#2371,#2372,#2373,
    #2374,#2375,#2376,#2377,#2378,#2379,#2380,#2381,#2382,#2383,#2384,
    #2385,#2386,#2387,#2388,#2389,#2390,#2391,#2392,#2393,#2394,#2395,
    #2396,#2397,#2398,#2399,#2400,#2401,#2402,#2403,#2404,#2405,#2406,
    #2407,#2408,#2409,#2410,#2411,#2412,#2413,#2414,#2415,#2416,#2417,
    #2418,#2419,#2420,#2421,#2422,#2423,#2424,#2425,#2426,#2427,#2428,
    #2429,#2430,#2431,#2432,#2433,#2434,#2435,#2436,#2437,#2438,#2439,
    #2440,#2441,#2442,#2443,#2444,#2445,#2446,#2447,#2448,#2449,#2450,
    #2451,#2452,#2453,#2454,#2455,#2456,#2457,#2458,#2459,#2460,#2461,
    #2462,#2463,#2464,#2465,#2466,#2467,#2468,#2469,#2470,#2471,#2472,
    #2473,#2474,#2475,#2476,#2477,#2478,#2479,#2480,#2481,#2482,#2483,
    #2484,#2485,#2486,#2487,#2488,#2489,#2490,#2491,#2492,#2493,#2494,
    #2495,#2496),.UNSPECIFIED.,.F.,.F.,(9,7,7,7,7,7,7,7,7,7,7,7,7,7,7,7,
    7,7,9),(0.,4.699861100763E-02,0.140969404652,0.170972056775,
    0.188974263676,0.226979757361,0.272986183412,0.303989560295,
    0.37299173822,0.427991608422,0.476990546302,0.546986792455,
    0.575846398911,0.603845769332,0.69484131228,0.763845996348,
    0.866844095057,0.970838278888,1.),.UNSPECIFIED.);
#2369 = CARTESIAN_POINT('',(2.365426899803E-02,2.844886680751));
#2370 = CARTESIAN_POINT('',(2.384760497063E-02,2.881799664799));
#2371 = CARTESIAN_POINT('',(2.401787737568E-02,2.918713362196));
#2372 = CARTESIAN_POINT('',(2.416306096135E-02,2.955627036453));
#2373 = CARTESIAN_POINT('',(2.428136222475E-02,2.992540598661));
#2374 = CARTESIAN_POINT('',(2.437134200273E-02,3.029454285636));
#2375 = CARTESIAN_POINT('',(2.443200115805E-02,3.066368332424));
#2376 = CARTESIAN_POINT('',(2.446282936099E-02,3.103282639166));
#2377 = CARTESIAN_POINT('',(2.446579162155E-02,3.214003261161));
#2378 = CARTESIAN_POINT('',(2.434846919015E-02,3.28782561073));
#2379 = CARTESIAN_POINT('',(2.411168428511E-02,3.36163954361));
#2380 = CARTESIAN_POINT('',(2.376331115931E-02,3.435445426438));
#2381 = CARTESIAN_POINT('',(2.331930380953E-02,3.509250157183));
#2382 = CARTESIAN_POINT('',(2.279955527694E-02,3.583060677117));
#2383 = CARTESIAN_POINT('',(2.222396165166E-02,3.656877532996));
#2384 = CARTESIAN_POINT('',(2.14151677356E-02,3.754239595712));
#2385 = CARTESIAN_POINT('',(2.121559917086E-02,3.77780195441));
#2386 = CARTESIAN_POINT('',(2.101278956602E-02,3.80136413116));
#2387 = CARTESIAN_POINT('',(2.080730956386E-02,3.824926121794));
#2388 = CARTESIAN_POINT('',(2.059970474316E-02,3.848487958072));
#2389 = CARTESIAN_POINT('',(2.039049227436E-02,3.872049673107));
#2390 = CARTESIAN_POINT('',(2.018015757535E-02,3.895611266786));
#2391 = CARTESIAN_POINT('',(1.984254267264E-02,3.933309997307));
#2392 = CARTESIAN_POINT('',(1.9715692406E-02,3.947447275334));
#2393 = CARTESIAN_POINT('',(1.958869763609E-02,3.961584506376));
#2394 = CARTESIAN_POINT('',(1.946165137442E-02,3.975721691698));
#2395 = CARTESIAN_POINT('',(1.933464217523E-02,3.989858832735));
#2396 = CARTESIAN_POINT('',(1.920775413544E-02,4.003995931092));
#2397 = CARTESIAN_POINT('',(1.908106689472E-02,4.018132988548));
#2398 = CARTESIAN_POINT('',(1.868778156026E-02,4.062115479344));
#2399 = CARTESIAN_POINT('',(1.842213588953E-02,4.091960953657));
#2400 = CARTESIAN_POINT('',(1.815842855105E-02,4.12180620747));
#2401 = CARTESIAN_POINT('',(1.789727884311E-02,4.151651247861));
#2402 = CARTESIAN_POINT('',(1.763922022415E-02,4.181496197499));
#2403 = CARTESIAN_POINT('',(1.738470663676E-02,4.211341180607));
#2404 = CARTESIAN_POINT('',(1.713412036607E-02,4.241186208852));
#2405 = CARTESIAN_POINT('',(1.658958312397E-02,4.307158877548));
#2406 = CARTESIAN_POINT('',(1.62976028611E-02,4.343287128536));
#2407 = CARTESIAN_POINT('',(1.601241028455E-02,4.379415237451));
#2408 = CARTESIAN_POINT('',(1.573443020262E-02,4.415543205977));
#2409 = CARTESIAN_POINT('',(1.546396744494E-02,4.451671324885));
#2410 = CARTESIAN_POINT('',(1.520122913353E-02,4.487799878666));
#2411 = CARTESIAN_POINT('',(1.494634437143E-02,4.523928850115));
#2412 = CARTESIAN_POINT('',(1.453295486615E-02,4.584404528423));
#2413 = CARTESIAN_POINT('',(1.437012416058E-02,4.608751603645));
#2414 = CARTESIAN_POINT('',(1.421090919823E-02,4.633098768662));
#2415 = CARTESIAN_POINT('',(1.405531641142E-02,4.657446021516));
#2416 = CARTESIAN_POINT('',(1.390334069906E-02,4.681793399453));
#2417 = CARTESIAN_POINT('',(1.375496742705E-02,4.706140938233));
#2418 = CARTESIAN_POINT('',(1.361017442867E-02,4.730488631452));
#2419 = CARTESIAN_POINT('',(1.315458447832E-02,4.809025595216));
#2420 = CARTESIAN_POINT('',(1.285781135738E-02,4.863218750458));
#2421 = CARTESIAN_POINT('',(1.25783314161E-02,4.917411044251));
#2422 = CARTESIAN_POINT('',(1.231567475052E-02,4.971602073183));
#2423 = CARTESIAN_POINT('',(1.206927815521E-02,5.025793636717));
#2424 = CARTESIAN_POINT('',(1.183855066161E-02,5.079987530024));
#2425 = CARTESIAN_POINT('',(1.162291123805E-02,5.134183334674));
#2426 = CARTESIAN_POINT('',(1.126149695545E-02,5.231571959022));
#2427 = CARTESIAN_POINT('',(1.111041299114E-02,5.274769036346));
#2428 = CARTESIAN_POINT('',(1.096826228204E-02,5.317965860484));
#2429 = CARTESIAN_POINT('',(1.083475949241E-02,5.361162291638));
#2430 = CARTESIAN_POINT('',(1.070962898864E-02,5.404358910316));
#2431 = CARTESIAN_POINT('',(1.059261186982E-02,5.447556298793));
#2432 = CARTESIAN_POINT('',(1.048346946779E-02,5.490754322596));
#2433 = CARTESIAN_POINT('',(1.029157012825E-02,5.572435348271));
#2434 = CARTESIAN_POINT('',(1.020723022503E-02,5.610920005048));
#2435 = CARTESIAN_POINT('',(1.012880949918E-02,5.649404496491));
#2436 = CARTESIAN_POINT('',(1.00561631322E-02,5.687888746708));
#2437 = CARTESIAN_POINT('',(9.989158184285E-03,5.726373084973));
#2438 = CARTESIAN_POINT('',(9.927675131519E-03,5.764857840953));
#2439 = CARTESIAN_POINT('',(9.871608350948E-03,5.803342939918));
#2440 = CARTESIAN_POINT('',(9.748378158625E-03,5.8968036814));
#2441 = CARTESIAN_POINT('',(9.686749075102E-03,5.951783557167));
#2442 = CARTESIAN_POINT('',(9.635715912294E-03,6.006761964587));
#2443 = CARTESIAN_POINT('',(9.595059108776E-03,6.061738485566));
#2444 = CARTESIAN_POINT('',(9.564612694348E-03,6.116715072416));
#2445 = CARTESIAN_POINT('',(9.544268779782E-03,6.171693674982));
#2446 = CARTESIAN_POINT('',(9.533975774167E-03,6.22667386707));
#2447 = CARTESIAN_POINT('',(9.533629132602E-03,6.304317447511));
#2448 = CARTESIAN_POINT('',(9.535235956298E-03,6.326984442758));
#2449 = CARTESIAN_POINT('',(9.538550736399E-03,6.349651444146));
#2450 = CARTESIAN_POINT('',(9.543574961781E-03,6.372318439697));
#2451 = CARTESIAN_POINT('',(9.550311674726E-03,6.394985419195));
#2452 = CARTESIAN_POINT('',(9.558765470925E-03,6.417652374189));
#2453 = CARTESIAN_POINT('',(9.56894249947E-03,6.440319297992));
#2454 = CARTESIAN_POINT('',(9.592403478268E-03,6.484977427513));
#2455 = CARTESIAN_POINT('',(9.605585810719E-03,6.506968682936));
#2456 = CARTESIAN_POINT('',(9.620404466377E-03,6.528959895068));
#2457 = CARTESIAN_POINT('',(9.636867870424E-03,6.550951056125));
#2458 = CARTESIAN_POINT('',(9.654985849781E-03,6.572942182792));
#2459 = CARTESIAN_POINT('',(9.674769615826E-03,6.594933291585));
#2460 = CARTESIAN_POINT('',(9.696231747118E-03,6.616924374215));
#2461 = CARTESIAN_POINT('',(9.7946360596E-03,6.71038422532));
#2462 = CARTESIAN_POINT('',(9.88777416672E-03,6.781865858496));
#2463 = CARTESIAN_POINT('',(9.999270865453E-03,6.853340147426));
#2464 = CARTESIAN_POINT('',(1.012974551069E-02,6.924807427462));
#2465 = CARTESIAN_POINT('',(1.02799951749E-02,6.996273753717));
#2466 = CARTESIAN_POINT('',(1.045097897742E-02,7.06774522973));
#2467 = CARTESIAN_POINT('',(1.064381181834E-02,7.139222339788));
#2468 = CARTESIAN_POINT('',(1.102327161822E-02,7.264877698388));
#2469 = CARTESIAN_POINT('',(1.120016927905E-02,7.319072969114));
#2470 = CARTESIAN_POINT('',(1.139082286586E-02,7.373266165775));
#2471 = CARTESIAN_POINT('',(1.159578869377E-02,7.427457293212));
#2472 = CARTESIAN_POINT('',(1.181565641108E-02,7.481648146057));
#2473 = CARTESIAN_POINT('',(1.205103233455E-02,7.535840519092));
#2474 = CARTESIAN_POINT('',(1.230250207857E-02,7.590034419178));
#2475 = CARTESIAN_POINT('',(1.297066149892E-02,7.725111165003));
#2476 = CARTESIAN_POINT('',(1.340787417101E-02,7.80602181124));
#2477 = CARTESIAN_POINT('',(1.388377202795E-02,7.886919927755));
#2478 = CARTESIAN_POINT('',(1.439973582761E-02,7.967807449806));
#2479 = CARTESIAN_POINT('',(1.495654213902E-02,8.048695201973));
#2480 = CARTESIAN_POINT('',(1.555384379489E-02,8.129593982855));
#2481 = CARTESIAN_POINT('',(1.618893263507E-02,8.210505617273));
#2482 = CARTESIAN_POINT('',(1.752798974217E-02,8.373062644359));
#2483 = CARTESIAN_POINT('',(1.823297944746E-02,8.454758017501));
#2484 = CARTESIAN_POINT('',(1.896352642221E-02,8.536440478804));
#2485 = CARTESIAN_POINT('',(1.970954280759E-02,8.618112256021));
#2486 = CARTESIAN_POINT('',(2.045646575414E-02,8.699784829794));
#2487 = CARTESIAN_POINT('',(2.118367958734E-02,8.781469685242));
#2488 = CARTESIAN_POINT('',(2.186523434611E-02,8.863169079256));
#2489 = CARTESIAN_POINT('',(2.264610436043E-02,8.967747400237));
#2490 = CARTESIAN_POINT('',(2.281149558656E-02,8.990650649288));
#2491 = CARTESIAN_POINT('',(2.297069364458E-02,9.013553977919));
#2492 = CARTESIAN_POINT('',(2.312312760978E-02,9.036457380679));
#2493 = CARTESIAN_POINT('',(2.326823469032E-02,9.059360880301));
#2494 = CARTESIAN_POINT('',(2.340546881294E-02,9.082264498059));
#2495 = CARTESIAN_POINT('',(2.353430920856E-02,9.105168224125));
#2496 = CARTESIAN_POINT('',(2.365426899803E-02,9.12807198793));
#2497 = ( GEOMETRIC_REPRESENTATION_CONTEXT(2) 
PARAMETRIC_REPRESENTATION_CONTEXT() REPRESENTATION_CONTEXT('2D SPACE',''
  ) );
#2498 = ADVANCED_FACE('',(#2499),#1509,.T.);
#2499 = FACE_BOUND('',#2500,.T.);
#2500 = EDGE_LOOP('',(#2501,#2529,#2551,#2552));
#2501 = ORIENTED_EDGE('',*,*,#2502,.T.);
#2502 = EDGE_CURVE('',#2503,#2503,#2505,.T.);
#2503 = VERTEX_POINT('',#2504);
#2504 = CARTESIAN_POINT('',(2.69037736346E+03,1.151567927831E+03,0.));
#2505 = SURFACE_CURVE('',#2506,(#2511,#2517),.PCURVE_S1.);
#2506 = CIRCLE('',#2507,1.151567927831E+03);
#2507 = AXIS2_PLACEMENT_3D('',#2508,#2509,#2510);
#2508 = CARTESIAN_POINT('',(2.69037736346E+03,0.,0.));
#2509 = DIRECTION('',(1.,0.,0.));
#2510 = DIRECTION('',(0.,1.,0.));
#2511 = PCURVE('',#1509,#2512);
#2512 = DEFINITIONAL_REPRESENTATION('',(#2513),#2516);
#2513 = B_SPLINE_CURVE_WITH_KNOTS('',1,(#2514,#2515),.UNSPECIFIED.,.F.,
  .F.,(2,2),(0.,6.28318530718),.PIECEWISE_BEZIER_KNOTS.);
#2514 = CARTESIAN_POINT('',(4.4E-16,2.522225412284E+03));
#2515 = CARTESIAN_POINT('',(6.28318530718,2.522225412284E+03));
#2516 = ( GEOMETRIC_REPRESENTATION_CONTEXT(2) 
PARAMETRIC_REPRESENTATION_CONTEXT() REPRESENTATION_CONTEXT('2D SPACE',''
  ) );
#2517 = PCURVE('',#2518,#2523);
#2518 = CONICAL_SURFACE('',#2519,1.151567927831E+03,1.33056856855);
#2519 = AXIS2_PLACEMENT_3D('',#2520,#2521,#2522);
#2520 = CARTESIAN_POINT('',(2.69037736346E+03,0.,0.));
#2521 = DIRECTION('',(-1.,-0.,-0.));
#2522 = DIRECTION('',(0.,1.,0.));
#2523 = DEFINITIONAL_REPRESENTATION('',(#2524),#2528);
#2524 = LINE('',#2525,#2526);
#2525 = CARTESIAN_POINT('',(-0.,0.));
#2526 = VECTOR('',#2527,1.);
#2527 = DIRECTION('',(-1.,0.));
#2528 = ( GEOMETRIC_REPRESENTATION_CONTEXT(2) 
PARAMETRIC_REPRESENTATION_CONTEXT() REPRESENTATION_CONTEXT('2D SPACE',''
  ) );
#2529 = ORIENTED_EDGE('',*,*,#2530,.T.);
#2530 = EDGE_CURVE('',#2503,#1493,#2531,.T.);
#2531 = SEAM_CURVE('',#2532,(#2537,#2544),.PCURVE_S1.);
#2532 = PARABOLA('',#2533,624.15162335224);
#2533 = AXIS2_PLACEMENT_3D('',#2534,#2535,#2536);
#2534 = CARTESIAN_POINT('',(-486.6514777656,-510.045497427,0.));
#2535 = DIRECTION('',(-0.,0.,1.));
#2536 = DIRECTION('',(0.955805440765,-0.293999930958,0.));
#2537 = PCURVE('',#1509,#2538);
#2538 = DEFINITIONAL_REPRESENTATION('',(#2539),#2543);
#2539 = LINE('',#2540,#2541);
#2540 = CARTESIAN_POINT('',(0.,0.));
#2541 = VECTOR('',#2542,1.);
#2542 = DIRECTION('',(0.,1.));
#2543 = ( GEOMETRIC_REPRESENTATION_CONTEXT(2) 
PARAMETRIC_REPRESENTATION_CONTEXT() REPRESENTATION_CONTEXT('2D SPACE',''
  ) );
#2544 = PCURVE('',#1509,#2545);
#2545 = DEFINITIONAL_REPRESENTATION('',(#2546),#2550);
#2546 = LINE('',#2547,#2548);
#2547 = CARTESIAN_POINT('',(6.28318530718,0.));
#2548 = VECTOR('',#2549,1.);
#2549 = DIRECTION('',(0.,1.));
#2550 = ( GEOMETRIC_REPRESENTATION_CONTEXT(2) 
PARAMETRIC_REPRESENTATION_CONTEXT() REPRESENTATION_CONTEXT('2D SPACE',''
  ) );
#2551 = ORIENTED_EDGE('',*,*,#1492,.F.);
#2552 = ORIENTED_EDGE('',*,*,#2530,.F.);
#2553 = ADVANCED_FACE('',(#2554,#2585),#1547,.F.);
#2554 = FACE_BOUND('',#2555,.F.);
#2555 = EDGE_LOOP('',(#2556));
#2556 = ORIENTED_EDGE('',*,*,#2557,.T.);
#2557 = EDGE_CURVE('',#2558,#2558,#2560,.T.);
#2558 = VERTEX_POINT('',#2559);
#2559 = CARTESIAN_POINT('',(400.93404284309,546.26665428846,0.));
#2560 = SURFACE_CURVE('',#2561,(#2566,#2573),.PCURVE_S1.);
#2561 = CIRCLE('',#2562,546.26665428846);
#2562 = AXIS2_PLACEMENT_3D('',#2563,#2564,#2565);
#2563 = CARTESIAN_POINT('',(400.93404284309,0.,0.));
#2564 = DIRECTION('',(1.,0.,0.));
#2565 = DIRECTION('',(0.,1.,0.));
#2566 = PCURVE('',#1547,#2567);
#2567 = DEFINITIONAL_REPRESENTATION('',(#2568),#2572);
#2568 = CIRCLE('',#2569,546.26665428846);
#2569 = AXIS2_PLACEMENT_2D('',#2570,#2571);
#2570 = CARTESIAN_POINT('',(0.,0.));
#2571 = DIRECTION('',(1.,0.));
#2572 = ( GEOMETRIC_REPRESENTATION_CONTEXT(2) 
PARAMETRIC_REPRESENTATION_CONTEXT() REPRESENTATION_CONTEXT('2D SPACE',''
  ) );
#2573 = PCURVE('',#2574,#2579);
#2574 = CYLINDRICAL_SURFACE('',#2575,546.26665428846);
#2575 = AXIS2_PLACEMENT_3D('',#2576,#2577,#2578);
#2576 = CARTESIAN_POINT('',(420.93404284309,0.,0.));
#2577 = DIRECTION('',(-1.,-0.,-0.));
#2578 = DIRECTION('',(0.,1.,0.));
#2579 = DEFINITIONAL_REPRESENTATION('',(#2580),#2584);
#2580 = LINE('',#2581,#2582);
#2581 = CARTESIAN_POINT('',(-0.,20.));
#2582 = VECTOR('',#2583,1.);
#2583 = DIRECTION('',(-1.,0.));
#2584 = ( GEOMETRIC_REPRESENTATION_CONTEXT(2) 
PARAMETRIC_REPRESENTATION_CONTEXT() REPRESENTATION_CONTEXT('2D SPACE',''
  ) );
#2585 = FACE_BOUND('',#2586,.F.);
#2586 = EDGE_LOOP('',(#2587));
#2587 = ORIENTED_EDGE('',*,*,#1530,.F.);
#2588 = ADVANCED_FACE('',(#2589,#2592),#1841,.T.);
#2589 = FACE_BOUND('',#2590,.F.);
#2590 = EDGE_LOOP('',(#2591));
#2591 = ORIENTED_EDGE('',*,*,#1826,.T.);
#2592 = FACE_BOUND('',#2593,.F.);
#2593 = EDGE_LOOP('',(#2594));
#2594 = ORIENTED_EDGE('',*,*,#2595,.F.);
#2595 = EDGE_CURVE('',#2596,#2596,#2598,.T.);
#2596 = VERTEX_POINT('',#2597);
#2597 = CARTESIAN_POINT('',(-20.,-90.84443868243,646.39176844795));
#2598 = SURFACE_CURVE('',#2599,(#2604,#2611),.PCURVE_S1.);
#2599 = CIRCLE('',#2600,74.);
#2600 = AXIS2_PLACEMENT_3D('',#2601,#2602,#2603);
#2601 = CARTESIAN_POINT('',(-20.,-80.54562921138,573.11193136108));
#2602 = DIRECTION('',(1.,0.,0.));
#2603 = DIRECTION('',(0.,-0.13917310096,0.990268068742));
#2604 = PCURVE('',#1841,#2605);
#2605 = DEFINITIONAL_REPRESENTATION('',(#2606),#2610);
#2606 = CIRCLE('',#2607,74.);
#2607 = AXIS2_PLACEMENT_2D('',#2608,#2609);
#2608 = CARTESIAN_POINT('',(0.,0.));
#2609 = DIRECTION('',(1.,-9.436895709314E-16));
#2610 = ( GEOMETRIC_REPRESENTATION_CONTEXT(2) 
PARAMETRIC_REPRESENTATION_CONTEXT() REPRESENTATION_CONTEXT('2D SPACE',''
  ) );
#2611 = PCURVE('',#2612,#2617);
#2612 = CYLINDRICAL_SURFACE('',#2613,74.);
#2613 = AXIS2_PLACEMENT_3D('',#2614,#2615,#2616);
#2614 = CARTESIAN_POINT('',(-20.,-80.54562921138,573.11193136108));
#2615 = DIRECTION('',(-1.,0.,0.));
#2616 = DIRECTION('',(0.,-0.13917310096,0.990268068742));
#2617 = DEFINITIONAL_REPRESENTATION('',(#2618),#2622);
#2618 = LINE('',#2619,#2620);
#2619 = CARTESIAN_POINT('',(-0.,0.));
#2620 = VECTOR('',#2621,1.);
#2621 = DIRECTION('',(-1.,0.));
#2622 = ( GEOMETRIC_REPRESENTATION_CONTEXT(2) 
PARAMETRIC_REPRESENTATION_CONTEXT() REPRESENTATION_CONTEXT('2D SPACE',''
  ) );
#2623 = ADVANCED_FACE('',(#2624),#2362,.T.);
#2624 = FACE_BOUND('',#2625,.T.);
#2625 = EDGE_LOOP('',(#2626,#2650,#2651,#2652,#2700,#2756));
#2626 = ORIENTED_EDGE('',*,*,#2627,.F.);
#2627 = EDGE_CURVE('',#2097,#2628,#2630,.T.);
#2628 = VERTEX_POINT('',#2629);
#2629 = CARTESIAN_POINT('',(291.74780976147,8.941047374187,
    557.98233600544));
#2630 = SEAM_CURVE('',#2631,(#2636,#2643),.PCURVE_S1.);
#2631 = CIRCLE('',#2632,51.747809761479);
#2632 = AXIS2_PLACEMENT_3D('',#2633,#2634,#2635);
#2633 = CARTESIAN_POINT('',(240.,8.941047374187,557.98233600544));
#2634 = DIRECTION('',(3.7E-16,0.292371704723,0.956304755963));
#2635 = DIRECTION('',(-3.2E-16,-0.956304755963,0.292371704723));
#2636 = PCURVE('',#2362,#2637);
#2637 = DEFINITIONAL_REPRESENTATION('',(#2638),#2642);
#2638 = LINE('',#2639,#2640);
#2639 = CARTESIAN_POINT('',(0.,9.12807198793));
#2640 = VECTOR('',#2641,1.);
#2641 = DIRECTION('',(1.,0.));
#2642 = ( GEOMETRIC_REPRESENTATION_CONTEXT(2) 
PARAMETRIC_REPRESENTATION_CONTEXT() REPRESENTATION_CONTEXT('2D SPACE',''
  ) );
#2643 = PCURVE('',#2362,#2644);
#2644 = DEFINITIONAL_REPRESENTATION('',(#2645),#2649);
#2645 = LINE('',#2646,#2647);
#2646 = CARTESIAN_POINT('',(0.,2.844886680751));
#2647 = VECTOR('',#2648,1.);
#2648 = DIRECTION('',(1.,0.));
#2649 = ( GEOMETRIC_REPRESENTATION_CONTEXT(2) 
PARAMETRIC_REPRESENTATION_CONTEXT() REPRESENTATION_CONTEXT('2D SPACE',''
  ) );
#2650 = ORIENTED_EDGE('',*,*,#2096,.F.);
#2651 = ORIENTED_EDGE('',*,*,#2627,.T.);
#2652 = ORIENTED_EDGE('',*,*,#2653,.T.);
#2653 = EDGE_CURVE('',#2628,#2654,#2656,.T.);
#2654 = VERTEX_POINT('',#2655);
#2655 = CARTESIAN_POINT('',(290.,5.521798825288,546.79847793603));
#2656 = SURFACE_CURVE('',#2657,(#2662,#2669),.PCURVE_S1.);
#2657 = CIRCLE('',#2658,40.);
#2658 = AXIS2_PLACEMENT_3D('',#2659,#2660,#2661);
#2659 = CARTESIAN_POINT('',(330.,5.521798825288,546.79847793603));
#2660 = DIRECTION('',(-3.8E-16,-0.956304755963,0.292371704723));
#2661 = DIRECTION('',(1.,-4.70675126132E-16,-2.397935932276E-16));
#2662 = PCURVE('',#2362,#2663);
#2663 = DEFINITIONAL_REPRESENTATION('',(#2664),#2668);
#2664 = LINE('',#2665,#2666);
#2665 = CARTESIAN_POINT('',(1.570796326795,0.));
#2666 = VECTOR('',#2667,1.);
#2667 = DIRECTION('',(0.,1.));
#2668 = ( GEOMETRIC_REPRESENTATION_CONTEXT(2) 
PARAMETRIC_REPRESENTATION_CONTEXT() REPRESENTATION_CONTEXT('2D SPACE',''
  ) );
#2669 = PCURVE('',#2670,#2695);
#2670 = B_SPLINE_SURFACE_WITH_KNOTS('',11,1,(
    (#2671,#2672)
    ,(#2673,#2674)
    ,(#2675,#2676)
    ,(#2677,#2678)
    ,(#2679,#2680)
    ,(#2681,#2682)
    ,(#2683,#2684)
    ,(#2685,#2686)
    ,(#2687,#2688)
    ,(#2689,#2690)
    ,(#2691,#2692)
    ,(#2693,#2694
    )),.UNSPECIFIED.,.F.,.F.,.F.,(12,12),(2,2),(0.,1.),(0.,162.149103),
  .PIECEWISE_BEZIER_KNOTS.);
#2671 = CARTESIAN_POINT('',(290.,5.521798825288,546.79847793603));
#2672 = CARTESIAN_POINT('',(300.,160.58575719932,499.39066827266));
#2673 = CARTESIAN_POINT('',(290.,8.861845369559,557.72327792122));
#2674 = CARTESIAN_POINT('',(300.,163.09079210753,507.58426826155));
#2675 = CARTESIAN_POINT('',(293.58894712868,12.201891652722,
    568.64807705236));
#2676 = CARTESIAN_POINT('',(302.69171034651,165.5958268199,
    515.7778676099));
#2677 = CARTESIAN_POINT('',(300.76684054193,15.175663120729,
    578.37484524526));
#2678 = CARTESIAN_POINT('',(308.07513040644,167.82615542091,
    523.07294375459));
#2679 = CARTESIAN_POINT('',(311.04172011799,17.4168704619,585.7055041457
    ));
#2680 = CARTESIAN_POINT('',(315.7812900885,169.50706092678,
    528.5709379299));
#2681 = CARTESIAN_POINT('',(323.42963518449,18.623829464885,
    589.65328916101));
#2682 = CARTESIAN_POINT('',(325.07222638836,170.41228017903,
    531.53177669141));
#2683 = CARTESIAN_POINT('',(336.57036481551,18.623829464887,
    589.65328916102));
#2684 = CARTESIAN_POINT('',(334.92777361163,170.41228017902,
    531.53177669138));
#2685 = CARTESIAN_POINT('',(348.958279882,17.416870461899,
    585.70550414569));
#2686 = CARTESIAN_POINT('',(344.2187099115,169.50706092679,
    528.57093792992));
#2687 = CARTESIAN_POINT('',(359.23315945807,15.17566312073,
    578.37484524527));
#2688 = CARTESIAN_POINT('',(351.92486959355,167.8261554209,
    523.07294375458));
#2689 = CARTESIAN_POINT('',(366.41105287131,12.201891652721,
    568.64807705235));
#2690 = CARTESIAN_POINT('',(357.30828965348,165.5958268199,
    515.77786760991));
#2691 = CARTESIAN_POINT('',(370.,8.861845369559,557.72327792122));
#2692 = CARTESIAN_POINT('',(359.99999999999,163.09079210753,
    507.58426826155));
#2693 = CARTESIAN_POINT('',(370.,5.521798825288,546.79847793603));
#2694 = CARTESIAN_POINT('',(360.,160.58575719932,499.39066827266));
#2695 = DEFINITIONAL_REPRESENTATION('',(#2696),#2699);
#2696 = B_SPLINE_CURVE_WITH_KNOTS('',1,(#2697,#2698),.UNSPECIFIED.,.F.,
  .F.,(2,2),(2.844886680751,3.14159265359),.PIECEWISE_BEZIER_KNOTS.);
#2697 = CARTESIAN_POINT('',(9.4444444437E-02,0.));
#2698 = CARTESIAN_POINT('',(0.,0.));
#2699 = ( GEOMETRIC_REPRESENTATION_CONTEXT(2) 
PARAMETRIC_REPRESENTATION_CONTEXT() REPRESENTATION_CONTEXT('2D SPACE',''
  ) );
#2700 = ORIENTED_EDGE('',*,*,#2701,.F.);
#2701 = EDGE_CURVE('',#2702,#2654,#2704,.T.);
#2702 = VERTEX_POINT('',#2703);
#2703 = CARTESIAN_POINT('',(370.,5.521798825288,546.79847793603));
#2704 = SURFACE_CURVE('',#2705,(#2718,#2724),.PCURVE_S1.);
#2705 = B_SPLINE_CURVE_WITH_KNOTS('',11,(#2706,#2707,#2708,#2709,#2710,
    #2711,#2712,#2713,#2714,#2715,#2716,#2717),.UNSPECIFIED.,.F.,.F.,(12
    ,12),(1.,2.),.PIECEWISE_BEZIER_KNOTS.);
#2706 = CARTESIAN_POINT('',(370.,5.521798825288,546.79847793603));
#2707 = CARTESIAN_POINT('',(370.,2.181752281017,535.87367795084));
#2708 = CARTESIAN_POINT('',(366.4110528713,-1.158294002145,
    524.9488788197));
#2709 = CARTESIAN_POINT('',(359.23315945808,-4.132065470153,
    515.22211062679));
#2710 = CARTESIAN_POINT('',(348.95827988197,-6.373272811324,
    507.89145172636));
#2711 = CARTESIAN_POINT('',(336.57036481554,-7.580231814307,
    503.94366671105));
#2712 = CARTESIAN_POINT('',(323.42963518445,-7.580231814312,
    503.94366671103));
#2713 = CARTESIAN_POINT('',(311.04172011802,-6.37327281132,
    507.89145172637));
#2714 = CARTESIAN_POINT('',(300.76684054191,-4.132065470155,
    515.22211062679));
#2715 = CARTESIAN_POINT('',(293.58894712869,-1.158294002144,
    524.94887881971));
#2716 = CARTESIAN_POINT('',(289.99999999999,2.181752281017,
    535.87367795084));
#2717 = CARTESIAN_POINT('',(290.,5.521798825288,546.79847793603));
#2718 = PCURVE('',#2362,#2719);
#2719 = DEFINITIONAL_REPRESENTATION('',(#2720),#2723);
#2720 = B_SPLINE_CURVE_WITH_KNOTS('',1,(#2721,#2722),.UNSPECIFIED.,.F.,
  .F.,(2,2),(1.,2.),.PIECEWISE_BEZIER_KNOTS.);
#2721 = CARTESIAN_POINT('',(1.570796326795,6.28318530718));
#2722 = CARTESIAN_POINT('',(1.570796326795,3.14159265359));
#2723 = ( GEOMETRIC_REPRESENTATION_CONTEXT(2) 
PARAMETRIC_REPRESENTATION_CONTEXT() REPRESENTATION_CONTEXT('2D SPACE',''
  ) );
#2724 = PCURVE('',#2725,#2750);
#2725 = B_SPLINE_SURFACE_WITH_KNOTS('',11,1,(
    (#2726,#2727)
    ,(#2728,#2729)
    ,(#2730,#2731)
    ,(#2732,#2733)
    ,(#2734,#2735)
    ,(#2736,#2737)
    ,(#2738,#2739)
    ,(#2740,#2741)
    ,(#2742,#2743)
    ,(#2744,#2745)
    ,(#2746,#2747)
    ,(#2748,#2749
    )),.UNSPECIFIED.,.F.,.F.,.F.,(12,12),(2,2),(1.,2.),(0.,162.149103),
  .PIECEWISE_BEZIER_KNOTS.);
#2726 = CARTESIAN_POINT('',(370.,5.521798825288,546.79847793603));
#2727 = CARTESIAN_POINT('',(360.,160.58575719932,499.39066827266));
#2728 = CARTESIAN_POINT('',(370.,2.181752281017,535.87367795084));
#2729 = CARTESIAN_POINT('',(360.,158.08072229112,491.19706828377));
#2730 = CARTESIAN_POINT('',(366.4110528713,-1.158294002145,
    524.9488788197));
#2731 = CARTESIAN_POINT('',(357.30828965348,155.57568757875,
    483.00346893541));
#2732 = CARTESIAN_POINT('',(359.23315945808,-4.132065470153,
    515.22211062679));
#2733 = CARTESIAN_POINT('',(351.92486959356,153.34535897774,
    475.70839279073));
#2734 = CARTESIAN_POINT('',(348.95827988197,-6.373272811324,
    507.89145172636));
#2735 = CARTESIAN_POINT('',(344.21870991148,151.66445347186,
    470.2103986154));
#2736 = CARTESIAN_POINT('',(336.57036481554,-7.580231814307,
    503.94366671105));
#2737 = CARTESIAN_POINT('',(334.92777361165,150.75923421963,
    467.24955985393));
#2738 = CARTESIAN_POINT('',(323.42963518445,-7.580231814312,
    503.94366671103));
#2739 = CARTESIAN_POINT('',(325.07222638834,150.75923421962,
    467.2495598539));
#2740 = CARTESIAN_POINT('',(311.04172011802,-6.37327281132,
    507.89145172637));
#2741 = CARTESIAN_POINT('',(315.78129008851,151.66445347187,
    470.21039861542));
#2742 = CARTESIAN_POINT('',(300.76684054191,-4.132065470155,
    515.22211062679));
#2743 = CARTESIAN_POINT('',(308.07513040643,153.34535897774,
    475.70839279072));
#2744 = CARTESIAN_POINT('',(293.58894712869,-1.158294002144,
    524.94887881971));
#2745 = CARTESIAN_POINT('',(302.69171034651,155.57568757875,
    483.00346893542));
#2746 = CARTESIAN_POINT('',(289.99999999999,2.181752281017,
    535.87367795084));
#2747 = CARTESIAN_POINT('',(299.99999999999,158.08072229112,
    491.19706828377));
#2748 = CARTESIAN_POINT('',(290.,5.521798825288,546.79847793603));
#2749 = CARTESIAN_POINT('',(300.,160.58575719932,499.39066827266));
#2750 = DEFINITIONAL_REPRESENTATION('',(#2751),#2755);
#2751 = LINE('',#2752,#2753);
#2752 = CARTESIAN_POINT('',(0.,0.));
#2753 = VECTOR('',#2754,1.);
#2754 = DIRECTION('',(1.,0.));
#2755 = ( GEOMETRIC_REPRESENTATION_CONTEXT(2) 
PARAMETRIC_REPRESENTATION_CONTEXT() REPRESENTATION_CONTEXT('2D SPACE',''
  ) );
#2756 = ORIENTED_EDGE('',*,*,#2757,.T.);
#2757 = EDGE_CURVE('',#2702,#2628,#2758,.T.);
#2758 = SURFACE_CURVE('',#2759,(#2764,#2771),.PCURVE_S1.);
#2759 = CIRCLE('',#2760,40.);
#2760 = AXIS2_PLACEMENT_3D('',#2761,#2762,#2763);
#2761 = CARTESIAN_POINT('',(330.,5.521798825288,546.79847793603));
#2762 = DIRECTION('',(-3.8E-16,-0.956304755963,0.292371704723));
#2763 = DIRECTION('',(1.,-4.70675126132E-16,-2.397935932276E-16));
#2764 = PCURVE('',#2362,#2765);
#2765 = DEFINITIONAL_REPRESENTATION('',(#2766),#2770);
#2766 = LINE('',#2767,#2768);
#2767 = CARTESIAN_POINT('',(1.570796326795,0.));
#2768 = VECTOR('',#2769,1.);
#2769 = DIRECTION('',(0.,1.));
#2770 = ( GEOMETRIC_REPRESENTATION_CONTEXT(2) 
PARAMETRIC_REPRESENTATION_CONTEXT() REPRESENTATION_CONTEXT('2D SPACE',''
  ) );
#2771 = PCURVE('',#2670,#2772);
#2772 = DEFINITIONAL_REPRESENTATION('',(#2773),#2777);
#2773 = B_SPLINE_CURVE_WITH_KNOTS('',2,(#2774,#2775,#2776),
  .UNSPECIFIED.,.F.,.F.,(3,3),(6.28318530718,9.12807198793),
  .PIECEWISE_BEZIER_KNOTS.);
#2774 = CARTESIAN_POINT('',(1.,0.));
#2775 = CARTESIAN_POINT('',(0.547222222118,8.465725E-11));
#2776 = CARTESIAN_POINT('',(9.4444444437E-02,5.335565E-11));
#2777 = ( GEOMETRIC_REPRESENTATION_CONTEXT(2) 
PARAMETRIC_REPRESENTATION_CONTEXT() REPRESENTATION_CONTEXT('2D SPACE',''
  ) );
#2778 = ADVANCED_FACE('',(#2779),#2518,.T.);
#2779 = FACE_BOUND('',#2780,.F.);
#2780 = EDGE_LOOP('',(#2781,#2782,#2805,#2832));
#2781 = ORIENTED_EDGE('',*,*,#2502,.T.);
#2782 = ORIENTED_EDGE('',*,*,#2783,.T.);
#2783 = EDGE_CURVE('',#2503,#2784,#2786,.T.);
#2784 = VERTEX_POINT('',#2785);
#2785 = CARTESIAN_POINT('',(2.67972736346E+03,1.195044748524E+03,0.));
#2786 = SEAM_CURVE('',#2787,(#2791,#2798),.PCURVE_S1.);
#2787 = LINE('',#2788,#2789);
#2788 = CARTESIAN_POINT('',(2.69037736346E+03,1.151567927831E+03,0.));
#2789 = VECTOR('',#2790,1.);
#2790 = DIRECTION('',(-0.237923850493,0.971283810926,0.));
#2791 = PCURVE('',#2518,#2792);
#2792 = DEFINITIONAL_REPRESENTATION('',(#2793),#2797);
#2793 = LINE('',#2794,#2795);
#2794 = CARTESIAN_POINT('',(-0.,0.));
#2795 = VECTOR('',#2796,1.);
#2796 = DIRECTION('',(-0.,1.));
#2797 = ( GEOMETRIC_REPRESENTATION_CONTEXT(2) 
PARAMETRIC_REPRESENTATION_CONTEXT() REPRESENTATION_CONTEXT('2D SPACE',''
  ) );
#2798 = PCURVE('',#2518,#2799);
#2799 = DEFINITIONAL_REPRESENTATION('',(#2800),#2804);
#2800 = LINE('',#2801,#2802);
#2801 = CARTESIAN_POINT('',(-6.28318530718,0.));
#2802 = VECTOR('',#2803,1.);
#2803 = DIRECTION('',(-0.,1.));
#2804 = ( GEOMETRIC_REPRESENTATION_CONTEXT(2) 
PARAMETRIC_REPRESENTATION_CONTEXT() REPRESENTATION_CONTEXT('2D SPACE',''
  ) );
#2805 = ORIENTED_EDGE('',*,*,#2806,.F.);
#2806 = EDGE_CURVE('',#2784,#2784,#2807,.T.);
#2807 = SURFACE_CURVE('',#2808,(#2813,#2820),.PCURVE_S1.);
#2808 = CIRCLE('',#2809,1.195044748524E+03);
#2809 = AXIS2_PLACEMENT_3D('',#2810,#2811,#2812);
#2810 = CARTESIAN_POINT('',(2.67972736346E+03,0.,0.));
#2811 = DIRECTION('',(1.,0.,0.));
#2812 = DIRECTION('',(0.,1.,0.));
#2813 = PCURVE('',#2518,#2814);
#2814 = DEFINITIONAL_REPRESENTATION('',(#2815),#2819);
#2815 = LINE('',#2816,#2817);
#2816 = CARTESIAN_POINT('',(-0.,10.649999999995));
#2817 = VECTOR('',#2818,1.);
#2818 = DIRECTION('',(-1.,0.));
#2819 = ( GEOMETRIC_REPRESENTATION_CONTEXT(2) 
PARAMETRIC_REPRESENTATION_CONTEXT() REPRESENTATION_CONTEXT('2D SPACE',''
  ) );
#2820 = PCURVE('',#2821,#2826);
#2821 = CYLINDRICAL_SURFACE('',#2822,1.195044748524E+03);
#2822 = AXIS2_PLACEMENT_3D('',#2823,#2824,#2825);
#2823 = CARTESIAN_POINT('',(2.67972736346E+03,0.,0.));
#2824 = DIRECTION('',(-1.,-0.,-0.));
#2825 = DIRECTION('',(0.,1.,0.));
#2826 = DEFINITIONAL_REPRESENTATION('',(#2827),#2831);
#2827 = LINE('',#2828,#2829);
#2828 = CARTESIAN_POINT('',(-0.,0.));
#2829 = VECTOR('',#2830,1.);
#2830 = DIRECTION('',(-1.,0.));
#2831 = ( GEOMETRIC_REPRESENTATION_CONTEXT(2) 
PARAMETRIC_REPRESENTATION_CONTEXT() REPRESENTATION_CONTEXT('2D SPACE',''
  ) );
#2832 = ORIENTED_EDGE('',*,*,#2783,.F.);
#2833 = ADVANCED_FACE('',(#2834),#2574,.T.);
#2834 = FACE_BOUND('',#2835,.F.);
#2835 = EDGE_LOOP('',(#2836,#2865,#2886,#2887));
#2836 = ORIENTED_EDGE('',*,*,#2837,.T.);
#2837 = EDGE_CURVE('',#2838,#2838,#2840,.T.);
#2838 = VERTEX_POINT('',#2839);
#2839 = CARTESIAN_POINT('',(420.93404284309,546.26665428846,0.));
#2840 = SURFACE_CURVE('',#2841,(#2846,#2853),.PCURVE_S1.);
#2841 = CIRCLE('',#2842,546.26665428846);
#2842 = AXIS2_PLACEMENT_3D('',#2843,#2844,#2845);
#2843 = CARTESIAN_POINT('',(420.93404284309,0.,0.));
#2844 = DIRECTION('',(1.,0.,0.));
#2845 = DIRECTION('',(0.,1.,0.));
#2846 = PCURVE('',#2574,#2847);
#2847 = DEFINITIONAL_REPRESENTATION('',(#2848),#2852);
#2848 = LINE('',#2849,#2850);
#2849 = CARTESIAN_POINT('',(-0.,0.));
#2850 = VECTOR('',#2851,1.);
#2851 = DIRECTION('',(-1.,0.));
#2852 = ( GEOMETRIC_REPRESENTATION_CONTEXT(2) 
PARAMETRIC_REPRESENTATION_CONTEXT() REPRESENTATION_CONTEXT('2D SPACE',''
  ) );
#2853 = PCURVE('',#2854,#2859);
#2854 = PLANE('',#2855);
#2855 = AXIS2_PLACEMENT_3D('',#2856,#2857,#2858);
#2856 = CARTESIAN_POINT('',(420.93404284309,0.,0.));
#2857 = DIRECTION('',(1.,0.,0.));
#2858 = DIRECTION('',(0.,1.,0.));
#2859 = DEFINITIONAL_REPRESENTATION('',(#2860),#2864);
#2860 = CIRCLE('',#2861,546.26665428846);
#2861 = AXIS2_PLACEMENT_2D('',#2862,#2863);
#2862 = CARTESIAN_POINT('',(0.,0.));
#2863 = DIRECTION('',(1.,0.));
#2864 = ( GEOMETRIC_REPRESENTATION_CONTEXT(2) 
PARAMETRIC_REPRESENTATION_CONTEXT() REPRESENTATION_CONTEXT('2D SPACE',''
  ) );
#2865 = ORIENTED_EDGE('',*,*,#2866,.T.);
#2866 = EDGE_CURVE('',#2838,#2558,#2867,.T.);
#2867 = SEAM_CURVE('',#2868,(#2872,#2879),.PCURVE_S1.);
#2868 = LINE('',#2869,#2870);
#2869 = CARTESIAN_POINT('',(420.93404284309,546.26665428846,0.));
#2870 = VECTOR('',#2871,1.);
#2871 = DIRECTION('',(-1.,0.,0.));
#2872 = PCURVE('',#2574,#2873);
#2873 = DEFINITIONAL_REPRESENTATION('',(#2874),#2878);
#2874 = LINE('',#2875,#2876);
#2875 = CARTESIAN_POINT('',(-0.,0.));
#2876 = VECTOR('',#2877,1.);
#2877 = DIRECTION('',(-0.,1.));
#2878 = ( GEOMETRIC_REPRESENTATION_CONTEXT(2) 
PARAMETRIC_REPRESENTATION_CONTEXT() REPRESENTATION_CONTEXT('2D SPACE',''
  ) );
#2879 = PCURVE('',#2574,#2880);
#2880 = DEFINITIONAL_REPRESENTATION('',(#2881),#2885);
#2881 = LINE('',#2882,#2883);
#2882 = CARTESIAN_POINT('',(-6.28318530718,0.));
#2883 = VECTOR('',#2884,1.);
#2884 = DIRECTION('',(-0.,1.));
#2885 = ( GEOMETRIC_REPRESENTATION_CONTEXT(2) 
PARAMETRIC_REPRESENTATION_CONTEXT() REPRESENTATION_CONTEXT('2D SPACE',''
  ) );
#2886 = ORIENTED_EDGE('',*,*,#2557,.F.);
#2887 = ORIENTED_EDGE('',*,*,#2866,.F.);
#2888 = ADVANCED_FACE('',(#2889),#2612,.T.);
#2889 = FACE_BOUND('',#2890,.F.);
#2890 = EDGE_LOOP('',(#2891,#2892,#2915,#2942));
#2891 = ORIENTED_EDGE('',*,*,#2595,.T.);
#2892 = ORIENTED_EDGE('',*,*,#2893,.T.);
#2893 = EDGE_CURVE('',#2596,#2894,#2896,.T.);
#2894 = VERTEX_POINT('',#2895);
#2895 = CARTESIAN_POINT('',(-30.,-90.84443868243,646.39176844795));
#2896 = SEAM_CURVE('',#2897,(#2901,#2908),.PCURVE_S1.);
#2897 = LINE('',#2898,#2899);
#2898 = CARTESIAN_POINT('',(-20.,-90.84443868243,646.39176844795));
#2899 = VECTOR('',#2900,1.);
#2900 = DIRECTION('',(-1.,-0.,0.));
#2901 = PCURVE('',#2612,#2902);
#2902 = DEFINITIONAL_REPRESENTATION('',(#2903),#2907);
#2903 = LINE('',#2904,#2905);
#2904 = CARTESIAN_POINT('',(-0.,0.));
#2905 = VECTOR('',#2906,1.);
#2906 = DIRECTION('',(-0.,1.));
#2907 = ( GEOMETRIC_REPRESENTATION_CONTEXT(2) 
PARAMETRIC_REPRESENTATION_CONTEXT() REPRESENTATION_CONTEXT('2D SPACE',''
  ) );
#2908 = PCURVE('',#2612,#2909);
#2909 = DEFINITIONAL_REPRESENTATION('',(#2910),#2914);
#2910 = LINE('',#2911,#2912);
#2911 = CARTESIAN_POINT('',(-6.28318530718,0.));
#2912 = VECTOR('',#2913,1.);
#2913 = DIRECTION('',(-0.,1.));
#2914 = ( GEOMETRIC_REPRESENTATION_CONTEXT(2) 
PARAMETRIC_REPRESENTATION_CONTEXT() REPRESENTATION_CONTEXT('2D SPACE',''
  ) );
#2915 = ORIENTED_EDGE('',*,*,#2916,.F.);
#2916 = EDGE_CURVE('',#2894,#2894,#2917,.T.);
#2917 = SURFACE_CURVE('',#2918,(#2923,#2930),.PCURVE_S1.);
#2918 = CIRCLE('',#2919,74.);
#2919 = AXIS2_PLACEMENT_3D('',#2920,#2921,#2922);
#2920 = CARTESIAN_POINT('',(-30.,-80.54562921138,573.11193136108));
#2921 = DIRECTION('',(1.,0.,0.));
#2922 = DIRECTION('',(0.,-0.13917310096,0.990268068742));
#2923 = PCURVE('',#2612,#2924);
#2924 = DEFINITIONAL_REPRESENTATION('',(#2925),#2929);
#2925 = LINE('',#2926,#2927);
#2926 = CARTESIAN_POINT('',(-0.,10.));
#2927 = VECTOR('',#2928,1.);
#2928 = DIRECTION('',(-1.,0.));
#2929 = ( GEOMETRIC_REPRESENTATION_CONTEXT(2) 
PARAMETRIC_REPRESENTATION_CONTEXT() REPRESENTATION_CONTEXT('2D SPACE',''
  ) );
#2930 = PCURVE('',#2931,#2936);
#2931 = PLANE('',#2932);
#2932 = AXIS2_PLACEMENT_3D('',#2933,#2934,#2935);
#2933 = CARTESIAN_POINT('',(-30.,-80.54562921138,573.11193136108));
#2934 = DIRECTION('',(1.,0.,0.));
#2935 = DIRECTION('',(0.,-0.13917310096,0.990268068742));
#2936 = DEFINITIONAL_REPRESENTATION('',(#2937),#2941);
#2937 = CIRCLE('',#2938,74.);
#2938 = AXIS2_PLACEMENT_2D('',#2939,#2940);
#2939 = CARTESIAN_POINT('',(0.,0.));
#2940 = DIRECTION('',(1.,0.));
#2941 = ( GEOMETRIC_REPRESENTATION_CONTEXT(2) 
PARAMETRIC_REPRESENTATION_CONTEXT() REPRESENTATION_CONTEXT('2D SPACE',''
  ) );
#2942 = ORIENTED_EDGE('',*,*,#2893,.F.);
#2943 = ADVANCED_FACE('',(#2944),#2670,.T.);
#2944 = FACE_BOUND('',#2945,.T.);
#2945 = EDGE_LOOP('',(#2946,#2968,#2969,#2970,#2992));
#2946 = ORIENTED_EDGE('',*,*,#2947,.F.);
#2947 = EDGE_CURVE('',#2654,#2948,#2950,.T.);
#2948 = VERTEX_POINT('',#2949);
#2949 = CARTESIAN_POINT('',(300.,160.58575719932,499.39066827266));
#2950 = SURFACE_CURVE('',#2951,(#2954,#2961),.PCURVE_S1.);
#2951 = B_SPLINE_CURVE_WITH_KNOTS('',1,(#2952,#2953),.UNSPECIFIED.,.F.,
  .F.,(2,2),(0.,162.149103),.PIECEWISE_BEZIER_KNOTS.);
#2952 = CARTESIAN_POINT('',(290.,5.521798825288,546.79847793603));
#2953 = CARTESIAN_POINT('',(300.,160.58575719932,499.39066827266));
#2954 = PCURVE('',#2670,#2955);
#2955 = DEFINITIONAL_REPRESENTATION('',(#2956),#2960);
#2956 = LINE('',#2957,#2958);
#2957 = CARTESIAN_POINT('',(0.,0.));
#2958 = VECTOR('',#2959,1.);
#2959 = DIRECTION('',(0.,1.));
#2960 = ( GEOMETRIC_REPRESENTATION_CONTEXT(2) 
PARAMETRIC_REPRESENTATION_CONTEXT() REPRESENTATION_CONTEXT('2D SPACE',''
  ) );
#2961 = PCURVE('',#2725,#2962);
#2962 = DEFINITIONAL_REPRESENTATION('',(#2963),#2967);
#2963 = LINE('',#2964,#2965);
#2964 = CARTESIAN_POINT('',(2.,0.));
#2965 = VECTOR('',#2966,1.);
#2966 = DIRECTION('',(0.,1.));
#2967 = ( GEOMETRIC_REPRESENTATION_CONTEXT(2) 
PARAMETRIC_REPRESENTATION_CONTEXT() REPRESENTATION_CONTEXT('2D SPACE',''
  ) );
#2968 = ORIENTED_EDGE('',*,*,#2653,.F.);
#2969 = ORIENTED_EDGE('',*,*,#2757,.F.);
#2970 = ORIENTED_EDGE('',*,*,#2971,.T.);
#2971 = EDGE_CURVE('',#2702,#2972,#2974,.T.);
#2972 = VERTEX_POINT('',#2973);
#2973 = CARTESIAN_POINT('',(360.,160.58575719932,499.39066827266));
#2974 = SURFACE_CURVE('',#2975,(#2978,#2985),.PCURVE_S1.);
#2975 = B_SPLINE_CURVE_WITH_KNOTS('',1,(#2976,#2977),.UNSPECIFIED.,.F.,
  .F.,(2,2),(0.,162.149103),.PIECEWISE_BEZIER_KNOTS.);
#2976 = CARTESIAN_POINT('',(370.,5.521798825288,546.79847793603));
#2977 = CARTESIAN_POINT('',(360.,160.58575719932,499.39066827266));
#2978 = PCURVE('',#2670,#2979);
#2979 = DEFINITIONAL_REPRESENTATION('',(#2980),#2984);
#2980 = LINE('',#2981,#2982);
#2981 = CARTESIAN_POINT('',(1.,0.));
#2982 = VECTOR('',#2983,1.);
#2983 = DIRECTION('',(0.,1.));
#2984 = ( GEOMETRIC_REPRESENTATION_CONTEXT(2) 
PARAMETRIC_REPRESENTATION_CONTEXT() REPRESENTATION_CONTEXT('2D SPACE',''
  ) );
#2985 = PCURVE('',#2725,#2986);
#2986 = DEFINITIONAL_REPRESENTATION('',(#2987),#2991);
#2987 = LINE('',#2988,#2989);
#2988 = CARTESIAN_POINT('',(1.,0.));
#2989 = VECTOR('',#2990,1.);
#2990 = DIRECTION('',(0.,1.));
#2991 = ( GEOMETRIC_REPRESENTATION_CONTEXT(2) 
PARAMETRIC_REPRESENTATION_CONTEXT() REPRESENTATION_CONTEXT('2D SPACE',''
  ) );
#2992 = ORIENTED_EDGE('',*,*,#2993,.F.);
#2993 = EDGE_CURVE('',#2948,#2972,#2994,.T.);
#2994 = SURFACE_CURVE('',#2995,(#3008,#3015),.PCURVE_S1.);
#2995 = B_SPLINE_CURVE_WITH_KNOTS('',11,(#2996,#2997,#2998,#2999,#3000,
    #3001,#3002,#3003,#3004,#3005,#3006,#3007),.UNSPECIFIED.,.F.,.F.,(12
    ,12),(0.,1.),.PIECEWISE_BEZIER_KNOTS.);
#2996 = CARTESIAN_POINT('',(300.,160.58575719932,499.39066827266));
#2997 = CARTESIAN_POINT('',(300.,163.09079210753,507.58426826155));
#2998 = CARTESIAN_POINT('',(302.69171034651,165.5958268199,
    515.7778676099));
#2999 = CARTESIAN_POINT('',(308.07513040644,167.82615542091,
    523.07294375459));
#3000 = CARTESIAN_POINT('',(315.7812900885,169.50706092678,
    528.5709379299));
#3001 = CARTESIAN_POINT('',(325.07222638836,170.41228017903,
    531.53177669141));
#3002 = CARTESIAN_POINT('',(334.92777361163,170.41228017902,
    531.53177669138));
#3003 = CARTESIAN_POINT('',(344.2187099115,169.50706092679,
    528.57093792992));
#3004 = CARTESIAN_POINT('',(351.92486959355,167.8261554209,
    523.07294375458));
#3005 = CARTESIAN_POINT('',(357.30828965348,165.5958268199,
    515.77786760991));
#3006 = CARTESIAN_POINT('',(359.99999999999,163.09079210753,
    507.58426826155));
#3007 = CARTESIAN_POINT('',(360.,160.58575719932,499.39066827266));
#3008 = PCURVE('',#2670,#3009);
#3009 = DEFINITIONAL_REPRESENTATION('',(#3010),#3014);
#3010 = LINE('',#3011,#3012);
#3011 = CARTESIAN_POINT('',(0.,162.149103));
#3012 = VECTOR('',#3013,1.);
#3013 = DIRECTION('',(1.,0.));
#3014 = ( GEOMETRIC_REPRESENTATION_CONTEXT(2) 
PARAMETRIC_REPRESENTATION_CONTEXT() REPRESENTATION_CONTEXT('2D SPACE',''
  ) );
#3015 = PCURVE('',#3016,#3021);
#3016 = PLANE('',#3017);
#3017 = AXIS2_PLACEMENT_3D('',#3018,#3019,#3020);
#3018 = CARTESIAN_POINT('',(330.,160.58575719932,499.39066827266));
#3019 = DIRECTION('',(2.1E-16,0.956304755963,-0.292371704723));
#3020 = DIRECTION('',(0.,0.292371704723,0.956304755963));
#3021 = DEFINITIONAL_REPRESENTATION('',(#3022),#3035);
#3022 = B_SPLINE_CURVE_WITH_KNOTS('',11,(#3023,#3024,#3025,#3026,#3027,
    #3028,#3029,#3030,#3031,#3032,#3033,#3034),.UNSPECIFIED.,.F.,.F.,(12
    ,12),(0.,1.),.PIECEWISE_BEZIER_KNOTS.);
#3023 = CARTESIAN_POINT('',(-2.273736754432E-13,-30.));
#3024 = CARTESIAN_POINT('',(8.567979964336,-30.));
#3025 = CARTESIAN_POINT('',(17.135959258866,-27.30828965348));
#3026 = CARTESIAN_POINT('',(24.764360246314,-21.92486959355));
#3027 = CARTESIAN_POINT('',(30.513567432649,-14.21870991149));
#3028 = CARTESIAN_POINT('',(33.60969211785,-4.927773611637));
#3029 = CARTESIAN_POINT('',(33.609692117823,4.927773611635));
#3030 = CARTESIAN_POINT('',(30.51356743267,14.218709911505));
#3031 = CARTESIAN_POINT('',(24.7643602463,21.924869593551));
#3032 = CARTESIAN_POINT('',(17.135959258872,27.308289653489));
#3033 = CARTESIAN_POINT('',(8.567979964335,29.999999999999));
#3034 = CARTESIAN_POINT('',(-4.547473508865E-13,30.));
#3035 = ( GEOMETRIC_REPRESENTATION_CONTEXT(2) 
PARAMETRIC_REPRESENTATION_CONTEXT() REPRESENTATION_CONTEXT('2D SPACE',''
  ) );
#3036 = ADVANCED_FACE('',(#3037),#2725,.T.);
#3037 = FACE_BOUND('',#3038,.T.);
#3038 = EDGE_LOOP('',(#3039,#3040,#3041,#3042));
#3039 = ORIENTED_EDGE('',*,*,#2971,.F.);
#3040 = ORIENTED_EDGE('',*,*,#2701,.T.);
#3041 = ORIENTED_EDGE('',*,*,#2947,.T.);
#3042 = ORIENTED_EDGE('',*,*,#3043,.F.);
#3043 = EDGE_CURVE('',#2972,#2948,#3044,.T.);
#3044 = SURFACE_CURVE('',#3045,(#3058,#3065),.PCURVE_S1.);
#3045 = B_SPLINE_CURVE_WITH_KNOTS('',11,(#3046,#3047,#3048,#3049,#3050,
    #3051,#3052,#3053,#3054,#3055,#3056,#3057),.UNSPECIFIED.,.F.,.F.,(12
    ,12),(1.,2.),.PIECEWISE_BEZIER_KNOTS.);
#3046 = CARTESIAN_POINT('',(360.,160.58575719932,499.39066827266));
#3047 = CARTESIAN_POINT('',(360.,158.08072229112,491.19706828377));
#3048 = CARTESIAN_POINT('',(357.30828965348,155.57568757875,
    483.00346893541));
#3049 = CARTESIAN_POINT('',(351.92486959356,153.34535897774,
    475.70839279073));
#3050 = CARTESIAN_POINT('',(344.21870991148,151.66445347186,
    470.2103986154));
#3051 = CARTESIAN_POINT('',(334.92777361165,150.75923421963,
    467.24955985393));
#3052 = CARTESIAN_POINT('',(325.07222638834,150.75923421962,
    467.2495598539));
#3053 = CARTESIAN_POINT('',(315.78129008851,151.66445347187,
    470.21039861542));
#3054 = CARTESIAN_POINT('',(308.07513040643,153.34535897774,
    475.70839279072));
#3055 = CARTESIAN_POINT('',(302.69171034651,155.57568757875,
    483.00346893542));
#3056 = CARTESIAN_POINT('',(299.99999999999,158.08072229112,
    491.19706828377));
#3057 = CARTESIAN_POINT('',(300.,160.58575719932,499.39066827266));
#3058 = PCURVE('',#2725,#3059);
#3059 = DEFINITIONAL_REPRESENTATION('',(#3060),#3064);
#3060 = LINE('',#3061,#3062);
#3061 = CARTESIAN_POINT('',(0.,162.149103));
#3062 = VECTOR('',#3063,1.);
#3063 = DIRECTION('',(1.,0.));
#3064 = ( GEOMETRIC_REPRESENTATION_CONTEXT(2) 
PARAMETRIC_REPRESENTATION_CONTEXT() REPRESENTATION_CONTEXT('2D SPACE',''
  ) );
#3065 = PCURVE('',#3016,#3066);
#3066 = DEFINITIONAL_REPRESENTATION('',(#3067),#3080);
#3067 = B_SPLINE_CURVE_WITH_KNOTS('',11,(#3068,#3069,#3070,#3071,#3072,
    #3073,#3074,#3075,#3076,#3077,#3078,#3079),.UNSPECIFIED.,.F.,.F.,(12
    ,12),(1.,2.),.PIECEWISE_BEZIER_KNOTS.);
#3068 = CARTESIAN_POINT('',(-4.547473508865E-13,30.));
#3069 = CARTESIAN_POINT('',(-8.567979964335,30.000000000001));
#3070 = CARTESIAN_POINT('',(-17.13595925887,27.308289653482));
#3071 = CARTESIAN_POINT('',(-24.7643602463,21.924869593565));
#3072 = CARTESIAN_POINT('',(-30.51356743266,14.218709911484));
#3073 = CARTESIAN_POINT('',(-33.60969211782,4.927773611659));
#3074 = CARTESIAN_POINT('',(-33.60969211785,-4.92777361166));
#3075 = CARTESIAN_POINT('',(-30.51356743264,-14.21870991148));
#3076 = CARTESIAN_POINT('',(-24.76436024631,-21.92486959356));
#3077 = CARTESIAN_POINT('',(-17.13595925886,-27.30828965348));
#3078 = CARTESIAN_POINT('',(-8.567979964337,-30.));
#3079 = CARTESIAN_POINT('',(-1.136868377216E-13,-30.));
#3080 = ( GEOMETRIC_REPRESENTATION_CONTEXT(2) 
PARAMETRIC_REPRESENTATION_CONTEXT() REPRESENTATION_CONTEXT('2D SPACE',''
  ) );
#3081 = ADVANCED_FACE('',(#3082),#2821,.T.);
#3082 = FACE_BOUND('',#3083,.F.);
#3083 = EDGE_LOOP('',(#3084,#3085,#3108,#3135));
#3084 = ORIENTED_EDGE('',*,*,#2806,.T.);
#3085 = ORIENTED_EDGE('',*,*,#3086,.T.);
#3086 = EDGE_CURVE('',#2784,#3087,#3089,.T.);
#3087 = VERTEX_POINT('',#3088);
#3088 = CARTESIAN_POINT('',(2.64572736346E+03,1.195044748524E+03,0.));
#3089 = SEAM_CURVE('',#3090,(#3094,#3101),.PCURVE_S1.);
#3090 = LINE('',#3091,#3092);
#3091 = CARTESIAN_POINT('',(2.67972736346E+03,1.195044748524E+03,0.));
#3092 = VECTOR('',#3093,1.);
#3093 = DIRECTION('',(-1.,0.,0.));
#3094 = PCURVE('',#2821,#3095);
#3095 = DEFINITIONAL_REPRESENTATION('',(#3096),#3100);
#3096 = LINE('',#3097,#3098);
#3097 = CARTESIAN_POINT('',(-0.,0.));
#3098 = VECTOR('',#3099,1.);
#3099 = DIRECTION('',(-0.,1.));
#3100 = ( GEOMETRIC_REPRESENTATION_CONTEXT(2) 
PARAMETRIC_REPRESENTATION_CONTEXT() REPRESENTATION_CONTEXT('2D SPACE',''
  ) );
#3101 = PCURVE('',#2821,#3102);
#3102 = DEFINITIONAL_REPRESENTATION('',(#3103),#3107);
#3103 = LINE('',#3104,#3105);
#3104 = CARTESIAN_POINT('',(-6.28318530718,0.));
#3105 = VECTOR('',#3106,1.);
#3106 = DIRECTION('',(-0.,1.));
#3107 = ( GEOMETRIC_REPRESENTATION_CONTEXT(2) 
PARAMETRIC_REPRESENTATION_CONTEXT() REPRESENTATION_CONTEXT('2D SPACE',''
  ) );
#3108 = ORIENTED_EDGE('',*,*,#3109,.F.);
#3109 = EDGE_CURVE('',#3087,#3087,#3110,.T.);
#3110 = SURFACE_CURVE('',#3111,(#3116,#3123),.PCURVE_S1.);
#3111 = CIRCLE('',#3112,1.195044748524E+03);
#3112 = AXIS2_PLACEMENT_3D('',#3113,#3114,#3115);
#3113 = CARTESIAN_POINT('',(2.64572736346E+03,0.,0.));
#3114 = DIRECTION('',(1.,0.,0.));
#3115 = DIRECTION('',(0.,1.,0.));
#3116 = PCURVE('',#2821,#3117);
#3117 = DEFINITIONAL_REPRESENTATION('',(#3118),#3122);
#3118 = LINE('',#3119,#3120);
#3119 = CARTESIAN_POINT('',(-0.,34.));
#3120 = VECTOR('',#3121,1.);
#3121 = DIRECTION('',(-1.,0.));
#3122 = ( GEOMETRIC_REPRESENTATION_CONTEXT(2) 
PARAMETRIC_REPRESENTATION_CONTEXT() REPRESENTATION_CONTEXT('2D SPACE',''
  ) );
#3123 = PCURVE('',#3124,#3129);
#3124 = CONICAL_SURFACE('',#3125,1.195044748524E+03,1.330568568549);
#3125 = AXIS2_PLACEMENT_3D('',#3126,#3127,#3128);
#3126 = CARTESIAN_POINT('',(2.64572736346E+03,0.,0.));
#3127 = DIRECTION('',(1.,0.,0.));
#3128 = DIRECTION('',(0.,1.,0.));
#3129 = DEFINITIONAL_REPRESENTATION('',(#3130),#3134);
#3130 = LINE('',#3131,#3132);
#3131 = CARTESIAN_POINT('',(0.,-0.));
#3132 = VECTOR('',#3133,1.);
#3133 = DIRECTION('',(1.,-0.));
#3134 = ( GEOMETRIC_REPRESENTATION_CONTEXT(2) 
PARAMETRIC_REPRESENTATION_CONTEXT() REPRESENTATION_CONTEXT('2D SPACE',''
  ) );
#3135 = ORIENTED_EDGE('',*,*,#3086,.F.);
#3136 = ADVANCED_FACE('',(#3137,#3168),#2854,.F.);
#3137 = FACE_BOUND('',#3138,.F.);
#3138 = EDGE_LOOP('',(#3139));
#3139 = ORIENTED_EDGE('',*,*,#3140,.T.);
#3140 = EDGE_CURVE('',#3141,#3141,#3143,.T.);
#3141 = VERTEX_POINT('',#3142);
#3142 = CARTESIAN_POINT('',(420.93404284309,572.26665428846,0.));
#3143 = SURFACE_CURVE('',#3144,(#3149,#3156),.PCURVE_S1.);
#3144 = CIRCLE('',#3145,572.26665428846);
#3145 = AXIS2_PLACEMENT_3D('',#3146,#3147,#3148);
#3146 = CARTESIAN_POINT('',(420.93404284309,0.,0.));
#3147 = DIRECTION('',(1.,0.,0.));
#3148 = DIRECTION('',(0.,1.,0.));
#3149 = PCURVE('',#2854,#3150);
#3150 = DEFINITIONAL_REPRESENTATION('',(#3151),#3155);
#3151 = CIRCLE('',#3152,572.26665428846);
#3152 = AXIS2_PLACEMENT_2D('',#3153,#3154);
#3153 = CARTESIAN_POINT('',(0.,0.));
#3154 = DIRECTION('',(1.,0.));
#3155 = ( GEOMETRIC_REPRESENTATION_CONTEXT(2) 
PARAMETRIC_REPRESENTATION_CONTEXT() REPRESENTATION_CONTEXT('2D SPACE',''
  ) );
#3156 = PCURVE('',#3157,#3162);
#3157 = CYLINDRICAL_SURFACE('',#3158,572.26665428846);
#3158 = AXIS2_PLACEMENT_3D('',#3159,#3160,#3161);
#3159 = CARTESIAN_POINT('',(454.93404284309,0.,0.));
#3160 = DIRECTION('',(-1.,-0.,-0.));
#3161 = DIRECTION('',(0.,1.,0.));
#3162 = DEFINITIONAL_REPRESENTATION('',(#3163),#3167);
#3163 = LINE('',#3164,#3165);
#3164 = CARTESIAN_POINT('',(-0.,34.));
#3165 = VECTOR('',#3166,1.);
#3166 = DIRECTION('',(-1.,0.));
#3167 = ( GEOMETRIC_REPRESENTATION_CONTEXT(2) 
PARAMETRIC_REPRESENTATION_CONTEXT() REPRESENTATION_CONTEXT('2D SPACE',''
  ) );
#3168 = FACE_BOUND('',#3169,.F.);
#3169 = EDGE_LOOP('',(#3170));
#3170 = ORIENTED_EDGE('',*,*,#2837,.F.);
#3171 = ADVANCED_FACE('',(#3172,#3175),#2931,.F.);
#3172 = FACE_BOUND('',#3173,.F.);
#3173 = EDGE_LOOP('',(#3174));
#3174 = ORIENTED_EDGE('',*,*,#2916,.T.);
#3175 = FACE_BOUND('',#3176,.F.);
#3176 = EDGE_LOOP('',(#3177));
#3177 = ORIENTED_EDGE('',*,*,#3178,.F.);
#3178 = EDGE_CURVE('',#3179,#3179,#3181,.T.);
#3179 = VERTEX_POINT('',#3180);
#3180 = CARTESIAN_POINT('',(-30.,-86.66924565362,616.6837263857));
#3181 = SURFACE_CURVE('',#3182,(#3187,#3194),.PCURVE_S1.);
#3182 = CIRCLE('',#3183,44.);
#3183 = AXIS2_PLACEMENT_3D('',#3184,#3185,#3186);
#3184 = CARTESIAN_POINT('',(-30.,-80.54562921138,573.11193136108));
#3185 = DIRECTION('',(1.,0.,0.));
#3186 = DIRECTION('',(0.,-0.13917310096,0.990268068742));
#3187 = PCURVE('',#2931,#3188);
#3188 = DEFINITIONAL_REPRESENTATION('',(#3189),#3193);
#3189 = CIRCLE('',#3190,44.);
#3190 = AXIS2_PLACEMENT_2D('',#3191,#3192);
#3191 = CARTESIAN_POINT('',(0.,0.));
#3192 = DIRECTION('',(1.,1.276756478319E-15));
#3193 = ( GEOMETRIC_REPRESENTATION_CONTEXT(2) 
PARAMETRIC_REPRESENTATION_CONTEXT() REPRESENTATION_CONTEXT('2D SPACE',''
  ) );
#3194 = PCURVE('',#3195,#3200);
#3195 = CYLINDRICAL_SURFACE('',#3196,44.);
#3196 = AXIS2_PLACEMENT_3D('',#3197,#3198,#3199);
#3197 = CARTESIAN_POINT('',(-30.,-80.54562921138,573.11193136108));
#3198 = DIRECTION('',(1.,0.,0.));
#3199 = DIRECTION('',(0.,-0.13917310096,0.990268068742));
#3200 = DEFINITIONAL_REPRESENTATION('',(#3201),#3205);
#3201 = LINE('',#3202,#3203);
#3202 = CARTESIAN_POINT('',(0.,0.));
#3203 = VECTOR('',#3204,1.);
#3204 = DIRECTION('',(1.,0.));
#3205 = ( GEOMETRIC_REPRESENTATION_CONTEXT(2) 
PARAMETRIC_REPRESENTATION_CONTEXT() REPRESENTATION_CONTEXT('2D SPACE',''
  ) );
#3206 = ADVANCED_FACE('',(#3207),#3016,.T.);
#3207 = FACE_BOUND('',#3208,.T.);
#3208 = EDGE_LOOP('',(#3209,#3210));
#3209 = ORIENTED_EDGE('',*,*,#2993,.T.);
#3210 = ORIENTED_EDGE('',*,*,#3043,.T.);
#3211 = ADVANCED_FACE('',(#3212),#3124,.T.);
#3212 = FACE_BOUND('',#3213,.F.);
#3213 = EDGE_LOOP('',(#3214,#3215,#3238,#3268));
#3214 = ORIENTED_EDGE('',*,*,#3109,.T.);
#3215 = ORIENTED_EDGE('',*,*,#3216,.T.);
#3216 = EDGE_CURVE('',#3087,#3217,#3219,.T.);
#3217 = VERTEX_POINT('',#3218);
#3218 = CARTESIAN_POINT('',(2.632752641985E+03,1.14207764626E+03,0.));
#3219 = SEAM_CURVE('',#3220,(#3224,#3231),.PCURVE_S1.);
#3220 = LINE('',#3221,#3222);
#3221 = CARTESIAN_POINT('',(2.64572736346E+03,1.195044748524E+03,0.));
#3222 = VECTOR('',#3223,1.);
#3223 = DIRECTION('',(-0.237923850493,-0.971283810926,0.));
#3224 = PCURVE('',#3124,#3225);
#3225 = DEFINITIONAL_REPRESENTATION('',(#3226),#3230);
#3226 = LINE('',#3227,#3228);
#3227 = CARTESIAN_POINT('',(0.,-0.));
#3228 = VECTOR('',#3229,1.);
#3229 = DIRECTION('',(0.,-1.));
#3230 = ( GEOMETRIC_REPRESENTATION_CONTEXT(2) 
PARAMETRIC_REPRESENTATION_CONTEXT() REPRESENTATION_CONTEXT('2D SPACE',''
  ) );
#3231 = PCURVE('',#3124,#3232);
#3232 = DEFINITIONAL_REPRESENTATION('',(#3233),#3237);
#3233 = LINE('',#3234,#3235);
#3234 = CARTESIAN_POINT('',(6.28318530718,-0.));
#3235 = VECTOR('',#3236,1.);
#3236 = DIRECTION('',(0.,-1.));
#3237 = ( GEOMETRIC_REPRESENTATION_CONTEXT(2) 
PARAMETRIC_REPRESENTATION_CONTEXT() REPRESENTATION_CONTEXT('2D SPACE',''
  ) );
#3238 = ORIENTED_EDGE('',*,*,#3239,.F.);
#3239 = EDGE_CURVE('',#3217,#3217,#3240,.T.);
#3240 = SURFACE_CURVE('',#3241,(#3246,#3253),.PCURVE_S1.);
#3241 = CIRCLE('',#3242,1.14207764626E+03);
#3242 = AXIS2_PLACEMENT_3D('',#3243,#3244,#3245);
#3243 = CARTESIAN_POINT('',(2.632752641985E+03,0.,0.));
#3244 = DIRECTION('',(1.,0.,0.));
#3245 = DIRECTION('',(0.,1.,0.));
#3246 = PCURVE('',#3124,#3247);
#3247 = DEFINITIONAL_REPRESENTATION('',(#3248),#3252);
#3248 = LINE('',#3249,#3250);
#3249 = CARTESIAN_POINT('',(0.,-12.97472147499));
#3250 = VECTOR('',#3251,1.);
#3251 = DIRECTION('',(1.,-0.));
#3252 = ( GEOMETRIC_REPRESENTATION_CONTEXT(2) 
PARAMETRIC_REPRESENTATION_CONTEXT() REPRESENTATION_CONTEXT('2D SPACE',''
  ) );
#3253 = PCURVE('',#3254,#3263);
#3254 = SURFACE_OF_REVOLUTION('',#3255,#3260);
#3255 = PARABOLA('',#3256,624.15162335224);
#3256 = AXIS2_PLACEMENT_3D('',#3257,#3258,#3259);
#3257 = CARTESIAN_POINT('',(-486.6514777656,-510.045497427,0.));
#3258 = DIRECTION('',(-0.,0.,1.));
#3259 = DIRECTION('',(0.955805440765,-0.293999930958,0.));
#3260 = AXIS1_PLACEMENT('',#3261,#3262);
#3261 = CARTESIAN_POINT('',(0.,0.,0.));
#3262 = DIRECTION('',(1.,0.,0.));
#3263 = DEFINITIONAL_REPRESENTATION('',(#3264),#3267);
#3264 = B_SPLINE_CURVE_WITH_KNOTS('',1,(#3265,#3266),.UNSPECIFIED.,.F.,
  .F.,(2,2),(0.,6.28318530718),.PIECEWISE_BEZIER_KNOTS.);
#3265 = CARTESIAN_POINT('',(0.,2.496212885389E+03));
#3266 = CARTESIAN_POINT('',(6.28318530718,2.496212885389E+03));
#3267 = ( GEOMETRIC_REPRESENTATION_CONTEXT(2) 
PARAMETRIC_REPRESENTATION_CONTEXT() REPRESENTATION_CONTEXT('2D SPACE',''
  ) );
#3268 = ORIENTED_EDGE('',*,*,#3216,.F.);
#3269 = ADVANCED_FACE('',(#3270),#3157,.T.);
#3270 = FACE_BOUND('',#3271,.F.);
#3271 = EDGE_LOOP('',(#3272,#3301,#3322,#3323));
#3272 = ORIENTED_EDGE('',*,*,#3273,.T.);
#3273 = EDGE_CURVE('',#3274,#3274,#3276,.T.);
#3274 = VERTEX_POINT('',#3275);
#3275 = CARTESIAN_POINT('',(454.93404284309,572.26665428846,0.));
#3276 = SURFACE_CURVE('',#3277,(#3282,#3289),.PCURVE_S1.);
#3277 = CIRCLE('',#3278,572.26665428846);
#3278 = AXIS2_PLACEMENT_3D('',#3279,#3280,#3281);
#3279 = CARTESIAN_POINT('',(454.93404284309,0.,0.));
#3280 = DIRECTION('',(1.,0.,0.));
#3281 = DIRECTION('',(0.,1.,0.));
#3282 = PCURVE('',#3157,#3283);
#3283 = DEFINITIONAL_REPRESENTATION('',(#3284),#3288);
#3284 = LINE('',#3285,#3286);
#3285 = CARTESIAN_POINT('',(-0.,0.));
#3286 = VECTOR('',#3287,1.);
#3287 = DIRECTION('',(-1.,0.));
#3288 = ( GEOMETRIC_REPRESENTATION_CONTEXT(2) 
PARAMETRIC_REPRESENTATION_CONTEXT() REPRESENTATION_CONTEXT('2D SPACE',''
  ) );
#3289 = PCURVE('',#3290,#3295);
#3290 = PLANE('',#3291);
#3291 = AXIS2_PLACEMENT_3D('',#3292,#3293,#3294);
#3292 = CARTESIAN_POINT('',(454.93404284309,0.,0.));
#3293 = DIRECTION('',(1.,0.,0.));
#3294 = DIRECTION('',(0.,1.,0.));
#3295 = DEFINITIONAL_REPRESENTATION('',(#3296),#3300);
#3296 = CIRCLE('',#3297,572.26665428846);
#3297 = AXIS2_PLACEMENT_2D('',#3298,#3299);
#3298 = CARTESIAN_POINT('',(0.,0.));
#3299 = DIRECTION('',(1.,-0.));
#3300 = ( GEOMETRIC_REPRESENTATION_CONTEXT(2) 
PARAMETRIC_REPRESENTATION_CONTEXT() REPRESENTATION_CONTEXT('2D SPACE',''
  ) );
#3301 = ORIENTED_EDGE('',*,*,#3302,.T.);
#3302 = EDGE_CURVE('',#3274,#3141,#3303,.T.);
#3303 = SEAM_CURVE('',#3304,(#3308,#3315),.PCURVE_S1.);
#3304 = LINE('',#3305,#3306);
#3305 = CARTESIAN_POINT('',(454.93404284309,572.26665428846,0.));
#3306 = VECTOR('',#3307,1.);
#3307 = DIRECTION('',(-1.,0.,0.));
#3308 = PCURVE('',#3157,#3309);
#3309 = DEFINITIONAL_REPRESENTATION('',(#3310),#3314);
#3310 = LINE('',#3311,#3312);
#3311 = CARTESIAN_POINT('',(-0.,0.));
#3312 = VECTOR('',#3313,1.);
#3313 = DIRECTION('',(-0.,1.));
#3314 = ( GEOMETRIC_REPRESENTATION_CONTEXT(2) 
PARAMETRIC_REPRESENTATION_CONTEXT() REPRESENTATION_CONTEXT('2D SPACE',''
  ) );
#3315 = PCURVE('',#3157,#3316);
#3316 = DEFINITIONAL_REPRESENTATION('',(#3317),#3321);
#3317 = LINE('',#3318,#3319);
#3318 = CARTESIAN_POINT('',(-6.28318530718,0.));
#3319 = VECTOR('',#3320,1.);
#3320 = DIRECTION('',(-0.,1.));
#3321 = ( GEOMETRIC_REPRESENTATION_CONTEXT(2) 
PARAMETRIC_REPRESENTATION_CONTEXT() REPRESENTATION_CONTEXT('2D SPACE',''
  ) );
#3322 = ORIENTED_EDGE('',*,*,#3140,.F.);
#3323 = ORIENTED_EDGE('',*,*,#3302,.F.);
#3324 = ADVANCED_FACE('',(#3325),#3195,.F.);
#3325 = FACE_BOUND('',#3326,.F.);
#3326 = EDGE_LOOP('',(#3327,#3350,#3351,#3352,#3497));
#3327 = ORIENTED_EDGE('',*,*,#3328,.F.);
#3328 = EDGE_CURVE('',#3179,#3329,#3331,.T.);
#3329 = VERTEX_POINT('',#3330);
#3330 = CARTESIAN_POINT('',(142.15650514437,-86.66924565362,
    616.6837263857));
#3331 = SEAM_CURVE('',#3332,(#3336,#3343),.PCURVE_S1.);
#3332 = LINE('',#3333,#3334);
#3333 = CARTESIAN_POINT('',(-30.,-86.66924565362,616.6837263857));
#3334 = VECTOR('',#3335,1.);
#3335 = DIRECTION('',(1.,0.,0.));
#3336 = PCURVE('',#3195,#3337);
#3337 = DEFINITIONAL_REPRESENTATION('',(#3338),#3342);
#3338 = LINE('',#3339,#3340);
#3339 = CARTESIAN_POINT('',(0.,0.));
#3340 = VECTOR('',#3341,1.);
#3341 = DIRECTION('',(0.,1.));
#3342 = ( GEOMETRIC_REPRESENTATION_CONTEXT(2) 
PARAMETRIC_REPRESENTATION_CONTEXT() REPRESENTATION_CONTEXT('2D SPACE',''
  ) );
#3343 = PCURVE('',#3195,#3344);
#3344 = DEFINITIONAL_REPRESENTATION('',(#3345),#3349);
#3345 = LINE('',#3346,#3347);
#3346 = CARTESIAN_POINT('',(6.28318530718,0.));
#3347 = VECTOR('',#3348,1.);
#3348 = DIRECTION('',(0.,1.));
#3349 = ( GEOMETRIC_REPRESENTATION_CONTEXT(2) 
PARAMETRIC_REPRESENTATION_CONTEXT() REPRESENTATION_CONTEXT('2D SPACE',''
  ) );
#3350 = ORIENTED_EDGE('',*,*,#3178,.T.);
#3351 = ORIENTED_EDGE('',*,*,#3328,.T.);
#3352 = ORIENTED_EDGE('',*,*,#3353,.F.);
#3353 = EDGE_CURVE('',#3354,#3329,#3356,.T.);
#3354 = VERTEX_POINT('',#3355);
#3355 = CARTESIAN_POINT('',(142.15650514437,-74.42201276914,
    529.54013633645));
#3356 = SURFACE_CURVE('',#3357,(#3400,#3446),.PCURVE_S1.);
#3357 = B_SPLINE_CURVE_WITH_KNOTS('',6,(#3358,#3359,#3360,#3361,#3362,
    #3363,#3364,#3365,#3366,#3367,#3368,#3369,#3370,#3371,#3372,#3373,
    #3374,#3375,#3376,#3377,#3378,#3379,#3380,#3381,#3382,#3383,#3384,
    #3385,#3386,#3387,#3388,#3389,#3390,#3391,#3392,#3393,#3394,#3395,
    #3396,#3397,#3398,#3399),.UNSPECIFIED.,.F.,.F.,(7,5,5,5,5,5,5,5,7),(
    0.,0.12513237661,0.250258169655,0.375380599703,0.500000002747,
    0.625121871816,0.750244307634,0.875370123405,1.),.UNSPECIFIED.);
#3358 = CARTESIAN_POINT('',(142.15650514437,-74.42201276914,
    529.54013633645));
#3359 = CARTESIAN_POINT('',(142.15650514437,-71.56747094875,
    529.94131602658));
#3360 = CARTESIAN_POINT('',(142.15650514437,-68.74430086838,
    530.56693275058));
#3361 = CARTESIAN_POINT('',(142.15650514437,-65.97491533827,
    531.41388530375));
#3362 = CARTESIAN_POINT('',(142.15650514437,-63.28071145006,
    532.47609006801));
#3363 = CARTESIAN_POINT('',(142.15650514437,-60.68223631009,
    533.74499492984));
#3364 = CARTESIAN_POINT('',(142.15650514437,-55.71585490925,
    536.67305795328));
#3365 = CARTESIAN_POINT('',(142.15650514437,-53.34764496787,
    538.33236749107));
#3366 = CARTESIAN_POINT('',(142.15650514437,-51.11388913735,
    540.17554264761));
#3367 = CARTESIAN_POINT('',(142.15650514437,-49.03204050765,
    542.1887559927));
#3368 = CARTESIAN_POINT('',(142.15650514437,-47.11780830404,
    544.35622359658));
#3369 = CARTESIAN_POINT('',(142.15650514437,-43.65179022613,
    548.96334676703));
#3370 = CARTESIAN_POINT('',(142.15650514437,-42.09979073765,
    551.40326601052));
#3371 = CARTESIAN_POINT('',(142.15650514437,-40.74243611223,
    553.96150592948));
#3372 = CARTESIAN_POINT('',(142.15650514437,-39.59054420809,
    556.61860586578));
#3373 = CARTESIAN_POINT('',(142.15650514437,-38.65257251698,
    559.35397056099));
#3374 = CARTESIAN_POINT('',(142.15650514437,-37.21855368557,
    564.92611858696));
#3375 = CARTESIAN_POINT('',(142.15650514437,-36.72066193749,
    567.76277289705));
#3376 = CARTESIAN_POINT('',(142.15650514437,-36.44606539768,
    570.63396603414));
#3377 = CARTESIAN_POINT('',(142.15650514437,-36.3972828638,
    573.51784774256));
#3378 = CARTESIAN_POINT('',(142.15650514437,-36.57425912588,
    576.39242351339));
#3379 = CARTESIAN_POINT('',(142.15650514437,-37.37502033617,
    582.09013558392));
#3380 = CARTESIAN_POINT('',(142.15650514437,-38.00065070106,
    584.9133504278));
#3381 = CARTESIAN_POINT('',(142.15650514437,-38.84762162205,
    587.68276148444));
#3382 = CARTESIAN_POINT('',(142.15650514437,-39.90983774583,
    590.37695785624));
#3383 = CARTESIAN_POINT('',(142.15650514437,-41.17873256725,
    592.97539174655));
#3384 = CARTESIAN_POINT('',(142.15650514437,-44.10679967673,
    597.94178007784));
#3385 = CARTESIAN_POINT('',(142.15650514437,-45.76614547156,
    600.31002476894));
#3386 = CARTESIAN_POINT('',(142.15650514437,-47.6093397871,
    602.54378169974));
#3387 = CARTESIAN_POINT('',(142.15650514437,-49.62254836142,
    604.62560644907));
#3388 = CARTESIAN_POINT('',(142.15650514437,-51.78998348598,
    606.5397989415));
#3389 = CARTESIAN_POINT('',(142.15650514437,-56.39710671738,
    610.00581706525));
#3390 = CARTESIAN_POINT('',(142.15650514437,-58.83707319001,
    611.55783679364));
#3391 = CARTESIAN_POINT('',(142.15650514437,-61.39533742103,
    612.91518938629));
#3392 = CARTESIAN_POINT('',(142.15650514437,-64.05243097469,
    614.06706315666));
#3393 = CARTESIAN_POINT('',(142.15650514437,-66.78775215884,
    615.00500960831));
#3394 = CARTESIAN_POINT('',(142.15650514437,-72.35989146211,
    616.43902619489));
#3395 = CARTESIAN_POINT('',(142.15650523678,-75.19658801363,
    616.93691647056));
#3396 = CARTESIAN_POINT('',(142.15650489486,-78.06778470675,
    617.21149942412));
#3397 = CARTESIAN_POINT('',(142.15650542161,-80.95163764356,
    617.26027262727));
#3398 = CARTESIAN_POINT('',(142.15650501235,-83.82616663624,
    617.08329479401));
#3399 = CARTESIAN_POINT('',(142.15650514437,-86.66924565362,
    616.6837263857));
#3400 = PCURVE('',#3195,#3401);
#3401 = DEFINITIONAL_REPRESENTATION('',(#3402),#3445);
#3402 = B_SPLINE_CURVE_WITH_KNOTS('',6,(#3403,#3404,#3405,#3406,#3407,
    #3408,#3409,#3410,#3411,#3412,#3413,#3414,#3415,#3416,#3417,#3418,
    #3419,#3420,#3421,#3422,#3423,#3424,#3425,#3426,#3427,#3428,#3429,
    #3430,#3431,#3432,#3433,#3434,#3435,#3436,#3437,#3438,#3439,#3440,
    #3441,#3442,#3443,#3444),.UNSPECIFIED.,.F.,.F.,(7,5,5,5,5,5,5,5,7),(
    0.,0.12513237661,0.250258169655,0.375380599703,0.500000002747,
    0.625121871816,0.750244307634,0.875370123405,1.),.UNSPECIFIED.);
#3403 = CARTESIAN_POINT('',(3.14159265359,172.15650514437));
#3404 = CARTESIAN_POINT('',(3.207106177161,172.15650514437));
#3405 = CARTESIAN_POINT('',(3.272623509709,172.15650514437));
#3406 = CARTESIAN_POINT('',(3.338136797515,172.15650514437));
#3407 = CARTESIAN_POINT('',(3.403650798992,172.15650514437));
#3408 = CARTESIAN_POINT('',(3.469170095605,172.15650514437));
#3409 = CARTESIAN_POINT('',(3.600199272864,172.15650514437));
#3410 = CARTESIAN_POINT('',(3.665716774869,172.15650514437));
#3411 = CARTESIAN_POINT('',(3.7312305765,172.15650514437));
#3412 = CARTESIAN_POINT('',(3.796744995345,172.15650514437));
#3413 = CARTESIAN_POINT('',(3.862264330204,172.15650514437));
#3414 = CARTESIAN_POINT('',(3.993294232681,172.15650514437));
#3415 = CARTESIAN_POINT('',(4.058812436597,172.15650514437));
#3416 = CARTESIAN_POINT('',(4.124326401918,172.15650514437));
#3417 = CARTESIAN_POINT('',(4.189840490913,172.15650514437));
#3418 = CARTESIAN_POINT('',(4.255359089858,172.15650514437));
#3419 = CARTESIAN_POINT('',(4.386125354336,172.15650514437));
#3420 = CARTESIAN_POINT('',(4.451380558487,172.15650514437));
#3421 = CARTESIAN_POINT('',(4.516631419936,172.15650514437));
#3422 = CARTESIAN_POINT('',(4.581882282446,172.15650514437));
#3423 = CARTESIAN_POINT('',(4.647137496292,172.15650514437));
#3424 = CARTESIAN_POINT('',(4.777903558772,172.15650514437));
#3425 = CARTESIAN_POINT('',(4.84342194202,172.15650514437));
#3426 = CARTESIAN_POINT('',(4.908935886306,172.15650514437));
#3427 = CARTESIAN_POINT('',(4.974449829501,172.15650514437));
#3428 = CARTESIAN_POINT('',(5.03996820285,172.15650514437));
#3429 = CARTESIAN_POINT('',(5.170997562957,172.15650514437));
#3430 = CARTESIAN_POINT('',(5.236516163745,172.15650514437));
#3431 = CARTESIAN_POINT('',(5.302030253814,172.15650514437));
#3432 = CARTESIAN_POINT('',(5.367544219091,172.15650514437));
#3433 = CARTESIAN_POINT('',(5.433062421436,172.15650514437));
#3434 = CARTESIAN_POINT('',(5.564092325646,172.15650514437));
#3435 = CARTESIAN_POINT('',(5.629611663915,172.15650514437));
#3436 = CARTESIAN_POINT('',(5.695126083686,172.15650514437));
#3437 = CARTESIAN_POINT('',(5.760639883681,172.15650514437));
#3438 = CARTESIAN_POINT('',(5.826157382027,172.15650514437));
#3439 = CARTESIAN_POINT('',(5.956923441802,172.15650514437));
#3440 = CARTESIAN_POINT('',(6.022179565477,172.15650523679));
#3441 = CARTESIAN_POINT('',(6.087430475844,172.15650489486));
#3442 = CARTESIAN_POINT('',(6.152680697186,172.15650542161));
#3443 = CARTESIAN_POINT('',(6.217934863038,172.15650501235));
#3444 = CARTESIAN_POINT('',(6.28318530718,172.15650514437));
#3445 = ( GEOMETRIC_REPRESENTATION_CONTEXT(2) 
PARAMETRIC_REPRESENTATION_CONTEXT() REPRESENTATION_CONTEXT('2D SPACE',''
  ) );
#3446 = PCURVE('',#3447,#3452);
#3447 = SPHERICAL_SURFACE('',#3448,65.);
#3448 = AXIS2_PLACEMENT_3D('',#3449,#3450,#3451);
#3449 = CARTESIAN_POINT('',(190.,-80.54562921138,573.11193136108));
#3450 = DIRECTION('',(-9.E-17,0.13917310096,-0.990268068742));
#3451 = DIRECTION('',(-1.,-2.550345284443E-15,-2.675431735283E-16));
#3452 = DEFINITIONAL_REPRESENTATION('',(#3453),#3496);
#3453 = B_SPLINE_CURVE_WITH_KNOTS('',6,(#3454,#3455,#3456,#3457,#3458,
    #3459,#3460,#3461,#3462,#3463,#3464,#3465,#3466,#3467,#3468,#3469,
    #3470,#3471,#3472,#3473,#3474,#3475,#3476,#3477,#3478,#3479,#3480,
    #3481,#3482,#3483,#3484,#3485,#3486,#3487,#3488,#3489,#3490,#3491,
    #3492,#3493,#3494,#3495),.UNSPECIFIED.,.F.,.F.,(7,5,5,5,5,5,5,5,7),(
    0.,0.12513237661,0.250258169655,0.375380599703,0.500000002747,
    0.625121871816,0.750244307634,0.875370123405,1.),.UNSPECIFIED.);
#3454 = CARTESIAN_POINT('',(-6.28318530718,0.743574259194));
#3455 = CARTESIAN_POINT('',(-6.222934795677,0.743574259194));
#3456 = CARTESIAN_POINT('',(-6.162681197817,0.738838014289));
#3457 = CARTESIAN_POINT('',(-6.103681177367,0.729361613235));
#3458 = CARTESIAN_POINT('',(-6.047199491918,0.715373258078));
#3459 = CARTESIAN_POINT('',(-5.993997338208,0.697275633098));
#3460 = CARTESIAN_POINT('',(-5.894973948316,0.65373959811));
#3461 = CARTESIAN_POINT('',(-5.849146004513,0.628299371234));
#3462 = CARTESIAN_POINT('',(-5.807415141418,0.599626485027));
#3463 = CARTESIAN_POINT('',(-5.769801055941,0.568199019608));
#3464 = CARTESIAN_POINT('',(-5.736142505803,0.534430710753));
#3465 = CARTESIAN_POINT('',(-5.676333520563,0.462958059216));
#3466 = CARTESIAN_POINT('',(-5.650179146487,0.425249465971));
#3467 = CARTESIAN_POINT('',(-5.627570786213,0.385939262754));
#3468 = CARTESIAN_POINT('',(-5.60824627565,0.345337484839));
#3469 = CARTESIAN_POINT('',(-5.591993807881,0.303701665424));
#3470 = CARTESIAN_POINT('',(-5.56535407629,0.219006704023));
#3471 = CARTESIAN_POINT('',(-5.55494213873,0.175949017313));
#3472 = CARTESIAN_POINT('',(-5.547248866906,0.132329362937));
#3473 = CARTESIAN_POINT('',(-5.542156738259,8.834300787408E-02));
#3474 = CARTESIAN_POINT('',(-5.539611047986,4.41702353856E-02));
#3475 = CARTESIAN_POINT('',(-5.539611047986,-4.434832998496E-02));
#3476 = CARTESIAN_POINT('',(-5.542177307325,-8.869924829677E-02));
#3477 = CARTESIAN_POINT('',(-5.54731059409,-0.132861460312));
#3478 = CARTESIAN_POINT('',(-5.555066477563,-0.176652520178));
#3479 = CARTESIAN_POINT('',(-5.565564429514,-0.219874689386));
#3480 = CARTESIAN_POINT('',(-5.592374486148,-0.304707871214));
#3481 = CARTESIAN_POINT('',(-5.608687999495,-0.346323884324));
#3482 = CARTESIAN_POINT('',(-5.62807682548,-0.386901763256));
#3483 = CARTESIAN_POINT('',(-5.650753245175,-0.426183479457));
#3484 = CARTESIAN_POINT('',(-5.67697966184,-0.463858335843));
#3485 = CARTESIAN_POINT('',(-5.736939381638,-0.535251733786));
#3486 = CARTESIAN_POINT('',(-5.770676639418,-0.568974520166));
#3487 = CARTESIAN_POINT('',(-5.808372071512,-0.600349928563));
#3488 = CARTESIAN_POINT('',(-5.850185518559,-0.628963585819));
#3489 = CARTESIAN_POINT('',(-5.896093950897,-0.65433704113));
#3490 = CARTESIAN_POINT('',(-5.995066128251,-0.697638361535));
#3491 = CARTESIAN_POINT('',(-6.04810704073,-0.715597513908));
#3492 = CARTESIAN_POINT('',(-6.104392079879,-0.729475571131));
#3493 = CARTESIAN_POINT('',(-6.163165164211,-0.73887597839));
#3494 = CARTESIAN_POINT('',(-6.223176740688,-0.743574254332));
#3495 = CARTESIAN_POINT('',(-6.28318530718,-0.743574259194));
#3496 = ( GEOMETRIC_REPRESENTATION_CONTEXT(2) 
PARAMETRIC_REPRESENTATION_CONTEXT() REPRESENTATION_CONTEXT('2D SPACE',''
  ) );
#3497 = ORIENTED_EDGE('',*,*,#3498,.F.);
#3498 = EDGE_CURVE('',#3329,#3354,#3499,.T.);
#3499 = SURFACE_CURVE('',#3500,(#3545,#3593),.PCURVE_S1.);
#3500 = B_SPLINE_CURVE_WITH_KNOTS('',8,(#3501,#3502,#3503,#3504,#3505,
    #3506,#3507,#3508,#3509,#3510,#3511,#3512,#3513,#3514,#3515,#3516,
    #3517,#3518,#3519,#3520,#3521,#3522,#3523,#3524,#3525,#3526,#3527,
    #3528,#3529,#3530,#3531,#3532,#3533,#3534,#3535,#3536,#3537,#3538,
    #3539,#3540,#3541,#3542,#3543,#3544),.UNSPECIFIED.,.F.,.F.,(9,7,7,7,
    7,7,9),(0.,0.133688290503,0.258324771729,0.505527243965,
    0.752729832706,0.876361693037,1.),.UNSPECIFIED.);
#3501 = CARTESIAN_POINT('',(142.15650514437,-86.66924565362,
    616.6837263857));
#3502 = CARTESIAN_POINT('',(142.15650503817,-88.95636395363,
    616.36229263753));
#3503 = CARTESIAN_POINT('',(142.15650534543,-91.22426447129,
    615.90364751885));
#3504 = CARTESIAN_POINT('',(142.15650502433,-93.46320459473,
    615.30914482301));
#3505 = CARTESIAN_POINT('',(142.15650507894,-95.66372139811,
    614.5809705417));
#3506 = CARTESIAN_POINT('',(142.15650527124,-97.81660961562,
    613.72206019188));
#3507 = CARTESIAN_POINT('',(142.1565050902,-99.91291527032,
    612.73608028415));
#3508 = CARTESIAN_POINT('',(142.15650514437,-101.9439505504,
    611.62746352006));
#3509 = CARTESIAN_POINT('',(142.15650514437,-105.7261892574,
    609.25851987848));
#3510 = CARTESIAN_POINT('',(142.15650514437,-107.4872099241,
    608.01343390469));
#3511 = CARTESIAN_POINT('',(142.15650514437,-109.1776148164,
    606.67045332774));
#3512 = CARTESIAN_POINT('',(142.15650514437,-110.7910738389,
    605.23429127845));
#3513 = CARTESIAN_POINT('',(142.15650514437,-112.3216725959,
    603.71010703201));
#3514 = CARTESIAN_POINT('',(142.15650514437,-113.7639014297,
    602.10349052213));
#3515 = CARTESIAN_POINT('',(142.15650514437,-115.1126704128,
    600.42047441205));
#3516 = CARTESIAN_POINT('',(142.15650514437,-118.8439334685,
    595.19089193786));
#3517 = CARTESIAN_POINT('',(142.15650514437,-120.9403979205,
    591.43684757825));
#3518 = CARTESIAN_POINT('',(142.15650514437,-122.6138726568,
    587.45813635667));
#3519 = CARTESIAN_POINT('',(142.15650514437,-123.8378250572,
    583.31093809823));
#3520 = CARTESIAN_POINT('',(142.15650514437,-124.5938808644,
    579.05350784704));
#3521 = CARTESIAN_POINT('',(142.15650514437,-124.8724764417,
    574.74617450221));
#3522 = CARTESIAN_POINT('',(142.15650514437,-124.6722728489,
    570.45104830709));
#3523 = CARTESIAN_POINT('',(142.15650514437,-123.3367662644,
    562.01420257338));
#3524 = CARTESIAN_POINT('',(142.15650514437,-122.2006307876,
    557.86722680199));
#3525 = CARTESIAN_POINT('',(142.15650514437,-120.605333515,
    553.85651804764));
#3526 = CARTESIAN_POINT('',(142.15650514437,-118.571330883,
    550.04073702238));
#3527 = CARTESIAN_POINT('',(142.15650514437,-116.1263520335,
    546.47430995558));
#3528 = CARTESIAN_POINT('',(142.15650514437,-113.3058658695,
    543.2069693508));
#3529 = CARTESIAN_POINT('',(142.15650514437,-110.1524603094,
    540.28395391824));
#3530 = CARTESIAN_POINT('',(142.15650514437,-105.0024196334,
    536.47277477157));
#3531 = CARTESIAN_POINT('',(142.15650514437,-103.2149007758,
    535.29738290352));
#3532 = CARTESIAN_POINT('',(142.15650514437,-101.3630862882,
    534.2218524589));
#3533 = CARTESIAN_POINT('',(142.15650514437,-99.45351657663,
    533.25025332205));
#3534 = CARTESIAN_POINT('',(142.15650514437,-97.492986877,
    532.38612241032));
#3535 = CARTESIAN_POINT('',(142.15650514437,-95.48853716741,
    531.63247906338));
#3536 = CARTESIAN_POINT('',(142.15650514437,-93.44745755986,
    530.99180785419));
#3537 = CARTESIAN_POINT('',(142.15650514437,-89.30705283935,
    529.94018237229));
#3538 = CARTESIAN_POINT('',(142.15650514437,-87.20755921316,
    529.52919804139));
#3539 = CARTESIAN_POINT('',(142.15650514437,-85.08638180893,
    529.23498717636));
#3540 = CARTESIAN_POINT('',(142.15650514437,-82.95111190451,
    529.05883740645));
#3541 = CARTESIAN_POINT('',(142.15650514437,-80.80937302587,
    529.00144764644));
#3542 = CARTESIAN_POINT('',(142.15650514437,-78.66881782719,
    529.06294682899));
#3543 = CARTESIAN_POINT('',(142.15650514437,-76.53712736536,
    529.2428763656));
#3544 = CARTESIAN_POINT('',(142.15650514437,-74.42201276914,
    529.54013633645));
#3545 = PCURVE('',#3195,#3546);
#3546 = DEFINITIONAL_REPRESENTATION('',(#3547),#3592);
#3547 = B_SPLINE_CURVE_WITH_KNOTS('',8,(#3548,#3549,#3550,#3551,#3552,
    #3553,#3554,#3555,#3556,#3557,#3558,#3559,#3560,#3561,#3562,#3563,
    #3564,#3565,#3566,#3567,#3568,#3569,#3570,#3571,#3572,#3573,#3574,
    #3575,#3576,#3577,#3578,#3579,#3580,#3581,#3582,#3583,#3584,#3585,
    #3586,#3587,#3588,#3589,#3590,#3591),.UNSPECIFIED.,.F.,.F.,(9,7,7,7,
    7,7,9),(0.,0.133688290503,0.258324771729,0.505527243965,
    0.752729832706,0.876361693037,1.),.UNSPECIFIED.);
#3548 = CARTESIAN_POINT('',(3.2E-16,172.15650514437));
#3549 = CARTESIAN_POINT('',(5.249079894141E-02,172.15650503817));
#3550 = CARTESIAN_POINT('',(0.104983084008,172.15650534544));
#3551 = CARTESIAN_POINT('',(0.157473687633,172.15650502433));
#3552 = CARTESIAN_POINT('',(0.209963159842,172.15650507894));
#3553 = CARTESIAN_POINT('',(0.26245331507,172.15650527124));
#3554 = CARTESIAN_POINT('',(0.314945689658,172.1565050902));
#3555 = CARTESIAN_POINT('',(0.367439973632,172.15650514437));
#3556 = CARTESIAN_POINT('',(0.468868875402,172.15650514437));
#3557 = CARTESIAN_POINT('',(0.517808702435,172.15650514437));
#3558 = CARTESIAN_POINT('',(0.566748035165,172.15650514437));
#3559 = CARTESIAN_POINT('',(0.615686608227,172.15650514437));
#3560 = CARTESIAN_POINT('',(0.66462548573,172.15650514437));
#3561 = CARTESIAN_POINT('',(0.713565728992,172.15650514437));
#3562 = CARTESIAN_POINT('',(0.762507063444,172.15650514437));
#3563 = CARTESIAN_POINT('',(0.908512513156,172.15650514437));
#3564 = CARTESIAN_POINT('',(1.00563940723,172.15650514437));
#3565 = CARTESIAN_POINT('',(1.102733371436,172.15650514437));
#3566 = CARTESIAN_POINT('',(1.199803392461,172.15650514437));
#3567 = CARTESIAN_POINT('',(1.296873464065,172.15650514437));
#3568 = CARTESIAN_POINT('',(1.393967622173,172.15650514437));
#3569 = CARTESIAN_POINT('',(1.491094966138,172.15650514437));
#3570 = CARTESIAN_POINT('',(1.685228908264,172.15650514437));
#3571 = CARTESIAN_POINT('',(1.782356307897,172.15650514437));
#3572 = CARTESIAN_POINT('',(1.879450522075,172.15650514437));
#3573 = CARTESIAN_POINT('',(1.976520640754,172.15650514437));
#3574 = CARTESIAN_POINT('',(2.073590688489,172.15650514437));
#3575 = CARTESIAN_POINT('',(2.170684643373,172.15650514437));
#3576 = CARTESIAN_POINT('',(2.267811471055,172.15650514437));
#3577 = CARTESIAN_POINT('',(2.413422192347,172.15650514437));
#3578 = CARTESIAN_POINT('',(2.461968855949,172.15650514437));
#3579 = CARTESIAN_POINT('',(2.51051444107,172.15650514437));
#3580 = CARTESIAN_POINT('',(2.559058680944,172.15650514437));
#3581 = CARTESIAN_POINT('',(2.607602594473,172.15650514437));
#3582 = CARTESIAN_POINT('',(2.656147205833,172.15650514437));
#3583 = CARTESIAN_POINT('',(2.70469226494,172.15650514437));
#3584 = CARTESIAN_POINT('',(2.801780203809,172.15650514437));
#3585 = CARTESIAN_POINT('',(2.850326928579,172.15650514437));
#3586 = CARTESIAN_POINT('',(2.898872360179,172.15650514437));
#3587 = CARTESIAN_POINT('',(2.947416311553,172.15650514437));
#3588 = CARTESIAN_POINT('',(2.995959911548,172.15650514437));
#3589 = CARTESIAN_POINT('',(3.044504321475,172.15650514437));
#3590 = CARTESIAN_POINT('',(3.093049448174,172.15650514437));
#3591 = CARTESIAN_POINT('',(3.14159265359,172.15650514437));
#3592 = ( GEOMETRIC_REPRESENTATION_CONTEXT(2) 
PARAMETRIC_REPRESENTATION_CONTEXT() REPRESENTATION_CONTEXT('2D SPACE',''
  ) );
#3593 = PCURVE('',#3594,#3599);
#3594 = SPHERICAL_SURFACE('',#3595,65.);
#3595 = AXIS2_PLACEMENT_3D('',#3596,#3597,#3598);
#3596 = CARTESIAN_POINT('',(190.,-80.54562921138,573.11193136108));
#3597 = DIRECTION('',(-9.E-17,0.13917310096,-0.990268068742));
#3598 = DIRECTION('',(-1.,-2.550345284443E-15,-2.675431735283E-16));
#3599 = DEFINITIONAL_REPRESENTATION('',(#3600),#3645);
#3600 = B_SPLINE_CURVE_WITH_KNOTS('',8,(#3601,#3602,#3603,#3604,#3605,
    #3606,#3607,#3608,#3609,#3610,#3611,#3612,#3613,#3614,#3615,#3616,
    #3617,#3618,#3619,#3620,#3621,#3622,#3623,#3624,#3625,#3626,#3627,
    #3628,#3629,#3630,#3631,#3632,#3633,#3634,#3635,#3636,#3637,#3638,
    #3639,#3640,#3641,#3642,#3643,#3644),.UNSPECIFIED.,.F.,.F.,(9,7,7,7,
    7,7,9),(0.,0.133688290503,0.258324771729,0.505527243965,
    0.752729832706,0.876361693037,1.),.UNSPECIFIED.);
#3601 = CARTESIAN_POINT('',(1.78E-15,-0.743574259194));
#3602 = CARTESIAN_POINT('',(-4.827396410717E-02,-0.743574255283));
#3603 = CARTESIAN_POINT('',(-9.6549092025E-02,-0.740678330493));
#3604 = CARTESIAN_POINT('',(-0.144278197962,-0.734886208901));
#3605 = CARTESIAN_POINT('',(-0.190912702677,-0.726258626858));
#3606 = CARTESIAN_POINT('',(-0.23597718155,-0.714916491156));
#3607 = CARTESIAN_POINT('',(-0.279111159495,-0.701023390646));
#3608 = CARTESIAN_POINT('',(-0.320075778171,-0.68476463317));
#3609 = CARTESIAN_POINT('',(-0.394753408105,-0.649155099133));
#3610 = CARTESIAN_POINT('',(-0.428773568111,-0.630086451573));
#3611 = CARTESIAN_POINT('',(-0.460663122878,-0.609287920953));
#3612 = CARTESIAN_POINT('',(-0.490380681819,-0.586922331536));
#3613 = CARTESIAN_POINT('',(-0.517940187066,-0.563147823843));
#3614 = CARTESIAN_POINT('',(-0.543390951286,-0.538112371903));
#3615 = CARTESIAN_POINT('',(-0.566801328119,-0.511952441713));
#3616 = CARTESIAN_POINT('',(-0.630779145464,-0.430933621906));
#3617 = CARTESIAN_POINT('',(-0.665610100414,-0.37311230356));
#3618 = CARTESIAN_POINT('',(-0.693276704812,-0.31235681201));
#3619 = CARTESIAN_POINT('',(-0.714538643086,-0.249481806245));
#3620 = CARTESIAN_POINT('',(-0.729929194884,-0.185103017602));
#3621 = CARTESIAN_POINT('',(-0.739812975653,-0.119757698178));
#3622 = CARTESIAN_POINT('',(-0.744339067877,-5.394664239459E-02));
#3623 = CARTESIAN_POINT('',(-0.742659188893,7.745636703395E-02));
#3624 = CARTESIAN_POINT('',(-0.736452152939,0.143130288683));
#3625 = CARTESIAN_POINT('',(-0.724845899409,0.208200963007));
#3626 = CARTESIAN_POINT('',(-0.707648433035,0.272159568879));
#3627 = CARTESIAN_POINT('',(-0.684454576483,0.334451053914));
#3628 = CARTESIAN_POINT('',(-0.654690260564,0.394433757068));
#3629 = CARTESIAN_POINT('',(-0.61756880373,0.45125197632));
#3630 = CARTESIAN_POINT('',(-0.55009710288,0.530145600441));
#3631 = CARTESIAN_POINT('',(-0.525629766646,0.555399890309));
#3632 = CARTESIAN_POINT('',(-0.499121259552,0.579476765519));
#3633 = CARTESIAN_POINT('',(-0.470512766863,0.602238242932));
#3634 = CARTESIAN_POINT('',(-0.439769512206,0.623535729913));
#3635 = CARTESIAN_POINT('',(-0.4068976489,0.643212118031));
#3636 = CARTESIAN_POINT('',(-0.371963298669,0.661108091452));
#3637 = CARTESIAN_POINT('',(-0.298262255302,0.693038041021));
#3638 = CARTESIAN_POINT('',(-0.259492167773,0.707072915142));
#3639 = CARTESIAN_POINT('',(-0.218948986306,0.719026849994));
#3640 = CARTESIAN_POINT('',(-0.176850731909,0.728757252368));
#3641 = CARTESIAN_POINT('',(-0.13350242444,0.736143407907));
#3642 = CARTESIAN_POINT('',(-8.928854896932E-02,0.74109773733));
#3643 = CARTESIAN_POINT('',(-4.464349949248E-02,0.743574259194));
#3644 = CARTESIAN_POINT('',(0.,0.743574259194));
#3645 = ( GEOMETRIC_REPRESENTATION_CONTEXT(2) 
PARAMETRIC_REPRESENTATION_CONTEXT() REPRESENTATION_CONTEXT('2D SPACE',''
  ) );
#3646 = ADVANCED_FACE('',(#3647),#3254,.T.);
#3647 = FACE_BOUND('',#3648,.T.);
#3648 = EDGE_LOOP('',(#3649,#3677,#3699,#3700));
#3649 = ORIENTED_EDGE('',*,*,#3650,.T.);
#3650 = EDGE_CURVE('',#3651,#3651,#3653,.T.);
#3651 = VERTEX_POINT('',#3652);
#3652 = CARTESIAN_POINT('',(2.35837736346E+03,1.093365412528E+03,0.));
#3653 = SURFACE_CURVE('',#3654,(#3659,#3665),.PCURVE_S1.);
#3654 = CIRCLE('',#3655,1.093365412528E+03);
#3655 = AXIS2_PLACEMENT_3D('',#3656,#3657,#3658);
#3656 = CARTESIAN_POINT('',(2.35837736346E+03,0.,0.));
#3657 = DIRECTION('',(1.,0.,0.));
#3658 = DIRECTION('',(0.,1.,0.));
#3659 = PCURVE('',#3254,#3660);
#3660 = DEFINITIONAL_REPRESENTATION('',(#3661),#3664);
#3661 = B_SPLINE_CURVE_WITH_KNOTS('',1,(#3662,#3663),.UNSPECIFIED.,.F.,
  .F.,(2,2),(0.,6.28318530718),.PIECEWISE_BEZIER_KNOTS.);
#3662 = CARTESIAN_POINT('',(0.,2.368987154413E+03));
#3663 = CARTESIAN_POINT('',(6.28318530718,2.368987154413E+03));
#3664 = ( GEOMETRIC_REPRESENTATION_CONTEXT(2) 
PARAMETRIC_REPRESENTATION_CONTEXT() REPRESENTATION_CONTEXT('2D SPACE',''
  ) );
#3665 = PCURVE('',#3666,#3671);
#3666 = CONICAL_SURFACE('',#3667,1.093365412528E+03,1.326633798799);
#3667 = AXIS2_PLACEMENT_3D('',#3668,#3669,#3670);
#3668 = CARTESIAN_POINT('',(2.35837736346E+03,0.,0.));
#3669 = DIRECTION('',(-1.,-0.,-0.));
#3670 = DIRECTION('',(0.,1.,0.));
#3671 = DEFINITIONAL_REPRESENTATION('',(#3672),#3676);
#3672 = LINE('',#3673,#3674);
#3673 = CARTESIAN_POINT('',(-0.,0.));
#3674 = VECTOR('',#3675,1.);
#3675 = DIRECTION('',(-1.,0.));
#3676 = ( GEOMETRIC_REPRESENTATION_CONTEXT(2) 
PARAMETRIC_REPRESENTATION_CONTEXT() REPRESENTATION_CONTEXT('2D SPACE',''
  ) );
#3677 = ORIENTED_EDGE('',*,*,#3678,.T.);
#3678 = EDGE_CURVE('',#3651,#3217,#3679,.T.);
#3679 = SEAM_CURVE('',#3680,(#3685,#3692),.PCURVE_S1.);
#3680 = PARABOLA('',#3681,624.15162335224);
#3681 = AXIS2_PLACEMENT_3D('',#3682,#3683,#3684);
#3682 = CARTESIAN_POINT('',(-486.6514777656,-510.045497427,0.));
#3683 = DIRECTION('',(-0.,0.,1.));
#3684 = DIRECTION('',(0.955805440765,-0.293999930958,0.));
#3685 = PCURVE('',#3254,#3686);
#3686 = DEFINITIONAL_REPRESENTATION('',(#3687),#3691);
#3687 = LINE('',#3688,#3689);
#3688 = CARTESIAN_POINT('',(0.,0.));
#3689 = VECTOR('',#3690,1.);
#3690 = DIRECTION('',(0.,1.));
#3691 = ( GEOMETRIC_REPRESENTATION_CONTEXT(2) 
PARAMETRIC_REPRESENTATION_CONTEXT() REPRESENTATION_CONTEXT('2D SPACE',''
  ) );
#3692 = PCURVE('',#3254,#3693);
#3693 = DEFINITIONAL_REPRESENTATION('',(#3694),#3698);
#3694 = LINE('',#3695,#3696);
#3695 = CARTESIAN_POINT('',(6.28318530718,0.));
#3696 = VECTOR('',#3697,1.);
#3697 = DIRECTION('',(0.,1.));
#3698 = ( GEOMETRIC_REPRESENTATION_CONTEXT(2) 
PARAMETRIC_REPRESENTATION_CONTEXT() REPRESENTATION_CONTEXT('2D SPACE',''
  ) );
#3699 = ORIENTED_EDGE('',*,*,#3239,.F.);
#3700 = ORIENTED_EDGE('',*,*,#3678,.F.);
#3701 = ADVANCED_FACE('',(#3702,#3733),#3290,.T.);
#3702 = FACE_BOUND('',#3703,.F.);
#3703 = EDGE_LOOP('',(#3704));
#3704 = ORIENTED_EDGE('',*,*,#3705,.T.);
#3705 = EDGE_CURVE('',#3706,#3706,#3708,.T.);
#3706 = VERTEX_POINT('',#3707);
#3707 = CARTESIAN_POINT('',(454.93404284309,553.26665428847,0.));
#3708 = SURFACE_CURVE('',#3709,(#3714,#3721),.PCURVE_S1.);
#3709 = CIRCLE('',#3710,553.26665428847);
#3710 = AXIS2_PLACEMENT_3D('',#3711,#3712,#3713);
#3711 = CARTESIAN_POINT('',(454.93404284309,0.,0.));
#3712 = DIRECTION('',(1.,0.,0.));
#3713 = DIRECTION('',(0.,1.,0.));
#3714 = PCURVE('',#3290,#3715);
#3715 = DEFINITIONAL_REPRESENTATION('',(#3716),#3720);
#3716 = CIRCLE('',#3717,553.26665428847);
#3717 = AXIS2_PLACEMENT_2D('',#3718,#3719);
#3718 = CARTESIAN_POINT('',(0.,0.));
#3719 = DIRECTION('',(1.,-0.));
#3720 = ( GEOMETRIC_REPRESENTATION_CONTEXT(2) 
PARAMETRIC_REPRESENTATION_CONTEXT() REPRESENTATION_CONTEXT('2D SPACE',''
  ) );
#3721 = PCURVE('',#3722,#3727);
#3722 = CYLINDRICAL_SURFACE('',#3723,553.26665428847);
#3723 = AXIS2_PLACEMENT_3D('',#3724,#3725,#3726);
#3724 = CARTESIAN_POINT('',(544.93404284309,0.,0.));
#3725 = DIRECTION('',(-1.,-0.,-0.));
#3726 = DIRECTION('',(0.,1.,0.));
#3727 = DEFINITIONAL_REPRESENTATION('',(#3728),#3732);
#3728 = LINE('',#3729,#3730);
#3729 = CARTESIAN_POINT('',(-0.,90.));
#3730 = VECTOR('',#3731,1.);
#3731 = DIRECTION('',(-1.,0.));
#3732 = ( GEOMETRIC_REPRESENTATION_CONTEXT(2) 
PARAMETRIC_REPRESENTATION_CONTEXT() REPRESENTATION_CONTEXT('2D SPACE',''
  ) );
#3733 = FACE_BOUND('',#3734,.F.);
#3734 = EDGE_LOOP('',(#3735));
#3735 = ORIENTED_EDGE('',*,*,#3273,.F.);
#3736 = ADVANCED_FACE('',(#3737),#3594,.T.);
#3737 = FACE_BOUND('',#3738,.F.);
#3738 = EDGE_LOOP('',(#3739,#3761));
#3739 = ORIENTED_EDGE('',*,*,#3740,.F.);
#3740 = EDGE_CURVE('',#3329,#3354,#3741,.T.);
#3741 = SURFACE_CURVE('',#3742,(#3747,#3754),.PCURVE_S1.);
#3742 = CIRCLE('',#3743,65.);
#3743 = AXIS2_PLACEMENT_3D('',#3744,#3745,#3746);
#3744 = CARTESIAN_POINT('',(190.,-80.54562921138,573.11193136108));
#3745 = DIRECTION('',(0.,-0.990268068742,-0.13917310096));
#3746 = DIRECTION('',(1.,0.,0.));
#3747 = PCURVE('',#3594,#3748);
#3748 = DEFINITIONAL_REPRESENTATION('',(#3749),#3753);
#3749 = LINE('',#3750,#3751);
#3750 = CARTESIAN_POINT('',(-0.,-3.14159265359));
#3751 = VECTOR('',#3752,1.);
#3752 = DIRECTION('',(-0.,1.));
#3753 = ( GEOMETRIC_REPRESENTATION_CONTEXT(2) 
PARAMETRIC_REPRESENTATION_CONTEXT() REPRESENTATION_CONTEXT('2D SPACE',''
  ) );
#3754 = PCURVE('',#3447,#3755);
#3755 = DEFINITIONAL_REPRESENTATION('',(#3756),#3760);
#3756 = LINE('',#3757,#3758);
#3757 = CARTESIAN_POINT('',(-6.28318530718,-3.14159265359));
#3758 = VECTOR('',#3759,1.);
#3759 = DIRECTION('',(-0.,1.));
#3760 = ( GEOMETRIC_REPRESENTATION_CONTEXT(2) 
PARAMETRIC_REPRESENTATION_CONTEXT() REPRESENTATION_CONTEXT('2D SPACE',''
  ) );
#3761 = ORIENTED_EDGE('',*,*,#3498,.T.);
#3762 = ADVANCED_FACE('',(#3763),#3447,.T.);
#3763 = FACE_BOUND('',#3764,.F.);
#3764 = EDGE_LOOP('',(#3765,#3766));
#3765 = ORIENTED_EDGE('',*,*,#3353,.T.);
#3766 = ORIENTED_EDGE('',*,*,#3740,.T.);
#3767 = ADVANCED_FACE('',(#3768),#3666,.T.);
#3768 = FACE_BOUND('',#3769,.F.);
#3769 = EDGE_LOOP('',(#3770,#3771,#3794,#3821));
#3770 = ORIENTED_EDGE('',*,*,#3650,.T.);
#3771 = ORIENTED_EDGE('',*,*,#3772,.T.);
#3772 = EDGE_CURVE('',#3651,#3773,#3775,.T.);
#3773 = VERTEX_POINT('',#3774);
#3774 = CARTESIAN_POINT('',(2.34772736346E+03,1.136113657779E+03,0.));
#3775 = SEAM_CURVE('',#3776,(#3780,#3787),.PCURVE_S1.);
#3776 = LINE('',#3777,#3778);
#3777 = CARTESIAN_POINT('',(2.35837736346E+03,1.093365412528E+03,0.));
#3778 = VECTOR('',#3779,1.);
#3779 = DIRECTION('',(-0.241743776974,0.970340118873,0.));
#3780 = PCURVE('',#3666,#3781);
#3781 = DEFINITIONAL_REPRESENTATION('',(#3782),#3786);
#3782 = LINE('',#3783,#3784);
#3783 = CARTESIAN_POINT('',(-0.,0.));
#3784 = VECTOR('',#3785,1.);
#3785 = DIRECTION('',(-0.,1.));
#3786 = ( GEOMETRIC_REPRESENTATION_CONTEXT(2) 
PARAMETRIC_REPRESENTATION_CONTEXT() REPRESENTATION_CONTEXT('2D SPACE',''
  ) );
#3787 = PCURVE('',#3666,#3788);
#3788 = DEFINITIONAL_REPRESENTATION('',(#3789),#3793);
#3789 = LINE('',#3790,#3791);
#3790 = CARTESIAN_POINT('',(-6.28318530718,0.));
#3791 = VECTOR('',#3792,1.);
#3792 = DIRECTION('',(-0.,1.));
#3793 = ( GEOMETRIC_REPRESENTATION_CONTEXT(2) 
PARAMETRIC_REPRESENTATION_CONTEXT() REPRESENTATION_CONTEXT('2D SPACE',''
  ) );
#3794 = ORIENTED_EDGE('',*,*,#3795,.F.);
#3795 = EDGE_CURVE('',#3773,#3773,#3796,.T.);
#3796 = SURFACE_CURVE('',#3797,(#3802,#3809),.PCURVE_S1.);
#3797 = CIRCLE('',#3798,1.136113657779E+03);
#3798 = AXIS2_PLACEMENT_3D('',#3799,#3800,#3801);
#3799 = CARTESIAN_POINT('',(2.34772736346E+03,0.,0.));
#3800 = DIRECTION('',(1.,0.,0.));
#3801 = DIRECTION('',(0.,1.,0.));
#3802 = PCURVE('',#3666,#3803);
#3803 = DEFINITIONAL_REPRESENTATION('',(#3804),#3808);
#3804 = LINE('',#3805,#3806);
#3805 = CARTESIAN_POINT('',(-0.,10.649999999995));
#3806 = VECTOR('',#3807,1.);
#3807 = DIRECTION('',(-1.,0.));
#3808 = ( GEOMETRIC_REPRESENTATION_CONTEXT(2) 
PARAMETRIC_REPRESENTATION_CONTEXT() REPRESENTATION_CONTEXT('2D SPACE',''
  ) );
#3809 = PCURVE('',#3810,#3815);
#3810 = CYLINDRICAL_SURFACE('',#3811,1.136113657779E+03);
#3811 = AXIS2_PLACEMENT_3D('',#3812,#3813,#3814);
#3812 = CARTESIAN_POINT('',(2.34772736346E+03,0.,0.));
#3813 = DIRECTION('',(-1.,-0.,-0.));
#3814 = DIRECTION('',(0.,1.,0.));
#3815 = DEFINITIONAL_REPRESENTATION('',(#3816),#3820);
#3816 = LINE('',#3817,#3818);
#3817 = CARTESIAN_POINT('',(-0.,0.));
#3818 = VECTOR('',#3819,1.);
#3819 = DIRECTION('',(-1.,0.));
#3820 = ( GEOMETRIC_REPRESENTATION_CONTEXT(2) 
PARAMETRIC_REPRESENTATION_CONTEXT() REPRESENTATION_CONTEXT('2D SPACE',''
  ) );
#3821 = ORIENTED_EDGE('',*,*,#3772,.F.);
#3822 = ADVANCED_FACE('',(#3823),#3722,.T.);
#3823 = FACE_BOUND('',#3824,.F.);
#3824 = EDGE_LOOP('',(#3825,#3854,#3875,#3876));
#3825 = ORIENTED_EDGE('',*,*,#3826,.T.);
#3826 = EDGE_CURVE('',#3827,#3827,#3829,.T.);
#3827 = VERTEX_POINT('',#3828);
#3828 = CARTESIAN_POINT('',(544.93404284309,553.26665428847,0.));
#3829 = SURFACE_CURVE('',#3830,(#3835,#3842),.PCURVE_S1.);
#3830 = CIRCLE('',#3831,553.26665428847);
#3831 = AXIS2_PLACEMENT_3D('',#3832,#3833,#3834);
#3832 = CARTESIAN_POINT('',(544.93404284309,0.,0.));
#3833 = DIRECTION('',(1.,0.,0.));
#3834 = DIRECTION('',(0.,1.,0.));
#3835 = PCURVE('',#3722,#3836);
#3836 = DEFINITIONAL_REPRESENTATION('',(#3837),#3841);
#3837 = LINE('',#3838,#3839);
#3838 = CARTESIAN_POINT('',(-0.,0.));
#3839 = VECTOR('',#3840,1.);
#3840 = DIRECTION('',(-1.,0.));
#3841 = ( GEOMETRIC_REPRESENTATION_CONTEXT(2) 
PARAMETRIC_REPRESENTATION_CONTEXT() REPRESENTATION_CONTEXT('2D SPACE',''
  ) );
#3842 = PCURVE('',#3843,#3848);
#3843 = CONICAL_SURFACE('',#3844,598.,1.271700911639);
#3844 = AXIS2_PLACEMENT_3D('',#3845,#3846,#3847);
#3845 = CARTESIAN_POINT('',(558.72736346019,0.,0.));
#3846 = DIRECTION('',(1.,0.,0.));
#3847 = DIRECTION('',(0.,1.,0.));
#3848 = DEFINITIONAL_REPRESENTATION('',(#3849),#3853);
#3849 = LINE('',#3850,#3851);
#3850 = CARTESIAN_POINT('',(0.,-13.7933206171));
#3851 = VECTOR('',#3852,1.);
#3852 = DIRECTION('',(1.,-0.));
#3853 = ( GEOMETRIC_REPRESENTATION_CONTEXT(2) 
PARAMETRIC_REPRESENTATION_CONTEXT() REPRESENTATION_CONTEXT('2D SPACE',''
  ) );
#3854 = ORIENTED_EDGE('',*,*,#3855,.T.);
#3855 = EDGE_CURVE('',#3827,#3706,#3856,.T.);
#3856 = SEAM_CURVE('',#3857,(#3861,#3868),.PCURVE_S1.);
#3857 = LINE('',#3858,#3859);
#3858 = CARTESIAN_POINT('',(544.93404284309,553.26665428847,0.));
#3859 = VECTOR('',#3860,1.);
#3860 = DIRECTION('',(-1.,0.,0.));
#3861 = PCURVE('',#3722,#3862);
#3862 = DEFINITIONAL_REPRESENTATION('',(#3863),#3867);
#3863 = LINE('',#3864,#3865);
#3864 = CARTESIAN_POINT('',(-0.,0.));
#3865 = VECTOR('',#3866,1.);
#3866 = DIRECTION('',(-0.,1.));
#3867 = ( GEOMETRIC_REPRESENTATION_CONTEXT(2) 
PARAMETRIC_REPRESENTATION_CONTEXT() REPRESENTATION_CONTEXT('2D SPACE',''
  ) );
#3868 = PCURVE('',#3722,#3869);
#3869 = DEFINITIONAL_REPRESENTATION('',(#3870),#3874);
#3870 = LINE('',#3871,#3872);
#3871 = CARTESIAN_POINT('',(-6.28318530718,0.));
#3872 = VECTOR('',#3873,1.);
#3873 = DIRECTION('',(-0.,1.));
#3874 = ( GEOMETRIC_REPRESENTATION_CONTEXT(2) 
PARAMETRIC_REPRESENTATION_CONTEXT() REPRESENTATION_CONTEXT('2D SPACE',''
  ) );
#3875 = ORIENTED_EDGE('',*,*,#3705,.F.);
#3876 = ORIENTED_EDGE('',*,*,#3855,.F.);
#3877 = ADVANCED_FACE('',(#3878),#3810,.T.);
#3878 = FACE_BOUND('',#3879,.F.);
#3879 = EDGE_LOOP('',(#3880,#3881,#3904,#3931));
#3880 = ORIENTED_EDGE('',*,*,#3795,.T.);
#3881 = ORIENTED_EDGE('',*,*,#3882,.T.);
#3882 = EDGE_CURVE('',#3773,#3883,#3885,.T.);
#3883 = VERTEX_POINT('',#3884);
#3884 = CARTESIAN_POINT('',(2.31372736346E+03,1.136113657779E+03,0.));
#3885 = SEAM_CURVE('',#3886,(#3890,#3897),.PCURVE_S1.);
#3886 = LINE('',#3887,#3888);
#3887 = CARTESIAN_POINT('',(2.34772736346E+03,1.136113657779E+03,0.));
#3888 = VECTOR('',#3889,1.);
#3889 = DIRECTION('',(-1.,0.,0.));
#3890 = PCURVE('',#3810,#3891);
#3891 = DEFINITIONAL_REPRESENTATION('',(#3892),#3896);
#3892 = LINE('',#3893,#3894);
#3893 = CARTESIAN_POINT('',(-0.,0.));
#3894 = VECTOR('',#3895,1.);
#3895 = DIRECTION('',(-0.,1.));
#3896 = ( GEOMETRIC_REPRESENTATION_CONTEXT(2) 
PARAMETRIC_REPRESENTATION_CONTEXT() REPRESENTATION_CONTEXT('2D SPACE',''
  ) );
#3897 = PCURVE('',#3810,#3898);
#3898 = DEFINITIONAL_REPRESENTATION('',(#3899),#3903);
#3899 = LINE('',#3900,#3901);
#3900 = CARTESIAN_POINT('',(-6.28318530718,0.));
#3901 = VECTOR('',#3902,1.);
#3902 = DIRECTION('',(-0.,1.));
#3903 = ( GEOMETRIC_REPRESENTATION_CONTEXT(2) 
PARAMETRIC_REPRESENTATION_CONTEXT() REPRESENTATION_CONTEXT('2D SPACE',''
  ) );
#3904 = ORIENTED_EDGE('',*,*,#3905,.F.);
#3905 = EDGE_CURVE('',#3883,#3883,#3906,.T.);
#3906 = SURFACE_CURVE('',#3907,(#3912,#3919),.PCURVE_S1.);
#3907 = CIRCLE('',#3908,1.136113657779E+03);
#3908 = AXIS2_PLACEMENT_3D('',#3909,#3910,#3911);
#3909 = CARTESIAN_POINT('',(2.31372736346E+03,0.,0.));
#3910 = DIRECTION('',(1.,0.,0.));
#3911 = DIRECTION('',(0.,1.,0.));
#3912 = PCURVE('',#3810,#3913);
#3913 = DEFINITIONAL_REPRESENTATION('',(#3914),#3918);
#3914 = LINE('',#3915,#3916);
#3915 = CARTESIAN_POINT('',(-0.,34.));
#3916 = VECTOR('',#3917,1.);
#3917 = DIRECTION('',(-1.,0.));
#3918 = ( GEOMETRIC_REPRESENTATION_CONTEXT(2) 
PARAMETRIC_REPRESENTATION_CONTEXT() REPRESENTATION_CONTEXT('2D SPACE',''
  ) );
#3919 = PCURVE('',#3920,#3925);
#3920 = CONICAL_SURFACE('',#3921,1.136113657779E+03,1.326633798798);
#3921 = AXIS2_PLACEMENT_3D('',#3922,#3923,#3924);
#3922 = CARTESIAN_POINT('',(2.31372736346E+03,0.,0.));
#3923 = DIRECTION('',(1.,0.,0.));
#3924 = DIRECTION('',(0.,1.,0.));
#3925 = DEFINITIONAL_REPRESENTATION('',(#3926),#3930);
#3926 = LINE('',#3927,#3928);
#3927 = CARTESIAN_POINT('',(0.,-0.));
#3928 = VECTOR('',#3929,1.);
#3929 = DIRECTION('',(1.,-0.));
#3930 = ( GEOMETRIC_REPRESENTATION_CONTEXT(2) 
PARAMETRIC_REPRESENTATION_CONTEXT() REPRESENTATION_CONTEXT('2D SPACE',''
  ) );
#3931 = ORIENTED_EDGE('',*,*,#3882,.F.);
#3932 = ADVANCED_FACE('',(#3933),#3843,.T.);
#3933 = FACE_BOUND('',#3934,.F.);
#3934 = EDGE_LOOP('',(#3935,#3964,#3985,#3986));
#3935 = ORIENTED_EDGE('',*,*,#3936,.T.);
#3936 = EDGE_CURVE('',#3937,#3937,#3939,.T.);
#3937 = VERTEX_POINT('',#3938);
#3938 = CARTESIAN_POINT('',(558.72736346019,598.,0.));
#3939 = SURFACE_CURVE('',#3940,(#3945,#3952),.PCURVE_S1.);
#3940 = CIRCLE('',#3941,598.);
#3941 = AXIS2_PLACEMENT_3D('',#3942,#3943,#3944);
#3942 = CARTESIAN_POINT('',(558.72736346019,0.,0.));
#3943 = DIRECTION('',(1.,0.,0.));
#3944 = DIRECTION('',(0.,1.,0.));
#3945 = PCURVE('',#3843,#3946);
#3946 = DEFINITIONAL_REPRESENTATION('',(#3947),#3951);
#3947 = LINE('',#3948,#3949);
#3948 = CARTESIAN_POINT('',(0.,-0.));
#3949 = VECTOR('',#3950,1.);
#3950 = DIRECTION('',(1.,-0.));
#3951 = ( GEOMETRIC_REPRESENTATION_CONTEXT(2) 
PARAMETRIC_REPRESENTATION_CONTEXT() REPRESENTATION_CONTEXT('2D SPACE',''
  ) );
#3952 = PCURVE('',#3953,#3958);
#3953 = CYLINDRICAL_SURFACE('',#3954,598.);
#3954 = AXIS2_PLACEMENT_3D('',#3955,#3956,#3957);
#3955 = CARTESIAN_POINT('',(592.72736346019,0.,0.));
#3956 = DIRECTION('',(-1.,-0.,-0.));
#3957 = DIRECTION('',(0.,1.,0.));
#3958 = DEFINITIONAL_REPRESENTATION('',(#3959),#3963);
#3959 = LINE('',#3960,#3961);
#3960 = CARTESIAN_POINT('',(-0.,34.));
#3961 = VECTOR('',#3962,1.);
#3962 = DIRECTION('',(-1.,0.));
#3963 = ( GEOMETRIC_REPRESENTATION_CONTEXT(2) 
PARAMETRIC_REPRESENTATION_CONTEXT() REPRESENTATION_CONTEXT('2D SPACE',''
  ) );
#3964 = ORIENTED_EDGE('',*,*,#3965,.T.);
#3965 = EDGE_CURVE('',#3937,#3827,#3966,.T.);
#3966 = SEAM_CURVE('',#3967,(#3971,#3978),.PCURVE_S1.);
#3967 = LINE('',#3968,#3969);
#3968 = CARTESIAN_POINT('',(558.72736346019,598.,0.));
#3969 = VECTOR('',#3970,1.);
#3970 = DIRECTION('',(-0.294655902962,-0.955603421326,0.));
#3971 = PCURVE('',#3843,#3972);
#3972 = DEFINITIONAL_REPRESENTATION('',(#3973),#3977);
#3973 = LINE('',#3974,#3975);
#3974 = CARTESIAN_POINT('',(0.,-0.));
#3975 = VECTOR('',#3976,1.);
#3976 = DIRECTION('',(0.,-1.));
#3977 = ( GEOMETRIC_REPRESENTATION_CONTEXT(2) 
PARAMETRIC_REPRESENTATION_CONTEXT() REPRESENTATION_CONTEXT('2D SPACE',''
  ) );
#3978 = PCURVE('',#3843,#3979);
#3979 = DEFINITIONAL_REPRESENTATION('',(#3980),#3984);
#3980 = LINE('',#3981,#3982);
#3981 = CARTESIAN_POINT('',(6.28318530718,-0.));
#3982 = VECTOR('',#3983,1.);
#3983 = DIRECTION('',(0.,-1.));
#3984 = ( GEOMETRIC_REPRESENTATION_CONTEXT(2) 
PARAMETRIC_REPRESENTATION_CONTEXT() REPRESENTATION_CONTEXT('2D SPACE',''
  ) );
#3985 = ORIENTED_EDGE('',*,*,#3826,.F.);
#3986 = ORIENTED_EDGE('',*,*,#3965,.F.);
#3987 = ADVANCED_FACE('',(#3988),#3920,.T.);
#3988 = FACE_BOUND('',#3989,.F.);
#3989 = EDGE_LOOP('',(#3990,#3991,#4014,#4044));
#3990 = ORIENTED_EDGE('',*,*,#3905,.T.);
#3991 = ORIENTED_EDGE('',*,*,#3992,.T.);
#3992 = EDGE_CURVE('',#3883,#3993,#3995,.T.);
#3993 = VERTEX_POINT('',#3994);
#3994 = CARTESIAN_POINT('',(2.300310568655E+03,1.082259720237E+03,0.));
#3995 = SEAM_CURVE('',#3996,(#4000,#4007),.PCURVE_S1.);
#3996 = LINE('',#3997,#3998);
#3997 = CARTESIAN_POINT('',(2.31372736346E+03,1.136113657779E+03,0.));
#3998 = VECTOR('',#3999,1.);
#3999 = DIRECTION('',(-0.241743776975,-0.970340118873,0.));
#4000 = PCURVE('',#3920,#4001);
#4001 = DEFINITIONAL_REPRESENTATION('',(#4002),#4006);
#4002 = LINE('',#4003,#4004);
#4003 = CARTESIAN_POINT('',(0.,-0.));
#4004 = VECTOR('',#4005,1.);
#4005 = DIRECTION('',(0.,-1.));
#4006 = ( GEOMETRIC_REPRESENTATION_CONTEXT(2) 
PARAMETRIC_REPRESENTATION_CONTEXT() REPRESENTATION_CONTEXT('2D SPACE',''
  ) );
#4007 = PCURVE('',#3920,#4008);
#4008 = DEFINITIONAL_REPRESENTATION('',(#4009),#4013);
#4009 = LINE('',#4010,#4011);
#4010 = CARTESIAN_POINT('',(6.28318530718,-0.));
#4011 = VECTOR('',#4012,1.);
#4012 = DIRECTION('',(0.,-1.));
#4013 = ( GEOMETRIC_REPRESENTATION_CONTEXT(2) 
PARAMETRIC_REPRESENTATION_CONTEXT() REPRESENTATION_CONTEXT('2D SPACE',''
  ) );
#4014 = ORIENTED_EDGE('',*,*,#4015,.F.);
#4015 = EDGE_CURVE('',#3993,#3993,#4016,.T.);
#4016 = SURFACE_CURVE('',#4017,(#4022,#4029),.PCURVE_S1.);
#4017 = CIRCLE('',#4018,1.082259720237E+03);
#4018 = AXIS2_PLACEMENT_3D('',#4019,#4020,#4021);
#4019 = CARTESIAN_POINT('',(2.300310568655E+03,0.,0.));
#4020 = DIRECTION('',(1.,0.,0.));
#4021 = DIRECTION('',(0.,1.,0.));
#4022 = PCURVE('',#3920,#4023);
#4023 = DEFINITIONAL_REPRESENTATION('',(#4024),#4028);
#4024 = LINE('',#4025,#4026);
#4025 = CARTESIAN_POINT('',(0.,-13.41679480548));
#4026 = VECTOR('',#4027,1.);
#4027 = DIRECTION('',(1.,-0.));
#4028 = ( GEOMETRIC_REPRESENTATION_CONTEXT(2) 
PARAMETRIC_REPRESENTATION_CONTEXT() REPRESENTATION_CONTEXT('2D SPACE',''
  ) );
#4029 = PCURVE('',#4030,#4039);
#4030 = SURFACE_OF_REVOLUTION('',#4031,#4036);
#4031 = PARABOLA('',#4032,624.15162335224);
#4032 = AXIS2_PLACEMENT_3D('',#4033,#4034,#4035);
#4033 = CARTESIAN_POINT('',(-486.6514777656,-510.045497427,0.));
#4034 = DIRECTION('',(-0.,0.,1.));
#4035 = DIRECTION('',(0.955805440765,-0.293999930958,0.));
#4036 = AXIS1_PLACEMENT('',#4037,#4038);
#4037 = CARTESIAN_POINT('',(0.,0.,0.));
#4038 = DIRECTION('',(1.,0.,0.));
#4039 = DEFINITIONAL_REPRESENTATION('',(#4040),#4043);
#4040 = B_SPLINE_CURVE_WITH_KNOTS('',1,(#4041,#4042),.UNSPECIFIED.,.F.,
  .F.,(2,2),(0.,6.28318530718),.PIECEWISE_BEZIER_KNOTS.);
#4041 = CARTESIAN_POINT('',(0.,2.341300639634E+03));
#4042 = CARTESIAN_POINT('',(6.28318530718,2.341300639634E+03));
#4043 = ( GEOMETRIC_REPRESENTATION_CONTEXT(2) 
PARAMETRIC_REPRESENTATION_CONTEXT() REPRESENTATION_CONTEXT('2D SPACE',''
  ) );
#4044 = ORIENTED_EDGE('',*,*,#3992,.F.);
#4045 = ADVANCED_FACE('',(#4046),#3953,.T.);
#4046 = FACE_BOUND('',#4047,.F.);
#4047 = EDGE_LOOP('',(#4048,#4077,#4098,#4099));
#4048 = ORIENTED_EDGE('',*,*,#4049,.T.);
#4049 = EDGE_CURVE('',#4050,#4050,#4052,.T.);
#4050 = VERTEX_POINT('',#4051);
#4051 = CARTESIAN_POINT('',(592.72736346019,598.,0.));
#4052 = SURFACE_CURVE('',#4053,(#4058,#4065),.PCURVE_S1.);
#4053 = CIRCLE('',#4054,598.);
#4054 = AXIS2_PLACEMENT_3D('',#4055,#4056,#4057);
#4055 = CARTESIAN_POINT('',(592.72736346019,0.,0.));
#4056 = DIRECTION('',(1.,0.,0.));
#4057 = DIRECTION('',(0.,1.,0.));
#4058 = PCURVE('',#3953,#4059);
#4059 = DEFINITIONAL_REPRESENTATION('',(#4060),#4064);
#4060 = LINE('',#4061,#4062);
#4061 = CARTESIAN_POINT('',(-0.,0.));
#4062 = VECTOR('',#4063,1.);
#4063 = DIRECTION('',(-1.,0.));
#4064 = ( GEOMETRIC_REPRESENTATION_CONTEXT(2) 
PARAMETRIC_REPRESENTATION_CONTEXT() REPRESENTATION_CONTEXT('2D SPACE',''
  ) );
#4065 = PCURVE('',#4066,#4071);
#4066 = CONICAL_SURFACE('',#4067,563.46080925305,1.271700911639);
#4067 = AXIS2_PLACEMENT_3D('',#4068,#4069,#4070);
#4068 = CARTESIAN_POINT('',(603.37736346019,0.,0.));
#4069 = DIRECTION('',(-1.,-0.,-0.));
#4070 = DIRECTION('',(0.,1.,0.));
#4071 = DEFINITIONAL_REPRESENTATION('',(#4072),#4076);
#4072 = LINE('',#4073,#4074);
#4073 = CARTESIAN_POINT('',(-0.,10.65));
#4074 = VECTOR('',#4075,1.);
#4075 = DIRECTION('',(-1.,0.));
#4076 = ( GEOMETRIC_REPRESENTATION_CONTEXT(2) 
PARAMETRIC_REPRESENTATION_CONTEXT() REPRESENTATION_CONTEXT('2D SPACE',''
  ) );
#4077 = ORIENTED_EDGE('',*,*,#4078,.T.);
#4078 = EDGE_CURVE('',#4050,#3937,#4079,.T.);
#4079 = SEAM_CURVE('',#4080,(#4084,#4091),.PCURVE_S1.);
#4080 = LINE('',#4081,#4082);
#4081 = CARTESIAN_POINT('',(592.72736346019,598.,0.));
#4082 = VECTOR('',#4083,1.);
#4083 = DIRECTION('',(-1.,0.,0.));
#4084 = PCURVE('',#3953,#4085);
#4085 = DEFINITIONAL_REPRESENTATION('',(#4086),#4090);
#4086 = LINE('',#4087,#4088);
#4087 = CARTESIAN_POINT('',(-0.,0.));
#4088 = VECTOR('',#4089,1.);
#4089 = DIRECTION('',(-0.,1.));
#4090 = ( GEOMETRIC_REPRESENTATION_CONTEXT(2) 
PARAMETRIC_REPRESENTATION_CONTEXT() REPRESENTATION_CONTEXT('2D SPACE',''
  ) );
#4091 = PCURVE('',#3953,#4092);
#4092 = DEFINITIONAL_REPRESENTATION('',(#4093),#4097);
#4093 = LINE('',#4094,#4095);
#4094 = CARTESIAN_POINT('',(-6.28318530718,0.));
#4095 = VECTOR('',#4096,1.);
#4096 = DIRECTION('',(-0.,1.));
#4097 = ( GEOMETRIC_REPRESENTATION_CONTEXT(2) 
PARAMETRIC_REPRESENTATION_CONTEXT() REPRESENTATION_CONTEXT('2D SPACE',''
  ) );
#4098 = ORIENTED_EDGE('',*,*,#3936,.F.);
#4099 = ORIENTED_EDGE('',*,*,#4078,.F.);
#4100 = ADVANCED_FACE('',(#4101),#4030,.T.);
#4101 = FACE_BOUND('',#4102,.T.);
#4102 = EDGE_LOOP('',(#4103,#4131,#4153,#4154));
#4103 = ORIENTED_EDGE('',*,*,#4104,.T.);
#4104 = EDGE_CURVE('',#4105,#4105,#4107,.T.);
#4105 = VERTEX_POINT('',#4106);
#4106 = CARTESIAN_POINT('',(2.05837736346E+03,1.032678964369E+03,0.));
#4107 = SURFACE_CURVE('',#4108,(#4113,#4119),.PCURVE_S1.);
#4108 = CIRCLE('',#4109,1.032678964369E+03);
#4109 = AXIS2_PLACEMENT_3D('',#4110,#4111,#4112);
#4110 = CARTESIAN_POINT('',(2.05837736346E+03,0.,0.));
#4111 = DIRECTION('',(1.,0.,0.));
#4112 = DIRECTION('',(0.,1.,0.));
#4113 = PCURVE('',#4030,#4114);
#4114 = DEFINITIONAL_REPRESENTATION('',(#4115),#4118);
#4115 = B_SPLINE_CURVE_WITH_KNOTS('',1,(#4116,#4117),.UNSPECIFIED.,.F.,
  .F.,(2,2),(0.,6.28318530718),.PIECEWISE_BEZIER_KNOTS.);
#4116 = CARTESIAN_POINT('',(0.,2.222782737794E+03));
#4117 = CARTESIAN_POINT('',(6.28318530718,2.222782737794E+03));
#4118 = ( GEOMETRIC_REPRESENTATION_CONTEXT(2) 
PARAMETRIC_REPRESENTATION_CONTEXT() REPRESENTATION_CONTEXT('2D SPACE',''
  ) );
#4119 = PCURVE('',#4120,#4125);
#4120 = CONICAL_SURFACE('',#4121,1.032678964369E+03,1.322303923942);
#4121 = AXIS2_PLACEMENT_3D('',#4122,#4123,#4124);
#4122 = CARTESIAN_POINT('',(2.05837736346E+03,0.,0.));
#4123 = DIRECTION('',(-1.,-0.,-0.));
#4124 = DIRECTION('',(0.,1.,0.));
#4125 = DEFINITIONAL_REPRESENTATION('',(#4126),#4130);
#4126 = LINE('',#4127,#4128);
#4127 = CARTESIAN_POINT('',(-0.,0.));
#4128 = VECTOR('',#4129,1.);
#4129 = DIRECTION('',(-1.,0.));
#4130 = ( GEOMETRIC_REPRESENTATION_CONTEXT(2) 
PARAMETRIC_REPRESENTATION_CONTEXT() REPRESENTATION_CONTEXT('2D SPACE',''
  ) );
#4131 = ORIENTED_EDGE('',*,*,#4132,.T.);
#4132 = EDGE_CURVE('',#4105,#3993,#4133,.T.);
#4133 = SEAM_CURVE('',#4134,(#4139,#4146),.PCURVE_S1.);
#4134 = PARABOLA('',#4135,624.15162335224);
#4135 = AXIS2_PLACEMENT_3D('',#4136,#4137,#4138);
#4136 = CARTESIAN_POINT('',(-486.6514777656,-510.045497427,0.));
#4137 = DIRECTION('',(-0.,0.,1.));
#4138 = DIRECTION('',(0.955805440765,-0.293999930958,0.));
#4139 = PCURVE('',#4030,#4140);
#4140 = DEFINITIONAL_REPRESENTATION('',(#4141),#4145);
#4141 = LINE('',#4142,#4143);
#4142 = CARTESIAN_POINT('',(0.,0.));
#4143 = VECTOR('',#4144,1.);
#4144 = DIRECTION('',(0.,1.));
#4145 = ( GEOMETRIC_REPRESENTATION_CONTEXT(2) 
PARAMETRIC_REPRESENTATION_CONTEXT() REPRESENTATION_CONTEXT('2D SPACE',''
  ) );
#4146 = PCURVE('',#4030,#4147);
#4147 = DEFINITIONAL_REPRESENTATION('',(#4148),#4152);
#4148 = LINE('',#4149,#4150);
#4149 = CARTESIAN_POINT('',(6.28318530718,0.));
#4150 = VECTOR('',#4151,1.);
#4151 = DIRECTION('',(0.,1.));
#4152 = ( GEOMETRIC_REPRESENTATION_CONTEXT(2) 
PARAMETRIC_REPRESENTATION_CONTEXT() REPRESENTATION_CONTEXT('2D SPACE',''
  ) );
#4153 = ORIENTED_EDGE('',*,*,#4015,.F.);
#4154 = ORIENTED_EDGE('',*,*,#4132,.F.);
#4155 = ADVANCED_FACE('',(#4156),#4066,.T.);
#4156 = FACE_BOUND('',#4157,.F.);
#4157 = EDGE_LOOP('',(#4158,#4190,#4211,#4212));
#4158 = ORIENTED_EDGE('',*,*,#4159,.T.);
#4159 = EDGE_CURVE('',#4160,#4160,#4162,.T.);
#4160 = VERTEX_POINT('',#4161);
#4161 = CARTESIAN_POINT('',(603.37736346019,563.46080925305,0.));
#4162 = SURFACE_CURVE('',#4163,(#4168,#4175),.PCURVE_S1.);
#4163 = CIRCLE('',#4164,563.46080925305);
#4164 = AXIS2_PLACEMENT_3D('',#4165,#4166,#4167);
#4165 = CARTESIAN_POINT('',(603.37736346019,0.,0.));
#4166 = DIRECTION('',(1.,0.,0.));
#4167 = DIRECTION('',(0.,1.,0.));
#4168 = PCURVE('',#4066,#4169);
#4169 = DEFINITIONAL_REPRESENTATION('',(#4170),#4174);
#4170 = LINE('',#4171,#4172);
#4171 = CARTESIAN_POINT('',(-0.,0.));
#4172 = VECTOR('',#4173,1.);
#4173 = DIRECTION('',(-1.,0.));
#4174 = ( GEOMETRIC_REPRESENTATION_CONTEXT(2) 
PARAMETRIC_REPRESENTATION_CONTEXT() REPRESENTATION_CONTEXT('2D SPACE',''
  ) );
#4175 = PCURVE('',#4176,#4185);
#4176 = SURFACE_OF_REVOLUTION('',#4177,#4182);
#4177 = PARABOLA('',#4178,624.15162335224);
#4178 = AXIS2_PLACEMENT_3D('',#4179,#4180,#4181);
#4179 = CARTESIAN_POINT('',(-486.6514777656,-510.045497427,0.));
#4180 = DIRECTION('',(-0.,0.,1.));
#4181 = DIRECTION('',(0.955805440765,-0.293999930958,0.));
#4182 = AXIS1_PLACEMENT('',#4183,#4184);
#4183 = CARTESIAN_POINT('',(0.,0.,0.));
#4184 = DIRECTION('',(1.,0.,0.));
#4185 = DEFINITIONAL_REPRESENTATION('',(#4186),#4189);
#4186 = B_SPLINE_CURVE_WITH_KNOTS('',1,(#4187,#4188),.UNSPECIFIED.,.F.,
  .F.,(2,2),(0.,6.28318530718),.PIECEWISE_BEZIER_KNOTS.);
#4187 = CARTESIAN_POINT('',(0.,1.346531572684E+03));
#4188 = CARTESIAN_POINT('',(6.28318530718,1.346531572684E+03));
#4189 = ( GEOMETRIC_REPRESENTATION_CONTEXT(2) 
PARAMETRIC_REPRESENTATION_CONTEXT() REPRESENTATION_CONTEXT('2D SPACE',''
  ) );
#4190 = ORIENTED_EDGE('',*,*,#4191,.T.);
#4191 = EDGE_CURVE('',#4160,#4050,#4192,.T.);
#4192 = SEAM_CURVE('',#4193,(#4197,#4204),.PCURVE_S1.);
#4193 = LINE('',#4194,#4195);
#4194 = CARTESIAN_POINT('',(603.37736346019,563.46080925305,0.));
#4195 = VECTOR('',#4196,1.);
#4196 = DIRECTION('',(-0.294655902962,0.955603421326,0.));
#4197 = PCURVE('',#4066,#4198);
#4198 = DEFINITIONAL_REPRESENTATION('',(#4199),#4203);
#4199 = LINE('',#4200,#4201);
#4200 = CARTESIAN_POINT('',(-0.,0.));
#4201 = VECTOR('',#4202,1.);
#4202 = DIRECTION('',(-0.,1.));
#4203 = ( GEOMETRIC_REPRESENTATION_CONTEXT(2) 
PARAMETRIC_REPRESENTATION_CONTEXT() REPRESENTATION_CONTEXT('2D SPACE',''
  ) );
#4204 = PCURVE('',#4066,#4205);
#4205 = DEFINITIONAL_REPRESENTATION('',(#4206),#4210);
#4206 = LINE('',#4207,#4208);
#4207 = CARTESIAN_POINT('',(-6.28318530718,0.));
#4208 = VECTOR('',#4209,1.);
#4209 = DIRECTION('',(-0.,1.));
#4210 = ( GEOMETRIC_REPRESENTATION_CONTEXT(2) 
PARAMETRIC_REPRESENTATION_CONTEXT() REPRESENTATION_CONTEXT('2D SPACE',''
  ) );
#4211 = ORIENTED_EDGE('',*,*,#4049,.F.);
#4212 = ORIENTED_EDGE('',*,*,#4191,.F.);
#4213 = ADVANCED_FACE('',(#4214),#4120,.T.);
#4214 = FACE_BOUND('',#4215,.F.);
#4215 = EDGE_LOOP('',(#4216,#4217,#4240,#4267));
#4216 = ORIENTED_EDGE('',*,*,#4104,.T.);
#4217 = ORIENTED_EDGE('',*,*,#4218,.T.);
#4218 = EDGE_CURVE('',#4105,#4219,#4221,.T.);
#4219 = VERTEX_POINT('',#4220);
#4220 = CARTESIAN_POINT('',(2.04772736346E+03,1.074651616558E+03,0.));
#4221 = SEAM_CURVE('',#4222,(#4226,#4233),.PCURVE_S1.);
#4222 = LINE('',#4223,#4224);
#4223 = CARTESIAN_POINT('',(2.05837736346E+03,1.032678964369E+03,0.));
#4224 = VECTOR('',#4225,1.);
#4225 = DIRECTION('',(-0.245942949049,0.969284305977,0.));
#4226 = PCURVE('',#4120,#4227);
#4227 = DEFINITIONAL_REPRESENTATION('',(#4228),#4232);
#4228 = LINE('',#4229,#4230);
#4229 = CARTESIAN_POINT('',(-0.,0.));
#4230 = VECTOR('',#4231,1.);
#4231 = DIRECTION('',(-0.,1.));
#4232 = ( GEOMETRIC_REPRESENTATION_CONTEXT(2) 
PARAMETRIC_REPRESENTATION_CONTEXT() REPRESENTATION_CONTEXT('2D SPACE',''
  ) );
#4233 = PCURVE('',#4120,#4234);
#4234 = DEFINITIONAL_REPRESENTATION('',(#4235),#4239);
#4235 = LINE('',#4236,#4237);
#4236 = CARTESIAN_POINT('',(-6.28318530718,0.));
#4237 = VECTOR('',#4238,1.);
#4238 = DIRECTION('',(-0.,1.));
#4239 = ( GEOMETRIC_REPRESENTATION_CONTEXT(2) 
PARAMETRIC_REPRESENTATION_CONTEXT() REPRESENTATION_CONTEXT('2D SPACE',''
  ) );
#4240 = ORIENTED_EDGE('',*,*,#4241,.F.);
#4241 = EDGE_CURVE('',#4219,#4219,#4242,.T.);
#4242 = SURFACE_CURVE('',#4243,(#4248,#4255),.PCURVE_S1.);
#4243 = CIRCLE('',#4244,1.074651616558E+03);
#4244 = AXIS2_PLACEMENT_3D('',#4245,#4246,#4247);
#4245 = CARTESIAN_POINT('',(2.04772736346E+03,0.,0.));
#4246 = DIRECTION('',(1.,0.,0.));
#4247 = DIRECTION('',(0.,1.,0.));
#4248 = PCURVE('',#4120,#4249);
#4249 = DEFINITIONAL_REPRESENTATION('',(#4250),#4254);
#4250 = LINE('',#4251,#4252);
#4251 = CARTESIAN_POINT('',(-0.,10.650000000001));
#4252 = VECTOR('',#4253,1.);
#4253 = DIRECTION('',(-1.,0.));
#4254 = ( GEOMETRIC_REPRESENTATION_CONTEXT(2) 
PARAMETRIC_REPRESENTATION_CONTEXT() REPRESENTATION_CONTEXT('2D SPACE',''
  ) );
#4255 = PCURVE('',#4256,#4261);
#4256 = CYLINDRICAL_SURFACE('',#4257,1.074651616558E+03);
#4257 = AXIS2_PLACEMENT_3D('',#4258,#4259,#4260);
#4258 = CARTESIAN_POINT('',(2.04772736346E+03,0.,0.));
#4259 = DIRECTION('',(-1.,-0.,-0.));
#4260 = DIRECTION('',(0.,1.,0.));
#4261 = DEFINITIONAL_REPRESENTATION('',(#4262),#4266);
#4262 = LINE('',#4263,#4264);
#4263 = CARTESIAN_POINT('',(-0.,0.));
#4264 = VECTOR('',#4265,1.);
#4265 = DIRECTION('',(-1.,0.));
#4266 = ( GEOMETRIC_REPRESENTATION_CONTEXT(2) 
PARAMETRIC_REPRESENTATION_CONTEXT() REPRESENTATION_CONTEXT('2D SPACE',''
  ) );
#4267 = ORIENTED_EDGE('',*,*,#4218,.F.);
#4268 = ADVANCED_FACE('',(#4269),#4176,.T.);
#4269 = FACE_BOUND('',#4270,.T.);
#4270 = EDGE_LOOP('',(#4271,#4272,#4296,#4322));
#4271 = ORIENTED_EDGE('',*,*,#4159,.T.);
#4272 = ORIENTED_EDGE('',*,*,#4273,.T.);
#4273 = EDGE_CURVE('',#4160,#4274,#4276,.T.);
#4274 = VERTEX_POINT('',#4275);
#4275 = CARTESIAN_POINT('',(831.75186751186,665.3559634089,0.));
#4276 = SEAM_CURVE('',#4277,(#4282,#4289),.PCURVE_S1.);
#4277 = PARABOLA('',#4278,624.15162335224);
#4278 = AXIS2_PLACEMENT_3D('',#4279,#4280,#4281);
#4279 = CARTESIAN_POINT('',(-486.6514777656,-510.045497427,0.));
#4280 = DIRECTION('',(-0.,0.,1.));
#4281 = DIRECTION('',(0.955805440765,-0.293999930958,0.));
#4282 = PCURVE('',#4176,#4283);
#4283 = DEFINITIONAL_REPRESENTATION('',(#4284),#4288);
#4284 = LINE('',#4285,#4286);
#4285 = CARTESIAN_POINT('',(0.,0.));
#4286 = VECTOR('',#4287,1.);
#4287 = DIRECTION('',(0.,1.));
#4288 = ( GEOMETRIC_REPRESENTATION_CONTEXT(2) 
PARAMETRIC_REPRESENTATION_CONTEXT() REPRESENTATION_CONTEXT('2D SPACE',''
  ) );
#4289 = PCURVE('',#4176,#4290);
#4290 = DEFINITIONAL_REPRESENTATION('',(#4291),#4295);
#4291 = LINE('',#4292,#4293);
#4292 = CARTESIAN_POINT('',(6.28318530718,0.));
#4293 = VECTOR('',#4294,1.);
#4294 = DIRECTION('',(0.,1.));
#4295 = ( GEOMETRIC_REPRESENTATION_CONTEXT(2) 
PARAMETRIC_REPRESENTATION_CONTEXT() REPRESENTATION_CONTEXT('2D SPACE',''
  ) );
#4296 = ORIENTED_EDGE('',*,*,#4297,.F.);
#4297 = EDGE_CURVE('',#4274,#4274,#4298,.T.);
#4298 = SURFACE_CURVE('',#4299,(#4304,#4310),.PCURVE_S1.);
#4299 = CIRCLE('',#4300,665.3559634089);
#4300 = AXIS2_PLACEMENT_3D('',#4301,#4302,#4303);
#4301 = CARTESIAN_POINT('',(831.75186751186,0.,0.));
#4302 = DIRECTION('',(1.,0.,0.));
#4303 = DIRECTION('',(0.,1.,0.));
#4304 = PCURVE('',#4176,#4305);
#4305 = DEFINITIONAL_REPRESENTATION('',(#4306),#4309);
#4306 = B_SPLINE_CURVE_WITH_KNOTS('',1,(#4307,#4308),.UNSPECIFIED.,.F.,
  .F.,(2,2),(0.,6.28318530718),.PIECEWISE_BEZIER_KNOTS.);
#4307 = CARTESIAN_POINT('',(0.,1.511065603837E+03));
#4308 = CARTESIAN_POINT('',(6.28318530718,1.511065603837E+03));
#4309 = ( GEOMETRIC_REPRESENTATION_CONTEXT(2) 
PARAMETRIC_REPRESENTATION_CONTEXT() REPRESENTATION_CONTEXT('2D SPACE',''
  ) );
#4310 = PCURVE('',#4311,#4316);
#4311 = CONICAL_SURFACE('',#4312,665.3559634089,1.289904298907);
#4312 = AXIS2_PLACEMENT_3D('',#4313,#4314,#4315);
#4313 = CARTESIAN_POINT('',(831.75186751186,0.,0.));
#4314 = DIRECTION('',(1.,0.,0.));
#4315 = DIRECTION('',(0.,1.,0.));
#4316 = DEFINITIONAL_REPRESENTATION('',(#4317),#4321);
#4317 = LINE('',#4318,#4319);
#4318 = CARTESIAN_POINT('',(0.,0.));
#4319 = VECTOR('',#4320,1.);
#4320 = DIRECTION('',(1.,0.));
#4321 = ( GEOMETRIC_REPRESENTATION_CONTEXT(2) 
PARAMETRIC_REPRESENTATION_CONTEXT() REPRESENTATION_CONTEXT('2D SPACE',''
  ) );
#4322 = ORIENTED_EDGE('',*,*,#4273,.F.);
#4323 = ADVANCED_FACE('',(#4324),#4256,.T.);
#4324 = FACE_BOUND('',#4325,.F.);
#4325 = EDGE_LOOP('',(#4326,#4327,#4350,#4377));
#4326 = ORIENTED_EDGE('',*,*,#4241,.T.);
#4327 = ORIENTED_EDGE('',*,*,#4328,.T.);
#4328 = EDGE_CURVE('',#4219,#4329,#4331,.T.);
#4329 = VERTEX_POINT('',#4330);
#4330 = CARTESIAN_POINT('',(2.01372736346E+03,1.074651616558E+03,0.));
#4331 = SEAM_CURVE('',#4332,(#4336,#4343),.PCURVE_S1.);
#4332 = LINE('',#4333,#4334);
#4333 = CARTESIAN_POINT('',(2.04772736346E+03,1.074651616558E+03,0.));
#4334 = VECTOR('',#4335,1.);
#4335 = DIRECTION('',(-1.,0.,0.));
#4336 = PCURVE('',#4256,#4337);
#4337 = DEFINITIONAL_REPRESENTATION('',(#4338),#4342);
#4338 = LINE('',#4339,#4340);
#4339 = CARTESIAN_POINT('',(-0.,0.));
#4340 = VECTOR('',#4341,1.);
#4341 = DIRECTION('',(-0.,1.));
#4342 = ( GEOMETRIC_REPRESENTATION_CONTEXT(2) 
PARAMETRIC_REPRESENTATION_CONTEXT() REPRESENTATION_CONTEXT('2D SPACE',''
  ) );
#4343 = PCURVE('',#4256,#4344);
#4344 = DEFINITIONAL_REPRESENTATION('',(#4345),#4349);
#4345 = LINE('',#4346,#4347);
#4346 = CARTESIAN_POINT('',(-6.28318530718,0.));
#4347 = VECTOR('',#4348,1.);
#4348 = DIRECTION('',(-0.,1.));
#4349 = ( GEOMETRIC_REPRESENTATION_CONTEXT(2) 
PARAMETRIC_REPRESENTATION_CONTEXT() REPRESENTATION_CONTEXT('2D SPACE',''
  ) );
#4350 = ORIENTED_EDGE('',*,*,#4351,.F.);
#4351 = EDGE_CURVE('',#4329,#4329,#4352,.T.);
#4352 = SURFACE_CURVE('',#4353,(#4358,#4365),.PCURVE_S1.);
#4353 = CIRCLE('',#4354,1.074651616558E+03);
#4354 = AXIS2_PLACEMENT_3D('',#4355,#4356,#4357);
#4355 = CARTESIAN_POINT('',(2.01372736346E+03,0.,0.));
#4356 = DIRECTION('',(1.,0.,0.));
#4357 = DIRECTION('',(0.,1.,0.));
#4358 = PCURVE('',#4256,#4359);
#4359 = DEFINITIONAL_REPRESENTATION('',(#4360),#4364);
#4360 = LINE('',#4361,#4362);
#4361 = CARTESIAN_POINT('',(-0.,34.));
#4362 = VECTOR('',#4363,1.);
#4363 = DIRECTION('',(-1.,0.));
#4364 = ( GEOMETRIC_REPRESENTATION_CONTEXT(2) 
PARAMETRIC_REPRESENTATION_CONTEXT() REPRESENTATION_CONTEXT('2D SPACE',''
  ) );
#4365 = PCURVE('',#4366,#4371);
#4366 = CONICAL_SURFACE('',#4367,1.074651616558E+03,1.322303923942);
#4367 = AXIS2_PLACEMENT_3D('',#4368,#4369,#4370);
#4368 = CARTESIAN_POINT('',(2.01372736346E+03,0.,0.));
#4369 = DIRECTION('',(1.,0.,0.));
#4370 = DIRECTION('',(0.,1.,0.));
#4371 = DEFINITIONAL_REPRESENTATION('',(#4372),#4376);
#4372 = LINE('',#4373,#4374);
#4373 = CARTESIAN_POINT('',(0.,-0.));
#4374 = VECTOR('',#4375,1.);
#4375 = DIRECTION('',(1.,-0.));
#4376 = ( GEOMETRIC_REPRESENTATION_CONTEXT(2) 
PARAMETRIC_REPRESENTATION_CONTEXT() REPRESENTATION_CONTEXT('2D SPACE',''
  ) );
#4377 = ORIENTED_EDGE('',*,*,#4328,.F.);
#4378 = ADVANCED_FACE('',(#4379),#4311,.T.);
#4379 = FACE_BOUND('',#4380,.T.);
#4380 = EDGE_LOOP('',(#4381,#4382,#4405,#4432));
#4381 = ORIENTED_EDGE('',*,*,#4297,.T.);
#4382 = ORIENTED_EDGE('',*,*,#4383,.T.);
#4383 = EDGE_CURVE('',#4274,#4384,#4386,.T.);
#4384 = VERTEX_POINT('',#4385);
#4385 = CARTESIAN_POINT('',(849.7273634602,727.65831140208,0.));
#4386 = SEAM_CURVE('',#4387,(#4391,#4398),.PCURVE_S1.);
#4387 = LINE('',#4388,#4389);
#4388 = CARTESIAN_POINT('',(831.75186751186,665.3559634089,0.));
#4389 = VECTOR('',#4390,1.);
#4390 = DIRECTION('',(0.277212826753,0.960808539035,0.));
#4391 = PCURVE('',#4311,#4392);
#4392 = DEFINITIONAL_REPRESENTATION('',(#4393),#4397);
#4393 = LINE('',#4394,#4395);
#4394 = CARTESIAN_POINT('',(0.,0.));
#4395 = VECTOR('',#4396,1.);
#4396 = DIRECTION('',(0.,1.));
#4397 = ( GEOMETRIC_REPRESENTATION_CONTEXT(2) 
PARAMETRIC_REPRESENTATION_CONTEXT() REPRESENTATION_CONTEXT('2D SPACE',''
  ) );
#4398 = PCURVE('',#4311,#4399);
#4399 = DEFINITIONAL_REPRESENTATION('',(#4400),#4404);
#4400 = LINE('',#4401,#4402);
#4401 = CARTESIAN_POINT('',(6.28318530718,0.));
#4402 = VECTOR('',#4403,1.);
#4403 = DIRECTION('',(0.,1.));
#4404 = ( GEOMETRIC_REPRESENTATION_CONTEXT(2) 
PARAMETRIC_REPRESENTATION_CONTEXT() REPRESENTATION_CONTEXT('2D SPACE',''
  ) );
#4405 = ORIENTED_EDGE('',*,*,#4406,.F.);
#4406 = EDGE_CURVE('',#4384,#4384,#4407,.T.);
#4407 = SURFACE_CURVE('',#4408,(#4413,#4420),.PCURVE_S1.);
#4408 = CIRCLE('',#4409,727.65831140208);
#4409 = AXIS2_PLACEMENT_3D('',#4410,#4411,#4412);
#4410 = CARTESIAN_POINT('',(849.7273634602,0.,0.));
#4411 = DIRECTION('',(1.,0.,0.));
#4412 = DIRECTION('',(0.,1.,0.));
#4413 = PCURVE('',#4311,#4414);
#4414 = DEFINITIONAL_REPRESENTATION('',(#4415),#4419);
#4415 = LINE('',#4416,#4417);
#4416 = CARTESIAN_POINT('',(0.,17.975495948338));
#4417 = VECTOR('',#4418,1.);
#4418 = DIRECTION('',(1.,0.));
#4419 = ( GEOMETRIC_REPRESENTATION_CONTEXT(2) 
PARAMETRIC_REPRESENTATION_CONTEXT() REPRESENTATION_CONTEXT('2D SPACE',''
  ) );
#4420 = PCURVE('',#4421,#4426);
#4421 = CYLINDRICAL_SURFACE('',#4422,727.65831140208);
#4422 = AXIS2_PLACEMENT_3D('',#4423,#4424,#4425);
#4423 = CARTESIAN_POINT('',(849.7273634602,0.,0.));
#4424 = DIRECTION('',(1.,0.,0.));
#4425 = DIRECTION('',(0.,1.,0.));
#4426 = DEFINITIONAL_REPRESENTATION('',(#4427),#4431);
#4427 = LINE('',#4428,#4429);
#4428 = CARTESIAN_POINT('',(0.,0.));
#4429 = VECTOR('',#4430,1.);
#4430 = DIRECTION('',(1.,0.));
#4431 = ( GEOMETRIC_REPRESENTATION_CONTEXT(2) 
PARAMETRIC_REPRESENTATION_CONTEXT() REPRESENTATION_CONTEXT('2D SPACE',''
  ) );
#4432 = ORIENTED_EDGE('',*,*,#4383,.F.);
#4433 = ADVANCED_FACE('',(#4434),#4366,.T.);
#4434 = FACE_BOUND('',#4435,.F.);
#4435 = EDGE_LOOP('',(#4436,#4437,#4460,#4490));
#4436 = ORIENTED_EDGE('',*,*,#4351,.T.);
#4437 = ORIENTED_EDGE('',*,*,#4438,.T.);
#4438 = EDGE_CURVE('',#4329,#4439,#4441,.T.);
#4439 = VERTEX_POINT('',#4440);
#4440 = CARTESIAN_POINT('',(1.999814651741E+03,1.019820310457E+03,0.));
#4441 = SEAM_CURVE('',#4442,(#4446,#4453),.PCURVE_S1.);
#4442 = LINE('',#4443,#4444);
#4443 = CARTESIAN_POINT('',(2.01372736346E+03,1.074651616558E+03,0.));
#4444 = VECTOR('',#4445,1.);
#4445 = DIRECTION('',(-0.245942949049,-0.969284305977,0.));
#4446 = PCURVE('',#4366,#4447);
#4447 = DEFINITIONAL_REPRESENTATION('',(#4448),#4452);
#4448 = LINE('',#4449,#4450);
#4449 = CARTESIAN_POINT('',(0.,-0.));
#4450 = VECTOR('',#4451,1.);
#4451 = DIRECTION('',(0.,-1.));
#4452 = ( GEOMETRIC_REPRESENTATION_CONTEXT(2) 
PARAMETRIC_REPRESENTATION_CONTEXT() REPRESENTATION_CONTEXT('2D SPACE',''
  ) );
#4453 = PCURVE('',#4366,#4454);
#4454 = DEFINITIONAL_REPRESENTATION('',(#4455),#4459);
#4455 = LINE('',#4456,#4457);
#4456 = CARTESIAN_POINT('',(6.28318530718,-0.));
#4457 = VECTOR('',#4458,1.);
#4458 = DIRECTION('',(0.,-1.));
#4459 = ( GEOMETRIC_REPRESENTATION_CONTEXT(2) 
PARAMETRIC_REPRESENTATION_CONTEXT() REPRESENTATION_CONTEXT('2D SPACE',''
  ) );
#4460 = ORIENTED_EDGE('',*,*,#4461,.F.);
#4461 = EDGE_CURVE('',#4439,#4439,#4462,.T.);
#4462 = SURFACE_CURVE('',#4463,(#4468,#4475),.PCURVE_S1.);
#4463 = CIRCLE('',#4464,1.019820310457E+03);
#4464 = AXIS2_PLACEMENT_3D('',#4465,#4466,#4467);
#4465 = CARTESIAN_POINT('',(1.999814651741E+03,0.,0.));
#4466 = DIRECTION('',(1.,0.,0.));
#4467 = DIRECTION('',(0.,1.,0.));
#4468 = PCURVE('',#4366,#4469);
#4469 = DEFINITIONAL_REPRESENTATION('',(#4470),#4474);
#4470 = LINE('',#4471,#4472);
#4471 = CARTESIAN_POINT('',(0.,-13.91271171886));
#4472 = VECTOR('',#4473,1.);
#4473 = DIRECTION('',(1.,-0.));
#4474 = ( GEOMETRIC_REPRESENTATION_CONTEXT(2) 
PARAMETRIC_REPRESENTATION_CONTEXT() REPRESENTATION_CONTEXT('2D SPACE',''
  ) );
#4475 = PCURVE('',#4476,#4485);
#4476 = SURFACE_OF_REVOLUTION('',#4477,#4482);
#4477 = PARABOLA('',#4478,624.15162335224);
#4478 = AXIS2_PLACEMENT_3D('',#4479,#4480,#4481);
#4479 = CARTESIAN_POINT('',(-486.6514777656,-510.045497427,0.));
#4480 = DIRECTION('',(-0.,0.,1.));
#4481 = DIRECTION('',(0.955805440765,-0.293999930958,0.));
#4482 = AXIS1_PLACEMENT('',#4483,#4484);
#4483 = CARTESIAN_POINT('',(0.,0.,0.));
#4484 = DIRECTION('',(1.,0.,0.));
#4485 = DEFINITIONAL_REPRESENTATION('',(#4486),#4489);
#4486 = B_SPLINE_CURVE_WITH_KNOTS('',1,(#4487,#4488),.UNSPECIFIED.,.F.,
  .F.,(2,2),(0.,6.28318530718),.PIECEWISE_BEZIER_KNOTS.);
#4487 = CARTESIAN_POINT('',(0.,2.193274933222E+03));
#4488 = CARTESIAN_POINT('',(6.28318530718,2.193274933222E+03));
#4489 = ( GEOMETRIC_REPRESENTATION_CONTEXT(2) 
PARAMETRIC_REPRESENTATION_CONTEXT() REPRESENTATION_CONTEXT('2D SPACE',''
  ) );
#4490 = ORIENTED_EDGE('',*,*,#4438,.F.);
#4491 = ADVANCED_FACE('',(#4492),#4421,.T.);
#4492 = FACE_BOUND('',#4493,.T.);
#4493 = EDGE_LOOP('',(#4494,#4495,#4518,#4545));
#4494 = ORIENTED_EDGE('',*,*,#4406,.T.);
#4495 = ORIENTED_EDGE('',*,*,#4496,.T.);
#4496 = EDGE_CURVE('',#4384,#4497,#4499,.T.);
#4497 = VERTEX_POINT('',#4498);
#4498 = CARTESIAN_POINT('',(883.7273634602,727.65831140208,0.));
#4499 = SEAM_CURVE('',#4500,(#4504,#4511),.PCURVE_S1.);
#4500 = LINE('',#4501,#4502);
#4501 = CARTESIAN_POINT('',(849.7273634602,727.65831140208,0.));
#4502 = VECTOR('',#4503,1.);
#4503 = DIRECTION('',(1.,0.,0.));
#4504 = PCURVE('',#4421,#4505);
#4505 = DEFINITIONAL_REPRESENTATION('',(#4506),#4510);
#4506 = LINE('',#4507,#4508);
#4507 = CARTESIAN_POINT('',(0.,0.));
#4508 = VECTOR('',#4509,1.);
#4509 = DIRECTION('',(0.,1.));
#4510 = ( GEOMETRIC_REPRESENTATION_CONTEXT(2) 
PARAMETRIC_REPRESENTATION_CONTEXT() REPRESENTATION_CONTEXT('2D SPACE',''
  ) );
#4511 = PCURVE('',#4421,#4512);
#4512 = DEFINITIONAL_REPRESENTATION('',(#4513),#4517);
#4513 = LINE('',#4514,#4515);
#4514 = CARTESIAN_POINT('',(6.28318530718,0.));
#4515 = VECTOR('',#4516,1.);
#4516 = DIRECTION('',(0.,1.));
#4517 = ( GEOMETRIC_REPRESENTATION_CONTEXT(2) 
PARAMETRIC_REPRESENTATION_CONTEXT() REPRESENTATION_CONTEXT('2D SPACE',''
  ) );
#4518 = ORIENTED_EDGE('',*,*,#4519,.F.);
#4519 = EDGE_CURVE('',#4497,#4497,#4520,.T.);
#4520 = SURFACE_CURVE('',#4521,(#4526,#4533),.PCURVE_S1.);
#4521 = CIRCLE('',#4522,727.65831140208);
#4522 = AXIS2_PLACEMENT_3D('',#4523,#4524,#4525);
#4523 = CARTESIAN_POINT('',(883.7273634602,0.,0.));
#4524 = DIRECTION('',(1.,0.,0.));
#4525 = DIRECTION('',(0.,1.,0.));
#4526 = PCURVE('',#4421,#4527);
#4527 = DEFINITIONAL_REPRESENTATION('',(#4528),#4532);
#4528 = LINE('',#4529,#4530);
#4529 = CARTESIAN_POINT('',(0.,34.));
#4530 = VECTOR('',#4531,1.);
#4531 = DIRECTION('',(1.,0.));
#4532 = ( GEOMETRIC_REPRESENTATION_CONTEXT(2) 
PARAMETRIC_REPRESENTATION_CONTEXT() REPRESENTATION_CONTEXT('2D SPACE',''
  ) );
#4533 = PCURVE('',#4534,#4539);
#4534 = CONICAL_SURFACE('',#4535,727.65831140208,1.289904298907);
#4535 = AXIS2_PLACEMENT_3D('',#4536,#4537,#4538);
#4536 = CARTESIAN_POINT('',(883.7273634602,0.,0.));
#4537 = DIRECTION('',(-1.,-0.,-0.));
#4538 = DIRECTION('',(0.,1.,0.));
#4539 = DEFINITIONAL_REPRESENTATION('',(#4540),#4544);
#4540 = LINE('',#4541,#4542);
#4541 = CARTESIAN_POINT('',(-0.,-0.));
#4542 = VECTOR('',#4543,1.);
#4543 = DIRECTION('',(-1.,-0.));
#4544 = ( GEOMETRIC_REPRESENTATION_CONTEXT(2) 
PARAMETRIC_REPRESENTATION_CONTEXT() REPRESENTATION_CONTEXT('2D SPACE',''
  ) );
#4545 = ORIENTED_EDGE('',*,*,#4496,.F.);
#4546 = ADVANCED_FACE('',(#4547),#4476,.T.);
#4547 = FACE_BOUND('',#4548,.T.);
#4548 = EDGE_LOOP('',(#4549,#4577,#4599,#4600));
#4549 = ORIENTED_EDGE('',*,*,#4550,.T.);
#4550 = EDGE_CURVE('',#4551,#4551,#4553,.T.);
#4551 = VERTEX_POINT('',#4552);
#4552 = CARTESIAN_POINT('',(1.76737736346E+03,965.12979069112,0.));
#4553 = SURFACE_CURVE('',#4554,(#4559,#4565),.PCURVE_S1.);
#4554 = CIRCLE('',#4555,965.12979069112);
#4555 = AXIS2_PLACEMENT_3D('',#4556,#4557,#4558);
#4556 = CARTESIAN_POINT('',(1.76737736346E+03,0.,0.));
#4557 = DIRECTION('',(1.,0.,0.));
#4558 = DIRECTION('',(0.,1.,0.));
#4559 = PCURVE('',#4476,#4560);
#4560 = DEFINITIONAL_REPRESENTATION('',(#4561),#4564);
#4561 = B_SPLINE_CURVE_WITH_KNOTS('',1,(#4562,#4563),.UNSPECIFIED.,.F.,
  .F.,(2,2),(0.,6.28318530718),.PIECEWISE_BEZIER_KNOTS.);
#4562 = CARTESIAN_POINT('',(0.,2.072664890165E+03));
#4563 = CARTESIAN_POINT('',(6.28318530718,2.072664890165E+03));
#4564 = ( GEOMETRIC_REPRESENTATION_CONTEXT(2) 
PARAMETRIC_REPRESENTATION_CONTEXT() REPRESENTATION_CONTEXT('2D SPACE',''
  ) );
#4565 = PCURVE('',#4566,#4571);
#4566 = CONICAL_SURFACE('',#4567,965.12979069112,1.317127241382);
#4567 = AXIS2_PLACEMENT_3D('',#4568,#4569,#4570);
#4568 = CARTESIAN_POINT('',(1.76737736346E+03,0.,0.));
#4569 = DIRECTION('',(-1.,-0.,-0.));
#4570 = DIRECTION('',(0.,1.,0.));
#4571 = DEFINITIONAL_REPRESENTATION('',(#4572),#4576);
#4572 = LINE('',#4573,#4574);
#4573 = CARTESIAN_POINT('',(-0.,0.));
#4574 = VECTOR('',#4575,1.);
#4575 = DIRECTION('',(-1.,0.));
#4576 = ( GEOMETRIC_REPRESENTATION_CONTEXT(2) 
PARAMETRIC_REPRESENTATION_CONTEXT() REPRESENTATION_CONTEXT('2D SPACE',''
  ) );
#4577 = ORIENTED_EDGE('',*,*,#4578,.T.);
#4578 = EDGE_CURVE('',#4551,#4439,#4579,.T.);
#4579 = SEAM_CURVE('',#4580,(#4585,#4592),.PCURVE_S1.);
#4580 = PARABOLA('',#4581,624.15162335224);
#4581 = AXIS2_PLACEMENT_3D('',#4582,#4583,#4584);
#4582 = CARTESIAN_POINT('',(-486.6514777656,-510.045497427,0.));
#4583 = DIRECTION('',(-0.,0.,1.));
#4584 = DIRECTION('',(0.955805440765,-0.293999930958,0.));
#4585 = PCURVE('',#4476,#4586);
#4586 = DEFINITIONAL_REPRESENTATION('',(#4587),#4591);
#4587 = LINE('',#4588,#4589);
#4588 = CARTESIAN_POINT('',(0.,0.));
#4589 = VECTOR('',#4590,1.);
#4590 = DIRECTION('',(0.,1.));
#4591 = ( GEOMETRIC_REPRESENTATION_CONTEXT(2) 
PARAMETRIC_REPRESENTATION_CONTEXT() REPRESENTATION_CONTEXT('2D SPACE',''
  ) );
#4592 = PCURVE('',#4476,#4593);
#4593 = DEFINITIONAL_REPRESENTATION('',(#4594),#4598);
#4594 = LINE('',#4595,#4596);
#4595 = CARTESIAN_POINT('',(6.28318530718,0.));
#4596 = VECTOR('',#4597,1.);
#4597 = DIRECTION('',(0.,1.));
#4598 = ( GEOMETRIC_REPRESENTATION_CONTEXT(2) 
PARAMETRIC_REPRESENTATION_CONTEXT() REPRESENTATION_CONTEXT('2D SPACE',''
  ) );
#4599 = ORIENTED_EDGE('',*,*,#4461,.F.);
#4600 = ORIENTED_EDGE('',*,*,#4578,.F.);
#4601 = ADVANCED_FACE('',(#4602),#4534,.T.);
#4602 = FACE_BOUND('',#4603,.T.);
#4603 = EDGE_LOOP('',(#4604,#4605,#4628,#4658));
#4604 = ORIENTED_EDGE('',*,*,#4519,.T.);
#4605 = ORIENTED_EDGE('',*,*,#4606,.T.);
#4606 = EDGE_CURVE('',#4497,#4607,#4609,.T.);
#4607 = VERTEX_POINT('',#4608);
#4608 = CARTESIAN_POINT('',(894.3773634602,690.74583855381,0.));
#4609 = SEAM_CURVE('',#4610,(#4614,#4621),.PCURVE_S1.);
#4610 = LINE('',#4611,#4612);
#4611 = CARTESIAN_POINT('',(883.7273634602,727.65831140208,0.));
#4612 = VECTOR('',#4613,1.);
#4613 = DIRECTION('',(0.277212826753,-0.960808539035,0.));
#4614 = PCURVE('',#4534,#4615);
#4615 = DEFINITIONAL_REPRESENTATION('',(#4616),#4620);
#4616 = LINE('',#4617,#4618);
#4617 = CARTESIAN_POINT('',(-0.,-0.));
#4618 = VECTOR('',#4619,1.);
#4619 = DIRECTION('',(-0.,-1.));
#4620 = ( GEOMETRIC_REPRESENTATION_CONTEXT(2) 
PARAMETRIC_REPRESENTATION_CONTEXT() REPRESENTATION_CONTEXT('2D SPACE',''
  ) );
#4621 = PCURVE('',#4534,#4622);
#4622 = DEFINITIONAL_REPRESENTATION('',(#4623),#4627);
#4623 = LINE('',#4624,#4625);
#4624 = CARTESIAN_POINT('',(-6.28318530718,-0.));
#4625 = VECTOR('',#4626,1.);
#4626 = DIRECTION('',(-0.,-1.));
#4627 = ( GEOMETRIC_REPRESENTATION_CONTEXT(2) 
PARAMETRIC_REPRESENTATION_CONTEXT() REPRESENTATION_CONTEXT('2D SPACE',''
  ) );
#4628 = ORIENTED_EDGE('',*,*,#4629,.F.);
#4629 = EDGE_CURVE('',#4607,#4607,#4630,.T.);
#4630 = SURFACE_CURVE('',#4631,(#4636,#4643),.PCURVE_S1.);
#4631 = CIRCLE('',#4632,690.74583855381);
#4632 = AXIS2_PLACEMENT_3D('',#4633,#4634,#4635);
#4633 = CARTESIAN_POINT('',(894.3773634602,0.,0.));
#4634 = DIRECTION('',(1.,0.,0.));
#4635 = DIRECTION('',(0.,1.,0.));
#4636 = PCURVE('',#4534,#4637);
#4637 = DEFINITIONAL_REPRESENTATION('',(#4638),#4642);
#4638 = LINE('',#4639,#4640);
#4639 = CARTESIAN_POINT('',(-0.,-10.65));
#4640 = VECTOR('',#4641,1.);
#4641 = DIRECTION('',(-1.,-0.));
#4642 = ( GEOMETRIC_REPRESENTATION_CONTEXT(2) 
PARAMETRIC_REPRESENTATION_CONTEXT() REPRESENTATION_CONTEXT('2D SPACE',''
  ) );
#4643 = PCURVE('',#4644,#4653);
#4644 = SURFACE_OF_REVOLUTION('',#4645,#4650);
#4645 = PARABOLA('',#4646,624.15162335224);
#4646 = AXIS2_PLACEMENT_3D('',#4647,#4648,#4649);
#4647 = CARTESIAN_POINT('',(-486.6514777656,-510.045497427,0.));
#4648 = DIRECTION('',(-0.,0.,1.));
#4649 = DIRECTION('',(0.955805440765,-0.293999930958,0.));
#4650 = AXIS1_PLACEMENT('',#4651,#4652);
#4651 = CARTESIAN_POINT('',(0.,0.,0.));
#4652 = DIRECTION('',(1.,0.,0.));
#4653 = DEFINITIONAL_REPRESENTATION('',(#4654),#4657);
#4654 = B_SPLINE_CURVE_WITH_KNOTS('',1,(#4655,#4656),.UNSPECIFIED.,.F.,
  .F.,(2,2),(0.,6.28318530718),.PIECEWISE_BEZIER_KNOTS.);
#4655 = CARTESIAN_POINT('',(0.,1.553745276126E+03));
#4656 = CARTESIAN_POINT('',(6.28318530718,1.553745276126E+03));
#4657 = ( GEOMETRIC_REPRESENTATION_CONTEXT(2) 
PARAMETRIC_REPRESENTATION_CONTEXT() REPRESENTATION_CONTEXT('2D SPACE',''
  ) );
#4658 = ORIENTED_EDGE('',*,*,#4606,.F.);
#4659 = ADVANCED_FACE('',(#4660),#4566,.T.);
#4660 = FACE_BOUND('',#4661,.F.);
#4661 = EDGE_LOOP('',(#4662,#4663,#4686,#4713));
#4662 = ORIENTED_EDGE('',*,*,#4550,.T.);
#4663 = ORIENTED_EDGE('',*,*,#4664,.T.);
#4664 = EDGE_CURVE('',#4551,#4665,#4667,.T.);
#4665 = VERTEX_POINT('',#4666);
#4666 = CARTESIAN_POINT('',(1.75672736346E+03,1.006209209429E+03,0.));
#4667 = SEAM_CURVE('',#4668,(#4672,#4679),.PCURVE_S1.);
#4668 = LINE('',#4669,#4670);
#4669 = CARTESIAN_POINT('',(1.76737736346E+03,965.12979069112,0.));
#4670 = VECTOR('',#4671,1.);
#4671 = DIRECTION('',(-0.250957308414,0.967998155656,0.));
#4672 = PCURVE('',#4566,#4673);
#4673 = DEFINITIONAL_REPRESENTATION('',(#4674),#4678);
#4674 = LINE('',#4675,#4676);
#4675 = CARTESIAN_POINT('',(-0.,0.));
#4676 = VECTOR('',#4677,1.);
#4677 = DIRECTION('',(-0.,1.));
#4678 = ( GEOMETRIC_REPRESENTATION_CONTEXT(2) 
PARAMETRIC_REPRESENTATION_CONTEXT() REPRESENTATION_CONTEXT('2D SPACE',''
  ) );
#4679 = PCURVE('',#4566,#4680);
#4680 = DEFINITIONAL_REPRESENTATION('',(#4681),#4685);
#4681 = LINE('',#4682,#4683);
#4682 = CARTESIAN_POINT('',(-6.28318530718,0.));
#4683 = VECTOR('',#4684,1.);
#4684 = DIRECTION('',(-0.,1.));
#4685 = ( GEOMETRIC_REPRESENTATION_CONTEXT(2) 
PARAMETRIC_REPRESENTATION_CONTEXT() REPRESENTATION_CONTEXT('2D SPACE',''
  ) );
#4686 = ORIENTED_EDGE('',*,*,#4687,.F.);
#4687 = EDGE_CURVE('',#4665,#4665,#4688,.T.);
#4688 = SURFACE_CURVE('',#4689,(#4694,#4701),.PCURVE_S1.);
#4689 = CIRCLE('',#4690,1.006209209429E+03);
#4690 = AXIS2_PLACEMENT_3D('',#4691,#4692,#4693);
#4691 = CARTESIAN_POINT('',(1.75672736346E+03,0.,0.));
#4692 = DIRECTION('',(1.,0.,0.));
#4693 = DIRECTION('',(0.,1.,0.));
#4694 = PCURVE('',#4566,#4695);
#4695 = DEFINITIONAL_REPRESENTATION('',(#4696),#4700);
#4696 = LINE('',#4697,#4698);
#4697 = CARTESIAN_POINT('',(-0.,10.650000000004));
#4698 = VECTOR('',#4699,1.);
#4699 = DIRECTION('',(-1.,0.));
#4700 = ( GEOMETRIC_REPRESENTATION_CONTEXT(2) 
PARAMETRIC_REPRESENTATION_CONTEXT() REPRESENTATION_CONTEXT('2D SPACE',''
  ) );
#4701 = PCURVE('',#4702,#4707);
#4702 = CYLINDRICAL_SURFACE('',#4703,1.006209209429E+03);
#4703 = AXIS2_PLACEMENT_3D('',#4704,#4705,#4706);
#4704 = CARTESIAN_POINT('',(1.75672736346E+03,0.,0.));
#4705 = DIRECTION('',(-1.,-0.,-0.));
#4706 = DIRECTION('',(0.,1.,0.));
#4707 = DEFINITIONAL_REPRESENTATION('',(#4708),#4712);
#4708 = LINE('',#4709,#4710);
#4709 = CARTESIAN_POINT('',(-0.,0.));
#4710 = VECTOR('',#4711,1.);
#4711 = DIRECTION('',(-1.,0.));
#4712 = ( GEOMETRIC_REPRESENTATION_CONTEXT(2) 
PARAMETRIC_REPRESENTATION_CONTEXT() REPRESENTATION_CONTEXT('2D SPACE',''
  ) );
#4713 = ORIENTED_EDGE('',*,*,#4664,.F.);
#4714 = ADVANCED_FACE('',(#4715),#4644,.T.);
#4715 = FACE_BOUND('',#4716,.T.);
#4716 = EDGE_LOOP('',(#4717,#4718,#4742,#4768));
#4717 = ORIENTED_EDGE('',*,*,#4629,.T.);
#4718 = ORIENTED_EDGE('',*,*,#4719,.T.);
#4719 = EDGE_CURVE('',#4607,#4720,#4722,.T.);
#4720 = VERTEX_POINT('',#4721);
#4721 = CARTESIAN_POINT('',(1.124337959907E+03,776.15828316805,0.));
#4722 = SEAM_CURVE('',#4723,(#4728,#4735),.PCURVE_S1.);
#4723 = PARABOLA('',#4724,624.15162335224);
#4724 = AXIS2_PLACEMENT_3D('',#4725,#4726,#4727);
#4725 = CARTESIAN_POINT('',(-486.6514777656,-510.045497427,0.));
#4726 = DIRECTION('',(-0.,0.,1.));
#4727 = DIRECTION('',(0.955805440765,-0.293999930958,0.));
#4728 = PCURVE('',#4644,#4729);
#4729 = DEFINITIONAL_REPRESENTATION('',(#4730),#4734);
#4730 = LINE('',#4731,#4732);
#4731 = CARTESIAN_POINT('',(0.,0.));
#4732 = VECTOR('',#4733,1.);
#4733 = DIRECTION('',(0.,1.));
#4734 = ( GEOMETRIC_REPRESENTATION_CONTEXT(2) 
PARAMETRIC_REPRESENTATION_CONTEXT() REPRESENTATION_CONTEXT('2D SPACE',''
  ) );
#4735 = PCURVE('',#4644,#4736);
#4736 = DEFINITIONAL_REPRESENTATION('',(#4737),#4741);
#4737 = LINE('',#4738,#4739);
#4738 = CARTESIAN_POINT('',(6.28318530718,0.));
#4739 = VECTOR('',#4740,1.);
#4740 = DIRECTION('',(0.,1.));
#4741 = ( GEOMETRIC_REPRESENTATION_CONTEXT(2) 
PARAMETRIC_REPRESENTATION_CONTEXT() REPRESENTATION_CONTEXT('2D SPACE',''
  ) );
#4742 = ORIENTED_EDGE('',*,*,#4743,.F.);
#4743 = EDGE_CURVE('',#4720,#4720,#4744,.T.);
#4744 = SURFACE_CURVE('',#4745,(#4750,#4756),.PCURVE_S1.);
#4745 = CIRCLE('',#4746,776.15828316805);
#4746 = AXIS2_PLACEMENT_3D('',#4747,#4748,#4749);
#4747 = CARTESIAN_POINT('',(1.124337959907E+03,0.,0.));
#4748 = DIRECTION('',(1.,0.,0.));
#4749 = DIRECTION('',(0.,1.,0.));
#4750 = PCURVE('',#4644,#4751);
#4751 = DEFINITIONAL_REPRESENTATION('',(#4752),#4755);
#4752 = B_SPLINE_CURVE_WITH_KNOTS('',1,(#4753,#4754),.UNSPECIFIED.,.F.,
  .F.,(2,2),(0.,6.28318530718),.PIECEWISE_BEZIER_KNOTS.);
#4753 = CARTESIAN_POINT('',(0.,1.702991354876E+03));
#4754 = CARTESIAN_POINT('',(6.28318530718,1.702991354876E+03));
#4755 = ( GEOMETRIC_REPRESENTATION_CONTEXT(2) 
PARAMETRIC_REPRESENTATION_CONTEXT() REPRESENTATION_CONTEXT('2D SPACE',''
  ) );
#4756 = PCURVE('',#4757,#4762);
#4757 = CONICAL_SURFACE('',#4758,835.64081188289,1.301934595567);
#4758 = AXIS2_PLACEMENT_3D('',#4759,#4760,#4761);
#4759 = CARTESIAN_POINT('',(1.14072736346E+03,0.,0.));
#4760 = DIRECTION('',(1.,0.,0.));
#4761 = DIRECTION('',(0.,1.,0.));
#4762 = DEFINITIONAL_REPRESENTATION('',(#4763),#4767);
#4763 = LINE('',#4764,#4765);
#4764 = CARTESIAN_POINT('',(0.,-16.38940355364));
#4765 = VECTOR('',#4766,1.);
#4766 = DIRECTION('',(1.,-0.));
#4767 = ( GEOMETRIC_REPRESENTATION_CONTEXT(2) 
PARAMETRIC_REPRESENTATION_CONTEXT() REPRESENTATION_CONTEXT('2D SPACE',''
  ) );
#4768 = ORIENTED_EDGE('',*,*,#4719,.F.);
#4769 = ADVANCED_FACE('',(#4770),#4702,.T.);
#4770 = FACE_BOUND('',#4771,.F.);
#4771 = EDGE_LOOP('',(#4772,#4773,#4796,#4823));
#4772 = ORIENTED_EDGE('',*,*,#4687,.T.);
#4773 = ORIENTED_EDGE('',*,*,#4774,.T.);
#4774 = EDGE_CURVE('',#4665,#4775,#4777,.T.);
#4775 = VERTEX_POINT('',#4776);
#4776 = CARTESIAN_POINT('',(1.72272736346E+03,1.006209209429E+03,0.));
#4777 = SEAM_CURVE('',#4778,(#4782,#4789),.PCURVE_S1.);
#4778 = LINE('',#4779,#4780);
#4779 = CARTESIAN_POINT('',(1.75672736346E+03,1.006209209429E+03,0.));
#4780 = VECTOR('',#4781,1.);
#4781 = DIRECTION('',(-1.,0.,0.));
#4782 = PCURVE('',#4702,#4783);
#4783 = DEFINITIONAL_REPRESENTATION('',(#4784),#4788);
#4784 = LINE('',#4785,#4786);
#4785 = CARTESIAN_POINT('',(-0.,0.));
#4786 = VECTOR('',#4787,1.);
#4787 = DIRECTION('',(-0.,1.));
#4788 = ( GEOMETRIC_REPRESENTATION_CONTEXT(2) 
PARAMETRIC_REPRESENTATION_CONTEXT() REPRESENTATION_CONTEXT('2D SPACE',''
  ) );
#4789 = PCURVE('',#4702,#4790);
#4790 = DEFINITIONAL_REPRESENTATION('',(#4791),#4795);
#4791 = LINE('',#4792,#4793);
#4792 = CARTESIAN_POINT('',(-6.28318530718,0.));
#4793 = VECTOR('',#4794,1.);
#4794 = DIRECTION('',(-0.,1.));
#4795 = ( GEOMETRIC_REPRESENTATION_CONTEXT(2) 
PARAMETRIC_REPRESENTATION_CONTEXT() REPRESENTATION_CONTEXT('2D SPACE',''
  ) );
#4796 = ORIENTED_EDGE('',*,*,#4797,.F.);
#4797 = EDGE_CURVE('',#4775,#4775,#4798,.T.);
#4798 = SURFACE_CURVE('',#4799,(#4804,#4811),.PCURVE_S1.);
#4799 = CIRCLE('',#4800,1.006209209429E+03);
#4800 = AXIS2_PLACEMENT_3D('',#4801,#4802,#4803);
#4801 = CARTESIAN_POINT('',(1.72272736346E+03,0.,0.));
#4802 = DIRECTION('',(1.,0.,0.));
#4803 = DIRECTION('',(0.,1.,0.));
#4804 = PCURVE('',#4702,#4805);
#4805 = DEFINITIONAL_REPRESENTATION('',(#4806),#4810);
#4806 = LINE('',#4807,#4808);
#4807 = CARTESIAN_POINT('',(-0.,34.));
#4808 = VECTOR('',#4809,1.);
#4809 = DIRECTION('',(-1.,0.));
#4810 = ( GEOMETRIC_REPRESENTATION_CONTEXT(2) 
PARAMETRIC_REPRESENTATION_CONTEXT() REPRESENTATION_CONTEXT('2D SPACE',''
  ) );
#4811 = PCURVE('',#4812,#4817);
#4812 = CONICAL_SURFACE('',#4813,1.006209209429E+03,1.317127241382);
#4813 = AXIS2_PLACEMENT_3D('',#4814,#4815,#4816);
#4814 = CARTESIAN_POINT('',(1.72272736346E+03,0.,0.));
#4815 = DIRECTION('',(1.,0.,0.));
#4816 = DIRECTION('',(0.,1.,0.));
#4817 = DEFINITIONAL_REPRESENTATION('',(#4818),#4822);
#4818 = LINE('',#4819,#4820);
#4819 = CARTESIAN_POINT('',(0.,-0.));
#4820 = VECTOR('',#4821,1.);
#4821 = DIRECTION('',(1.,-0.));
#4822 = ( GEOMETRIC_REPRESENTATION_CONTEXT(2) 
PARAMETRIC_REPRESENTATION_CONTEXT() REPRESENTATION_CONTEXT('2D SPACE',''
  ) );
#4823 = ORIENTED_EDGE('',*,*,#4774,.F.);
#4824 = ADVANCED_FACE('',(#4825),#4757,.T.);
#4825 = FACE_BOUND('',#4826,.F.);
#4826 = EDGE_LOOP('',(#4827,#4856,#4877,#4878));
#4827 = ORIENTED_EDGE('',*,*,#4828,.T.);
#4828 = EDGE_CURVE('',#4829,#4829,#4831,.T.);
#4829 = VERTEX_POINT('',#4830);
#4830 = CARTESIAN_POINT('',(1.14072736346E+03,835.64081188289,0.));
#4831 = SURFACE_CURVE('',#4832,(#4837,#4844),.PCURVE_S1.);
#4832 = CIRCLE('',#4833,835.64081188289);
#4833 = AXIS2_PLACEMENT_3D('',#4834,#4835,#4836);
#4834 = CARTESIAN_POINT('',(1.14072736346E+03,0.,0.));
#4835 = DIRECTION('',(1.,0.,0.));
#4836 = DIRECTION('',(0.,1.,0.));
#4837 = PCURVE('',#4757,#4838);
#4838 = DEFINITIONAL_REPRESENTATION('',(#4839),#4843);
#4839 = LINE('',#4840,#4841);
#4840 = CARTESIAN_POINT('',(0.,-0.));
#4841 = VECTOR('',#4842,1.);
#4842 = DIRECTION('',(1.,-0.));
#4843 = ( GEOMETRIC_REPRESENTATION_CONTEXT(2) 
PARAMETRIC_REPRESENTATION_CONTEXT() REPRESENTATION_CONTEXT('2D SPACE',''
  ) );
#4844 = PCURVE('',#4845,#4850);
#4845 = CYLINDRICAL_SURFACE('',#4846,835.64081188289);
#4846 = AXIS2_PLACEMENT_3D('',#4847,#4848,#4849);
#4847 = CARTESIAN_POINT('',(1.17472736346E+03,0.,0.));
#4848 = DIRECTION('',(-1.,-0.,-0.));
#4849 = DIRECTION('',(0.,1.,0.));
#4850 = DEFINITIONAL_REPRESENTATION('',(#4851),#4855);
#4851 = LINE('',#4852,#4853);
#4852 = CARTESIAN_POINT('',(-0.,34.));
#4853 = VECTOR('',#4854,1.);
#4854 = DIRECTION('',(-1.,0.));
#4855 = ( GEOMETRIC_REPRESENTATION_CONTEXT(2) 
PARAMETRIC_REPRESENTATION_CONTEXT() REPRESENTATION_CONTEXT('2D SPACE',''
  ) );
#4856 = ORIENTED_EDGE('',*,*,#4857,.T.);
#4857 = EDGE_CURVE('',#4829,#4720,#4858,.T.);
#4858 = SEAM_CURVE('',#4859,(#4863,#4870),.PCURVE_S1.);
#4859 = LINE('',#4860,#4861);
#4860 = CARTESIAN_POINT('',(1.14072736346E+03,835.64081188289,0.));
#4861 = VECTOR('',#4862,1.);
#4862 = DIRECTION('',(-0.265634233815,-0.964073884008,0.));
#4863 = PCURVE('',#4757,#4864);
#4864 = DEFINITIONAL_REPRESENTATION('',(#4865),#4869);
#4865 = LINE('',#4866,#4867);
#4866 = CARTESIAN_POINT('',(0.,-0.));
#4867 = VECTOR('',#4868,1.);
#4868 = DIRECTION('',(0.,-1.));
#4869 = ( GEOMETRIC_REPRESENTATION_CONTEXT(2) 
PARAMETRIC_REPRESENTATION_CONTEXT() REPRESENTATION_CONTEXT('2D SPACE',''
  ) );
#4870 = PCURVE('',#4757,#4871);
#4871 = DEFINITIONAL_REPRESENTATION('',(#4872),#4876);
#4872 = LINE('',#4873,#4874);
#4873 = CARTESIAN_POINT('',(6.28318530718,-0.));
#4874 = VECTOR('',#4875,1.);
#4875 = DIRECTION('',(0.,-1.));
#4876 = ( GEOMETRIC_REPRESENTATION_CONTEXT(2) 
PARAMETRIC_REPRESENTATION_CONTEXT() REPRESENTATION_CONTEXT('2D SPACE',''
  ) );
#4877 = ORIENTED_EDGE('',*,*,#4743,.F.);
#4878 = ORIENTED_EDGE('',*,*,#4857,.F.);
#4879 = ADVANCED_FACE('',(#4880),#4812,.T.);
#4880 = FACE_BOUND('',#4881,.F.);
#4881 = EDGE_LOOP('',(#4882,#4883,#4906,#4936));
#4882 = ORIENTED_EDGE('',*,*,#4797,.T.);
#4883 = ORIENTED_EDGE('',*,*,#4884,.T.);
#4884 = EDGE_CURVE('',#4775,#4885,#4887,.T.);
#4885 = VERTEX_POINT('',#4886);
#4886 = CARTESIAN_POINT('',(1.708208269681E+03,950.20583543518,0.));
#4887 = SEAM_CURVE('',#4888,(#4892,#4899),.PCURVE_S1.);
#4888 = LINE('',#4889,#4890);
#4889 = CARTESIAN_POINT('',(1.72272736346E+03,1.006209209429E+03,0.));
#4890 = VECTOR('',#4891,1.);
#4891 = DIRECTION('',(-0.250957308414,-0.967998155656,0.));
#4892 = PCURVE('',#4812,#4893);
#4893 = DEFINITIONAL_REPRESENTATION('',(#4894),#4898);
#4894 = LINE('',#4895,#4896);
#4895 = CARTESIAN_POINT('',(0.,-0.));
#4896 = VECTOR('',#4897,1.);
#4897 = DIRECTION('',(0.,-1.));
#4898 = ( GEOMETRIC_REPRESENTATION_CONTEXT(2) 
PARAMETRIC_REPRESENTATION_CONTEXT() REPRESENTATION_CONTEXT('2D SPACE',''
  ) );
#4899 = PCURVE('',#4812,#4900);
#4900 = DEFINITIONAL_REPRESENTATION('',(#4901),#4905);
#4901 = LINE('',#4902,#4903);
#4902 = CARTESIAN_POINT('',(6.28318530718,-0.));
#4903 = VECTOR('',#4904,1.);
#4904 = DIRECTION('',(0.,-1.));
#4905 = ( GEOMETRIC_REPRESENTATION_CONTEXT(2) 
PARAMETRIC_REPRESENTATION_CONTEXT() REPRESENTATION_CONTEXT('2D SPACE',''
  ) );
#4906 = ORIENTED_EDGE('',*,*,#4907,.F.);
#4907 = EDGE_CURVE('',#4885,#4885,#4908,.T.);
#4908 = SURFACE_CURVE('',#4909,(#4914,#4921),.PCURVE_S1.);
#4909 = CIRCLE('',#4910,950.20583543518);
#4910 = AXIS2_PLACEMENT_3D('',#4911,#4912,#4913);
#4911 = CARTESIAN_POINT('',(1.708208269681E+03,0.,0.));
#4912 = DIRECTION('',(1.,0.,0.));
#4913 = DIRECTION('',(0.,1.,0.));
#4914 = PCURVE('',#4812,#4915);
#4915 = DEFINITIONAL_REPRESENTATION('',(#4916),#4920);
#4916 = LINE('',#4917,#4918);
#4917 = CARTESIAN_POINT('',(0.,-14.51909377877));
#4918 = VECTOR('',#4919,1.);
#4919 = DIRECTION('',(1.,-0.));
#4920 = ( GEOMETRIC_REPRESENTATION_CONTEXT(2) 
PARAMETRIC_REPRESENTATION_CONTEXT() REPRESENTATION_CONTEXT('2D SPACE',''
  ) );
#4921 = PCURVE('',#4922,#4931);
#4922 = SURFACE_OF_REVOLUTION('',#4923,#4928);
#4923 = PARABOLA('',#4924,624.15162335224);
#4924 = AXIS2_PLACEMENT_3D('',#4925,#4926,#4927);
#4925 = CARTESIAN_POINT('',(-486.6514777656,-510.045497427,0.));
#4926 = DIRECTION('',(-0.,0.,1.));
#4927 = DIRECTION('',(0.955805440765,-0.293999930958,0.));
#4928 = AXIS1_PLACEMENT('',#4929,#4930);
#4929 = CARTESIAN_POINT('',(0.,0.,0.));
#4930 = DIRECTION('',(1.,0.,0.));
#4931 = DEFINITIONAL_REPRESENTATION('',(#4932),#4935);
#4932 = B_SPLINE_CURVE_WITH_KNOTS('',1,(#4933,#4934),.UNSPECIFIED.,.F.,
  .F.,(2,2),(0.,6.28318530718),.PIECEWISE_BEZIER_KNOTS.);
#4933 = CARTESIAN_POINT('',(0.,2.041004783047E+03));
#4934 = CARTESIAN_POINT('',(6.28318530718,2.041004783047E+03));
#4935 = ( GEOMETRIC_REPRESENTATION_CONTEXT(2) 
PARAMETRIC_REPRESENTATION_CONTEXT() REPRESENTATION_CONTEXT('2D SPACE',''
  ) );
#4936 = ORIENTED_EDGE('',*,*,#4884,.F.);
#4937 = ADVANCED_FACE('',(#4938),#4845,.T.);
#4938 = FACE_BOUND('',#4939,.F.);
#4939 = EDGE_LOOP('',(#4940,#4969,#4990,#4991));
#4940 = ORIENTED_EDGE('',*,*,#4941,.T.);
#4941 = EDGE_CURVE('',#4942,#4942,#4944,.T.);
#4942 = VERTEX_POINT('',#4943);
#4943 = CARTESIAN_POINT('',(1.17472736346E+03,835.64081188289,0.));
#4944 = SURFACE_CURVE('',#4945,(#4950,#4957),.PCURVE_S1.);
#4945 = CIRCLE('',#4946,835.64081188289);
#4946 = AXIS2_PLACEMENT_3D('',#4947,#4948,#4949);
#4947 = CARTESIAN_POINT('',(1.17472736346E+03,0.,0.));
#4948 = DIRECTION('',(1.,0.,0.));
#4949 = DIRECTION('',(0.,1.,0.));
#4950 = PCURVE('',#4845,#4951);
#4951 = DEFINITIONAL_REPRESENTATION('',(#4952),#4956);
#4952 = LINE('',#4953,#4954);
#4953 = CARTESIAN_POINT('',(-0.,0.));
#4954 = VECTOR('',#4955,1.);
#4955 = DIRECTION('',(-1.,0.));
#4956 = ( GEOMETRIC_REPRESENTATION_CONTEXT(2) 
PARAMETRIC_REPRESENTATION_CONTEXT() REPRESENTATION_CONTEXT('2D SPACE',''
  ) );
#4957 = PCURVE('',#4958,#4963);
#4958 = CONICAL_SURFACE('',#4959,796.98846381301,1.301934595567);
#4959 = AXIS2_PLACEMENT_3D('',#4960,#4961,#4962);
#4960 = CARTESIAN_POINT('',(1.18537736346E+03,0.,0.));
#4961 = DIRECTION('',(-1.,-0.,-0.));
#4962 = DIRECTION('',(0.,1.,0.));
#4963 = DEFINITIONAL_REPRESENTATION('',(#4964),#4968);
#4964 = LINE('',#4965,#4966);
#4965 = CARTESIAN_POINT('',(-0.,10.650000000002));
#4966 = VECTOR('',#4967,1.);
#4967 = DIRECTION('',(-1.,0.));
#4968 = ( GEOMETRIC_REPRESENTATION_CONTEXT(2) 
PARAMETRIC_REPRESENTATION_CONTEXT() REPRESENTATION_CONTEXT('2D SPACE',''
  ) );
#4969 = ORIENTED_EDGE('',*,*,#4970,.T.);
#4970 = EDGE_CURVE('',#4942,#4829,#4971,.T.);
#4971 = SEAM_CURVE('',#4972,(#4976,#4983),.PCURVE_S1.);
#4972 = LINE('',#4973,#4974);
#4973 = CARTESIAN_POINT('',(1.17472736346E+03,835.64081188289,0.));
#4974 = VECTOR('',#4975,1.);
#4975 = DIRECTION('',(-1.,0.,0.));
#4976 = PCURVE('',#4845,#4977);
#4977 = DEFINITIONAL_REPRESENTATION('',(#4978),#4982);
#4978 = LINE('',#4979,#4980);
#4979 = CARTESIAN_POINT('',(-0.,0.));
#4980 = VECTOR('',#4981,1.);
#4981 = DIRECTION('',(-0.,1.));
#4982 = ( GEOMETRIC_REPRESENTATION_CONTEXT(2) 
PARAMETRIC_REPRESENTATION_CONTEXT() REPRESENTATION_CONTEXT('2D SPACE',''
  ) );
#4983 = PCURVE('',#4845,#4984);
#4984 = DEFINITIONAL_REPRESENTATION('',(#4985),#4989);
#4985 = LINE('',#4986,#4987);
#4986 = CARTESIAN_POINT('',(-6.28318530718,0.));
#4987 = VECTOR('',#4988,1.);
#4988 = DIRECTION('',(-0.,1.));
#4989 = ( GEOMETRIC_REPRESENTATION_CONTEXT(2) 
PARAMETRIC_REPRESENTATION_CONTEXT() REPRESENTATION_CONTEXT('2D SPACE',''
  ) );
#4990 = ORIENTED_EDGE('',*,*,#4828,.F.);
#4991 = ORIENTED_EDGE('',*,*,#4970,.F.);
#4992 = ADVANCED_FACE('',(#4993),#4922,.T.);
#4993 = FACE_BOUND('',#4994,.T.);
#4994 = EDGE_LOOP('',(#4995,#5023,#5045,#5046));
#4995 = ORIENTED_EDGE('',*,*,#4996,.T.);
#4996 = EDGE_CURVE('',#4997,#4997,#4999,.T.);
#4997 = VERTEX_POINT('',#4998);
#4998 = CARTESIAN_POINT('',(1.47637736346E+03,887.33681528583,0.));
#4999 = SURFACE_CURVE('',#5000,(#5005,#5011),.PCURVE_S1.);
#5000 = CIRCLE('',#5001,887.33681528583);
#5001 = AXIS2_PLACEMENT_3D('',#5002,#5003,#5004);
#5002 = CARTESIAN_POINT('',(1.47637736346E+03,0.,0.));
#5003 = DIRECTION('',(1.,0.,0.));
#5004 = DIRECTION('',(0.,1.,0.));
#5005 = PCURVE('',#4922,#5006);
#5006 = DEFINITIONAL_REPRESENTATION('',(#5007),#5010);
#5007 = B_SPLINE_CURVE_WITH_KNOTS('',1,(#5008,#5009),.UNSPECIFIED.,.F.,
  .F.,(2,2),(0.,6.28318530718),.PIECEWISE_BEZIER_KNOTS.);
#5008 = CARTESIAN_POINT('',(0.,1.91275596111E+03));
#5009 = CARTESIAN_POINT('',(6.28318530718,1.91275596111E+03));
#5010 = ( GEOMETRIC_REPRESENTATION_CONTEXT(2) 
PARAMETRIC_REPRESENTATION_CONTEXT() REPRESENTATION_CONTEXT('2D SPACE',''
  ) );
#5011 = PCURVE('',#5012,#5017);
#5012 = CONICAL_SURFACE('',#5013,887.33681528583,1.310572009058);
#5013 = AXIS2_PLACEMENT_3D('',#5014,#5015,#5016);
#5014 = CARTESIAN_POINT('',(1.47637736346E+03,0.,0.));
#5015 = DIRECTION('',(-1.,-0.,-0.));
#5016 = DIRECTION('',(0.,1.,0.));
#5017 = DEFINITIONAL_REPRESENTATION('',(#5018),#5022);
#5018 = LINE('',#5019,#5020);
#5019 = CARTESIAN_POINT('',(-0.,0.));
#5020 = VECTOR('',#5021,1.);
#5021 = DIRECTION('',(-1.,0.));
#5022 = ( GEOMETRIC_REPRESENTATION_CONTEXT(2) 
PARAMETRIC_REPRESENTATION_CONTEXT() REPRESENTATION_CONTEXT('2D SPACE',''
  ) );
#5023 = ORIENTED_EDGE('',*,*,#5024,.T.);
#5024 = EDGE_CURVE('',#4997,#4885,#5025,.T.);
#5025 = SEAM_CURVE('',#5026,(#5031,#5038),.PCURVE_S1.);
#5026 = PARABOLA('',#5027,624.15162335224);
#5027 = AXIS2_PLACEMENT_3D('',#5028,#5029,#5030);
#5028 = CARTESIAN_POINT('',(-486.6514777656,-510.045497427,0.));
#5029 = DIRECTION('',(-0.,0.,1.));
#5030 = DIRECTION('',(0.955805440765,-0.293999930958,0.));
#5031 = PCURVE('',#4922,#5032);
#5032 = DEFINITIONAL_REPRESENTATION('',(#5033),#5037);
#5033 = LINE('',#5034,#5035);
#5034 = CARTESIAN_POINT('',(0.,0.));
#5035 = VECTOR('',#5036,1.);
#5036 = DIRECTION('',(0.,1.));
#5037 = ( GEOMETRIC_REPRESENTATION_CONTEXT(2) 
PARAMETRIC_REPRESENTATION_CONTEXT() REPRESENTATION_CONTEXT('2D SPACE',''
  ) );
#5038 = PCURVE('',#4922,#5039);
#5039 = DEFINITIONAL_REPRESENTATION('',(#5040),#5044);
#5040 = LINE('',#5041,#5042);
#5041 = CARTESIAN_POINT('',(6.28318530718,0.));
#5042 = VECTOR('',#5043,1.);
#5043 = DIRECTION('',(0.,1.));
#5044 = ( GEOMETRIC_REPRESENTATION_CONTEXT(2) 
PARAMETRIC_REPRESENTATION_CONTEXT() REPRESENTATION_CONTEXT('2D SPACE',''
  ) );
#5045 = ORIENTED_EDGE('',*,*,#4907,.F.);
#5046 = ORIENTED_EDGE('',*,*,#5024,.F.);
#5047 = ADVANCED_FACE('',(#5048),#4958,.T.);
#5048 = FACE_BOUND('',#5049,.F.);
#5049 = EDGE_LOOP('',(#5050,#5082,#5103,#5104));
#5050 = ORIENTED_EDGE('',*,*,#5051,.T.);
#5051 = EDGE_CURVE('',#5052,#5052,#5054,.T.);
#5052 = VERTEX_POINT('',#5053);
#5053 = CARTESIAN_POINT('',(1.18537736346E+03,796.98846381301,0.));
#5054 = SURFACE_CURVE('',#5055,(#5060,#5067),.PCURVE_S1.);
#5055 = CIRCLE('',#5056,796.98846381301);
#5056 = AXIS2_PLACEMENT_3D('',#5057,#5058,#5059);
#5057 = CARTESIAN_POINT('',(1.18537736346E+03,0.,0.));
#5058 = DIRECTION('',(1.,0.,0.));
#5059 = DIRECTION('',(0.,1.,0.));
#5060 = PCURVE('',#4958,#5061);
#5061 = DEFINITIONAL_REPRESENTATION('',(#5062),#5066);
#5062 = LINE('',#5063,#5064);
#5063 = CARTESIAN_POINT('',(-0.,0.));
#5064 = VECTOR('',#5065,1.);
#5065 = DIRECTION('',(-1.,0.));
#5066 = ( GEOMETRIC_REPRESENTATION_CONTEXT(2) 
PARAMETRIC_REPRESENTATION_CONTEXT() REPRESENTATION_CONTEXT('2D SPACE',''
  ) );
#5067 = PCURVE('',#5068,#5077);
#5068 = SURFACE_OF_REVOLUTION('',#5069,#5074);
#5069 = PARABOLA('',#5070,624.15162335224);
#5070 = AXIS2_PLACEMENT_3D('',#5071,#5072,#5073);
#5071 = CARTESIAN_POINT('',(-486.6514777656,-510.045497427,0.));
#5072 = DIRECTION('',(-0.,0.,1.));
#5073 = DIRECTION('',(0.955805440765,-0.293999930958,0.));
#5074 = AXIS1_PLACEMENT('',#5075,#5076);
#5075 = CARTESIAN_POINT('',(0.,0.,0.));
#5076 = DIRECTION('',(1.,0.,0.));
#5077 = DEFINITIONAL_REPRESENTATION('',(#5078),#5081);
#5078 = B_SPLINE_CURVE_WITH_KNOTS('',1,(#5079,#5080),.UNSPECIFIED.,.F.,
  .F.,(2,2),(0.,6.28318530718),.PIECEWISE_BEZIER_KNOTS.);
#5079 = CARTESIAN_POINT('',(0.,1.740846535299E+03));
#5080 = CARTESIAN_POINT('',(6.28318530718,1.740846535299E+03));
#5081 = ( GEOMETRIC_REPRESENTATION_CONTEXT(2) 
PARAMETRIC_REPRESENTATION_CONTEXT() REPRESENTATION_CONTEXT('2D SPACE',''
  ) );
#5082 = ORIENTED_EDGE('',*,*,#5083,.T.);
#5083 = EDGE_CURVE('',#5052,#4942,#5084,.T.);
#5084 = SEAM_CURVE('',#5085,(#5089,#5096),.PCURVE_S1.);
#5085 = LINE('',#5086,#5087);
#5086 = CARTESIAN_POINT('',(1.18537736346E+03,796.98846381301,0.));
#5087 = VECTOR('',#5088,1.);
#5088 = DIRECTION('',(-0.265634233815,0.964073884008,0.));
#5089 = PCURVE('',#4958,#5090);
#5090 = DEFINITIONAL_REPRESENTATION('',(#5091),#5095);
#5091 = LINE('',#5092,#5093);
#5092 = CARTESIAN_POINT('',(-0.,0.));
#5093 = VECTOR('',#5094,1.);
#5094 = DIRECTION('',(-0.,1.));
#5095 = ( GEOMETRIC_REPRESENTATION_CONTEXT(2) 
PARAMETRIC_REPRESENTATION_CONTEXT() REPRESENTATION_CONTEXT('2D SPACE',''
  ) );
#5096 = PCURVE('',#4958,#5097);
#5097 = DEFINITIONAL_REPRESENTATION('',(#5098),#5102);
#5098 = LINE('',#5099,#5100);
#5099 = CARTESIAN_POINT('',(-6.28318530718,0.));
#5100 = VECTOR('',#5101,1.);
#5101 = DIRECTION('',(-0.,1.));
#5102 = ( GEOMETRIC_REPRESENTATION_CONTEXT(2) 
PARAMETRIC_REPRESENTATION_CONTEXT() REPRESENTATION_CONTEXT('2D SPACE',''
  ) );
#5103 = ORIENTED_EDGE('',*,*,#4941,.F.);
#5104 = ORIENTED_EDGE('',*,*,#5083,.F.);
#5105 = ADVANCED_FACE('',(#5106),#5012,.T.);
#5106 = FACE_BOUND('',#5107,.F.);
#5107 = EDGE_LOOP('',(#5108,#5109,#5132,#5159));
#5108 = ORIENTED_EDGE('',*,*,#4996,.T.);
#5109 = ORIENTED_EDGE('',*,*,#5110,.T.);
#5110 = EDGE_CURVE('',#4997,#5111,#5113,.T.);
#5111 = VERTEX_POINT('',#5112);
#5112 = CARTESIAN_POINT('',(1.46572736346E+03,927.33505037634,0.));
#5113 = SEAM_CURVE('',#5114,(#5118,#5125),.PCURVE_S1.);
#5114 = LINE('',#5115,#5116);
#5115 = CARTESIAN_POINT('',(1.47637736346E+03,887.33681528583,0.));
#5116 = VECTOR('',#5117,1.);
#5117 = DIRECTION('',(-0.257297323835,0.966332286094,0.));
#5118 = PCURVE('',#5012,#5119);
#5119 = DEFINITIONAL_REPRESENTATION('',(#5120),#5124);
#5120 = LINE('',#5121,#5122);
#5121 = CARTESIAN_POINT('',(-0.,0.));
#5122 = VECTOR('',#5123,1.);
#5123 = DIRECTION('',(-0.,1.));
#5124 = ( GEOMETRIC_REPRESENTATION_CONTEXT(2) 
PARAMETRIC_REPRESENTATION_CONTEXT() REPRESENTATION_CONTEXT('2D SPACE',''
  ) );
#5125 = PCURVE('',#5012,#5126);
#5126 = DEFINITIONAL_REPRESENTATION('',(#5127),#5131);
#5127 = LINE('',#5128,#5129);
#5128 = CARTESIAN_POINT('',(-6.28318530718,0.));
#5129 = VECTOR('',#5130,1.);
#5130 = DIRECTION('',(-0.,1.));
#5131 = ( GEOMETRIC_REPRESENTATION_CONTEXT(2) 
PARAMETRIC_REPRESENTATION_CONTEXT() REPRESENTATION_CONTEXT('2D SPACE',''
  ) );
#5132 = ORIENTED_EDGE('',*,*,#5133,.F.);
#5133 = EDGE_CURVE('',#5111,#5111,#5134,.T.);
#5134 = SURFACE_CURVE('',#5135,(#5140,#5147),.PCURVE_S1.);
#5135 = CIRCLE('',#5136,927.33505037634);
#5136 = AXIS2_PLACEMENT_3D('',#5137,#5138,#5139);
#5137 = CARTESIAN_POINT('',(1.46572736346E+03,0.,0.));
#5138 = DIRECTION('',(1.,0.,0.));
#5139 = DIRECTION('',(0.,1.,0.));
#5140 = PCURVE('',#5012,#5141);
#5141 = DEFINITIONAL_REPRESENTATION('',(#5142),#5146);
#5142 = LINE('',#5143,#5144);
#5143 = CARTESIAN_POINT('',(-0.,10.650000000001));
#5144 = VECTOR('',#5145,1.);
#5145 = DIRECTION('',(-1.,0.));
#5146 = ( GEOMETRIC_REPRESENTATION_CONTEXT(2) 
PARAMETRIC_REPRESENTATION_CONTEXT() REPRESENTATION_CONTEXT('2D SPACE',''
  ) );
#5147 = PCURVE('',#5148,#5153);
#5148 = CYLINDRICAL_SURFACE('',#5149,927.33505037634);
#5149 = AXIS2_PLACEMENT_3D('',#5150,#5151,#5152);
#5150 = CARTESIAN_POINT('',(1.46572736346E+03,0.,0.));
#5151 = DIRECTION('',(-1.,-0.,-0.));
#5152 = DIRECTION('',(0.,1.,0.));
#5153 = DEFINITIONAL_REPRESENTATION('',(#5154),#5158);
#5154 = LINE('',#5155,#5156);
#5155 = CARTESIAN_POINT('',(-0.,0.));
#5156 = VECTOR('',#5157,1.);
#5157 = DIRECTION('',(-1.,0.));
#5158 = ( GEOMETRIC_REPRESENTATION_CONTEXT(2) 
PARAMETRIC_REPRESENTATION_CONTEXT() REPRESENTATION_CONTEXT('2D SPACE',''
  ) );
#5159 = ORIENTED_EDGE('',*,*,#5110,.F.);
#5160 = ADVANCED_FACE('',(#5161),#5068,.T.);
#5161 = FACE_BOUND('',#5162,.T.);
#5162 = EDGE_LOOP('',(#5163,#5164,#5188,#5214));
#5163 = ORIENTED_EDGE('',*,*,#5051,.T.);
#5164 = ORIENTED_EDGE('',*,*,#5165,.T.);
#5165 = EDGE_CURVE('',#5052,#5166,#5168,.T.);
#5166 = VERTEX_POINT('',#5167);
#5167 = CARTESIAN_POINT('',(1.416418410041E+03,869.83917076449,0.));
#5168 = SEAM_CURVE('',#5169,(#5174,#5181),.PCURVE_S1.);
#5169 = PARABOLA('',#5170,624.15162335224);
#5170 = AXIS2_PLACEMENT_3D('',#5171,#5172,#5173);
#5171 = CARTESIAN_POINT('',(-486.6514777656,-510.045497427,0.));
#5172 = DIRECTION('',(-0.,0.,1.));
#5173 = DIRECTION('',(0.955805440765,-0.293999930958,0.));
#5174 = PCURVE('',#5068,#5175);
#5175 = DEFINITIONAL_REPRESENTATION('',(#5176),#5180);
#5176 = LINE('',#5177,#5178);
#5177 = CARTESIAN_POINT('',(0.,0.));
#5178 = VECTOR('',#5179,1.);
#5179 = DIRECTION('',(0.,1.));
#5180 = ( GEOMETRIC_REPRESENTATION_CONTEXT(2) 
PARAMETRIC_REPRESENTATION_CONTEXT() REPRESENTATION_CONTEXT('2D SPACE',''
  ) );
#5181 = PCURVE('',#5068,#5182);
#5182 = DEFINITIONAL_REPRESENTATION('',(#5183),#5187);
#5183 = LINE('',#5184,#5185);
#5184 = CARTESIAN_POINT('',(6.28318530718,0.));
#5185 = VECTOR('',#5186,1.);
#5186 = DIRECTION('',(0.,1.));
#5187 = ( GEOMETRIC_REPRESENTATION_CONTEXT(2) 
PARAMETRIC_REPRESENTATION_CONTEXT() REPRESENTATION_CONTEXT('2D SPACE',''
  ) );
#5188 = ORIENTED_EDGE('',*,*,#5189,.F.);
#5189 = EDGE_CURVE('',#5166,#5166,#5190,.T.);
#5190 = SURFACE_CURVE('',#5191,(#5196,#5202),.PCURVE_S1.);
#5191 = CIRCLE('',#5192,869.83917076449);
#5192 = AXIS2_PLACEMENT_3D('',#5193,#5194,#5195);
#5193 = CARTESIAN_POINT('',(1.416418410041E+03,0.,0.));
#5194 = DIRECTION('',(1.,0.,0.));
#5195 = DIRECTION('',(0.,1.,0.));
#5196 = PCURVE('',#5068,#5197);
#5197 = DEFINITIONAL_REPRESENTATION('',(#5198),#5201);
#5198 = B_SPLINE_CURVE_WITH_KNOTS('',1,(#5199,#5200),.UNSPECIFIED.,.F.,
  .F.,(2,2),(0.,6.28318530718),.PIECEWISE_BEZIER_KNOTS.);
#5199 = CARTESIAN_POINT('',(0.,1.87840368911E+03));
#5200 = CARTESIAN_POINT('',(6.28318530718,1.87840368911E+03));
#5201 = ( GEOMETRIC_REPRESENTATION_CONTEXT(2) 
PARAMETRIC_REPRESENTATION_CONTEXT() REPRESENTATION_CONTEXT('2D SPACE',''
  ) );
#5202 = PCURVE('',#5203,#5208);
#5203 = CONICAL_SURFACE('',#5204,927.33505037634,1.310572009058);
#5204 = AXIS2_PLACEMENT_3D('',#5205,#5206,#5207);
#5205 = CARTESIAN_POINT('',(1.43172736346E+03,0.,0.));
#5206 = DIRECTION('',(1.,0.,0.));
#5207 = DIRECTION('',(0.,1.,0.));
#5208 = DEFINITIONAL_REPRESENTATION('',(#5209),#5213);
#5209 = LINE('',#5210,#5211);
#5210 = CARTESIAN_POINT('',(0.,-15.30895341959));
#5211 = VECTOR('',#5212,1.);
#5212 = DIRECTION('',(1.,-0.));
#5213 = ( GEOMETRIC_REPRESENTATION_CONTEXT(2) 
PARAMETRIC_REPRESENTATION_CONTEXT() REPRESENTATION_CONTEXT('2D SPACE',''
  ) );
#5214 = ORIENTED_EDGE('',*,*,#5165,.F.);
#5215 = ADVANCED_FACE('',(#5216),#5148,.T.);
#5216 = FACE_BOUND('',#5217,.F.);
#5217 = EDGE_LOOP('',(#5218,#5219,#5242,#5264));
#5218 = ORIENTED_EDGE('',*,*,#5133,.T.);
#5219 = ORIENTED_EDGE('',*,*,#5220,.T.);
#5220 = EDGE_CURVE('',#5111,#5221,#5223,.T.);
#5221 = VERTEX_POINT('',#5222);
#5222 = CARTESIAN_POINT('',(1.43172736346E+03,927.33505037634,0.));
#5223 = SEAM_CURVE('',#5224,(#5228,#5235),.PCURVE_S1.);
#5224 = LINE('',#5225,#5226);
#5225 = CARTESIAN_POINT('',(1.46572736346E+03,927.33505037634,0.));
#5226 = VECTOR('',#5227,1.);
#5227 = DIRECTION('',(-1.,0.,0.));
#5228 = PCURVE('',#5148,#5229);
#5229 = DEFINITIONAL_REPRESENTATION('',(#5230),#5234);
#5230 = LINE('',#5231,#5232);
#5231 = CARTESIAN_POINT('',(-0.,0.));
#5232 = VECTOR('',#5233,1.);
#5233 = DIRECTION('',(-0.,1.));
#5234 = ( GEOMETRIC_REPRESENTATION_CONTEXT(2) 
PARAMETRIC_REPRESENTATION_CONTEXT() REPRESENTATION_CONTEXT('2D SPACE',''
  ) );
#5235 = PCURVE('',#5148,#5236);
#5236 = DEFINITIONAL_REPRESENTATION('',(#5237),#5241);
#5237 = LINE('',#5238,#5239);
#5238 = CARTESIAN_POINT('',(-6.28318530718,0.));
#5239 = VECTOR('',#5240,1.);
#5240 = DIRECTION('',(-0.,1.));
#5241 = ( GEOMETRIC_REPRESENTATION_CONTEXT(2) 
PARAMETRIC_REPRESENTATION_CONTEXT() REPRESENTATION_CONTEXT('2D SPACE',''
  ) );
#5242 = ORIENTED_EDGE('',*,*,#5243,.F.);
#5243 = EDGE_CURVE('',#5221,#5221,#5244,.T.);
#5244 = SURFACE_CURVE('',#5245,(#5250,#5257),.PCURVE_S1.);
#5245 = CIRCLE('',#5246,927.33505037634);
#5246 = AXIS2_PLACEMENT_3D('',#5247,#5248,#5249);
#5247 = CARTESIAN_POINT('',(1.43172736346E+03,0.,0.));
#5248 = DIRECTION('',(1.,0.,0.));
#5249 = DIRECTION('',(0.,1.,0.));
#5250 = PCURVE('',#5148,#5251);
#5251 = DEFINITIONAL_REPRESENTATION('',(#5252),#5256);
#5252 = LINE('',#5253,#5254);
#5253 = CARTESIAN_POINT('',(-0.,34.));
#5254 = VECTOR('',#5255,1.);
#5255 = DIRECTION('',(-1.,0.));
#5256 = ( GEOMETRIC_REPRESENTATION_CONTEXT(2) 
PARAMETRIC_REPRESENTATION_CONTEXT() REPRESENTATION_CONTEXT('2D SPACE',''
  ) );
#5257 = PCURVE('',#5203,#5258);
#5258 = DEFINITIONAL_REPRESENTATION('',(#5259),#5263);
#5259 = LINE('',#5260,#5261);
#5260 = CARTESIAN_POINT('',(0.,-0.));
#5261 = VECTOR('',#5262,1.);
#5262 = DIRECTION('',(1.,-0.));
#5263 = ( GEOMETRIC_REPRESENTATION_CONTEXT(2) 
PARAMETRIC_REPRESENTATION_CONTEXT() REPRESENTATION_CONTEXT('2D SPACE',''
  ) );
#5264 = ORIENTED_EDGE('',*,*,#5220,.F.);
#5265 = ADVANCED_FACE('',(#5266),#5203,.T.);
#5266 = FACE_BOUND('',#5267,.F.);
#5267 = EDGE_LOOP('',(#5268,#5269,#5290,#5291));
#5268 = ORIENTED_EDGE('',*,*,#5243,.T.);
#5269 = ORIENTED_EDGE('',*,*,#5270,.T.);
#5270 = EDGE_CURVE('',#5221,#5166,#5271,.T.);
#5271 = SEAM_CURVE('',#5272,(#5276,#5283),.PCURVE_S1.);
#5272 = LINE('',#5273,#5274);
#5273 = CARTESIAN_POINT('',(1.43172736346E+03,927.33505037634,0.));
#5274 = VECTOR('',#5275,1.);
#5275 = DIRECTION('',(-0.257297323835,-0.966332286094,0.));
#5276 = PCURVE('',#5203,#5277);
#5277 = DEFINITIONAL_REPRESENTATION('',(#5278),#5282);
#5278 = LINE('',#5279,#5280);
#5279 = CARTESIAN_POINT('',(0.,-0.));
#5280 = VECTOR('',#5281,1.);
#5281 = DIRECTION('',(0.,-1.));
#5282 = ( GEOMETRIC_REPRESENTATION_CONTEXT(2) 
PARAMETRIC_REPRESENTATION_CONTEXT() REPRESENTATION_CONTEXT('2D SPACE',''
  ) );
#5283 = PCURVE('',#5203,#5284);
#5284 = DEFINITIONAL_REPRESENTATION('',(#5285),#5289);
#5285 = LINE('',#5286,#5287);
#5286 = CARTESIAN_POINT('',(6.28318530718,-0.));
#5287 = VECTOR('',#5288,1.);
#5288 = DIRECTION('',(0.,-1.));
#5289 = ( GEOMETRIC_REPRESENTATION_CONTEXT(2) 
PARAMETRIC_REPRESENTATION_CONTEXT() REPRESENTATION_CONTEXT('2D SPACE',''
  ) );
#5290 = ORIENTED_EDGE('',*,*,#5189,.F.);
#5291 = ORIENTED_EDGE('',*,*,#5270,.F.);
#5292 = ( GEOMETRIC_REPRESENTATION_CONTEXT(3) 
GLOBAL_UNCERTAINTY_ASSIGNED_CONTEXT((#5296)) 
GLOBAL_UNIT_ASSIGNED_CONTEXT((#5293,#5294,#5295)) REPRESENTATION_CONTEXT
('Context #1','3D Context with UNIT and UNCERTAINTY') );
#5293 = ( LENGTH_UNIT() NAMED_UNIT(*) SI_UNIT(.MILLI.,.METRE.) );
#5294 = ( NAMED_UNIT(*) PLANE_ANGLE_UNIT() SI_UNIT($,.RADIAN.) );
#5295 = ( NAMED_UNIT(*) SI_UNIT($,.STERADIAN.) SOLID_ANGLE_UNIT() );
#5296 = UNCERTAINTY_MEASURE_WITH_UNIT(LENGTH_MEASURE(2.E-05),#5293,
  'distance_accuracy_value','confusion accuracy');
#5297 = PRODUCT_RELATED_PRODUCT_CATEGORY('part',$,(#7));
#5298 = MECHANICAL_DESIGN_GEOMETRIC_PRESENTATION_REPRESENTATION('',(
    #5299),#5292);
#5299 = STYLED_ITEM('color',(#5300),#15);
#5300 = PRESENTATION_STYLE_ASSIGNMENT((#5301,#5307));
#5301 = SURFACE_STYLE_USAGE(.BOTH.,#5302);
#5302 = SURFACE_SIDE_STYLE('',(#5303));
#5303 = SURFACE_STYLE_FILL_AREA(#5304);
#5304 = FILL_AREA_STYLE('',(#5305));
#5305 = FILL_AREA_STYLE_COLOUR('',#5306);
#5306 = COLOUR_RGB('',0.800000011921,0.800000011921,0.800000011921);
#5307 = CURVE_STYLE('',#5308,POSITIVE_LENGTH_MEASURE(0.1),#5309);
#5308 = DRAUGHTING_PRE_DEFINED_CURVE_FONT('continuous');
#5309 = COLOUR_RGB('',9.803921729326E-02,9.803921729326E-02,
  9.803921729326E-02);
ENDSEC;
END-ISO-10303-21;
