ISO-10303-21;
HEADER;
/*
 * Generated by a .NET application based on Eyeshot
 * from devDept Software S.r.l. (www.devdept.com)
 */
FILE_DESCRIPTION(
('STEP AP203'),
'2;1');
FILE_NAME ('88','2024-02-19T11:06:21',( '' ),( '' ),
'Eyeshot 2023.3.630', '', '');
FILE_SCHEMA(('CONFIG_CONTROL_DESIGN'));
ENDSEC;
DATA;
#1=CARTESIAN_POINT('',(11.,-1.25,0.));
#2=VERTEX_POINT('',#1);
#3=CARTESIAN_POINT('',(11.,0.,-1.25));
#4=VERTEX_POINT('',#3);
#5=CARTESIAN_POINT('',(11.,0.,0.));
#6=DIRECTION('',(1.,0.,0.));
#7=DIRECTION('',(0.,-1.,0.));
#8=AXIS2_PLACEMENT_3D('',#5,#6,#7);
#9=CIRCLE('',#8,1.25);
#10=EDGE_CURVE('',#2,#4,#9,.T.);
#11=ORIENTED_EDGE('',*,*,#10,.T.);
#12=CARTESIAN_POINT('',(11.,0.,-1.25));
#13=VERTEX_POINT('',#12);
#14=CARTESIAN_POINT('',(31.5,0.,-1.25));
#15=VERTEX_POINT('',#14);
#16=DIRECTION('',(1.,0.,0.));
#17=VECTOR('',#16,20.5);
#18=CARTESIAN_POINT('',(11.,0.,-1.25));
#19=LINE('',#18,#17);
#20=EDGE_CURVE('',#13,#15,#19,.T.);
#21=ORIENTED_EDGE('',*,*,#20,.T.);
#22=CARTESIAN_POINT('',(31.5,0.,-1.25));
#23=VERTEX_POINT('',#22);
#24=CARTESIAN_POINT('',(31.5,-1.25,0.));
#25=VERTEX_POINT('',#24);
#26=CARTESIAN_POINT('',(31.5,0.,0.));
#27=DIRECTION('',(-1.,0.,0.));
#28=DIRECTION('',(0.,1.,0.));
#29=AXIS2_PLACEMENT_3D('',#26,#27,#28);
#30=CIRCLE('',#29,1.25);
#31=EDGE_CURVE('',#23,#25,#30,.T.);
#32=ORIENTED_EDGE('',*,*,#31,.T.);
#33=CARTESIAN_POINT('',(31.5,-1.25,0.));
#34=VERTEX_POINT('',#33);
#35=CARTESIAN_POINT('',(31.5,1.25,0.));
#36=VERTEX_POINT('',#35);
#37=CARTESIAN_POINT('',(31.5,0.,0.));
#38=DIRECTION('',(-1.,0.,0.));
#39=DIRECTION('',(0.,1.,0.));
#40=AXIS2_PLACEMENT_3D('',#37,#38,#39);
#41=CIRCLE('',#40,1.25);
#42=EDGE_CURVE('',#34,#36,#41,.T.);
#43=ORIENTED_EDGE('',*,*,#42,.T.);
#44=CARTESIAN_POINT('',(31.5,1.25,0.));
#45=VERTEX_POINT('',#44);
#46=CARTESIAN_POINT('',(31.5,0.,-1.25));
#47=VERTEX_POINT('',#46);
#48=CARTESIAN_POINT('',(31.5,0.,0.));
#49=DIRECTION('',(-1.,0.,0.));
#50=DIRECTION('',(0.,1.,0.));
#51=AXIS2_PLACEMENT_3D('',#48,#49,#50);
#52=CIRCLE('',#51,1.25);
#53=EDGE_CURVE('',#45,#47,#52,.T.);
#54=ORIENTED_EDGE('',*,*,#53,.T.);
#55=CARTESIAN_POINT('',(31.5,0.,-1.25));
#56=VERTEX_POINT('',#55);
#57=CARTESIAN_POINT('',(11.,0.,-1.25));
#58=VERTEX_POINT('',#57);
#59=DIRECTION('',(-1.,0.,0.));
#60=VECTOR('',#59,20.5);
#61=CARTESIAN_POINT('',(31.5,0.,-1.25));
#62=LINE('',#61,#60);
#63=EDGE_CURVE('',#56,#58,#62,.T.);
#64=ORIENTED_EDGE('',*,*,#63,.T.);
#65=CARTESIAN_POINT('',(11.,0.,-1.25));
#66=VERTEX_POINT('',#65);
#67=CARTESIAN_POINT('',(11.,-1.25,0.));
#68=VERTEX_POINT('',#67);
#69=CARTESIAN_POINT('',(11.,0.,0.));
#70=DIRECTION('',(1.,0.,0.));
#71=DIRECTION('',(0.,-1.,0.));
#72=AXIS2_PLACEMENT_3D('',#69,#70,#71);
#73=CIRCLE('',#72,1.25);
#74=EDGE_CURVE('',#66,#68,#73,.T.);
#75=ORIENTED_EDGE('',*,*,#74,.T.);
#76=EDGE_LOOP('',(#11,#21,#32,#43,#54,#64,#75));
#77=FACE_OUTER_BOUND('',#76,.T.);
#78=DIRECTION('',(-1.,0.,0.));
#79=VECTOR('',#78,20.91);
#80=CARTESIAN_POINT('',(31.705,0.,-1.25));
#81=LINE('',#80,#79);
#82=CARTESIAN_POINT('',(31.705,0.,0.));
#83=DIRECTION('',(-1.,0.,0.));
#84=AXIS1_PLACEMENT('Revolution Surface Axis1P',#82,#83);
#85=SURFACE_OF_REVOLUTION('Surface of Revolution',#81,#84);
#86=ADVANCED_FACE('',(#77),#85,.T.);
#87=OPEN_SHELL('',(#86));
#89=COLOUR_RGB($,0.2,0.2,0.2);
#90=FILL_AREA_STYLE_COLOUR('',#89);
#91=FILL_AREA_STYLE('',(#90));
#92=SURFACE_STYLE_FILL_AREA(#91);
#93=SURFACE_SIDE_STYLE('',(#92));
#94=SURFACE_STYLE_USAGE(.BOTH.,#93);
#95=PRESENTATION_STYLE_ASSIGNMENT((#94));
#96=STYLED_ITEM('',(#95),#88);
#88=SHELL_BASED_SURFACE_MODEL('shell_87',(#87));
#97=CARTESIAN_POINT('',(31.75,1.5,0.));
#98=VERTEX_POINT('',#97);
#99=CARTESIAN_POINT('',(33.,1.5,1.25));
#100=VERTEX_POINT('',#99);
#101=CARTESIAN_POINT('',(33.,1.5,0.));
#102=DIRECTION('',(0.,1.,0.));
#103=DIRECTION('',(-1.,0.,0.));
#104=AXIS2_PLACEMENT_3D('',#101,#102,#103);
#105=CIRCLE('',#104,1.25);
#106=EDGE_CURVE('',#98,#100,#105,.T.);
#107=ORIENTED_EDGE('',*,*,#106,.T.);
#108=CARTESIAN_POINT('',(33.,1.5,1.25));
#109=VERTEX_POINT('',#108);
#110=CARTESIAN_POINT('',(33.,2.5,1.25));
#111=VERTEX_POINT('',#110);
#112=DIRECTION('',(0.,1.,0.));
#113=VECTOR('',#112,1.);
#114=CARTESIAN_POINT('',(33.,1.5,1.25));
#115=LINE('',#114,#113);
#116=EDGE_CURVE('',#109,#111,#115,.T.);
#117=ORIENTED_EDGE('',*,*,#116,.T.);
#118=CARTESIAN_POINT('',(33.,2.5,1.25));
#119=VERTEX_POINT('',#118);
#120=CARTESIAN_POINT('',(31.75,2.5,0.));
#121=VERTEX_POINT('',#120);
#122=CARTESIAN_POINT('',(33.,2.5,0.));
#123=DIRECTION('',(0.,-1.,0.));
#124=DIRECTION('',(-1.,0.,0.));
#125=AXIS2_PLACEMENT_3D('',#122,#123,#124);
#126=CIRCLE('',#125,1.25);
#127=EDGE_CURVE('',#119,#121,#126,.T.);
#128=ORIENTED_EDGE('',*,*,#127,.T.);
#129=CARTESIAN_POINT('',(31.75,2.5,0.));
#130=VERTEX_POINT('',#129);
#131=CARTESIAN_POINT('',(34.25,2.5,0.));
#132=VERTEX_POINT('',#131);
#133=CARTESIAN_POINT('',(33.,2.5,0.));
#134=DIRECTION('',(0.,-1.,0.));
#135=DIRECTION('',(-1.,0.,0.));
#136=AXIS2_PLACEMENT_3D('',#133,#134,#135);
#137=CIRCLE('',#136,1.25);
#138=EDGE_CURVE('',#130,#132,#137,.T.);
#139=ORIENTED_EDGE('',*,*,#138,.T.);
#140=CARTESIAN_POINT('',(34.25,2.5,0.));
#141=VERTEX_POINT('',#140);
#142=CARTESIAN_POINT('',(33.,2.5,1.25));
#143=VERTEX_POINT('',#142);
#144=CARTESIAN_POINT('',(33.,2.5,0.));
#145=DIRECTION('',(0.,-1.,0.));
#146=DIRECTION('',(-1.,0.,0.));
#147=AXIS2_PLACEMENT_3D('',#144,#145,#146);
#148=CIRCLE('',#147,1.25);
#149=EDGE_CURVE('',#141,#143,#148,.T.);
#150=ORIENTED_EDGE('',*,*,#149,.T.);
#151=CARTESIAN_POINT('',(33.,2.5,1.25));
#152=VERTEX_POINT('',#151);
#153=CARTESIAN_POINT('',(33.,1.5,1.25));
#154=VERTEX_POINT('',#153);
#155=DIRECTION('',(0.,-1.,0.));
#156=VECTOR('',#155,1.);
#157=CARTESIAN_POINT('',(33.,2.5,1.25));
#158=LINE('',#157,#156);
#159=EDGE_CURVE('',#152,#154,#158,.T.);
#160=ORIENTED_EDGE('',*,*,#159,.T.);
#161=CARTESIAN_POINT('',(33.,1.5,1.25));
#162=VERTEX_POINT('',#161);
#163=CARTESIAN_POINT('',(34.25,1.5,0.));
#164=VERTEX_POINT('',#163);
#165=CARTESIAN_POINT('',(33.,1.5,0.));
#166=DIRECTION('',(0.,1.,0.));
#167=DIRECTION('',(-1.,0.,0.));
#168=AXIS2_PLACEMENT_3D('',#165,#166,#167);
#169=CIRCLE('',#168,1.25);
#170=EDGE_CURVE('',#162,#164,#169,.T.);
#171=ORIENTED_EDGE('',*,*,#170,.T.);
#172=CARTESIAN_POINT('',(34.25,1.5,0.));
#173=VERTEX_POINT('',#172);
#174=CARTESIAN_POINT('',(31.75,1.5,0.));
#175=VERTEX_POINT('',#174);
#176=CARTESIAN_POINT('',(33.,1.5,0.));
#177=DIRECTION('',(0.,1.,0.));
#178=DIRECTION('',(-1.,0.,0.));
#179=AXIS2_PLACEMENT_3D('',#176,#177,#178);
#180=CIRCLE('',#179,1.25);
#181=EDGE_CURVE('',#173,#175,#180,.T.);
#182=ORIENTED_EDGE('',*,*,#181,.T.);
#183=EDGE_LOOP('',(#107,#117,#128,#139,#150,#160,#171,#182));
#184=FACE_OUTER_BOUND('',#183,.T.);
#185=DIRECTION('',(0.,-1.,0.));
#186=VECTOR('',#185,1.02);
#187=CARTESIAN_POINT('',(33.,2.51,1.25));
#188=LINE('',#187,#186);
#189=CARTESIAN_POINT('',(33.,2.51,0.));
#190=DIRECTION('',(0.,-1.,0.));
#191=AXIS1_PLACEMENT('Revolution Surface Axis1P',#189,#190);
#192=SURFACE_OF_REVOLUTION('Surface of Revolution',#188,#191);
#193=ADVANCED_FACE('',(#184),#192,.T.);
#194=OPEN_SHELL('',(#193));
#196=COLOUR_RGB($,0.2,0.2,0.2);
#197=FILL_AREA_STYLE_COLOUR('',#196);
#198=FILL_AREA_STYLE('',(#197));
#199=SURFACE_STYLE_FILL_AREA(#198);
#200=SURFACE_SIDE_STYLE('',(#199));
#201=SURFACE_STYLE_USAGE(.BOTH.,#200);
#202=PRESENTATION_STYLE_ASSIGNMENT((#201));
#203=STYLED_ITEM('',(#202),#195);
#195=SHELL_BASED_SURFACE_MODEL('shell_194',(#194));
#204=CARTESIAN_POINT('',(11.,-1.25,1.5));
#205=VERTEX_POINT('',#204);
#206=CARTESIAN_POINT('',(7.,-1.25,1.5));
#207=VERTEX_POINT('',#206);
#208=DIRECTION('',(-1.,0.,0.));
#209=VECTOR('',#208,4.);
#210=CARTESIAN_POINT('',(11.,-1.25,1.5));
#211=LINE('',#210,#209);
#212=EDGE_CURVE('',#205,#207,#211,.T.);
#213=ORIENTED_EDGE('',*,*,#212,.T.);
#214=CARTESIAN_POINT('',(7.,-1.25,1.5));
#215=VERTEX_POINT('',#214);
#216=CARTESIAN_POINT('',(1.490282414417,-1.25,3.712015399386));
#217=VERTEX_POINT('',#216);
#218=DIRECTION('',(-0.928003849846,0.,0.372570603604));
#219=VECTOR('',#218,5.937171043519);
#220=CARTESIAN_POINT('',(7.,-1.25,1.5));
#221=LINE('',#220,#219);
#222=EDGE_CURVE('',#215,#217,#221,.T.);
#223=ORIENTED_EDGE('',*,*,#222,.T.);
#224=CARTESIAN_POINT('',(1.490282414417,-1.25,3.712015399386));
#225=VERTEX_POINT('',#224);
#226=CARTESIAN_POINT('',(1.490282414417,-1.25,-3.712015399386));
#227=VERTEX_POINT('',#226);
#228=CARTESIAN_POINT('',(0.,-1.25,0.));
#229=DIRECTION('',(0.,-1.,0.));
#230=DIRECTION('',(1.,0.,0.));
#231=AXIS2_PLACEMENT_3D('',#228,#229,#230);
#232=CIRCLE('',#231,4.);
#233=EDGE_CURVE('',#225,#227,#232,.T.);
#234=ORIENTED_EDGE('',*,*,#233,.T.);
#235=CARTESIAN_POINT('',(1.490282414417,-1.25,-3.712015399386));
#236=VERTEX_POINT('',#235);
#237=CARTESIAN_POINT('',(7.,-1.25,-1.5));
#238=VERTEX_POINT('',#237);
#239=DIRECTION('',(0.928003849846,0.,0.372570603604));
#240=VECTOR('',#239,5.937171043519);
#241=CARTESIAN_POINT('',(1.490282414417,-1.25,-3.712015399386));
#242=LINE('',#241,#240);
#243=EDGE_CURVE('',#236,#238,#242,.T.);
#244=ORIENTED_EDGE('',*,*,#243,.T.);
#245=CARTESIAN_POINT('',(7.,-1.25,-1.5));
#246=VERTEX_POINT('',#245);
#247=CARTESIAN_POINT('',(11.,-1.25,-1.5));
#248=VERTEX_POINT('',#247);
#249=DIRECTION('',(1.,0.,0.));
#250=VECTOR('',#249,4.);
#251=CARTESIAN_POINT('',(7.,-1.25,-1.5));
#252=LINE('',#251,#250);
#253=EDGE_CURVE('',#246,#248,#252,.T.);
#254=ORIENTED_EDGE('',*,*,#253,.T.);
#255=CARTESIAN_POINT('',(11.,-1.25,-1.5));
#256=VERTEX_POINT('',#255);
#257=CARTESIAN_POINT('',(11.,-1.25,0.));
#258=VERTEX_POINT('',#257);
#259=DIRECTION('',(0.,0.,1.));
#260=VECTOR('',#259,1.5);
#261=CARTESIAN_POINT('',(11.,-1.25,-1.5));
#262=LINE('',#261,#260);
#263=EDGE_CURVE('',#256,#258,#262,.T.);
#264=ORIENTED_EDGE('',*,*,#263,.T.);
#265=CARTESIAN_POINT('',(11.,-1.25,0.));
#266=VERTEX_POINT('',#265);
#267=CARTESIAN_POINT('',(11.,-1.25,1.5));
#268=VERTEX_POINT('',#267);
#269=DIRECTION('',(0.,0.,1.));
#270=VECTOR('',#269,1.5);
#271=CARTESIAN_POINT('',(11.,-1.25,0.));
#272=LINE('',#271,#270);
#273=EDGE_CURVE('',#266,#268,#272,.T.);
#274=ORIENTED_EDGE('',*,*,#273,.T.);
#275=EDGE_LOOP('',(#213,#223,#234,#244,#254,#264,#274));
#276=FACE_OUTER_BOUND('',#275,.T.);
#277=CARTESIAN_POINT('',(2.5,-1.25,0.));
#278=VERTEX_POINT('',#277);
#279=CARTESIAN_POINT('',(0.,-1.25,2.5));
#280=VERTEX_POINT('',#279);
#281=CARTESIAN_POINT('',(0.,-1.25,0.));
#282=DIRECTION('',(0.,1.,0.));
#283=DIRECTION('',(1.,0.,0.));
#284=AXIS2_PLACEMENT_3D('',#281,#282,#283);
#285=CIRCLE('',#284,2.5);
#286=EDGE_CURVE('',#278,#280,#285,.T.);
#287=ORIENTED_EDGE('',*,*,#286,.T.);
#288=CARTESIAN_POINT('',(0.,-1.25,2.5));
#289=VERTEX_POINT('',#288);
#290=CARTESIAN_POINT('',(2.5,-1.25,0.));
#291=VERTEX_POINT('',#290);
#292=CARTESIAN_POINT('',(0.,-1.25,0.));
#293=DIRECTION('',(0.,1.,0.));
#294=DIRECTION('',(1.,0.,0.));
#295=AXIS2_PLACEMENT_3D('',#292,#293,#294);
#296=CIRCLE('',#295,2.5);
#297=EDGE_CURVE('',#289,#291,#296,.T.);
#298=ORIENTED_EDGE('',*,*,#297,.T.);
#299=EDGE_LOOP('',(#287,#298));
#300=FACE_BOUND('',#299,.T.);
#301=CARTESIAN_POINT('',(0.,-1.25,0.));
#302=DIRECTION('',(0.,-1.,0.));
#303=DIRECTION('',(0.,0.,0.));
#304=AXIS2_PLACEMENT_3D('',#301,#302,#303);
#305=PLANE('',#304);
#306=ADVANCED_FACE('',(#276,#300),#305,.T.);
#307=OPEN_SHELL('',(#306));
#309=COLOUR_RGB($,0.686274509804,0.76862745098,0.866666666667);
#310=FILL_AREA_STYLE_COLOUR('',#309);
#311=FILL_AREA_STYLE('',(#310));
#312=SURFACE_STYLE_FILL_AREA(#311);
#313=SURFACE_SIDE_STYLE('',(#312));
#314=SURFACE_STYLE_USAGE(.BOTH.,#313);
#315=PRESENTATION_STYLE_ASSIGNMENT((#314));
#316=STYLED_ITEM('',(#315),#308);
#308=SHELL_BASED_SURFACE_MODEL('shell_307',(#307));
#317=CARTESIAN_POINT('',(1.490282414417,0.,-3.712015399386));
#318=VERTEX_POINT('',#317);
#319=CARTESIAN_POINT('',(7.,0.,-1.5));
#320=VERTEX_POINT('',#319);
#321=DIRECTION('',(0.928003849846,0.,0.372570603604));
#322=VECTOR('',#321,5.937171043519);
#323=CARTESIAN_POINT('',(1.490282414417,0.,-3.712015399386));
#324=LINE('',#323,#322);
#325=EDGE_CURVE('',#318,#320,#324,.T.);
#326=ORIENTED_EDGE('',*,*,#325,.T.);
#327=CARTESIAN_POINT('',(7.,0.,-1.5));
#328=VERTEX_POINT('',#327);
#329=CARTESIAN_POINT('',(7.,-1.25,-1.5));
#330=VERTEX_POINT('',#329);
#331=DIRECTION('',(0.,-1.,0.));
#332=VECTOR('',#331,1.25);
#333=CARTESIAN_POINT('',(7.,0.,-1.5));
#334=LINE('',#333,#332);
#335=EDGE_CURVE('',#328,#330,#334,.T.);
#336=ORIENTED_EDGE('',*,*,#335,.T.);
#337=CARTESIAN_POINT('',(7.,-1.25,-1.5));
#338=VERTEX_POINT('',#337);
#339=CARTESIAN_POINT('',(1.490282414417,-1.25,-3.712015399386));
#340=VERTEX_POINT('',#339);
#341=DIRECTION('',(-0.928003849846,0.,-0.372570603604));
#342=VECTOR('',#341,5.937171043519);
#343=CARTESIAN_POINT('',(7.,-1.25,-1.5));
#344=LINE('',#343,#342);
#345=EDGE_CURVE('',#338,#340,#344,.T.);
#346=ORIENTED_EDGE('',*,*,#345,.T.);
#347=CARTESIAN_POINT('',(1.490282414417,-1.25,-3.712015399386));
#348=VERTEX_POINT('',#347);
#349=CARTESIAN_POINT('',(1.490282414417,0.,-3.712015399386));
#350=VERTEX_POINT('',#349);
#351=DIRECTION('',(0.,1.,0.));
#352=VECTOR('',#351,1.25);
#353=CARTESIAN_POINT('',(1.490282414417,-1.25,-3.712015399386));
#354=LINE('',#353,#352);
#355=EDGE_CURVE('',#348,#350,#354,.T.);
#356=ORIENTED_EDGE('',*,*,#355,.T.);
#357=EDGE_LOOP('',(#326,#336,#346,#356));
#358=FACE_OUTER_BOUND('',#357,.T.);
#359=CARTESIAN_POINT('',(7.,-1.25,-1.5));
#360=DIRECTION('',(0.372570603604,0.,-0.928003849846));
#361=DIRECTION('',(0.,0.,0.));
#362=AXIS2_PLACEMENT_3D('',#359,#360,#361);
#363=PLANE('',#362);
#364=ADVANCED_FACE('',(#358),#363,.T.);
#365=OPEN_SHELL('',(#364));
#367=COLOUR_RGB($,0.686274509804,0.76862745098,0.866666666667);
#368=FILL_AREA_STYLE_COLOUR('',#367);
#369=FILL_AREA_STYLE('',(#368));
#370=SURFACE_STYLE_FILL_AREA(#369);
#371=SURFACE_SIDE_STYLE('',(#370));
#372=SURFACE_STYLE_USAGE(.BOTH.,#371);
#373=PRESENTATION_STYLE_ASSIGNMENT((#372));
#374=STYLED_ITEM('',(#373),#366);
#366=SHELL_BASED_SURFACE_MODEL('shell_365',(#365));
#375=CARTESIAN_POINT('',(7.,0.,-1.5));
#376=VERTEX_POINT('',#375);
#377=CARTESIAN_POINT('',(11.,0.,-1.5));
#378=VERTEX_POINT('',#377);
#379=DIRECTION('',(1.,0.,0.));
#380=VECTOR('',#379,4.);
#381=CARTESIAN_POINT('',(7.,0.,-1.5));
#382=LINE('',#381,#380);
#383=EDGE_CURVE('',#376,#378,#382,.T.);
#384=ORIENTED_EDGE('',*,*,#383,.T.);
#385=CARTESIAN_POINT('',(11.,0.,-1.5));
#386=VERTEX_POINT('',#385);
#387=CARTESIAN_POINT('',(11.,-1.25,-1.5));
#388=VERTEX_POINT('',#387);
#389=DIRECTION('',(0.,-1.,0.));
#390=VECTOR('',#389,1.25);
#391=CARTESIAN_POINT('',(11.,0.,-1.5));
#392=LINE('',#391,#390);
#393=EDGE_CURVE('',#386,#388,#392,.T.);
#394=ORIENTED_EDGE('',*,*,#393,.T.);
#395=CARTESIAN_POINT('',(11.,-1.25,-1.5));
#396=VERTEX_POINT('',#395);
#397=CARTESIAN_POINT('',(7.,-1.25,-1.5));
#398=VERTEX_POINT('',#397);
#399=DIRECTION('',(-1.,0.,0.));
#400=VECTOR('',#399,4.);
#401=CARTESIAN_POINT('',(11.,-1.25,-1.5));
#402=LINE('',#401,#400);
#403=EDGE_CURVE('',#396,#398,#402,.T.);
#404=ORIENTED_EDGE('',*,*,#403,.T.);
#405=CARTESIAN_POINT('',(7.,-1.25,-1.5));
#406=VERTEX_POINT('',#405);
#407=CARTESIAN_POINT('',(7.,0.,-1.5));
#408=VERTEX_POINT('',#407);
#409=DIRECTION('',(0.,1.,0.));
#410=VECTOR('',#409,1.25);
#411=CARTESIAN_POINT('',(7.,-1.25,-1.5));
#412=LINE('',#411,#410);
#413=EDGE_CURVE('',#406,#408,#412,.T.);
#414=ORIENTED_EDGE('',*,*,#413,.T.);
#415=EDGE_LOOP('',(#384,#394,#404,#414));
#416=FACE_OUTER_BOUND('',#415,.T.);
#417=CARTESIAN_POINT('',(7.,-1.25,-1.5));
#418=DIRECTION('',(0.,0.,-1.));
#419=DIRECTION('',(0.,0.,0.));
#420=AXIS2_PLACEMENT_3D('',#417,#418,#419);
#421=PLANE('',#420);
#422=ADVANCED_FACE('',(#416),#421,.T.);
#423=OPEN_SHELL('',(#422));
#425=COLOUR_RGB($,0.686274509804,0.76862745098,0.866666666667);
#426=FILL_AREA_STYLE_COLOUR('',#425);
#427=FILL_AREA_STYLE('',(#426));
#428=SURFACE_STYLE_FILL_AREA(#427);
#429=SURFACE_SIDE_STYLE('',(#428));
#430=SURFACE_STYLE_USAGE(.BOTH.,#429);
#431=PRESENTATION_STYLE_ASSIGNMENT((#430));
#432=STYLED_ITEM('',(#431),#424);
#424=SHELL_BASED_SURFACE_MODEL('shell_423',(#423));
#433=CARTESIAN_POINT('',(31.5,-1.25,0.));
#434=VERTEX_POINT('',#433);
#435=CARTESIAN_POINT('',(31.5,0.,-1.25));
#436=VERTEX_POINT('',#435);
#437=CARTESIAN_POINT('',(31.5,0.,0.));
#438=DIRECTION('',(1.,0.,0.));
#439=DIRECTION('',(0.,1.,0.));
#440=AXIS2_PLACEMENT_3D('',#437,#438,#439);
#441=CIRCLE('',#440,1.25);
#442=EDGE_CURVE('',#434,#436,#441,.T.);
#443=ORIENTED_EDGE('',*,*,#442,.T.);
#444=CARTESIAN_POINT('',(31.5,0.,-1.25));
#445=VERTEX_POINT('',#444);
#446=CARTESIAN_POINT('',(31.5,1.25,0.));
#447=VERTEX_POINT('',#446);
#448=CARTESIAN_POINT('',(31.5,0.,0.));
#449=DIRECTION('',(1.,0.,0.));
#450=DIRECTION('',(0.,1.,0.));
#451=AXIS2_PLACEMENT_3D('',#448,#449,#450);
#452=CIRCLE('',#451,1.25);
#453=EDGE_CURVE('',#445,#447,#452,.T.);
#454=ORIENTED_EDGE('',*,*,#453,.T.);
#455=CARTESIAN_POINT('',(31.5,1.25,0.));
#456=VERTEX_POINT('',#455);
#457=CARTESIAN_POINT('',(31.5,-1.25,0.));
#458=VERTEX_POINT('',#457);
#459=CARTESIAN_POINT('',(31.5,0.,0.));
#460=DIRECTION('',(1.,0.,0.));
#461=DIRECTION('',(0.,1.,0.));
#462=AXIS2_PLACEMENT_3D('',#459,#460,#461);
#463=CIRCLE('',#462,1.25);
#464=EDGE_CURVE('',#456,#458,#463,.T.);
#465=ORIENTED_EDGE('',*,*,#464,.T.);
#466=CARTESIAN_POINT('',(31.5,-1.25,0.));
#467=VERTEX_POINT('',#466);
#468=CARTESIAN_POINT('',(34.25,1.5,0.));
#469=VERTEX_POINT('',#468);
#470=CARTESIAN_POINT('',(31.5,1.5,0.));
#471=DIRECTION('',(0.,0.,1.));
#472=DIRECTION('',(0.,1.,0.));
#473=AXIS2_PLACEMENT_3D('',#470,#471,#472);
#474=CIRCLE('',#473,2.75);
#475=EDGE_CURVE('',#467,#469,#474,.T.);
#476=ORIENTED_EDGE('',*,*,#475,.T.);
#477=CARTESIAN_POINT('',(34.25,1.5,0.));
#478=VERTEX_POINT('',#477);
#479=CARTESIAN_POINT('',(33.,1.5,1.25));
#480=VERTEX_POINT('',#479);
#481=CARTESIAN_POINT('',(33.,1.5,0.));
#482=DIRECTION('',(0.,-1.,0.));
#483=DIRECTION('',(-1.,0.,0.));
#484=AXIS2_PLACEMENT_3D('',#481,#482,#483);
#485=CIRCLE('',#484,1.25);
#486=EDGE_CURVE('',#478,#480,#485,.T.);
#487=ORIENTED_EDGE('',*,*,#486,.T.);
#488=CARTESIAN_POINT('',(33.,1.5,1.25));
#489=VERTEX_POINT('',#488);
#490=CARTESIAN_POINT('',(31.75,1.5,0.));
#491=VERTEX_POINT('',#490);
#492=CARTESIAN_POINT('',(33.,1.5,0.));
#493=DIRECTION('',(0.,-1.,0.));
#494=DIRECTION('',(-1.,0.,0.));
#495=AXIS2_PLACEMENT_3D('',#492,#493,#494);
#496=CIRCLE('',#495,1.25);
#497=EDGE_CURVE('',#489,#491,#496,.T.);
#498=ORIENTED_EDGE('',*,*,#497,.T.);
#499=CARTESIAN_POINT('',(31.75,1.5,0.));
#500=VERTEX_POINT('',#499);
#501=CARTESIAN_POINT('',(34.25,1.5,0.));
#502=VERTEX_POINT('',#501);
#503=CARTESIAN_POINT('',(33.,1.5,0.));
#504=DIRECTION('',(0.,-1.,0.));
#505=DIRECTION('',(-1.,0.,0.));
#506=AXIS2_PLACEMENT_3D('',#503,#504,#505);
#507=CIRCLE('',#506,1.25);
#508=EDGE_CURVE('',#500,#502,#507,.T.);
#509=ORIENTED_EDGE('',*,*,#508,.T.);
#510=CARTESIAN_POINT('',(34.25,1.5,0.));
#511=VERTEX_POINT('',#510);
#512=CARTESIAN_POINT('',(31.5,-1.25,0.));
#513=VERTEX_POINT('',#512);
#514=CARTESIAN_POINT('',(31.5,1.5,0.));
#515=DIRECTION('',(0.,0.,-1.));
#516=DIRECTION('',(0.,1.,0.));
#517=AXIS2_PLACEMENT_3D('',#514,#515,#516);
#518=CIRCLE('',#517,2.75);
#519=EDGE_CURVE('',#511,#513,#518,.T.);
#520=ORIENTED_EDGE('',*,*,#519,.T.);
#521=EDGE_LOOP('',(#443,#454,#465,#476,#487,#498,#509,#520));
#522=FACE_OUTER_BOUND('',#521,.T.);
#523=CARTESIAN_POINT('',(31.5,3.,0.));
#524=DIRECTION('',(1.,0.,0.));
#525=DIRECTION('',(0.,1.,0.));
#526=AXIS2_PLACEMENT_3D('',#523,#524,#525);
#527=CIRCLE('',#526,1.25);
#528=CARTESIAN_POINT('',(31.5,1.5,0.));
#529=DIRECTION('',(0.,0.,1.));
#530=AXIS1_PLACEMENT('Revolution Surface Axis1P',#528,#529);
#531=SURFACE_OF_REVOLUTION('Surface of Revolution',#527,#530);
#532=ADVANCED_FACE('',(#522),#531,.T.);
#533=OPEN_SHELL('',(#532));
#535=COLOUR_RGB($,0.2,0.2,0.2);
#536=FILL_AREA_STYLE_COLOUR('',#535);
#537=FILL_AREA_STYLE('',(#536));
#538=SURFACE_STYLE_FILL_AREA(#537);
#539=SURFACE_SIDE_STYLE('',(#538));
#540=SURFACE_STYLE_USAGE(.BOTH.,#539);
#541=PRESENTATION_STYLE_ASSIGNMENT((#540));
#542=STYLED_ITEM('',(#541),#534);
#534=SHELL_BASED_SURFACE_MODEL('shell_533',(#533));
#543=CARTESIAN_POINT('',(231.,2.5,-1.25));
#544=VERTEX_POINT('',#543);
#545=CARTESIAN_POINT('',(232.25,2.5,0.));
#546=VERTEX_POINT('',#545);
#547=CARTESIAN_POINT('',(231.,2.5,0.));
#548=DIRECTION('',(0.,-1.,0.));
#549=DIRECTION('',(1.,0.,0.));
#550=AXIS2_PLACEMENT_3D('',#547,#548,#549);
#551=CIRCLE('',#550,1.25);
#552=EDGE_CURVE('',#544,#546,#551,.T.);
#553=ORIENTED_EDGE('',*,*,#552,.T.);
#554=CARTESIAN_POINT('',(232.25,2.5,0.));
#555=VERTEX_POINT('',#554);
#556=CARTESIAN_POINT('',(34.25,2.5,0.));
#557=VERTEX_POINT('',#556);
#558=CARTESIAN_POINT('',(232.25,2.5,0.));
#559=CARTESIAN_POINT('',(231.75,-0.386751345948,0.));
#560=CARTESIAN_POINT('',(231.25,-1.830127018922,2.5));
#561=CARTESIAN_POINT('',(230.75,-3.273502691896,5.));
#562=CARTESIAN_POINT('',(230.25,-1.830127018922,7.5));
#563=CARTESIAN_POINT('',(229.75,-0.386751345948,10.));
#564=CARTESIAN_POINT('',(229.25,2.5,10.));
#565=CARTESIAN_POINT('',(228.75,5.386751345948,10.));
#566=CARTESIAN_POINT('',(228.25,6.830127018922,7.5));
#567=CARTESIAN_POINT('',(227.75,8.273502691896,5.));
#568=CARTESIAN_POINT('',(227.25,6.830127018922,2.5));
#569=CARTESIAN_POINT('',(226.75,5.386751345948,0.));
#570=CARTESIAN_POINT('',(226.25,2.5,0.));
#571=CARTESIAN_POINT('',(225.75,-0.386751345948,0.));
#572=CARTESIAN_POINT('',(225.25,-1.830127018922,2.5));
#573=CARTESIAN_POINT('',(224.75,-3.273502691896,5.));
#574=CARTESIAN_POINT('',(224.25,-1.830127018922,7.5));
#575=CARTESIAN_POINT('',(223.75,-0.386751345948,10.));
#576=CARTESIAN_POINT('',(223.25,2.5,10.));
#577=CARTESIAN_POINT('',(222.75,5.386751345948,10.));
#578=CARTESIAN_POINT('',(222.25,6.830127018922,7.5));
#579=CARTESIAN_POINT('',(221.75,8.273502691896,5.));
#580=CARTESIAN_POINT('',(221.25,6.830127018922,2.5));
#581=CARTESIAN_POINT('',(220.75,5.386751345948,0.));
#582=CARTESIAN_POINT('',(220.25,2.5,0.));
#583=CARTESIAN_POINT('',(219.75,-0.386751345948,0.));
#584=CARTESIAN_POINT('',(219.25,-1.830127018922,2.5));
#585=CARTESIAN_POINT('',(218.75,-3.273502691896,5.));
#586=CARTESIAN_POINT('',(218.25,-1.830127018922,7.5));
#587=CARTESIAN_POINT('',(217.75,-0.386751345948,10.));
#588=CARTESIAN_POINT('',(217.25,2.5,10.));
#589=CARTESIAN_POINT('',(216.75,5.386751345948,10.));
#590=CARTESIAN_POINT('',(216.25,6.830127018922,7.5));
#591=CARTESIAN_POINT('',(215.75,8.273502691896,5.));
#592=CARTESIAN_POINT('',(215.25,6.830127018922,2.5));
#593=CARTESIAN_POINT('',(214.75,5.386751345948,0.));
#594=CARTESIAN_POINT('',(214.25,2.5,0.));
#595=CARTESIAN_POINT('',(213.75,-0.386751345948,0.));
#596=CARTESIAN_POINT('',(213.25,-1.830127018922,2.5));
#597=CARTESIAN_POINT('',(212.75,-3.273502691896,5.));
#598=CARTESIAN_POINT('',(212.25,-1.830127018922,7.5));
#599=CARTESIAN_POINT('',(211.75,-0.386751345948,10.));
#600=CARTESIAN_POINT('',(211.25,2.5,10.));
#601=CARTESIAN_POINT('',(210.75,5.386751345948,10.));
#602=CARTESIAN_POINT('',(210.25,6.830127018922,7.5));
#603=CARTESIAN_POINT('',(209.75,8.273502691896,5.));
#604=CARTESIAN_POINT('',(209.25,6.830127018922,2.5));
#605=CARTESIAN_POINT('',(208.75,5.386751345948,0.));
#606=CARTESIAN_POINT('',(208.25,2.5,0.));
#607=CARTESIAN_POINT('',(207.75,-0.386751345948,0.));
#608=CARTESIAN_POINT('',(207.25,-1.830127018922,2.5));
#609=CARTESIAN_POINT('',(206.75,-3.273502691896,5.));
#610=CARTESIAN_POINT('',(206.25,-1.830127018922,7.5));
#611=CARTESIAN_POINT('',(205.75,-0.386751345948,10.));
#612=CARTESIAN_POINT('',(205.25,2.5,10.));
#613=CARTESIAN_POINT('',(204.75,5.386751345948,10.));
#614=CARTESIAN_POINT('',(204.25,6.830127018922,7.5));
#615=CARTESIAN_POINT('',(203.75,8.273502691896,5.));
#616=CARTESIAN_POINT('',(203.25,6.830127018922,2.5));
#617=CARTESIAN_POINT('',(202.75,5.386751345948,0.));
#618=CARTESIAN_POINT('',(202.25,2.5,0.));
#619=CARTESIAN_POINT('',(201.75,-0.386751345948,0.));
#620=CARTESIAN_POINT('',(201.25,-1.830127018922,2.5));
#621=CARTESIAN_POINT('',(200.75,-3.273502691896,5.));
#622=CARTESIAN_POINT('',(200.25,-1.830127018922,7.5));
#623=CARTESIAN_POINT('',(199.75,-0.386751345948,10.));
#624=CARTESIAN_POINT('',(199.25,2.5,10.));
#625=CARTESIAN_POINT('',(198.75,5.386751345948,10.));
#626=CARTESIAN_POINT('',(198.25,6.830127018922,7.5));
#627=CARTESIAN_POINT('',(197.75,8.273502691896,5.));
#628=CARTESIAN_POINT('',(197.25,6.830127018922,2.5));
#629=CARTESIAN_POINT('',(196.75,5.386751345948,0.));
#630=CARTESIAN_POINT('',(196.25,2.5,0.));
#631=CARTESIAN_POINT('',(195.75,-0.386751345948,0.));
#632=CARTESIAN_POINT('',(195.25,-1.830127018922,2.5));
#633=CARTESIAN_POINT('',(194.75,-3.273502691896,5.));
#634=CARTESIAN_POINT('',(194.25,-1.830127018922,7.5));
#635=CARTESIAN_POINT('',(193.75,-0.386751345948,10.));
#636=CARTESIAN_POINT('',(193.25,2.5,10.));
#637=CARTESIAN_POINT('',(192.75,5.386751345948,10.));
#638=CARTESIAN_POINT('',(192.25,6.830127018922,7.5));
#639=CARTESIAN_POINT('',(191.75,8.273502691896,5.));
#640=CARTESIAN_POINT('',(191.25,6.830127018922,2.5));
#641=CARTESIAN_POINT('',(190.75,5.386751345948,0.));
#642=CARTESIAN_POINT('',(190.25,2.5,0.));
#643=CARTESIAN_POINT('',(189.75,-0.386751345948,0.));
#644=CARTESIAN_POINT('',(189.25,-1.830127018922,2.5));
#645=CARTESIAN_POINT('',(188.75,-3.273502691896,5.));
#646=CARTESIAN_POINT('',(188.25,-1.830127018922,7.5));
#647=CARTESIAN_POINT('',(187.75,-0.386751345948,10.));
#648=CARTESIAN_POINT('',(187.25,2.5,10.));
#649=CARTESIAN_POINT('',(186.75,5.386751345948,10.));
#650=CARTESIAN_POINT('',(186.25,6.830127018922,7.5));
#651=CARTESIAN_POINT('',(185.75,8.273502691896,5.));
#652=CARTESIAN_POINT('',(185.25,6.830127018922,2.5));
#653=CARTESIAN_POINT('',(184.75,5.386751345948,0.));
#654=CARTESIAN_POINT('',(184.25,2.5,0.));
#655=CARTESIAN_POINT('',(183.75,-0.386751345948,0.));
#656=CARTESIAN_POINT('',(183.25,-1.830127018922,2.5));
#657=CARTESIAN_POINT('',(182.75,-3.273502691896,5.));
#658=CARTESIAN_POINT('',(182.25,-1.830127018922,7.5));
#659=CARTESIAN_POINT('',(181.75,-0.386751345948,10.));
#660=CARTESIAN_POINT('',(181.25,2.5,10.));
#661=CARTESIAN_POINT('',(180.75,5.386751345948,10.));
#662=CARTESIAN_POINT('',(180.25,6.830127018922,7.5));
#663=CARTESIAN_POINT('',(179.75,8.273502691896,5.));
#664=CARTESIAN_POINT('',(179.25,6.830127018922,2.5));
#665=CARTESIAN_POINT('',(178.75,5.386751345948,0.));
#666=CARTESIAN_POINT('',(178.25,2.5,0.));
#667=CARTESIAN_POINT('',(177.75,-0.386751345948,0.));
#668=CARTESIAN_POINT('',(177.25,-1.830127018922,2.5));
#669=CARTESIAN_POINT('',(176.75,-3.273502691896,5.));
#670=CARTESIAN_POINT('',(176.25,-1.830127018922,7.5));
#671=CARTESIAN_POINT('',(175.75,-0.386751345948,10.));
#672=CARTESIAN_POINT('',(175.25,2.5,10.));
#673=CARTESIAN_POINT('',(174.75,5.386751345948,10.));
#674=CARTESIAN_POINT('',(174.25,6.830127018922,7.5));
#675=CARTESIAN_POINT('',(173.75,8.273502691896,5.));
#676=CARTESIAN_POINT('',(173.25,6.830127018922,2.5));
#677=CARTESIAN_POINT('',(172.75,5.386751345948,0.));
#678=CARTESIAN_POINT('',(172.25,2.5,0.));
#679=CARTESIAN_POINT('',(171.75,-0.386751345948,0.));
#680=CARTESIAN_POINT('',(171.25,-1.830127018922,2.5));
#681=CARTESIAN_POINT('',(170.75,-3.273502691896,5.));
#682=CARTESIAN_POINT('',(170.25,-1.830127018922,7.5));
#683=CARTESIAN_POINT('',(169.75,-0.386751345948,10.));
#684=CARTESIAN_POINT('',(169.25,2.5,10.));
#685=CARTESIAN_POINT('',(168.75,5.386751345948,10.));
#686=CARTESIAN_POINT('',(168.25,6.830127018922,7.5));
#687=CARTESIAN_POINT('',(167.75,8.273502691896,5.));
#688=CARTESIAN_POINT('',(167.25,6.830127018922,2.5));
#689=CARTESIAN_POINT('',(166.75,5.386751345948,0.));
#690=CARTESIAN_POINT('',(166.25,2.5,0.));
#691=CARTESIAN_POINT('',(165.75,-0.386751345948,0.));
#692=CARTESIAN_POINT('',(165.25,-1.830127018922,2.5));
#693=CARTESIAN_POINT('',(164.75,-3.273502691896,5.));
#694=CARTESIAN_POINT('',(164.25,-1.830127018922,7.5));
#695=CARTESIAN_POINT('',(163.75,-0.386751345948,10.));
#696=CARTESIAN_POINT('',(163.25,2.5,10.));
#697=CARTESIAN_POINT('',(162.75,5.386751345948,10.));
#698=CARTESIAN_POINT('',(162.25,6.830127018922,7.5));
#699=CARTESIAN_POINT('',(161.75,8.273502691896,5.));
#700=CARTESIAN_POINT('',(161.25,6.830127018922,2.5));
#701=CARTESIAN_POINT('',(160.75,5.386751345948,0.));
#702=CARTESIAN_POINT('',(160.25,2.5,0.));
#703=CARTESIAN_POINT('',(159.75,-0.386751345948,0.));
#704=CARTESIAN_POINT('',(159.25,-1.830127018922,2.5));
#705=CARTESIAN_POINT('',(158.75,-3.273502691896,5.));
#706=CARTESIAN_POINT('',(158.25,-1.830127018922,7.5));
#707=CARTESIAN_POINT('',(157.75,-0.386751345948,10.));
#708=CARTESIAN_POINT('',(157.25,2.5,10.));
#709=CARTESIAN_POINT('',(156.75,5.386751345948,10.));
#710=CARTESIAN_POINT('',(156.25,6.830127018922,7.5));
#711=CARTESIAN_POINT('',(155.75,8.273502691896,5.));
#712=CARTESIAN_POINT('',(155.25,6.830127018922,2.5));
#713=CARTESIAN_POINT('',(154.75,5.386751345948,0.));
#714=CARTESIAN_POINT('',(154.25,2.5,0.));
#715=CARTESIAN_POINT('',(153.75,-0.386751345948,0.));
#716=CARTESIAN_POINT('',(153.25,-1.830127018922,2.5));
#717=CARTESIAN_POINT('',(152.75,-3.273502691896,5.));
#718=CARTESIAN_POINT('',(152.25,-1.830127018922,7.5));
#719=CARTESIAN_POINT('',(151.75,-0.386751345948,10.));
#720=CARTESIAN_POINT('',(151.25,2.5,10.));
#721=CARTESIAN_POINT('',(150.75,5.386751345948,10.));
#722=CARTESIAN_POINT('',(150.25,6.830127018922,7.5));
#723=CARTESIAN_POINT('',(149.75,8.273502691896,5.));
#724=CARTESIAN_POINT('',(149.25,6.830127018922,2.5));
#725=CARTESIAN_POINT('',(148.75,5.386751345948,0.));
#726=CARTESIAN_POINT('',(148.25,2.5,0.));
#727=CARTESIAN_POINT('',(147.75,-0.386751345948,0.));
#728=CARTESIAN_POINT('',(147.25,-1.830127018922,2.5));
#729=CARTESIAN_POINT('',(146.75,-3.273502691896,5.));
#730=CARTESIAN_POINT('',(146.25,-1.830127018922,7.5));
#731=CARTESIAN_POINT('',(145.75,-0.386751345948,10.));
#732=CARTESIAN_POINT('',(145.25,2.5,10.));
#733=CARTESIAN_POINT('',(144.75,5.386751345948,10.));
#734=CARTESIAN_POINT('',(144.25,6.830127018922,7.5));
#735=CARTESIAN_POINT('',(143.75,8.273502691896,5.));
#736=CARTESIAN_POINT('',(143.25,6.830127018922,2.5));
#737=CARTESIAN_POINT('',(142.75,5.386751345948,0.));
#738=CARTESIAN_POINT('',(142.25,2.5,0.));
#739=CARTESIAN_POINT('',(141.75,-0.386751345948,0.));
#740=CARTESIAN_POINT('',(141.25,-1.830127018922,2.5));
#741=CARTESIAN_POINT('',(140.75,-3.273502691896,5.));
#742=CARTESIAN_POINT('',(140.25,-1.830127018922,7.5));
#743=CARTESIAN_POINT('',(139.75,-0.386751345948,10.));
#744=CARTESIAN_POINT('',(139.25,2.5,10.));
#745=CARTESIAN_POINT('',(138.75,5.386751345948,10.));
#746=CARTESIAN_POINT('',(138.25,6.830127018922,7.5));
#747=CARTESIAN_POINT('',(137.75,8.273502691896,5.));
#748=CARTESIAN_POINT('',(137.25,6.830127018922,2.5));
#749=CARTESIAN_POINT('',(136.75,5.386751345948,0.));
#750=CARTESIAN_POINT('',(136.25,2.5,0.));
#751=CARTESIAN_POINT('',(135.75,-0.386751345948,0.));
#752=CARTESIAN_POINT('',(135.25,-1.830127018922,2.5));
#753=CARTESIAN_POINT('',(134.75,-3.273502691896,5.));
#754=CARTESIAN_POINT('',(134.25,-1.830127018922,7.5));
#755=CARTESIAN_POINT('',(133.75,-0.386751345948,10.));
#756=CARTESIAN_POINT('',(133.25,2.5,10.));
#757=CARTESIAN_POINT('',(132.75,5.386751345948,10.));
#758=CARTESIAN_POINT('',(132.25,6.830127018922,7.5));
#759=CARTESIAN_POINT('',(131.75,8.273502691896,5.));
#760=CARTESIAN_POINT('',(131.25,6.830127018922,2.5));
#761=CARTESIAN_POINT('',(130.75,5.386751345948,0.));
#762=CARTESIAN_POINT('',(130.25,2.5,0.));
#763=CARTESIAN_POINT('',(129.75,-0.386751345948,0.));
#764=CARTESIAN_POINT('',(129.25,-1.830127018922,2.5));
#765=CARTESIAN_POINT('',(128.75,-3.273502691896,5.));
#766=CARTESIAN_POINT('',(128.25,-1.830127018922,7.5));
#767=CARTESIAN_POINT('',(127.75,-0.386751345948,10.));
#768=CARTESIAN_POINT('',(127.25,2.5,10.));
#769=CARTESIAN_POINT('',(126.75,5.386751345948,10.));
#770=CARTESIAN_POINT('',(126.25,6.830127018922,7.5));
#771=CARTESIAN_POINT('',(125.75,8.273502691896,5.));
#772=CARTESIAN_POINT('',(125.25,6.830127018922,2.5));
#773=CARTESIAN_POINT('',(124.75,5.386751345948,0.));
#774=CARTESIAN_POINT('',(124.25,2.5,0.));
#775=CARTESIAN_POINT('',(123.75,-0.386751345948,0.));
#776=CARTESIAN_POINT('',(123.25,-1.830127018922,2.5));
#777=CARTESIAN_POINT('',(122.75,-3.273502691896,5.));
#778=CARTESIAN_POINT('',(122.25,-1.830127018922,7.5));
#779=CARTESIAN_POINT('',(121.75,-0.386751345948,10.));
#780=CARTESIAN_POINT('',(121.25,2.5,10.));
#781=CARTESIAN_POINT('',(120.75,5.386751345948,10.));
#782=CARTESIAN_POINT('',(120.25,6.830127018922,7.5));
#783=CARTESIAN_POINT('',(119.75,8.273502691896,5.));
#784=CARTESIAN_POINT('',(119.25,6.830127018922,2.5));
#785=CARTESIAN_POINT('',(118.75,5.386751345948,0.));
#786=CARTESIAN_POINT('',(118.25,2.5,0.));
#787=CARTESIAN_POINT('',(117.75,-0.386751345948,0.));
#788=CARTESIAN_POINT('',(117.25,-1.830127018922,2.5));
#789=CARTESIAN_POINT('',(116.75,-3.273502691896,5.));
#790=CARTESIAN_POINT('',(116.25,-1.830127018922,7.5));
#791=CARTESIAN_POINT('',(115.75,-0.386751345948,10.));
#792=CARTESIAN_POINT('',(115.25,2.5,10.));
#793=CARTESIAN_POINT('',(114.75,5.386751345948,10.));
#794=CARTESIAN_POINT('',(114.25,6.830127018922,7.5));
#795=CARTESIAN_POINT('',(113.75,8.273502691896,5.));
#796=CARTESIAN_POINT('',(113.25,6.830127018922,2.5));
#797=CARTESIAN_POINT('',(112.75,5.386751345948,0.));
#798=CARTESIAN_POINT('',(112.25,2.5,0.));
#799=CARTESIAN_POINT('',(111.75,-0.386751345948,0.));
#800=CARTESIAN_POINT('',(111.25,-1.830127018922,2.5));
#801=CARTESIAN_POINT('',(110.75,-3.273502691896,5.));
#802=CARTESIAN_POINT('',(110.25,-1.830127018922,7.5));
#803=CARTESIAN_POINT('',(109.75,-0.386751345948,10.));
#804=CARTESIAN_POINT('',(109.25,2.5,10.));
#805=CARTESIAN_POINT('',(108.75,5.386751345948,10.));
#806=CARTESIAN_POINT('',(108.25,6.830127018922,7.5));
#807=CARTESIAN_POINT('',(107.75,8.273502691896,5.));
#808=CARTESIAN_POINT('',(107.25,6.830127018922,2.5));
#809=CARTESIAN_POINT('',(106.75,5.386751345948,0.));
#810=CARTESIAN_POINT('',(106.25,2.5,0.));
#811=CARTESIAN_POINT('',(105.75,-0.386751345948,0.));
#812=CARTESIAN_POINT('',(105.25,-1.830127018922,2.5));
#813=CARTESIAN_POINT('',(104.75,-3.273502691896,5.));
#814=CARTESIAN_POINT('',(104.25,-1.830127018922,7.5));
#815=CARTESIAN_POINT('',(103.75,-0.386751345948,10.));
#816=CARTESIAN_POINT('',(103.25,2.5,10.));
#817=CARTESIAN_POINT('',(102.75,5.386751345948,10.));
#818=CARTESIAN_POINT('',(102.25,6.830127018922,7.5));
#819=CARTESIAN_POINT('',(101.75,8.273502691896,5.));
#820=CARTESIAN_POINT('',(101.25,6.830127018922,2.5));
#821=CARTESIAN_POINT('',(100.75,5.386751345948,0.));
#822=CARTESIAN_POINT('',(100.25,2.5,0.));
#823=CARTESIAN_POINT('',(99.75,-0.386751345948,0.));
#824=CARTESIAN_POINT('',(99.25,-1.830127018922,2.5));
#825=CARTESIAN_POINT('',(98.75,-3.273502691896,5.));
#826=CARTESIAN_POINT('',(98.25,-1.830127018922,7.5));
#827=CARTESIAN_POINT('',(97.75,-0.386751345948,10.));
#828=CARTESIAN_POINT('',(97.25,2.5,10.));
#829=CARTESIAN_POINT('',(96.75,5.386751345948,10.));
#830=CARTESIAN_POINT('',(96.25,6.830127018922,7.5));
#831=CARTESIAN_POINT('',(95.75,8.273502691896,5.));
#832=CARTESIAN_POINT('',(95.25,6.830127018922,2.5));
#833=CARTESIAN_POINT('',(94.75,5.386751345948,0.));
#834=CARTESIAN_POINT('',(94.25,2.5,0.));
#835=CARTESIAN_POINT('',(93.75,-0.386751345948,0.));
#836=CARTESIAN_POINT('',(93.25,-1.830127018922,2.5));
#837=CARTESIAN_POINT('',(92.75,-3.273502691896,5.));
#838=CARTESIAN_POINT('',(92.25,-1.830127018922,7.5));
#839=CARTESIAN_POINT('',(91.75,-0.386751345948,10.));
#840=CARTESIAN_POINT('',(91.25,2.5,10.));
#841=CARTESIAN_POINT('',(90.75,5.386751345948,10.));
#842=CARTESIAN_POINT('',(90.25,6.830127018922,7.5));
#843=CARTESIAN_POINT('',(89.75,8.273502691896,5.));
#844=CARTESIAN_POINT('',(89.25,6.830127018922,2.5));
#845=CARTESIAN_POINT('',(88.75,5.386751345948,0.));
#846=CARTESIAN_POINT('',(88.25,2.5,0.));
#847=CARTESIAN_POINT('',(87.75,-0.386751345948,0.));
#848=CARTESIAN_POINT('',(87.25,-1.830127018922,2.5));
#849=CARTESIAN_POINT('',(86.75,-3.273502691896,5.));
#850=CARTESIAN_POINT('',(86.25,-1.830127018922,7.5));
#851=CARTESIAN_POINT('',(85.75,-0.386751345948,10.));
#852=CARTESIAN_POINT('',(85.25,2.5,10.));
#853=CARTESIAN_POINT('',(84.75,5.386751345948,10.));
#854=CARTESIAN_POINT('',(84.25,6.830127018922,7.5));
#855=CARTESIAN_POINT('',(83.75,8.273502691896,5.));
#856=CARTESIAN_POINT('',(83.25,6.830127018922,2.5));
#857=CARTESIAN_POINT('',(82.75,5.386751345948,0.));
#858=CARTESIAN_POINT('',(82.25,2.5,0.));
#859=CARTESIAN_POINT('',(81.75,-0.386751345948,0.));
#860=CARTESIAN_POINT('',(81.25,-1.830127018922,2.5));
#861=CARTESIAN_POINT('',(80.75,-3.273502691896,5.));
#862=CARTESIAN_POINT('',(80.25,-1.830127018922,7.5));
#863=CARTESIAN_POINT('',(79.75,-0.386751345948,10.));
#864=CARTESIAN_POINT('',(79.25,2.5,10.));
#865=CARTESIAN_POINT('',(78.75,5.386751345948,10.));
#866=CARTESIAN_POINT('',(78.25,6.830127018922,7.5));
#867=CARTESIAN_POINT('',(77.75,8.273502691896,5.));
#868=CARTESIAN_POINT('',(77.25,6.830127018922,2.5));
#869=CARTESIAN_POINT('',(76.75,5.386751345948,0.));
#870=CARTESIAN_POINT('',(76.25,2.5,0.));
#871=CARTESIAN_POINT('',(75.75,-0.386751345948,0.));
#872=CARTESIAN_POINT('',(75.25,-1.830127018922,2.5));
#873=CARTESIAN_POINT('',(74.75,-3.273502691896,5.));
#874=CARTESIAN_POINT('',(74.25,-1.830127018922,7.5));
#875=CARTESIAN_POINT('',(73.75,-0.386751345948,10.));
#876=CARTESIAN_POINT('',(73.25,2.5,10.));
#877=CARTESIAN_POINT('',(72.75,5.386751345948,10.));
#878=CARTESIAN_POINT('',(72.25,6.830127018922,7.5));
#879=CARTESIAN_POINT('',(71.75,8.273502691896,5.));
#880=CARTESIAN_POINT('',(71.25,6.830127018922,2.5));
#881=CARTESIAN_POINT('',(70.75,5.386751345948,0.));
#882=CARTESIAN_POINT('',(70.25,2.5,0.));
#883=CARTESIAN_POINT('',(69.75,-0.386751345948,0.));
#884=CARTESIAN_POINT('',(69.25,-1.830127018922,2.5));
#885=CARTESIAN_POINT('',(68.75,-3.273502691896,5.));
#886=CARTESIAN_POINT('',(68.25,-1.830127018922,7.5));
#887=CARTESIAN_POINT('',(67.75,-0.386751345948,10.));
#888=CARTESIAN_POINT('',(67.25,2.5,10.));
#889=CARTESIAN_POINT('',(66.75,5.386751345948,10.));
#890=CARTESIAN_POINT('',(66.25,6.830127018922,7.5));
#891=CARTESIAN_POINT('',(65.75,8.273502691896,5.));
#892=CARTESIAN_POINT('',(65.25,6.830127018922,2.5));
#893=CARTESIAN_POINT('',(64.75,5.386751345948,0.));
#894=CARTESIAN_POINT('',(64.25,2.5,0.));
#895=CARTESIAN_POINT('',(63.75,-0.386751345948,0.));
#896=CARTESIAN_POINT('',(63.25,-1.830127018922,2.5));
#897=CARTESIAN_POINT('',(62.75,-3.273502691896,5.));
#898=CARTESIAN_POINT('',(62.25,-1.830127018922,7.5));
#899=CARTESIAN_POINT('',(61.75,-0.386751345948,10.));
#900=CARTESIAN_POINT('',(61.25,2.5,10.));
#901=CARTESIAN_POINT('',(60.75,5.386751345948,10.));
#902=CARTESIAN_POINT('',(60.25,6.830127018922,7.5));
#903=CARTESIAN_POINT('',(59.75,8.273502691896,5.));
#904=CARTESIAN_POINT('',(59.25,6.830127018922,2.5));
#905=CARTESIAN_POINT('',(58.75,5.386751345948,0.));
#906=CARTESIAN_POINT('',(58.25,2.5,0.));
#907=CARTESIAN_POINT('',(57.75,-0.386751345948,0.));
#908=CARTESIAN_POINT('',(57.25,-1.830127018922,2.5));
#909=CARTESIAN_POINT('',(56.75,-3.273502691896,5.));
#910=CARTESIAN_POINT('',(56.25,-1.830127018922,7.5));
#911=CARTESIAN_POINT('',(55.75,-0.386751345948,10.));
#912=CARTESIAN_POINT('',(55.25,2.5,10.));
#913=CARTESIAN_POINT('',(54.75,5.386751345948,10.));
#914=CARTESIAN_POINT('',(54.25,6.830127018922,7.5));
#915=CARTESIAN_POINT('',(53.75,8.273502691896,5.));
#916=CARTESIAN_POINT('',(53.25,6.830127018922,2.5));
#917=CARTESIAN_POINT('',(52.75,5.386751345948,0.));
#918=CARTESIAN_POINT('',(52.25,2.5,0.));
#919=CARTESIAN_POINT('',(51.75,-0.386751345948,0.));
#920=CARTESIAN_POINT('',(51.25,-1.830127018922,2.5));
#921=CARTESIAN_POINT('',(50.75,-3.273502691896,5.));
#922=CARTESIAN_POINT('',(50.25,-1.830127018922,7.5));
#923=CARTESIAN_POINT('',(49.75,-0.386751345948,10.));
#924=CARTESIAN_POINT('',(49.25,2.5,10.));
#925=CARTESIAN_POINT('',(48.75,5.386751345948,10.));
#926=CARTESIAN_POINT('',(48.25,6.830127018922,7.5));
#927=CARTESIAN_POINT('',(47.75,8.273502691896,5.));
#928=CARTESIAN_POINT('',(47.25,6.830127018922,2.5));
#929=CARTESIAN_POINT('',(46.75,5.386751345948,0.));
#930=CARTESIAN_POINT('',(46.25,2.5,0.));
#931=CARTESIAN_POINT('',(45.75,-0.386751345948,0.));
#932=CARTESIAN_POINT('',(45.25,-1.830127018922,2.5));
#933=CARTESIAN_POINT('',(44.75,-3.273502691896,5.));
#934=CARTESIAN_POINT('',(44.25,-1.830127018922,7.5));
#935=CARTESIAN_POINT('',(43.75,-0.386751345948,10.));
#936=CARTESIAN_POINT('',(43.25,2.5,10.));
#937=CARTESIAN_POINT('',(42.75,5.386751345948,10.));
#938=CARTESIAN_POINT('',(42.25,6.830127018922,7.5));
#939=CARTESIAN_POINT('',(41.75,8.273502691896,5.));
#940=CARTESIAN_POINT('',(41.25,6.830127018922,2.5));
#941=CARTESIAN_POINT('',(40.75,5.386751345948,0.));
#942=CARTESIAN_POINT('',(40.25,2.5,0.));
#943=CARTESIAN_POINT('',(39.75,-0.386751345948,0.));
#944=CARTESIAN_POINT('',(39.25,-1.830127018922,2.5));
#945=CARTESIAN_POINT('',(38.75,-3.273502691896,5.));
#946=CARTESIAN_POINT('',(38.25,-1.830127018922,7.5));
#947=CARTESIAN_POINT('',(37.75,-0.386751345948,10.));
#948=CARTESIAN_POINT('',(37.25,2.5,10.));
#949=CARTESIAN_POINT('',(36.75,5.386751345948,10.));
#950=CARTESIAN_POINT('',(36.25,6.830127018922,7.5));
#951=CARTESIAN_POINT('',(35.75,8.273502691896,5.));
#952=CARTESIAN_POINT('',(35.25,6.830127018922,2.5));
#953=CARTESIAN_POINT('',(34.75,5.386751345948,0.));
#954=CARTESIAN_POINT('',(34.25,2.5,0.));
#955=(BOUNDED_CURVE()B_SPLINE_CURVE(2,(#558,#559,#560,#561,#562,#563,#564,#565,#566,#567,#568,#569,#570,#571,#572,#573,#574,#575,#576,#577,#578,#579,#580,#581,#582,#583,#584,#585,#586,#587,#588,#589,#590,#591,#592,#593,#594,#595,#596,#597,#598,#599,#600,#601,#602,#603,#604,#605,#606,#607,#608,#609,#610,#611,#612,#613,#614,#615,#616,#617,#618,#619,#620,#621,#622,#623,#624,#625,#626,#627,#628,#629,#630,#631,#632,#633,#634,#635,#636,#637,#638,#639,#640,#641,#642,#643,#644,#645,#646,#647,#648,#649,#650,#651,#652,#653,#654,#655,#656,#657,#658,#659,#660,#661,#662,#663,#664,#665,#666,#667,#668,#669,#670,#671,#672,#673,#674,#675,#676,#677,#678,#679,#680,#681,#682,#683,#684,#685,#686,#687,#688,#689,#690,#691,#692,#693,#694,#695,#696,#697,#698,#699,#700,#701,#702,#703,#704,#705,#706,#707,#708,#709,#710,#711,#712,#713,#714,#715,#716,#717,#718,#719,#720,#721,#722,#723,#724,#725,#726,#727,#728,#729,#730,#731,#732,#733,#734,#735,#736,#737,#738,#739,#740,#741,#742,#743,#744,#745,#746,#747,#748,#749,#750,#751,#752,#753,#754,#755,#756,#757,#758,#759,#760,#761,#762,#763,#764,#765,#766,#767,#768,#769,#770,#771,#772,#773,#774,#775,#776,#777,#778,#779,#780,#781,#782,#783,#784,#785,#786,#787,#788,#789,#790,#791,#792,#793,#794,#795,#796,#797,#798,#799,#800,#801,#802,#803,#804,#805,#806,#807,#808,#809,#810,#811,#812,#813,#814,#815,#816,#817,#818,#819,#820,#821,#822,#823,#824,#825,#826,#827,#828,#829,#830,#831,#832,#833,#834,#835,#836,#837,#838,#839,#840,#841,#842,#843,#844,#845,#846,#847,#848,#849,#850,#851,#852,#853,#854,#855,#856,#857,#858,#859,#860,#861,#862,#863,#864,#865,#866,#867,#868,#869,#870,#871,#872,#873,#874,#875,#876,#877,#878,#879,#880,#881,#882,#883,#884,#885,#886,#887,#888,#889,#890,#891,#892,#893,#894,#895,#896,#897,#898,#899,#900,#901,#902,#903,#904,#905,#906,#907,#908,#909,#910,#911,#912,#913,#914,#915,#916,#917,#918,#919,#920,#921,#922,#923,#924,#925,#926,#927,#928,#929,#930,#931,#932,#933,#934,#935,#936,#937,#938,#939,#940,#941,#942,#943,#944,#945,#946,#947,#948,#949,#950,#951,#952,#953,#954),.UNSPECIFIED.,.F.,.F.)B_SPLINE_CURVE_WITH_KNOTS((3,2,2,2,2,2,2,2,2,2,2,2,2,2,2,2,2,2,2,2,2,2,2,2,2,2,2,2,2,2,2,2,2,2,2,2,2,2,2,2,2,2,2,2,2,2,2,2,2,2,2,2,2,2,2,2,2,2,2,2,2,2,2,2,2,2,2,2,2,2,2,2,2,2,2,2,2,2,2,2,2,2,2,2,2,2,2,2,2,2,2,2,2,2,2,2,2,2,2,2,2,2,2,2,2,2,2,2,2,2,2,2,2,2,2,2,2,2,2,2,2,2,2,2,2,2,2,2,2,2,2,2,2,2,2,2,2,2,2,2,2,2,2,2,2,2,2,2,2,2,2,2,2,2,2,2,2,2,2,2,2,2,2,2,2,2,2,2,2,2,2,2,2,2,2,2,2,2,2,2,2,2,2,2,2,2,2,2,2,2,2,2,2,2,2,2,2,2,3),(-1726.12398164211,-1717.40618375503,-1708.68838586795,-1699.97058798087,-1691.25279009378,-1682.5349922067,-1673.81719431962,-1665.09939643254,-1656.38159854546,-1647.66380065838,-1638.9460027713,-1630.22820488421,-1621.51040699713,-1612.79260911005,-1604.07481122297,-1595.35701333589,-1586.63921544881,-1577.92141756173,-1569.20361967464,-1560.48582178756,-1551.76802390048,-1543.0502260134,-1534.33242812632,-1525.61463023924,-1516.89683235216,-1508.17903446508,-1499.46123657799,-1490.74343869091,-1482.02564080383,-1473.30784291675,-1464.59004502967,-1455.87224714259,-1447.1544492555,-1438.43665136842,-1429.71885348134,-1421.00105559426,-1412.28325770718,-1403.5654598201,-1394.84766193302,-1386.12986404594,-1377.41206615885,-1368.69426827177,-1359.97647038469,-1351.25867249761,-1342.54087461053,-1333.82307672345,-1325.10527883637,-1316.38748094929,-1307.6696830622,-1298.95188517512,-1290.23408728804,-1281.51628940096,-1272.79849151388,-1264.0806936268,-1255.36289573971,-1246.64509785263,-1237.92729996555,-1229.20950207847,-1220.49170419139,-1211.77390630431,-1203.05610841723,-1194.33831053015,-1185.62051264306,-1176.90271475598,-1168.1849168689,-1159.46711898182,-1150.74932109474,-1142.03152320766,-1133.31372532058,-1124.5959274335,-1115.87812954641,-1107.16033165933,-1098.44253377225,-1089.72473588517,-1081.00693799809,-1072.28914011101,-1063.57134222393,-1054.85354433684,-1046.13574644976,-1037.41794856268,-1028.7001506756,-1019.98235278852,-1011.26455490144,-1002.54675701436,-993.828959127275,-985.111161240194,-976.393363353113,-967.675565466031,-958.95776757895,-950.239969691869,-941.522171804786,-932.804373917705,-924.086576030623,-915.368778143542,-906.650980256461,-897.93318236938,-889.215384482298,-880.497586595217,-871.779788708136,-863.061990821054,-854.344192933973,-845.626395046892,-836.908597159811,-828.190799272729,-819.473001385648,-810.755203498567,-802.037405611485,-793.319607724404,-784.601809837323,-775.884011950242,-767.166214063159,-758.448416176079,-749.730618288996,-741.012820401917,-732.295022514835,-723.577224627752,-714.859426740671,-706.14162885359,-697.423830966508,-688.706033079427,-679.988235192346,-671.270437305265,-662.552639418184,-653.834841531102,-645.117043644021,-636.39924575694,-627.681447869858,-618.963649982775,-610.245852095694,-601.528054208615,-592.810256321532,-584.092458434452,-575.374660547371,-566.65686266029,-557.939064773206,-549.221266886125,-540.503468999044,-531.785671111963,-523.067873224881,-514.3500753378,-505.632277450719,-496.914479563638,-488.196681676556,-479.478883789475,-470.761085902394,-462.043288015311,-453.325490128229,-444.60769224115,-435.889894354067,-427.172096466986,-418.454298579906,-409.736500692825,-401.018702805742,-392.300904918662,-383.583107031579,-374.865309144498,-366.147511257417,-357.429713370336,-348.711915483254,-339.994117596173,-331.276319709092,-322.55852182201,-313.840723934929,-305.122926047848,-296.405128160765,-287.687330273685,-278.969532386602,-270.251734499523,-261.53393661244,-252.816138725359,-244.098340838277,-235.380542951196,-226.662745064115,-217.944947177033,-209.227149289952,-200.509351402871,-191.79155351579,-183.073755628708,-174.355957741627,-165.638159854546,-156.920361967464,-148.202564080383,-139.484766193302,-130.76696830622,-122.049170419139,-113.331372532058,-104.613574644976,-95.895776757895,-87.177978870814,-78.460180983732,-69.742383096651,-61.02458520957,-52.306787322488,-43.588989435407,-34.871191548325,-26.153393661244,-17.435595774163,-8.717797887081,0.),.UNSPECIFIED.)CURVE()GEOMETRIC_REPRESENTATION_ITEM()RATIONAL_B_SPLINE_CURVE((1.,0.866025403784,1.,0.866025403784,1.,0.866025403784,1.,0.866025403784,1.,0.866025403784,1.,0.866025403784,1.,0.866025403784,1.,0.866025403784,1.,0.866025403784,1.,0.866025403784,1.,0.866025403784,1.,0.866025403784,1.,0.866025403784,1.,0.866025403784,1.,0.866025403784,1.,0.866025403784,1.,0.866025403784,1.,0.866025403784,1.,0.866025403784,1.,0.866025403784,1.,0.866025403784,1.,0.866025403784,1.,0.866025403784,1.,0.866025403784,1.,0.866025403784,1.,0.866025403784,1.,0.866025403784,1.,0.866025403784,1.,0.866025403784,1.,0.866025403784,1.,0.866025403784,1.,0.866025403784,1.,0.866025403784,1.,0.866025403784,1.,0.866025403784,1.,0.866025403784,1.,0.866025403784,1.,0.866025403784,1.,0.866025403784,1.,0.866025403784,1.,0.866025403784,1.,0.866025403784,1.,0.866025403784,1.,0.866025403784,1.,0.866025403784,1.,0.866025403784,1.,0.866025403784,1.,0.866025403784,1.,0.866025403784,1.,0.866025403784,1.,0.866025403784,1.,0.866025403784,1.,0.866025403784,1.,0.866025403784,1.,0.866025403784,1.,0.866025403784,1.,0.866025403784,1.,0.866025403784,1.,0.866025403784,1.,0.866025403784,1.,0.866025403784,1.,0.866025403784,1.,0.866025403784,1.,0.866025403784,1.,0.866025403784,1.,0.866025403784,1.,0.866025403784,1.,0.866025403784,1.,0.866025403784,1.,0.866025403784,1.,0.866025403784,1.,0.866025403784,1.,0.866025403784,1.,0.866025403784,1.,0.866025403784,1.,0.866025403784,1.,0.866025403784,1.,0.866025403784,1.,0.866025403784,1.,0.866025403784,1.,0.866025403784,1.,0.866025403784,1.,0.866025403784,1.,0.866025403784,1.,0.866025403784,1.,0.866025403784,1.,0.866025403784,1.,0.866025403784,1.,0.866025403784,1.,0.866025403784,1.,0.866025403784,1.,0.866025403784,1.,0.866025403784,1.,0.866025403784,1.,0.866025403784,1.,0.866025403784,1.,0.866025403784,1.,0.866025403784,1.,0.866025403784,1.,0.866025403784,1.,0.866025403784,1.,0.866025403784,1.,0.866025403784,1.,0.866025403784,1.,0.866025403784,1.,0.866025403784,1.,0.866025403784,1.,0.866025403784,1.,0.866025403784,1.,0.866025403784,1.,0.866025403784,1.,0.866025403784,1.,0.866025403784,1.,0.866025403784,1.,0.866025403784,1.,0.866025403784,1.,0.866025403784,1.,0.866025403784,1.,0.866025403784,1.,0.866025403784,1.,0.866025403784,1.,0.866025403784,1.,0.866025403784,1.,0.866025403784,1.,0.866025403784,1.,0.866025403784,1.,0.866025403784,1.,0.866025403784,1.,0.866025403784,1.,0.866025403784,1.,0.866025403784,1.,0.866025403784,1.,0.866025403784,1.,0.866025403784,1.,0.866025403784,1.,0.866025403784,1.,0.866025403784,1.,0.866025403784,1.,0.866025403784,1.,0.866025403784,1.,0.866025403784,1.,0.866025403784,1.,0.866025403784,1.,0.866025403784,1.,0.866025403784,1.,0.866025403784,1.,0.866025403784,1.,0.866025403784,1.,0.866025403784,1.,0.866025403784,1.,0.866025403784,1.,0.866025403784,1.,0.866025403784,1.,0.866025403784,1.,0.866025403784,1.,0.866025403784,1.,0.866025403784,1.,0.866025403784,1.,0.866025403784,1.,0.866025403784,1.,0.866025403784,1.,0.866025403784,1.,0.866025403784,1.,0.866025403784,1.,0.866025403784,1.,0.866025403784,1.,0.866025403784,1.,0.866025403784,1.,0.866025403784,1.,0.866025403784,1.,0.866025403784,1.,0.866025403784,1.,0.866025403784,1.,0.866025403784,1.,0.866025403784,1.,0.866025403784,1.,0.866025403784,1.,0.866025403784,1.,0.866025403784,1.,0.866025403784,1.,0.866025403784,1.,0.866025403784,1.,0.866025403784,1.,0.866025403784,1.,0.866025403784,1.,0.866025403784,1.,0.866025403784,1.,0.866025403784,1.,0.866025403784,1.,0.866025403784,1.,0.866025403784,1.,0.866025403784,1.,0.866025403784,1.,0.866025403784,1.,0.866025403784,1.,0.866025403784,1.,0.866025403784,1.,0.866025403784,1.))REPRESENTATION_ITEM(''));
#956=EDGE_CURVE('',#555,#557,#955,.T.);
#957=ORIENTED_EDGE('',*,*,#956,.T.);
#958=CARTESIAN_POINT('',(34.25,2.5,0.));
#959=VERTEX_POINT('',#958);
#960=CARTESIAN_POINT('',(31.75,2.5,0.));
#961=VERTEX_POINT('',#960);
#962=CARTESIAN_POINT('',(33.,2.5,0.));
#963=DIRECTION('',(0.,1.,0.));
#964=DIRECTION('',(-1.,0.,0.));
#965=AXIS2_PLACEMENT_3D('',#962,#963,#964);
#966=CIRCLE('',#965,1.25);
#967=EDGE_CURVE('',#959,#961,#966,.T.);
#968=ORIENTED_EDGE('',*,*,#967,.T.);
#969=CARTESIAN_POINT('',(31.75,2.5,0.));
#970=VERTEX_POINT('',#969);
#971=CARTESIAN_POINT('',(33.,2.5,1.25));
#972=VERTEX_POINT('',#971);
#973=CARTESIAN_POINT('',(33.,2.5,0.));
#974=DIRECTION('',(0.,1.,0.));
#975=DIRECTION('',(-1.,0.,0.));
#976=AXIS2_PLACEMENT_3D('',#973,#974,#975);
#977=CIRCLE('',#976,1.25);
#978=EDGE_CURVE('',#970,#972,#977,.T.);
#979=ORIENTED_EDGE('',*,*,#978,.T.);
#980=CARTESIAN_POINT('',(33.,2.5,1.25));
#981=VERTEX_POINT('',#980);
#982=CARTESIAN_POINT('',(34.25,2.5,0.));
#983=VERTEX_POINT('',#982);
#984=CARTESIAN_POINT('',(33.,2.5,0.));
#985=DIRECTION('',(0.,1.,0.));
#986=DIRECTION('',(-1.,0.,0.));
#987=AXIS2_PLACEMENT_3D('',#984,#985,#986);
#988=CIRCLE('',#987,1.25);
#989=EDGE_CURVE('',#981,#983,#988,.T.);
#990=ORIENTED_EDGE('',*,*,#989,.T.);
#991=CARTESIAN_POINT('',(34.25,2.5,0.));
#992=VERTEX_POINT('',#991);
#993=CARTESIAN_POINT('',(232.25,2.5,0.));
#994=VERTEX_POINT('',#993);
#995=CARTESIAN_POINT('',(34.25,2.5,0.));
#996=CARTESIAN_POINT('',(34.75,5.386751345948,0.));
#997=CARTESIAN_POINT('',(35.25,6.830127018922,2.5));
#998=CARTESIAN_POINT('',(35.75,8.273502691896,5.));
#999=CARTESIAN_POINT('',(36.25,6.830127018922,7.5));
#1000=CARTESIAN_POINT('',(36.75,5.386751345948,10.));
#1001=CARTESIAN_POINT('',(37.25,2.5,10.));
#1002=CARTESIAN_POINT('',(37.75,-0.386751345948,10.));
#1003=CARTESIAN_POINT('',(38.25,-1.830127018922,7.5));
#1004=CARTESIAN_POINT('',(38.75,-3.273502691896,5.));
#1005=CARTESIAN_POINT('',(39.25,-1.830127018922,2.5));
#1006=CARTESIAN_POINT('',(39.75,-0.386751345948,0.));
#1007=CARTESIAN_POINT('',(40.25,2.5,0.));
#1008=CARTESIAN_POINT('',(40.75,5.386751345948,0.));
#1009=CARTESIAN_POINT('',(41.25,6.830127018922,2.5));
#1010=CARTESIAN_POINT('',(41.75,8.273502691896,5.));
#1011=CARTESIAN_POINT('',(42.25,6.830127018922,7.5));
#1012=CARTESIAN_POINT('',(42.75,5.386751345948,10.));
#1013=CARTESIAN_POINT('',(43.25,2.5,10.));
#1014=CARTESIAN_POINT('',(43.75,-0.386751345948,10.));
#1015=CARTESIAN_POINT('',(44.25,-1.830127018922,7.5));
#1016=CARTESIAN_POINT('',(44.75,-3.273502691896,5.));
#1017=CARTESIAN_POINT('',(45.25,-1.830127018922,2.5));
#1018=CARTESIAN_POINT('',(45.75,-0.386751345948,0.));
#1019=CARTESIAN_POINT('',(46.25,2.5,0.));
#1020=CARTESIAN_POINT('',(46.75,5.386751345948,0.));
#1021=CARTESIAN_POINT('',(47.25,6.830127018922,2.5));
#1022=CARTESIAN_POINT('',(47.75,8.273502691896,5.));
#1023=CARTESIAN_POINT('',(48.25,6.830127018922,7.5));
#1024=CARTESIAN_POINT('',(48.75,5.386751345948,10.));
#1025=CARTESIAN_POINT('',(49.25,2.5,10.));
#1026=CARTESIAN_POINT('',(49.75,-0.386751345948,10.));
#1027=CARTESIAN_POINT('',(50.25,-1.830127018922,7.5));
#1028=CARTESIAN_POINT('',(50.75,-3.273502691896,5.));
#1029=CARTESIAN_POINT('',(51.25,-1.830127018922,2.5));
#1030=CARTESIAN_POINT('',(51.75,-0.386751345948,0.));
#1031=CARTESIAN_POINT('',(52.25,2.5,0.));
#1032=CARTESIAN_POINT('',(52.75,5.386751345948,0.));
#1033=CARTESIAN_POINT('',(53.25,6.830127018922,2.5));
#1034=CARTESIAN_POINT('',(53.75,8.273502691896,5.));
#1035=CARTESIAN_POINT('',(54.25,6.830127018922,7.5));
#1036=CARTESIAN_POINT('',(54.75,5.386751345948,10.));
#1037=CARTESIAN_POINT('',(55.25,2.5,10.));
#1038=CARTESIAN_POINT('',(55.75,-0.386751345948,10.));
#1039=CARTESIAN_POINT('',(56.25,-1.830127018922,7.5));
#1040=CARTESIAN_POINT('',(56.75,-3.273502691896,5.));
#1041=CARTESIAN_POINT('',(57.25,-1.830127018922,2.5));
#1042=CARTESIAN_POINT('',(57.75,-0.386751345948,0.));
#1043=CARTESIAN_POINT('',(58.25,2.5,0.));
#1044=CARTESIAN_POINT('',(58.75,5.386751345948,0.));
#1045=CARTESIAN_POINT('',(59.25,6.830127018922,2.5));
#1046=CARTESIAN_POINT('',(59.75,8.273502691896,5.));
#1047=CARTESIAN_POINT('',(60.25,6.830127018922,7.5));
#1048=CARTESIAN_POINT('',(60.75,5.386751345948,10.));
#1049=CARTESIAN_POINT('',(61.25,2.5,10.));
#1050=CARTESIAN_POINT('',(61.75,-0.386751345948,10.));
#1051=CARTESIAN_POINT('',(62.25,-1.830127018922,7.5));
#1052=CARTESIAN_POINT('',(62.75,-3.273502691896,5.));
#1053=CARTESIAN_POINT('',(63.25,-1.830127018922,2.5));
#1054=CARTESIAN_POINT('',(63.75,-0.386751345948,0.));
#1055=CARTESIAN_POINT('',(64.25,2.5,0.));
#1056=CARTESIAN_POINT('',(64.75,5.386751345948,0.));
#1057=CARTESIAN_POINT('',(65.25,6.830127018922,2.5));
#1058=CARTESIAN_POINT('',(65.75,8.273502691896,5.));
#1059=CARTESIAN_POINT('',(66.25,6.830127018922,7.5));
#1060=CARTESIAN_POINT('',(66.75,5.386751345948,10.));
#1061=CARTESIAN_POINT('',(67.25,2.5,10.));
#1062=CARTESIAN_POINT('',(67.75,-0.386751345948,10.));
#1063=CARTESIAN_POINT('',(68.25,-1.830127018922,7.5));
#1064=CARTESIAN_POINT('',(68.75,-3.273502691896,5.));
#1065=CARTESIAN_POINT('',(69.25,-1.830127018922,2.5));
#1066=CARTESIAN_POINT('',(69.75,-0.386751345948,0.));
#1067=CARTESIAN_POINT('',(70.25,2.5,0.));
#1068=CARTESIAN_POINT('',(70.75,5.386751345948,0.));
#1069=CARTESIAN_POINT('',(71.25,6.830127018922,2.5));
#1070=CARTESIAN_POINT('',(71.75,8.273502691896,5.));
#1071=CARTESIAN_POINT('',(72.25,6.830127018922,7.5));
#1072=CARTESIAN_POINT('',(72.75,5.386751345948,10.));
#1073=CARTESIAN_POINT('',(73.25,2.5,10.));
#1074=CARTESIAN_POINT('',(73.75,-0.386751345948,10.));
#1075=CARTESIAN_POINT('',(74.25,-1.830127018922,7.5));
#1076=CARTESIAN_POINT('',(74.75,-3.273502691896,5.));
#1077=CARTESIAN_POINT('',(75.25,-1.830127018922,2.5));
#1078=CARTESIAN_POINT('',(75.75,-0.386751345948,0.));
#1079=CARTESIAN_POINT('',(76.25,2.5,0.));
#1080=CARTESIAN_POINT('',(76.75,5.386751345948,0.));
#1081=CARTESIAN_POINT('',(77.25,6.830127018922,2.5));
#1082=CARTESIAN_POINT('',(77.75,8.273502691896,5.));
#1083=CARTESIAN_POINT('',(78.25,6.830127018922,7.5));
#1084=CARTESIAN_POINT('',(78.75,5.386751345948,10.));
#1085=CARTESIAN_POINT('',(79.25,2.5,10.));
#1086=CARTESIAN_POINT('',(79.75,-0.386751345948,10.));
#1087=CARTESIAN_POINT('',(80.25,-1.830127018922,7.5));
#1088=CARTESIAN_POINT('',(80.75,-3.273502691896,5.));
#1089=CARTESIAN_POINT('',(81.25,-1.830127018922,2.5));
#1090=CARTESIAN_POINT('',(81.75,-0.386751345948,0.));
#1091=CARTESIAN_POINT('',(82.25,2.5,0.));
#1092=CARTESIAN_POINT('',(82.75,5.386751345948,0.));
#1093=CARTESIAN_POINT('',(83.25,6.830127018922,2.5));
#1094=CARTESIAN_POINT('',(83.75,8.273502691896,5.));
#1095=CARTESIAN_POINT('',(84.25,6.830127018922,7.5));
#1096=CARTESIAN_POINT('',(84.75,5.386751345948,10.));
#1097=CARTESIAN_POINT('',(85.25,2.5,10.));
#1098=CARTESIAN_POINT('',(85.75,-0.386751345948,10.));
#1099=CARTESIAN_POINT('',(86.25,-1.830127018922,7.5));
#1100=CARTESIAN_POINT('',(86.75,-3.273502691896,5.));
#1101=CARTESIAN_POINT('',(87.25,-1.830127018922,2.5));
#1102=CARTESIAN_POINT('',(87.75,-0.386751345948,0.));
#1103=CARTESIAN_POINT('',(88.25,2.5,0.));
#1104=CARTESIAN_POINT('',(88.75,5.386751345948,0.));
#1105=CARTESIAN_POINT('',(89.25,6.830127018922,2.5));
#1106=CARTESIAN_POINT('',(89.75,8.273502691896,5.));
#1107=CARTESIAN_POINT('',(90.25,6.830127018922,7.5));
#1108=CARTESIAN_POINT('',(90.75,5.386751345948,10.));
#1109=CARTESIAN_POINT('',(91.25,2.5,10.));
#1110=CARTESIAN_POINT('',(91.75,-0.386751345948,10.));
#1111=CARTESIAN_POINT('',(92.25,-1.830127018922,7.5));
#1112=CARTESIAN_POINT('',(92.75,-3.273502691896,5.));
#1113=CARTESIAN_POINT('',(93.25,-1.830127018922,2.5));
#1114=CARTESIAN_POINT('',(93.75,-0.386751345948,0.));
#1115=CARTESIAN_POINT('',(94.25,2.5,0.));
#1116=CARTESIAN_POINT('',(94.75,5.386751345948,0.));
#1117=CARTESIAN_POINT('',(95.25,6.830127018922,2.5));
#1118=CARTESIAN_POINT('',(95.75,8.273502691896,5.));
#1119=CARTESIAN_POINT('',(96.25,6.830127018922,7.5));
#1120=CARTESIAN_POINT('',(96.75,5.386751345948,10.));
#1121=CARTESIAN_POINT('',(97.25,2.5,10.));
#1122=CARTESIAN_POINT('',(97.75,-0.386751345948,10.));
#1123=CARTESIAN_POINT('',(98.25,-1.830127018922,7.5));
#1124=CARTESIAN_POINT('',(98.75,-3.273502691896,5.));
#1125=CARTESIAN_POINT('',(99.25,-1.830127018922,2.5));
#1126=CARTESIAN_POINT('',(99.75,-0.386751345948,0.));
#1127=CARTESIAN_POINT('',(100.25,2.5,0.));
#1128=CARTESIAN_POINT('',(100.75,5.386751345948,0.));
#1129=CARTESIAN_POINT('',(101.25,6.830127018922,2.5));
#1130=CARTESIAN_POINT('',(101.75,8.273502691896,5.));
#1131=CARTESIAN_POINT('',(102.25,6.830127018922,7.5));
#1132=CARTESIAN_POINT('',(102.75,5.386751345948,10.));
#1133=CARTESIAN_POINT('',(103.25,2.5,10.));
#1134=CARTESIAN_POINT('',(103.75,-0.386751345948,10.));
#1135=CARTESIAN_POINT('',(104.25,-1.830127018922,7.5));
#1136=CARTESIAN_POINT('',(104.75,-3.273502691896,5.));
#1137=CARTESIAN_POINT('',(105.25,-1.830127018922,2.5));
#1138=CARTESIAN_POINT('',(105.75,-0.386751345948,0.));
#1139=CARTESIAN_POINT('',(106.25,2.5,0.));
#1140=CARTESIAN_POINT('',(106.75,5.386751345948,0.));
#1141=CARTESIAN_POINT('',(107.25,6.830127018922,2.5));
#1142=CARTESIAN_POINT('',(107.75,8.273502691896,5.));
#1143=CARTESIAN_POINT('',(108.25,6.830127018922,7.5));
#1144=CARTESIAN_POINT('',(108.75,5.386751345948,10.));
#1145=CARTESIAN_POINT('',(109.25,2.5,10.));
#1146=CARTESIAN_POINT('',(109.75,-0.386751345948,10.));
#1147=CARTESIAN_POINT('',(110.25,-1.830127018922,7.5));
#1148=CARTESIAN_POINT('',(110.75,-3.273502691896,5.));
#1149=CARTESIAN_POINT('',(111.25,-1.830127018922,2.5));
#1150=CARTESIAN_POINT('',(111.75,-0.386751345948,0.));
#1151=CARTESIAN_POINT('',(112.25,2.5,0.));
#1152=CARTESIAN_POINT('',(112.75,5.386751345948,0.));
#1153=CARTESIAN_POINT('',(113.25,6.830127018922,2.5));
#1154=CARTESIAN_POINT('',(113.75,8.273502691896,5.));
#1155=CARTESIAN_POINT('',(114.25,6.830127018922,7.5));
#1156=CARTESIAN_POINT('',(114.75,5.386751345948,10.));
#1157=CARTESIAN_POINT('',(115.25,2.5,10.));
#1158=CARTESIAN_POINT('',(115.75,-0.386751345948,10.));
#1159=CARTESIAN_POINT('',(116.25,-1.830127018922,7.5));
#1160=CARTESIAN_POINT('',(116.75,-3.273502691896,5.));
#1161=CARTESIAN_POINT('',(117.25,-1.830127018922,2.5));
#1162=CARTESIAN_POINT('',(117.75,-0.386751345948,0.));
#1163=CARTESIAN_POINT('',(118.25,2.5,0.));
#1164=CARTESIAN_POINT('',(118.75,5.386751345948,0.));
#1165=CARTESIAN_POINT('',(119.25,6.830127018922,2.5));
#1166=CARTESIAN_POINT('',(119.75,8.273502691896,5.));
#1167=CARTESIAN_POINT('',(120.25,6.830127018922,7.5));
#1168=CARTESIAN_POINT('',(120.75,5.386751345948,10.));
#1169=CARTESIAN_POINT('',(121.25,2.5,10.));
#1170=CARTESIAN_POINT('',(121.75,-0.386751345948,10.));
#1171=CARTESIAN_POINT('',(122.25,-1.830127018922,7.5));
#1172=CARTESIAN_POINT('',(122.75,-3.273502691896,5.));
#1173=CARTESIAN_POINT('',(123.25,-1.830127018922,2.5));
#1174=CARTESIAN_POINT('',(123.75,-0.386751345948,0.));
#1175=CARTESIAN_POINT('',(124.25,2.5,0.));
#1176=CARTESIAN_POINT('',(124.75,5.386751345948,0.));
#1177=CARTESIAN_POINT('',(125.25,6.830127018922,2.5));
#1178=CARTESIAN_POINT('',(125.75,8.273502691896,5.));
#1179=CARTESIAN_POINT('',(126.25,6.830127018922,7.5));
#1180=CARTESIAN_POINT('',(126.75,5.386751345948,10.));
#1181=CARTESIAN_POINT('',(127.25,2.5,10.));
#1182=CARTESIAN_POINT('',(127.75,-0.386751345948,10.));
#1183=CARTESIAN_POINT('',(128.25,-1.830127018922,7.5));
#1184=CARTESIAN_POINT('',(128.75,-3.273502691896,5.));
#1185=CARTESIAN_POINT('',(129.25,-1.830127018922,2.5));
#1186=CARTESIAN_POINT('',(129.75,-0.386751345948,0.));
#1187=CARTESIAN_POINT('',(130.25,2.5,0.));
#1188=CARTESIAN_POINT('',(130.75,5.386751345948,0.));
#1189=CARTESIAN_POINT('',(131.25,6.830127018922,2.5));
#1190=CARTESIAN_POINT('',(131.75,8.273502691896,5.));
#1191=CARTESIAN_POINT('',(132.25,6.830127018922,7.5));
#1192=CARTESIAN_POINT('',(132.75,5.386751345948,10.));
#1193=CARTESIAN_POINT('',(133.25,2.5,10.));
#1194=CARTESIAN_POINT('',(133.75,-0.386751345948,10.));
#1195=CARTESIAN_POINT('',(134.25,-1.830127018922,7.5));
#1196=CARTESIAN_POINT('',(134.75,-3.273502691896,5.));
#1197=CARTESIAN_POINT('',(135.25,-1.830127018922,2.5));
#1198=CARTESIAN_POINT('',(135.75,-0.386751345948,0.));
#1199=CARTESIAN_POINT('',(136.25,2.5,0.));
#1200=CARTESIAN_POINT('',(136.75,5.386751345948,0.));
#1201=CARTESIAN_POINT('',(137.25,6.830127018922,2.5));
#1202=CARTESIAN_POINT('',(137.75,8.273502691896,5.));
#1203=CARTESIAN_POINT('',(138.25,6.830127018922,7.5));
#1204=CARTESIAN_POINT('',(138.75,5.386751345948,10.));
#1205=CARTESIAN_POINT('',(139.25,2.5,10.));
#1206=CARTESIAN_POINT('',(139.75,-0.386751345948,10.));
#1207=CARTESIAN_POINT('',(140.25,-1.830127018922,7.5));
#1208=CARTESIAN_POINT('',(140.75,-3.273502691896,5.));
#1209=CARTESIAN_POINT('',(141.25,-1.830127018922,2.5));
#1210=CARTESIAN_POINT('',(141.75,-0.386751345948,0.));
#1211=CARTESIAN_POINT('',(142.25,2.5,0.));
#1212=CARTESIAN_POINT('',(142.75,5.386751345948,0.));
#1213=CARTESIAN_POINT('',(143.25,6.830127018922,2.5));
#1214=CARTESIAN_POINT('',(143.75,8.273502691896,5.));
#1215=CARTESIAN_POINT('',(144.25,6.830127018922,7.5));
#1216=CARTESIAN_POINT('',(144.75,5.386751345948,10.));
#1217=CARTESIAN_POINT('',(145.25,2.5,10.));
#1218=CARTESIAN_POINT('',(145.75,-0.386751345948,10.));
#1219=CARTESIAN_POINT('',(146.25,-1.830127018922,7.5));
#1220=CARTESIAN_POINT('',(146.75,-3.273502691896,5.));
#1221=CARTESIAN_POINT('',(147.25,-1.830127018922,2.5));
#1222=CARTESIAN_POINT('',(147.75,-0.386751345948,0.));
#1223=CARTESIAN_POINT('',(148.25,2.5,0.));
#1224=CARTESIAN_POINT('',(148.75,5.386751345948,0.));
#1225=CARTESIAN_POINT('',(149.25,6.830127018922,2.5));
#1226=CARTESIAN_POINT('',(149.75,8.273502691896,5.));
#1227=CARTESIAN_POINT('',(150.25,6.830127018922,7.5));
#1228=CARTESIAN_POINT('',(150.75,5.386751345948,10.));
#1229=CARTESIAN_POINT('',(151.25,2.5,10.));
#1230=CARTESIAN_POINT('',(151.75,-0.386751345948,10.));
#1231=CARTESIAN_POINT('',(152.25,-1.830127018922,7.5));
#1232=CARTESIAN_POINT('',(152.75,-3.273502691896,5.));
#1233=CARTESIAN_POINT('',(153.25,-1.830127018922,2.5));
#1234=CARTESIAN_POINT('',(153.75,-0.386751345948,0.));
#1235=CARTESIAN_POINT('',(154.25,2.5,0.));
#1236=CARTESIAN_POINT('',(154.75,5.386751345948,0.));
#1237=CARTESIAN_POINT('',(155.25,6.830127018922,2.5));
#1238=CARTESIAN_POINT('',(155.75,8.273502691896,5.));
#1239=CARTESIAN_POINT('',(156.25,6.830127018922,7.5));
#1240=CARTESIAN_POINT('',(156.75,5.386751345948,10.));
#1241=CARTESIAN_POINT('',(157.25,2.5,10.));
#1242=CARTESIAN_POINT('',(157.75,-0.386751345948,10.));
#1243=CARTESIAN_POINT('',(158.25,-1.830127018922,7.5));
#1244=CARTESIAN_POINT('',(158.75,-3.273502691896,5.));
#1245=CARTESIAN_POINT('',(159.25,-1.830127018922,2.5));
#1246=CARTESIAN_POINT('',(159.75,-0.386751345948,0.));
#1247=CARTESIAN_POINT('',(160.25,2.5,0.));
#1248=CARTESIAN_POINT('',(160.75,5.386751345948,0.));
#1249=CARTESIAN_POINT('',(161.25,6.830127018922,2.5));
#1250=CARTESIAN_POINT('',(161.75,8.273502691896,5.));
#1251=CARTESIAN_POINT('',(162.25,6.830127018922,7.5));
#1252=CARTESIAN_POINT('',(162.75,5.386751345948,10.));
#1253=CARTESIAN_POINT('',(163.25,2.5,10.));
#1254=CARTESIAN_POINT('',(163.75,-0.386751345948,10.));
#1255=CARTESIAN_POINT('',(164.25,-1.830127018922,7.5));
#1256=CARTESIAN_POINT('',(164.75,-3.273502691896,5.));
#1257=CARTESIAN_POINT('',(165.25,-1.830127018922,2.5));
#1258=CARTESIAN_POINT('',(165.75,-0.386751345948,0.));
#1259=CARTESIAN_POINT('',(166.25,2.5,0.));
#1260=CARTESIAN_POINT('',(166.75,5.386751345948,0.));
#1261=CARTESIAN_POINT('',(167.25,6.830127018922,2.5));
#1262=CARTESIAN_POINT('',(167.75,8.273502691896,5.));
#1263=CARTESIAN_POINT('',(168.25,6.830127018922,7.5));
#1264=CARTESIAN_POINT('',(168.75,5.386751345948,10.));
#1265=CARTESIAN_POINT('',(169.25,2.5,10.));
#1266=CARTESIAN_POINT('',(169.75,-0.386751345948,10.));
#1267=CARTESIAN_POINT('',(170.25,-1.830127018922,7.5));
#1268=CARTESIAN_POINT('',(170.75,-3.273502691896,5.));
#1269=CARTESIAN_POINT('',(171.25,-1.830127018922,2.5));
#1270=CARTESIAN_POINT('',(171.75,-0.386751345948,0.));
#1271=CARTESIAN_POINT('',(172.25,2.5,0.));
#1272=CARTESIAN_POINT('',(172.75,5.386751345948,0.));
#1273=CARTESIAN_POINT('',(173.25,6.830127018922,2.5));
#1274=CARTESIAN_POINT('',(173.75,8.273502691896,5.));
#1275=CARTESIAN_POINT('',(174.25,6.830127018922,7.5));
#1276=CARTESIAN_POINT('',(174.75,5.386751345948,10.));
#1277=CARTESIAN_POINT('',(175.25,2.5,10.));
#1278=CARTESIAN_POINT('',(175.75,-0.386751345948,10.));
#1279=CARTESIAN_POINT('',(176.25,-1.830127018922,7.5));
#1280=CARTESIAN_POINT('',(176.75,-3.273502691896,5.));
#1281=CARTESIAN_POINT('',(177.25,-1.830127018922,2.5));
#1282=CARTESIAN_POINT('',(177.75,-0.386751345948,0.));
#1283=CARTESIAN_POINT('',(178.25,2.5,0.));
#1284=CARTESIAN_POINT('',(178.75,5.386751345948,0.));
#1285=CARTESIAN_POINT('',(179.25,6.830127018922,2.5));
#1286=CARTESIAN_POINT('',(179.75,8.273502691896,5.));
#1287=CARTESIAN_POINT('',(180.25,6.830127018922,7.5));
#1288=CARTESIAN_POINT('',(180.75,5.386751345948,10.));
#1289=CARTESIAN_POINT('',(181.25,2.5,10.));
#1290=CARTESIAN_POINT('',(181.75,-0.386751345948,10.));
#1291=CARTESIAN_POINT('',(182.25,-1.830127018922,7.5));
#1292=CARTESIAN_POINT('',(182.75,-3.273502691896,5.));
#1293=CARTESIAN_POINT('',(183.25,-1.830127018922,2.5));
#1294=CARTESIAN_POINT('',(183.75,-0.386751345948,0.));
#1295=CARTESIAN_POINT('',(184.25,2.5,0.));
#1296=CARTESIAN_POINT('',(184.75,5.386751345948,0.));
#1297=CARTESIAN_POINT('',(185.25,6.830127018922,2.5));
#1298=CARTESIAN_POINT('',(185.75,8.273502691896,5.));
#1299=CARTESIAN_POINT('',(186.25,6.830127018922,7.5));
#1300=CARTESIAN_POINT('',(186.75,5.386751345948,10.));
#1301=CARTESIAN_POINT('',(187.25,2.5,10.));
#1302=CARTESIAN_POINT('',(187.75,-0.386751345948,10.));
#1303=CARTESIAN_POINT('',(188.25,-1.830127018922,7.5));
#1304=CARTESIAN_POINT('',(188.75,-3.273502691896,5.));
#1305=CARTESIAN_POINT('',(189.25,-1.830127018922,2.5));
#1306=CARTESIAN_POINT('',(189.75,-0.386751345948,0.));
#1307=CARTESIAN_POINT('',(190.25,2.5,0.));
#1308=CARTESIAN_POINT('',(190.75,5.386751345948,0.));
#1309=CARTESIAN_POINT('',(191.25,6.830127018922,2.5));
#1310=CARTESIAN_POINT('',(191.75,8.273502691896,5.));
#1311=CARTESIAN_POINT('',(192.25,6.830127018922,7.5));
#1312=CARTESIAN_POINT('',(192.75,5.386751345948,10.));
#1313=CARTESIAN_POINT('',(193.25,2.5,10.));
#1314=CARTESIAN_POINT('',(193.75,-0.386751345948,10.));
#1315=CARTESIAN_POINT('',(194.25,-1.830127018922,7.5));
#1316=CARTESIAN_POINT('',(194.75,-3.273502691896,5.));
#1317=CARTESIAN_POINT('',(195.25,-1.830127018922,2.5));
#1318=CARTESIAN_POINT('',(195.75,-0.386751345948,0.));
#1319=CARTESIAN_POINT('',(196.25,2.5,0.));
#1320=CARTESIAN_POINT('',(196.75,5.386751345948,0.));
#1321=CARTESIAN_POINT('',(197.25,6.830127018922,2.5));
#1322=CARTESIAN_POINT('',(197.75,8.273502691896,5.));
#1323=CARTESIAN_POINT('',(198.25,6.830127018922,7.5));
#1324=CARTESIAN_POINT('',(198.75,5.386751345948,10.));
#1325=CARTESIAN_POINT('',(199.25,2.5,10.));
#1326=CARTESIAN_POINT('',(199.75,-0.386751345948,10.));
#1327=CARTESIAN_POINT('',(200.25,-1.830127018922,7.5));
#1328=CARTESIAN_POINT('',(200.75,-3.273502691896,5.));
#1329=CARTESIAN_POINT('',(201.25,-1.830127018922,2.5));
#1330=CARTESIAN_POINT('',(201.75,-0.386751345948,0.));
#1331=CARTESIAN_POINT('',(202.25,2.5,0.));
#1332=CARTESIAN_POINT('',(202.75,5.386751345948,0.));
#1333=CARTESIAN_POINT('',(203.25,6.830127018922,2.5));
#1334=CARTESIAN_POINT('',(203.75,8.273502691896,5.));
#1335=CARTESIAN_POINT('',(204.25,6.830127018922,7.5));
#1336=CARTESIAN_POINT('',(204.75,5.386751345948,10.));
#1337=CARTESIAN_POINT('',(205.25,2.5,10.));
#1338=CARTESIAN_POINT('',(205.75,-0.386751345948,10.));
#1339=CARTESIAN_POINT('',(206.25,-1.830127018922,7.5));
#1340=CARTESIAN_POINT('',(206.75,-3.273502691896,5.));
#1341=CARTESIAN_POINT('',(207.25,-1.830127018922,2.5));
#1342=CARTESIAN_POINT('',(207.75,-0.386751345948,0.));
#1343=CARTESIAN_POINT('',(208.25,2.5,0.));
#1344=CARTESIAN_POINT('',(208.75,5.386751345948,0.));
#1345=CARTESIAN_POINT('',(209.25,6.830127018922,2.5));
#1346=CARTESIAN_POINT('',(209.75,8.273502691896,5.));
#1347=CARTESIAN_POINT('',(210.25,6.830127018922,7.5));
#1348=CARTESIAN_POINT('',(210.75,5.386751345948,10.));
#1349=CARTESIAN_POINT('',(211.25,2.5,10.));
#1350=CARTESIAN_POINT('',(211.75,-0.386751345948,10.));
#1351=CARTESIAN_POINT('',(212.25,-1.830127018922,7.5));
#1352=CARTESIAN_POINT('',(212.75,-3.273502691896,5.));
#1353=CARTESIAN_POINT('',(213.25,-1.830127018922,2.5));
#1354=CARTESIAN_POINT('',(213.75,-0.386751345948,0.));
#1355=CARTESIAN_POINT('',(214.25,2.5,0.));
#1356=CARTESIAN_POINT('',(214.75,5.386751345948,0.));
#1357=CARTESIAN_POINT('',(215.25,6.830127018922,2.5));
#1358=CARTESIAN_POINT('',(215.75,8.273502691896,5.));
#1359=CARTESIAN_POINT('',(216.25,6.830127018922,7.5));
#1360=CARTESIAN_POINT('',(216.75,5.386751345948,10.));
#1361=CARTESIAN_POINT('',(217.25,2.5,10.));
#1362=CARTESIAN_POINT('',(217.75,-0.386751345948,10.));
#1363=CARTESIAN_POINT('',(218.25,-1.830127018922,7.5));
#1364=CARTESIAN_POINT('',(218.75,-3.273502691896,5.));
#1365=CARTESIAN_POINT('',(219.25,-1.830127018922,2.5));
#1366=CARTESIAN_POINT('',(219.75,-0.386751345948,0.));
#1367=CARTESIAN_POINT('',(220.25,2.5,0.));
#1368=CARTESIAN_POINT('',(220.75,5.386751345948,0.));
#1369=CARTESIAN_POINT('',(221.25,6.830127018922,2.5));
#1370=CARTESIAN_POINT('',(221.75,8.273502691896,5.));
#1371=CARTESIAN_POINT('',(222.25,6.830127018922,7.5));
#1372=CARTESIAN_POINT('',(222.75,5.386751345948,10.));
#1373=CARTESIAN_POINT('',(223.25,2.5,10.));
#1374=CARTESIAN_POINT('',(223.75,-0.386751345948,10.));
#1375=CARTESIAN_POINT('',(224.25,-1.830127018922,7.5));
#1376=CARTESIAN_POINT('',(224.75,-3.273502691896,5.));
#1377=CARTESIAN_POINT('',(225.25,-1.830127018922,2.5));
#1378=CARTESIAN_POINT('',(225.75,-0.386751345948,0.));
#1379=CARTESIAN_POINT('',(226.25,2.5,0.));
#1380=CARTESIAN_POINT('',(226.75,5.386751345948,0.));
#1381=CARTESIAN_POINT('',(227.25,6.830127018922,2.5));
#1382=CARTESIAN_POINT('',(227.75,8.273502691896,5.));
#1383=CARTESIAN_POINT('',(228.25,6.830127018922,7.5));
#1384=CARTESIAN_POINT('',(228.75,5.386751345948,10.));
#1385=CARTESIAN_POINT('',(229.25,2.5,10.));
#1386=CARTESIAN_POINT('',(229.75,-0.386751345948,10.));
#1387=CARTESIAN_POINT('',(230.25,-1.830127018922,7.5));
#1388=CARTESIAN_POINT('',(230.75,-3.273502691896,5.));
#1389=CARTESIAN_POINT('',(231.25,-1.830127018922,2.5));
#1390=CARTESIAN_POINT('',(231.75,-0.386751345948,0.));
#1391=CARTESIAN_POINT('',(232.25,2.5,0.));
#1392=(BOUNDED_CURVE()B_SPLINE_CURVE(2,(#995,#996,#997,#998,#999,#1000,#1001,#1002,#1003,#1004,#1005,#1006,#1007,#1008,#1009,#1010,#1011,#1012,#1013,#1014,#1015,#1016,#1017,#1018,#1019,#1020,#1021,#1022,#1023,#1024,#1025,#1026,#1027,#1028,#1029,#1030,#1031,#1032,#1033,#1034,#1035,#1036,#1037,#1038,#1039,#1040,#1041,#1042,#1043,#1044,#1045,#1046,#1047,#1048,#1049,#1050,#1051,#1052,#1053,#1054,#1055,#1056,#1057,#1058,#1059,#1060,#1061,#1062,#1063,#1064,#1065,#1066,#1067,#1068,#1069,#1070,#1071,#1072,#1073,#1074,#1075,#1076,#1077,#1078,#1079,#1080,#1081,#1082,#1083,#1084,#1085,#1086,#1087,#1088,#1089,#1090,#1091,#1092,#1093,#1094,#1095,#1096,#1097,#1098,#1099,#1100,#1101,#1102,#1103,#1104,#1105,#1106,#1107,#1108,#1109,#1110,#1111,#1112,#1113,#1114,#1115,#1116,#1117,#1118,#1119,#1120,#1121,#1122,#1123,#1124,#1125,#1126,#1127,#1128,#1129,#1130,#1131,#1132,#1133,#1134,#1135,#1136,#1137,#1138,#1139,#1140,#1141,#1142,#1143,#1144,#1145,#1146,#1147,#1148,#1149,#1150,#1151,#1152,#1153,#1154,#1155,#1156,#1157,#1158,#1159,#1160,#1161,#1162,#1163,#1164,#1165,#1166,#1167,#1168,#1169,#1170,#1171,#1172,#1173,#1174,#1175,#1176,#1177,#1178,#1179,#1180,#1181,#1182,#1183,#1184,#1185,#1186,#1187,#1188,#1189,#1190,#1191,#1192,#1193,#1194,#1195,#1196,#1197,#1198,#1199,#1200,#1201,#1202,#1203,#1204,#1205,#1206,#1207,#1208,#1209,#1210,#1211,#1212,#1213,#1214,#1215,#1216,#1217,#1218,#1219,#1220,#1221,#1222,#1223,#1224,#1225,#1226,#1227,#1228,#1229,#1230,#1231,#1232,#1233,#1234,#1235,#1236,#1237,#1238,#1239,#1240,#1241,#1242,#1243,#1244,#1245,#1246,#1247,#1248,#1249,#1250,#1251,#1252,#1253,#1254,#1255,#1256,#1257,#1258,#1259,#1260,#1261,#1262,#1263,#1264,#1265,#1266,#1267,#1268,#1269,#1270,#1271,#1272,#1273,#1274,#1275,#1276,#1277,#1278,#1279,#1280,#1281,#1282,#1283,#1284,#1285,#1286,#1287,#1288,#1289,#1290,#1291,#1292,#1293,#1294,#1295,#1296,#1297,#1298,#1299,#1300,#1301,#1302,#1303,#1304,#1305,#1306,#1307,#1308,#1309,#1310,#1311,#1312,#1313,#1314,#1315,#1316,#1317,#1318,#1319,#1320,#1321,#1322,#1323,#1324,#1325,#1326,#1327,#1328,#1329,#1330,#1331,#1332,#1333,#1334,#1335,#1336,#1337,#1338,#1339,#1340,#1341,#1342,#1343,#1344,#1345,#1346,#1347,#1348,#1349,#1350,#1351,#1352,#1353,#1354,#1355,#1356,#1357,#1358,#1359,#1360,#1361,#1362,#1363,#1364,#1365,#1366,#1367,#1368,#1369,#1370,#1371,#1372,#1373,#1374,#1375,#1376,#1377,#1378,#1379,#1380,#1381,#1382,#1383,#1384,#1385,#1386,#1387,#1388,#1389,#1390,#1391),.UNSPECIFIED.,.F.,.F.)B_SPLINE_CURVE_WITH_KNOTS((3,2,2,2,2,2,2,2,2,2,2,2,2,2,2,2,2,2,2,2,2,2,2,2,2,2,2,2,2,2,2,2,2,2,2,2,2,2,2,2,2,2,2,2,2,2,2,2,2,2,2,2,2,2,2,2,2,2,2,2,2,2,2,2,2,2,2,2,2,2,2,2,2,2,2,2,2,2,2,2,2,2,2,2,2,2,2,2,2,2,2,2,2,2,2,2,2,2,2,2,2,2,2,2,2,2,2,2,2,2,2,2,2,2,2,2,2,2,2,2,2,2,2,2,2,2,2,2,2,2,2,2,2,2,2,2,2,2,2,2,2,2,2,2,2,2,2,2,2,2,2,2,2,2,2,2,2,2,2,2,2,2,2,2,2,2,2,2,2,2,2,2,2,2,2,2,2,2,2,2,2,2,2,2,2,2,2,2,2,2,2,2,2,2,2,2,2,2,3),(0.,8.717797887081,17.435595774163,26.153393661244,34.871191548325,43.588989435407,52.306787322488,61.02458520957,69.742383096651,78.460180983732,87.177978870814,95.895776757895,104.613574644976,113.331372532058,122.049170419139,130.76696830622,139.484766193302,148.202564080383,156.920361967464,165.638159854546,174.355957741627,183.073755628708,191.79155351579,200.509351402871,209.227149289952,217.944947177033,226.662745064115,235.380542951196,244.098340838277,252.816138725359,261.53393661244,270.251734499523,278.969532386602,287.687330273685,296.405128160765,305.122926047848,313.840723934929,322.55852182201,331.276319709092,339.994117596173,348.711915483254,357.429713370336,366.147511257417,374.865309144498,383.583107031579,392.300904918662,401.018702805742,409.736500692825,418.454298579906,427.172096466986,435.889894354067,444.60769224115,453.325490128229,462.043288015311,470.761085902394,479.478883789475,488.196681676556,496.914479563638,505.632277450719,514.3500753378,523.067873224881,531.785671111963,540.503468999044,549.221266886125,557.939064773206,566.65686266029,575.374660547371,584.092458434452,592.810256321532,601.528054208615,610.245852095694,618.963649982775,627.681447869858,636.39924575694,645.117043644021,653.834841531102,662.552639418184,671.270437305265,679.988235192346,688.706033079427,697.423830966508,706.14162885359,714.859426740671,723.577224627752,732.295022514835,741.012820401917,749.730618288996,758.448416176079,767.166214063159,775.884011950242,784.601809837323,793.319607724404,802.037405611485,810.755203498567,819.473001385648,828.190799272729,836.908597159811,845.626395046892,854.344192933973,863.061990821054,871.779788708136,880.497586595217,889.215384482298,897.93318236938,906.650980256461,915.368778143542,924.086576030623,932.804373917705,941.522171804786,950.239969691869,958.95776757895,967.675565466031,976.393363353113,985.111161240194,993.828959127275,1002.54675701436,1011.26455490144,1019.98235278852,1028.7001506756,1037.41794856268,1046.13574644976,1054.85354433684,1063.57134222393,1072.28914011101,1081.00693799809,1089.72473588517,1098.44253377225,1107.16033165933,1115.87812954641,1124.5959274335,1133.31372532058,1142.03152320766,1150.74932109474,1159.46711898182,1168.1849168689,1176.90271475598,1185.62051264306,1194.33831053015,1203.05610841723,1211.77390630431,1220.49170419139,1229.20950207847,1237.92729996555,1246.64509785263,1255.36289573971,1264.0806936268,1272.79849151388,1281.51628940096,1290.23408728804,1298.95188517512,1307.6696830622,1316.38748094929,1325.10527883637,1333.82307672345,1342.54087461053,1351.25867249761,1359.97647038469,1368.69426827177,1377.41206615885,1386.12986404594,1394.84766193302,1403.5654598201,1412.28325770718,1421.00105559426,1429.71885348134,1438.43665136842,1447.1544492555,1455.87224714259,1464.59004502967,1473.30784291675,1482.02564080383,1490.74343869091,1499.46123657799,1508.17903446508,1516.89683235216,1525.61463023924,1534.33242812632,1543.0502260134,1551.76802390048,1560.48582178756,1569.20361967464,1577.92141756173,1586.63921544881,1595.35701333589,1604.07481122297,1612.79260911005,1621.51040699713,1630.22820488421,1638.9460027713,1647.66380065838,1656.38159854546,1665.09939643254,1673.81719431962,1682.5349922067,1691.25279009378,1699.97058798087,1708.68838586795,1717.40618375503,1726.12398164211),.UNSPECIFIED.)CURVE()GEOMETRIC_REPRESENTATION_ITEM()RATIONAL_B_SPLINE_CURVE((1.,0.866025403784,1.,0.866025403784,1.,0.866025403784,1.,0.866025403784,1.,0.866025403784,1.,0.866025403784,1.,0.866025403784,1.,0.866025403784,1.,0.866025403784,1.,0.866025403784,1.,0.866025403784,1.,0.866025403784,1.,0.866025403784,1.,0.866025403784,1.,0.866025403784,1.,0.866025403784,1.,0.866025403784,1.,0.866025403784,1.,0.866025403784,1.,0.866025403784,1.,0.866025403784,1.,0.866025403784,1.,0.866025403784,1.,0.866025403784,1.,0.866025403784,1.,0.866025403784,1.,0.866025403784,1.,0.866025403784,1.,0.866025403784,1.,0.866025403784,1.,0.866025403784,1.,0.866025403784,1.,0.866025403784,1.,0.866025403784,1.,0.866025403784,1.,0.866025403784,1.,0.866025403784,1.,0.866025403784,1.,0.866025403784,1.,0.866025403784,1.,0.866025403784,1.,0.866025403784,1.,0.866025403784,1.,0.866025403784,1.,0.866025403784,1.,0.866025403784,1.,0.866025403784,1.,0.866025403784,1.,0.866025403784,1.,0.866025403784,1.,0.866025403784,1.,0.866025403784,1.,0.866025403784,1.,0.866025403784,1.,0.866025403784,1.,0.866025403784,1.,0.866025403784,1.,0.866025403784,1.,0.866025403784,1.,0.866025403784,1.,0.866025403784,1.,0.866025403784,1.,0.866025403784,1.,0.866025403784,1.,0.866025403784,1.,0.866025403784,1.,0.866025403784,1.,0.866025403784,1.,0.866025403784,1.,0.866025403784,1.,0.866025403784,1.,0.866025403784,1.,0.866025403784,1.,0.866025403784,1.,0.866025403784,1.,0.866025403784,1.,0.866025403784,1.,0.866025403784,1.,0.866025403784,1.,0.866025403784,1.,0.866025403784,1.,0.866025403784,1.,0.866025403784,1.,0.866025403784,1.,0.866025403784,1.,0.866025403784,1.,0.866025403784,1.,0.866025403784,1.,0.866025403784,1.,0.866025403784,1.,0.866025403784,1.,0.866025403784,1.,0.866025403784,1.,0.866025403784,1.,0.866025403784,1.,0.866025403784,1.,0.866025403784,1.,0.866025403784,1.,0.866025403784,1.,0.866025403784,1.,0.866025403784,1.,0.866025403784,1.,0.866025403784,1.,0.866025403784,1.,0.866025403784,1.,0.866025403784,1.,0.866025403784,1.,0.866025403784,1.,0.866025403784,1.,0.866025403784,1.,0.866025403784,1.,0.866025403784,1.,0.866025403784,1.,0.866025403784,1.,0.866025403784,1.,0.866025403784,1.,0.866025403784,1.,0.866025403784,1.,0.866025403784,1.,0.866025403784,1.,0.866025403784,1.,0.866025403784,1.,0.866025403784,1.,0.866025403784,1.,0.866025403784,1.,0.866025403784,1.,0.866025403784,1.,0.866025403784,1.,0.866025403784,1.,0.866025403784,1.,0.866025403784,1.,0.866025403784,1.,0.866025403784,1.,0.866025403784,1.,0.866025403784,1.,0.866025403784,1.,0.866025403784,1.,0.866025403784,1.,0.866025403784,1.,0.866025403784,1.,0.866025403784,1.,0.866025403784,1.,0.866025403784,1.,0.866025403784,1.,0.866025403784,1.,0.866025403784,1.,0.866025403784,1.,0.866025403784,1.,0.866025403784,1.,0.866025403784,1.,0.866025403784,1.,0.866025403784,1.,0.866025403784,1.,0.866025403784,1.,0.866025403784,1.,0.866025403784,1.,0.866025403784,1.,0.866025403784,1.,0.866025403784,1.,0.866025403784,1.,0.866025403784,1.,0.866025403784,1.,0.866025403784,1.,0.866025403784,1.,0.866025403784,1.,0.866025403784,1.,0.866025403784,1.,0.866025403784,1.,0.866025403784,1.,0.866025403784,1.,0.866025403784,1.,0.866025403784,1.,0.866025403784,1.,0.866025403784,1.,0.866025403784,1.,0.866025403784,1.,0.866025403784,1.,0.866025403784,1.,0.866025403784,1.,0.866025403784,1.,0.866025403784,1.,0.866025403784,1.,0.866025403784,1.,0.866025403784,1.,0.866025403784,1.,0.866025403784,1.,0.866025403784,1.,0.866025403784,1.,0.866025403784,1.,0.866025403784,1.,0.866025403784,1.,0.866025403784,1.,0.866025403784,1.,0.866025403784,1.,0.866025403784,1.,0.866025403784,1.,0.866025403784,1.,0.866025403784,1.))REPRESENTATION_ITEM(''));
#1393=EDGE_CURVE('',#992,#994,#1392,.T.);
#1394=ORIENTED_EDGE('',*,*,#1393,.T.);
#1395=CARTESIAN_POINT('',(232.25,2.5,0.));
#1396=VERTEX_POINT('',#1395);
#1397=CARTESIAN_POINT('',(231.,2.5,-1.25));
#1398=VERTEX_POINT('',#1397);
#1399=CARTESIAN_POINT('',(231.,2.5,0.));
#1400=DIRECTION('',(0.,-1.,0.));
#1401=DIRECTION('',(1.,0.,0.));
#1402=AXIS2_PLACEMENT_3D('',#1399,#1400,#1401);
#1403=CIRCLE('',#1402,1.25);
#1404=EDGE_CURVE('',#1396,#1398,#1403,.T.);
#1405=ORIENTED_EDGE('',*,*,#1404,.T.);
#1406=EDGE_LOOP('',(#553,#957,#968,#979,#990,#1394,#1405));
#1407=FACE_OUTER_BOUND('',#1406,.T.);
#1408=CARTESIAN_POINT('',(34.25,2.5,0.));
#1409=CARTESIAN_POINT('',(34.75,5.386751345948,0.));
#1410=CARTESIAN_POINT('',(35.25,6.830127018922,2.5));
#1411=CARTESIAN_POINT('',(35.75,8.273502691896,5.));
#1412=CARTESIAN_POINT('',(36.25,6.830127018922,7.5));
#1413=CARTESIAN_POINT('',(36.75,5.386751345948,10.));
#1414=CARTESIAN_POINT('',(37.25,2.5,10.));
#1415=CARTESIAN_POINT('',(37.75,-0.386751345948,10.));
#1416=CARTESIAN_POINT('',(38.25,-1.830127018922,7.5));
#1417=CARTESIAN_POINT('',(38.75,-3.273502691896,5.));
#1418=CARTESIAN_POINT('',(39.25,-1.830127018922,2.5));
#1419=CARTESIAN_POINT('',(39.75,-0.386751345948,0.));
#1420=CARTESIAN_POINT('',(40.25,2.5,0.));
#1421=CARTESIAN_POINT('',(40.75,5.386751345948,0.));
#1422=CARTESIAN_POINT('',(41.25,6.830127018922,2.5));
#1423=CARTESIAN_POINT('',(41.75,8.273502691896,5.));
#1424=CARTESIAN_POINT('',(42.25,6.830127018922,7.5));
#1425=CARTESIAN_POINT('',(42.75,5.386751345948,10.));
#1426=CARTESIAN_POINT('',(43.25,2.5,10.));
#1427=CARTESIAN_POINT('',(43.75,-0.386751345948,10.));
#1428=CARTESIAN_POINT('',(44.25,-1.830127018922,7.5));
#1429=CARTESIAN_POINT('',(44.75,-3.273502691896,5.));
#1430=CARTESIAN_POINT('',(45.25,-1.830127018922,2.5));
#1431=CARTESIAN_POINT('',(45.75,-0.386751345948,0.));
#1432=CARTESIAN_POINT('',(46.25,2.5,0.));
#1433=CARTESIAN_POINT('',(46.75,5.386751345948,0.));
#1434=CARTESIAN_POINT('',(47.25,6.830127018922,2.5));
#1435=CARTESIAN_POINT('',(47.75,8.273502691896,5.));
#1436=CARTESIAN_POINT('',(48.25,6.830127018922,7.5));
#1437=CARTESIAN_POINT('',(48.75,5.386751345948,10.));
#1438=CARTESIAN_POINT('',(49.25,2.5,10.));
#1439=CARTESIAN_POINT('',(49.75,-0.386751345948,10.));
#1440=CARTESIAN_POINT('',(50.25,-1.830127018922,7.5));
#1441=CARTESIAN_POINT('',(50.75,-3.273502691896,5.));
#1442=CARTESIAN_POINT('',(51.25,-1.830127018922,2.5));
#1443=CARTESIAN_POINT('',(51.75,-0.386751345948,0.));
#1444=CARTESIAN_POINT('',(52.25,2.5,0.));
#1445=CARTESIAN_POINT('',(52.75,5.386751345948,0.));
#1446=CARTESIAN_POINT('',(53.25,6.830127018922,2.5));
#1447=CARTESIAN_POINT('',(53.75,8.273502691896,5.));
#1448=CARTESIAN_POINT('',(54.25,6.830127018922,7.5));
#1449=CARTESIAN_POINT('',(54.75,5.386751345948,10.));
#1450=CARTESIAN_POINT('',(55.25,2.5,10.));
#1451=CARTESIAN_POINT('',(55.75,-0.386751345948,10.));
#1452=CARTESIAN_POINT('',(56.25,-1.830127018922,7.5));
#1453=CARTESIAN_POINT('',(56.75,-3.273502691896,5.));
#1454=CARTESIAN_POINT('',(57.25,-1.830127018922,2.5));
#1455=CARTESIAN_POINT('',(57.75,-0.386751345948,0.));
#1456=CARTESIAN_POINT('',(58.25,2.5,0.));
#1457=CARTESIAN_POINT('',(58.75,5.386751345948,0.));
#1458=CARTESIAN_POINT('',(59.25,6.830127018922,2.5));
#1459=CARTESIAN_POINT('',(59.75,8.273502691896,5.));
#1460=CARTESIAN_POINT('',(60.25,6.830127018922,7.5));
#1461=CARTESIAN_POINT('',(60.75,5.386751345948,10.));
#1462=CARTESIAN_POINT('',(61.25,2.5,10.));
#1463=CARTESIAN_POINT('',(61.75,-0.386751345948,10.));
#1464=CARTESIAN_POINT('',(62.25,-1.830127018922,7.5));
#1465=CARTESIAN_POINT('',(62.75,-3.273502691896,5.));
#1466=CARTESIAN_POINT('',(63.25,-1.830127018922,2.5));
#1467=CARTESIAN_POINT('',(63.75,-0.386751345948,0.));
#1468=CARTESIAN_POINT('',(64.25,2.5,0.));
#1469=CARTESIAN_POINT('',(64.75,5.386751345948,0.));
#1470=CARTESIAN_POINT('',(65.25,6.830127018922,2.5));
#1471=CARTESIAN_POINT('',(65.75,8.273502691896,5.));
#1472=CARTESIAN_POINT('',(66.25,6.830127018922,7.5));
#1473=CARTESIAN_POINT('',(66.75,5.386751345948,10.));
#1474=CARTESIAN_POINT('',(67.25,2.5,10.));
#1475=CARTESIAN_POINT('',(67.75,-0.386751345948,10.));
#1476=CARTESIAN_POINT('',(68.25,-1.830127018922,7.5));
#1477=CARTESIAN_POINT('',(68.75,-3.273502691896,5.));
#1478=CARTESIAN_POINT('',(69.25,-1.830127018922,2.5));
#1479=CARTESIAN_POINT('',(69.75,-0.386751345948,0.));
#1480=CARTESIAN_POINT('',(70.25,2.5,0.));
#1481=CARTESIAN_POINT('',(70.75,5.386751345948,0.));
#1482=CARTESIAN_POINT('',(71.25,6.830127018922,2.5));
#1483=CARTESIAN_POINT('',(71.75,8.273502691896,5.));
#1484=CARTESIAN_POINT('',(72.25,6.830127018922,7.5));
#1485=CARTESIAN_POINT('',(72.75,5.386751345948,10.));
#1486=CARTESIAN_POINT('',(73.25,2.5,10.));
#1487=CARTESIAN_POINT('',(73.75,-0.386751345948,10.));
#1488=CARTESIAN_POINT('',(74.25,-1.830127018922,7.5));
#1489=CARTESIAN_POINT('',(74.75,-3.273502691896,5.));
#1490=CARTESIAN_POINT('',(75.25,-1.830127018922,2.5));
#1491=CARTESIAN_POINT('',(75.75,-0.386751345948,0.));
#1492=CARTESIAN_POINT('',(76.25,2.5,0.));
#1493=CARTESIAN_POINT('',(76.75,5.386751345948,0.));
#1494=CARTESIAN_POINT('',(77.25,6.830127018922,2.5));
#1495=CARTESIAN_POINT('',(77.75,8.273502691896,5.));
#1496=CARTESIAN_POINT('',(78.25,6.830127018922,7.5));
#1497=CARTESIAN_POINT('',(78.75,5.386751345948,10.));
#1498=CARTESIAN_POINT('',(79.25,2.5,10.));
#1499=CARTESIAN_POINT('',(79.75,-0.386751345948,10.));
#1500=CARTESIAN_POINT('',(80.25,-1.830127018922,7.5));
#1501=CARTESIAN_POINT('',(80.75,-3.273502691896,5.));
#1502=CARTESIAN_POINT('',(81.25,-1.830127018922,2.5));
#1503=CARTESIAN_POINT('',(81.75,-0.386751345948,0.));
#1504=CARTESIAN_POINT('',(82.25,2.5,0.));
#1505=CARTESIAN_POINT('',(82.75,5.386751345948,0.));
#1506=CARTESIAN_POINT('',(83.25,6.830127018922,2.5));
#1507=CARTESIAN_POINT('',(83.75,8.273502691896,5.));
#1508=CARTESIAN_POINT('',(84.25,6.830127018922,7.5));
#1509=CARTESIAN_POINT('',(84.75,5.386751345948,10.));
#1510=CARTESIAN_POINT('',(85.25,2.5,10.));
#1511=CARTESIAN_POINT('',(85.75,-0.386751345948,10.));
#1512=CARTESIAN_POINT('',(86.25,-1.830127018922,7.5));
#1513=CARTESIAN_POINT('',(86.75,-3.273502691896,5.));
#1514=CARTESIAN_POINT('',(87.25,-1.830127018922,2.5));
#1515=CARTESIAN_POINT('',(87.75,-0.386751345948,0.));
#1516=CARTESIAN_POINT('',(88.25,2.5,0.));
#1517=CARTESIAN_POINT('',(88.75,5.386751345948,0.));
#1518=CARTESIAN_POINT('',(89.25,6.830127018922,2.5));
#1519=CARTESIAN_POINT('',(89.75,8.273502691896,5.));
#1520=CARTESIAN_POINT('',(90.25,6.830127018922,7.5));
#1521=CARTESIAN_POINT('',(90.75,5.386751345948,10.));
#1522=CARTESIAN_POINT('',(91.25,2.5,10.));
#1523=CARTESIAN_POINT('',(91.75,-0.386751345948,10.));
#1524=CARTESIAN_POINT('',(92.25,-1.830127018922,7.5));
#1525=CARTESIAN_POINT('',(92.75,-3.273502691896,5.));
#1526=CARTESIAN_POINT('',(93.25,-1.830127018922,2.5));
#1527=CARTESIAN_POINT('',(93.75,-0.386751345948,0.));
#1528=CARTESIAN_POINT('',(94.25,2.5,0.));
#1529=CARTESIAN_POINT('',(94.75,5.386751345948,0.));
#1530=CARTESIAN_POINT('',(95.25,6.830127018922,2.5));
#1531=CARTESIAN_POINT('',(95.75,8.273502691896,5.));
#1532=CARTESIAN_POINT('',(96.25,6.830127018922,7.5));
#1533=CARTESIAN_POINT('',(96.75,5.386751345948,10.));
#1534=CARTESIAN_POINT('',(97.25,2.5,10.));
#1535=CARTESIAN_POINT('',(97.75,-0.386751345948,10.));
#1536=CARTESIAN_POINT('',(98.25,-1.830127018922,7.5));
#1537=CARTESIAN_POINT('',(98.75,-3.273502691896,5.));
#1538=CARTESIAN_POINT('',(99.25,-1.830127018922,2.5));
#1539=CARTESIAN_POINT('',(99.75,-0.386751345948,0.));
#1540=CARTESIAN_POINT('',(100.25,2.5,0.));
#1541=CARTESIAN_POINT('',(100.75,5.386751345948,0.));
#1542=CARTESIAN_POINT('',(101.25,6.830127018922,2.5));
#1543=CARTESIAN_POINT('',(101.75,8.273502691896,5.));
#1544=CARTESIAN_POINT('',(102.25,6.830127018922,7.5));
#1545=CARTESIAN_POINT('',(102.75,5.386751345948,10.));
#1546=CARTESIAN_POINT('',(103.25,2.5,10.));
#1547=CARTESIAN_POINT('',(103.75,-0.386751345948,10.));
#1548=CARTESIAN_POINT('',(104.25,-1.830127018922,7.5));
#1549=CARTESIAN_POINT('',(104.75,-3.273502691896,5.));
#1550=CARTESIAN_POINT('',(105.25,-1.830127018922,2.5));
#1551=CARTESIAN_POINT('',(105.75,-0.386751345948,0.));
#1552=CARTESIAN_POINT('',(106.25,2.5,0.));
#1553=CARTESIAN_POINT('',(106.75,5.386751345948,0.));
#1554=CARTESIAN_POINT('',(107.25,6.830127018922,2.5));
#1555=CARTESIAN_POINT('',(107.75,8.273502691896,5.));
#1556=CARTESIAN_POINT('',(108.25,6.830127018922,7.5));
#1557=CARTESIAN_POINT('',(108.75,5.386751345948,10.));
#1558=CARTESIAN_POINT('',(109.25,2.5,10.));
#1559=CARTESIAN_POINT('',(109.75,-0.386751345948,10.));
#1560=CARTESIAN_POINT('',(110.25,-1.830127018922,7.5));
#1561=CARTESIAN_POINT('',(110.75,-3.273502691896,5.));
#1562=CARTESIAN_POINT('',(111.25,-1.830127018922,2.5));
#1563=CARTESIAN_POINT('',(111.75,-0.386751345948,0.));
#1564=CARTESIAN_POINT('',(112.25,2.5,0.));
#1565=CARTESIAN_POINT('',(112.75,5.386751345948,0.));
#1566=CARTESIAN_POINT('',(113.25,6.830127018922,2.5));
#1567=CARTESIAN_POINT('',(113.75,8.273502691896,5.));
#1568=CARTESIAN_POINT('',(114.25,6.830127018922,7.5));
#1569=CARTESIAN_POINT('',(114.75,5.386751345948,10.));
#1570=CARTESIAN_POINT('',(115.25,2.5,10.));
#1571=CARTESIAN_POINT('',(115.75,-0.386751345948,10.));
#1572=CARTESIAN_POINT('',(116.25,-1.830127018922,7.5));
#1573=CARTESIAN_POINT('',(116.75,-3.273502691896,5.));
#1574=CARTESIAN_POINT('',(117.25,-1.830127018922,2.5));
#1575=CARTESIAN_POINT('',(117.75,-0.386751345948,0.));
#1576=CARTESIAN_POINT('',(118.25,2.5,0.));
#1577=CARTESIAN_POINT('',(118.75,5.386751345948,0.));
#1578=CARTESIAN_POINT('',(119.25,6.830127018922,2.5));
#1579=CARTESIAN_POINT('',(119.75,8.273502691896,5.));
#1580=CARTESIAN_POINT('',(120.25,6.830127018922,7.5));
#1581=CARTESIAN_POINT('',(120.75,5.386751345948,10.));
#1582=CARTESIAN_POINT('',(121.25,2.5,10.));
#1583=CARTESIAN_POINT('',(121.75,-0.386751345948,10.));
#1584=CARTESIAN_POINT('',(122.25,-1.830127018922,7.5));
#1585=CARTESIAN_POINT('',(122.75,-3.273502691896,5.));
#1586=CARTESIAN_POINT('',(123.25,-1.830127018922,2.5));
#1587=CARTESIAN_POINT('',(123.75,-0.386751345948,0.));
#1588=CARTESIAN_POINT('',(124.25,2.5,0.));
#1589=CARTESIAN_POINT('',(124.75,5.386751345948,0.));
#1590=CARTESIAN_POINT('',(125.25,6.830127018922,2.5));
#1591=CARTESIAN_POINT('',(125.75,8.273502691896,5.));
#1592=CARTESIAN_POINT('',(126.25,6.830127018922,7.5));
#1593=CARTESIAN_POINT('',(126.75,5.386751345948,10.));
#1594=CARTESIAN_POINT('',(127.25,2.5,10.));
#1595=CARTESIAN_POINT('',(127.75,-0.386751345948,10.));
#1596=CARTESIAN_POINT('',(128.25,-1.830127018922,7.5));
#1597=CARTESIAN_POINT('',(128.75,-3.273502691896,5.));
#1598=CARTESIAN_POINT('',(129.25,-1.830127018922,2.5));
#1599=CARTESIAN_POINT('',(129.75,-0.386751345948,0.));
#1600=CARTESIAN_POINT('',(130.25,2.5,0.));
#1601=CARTESIAN_POINT('',(130.75,5.386751345948,0.));
#1602=CARTESIAN_POINT('',(131.25,6.830127018922,2.5));
#1603=CARTESIAN_POINT('',(131.75,8.273502691896,5.));
#1604=CARTESIAN_POINT('',(132.25,6.830127018922,7.5));
#1605=CARTESIAN_POINT('',(132.75,5.386751345948,10.));
#1606=CARTESIAN_POINT('',(133.25,2.5,10.));
#1607=CARTESIAN_POINT('',(133.75,-0.386751345948,10.));
#1608=CARTESIAN_POINT('',(134.25,-1.830127018922,7.5));
#1609=CARTESIAN_POINT('',(134.75,-3.273502691896,5.));
#1610=CARTESIAN_POINT('',(135.25,-1.830127018922,2.5));
#1611=CARTESIAN_POINT('',(135.75,-0.386751345948,0.));
#1612=CARTESIAN_POINT('',(136.25,2.5,0.));
#1613=CARTESIAN_POINT('',(136.75,5.386751345948,0.));
#1614=CARTESIAN_POINT('',(137.25,6.830127018922,2.5));
#1615=CARTESIAN_POINT('',(137.75,8.273502691896,5.));
#1616=CARTESIAN_POINT('',(138.25,6.830127018922,7.5));
#1617=CARTESIAN_POINT('',(138.75,5.386751345948,10.));
#1618=CARTESIAN_POINT('',(139.25,2.5,10.));
#1619=CARTESIAN_POINT('',(139.75,-0.386751345948,10.));
#1620=CARTESIAN_POINT('',(140.25,-1.830127018922,7.5));
#1621=CARTESIAN_POINT('',(140.75,-3.273502691896,5.));
#1622=CARTESIAN_POINT('',(141.25,-1.830127018922,2.5));
#1623=CARTESIAN_POINT('',(141.75,-0.386751345948,0.));
#1624=CARTESIAN_POINT('',(142.25,2.5,0.));
#1625=CARTESIAN_POINT('',(142.75,5.386751345948,0.));
#1626=CARTESIAN_POINT('',(143.25,6.830127018922,2.5));
#1627=CARTESIAN_POINT('',(143.75,8.273502691896,5.));
#1628=CARTESIAN_POINT('',(144.25,6.830127018922,7.5));
#1629=CARTESIAN_POINT('',(144.75,5.386751345948,10.));
#1630=CARTESIAN_POINT('',(145.25,2.5,10.));
#1631=CARTESIAN_POINT('',(145.75,-0.386751345948,10.));
#1632=CARTESIAN_POINT('',(146.25,-1.830127018922,7.5));
#1633=CARTESIAN_POINT('',(146.75,-3.273502691896,5.));
#1634=CARTESIAN_POINT('',(147.25,-1.830127018922,2.5));
#1635=CARTESIAN_POINT('',(147.75,-0.386751345948,0.));
#1636=CARTESIAN_POINT('',(148.25,2.5,0.));
#1637=CARTESIAN_POINT('',(148.75,5.386751345948,0.));
#1638=CARTESIAN_POINT('',(149.25,6.830127018922,2.5));
#1639=CARTESIAN_POINT('',(149.75,8.273502691896,5.));
#1640=CARTESIAN_POINT('',(150.25,6.830127018922,7.5));
#1641=CARTESIAN_POINT('',(150.75,5.386751345948,10.));
#1642=CARTESIAN_POINT('',(151.25,2.5,10.));
#1643=CARTESIAN_POINT('',(151.75,-0.386751345948,10.));
#1644=CARTESIAN_POINT('',(152.25,-1.830127018922,7.5));
#1645=CARTESIAN_POINT('',(152.75,-3.273502691896,5.));
#1646=CARTESIAN_POINT('',(153.25,-1.830127018922,2.5));
#1647=CARTESIAN_POINT('',(153.75,-0.386751345948,0.));
#1648=CARTESIAN_POINT('',(154.25,2.5,0.));
#1649=CARTESIAN_POINT('',(154.75,5.386751345948,0.));
#1650=CARTESIAN_POINT('',(155.25,6.830127018922,2.5));
#1651=CARTESIAN_POINT('',(155.75,8.273502691896,5.));
#1652=CARTESIAN_POINT('',(156.25,6.830127018922,7.5));
#1653=CARTESIAN_POINT('',(156.75,5.386751345948,10.));
#1654=CARTESIAN_POINT('',(157.25,2.5,10.));
#1655=CARTESIAN_POINT('',(157.75,-0.386751345948,10.));
#1656=CARTESIAN_POINT('',(158.25,-1.830127018922,7.5));
#1657=CARTESIAN_POINT('',(158.75,-3.273502691896,5.));
#1658=CARTESIAN_POINT('',(159.25,-1.830127018922,2.5));
#1659=CARTESIAN_POINT('',(159.75,-0.386751345948,0.));
#1660=CARTESIAN_POINT('',(160.25,2.5,0.));
#1661=CARTESIAN_POINT('',(160.75,5.386751345948,0.));
#1662=CARTESIAN_POINT('',(161.25,6.830127018922,2.5));
#1663=CARTESIAN_POINT('',(161.75,8.273502691896,5.));
#1664=CARTESIAN_POINT('',(162.25,6.830127018922,7.5));
#1665=CARTESIAN_POINT('',(162.75,5.386751345948,10.));
#1666=CARTESIAN_POINT('',(163.25,2.5,10.));
#1667=CARTESIAN_POINT('',(163.75,-0.386751345948,10.));
#1668=CARTESIAN_POINT('',(164.25,-1.830127018922,7.5));
#1669=CARTESIAN_POINT('',(164.75,-3.273502691896,5.));
#1670=CARTESIAN_POINT('',(165.25,-1.830127018922,2.5));
#1671=CARTESIAN_POINT('',(165.75,-0.386751345948,0.));
#1672=CARTESIAN_POINT('',(166.25,2.5,0.));
#1673=CARTESIAN_POINT('',(166.75,5.386751345948,0.));
#1674=CARTESIAN_POINT('',(167.25,6.830127018922,2.5));
#1675=CARTESIAN_POINT('',(167.75,8.273502691896,5.));
#1676=CARTESIAN_POINT('',(168.25,6.830127018922,7.5));
#1677=CARTESIAN_POINT('',(168.75,5.386751345948,10.));
#1678=CARTESIAN_POINT('',(169.25,2.5,10.));
#1679=CARTESIAN_POINT('',(169.75,-0.386751345948,10.));
#1680=CARTESIAN_POINT('',(170.25,-1.830127018922,7.5));
#1681=CARTESIAN_POINT('',(170.75,-3.273502691896,5.));
#1682=CARTESIAN_POINT('',(171.25,-1.830127018922,2.5));
#1683=CARTESIAN_POINT('',(171.75,-0.386751345948,0.));
#1684=CARTESIAN_POINT('',(172.25,2.5,0.));
#1685=CARTESIAN_POINT('',(172.75,5.386751345948,0.));
#1686=CARTESIAN_POINT('',(173.25,6.830127018922,2.5));
#1687=CARTESIAN_POINT('',(173.75,8.273502691896,5.));
#1688=CARTESIAN_POINT('',(174.25,6.830127018922,7.5));
#1689=CARTESIAN_POINT('',(174.75,5.386751345948,10.));
#1690=CARTESIAN_POINT('',(175.25,2.5,10.));
#1691=CARTESIAN_POINT('',(175.75,-0.386751345948,10.));
#1692=CARTESIAN_POINT('',(176.25,-1.830127018922,7.5));
#1693=CARTESIAN_POINT('',(176.75,-3.273502691896,5.));
#1694=CARTESIAN_POINT('',(177.25,-1.830127018922,2.5));
#1695=CARTESIAN_POINT('',(177.75,-0.386751345948,0.));
#1696=CARTESIAN_POINT('',(178.25,2.5,0.));
#1697=CARTESIAN_POINT('',(178.75,5.386751345948,0.));
#1698=CARTESIAN_POINT('',(179.25,6.830127018922,2.5));
#1699=CARTESIAN_POINT('',(179.75,8.273502691896,5.));
#1700=CARTESIAN_POINT('',(180.25,6.830127018922,7.5));
#1701=CARTESIAN_POINT('',(180.75,5.386751345948,10.));
#1702=CARTESIAN_POINT('',(181.25,2.5,10.));
#1703=CARTESIAN_POINT('',(181.75,-0.386751345948,10.));
#1704=CARTESIAN_POINT('',(182.25,-1.830127018922,7.5));
#1705=CARTESIAN_POINT('',(182.75,-3.273502691896,5.));
#1706=CARTESIAN_POINT('',(183.25,-1.830127018922,2.5));
#1707=CARTESIAN_POINT('',(183.75,-0.386751345948,0.));
#1708=CARTESIAN_POINT('',(184.25,2.5,0.));
#1709=CARTESIAN_POINT('',(184.75,5.386751345948,0.));
#1710=CARTESIAN_POINT('',(185.25,6.830127018922,2.5));
#1711=CARTESIAN_POINT('',(185.75,8.273502691896,5.));
#1712=CARTESIAN_POINT('',(186.25,6.830127018922,7.5));
#1713=CARTESIAN_POINT('',(186.75,5.386751345948,10.));
#1714=CARTESIAN_POINT('',(187.25,2.5,10.));
#1715=CARTESIAN_POINT('',(187.75,-0.386751345948,10.));
#1716=CARTESIAN_POINT('',(188.25,-1.830127018922,7.5));
#1717=CARTESIAN_POINT('',(188.75,-3.273502691896,5.));
#1718=CARTESIAN_POINT('',(189.25,-1.830127018922,2.5));
#1719=CARTESIAN_POINT('',(189.75,-0.386751345948,0.));
#1720=CARTESIAN_POINT('',(190.25,2.5,0.));
#1721=CARTESIAN_POINT('',(190.75,5.386751345948,0.));
#1722=CARTESIAN_POINT('',(191.25,6.830127018922,2.5));
#1723=CARTESIAN_POINT('',(191.75,8.273502691896,5.));
#1724=CARTESIAN_POINT('',(192.25,6.830127018922,7.5));
#1725=CARTESIAN_POINT('',(192.75,5.386751345948,10.));
#1726=CARTESIAN_POINT('',(193.25,2.5,10.));
#1727=CARTESIAN_POINT('',(193.75,-0.386751345948,10.));
#1728=CARTESIAN_POINT('',(194.25,-1.830127018922,7.5));
#1729=CARTESIAN_POINT('',(194.75,-3.273502691896,5.));
#1730=CARTESIAN_POINT('',(195.25,-1.830127018922,2.5));
#1731=CARTESIAN_POINT('',(195.75,-0.386751345948,0.));
#1732=CARTESIAN_POINT('',(196.25,2.5,0.));
#1733=CARTESIAN_POINT('',(196.75,5.386751345948,0.));
#1734=CARTESIAN_POINT('',(197.25,6.830127018922,2.5));
#1735=CARTESIAN_POINT('',(197.75,8.273502691896,5.));
#1736=CARTESIAN_POINT('',(198.25,6.830127018922,7.5));
#1737=CARTESIAN_POINT('',(198.75,5.386751345948,10.));
#1738=CARTESIAN_POINT('',(199.25,2.5,10.));
#1739=CARTESIAN_POINT('',(199.75,-0.386751345948,10.));
#1740=CARTESIAN_POINT('',(200.25,-1.830127018922,7.5));
#1741=CARTESIAN_POINT('',(200.75,-3.273502691896,5.));
#1742=CARTESIAN_POINT('',(201.25,-1.830127018922,2.5));
#1743=CARTESIAN_POINT('',(201.75,-0.386751345948,0.));
#1744=CARTESIAN_POINT('',(202.25,2.5,0.));
#1745=CARTESIAN_POINT('',(202.75,5.386751345948,0.));
#1746=CARTESIAN_POINT('',(203.25,6.830127018922,2.5));
#1747=CARTESIAN_POINT('',(203.75,8.273502691896,5.));
#1748=CARTESIAN_POINT('',(204.25,6.830127018922,7.5));
#1749=CARTESIAN_POINT('',(204.75,5.386751345948,10.));
#1750=CARTESIAN_POINT('',(205.25,2.5,10.));
#1751=CARTESIAN_POINT('',(205.75,-0.386751345948,10.));
#1752=CARTESIAN_POINT('',(206.25,-1.830127018922,7.5));
#1753=CARTESIAN_POINT('',(206.75,-3.273502691896,5.));
#1754=CARTESIAN_POINT('',(207.25,-1.830127018922,2.5));
#1755=CARTESIAN_POINT('',(207.75,-0.386751345948,0.));
#1756=CARTESIAN_POINT('',(208.25,2.5,0.));
#1757=CARTESIAN_POINT('',(208.75,5.386751345948,0.));
#1758=CARTESIAN_POINT('',(209.25,6.830127018922,2.5));
#1759=CARTESIAN_POINT('',(209.75,8.273502691896,5.));
#1760=CARTESIAN_POINT('',(210.25,6.830127018922,7.5));
#1761=CARTESIAN_POINT('',(210.75,5.386751345948,10.));
#1762=CARTESIAN_POINT('',(211.25,2.5,10.));
#1763=CARTESIAN_POINT('',(211.75,-0.386751345948,10.));
#1764=CARTESIAN_POINT('',(212.25,-1.830127018922,7.5));
#1765=CARTESIAN_POINT('',(212.75,-3.273502691896,5.));
#1766=CARTESIAN_POINT('',(213.25,-1.830127018922,2.5));
#1767=CARTESIAN_POINT('',(213.75,-0.386751345948,0.));
#1768=CARTESIAN_POINT('',(214.25,2.5,0.));
#1769=CARTESIAN_POINT('',(214.75,5.386751345948,0.));
#1770=CARTESIAN_POINT('',(215.25,6.830127018922,2.5));
#1771=CARTESIAN_POINT('',(215.75,8.273502691896,5.));
#1772=CARTESIAN_POINT('',(216.25,6.830127018922,7.5));
#1773=CARTESIAN_POINT('',(216.75,5.386751345948,10.));
#1774=CARTESIAN_POINT('',(217.25,2.5,10.));
#1775=CARTESIAN_POINT('',(217.75,-0.386751345948,10.));
#1776=CARTESIAN_POINT('',(218.25,-1.830127018922,7.5));
#1777=CARTESIAN_POINT('',(218.75,-3.273502691896,5.));
#1778=CARTESIAN_POINT('',(219.25,-1.830127018922,2.5));
#1779=CARTESIAN_POINT('',(219.75,-0.386751345948,0.));
#1780=CARTESIAN_POINT('',(220.25,2.5,0.));
#1781=CARTESIAN_POINT('',(220.75,5.386751345948,0.));
#1782=CARTESIAN_POINT('',(221.25,6.830127018922,2.5));
#1783=CARTESIAN_POINT('',(221.75,8.273502691896,5.));
#1784=CARTESIAN_POINT('',(222.25,6.830127018922,7.5));
#1785=CARTESIAN_POINT('',(222.75,5.386751345948,10.));
#1786=CARTESIAN_POINT('',(223.25,2.5,10.));
#1787=CARTESIAN_POINT('',(223.75,-0.386751345948,10.));
#1788=CARTESIAN_POINT('',(224.25,-1.830127018922,7.5));
#1789=CARTESIAN_POINT('',(224.75,-3.273502691896,5.));
#1790=CARTESIAN_POINT('',(225.25,-1.830127018922,2.5));
#1791=CARTESIAN_POINT('',(225.75,-0.386751345948,0.));
#1792=CARTESIAN_POINT('',(226.25,2.5,0.));
#1793=CARTESIAN_POINT('',(226.75,5.386751345948,0.));
#1794=CARTESIAN_POINT('',(227.25,6.830127018922,2.5));
#1795=CARTESIAN_POINT('',(227.75,8.273502691896,5.));
#1796=CARTESIAN_POINT('',(228.25,6.830127018922,7.5));
#1797=CARTESIAN_POINT('',(228.75,5.386751345948,10.));
#1798=CARTESIAN_POINT('',(229.25,2.5,10.));
#1799=CARTESIAN_POINT('',(229.75,-0.386751345948,10.));
#1800=CARTESIAN_POINT('',(230.25,-1.830127018922,7.5));
#1801=CARTESIAN_POINT('',(230.75,-3.273502691896,5.));
#1802=CARTESIAN_POINT('',(231.25,-1.830127018922,2.5));
#1803=CARTESIAN_POINT('',(231.75,-0.386751345948,0.));
#1804=CARTESIAN_POINT('',(232.25,2.5,0.));
#1805=CARTESIAN_POINT('',(34.25,2.5,-2.5));
#1806=CARTESIAN_POINT('',(34.75,6.830127018922,-2.5));
#1807=CARTESIAN_POINT('',(35.25,8.995190528383,1.25));
#1808=CARTESIAN_POINT('',(35.75,11.160254037844,5.));
#1809=CARTESIAN_POINT('',(36.25,8.995190528383,8.75));
#1810=CARTESIAN_POINT('',(36.75,6.830127018922,12.5));
#1811=CARTESIAN_POINT('',(37.25,2.5,12.5));
#1812=CARTESIAN_POINT('',(37.75,-1.830127018922,12.5));
#1813=CARTESIAN_POINT('',(38.25,-3.995190528383,8.75));
#1814=CARTESIAN_POINT('',(38.75,-6.160254037844,5.));
#1815=CARTESIAN_POINT('',(39.25,-3.995190528383,1.25));
#1816=CARTESIAN_POINT('',(39.75,-1.830127018922,-2.5));
#1817=CARTESIAN_POINT('',(40.25,2.5,-2.5));
#1818=CARTESIAN_POINT('',(40.75,6.830127018922,-2.5));
#1819=CARTESIAN_POINT('',(41.25,8.995190528383,1.25));
#1820=CARTESIAN_POINT('',(41.75,11.160254037844,5.));
#1821=CARTESIAN_POINT('',(42.25,8.995190528383,8.75));
#1822=CARTESIAN_POINT('',(42.75,6.830127018922,12.5));
#1823=CARTESIAN_POINT('',(43.25,2.5,12.5));
#1824=CARTESIAN_POINT('',(43.75,-1.830127018922,12.5));
#1825=CARTESIAN_POINT('',(44.25,-3.995190528383,8.75));
#1826=CARTESIAN_POINT('',(44.75,-6.160254037844,5.));
#1827=CARTESIAN_POINT('',(45.25,-3.995190528383,1.25));
#1828=CARTESIAN_POINT('',(45.75,-1.830127018922,-2.5));
#1829=CARTESIAN_POINT('',(46.25,2.5,-2.5));
#1830=CARTESIAN_POINT('',(46.75,6.830127018922,-2.5));
#1831=CARTESIAN_POINT('',(47.25,8.995190528383,1.25));
#1832=CARTESIAN_POINT('',(47.75,11.160254037844,5.));
#1833=CARTESIAN_POINT('',(48.25,8.995190528383,8.75));
#1834=CARTESIAN_POINT('',(48.75,6.830127018922,12.5));
#1835=CARTESIAN_POINT('',(49.25,2.5,12.5));
#1836=CARTESIAN_POINT('',(49.75,-1.830127018922,12.5));
#1837=CARTESIAN_POINT('',(50.25,-3.995190528383,8.75));
#1838=CARTESIAN_POINT('',(50.75,-6.160254037844,5.));
#1839=CARTESIAN_POINT('',(51.25,-3.995190528383,1.25));
#1840=CARTESIAN_POINT('',(51.75,-1.830127018922,-2.5));
#1841=CARTESIAN_POINT('',(52.25,2.5,-2.5));
#1842=CARTESIAN_POINT('',(52.75,6.830127018922,-2.5));
#1843=CARTESIAN_POINT('',(53.25,8.995190528383,1.25));
#1844=CARTESIAN_POINT('',(53.75,11.160254037844,5.));
#1845=CARTESIAN_POINT('',(54.25,8.995190528383,8.75));
#1846=CARTESIAN_POINT('',(54.75,6.830127018922,12.5));
#1847=CARTESIAN_POINT('',(55.25,2.5,12.5));
#1848=CARTESIAN_POINT('',(55.75,-1.830127018922,12.5));
#1849=CARTESIAN_POINT('',(56.25,-3.995190528383,8.75));
#1850=CARTESIAN_POINT('',(56.75,-6.160254037844,5.));
#1851=CARTESIAN_POINT('',(57.25,-3.995190528383,1.25));
#1852=CARTESIAN_POINT('',(57.75,-1.830127018922,-2.5));
#1853=CARTESIAN_POINT('',(58.25,2.5,-2.5));
#1854=CARTESIAN_POINT('',(58.75,6.830127018922,-2.5));
#1855=CARTESIAN_POINT('',(59.25,8.995190528383,1.25));
#1856=CARTESIAN_POINT('',(59.75,11.160254037844,5.));
#1857=CARTESIAN_POINT('',(60.25,8.995190528383,8.75));
#1858=CARTESIAN_POINT('',(60.75,6.830127018922,12.5));
#1859=CARTESIAN_POINT('',(61.25,2.5,12.5));
#1860=CARTESIAN_POINT('',(61.75,-1.830127018922,12.5));
#1861=CARTESIAN_POINT('',(62.25,-3.995190528383,8.75));
#1862=CARTESIAN_POINT('',(62.75,-6.160254037844,5.));
#1863=CARTESIAN_POINT('',(63.25,-3.995190528383,1.25));
#1864=CARTESIAN_POINT('',(63.75,-1.830127018922,-2.5));
#1865=CARTESIAN_POINT('',(64.25,2.5,-2.5));
#1866=CARTESIAN_POINT('',(64.75,6.830127018922,-2.5));
#1867=CARTESIAN_POINT('',(65.25,8.995190528383,1.25));
#1868=CARTESIAN_POINT('',(65.75,11.160254037844,5.));
#1869=CARTESIAN_POINT('',(66.25,8.995190528383,8.75));
#1870=CARTESIAN_POINT('',(66.75,6.830127018922,12.5));
#1871=CARTESIAN_POINT('',(67.25,2.5,12.5));
#1872=CARTESIAN_POINT('',(67.75,-1.830127018922,12.5));
#1873=CARTESIAN_POINT('',(68.25,-3.995190528383,8.75));
#1874=CARTESIAN_POINT('',(68.75,-6.160254037844,5.));
#1875=CARTESIAN_POINT('',(69.25,-3.995190528383,1.25));
#1876=CARTESIAN_POINT('',(69.75,-1.830127018922,-2.5));
#1877=CARTESIAN_POINT('',(70.25,2.5,-2.5));
#1878=CARTESIAN_POINT('',(70.75,6.830127018922,-2.5));
#1879=CARTESIAN_POINT('',(71.25,8.995190528383,1.25));
#1880=CARTESIAN_POINT('',(71.75,11.160254037844,5.));
#1881=CARTESIAN_POINT('',(72.25,8.995190528383,8.75));
#1882=CARTESIAN_POINT('',(72.75,6.830127018922,12.5));
#1883=CARTESIAN_POINT('',(73.25,2.5,12.5));
#1884=CARTESIAN_POINT('',(73.75,-1.830127018922,12.5));
#1885=CARTESIAN_POINT('',(74.25,-3.995190528383,8.75));
#1886=CARTESIAN_POINT('',(74.75,-6.160254037844,5.));
#1887=CARTESIAN_POINT('',(75.25,-3.995190528383,1.25));
#1888=CARTESIAN_POINT('',(75.75,-1.830127018922,-2.5));
#1889=CARTESIAN_POINT('',(76.25,2.5,-2.5));
#1890=CARTESIAN_POINT('',(76.75,6.830127018922,-2.5));
#1891=CARTESIAN_POINT('',(77.25,8.995190528383,1.25));
#1892=CARTESIAN_POINT('',(77.75,11.160254037844,5.));
#1893=CARTESIAN_POINT('',(78.25,8.995190528383,8.75));
#1894=CARTESIAN_POINT('',(78.75,6.830127018922,12.5));
#1895=CARTESIAN_POINT('',(79.25,2.5,12.5));
#1896=CARTESIAN_POINT('',(79.75,-1.830127018922,12.5));
#1897=CARTESIAN_POINT('',(80.25,-3.995190528383,8.75));
#1898=CARTESIAN_POINT('',(80.75,-6.160254037844,5.));
#1899=CARTESIAN_POINT('',(81.25,-3.995190528383,1.25));
#1900=CARTESIAN_POINT('',(81.75,-1.830127018922,-2.5));
#1901=CARTESIAN_POINT('',(82.25,2.5,-2.5));
#1902=CARTESIAN_POINT('',(82.75,6.830127018922,-2.5));
#1903=CARTESIAN_POINT('',(83.25,8.995190528383,1.25));
#1904=CARTESIAN_POINT('',(83.75,11.160254037844,5.));
#1905=CARTESIAN_POINT('',(84.25,8.995190528383,8.75));
#1906=CARTESIAN_POINT('',(84.75,6.830127018922,12.5));
#1907=CARTESIAN_POINT('',(85.25,2.5,12.5));
#1908=CARTESIAN_POINT('',(85.75,-1.830127018922,12.5));
#1909=CARTESIAN_POINT('',(86.25,-3.995190528383,8.75));
#1910=CARTESIAN_POINT('',(86.75,-6.160254037844,5.));
#1911=CARTESIAN_POINT('',(87.25,-3.995190528383,1.25));
#1912=CARTESIAN_POINT('',(87.75,-1.830127018922,-2.5));
#1913=CARTESIAN_POINT('',(88.25,2.5,-2.5));
#1914=CARTESIAN_POINT('',(88.75,6.830127018922,-2.5));
#1915=CARTESIAN_POINT('',(89.25,8.995190528383,1.25));
#1916=CARTESIAN_POINT('',(89.75,11.160254037844,5.));
#1917=CARTESIAN_POINT('',(90.25,8.995190528383,8.75));
#1918=CARTESIAN_POINT('',(90.75,6.830127018922,12.5));
#1919=CARTESIAN_POINT('',(91.25,2.5,12.5));
#1920=CARTESIAN_POINT('',(91.75,-1.830127018922,12.5));
#1921=CARTESIAN_POINT('',(92.25,-3.995190528383,8.75));
#1922=CARTESIAN_POINT('',(92.75,-6.160254037844,5.));
#1923=CARTESIAN_POINT('',(93.25,-3.995190528383,1.25));
#1924=CARTESIAN_POINT('',(93.75,-1.830127018922,-2.5));
#1925=CARTESIAN_POINT('',(94.25,2.5,-2.5));
#1926=CARTESIAN_POINT('',(94.75,6.830127018922,-2.5));
#1927=CARTESIAN_POINT('',(95.25,8.995190528383,1.25));
#1928=CARTESIAN_POINT('',(95.75,11.160254037844,5.));
#1929=CARTESIAN_POINT('',(96.25,8.995190528383,8.75));
#1930=CARTESIAN_POINT('',(96.75,6.830127018922,12.5));
#1931=CARTESIAN_POINT('',(97.25,2.5,12.5));
#1932=CARTESIAN_POINT('',(97.75,-1.830127018922,12.5));
#1933=CARTESIAN_POINT('',(98.25,-3.995190528383,8.75));
#1934=CARTESIAN_POINT('',(98.75,-6.160254037844,5.));
#1935=CARTESIAN_POINT('',(99.25,-3.995190528383,1.25));
#1936=CARTESIAN_POINT('',(99.75,-1.830127018922,-2.5));
#1937=CARTESIAN_POINT('',(100.25,2.5,-2.5));
#1938=CARTESIAN_POINT('',(100.75,6.830127018922,-2.5));
#1939=CARTESIAN_POINT('',(101.25,8.995190528383,1.25));
#1940=CARTESIAN_POINT('',(101.75,11.160254037844,5.));
#1941=CARTESIAN_POINT('',(102.25,8.995190528383,8.75));
#1942=CARTESIAN_POINT('',(102.75,6.830127018922,12.5));
#1943=CARTESIAN_POINT('',(103.25,2.5,12.5));
#1944=CARTESIAN_POINT('',(103.75,-1.830127018922,12.5));
#1945=CARTESIAN_POINT('',(104.25,-3.995190528383,8.75));
#1946=CARTESIAN_POINT('',(104.75,-6.160254037844,5.));
#1947=CARTESIAN_POINT('',(105.25,-3.995190528383,1.25));
#1948=CARTESIAN_POINT('',(105.75,-1.830127018922,-2.5));
#1949=CARTESIAN_POINT('',(106.25,2.5,-2.5));
#1950=CARTESIAN_POINT('',(106.75,6.830127018922,-2.5));
#1951=CARTESIAN_POINT('',(107.25,8.995190528383,1.25));
#1952=CARTESIAN_POINT('',(107.75,11.160254037844,5.));
#1953=CARTESIAN_POINT('',(108.25,8.995190528383,8.75));
#1954=CARTESIAN_POINT('',(108.75,6.830127018922,12.5));
#1955=CARTESIAN_POINT('',(109.25,2.5,12.5));
#1956=CARTESIAN_POINT('',(109.75,-1.830127018922,12.5));
#1957=CARTESIAN_POINT('',(110.25,-3.995190528383,8.75));
#1958=CARTESIAN_POINT('',(110.75,-6.160254037844,5.));
#1959=CARTESIAN_POINT('',(111.25,-3.995190528383,1.25));
#1960=CARTESIAN_POINT('',(111.75,-1.830127018922,-2.5));
#1961=CARTESIAN_POINT('',(112.25,2.5,-2.5));
#1962=CARTESIAN_POINT('',(112.75,6.830127018922,-2.5));
#1963=CARTESIAN_POINT('',(113.25,8.995190528383,1.25));
#1964=CARTESIAN_POINT('',(113.75,11.160254037844,5.));
#1965=CARTESIAN_POINT('',(114.25,8.995190528383,8.75));
#1966=CARTESIAN_POINT('',(114.75,6.830127018922,12.5));
#1967=CARTESIAN_POINT('',(115.25,2.5,12.5));
#1968=CARTESIAN_POINT('',(115.75,-1.830127018922,12.5));
#1969=CARTESIAN_POINT('',(116.25,-3.995190528383,8.75));
#1970=CARTESIAN_POINT('',(116.75,-6.160254037844,5.));
#1971=CARTESIAN_POINT('',(117.25,-3.995190528383,1.25));
#1972=CARTESIAN_POINT('',(117.75,-1.830127018922,-2.5));
#1973=CARTESIAN_POINT('',(118.25,2.5,-2.5));
#1974=CARTESIAN_POINT('',(118.75,6.830127018922,-2.5));
#1975=CARTESIAN_POINT('',(119.25,8.995190528383,1.25));
#1976=CARTESIAN_POINT('',(119.75,11.160254037844,5.));
#1977=CARTESIAN_POINT('',(120.25,8.995190528383,8.75));
#1978=CARTESIAN_POINT('',(120.75,6.830127018922,12.5));
#1979=CARTESIAN_POINT('',(121.25,2.5,12.5));
#1980=CARTESIAN_POINT('',(121.75,-1.830127018922,12.5));
#1981=CARTESIAN_POINT('',(122.25,-3.995190528383,8.75));
#1982=CARTESIAN_POINT('',(122.75,-6.160254037844,5.));
#1983=CARTESIAN_POINT('',(123.25,-3.995190528383,1.25));
#1984=CARTESIAN_POINT('',(123.75,-1.830127018922,-2.5));
#1985=CARTESIAN_POINT('',(124.25,2.5,-2.5));
#1986=CARTESIAN_POINT('',(124.75,6.830127018922,-2.5));
#1987=CARTESIAN_POINT('',(125.25,8.995190528383,1.25));
#1988=CARTESIAN_POINT('',(125.75,11.160254037844,5.));
#1989=CARTESIAN_POINT('',(126.25,8.995190528383,8.75));
#1990=CARTESIAN_POINT('',(126.75,6.830127018922,12.5));
#1991=CARTESIAN_POINT('',(127.25,2.5,12.5));
#1992=CARTESIAN_POINT('',(127.75,-1.830127018922,12.5));
#1993=CARTESIAN_POINT('',(128.25,-3.995190528383,8.75));
#1994=CARTESIAN_POINT('',(128.75,-6.160254037844,5.));
#1995=CARTESIAN_POINT('',(129.25,-3.995190528383,1.25));
#1996=CARTESIAN_POINT('',(129.75,-1.830127018922,-2.5));
#1997=CARTESIAN_POINT('',(130.25,2.5,-2.5));
#1998=CARTESIAN_POINT('',(130.75,6.830127018922,-2.5));
#1999=CARTESIAN_POINT('',(131.25,8.995190528383,1.25));
#2000=CARTESIAN_POINT('',(131.75,11.160254037844,5.));
#2001=CARTESIAN_POINT('',(132.25,8.995190528383,8.75));
#2002=CARTESIAN_POINT('',(132.75,6.830127018922,12.5));
#2003=CARTESIAN_POINT('',(133.25,2.5,12.5));
#2004=CARTESIAN_POINT('',(133.75,-1.830127018922,12.5));
#2005=CARTESIAN_POINT('',(134.25,-3.995190528383,8.75));
#2006=CARTESIAN_POINT('',(134.75,-6.160254037844,5.));
#2007=CARTESIAN_POINT('',(135.25,-3.995190528383,1.25));
#2008=CARTESIAN_POINT('',(135.75,-1.830127018922,-2.5));
#2009=CARTESIAN_POINT('',(136.25,2.5,-2.5));
#2010=CARTESIAN_POINT('',(136.75,6.830127018922,-2.5));
#2011=CARTESIAN_POINT('',(137.25,8.995190528383,1.25));
#2012=CARTESIAN_POINT('',(137.75,11.160254037844,5.));
#2013=CARTESIAN_POINT('',(138.25,8.995190528383,8.75));
#2014=CARTESIAN_POINT('',(138.75,6.830127018922,12.5));
#2015=CARTESIAN_POINT('',(139.25,2.5,12.5));
#2016=CARTESIAN_POINT('',(139.75,-1.830127018922,12.5));
#2017=CARTESIAN_POINT('',(140.25,-3.995190528383,8.75));
#2018=CARTESIAN_POINT('',(140.75,-6.160254037844,5.));
#2019=CARTESIAN_POINT('',(141.25,-3.995190528383,1.25));
#2020=CARTESIAN_POINT('',(141.75,-1.830127018922,-2.5));
#2021=CARTESIAN_POINT('',(142.25,2.5,-2.5));
#2022=CARTESIAN_POINT('',(142.75,6.830127018922,-2.5));
#2023=CARTESIAN_POINT('',(143.25,8.995190528383,1.25));
#2024=CARTESIAN_POINT('',(143.75,11.160254037844,5.));
#2025=CARTESIAN_POINT('',(144.25,8.995190528383,8.75));
#2026=CARTESIAN_POINT('',(144.75,6.830127018922,12.5));
#2027=CARTESIAN_POINT('',(145.25,2.5,12.5));
#2028=CARTESIAN_POINT('',(145.75,-1.830127018922,12.5));
#2029=CARTESIAN_POINT('',(146.25,-3.995190528383,8.75));
#2030=CARTESIAN_POINT('',(146.75,-6.160254037844,5.));
#2031=CARTESIAN_POINT('',(147.25,-3.995190528383,1.25));
#2032=CARTESIAN_POINT('',(147.75,-1.830127018922,-2.5));
#2033=CARTESIAN_POINT('',(148.25,2.5,-2.5));
#2034=CARTESIAN_POINT('',(148.75,6.830127018922,-2.5));
#2035=CARTESIAN_POINT('',(149.25,8.995190528383,1.25));
#2036=CARTESIAN_POINT('',(149.75,11.160254037844,5.));
#2037=CARTESIAN_POINT('',(150.25,8.995190528383,8.75));
#2038=CARTESIAN_POINT('',(150.75,6.830127018922,12.5));
#2039=CARTESIAN_POINT('',(151.25,2.5,12.5));
#2040=CARTESIAN_POINT('',(151.75,-1.830127018922,12.5));
#2041=CARTESIAN_POINT('',(152.25,-3.995190528383,8.75));
#2042=CARTESIAN_POINT('',(152.75,-6.160254037844,5.));
#2043=CARTESIAN_POINT('',(153.25,-3.995190528383,1.25));
#2044=CARTESIAN_POINT('',(153.75,-1.830127018922,-2.5));
#2045=CARTESIAN_POINT('',(154.25,2.5,-2.5));
#2046=CARTESIAN_POINT('',(154.75,6.830127018922,-2.5));
#2047=CARTESIAN_POINT('',(155.25,8.995190528383,1.25));
#2048=CARTESIAN_POINT('',(155.75,11.160254037844,5.));
#2049=CARTESIAN_POINT('',(156.25,8.995190528383,8.75));
#2050=CARTESIAN_POINT('',(156.75,6.830127018922,12.5));
#2051=CARTESIAN_POINT('',(157.25,2.5,12.5));
#2052=CARTESIAN_POINT('',(157.75,-1.830127018922,12.5));
#2053=CARTESIAN_POINT('',(158.25,-3.995190528383,8.75));
#2054=CARTESIAN_POINT('',(158.75,-6.160254037844,5.));
#2055=CARTESIAN_POINT('',(159.25,-3.995190528383,1.25));
#2056=CARTESIAN_POINT('',(159.75,-1.830127018922,-2.5));
#2057=CARTESIAN_POINT('',(160.25,2.5,-2.5));
#2058=CARTESIAN_POINT('',(160.75,6.830127018922,-2.5));
#2059=CARTESIAN_POINT('',(161.25,8.995190528383,1.25));
#2060=CARTESIAN_POINT('',(161.75,11.160254037844,5.));
#2061=CARTESIAN_POINT('',(162.25,8.995190528383,8.75));
#2062=CARTESIAN_POINT('',(162.75,6.830127018922,12.5));
#2063=CARTESIAN_POINT('',(163.25,2.5,12.5));
#2064=CARTESIAN_POINT('',(163.75,-1.830127018922,12.5));
#2065=CARTESIAN_POINT('',(164.25,-3.995190528383,8.75));
#2066=CARTESIAN_POINT('',(164.75,-6.160254037844,5.));
#2067=CARTESIAN_POINT('',(165.25,-3.995190528383,1.25));
#2068=CARTESIAN_POINT('',(165.75,-1.830127018922,-2.5));
#2069=CARTESIAN_POINT('',(166.25,2.5,-2.5));
#2070=CARTESIAN_POINT('',(166.75,6.830127018922,-2.5));
#2071=CARTESIAN_POINT('',(167.25,8.995190528383,1.25));
#2072=CARTESIAN_POINT('',(167.75,11.160254037844,5.));
#2073=CARTESIAN_POINT('',(168.25,8.995190528383,8.75));
#2074=CARTESIAN_POINT('',(168.75,6.830127018922,12.5));
#2075=CARTESIAN_POINT('',(169.25,2.5,12.5));
#2076=CARTESIAN_POINT('',(169.75,-1.830127018922,12.5));
#2077=CARTESIAN_POINT('',(170.25,-3.995190528383,8.75));
#2078=CARTESIAN_POINT('',(170.75,-6.160254037844,5.));
#2079=CARTESIAN_POINT('',(171.25,-3.995190528383,1.25));
#2080=CARTESIAN_POINT('',(171.75,-1.830127018922,-2.5));
#2081=CARTESIAN_POINT('',(172.25,2.5,-2.5));
#2082=CARTESIAN_POINT('',(172.75,6.830127018922,-2.5));
#2083=CARTESIAN_POINT('',(173.25,8.995190528383,1.25));
#2084=CARTESIAN_POINT('',(173.75,11.160254037844,5.));
#2085=CARTESIAN_POINT('',(174.25,8.995190528383,8.75));
#2086=CARTESIAN_POINT('',(174.75,6.830127018922,12.5));
#2087=CARTESIAN_POINT('',(175.25,2.5,12.5));
#2088=CARTESIAN_POINT('',(175.75,-1.830127018922,12.5));
#2089=CARTESIAN_POINT('',(176.25,-3.995190528383,8.75));
#2090=CARTESIAN_POINT('',(176.75,-6.160254037844,5.));
#2091=CARTESIAN_POINT('',(177.25,-3.995190528383,1.25));
#2092=CARTESIAN_POINT('',(177.75,-1.830127018922,-2.5));
#2093=CARTESIAN_POINT('',(178.25,2.5,-2.5));
#2094=CARTESIAN_POINT('',(178.75,6.830127018922,-2.5));
#2095=CARTESIAN_POINT('',(179.25,8.995190528383,1.25));
#2096=CARTESIAN_POINT('',(179.75,11.160254037844,5.));
#2097=CARTESIAN_POINT('',(180.25,8.995190528383,8.75));
#2098=CARTESIAN_POINT('',(180.75,6.830127018922,12.5));
#2099=CARTESIAN_POINT('',(181.25,2.5,12.5));
#2100=CARTESIAN_POINT('',(181.75,-1.830127018922,12.5));
#2101=CARTESIAN_POINT('',(182.25,-3.995190528383,8.75));
#2102=CARTESIAN_POINT('',(182.75,-6.160254037844,5.));
#2103=CARTESIAN_POINT('',(183.25,-3.995190528383,1.25));
#2104=CARTESIAN_POINT('',(183.75,-1.830127018922,-2.5));
#2105=CARTESIAN_POINT('',(184.25,2.5,-2.5));
#2106=CARTESIAN_POINT('',(184.75,6.830127018922,-2.5));
#2107=CARTESIAN_POINT('',(185.25,8.995190528383,1.25));
#2108=CARTESIAN_POINT('',(185.75,11.160254037844,5.));
#2109=CARTESIAN_POINT('',(186.25,8.995190528383,8.75));
#2110=CARTESIAN_POINT('',(186.75,6.830127018922,12.5));
#2111=CARTESIAN_POINT('',(187.25,2.5,12.5));
#2112=CARTESIAN_POINT('',(187.75,-1.830127018922,12.5));
#2113=CARTESIAN_POINT('',(188.25,-3.995190528383,8.75));
#2114=CARTESIAN_POINT('',(188.75,-6.160254037844,5.));
#2115=CARTESIAN_POINT('',(189.25,-3.995190528383,1.25));
#2116=CARTESIAN_POINT('',(189.75,-1.830127018922,-2.5));
#2117=CARTESIAN_POINT('',(190.25,2.5,-2.5));
#2118=CARTESIAN_POINT('',(190.75,6.830127018922,-2.5));
#2119=CARTESIAN_POINT('',(191.25,8.995190528383,1.25));
#2120=CARTESIAN_POINT('',(191.75,11.160254037844,5.));
#2121=CARTESIAN_POINT('',(192.25,8.995190528383,8.75));
#2122=CARTESIAN_POINT('',(192.75,6.830127018922,12.5));
#2123=CARTESIAN_POINT('',(193.25,2.5,12.5));
#2124=CARTESIAN_POINT('',(193.75,-1.830127018922,12.5));
#2125=CARTESIAN_POINT('',(194.25,-3.995190528383,8.75));
#2126=CARTESIAN_POINT('',(194.75,-6.160254037844,5.));
#2127=CARTESIAN_POINT('',(195.25,-3.995190528383,1.25));
#2128=CARTESIAN_POINT('',(195.75,-1.830127018922,-2.5));
#2129=CARTESIAN_POINT('',(196.25,2.5,-2.5));
#2130=CARTESIAN_POINT('',(196.75,6.830127018922,-2.5));
#2131=CARTESIAN_POINT('',(197.25,8.995190528383,1.25));
#2132=CARTESIAN_POINT('',(197.75,11.160254037844,5.));
#2133=CARTESIAN_POINT('',(198.25,8.995190528383,8.75));
#2134=CARTESIAN_POINT('',(198.75,6.830127018922,12.5));
#2135=CARTESIAN_POINT('',(199.25,2.5,12.5));
#2136=CARTESIAN_POINT('',(199.75,-1.830127018922,12.5));
#2137=CARTESIAN_POINT('',(200.25,-3.995190528383,8.75));
#2138=CARTESIAN_POINT('',(200.75,-6.160254037844,5.));
#2139=CARTESIAN_POINT('',(201.25,-3.995190528383,1.25));
#2140=CARTESIAN_POINT('',(201.75,-1.830127018922,-2.5));
#2141=CARTESIAN_POINT('',(202.25,2.5,-2.5));
#2142=CARTESIAN_POINT('',(202.75,6.830127018922,-2.5));
#2143=CARTESIAN_POINT('',(203.25,8.995190528383,1.25));
#2144=CARTESIAN_POINT('',(203.75,11.160254037844,5.));
#2145=CARTESIAN_POINT('',(204.25,8.995190528383,8.75));
#2146=CARTESIAN_POINT('',(204.75,6.830127018922,12.5));
#2147=CARTESIAN_POINT('',(205.25,2.5,12.5));
#2148=CARTESIAN_POINT('',(205.75,-1.830127018922,12.5));
#2149=CARTESIAN_POINT('',(206.25,-3.995190528383,8.75));
#2150=CARTESIAN_POINT('',(206.75,-6.160254037844,5.));
#2151=CARTESIAN_POINT('',(207.25,-3.995190528383,1.25));
#2152=CARTESIAN_POINT('',(207.75,-1.830127018922,-2.5));
#2153=CARTESIAN_POINT('',(208.25,2.5,-2.5));
#2154=CARTESIAN_POINT('',(208.75,6.830127018922,-2.5));
#2155=CARTESIAN_POINT('',(209.25,8.995190528383,1.25));
#2156=CARTESIAN_POINT('',(209.75,11.160254037844,5.));
#2157=CARTESIAN_POINT('',(210.25,8.995190528383,8.75));
#2158=CARTESIAN_POINT('',(210.75,6.830127018922,12.5));
#2159=CARTESIAN_POINT('',(211.25,2.5,12.5));
#2160=CARTESIAN_POINT('',(211.75,-1.830127018922,12.5));
#2161=CARTESIAN_POINT('',(212.25,-3.995190528383,8.75));
#2162=CARTESIAN_POINT('',(212.75,-6.160254037844,5.));
#2163=CARTESIAN_POINT('',(213.25,-3.995190528383,1.25));
#2164=CARTESIAN_POINT('',(213.75,-1.830127018922,-2.5));
#2165=CARTESIAN_POINT('',(214.25,2.5,-2.5));
#2166=CARTESIAN_POINT('',(214.75,6.830127018922,-2.5));
#2167=CARTESIAN_POINT('',(215.25,8.995190528383,1.25));
#2168=CARTESIAN_POINT('',(215.75,11.160254037844,5.));
#2169=CARTESIAN_POINT('',(216.25,8.995190528383,8.75));
#2170=CARTESIAN_POINT('',(216.75,6.830127018922,12.5));
#2171=CARTESIAN_POINT('',(217.25,2.5,12.5));
#2172=CARTESIAN_POINT('',(217.75,-1.830127018922,12.5));
#2173=CARTESIAN_POINT('',(218.25,-3.995190528383,8.75));
#2174=CARTESIAN_POINT('',(218.75,-6.160254037844,5.));
#2175=CARTESIAN_POINT('',(219.25,-3.995190528383,1.25));
#2176=CARTESIAN_POINT('',(219.75,-1.830127018922,-2.5));
#2177=CARTESIAN_POINT('',(220.25,2.5,-2.5));
#2178=CARTESIAN_POINT('',(220.75,6.830127018922,-2.5));
#2179=CARTESIAN_POINT('',(221.25,8.995190528383,1.25));
#2180=CARTESIAN_POINT('',(221.75,11.160254037844,5.));
#2181=CARTESIAN_POINT('',(222.25,8.995190528383,8.75));
#2182=CARTESIAN_POINT('',(222.75,6.830127018922,12.5));
#2183=CARTESIAN_POINT('',(223.25,2.5,12.5));
#2184=CARTESIAN_POINT('',(223.75,-1.830127018922,12.5));
#2185=CARTESIAN_POINT('',(224.25,-3.995190528383,8.75));
#2186=CARTESIAN_POINT('',(224.75,-6.160254037844,5.));
#2187=CARTESIAN_POINT('',(225.25,-3.995190528383,1.25));
#2188=CARTESIAN_POINT('',(225.75,-1.830127018922,-2.5));
#2189=CARTESIAN_POINT('',(226.25,2.5,-2.5));
#2190=CARTESIAN_POINT('',(226.75,6.830127018922,-2.5));
#2191=CARTESIAN_POINT('',(227.25,8.995190528383,1.25));
#2192=CARTESIAN_POINT('',(227.75,11.160254037844,5.));
#2193=CARTESIAN_POINT('',(228.25,8.995190528383,8.75));
#2194=CARTESIAN_POINT('',(228.75,6.830127018922,12.5));
#2195=CARTESIAN_POINT('',(229.25,2.5,12.5));
#2196=CARTESIAN_POINT('',(229.75,-1.830127018922,12.5));
#2197=CARTESIAN_POINT('',(230.25,-3.995190528383,8.75));
#2198=CARTESIAN_POINT('',(230.75,-6.160254037844,5.));
#2199=CARTESIAN_POINT('',(231.25,-3.995190528383,1.25));
#2200=CARTESIAN_POINT('',(231.75,-1.830127018922,-2.5));
#2201=CARTESIAN_POINT('',(232.25,2.5,-2.5));
#2202=CARTESIAN_POINT('',(31.75,2.5,-2.5));
#2203=CARTESIAN_POINT('',(32.25,6.830127018922,-2.5));
#2204=CARTESIAN_POINT('',(32.75,8.995190528383,1.25));
#2205=CARTESIAN_POINT('',(33.25,11.160254037844,5.));
#2206=CARTESIAN_POINT('',(33.75,8.995190528383,8.75));
#2207=CARTESIAN_POINT('',(34.25,6.830127018922,12.5));
#2208=CARTESIAN_POINT('',(34.75,2.5,12.5));
#2209=CARTESIAN_POINT('',(35.25,-1.830127018922,12.5));
#2210=CARTESIAN_POINT('',(35.75,-3.995190528383,8.75));
#2211=CARTESIAN_POINT('',(36.25,-6.160254037844,5.));
#2212=CARTESIAN_POINT('',(36.75,-3.995190528383,1.25));
#2213=CARTESIAN_POINT('',(37.25,-1.830127018922,-2.5));
#2214=CARTESIAN_POINT('',(37.75,2.5,-2.5));
#2215=CARTESIAN_POINT('',(38.25,6.830127018922,-2.5));
#2216=CARTESIAN_POINT('',(38.75,8.995190528383,1.25));
#2217=CARTESIAN_POINT('',(39.25,11.160254037844,5.));
#2218=CARTESIAN_POINT('',(39.75,8.995190528383,8.75));
#2219=CARTESIAN_POINT('',(40.25,6.830127018922,12.5));
#2220=CARTESIAN_POINT('',(40.75,2.5,12.5));
#2221=CARTESIAN_POINT('',(41.25,-1.830127018922,12.5));
#2222=CARTESIAN_POINT('',(41.75,-3.995190528383,8.75));
#2223=CARTESIAN_POINT('',(42.25,-6.160254037844,5.));
#2224=CARTESIAN_POINT('',(42.75,-3.995190528383,1.25));
#2225=CARTESIAN_POINT('',(43.25,-1.830127018922,-2.5));
#2226=CARTESIAN_POINT('',(43.75,2.5,-2.5));
#2227=CARTESIAN_POINT('',(44.25,6.830127018922,-2.5));
#2228=CARTESIAN_POINT('',(44.75,8.995190528383,1.25));
#2229=CARTESIAN_POINT('',(45.25,11.160254037844,5.));
#2230=CARTESIAN_POINT('',(45.75,8.995190528383,8.75));
#2231=CARTESIAN_POINT('',(46.25,6.830127018922,12.5));
#2232=CARTESIAN_POINT('',(46.75,2.5,12.5));
#2233=CARTESIAN_POINT('',(47.25,-1.830127018922,12.5));
#2234=CARTESIAN_POINT('',(47.75,-3.995190528383,8.75));
#2235=CARTESIAN_POINT('',(48.25,-6.160254037844,5.));
#2236=CARTESIAN_POINT('',(48.75,-3.995190528383,1.25));
#2237=CARTESIAN_POINT('',(49.25,-1.830127018922,-2.5));
#2238=CARTESIAN_POINT('',(49.75,2.5,-2.5));
#2239=CARTESIAN_POINT('',(50.25,6.830127018922,-2.5));
#2240=CARTESIAN_POINT('',(50.75,8.995190528383,1.25));
#2241=CARTESIAN_POINT('',(51.25,11.160254037844,5.));
#2242=CARTESIAN_POINT('',(51.75,8.995190528383,8.75));
#2243=CARTESIAN_POINT('',(52.25,6.830127018922,12.5));
#2244=CARTESIAN_POINT('',(52.75,2.5,12.5));
#2245=CARTESIAN_POINT('',(53.25,-1.830127018922,12.5));
#2246=CARTESIAN_POINT('',(53.75,-3.995190528383,8.75));
#2247=CARTESIAN_POINT('',(54.25,-6.160254037844,5.));
#2248=CARTESIAN_POINT('',(54.75,-3.995190528383,1.25));
#2249=CARTESIAN_POINT('',(55.25,-1.830127018922,-2.5));
#2250=CARTESIAN_POINT('',(55.75,2.5,-2.5));
#2251=CARTESIAN_POINT('',(56.25,6.830127018922,-2.5));
#2252=CARTESIAN_POINT('',(56.75,8.995190528383,1.25));
#2253=CARTESIAN_POINT('',(57.25,11.160254037844,5.));
#2254=CARTESIAN_POINT('',(57.75,8.995190528383,8.75));
#2255=CARTESIAN_POINT('',(58.25,6.830127018922,12.5));
#2256=CARTESIAN_POINT('',(58.75,2.5,12.5));
#2257=CARTESIAN_POINT('',(59.25,-1.830127018922,12.5));
#2258=CARTESIAN_POINT('',(59.75,-3.995190528383,8.75));
#2259=CARTESIAN_POINT('',(60.25,-6.160254037844,5.));
#2260=CARTESIAN_POINT('',(60.75,-3.995190528383,1.25));
#2261=CARTESIAN_POINT('',(61.25,-1.830127018922,-2.5));
#2262=CARTESIAN_POINT('',(61.75,2.5,-2.5));
#2263=CARTESIAN_POINT('',(62.25,6.830127018922,-2.5));
#2264=CARTESIAN_POINT('',(62.75,8.995190528383,1.25));
#2265=CARTESIAN_POINT('',(63.25,11.160254037844,5.));
#2266=CARTESIAN_POINT('',(63.75,8.995190528383,8.75));
#2267=CARTESIAN_POINT('',(64.25,6.830127018922,12.5));
#2268=CARTESIAN_POINT('',(64.75,2.5,12.5));
#2269=CARTESIAN_POINT('',(65.25,-1.830127018922,12.5));
#2270=CARTESIAN_POINT('',(65.75,-3.995190528383,8.75));
#2271=CARTESIAN_POINT('',(66.25,-6.160254037844,5.));
#2272=CARTESIAN_POINT('',(66.75,-3.995190528383,1.25));
#2273=CARTESIAN_POINT('',(67.25,-1.830127018922,-2.5));
#2274=CARTESIAN_POINT('',(67.75,2.5,-2.5));
#2275=CARTESIAN_POINT('',(68.25,6.830127018922,-2.5));
#2276=CARTESIAN_POINT('',(68.75,8.995190528383,1.25));
#2277=CARTESIAN_POINT('',(69.25,11.160254037844,5.));
#2278=CARTESIAN_POINT('',(69.75,8.995190528383,8.75));
#2279=CARTESIAN_POINT('',(70.25,6.830127018922,12.5));
#2280=CARTESIAN_POINT('',(70.75,2.5,12.5));
#2281=CARTESIAN_POINT('',(71.25,-1.830127018922,12.5));
#2282=CARTESIAN_POINT('',(71.75,-3.995190528383,8.75));
#2283=CARTESIAN_POINT('',(72.25,-6.160254037844,5.));
#2284=CARTESIAN_POINT('',(72.75,-3.995190528383,1.25));
#2285=CARTESIAN_POINT('',(73.25,-1.830127018922,-2.5));
#2286=CARTESIAN_POINT('',(73.75,2.5,-2.5));
#2287=CARTESIAN_POINT('',(74.25,6.830127018922,-2.5));
#2288=CARTESIAN_POINT('',(74.75,8.995190528383,1.25));
#2289=CARTESIAN_POINT('',(75.25,11.160254037844,5.));
#2290=CARTESIAN_POINT('',(75.75,8.995190528383,8.75));
#2291=CARTESIAN_POINT('',(76.25,6.830127018922,12.5));
#2292=CARTESIAN_POINT('',(76.75,2.5,12.5));
#2293=CARTESIAN_POINT('',(77.25,-1.830127018922,12.5));
#2294=CARTESIAN_POINT('',(77.75,-3.995190528383,8.75));
#2295=CARTESIAN_POINT('',(78.25,-6.160254037844,5.));
#2296=CARTESIAN_POINT('',(78.75,-3.995190528383,1.25));
#2297=CARTESIAN_POINT('',(79.25,-1.830127018922,-2.5));
#2298=CARTESIAN_POINT('',(79.75,2.5,-2.5));
#2299=CARTESIAN_POINT('',(80.25,6.830127018922,-2.5));
#2300=CARTESIAN_POINT('',(80.75,8.995190528383,1.25));
#2301=CARTESIAN_POINT('',(81.25,11.160254037844,5.));
#2302=CARTESIAN_POINT('',(81.75,8.995190528383,8.75));
#2303=CARTESIAN_POINT('',(82.25,6.830127018922,12.5));
#2304=CARTESIAN_POINT('',(82.75,2.5,12.5));
#2305=CARTESIAN_POINT('',(83.25,-1.830127018922,12.5));
#2306=CARTESIAN_POINT('',(83.75,-3.995190528383,8.75));
#2307=CARTESIAN_POINT('',(84.25,-6.160254037844,5.));
#2308=CARTESIAN_POINT('',(84.75,-3.995190528383,1.25));
#2309=CARTESIAN_POINT('',(85.25,-1.830127018922,-2.5));
#2310=CARTESIAN_POINT('',(85.75,2.5,-2.5));
#2311=CARTESIAN_POINT('',(86.25,6.830127018922,-2.5));
#2312=CARTESIAN_POINT('',(86.75,8.995190528383,1.25));
#2313=CARTESIAN_POINT('',(87.25,11.160254037844,5.));
#2314=CARTESIAN_POINT('',(87.75,8.995190528383,8.75));
#2315=CARTESIAN_POINT('',(88.25,6.830127018922,12.5));
#2316=CARTESIAN_POINT('',(88.75,2.5,12.5));
#2317=CARTESIAN_POINT('',(89.25,-1.830127018922,12.5));
#2318=CARTESIAN_POINT('',(89.75,-3.995190528383,8.75));
#2319=CARTESIAN_POINT('',(90.25,-6.160254037844,5.));
#2320=CARTESIAN_POINT('',(90.75,-3.995190528383,1.25));
#2321=CARTESIAN_POINT('',(91.25,-1.830127018922,-2.5));
#2322=CARTESIAN_POINT('',(91.75,2.5,-2.5));
#2323=CARTESIAN_POINT('',(92.25,6.830127018922,-2.5));
#2324=CARTESIAN_POINT('',(92.75,8.995190528383,1.25));
#2325=CARTESIAN_POINT('',(93.25,11.160254037844,5.));
#2326=CARTESIAN_POINT('',(93.75,8.995190528383,8.75));
#2327=CARTESIAN_POINT('',(94.25,6.830127018922,12.5));
#2328=CARTESIAN_POINT('',(94.75,2.5,12.5));
#2329=CARTESIAN_POINT('',(95.25,-1.830127018922,12.5));
#2330=CARTESIAN_POINT('',(95.75,-3.995190528383,8.75));
#2331=CARTESIAN_POINT('',(96.25,-6.160254037844,5.));
#2332=CARTESIAN_POINT('',(96.75,-3.995190528383,1.25));
#2333=CARTESIAN_POINT('',(97.25,-1.830127018922,-2.5));
#2334=CARTESIAN_POINT('',(97.75,2.5,-2.5));
#2335=CARTESIAN_POINT('',(98.25,6.830127018922,-2.5));
#2336=CARTESIAN_POINT('',(98.75,8.995190528383,1.25));
#2337=CARTESIAN_POINT('',(99.25,11.160254037844,5.));
#2338=CARTESIAN_POINT('',(99.75,8.995190528383,8.75));
#2339=CARTESIAN_POINT('',(100.25,6.830127018922,12.5));
#2340=CARTESIAN_POINT('',(100.75,2.5,12.5));
#2341=CARTESIAN_POINT('',(101.25,-1.830127018922,12.5));
#2342=CARTESIAN_POINT('',(101.75,-3.995190528383,8.75));
#2343=CARTESIAN_POINT('',(102.25,-6.160254037844,5.));
#2344=CARTESIAN_POINT('',(102.75,-3.995190528383,1.25));
#2345=CARTESIAN_POINT('',(103.25,-1.830127018922,-2.5));
#2346=CARTESIAN_POINT('',(103.75,2.5,-2.5));
#2347=CARTESIAN_POINT('',(104.25,6.830127018922,-2.5));
#2348=CARTESIAN_POINT('',(104.75,8.995190528383,1.25));
#2349=CARTESIAN_POINT('',(105.25,11.160254037844,5.));
#2350=CARTESIAN_POINT('',(105.75,8.995190528383,8.75));
#2351=CARTESIAN_POINT('',(106.25,6.830127018922,12.5));
#2352=CARTESIAN_POINT('',(106.75,2.5,12.5));
#2353=CARTESIAN_POINT('',(107.25,-1.830127018922,12.5));
#2354=CARTESIAN_POINT('',(107.75,-3.995190528383,8.75));
#2355=CARTESIAN_POINT('',(108.25,-6.160254037844,5.));
#2356=CARTESIAN_POINT('',(108.75,-3.995190528383,1.25));
#2357=CARTESIAN_POINT('',(109.25,-1.830127018922,-2.5));
#2358=CARTESIAN_POINT('',(109.75,2.5,-2.5));
#2359=CARTESIAN_POINT('',(110.25,6.830127018922,-2.5));
#2360=CARTESIAN_POINT('',(110.75,8.995190528383,1.25));
#2361=CARTESIAN_POINT('',(111.25,11.160254037844,5.));
#2362=CARTESIAN_POINT('',(111.75,8.995190528383,8.75));
#2363=CARTESIAN_POINT('',(112.25,6.830127018922,12.5));
#2364=CARTESIAN_POINT('',(112.75,2.5,12.5));
#2365=CARTESIAN_POINT('',(113.25,-1.830127018922,12.5));
#2366=CARTESIAN_POINT('',(113.75,-3.995190528383,8.75));
#2367=CARTESIAN_POINT('',(114.25,-6.160254037844,5.));
#2368=CARTESIAN_POINT('',(114.75,-3.995190528383,1.25));
#2369=CARTESIAN_POINT('',(115.25,-1.830127018922,-2.5));
#2370=CARTESIAN_POINT('',(115.75,2.5,-2.5));
#2371=CARTESIAN_POINT('',(116.25,6.830127018922,-2.5));
#2372=CARTESIAN_POINT('',(116.75,8.995190528383,1.25));
#2373=CARTESIAN_POINT('',(117.25,11.160254037844,5.));
#2374=CARTESIAN_POINT('',(117.75,8.995190528383,8.75));
#2375=CARTESIAN_POINT('',(118.25,6.830127018922,12.5));
#2376=CARTESIAN_POINT('',(118.75,2.5,12.5));
#2377=CARTESIAN_POINT('',(119.25,-1.830127018922,12.5));
#2378=CARTESIAN_POINT('',(119.75,-3.995190528383,8.75));
#2379=CARTESIAN_POINT('',(120.25,-6.160254037844,5.));
#2380=CARTESIAN_POINT('',(120.75,-3.995190528383,1.25));
#2381=CARTESIAN_POINT('',(121.25,-1.830127018922,-2.5));
#2382=CARTESIAN_POINT('',(121.75,2.5,-2.5));
#2383=CARTESIAN_POINT('',(122.25,6.830127018922,-2.5));
#2384=CARTESIAN_POINT('',(122.75,8.995190528383,1.25));
#2385=CARTESIAN_POINT('',(123.25,11.160254037844,5.));
#2386=CARTESIAN_POINT('',(123.75,8.995190528383,8.75));
#2387=CARTESIAN_POINT('',(124.25,6.830127018922,12.5));
#2388=CARTESIAN_POINT('',(124.75,2.5,12.5));
#2389=CARTESIAN_POINT('',(125.25,-1.830127018922,12.5));
#2390=CARTESIAN_POINT('',(125.75,-3.995190528383,8.75));
#2391=CARTESIAN_POINT('',(126.25,-6.160254037844,5.));
#2392=CARTESIAN_POINT('',(126.75,-3.995190528383,1.25));
#2393=CARTESIAN_POINT('',(127.25,-1.830127018922,-2.5));
#2394=CARTESIAN_POINT('',(127.75,2.5,-2.5));
#2395=CARTESIAN_POINT('',(128.25,6.830127018922,-2.5));
#2396=CARTESIAN_POINT('',(128.75,8.995190528383,1.25));
#2397=CARTESIAN_POINT('',(129.25,11.160254037844,5.));
#2398=CARTESIAN_POINT('',(129.75,8.995190528383,8.75));
#2399=CARTESIAN_POINT('',(130.25,6.830127018922,12.5));
#2400=CARTESIAN_POINT('',(130.75,2.5,12.5));
#2401=CARTESIAN_POINT('',(131.25,-1.830127018922,12.5));
#2402=CARTESIAN_POINT('',(131.75,-3.995190528383,8.75));
#2403=CARTESIAN_POINT('',(132.25,-6.160254037844,5.));
#2404=CARTESIAN_POINT('',(132.75,-3.995190528383,1.25));
#2405=CARTESIAN_POINT('',(133.25,-1.830127018922,-2.5));
#2406=CARTESIAN_POINT('',(133.75,2.5,-2.5));
#2407=CARTESIAN_POINT('',(134.25,6.830127018922,-2.5));
#2408=CARTESIAN_POINT('',(134.75,8.995190528383,1.25));
#2409=CARTESIAN_POINT('',(135.25,11.160254037844,5.));
#2410=CARTESIAN_POINT('',(135.75,8.995190528383,8.75));
#2411=CARTESIAN_POINT('',(136.25,6.830127018922,12.5));
#2412=CARTESIAN_POINT('',(136.75,2.5,12.5));
#2413=CARTESIAN_POINT('',(137.25,-1.830127018922,12.5));
#2414=CARTESIAN_POINT('',(137.75,-3.995190528383,8.75));
#2415=CARTESIAN_POINT('',(138.25,-6.160254037844,5.));
#2416=CARTESIAN_POINT('',(138.75,-3.995190528383,1.25));
#2417=CARTESIAN_POINT('',(139.25,-1.830127018922,-2.5));
#2418=CARTESIAN_POINT('',(139.75,2.5,-2.5));
#2419=CARTESIAN_POINT('',(140.25,6.830127018922,-2.5));
#2420=CARTESIAN_POINT('',(140.75,8.995190528383,1.25));
#2421=CARTESIAN_POINT('',(141.25,11.160254037844,5.));
#2422=CARTESIAN_POINT('',(141.75,8.995190528383,8.75));
#2423=CARTESIAN_POINT('',(142.25,6.830127018922,12.5));
#2424=CARTESIAN_POINT('',(142.75,2.5,12.5));
#2425=CARTESIAN_POINT('',(143.25,-1.830127018922,12.5));
#2426=CARTESIAN_POINT('',(143.75,-3.995190528383,8.75));
#2427=CARTESIAN_POINT('',(144.25,-6.160254037844,5.));
#2428=CARTESIAN_POINT('',(144.75,-3.995190528383,1.25));
#2429=CARTESIAN_POINT('',(145.25,-1.830127018922,-2.5));
#2430=CARTESIAN_POINT('',(145.75,2.5,-2.5));
#2431=CARTESIAN_POINT('',(146.25,6.830127018922,-2.5));
#2432=CARTESIAN_POINT('',(146.75,8.995190528383,1.25));
#2433=CARTESIAN_POINT('',(147.25,11.160254037844,5.));
#2434=CARTESIAN_POINT('',(147.75,8.995190528383,8.75));
#2435=CARTESIAN_POINT('',(148.25,6.830127018922,12.5));
#2436=CARTESIAN_POINT('',(148.75,2.5,12.5));
#2437=CARTESIAN_POINT('',(149.25,-1.830127018922,12.5));
#2438=CARTESIAN_POINT('',(149.75,-3.995190528383,8.75));
#2439=CARTESIAN_POINT('',(150.25,-6.160254037844,5.));
#2440=CARTESIAN_POINT('',(150.75,-3.995190528383,1.25));
#2441=CARTESIAN_POINT('',(151.25,-1.830127018922,-2.5));
#2442=CARTESIAN_POINT('',(151.75,2.5,-2.5));
#2443=CARTESIAN_POINT('',(152.25,6.830127018922,-2.5));
#2444=CARTESIAN_POINT('',(152.75,8.995190528383,1.25));
#2445=CARTESIAN_POINT('',(153.25,11.160254037844,5.));
#2446=CARTESIAN_POINT('',(153.75,8.995190528383,8.75));
#2447=CARTESIAN_POINT('',(154.25,6.830127018922,12.5));
#2448=CARTESIAN_POINT('',(154.75,2.5,12.5));
#2449=CARTESIAN_POINT('',(155.25,-1.830127018922,12.5));
#2450=CARTESIAN_POINT('',(155.75,-3.995190528383,8.75));
#2451=CARTESIAN_POINT('',(156.25,-6.160254037844,5.));
#2452=CARTESIAN_POINT('',(156.75,-3.995190528383,1.25));
#2453=CARTESIAN_POINT('',(157.25,-1.830127018922,-2.5));
#2454=CARTESIAN_POINT('',(157.75,2.5,-2.5));
#2455=CARTESIAN_POINT('',(158.25,6.830127018922,-2.5));
#2456=CARTESIAN_POINT('',(158.75,8.995190528383,1.25));
#2457=CARTESIAN_POINT('',(159.25,11.160254037844,5.));
#2458=CARTESIAN_POINT('',(159.75,8.995190528383,8.75));
#2459=CARTESIAN_POINT('',(160.25,6.830127018922,12.5));
#2460=CARTESIAN_POINT('',(160.75,2.5,12.5));
#2461=CARTESIAN_POINT('',(161.25,-1.830127018922,12.5));
#2462=CARTESIAN_POINT('',(161.75,-3.995190528383,8.75));
#2463=CARTESIAN_POINT('',(162.25,-6.160254037844,5.));
#2464=CARTESIAN_POINT('',(162.75,-3.995190528383,1.25));
#2465=CARTESIAN_POINT('',(163.25,-1.830127018922,-2.5));
#2466=CARTESIAN_POINT('',(163.75,2.5,-2.5));
#2467=CARTESIAN_POINT('',(164.25,6.830127018922,-2.5));
#2468=CARTESIAN_POINT('',(164.75,8.995190528383,1.25));
#2469=CARTESIAN_POINT('',(165.25,11.160254037844,5.));
#2470=CARTESIAN_POINT('',(165.75,8.995190528383,8.75));
#2471=CARTESIAN_POINT('',(166.25,6.830127018922,12.5));
#2472=CARTESIAN_POINT('',(166.75,2.5,12.5));
#2473=CARTESIAN_POINT('',(167.25,-1.830127018922,12.5));
#2474=CARTESIAN_POINT('',(167.75,-3.995190528383,8.75));
#2475=CARTESIAN_POINT('',(168.25,-6.160254037844,5.));
#2476=CARTESIAN_POINT('',(168.75,-3.995190528383,1.25));
#2477=CARTESIAN_POINT('',(169.25,-1.830127018922,-2.5));
#2478=CARTESIAN_POINT('',(169.75,2.5,-2.5));
#2479=CARTESIAN_POINT('',(170.25,6.830127018922,-2.5));
#2480=CARTESIAN_POINT('',(170.75,8.995190528383,1.25));
#2481=CARTESIAN_POINT('',(171.25,11.160254037844,5.));
#2482=CARTESIAN_POINT('',(171.75,8.995190528383,8.75));
#2483=CARTESIAN_POINT('',(172.25,6.830127018922,12.5));
#2484=CARTESIAN_POINT('',(172.75,2.5,12.5));
#2485=CARTESIAN_POINT('',(173.25,-1.830127018922,12.5));
#2486=CARTESIAN_POINT('',(173.75,-3.995190528383,8.75));
#2487=CARTESIAN_POINT('',(174.25,-6.160254037844,5.));
#2488=CARTESIAN_POINT('',(174.75,-3.995190528383,1.25));
#2489=CARTESIAN_POINT('',(175.25,-1.830127018922,-2.5));
#2490=CARTESIAN_POINT('',(175.75,2.5,-2.5));
#2491=CARTESIAN_POINT('',(176.25,6.830127018922,-2.5));
#2492=CARTESIAN_POINT('',(176.75,8.995190528383,1.25));
#2493=CARTESIAN_POINT('',(177.25,11.160254037844,5.));
#2494=CARTESIAN_POINT('',(177.75,8.995190528383,8.75));
#2495=CARTESIAN_POINT('',(178.25,6.830127018922,12.5));
#2496=CARTESIAN_POINT('',(178.75,2.5,12.5));
#2497=CARTESIAN_POINT('',(179.25,-1.830127018922,12.5));
#2498=CARTESIAN_POINT('',(179.75,-3.995190528383,8.75));
#2499=CARTESIAN_POINT('',(180.25,-6.160254037844,5.));
#2500=CARTESIAN_POINT('',(180.75,-3.995190528383,1.25));
#2501=CARTESIAN_POINT('',(181.25,-1.830127018922,-2.5));
#2502=CARTESIAN_POINT('',(181.75,2.5,-2.5));
#2503=CARTESIAN_POINT('',(182.25,6.830127018922,-2.5));
#2504=CARTESIAN_POINT('',(182.75,8.995190528383,1.25));
#2505=CARTESIAN_POINT('',(183.25,11.160254037844,5.));
#2506=CARTESIAN_POINT('',(183.75,8.995190528383,8.75));
#2507=CARTESIAN_POINT('',(184.25,6.830127018922,12.5));
#2508=CARTESIAN_POINT('',(184.75,2.5,12.5));
#2509=CARTESIAN_POINT('',(185.25,-1.830127018922,12.5));
#2510=CARTESIAN_POINT('',(185.75,-3.995190528383,8.75));
#2511=CARTESIAN_POINT('',(186.25,-6.160254037844,5.));
#2512=CARTESIAN_POINT('',(186.75,-3.995190528383,1.25));
#2513=CARTESIAN_POINT('',(187.25,-1.830127018922,-2.5));
#2514=CARTESIAN_POINT('',(187.75,2.5,-2.5));
#2515=CARTESIAN_POINT('',(188.25,6.830127018922,-2.5));
#2516=CARTESIAN_POINT('',(188.75,8.995190528383,1.25));
#2517=CARTESIAN_POINT('',(189.25,11.160254037844,5.));
#2518=CARTESIAN_POINT('',(189.75,8.995190528383,8.75));
#2519=CARTESIAN_POINT('',(190.25,6.830127018922,12.5));
#2520=CARTESIAN_POINT('',(190.75,2.5,12.5));
#2521=CARTESIAN_POINT('',(191.25,-1.830127018922,12.5));
#2522=CARTESIAN_POINT('',(191.75,-3.995190528383,8.75));
#2523=CARTESIAN_POINT('',(192.25,-6.160254037844,5.));
#2524=CARTESIAN_POINT('',(192.75,-3.995190528383,1.25));
#2525=CARTESIAN_POINT('',(193.25,-1.830127018922,-2.5));
#2526=CARTESIAN_POINT('',(193.75,2.5,-2.5));
#2527=CARTESIAN_POINT('',(194.25,6.830127018922,-2.5));
#2528=CARTESIAN_POINT('',(194.75,8.995190528383,1.25));
#2529=CARTESIAN_POINT('',(195.25,11.160254037844,5.));
#2530=CARTESIAN_POINT('',(195.75,8.995190528383,8.75));
#2531=CARTESIAN_POINT('',(196.25,6.830127018922,12.5));
#2532=CARTESIAN_POINT('',(196.75,2.5,12.5));
#2533=CARTESIAN_POINT('',(197.25,-1.830127018922,12.5));
#2534=CARTESIAN_POINT('',(197.75,-3.995190528383,8.75));
#2535=CARTESIAN_POINT('',(198.25,-6.160254037844,5.));
#2536=CARTESIAN_POINT('',(198.75,-3.995190528383,1.25));
#2537=CARTESIAN_POINT('',(199.25,-1.830127018922,-2.5));
#2538=CARTESIAN_POINT('',(199.75,2.5,-2.5));
#2539=CARTESIAN_POINT('',(200.25,6.830127018922,-2.5));
#2540=CARTESIAN_POINT('',(200.75,8.995190528383,1.25));
#2541=CARTESIAN_POINT('',(201.25,11.160254037844,5.));
#2542=CARTESIAN_POINT('',(201.75,8.995190528383,8.75));
#2543=CARTESIAN_POINT('',(202.25,6.830127018922,12.5));
#2544=CARTESIAN_POINT('',(202.75,2.5,12.5));
#2545=CARTESIAN_POINT('',(203.25,-1.830127018922,12.5));
#2546=CARTESIAN_POINT('',(203.75,-3.995190528383,8.75));
#2547=CARTESIAN_POINT('',(204.25,-6.160254037844,5.));
#2548=CARTESIAN_POINT('',(204.75,-3.995190528383,1.25));
#2549=CARTESIAN_POINT('',(205.25,-1.830127018922,-2.5));
#2550=CARTESIAN_POINT('',(205.75,2.5,-2.5));
#2551=CARTESIAN_POINT('',(206.25,6.830127018922,-2.5));
#2552=CARTESIAN_POINT('',(206.75,8.995190528383,1.25));
#2553=CARTESIAN_POINT('',(207.25,11.160254037844,5.));
#2554=CARTESIAN_POINT('',(207.75,8.995190528383,8.75));
#2555=CARTESIAN_POINT('',(208.25,6.830127018922,12.5));
#2556=CARTESIAN_POINT('',(208.75,2.5,12.5));
#2557=CARTESIAN_POINT('',(209.25,-1.830127018922,12.5));
#2558=CARTESIAN_POINT('',(209.75,-3.995190528383,8.75));
#2559=CARTESIAN_POINT('',(210.25,-6.160254037844,5.));
#2560=CARTESIAN_POINT('',(210.75,-3.995190528383,1.25));
#2561=CARTESIAN_POINT('',(211.25,-1.830127018922,-2.5));
#2562=CARTESIAN_POINT('',(211.75,2.5,-2.5));
#2563=CARTESIAN_POINT('',(212.25,6.830127018922,-2.5));
#2564=CARTESIAN_POINT('',(212.75,8.995190528383,1.25));
#2565=CARTESIAN_POINT('',(213.25,11.160254037844,5.));
#2566=CARTESIAN_POINT('',(213.75,8.995190528383,8.75));
#2567=CARTESIAN_POINT('',(214.25,6.830127018922,12.5));
#2568=CARTESIAN_POINT('',(214.75,2.5,12.5));
#2569=CARTESIAN_POINT('',(215.25,-1.830127018922,12.5));
#2570=CARTESIAN_POINT('',(215.75,-3.995190528383,8.75));
#2571=CARTESIAN_POINT('',(216.25,-6.160254037844,5.));
#2572=CARTESIAN_POINT('',(216.75,-3.995190528383,1.25));
#2573=CARTESIAN_POINT('',(217.25,-1.830127018922,-2.5));
#2574=CARTESIAN_POINT('',(217.75,2.5,-2.5));
#2575=CARTESIAN_POINT('',(218.25,6.830127018922,-2.5));
#2576=CARTESIAN_POINT('',(218.75,8.995190528383,1.25));
#2577=CARTESIAN_POINT('',(219.25,11.160254037844,5.));
#2578=CARTESIAN_POINT('',(219.75,8.995190528383,8.75));
#2579=CARTESIAN_POINT('',(220.25,6.830127018922,12.5));
#2580=CARTESIAN_POINT('',(220.75,2.5,12.5));
#2581=CARTESIAN_POINT('',(221.25,-1.830127018922,12.5));
#2582=CARTESIAN_POINT('',(221.75,-3.995190528383,8.75));
#2583=CARTESIAN_POINT('',(222.25,-6.160254037844,5.));
#2584=CARTESIAN_POINT('',(222.75,-3.995190528383,1.25));
#2585=CARTESIAN_POINT('',(223.25,-1.830127018922,-2.5));
#2586=CARTESIAN_POINT('',(223.75,2.5,-2.5));
#2587=CARTESIAN_POINT('',(224.25,6.830127018922,-2.5));
#2588=CARTESIAN_POINT('',(224.75,8.995190528383,1.25));
#2589=CARTESIAN_POINT('',(225.25,11.160254037844,5.));
#2590=CARTESIAN_POINT('',(225.75,8.995190528383,8.75));
#2591=CARTESIAN_POINT('',(226.25,6.830127018922,12.5));
#2592=CARTESIAN_POINT('',(226.75,2.5,12.5));
#2593=CARTESIAN_POINT('',(227.25,-1.830127018922,12.5));
#2594=CARTESIAN_POINT('',(227.75,-3.995190528383,8.75));
#2595=CARTESIAN_POINT('',(228.25,-6.160254037844,5.));
#2596=CARTESIAN_POINT('',(228.75,-3.995190528383,1.25));
#2597=CARTESIAN_POINT('',(229.25,-1.830127018922,-2.5));
#2598=CARTESIAN_POINT('',(229.75,2.5,-2.5));
#2599=CARTESIAN_POINT('',(31.75,2.5,0.));
#2600=CARTESIAN_POINT('',(32.25,5.386751345948,0.));
#2601=CARTESIAN_POINT('',(32.75,6.830127018922,2.5));
#2602=CARTESIAN_POINT('',(33.25,8.273502691896,5.));
#2603=CARTESIAN_POINT('',(33.75,6.830127018922,7.5));
#2604=CARTESIAN_POINT('',(34.25,5.386751345948,10.));
#2605=CARTESIAN_POINT('',(34.75,2.5,10.));
#2606=CARTESIAN_POINT('',(35.25,-0.386751345948,10.));
#2607=CARTESIAN_POINT('',(35.75,-1.830127018922,7.5));
#2608=CARTESIAN_POINT('',(36.25,-3.273502691896,5.));
#2609=CARTESIAN_POINT('',(36.75,-1.830127018922,2.5));
#2610=CARTESIAN_POINT('',(37.25,-0.386751345948,0.));
#2611=CARTESIAN_POINT('',(37.75,2.5,0.));
#2612=CARTESIAN_POINT('',(38.25,5.386751345948,0.));
#2613=CARTESIAN_POINT('',(38.75,6.830127018922,2.5));
#2614=CARTESIAN_POINT('',(39.25,8.273502691896,5.));
#2615=CARTESIAN_POINT('',(39.75,6.830127018922,7.5));
#2616=CARTESIAN_POINT('',(40.25,5.386751345948,10.));
#2617=CARTESIAN_POINT('',(40.75,2.5,10.));
#2618=CARTESIAN_POINT('',(41.25,-0.386751345948,10.));
#2619=CARTESIAN_POINT('',(41.75,-1.830127018922,7.5));
#2620=CARTESIAN_POINT('',(42.25,-3.273502691896,5.));
#2621=CARTESIAN_POINT('',(42.75,-1.830127018922,2.5));
#2622=CARTESIAN_POINT('',(43.25,-0.386751345948,0.));
#2623=CARTESIAN_POINT('',(43.75,2.5,0.));
#2624=CARTESIAN_POINT('',(44.25,5.386751345948,0.));
#2625=CARTESIAN_POINT('',(44.75,6.830127018922,2.5));
#2626=CARTESIAN_POINT('',(45.25,8.273502691896,5.));
#2627=CARTESIAN_POINT('',(45.75,6.830127018922,7.5));
#2628=CARTESIAN_POINT('',(46.25,5.386751345948,10.));
#2629=CARTESIAN_POINT('',(46.75,2.5,10.));
#2630=CARTESIAN_POINT('',(47.25,-0.386751345948,10.));
#2631=CARTESIAN_POINT('',(47.75,-1.830127018922,7.5));
#2632=CARTESIAN_POINT('',(48.25,-3.273502691896,5.));
#2633=CARTESIAN_POINT('',(48.75,-1.830127018922,2.5));
#2634=CARTESIAN_POINT('',(49.25,-0.386751345948,0.));
#2635=CARTESIAN_POINT('',(49.75,2.5,0.));
#2636=CARTESIAN_POINT('',(50.25,5.386751345948,0.));
#2637=CARTESIAN_POINT('',(50.75,6.830127018922,2.5));
#2638=CARTESIAN_POINT('',(51.25,8.273502691896,5.));
#2639=CARTESIAN_POINT('',(51.75,6.830127018922,7.5));
#2640=CARTESIAN_POINT('',(52.25,5.386751345948,10.));
#2641=CARTESIAN_POINT('',(52.75,2.5,10.));
#2642=CARTESIAN_POINT('',(53.25,-0.386751345948,10.));
#2643=CARTESIAN_POINT('',(53.75,-1.830127018922,7.5));
#2644=CARTESIAN_POINT('',(54.25,-3.273502691896,5.));
#2645=CARTESIAN_POINT('',(54.75,-1.830127018922,2.5));
#2646=CARTESIAN_POINT('',(55.25,-0.386751345948,0.));
#2647=CARTESIAN_POINT('',(55.75,2.5,0.));
#2648=CARTESIAN_POINT('',(56.25,5.386751345948,0.));
#2649=CARTESIAN_POINT('',(56.75,6.830127018922,2.5));
#2650=CARTESIAN_POINT('',(57.25,8.273502691896,5.));
#2651=CARTESIAN_POINT('',(57.75,6.830127018922,7.5));
#2652=CARTESIAN_POINT('',(58.25,5.386751345948,10.));
#2653=CARTESIAN_POINT('',(58.75,2.5,10.));
#2654=CARTESIAN_POINT('',(59.25,-0.386751345948,10.));
#2655=CARTESIAN_POINT('',(59.75,-1.830127018922,7.5));
#2656=CARTESIAN_POINT('',(60.25,-3.273502691896,5.));
#2657=CARTESIAN_POINT('',(60.75,-1.830127018922,2.5));
#2658=CARTESIAN_POINT('',(61.25,-0.386751345948,0.));
#2659=CARTESIAN_POINT('',(61.75,2.5,0.));
#2660=CARTESIAN_POINT('',(62.25,5.386751345948,0.));
#2661=CARTESIAN_POINT('',(62.75,6.830127018922,2.5));
#2662=CARTESIAN_POINT('',(63.25,8.273502691896,5.));
#2663=CARTESIAN_POINT('',(63.75,6.830127018922,7.5));
#2664=CARTESIAN_POINT('',(64.25,5.386751345948,10.));
#2665=CARTESIAN_POINT('',(64.75,2.5,10.));
#2666=CARTESIAN_POINT('',(65.25,-0.386751345948,10.));
#2667=CARTESIAN_POINT('',(65.75,-1.830127018922,7.5));
#2668=CARTESIAN_POINT('',(66.25,-3.273502691896,5.));
#2669=CARTESIAN_POINT('',(66.75,-1.830127018922,2.5));
#2670=CARTESIAN_POINT('',(67.25,-0.386751345948,0.));
#2671=CARTESIAN_POINT('',(67.75,2.5,0.));
#2672=CARTESIAN_POINT('',(68.25,5.386751345948,0.));
#2673=CARTESIAN_POINT('',(68.75,6.830127018922,2.5));
#2674=CARTESIAN_POINT('',(69.25,8.273502691896,5.));
#2675=CARTESIAN_POINT('',(69.75,6.830127018922,7.5));
#2676=CARTESIAN_POINT('',(70.25,5.386751345948,10.));
#2677=CARTESIAN_POINT('',(70.75,2.5,10.));
#2678=CARTESIAN_POINT('',(71.25,-0.386751345948,10.));
#2679=CARTESIAN_POINT('',(71.75,-1.830127018922,7.5));
#2680=CARTESIAN_POINT('',(72.25,-3.273502691896,5.));
#2681=CARTESIAN_POINT('',(72.75,-1.830127018922,2.5));
#2682=CARTESIAN_POINT('',(73.25,-0.386751345948,0.));
#2683=CARTESIAN_POINT('',(73.75,2.5,0.));
#2684=CARTESIAN_POINT('',(74.25,5.386751345948,0.));
#2685=CARTESIAN_POINT('',(74.75,6.830127018922,2.5));
#2686=CARTESIAN_POINT('',(75.25,8.273502691896,5.));
#2687=CARTESIAN_POINT('',(75.75,6.830127018922,7.5));
#2688=CARTESIAN_POINT('',(76.25,5.386751345948,10.));
#2689=CARTESIAN_POINT('',(76.75,2.5,10.));
#2690=CARTESIAN_POINT('',(77.25,-0.386751345948,10.));
#2691=CARTESIAN_POINT('',(77.75,-1.830127018922,7.5));
#2692=CARTESIAN_POINT('',(78.25,-3.273502691896,5.));
#2693=CARTESIAN_POINT('',(78.75,-1.830127018922,2.5));
#2694=CARTESIAN_POINT('',(79.25,-0.386751345948,0.));
#2695=CARTESIAN_POINT('',(79.75,2.5,0.));
#2696=CARTESIAN_POINT('',(80.25,5.386751345948,0.));
#2697=CARTESIAN_POINT('',(80.75,6.830127018922,2.5));
#2698=CARTESIAN_POINT('',(81.25,8.273502691896,5.));
#2699=CARTESIAN_POINT('',(81.75,6.830127018922,7.5));
#2700=CARTESIAN_POINT('',(82.25,5.386751345948,10.));
#2701=CARTESIAN_POINT('',(82.75,2.5,10.));
#2702=CARTESIAN_POINT('',(83.25,-0.386751345948,10.));
#2703=CARTESIAN_POINT('',(83.75,-1.830127018922,7.5));
#2704=CARTESIAN_POINT('',(84.25,-3.273502691896,5.));
#2705=CARTESIAN_POINT('',(84.75,-1.830127018922,2.5));
#2706=CARTESIAN_POINT('',(85.25,-0.386751345948,0.));
#2707=CARTESIAN_POINT('',(85.75,2.5,0.));
#2708=CARTESIAN_POINT('',(86.25,5.386751345948,0.));
#2709=CARTESIAN_POINT('',(86.75,6.830127018922,2.5));
#2710=CARTESIAN_POINT('',(87.25,8.273502691896,5.));
#2711=CARTESIAN_POINT('',(87.75,6.830127018922,7.5));
#2712=CARTESIAN_POINT('',(88.25,5.386751345948,10.));
#2713=CARTESIAN_POINT('',(88.75,2.5,10.));
#2714=CARTESIAN_POINT('',(89.25,-0.386751345948,10.));
#2715=CARTESIAN_POINT('',(89.75,-1.830127018922,7.5));
#2716=CARTESIAN_POINT('',(90.25,-3.273502691896,5.));
#2717=CARTESIAN_POINT('',(90.75,-1.830127018922,2.5));
#2718=CARTESIAN_POINT('',(91.25,-0.386751345948,0.));
#2719=CARTESIAN_POINT('',(91.75,2.5,0.));
#2720=CARTESIAN_POINT('',(92.25,5.386751345948,0.));
#2721=CARTESIAN_POINT('',(92.75,6.830127018922,2.5));
#2722=CARTESIAN_POINT('',(93.25,8.273502691896,5.));
#2723=CARTESIAN_POINT('',(93.75,6.830127018922,7.5));
#2724=CARTESIAN_POINT('',(94.25,5.386751345948,10.));
#2725=CARTESIAN_POINT('',(94.75,2.5,10.));
#2726=CARTESIAN_POINT('',(95.25,-0.386751345948,10.));
#2727=CARTESIAN_POINT('',(95.75,-1.830127018922,7.5));
#2728=CARTESIAN_POINT('',(96.25,-3.273502691896,5.));
#2729=CARTESIAN_POINT('',(96.75,-1.830127018922,2.5));
#2730=CARTESIAN_POINT('',(97.25,-0.386751345948,0.));
#2731=CARTESIAN_POINT('',(97.75,2.5,0.));
#2732=CARTESIAN_POINT('',(98.25,5.386751345948,0.));
#2733=CARTESIAN_POINT('',(98.75,6.830127018922,2.5));
#2734=CARTESIAN_POINT('',(99.25,8.273502691896,5.));
#2735=CARTESIAN_POINT('',(99.75,6.830127018922,7.5));
#2736=CARTESIAN_POINT('',(100.25,5.386751345948,10.));
#2737=CARTESIAN_POINT('',(100.75,2.5,10.));
#2738=CARTESIAN_POINT('',(101.25,-0.386751345948,10.));
#2739=CARTESIAN_POINT('',(101.75,-1.830127018922,7.5));
#2740=CARTESIAN_POINT('',(102.25,-3.273502691896,5.));
#2741=CARTESIAN_POINT('',(102.75,-1.830127018922,2.5));
#2742=CARTESIAN_POINT('',(103.25,-0.386751345948,0.));
#2743=CARTESIAN_POINT('',(103.75,2.5,0.));
#2744=CARTESIAN_POINT('',(104.25,5.386751345948,0.));
#2745=CARTESIAN_POINT('',(104.75,6.830127018922,2.5));
#2746=CARTESIAN_POINT('',(105.25,8.273502691896,5.));
#2747=CARTESIAN_POINT('',(105.75,6.830127018922,7.5));
#2748=CARTESIAN_POINT('',(106.25,5.386751345948,10.));
#2749=CARTESIAN_POINT('',(106.75,2.5,10.));
#2750=CARTESIAN_POINT('',(107.25,-0.386751345948,10.));
#2751=CARTESIAN_POINT('',(107.75,-1.830127018922,7.5));
#2752=CARTESIAN_POINT('',(108.25,-3.273502691896,5.));
#2753=CARTESIAN_POINT('',(108.75,-1.830127018922,2.5));
#2754=CARTESIAN_POINT('',(109.25,-0.386751345948,0.));
#2755=CARTESIAN_POINT('',(109.75,2.5,0.));
#2756=CARTESIAN_POINT('',(110.25,5.386751345948,0.));
#2757=CARTESIAN_POINT('',(110.75,6.830127018922,2.5));
#2758=CARTESIAN_POINT('',(111.25,8.273502691896,5.));
#2759=CARTESIAN_POINT('',(111.75,6.830127018922,7.5));
#2760=CARTESIAN_POINT('',(112.25,5.386751345948,10.));
#2761=CARTESIAN_POINT('',(112.75,2.5,10.));
#2762=CARTESIAN_POINT('',(113.25,-0.386751345948,10.));
#2763=CARTESIAN_POINT('',(113.75,-1.830127018922,7.5));
#2764=CARTESIAN_POINT('',(114.25,-3.273502691896,5.));
#2765=CARTESIAN_POINT('',(114.75,-1.830127018922,2.5));
#2766=CARTESIAN_POINT('',(115.25,-0.386751345948,0.));
#2767=CARTESIAN_POINT('',(115.75,2.5,0.));
#2768=CARTESIAN_POINT('',(116.25,5.386751345948,0.));
#2769=CARTESIAN_POINT('',(116.75,6.830127018922,2.5));
#2770=CARTESIAN_POINT('',(117.25,8.273502691896,5.));
#2771=CARTESIAN_POINT('',(117.75,6.830127018922,7.5));
#2772=CARTESIAN_POINT('',(118.25,5.386751345948,10.));
#2773=CARTESIAN_POINT('',(118.75,2.5,10.));
#2774=CARTESIAN_POINT('',(119.25,-0.386751345948,10.));
#2775=CARTESIAN_POINT('',(119.75,-1.830127018922,7.5));
#2776=CARTESIAN_POINT('',(120.25,-3.273502691896,5.));
#2777=CARTESIAN_POINT('',(120.75,-1.830127018922,2.5));
#2778=CARTESIAN_POINT('',(121.25,-0.386751345948,0.));
#2779=CARTESIAN_POINT('',(121.75,2.5,0.));
#2780=CARTESIAN_POINT('',(122.25,5.386751345948,0.));
#2781=CARTESIAN_POINT('',(122.75,6.830127018922,2.5));
#2782=CARTESIAN_POINT('',(123.25,8.273502691896,5.));
#2783=CARTESIAN_POINT('',(123.75,6.830127018922,7.5));
#2784=CARTESIAN_POINT('',(124.25,5.386751345948,10.));
#2785=CARTESIAN_POINT('',(124.75,2.5,10.));
#2786=CARTESIAN_POINT('',(125.25,-0.386751345948,10.));
#2787=CARTESIAN_POINT('',(125.75,-1.830127018922,7.5));
#2788=CARTESIAN_POINT('',(126.25,-3.273502691896,5.));
#2789=CARTESIAN_POINT('',(126.75,-1.830127018922,2.5));
#2790=CARTESIAN_POINT('',(127.25,-0.386751345948,0.));
#2791=CARTESIAN_POINT('',(127.75,2.5,0.));
#2792=CARTESIAN_POINT('',(128.25,5.386751345948,0.));
#2793=CARTESIAN_POINT('',(128.75,6.830127018922,2.5));
#2794=CARTESIAN_POINT('',(129.25,8.273502691896,5.));
#2795=CARTESIAN_POINT('',(129.75,6.830127018922,7.5));
#2796=CARTESIAN_POINT('',(130.25,5.386751345948,10.));
#2797=CARTESIAN_POINT('',(130.75,2.5,10.));
#2798=CARTESIAN_POINT('',(131.25,-0.386751345948,10.));
#2799=CARTESIAN_POINT('',(131.75,-1.830127018922,7.5));
#2800=CARTESIAN_POINT('',(132.25,-3.273502691896,5.));
#2801=CARTESIAN_POINT('',(132.75,-1.830127018922,2.5));
#2802=CARTESIAN_POINT('',(133.25,-0.386751345948,0.));
#2803=CARTESIAN_POINT('',(133.75,2.5,0.));
#2804=CARTESIAN_POINT('',(134.25,5.386751345948,0.));
#2805=CARTESIAN_POINT('',(134.75,6.830127018922,2.5));
#2806=CARTESIAN_POINT('',(135.25,8.273502691896,5.));
#2807=CARTESIAN_POINT('',(135.75,6.830127018922,7.5));
#2808=CARTESIAN_POINT('',(136.25,5.386751345948,10.));
#2809=CARTESIAN_POINT('',(136.75,2.5,10.));
#2810=CARTESIAN_POINT('',(137.25,-0.386751345948,10.));
#2811=CARTESIAN_POINT('',(137.75,-1.830127018922,7.5));
#2812=CARTESIAN_POINT('',(138.25,-3.273502691896,5.));
#2813=CARTESIAN_POINT('',(138.75,-1.830127018922,2.5));
#2814=CARTESIAN_POINT('',(139.25,-0.386751345948,0.));
#2815=CARTESIAN_POINT('',(139.75,2.5,0.));
#2816=CARTESIAN_POINT('',(140.25,5.386751345948,0.));
#2817=CARTESIAN_POINT('',(140.75,6.830127018922,2.5));
#2818=CARTESIAN_POINT('',(141.25,8.273502691896,5.));
#2819=CARTESIAN_POINT('',(141.75,6.830127018922,7.5));
#2820=CARTESIAN_POINT('',(142.25,5.386751345948,10.));
#2821=CARTESIAN_POINT('',(142.75,2.5,10.));
#2822=CARTESIAN_POINT('',(143.25,-0.386751345948,10.));
#2823=CARTESIAN_POINT('',(143.75,-1.830127018922,7.5));
#2824=CARTESIAN_POINT('',(144.25,-3.273502691896,5.));
#2825=CARTESIAN_POINT('',(144.75,-1.830127018922,2.5));
#2826=CARTESIAN_POINT('',(145.25,-0.386751345948,0.));
#2827=CARTESIAN_POINT('',(145.75,2.5,0.));
#2828=CARTESIAN_POINT('',(146.25,5.386751345948,0.));
#2829=CARTESIAN_POINT('',(146.75,6.830127018922,2.5));
#2830=CARTESIAN_POINT('',(147.25,8.273502691896,5.));
#2831=CARTESIAN_POINT('',(147.75,6.830127018922,7.5));
#2832=CARTESIAN_POINT('',(148.25,5.386751345948,10.));
#2833=CARTESIAN_POINT('',(148.75,2.5,10.));
#2834=CARTESIAN_POINT('',(149.25,-0.386751345948,10.));
#2835=CARTESIAN_POINT('',(149.75,-1.830127018922,7.5));
#2836=CARTESIAN_POINT('',(150.25,-3.273502691896,5.));
#2837=CARTESIAN_POINT('',(150.75,-1.830127018922,2.5));
#2838=CARTESIAN_POINT('',(151.25,-0.386751345948,0.));
#2839=CARTESIAN_POINT('',(151.75,2.5,0.));
#2840=CARTESIAN_POINT('',(152.25,5.386751345948,0.));
#2841=CARTESIAN_POINT('',(152.75,6.830127018922,2.5));
#2842=CARTESIAN_POINT('',(153.25,8.273502691896,5.));
#2843=CARTESIAN_POINT('',(153.75,6.830127018922,7.5));
#2844=CARTESIAN_POINT('',(154.25,5.386751345948,10.));
#2845=CARTESIAN_POINT('',(154.75,2.5,10.));
#2846=CARTESIAN_POINT('',(155.25,-0.386751345948,10.));
#2847=CARTESIAN_POINT('',(155.75,-1.830127018922,7.5));
#2848=CARTESIAN_POINT('',(156.25,-3.273502691896,5.));
#2849=CARTESIAN_POINT('',(156.75,-1.830127018922,2.5));
#2850=CARTESIAN_POINT('',(157.25,-0.386751345948,0.));
#2851=CARTESIAN_POINT('',(157.75,2.5,0.));
#2852=CARTESIAN_POINT('',(158.25,5.386751345948,0.));
#2853=CARTESIAN_POINT('',(158.75,6.830127018922,2.5));
#2854=CARTESIAN_POINT('',(159.25,8.273502691896,5.));
#2855=CARTESIAN_POINT('',(159.75,6.830127018922,7.5));
#2856=CARTESIAN_POINT('',(160.25,5.386751345948,10.));
#2857=CARTESIAN_POINT('',(160.75,2.5,10.));
#2858=CARTESIAN_POINT('',(161.25,-0.386751345948,10.));
#2859=CARTESIAN_POINT('',(161.75,-1.830127018922,7.5));
#2860=CARTESIAN_POINT('',(162.25,-3.273502691896,5.));
#2861=CARTESIAN_POINT('',(162.75,-1.830127018922,2.5));
#2862=CARTESIAN_POINT('',(163.25,-0.386751345948,0.));
#2863=CARTESIAN_POINT('',(163.75,2.5,0.));
#2864=CARTESIAN_POINT('',(164.25,5.386751345948,0.));
#2865=CARTESIAN_POINT('',(164.75,6.830127018922,2.5));
#2866=CARTESIAN_POINT('',(165.25,8.273502691896,5.));
#2867=CARTESIAN_POINT('',(165.75,6.830127018922,7.5));
#2868=CARTESIAN_POINT('',(166.25,5.386751345948,10.));
#2869=CARTESIAN_POINT('',(166.75,2.5,10.));
#2870=CARTESIAN_POINT('',(167.25,-0.386751345948,10.));
#2871=CARTESIAN_POINT('',(167.75,-1.830127018922,7.5));
#2872=CARTESIAN_POINT('',(168.25,-3.273502691896,5.));
#2873=CARTESIAN_POINT('',(168.75,-1.830127018922,2.5));
#2874=CARTESIAN_POINT('',(169.25,-0.386751345948,0.));
#2875=CARTESIAN_POINT('',(169.75,2.5,0.));
#2876=CARTESIAN_POINT('',(170.25,5.386751345948,0.));
#2877=CARTESIAN_POINT('',(170.75,6.830127018922,2.5));
#2878=CARTESIAN_POINT('',(171.25,8.273502691896,5.));
#2879=CARTESIAN_POINT('',(171.75,6.830127018922,7.5));
#2880=CARTESIAN_POINT('',(172.25,5.386751345948,10.));
#2881=CARTESIAN_POINT('',(172.75,2.5,10.));
#2882=CARTESIAN_POINT('',(173.25,-0.386751345948,10.));
#2883=CARTESIAN_POINT('',(173.75,-1.830127018922,7.5));
#2884=CARTESIAN_POINT('',(174.25,-3.273502691896,5.));
#2885=CARTESIAN_POINT('',(174.75,-1.830127018922,2.5));
#2886=CARTESIAN_POINT('',(175.25,-0.386751345948,0.));
#2887=CARTESIAN_POINT('',(175.75,2.5,0.));
#2888=CARTESIAN_POINT('',(176.25,5.386751345948,0.));
#2889=CARTESIAN_POINT('',(176.75,6.830127018922,2.5));
#2890=CARTESIAN_POINT('',(177.25,8.273502691896,5.));
#2891=CARTESIAN_POINT('',(177.75,6.830127018922,7.5));
#2892=CARTESIAN_POINT('',(178.25,5.386751345948,10.));
#2893=CARTESIAN_POINT('',(178.75,2.5,10.));
#2894=CARTESIAN_POINT('',(179.25,-0.386751345948,10.));
#2895=CARTESIAN_POINT('',(179.75,-1.830127018922,7.5));
#2896=CARTESIAN_POINT('',(180.25,-3.273502691896,5.));
#2897=CARTESIAN_POINT('',(180.75,-1.830127018922,2.5));
#2898=CARTESIAN_POINT('',(181.25,-0.386751345948,0.));
#2899=CARTESIAN_POINT('',(181.75,2.5,0.));
#2900=CARTESIAN_POINT('',(182.25,5.386751345948,0.));
#2901=CARTESIAN_POINT('',(182.75,6.830127018922,2.5));
#2902=CARTESIAN_POINT('',(183.25,8.273502691896,5.));
#2903=CARTESIAN_POINT('',(183.75,6.830127018922,7.5));
#2904=CARTESIAN_POINT('',(184.25,5.386751345948,10.));
#2905=CARTESIAN_POINT('',(184.75,2.5,10.));
#2906=CARTESIAN_POINT('',(185.25,-0.386751345948,10.));
#2907=CARTESIAN_POINT('',(185.75,-1.830127018922,7.5));
#2908=CARTESIAN_POINT('',(186.25,-3.273502691896,5.));
#2909=CARTESIAN_POINT('',(186.75,-1.830127018922,2.5));
#2910=CARTESIAN_POINT('',(187.25,-0.386751345948,0.));
#2911=CARTESIAN_POINT('',(187.75,2.5,0.));
#2912=CARTESIAN_POINT('',(188.25,5.386751345948,0.));
#2913=CARTESIAN_POINT('',(188.75,6.830127018922,2.5));
#2914=CARTESIAN_POINT('',(189.25,8.273502691896,5.));
#2915=CARTESIAN_POINT('',(189.75,6.830127018922,7.5));
#2916=CARTESIAN_POINT('',(190.25,5.386751345948,10.));
#2917=CARTESIAN_POINT('',(190.75,2.5,10.));
#2918=CARTESIAN_POINT('',(191.25,-0.386751345948,10.));
#2919=CARTESIAN_POINT('',(191.75,-1.830127018922,7.5));
#2920=CARTESIAN_POINT('',(192.25,-3.273502691896,5.));
#2921=CARTESIAN_POINT('',(192.75,-1.830127018922,2.5));
#2922=CARTESIAN_POINT('',(193.25,-0.386751345948,0.));
#2923=CARTESIAN_POINT('',(193.75,2.5,0.));
#2924=CARTESIAN_POINT('',(194.25,5.386751345948,0.));
#2925=CARTESIAN_POINT('',(194.75,6.830127018922,2.5));
#2926=CARTESIAN_POINT('',(195.25,8.273502691896,5.));
#2927=CARTESIAN_POINT('',(195.75,6.830127018922,7.5));
#2928=CARTESIAN_POINT('',(196.25,5.386751345948,10.));
#2929=CARTESIAN_POINT('',(196.75,2.5,10.));
#2930=CARTESIAN_POINT('',(197.25,-0.386751345948,10.));
#2931=CARTESIAN_POINT('',(197.75,-1.830127018922,7.5));
#2932=CARTESIAN_POINT('',(198.25,-3.273502691896,5.));
#2933=CARTESIAN_POINT('',(198.75,-1.830127018922,2.5));
#2934=CARTESIAN_POINT('',(199.25,-0.386751345948,0.));
#2935=CARTESIAN_POINT('',(199.75,2.5,0.));
#2936=CARTESIAN_POINT('',(200.25,5.386751345948,0.));
#2937=CARTESIAN_POINT('',(200.75,6.830127018922,2.5));
#2938=CARTESIAN_POINT('',(201.25,8.273502691896,5.));
#2939=CARTESIAN_POINT('',(201.75,6.830127018922,7.5));
#2940=CARTESIAN_POINT('',(202.25,5.386751345948,10.));
#2941=CARTESIAN_POINT('',(202.75,2.5,10.));
#2942=CARTESIAN_POINT('',(203.25,-0.386751345948,10.));
#2943=CARTESIAN_POINT('',(203.75,-1.830127018922,7.5));
#2944=CARTESIAN_POINT('',(204.25,-3.273502691896,5.));
#2945=CARTESIAN_POINT('',(204.75,-1.830127018922,2.5));
#2946=CARTESIAN_POINT('',(205.25,-0.386751345948,0.));
#2947=CARTESIAN_POINT('',(205.75,2.5,0.));
#2948=CARTESIAN_POINT('',(206.25,5.386751345948,0.));
#2949=CARTESIAN_POINT('',(206.75,6.830127018922,2.5));
#2950=CARTESIAN_POINT('',(207.25,8.273502691896,5.));
#2951=CARTESIAN_POINT('',(207.75,6.830127018922,7.5));
#2952=CARTESIAN_POINT('',(208.25,5.386751345948,10.));
#2953=CARTESIAN_POINT('',(208.75,2.5,10.));
#2954=CARTESIAN_POINT('',(209.25,-0.386751345948,10.));
#2955=CARTESIAN_POINT('',(209.75,-1.830127018922,7.5));
#2956=CARTESIAN_POINT('',(210.25,-3.273502691896,5.));
#2957=CARTESIAN_POINT('',(210.75,-1.830127018922,2.5));
#2958=CARTESIAN_POINT('',(211.25,-0.386751345948,0.));
#2959=CARTESIAN_POINT('',(211.75,2.5,0.));
#2960=CARTESIAN_POINT('',(212.25,5.386751345948,0.));
#2961=CARTESIAN_POINT('',(212.75,6.830127018922,2.5));
#2962=CARTESIAN_POINT('',(213.25,8.273502691896,5.));
#2963=CARTESIAN_POINT('',(213.75,6.830127018922,7.5));
#2964=CARTESIAN_POINT('',(214.25,5.386751345948,10.));
#2965=CARTESIAN_POINT('',(214.75,2.5,10.));
#2966=CARTESIAN_POINT('',(215.25,-0.386751345948,10.));
#2967=CARTESIAN_POINT('',(215.75,-1.830127018922,7.5));
#2968=CARTESIAN_POINT('',(216.25,-3.273502691896,5.));
#2969=CARTESIAN_POINT('',(216.75,-1.830127018922,2.5));
#2970=CARTESIAN_POINT('',(217.25,-0.386751345948,0.));
#2971=CARTESIAN_POINT('',(217.75,2.5,0.));
#2972=CARTESIAN_POINT('',(218.25,5.386751345948,0.));
#2973=CARTESIAN_POINT('',(218.75,6.830127018922,2.5));
#2974=CARTESIAN_POINT('',(219.25,8.273502691896,5.));
#2975=CARTESIAN_POINT('',(219.75,6.830127018922,7.5));
#2976=CARTESIAN_POINT('',(220.25,5.386751345948,10.));
#2977=CARTESIAN_POINT('',(220.75,2.5,10.));
#2978=CARTESIAN_POINT('',(221.25,-0.386751345948,10.));
#2979=CARTESIAN_POINT('',(221.75,-1.830127018922,7.5));
#2980=CARTESIAN_POINT('',(222.25,-3.273502691896,5.));
#2981=CARTESIAN_POINT('',(222.75,-1.830127018922,2.5));
#2982=CARTESIAN_POINT('',(223.25,-0.386751345948,0.));
#2983=CARTESIAN_POINT('',(223.75,2.5,0.));
#2984=CARTESIAN_POINT('',(224.25,5.386751345948,0.));
#2985=CARTESIAN_POINT('',(224.75,6.830127018922,2.5));
#2986=CARTESIAN_POINT('',(225.25,8.273502691896,5.));
#2987=CARTESIAN_POINT('',(225.75,6.830127018922,7.5));
#2988=CARTESIAN_POINT('',(226.25,5.386751345948,10.));
#2989=CARTESIAN_POINT('',(226.75,2.5,10.));
#2990=CARTESIAN_POINT('',(227.25,-0.386751345948,10.));
#2991=CARTESIAN_POINT('',(227.75,-1.830127018922,7.5));
#2992=CARTESIAN_POINT('',(228.25,-3.273502691896,5.));
#2993=CARTESIAN_POINT('',(228.75,-1.830127018922,2.5));
#2994=CARTESIAN_POINT('',(229.25,-0.386751345948,0.));
#2995=CARTESIAN_POINT('',(229.75,2.5,0.));
#2996=CARTESIAN_POINT('',(31.75,2.5,2.5));
#2997=CARTESIAN_POINT('',(32.25,3.943375672974,2.5));
#2998=CARTESIAN_POINT('',(32.75,4.665063509461,3.75));
#2999=CARTESIAN_POINT('',(33.25,5.386751345948,5.));
#3000=CARTESIAN_POINT('',(33.75,4.665063509461,6.25));
#3001=CARTESIAN_POINT('',(34.25,3.943375672974,7.5));
#3002=CARTESIAN_POINT('',(34.75,2.5,7.5));
#3003=CARTESIAN_POINT('',(35.25,1.056624327026,7.5));
#3004=CARTESIAN_POINT('',(35.75,0.334936490539,6.25));
#3005=CARTESIAN_POINT('',(36.25,-0.386751345948,5.));
#3006=CARTESIAN_POINT('',(36.75,0.334936490539,3.75));
#3007=CARTESIAN_POINT('',(37.25,1.056624327026,2.5));
#3008=CARTESIAN_POINT('',(37.75,2.5,2.5));
#3009=CARTESIAN_POINT('',(38.25,3.943375672974,2.5));
#3010=CARTESIAN_POINT('',(38.75,4.665063509461,3.75));
#3011=CARTESIAN_POINT('',(39.25,5.386751345948,5.));
#3012=CARTESIAN_POINT('',(39.75,4.665063509461,6.25));
#3013=CARTESIAN_POINT('',(40.25,3.943375672974,7.5));
#3014=CARTESIAN_POINT('',(40.75,2.5,7.5));
#3015=CARTESIAN_POINT('',(41.25,1.056624327026,7.5));
#3016=CARTESIAN_POINT('',(41.75,0.334936490539,6.25));
#3017=CARTESIAN_POINT('',(42.25,-0.386751345948,5.));
#3018=CARTESIAN_POINT('',(42.75,0.334936490539,3.75));
#3019=CARTESIAN_POINT('',(43.25,1.056624327026,2.5));
#3020=CARTESIAN_POINT('',(43.75,2.5,2.5));
#3021=CARTESIAN_POINT('',(44.25,3.943375672974,2.5));
#3022=CARTESIAN_POINT('',(44.75,4.665063509461,3.75));
#3023=CARTESIAN_POINT('',(45.25,5.386751345948,5.));
#3024=CARTESIAN_POINT('',(45.75,4.665063509461,6.25));
#3025=CARTESIAN_POINT('',(46.25,3.943375672974,7.5));
#3026=CARTESIAN_POINT('',(46.75,2.5,7.5));
#3027=CARTESIAN_POINT('',(47.25,1.056624327026,7.5));
#3028=CARTESIAN_POINT('',(47.75,0.334936490539,6.25));
#3029=CARTESIAN_POINT('',(48.25,-0.386751345948,5.));
#3030=CARTESIAN_POINT('',(48.75,0.334936490539,3.75));
#3031=CARTESIAN_POINT('',(49.25,1.056624327026,2.5));
#3032=CARTESIAN_POINT('',(49.75,2.5,2.5));
#3033=CARTESIAN_POINT('',(50.25,3.943375672974,2.5));
#3034=CARTESIAN_POINT('',(50.75,4.665063509461,3.75));
#3035=CARTESIAN_POINT('',(51.25,5.386751345948,5.));
#3036=CARTESIAN_POINT('',(51.75,4.665063509461,6.25));
#3037=CARTESIAN_POINT('',(52.25,3.943375672974,7.5));
#3038=CARTESIAN_POINT('',(52.75,2.5,7.5));
#3039=CARTESIAN_POINT('',(53.25,1.056624327026,7.5));
#3040=CARTESIAN_POINT('',(53.75,0.334936490539,6.25));
#3041=CARTESIAN_POINT('',(54.25,-0.386751345948,5.));
#3042=CARTESIAN_POINT('',(54.75,0.334936490539,3.75));
#3043=CARTESIAN_POINT('',(55.25,1.056624327026,2.5));
#3044=CARTESIAN_POINT('',(55.75,2.5,2.5));
#3045=CARTESIAN_POINT('',(56.25,3.943375672974,2.5));
#3046=CARTESIAN_POINT('',(56.75,4.665063509461,3.75));
#3047=CARTESIAN_POINT('',(57.25,5.386751345948,5.));
#3048=CARTESIAN_POINT('',(57.75,4.665063509461,6.25));
#3049=CARTESIAN_POINT('',(58.25,3.943375672974,7.5));
#3050=CARTESIAN_POINT('',(58.75,2.5,7.5));
#3051=CARTESIAN_POINT('',(59.25,1.056624327026,7.5));
#3052=CARTESIAN_POINT('',(59.75,0.334936490539,6.25));
#3053=CARTESIAN_POINT('',(60.25,-0.386751345948,5.));
#3054=CARTESIAN_POINT('',(60.75,0.334936490539,3.75));
#3055=CARTESIAN_POINT('',(61.25,1.056624327026,2.5));
#3056=CARTESIAN_POINT('',(61.75,2.5,2.5));
#3057=CARTESIAN_POINT('',(62.25,3.943375672974,2.5));
#3058=CARTESIAN_POINT('',(62.75,4.665063509461,3.75));
#3059=CARTESIAN_POINT('',(63.25,5.386751345948,5.));
#3060=CARTESIAN_POINT('',(63.75,4.665063509461,6.25));
#3061=CARTESIAN_POINT('',(64.25,3.943375672974,7.5));
#3062=CARTESIAN_POINT('',(64.75,2.5,7.5));
#3063=CARTESIAN_POINT('',(65.25,1.056624327026,7.5));
#3064=CARTESIAN_POINT('',(65.75,0.334936490539,6.25));
#3065=CARTESIAN_POINT('',(66.25,-0.386751345948,5.));
#3066=CARTESIAN_POINT('',(66.75,0.334936490539,3.75));
#3067=CARTESIAN_POINT('',(67.25,1.056624327026,2.5));
#3068=CARTESIAN_POINT('',(67.75,2.5,2.5));
#3069=CARTESIAN_POINT('',(68.25,3.943375672974,2.5));
#3070=CARTESIAN_POINT('',(68.75,4.665063509461,3.75));
#3071=CARTESIAN_POINT('',(69.25,5.386751345948,5.));
#3072=CARTESIAN_POINT('',(69.75,4.665063509461,6.25));
#3073=CARTESIAN_POINT('',(70.25,3.943375672974,7.5));
#3074=CARTESIAN_POINT('',(70.75,2.5,7.5));
#3075=CARTESIAN_POINT('',(71.25,1.056624327026,7.5));
#3076=CARTESIAN_POINT('',(71.75,0.334936490539,6.25));
#3077=CARTESIAN_POINT('',(72.25,-0.386751345948,5.));
#3078=CARTESIAN_POINT('',(72.75,0.334936490539,3.75));
#3079=CARTESIAN_POINT('',(73.25,1.056624327026,2.5));
#3080=CARTESIAN_POINT('',(73.75,2.5,2.5));
#3081=CARTESIAN_POINT('',(74.25,3.943375672974,2.5));
#3082=CARTESIAN_POINT('',(74.75,4.665063509461,3.75));
#3083=CARTESIAN_POINT('',(75.25,5.386751345948,5.));
#3084=CARTESIAN_POINT('',(75.75,4.665063509461,6.25));
#3085=CARTESIAN_POINT('',(76.25,3.943375672974,7.5));
#3086=CARTESIAN_POINT('',(76.75,2.5,7.5));
#3087=CARTESIAN_POINT('',(77.25,1.056624327026,7.5));
#3088=CARTESIAN_POINT('',(77.75,0.334936490539,6.25));
#3089=CARTESIAN_POINT('',(78.25,-0.386751345948,5.));
#3090=CARTESIAN_POINT('',(78.75,0.334936490539,3.75));
#3091=CARTESIAN_POINT('',(79.25,1.056624327026,2.5));
#3092=CARTESIAN_POINT('',(79.75,2.5,2.5));
#3093=CARTESIAN_POINT('',(80.25,3.943375672974,2.5));
#3094=CARTESIAN_POINT('',(80.75,4.665063509461,3.75));
#3095=CARTESIAN_POINT('',(81.25,5.386751345948,5.));
#3096=CARTESIAN_POINT('',(81.75,4.665063509461,6.25));
#3097=CARTESIAN_POINT('',(82.25,3.943375672974,7.5));
#3098=CARTESIAN_POINT('',(82.75,2.5,7.5));
#3099=CARTESIAN_POINT('',(83.25,1.056624327026,7.5));
#3100=CARTESIAN_POINT('',(83.75,0.334936490539,6.25));
#3101=CARTESIAN_POINT('',(84.25,-0.386751345948,5.));
#3102=CARTESIAN_POINT('',(84.75,0.334936490539,3.75));
#3103=CARTESIAN_POINT('',(85.25,1.056624327026,2.5));
#3104=CARTESIAN_POINT('',(85.75,2.5,2.5));
#3105=CARTESIAN_POINT('',(86.25,3.943375672974,2.5));
#3106=CARTESIAN_POINT('',(86.75,4.665063509461,3.75));
#3107=CARTESIAN_POINT('',(87.25,5.386751345948,5.));
#3108=CARTESIAN_POINT('',(87.75,4.665063509461,6.25));
#3109=CARTESIAN_POINT('',(88.25,3.943375672974,7.5));
#3110=CARTESIAN_POINT('',(88.75,2.5,7.5));
#3111=CARTESIAN_POINT('',(89.25,1.056624327026,7.5));
#3112=CARTESIAN_POINT('',(89.75,0.334936490539,6.25));
#3113=CARTESIAN_POINT('',(90.25,-0.386751345948,5.));
#3114=CARTESIAN_POINT('',(90.75,0.334936490539,3.75));
#3115=CARTESIAN_POINT('',(91.25,1.056624327026,2.5));
#3116=CARTESIAN_POINT('',(91.75,2.5,2.5));
#3117=CARTESIAN_POINT('',(92.25,3.943375672974,2.5));
#3118=CARTESIAN_POINT('',(92.75,4.665063509461,3.75));
#3119=CARTESIAN_POINT('',(93.25,5.386751345948,5.));
#3120=CARTESIAN_POINT('',(93.75,4.665063509461,6.25));
#3121=CARTESIAN_POINT('',(94.25,3.943375672974,7.5));
#3122=CARTESIAN_POINT('',(94.75,2.5,7.5));
#3123=CARTESIAN_POINT('',(95.25,1.056624327026,7.5));
#3124=CARTESIAN_POINT('',(95.75,0.334936490539,6.25));
#3125=CARTESIAN_POINT('',(96.25,-0.386751345948,5.));
#3126=CARTESIAN_POINT('',(96.75,0.334936490539,3.75));
#3127=CARTESIAN_POINT('',(97.25,1.056624327026,2.5));
#3128=CARTESIAN_POINT('',(97.75,2.5,2.5));
#3129=CARTESIAN_POINT('',(98.25,3.943375672974,2.5));
#3130=CARTESIAN_POINT('',(98.75,4.665063509461,3.75));
#3131=CARTESIAN_POINT('',(99.25,5.386751345948,5.));
#3132=CARTESIAN_POINT('',(99.75,4.665063509461,6.25));
#3133=CARTESIAN_POINT('',(100.25,3.943375672974,7.5));
#3134=CARTESIAN_POINT('',(100.75,2.5,7.5));
#3135=CARTESIAN_POINT('',(101.25,1.056624327026,7.5));
#3136=CARTESIAN_POINT('',(101.75,0.334936490539,6.25));
#3137=CARTESIAN_POINT('',(102.25,-0.386751345948,5.));
#3138=CARTESIAN_POINT('',(102.75,0.334936490539,3.75));
#3139=CARTESIAN_POINT('',(103.25,1.056624327026,2.5));
#3140=CARTESIAN_POINT('',(103.75,2.5,2.5));
#3141=CARTESIAN_POINT('',(104.25,3.943375672974,2.5));
#3142=CARTESIAN_POINT('',(104.75,4.665063509461,3.75));
#3143=CARTESIAN_POINT('',(105.25,5.386751345948,5.));
#3144=CARTESIAN_POINT('',(105.75,4.665063509461,6.25));
#3145=CARTESIAN_POINT('',(106.25,3.943375672974,7.5));
#3146=CARTESIAN_POINT('',(106.75,2.5,7.5));
#3147=CARTESIAN_POINT('',(107.25,1.056624327026,7.5));
#3148=CARTESIAN_POINT('',(107.75,0.334936490539,6.25));
#3149=CARTESIAN_POINT('',(108.25,-0.386751345948,5.));
#3150=CARTESIAN_POINT('',(108.75,0.334936490539,3.75));
#3151=CARTESIAN_POINT('',(109.25,1.056624327026,2.5));
#3152=CARTESIAN_POINT('',(109.75,2.5,2.5));
#3153=CARTESIAN_POINT('',(110.25,3.943375672974,2.5));
#3154=CARTESIAN_POINT('',(110.75,4.665063509461,3.75));
#3155=CARTESIAN_POINT('',(111.25,5.386751345948,5.));
#3156=CARTESIAN_POINT('',(111.75,4.665063509461,6.25));
#3157=CARTESIAN_POINT('',(112.25,3.943375672974,7.5));
#3158=CARTESIAN_POINT('',(112.75,2.5,7.5));
#3159=CARTESIAN_POINT('',(113.25,1.056624327026,7.5));
#3160=CARTESIAN_POINT('',(113.75,0.334936490539,6.25));
#3161=CARTESIAN_POINT('',(114.25,-0.386751345948,5.));
#3162=CARTESIAN_POINT('',(114.75,0.334936490539,3.75));
#3163=CARTESIAN_POINT('',(115.25,1.056624327026,2.5));
#3164=CARTESIAN_POINT('',(115.75,2.5,2.5));
#3165=CARTESIAN_POINT('',(116.25,3.943375672974,2.5));
#3166=CARTESIAN_POINT('',(116.75,4.665063509461,3.75));
#3167=CARTESIAN_POINT('',(117.25,5.386751345948,5.));
#3168=CARTESIAN_POINT('',(117.75,4.665063509461,6.25));
#3169=CARTESIAN_POINT('',(118.25,3.943375672974,7.5));
#3170=CARTESIAN_POINT('',(118.75,2.5,7.5));
#3171=CARTESIAN_POINT('',(119.25,1.056624327026,7.5));
#3172=CARTESIAN_POINT('',(119.75,0.334936490539,6.25));
#3173=CARTESIAN_POINT('',(120.25,-0.386751345948,5.));
#3174=CARTESIAN_POINT('',(120.75,0.334936490539,3.75));
#3175=CARTESIAN_POINT('',(121.25,1.056624327026,2.5));
#3176=CARTESIAN_POINT('',(121.75,2.5,2.5));
#3177=CARTESIAN_POINT('',(122.25,3.943375672974,2.5));
#3178=CARTESIAN_POINT('',(122.75,4.665063509461,3.75));
#3179=CARTESIAN_POINT('',(123.25,5.386751345948,5.));
#3180=CARTESIAN_POINT('',(123.75,4.665063509461,6.25));
#3181=CARTESIAN_POINT('',(124.25,3.943375672974,7.5));
#3182=CARTESIAN_POINT('',(124.75,2.5,7.5));
#3183=CARTESIAN_POINT('',(125.25,1.056624327026,7.5));
#3184=CARTESIAN_POINT('',(125.75,0.334936490539,6.25));
#3185=CARTESIAN_POINT('',(126.25,-0.386751345948,5.));
#3186=CARTESIAN_POINT('',(126.75,0.334936490539,3.75));
#3187=CARTESIAN_POINT('',(127.25,1.056624327026,2.5));
#3188=CARTESIAN_POINT('',(127.75,2.5,2.5));
#3189=CARTESIAN_POINT('',(128.25,3.943375672974,2.5));
#3190=CARTESIAN_POINT('',(128.75,4.665063509461,3.75));
#3191=CARTESIAN_POINT('',(129.25,5.386751345948,5.));
#3192=CARTESIAN_POINT('',(129.75,4.665063509461,6.25));
#3193=CARTESIAN_POINT('',(130.25,3.943375672974,7.5));
#3194=CARTESIAN_POINT('',(130.75,2.5,7.5));
#3195=CARTESIAN_POINT('',(131.25,1.056624327026,7.5));
#3196=CARTESIAN_POINT('',(131.75,0.334936490539,6.25));
#3197=CARTESIAN_POINT('',(132.25,-0.386751345948,5.));
#3198=CARTESIAN_POINT('',(132.75,0.334936490539,3.75));
#3199=CARTESIAN_POINT('',(133.25,1.056624327026,2.5));
#3200=CARTESIAN_POINT('',(133.75,2.5,2.5));
#3201=CARTESIAN_POINT('',(134.25,3.943375672974,2.5));
#3202=CARTESIAN_POINT('',(134.75,4.665063509461,3.75));
#3203=CARTESIAN_POINT('',(135.25,5.386751345948,5.));
#3204=CARTESIAN_POINT('',(135.75,4.665063509461,6.25));
#3205=CARTESIAN_POINT('',(136.25,3.943375672974,7.5));
#3206=CARTESIAN_POINT('',(136.75,2.5,7.5));
#3207=CARTESIAN_POINT('',(137.25,1.056624327026,7.5));
#3208=CARTESIAN_POINT('',(137.75,0.334936490539,6.25));
#3209=CARTESIAN_POINT('',(138.25,-0.386751345948,5.));
#3210=CARTESIAN_POINT('',(138.75,0.334936490539,3.75));
#3211=CARTESIAN_POINT('',(139.25,1.056624327026,2.5));
#3212=CARTESIAN_POINT('',(139.75,2.5,2.5));
#3213=CARTESIAN_POINT('',(140.25,3.943375672974,2.5));
#3214=CARTESIAN_POINT('',(140.75,4.665063509461,3.75));
#3215=CARTESIAN_POINT('',(141.25,5.386751345948,5.));
#3216=CARTESIAN_POINT('',(141.75,4.665063509461,6.25));
#3217=CARTESIAN_POINT('',(142.25,3.943375672974,7.5));
#3218=CARTESIAN_POINT('',(142.75,2.5,7.5));
#3219=CARTESIAN_POINT('',(143.25,1.056624327026,7.5));
#3220=CARTESIAN_POINT('',(143.75,0.334936490539,6.25));
#3221=CARTESIAN_POINT('',(144.25,-0.386751345948,5.));
#3222=CARTESIAN_POINT('',(144.75,0.334936490539,3.75));
#3223=CARTESIAN_POINT('',(145.25,1.056624327026,2.5));
#3224=CARTESIAN_POINT('',(145.75,2.5,2.5));
#3225=CARTESIAN_POINT('',(146.25,3.943375672974,2.5));
#3226=CARTESIAN_POINT('',(146.75,4.665063509461,3.75));
#3227=CARTESIAN_POINT('',(147.25,5.386751345948,5.));
#3228=CARTESIAN_POINT('',(147.75,4.665063509461,6.25));
#3229=CARTESIAN_POINT('',(148.25,3.943375672974,7.5));
#3230=CARTESIAN_POINT('',(148.75,2.5,7.5));
#3231=CARTESIAN_POINT('',(149.25,1.056624327026,7.5));
#3232=CARTESIAN_POINT('',(149.75,0.334936490539,6.25));
#3233=CARTESIAN_POINT('',(150.25,-0.386751345948,5.));
#3234=CARTESIAN_POINT('',(150.75,0.334936490539,3.75));
#3235=CARTESIAN_POINT('',(151.25,1.056624327026,2.5));
#3236=CARTESIAN_POINT('',(151.75,2.5,2.5));
#3237=CARTESIAN_POINT('',(152.25,3.943375672974,2.5));
#3238=CARTESIAN_POINT('',(152.75,4.665063509461,3.75));
#3239=CARTESIAN_POINT('',(153.25,5.386751345948,5.));
#3240=CARTESIAN_POINT('',(153.75,4.665063509461,6.25));
#3241=CARTESIAN_POINT('',(154.25,3.943375672974,7.5));
#3242=CARTESIAN_POINT('',(154.75,2.5,7.5));
#3243=CARTESIAN_POINT('',(155.25,1.056624327026,7.5));
#3244=CARTESIAN_POINT('',(155.75,0.334936490539,6.25));
#3245=CARTESIAN_POINT('',(156.25,-0.386751345948,5.));
#3246=CARTESIAN_POINT('',(156.75,0.334936490539,3.75));
#3247=CARTESIAN_POINT('',(157.25,1.056624327026,2.5));
#3248=CARTESIAN_POINT('',(157.75,2.5,2.5));
#3249=CARTESIAN_POINT('',(158.25,3.943375672974,2.5));
#3250=CARTESIAN_POINT('',(158.75,4.665063509461,3.75));
#3251=CARTESIAN_POINT('',(159.25,5.386751345948,5.));
#3252=CARTESIAN_POINT('',(159.75,4.665063509461,6.25));
#3253=CARTESIAN_POINT('',(160.25,3.943375672974,7.5));
#3254=CARTESIAN_POINT('',(160.75,2.5,7.5));
#3255=CARTESIAN_POINT('',(161.25,1.056624327026,7.5));
#3256=CARTESIAN_POINT('',(161.75,0.334936490539,6.25));
#3257=CARTESIAN_POINT('',(162.25,-0.386751345948,5.));
#3258=CARTESIAN_POINT('',(162.75,0.334936490539,3.75));
#3259=CARTESIAN_POINT('',(163.25,1.056624327026,2.5));
#3260=CARTESIAN_POINT('',(163.75,2.5,2.5));
#3261=CARTESIAN_POINT('',(164.25,3.943375672974,2.5));
#3262=CARTESIAN_POINT('',(164.75,4.665063509461,3.75));
#3263=CARTESIAN_POINT('',(165.25,5.386751345948,5.));
#3264=CARTESIAN_POINT('',(165.75,4.665063509461,6.25));
#3265=CARTESIAN_POINT('',(166.25,3.943375672974,7.5));
#3266=CARTESIAN_POINT('',(166.75,2.5,7.5));
#3267=CARTESIAN_POINT('',(167.25,1.056624327026,7.5));
#3268=CARTESIAN_POINT('',(167.75,0.334936490539,6.25));
#3269=CARTESIAN_POINT('',(168.25,-0.386751345948,5.));
#3270=CARTESIAN_POINT('',(168.75,0.334936490539,3.75));
#3271=CARTESIAN_POINT('',(169.25,1.056624327026,2.5));
#3272=CARTESIAN_POINT('',(169.75,2.5,2.5));
#3273=CARTESIAN_POINT('',(170.25,3.943375672974,2.5));
#3274=CARTESIAN_POINT('',(170.75,4.665063509461,3.75));
#3275=CARTESIAN_POINT('',(171.25,5.386751345948,5.));
#3276=CARTESIAN_POINT('',(171.75,4.665063509461,6.25));
#3277=CARTESIAN_POINT('',(172.25,3.943375672974,7.5));
#3278=CARTESIAN_POINT('',(172.75,2.5,7.5));
#3279=CARTESIAN_POINT('',(173.25,1.056624327026,7.5));
#3280=CARTESIAN_POINT('',(173.75,0.334936490539,6.25));
#3281=CARTESIAN_POINT('',(174.25,-0.386751345948,5.));
#3282=CARTESIAN_POINT('',(174.75,0.334936490539,3.75));
#3283=CARTESIAN_POINT('',(175.25,1.056624327026,2.5));
#3284=CARTESIAN_POINT('',(175.75,2.5,2.5));
#3285=CARTESIAN_POINT('',(176.25,3.943375672974,2.5));
#3286=CARTESIAN_POINT('',(176.75,4.665063509461,3.75));
#3287=CARTESIAN_POINT('',(177.25,5.386751345948,5.));
#3288=CARTESIAN_POINT('',(177.75,4.665063509461,6.25));
#3289=CARTESIAN_POINT('',(178.25,3.943375672974,7.5));
#3290=CARTESIAN_POINT('',(178.75,2.5,7.5));
#3291=CARTESIAN_POINT('',(179.25,1.056624327026,7.5));
#3292=CARTESIAN_POINT('',(179.75,0.334936490539,6.25));
#3293=CARTESIAN_POINT('',(180.25,-0.386751345948,5.));
#3294=CARTESIAN_POINT('',(180.75,0.334936490539,3.75));
#3295=CARTESIAN_POINT('',(181.25,1.056624327026,2.5));
#3296=CARTESIAN_POINT('',(181.75,2.5,2.5));
#3297=CARTESIAN_POINT('',(182.25,3.943375672974,2.5));
#3298=CARTESIAN_POINT('',(182.75,4.665063509461,3.75));
#3299=CARTESIAN_POINT('',(183.25,5.386751345948,5.));
#3300=CARTESIAN_POINT('',(183.75,4.665063509461,6.25));
#3301=CARTESIAN_POINT('',(184.25,3.943375672974,7.5));
#3302=CARTESIAN_POINT('',(184.75,2.5,7.5));
#3303=CARTESIAN_POINT('',(185.25,1.056624327026,7.5));
#3304=CARTESIAN_POINT('',(185.75,0.334936490539,6.25));
#3305=CARTESIAN_POINT('',(186.25,-0.386751345948,5.));
#3306=CARTESIAN_POINT('',(186.75,0.334936490539,3.75));
#3307=CARTESIAN_POINT('',(187.25,1.056624327026,2.5));
#3308=CARTESIAN_POINT('',(187.75,2.5,2.5));
#3309=CARTESIAN_POINT('',(188.25,3.943375672974,2.5));
#3310=CARTESIAN_POINT('',(188.75,4.665063509461,3.75));
#3311=CARTESIAN_POINT('',(189.25,5.386751345948,5.));
#3312=CARTESIAN_POINT('',(189.75,4.665063509461,6.25));
#3313=CARTESIAN_POINT('',(190.25,3.943375672974,7.5));
#3314=CARTESIAN_POINT('',(190.75,2.5,7.5));
#3315=CARTESIAN_POINT('',(191.25,1.056624327026,7.5));
#3316=CARTESIAN_POINT('',(191.75,0.334936490539,6.25));
#3317=CARTESIAN_POINT('',(192.25,-0.386751345948,5.));
#3318=CARTESIAN_POINT('',(192.75,0.334936490539,3.75));
#3319=CARTESIAN_POINT('',(193.25,1.056624327026,2.5));
#3320=CARTESIAN_POINT('',(193.75,2.5,2.5));
#3321=CARTESIAN_POINT('',(194.25,3.943375672974,2.5));
#3322=CARTESIAN_POINT('',(194.75,4.665063509461,3.75));
#3323=CARTESIAN_POINT('',(195.25,5.386751345948,5.));
#3324=CARTESIAN_POINT('',(195.75,4.665063509461,6.25));
#3325=CARTESIAN_POINT('',(196.25,3.943375672974,7.5));
#3326=CARTESIAN_POINT('',(196.75,2.5,7.5));
#3327=CARTESIAN_POINT('',(197.25,1.056624327026,7.5));
#3328=CARTESIAN_POINT('',(197.75,0.334936490539,6.25));
#3329=CARTESIAN_POINT('',(198.25,-0.386751345948,5.));
#3330=CARTESIAN_POINT('',(198.75,0.334936490539,3.75));
#3331=CARTESIAN_POINT('',(199.25,1.056624327026,2.5));
#3332=CARTESIAN_POINT('',(199.75,2.5,2.5));
#3333=CARTESIAN_POINT('',(200.25,3.943375672974,2.5));
#3334=CARTESIAN_POINT('',(200.75,4.665063509461,3.75));
#3335=CARTESIAN_POINT('',(201.25,5.386751345948,5.));
#3336=CARTESIAN_POINT('',(201.75,4.665063509461,6.25));
#3337=CARTESIAN_POINT('',(202.25,3.943375672974,7.5));
#3338=CARTESIAN_POINT('',(202.75,2.5,7.5));
#3339=CARTESIAN_POINT('',(203.25,1.056624327026,7.5));
#3340=CARTESIAN_POINT('',(203.75,0.334936490539,6.25));
#3341=CARTESIAN_POINT('',(204.25,-0.386751345948,5.));
#3342=CARTESIAN_POINT('',(204.75,0.334936490539,3.75));
#3343=CARTESIAN_POINT('',(205.25,1.056624327026,2.5));
#3344=CARTESIAN_POINT('',(205.75,2.5,2.5));
#3345=CARTESIAN_POINT('',(206.25,3.943375672974,2.5));
#3346=CARTESIAN_POINT('',(206.75,4.665063509461,3.75));
#3347=CARTESIAN_POINT('',(207.25,5.386751345948,5.));
#3348=CARTESIAN_POINT('',(207.75,4.665063509461,6.25));
#3349=CARTESIAN_POINT('',(208.25,3.943375672974,7.5));
#3350=CARTESIAN_POINT('',(208.75,2.5,7.5));
#3351=CARTESIAN_POINT('',(209.25,1.056624327026,7.5));
#3352=CARTESIAN_POINT('',(209.75,0.334936490539,6.25));
#3353=CARTESIAN_POINT('',(210.25,-0.386751345948,5.));
#3354=CARTESIAN_POINT('',(210.75,0.334936490539,3.75));
#3355=CARTESIAN_POINT('',(211.25,1.056624327026,2.5));
#3356=CARTESIAN_POINT('',(211.75,2.5,2.5));
#3357=CARTESIAN_POINT('',(212.25,3.943375672974,2.5));
#3358=CARTESIAN_POINT('',(212.75,4.665063509461,3.75));
#3359=CARTESIAN_POINT('',(213.25,5.386751345948,5.));
#3360=CARTESIAN_POINT('',(213.75,4.665063509461,6.25));
#3361=CARTESIAN_POINT('',(214.25,3.943375672974,7.5));
#3362=CARTESIAN_POINT('',(214.75,2.5,7.5));
#3363=CARTESIAN_POINT('',(215.25,1.056624327026,7.5));
#3364=CARTESIAN_POINT('',(215.75,0.334936490539,6.25));
#3365=CARTESIAN_POINT('',(216.25,-0.386751345948,5.));
#3366=CARTESIAN_POINT('',(216.75,0.334936490539,3.75));
#3367=CARTESIAN_POINT('',(217.25,1.056624327026,2.5));
#3368=CARTESIAN_POINT('',(217.75,2.5,2.5));
#3369=CARTESIAN_POINT('',(218.25,3.943375672974,2.5));
#3370=CARTESIAN_POINT('',(218.75,4.665063509461,3.75));
#3371=CARTESIAN_POINT('',(219.25,5.386751345948,5.));
#3372=CARTESIAN_POINT('',(219.75,4.665063509461,6.25));
#3373=CARTESIAN_POINT('',(220.25,3.943375672974,7.5));
#3374=CARTESIAN_POINT('',(220.75,2.5,7.5));
#3375=CARTESIAN_POINT('',(221.25,1.056624327026,7.5));
#3376=CARTESIAN_POINT('',(221.75,0.334936490539,6.25));
#3377=CARTESIAN_POINT('',(222.25,-0.386751345948,5.));
#3378=CARTESIAN_POINT('',(222.75,0.334936490539,3.75));
#3379=CARTESIAN_POINT('',(223.25,1.056624327026,2.5));
#3380=CARTESIAN_POINT('',(223.75,2.5,2.5));
#3381=CARTESIAN_POINT('',(224.25,3.943375672974,2.5));
#3382=CARTESIAN_POINT('',(224.75,4.665063509461,3.75));
#3383=CARTESIAN_POINT('',(225.25,5.386751345948,5.));
#3384=CARTESIAN_POINT('',(225.75,4.665063509461,6.25));
#3385=CARTESIAN_POINT('',(226.25,3.943375672974,7.5));
#3386=CARTESIAN_POINT('',(226.75,2.5,7.5));
#3387=CARTESIAN_POINT('',(227.25,1.056624327026,7.5));
#3388=CARTESIAN_POINT('',(227.75,0.334936490539,6.25));
#3389=CARTESIAN_POINT('',(228.25,-0.386751345948,5.));
#3390=CARTESIAN_POINT('',(228.75,0.334936490539,3.75));
#3391=CARTESIAN_POINT('',(229.25,1.056624327026,2.5));
#3392=CARTESIAN_POINT('',(229.75,2.5,2.5));
#3393=CARTESIAN_POINT('',(34.25,2.5,2.5));
#3394=CARTESIAN_POINT('',(34.75,3.943375672974,2.5));
#3395=CARTESIAN_POINT('',(35.25,4.665063509461,3.75));
#3396=CARTESIAN_POINT('',(35.75,5.386751345948,5.));
#3397=CARTESIAN_POINT('',(36.25,4.665063509461,6.25));
#3398=CARTESIAN_POINT('',(36.75,3.943375672974,7.5));
#3399=CARTESIAN_POINT('',(37.25,2.5,7.5));
#3400=CARTESIAN_POINT('',(37.75,1.056624327026,7.5));
#3401=CARTESIAN_POINT('',(38.25,0.334936490539,6.25));
#3402=CARTESIAN_POINT('',(38.75,-0.386751345948,5.));
#3403=CARTESIAN_POINT('',(39.25,0.334936490539,3.75));
#3404=CARTESIAN_POINT('',(39.75,1.056624327026,2.5));
#3405=CARTESIAN_POINT('',(40.25,2.5,2.5));
#3406=CARTESIAN_POINT('',(40.75,3.943375672974,2.5));
#3407=CARTESIAN_POINT('',(41.25,4.665063509461,3.75));
#3408=CARTESIAN_POINT('',(41.75,5.386751345948,5.));
#3409=CARTESIAN_POINT('',(42.25,4.665063509461,6.25));
#3410=CARTESIAN_POINT('',(42.75,3.943375672974,7.5));
#3411=CARTESIAN_POINT('',(43.25,2.5,7.5));
#3412=CARTESIAN_POINT('',(43.75,1.056624327026,7.5));
#3413=CARTESIAN_POINT('',(44.25,0.334936490539,6.25));
#3414=CARTESIAN_POINT('',(44.75,-0.386751345948,5.));
#3415=CARTESIAN_POINT('',(45.25,0.334936490539,3.75));
#3416=CARTESIAN_POINT('',(45.75,1.056624327026,2.5));
#3417=CARTESIAN_POINT('',(46.25,2.5,2.5));
#3418=CARTESIAN_POINT('',(46.75,3.943375672974,2.5));
#3419=CARTESIAN_POINT('',(47.25,4.665063509461,3.75));
#3420=CARTESIAN_POINT('',(47.75,5.386751345948,5.));
#3421=CARTESIAN_POINT('',(48.25,4.665063509461,6.25));
#3422=CARTESIAN_POINT('',(48.75,3.943375672974,7.5));
#3423=CARTESIAN_POINT('',(49.25,2.5,7.5));
#3424=CARTESIAN_POINT('',(49.75,1.056624327026,7.5));
#3425=CARTESIAN_POINT('',(50.25,0.334936490539,6.25));
#3426=CARTESIAN_POINT('',(50.75,-0.386751345948,5.));
#3427=CARTESIAN_POINT('',(51.25,0.334936490539,3.75));
#3428=CARTESIAN_POINT('',(51.75,1.056624327026,2.5));
#3429=CARTESIAN_POINT('',(52.25,2.5,2.5));
#3430=CARTESIAN_POINT('',(52.75,3.943375672974,2.5));
#3431=CARTESIAN_POINT('',(53.25,4.665063509461,3.75));
#3432=CARTESIAN_POINT('',(53.75,5.386751345948,5.));
#3433=CARTESIAN_POINT('',(54.25,4.665063509461,6.25));
#3434=CARTESIAN_POINT('',(54.75,3.943375672974,7.5));
#3435=CARTESIAN_POINT('',(55.25,2.5,7.5));
#3436=CARTESIAN_POINT('',(55.75,1.056624327026,7.5));
#3437=CARTESIAN_POINT('',(56.25,0.334936490539,6.25));
#3438=CARTESIAN_POINT('',(56.75,-0.386751345948,5.));
#3439=CARTESIAN_POINT('',(57.25,0.334936490539,3.75));
#3440=CARTESIAN_POINT('',(57.75,1.056624327026,2.5));
#3441=CARTESIAN_POINT('',(58.25,2.5,2.5));
#3442=CARTESIAN_POINT('',(58.75,3.943375672974,2.5));
#3443=CARTESIAN_POINT('',(59.25,4.665063509461,3.75));
#3444=CARTESIAN_POINT('',(59.75,5.386751345948,5.));
#3445=CARTESIAN_POINT('',(60.25,4.665063509461,6.25));
#3446=CARTESIAN_POINT('',(60.75,3.943375672974,7.5));
#3447=CARTESIAN_POINT('',(61.25,2.5,7.5));
#3448=CARTESIAN_POINT('',(61.75,1.056624327026,7.5));
#3449=CARTESIAN_POINT('',(62.25,0.334936490539,6.25));
#3450=CARTESIAN_POINT('',(62.75,-0.386751345948,5.));
#3451=CARTESIAN_POINT('',(63.25,0.334936490539,3.75));
#3452=CARTESIAN_POINT('',(63.75,1.056624327026,2.5));
#3453=CARTESIAN_POINT('',(64.25,2.5,2.5));
#3454=CARTESIAN_POINT('',(64.75,3.943375672974,2.5));
#3455=CARTESIAN_POINT('',(65.25,4.665063509461,3.75));
#3456=CARTESIAN_POINT('',(65.75,5.386751345948,5.));
#3457=CARTESIAN_POINT('',(66.25,4.665063509461,6.25));
#3458=CARTESIAN_POINT('',(66.75,3.943375672974,7.5));
#3459=CARTESIAN_POINT('',(67.25,2.5,7.5));
#3460=CARTESIAN_POINT('',(67.75,1.056624327026,7.5));
#3461=CARTESIAN_POINT('',(68.25,0.334936490539,6.25));
#3462=CARTESIAN_POINT('',(68.75,-0.386751345948,5.));
#3463=CARTESIAN_POINT('',(69.25,0.334936490539,3.75));
#3464=CARTESIAN_POINT('',(69.75,1.056624327026,2.5));
#3465=CARTESIAN_POINT('',(70.25,2.5,2.5));
#3466=CARTESIAN_POINT('',(70.75,3.943375672974,2.5));
#3467=CARTESIAN_POINT('',(71.25,4.665063509461,3.75));
#3468=CARTESIAN_POINT('',(71.75,5.386751345948,5.));
#3469=CARTESIAN_POINT('',(72.25,4.665063509461,6.25));
#3470=CARTESIAN_POINT('',(72.75,3.943375672974,7.5));
#3471=CARTESIAN_POINT('',(73.25,2.5,7.5));
#3472=CARTESIAN_POINT('',(73.75,1.056624327026,7.5));
#3473=CARTESIAN_POINT('',(74.25,0.334936490539,6.25));
#3474=CARTESIAN_POINT('',(74.75,-0.386751345948,5.));
#3475=CARTESIAN_POINT('',(75.25,0.334936490539,3.75));
#3476=CARTESIAN_POINT('',(75.75,1.056624327026,2.5));
#3477=CARTESIAN_POINT('',(76.25,2.5,2.5));
#3478=CARTESIAN_POINT('',(76.75,3.943375672974,2.5));
#3479=CARTESIAN_POINT('',(77.25,4.665063509461,3.75));
#3480=CARTESIAN_POINT('',(77.75,5.386751345948,5.));
#3481=CARTESIAN_POINT('',(78.25,4.665063509461,6.25));
#3482=CARTESIAN_POINT('',(78.75,3.943375672974,7.5));
#3483=CARTESIAN_POINT('',(79.25,2.5,7.5));
#3484=CARTESIAN_POINT('',(79.75,1.056624327026,7.5));
#3485=CARTESIAN_POINT('',(80.25,0.334936490539,6.25));
#3486=CARTESIAN_POINT('',(80.75,-0.386751345948,5.));
#3487=CARTESIAN_POINT('',(81.25,0.334936490539,3.75));
#3488=CARTESIAN_POINT('',(81.75,1.056624327026,2.5));
#3489=CARTESIAN_POINT('',(82.25,2.5,2.5));
#3490=CARTESIAN_POINT('',(82.75,3.943375672974,2.5));
#3491=CARTESIAN_POINT('',(83.25,4.665063509461,3.75));
#3492=CARTESIAN_POINT('',(83.75,5.386751345948,5.));
#3493=CARTESIAN_POINT('',(84.25,4.665063509461,6.25));
#3494=CARTESIAN_POINT('',(84.75,3.943375672974,7.5));
#3495=CARTESIAN_POINT('',(85.25,2.5,7.5));
#3496=CARTESIAN_POINT('',(85.75,1.056624327026,7.5));
#3497=CARTESIAN_POINT('',(86.25,0.334936490539,6.25));
#3498=CARTESIAN_POINT('',(86.75,-0.386751345948,5.));
#3499=CARTESIAN_POINT('',(87.25,0.334936490539,3.75));
#3500=CARTESIAN_POINT('',(87.75,1.056624327026,2.5));
#3501=CARTESIAN_POINT('',(88.25,2.5,2.5));
#3502=CARTESIAN_POINT('',(88.75,3.943375672974,2.5));
#3503=CARTESIAN_POINT('',(89.25,4.665063509461,3.75));
#3504=CARTESIAN_POINT('',(89.75,5.386751345948,5.));
#3505=CARTESIAN_POINT('',(90.25,4.665063509461,6.25));
#3506=CARTESIAN_POINT('',(90.75,3.943375672974,7.5));
#3507=CARTESIAN_POINT('',(91.25,2.5,7.5));
#3508=CARTESIAN_POINT('',(91.75,1.056624327026,7.5));
#3509=CARTESIAN_POINT('',(92.25,0.334936490539,6.25));
#3510=CARTESIAN_POINT('',(92.75,-0.386751345948,5.));
#3511=CARTESIAN_POINT('',(93.25,0.334936490539,3.75));
#3512=CARTESIAN_POINT('',(93.75,1.056624327026,2.5));
#3513=CARTESIAN_POINT('',(94.25,2.5,2.5));
#3514=CARTESIAN_POINT('',(94.75,3.943375672974,2.5));
#3515=CARTESIAN_POINT('',(95.25,4.665063509461,3.75));
#3516=CARTESIAN_POINT('',(95.75,5.386751345948,5.));
#3517=CARTESIAN_POINT('',(96.25,4.665063509461,6.25));
#3518=CARTESIAN_POINT('',(96.75,3.943375672974,7.5));
#3519=CARTESIAN_POINT('',(97.25,2.5,7.5));
#3520=CARTESIAN_POINT('',(97.75,1.056624327026,7.5));
#3521=CARTESIAN_POINT('',(98.25,0.334936490539,6.25));
#3522=CARTESIAN_POINT('',(98.75,-0.386751345948,5.));
#3523=CARTESIAN_POINT('',(99.25,0.334936490539,3.75));
#3524=CARTESIAN_POINT('',(99.75,1.056624327026,2.5));
#3525=CARTESIAN_POINT('',(100.25,2.5,2.5));
#3526=CARTESIAN_POINT('',(100.75,3.943375672974,2.5));
#3527=CARTESIAN_POINT('',(101.25,4.665063509461,3.75));
#3528=CARTESIAN_POINT('',(101.75,5.386751345948,5.));
#3529=CARTESIAN_POINT('',(102.25,4.665063509461,6.25));
#3530=CARTESIAN_POINT('',(102.75,3.943375672974,7.5));
#3531=CARTESIAN_POINT('',(103.25,2.5,7.5));
#3532=CARTESIAN_POINT('',(103.75,1.056624327026,7.5));
#3533=CARTESIAN_POINT('',(104.25,0.334936490539,6.25));
#3534=CARTESIAN_POINT('',(104.75,-0.386751345948,5.));
#3535=CARTESIAN_POINT('',(105.25,0.334936490539,3.75));
#3536=CARTESIAN_POINT('',(105.75,1.056624327026,2.5));
#3537=CARTESIAN_POINT('',(106.25,2.5,2.5));
#3538=CARTESIAN_POINT('',(106.75,3.943375672974,2.5));
#3539=CARTESIAN_POINT('',(107.25,4.665063509461,3.75));
#3540=CARTESIAN_POINT('',(107.75,5.386751345948,5.));
#3541=CARTESIAN_POINT('',(108.25,4.665063509461,6.25));
#3542=CARTESIAN_POINT('',(108.75,3.943375672974,7.5));
#3543=CARTESIAN_POINT('',(109.25,2.5,7.5));
#3544=CARTESIAN_POINT('',(109.75,1.056624327026,7.5));
#3545=CARTESIAN_POINT('',(110.25,0.334936490539,6.25));
#3546=CARTESIAN_POINT('',(110.75,-0.386751345948,5.));
#3547=CARTESIAN_POINT('',(111.25,0.334936490539,3.75));
#3548=CARTESIAN_POINT('',(111.75,1.056624327026,2.5));
#3549=CARTESIAN_POINT('',(112.25,2.5,2.5));
#3550=CARTESIAN_POINT('',(112.75,3.943375672974,2.5));
#3551=CARTESIAN_POINT('',(113.25,4.665063509461,3.75));
#3552=CARTESIAN_POINT('',(113.75,5.386751345948,5.));
#3553=CARTESIAN_POINT('',(114.25,4.665063509461,6.25));
#3554=CARTESIAN_POINT('',(114.75,3.943375672974,7.5));
#3555=CARTESIAN_POINT('',(115.25,2.5,7.5));
#3556=CARTESIAN_POINT('',(115.75,1.056624327026,7.5));
#3557=CARTESIAN_POINT('',(116.25,0.334936490539,6.25));
#3558=CARTESIAN_POINT('',(116.75,-0.386751345948,5.));
#3559=CARTESIAN_POINT('',(117.25,0.334936490539,3.75));
#3560=CARTESIAN_POINT('',(117.75,1.056624327026,2.5));
#3561=CARTESIAN_POINT('',(118.25,2.5,2.5));
#3562=CARTESIAN_POINT('',(118.75,3.943375672974,2.5));
#3563=CARTESIAN_POINT('',(119.25,4.665063509461,3.75));
#3564=CARTESIAN_POINT('',(119.75,5.386751345948,5.));
#3565=CARTESIAN_POINT('',(120.25,4.665063509461,6.25));
#3566=CARTESIAN_POINT('',(120.75,3.943375672974,7.5));
#3567=CARTESIAN_POINT('',(121.25,2.5,7.5));
#3568=CARTESIAN_POINT('',(121.75,1.056624327026,7.5));
#3569=CARTESIAN_POINT('',(122.25,0.334936490539,6.25));
#3570=CARTESIAN_POINT('',(122.75,-0.386751345948,5.));
#3571=CARTESIAN_POINT('',(123.25,0.334936490539,3.75));
#3572=CARTESIAN_POINT('',(123.75,1.056624327026,2.5));
#3573=CARTESIAN_POINT('',(124.25,2.5,2.5));
#3574=CARTESIAN_POINT('',(124.75,3.943375672974,2.5));
#3575=CARTESIAN_POINT('',(125.25,4.665063509461,3.75));
#3576=CARTESIAN_POINT('',(125.75,5.386751345948,5.));
#3577=CARTESIAN_POINT('',(126.25,4.665063509461,6.25));
#3578=CARTESIAN_POINT('',(126.75,3.943375672974,7.5));
#3579=CARTESIAN_POINT('',(127.25,2.5,7.5));
#3580=CARTESIAN_POINT('',(127.75,1.056624327026,7.5));
#3581=CARTESIAN_POINT('',(128.25,0.334936490539,6.25));
#3582=CARTESIAN_POINT('',(128.75,-0.386751345948,5.));
#3583=CARTESIAN_POINT('',(129.25,0.334936490539,3.75));
#3584=CARTESIAN_POINT('',(129.75,1.056624327026,2.5));
#3585=CARTESIAN_POINT('',(130.25,2.5,2.5));
#3586=CARTESIAN_POINT('',(130.75,3.943375672974,2.5));
#3587=CARTESIAN_POINT('',(131.25,4.665063509461,3.75));
#3588=CARTESIAN_POINT('',(131.75,5.386751345948,5.));
#3589=CARTESIAN_POINT('',(132.25,4.665063509461,6.25));
#3590=CARTESIAN_POINT('',(132.75,3.943375672974,7.5));
#3591=CARTESIAN_POINT('',(133.25,2.5,7.5));
#3592=CARTESIAN_POINT('',(133.75,1.056624327026,7.5));
#3593=CARTESIAN_POINT('',(134.25,0.334936490539,6.25));
#3594=CARTESIAN_POINT('',(134.75,-0.386751345948,5.));
#3595=CARTESIAN_POINT('',(135.25,0.334936490539,3.75));
#3596=CARTESIAN_POINT('',(135.75,1.056624327026,2.5));
#3597=CARTESIAN_POINT('',(136.25,2.5,2.5));
#3598=CARTESIAN_POINT('',(136.75,3.943375672974,2.5));
#3599=CARTESIAN_POINT('',(137.25,4.665063509461,3.75));
#3600=CARTESIAN_POINT('',(137.75,5.386751345948,5.));
#3601=CARTESIAN_POINT('',(138.25,4.665063509461,6.25));
#3602=CARTESIAN_POINT('',(138.75,3.943375672974,7.5));
#3603=CARTESIAN_POINT('',(139.25,2.5,7.5));
#3604=CARTESIAN_POINT('',(139.75,1.056624327026,7.5));
#3605=CARTESIAN_POINT('',(140.25,0.334936490539,6.25));
#3606=CARTESIAN_POINT('',(140.75,-0.386751345948,5.));
#3607=CARTESIAN_POINT('',(141.25,0.334936490539,3.75));
#3608=CARTESIAN_POINT('',(141.75,1.056624327026,2.5));
#3609=CARTESIAN_POINT('',(142.25,2.5,2.5));
#3610=CARTESIAN_POINT('',(142.75,3.943375672974,2.5));
#3611=CARTESIAN_POINT('',(143.25,4.665063509461,3.75));
#3612=CARTESIAN_POINT('',(143.75,5.386751345948,5.));
#3613=CARTESIAN_POINT('',(144.25,4.665063509461,6.25));
#3614=CARTESIAN_POINT('',(144.75,3.943375672974,7.5));
#3615=CARTESIAN_POINT('',(145.25,2.5,7.5));
#3616=CARTESIAN_POINT('',(145.75,1.056624327026,7.5));
#3617=CARTESIAN_POINT('',(146.25,0.334936490539,6.25));
#3618=CARTESIAN_POINT('',(146.75,-0.386751345948,5.));
#3619=CARTESIAN_POINT('',(147.25,0.334936490539,3.75));
#3620=CARTESIAN_POINT('',(147.75,1.056624327026,2.5));
#3621=CARTESIAN_POINT('',(148.25,2.5,2.5));
#3622=CARTESIAN_POINT('',(148.75,3.943375672974,2.5));
#3623=CARTESIAN_POINT('',(149.25,4.665063509461,3.75));
#3624=CARTESIAN_POINT('',(149.75,5.386751345948,5.));
#3625=CARTESIAN_POINT('',(150.25,4.665063509461,6.25));
#3626=CARTESIAN_POINT('',(150.75,3.943375672974,7.5));
#3627=CARTESIAN_POINT('',(151.25,2.5,7.5));
#3628=CARTESIAN_POINT('',(151.75,1.056624327026,7.5));
#3629=CARTESIAN_POINT('',(152.25,0.334936490539,6.25));
#3630=CARTESIAN_POINT('',(152.75,-0.386751345948,5.));
#3631=CARTESIAN_POINT('',(153.25,0.334936490539,3.75));
#3632=CARTESIAN_POINT('',(153.75,1.056624327026,2.5));
#3633=CARTESIAN_POINT('',(154.25,2.5,2.5));
#3634=CARTESIAN_POINT('',(154.75,3.943375672974,2.5));
#3635=CARTESIAN_POINT('',(155.25,4.665063509461,3.75));
#3636=CARTESIAN_POINT('',(155.75,5.386751345948,5.));
#3637=CARTESIAN_POINT('',(156.25,4.665063509461,6.25));
#3638=CARTESIAN_POINT('',(156.75,3.943375672974,7.5));
#3639=CARTESIAN_POINT('',(157.25,2.5,7.5));
#3640=CARTESIAN_POINT('',(157.75,1.056624327026,7.5));
#3641=CARTESIAN_POINT('',(158.25,0.334936490539,6.25));
#3642=CARTESIAN_POINT('',(158.75,-0.386751345948,5.));
#3643=CARTESIAN_POINT('',(159.25,0.334936490539,3.75));
#3644=CARTESIAN_POINT('',(159.75,1.056624327026,2.5));
#3645=CARTESIAN_POINT('',(160.25,2.5,2.5));
#3646=CARTESIAN_POINT('',(160.75,3.943375672974,2.5));
#3647=CARTESIAN_POINT('',(161.25,4.665063509461,3.75));
#3648=CARTESIAN_POINT('',(161.75,5.386751345948,5.));
#3649=CARTESIAN_POINT('',(162.25,4.665063509461,6.25));
#3650=CARTESIAN_POINT('',(162.75,3.943375672974,7.5));
#3651=CARTESIAN_POINT('',(163.25,2.5,7.5));
#3652=CARTESIAN_POINT('',(163.75,1.056624327026,7.5));
#3653=CARTESIAN_POINT('',(164.25,0.334936490539,6.25));
#3654=CARTESIAN_POINT('',(164.75,-0.386751345948,5.));
#3655=CARTESIAN_POINT('',(165.25,0.334936490539,3.75));
#3656=CARTESIAN_POINT('',(165.75,1.056624327026,2.5));
#3657=CARTESIAN_POINT('',(166.25,2.5,2.5));
#3658=CARTESIAN_POINT('',(166.75,3.943375672974,2.5));
#3659=CARTESIAN_POINT('',(167.25,4.665063509461,3.75));
#3660=CARTESIAN_POINT('',(167.75,5.386751345948,5.));
#3661=CARTESIAN_POINT('',(168.25,4.665063509461,6.25));
#3662=CARTESIAN_POINT('',(168.75,3.943375672974,7.5));
#3663=CARTESIAN_POINT('',(169.25,2.5,7.5));
#3664=CARTESIAN_POINT('',(169.75,1.056624327026,7.5));
#3665=CARTESIAN_POINT('',(170.25,0.334936490539,6.25));
#3666=CARTESIAN_POINT('',(170.75,-0.386751345948,5.));
#3667=CARTESIAN_POINT('',(171.25,0.334936490539,3.75));
#3668=CARTESIAN_POINT('',(171.75,1.056624327026,2.5));
#3669=CARTESIAN_POINT('',(172.25,2.5,2.5));
#3670=CARTESIAN_POINT('',(172.75,3.943375672974,2.5));
#3671=CARTESIAN_POINT('',(173.25,4.665063509461,3.75));
#3672=CARTESIAN_POINT('',(173.75,5.386751345948,5.));
#3673=CARTESIAN_POINT('',(174.25,4.665063509461,6.25));
#3674=CARTESIAN_POINT('',(174.75,3.943375672974,7.5));
#3675=CARTESIAN_POINT('',(175.25,2.5,7.5));
#3676=CARTESIAN_POINT('',(175.75,1.056624327026,7.5));
#3677=CARTESIAN_POINT('',(176.25,0.334936490539,6.25));
#3678=CARTESIAN_POINT('',(176.75,-0.386751345948,5.));
#3679=CARTESIAN_POINT('',(177.25,0.334936490539,3.75));
#3680=CARTESIAN_POINT('',(177.75,1.056624327026,2.5));
#3681=CARTESIAN_POINT('',(178.25,2.5,2.5));
#3682=CARTESIAN_POINT('',(178.75,3.943375672974,2.5));
#3683=CARTESIAN_POINT('',(179.25,4.665063509461,3.75));
#3684=CARTESIAN_POINT('',(179.75,5.386751345948,5.));
#3685=CARTESIAN_POINT('',(180.25,4.665063509461,6.25));
#3686=CARTESIAN_POINT('',(180.75,3.943375672974,7.5));
#3687=CARTESIAN_POINT('',(181.25,2.5,7.5));
#3688=CARTESIAN_POINT('',(181.75,1.056624327026,7.5));
#3689=CARTESIAN_POINT('',(182.25,0.334936490539,6.25));
#3690=CARTESIAN_POINT('',(182.75,-0.386751345948,5.));
#3691=CARTESIAN_POINT('',(183.25,0.334936490539,3.75));
#3692=CARTESIAN_POINT('',(183.75,1.056624327026,2.5));
#3693=CARTESIAN_POINT('',(184.25,2.5,2.5));
#3694=CARTESIAN_POINT('',(184.75,3.943375672974,2.5));
#3695=CARTESIAN_POINT('',(185.25,4.665063509461,3.75));
#3696=CARTESIAN_POINT('',(185.75,5.386751345948,5.));
#3697=CARTESIAN_POINT('',(186.25,4.665063509461,6.25));
#3698=CARTESIAN_POINT('',(186.75,3.943375672974,7.5));
#3699=CARTESIAN_POINT('',(187.25,2.5,7.5));
#3700=CARTESIAN_POINT('',(187.75,1.056624327026,7.5));
#3701=CARTESIAN_POINT('',(188.25,0.334936490539,6.25));
#3702=CARTESIAN_POINT('',(188.75,-0.386751345948,5.));
#3703=CARTESIAN_POINT('',(189.25,0.334936490539,3.75));
#3704=CARTESIAN_POINT('',(189.75,1.056624327026,2.5));
#3705=CARTESIAN_POINT('',(190.25,2.5,2.5));
#3706=CARTESIAN_POINT('',(190.75,3.943375672974,2.5));
#3707=CARTESIAN_POINT('',(191.25,4.665063509461,3.75));
#3708=CARTESIAN_POINT('',(191.75,5.386751345948,5.));
#3709=CARTESIAN_POINT('',(192.25,4.665063509461,6.25));
#3710=CARTESIAN_POINT('',(192.75,3.943375672974,7.5));
#3711=CARTESIAN_POINT('',(193.25,2.5,7.5));
#3712=CARTESIAN_POINT('',(193.75,1.056624327026,7.5));
#3713=CARTESIAN_POINT('',(194.25,0.334936490539,6.25));
#3714=CARTESIAN_POINT('',(194.75,-0.386751345948,5.));
#3715=CARTESIAN_POINT('',(195.25,0.334936490539,3.75));
#3716=CARTESIAN_POINT('',(195.75,1.056624327026,2.5));
#3717=CARTESIAN_POINT('',(196.25,2.5,2.5));
#3718=CARTESIAN_POINT('',(196.75,3.943375672974,2.5));
#3719=CARTESIAN_POINT('',(197.25,4.665063509461,3.75));
#3720=CARTESIAN_POINT('',(197.75,5.386751345948,5.));
#3721=CARTESIAN_POINT('',(198.25,4.665063509461,6.25));
#3722=CARTESIAN_POINT('',(198.75,3.943375672974,7.5));
#3723=CARTESIAN_POINT('',(199.25,2.5,7.5));
#3724=CARTESIAN_POINT('',(199.75,1.056624327026,7.5));
#3725=CARTESIAN_POINT('',(200.25,0.334936490539,6.25));
#3726=CARTESIAN_POINT('',(200.75,-0.386751345948,5.));
#3727=CARTESIAN_POINT('',(201.25,0.334936490539,3.75));
#3728=CARTESIAN_POINT('',(201.75,1.056624327026,2.5));
#3729=CARTESIAN_POINT('',(202.25,2.5,2.5));
#3730=CARTESIAN_POINT('',(202.75,3.943375672974,2.5));
#3731=CARTESIAN_POINT('',(203.25,4.665063509461,3.75));
#3732=CARTESIAN_POINT('',(203.75,5.386751345948,5.));
#3733=CARTESIAN_POINT('',(204.25,4.665063509461,6.25));
#3734=CARTESIAN_POINT('',(204.75,3.943375672974,7.5));
#3735=CARTESIAN_POINT('',(205.25,2.5,7.5));
#3736=CARTESIAN_POINT('',(205.75,1.056624327026,7.5));
#3737=CARTESIAN_POINT('',(206.25,0.334936490539,6.25));
#3738=CARTESIAN_POINT('',(206.75,-0.386751345948,5.));
#3739=CARTESIAN_POINT('',(207.25,0.334936490539,3.75));
#3740=CARTESIAN_POINT('',(207.75,1.056624327026,2.5));
#3741=CARTESIAN_POINT('',(208.25,2.5,2.5));
#3742=CARTESIAN_POINT('',(208.75,3.943375672974,2.5));
#3743=CARTESIAN_POINT('',(209.25,4.665063509461,3.75));
#3744=CARTESIAN_POINT('',(209.75,5.386751345948,5.));
#3745=CARTESIAN_POINT('',(210.25,4.665063509461,6.25));
#3746=CARTESIAN_POINT('',(210.75,3.943375672974,7.5));
#3747=CARTESIAN_POINT('',(211.25,2.5,7.5));
#3748=CARTESIAN_POINT('',(211.75,1.056624327026,7.5));
#3749=CARTESIAN_POINT('',(212.25,0.334936490539,6.25));
#3750=CARTESIAN_POINT('',(212.75,-0.386751345948,5.));
#3751=CARTESIAN_POINT('',(213.25,0.334936490539,3.75));
#3752=CARTESIAN_POINT('',(213.75,1.056624327026,2.5));
#3753=CARTESIAN_POINT('',(214.25,2.5,2.5));
#3754=CARTESIAN_POINT('',(214.75,3.943375672974,2.5));
#3755=CARTESIAN_POINT('',(215.25,4.665063509461,3.75));
#3756=CARTESIAN_POINT('',(215.75,5.386751345948,5.));
#3757=CARTESIAN_POINT('',(216.25,4.665063509461,6.25));
#3758=CARTESIAN_POINT('',(216.75,3.943375672974,7.5));
#3759=CARTESIAN_POINT('',(217.25,2.5,7.5));
#3760=CARTESIAN_POINT('',(217.75,1.056624327026,7.5));
#3761=CARTESIAN_POINT('',(218.25,0.334936490539,6.25));
#3762=CARTESIAN_POINT('',(218.75,-0.386751345948,5.));
#3763=CARTESIAN_POINT('',(219.25,0.334936490539,3.75));
#3764=CARTESIAN_POINT('',(219.75,1.056624327026,2.5));
#3765=CARTESIAN_POINT('',(220.25,2.5,2.5));
#3766=CARTESIAN_POINT('',(220.75,3.943375672974,2.5));
#3767=CARTESIAN_POINT('',(221.25,4.665063509461,3.75));
#3768=CARTESIAN_POINT('',(221.75,5.386751345948,5.));
#3769=CARTESIAN_POINT('',(222.25,4.665063509461,6.25));
#3770=CARTESIAN_POINT('',(222.75,3.943375672974,7.5));
#3771=CARTESIAN_POINT('',(223.25,2.5,7.5));
#3772=CARTESIAN_POINT('',(223.75,1.056624327026,7.5));
#3773=CARTESIAN_POINT('',(224.25,0.334936490539,6.25));
#3774=CARTESIAN_POINT('',(224.75,-0.386751345948,5.));
#3775=CARTESIAN_POINT('',(225.25,0.334936490539,3.75));
#3776=CARTESIAN_POINT('',(225.75,1.056624327026,2.5));
#3777=CARTESIAN_POINT('',(226.25,2.5,2.5));
#3778=CARTESIAN_POINT('',(226.75,3.943375672974,2.5));
#3779=CARTESIAN_POINT('',(227.25,4.665063509461,3.75));
#3780=CARTESIAN_POINT('',(227.75,5.386751345948,5.));
#3781=CARTESIAN_POINT('',(228.25,4.665063509461,6.25));
#3782=CARTESIAN_POINT('',(228.75,3.943375672974,7.5));
#3783=CARTESIAN_POINT('',(229.25,2.5,7.5));
#3784=CARTESIAN_POINT('',(229.75,1.056624327026,7.5));
#3785=CARTESIAN_POINT('',(230.25,0.334936490539,6.25));
#3786=CARTESIAN_POINT('',(230.75,-0.386751345948,5.));
#3787=CARTESIAN_POINT('',(231.25,0.334936490539,3.75));
#3788=CARTESIAN_POINT('',(231.75,1.056624327026,2.5));
#3789=CARTESIAN_POINT('',(232.25,2.5,2.5));
#3790=CARTESIAN_POINT('',(34.25,2.5,0.));
#3791=CARTESIAN_POINT('',(34.75,5.386751345948,0.));
#3792=CARTESIAN_POINT('',(35.25,6.830127018922,2.5));
#3793=CARTESIAN_POINT('',(35.75,8.273502691896,5.));
#3794=CARTESIAN_POINT('',(36.25,6.830127018922,7.5));
#3795=CARTESIAN_POINT('',(36.75,5.386751345948,10.));
#3796=CARTESIAN_POINT('',(37.25,2.5,10.));
#3797=CARTESIAN_POINT('',(37.75,-0.386751345948,10.));
#3798=CARTESIAN_POINT('',(38.25,-1.830127018922,7.5));
#3799=CARTESIAN_POINT('',(38.75,-3.273502691896,5.));
#3800=CARTESIAN_POINT('',(39.25,-1.830127018922,2.5));
#3801=CARTESIAN_POINT('',(39.75,-0.386751345948,0.));
#3802=CARTESIAN_POINT('',(40.25,2.5,0.));
#3803=CARTESIAN_POINT('',(40.75,5.386751345948,0.));
#3804=CARTESIAN_POINT('',(41.25,6.830127018922,2.5));
#3805=CARTESIAN_POINT('',(41.75,8.273502691896,5.));
#3806=CARTESIAN_POINT('',(42.25,6.830127018922,7.5));
#3807=CARTESIAN_POINT('',(42.75,5.386751345948,10.));
#3808=CARTESIAN_POINT('',(43.25,2.5,10.));
#3809=CARTESIAN_POINT('',(43.75,-0.386751345948,10.));
#3810=CARTESIAN_POINT('',(44.25,-1.830127018922,7.5));
#3811=CARTESIAN_POINT('',(44.75,-3.273502691896,5.));
#3812=CARTESIAN_POINT('',(45.25,-1.830127018922,2.5));
#3813=CARTESIAN_POINT('',(45.75,-0.386751345948,0.));
#3814=CARTESIAN_POINT('',(46.25,2.5,0.));
#3815=CARTESIAN_POINT('',(46.75,5.386751345948,0.));
#3816=CARTESIAN_POINT('',(47.25,6.830127018922,2.5));
#3817=CARTESIAN_POINT('',(47.75,8.273502691896,5.));
#3818=CARTESIAN_POINT('',(48.25,6.830127018922,7.5));
#3819=CARTESIAN_POINT('',(48.75,5.386751345948,10.));
#3820=CARTESIAN_POINT('',(49.25,2.5,10.));
#3821=CARTESIAN_POINT('',(49.75,-0.386751345948,10.));
#3822=CARTESIAN_POINT('',(50.25,-1.830127018922,7.5));
#3823=CARTESIAN_POINT('',(50.75,-3.273502691896,5.));
#3824=CARTESIAN_POINT('',(51.25,-1.830127018922,2.5));
#3825=CARTESIAN_POINT('',(51.75,-0.386751345948,0.));
#3826=CARTESIAN_POINT('',(52.25,2.5,0.));
#3827=CARTESIAN_POINT('',(52.75,5.386751345948,0.));
#3828=CARTESIAN_POINT('',(53.25,6.830127018922,2.5));
#3829=CARTESIAN_POINT('',(53.75,8.273502691896,5.));
#3830=CARTESIAN_POINT('',(54.25,6.830127018922,7.5));
#3831=CARTESIAN_POINT('',(54.75,5.386751345948,10.));
#3832=CARTESIAN_POINT('',(55.25,2.5,10.));
#3833=CARTESIAN_POINT('',(55.75,-0.386751345948,10.));
#3834=CARTESIAN_POINT('',(56.25,-1.830127018922,7.5));
#3835=CARTESIAN_POINT('',(56.75,-3.273502691896,5.));
#3836=CARTESIAN_POINT('',(57.25,-1.830127018922,2.5));
#3837=CARTESIAN_POINT('',(57.75,-0.386751345948,0.));
#3838=CARTESIAN_POINT('',(58.25,2.5,0.));
#3839=CARTESIAN_POINT('',(58.75,5.386751345948,0.));
#3840=CARTESIAN_POINT('',(59.25,6.830127018922,2.5));
#3841=CARTESIAN_POINT('',(59.75,8.273502691896,5.));
#3842=CARTESIAN_POINT('',(60.25,6.830127018922,7.5));
#3843=CARTESIAN_POINT('',(60.75,5.386751345948,10.));
#3844=CARTESIAN_POINT('',(61.25,2.5,10.));
#3845=CARTESIAN_POINT('',(61.75,-0.386751345948,10.));
#3846=CARTESIAN_POINT('',(62.25,-1.830127018922,7.5));
#3847=CARTESIAN_POINT('',(62.75,-3.273502691896,5.));
#3848=CARTESIAN_POINT('',(63.25,-1.830127018922,2.5));
#3849=CARTESIAN_POINT('',(63.75,-0.386751345948,0.));
#3850=CARTESIAN_POINT('',(64.25,2.5,0.));
#3851=CARTESIAN_POINT('',(64.75,5.386751345948,0.));
#3852=CARTESIAN_POINT('',(65.25,6.830127018922,2.5));
#3853=CARTESIAN_POINT('',(65.75,8.273502691896,5.));
#3854=CARTESIAN_POINT('',(66.25,6.830127018922,7.5));
#3855=CARTESIAN_POINT('',(66.75,5.386751345948,10.));
#3856=CARTESIAN_POINT('',(67.25,2.5,10.));
#3857=CARTESIAN_POINT('',(67.75,-0.386751345948,10.));
#3858=CARTESIAN_POINT('',(68.25,-1.830127018922,7.5));
#3859=CARTESIAN_POINT('',(68.75,-3.273502691896,5.));
#3860=CARTESIAN_POINT('',(69.25,-1.830127018922,2.5));
#3861=CARTESIAN_POINT('',(69.75,-0.386751345948,0.));
#3862=CARTESIAN_POINT('',(70.25,2.5,0.));
#3863=CARTESIAN_POINT('',(70.75,5.386751345948,0.));
#3864=CARTESIAN_POINT('',(71.25,6.830127018922,2.5));
#3865=CARTESIAN_POINT('',(71.75,8.273502691896,5.));
#3866=CARTESIAN_POINT('',(72.25,6.830127018922,7.5));
#3867=CARTESIAN_POINT('',(72.75,5.386751345948,10.));
#3868=CARTESIAN_POINT('',(73.25,2.5,10.));
#3869=CARTESIAN_POINT('',(73.75,-0.386751345948,10.));
#3870=CARTESIAN_POINT('',(74.25,-1.830127018922,7.5));
#3871=CARTESIAN_POINT('',(74.75,-3.273502691896,5.));
#3872=CARTESIAN_POINT('',(75.25,-1.830127018922,2.5));
#3873=CARTESIAN_POINT('',(75.75,-0.386751345948,0.));
#3874=CARTESIAN_POINT('',(76.25,2.5,0.));
#3875=CARTESIAN_POINT('',(76.75,5.386751345948,0.));
#3876=CARTESIAN_POINT('',(77.25,6.830127018922,2.5));
#3877=CARTESIAN_POINT('',(77.75,8.273502691896,5.));
#3878=CARTESIAN_POINT('',(78.25,6.830127018922,7.5));
#3879=CARTESIAN_POINT('',(78.75,5.386751345948,10.));
#3880=CARTESIAN_POINT('',(79.25,2.5,10.));
#3881=CARTESIAN_POINT('',(79.75,-0.386751345948,10.));
#3882=CARTESIAN_POINT('',(80.25,-1.830127018922,7.5));
#3883=CARTESIAN_POINT('',(80.75,-3.273502691896,5.));
#3884=CARTESIAN_POINT('',(81.25,-1.830127018922,2.5));
#3885=CARTESIAN_POINT('',(81.75,-0.386751345948,0.));
#3886=CARTESIAN_POINT('',(82.25,2.5,0.));
#3887=CARTESIAN_POINT('',(82.75,5.386751345948,0.));
#3888=CARTESIAN_POINT('',(83.25,6.830127018922,2.5));
#3889=CARTESIAN_POINT('',(83.75,8.273502691896,5.));
#3890=CARTESIAN_POINT('',(84.25,6.830127018922,7.5));
#3891=CARTESIAN_POINT('',(84.75,5.386751345948,10.));
#3892=CARTESIAN_POINT('',(85.25,2.5,10.));
#3893=CARTESIAN_POINT('',(85.75,-0.386751345948,10.));
#3894=CARTESIAN_POINT('',(86.25,-1.830127018922,7.5));
#3895=CARTESIAN_POINT('',(86.75,-3.273502691896,5.));
#3896=CARTESIAN_POINT('',(87.25,-1.830127018922,2.5));
#3897=CARTESIAN_POINT('',(87.75,-0.386751345948,0.));
#3898=CARTESIAN_POINT('',(88.25,2.5,0.));
#3899=CARTESIAN_POINT('',(88.75,5.386751345948,0.));
#3900=CARTESIAN_POINT('',(89.25,6.830127018922,2.5));
#3901=CARTESIAN_POINT('',(89.75,8.273502691896,5.));
#3902=CARTESIAN_POINT('',(90.25,6.830127018922,7.5));
#3903=CARTESIAN_POINT('',(90.75,5.386751345948,10.));
#3904=CARTESIAN_POINT('',(91.25,2.5,10.));
#3905=CARTESIAN_POINT('',(91.75,-0.386751345948,10.));
#3906=CARTESIAN_POINT('',(92.25,-1.830127018922,7.5));
#3907=CARTESIAN_POINT('',(92.75,-3.273502691896,5.));
#3908=CARTESIAN_POINT('',(93.25,-1.830127018922,2.5));
#3909=CARTESIAN_POINT('',(93.75,-0.386751345948,0.));
#3910=CARTESIAN_POINT('',(94.25,2.5,0.));
#3911=CARTESIAN_POINT('',(94.75,5.386751345948,0.));
#3912=CARTESIAN_POINT('',(95.25,6.830127018922,2.5));
#3913=CARTESIAN_POINT('',(95.75,8.273502691896,5.));
#3914=CARTESIAN_POINT('',(96.25,6.830127018922,7.5));
#3915=CARTESIAN_POINT('',(96.75,5.386751345948,10.));
#3916=CARTESIAN_POINT('',(97.25,2.5,10.));
#3917=CARTESIAN_POINT('',(97.75,-0.386751345948,10.));
#3918=CARTESIAN_POINT('',(98.25,-1.830127018922,7.5));
#3919=CARTESIAN_POINT('',(98.75,-3.273502691896,5.));
#3920=CARTESIAN_POINT('',(99.25,-1.830127018922,2.5));
#3921=CARTESIAN_POINT('',(99.75,-0.386751345948,0.));
#3922=CARTESIAN_POINT('',(100.25,2.5,0.));
#3923=CARTESIAN_POINT('',(100.75,5.386751345948,0.));
#3924=CARTESIAN_POINT('',(101.25,6.830127018922,2.5));
#3925=CARTESIAN_POINT('',(101.75,8.273502691896,5.));
#3926=CARTESIAN_POINT('',(102.25,6.830127018922,7.5));
#3927=CARTESIAN_POINT('',(102.75,5.386751345948,10.));
#3928=CARTESIAN_POINT('',(103.25,2.5,10.));
#3929=CARTESIAN_POINT('',(103.75,-0.386751345948,10.));
#3930=CARTESIAN_POINT('',(104.25,-1.830127018922,7.5));
#3931=CARTESIAN_POINT('',(104.75,-3.273502691896,5.));
#3932=CARTESIAN_POINT('',(105.25,-1.830127018922,2.5));
#3933=CARTESIAN_POINT('',(105.75,-0.386751345948,0.));
#3934=CARTESIAN_POINT('',(106.25,2.5,0.));
#3935=CARTESIAN_POINT('',(106.75,5.386751345948,0.));
#3936=CARTESIAN_POINT('',(107.25,6.830127018922,2.5));
#3937=CARTESIAN_POINT('',(107.75,8.273502691896,5.));
#3938=CARTESIAN_POINT('',(108.25,6.830127018922,7.5));
#3939=CARTESIAN_POINT('',(108.75,5.386751345948,10.));
#3940=CARTESIAN_POINT('',(109.25,2.5,10.));
#3941=CARTESIAN_POINT('',(109.75,-0.386751345948,10.));
#3942=CARTESIAN_POINT('',(110.25,-1.830127018922,7.5));
#3943=CARTESIAN_POINT('',(110.75,-3.273502691896,5.));
#3944=CARTESIAN_POINT('',(111.25,-1.830127018922,2.5));
#3945=CARTESIAN_POINT('',(111.75,-0.386751345948,0.));
#3946=CARTESIAN_POINT('',(112.25,2.5,0.));
#3947=CARTESIAN_POINT('',(112.75,5.386751345948,0.));
#3948=CARTESIAN_POINT('',(113.25,6.830127018922,2.5));
#3949=CARTESIAN_POINT('',(113.75,8.273502691896,5.));
#3950=CARTESIAN_POINT('',(114.25,6.830127018922,7.5));
#3951=CARTESIAN_POINT('',(114.75,5.386751345948,10.));
#3952=CARTESIAN_POINT('',(115.25,2.5,10.));
#3953=CARTESIAN_POINT('',(115.75,-0.386751345948,10.));
#3954=CARTESIAN_POINT('',(116.25,-1.830127018922,7.5));
#3955=CARTESIAN_POINT('',(116.75,-3.273502691896,5.));
#3956=CARTESIAN_POINT('',(117.25,-1.830127018922,2.5));
#3957=CARTESIAN_POINT('',(117.75,-0.386751345948,0.));
#3958=CARTESIAN_POINT('',(118.25,2.5,0.));
#3959=CARTESIAN_POINT('',(118.75,5.386751345948,0.));
#3960=CARTESIAN_POINT('',(119.25,6.830127018922,2.5));
#3961=CARTESIAN_POINT('',(119.75,8.273502691896,5.));
#3962=CARTESIAN_POINT('',(120.25,6.830127018922,7.5));
#3963=CARTESIAN_POINT('',(120.75,5.386751345948,10.));
#3964=CARTESIAN_POINT('',(121.25,2.5,10.));
#3965=CARTESIAN_POINT('',(121.75,-0.386751345948,10.));
#3966=CARTESIAN_POINT('',(122.25,-1.830127018922,7.5));
#3967=CARTESIAN_POINT('',(122.75,-3.273502691896,5.));
#3968=CARTESIAN_POINT('',(123.25,-1.830127018922,2.5));
#3969=CARTESIAN_POINT('',(123.75,-0.386751345948,0.));
#3970=CARTESIAN_POINT('',(124.25,2.5,0.));
#3971=CARTESIAN_POINT('',(124.75,5.386751345948,0.));
#3972=CARTESIAN_POINT('',(125.25,6.830127018922,2.5));
#3973=CARTESIAN_POINT('',(125.75,8.273502691896,5.));
#3974=CARTESIAN_POINT('',(126.25,6.830127018922,7.5));
#3975=CARTESIAN_POINT('',(126.75,5.386751345948,10.));
#3976=CARTESIAN_POINT('',(127.25,2.5,10.));
#3977=CARTESIAN_POINT('',(127.75,-0.386751345948,10.));
#3978=CARTESIAN_POINT('',(128.25,-1.830127018922,7.5));
#3979=CARTESIAN_POINT('',(128.75,-3.273502691896,5.));
#3980=CARTESIAN_POINT('',(129.25,-1.830127018922,2.5));
#3981=CARTESIAN_POINT('',(129.75,-0.386751345948,0.));
#3982=CARTESIAN_POINT('',(130.25,2.5,0.));
#3983=CARTESIAN_POINT('',(130.75,5.386751345948,0.));
#3984=CARTESIAN_POINT('',(131.25,6.830127018922,2.5));
#3985=CARTESIAN_POINT('',(131.75,8.273502691896,5.));
#3986=CARTESIAN_POINT('',(132.25,6.830127018922,7.5));
#3987=CARTESIAN_POINT('',(132.75,5.386751345948,10.));
#3988=CARTESIAN_POINT('',(133.25,2.5,10.));
#3989=CARTESIAN_POINT('',(133.75,-0.386751345948,10.));
#3990=CARTESIAN_POINT('',(134.25,-1.830127018922,7.5));
#3991=CARTESIAN_POINT('',(134.75,-3.273502691896,5.));
#3992=CARTESIAN_POINT('',(135.25,-1.830127018922,2.5));
#3993=CARTESIAN_POINT('',(135.75,-0.386751345948,0.));
#3994=CARTESIAN_POINT('',(136.25,2.5,0.));
#3995=CARTESIAN_POINT('',(136.75,5.386751345948,0.));
#3996=CARTESIAN_POINT('',(137.25,6.830127018922,2.5));
#3997=CARTESIAN_POINT('',(137.75,8.273502691896,5.));
#3998=CARTESIAN_POINT('',(138.25,6.830127018922,7.5));
#3999=CARTESIAN_POINT('',(138.75,5.386751345948,10.));
#4000=CARTESIAN_POINT('',(139.25,2.5,10.));
#4001=CARTESIAN_POINT('',(139.75,-0.386751345948,10.));
#4002=CARTESIAN_POINT('',(140.25,-1.830127018922,7.5));
#4003=CARTESIAN_POINT('',(140.75,-3.273502691896,5.));
#4004=CARTESIAN_POINT('',(141.25,-1.830127018922,2.5));
#4005=CARTESIAN_POINT('',(141.75,-0.386751345948,0.));
#4006=CARTESIAN_POINT('',(142.25,2.5,0.));
#4007=CARTESIAN_POINT('',(142.75,5.386751345948,0.));
#4008=CARTESIAN_POINT('',(143.25,6.830127018922,2.5));
#4009=CARTESIAN_POINT('',(143.75,8.273502691896,5.));
#4010=CARTESIAN_POINT('',(144.25,6.830127018922,7.5));
#4011=CARTESIAN_POINT('',(144.75,5.386751345948,10.));
#4012=CARTESIAN_POINT('',(145.25,2.5,10.));
#4013=CARTESIAN_POINT('',(145.75,-0.386751345948,10.));
#4014=CARTESIAN_POINT('',(146.25,-1.830127018922,7.5));
#4015=CARTESIAN_POINT('',(146.75,-3.273502691896,5.));
#4016=CARTESIAN_POINT('',(147.25,-1.830127018922,2.5));
#4017=CARTESIAN_POINT('',(147.75,-0.386751345948,0.));
#4018=CARTESIAN_POINT('',(148.25,2.5,0.));
#4019=CARTESIAN_POINT('',(148.75,5.386751345948,0.));
#4020=CARTESIAN_POINT('',(149.25,6.830127018922,2.5));
#4021=CARTESIAN_POINT('',(149.75,8.273502691896,5.));
#4022=CARTESIAN_POINT('',(150.25,6.830127018922,7.5));
#4023=CARTESIAN_POINT('',(150.75,5.386751345948,10.));
#4024=CARTESIAN_POINT('',(151.25,2.5,10.));
#4025=CARTESIAN_POINT('',(151.75,-0.386751345948,10.));
#4026=CARTESIAN_POINT('',(152.25,-1.830127018922,7.5));
#4027=CARTESIAN_POINT('',(152.75,-3.273502691896,5.));
#4028=CARTESIAN_POINT('',(153.25,-1.830127018922,2.5));
#4029=CARTESIAN_POINT('',(153.75,-0.386751345948,0.));
#4030=CARTESIAN_POINT('',(154.25,2.5,0.));
#4031=CARTESIAN_POINT('',(154.75,5.386751345948,0.));
#4032=CARTESIAN_POINT('',(155.25,6.830127018922,2.5));
#4033=CARTESIAN_POINT('',(155.75,8.273502691896,5.));
#4034=CARTESIAN_POINT('',(156.25,6.830127018922,7.5));
#4035=CARTESIAN_POINT('',(156.75,5.386751345948,10.));
#4036=CARTESIAN_POINT('',(157.25,2.5,10.));
#4037=CARTESIAN_POINT('',(157.75,-0.386751345948,10.));
#4038=CARTESIAN_POINT('',(158.25,-1.830127018922,7.5));
#4039=CARTESIAN_POINT('',(158.75,-3.273502691896,5.));
#4040=CARTESIAN_POINT('',(159.25,-1.830127018922,2.5));
#4041=CARTESIAN_POINT('',(159.75,-0.386751345948,0.));
#4042=CARTESIAN_POINT('',(160.25,2.5,0.));
#4043=CARTESIAN_POINT('',(160.75,5.386751345948,0.));
#4044=CARTESIAN_POINT('',(161.25,6.830127018922,2.5));
#4045=CARTESIAN_POINT('',(161.75,8.273502691896,5.));
#4046=CARTESIAN_POINT('',(162.25,6.830127018922,7.5));
#4047=CARTESIAN_POINT('',(162.75,5.386751345948,10.));
#4048=CARTESIAN_POINT('',(163.25,2.5,10.));
#4049=CARTESIAN_POINT('',(163.75,-0.386751345948,10.));
#4050=CARTESIAN_POINT('',(164.25,-1.830127018922,7.5));
#4051=CARTESIAN_POINT('',(164.75,-3.273502691896,5.));
#4052=CARTESIAN_POINT('',(165.25,-1.830127018922,2.5));
#4053=CARTESIAN_POINT('',(165.75,-0.386751345948,0.));
#4054=CARTESIAN_POINT('',(166.25,2.5,0.));
#4055=CARTESIAN_POINT('',(166.75,5.386751345948,0.));
#4056=CARTESIAN_POINT('',(167.25,6.830127018922,2.5));
#4057=CARTESIAN_POINT('',(167.75,8.273502691896,5.));
#4058=CARTESIAN_POINT('',(168.25,6.830127018922,7.5));
#4059=CARTESIAN_POINT('',(168.75,5.386751345948,10.));
#4060=CARTESIAN_POINT('',(169.25,2.5,10.));
#4061=CARTESIAN_POINT('',(169.75,-0.386751345948,10.));
#4062=CARTESIAN_POINT('',(170.25,-1.830127018922,7.5));
#4063=CARTESIAN_POINT('',(170.75,-3.273502691896,5.));
#4064=CARTESIAN_POINT('',(171.25,-1.830127018922,2.5));
#4065=CARTESIAN_POINT('',(171.75,-0.386751345948,0.));
#4066=CARTESIAN_POINT('',(172.25,2.5,0.));
#4067=CARTESIAN_POINT('',(172.75,5.386751345948,0.));
#4068=CARTESIAN_POINT('',(173.25,6.830127018922,2.5));
#4069=CARTESIAN_POINT('',(173.75,8.273502691896,5.));
#4070=CARTESIAN_POINT('',(174.25,6.830127018922,7.5));
#4071=CARTESIAN_POINT('',(174.75,5.386751345948,10.));
#4072=CARTESIAN_POINT('',(175.25,2.5,10.));
#4073=CARTESIAN_POINT('',(175.75,-0.386751345948,10.));
#4074=CARTESIAN_POINT('',(176.25,-1.830127018922,7.5));
#4075=CARTESIAN_POINT('',(176.75,-3.273502691896,5.));
#4076=CARTESIAN_POINT('',(177.25,-1.830127018922,2.5));
#4077=CARTESIAN_POINT('',(177.75,-0.386751345948,0.));
#4078=CARTESIAN_POINT('',(178.25,2.5,0.));
#4079=CARTESIAN_POINT('',(178.75,5.386751345948,0.));
#4080=CARTESIAN_POINT('',(179.25,6.830127018922,2.5));
#4081=CARTESIAN_POINT('',(179.75,8.273502691896,5.));
#4082=CARTESIAN_POINT('',(180.25,6.830127018922,7.5));
#4083=CARTESIAN_POINT('',(180.75,5.386751345948,10.));
#4084=CARTESIAN_POINT('',(181.25,2.5,10.));
#4085=CARTESIAN_POINT('',(181.75,-0.386751345948,10.));
#4086=CARTESIAN_POINT('',(182.25,-1.830127018922,7.5));
#4087=CARTESIAN_POINT('',(182.75,-3.273502691896,5.));
#4088=CARTESIAN_POINT('',(183.25,-1.830127018922,2.5));
#4089=CARTESIAN_POINT('',(183.75,-0.386751345948,0.));
#4090=CARTESIAN_POINT('',(184.25,2.5,0.));
#4091=CARTESIAN_POINT('',(184.75,5.386751345948,0.));
#4092=CARTESIAN_POINT('',(185.25,6.830127018922,2.5));
#4093=CARTESIAN_POINT('',(185.75,8.273502691896,5.));
#4094=CARTESIAN_POINT('',(186.25,6.830127018922,7.5));
#4095=CARTESIAN_POINT('',(186.75,5.386751345948,10.));
#4096=CARTESIAN_POINT('',(187.25,2.5,10.));
#4097=CARTESIAN_POINT('',(187.75,-0.386751345948,10.));
#4098=CARTESIAN_POINT('',(188.25,-1.830127018922,7.5));
#4099=CARTESIAN_POINT('',(188.75,-3.273502691896,5.));
#4100=CARTESIAN_POINT('',(189.25,-1.830127018922,2.5));
#4101=CARTESIAN_POINT('',(189.75,-0.386751345948,0.));
#4102=CARTESIAN_POINT('',(190.25,2.5,0.));
#4103=CARTESIAN_POINT('',(190.75,5.386751345948,0.));
#4104=CARTESIAN_POINT('',(191.25,6.830127018922,2.5));
#4105=CARTESIAN_POINT('',(191.75,8.273502691896,5.));
#4106=CARTESIAN_POINT('',(192.25,6.830127018922,7.5));
#4107=CARTESIAN_POINT('',(192.75,5.386751345948,10.));
#4108=CARTESIAN_POINT('',(193.25,2.5,10.));
#4109=CARTESIAN_POINT('',(193.75,-0.386751345948,10.));
#4110=CARTESIAN_POINT('',(194.25,-1.830127018922,7.5));
#4111=CARTESIAN_POINT('',(194.75,-3.273502691896,5.));
#4112=CARTESIAN_POINT('',(195.25,-1.830127018922,2.5));
#4113=CARTESIAN_POINT('',(195.75,-0.386751345948,0.));
#4114=CARTESIAN_POINT('',(196.25,2.5,0.));
#4115=CARTESIAN_POINT('',(196.75,5.386751345948,0.));
#4116=CARTESIAN_POINT('',(197.25,6.830127018922,2.5));
#4117=CARTESIAN_POINT('',(197.75,8.273502691896,5.));
#4118=CARTESIAN_POINT('',(198.25,6.830127018922,7.5));
#4119=CARTESIAN_POINT('',(198.75,5.386751345948,10.));
#4120=CARTESIAN_POINT('',(199.25,2.5,10.));
#4121=CARTESIAN_POINT('',(199.75,-0.386751345948,10.));
#4122=CARTESIAN_POINT('',(200.25,-1.830127018922,7.5));
#4123=CARTESIAN_POINT('',(200.75,-3.273502691896,5.));
#4124=CARTESIAN_POINT('',(201.25,-1.830127018922,2.5));
#4125=CARTESIAN_POINT('',(201.75,-0.386751345948,0.));
#4126=CARTESIAN_POINT('',(202.25,2.5,0.));
#4127=CARTESIAN_POINT('',(202.75,5.386751345948,0.));
#4128=CARTESIAN_POINT('',(203.25,6.830127018922,2.5));
#4129=CARTESIAN_POINT('',(203.75,8.273502691896,5.));
#4130=CARTESIAN_POINT('',(204.25,6.830127018922,7.5));
#4131=CARTESIAN_POINT('',(204.75,5.386751345948,10.));
#4132=CARTESIAN_POINT('',(205.25,2.5,10.));
#4133=CARTESIAN_POINT('',(205.75,-0.386751345948,10.));
#4134=CARTESIAN_POINT('',(206.25,-1.830127018922,7.5));
#4135=CARTESIAN_POINT('',(206.75,-3.273502691896,5.));
#4136=CARTESIAN_POINT('',(207.25,-1.830127018922,2.5));
#4137=CARTESIAN_POINT('',(207.75,-0.386751345948,0.));
#4138=CARTESIAN_POINT('',(208.25,2.5,0.));
#4139=CARTESIAN_POINT('',(208.75,5.386751345948,0.));
#4140=CARTESIAN_POINT('',(209.25,6.830127018922,2.5));
#4141=CARTESIAN_POINT('',(209.75,8.273502691896,5.));
#4142=CARTESIAN_POINT('',(210.25,6.830127018922,7.5));
#4143=CARTESIAN_POINT('',(210.75,5.386751345948,10.));
#4144=CARTESIAN_POINT('',(211.25,2.5,10.));
#4145=CARTESIAN_POINT('',(211.75,-0.386751345948,10.));
#4146=CARTESIAN_POINT('',(212.25,-1.830127018922,7.5));
#4147=CARTESIAN_POINT('',(212.75,-3.273502691896,5.));
#4148=CARTESIAN_POINT('',(213.25,-1.830127018922,2.5));
#4149=CARTESIAN_POINT('',(213.75,-0.386751345948,0.));
#4150=CARTESIAN_POINT('',(214.25,2.5,0.));
#4151=CARTESIAN_POINT('',(214.75,5.386751345948,0.));
#4152=CARTESIAN_POINT('',(215.25,6.830127018922,2.5));
#4153=CARTESIAN_POINT('',(215.75,8.273502691896,5.));
#4154=CARTESIAN_POINT('',(216.25,6.830127018922,7.5));
#4155=CARTESIAN_POINT('',(216.75,5.386751345948,10.));
#4156=CARTESIAN_POINT('',(217.25,2.5,10.));
#4157=CARTESIAN_POINT('',(217.75,-0.386751345948,10.));
#4158=CARTESIAN_POINT('',(218.25,-1.830127018922,7.5));
#4159=CARTESIAN_POINT('',(218.75,-3.273502691896,5.));
#4160=CARTESIAN_POINT('',(219.25,-1.830127018922,2.5));
#4161=CARTESIAN_POINT('',(219.75,-0.386751345948,0.));
#4162=CARTESIAN_POINT('',(220.25,2.5,0.));
#4163=CARTESIAN_POINT('',(220.75,5.386751345948,0.));
#4164=CARTESIAN_POINT('',(221.25,6.830127018922,2.5));
#4165=CARTESIAN_POINT('',(221.75,8.273502691896,5.));
#4166=CARTESIAN_POINT('',(222.25,6.830127018922,7.5));
#4167=CARTESIAN_POINT('',(222.75,5.386751345948,10.));
#4168=CARTESIAN_POINT('',(223.25,2.5,10.));
#4169=CARTESIAN_POINT('',(223.75,-0.386751345948,10.));
#4170=CARTESIAN_POINT('',(224.25,-1.830127018922,7.5));
#4171=CARTESIAN_POINT('',(224.75,-3.273502691896,5.));
#4172=CARTESIAN_POINT('',(225.25,-1.830127018922,2.5));
#4173=CARTESIAN_POINT('',(225.75,-0.386751345948,0.));
#4174=CARTESIAN_POINT('',(226.25,2.5,0.));
#4175=CARTESIAN_POINT('',(226.75,5.386751345948,0.));
#4176=CARTESIAN_POINT('',(227.25,6.830127018922,2.5));
#4177=CARTESIAN_POINT('',(227.75,8.273502691896,5.));
#4178=CARTESIAN_POINT('',(228.25,6.830127018922,7.5));
#4179=CARTESIAN_POINT('',(228.75,5.386751345948,10.));
#4180=CARTESIAN_POINT('',(229.25,2.5,10.));
#4181=CARTESIAN_POINT('',(229.75,-0.386751345948,10.));
#4182=CARTESIAN_POINT('',(230.25,-1.830127018922,7.5));
#4183=CARTESIAN_POINT('',(230.75,-3.273502691896,5.));
#4184=CARTESIAN_POINT('',(231.25,-1.830127018922,2.5));
#4185=CARTESIAN_POINT('',(231.75,-0.386751345948,0.));
#4186=CARTESIAN_POINT('',(232.25,2.5,0.));
#4187=(BOUNDED_SURFACE()B_SPLINE_SURFACE(3,2,((#1408,#1409,#1410,#1411,#1412,#1413,#1414,#1415,#1416,#1417,#1418,#1419,#1420,#1421,#1422,#1423,#1424,#1425,#1426,#1427,#1428,#1429,#1430,#1431,#1432,#1433,#1434,#1435,#1436,#1437,#1438,#1439,#1440,#1441,#1442,#1443,#1444,#1445,#1446,#1447,#1448,#1449,#1450,#1451,#1452,#1453,#1454,#1455,#1456,#1457,#1458,#1459,#1460,#1461,#1462,#1463,#1464,#1465,#1466,#1467,#1468,#1469,#1470,#1471,#1472,#1473,#1474,#1475,#1476,#1477,#1478,#1479,#1480,#1481,#1482,#1483,#1484,#1485,#1486,#1487,#1488,#1489,#1490,#1491,#1492,#1493,#1494,#1495,#1496,#1497,#1498,#1499,#1500,#1501,#1502,#1503,#1504,#1505,#1506,#1507,#1508,#1509,#1510,#1511,#1512,#1513,#1514,#1515,#1516,#1517,#1518,#1519,#1520,#1521,#1522,#1523,#1524,#1525,#1526,#1527,#1528,#1529,#1530,#1531,#1532,#1533,#1534,#1535,#1536,#1537,#1538,#1539,#1540,#1541,#1542,#1543,#1544,#1545,#1546,#1547,#1548,#1549,#1550,#1551,#1552,#1553,#1554,#1555,#1556,#1557,#1558,#1559,#1560,#1561,#1562,#1563,#1564,#1565,#1566,#1567,#1568,#1569,#1570,#1571,#1572,#1573,#1574,#1575,#1576,#1577,#1578,#1579,#1580,#1581,#1582,#1583,#1584,#1585,#1586,#1587,#1588,#1589,#1590,#1591,#1592,#1593,#1594,#1595,#1596,#1597,#1598,#1599,#1600,#1601,#1602,#1603,#1604,#1605,#1606,#1607,#1608,#1609,#1610,#1611,#1612,#1613,#1614,#1615,#1616,#1617,#1618,#1619,#1620,#1621,#1622,#1623,#1624,#1625,#1626,#1627,#1628,#1629,#1630,#1631,#1632,#1633,#1634,#1635,#1636,#1637,#1638,#1639,#1640,#1641,#1642,#1643,#1644,#1645,#1646,#1647,#1648,#1649,#1650,#1651,#1652,#1653,#1654,#1655,#1656,#1657,#1658,#1659,#1660,#1661,#1662,#1663,#1664,#1665,#1666,#1667,#1668,#1669,#1670,#1671,#1672,#1673,#1674,#1675,#1676,#1677,#1678,#1679,#1680,#1681,#1682,#1683,#1684,#1685,#1686,#1687,#1688,#1689,#1690,#1691,#1692,#1693,#1694,#1695,#1696,#1697,#1698,#1699,#1700,#1701,#1702,#1703,#1704,#1705,#1706,#1707,#1708,#1709,#1710,#1711,#1712,#1713,#1714,#1715,#1716,#1717,#1718,#1719,#1720,#1721,#1722,#1723,#1724,#1725,#1726,#1727,#1728,#1729,#1730,#1731,#1732,#1733,#1734,#1735,#1736,#1737,#1738,#1739,#1740,#1741,#1742,#1743,#1744,#1745,#1746,#1747,#1748,#1749,#1750,#1751,#1752,#1753,#1754,#1755,#1756,#1757,#1758,#1759,#1760,#1761,#1762,#1763,#1764,#1765,#1766,#1767,#1768,#1769,#1770,#1771,#1772,#1773,#1774,#1775,#1776,#1777,#1778,#1779,#1780,#1781,#1782,#1783,#1784,#1785,#1786,#1787,#1788,#1789,#1790,#1791,#1792,#1793,#1794,#1795,#1796,#1797,#1798,#1799,#1800,#1801,#1802,#1803,#1804),(#1805,#1806,#1807,#1808,#1809,#1810,#1811,#1812,#1813,#1814,#1815,#1816,#1817,#1818,#1819,#1820,#1821,#1822,#1823,#1824,#1825,#1826,#1827,#1828,#1829,#1830,#1831,#1832,#1833,#1834,#1835,#1836,#1837,#1838,#1839,#1840,#1841,#1842,#1843,#1844,#1845,#1846,#1847,#1848,#1849,#1850,#1851,#1852,#1853,#1854,#1855,#1856,#1857,#1858,#1859,#1860,#1861,#1862,#1863,#1864,#1865,#1866,#1867,#1868,#1869,#1870,#1871,#1872,#1873,#1874,#1875,#1876,#1877,#1878,#1879,#1880,#1881,#1882,#1883,#1884,#1885,#1886,#1887,#1888,#1889,#1890,#1891,#1892,#1893,#1894,#1895,#1896,#1897,#1898,#1899,#1900,#1901,#1902,#1903,#1904,#1905,#1906,#1907,#1908,#1909,#1910,#1911,#1912,#1913,#1914,#1915,#1916,#1917,#1918,#1919,#1920,#1921,#1922,#1923,#1924,#1925,#1926,#1927,#1928,#1929,#1930,#1931,#1932,#1933,#1934,#1935,#1936,#1937,#1938,#1939,#1940,#1941,#1942,#1943,#1944,#1945,#1946,#1947,#1948,#1949,#1950,#1951,#1952,#1953,#1954,#1955,#1956,#1957,#1958,#1959,#1960,#1961,#1962,#1963,#1964,#1965,#1966,#1967,#1968,#1969,#1970,#1971,#1972,#1973,#1974,#1975,#1976,#1977,#1978,#1979,#1980,#1981,#1982,#1983,#1984,#1985,#1986,#1987,#1988,#1989,#1990,#1991,#1992,#1993,#1994,#1995,#1996,#1997,#1998,#1999,#2000,#2001,#2002,#2003,#2004,#2005,#2006,#2007,#2008,#2009,#2010,#2011,#2012,#2013,#2014,#2015,#2016,#2017,#2018,#2019,#2020,#2021,#2022,#2023,#2024,#2025,#2026,#2027,#2028,#2029,#2030,#2031,#2032,#2033,#2034,#2035,#2036,#2037,#2038,#2039,#2040,#2041,#2042,#2043,#2044,#2045,#2046,#2047,#2048,#2049,#2050,#2051,#2052,#2053,#2054,#2055,#2056,#2057,#2058,#2059,#2060,#2061,#2062,#2063,#2064,#2065,#2066,#2067,#2068,#2069,#2070,#2071,#2072,#2073,#2074,#2075,#2076,#2077,#2078,#2079,#2080,#2081,#2082,#2083,#2084,#2085,#2086,#2087,#2088,#2089,#2090,#2091,#2092,#2093,#2094,#2095,#2096,#2097,#2098,#2099,#2100,#2101,#2102,#2103,#2104,#2105,#2106,#2107,#2108,#2109,#2110,#2111,#2112,#2113,#2114,#2115,#2116,#2117,#2118,#2119,#2120,#2121,#2122,#2123,#2124,#2125,#2126,#2127,#2128,#2129,#2130,#2131,#2132,#2133,#2134,#2135,#2136,#2137,#2138,#2139,#2140,#2141,#2142,#2143,#2144,#2145,#2146,#2147,#2148,#2149,#2150,#2151,#2152,#2153,#2154,#2155,#2156,#2157,#2158,#2159,#2160,#2161,#2162,#2163,#2164,#2165,#2166,#2167,#2168,#2169,#2170,#2171,#2172,#2173,#2174,#2175,#2176,#2177,#2178,#2179,#2180,#2181,#2182,#2183,#2184,#2185,#2186,#2187,#2188,#2189,#2190,#2191,#2192,#2193,#2194,#2195,#2196,#2197,#2198,#2199,#2200,#2201),(#2202,#2203,#2204,#2205,#2206,#2207,#2208,#2209,#2210,#2211,#2212,#2213,#2214,#2215,#2216,#2217,#2218,#2219,#2220,#2221,#2222,#2223,#2224,#2225,#2226,#2227,#2228,#2229,#2230,#2231,#2232,#2233,#2234,#2235,#2236,#2237,#2238,#2239,#2240,#2241,#2242,#2243,#2244,#2245,#2246,#2247,#2248,#2249,#2250,#2251,#2252,#2253,#2254,#2255,#2256,#2257,#2258,#2259,#2260,#2261,#2262,#2263,#2264,#2265,#2266,#2267,#2268,#2269,#2270,#2271,#2272,#2273,#2274,#2275,#2276,#2277,#2278,#2279,#2280,#2281,#2282,#2283,#2284,#2285,#2286,#2287,#2288,#2289,#2290,#2291,#2292,#2293,#2294,#2295,#2296,#2297,#2298,#2299,#2300,#2301,#2302,#2303,#2304,#2305,#2306,#2307,#2308,#2309,#2310,#2311,#2312,#2313,#2314,#2315,#2316,#2317,#2318,#2319,#2320,#2321,#2322,#2323,#2324,#2325,#2326,#2327,#2328,#2329,#2330,#2331,#2332,#2333,#2334,#2335,#2336,#2337,#2338,#2339,#2340,#2341,#2342,#2343,#2344,#2345,#2346,#2347,#2348,#2349,#2350,#2351,#2352,#2353,#2354,#2355,#2356,#2357,#2358,#2359,#2360,#2361,#2362,#2363,#2364,#2365,#2366,#2367,#2368,#2369,#2370,#2371,#2372,#2373,#2374,#2375,#2376,#2377,#2378,#2379,#2380,#2381,#2382,#2383,#2384,#2385,#2386,#2387,#2388,#2389,#2390,#2391,#2392,#2393,#2394,#2395,#2396,#2397,#2398,#2399,#2400,#2401,#2402,#2403,#2404,#2405,#2406,#2407,#2408,#2409,#2410,#2411,#2412,#2413,#2414,#2415,#2416,#2417,#2418,#2419,#2420,#2421,#2422,#2423,#2424,#2425,#2426,#2427,#2428,#2429,#2430,#2431,#2432,#2433,#2434,#2435,#2436,#2437,#2438,#2439,#2440,#2441,#2442,#2443,#2444,#2445,#2446,#2447,#2448,#2449,#2450,#2451,#2452,#2453,#2454,#2455,#2456,#2457,#2458,#2459,#2460,#2461,#2462,#2463,#2464,#2465,#2466,#2467,#2468,#2469,#2470,#2471,#2472,#2473,#2474,#2475,#2476,#2477,#2478,#2479,#2480,#2481,#2482,#2483,#2484,#2485,#2486,#2487,#2488,#2489,#2490,#2491,#2492,#2493,#2494,#2495,#2496,#2497,#2498,#2499,#2500,#2501,#2502,#2503,#2504,#2505,#2506,#2507,#2508,#2509,#2510,#2511,#2512,#2513,#2514,#2515,#2516,#2517,#2518,#2519,#2520,#2521,#2522,#2523,#2524,#2525,#2526,#2527,#2528,#2529,#2530,#2531,#2532,#2533,#2534,#2535,#2536,#2537,#2538,#2539,#2540,#2541,#2542,#2543,#2544,#2545,#2546,#2547,#2548,#2549,#2550,#2551,#2552,#2553,#2554,#2555,#2556,#2557,#2558,#2559,#2560,#2561,#2562,#2563,#2564,#2565,#2566,#2567,#2568,#2569,#2570,#2571,#2572,#2573,#2574,#2575,#2576,#2577,#2578,#2579,#2580,#2581,#2582,#2583,#2584,#2585,#2586,#2587,#2588,#2589,#2590,#2591,#2592,#2593,#2594,#2595,#2596,#2597,#2598),(#2599,#2600,#2601,#2602,#2603,#2604,#2605,#2606,#2607,#2608,#2609,#2610,#2611,#2612,#2613,#2614,#2615,#2616,#2617,#2618,#2619,#2620,#2621,#2622,#2623,#2624,#2625,#2626,#2627,#2628,#2629,#2630,#2631,#2632,#2633,#2634,#2635,#2636,#2637,#2638,#2639,#2640,#2641,#2642,#2643,#2644,#2645,#2646,#2647,#2648,#2649,#2650,#2651,#2652,#2653,#2654,#2655,#2656,#2657,#2658,#2659,#2660,#2661,#2662,#2663,#2664,#2665,#2666,#2667,#2668,#2669,#2670,#2671,#2672,#2673,#2674,#2675,#2676,#2677,#2678,#2679,#2680,#2681,#2682,#2683,#2684,#2685,#2686,#2687,#2688,#2689,#2690,#2691,#2692,#2693,#2694,#2695,#2696,#2697,#2698,#2699,#2700,#2701,#2702,#2703,#2704,#2705,#2706,#2707,#2708,#2709,#2710,#2711,#2712,#2713,#2714,#2715,#2716,#2717,#2718,#2719,#2720,#2721,#2722,#2723,#2724,#2725,#2726,#2727,#2728,#2729,#2730,#2731,#2732,#2733,#2734,#2735,#2736,#2737,#2738,#2739,#2740,#2741,#2742,#2743,#2744,#2745,#2746,#2747,#2748,#2749,#2750,#2751,#2752,#2753,#2754,#2755,#2756,#2757,#2758,#2759,#2760,#2761,#2762,#2763,#2764,#2765,#2766,#2767,#2768,#2769,#2770,#2771,#2772,#2773,#2774,#2775,#2776,#2777,#2778,#2779,#2780,#2781,#2782,#2783,#2784,#2785,#2786,#2787,#2788,#2789,#2790,#2791,#2792,#2793,#2794,#2795,#2796,#2797,#2798,#2799,#2800,#2801,#2802,#2803,#2804,#2805,#2806,#2807,#2808,#2809,#2810,#2811,#2812,#2813,#2814,#2815,#2816,#2817,#2818,#2819,#2820,#2821,#2822,#2823,#2824,#2825,#2826,#2827,#2828,#2829,#2830,#2831,#2832,#2833,#2834,#2835,#2836,#2837,#2838,#2839,#2840,#2841,#2842,#2843,#2844,#2845,#2846,#2847,#2848,#2849,#2850,#2851,#2852,#2853,#2854,#2855,#2856,#2857,#2858,#2859,#2860,#2861,#2862,#2863,#2864,#2865,#2866,#2867,#2868,#2869,#2870,#2871,#2872,#2873,#2874,#2875,#2876,#2877,#2878,#2879,#2880,#2881,#2882,#2883,#2884,#2885,#2886,#2887,#2888,#2889,#2890,#2891,#2892,#2893,#2894,#2895,#2896,#2897,#2898,#2899,#2900,#2901,#2902,#2903,#2904,#2905,#2906,#2907,#2908,#2909,#2910,#2911,#2912,#2913,#2914,#2915,#2916,#2917,#2918,#2919,#2920,#2921,#2922,#2923,#2924,#2925,#2926,#2927,#2928,#2929,#2930,#2931,#2932,#2933,#2934,#2935,#2936,#2937,#2938,#2939,#2940,#2941,#2942,#2943,#2944,#2945,#2946,#2947,#2948,#2949,#2950,#2951,#2952,#2953,#2954,#2955,#2956,#2957,#2958,#2959,#2960,#2961,#2962,#2963,#2964,#2965,#2966,#2967,#2968,#2969,#2970,#2971,#2972,#2973,#2974,#2975,#2976,#2977,#2978,#2979,#2980,#2981,#2982,#2983,#2984,#2985,#2986,#2987,#2988,#2989,#2990,#2991,#2992,#2993,#2994,#2995),(#2996,#2997,#2998,#2999,#3000,#3001,#3002,#3003,#3004,#3005,#3006,#3007,#3008,#3009,#3010,#3011,#3012,#3013,#3014,#3015,#3016,#3017,#3018,#3019,#3020,#3021,#3022,#3023,#3024,#3025,#3026,#3027,#3028,#3029,#3030,#3031,#3032,#3033,#3034,#3035,#3036,#3037,#3038,#3039,#3040,#3041,#3042,#3043,#3044,#3045,#3046,#3047,#3048,#3049,#3050,#3051,#3052,#3053,#3054,#3055,#3056,#3057,#3058,#3059,#3060,#3061,#3062,#3063,#3064,#3065,#3066,#3067,#3068,#3069,#3070,#3071,#3072,#3073,#3074,#3075,#3076,#3077,#3078,#3079,#3080,#3081,#3082,#3083,#3084,#3085,#3086,#3087,#3088,#3089,#3090,#3091,#3092,#3093,#3094,#3095,#3096,#3097,#3098,#3099,#3100,#3101,#3102,#3103,#3104,#3105,#3106,#3107,#3108,#3109,#3110,#3111,#3112,#3113,#3114,#3115,#3116,#3117,#3118,#3119,#3120,#3121,#3122,#3123,#3124,#3125,#3126,#3127,#3128,#3129,#3130,#3131,#3132,#3133,#3134,#3135,#3136,#3137,#3138,#3139,#3140,#3141,#3142,#3143,#3144,#3145,#3146,#3147,#3148,#3149,#3150,#3151,#3152,#3153,#3154,#3155,#3156,#3157,#3158,#3159,#3160,#3161,#3162,#3163,#3164,#3165,#3166,#3167,#3168,#3169,#3170,#3171,#3172,#3173,#3174,#3175,#3176,#3177,#3178,#3179,#3180,#3181,#3182,#3183,#3184,#3185,#3186,#3187,#3188,#3189,#3190,#3191,#3192,#3193,#3194,#3195,#3196,#3197,#3198,#3199,#3200,#3201,#3202,#3203,#3204,#3205,#3206,#3207,#3208,#3209,#3210,#3211,#3212,#3213,#3214,#3215,#3216,#3217,#3218,#3219,#3220,#3221,#3222,#3223,#3224,#3225,#3226,#3227,#3228,#3229,#3230,#3231,#3232,#3233,#3234,#3235,#3236,#3237,#3238,#3239,#3240,#3241,#3242,#3243,#3244,#3245,#3246,#3247,#3248,#3249,#3250,#3251,#3252,#3253,#3254,#3255,#3256,#3257,#3258,#3259,#3260,#3261,#3262,#3263,#3264,#3265,#3266,#3267,#3268,#3269,#3270,#3271,#3272,#3273,#3274,#3275,#3276,#3277,#3278,#3279,#3280,#3281,#3282,#3283,#3284,#3285,#3286,#3287,#3288,#3289,#3290,#3291,#3292,#3293,#3294,#3295,#3296,#3297,#3298,#3299,#3300,#3301,#3302,#3303,#3304,#3305,#3306,#3307,#3308,#3309,#3310,#3311,#3312,#3313,#3314,#3315,#3316,#3317,#3318,#3319,#3320,#3321,#3322,#3323,#3324,#3325,#3326,#3327,#3328,#3329,#3330,#3331,#3332,#3333,#3334,#3335,#3336,#3337,#3338,#3339,#3340,#3341,#3342,#3343,#3344,#3345,#3346,#3347,#3348,#3349,#3350,#3351,#3352,#3353,#3354,#3355,#3356,#3357,#3358,#3359,#3360,#3361,#3362,#3363,#3364,#3365,#3366,#3367,#3368,#3369,#3370,#3371,#3372,#3373,#3374,#3375,#3376,#3377,#3378,#3379,#3380,#3381,#3382,#3383,#3384,#3385,#3386,#3387,#3388,#3389,#3390,#3391,#3392),(#3393,#3394,#3395,#3396,#3397,#3398,#3399,#3400,#3401,#3402,#3403,#3404,#3405,#3406,#3407,#3408,#3409,#3410,#3411,#3412,#3413,#3414,#3415,#3416,#3417,#3418,#3419,#3420,#3421,#3422,#3423,#3424,#3425,#3426,#3427,#3428,#3429,#3430,#3431,#3432,#3433,#3434,#3435,#3436,#3437,#3438,#3439,#3440,#3441,#3442,#3443,#3444,#3445,#3446,#3447,#3448,#3449,#3450,#3451,#3452,#3453,#3454,#3455,#3456,#3457,#3458,#3459,#3460,#3461,#3462,#3463,#3464,#3465,#3466,#3467,#3468,#3469,#3470,#3471,#3472,#3473,#3474,#3475,#3476,#3477,#3478,#3479,#3480,#3481,#3482,#3483,#3484,#3485,#3486,#3487,#3488,#3489,#3490,#3491,#3492,#3493,#3494,#3495,#3496,#3497,#3498,#3499,#3500,#3501,#3502,#3503,#3504,#3505,#3506,#3507,#3508,#3509,#3510,#3511,#3512,#3513,#3514,#3515,#3516,#3517,#3518,#3519,#3520,#3521,#3522,#3523,#3524,#3525,#3526,#3527,#3528,#3529,#3530,#3531,#3532,#3533,#3534,#3535,#3536,#3537,#3538,#3539,#3540,#3541,#3542,#3543,#3544,#3545,#3546,#3547,#3548,#3549,#3550,#3551,#3552,#3553,#3554,#3555,#3556,#3557,#3558,#3559,#3560,#3561,#3562,#3563,#3564,#3565,#3566,#3567,#3568,#3569,#3570,#3571,#3572,#3573,#3574,#3575,#3576,#3577,#3578,#3579,#3580,#3581,#3582,#3583,#3584,#3585,#3586,#3587,#3588,#3589,#3590,#3591,#3592,#3593,#3594,#3595,#3596,#3597,#3598,#3599,#3600,#3601,#3602,#3603,#3604,#3605,#3606,#3607,#3608,#3609,#3610,#3611,#3612,#3613,#3614,#3615,#3616,#3617,#3618,#3619,#3620,#3621,#3622,#3623,#3624,#3625,#3626,#3627,#3628,#3629,#3630,#3631,#3632,#3633,#3634,#3635,#3636,#3637,#3638,#3639,#3640,#3641,#3642,#3643,#3644,#3645,#3646,#3647,#3648,#3649,#3650,#3651,#3652,#3653,#3654,#3655,#3656,#3657,#3658,#3659,#3660,#3661,#3662,#3663,#3664,#3665,#3666,#3667,#3668,#3669,#3670,#3671,#3672,#3673,#3674,#3675,#3676,#3677,#3678,#3679,#3680,#3681,#3682,#3683,#3684,#3685,#3686,#3687,#3688,#3689,#3690,#3691,#3692,#3693,#3694,#3695,#3696,#3697,#3698,#3699,#3700,#3701,#3702,#3703,#3704,#3705,#3706,#3707,#3708,#3709,#3710,#3711,#3712,#3713,#3714,#3715,#3716,#3717,#3718,#3719,#3720,#3721,#3722,#3723,#3724,#3725,#3726,#3727,#3728,#3729,#3730,#3731,#3732,#3733,#3734,#3735,#3736,#3737,#3738,#3739,#3740,#3741,#3742,#3743,#3744,#3745,#3746,#3747,#3748,#3749,#3750,#3751,#3752,#3753,#3754,#3755,#3756,#3757,#3758,#3759,#3760,#3761,#3762,#3763,#3764,#3765,#3766,#3767,#3768,#3769,#3770,#3771,#3772,#3773,#3774,#3775,#3776,#3777,#3778,#3779,#3780,#3781,#3782,#3783,#3784,#3785,#3786,#3787,#3788,#3789),(#3790,#3791,#3792,#3793,#3794,#3795,#3796,#3797,#3798,#3799,#3800,#3801,#3802,#3803,#3804,#3805,#3806,#3807,#3808,#3809,#3810,#3811,#3812,#3813,#3814,#3815,#3816,#3817,#3818,#3819,#3820,#3821,#3822,#3823,#3824,#3825,#3826,#3827,#3828,#3829,#3830,#3831,#3832,#3833,#3834,#3835,#3836,#3837,#3838,#3839,#3840,#3841,#3842,#3843,#3844,#3845,#3846,#3847,#3848,#3849,#3850,#3851,#3852,#3853,#3854,#3855,#3856,#3857,#3858,#3859,#3860,#3861,#3862,#3863,#3864,#3865,#3866,#3867,#3868,#3869,#3870,#3871,#3872,#3873,#3874,#3875,#3876,#3877,#3878,#3879,#3880,#3881,#3882,#3883,#3884,#3885,#3886,#3887,#3888,#3889,#3890,#3891,#3892,#3893,#3894,#3895,#3896,#3897,#3898,#3899,#3900,#3901,#3902,#3903,#3904,#3905,#3906,#3907,#3908,#3909,#3910,#3911,#3912,#3913,#3914,#3915,#3916,#3917,#3918,#3919,#3920,#3921,#3922,#3923,#3924,#3925,#3926,#3927,#3928,#3929,#3930,#3931,#3932,#3933,#3934,#3935,#3936,#3937,#3938,#3939,#3940,#3941,#3942,#3943,#3944,#3945,#3946,#3947,#3948,#3949,#3950,#3951,#3952,#3953,#3954,#3955,#3956,#3957,#3958,#3959,#3960,#3961,#3962,#3963,#3964,#3965,#3966,#3967,#3968,#3969,#3970,#3971,#3972,#3973,#3974,#3975,#3976,#3977,#3978,#3979,#3980,#3981,#3982,#3983,#3984,#3985,#3986,#3987,#3988,#3989,#3990,#3991,#3992,#3993,#3994,#3995,#3996,#3997,#3998,#3999,#4000,#4001,#4002,#4003,#4004,#4005,#4006,#4007,#4008,#4009,#4010,#4011,#4012,#4013,#4014,#4015,#4016,#4017,#4018,#4019,#4020,#4021,#4022,#4023,#4024,#4025,#4026,#4027,#4028,#4029,#4030,#4031,#4032,#4033,#4034,#4035,#4036,#4037,#4038,#4039,#4040,#4041,#4042,#4043,#4044,#4045,#4046,#4047,#4048,#4049,#4050,#4051,#4052,#4053,#4054,#4055,#4056,#4057,#4058,#4059,#4060,#4061,#4062,#4063,#4064,#4065,#4066,#4067,#4068,#4069,#4070,#4071,#4072,#4073,#4074,#4075,#4076,#4077,#4078,#4079,#4080,#4081,#4082,#4083,#4084,#4085,#4086,#4087,#4088,#4089,#4090,#4091,#4092,#4093,#4094,#4095,#4096,#4097,#4098,#4099,#4100,#4101,#4102,#4103,#4104,#4105,#4106,#4107,#4108,#4109,#4110,#4111,#4112,#4113,#4114,#4115,#4116,#4117,#4118,#4119,#4120,#4121,#4122,#4123,#4124,#4125,#4126,#4127,#4128,#4129,#4130,#4131,#4132,#4133,#4134,#4135,#4136,#4137,#4138,#4139,#4140,#4141,#4142,#4143,#4144,#4145,#4146,#4147,#4148,#4149,#4150,#4151,#4152,#4153,#4154,#4155,#4156,#4157,#4158,#4159,#4160,#4161,#4162,#4163,#4164,#4165,#4166,#4167,#4168,#4169,#4170,#4171,#4172,#4173,#4174,#4175,#4176,#4177,#4178,#4179,#4180,#4181,#4182,#4183,#4184,#4185,#4186)),.UNSPECIFIED.,.F.,.F.,.F.)B_SPLINE_SURFACE_WITH_KNOTS((4,3,4),(3,2,2,2,2,2,2,2,2,2,2,2,2,2,2,2,2,2,2,2,2,2,2,2,2,2,2,2,2,2,2,2,2,2,2,2,2,2,2,2,2,2,2,2,2,2,2,2,2,2,2,2,2,2,2,2,2,2,2,2,2,2,2,2,2,2,2,2,2,2,2,2,2,2,2,2,2,2,2,2,2,2,2,2,2,2,2,2,2,2,2,2,2,2,2,2,2,2,2,2,2,2,2,2,2,2,2,2,2,2,2,2,2,2,2,2,2,2,2,2,2,2,2,2,2,2,2,2,2,2,2,2,2,2,2,2,2,2,2,2,2,2,2,2,2,2,2,2,2,2,2,2,2,2,2,2,2,2,2,2,2,2,2,2,2,2,2,2,2,2,2,2,2,2,2,2,2,2,2,2,2,2,2,2,2,2,2,2,2,2,2,2,2,2,2,2,2,2,3),(-1.,-0.5,0.),(0.,0.005050505051,0.010101010101,0.015151515152,0.020202020202,0.025252525253,0.030303030303,0.035353535354,0.040404040404,0.045454545455,0.050505050505,0.055555555556,0.060606060606,0.065656565657,0.070707070707,0.075757575758,0.080808080808,0.085858585859,0.090909090909,0.09595959596,0.10101010101,0.106060606061,0.111111111111,0.116161616162,0.121212121212,0.126262626263,0.131313131313,0.136363636364,0.141414141414,0.146464646465,0.151515151515,0.156565656566,0.161616161616,0.166666666667,0.171717171717,0.176767676768,0.181818181818,0.186868686869,0.191919191919,0.19696969697,0.20202020202,0.207070707071,0.212121212121,0.217171717172,0.222222222222,0.227272727273,0.232323232323,0.237373737374,0.242424242424,0.247474747475,0.252525252525,0.257575757576,0.262626262626,0.267676767677,0.272727272727,0.277777777778,0.282828282828,0.287878787879,0.292929292929,0.29797979798,0.30303030303,0.308080808081,0.313131313131,0.318181818182,0.323232323232,0.328282828283,0.333333333333,0.338383838384,0.343434343434,0.348484848485,0.353535353535,0.358585858586,0.363636363636,0.368686868687,0.373737373737,0.378787878788,0.383838383838,0.388888888889,0.393939393939,0.39898989899,0.40404040404,0.409090909091,0.414141414141,0.419191919192,0.424242424242,0.429292929293,0.434343434343,0.439393939394,0.444444444444,0.449494949495,0.454545454545,0.459595959596,0.464646464646,0.469696969697,0.474747474747,0.479797979798,0.484848484848,0.489898989899,0.494949494949,0.5,0.505050505051,0.510101010101,0.515151515152,0.520202020202,0.525252525253,0.530303030303,0.535353535354,0.540404040404,0.545454545455,0.550505050505,0.555555555556,0.560606060606,0.565656565657,0.570707070707,0.575757575758,0.580808080808,0.585858585859,0.590909090909,0.59595959596,0.60101010101,0.606060606061,0.611111111111,0.616161616162,0.621212121212,0.626262626263,0.631313131313,0.636363636364,0.641414141414,0.646464646465,0.651515151515,0.656565656566,0.661616161616,0.666666666667,0.671717171717,0.676767676768,0.681818181818,0.686868686869,0.691919191919,0.69696969697,0.70202020202,0.707070707071,0.712121212121,0.717171717172,0.722222222222,0.727272727273,0.732323232323,0.737373737374,0.742424242424,0.747474747475,0.752525252525,0.757575757576,0.762626262626,0.767676767677,0.772727272727,0.777777777778,0.782828282828,0.787878787879,0.792929292929,0.79797979798,0.80303030303,0.808080808081,0.813131313131,0.818181818182,0.823232323232,0.828282828283,0.833333333333,0.838383838384,0.843434343434,0.848484848485,0.853535353535,0.858585858586,0.863636363636,0.868686868687,0.873737373737,0.878787878788,0.883838383838,0.888888888889,0.893939393939,0.89898989899,0.90404040404,0.909090909091,0.914141414141,0.919191919192,0.924242424242,0.929292929293,0.934343434343,0.939393939394,0.944444444444,0.949494949495,0.954545454545,0.959595959596,0.964646464646,0.969696969697,0.974747474747,0.979797979798,0.984848484848,0.989898989899,0.994949494949,1.),.UNSPECIFIED.)GEOMETRIC_REPRESENTATION_ITEM()RATIONAL_B_SPLINE_SURFACE(((1.,0.866025403784,1.,0.866025403784,1.,0.866025403784,1.,0.866025403784,1.,0.866025403784,1.,0.866025403784,1.,0.866025403784,1.,0.866025403784,1.,0.866025403784,1.,0.866025403784,1.,0.866025403784,1.,0.866025403784,1.,0.866025403784,1.,0.866025403784,1.,0.866025403784,1.,0.866025403784,1.,0.866025403784,1.,0.866025403784,1.,0.866025403784,1.,0.866025403784,1.,0.866025403784,1.,0.866025403784,1.,0.866025403784,1.,0.866025403784,1.,0.866025403784,1.,0.866025403784,1.,0.866025403784,1.,0.866025403784,1.,0.866025403784,1.,0.866025403784,1.,0.866025403784,1.,0.866025403784,1.,0.866025403784,1.,0.866025403784,1.,0.866025403784,1.,0.866025403784,1.,0.866025403784,1.,0.866025403784,1.,0.866025403784,1.,0.866025403784,1.,0.866025403784,1.,0.866025403784,1.,0.866025403784,1.,0.866025403784,1.,0.866025403784,1.,0.866025403784,1.,0.866025403784,1.,0.866025403784,1.,0.866025403784,1.,0.866025403784,1.,0.866025403784,1.,0.866025403784,1.,0.866025403784,1.,0.866025403784,1.,0.866025403784,1.,0.866025403784,1.,0.866025403784,1.,0.866025403784,1.,0.866025403784,1.,0.866025403784,1.,0.866025403784,1.,0.866025403784,1.,0.866025403784,1.,0.866025403784,1.,0.866025403784,1.,0.866025403784,1.,0.866025403784,1.,0.866025403784,1.,0.866025403784,1.,0.866025403784,1.,0.866025403784,1.,0.866025403784,1.,0.866025403784,1.,0.866025403784,1.,0.866025403784,1.,0.866025403784,1.,0.866025403784,1.,0.866025403784,1.,0.866025403784,1.,0.866025403784,1.,0.866025403784,1.,0.866025403784,1.,0.866025403784,1.,0.866025403784,1.,0.866025403784,1.,0.866025403784,1.,0.866025403784,1.,0.866025403784,1.,0.866025403784,1.,0.866025403784,1.,0.866025403784,1.,0.866025403784,1.,0.866025403784,1.,0.866025403784,1.,0.866025403784,1.,0.866025403784,1.,0.866025403784,1.,0.866025403784,1.,0.866025403784,1.,0.866025403784,1.,0.866025403784,1.,0.866025403784,1.,0.866025403784,1.,0.866025403784,1.,0.866025403784,1.,0.866025403784,1.,0.866025403784,1.,0.866025403784,1.,0.866025403784,1.,0.866025403784,1.,0.866025403784,1.,0.866025403784,1.,0.866025403784,1.,0.866025403784,1.,0.866025403784,1.,0.866025403784,1.,0.866025403784,1.,0.866025403784,1.,0.866025403784,1.,0.866025403784,1.,0.866025403784,1.,0.866025403784,1.,0.866025403784,1.,0.866025403784,1.,0.866025403784,1.,0.866025403784,1.,0.866025403784,1.,0.866025403784,1.,0.866025403784,1.,0.866025403784,1.,0.866025403784,1.,0.866025403784,1.,0.866025403784,1.,0.866025403784,1.,0.866025403784,1.,0.866025403784,1.,0.866025403784,1.,0.866025403784,1.,0.866025403784,1.,0.866025403784,1.,0.866025403784,1.,0.866025403784,1.,0.866025403784,1.,0.866025403784,1.,0.866025403784,1.,0.866025403784,1.,0.866025403784,1.,0.866025403784,1.,0.866025403784,1.,0.866025403784,1.,0.866025403784,1.,0.866025403784,1.,0.866025403784,1.,0.866025403784,1.,0.866025403784,1.,0.866025403784,1.,0.866025403784,1.,0.866025403784,1.,0.866025403784,1.,0.866025403784,1.,0.866025403784,1.,0.866025403784,1.,0.866025403784,1.,0.866025403784,1.,0.866025403784,1.,0.866025403784,1.,0.866025403784,1.,0.866025403784,1.,0.866025403784,1.,0.866025403784,1.,0.866025403784,1.,0.866025403784,1.,0.866025403784,1.,0.866025403784,1.,0.866025403784,1.,0.866025403784,1.,0.866025403784,1.,0.866025403784,1.,0.866025403784,1.,0.866025403784,1.,0.866025403784,1.,0.866025403784,1.,0.866025403784,1.,0.866025403784,1.,0.866025403784,1.,0.866025403784,1.,0.866025403784,1.,0.866025403784,1.,0.866025403784,1.,0.866025403784,1.,0.866025403784,1.,0.866025403784,1.,0.866025403784,1.,0.866025403784,1.,0.866025403784,1.,0.866025403784,1.,0.866025403784,1.,0.866025403784,1.),(0.333333333333,0.288675134595,0.333333333333,0.288675134595,0.333333333333,0.288675134595,0.333333333333,0.288675134595,0.333333333333,0.288675134595,0.333333333333,0.288675134595,0.333333333333,0.288675134595,0.333333333333,0.288675134595,0.333333333333,0.288675134595,0.333333333333,0.288675134595,0.333333333333,0.288675134595,0.333333333333,0.288675134595,0.333333333333,0.288675134595,0.333333333333,0.288675134595,0.333333333333,0.288675134595,0.333333333333,0.288675134595,0.333333333333,0.288675134595,0.333333333333,0.288675134595,0.333333333333,0.288675134595,0.333333333333,0.288675134595,0.333333333333,0.288675134595,0.333333333333,0.288675134595,0.333333333333,0.288675134595,0.333333333333,0.288675134595,0.333333333333,0.288675134595,0.333333333333,0.288675134595,0.333333333333,0.288675134595,0.333333333333,0.288675134595,0.333333333333,0.288675134595,0.333333333333,0.288675134595,0.333333333333,0.288675134595,0.333333333333,0.288675134595,0.333333333333,0.288675134595,0.333333333333,0.288675134595,0.333333333333,0.288675134595,0.333333333333,0.288675134595,0.333333333333,0.288675134595,0.333333333333,0.288675134595,0.333333333333,0.288675134595,0.333333333333,0.288675134595,0.333333333333,0.288675134595,0.333333333333,0.288675134595,0.333333333333,0.288675134595,0.333333333333,0.288675134595,0.333333333333,0.288675134595,0.333333333333,0.288675134595,0.333333333333,0.288675134595,0.333333333333,0.288675134595,0.333333333333,0.288675134595,0.333333333333,0.288675134595,0.333333333333,0.288675134595,0.333333333333,0.288675134595,0.333333333333,0.288675134595,0.333333333333,0.288675134595,0.333333333333,0.288675134595,0.333333333333,0.288675134595,0.333333333333,0.288675134595,0.333333333333,0.288675134595,0.333333333333,0.288675134595,0.333333333333,0.288675134595,0.333333333333,0.288675134595,0.333333333333,0.288675134595,0.333333333333,0.288675134595,0.333333333333,0.288675134595,0.333333333333,0.288675134595,0.333333333333,0.288675134595,0.333333333333,0.288675134595,0.333333333333,0.288675134595,0.333333333333,0.288675134595,0.333333333333,0.288675134595,0.333333333333,0.288675134595,0.333333333333,0.288675134595,0.333333333333,0.288675134595,0.333333333333,0.288675134595,0.333333333333,0.288675134595,0.333333333333,0.288675134595,0.333333333333,0.288675134595,0.333333333333,0.288675134595,0.333333333333,0.288675134595,0.333333333333,0.288675134595,0.333333333333,0.288675134595,0.333333333333,0.288675134595,0.333333333333,0.288675134595,0.333333333333,0.288675134595,0.333333333333,0.288675134595,0.333333333333,0.288675134595,0.333333333333,0.288675134595,0.333333333333,0.288675134595,0.333333333333,0.288675134595,0.333333333333,0.288675134595,0.333333333333,0.288675134595,0.333333333333,0.288675134595,0.333333333333,0.288675134595,0.333333333333,0.288675134595,0.333333333333,0.288675134595,0.333333333333,0.288675134595,0.333333333333,0.288675134595,0.333333333333,0.288675134595,0.333333333333,0.288675134595,0.333333333333,0.288675134595,0.333333333333,0.288675134595,0.333333333333,0.288675134595,0.333333333333,0.288675134595,0.333333333333,0.288675134595,0.333333333333,0.288675134595,0.333333333333,0.288675134595,0.333333333333,0.288675134595,0.333333333333,0.288675134595,0.333333333333,0.288675134595,0.333333333333,0.288675134595,0.333333333333,0.288675134595,0.333333333333,0.288675134595,0.333333333333,0.288675134595,0.333333333333,0.288675134595,0.333333333333,0.288675134595,0.333333333333,0.288675134595,0.333333333333,0.288675134595,0.333333333333,0.288675134595,0.333333333333,0.288675134595,0.333333333333,0.288675134595,0.333333333333,0.288675134595,0.333333333333,0.288675134595,0.333333333333,0.288675134595,0.333333333333,0.288675134595,0.333333333333,0.288675134595,0.333333333333,0.288675134595,0.333333333333,0.288675134595,0.333333333333,0.288675134595,0.333333333333,0.288675134595,0.333333333333,0.288675134595,0.333333333333,0.288675134595,0.333333333333,0.288675134595,0.333333333333,0.288675134595,0.333333333333,0.288675134595,0.333333333333,0.288675134595,0.333333333333,0.288675134595,0.333333333333,0.288675134595,0.333333333333,0.288675134595,0.333333333333,0.288675134595,0.333333333333,0.288675134595,0.333333333333,0.288675134595,0.333333333333,0.288675134595,0.333333333333,0.288675134595,0.333333333333,0.288675134595,0.333333333333,0.288675134595,0.333333333333,0.288675134595,0.333333333333,0.288675134595,0.333333333333,0.288675134595,0.333333333333,0.288675134595,0.333333333333,0.288675134595,0.333333333333,0.288675134595,0.333333333333,0.288675134595,0.333333333333,0.288675134595,0.333333333333,0.288675134595,0.333333333333,0.288675134595,0.333333333333,0.288675134595,0.333333333333,0.288675134595,0.333333333333,0.288675134595,0.333333333333,0.288675134595,0.333333333333,0.288675134595,0.333333333333,0.288675134595,0.333333333333,0.288675134595,0.333333333333,0.288675134595,0.333333333333,0.288675134595,0.333333333333,0.288675134595,0.333333333333,0.288675134595,0.333333333333,0.288675134595,0.333333333333,0.288675134595,0.333333333333,0.288675134595,0.333333333333,0.288675134595,0.333333333333,0.288675134595,0.333333333333,0.288675134595,0.333333333333,0.288675134595,0.333333333333,0.288675134595,0.333333333333,0.288675134595,0.333333333333,0.288675134595,0.333333333333,0.288675134595,0.333333333333,0.288675134595,0.333333333333,0.288675134595,0.333333333333,0.288675134595,0.333333333333,0.288675134595,0.333333333333,0.288675134595,0.333333333333,0.288675134595,0.333333333333,0.288675134595,0.333333333333,0.288675134595,0.333333333333,0.288675134595,0.333333333333,0.288675134595,0.333333333333,0.288675134595,0.333333333333,0.288675134595,0.333333333333,0.288675134595,0.333333333333,0.288675134595,0.333333333333,0.288675134595,0.333333333333,0.288675134595,0.333333333333,0.288675134595,0.333333333333,0.288675134595,0.333333333333,0.288675134595,0.333333333333,0.288675134595,0.333333333333,0.288675134595,0.333333333333),(0.333333333333,0.288675134595,0.333333333333,0.288675134595,0.333333333333,0.288675134595,0.333333333333,0.288675134595,0.333333333333,0.288675134595,0.333333333333,0.288675134595,0.333333333333,0.288675134595,0.333333333333,0.288675134595,0.333333333333,0.288675134595,0.333333333333,0.288675134595,0.333333333333,0.288675134595,0.333333333333,0.288675134595,0.333333333333,0.288675134595,0.333333333333,0.288675134595,0.333333333333,0.288675134595,0.333333333333,0.288675134595,0.333333333333,0.288675134595,0.333333333333,0.288675134595,0.333333333333,0.288675134595,0.333333333333,0.288675134595,0.333333333333,0.288675134595,0.333333333333,0.288675134595,0.333333333333,0.288675134595,0.333333333333,0.288675134595,0.333333333333,0.288675134595,0.333333333333,0.288675134595,0.333333333333,0.288675134595,0.333333333333,0.288675134595,0.333333333333,0.288675134595,0.333333333333,0.288675134595,0.333333333333,0.288675134595,0.333333333333,0.288675134595,0.333333333333,0.288675134595,0.333333333333,0.288675134595,0.333333333333,0.288675134595,0.333333333333,0.288675134595,0.333333333333,0.288675134595,0.333333333333,0.288675134595,0.333333333333,0.288675134595,0.333333333333,0.288675134595,0.333333333333,0.288675134595,0.333333333333,0.288675134595,0.333333333333,0.288675134595,0.333333333333,0.288675134595,0.333333333333,0.288675134595,0.333333333333,0.288675134595,0.333333333333,0.288675134595,0.333333333333,0.288675134595,0.333333333333,0.288675134595,0.333333333333,0.288675134595,0.333333333333,0.288675134595,0.333333333333,0.288675134595,0.333333333333,0.288675134595,0.333333333333,0.288675134595,0.333333333333,0.288675134595,0.333333333333,0.288675134595,0.333333333333,0.288675134595,0.333333333333,0.288675134595,0.333333333333,0.288675134595,0.333333333333,0.288675134595,0.333333333333,0.288675134595,0.333333333333,0.288675134595,0.333333333333,0.288675134595,0.333333333333,0.288675134595,0.333333333333,0.288675134595,0.333333333333,0.288675134595,0.333333333333,0.288675134595,0.333333333333,0.288675134595,0.333333333333,0.288675134595,0.333333333333,0.288675134595,0.333333333333,0.288675134595,0.333333333333,0.288675134595,0.333333333333,0.288675134595,0.333333333333,0.288675134595,0.333333333333,0.288675134595,0.333333333333,0.288675134595,0.333333333333,0.288675134595,0.333333333333,0.288675134595,0.333333333333,0.288675134595,0.333333333333,0.288675134595,0.333333333333,0.288675134595,0.333333333333,0.288675134595,0.333333333333,0.288675134595,0.333333333333,0.288675134595,0.333333333333,0.288675134595,0.333333333333,0.288675134595,0.333333333333,0.288675134595,0.333333333333,0.288675134595,0.333333333333,0.288675134595,0.333333333333,0.288675134595,0.333333333333,0.288675134595,0.333333333333,0.288675134595,0.333333333333,0.288675134595,0.333333333333,0.288675134595,0.333333333333,0.288675134595,0.333333333333,0.288675134595,0.333333333333,0.288675134595,0.333333333333,0.288675134595,0.333333333333,0.288675134595,0.333333333333,0.288675134595,0.333333333333,0.288675134595,0.333333333333,0.288675134595,0.333333333333,0.288675134595,0.333333333333,0.288675134595,0.333333333333,0.288675134595,0.333333333333,0.288675134595,0.333333333333,0.288675134595,0.333333333333,0.288675134595,0.333333333333,0.288675134595,0.333333333333,0.288675134595,0.333333333333,0.288675134595,0.333333333333,0.288675134595,0.333333333333,0.288675134595,0.333333333333,0.288675134595,0.333333333333,0.288675134595,0.333333333333,0.288675134595,0.333333333333,0.288675134595,0.333333333333,0.288675134595,0.333333333333,0.288675134595,0.333333333333,0.288675134595,0.333333333333,0.288675134595,0.333333333333,0.288675134595,0.333333333333,0.288675134595,0.333333333333,0.288675134595,0.333333333333,0.288675134595,0.333333333333,0.288675134595,0.333333333333,0.288675134595,0.333333333333,0.288675134595,0.333333333333,0.288675134595,0.333333333333,0.288675134595,0.333333333333,0.288675134595,0.333333333333,0.288675134595,0.333333333333,0.288675134595,0.333333333333,0.288675134595,0.333333333333,0.288675134595,0.333333333333,0.288675134595,0.333333333333,0.288675134595,0.333333333333,0.288675134595,0.333333333333,0.288675134595,0.333333333333,0.288675134595,0.333333333333,0.288675134595,0.333333333333,0.288675134595,0.333333333333,0.288675134595,0.333333333333,0.288675134595,0.333333333333,0.288675134595,0.333333333333,0.288675134595,0.333333333333,0.288675134595,0.333333333333,0.288675134595,0.333333333333,0.288675134595,0.333333333333,0.288675134595,0.333333333333,0.288675134595,0.333333333333,0.288675134595,0.333333333333,0.288675134595,0.333333333333,0.288675134595,0.333333333333,0.288675134595,0.333333333333,0.288675134595,0.333333333333,0.288675134595,0.333333333333,0.288675134595,0.333333333333,0.288675134595,0.333333333333,0.288675134595,0.333333333333,0.288675134595,0.333333333333,0.288675134595,0.333333333333,0.288675134595,0.333333333333,0.288675134595,0.333333333333,0.288675134595,0.333333333333,0.288675134595,0.333333333333,0.288675134595,0.333333333333,0.288675134595,0.333333333333,0.288675134595,0.333333333333,0.288675134595,0.333333333333,0.288675134595,0.333333333333,0.288675134595,0.333333333333,0.288675134595,0.333333333333,0.288675134595,0.333333333333,0.288675134595,0.333333333333,0.288675134595,0.333333333333,0.288675134595,0.333333333333,0.288675134595,0.333333333333,0.288675134595,0.333333333333,0.288675134595,0.333333333333,0.288675134595,0.333333333333,0.288675134595,0.333333333333,0.288675134595,0.333333333333,0.288675134595,0.333333333333,0.288675134595,0.333333333333,0.288675134595,0.333333333333,0.288675134595,0.333333333333,0.288675134595,0.333333333333,0.288675134595,0.333333333333,0.288675134595,0.333333333333,0.288675134595,0.333333333333,0.288675134595,0.333333333333,0.288675134595,0.333333333333,0.288675134595,0.333333333333,0.288675134595,0.333333333333,0.288675134595,0.333333333333,0.288675134595,0.333333333333,0.288675134595,0.333333333333),(1.,0.866025403784,1.,0.866025403784,1.,0.866025403784,1.,0.866025403784,1.,0.866025403784,1.,0.866025403784,1.,0.866025403784,1.,0.866025403784,1.,0.866025403784,1.,0.866025403784,1.,0.866025403784,1.,0.866025403784,1.,0.866025403784,1.,0.866025403784,1.,0.866025403784,1.,0.866025403784,1.,0.866025403784,1.,0.866025403784,1.,0.866025403784,1.,0.866025403784,1.,0.866025403784,1.,0.866025403784,1.,0.866025403784,1.,0.866025403784,1.,0.866025403784,1.,0.866025403784,1.,0.866025403784,1.,0.866025403784,1.,0.866025403784,1.,0.866025403784,1.,0.866025403784,1.,0.866025403784,1.,0.866025403784,1.,0.866025403784,1.,0.866025403784,1.,0.866025403784,1.,0.866025403784,1.,0.866025403784,1.,0.866025403784,1.,0.866025403784,1.,0.866025403784,1.,0.866025403784,1.,0.866025403784,1.,0.866025403784,1.,0.866025403784,1.,0.866025403784,1.,0.866025403784,1.,0.866025403784,1.,0.866025403784,1.,0.866025403784,1.,0.866025403784,1.,0.866025403784,1.,0.866025403784,1.,0.866025403784,1.,0.866025403784,1.,0.866025403784,1.,0.866025403784,1.,0.866025403784,1.,0.866025403784,1.,0.866025403784,1.,0.866025403784,1.,0.866025403784,1.,0.866025403784,1.,0.866025403784,1.,0.866025403784,1.,0.866025403784,1.,0.866025403784,1.,0.866025403784,1.,0.866025403784,1.,0.866025403784,1.,0.866025403784,1.,0.866025403784,1.,0.866025403784,1.,0.866025403784,1.,0.866025403784,1.,0.866025403784,1.,0.866025403784,1.,0.866025403784,1.,0.866025403784,1.,0.866025403784,1.,0.866025403784,1.,0.866025403784,1.,0.866025403784,1.,0.866025403784,1.,0.866025403784,1.,0.866025403784,1.,0.866025403784,1.,0.866025403784,1.,0.866025403784,1.,0.866025403784,1.,0.866025403784,1.,0.866025403784,1.,0.866025403784,1.,0.866025403784,1.,0.866025403784,1.,0.866025403784,1.,0.866025403784,1.,0.866025403784,1.,0.866025403784,1.,0.866025403784,1.,0.866025403784,1.,0.866025403784,1.,0.866025403784,1.,0.866025403784,1.,0.866025403784,1.,0.866025403784,1.,0.866025403784,1.,0.866025403784,1.,0.866025403784,1.,0.866025403784,1.,0.866025403784,1.,0.866025403784,1.,0.866025403784,1.,0.866025403784,1.,0.866025403784,1.,0.866025403784,1.,0.866025403784,1.,0.866025403784,1.,0.866025403784,1.,0.866025403784,1.,0.866025403784,1.,0.866025403784,1.,0.866025403784,1.,0.866025403784,1.,0.866025403784,1.,0.866025403784,1.,0.866025403784,1.,0.866025403784,1.,0.866025403784,1.,0.866025403784,1.,0.866025403784,1.,0.866025403784,1.,0.866025403784,1.,0.866025403784,1.,0.866025403784,1.,0.866025403784,1.,0.866025403784,1.,0.866025403784,1.,0.866025403784,1.,0.866025403784,1.,0.866025403784,1.,0.866025403784,1.,0.866025403784,1.,0.866025403784,1.,0.866025403784,1.,0.866025403784,1.,0.866025403784,1.,0.866025403784,1.,0.866025403784,1.,0.866025403784,1.,0.866025403784,1.,0.866025403784,1.,0.866025403784,1.,0.866025403784,1.,0.866025403784,1.,0.866025403784,1.,0.866025403784,1.,0.866025403784,1.,0.866025403784,1.,0.866025403784,1.,0.866025403784,1.,0.866025403784,1.,0.866025403784,1.,0.866025403784,1.,0.866025403784,1.,0.866025403784,1.,0.866025403784,1.,0.866025403784,1.,0.866025403784,1.,0.866025403784,1.,0.866025403784,1.,0.866025403784,1.,0.866025403784,1.,0.866025403784,1.,0.866025403784,1.,0.866025403784,1.,0.866025403784,1.,0.866025403784,1.,0.866025403784,1.,0.866025403784,1.,0.866025403784,1.,0.866025403784,1.,0.866025403784,1.,0.866025403784,1.,0.866025403784,1.,0.866025403784,1.,0.866025403784,1.,0.866025403784,1.,0.866025403784,1.,0.866025403784,1.,0.866025403784,1.,0.866025403784,1.,0.866025403784,1.,0.866025403784,1.,0.866025403784,1.,0.866025403784,1.,0.866025403784,1.,0.866025403784,1.),(0.333333333333,0.288675134595,0.333333333333,0.288675134595,0.333333333333,0.288675134595,0.333333333333,0.288675134595,0.333333333333,0.288675134595,0.333333333333,0.288675134595,0.333333333333,0.288675134595,0.333333333333,0.288675134595,0.333333333333,0.288675134595,0.333333333333,0.288675134595,0.333333333333,0.288675134595,0.333333333333,0.288675134595,0.333333333333,0.288675134595,0.333333333333,0.288675134595,0.333333333333,0.288675134595,0.333333333333,0.288675134595,0.333333333333,0.288675134595,0.333333333333,0.288675134595,0.333333333333,0.288675134595,0.333333333333,0.288675134595,0.333333333333,0.288675134595,0.333333333333,0.288675134595,0.333333333333,0.288675134595,0.333333333333,0.288675134595,0.333333333333,0.288675134595,0.333333333333,0.288675134595,0.333333333333,0.288675134595,0.333333333333,0.288675134595,0.333333333333,0.288675134595,0.333333333333,0.288675134595,0.333333333333,0.288675134595,0.333333333333,0.288675134595,0.333333333333,0.288675134595,0.333333333333,0.288675134595,0.333333333333,0.288675134595,0.333333333333,0.288675134595,0.333333333333,0.288675134595,0.333333333333,0.288675134595,0.333333333333,0.288675134595,0.333333333333,0.288675134595,0.333333333333,0.288675134595,0.333333333333,0.288675134595,0.333333333333,0.288675134595,0.333333333333,0.288675134595,0.333333333333,0.288675134595,0.333333333333,0.288675134595,0.333333333333,0.288675134595,0.333333333333,0.288675134595,0.333333333333,0.288675134595,0.333333333333,0.288675134595,0.333333333333,0.288675134595,0.333333333333,0.288675134595,0.333333333333,0.288675134595,0.333333333333,0.288675134595,0.333333333333,0.288675134595,0.333333333333,0.288675134595,0.333333333333,0.288675134595,0.333333333333,0.288675134595,0.333333333333,0.288675134595,0.333333333333,0.288675134595,0.333333333333,0.288675134595,0.333333333333,0.288675134595,0.333333333333,0.288675134595,0.333333333333,0.288675134595,0.333333333333,0.288675134595,0.333333333333,0.288675134595,0.333333333333,0.288675134595,0.333333333333,0.288675134595,0.333333333333,0.288675134595,0.333333333333,0.288675134595,0.333333333333,0.288675134595,0.333333333333,0.288675134595,0.333333333333,0.288675134595,0.333333333333,0.288675134595,0.333333333333,0.288675134595,0.333333333333,0.288675134595,0.333333333333,0.288675134595,0.333333333333,0.288675134595,0.333333333333,0.288675134595,0.333333333333,0.288675134595,0.333333333333,0.288675134595,0.333333333333,0.288675134595,0.333333333333,0.288675134595,0.333333333333,0.288675134595,0.333333333333,0.288675134595,0.333333333333,0.288675134595,0.333333333333,0.288675134595,0.333333333333,0.288675134595,0.333333333333,0.288675134595,0.333333333333,0.288675134595,0.333333333333,0.288675134595,0.333333333333,0.288675134595,0.333333333333,0.288675134595,0.333333333333,0.288675134595,0.333333333333,0.288675134595,0.333333333333,0.288675134595,0.333333333333,0.288675134595,0.333333333333,0.288675134595,0.333333333333,0.288675134595,0.333333333333,0.288675134595,0.333333333333,0.288675134595,0.333333333333,0.288675134595,0.333333333333,0.288675134595,0.333333333333,0.288675134595,0.333333333333,0.288675134595,0.333333333333,0.288675134595,0.333333333333,0.288675134595,0.333333333333,0.288675134595,0.333333333333,0.288675134595,0.333333333333,0.288675134595,0.333333333333,0.288675134595,0.333333333333,0.288675134595,0.333333333333,0.288675134595,0.333333333333,0.288675134595,0.333333333333,0.288675134595,0.333333333333,0.288675134595,0.333333333333,0.288675134595,0.333333333333,0.288675134595,0.333333333333,0.288675134595,0.333333333333,0.288675134595,0.333333333333,0.288675134595,0.333333333333,0.288675134595,0.333333333333,0.288675134595,0.333333333333,0.288675134595,0.333333333333,0.288675134595,0.333333333333,0.288675134595,0.333333333333,0.288675134595,0.333333333333,0.288675134595,0.333333333333,0.288675134595,0.333333333333,0.288675134595,0.333333333333,0.288675134595,0.333333333333,0.288675134595,0.333333333333,0.288675134595,0.333333333333,0.288675134595,0.333333333333,0.288675134595,0.333333333333,0.288675134595,0.333333333333,0.288675134595,0.333333333333,0.288675134595,0.333333333333,0.288675134595,0.333333333333,0.288675134595,0.333333333333,0.288675134595,0.333333333333,0.288675134595,0.333333333333,0.288675134595,0.333333333333,0.288675134595,0.333333333333,0.288675134595,0.333333333333,0.288675134595,0.333333333333,0.288675134595,0.333333333333,0.288675134595,0.333333333333,0.288675134595,0.333333333333,0.288675134595,0.333333333333,0.288675134595,0.333333333333,0.288675134595,0.333333333333,0.288675134595,0.333333333333,0.288675134595,0.333333333333,0.288675134595,0.333333333333,0.288675134595,0.333333333333,0.288675134595,0.333333333333,0.288675134595,0.333333333333,0.288675134595,0.333333333333,0.288675134595,0.333333333333,0.288675134595,0.333333333333,0.288675134595,0.333333333333,0.288675134595,0.333333333333,0.288675134595,0.333333333333,0.288675134595,0.333333333333,0.288675134595,0.333333333333,0.288675134595,0.333333333333,0.288675134595,0.333333333333,0.288675134595,0.333333333333,0.288675134595,0.333333333333,0.288675134595,0.333333333333,0.288675134595,0.333333333333,0.288675134595,0.333333333333,0.288675134595,0.333333333333,0.288675134595,0.333333333333,0.288675134595,0.333333333333,0.288675134595,0.333333333333,0.288675134595,0.333333333333,0.288675134595,0.333333333333,0.288675134595,0.333333333333,0.288675134595,0.333333333333,0.288675134595,0.333333333333,0.288675134595,0.333333333333,0.288675134595,0.333333333333,0.288675134595,0.333333333333,0.288675134595,0.333333333333,0.288675134595,0.333333333333,0.288675134595,0.333333333333,0.288675134595,0.333333333333,0.288675134595,0.333333333333,0.288675134595,0.333333333333,0.288675134595,0.333333333333,0.288675134595,0.333333333333,0.288675134595,0.333333333333,0.288675134595,0.333333333333,0.288675134595,0.333333333333,0.288675134595,0.333333333333,0.288675134595,0.333333333333),(0.333333333333,0.288675134595,0.333333333333,0.288675134595,0.333333333333,0.288675134595,0.333333333333,0.288675134595,0.333333333333,0.288675134595,0.333333333333,0.288675134595,0.333333333333,0.288675134595,0.333333333333,0.288675134595,0.333333333333,0.288675134595,0.333333333333,0.288675134595,0.333333333333,0.288675134595,0.333333333333,0.288675134595,0.333333333333,0.288675134595,0.333333333333,0.288675134595,0.333333333333,0.288675134595,0.333333333333,0.288675134595,0.333333333333,0.288675134595,0.333333333333,0.288675134595,0.333333333333,0.288675134595,0.333333333333,0.288675134595,0.333333333333,0.288675134595,0.333333333333,0.288675134595,0.333333333333,0.288675134595,0.333333333333,0.288675134595,0.333333333333,0.288675134595,0.333333333333,0.288675134595,0.333333333333,0.288675134595,0.333333333333,0.288675134595,0.333333333333,0.288675134595,0.333333333333,0.288675134595,0.333333333333,0.288675134595,0.333333333333,0.288675134595,0.333333333333,0.288675134595,0.333333333333,0.288675134595,0.333333333333,0.288675134595,0.333333333333,0.288675134595,0.333333333333,0.288675134595,0.333333333333,0.288675134595,0.333333333333,0.288675134595,0.333333333333,0.288675134595,0.333333333333,0.288675134595,0.333333333333,0.288675134595,0.333333333333,0.288675134595,0.333333333333,0.288675134595,0.333333333333,0.288675134595,0.333333333333,0.288675134595,0.333333333333,0.288675134595,0.333333333333,0.288675134595,0.333333333333,0.288675134595,0.333333333333,0.288675134595,0.333333333333,0.288675134595,0.333333333333,0.288675134595,0.333333333333,0.288675134595,0.333333333333,0.288675134595,0.333333333333,0.288675134595,0.333333333333,0.288675134595,0.333333333333,0.288675134595,0.333333333333,0.288675134595,0.333333333333,0.288675134595,0.333333333333,0.288675134595,0.333333333333,0.288675134595,0.333333333333,0.288675134595,0.333333333333,0.288675134595,0.333333333333,0.288675134595,0.333333333333,0.288675134595,0.333333333333,0.288675134595,0.333333333333,0.288675134595,0.333333333333,0.288675134595,0.333333333333,0.288675134595,0.333333333333,0.288675134595,0.333333333333,0.288675134595,0.333333333333,0.288675134595,0.333333333333,0.288675134595,0.333333333333,0.288675134595,0.333333333333,0.288675134595,0.333333333333,0.288675134595,0.333333333333,0.288675134595,0.333333333333,0.288675134595,0.333333333333,0.288675134595,0.333333333333,0.288675134595,0.333333333333,0.288675134595,0.333333333333,0.288675134595,0.333333333333,0.288675134595,0.333333333333,0.288675134595,0.333333333333,0.288675134595,0.333333333333,0.288675134595,0.333333333333,0.288675134595,0.333333333333,0.288675134595,0.333333333333,0.288675134595,0.333333333333,0.288675134595,0.333333333333,0.288675134595,0.333333333333,0.288675134595,0.333333333333,0.288675134595,0.333333333333,0.288675134595,0.333333333333,0.288675134595,0.333333333333,0.288675134595,0.333333333333,0.288675134595,0.333333333333,0.288675134595,0.333333333333,0.288675134595,0.333333333333,0.288675134595,0.333333333333,0.288675134595,0.333333333333,0.288675134595,0.333333333333,0.288675134595,0.333333333333,0.288675134595,0.333333333333,0.288675134595,0.333333333333,0.288675134595,0.333333333333,0.288675134595,0.333333333333,0.288675134595,0.333333333333,0.288675134595,0.333333333333,0.288675134595,0.333333333333,0.288675134595,0.333333333333,0.288675134595,0.333333333333,0.288675134595,0.333333333333,0.288675134595,0.333333333333,0.288675134595,0.333333333333,0.288675134595,0.333333333333,0.288675134595,0.333333333333,0.288675134595,0.333333333333,0.288675134595,0.333333333333,0.288675134595,0.333333333333,0.288675134595,0.333333333333,0.288675134595,0.333333333333,0.288675134595,0.333333333333,0.288675134595,0.333333333333,0.288675134595,0.333333333333,0.288675134595,0.333333333333,0.288675134595,0.333333333333,0.288675134595,0.333333333333,0.288675134595,0.333333333333,0.288675134595,0.333333333333,0.288675134595,0.333333333333,0.288675134595,0.333333333333,0.288675134595,0.333333333333,0.288675134595,0.333333333333,0.288675134595,0.333333333333,0.288675134595,0.333333333333,0.288675134595,0.333333333333,0.288675134595,0.333333333333,0.288675134595,0.333333333333,0.288675134595,0.333333333333,0.288675134595,0.333333333333,0.288675134595,0.333333333333,0.288675134595,0.333333333333,0.288675134595,0.333333333333,0.288675134595,0.333333333333,0.288675134595,0.333333333333,0.288675134595,0.333333333333,0.288675134595,0.333333333333,0.288675134595,0.333333333333,0.288675134595,0.333333333333,0.288675134595,0.333333333333,0.288675134595,0.333333333333,0.288675134595,0.333333333333,0.288675134595,0.333333333333,0.288675134595,0.333333333333,0.288675134595,0.333333333333,0.288675134595,0.333333333333,0.288675134595,0.333333333333,0.288675134595,0.333333333333,0.288675134595,0.333333333333,0.288675134595,0.333333333333,0.288675134595,0.333333333333,0.288675134595,0.333333333333,0.288675134595,0.333333333333,0.288675134595,0.333333333333,0.288675134595,0.333333333333,0.288675134595,0.333333333333,0.288675134595,0.333333333333,0.288675134595,0.333333333333,0.288675134595,0.333333333333,0.288675134595,0.333333333333,0.288675134595,0.333333333333,0.288675134595,0.333333333333,0.288675134595,0.333333333333,0.288675134595,0.333333333333,0.288675134595,0.333333333333,0.288675134595,0.333333333333,0.288675134595,0.333333333333,0.288675134595,0.333333333333,0.288675134595,0.333333333333,0.288675134595,0.333333333333,0.288675134595,0.333333333333,0.288675134595,0.333333333333,0.288675134595,0.333333333333,0.288675134595,0.333333333333,0.288675134595,0.333333333333,0.288675134595,0.333333333333,0.288675134595,0.333333333333,0.288675134595,0.333333333333,0.288675134595,0.333333333333,0.288675134595,0.333333333333,0.288675134595,0.333333333333,0.288675134595,0.333333333333,0.288675134595,0.333333333333,0.288675134595,0.333333333333,0.288675134595,0.333333333333,0.288675134595,0.333333333333,0.288675134595,0.333333333333),(1.,0.866025403784,1.,0.866025403784,1.,0.866025403784,1.,0.866025403784,1.,0.866025403784,1.,0.866025403784,1.,0.866025403784,1.,0.866025403784,1.,0.866025403784,1.,0.866025403784,1.,0.866025403784,1.,0.866025403784,1.,0.866025403784,1.,0.866025403784,1.,0.866025403784,1.,0.866025403784,1.,0.866025403784,1.,0.866025403784,1.,0.866025403784,1.,0.866025403784,1.,0.866025403784,1.,0.866025403784,1.,0.866025403784,1.,0.866025403784,1.,0.866025403784,1.,0.866025403784,1.,0.866025403784,1.,0.866025403784,1.,0.866025403784,1.,0.866025403784,1.,0.866025403784,1.,0.866025403784,1.,0.866025403784,1.,0.866025403784,1.,0.866025403784,1.,0.866025403784,1.,0.866025403784,1.,0.866025403784,1.,0.866025403784,1.,0.866025403784,1.,0.866025403784,1.,0.866025403784,1.,0.866025403784,1.,0.866025403784,1.,0.866025403784,1.,0.866025403784,1.,0.866025403784,1.,0.866025403784,1.,0.866025403784,1.,0.866025403784,1.,0.866025403784,1.,0.866025403784,1.,0.866025403784,1.,0.866025403784,1.,0.866025403784,1.,0.866025403784,1.,0.866025403784,1.,0.866025403784,1.,0.866025403784,1.,0.866025403784,1.,0.866025403784,1.,0.866025403784,1.,0.866025403784,1.,0.866025403784,1.,0.866025403784,1.,0.866025403784,1.,0.866025403784,1.,0.866025403784,1.,0.866025403784,1.,0.866025403784,1.,0.866025403784,1.,0.866025403784,1.,0.866025403784,1.,0.866025403784,1.,0.866025403784,1.,0.866025403784,1.,0.866025403784,1.,0.866025403784,1.,0.866025403784,1.,0.866025403784,1.,0.866025403784,1.,0.866025403784,1.,0.866025403784,1.,0.866025403784,1.,0.866025403784,1.,0.866025403784,1.,0.866025403784,1.,0.866025403784,1.,0.866025403784,1.,0.866025403784,1.,0.866025403784,1.,0.866025403784,1.,0.866025403784,1.,0.866025403784,1.,0.866025403784,1.,0.866025403784,1.,0.866025403784,1.,0.866025403784,1.,0.866025403784,1.,0.866025403784,1.,0.866025403784,1.,0.866025403784,1.,0.866025403784,1.,0.866025403784,1.,0.866025403784,1.,0.866025403784,1.,0.866025403784,1.,0.866025403784,1.,0.866025403784,1.,0.866025403784,1.,0.866025403784,1.,0.866025403784,1.,0.866025403784,1.,0.866025403784,1.,0.866025403784,1.,0.866025403784,1.,0.866025403784,1.,0.866025403784,1.,0.866025403784,1.,0.866025403784,1.,0.866025403784,1.,0.866025403784,1.,0.866025403784,1.,0.866025403784,1.,0.866025403784,1.,0.866025403784,1.,0.866025403784,1.,0.866025403784,1.,0.866025403784,1.,0.866025403784,1.,0.866025403784,1.,0.866025403784,1.,0.866025403784,1.,0.866025403784,1.,0.866025403784,1.,0.866025403784,1.,0.866025403784,1.,0.866025403784,1.,0.866025403784,1.,0.866025403784,1.,0.866025403784,1.,0.866025403784,1.,0.866025403784,1.,0.866025403784,1.,0.866025403784,1.,0.866025403784,1.,0.866025403784,1.,0.866025403784,1.,0.866025403784,1.,0.866025403784,1.,0.866025403784,1.,0.866025403784,1.,0.866025403784,1.,0.866025403784,1.,0.866025403784,1.,0.866025403784,1.,0.866025403784,1.,0.866025403784,1.,0.866025403784,1.,0.866025403784,1.,0.866025403784,1.,0.866025403784,1.,0.866025403784,1.,0.866025403784,1.,0.866025403784,1.,0.866025403784,1.,0.866025403784,1.,0.866025403784,1.,0.866025403784,1.,0.866025403784,1.,0.866025403784,1.,0.866025403784,1.,0.866025403784,1.,0.866025403784,1.,0.866025403784,1.,0.866025403784,1.,0.866025403784,1.,0.866025403784,1.,0.866025403784,1.,0.866025403784,1.,0.866025403784,1.,0.866025403784,1.,0.866025403784,1.,0.866025403784,1.,0.866025403784,1.,0.866025403784,1.,0.866025403784,1.,0.866025403784,1.,0.866025403784,1.,0.866025403784,1.,0.866025403784,1.,0.866025403784,1.,0.866025403784,1.,0.866025403784,1.,0.866025403784,1.,0.866025403784,1.,0.866025403784,1.,0.866025403784,1.)))REPRESENTATION_ITEM('')SURFACE());
#4188=ADVANCED_FACE('',(#1407),#4187,.T.);
#4189=OPEN_SHELL('',(#4188));
#4191=COLOUR_RGB($,0.2,0.2,0.2);
#4192=FILL_AREA_STYLE_COLOUR('',#4191);
#4193=FILL_AREA_STYLE('',(#4192));
#4194=SURFACE_STYLE_FILL_AREA(#4193);
#4195=SURFACE_SIDE_STYLE('',(#4194));
#4196=SURFACE_STYLE_USAGE(.BOTH.,#4195);
#4197=PRESENTATION_STYLE_ASSIGNMENT((#4196));
#4198=STYLED_ITEM('',(#4197),#4190);
#4190=SHELL_BASED_SURFACE_MODEL('shell_4189',(#4189));
#4199=CARTESIAN_POINT('',(255.,3.75,0.));
#4200=VERTEX_POINT('',#4199);
#4201=CARTESIAN_POINT('',(255.,3.75,0.));
#4202=VERTEX_POINT('',#4201);
#4203=CARTESIAN_POINT('',(255.,5.,0.));
#4204=DIRECTION('',(-1.,0.,0.));
#4205=DIRECTION('',(0.,-1.,0.));
#4206=AXIS2_PLACEMENT_3D('',#4203,#4204,#4205);
#4207=CIRCLE('',#4206,1.25);
#4208=EDGE_CURVE('',#4200,#4202,#4207,.T.);
#4209=ORIENTED_EDGE('',*,*,#4208,.T.);
#4210=CARTESIAN_POINT('',(255.,3.75,0.));
#4211=VERTEX_POINT('',#4210);
#4212=CARTESIAN_POINT('',(232.5,3.75,0.));
#4213=VERTEX_POINT('',#4212);
#4214=DIRECTION('',(-1.,0.,0.));
#4215=VECTOR('',#4214,22.5);
#4216=CARTESIAN_POINT('',(255.,3.75,0.));
#4217=LINE('',#4216,#4215);
#4218=EDGE_CURVE('',#4211,#4213,#4217,.T.);
#4219=ORIENTED_EDGE('',*,*,#4218,.T.);
#4220=CARTESIAN_POINT('',(232.5,3.75,0.));
#4221=VERTEX_POINT('',#4220);
#4222=CARTESIAN_POINT('',(232.5,6.25,0.));
#4223=VERTEX_POINT('',#4222);
#4224=CARTESIAN_POINT('',(232.5,5.,0.));
#4225=DIRECTION('',(1.,0.,0.));
#4226=DIRECTION('',(0.,-1.,0.));
#4227=AXIS2_PLACEMENT_3D('',#4224,#4225,#4226);
#4228=CIRCLE('',#4227,1.25);
#4229=EDGE_CURVE('',#4221,#4223,#4228,.T.);
#4230=ORIENTED_EDGE('',*,*,#4229,.T.);
#4231=CARTESIAN_POINT('',(232.5,6.25,0.));
#4232=VERTEX_POINT('',#4231);
#4233=CARTESIAN_POINT('',(232.5,3.75,0.));
#4234=VERTEX_POINT('',#4233);
#4235=CARTESIAN_POINT('',(232.5,5.,0.));
#4236=DIRECTION('',(1.,0.,0.));
#4237=DIRECTION('',(0.,-1.,0.));
#4238=AXIS2_PLACEMENT_3D('',#4235,#4236,#4237);
#4239=CIRCLE('',#4238,1.25);
#4240=EDGE_CURVE('',#4232,#4234,#4239,.T.);
#4241=ORIENTED_EDGE('',*,*,#4240,.T.);
#4242=CARTESIAN_POINT('',(232.5,3.75,0.));
#4243=VERTEX_POINT('',#4242);
#4244=CARTESIAN_POINT('',(255.,3.75,0.));
#4245=VERTEX_POINT('',#4244);
#4246=DIRECTION('',(1.,0.,0.));
#4247=VECTOR('',#4246,22.5);
#4248=CARTESIAN_POINT('',(232.5,3.75,0.));
#4249=LINE('',#4248,#4247);
#4250=EDGE_CURVE('',#4243,#4245,#4249,.T.);
#4251=ORIENTED_EDGE('',*,*,#4250,.T.);
#4252=EDGE_LOOP('',(#4209,#4219,#4230,#4241,#4251));
#4253=FACE_OUTER_BOUND('',#4252,.T.);
#4254=DIRECTION('',(1.,0.,0.));
#4255=VECTOR('',#4254,22.95);
#4256=CARTESIAN_POINT('',(232.275,3.75,0.));
#4257=LINE('',#4256,#4255);
#4258=CARTESIAN_POINT('',(232.275,5.,0.));
#4259=DIRECTION('',(1.,0.,0.));
#4260=AXIS1_PLACEMENT('Revolution Surface Axis1P',#4258,#4259);
#4261=SURFACE_OF_REVOLUTION('Surface of Revolution',#4257,#4260);
#4262=ADVANCED_FACE('',(#4253),#4261,.T.);
#4263=OPEN_SHELL('',(#4262));
#4265=COLOUR_RGB($,0.2,0.2,0.2);
#4266=FILL_AREA_STYLE_COLOUR('',#4265);
#4267=FILL_AREA_STYLE('',(#4266));
#4268=SURFACE_STYLE_FILL_AREA(#4267);
#4269=SURFACE_SIDE_STYLE('',(#4268));
#4270=SURFACE_STYLE_USAGE(.BOTH.,#4269);
#4271=PRESENTATION_STYLE_ASSIGNMENT((#4270));
#4272=STYLED_ITEM('',(#4271),#4264);
#4264=SHELL_BASED_SURFACE_MODEL('shell_4263',(#4263));
#4273=CARTESIAN_POINT('',(232.25,3.5,0.));
#4274=VERTEX_POINT('',#4273);
#4275=CARTESIAN_POINT('',(229.75,3.5,0.));
#4276=VERTEX_POINT('',#4275);
#4277=CARTESIAN_POINT('',(231.,3.5,0.));
#4278=DIRECTION('',(0.,-1.,0.));
#4279=DIRECTION('',(1.,0.,0.));
#4280=AXIS2_PLACEMENT_3D('',#4277,#4278,#4279);
#4281=CIRCLE('',#4280,1.25);
#4282=EDGE_CURVE('',#4274,#4276,#4281,.T.);
#4283=ORIENTED_EDGE('',*,*,#4282,.T.);
#4284=CARTESIAN_POINT('',(229.75,3.5,0.));
#4285=VERTEX_POINT('',#4284);
#4286=CARTESIAN_POINT('',(231.,3.5,-1.25));
#4287=VERTEX_POINT('',#4286);
#4288=CARTESIAN_POINT('',(231.,3.5,0.));
#4289=DIRECTION('',(0.,-1.,0.));
#4290=DIRECTION('',(1.,0.,0.));
#4291=AXIS2_PLACEMENT_3D('',#4288,#4289,#4290);
#4292=CIRCLE('',#4291,1.25);
#4293=EDGE_CURVE('',#4285,#4287,#4292,.T.);
#4294=ORIENTED_EDGE('',*,*,#4293,.T.);
#4295=CARTESIAN_POINT('',(231.,3.5,-1.25));
#4296=VERTEX_POINT('',#4295);
#4297=CARTESIAN_POINT('',(231.,2.5,-1.25));
#4298=VERTEX_POINT('',#4297);
#4299=DIRECTION('',(0.,-1.,0.));
#4300=VECTOR('',#4299,1.);
#4301=CARTESIAN_POINT('',(231.,3.5,-1.25));
#4302=LINE('',#4301,#4300);
#4303=EDGE_CURVE('',#4296,#4298,#4302,.T.);
#4304=ORIENTED_EDGE('',*,*,#4303,.T.);
#4305=CARTESIAN_POINT('',(231.,2.5,-1.25));
#4306=VERTEX_POINT('',#4305);
#4307=CARTESIAN_POINT('',(232.25,2.5,0.));
#4308=VERTEX_POINT('',#4307);
#4309=CARTESIAN_POINT('',(231.,2.5,0.));
#4310=DIRECTION('',(0.,1.,0.));
#4311=DIRECTION('',(1.,0.,0.));
#4312=AXIS2_PLACEMENT_3D('',#4309,#4310,#4311);
#4313=CIRCLE('',#4312,1.25);
#4314=EDGE_CURVE('',#4306,#4308,#4313,.T.);
#4315=ORIENTED_EDGE('',*,*,#4314,.T.);
#4316=CARTESIAN_POINT('',(232.25,2.5,0.));
#4317=VERTEX_POINT('',#4316);
#4318=CARTESIAN_POINT('',(231.,2.5,-1.25));
#4319=VERTEX_POINT('',#4318);
#4320=CARTESIAN_POINT('',(231.,2.5,0.));
#4321=DIRECTION('',(0.,1.,0.));
#4322=DIRECTION('',(1.,0.,0.));
#4323=AXIS2_PLACEMENT_3D('',#4320,#4321,#4322);
#4324=CIRCLE('',#4323,1.25);
#4325=EDGE_CURVE('',#4317,#4319,#4324,.T.);
#4326=ORIENTED_EDGE('',*,*,#4325,.T.);
#4327=CARTESIAN_POINT('',(231.,2.5,-1.25));
#4328=VERTEX_POINT('',#4327);
#4329=CARTESIAN_POINT('',(231.,3.5,-1.25));
#4330=VERTEX_POINT('',#4329);
#4331=DIRECTION('',(0.,1.,0.));
#4332=VECTOR('',#4331,1.);
#4333=CARTESIAN_POINT('',(231.,2.5,-1.25));
#4334=LINE('',#4333,#4332);
#4335=EDGE_CURVE('',#4328,#4330,#4334,.T.);
#4336=ORIENTED_EDGE('',*,*,#4335,.T.);
#4337=CARTESIAN_POINT('',(231.,3.5,-1.25));
#4338=VERTEX_POINT('',#4337);
#4339=CARTESIAN_POINT('',(232.25,3.5,0.));
#4340=VERTEX_POINT('',#4339);
#4341=CARTESIAN_POINT('',(231.,3.5,0.));
#4342=DIRECTION('',(0.,-1.,0.));
#4343=DIRECTION('',(1.,0.,0.));
#4344=AXIS2_PLACEMENT_3D('',#4341,#4342,#4343);
#4345=CIRCLE('',#4344,1.25);
#4346=EDGE_CURVE('',#4338,#4340,#4345,.T.);
#4347=ORIENTED_EDGE('',*,*,#4346,.T.);
#4348=EDGE_LOOP('',(#4283,#4294,#4304,#4315,#4326,#4336,#4347));
#4349=FACE_OUTER_BOUND('',#4348,.T.);
#4350=DIRECTION('',(0.,1.,0.));
#4351=VECTOR('',#4350,1.02);
#4352=CARTESIAN_POINT('',(231.,2.49,-1.25));
#4353=LINE('',#4352,#4351);
#4354=CARTESIAN_POINT('',(231.,2.49,0.));
#4355=DIRECTION('',(0.,1.,0.));
#4356=AXIS1_PLACEMENT('Revolution Surface Axis1P',#4354,#4355);
#4357=SURFACE_OF_REVOLUTION('Surface of Revolution',#4353,#4356);
#4358=ADVANCED_FACE('',(#4349),#4357,.T.);
#4359=OPEN_SHELL('',(#4358));
#4361=COLOUR_RGB($,0.2,0.2,0.2);
#4362=FILL_AREA_STYLE_COLOUR('',#4361);
#4363=FILL_AREA_STYLE('',(#4362));
#4364=SURFACE_STYLE_FILL_AREA(#4363);
#4365=SURFACE_SIDE_STYLE('',(#4364));
#4366=SURFACE_STYLE_USAGE(.BOTH.,#4365);
#4367=PRESENTATION_STYLE_ASSIGNMENT((#4366));
#4368=STYLED_ITEM('',(#4367),#4360);
#4360=SHELL_BASED_SURFACE_MODEL('shell_4359',(#4359));
#4369=CARTESIAN_POINT('',(11.,-1.25,-1.5));
#4370=VERTEX_POINT('',#4369);
#4371=CARTESIAN_POINT('',(11.,0.,-1.5));
#4372=VERTEX_POINT('',#4371);
#4373=DIRECTION('',(0.,1.,0.));
#4374=VECTOR('',#4373,1.25);
#4375=CARTESIAN_POINT('',(11.,-1.25,-1.5));
#4376=LINE('',#4375,#4374);
#4377=EDGE_CURVE('',#4370,#4372,#4376,.T.);
#4378=ORIENTED_EDGE('',*,*,#4377,.T.);
#4379=CARTESIAN_POINT('',(11.,0.,-1.5));
#4380=VERTEX_POINT('',#4379);
#4381=CARTESIAN_POINT('',(11.,0.,1.5));
#4382=VERTEX_POINT('',#4381);
#4383=CARTESIAN_POINT('',(11.,0.,0.));
#4384=DIRECTION('',(1.,0.,0.));
#4385=DIRECTION('',(0.,0.,1.));
#4386=AXIS2_PLACEMENT_3D('',#4383,#4384,#4385);
#4387=CIRCLE('',#4386,1.5);
#4388=EDGE_CURVE('',#4380,#4382,#4387,.T.);
#4389=ORIENTED_EDGE('',*,*,#4388,.T.);
#4390=CARTESIAN_POINT('',(11.,0.,1.5));
#4391=VERTEX_POINT('',#4390);
#4392=CARTESIAN_POINT('',(11.,-1.25,1.5));
#4393=VERTEX_POINT('',#4392);
#4394=DIRECTION('',(0.,-1.,0.));
#4395=VECTOR('',#4394,1.25);
#4396=CARTESIAN_POINT('',(11.,0.,1.5));
#4397=LINE('',#4396,#4395);
#4398=EDGE_CURVE('',#4391,#4393,#4397,.T.);
#4399=ORIENTED_EDGE('',*,*,#4398,.T.);
#4400=CARTESIAN_POINT('',(11.,-1.25,1.5));
#4401=VERTEX_POINT('',#4400);
#4402=CARTESIAN_POINT('',(11.,-1.25,0.));
#4403=VERTEX_POINT('',#4402);
#4404=DIRECTION('',(0.,0.,-1.));
#4405=VECTOR('',#4404,1.5);
#4406=CARTESIAN_POINT('',(11.,-1.25,1.5));
#4407=LINE('',#4406,#4405);
#4408=EDGE_CURVE('',#4401,#4403,#4407,.T.);
#4409=ORIENTED_EDGE('',*,*,#4408,.T.);
#4410=CARTESIAN_POINT('',(11.,-1.25,0.));
#4411=VERTEX_POINT('',#4410);
#4412=CARTESIAN_POINT('',(11.,0.,-1.25));
#4413=VERTEX_POINT('',#4412);
#4414=CARTESIAN_POINT('',(11.,0.,0.));
#4415=DIRECTION('',(-1.,0.,0.));
#4416=DIRECTION('',(0.,-1.,0.));
#4417=AXIS2_PLACEMENT_3D('',#4414,#4415,#4416);
#4418=CIRCLE('',#4417,1.25);
#4419=EDGE_CURVE('',#4411,#4413,#4418,.T.);
#4420=ORIENTED_EDGE('',*,*,#4419,.T.);
#4421=CARTESIAN_POINT('',(11.,0.,-1.25));
#4422=VERTEX_POINT('',#4421);
#4423=CARTESIAN_POINT('',(11.,-1.25,0.));
#4424=VERTEX_POINT('',#4423);
#4425=CARTESIAN_POINT('',(11.,0.,0.));
#4426=DIRECTION('',(-1.,0.,0.));
#4427=DIRECTION('',(0.,-1.,0.));
#4428=AXIS2_PLACEMENT_3D('',#4425,#4426,#4427);
#4429=CIRCLE('',#4428,1.25);
#4430=EDGE_CURVE('',#4422,#4424,#4429,.T.);
#4431=ORIENTED_EDGE('',*,*,#4430,.T.);
#4432=CARTESIAN_POINT('',(11.,-1.25,0.));
#4433=VERTEX_POINT('',#4432);
#4434=CARTESIAN_POINT('',(11.,-1.25,-1.5));
#4435=VERTEX_POINT('',#4434);
#4436=DIRECTION('',(0.,0.,-1.));
#4437=VECTOR('',#4436,1.5);
#4438=CARTESIAN_POINT('',(11.,-1.25,0.));
#4439=LINE('',#4438,#4437);
#4440=EDGE_CURVE('',#4433,#4435,#4439,.T.);
#4441=ORIENTED_EDGE('',*,*,#4440,.T.);
#4442=EDGE_LOOP('',(#4378,#4389,#4399,#4409,#4420,#4431,#4441));
#4443=FACE_OUTER_BOUND('',#4442,.T.);
#4444=CARTESIAN_POINT('',(11.,-1.25,1.5));
#4445=DIRECTION('',(1.,0.,0.));
#4446=DIRECTION('',(0.,0.,0.));
#4447=AXIS2_PLACEMENT_3D('',#4444,#4445,#4446);
#4448=PLANE('',#4447);
#4449=ADVANCED_FACE('',(#4443),#4448,.T.);
#4450=OPEN_SHELL('',(#4449));
#4452=COLOUR_RGB($,0.686274509804,0.76862745098,0.866666666667);
#4453=FILL_AREA_STYLE_COLOUR('',#4452);
#4454=FILL_AREA_STYLE('',(#4453));
#4455=SURFACE_STYLE_FILL_AREA(#4454);
#4456=SURFACE_SIDE_STYLE('',(#4455));
#4457=SURFACE_STYLE_USAGE(.BOTH.,#4456);
#4458=PRESENTATION_STYLE_ASSIGNMENT((#4457));
#4459=STYLED_ITEM('',(#4458),#4451);
#4451=SHELL_BASED_SURFACE_MODEL('shell_4450',(#4450));
#4460=CARTESIAN_POINT('',(232.25,3.5,0.));
#4461=VERTEX_POINT('',#4460);
#4462=CARTESIAN_POINT('',(231.,3.5,-1.25));
#4463=VERTEX_POINT('',#4462);
#4464=CARTESIAN_POINT('',(231.,3.5,0.));
#4465=DIRECTION('',(0.,1.,0.));
#4466=DIRECTION('',(1.,0.,0.));
#4467=AXIS2_PLACEMENT_3D('',#4464,#4465,#4466);
#4468=CIRCLE('',#4467,1.25);
#4469=EDGE_CURVE('',#4461,#4463,#4468,.T.);
#4470=ORIENTED_EDGE('',*,*,#4469,.T.);
#4471=CARTESIAN_POINT('',(231.,3.5,-1.25));
#4472=VERTEX_POINT('',#4471);
#4473=CARTESIAN_POINT('',(229.75,3.5,0.));
#4474=VERTEX_POINT('',#4473);
#4475=CARTESIAN_POINT('',(231.,3.5,0.));
#4476=DIRECTION('',(0.,1.,0.));
#4477=DIRECTION('',(1.,0.,0.));
#4478=AXIS2_PLACEMENT_3D('',#4475,#4476,#4477);
#4479=CIRCLE('',#4478,1.25);
#4480=EDGE_CURVE('',#4472,#4474,#4479,.T.);
#4481=ORIENTED_EDGE('',*,*,#4480,.T.);
#4482=CARTESIAN_POINT('',(229.75,3.5,0.));
#4483=VERTEX_POINT('',#4482);
#4484=CARTESIAN_POINT('',(232.5,6.25,0.));
#4485=VERTEX_POINT('',#4484);
#4486=CARTESIAN_POINT('',(232.5,3.5,0.));
#4487=DIRECTION('',(0.,0.,-1.));
#4488=DIRECTION('',(1.,0.,0.));
#4489=AXIS2_PLACEMENT_3D('',#4486,#4487,#4488);
#4490=CIRCLE('',#4489,2.75);
#4491=EDGE_CURVE('',#4483,#4485,#4490,.T.);
#4492=ORIENTED_EDGE('',*,*,#4491,.T.);
#4493=CARTESIAN_POINT('',(232.5,6.25,0.));
#4494=VERTEX_POINT('',#4493);
#4495=CARTESIAN_POINT('',(232.5,3.75,0.));
#4496=VERTEX_POINT('',#4495);
#4497=CARTESIAN_POINT('',(232.5,5.,0.));
#4498=DIRECTION('',(-1.,0.,0.));
#4499=DIRECTION('',(0.,-1.,0.));
#4500=AXIS2_PLACEMENT_3D('',#4497,#4498,#4499);
#4501=CIRCLE('',#4500,1.25);
#4502=EDGE_CURVE('',#4494,#4496,#4501,.T.);
#4503=ORIENTED_EDGE('',*,*,#4502,.T.);
#4504=CARTESIAN_POINT('',(232.5,3.75,0.));
#4505=VERTEX_POINT('',#4504);
#4506=CARTESIAN_POINT('',(232.5,6.25,0.));
#4507=VERTEX_POINT('',#4506);
#4508=CARTESIAN_POINT('',(232.5,5.,0.));
#4509=DIRECTION('',(-1.,0.,0.));
#4510=DIRECTION('',(0.,-1.,0.));
#4511=AXIS2_PLACEMENT_3D('',#4508,#4509,#4510);
#4512=CIRCLE('',#4511,1.25);
#4513=EDGE_CURVE('',#4505,#4507,#4512,.T.);
#4514=ORIENTED_EDGE('',*,*,#4513,.T.);
#4515=CARTESIAN_POINT('',(232.5,6.25,0.));
#4516=VERTEX_POINT('',#4515);
#4517=CARTESIAN_POINT('',(229.75,3.5,0.));
#4518=VERTEX_POINT('',#4517);
#4519=CARTESIAN_POINT('',(232.5,3.5,0.));
#4520=DIRECTION('',(0.,0.,1.));
#4521=DIRECTION('',(1.,0.,0.));
#4522=AXIS2_PLACEMENT_3D('',#4519,#4520,#4521);
#4523=CIRCLE('',#4522,2.75);
#4524=EDGE_CURVE('',#4516,#4518,#4523,.T.);
#4525=ORIENTED_EDGE('',*,*,#4524,.T.);
#4526=CARTESIAN_POINT('',(229.75,3.5,0.));
#4527=VERTEX_POINT('',#4526);
#4528=CARTESIAN_POINT('',(232.25,3.5,0.));
#4529=VERTEX_POINT('',#4528);
#4530=CARTESIAN_POINT('',(231.,3.5,0.));
#4531=DIRECTION('',(0.,1.,0.));
#4532=DIRECTION('',(1.,0.,0.));
#4533=AXIS2_PLACEMENT_3D('',#4530,#4531,#4532);
#4534=CIRCLE('',#4533,1.25);
#4535=EDGE_CURVE('',#4527,#4529,#4534,.T.);
#4536=ORIENTED_EDGE('',*,*,#4535,.T.);
#4537=EDGE_LOOP('',(#4470,#4481,#4492,#4503,#4514,#4525,#4536));
#4538=FACE_OUTER_BOUND('',#4537,.T.);
#4539=CARTESIAN_POINT('',(234.,3.5,0.));
#4540=DIRECTION('',(0.,-1.,0.));
#4541=DIRECTION('',(1.,0.,0.));
#4542=AXIS2_PLACEMENT_3D('',#4539,#4540,#4541);
#4543=CIRCLE('',#4542,1.25);
#4544=CARTESIAN_POINT('',(232.5,3.5,0.));
#4545=DIRECTION('',(0.,0.,1.));
#4546=AXIS1_PLACEMENT('Revolution Surface Axis1P',#4544,#4545);
#4547=SURFACE_OF_REVOLUTION('Surface of Revolution',#4543,#4546);
#4548=ADVANCED_FACE('',(#4538),#4547,.T.);
#4549=OPEN_SHELL('',(#4548));
#4551=COLOUR_RGB($,0.2,0.2,0.2);
#4552=FILL_AREA_STYLE_COLOUR('',#4551);
#4553=FILL_AREA_STYLE('',(#4552));
#4554=SURFACE_STYLE_FILL_AREA(#4553);
#4555=SURFACE_SIDE_STYLE('',(#4554));
#4556=SURFACE_STYLE_USAGE(.BOTH.,#4555);
#4557=PRESENTATION_STYLE_ASSIGNMENT((#4556));
#4558=STYLED_ITEM('',(#4557),#4550);
#4550=SHELL_BASED_SURFACE_MODEL('shell_4549',(#4549));
#4559=CARTESIAN_POINT('',(11.,0.,1.5));
#4560=VERTEX_POINT('',#4559);
#4561=CARTESIAN_POINT('',(7.,0.,1.5));
#4562=VERTEX_POINT('',#4561);
#4563=DIRECTION('',(-1.,0.,0.));
#4564=VECTOR('',#4563,4.);
#4565=CARTESIAN_POINT('',(11.,0.,1.5));
#4566=LINE('',#4565,#4564);
#4567=EDGE_CURVE('',#4560,#4562,#4566,.T.);
#4568=ORIENTED_EDGE('',*,*,#4567,.T.);
#4569=CARTESIAN_POINT('',(7.,0.,1.5));
#4570=VERTEX_POINT('',#4569);
#4571=CARTESIAN_POINT('',(7.,-1.25,1.5));
#4572=VERTEX_POINT('',#4571);
#4573=DIRECTION('',(0.,-1.,0.));
#4574=VECTOR('',#4573,1.25);
#4575=CARTESIAN_POINT('',(7.,0.,1.5));
#4576=LINE('',#4575,#4574);
#4577=EDGE_CURVE('',#4570,#4572,#4576,.T.);
#4578=ORIENTED_EDGE('',*,*,#4577,.T.);
#4579=CARTESIAN_POINT('',(7.,-1.25,1.5));
#4580=VERTEX_POINT('',#4579);
#4581=CARTESIAN_POINT('',(11.,-1.25,1.5));
#4582=VERTEX_POINT('',#4581);
#4583=DIRECTION('',(1.,0.,0.));
#4584=VECTOR('',#4583,4.);
#4585=CARTESIAN_POINT('',(7.,-1.25,1.5));
#4586=LINE('',#4585,#4584);
#4587=EDGE_CURVE('',#4580,#4582,#4586,.T.);
#4588=ORIENTED_EDGE('',*,*,#4587,.T.);
#4589=CARTESIAN_POINT('',(11.,-1.25,1.5));
#4590=VERTEX_POINT('',#4589);
#4591=CARTESIAN_POINT('',(11.,0.,1.5));
#4592=VERTEX_POINT('',#4591);
#4593=DIRECTION('',(0.,1.,0.));
#4594=VECTOR('',#4593,1.25);
#4595=CARTESIAN_POINT('',(11.,-1.25,1.5));
#4596=LINE('',#4595,#4594);
#4597=EDGE_CURVE('',#4590,#4592,#4596,.T.);
#4598=ORIENTED_EDGE('',*,*,#4597,.T.);
#4599=EDGE_LOOP('',(#4568,#4578,#4588,#4598));
#4600=FACE_OUTER_BOUND('',#4599,.T.);
#4601=CARTESIAN_POINT('',(7.,-1.25,1.5));
#4602=DIRECTION('',(0.,0.,1.));
#4603=DIRECTION('',(0.,0.,0.));
#4604=AXIS2_PLACEMENT_3D('',#4601,#4602,#4603);
#4605=PLANE('',#4604);
#4606=ADVANCED_FACE('',(#4600),#4605,.T.);
#4607=OPEN_SHELL('',(#4606));
#4609=COLOUR_RGB($,0.686274509804,0.76862745098,0.866666666667);
#4610=FILL_AREA_STYLE_COLOUR('',#4609);
#4611=FILL_AREA_STYLE('',(#4610));
#4612=SURFACE_STYLE_FILL_AREA(#4611);
#4613=SURFACE_SIDE_STYLE('',(#4612));
#4614=SURFACE_STYLE_USAGE(.BOTH.,#4613);
#4615=PRESENTATION_STYLE_ASSIGNMENT((#4614));
#4616=STYLED_ITEM('',(#4615),#4608);
#4608=SHELL_BASED_SURFACE_MODEL('shell_4607',(#4607));
#4617=CARTESIAN_POINT('',(7.,0.,1.5));
#4618=VERTEX_POINT('',#4617);
#4619=CARTESIAN_POINT('',(1.490282414417,0.,3.712015399386));
#4620=VERTEX_POINT('',#4619);
#4621=DIRECTION('',(-0.928003849846,0.,0.372570603604));
#4622=VECTOR('',#4621,5.937171043519);
#4623=CARTESIAN_POINT('',(7.,0.,1.5));
#4624=LINE('',#4623,#4622);
#4625=EDGE_CURVE('',#4618,#4620,#4624,.T.);
#4626=ORIENTED_EDGE('',*,*,#4625,.T.);
#4627=CARTESIAN_POINT('',(1.490282414417,0.,3.712015399386));
#4628=VERTEX_POINT('',#4627);
#4629=CARTESIAN_POINT('',(1.490282414417,-1.25,3.712015399386));
#4630=VERTEX_POINT('',#4629);
#4631=DIRECTION('',(0.,-1.,0.));
#4632=VECTOR('',#4631,1.25);
#4633=CARTESIAN_POINT('',(1.490282414417,0.,3.712015399386));
#4634=LINE('',#4633,#4632);
#4635=EDGE_CURVE('',#4628,#4630,#4634,.T.);
#4636=ORIENTED_EDGE('',*,*,#4635,.T.);
#4637=CARTESIAN_POINT('',(1.490282414417,-1.25,3.712015399386));
#4638=VERTEX_POINT('',#4637);
#4639=CARTESIAN_POINT('',(7.,-1.25,1.5));
#4640=VERTEX_POINT('',#4639);
#4641=DIRECTION('',(0.928003849846,0.,-0.372570603604));
#4642=VECTOR('',#4641,5.937171043519);
#4643=CARTESIAN_POINT('',(1.490282414417,-1.25,3.712015399386));
#4644=LINE('',#4643,#4642);
#4645=EDGE_CURVE('',#4638,#4640,#4644,.T.);
#4646=ORIENTED_EDGE('',*,*,#4645,.T.);
#4647=CARTESIAN_POINT('',(7.,-1.25,1.5));
#4648=VERTEX_POINT('',#4647);
#4649=CARTESIAN_POINT('',(7.,0.,1.5));
#4650=VERTEX_POINT('',#4649);
#4651=DIRECTION('',(0.,1.,0.));
#4652=VECTOR('',#4651,1.25);
#4653=CARTESIAN_POINT('',(7.,-1.25,1.5));
#4654=LINE('',#4653,#4652);
#4655=EDGE_CURVE('',#4648,#4650,#4654,.T.);
#4656=ORIENTED_EDGE('',*,*,#4655,.T.);
#4657=EDGE_LOOP('',(#4626,#4636,#4646,#4656));
#4658=FACE_OUTER_BOUND('',#4657,.T.);
#4659=CARTESIAN_POINT('',(7.,-1.25,1.5));
#4660=DIRECTION('',(0.372570603604,0.,0.928003849846));
#4661=DIRECTION('',(0.,0.,0.));
#4662=AXIS2_PLACEMENT_3D('',#4659,#4660,#4661);
#4663=PLANE('',#4662);
#4664=ADVANCED_FACE('',(#4658),#4663,.T.);
#4665=OPEN_SHELL('',(#4664));
#4667=COLOUR_RGB($,0.686274509804,0.76862745098,0.866666666667);
#4668=FILL_AREA_STYLE_COLOUR('',#4667);
#4669=FILL_AREA_STYLE('',(#4668));
#4670=SURFACE_STYLE_FILL_AREA(#4669);
#4671=SURFACE_SIDE_STYLE('',(#4670));
#4672=SURFACE_STYLE_USAGE(.BOTH.,#4671);
#4673=PRESENTATION_STYLE_ASSIGNMENT((#4672));
#4674=STYLED_ITEM('',(#4673),#4666);
#4666=SHELL_BASED_SURFACE_MODEL('shell_4665',(#4665));
#4675=CARTESIAN_POINT('',(1.490282414417,0.,3.712015399386));
#4676=VERTEX_POINT('',#4675);
#4677=CARTESIAN_POINT('',(1.490282414417,0.,-3.712015399386));
#4678=VERTEX_POINT('',#4677);
#4679=CARTESIAN_POINT('',(0.,0.,0.));
#4680=DIRECTION('',(0.,-1.,0.));
#4681=DIRECTION('',(1.,0.,0.));
#4682=AXIS2_PLACEMENT_3D('',#4679,#4680,#4681);
#4683=CIRCLE('',#4682,4.);
#4684=EDGE_CURVE('',#4676,#4678,#4683,.T.);
#4685=ORIENTED_EDGE('',*,*,#4684,.T.);
#4686=CARTESIAN_POINT('',(1.490282414417,0.,-3.712015399386));
#4687=VERTEX_POINT('',#4686);
#4688=CARTESIAN_POINT('',(1.490282414417,-1.25,-3.712015399386));
#4689=VERTEX_POINT('',#4688);
#4690=DIRECTION('',(0.,-1.,0.));
#4691=VECTOR('',#4690,1.25);
#4692=CARTESIAN_POINT('',(1.490282414417,0.,-3.712015399386));
#4693=LINE('',#4692,#4691);
#4694=EDGE_CURVE('',#4687,#4689,#4693,.T.);
#4695=ORIENTED_EDGE('',*,*,#4694,.T.);
#4696=CARTESIAN_POINT('',(1.490282414417,-1.25,-3.712015399386));
#4697=VERTEX_POINT('',#4696);
#4698=CARTESIAN_POINT('',(1.490282414417,-1.25,3.712015399386));
#4699=VERTEX_POINT('',#4698);
#4700=CARTESIAN_POINT('',(0.,-1.25,0.));
#4701=DIRECTION('',(0.,1.,0.));
#4702=DIRECTION('',(1.,0.,0.));
#4703=AXIS2_PLACEMENT_3D('',#4700,#4701,#4702);
#4704=CIRCLE('',#4703,4.);
#4705=EDGE_CURVE('',#4697,#4699,#4704,.T.);
#4706=ORIENTED_EDGE('',*,*,#4705,.T.);
#4707=CARTESIAN_POINT('',(1.490282414417,-1.25,3.712015399386));
#4708=VERTEX_POINT('',#4707);
#4709=CARTESIAN_POINT('',(1.490282414417,0.,3.712015399386));
#4710=VERTEX_POINT('',#4709);
#4711=DIRECTION('',(0.,1.,0.));
#4712=VECTOR('',#4711,1.25);
#4713=CARTESIAN_POINT('',(1.490282414417,-1.25,3.712015399386));
#4714=LINE('',#4713,#4712);
#4715=EDGE_CURVE('',#4708,#4710,#4714,.T.);
#4716=ORIENTED_EDGE('',*,*,#4715,.T.);
#4717=EDGE_LOOP('',(#4685,#4695,#4706,#4716));
#4718=FACE_OUTER_BOUND('',#4717,.T.);
#4719=DIRECTION('',(0.,-1.,0.));
#4720=VECTOR('',#4719,1.275);
#4721=CARTESIAN_POINT('',(4.,0.0125,0.));
#4722=LINE('',#4721,#4720);
#4723=CARTESIAN_POINT('',(0.,0.0125,0.));
#4724=DIRECTION('',(0.,-1.,0.));
#4725=AXIS1_PLACEMENT('Revolution Surface Axis1P',#4723,#4724);
#4726=SURFACE_OF_REVOLUTION('Surface of Revolution',#4722,#4725);
#4727=ADVANCED_FACE('',(#4718),#4726,.T.);
#4728=OPEN_SHELL('',(#4727));
#4730=COLOUR_RGB($,0.686274509804,0.76862745098,0.866666666667);
#4731=FILL_AREA_STYLE_COLOUR('',#4730);
#4732=FILL_AREA_STYLE('',(#4731));
#4733=SURFACE_STYLE_FILL_AREA(#4732);
#4734=SURFACE_SIDE_STYLE('',(#4733));
#4735=SURFACE_STYLE_USAGE(.BOTH.,#4734);
#4736=PRESENTATION_STYLE_ASSIGNMENT((#4735));
#4737=STYLED_ITEM('',(#4736),#4729);
#4729=SHELL_BASED_SURFACE_MODEL('shell_4728',(#4728));
#4738=CARTESIAN_POINT('',(2.5,-1.25,0.));
#4739=VERTEX_POINT('',#4738);
#4740=CARTESIAN_POINT('',(0.,-1.25,2.5));
#4741=VERTEX_POINT('',#4740);
#4742=CARTESIAN_POINT('',(0.,-1.25,0.));
#4743=DIRECTION('',(0.,-1.,0.));
#4744=DIRECTION('',(1.,0.,0.));
#4745=AXIS2_PLACEMENT_3D('',#4742,#4743,#4744);
#4746=CIRCLE('',#4745,2.5);
#4747=EDGE_CURVE('',#4739,#4741,#4746,.T.);
#4748=ORIENTED_EDGE('',*,*,#4747,.T.);
#4749=CARTESIAN_POINT('',(0.,-1.25,2.5));
#4750=VERTEX_POINT('',#4749);
#4751=CARTESIAN_POINT('',(0.,0.,2.5));
#4752=VERTEX_POINT('',#4751);
#4753=DIRECTION('',(0.,1.,0.));
#4754=VECTOR('',#4753,1.25);
#4755=CARTESIAN_POINT('',(0.,-1.25,2.5));
#4756=LINE('',#4755,#4754);
#4757=EDGE_CURVE('',#4750,#4752,#4756,.T.);
#4758=ORIENTED_EDGE('',*,*,#4757,.T.);
#4759=CARTESIAN_POINT('',(0.,0.,2.5));
#4760=VERTEX_POINT('',#4759);
#4761=CARTESIAN_POINT('',(2.5,0.,0.));
#4762=VERTEX_POINT('',#4761);
#4763=CARTESIAN_POINT('',(0.,0.,0.));
#4764=DIRECTION('',(0.,1.,0.));
#4765=DIRECTION('',(1.,0.,0.));
#4766=AXIS2_PLACEMENT_3D('',#4763,#4764,#4765);
#4767=CIRCLE('',#4766,2.5);
#4768=EDGE_CURVE('',#4760,#4762,#4767,.T.);
#4769=ORIENTED_EDGE('',*,*,#4768,.T.);
#4770=CARTESIAN_POINT('',(2.5,0.,0.));
#4771=VERTEX_POINT('',#4770);
#4772=CARTESIAN_POINT('',(0.,0.,2.5));
#4773=VERTEX_POINT('',#4772);
#4774=CARTESIAN_POINT('',(0.,0.,0.));
#4775=DIRECTION('',(0.,1.,0.));
#4776=DIRECTION('',(1.,0.,0.));
#4777=AXIS2_PLACEMENT_3D('',#4774,#4775,#4776);
#4778=CIRCLE('',#4777,2.5);
#4779=EDGE_CURVE('',#4771,#4773,#4778,.T.);
#4780=ORIENTED_EDGE('',*,*,#4779,.T.);
#4781=CARTESIAN_POINT('',(0.,0.,2.5));
#4782=VERTEX_POINT('',#4781);
#4783=CARTESIAN_POINT('',(0.,-1.25,2.5));
#4784=VERTEX_POINT('',#4783);
#4785=DIRECTION('',(0.,-1.,0.));
#4786=VECTOR('',#4785,1.25);
#4787=CARTESIAN_POINT('',(0.,0.,2.5));
#4788=LINE('',#4787,#4786);
#4789=EDGE_CURVE('',#4782,#4784,#4788,.T.);
#4790=ORIENTED_EDGE('',*,*,#4789,.T.);
#4791=CARTESIAN_POINT('',(0.,-1.25,2.5));
#4792=VERTEX_POINT('',#4791);
#4793=CARTESIAN_POINT('',(2.5,-1.25,0.));
#4794=VERTEX_POINT('',#4793);
#4795=CARTESIAN_POINT('',(0.,-1.25,0.));
#4796=DIRECTION('',(0.,-1.,0.));
#4797=DIRECTION('',(1.,0.,0.));
#4798=AXIS2_PLACEMENT_3D('',#4795,#4796,#4797);
#4799=CIRCLE('',#4798,2.5);
#4800=EDGE_CURVE('',#4792,#4794,#4799,.T.);
#4801=ORIENTED_EDGE('',*,*,#4800,.T.);
#4802=EDGE_LOOP('',(#4748,#4758,#4769,#4780,#4790,#4801));
#4803=FACE_OUTER_BOUND('',#4802,.T.);
#4804=DIRECTION('',(0.,-1.,0.));
#4805=VECTOR('',#4804,1.275);
#4806=CARTESIAN_POINT('',(0.,0.0125,2.5));
#4807=LINE('',#4806,#4805);
#4808=CARTESIAN_POINT('',(0.,0.0125,0.));
#4809=DIRECTION('',(0.,1.,0.));
#4810=AXIS1_PLACEMENT('Revolution Surface Axis1P',#4808,#4809);
#4811=SURFACE_OF_REVOLUTION('Surface of Revolution',#4807,#4810);
#4812=ADVANCED_FACE('',(#4803),#4811,.T.);
#4813=OPEN_SHELL('',(#4812));
#4815=COLOUR_RGB($,0.686274509804,0.76862745098,0.866666666667);
#4816=FILL_AREA_STYLE_COLOUR('',#4815);
#4817=FILL_AREA_STYLE('',(#4816));
#4818=SURFACE_STYLE_FILL_AREA(#4817);
#4819=SURFACE_SIDE_STYLE('',(#4818));
#4820=SURFACE_STYLE_USAGE(.BOTH.,#4819);
#4821=PRESENTATION_STYLE_ASSIGNMENT((#4820));
#4822=STYLED_ITEM('',(#4821),#4814);
#4814=SHELL_BASED_SURFACE_MODEL('shell_4813',(#4813));
#4823=CARTESIAN_POINT('',(1.490282414417,0.,3.712015399386));
#4824=VERTEX_POINT('',#4823);
#4825=CARTESIAN_POINT('',(7.,0.,1.5));
#4826=VERTEX_POINT('',#4825);
#4827=DIRECTION('',(0.928003849846,0.,-0.372570603604));
#4828=VECTOR('',#4827,5.937171043519);
#4829=CARTESIAN_POINT('',(1.490282414417,0.,3.712015399386));
#4830=LINE('',#4829,#4828);
#4831=EDGE_CURVE('',#4824,#4826,#4830,.T.);
#4832=ORIENTED_EDGE('',*,*,#4831,.T.);
#4833=CARTESIAN_POINT('',(7.,0.,1.5));
#4834=VERTEX_POINT('',#4833);
#4835=CARTESIAN_POINT('',(7.,0.,-1.5));
#4836=VERTEX_POINT('',#4835);
#4837=DIRECTION('',(0.,0.,-1.));
#4838=VECTOR('',#4837,3.);
#4839=CARTESIAN_POINT('',(7.,0.,1.5));
#4840=LINE('',#4839,#4838);
#4841=EDGE_CURVE('',#4834,#4836,#4840,.T.);
#4842=ORIENTED_EDGE('',*,*,#4841,.T.);
#4843=CARTESIAN_POINT('',(7.,0.,-1.5));
#4844=VERTEX_POINT('',#4843);
#4845=CARTESIAN_POINT('',(1.490282414417,0.,-3.712015399386));
#4846=VERTEX_POINT('',#4845);
#4847=DIRECTION('',(-0.928003849846,0.,-0.372570603604));
#4848=VECTOR('',#4847,5.937171043519);
#4849=CARTESIAN_POINT('',(7.,0.,-1.5));
#4850=LINE('',#4849,#4848);
#4851=EDGE_CURVE('',#4844,#4846,#4850,.T.);
#4852=ORIENTED_EDGE('',*,*,#4851,.T.);
#4853=CARTESIAN_POINT('',(1.490282414417,0.,-3.712015399386));
#4854=VERTEX_POINT('',#4853);
#4855=CARTESIAN_POINT('',(1.490282414417,0.,3.712015399386));
#4856=VERTEX_POINT('',#4855);
#4857=CARTESIAN_POINT('',(0.,0.,0.));
#4858=DIRECTION('',(0.,1.,0.));
#4859=DIRECTION('',(1.,0.,0.));
#4860=AXIS2_PLACEMENT_3D('',#4857,#4858,#4859);
#4861=CIRCLE('',#4860,4.);
#4862=EDGE_CURVE('',#4854,#4856,#4861,.T.);
#4863=ORIENTED_EDGE('',*,*,#4862,.T.);
#4864=EDGE_LOOP('',(#4832,#4842,#4852,#4863));
#4865=FACE_OUTER_BOUND('',#4864,.T.);
#4866=CARTESIAN_POINT('',(2.5,0.,0.));
#4867=VERTEX_POINT('',#4866);
#4868=CARTESIAN_POINT('',(0.,0.,2.5));
#4869=VERTEX_POINT('',#4868);
#4870=CARTESIAN_POINT('',(0.,0.,0.));
#4871=DIRECTION('',(0.,-1.,0.));
#4872=DIRECTION('',(1.,0.,0.));
#4873=AXIS2_PLACEMENT_3D('',#4870,#4871,#4872);
#4874=CIRCLE('',#4873,2.5);
#4875=EDGE_CURVE('',#4867,#4869,#4874,.T.);
#4876=ORIENTED_EDGE('',*,*,#4875,.T.);
#4877=CARTESIAN_POINT('',(0.,0.,2.5));
#4878=VERTEX_POINT('',#4877);
#4879=CARTESIAN_POINT('',(2.5,0.,0.));
#4880=VERTEX_POINT('',#4879);
#4881=CARTESIAN_POINT('',(0.,0.,0.));
#4882=DIRECTION('',(0.,-1.,0.));
#4883=DIRECTION('',(1.,0.,0.));
#4884=AXIS2_PLACEMENT_3D('',#4881,#4882,#4883);
#4885=CIRCLE('',#4884,2.5);
#4886=EDGE_CURVE('',#4878,#4880,#4885,.T.);
#4887=ORIENTED_EDGE('',*,*,#4886,.T.);
#4888=EDGE_LOOP('',(#4876,#4887));
#4889=FACE_BOUND('',#4888,.T.);
#4890=CARTESIAN_POINT('',(0.,0.,0.));
#4891=DIRECTION('',(0.,1.,0.));
#4892=DIRECTION('',(0.,0.,0.));
#4893=AXIS2_PLACEMENT_3D('',#4890,#4891,#4892);
#4894=PLANE('',#4893);
#4895=ADVANCED_FACE('',(#4865,#4889),#4894,.T.);
#4896=OPEN_SHELL('',(#4895));
#4898=COLOUR_RGB($,0.686274509804,0.76862745098,0.866666666667);
#4899=FILL_AREA_STYLE_COLOUR('',#4898);
#4900=FILL_AREA_STYLE('',(#4899));
#4901=SURFACE_STYLE_FILL_AREA(#4900);
#4902=SURFACE_SIDE_STYLE('',(#4901));
#4903=SURFACE_STYLE_USAGE(.BOTH.,#4902);
#4904=PRESENTATION_STYLE_ASSIGNMENT((#4903));
#4905=STYLED_ITEM('',(#4904),#4897);
#4897=SHELL_BASED_SURFACE_MODEL('shell_4896',(#4896));
#4906=CARTESIAN_POINT('',(7.,0.,1.5));
#4907=VERTEX_POINT('',#4906);
#4908=CARTESIAN_POINT('',(7.,0.,-1.5));
#4909=VERTEX_POINT('',#4908);
#4910=CARTESIAN_POINT('',(7.,0.,0.));
#4911=DIRECTION('',(-1.,0.,0.));
#4912=DIRECTION('',(0.,0.,1.));
#4913=AXIS2_PLACEMENT_3D('',#4910,#4911,#4912);
#4914=CIRCLE('',#4913,1.5);
#4915=EDGE_CURVE('',#4907,#4909,#4914,.T.);
#4916=ORIENTED_EDGE('',*,*,#4915,.T.);
#4917=CARTESIAN_POINT('',(7.,0.,-1.5));
#4918=VERTEX_POINT('',#4917);
#4919=CARTESIAN_POINT('',(7.,0.,1.5));
#4920=VERTEX_POINT('',#4919);
#4921=DIRECTION('',(0.,0.,1.));
#4922=VECTOR('',#4921,3.);
#4923=CARTESIAN_POINT('',(7.,0.,-1.5));
#4924=LINE('',#4923,#4922);
#4925=EDGE_CURVE('',#4918,#4920,#4924,.T.);
#4926=ORIENTED_EDGE('',*,*,#4925,.T.);
#4927=EDGE_LOOP('',(#4916,#4926));
#4928=FACE_OUTER_BOUND('',#4927,.T.);
#4929=CARTESIAN_POINT('',(7.,0.,1.5));
#4930=DIRECTION('',(-1.,0.,0.));
#4931=DIRECTION('',(0.,0.,0.));
#4932=AXIS2_PLACEMENT_3D('',#4929,#4930,#4931);
#4933=PLANE('',#4932);
#4934=ADVANCED_FACE('',(#4928),#4933,.T.);
#4935=OPEN_SHELL('',(#4934));
#4937=COLOUR_RGB($,0.686274509804,0.76862745098,0.866666666667);
#4938=FILL_AREA_STYLE_COLOUR('',#4937);
#4939=FILL_AREA_STYLE('',(#4938));
#4940=SURFACE_STYLE_FILL_AREA(#4939);
#4941=SURFACE_SIDE_STYLE('',(#4940));
#4942=SURFACE_STYLE_USAGE(.BOTH.,#4941);
#4943=PRESENTATION_STYLE_ASSIGNMENT((#4942));
#4944=STYLED_ITEM('',(#4943),#4936);
#4936=SHELL_BASED_SURFACE_MODEL('shell_4935',(#4935));
#4945=CARTESIAN_POINT('',(11.,0.,-1.5));
#4946=VERTEX_POINT('',#4945);
#4947=CARTESIAN_POINT('',(7.,0.,-1.5));
#4948=VERTEX_POINT('',#4947);
#4949=DIRECTION('',(-1.,0.,0.));
#4950=VECTOR('',#4949,4.);
#4951=CARTESIAN_POINT('',(11.,0.,-1.5));
#4952=LINE('',#4951,#4950);
#4953=EDGE_CURVE('',#4946,#4948,#4952,.T.);
#4954=ORIENTED_EDGE('',*,*,#4953,.T.);
#4955=CARTESIAN_POINT('',(7.,0.,-1.5));
#4956=VERTEX_POINT('',#4955);
#4957=CARTESIAN_POINT('',(7.,0.,1.5));
#4958=VERTEX_POINT('',#4957);
#4959=CARTESIAN_POINT('',(7.,0.,0.));
#4960=DIRECTION('',(1.,0.,0.));
#4961=DIRECTION('',(0.,0.,1.));
#4962=AXIS2_PLACEMENT_3D('',#4959,#4960,#4961);
#4963=CIRCLE('',#4962,1.5);
#4964=EDGE_CURVE('',#4956,#4958,#4963,.T.);
#4965=ORIENTED_EDGE('',*,*,#4964,.T.);
#4966=CARTESIAN_POINT('',(7.,0.,1.5));
#4967=VERTEX_POINT('',#4966);
#4968=CARTESIAN_POINT('',(11.,0.,1.5));
#4969=VERTEX_POINT('',#4968);
#4970=DIRECTION('',(1.,0.,0.));
#4971=VECTOR('',#4970,4.);
#4972=CARTESIAN_POINT('',(7.,0.,1.5));
#4973=LINE('',#4972,#4971);
#4974=EDGE_CURVE('',#4967,#4969,#4973,.T.);
#4975=ORIENTED_EDGE('',*,*,#4974,.T.);
#4976=CARTESIAN_POINT('',(11.,0.,1.5));
#4977=VERTEX_POINT('',#4976);
#4978=CARTESIAN_POINT('',(11.,0.,-1.5));
#4979=VERTEX_POINT('',#4978);
#4980=CARTESIAN_POINT('',(11.,0.,0.));
#4981=DIRECTION('',(-1.,0.,0.));
#4982=DIRECTION('',(0.,0.,1.));
#4983=AXIS2_PLACEMENT_3D('',#4980,#4981,#4982);
#4984=CIRCLE('',#4983,1.5);
#4985=EDGE_CURVE('',#4977,#4979,#4984,.T.);
#4986=ORIENTED_EDGE('',*,*,#4985,.T.);
#4987=EDGE_LOOP('',(#4954,#4965,#4975,#4986));
#4988=FACE_OUTER_BOUND('',#4987,.T.);
#4989=DIRECTION('',(1.,0.,0.));
#4990=VECTOR('',#4989,4.08);
#4991=CARTESIAN_POINT('',(6.96,-1.5,0.));
#4992=LINE('',#4991,#4990);
#4993=CARTESIAN_POINT('',(6.96,0.,0.));
#4994=DIRECTION('',(1.,0.,0.));
#4995=AXIS1_PLACEMENT('Revolution Surface Axis1P',#4993,#4994);
#4996=SURFACE_OF_REVOLUTION('Surface of Revolution',#4992,#4995);
#4997=ADVANCED_FACE('',(#4988),#4996,.T.);
#4998=OPEN_SHELL('',(#4997));
#5000=COLOUR_RGB($,0.686274509804,0.76862745098,0.866666666667);
#5001=FILL_AREA_STYLE_COLOUR('',#5000);
#5002=FILL_AREA_STYLE('',(#5001));
#5003=SURFACE_STYLE_FILL_AREA(#5002);
#5004=SURFACE_SIDE_STYLE('',(#5003));
#5005=SURFACE_STYLE_USAGE(.BOTH.,#5004);
#5006=PRESENTATION_STYLE_ASSIGNMENT((#5005));
#5007=STYLED_ITEM('',(#5006),#4999);
#4999=SHELL_BASED_SURFACE_MODEL('shell_4998',(#4998));
#5008=CARTESIAN_POINT('',(259.,5.,-1.5));
#5009=VERTEX_POINT('',#5008);
#5010=CARTESIAN_POINT('',(255.,5.,-1.5));
#5011=VERTEX_POINT('',#5010);
#5012=DIRECTION('',(-1.,0.,0.));
#5013=VECTOR('',#5012,4.);
#5014=CARTESIAN_POINT('',(259.,5.,-1.5));
#5015=LINE('',#5014,#5013);
#5016=EDGE_CURVE('',#5009,#5011,#5015,.T.);
#5017=ORIENTED_EDGE('',*,*,#5016,.T.);
#5018=CARTESIAN_POINT('',(255.,5.,-1.5));
#5019=VERTEX_POINT('',#5018);
#5020=CARTESIAN_POINT('',(255.,6.5,-1.5));
#5021=VERTEX_POINT('',#5020);
#5022=DIRECTION('',(0.,1.,0.));
#5023=VECTOR('',#5022,1.5);
#5024=CARTESIAN_POINT('',(255.,5.,-1.5));
#5025=LINE('',#5024,#5023);
#5026=EDGE_CURVE('',#5019,#5021,#5025,.T.);
#5027=ORIENTED_EDGE('',*,*,#5026,.T.);
#5028=CARTESIAN_POINT('',(255.,6.5,-1.5));
#5029=VERTEX_POINT('',#5028);
#5030=CARTESIAN_POINT('',(259.,6.5,-1.5));
#5031=VERTEX_POINT('',#5030);
#5032=DIRECTION('',(1.,0.,0.));
#5033=VECTOR('',#5032,4.);
#5034=CARTESIAN_POINT('',(255.,6.5,-1.5));
#5035=LINE('',#5034,#5033);
#5036=EDGE_CURVE('',#5029,#5031,#5035,.T.);
#5037=ORIENTED_EDGE('',*,*,#5036,.T.);
#5038=CARTESIAN_POINT('',(259.,6.5,-1.5));
#5039=VERTEX_POINT('',#5038);
#5040=CARTESIAN_POINT('',(259.,5.,-1.5));
#5041=VERTEX_POINT('',#5040);
#5042=DIRECTION('',(0.,-1.,0.));
#5043=VECTOR('',#5042,1.5);
#5044=CARTESIAN_POINT('',(259.,6.5,-1.5));
#5045=LINE('',#5044,#5043);
#5046=EDGE_CURVE('',#5039,#5041,#5045,.T.);
#5047=ORIENTED_EDGE('',*,*,#5046,.T.);
#5048=EDGE_LOOP('',(#5017,#5027,#5037,#5047));
#5049=FACE_OUTER_BOUND('',#5048,.T.);
#5050=CARTESIAN_POINT('',(259.,6.5,-1.5));
#5051=DIRECTION('',(0.,0.,-1.));
#5052=DIRECTION('',(0.,0.,0.));
#5053=AXIS2_PLACEMENT_3D('',#5050,#5051,#5052);
#5054=PLANE('',#5053);
#5055=ADVANCED_FACE('',(#5049),#5054,.T.);
#5056=OPEN_SHELL('',(#5055));
#5058=COLOUR_RGB($,0.686274509804,0.76862745098,0.866666666667);
#5059=FILL_AREA_STYLE_COLOUR('',#5058);
#5060=FILL_AREA_STYLE('',(#5059));
#5061=SURFACE_STYLE_FILL_AREA(#5060);
#5062=SURFACE_SIDE_STYLE('',(#5061));
#5063=SURFACE_STYLE_USAGE(.BOTH.,#5062);
#5064=PRESENTATION_STYLE_ASSIGNMENT((#5063));
#5065=STYLED_ITEM('',(#5064),#5057);
#5057=SHELL_BASED_SURFACE_MODEL('shell_5056',(#5056));
#5066=CARTESIAN_POINT('',(264.509717585583,5.,-3.712015399386));
#5067=VERTEX_POINT('',#5066);
#5068=CARTESIAN_POINT('',(259.,5.,-1.5));
#5069=VERTEX_POINT('',#5068);
#5070=DIRECTION('',(-0.928003849846,0.,0.372570603604));
#5071=VECTOR('',#5070,5.937171043519);
#5072=CARTESIAN_POINT('',(264.509717585583,5.,-3.712015399386));
#5073=LINE('',#5072,#5071);
#5074=EDGE_CURVE('',#5067,#5069,#5073,.T.);
#5075=ORIENTED_EDGE('',*,*,#5074,.T.);
#5076=CARTESIAN_POINT('',(259.,5.,-1.5));
#5077=VERTEX_POINT('',#5076);
#5078=CARTESIAN_POINT('',(259.,6.5,-1.5));
#5079=VERTEX_POINT('',#5078);
#5080=DIRECTION('',(0.,1.,0.));
#5081=VECTOR('',#5080,1.5);
#5082=CARTESIAN_POINT('',(259.,5.,-1.5));
#5083=LINE('',#5082,#5081);
#5084=EDGE_CURVE('',#5077,#5079,#5083,.T.);
#5085=ORIENTED_EDGE('',*,*,#5084,.T.);
#5086=CARTESIAN_POINT('',(259.,6.5,-1.5));
#5087=VERTEX_POINT('',#5086);
#5088=CARTESIAN_POINT('',(264.509717585583,6.5,-3.712015399386));
#5089=VERTEX_POINT('',#5088);
#5090=DIRECTION('',(0.928003849846,0.,-0.372570603604));
#5091=VECTOR('',#5090,5.937171043519);
#5092=CARTESIAN_POINT('',(259.,6.5,-1.5));
#5093=LINE('',#5092,#5091);
#5094=EDGE_CURVE('',#5087,#5089,#5093,.T.);
#5095=ORIENTED_EDGE('',*,*,#5094,.T.);
#5096=CARTESIAN_POINT('',(264.509717585583,6.5,-3.712015399386));
#5097=VERTEX_POINT('',#5096);
#5098=CARTESIAN_POINT('',(264.509717585583,5.,-3.712015399386));
#5099=VERTEX_POINT('',#5098);
#5100=DIRECTION('',(0.,-1.,0.));
#5101=VECTOR('',#5100,1.5);
#5102=CARTESIAN_POINT('',(264.509717585583,6.5,-3.712015399386));
#5103=LINE('',#5102,#5101);
#5104=EDGE_CURVE('',#5097,#5099,#5103,.T.);
#5105=ORIENTED_EDGE('',*,*,#5104,.T.);
#5106=EDGE_LOOP('',(#5075,#5085,#5095,#5105));
#5107=FACE_OUTER_BOUND('',#5106,.T.);
#5108=CARTESIAN_POINT('',(259.,6.5,-1.5));
#5109=DIRECTION('',(-0.372570603604,0.,-0.928003849846));
#5110=DIRECTION('',(0.,0.,0.));
#5111=AXIS2_PLACEMENT_3D('',#5108,#5109,#5110);
#5112=PLANE('',#5111);
#5113=ADVANCED_FACE('',(#5107),#5112,.T.);
#5114=OPEN_SHELL('',(#5113));
#5116=COLOUR_RGB($,0.686274509804,0.76862745098,0.866666666667);
#5117=FILL_AREA_STYLE_COLOUR('',#5116);
#5118=FILL_AREA_STYLE('',(#5117));
#5119=SURFACE_STYLE_FILL_AREA(#5118);
#5120=SURFACE_SIDE_STYLE('',(#5119));
#5121=SURFACE_STYLE_USAGE(.BOTH.,#5120);
#5122=PRESENTATION_STYLE_ASSIGNMENT((#5121));
#5123=STYLED_ITEM('',(#5122),#5115);
#5115=SHELL_BASED_SURFACE_MODEL('shell_5114',(#5114));
#5124=CARTESIAN_POINT('',(264.509717585583,6.5,3.712015399386));
#5125=VERTEX_POINT('',#5124);
#5126=CARTESIAN_POINT('',(264.509717585583,5.,3.712015399386));
#5127=VERTEX_POINT('',#5126);
#5128=DIRECTION('',(0.,-1.,0.));
#5129=VECTOR('',#5128,1.5);
#5130=CARTESIAN_POINT('',(264.509717585583,6.5,3.712015399386));
#5131=LINE('',#5130,#5129);
#5132=EDGE_CURVE('',#5125,#5127,#5131,.T.);
#5133=ORIENTED_EDGE('',*,*,#5132,.T.);
#5134=CARTESIAN_POINT('',(264.509717585583,5.,3.712015399386));
#5135=VERTEX_POINT('',#5134);
#5136=CARTESIAN_POINT('',(264.509717585583,5.,-3.712015399386));
#5137=VERTEX_POINT('',#5136);
#5138=CARTESIAN_POINT('',(266.,5.,0.));
#5139=DIRECTION('',(0.,1.,0.));
#5140=DIRECTION('',(-1.,0.,0.));
#5141=AXIS2_PLACEMENT_3D('',#5138,#5139,#5140);
#5142=CIRCLE('',#5141,4.);
#5143=EDGE_CURVE('',#5135,#5137,#5142,.T.);
#5144=ORIENTED_EDGE('',*,*,#5143,.T.);
#5145=CARTESIAN_POINT('',(264.509717585583,5.,-3.712015399386));
#5146=VERTEX_POINT('',#5145);
#5147=CARTESIAN_POINT('',(264.509717585583,6.5,-3.712015399386));
#5148=VERTEX_POINT('',#5147);
#5149=DIRECTION('',(0.,1.,0.));
#5150=VECTOR('',#5149,1.5);
#5151=CARTESIAN_POINT('',(264.509717585583,5.,-3.712015399386));
#5152=LINE('',#5151,#5150);
#5153=EDGE_CURVE('',#5146,#5148,#5152,.T.);
#5154=ORIENTED_EDGE('',*,*,#5153,.T.);
#5155=CARTESIAN_POINT('',(264.509717585583,6.5,-3.712015399386));
#5156=VERTEX_POINT('',#5155);
#5157=CARTESIAN_POINT('',(264.509717585583,6.5,3.712015399386));
#5158=VERTEX_POINT('',#5157);
#5159=CARTESIAN_POINT('',(266.,6.5,0.));
#5160=DIRECTION('',(0.,-1.,0.));
#5161=DIRECTION('',(-1.,0.,0.));
#5162=AXIS2_PLACEMENT_3D('',#5159,#5160,#5161);
#5163=CIRCLE('',#5162,4.);
#5164=EDGE_CURVE('',#5156,#5158,#5163,.T.);
#5165=ORIENTED_EDGE('',*,*,#5164,.T.);
#5166=EDGE_LOOP('',(#5133,#5144,#5154,#5165));
#5167=FACE_OUTER_BOUND('',#5166,.T.);
#5168=DIRECTION('',(0.,1.,0.));
#5169=VECTOR('',#5168,1.53);
#5170=CARTESIAN_POINT('',(262.,4.985,0.));
#5171=LINE('',#5170,#5169);
#5172=CARTESIAN_POINT('',(266.,4.985,0.));
#5173=DIRECTION('',(0.,1.,0.));
#5174=AXIS1_PLACEMENT('Revolution Surface Axis1P',#5172,#5173);
#5175=SURFACE_OF_REVOLUTION('Surface of Revolution',#5171,#5174);
#5176=ADVANCED_FACE('',(#5167),#5175,.T.);
#5177=OPEN_SHELL('',(#5176));
#5179=COLOUR_RGB($,0.686274509804,0.76862745098,0.866666666667);
#5180=FILL_AREA_STYLE_COLOUR('',#5179);
#5181=FILL_AREA_STYLE('',(#5180));
#5182=SURFACE_STYLE_FILL_AREA(#5181);
#5183=SURFACE_SIDE_STYLE('',(#5182));
#5184=SURFACE_STYLE_USAGE(.BOTH.,#5183);
#5185=PRESENTATION_STYLE_ASSIGNMENT((#5184));
#5186=STYLED_ITEM('',(#5185),#5178);
#5178=SHELL_BASED_SURFACE_MODEL('shell_5177',(#5177));
#5187=CARTESIAN_POINT('',(259.,5.,1.5));
#5188=VERTEX_POINT('',#5187);
#5189=CARTESIAN_POINT('',(264.509717585583,5.,3.712015399386));
#5190=VERTEX_POINT('',#5189);
#5191=DIRECTION('',(0.928003849846,0.,0.372570603604));
#5192=VECTOR('',#5191,5.937171043519);
#5193=CARTESIAN_POINT('',(259.,5.,1.5));
#5194=LINE('',#5193,#5192);
#5195=EDGE_CURVE('',#5188,#5190,#5194,.T.);
#5196=ORIENTED_EDGE('',*,*,#5195,.T.);
#5197=CARTESIAN_POINT('',(264.509717585583,5.,3.712015399386));
#5198=VERTEX_POINT('',#5197);
#5199=CARTESIAN_POINT('',(264.509717585583,6.5,3.712015399386));
#5200=VERTEX_POINT('',#5199);
#5201=DIRECTION('',(0.,1.,0.));
#5202=VECTOR('',#5201,1.5);
#5203=CARTESIAN_POINT('',(264.509717585583,5.,3.712015399386));
#5204=LINE('',#5203,#5202);
#5205=EDGE_CURVE('',#5198,#5200,#5204,.T.);
#5206=ORIENTED_EDGE('',*,*,#5205,.T.);
#5207=CARTESIAN_POINT('',(264.509717585583,6.5,3.712015399386));
#5208=VERTEX_POINT('',#5207);
#5209=CARTESIAN_POINT('',(259.,6.5,1.5));
#5210=VERTEX_POINT('',#5209);
#5211=DIRECTION('',(-0.928003849846,0.,-0.372570603604));
#5212=VECTOR('',#5211,5.937171043519);
#5213=CARTESIAN_POINT('',(264.509717585583,6.5,3.712015399386));
#5214=LINE('',#5213,#5212);
#5215=EDGE_CURVE('',#5208,#5210,#5214,.T.);
#5216=ORIENTED_EDGE('',*,*,#5215,.T.);
#5217=CARTESIAN_POINT('',(259.,6.5,1.5));
#5218=VERTEX_POINT('',#5217);
#5219=CARTESIAN_POINT('',(259.,5.,1.5));
#5220=VERTEX_POINT('',#5219);
#5221=DIRECTION('',(0.,-1.,0.));
#5222=VECTOR('',#5221,1.5);
#5223=CARTESIAN_POINT('',(259.,6.5,1.5));
#5224=LINE('',#5223,#5222);
#5225=EDGE_CURVE('',#5218,#5220,#5224,.T.);
#5226=ORIENTED_EDGE('',*,*,#5225,.T.);
#5227=EDGE_LOOP('',(#5196,#5206,#5216,#5226));
#5228=FACE_OUTER_BOUND('',#5227,.T.);
#5229=CARTESIAN_POINT('',(259.,6.5,1.5));
#5230=DIRECTION('',(-0.372570603604,0.,0.928003849846));
#5231=DIRECTION('',(0.,0.,0.));
#5232=AXIS2_PLACEMENT_3D('',#5229,#5230,#5231);
#5233=PLANE('',#5232);
#5234=ADVANCED_FACE('',(#5228),#5233,.T.);
#5235=OPEN_SHELL('',(#5234));
#5237=COLOUR_RGB($,0.686274509804,0.76862745098,0.866666666667);
#5238=FILL_AREA_STYLE_COLOUR('',#5237);
#5239=FILL_AREA_STYLE('',(#5238));
#5240=SURFACE_STYLE_FILL_AREA(#5239);
#5241=SURFACE_SIDE_STYLE('',(#5240));
#5242=SURFACE_STYLE_USAGE(.BOTH.,#5241);
#5243=PRESENTATION_STYLE_ASSIGNMENT((#5242));
#5244=STYLED_ITEM('',(#5243),#5236);
#5236=SHELL_BASED_SURFACE_MODEL('shell_5235',(#5235));
#5245=CARTESIAN_POINT('',(255.,5.,1.5));
#5246=VERTEX_POINT('',#5245);
#5247=CARTESIAN_POINT('',(259.,5.,1.5));
#5248=VERTEX_POINT('',#5247);
#5249=DIRECTION('',(1.,0.,0.));
#5250=VECTOR('',#5249,4.);
#5251=CARTESIAN_POINT('',(255.,5.,1.5));
#5252=LINE('',#5251,#5250);
#5253=EDGE_CURVE('',#5246,#5248,#5252,.T.);
#5254=ORIENTED_EDGE('',*,*,#5253,.T.);
#5255=CARTESIAN_POINT('',(259.,5.,1.5));
#5256=VERTEX_POINT('',#5255);
#5257=CARTESIAN_POINT('',(259.,6.5,1.5));
#5258=VERTEX_POINT('',#5257);
#5259=DIRECTION('',(0.,1.,0.));
#5260=VECTOR('',#5259,1.5);
#5261=CARTESIAN_POINT('',(259.,5.,1.5));
#5262=LINE('',#5261,#5260);
#5263=EDGE_CURVE('',#5256,#5258,#5262,.T.);
#5264=ORIENTED_EDGE('',*,*,#5263,.T.);
#5265=CARTESIAN_POINT('',(259.,6.5,1.5));
#5266=VERTEX_POINT('',#5265);
#5267=CARTESIAN_POINT('',(255.,6.5,1.5));
#5268=VERTEX_POINT('',#5267);
#5269=DIRECTION('',(-1.,0.,0.));
#5270=VECTOR('',#5269,4.);
#5271=CARTESIAN_POINT('',(259.,6.5,1.5));
#5272=LINE('',#5271,#5270);
#5273=EDGE_CURVE('',#5266,#5268,#5272,.T.);
#5274=ORIENTED_EDGE('',*,*,#5273,.T.);
#5275=CARTESIAN_POINT('',(255.,6.5,1.5));
#5276=VERTEX_POINT('',#5275);
#5277=CARTESIAN_POINT('',(255.,5.,1.5));
#5278=VERTEX_POINT('',#5277);
#5279=DIRECTION('',(0.,-1.,0.));
#5280=VECTOR('',#5279,1.5);
#5281=CARTESIAN_POINT('',(255.,6.5,1.5));
#5282=LINE('',#5281,#5280);
#5283=EDGE_CURVE('',#5276,#5278,#5282,.T.);
#5284=ORIENTED_EDGE('',*,*,#5283,.T.);
#5285=EDGE_LOOP('',(#5254,#5264,#5274,#5284));
#5286=FACE_OUTER_BOUND('',#5285,.T.);
#5287=CARTESIAN_POINT('',(259.,6.5,1.5));
#5288=DIRECTION('',(0.,0.,1.));
#5289=DIRECTION('',(0.,0.,0.));
#5290=AXIS2_PLACEMENT_3D('',#5287,#5288,#5289);
#5291=PLANE('',#5290);
#5292=ADVANCED_FACE('',(#5286),#5291,.T.);
#5293=OPEN_SHELL('',(#5292));
#5295=COLOUR_RGB($,0.686274509804,0.76862745098,0.866666666667);
#5296=FILL_AREA_STYLE_COLOUR('',#5295);
#5297=FILL_AREA_STYLE('',(#5296));
#5298=SURFACE_STYLE_FILL_AREA(#5297);
#5299=SURFACE_SIDE_STYLE('',(#5298));
#5300=SURFACE_STYLE_USAGE(.BOTH.,#5299);
#5301=PRESENTATION_STYLE_ASSIGNMENT((#5300));
#5302=STYLED_ITEM('',(#5301),#5294);
#5294=SHELL_BASED_SURFACE_MODEL('shell_5293',(#5293));
#5303=CARTESIAN_POINT('',(268.5,6.5,0.));
#5304=VERTEX_POINT('',#5303);
#5305=CARTESIAN_POINT('',(266.,6.5,-2.5));
#5306=VERTEX_POINT('',#5305);
#5307=CARTESIAN_POINT('',(266.,6.5,0.));
#5308=DIRECTION('',(0.,1.,0.));
#5309=DIRECTION('',(1.,0.,0.));
#5310=AXIS2_PLACEMENT_3D('',#5307,#5308,#5309);
#5311=CIRCLE('',#5310,2.5);
#5312=EDGE_CURVE('',#5304,#5306,#5311,.T.);
#5313=ORIENTED_EDGE('',*,*,#5312,.T.);
#5314=CARTESIAN_POINT('',(266.,6.5,-2.5));
#5315=VERTEX_POINT('',#5314);
#5316=CARTESIAN_POINT('',(266.,5.,-2.5));
#5317=VERTEX_POINT('',#5316);
#5318=DIRECTION('',(0.,-1.,0.));
#5319=VECTOR('',#5318,1.5);
#5320=CARTESIAN_POINT('',(266.,6.5,-2.5));
#5321=LINE('',#5320,#5319);
#5322=EDGE_CURVE('',#5315,#5317,#5321,.T.);
#5323=ORIENTED_EDGE('',*,*,#5322,.T.);
#5324=CARTESIAN_POINT('',(266.,5.,-2.5));
#5325=VERTEX_POINT('',#5324);
#5326=CARTESIAN_POINT('',(268.5,5.,0.));
#5327=VERTEX_POINT('',#5326);
#5328=CARTESIAN_POINT('',(266.,5.,0.));
#5329=DIRECTION('',(0.,-1.,0.));
#5330=DIRECTION('',(1.,0.,0.));
#5331=AXIS2_PLACEMENT_3D('',#5328,#5329,#5330);
#5332=CIRCLE('',#5331,2.5);
#5333=EDGE_CURVE('',#5325,#5327,#5332,.T.);
#5334=ORIENTED_EDGE('',*,*,#5333,.T.);
#5335=CARTESIAN_POINT('',(268.5,5.,0.));
#5336=VERTEX_POINT('',#5335);
#5337=CARTESIAN_POINT('',(266.,5.,-2.5));
#5338=VERTEX_POINT('',#5337);
#5339=CARTESIAN_POINT('',(266.,5.,0.));
#5340=DIRECTION('',(0.,-1.,0.));
#5341=DIRECTION('',(1.,0.,0.));
#5342=AXIS2_PLACEMENT_3D('',#5339,#5340,#5341);
#5343=CIRCLE('',#5342,2.5);
#5344=EDGE_CURVE('',#5336,#5338,#5343,.T.);
#5345=ORIENTED_EDGE('',*,*,#5344,.T.);
#5346=CARTESIAN_POINT('',(266.,5.,-2.5));
#5347=VERTEX_POINT('',#5346);
#5348=CARTESIAN_POINT('',(266.,6.5,-2.5));
#5349=VERTEX_POINT('',#5348);
#5350=DIRECTION('',(0.,1.,0.));
#5351=VECTOR('',#5350,1.5);
#5352=CARTESIAN_POINT('',(266.,5.,-2.5));
#5353=LINE('',#5352,#5351);
#5354=EDGE_CURVE('',#5347,#5349,#5353,.T.);
#5355=ORIENTED_EDGE('',*,*,#5354,.T.);
#5356=CARTESIAN_POINT('',(266.,6.5,-2.5));
#5357=VERTEX_POINT('',#5356);
#5358=CARTESIAN_POINT('',(268.5,6.5,0.));
#5359=VERTEX_POINT('',#5358);
#5360=CARTESIAN_POINT('',(266.,6.5,0.));
#5361=DIRECTION('',(0.,1.,0.));
#5362=DIRECTION('',(1.,0.,0.));
#5363=AXIS2_PLACEMENT_3D('',#5360,#5361,#5362);
#5364=CIRCLE('',#5363,2.5);
#5365=EDGE_CURVE('',#5357,#5359,#5364,.T.);
#5366=ORIENTED_EDGE('',*,*,#5365,.T.);
#5367=EDGE_LOOP('',(#5313,#5323,#5334,#5345,#5355,#5366));
#5368=FACE_OUTER_BOUND('',#5367,.T.);
#5369=DIRECTION('',(0.,1.,0.));
#5370=VECTOR('',#5369,1.53);
#5371=CARTESIAN_POINT('',(266.,4.985,-2.5));
#5372=LINE('',#5371,#5370);
#5373=CARTESIAN_POINT('',(266.,4.985,0.));
#5374=DIRECTION('',(0.,-1.,0.));
#5375=AXIS1_PLACEMENT('Revolution Surface Axis1P',#5373,#5374);
#5376=SURFACE_OF_REVOLUTION('Surface of Revolution',#5372,#5375);
#5377=ADVANCED_FACE('',(#5368),#5376,.T.);
#5378=OPEN_SHELL('',(#5377));
#5380=COLOUR_RGB($,0.686274509804,0.76862745098,0.866666666667);
#5381=FILL_AREA_STYLE_COLOUR('',#5380);
#5382=FILL_AREA_STYLE('',(#5381));
#5383=SURFACE_STYLE_FILL_AREA(#5382);
#5384=SURFACE_SIDE_STYLE('',(#5383));
#5385=SURFACE_STYLE_USAGE(.BOTH.,#5384);
#5386=PRESENTATION_STYLE_ASSIGNMENT((#5385));
#5387=STYLED_ITEM('',(#5386),#5379);
#5379=SHELL_BASED_SURFACE_MODEL('shell_5378',(#5378));
#5388=CARTESIAN_POINT('',(255.,6.5,-1.5));
#5389=VERTEX_POINT('',#5388);
#5390=CARTESIAN_POINT('',(255.,5.,-1.5));
#5391=VERTEX_POINT('',#5390);
#5392=DIRECTION('',(0.,-1.,0.));
#5393=VECTOR('',#5392,1.5);
#5394=CARTESIAN_POINT('',(255.,6.5,-1.5));
#5395=LINE('',#5394,#5393);
#5396=EDGE_CURVE('',#5389,#5391,#5395,.T.);
#5397=ORIENTED_EDGE('',*,*,#5396,.T.);
#5398=CARTESIAN_POINT('',(255.,5.,-1.5));
#5399=VERTEX_POINT('',#5398);
#5400=CARTESIAN_POINT('',(255.,5.,1.5));
#5401=VERTEX_POINT('',#5400);
#5402=CARTESIAN_POINT('',(255.,5.,0.));
#5403=DIRECTION('',(-1.,0.,0.));
#5404=DIRECTION('',(0.,0.,1.));
#5405=AXIS2_PLACEMENT_3D('',#5402,#5403,#5404);
#5406=CIRCLE('',#5405,1.5);
#5407=EDGE_CURVE('',#5399,#5401,#5406,.T.);
#5408=ORIENTED_EDGE('',*,*,#5407,.T.);
#5409=CARTESIAN_POINT('',(255.,5.,1.5));
#5410=VERTEX_POINT('',#5409);
#5411=CARTESIAN_POINT('',(255.,6.5,1.5));
#5412=VERTEX_POINT('',#5411);
#5413=DIRECTION('',(0.,1.,0.));
#5414=VECTOR('',#5413,1.5);
#5415=CARTESIAN_POINT('',(255.,5.,1.5));
#5416=LINE('',#5415,#5414);
#5417=EDGE_CURVE('',#5410,#5412,#5416,.T.);
#5418=ORIENTED_EDGE('',*,*,#5417,.T.);
#5419=CARTESIAN_POINT('',(255.,6.5,1.5));
#5420=VERTEX_POINT('',#5419);
#5421=CARTESIAN_POINT('',(255.,6.5,-1.5));
#5422=VERTEX_POINT('',#5421);
#5423=DIRECTION('',(0.,0.,-1.));
#5424=VECTOR('',#5423,3.);
#5425=CARTESIAN_POINT('',(255.,6.5,1.5));
#5426=LINE('',#5425,#5424);
#5427=EDGE_CURVE('',#5420,#5422,#5426,.T.);
#5428=ORIENTED_EDGE('',*,*,#5427,.T.);
#5429=EDGE_LOOP('',(#5397,#5408,#5418,#5428));
#5430=FACE_OUTER_BOUND('',#5429,.T.);
#5431=CARTESIAN_POINT('',(255.,3.75,0.));
#5432=VERTEX_POINT('',#5431);
#5433=CARTESIAN_POINT('',(255.,3.75,0.));
#5434=VERTEX_POINT('',#5433);
#5435=CARTESIAN_POINT('',(255.,5.,0.));
#5436=DIRECTION('',(1.,0.,0.));
#5437=DIRECTION('',(0.,-1.,0.));
#5438=AXIS2_PLACEMENT_3D('',#5435,#5436,#5437);
#5439=CIRCLE('',#5438,1.25);
#5440=EDGE_CURVE('',#5432,#5434,#5439,.T.);
#5441=ORIENTED_EDGE('',*,*,#5440,.T.);
#5442=EDGE_LOOP('',(#5441));
#5443=FACE_BOUND('',#5442,.T.);
#5444=CARTESIAN_POINT('',(255.,6.5,-1.5));
#5445=DIRECTION('',(-1.,0.,0.));
#5446=DIRECTION('',(0.,0.,0.));
#5447=AXIS2_PLACEMENT_3D('',#5444,#5445,#5446);
#5448=PLANE('',#5447);
#5449=ADVANCED_FACE('',(#5430,#5443),#5448,.T.);
#5450=OPEN_SHELL('',(#5449));
#5452=COLOUR_RGB($,0.686274509804,0.76862745098,0.866666666667);
#5453=FILL_AREA_STYLE_COLOUR('',#5452);
#5454=FILL_AREA_STYLE('',(#5453));
#5455=SURFACE_STYLE_FILL_AREA(#5454);
#5456=SURFACE_SIDE_STYLE('',(#5455));
#5457=SURFACE_STYLE_USAGE(.BOTH.,#5456);
#5458=PRESENTATION_STYLE_ASSIGNMENT((#5457));
#5459=STYLED_ITEM('',(#5458),#5451);
#5451=SHELL_BASED_SURFACE_MODEL('shell_5450',(#5450));
#5460=CARTESIAN_POINT('',(259.,6.5,-1.5));
#5461=VERTEX_POINT('',#5460);
#5462=CARTESIAN_POINT('',(255.,6.5,-1.5));
#5463=VERTEX_POINT('',#5462);
#5464=DIRECTION('',(-1.,0.,0.));
#5465=VECTOR('',#5464,4.);
#5466=CARTESIAN_POINT('',(259.,6.5,-1.5));
#5467=LINE('',#5466,#5465);
#5468=EDGE_CURVE('',#5461,#5463,#5467,.T.);
#5469=ORIENTED_EDGE('',*,*,#5468,.T.);
#5470=CARTESIAN_POINT('',(255.,6.5,-1.5));
#5471=VERTEX_POINT('',#5470);
#5472=CARTESIAN_POINT('',(255.,6.5,1.5));
#5473=VERTEX_POINT('',#5472);
#5474=DIRECTION('',(0.,0.,1.));
#5475=VECTOR('',#5474,3.);
#5476=CARTESIAN_POINT('',(255.,6.5,-1.5));
#5477=LINE('',#5476,#5475);
#5478=EDGE_CURVE('',#5471,#5473,#5477,.T.);
#5479=ORIENTED_EDGE('',*,*,#5478,.T.);
#5480=CARTESIAN_POINT('',(255.,6.5,1.5));
#5481=VERTEX_POINT('',#5480);
#5482=CARTESIAN_POINT('',(259.,6.5,1.5));
#5483=VERTEX_POINT('',#5482);
#5484=DIRECTION('',(1.,0.,0.));
#5485=VECTOR('',#5484,4.);
#5486=CARTESIAN_POINT('',(255.,6.5,1.5));
#5487=LINE('',#5486,#5485);
#5488=EDGE_CURVE('',#5481,#5483,#5487,.T.);
#5489=ORIENTED_EDGE('',*,*,#5488,.T.);
#5490=CARTESIAN_POINT('',(259.,6.5,1.5));
#5491=VERTEX_POINT('',#5490);
#5492=CARTESIAN_POINT('',(264.509717585583,6.5,3.712015399386));
#5493=VERTEX_POINT('',#5492);
#5494=DIRECTION('',(0.928003849846,0.,0.372570603604));
#5495=VECTOR('',#5494,5.937171043519);
#5496=CARTESIAN_POINT('',(259.,6.5,1.5));
#5497=LINE('',#5496,#5495);
#5498=EDGE_CURVE('',#5491,#5493,#5497,.T.);
#5499=ORIENTED_EDGE('',*,*,#5498,.T.);
#5500=CARTESIAN_POINT('',(264.509717585583,6.5,3.712015399386));
#5501=VERTEX_POINT('',#5500);
#5502=CARTESIAN_POINT('',(264.509717585583,6.5,-3.712015399386));
#5503=VERTEX_POINT('',#5502);
#5504=CARTESIAN_POINT('',(266.,6.5,0.));
#5505=DIRECTION('',(0.,1.,0.));
#5506=DIRECTION('',(-1.,0.,0.));
#5507=AXIS2_PLACEMENT_3D('',#5504,#5505,#5506);
#5508=CIRCLE('',#5507,4.);
#5509=EDGE_CURVE('',#5501,#5503,#5508,.T.);
#5510=ORIENTED_EDGE('',*,*,#5509,.T.);
#5511=CARTESIAN_POINT('',(264.509717585583,6.5,-3.712015399386));
#5512=VERTEX_POINT('',#5511);
#5513=CARTESIAN_POINT('',(259.,6.5,-1.5));
#5514=VERTEX_POINT('',#5513);
#5515=DIRECTION('',(-0.928003849846,0.,0.372570603604));
#5516=VECTOR('',#5515,5.937171043519);
#5517=CARTESIAN_POINT('',(264.509717585583,6.5,-3.712015399386));
#5518=LINE('',#5517,#5516);
#5519=EDGE_CURVE('',#5512,#5514,#5518,.T.);
#5520=ORIENTED_EDGE('',*,*,#5519,.T.);
#5521=EDGE_LOOP('',(#5469,#5479,#5489,#5499,#5510,#5520));
#5522=FACE_OUTER_BOUND('',#5521,.T.);
#5523=CARTESIAN_POINT('',(268.5,6.5,0.));
#5524=VERTEX_POINT('',#5523);
#5525=CARTESIAN_POINT('',(266.,6.5,-2.5));
#5526=VERTEX_POINT('',#5525);
#5527=CARTESIAN_POINT('',(266.,6.5,0.));
#5528=DIRECTION('',(0.,-1.,0.));
#5529=DIRECTION('',(1.,0.,0.));
#5530=AXIS2_PLACEMENT_3D('',#5527,#5528,#5529);
#5531=CIRCLE('',#5530,2.5);
#5532=EDGE_CURVE('',#5524,#5526,#5531,.T.);
#5533=ORIENTED_EDGE('',*,*,#5532,.T.);
#5534=CARTESIAN_POINT('',(266.,6.5,-2.5));
#5535=VERTEX_POINT('',#5534);
#5536=CARTESIAN_POINT('',(268.5,6.5,0.));
#5537=VERTEX_POINT('',#5536);
#5538=CARTESIAN_POINT('',(266.,6.5,0.));
#5539=DIRECTION('',(0.,-1.,0.));
#5540=DIRECTION('',(1.,0.,0.));
#5541=AXIS2_PLACEMENT_3D('',#5538,#5539,#5540);
#5542=CIRCLE('',#5541,2.5);
#5543=EDGE_CURVE('',#5535,#5537,#5542,.T.);
#5544=ORIENTED_EDGE('',*,*,#5543,.T.);
#5545=EDGE_LOOP('',(#5533,#5544));
#5546=FACE_BOUND('',#5545,.T.);
#5547=CARTESIAN_POINT('',(266.,6.5,0.));
#5548=DIRECTION('',(0.,1.,0.));
#5549=DIRECTION('',(0.,0.,0.));
#5550=AXIS2_PLACEMENT_3D('',#5547,#5548,#5549);
#5551=PLANE('',#5550);
#5552=ADVANCED_FACE('',(#5522,#5546),#5551,.T.);
#5553=OPEN_SHELL('',(#5552));
#5555=COLOUR_RGB($,0.686274509804,0.76862745098,0.866666666667);
#5556=FILL_AREA_STYLE_COLOUR('',#5555);
#5557=FILL_AREA_STYLE('',(#5556));
#5558=SURFACE_STYLE_FILL_AREA(#5557);
#5559=SURFACE_SIDE_STYLE('',(#5558));
#5560=SURFACE_STYLE_USAGE(.BOTH.,#5559);
#5561=PRESENTATION_STYLE_ASSIGNMENT((#5560));
#5562=STYLED_ITEM('',(#5561),#5554);
#5554=SHELL_BASED_SURFACE_MODEL('shell_5553',(#5553));
#5563=CARTESIAN_POINT('',(259.,5.,1.5));
#5564=VERTEX_POINT('',#5563);
#5565=CARTESIAN_POINT('',(259.,5.,-1.5));
#5566=VERTEX_POINT('',#5565);
#5567=DIRECTION('',(0.,0.,-1.));
#5568=VECTOR('',#5567,3.);
#5569=CARTESIAN_POINT('',(259.,5.,1.5));
#5570=LINE('',#5569,#5568);
#5571=EDGE_CURVE('',#5564,#5566,#5570,.T.);
#5572=ORIENTED_EDGE('',*,*,#5571,.T.);
#5573=CARTESIAN_POINT('',(259.,5.,-1.5));
#5574=VERTEX_POINT('',#5573);
#5575=CARTESIAN_POINT('',(264.509717585583,5.,-3.712015399386));
#5576=VERTEX_POINT('',#5575);
#5577=DIRECTION('',(0.928003849846,0.,-0.372570603604));
#5578=VECTOR('',#5577,5.937171043519);
#5579=CARTESIAN_POINT('',(259.,5.,-1.5));
#5580=LINE('',#5579,#5578);
#5581=EDGE_CURVE('',#5574,#5576,#5580,.T.);
#5582=ORIENTED_EDGE('',*,*,#5581,.T.);
#5583=CARTESIAN_POINT('',(264.509717585583,5.,-3.712015399386));
#5584=VERTEX_POINT('',#5583);
#5585=CARTESIAN_POINT('',(264.509717585583,5.,3.712015399386));
#5586=VERTEX_POINT('',#5585);
#5587=CARTESIAN_POINT('',(266.,5.,0.));
#5588=DIRECTION('',(0.,-1.,0.));
#5589=DIRECTION('',(-1.,0.,0.));
#5590=AXIS2_PLACEMENT_3D('',#5587,#5588,#5589);
#5591=CIRCLE('',#5590,4.);
#5592=EDGE_CURVE('',#5584,#5586,#5591,.T.);
#5593=ORIENTED_EDGE('',*,*,#5592,.T.);
#5594=CARTESIAN_POINT('',(264.509717585583,5.,3.712015399386));
#5595=VERTEX_POINT('',#5594);
#5596=CARTESIAN_POINT('',(259.,5.,1.5));
#5597=VERTEX_POINT('',#5596);
#5598=DIRECTION('',(-0.928003849846,0.,-0.372570603604));
#5599=VECTOR('',#5598,5.937171043519);
#5600=CARTESIAN_POINT('',(264.509717585583,5.,3.712015399386));
#5601=LINE('',#5600,#5599);
#5602=EDGE_CURVE('',#5595,#5597,#5601,.T.);
#5603=ORIENTED_EDGE('',*,*,#5602,.T.);
#5604=EDGE_LOOP('',(#5572,#5582,#5593,#5603));
#5605=FACE_OUTER_BOUND('',#5604,.T.);
#5606=CARTESIAN_POINT('',(268.5,5.,0.));
#5607=VERTEX_POINT('',#5606);
#5608=CARTESIAN_POINT('',(266.,5.,-2.5));
#5609=VERTEX_POINT('',#5608);
#5610=CARTESIAN_POINT('',(266.,5.,0.));
#5611=DIRECTION('',(0.,1.,0.));
#5612=DIRECTION('',(1.,0.,0.));
#5613=AXIS2_PLACEMENT_3D('',#5610,#5611,#5612);
#5614=CIRCLE('',#5613,2.5);
#5615=EDGE_CURVE('',#5607,#5609,#5614,.T.);
#5616=ORIENTED_EDGE('',*,*,#5615,.T.);
#5617=CARTESIAN_POINT('',(266.,5.,-2.5));
#5618=VERTEX_POINT('',#5617);
#5619=CARTESIAN_POINT('',(268.5,5.,0.));
#5620=VERTEX_POINT('',#5619);
#5621=CARTESIAN_POINT('',(266.,5.,0.));
#5622=DIRECTION('',(0.,1.,0.));
#5623=DIRECTION('',(1.,0.,0.));
#5624=AXIS2_PLACEMENT_3D('',#5621,#5622,#5623);
#5625=CIRCLE('',#5624,2.5);
#5626=EDGE_CURVE('',#5618,#5620,#5625,.T.);
#5627=ORIENTED_EDGE('',*,*,#5626,.T.);
#5628=EDGE_LOOP('',(#5616,#5627));
#5629=FACE_BOUND('',#5628,.T.);
#5630=CARTESIAN_POINT('',(266.,5.,0.));
#5631=DIRECTION('',(0.,-1.,0.));
#5632=DIRECTION('',(0.,0.,0.));
#5633=AXIS2_PLACEMENT_3D('',#5630,#5631,#5632);
#5634=PLANE('',#5633);
#5635=ADVANCED_FACE('',(#5605,#5629),#5634,.T.);
#5636=OPEN_SHELL('',(#5635));
#5638=COLOUR_RGB($,0.686274509804,0.76862745098,0.866666666667);
#5639=FILL_AREA_STYLE_COLOUR('',#5638);
#5640=FILL_AREA_STYLE('',(#5639));
#5641=SURFACE_STYLE_FILL_AREA(#5640);
#5642=SURFACE_SIDE_STYLE('',(#5641));
#5643=SURFACE_STYLE_USAGE(.BOTH.,#5642);
#5644=PRESENTATION_STYLE_ASSIGNMENT((#5643));
#5645=STYLED_ITEM('',(#5644),#5637);
#5637=SHELL_BASED_SURFACE_MODEL('shell_5636',(#5636));
#5646=CARTESIAN_POINT('',(259.,5.,-1.5));
#5647=VERTEX_POINT('',#5646);
#5648=CARTESIAN_POINT('',(259.,5.,1.5));
#5649=VERTEX_POINT('',#5648);
#5650=CARTESIAN_POINT('',(259.,5.,0.));
#5651=DIRECTION('',(-1.,0.,0.));
#5652=DIRECTION('',(0.,0.,1.));
#5653=AXIS2_PLACEMENT_3D('',#5650,#5651,#5652);
#5654=CIRCLE('',#5653,1.5);
#5655=EDGE_CURVE('',#5647,#5649,#5654,.T.);
#5656=ORIENTED_EDGE('',*,*,#5655,.T.);
#5657=CARTESIAN_POINT('',(259.,5.,1.5));
#5658=VERTEX_POINT('',#5657);
#5659=CARTESIAN_POINT('',(255.,5.,1.5));
#5660=VERTEX_POINT('',#5659);
#5661=DIRECTION('',(-1.,0.,0.));
#5662=VECTOR('',#5661,4.);
#5663=CARTESIAN_POINT('',(259.,5.,1.5));
#5664=LINE('',#5663,#5662);
#5665=EDGE_CURVE('',#5658,#5660,#5664,.T.);
#5666=ORIENTED_EDGE('',*,*,#5665,.T.);
#5667=CARTESIAN_POINT('',(255.,5.,1.5));
#5668=VERTEX_POINT('',#5667);
#5669=CARTESIAN_POINT('',(255.,5.,-1.5));
#5670=VERTEX_POINT('',#5669);
#5671=CARTESIAN_POINT('',(255.,5.,0.));
#5672=DIRECTION('',(1.,0.,0.));
#5673=DIRECTION('',(0.,0.,1.));
#5674=AXIS2_PLACEMENT_3D('',#5671,#5672,#5673);
#5675=CIRCLE('',#5674,1.5);
#5676=EDGE_CURVE('',#5668,#5670,#5675,.T.);
#5677=ORIENTED_EDGE('',*,*,#5676,.T.);
#5678=CARTESIAN_POINT('',(255.,5.,-1.5));
#5679=VERTEX_POINT('',#5678);
#5680=CARTESIAN_POINT('',(259.,5.,-1.5));
#5681=VERTEX_POINT('',#5680);
#5682=DIRECTION('',(1.,0.,0.));
#5683=VECTOR('',#5682,4.);
#5684=CARTESIAN_POINT('',(255.,5.,-1.5));
#5685=LINE('',#5684,#5683);
#5686=EDGE_CURVE('',#5679,#5681,#5685,.T.);
#5687=ORIENTED_EDGE('',*,*,#5686,.T.);
#5688=EDGE_LOOP('',(#5656,#5666,#5677,#5687));
#5689=FACE_OUTER_BOUND('',#5688,.T.);
#5690=DIRECTION('',(1.,0.,0.));
#5691=VECTOR('',#5690,4.08);
#5692=CARTESIAN_POINT('',(254.96,6.5,0.));
#5693=LINE('',#5692,#5691);
#5694=CARTESIAN_POINT('',(254.96,5.,0.));
#5695=DIRECTION('',(1.,0.,0.));
#5696=AXIS1_PLACEMENT('Revolution Surface Axis1P',#5694,#5695);
#5697=SURFACE_OF_REVOLUTION('Surface of Revolution',#5693,#5696);
#5698=ADVANCED_FACE('',(#5689),#5697,.T.);
#5699=OPEN_SHELL('',(#5698));
#5701=COLOUR_RGB($,0.686274509804,0.76862745098,0.866666666667);
#5702=FILL_AREA_STYLE_COLOUR('',#5701);
#5703=FILL_AREA_STYLE('',(#5702));
#5704=SURFACE_STYLE_FILL_AREA(#5703);
#5705=SURFACE_SIDE_STYLE('',(#5704));
#5706=SURFACE_STYLE_USAGE(.BOTH.,#5705);
#5707=PRESENTATION_STYLE_ASSIGNMENT((#5706));
#5708=STYLED_ITEM('',(#5707),#5700);
#5700=SHELL_BASED_SURFACE_MODEL('shell_5699',(#5699));
#5709=CARTESIAN_POINT('',(259.,5.,-1.5));
#5710=VERTEX_POINT('',#5709);
#5711=CARTESIAN_POINT('',(259.,5.,1.5));
#5712=VERTEX_POINT('',#5711);
#5713=DIRECTION('',(0.,0.,1.));
#5714=VECTOR('',#5713,3.);
#5715=CARTESIAN_POINT('',(259.,5.,-1.5));
#5716=LINE('',#5715,#5714);
#5717=EDGE_CURVE('',#5710,#5712,#5716,.T.);
#5718=ORIENTED_EDGE('',*,*,#5717,.T.);
#5719=CARTESIAN_POINT('',(259.,5.,1.5));
#5720=VERTEX_POINT('',#5719);
#5721=CARTESIAN_POINT('',(259.,5.,-1.5));
#5722=VERTEX_POINT('',#5721);
#5723=CARTESIAN_POINT('',(259.,5.,0.));
#5724=DIRECTION('',(1.,0.,0.));
#5725=DIRECTION('',(0.,0.,1.));
#5726=AXIS2_PLACEMENT_3D('',#5723,#5724,#5725);
#5727=CIRCLE('',#5726,1.5);
#5728=EDGE_CURVE('',#5720,#5722,#5727,.T.);
#5729=ORIENTED_EDGE('',*,*,#5728,.T.);
#5730=EDGE_LOOP('',(#5718,#5729));
#5731=FACE_OUTER_BOUND('',#5730,.T.);
#5732=CARTESIAN_POINT('',(259.,5.,-1.5));
#5733=DIRECTION('',(1.,0.,0.));
#5734=DIRECTION('',(0.,0.,0.));
#5735=AXIS2_PLACEMENT_3D('',#5732,#5733,#5734);
#5736=PLANE('',#5735);
#5737=ADVANCED_FACE('',(#5731),#5736,.T.);
#5738=OPEN_SHELL('',(#5737));
#5740=COLOUR_RGB($,0.686274509804,0.76862745098,0.866666666667);
#5741=FILL_AREA_STYLE_COLOUR('',#5740);
#5742=FILL_AREA_STYLE('',(#5741));
#5743=SURFACE_STYLE_FILL_AREA(#5742);
#5744=SURFACE_SIDE_STYLE('',(#5743));
#5745=SURFACE_STYLE_USAGE(.BOTH.,#5744);
#5746=PRESENTATION_STYLE_ASSIGNMENT((#5745));
#5747=STYLED_ITEM('',(#5746),#5739);
#5739=SHELL_BASED_SURFACE_MODEL('shell_5738',(#5738));
#5748=CARTESIAN_POINT('',(281.,102.5,48.75));
#5749=VERTEX_POINT('',#5748);
#5750=CARTESIAN_POINT('',(282.25,102.5,50.));
#5751=VERTEX_POINT('',#5750);
#5752=CARTESIAN_POINT('',(281.,102.5,50.));
#5753=DIRECTION('',(0.,-1.,0.));
#5754=DIRECTION('',(1.,0.,0.));
#5755=AXIS2_PLACEMENT_3D('',#5752,#5753,#5754);
#5756=CIRCLE('',#5755,1.25);
#5757=EDGE_CURVE('',#5749,#5751,#5756,.T.);
#5758=ORIENTED_EDGE('',*,*,#5757,.T.);
#5759=CARTESIAN_POINT('',(282.25,102.5,50.));
#5760=VERTEX_POINT('',#5759);
#5761=CARTESIAN_POINT('',(84.25,102.5,50.));
#5762=VERTEX_POINT('',#5761);
#5763=CARTESIAN_POINT('',(282.25,102.5,50.));
#5764=CARTESIAN_POINT('',(281.75,99.613248654052,50.));
#5765=CARTESIAN_POINT('',(281.25,98.169872981078,52.5));
#5766=CARTESIAN_POINT('',(280.75,96.726497308104,55.));
#5767=CARTESIAN_POINT('',(280.25,98.169872981078,57.5));
#5768=CARTESIAN_POINT('',(279.75,99.613248654052,60.));
#5769=CARTESIAN_POINT('',(279.25,102.5,60.));
#5770=CARTESIAN_POINT('',(278.75,105.386751345948,60.));
#5771=CARTESIAN_POINT('',(278.25,106.830127018922,57.5));
#5772=CARTESIAN_POINT('',(277.75,108.273502691896,55.));
#5773=CARTESIAN_POINT('',(277.25,106.830127018922,52.5));
#5774=CARTESIAN_POINT('',(276.75,105.386751345948,50.));
#5775=CARTESIAN_POINT('',(276.25,102.5,50.));
#5776=CARTESIAN_POINT('',(275.75,99.613248654052,50.));
#5777=CARTESIAN_POINT('',(275.25,98.169872981078,52.5));
#5778=CARTESIAN_POINT('',(274.75,96.726497308104,55.));
#5779=CARTESIAN_POINT('',(274.25,98.169872981078,57.5));
#5780=CARTESIAN_POINT('',(273.75,99.613248654052,60.));
#5781=CARTESIAN_POINT('',(273.25,102.5,60.));
#5782=CARTESIAN_POINT('',(272.75,105.386751345948,60.));
#5783=CARTESIAN_POINT('',(272.25,106.830127018922,57.5));
#5784=CARTESIAN_POINT('',(271.75,108.273502691896,55.));
#5785=CARTESIAN_POINT('',(271.25,106.830127018922,52.5));
#5786=CARTESIAN_POINT('',(270.75,105.386751345948,50.));
#5787=CARTESIAN_POINT('',(270.25,102.5,50.));
#5788=CARTESIAN_POINT('',(269.75,99.613248654052,50.));
#5789=CARTESIAN_POINT('',(269.25,98.169872981078,52.5));
#5790=CARTESIAN_POINT('',(268.75,96.726497308104,55.));
#5791=CARTESIAN_POINT('',(268.25,98.169872981078,57.5));
#5792=CARTESIAN_POINT('',(267.75,99.613248654052,60.));
#5793=CARTESIAN_POINT('',(267.25,102.5,60.));
#5794=CARTESIAN_POINT('',(266.75,105.386751345948,60.));
#5795=CARTESIAN_POINT('',(266.25,106.830127018922,57.5));
#5796=CARTESIAN_POINT('',(265.75,108.273502691896,55.));
#5797=CARTESIAN_POINT('',(265.25,106.830127018922,52.5));
#5798=CARTESIAN_POINT('',(264.75,105.386751345948,50.));
#5799=CARTESIAN_POINT('',(264.25,102.5,50.));
#5800=CARTESIAN_POINT('',(263.75,99.613248654052,50.));
#5801=CARTESIAN_POINT('',(263.25,98.169872981078,52.5));
#5802=CARTESIAN_POINT('',(262.75,96.726497308104,55.));
#5803=CARTESIAN_POINT('',(262.25,98.169872981078,57.5));
#5804=CARTESIAN_POINT('',(261.75,99.613248654052,60.));
#5805=CARTESIAN_POINT('',(261.25,102.5,60.));
#5806=CARTESIAN_POINT('',(260.75,105.386751345948,60.));
#5807=CARTESIAN_POINT('',(260.25,106.830127018922,57.5));
#5808=CARTESIAN_POINT('',(259.75,108.273502691896,55.));
#5809=CARTESIAN_POINT('',(259.25,106.830127018922,52.5));
#5810=CARTESIAN_POINT('',(258.75,105.386751345948,50.));
#5811=CARTESIAN_POINT('',(258.25,102.5,50.));
#5812=CARTESIAN_POINT('',(257.75,99.613248654052,50.));
#5813=CARTESIAN_POINT('',(257.25,98.169872981078,52.5));
#5814=CARTESIAN_POINT('',(256.75,96.726497308104,55.));
#5815=CARTESIAN_POINT('',(256.25,98.169872981078,57.5));
#5816=CARTESIAN_POINT('',(255.75,99.613248654052,60.));
#5817=CARTESIAN_POINT('',(255.25,102.5,60.));
#5818=CARTESIAN_POINT('',(254.75,105.386751345948,60.));
#5819=CARTESIAN_POINT('',(254.25,106.830127018922,57.5));
#5820=CARTESIAN_POINT('',(253.75,108.273502691896,55.));
#5821=CARTESIAN_POINT('',(253.25,106.830127018922,52.5));
#5822=CARTESIAN_POINT('',(252.75,105.386751345948,50.));
#5823=CARTESIAN_POINT('',(252.25,102.5,50.));
#5824=CARTESIAN_POINT('',(251.75,99.613248654052,50.));
#5825=CARTESIAN_POINT('',(251.25,98.169872981078,52.5));
#5826=CARTESIAN_POINT('',(250.75,96.726497308104,55.));
#5827=CARTESIAN_POINT('',(250.25,98.169872981078,57.5));
#5828=CARTESIAN_POINT('',(249.75,99.613248654052,60.));
#5829=CARTESIAN_POINT('',(249.25,102.5,60.));
#5830=CARTESIAN_POINT('',(248.75,105.386751345948,60.));
#5831=CARTESIAN_POINT('',(248.25,106.830127018922,57.5));
#5832=CARTESIAN_POINT('',(247.75,108.273502691896,55.));
#5833=CARTESIAN_POINT('',(247.25,106.830127018922,52.5));
#5834=CARTESIAN_POINT('',(246.75,105.386751345948,50.));
#5835=CARTESIAN_POINT('',(246.25,102.5,50.));
#5836=CARTESIAN_POINT('',(245.75,99.613248654052,50.));
#5837=CARTESIAN_POINT('',(245.25,98.169872981078,52.5));
#5838=CARTESIAN_POINT('',(244.75,96.726497308104,55.));
#5839=CARTESIAN_POINT('',(244.25,98.169872981078,57.5));
#5840=CARTESIAN_POINT('',(243.75,99.613248654052,60.));
#5841=CARTESIAN_POINT('',(243.25,102.5,60.));
#5842=CARTESIAN_POINT('',(242.75,105.386751345948,60.));
#5843=CARTESIAN_POINT('',(242.25,106.830127018922,57.5));
#5844=CARTESIAN_POINT('',(241.75,108.273502691896,55.));
#5845=CARTESIAN_POINT('',(241.25,106.830127018922,52.5));
#5846=CARTESIAN_POINT('',(240.75,105.386751345948,50.));
#5847=CARTESIAN_POINT('',(240.25,102.5,50.));
#5848=CARTESIAN_POINT('',(239.75,99.613248654052,50.));
#5849=CARTESIAN_POINT('',(239.25,98.169872981078,52.5));
#5850=CARTESIAN_POINT('',(238.75,96.726497308104,55.));
#5851=CARTESIAN_POINT('',(238.25,98.169872981078,57.5));
#5852=CARTESIAN_POINT('',(237.75,99.613248654052,60.));
#5853=CARTESIAN_POINT('',(237.25,102.5,60.));
#5854=CARTESIAN_POINT('',(236.75,105.386751345948,60.));
#5855=CARTESIAN_POINT('',(236.25,106.830127018922,57.5));
#5856=CARTESIAN_POINT('',(235.75,108.273502691896,55.));
#5857=CARTESIAN_POINT('',(235.25,106.830127018922,52.5));
#5858=CARTESIAN_POINT('',(234.75,105.386751345948,50.));
#5859=CARTESIAN_POINT('',(234.25,102.5,50.));
#5860=CARTESIAN_POINT('',(233.75,99.613248654052,50.));
#5861=CARTESIAN_POINT('',(233.25,98.169872981078,52.5));
#5862=CARTESIAN_POINT('',(232.75,96.726497308104,55.));
#5863=CARTESIAN_POINT('',(232.25,98.169872981078,57.5));
#5864=CARTESIAN_POINT('',(231.75,99.613248654052,60.));
#5865=CARTESIAN_POINT('',(231.25,102.5,60.));
#5866=CARTESIAN_POINT('',(230.75,105.386751345948,60.));
#5867=CARTESIAN_POINT('',(230.25,106.830127018922,57.5));
#5868=CARTESIAN_POINT('',(229.75,108.273502691896,55.));
#5869=CARTESIAN_POINT('',(229.25,106.830127018922,52.5));
#5870=CARTESIAN_POINT('',(228.75,105.386751345948,50.));
#5871=CARTESIAN_POINT('',(228.25,102.5,50.));
#5872=CARTESIAN_POINT('',(227.75,99.613248654052,50.));
#5873=CARTESIAN_POINT('',(227.25,98.169872981078,52.5));
#5874=CARTESIAN_POINT('',(226.75,96.726497308104,55.));
#5875=CARTESIAN_POINT('',(226.25,98.169872981078,57.5));
#5876=CARTESIAN_POINT('',(225.75,99.613248654052,60.));
#5877=CARTESIAN_POINT('',(225.25,102.5,60.));
#5878=CARTESIAN_POINT('',(224.75,105.386751345948,60.));
#5879=CARTESIAN_POINT('',(224.25,106.830127018922,57.5));
#5880=CARTESIAN_POINT('',(223.75,108.273502691896,55.));
#5881=CARTESIAN_POINT('',(223.25,106.830127018922,52.5));
#5882=CARTESIAN_POINT('',(222.75,105.386751345948,50.));
#5883=CARTESIAN_POINT('',(222.25,102.5,50.));
#5884=CARTESIAN_POINT('',(221.75,99.613248654052,50.));
#5885=CARTESIAN_POINT('',(221.25,98.169872981078,52.5));
#5886=CARTESIAN_POINT('',(220.75,96.726497308104,55.));
#5887=CARTESIAN_POINT('',(220.25,98.169872981078,57.5));
#5888=CARTESIAN_POINT('',(219.75,99.613248654052,60.));
#5889=CARTESIAN_POINT('',(219.25,102.5,60.));
#5890=CARTESIAN_POINT('',(218.75,105.386751345948,60.));
#5891=CARTESIAN_POINT('',(218.25,106.830127018922,57.5));
#5892=CARTESIAN_POINT('',(217.75,108.273502691896,55.));
#5893=CARTESIAN_POINT('',(217.25,106.830127018922,52.5));
#5894=CARTESIAN_POINT('',(216.75,105.386751345948,50.));
#5895=CARTESIAN_POINT('',(216.25,102.5,50.));
#5896=CARTESIAN_POINT('',(215.75,99.613248654052,50.));
#5897=CARTESIAN_POINT('',(215.25,98.169872981078,52.5));
#5898=CARTESIAN_POINT('',(214.75,96.726497308104,55.));
#5899=CARTESIAN_POINT('',(214.25,98.169872981078,57.5));
#5900=CARTESIAN_POINT('',(213.75,99.613248654052,60.));
#5901=CARTESIAN_POINT('',(213.25,102.5,60.));
#5902=CARTESIAN_POINT('',(212.75,105.386751345948,60.));
#5903=CARTESIAN_POINT('',(212.25,106.830127018922,57.5));
#5904=CARTESIAN_POINT('',(211.75,108.273502691896,55.));
#5905=CARTESIAN_POINT('',(211.25,106.830127018922,52.5));
#5906=CARTESIAN_POINT('',(210.75,105.386751345948,50.));
#5907=CARTESIAN_POINT('',(210.25,102.5,50.));
#5908=CARTESIAN_POINT('',(209.75,99.613248654052,50.));
#5909=CARTESIAN_POINT('',(209.25,98.169872981078,52.5));
#5910=CARTESIAN_POINT('',(208.75,96.726497308104,55.));
#5911=CARTESIAN_POINT('',(208.25,98.169872981078,57.5));
#5912=CARTESIAN_POINT('',(207.75,99.613248654052,60.));
#5913=CARTESIAN_POINT('',(207.25,102.5,60.));
#5914=CARTESIAN_POINT('',(206.75,105.386751345948,60.));
#5915=CARTESIAN_POINT('',(206.25,106.830127018922,57.5));
#5916=CARTESIAN_POINT('',(205.75,108.273502691896,55.));
#5917=CARTESIAN_POINT('',(205.25,106.830127018922,52.5));
#5918=CARTESIAN_POINT('',(204.75,105.386751345948,50.));
#5919=CARTESIAN_POINT('',(204.25,102.5,50.));
#5920=CARTESIAN_POINT('',(203.75,99.613248654052,50.));
#5921=CARTESIAN_POINT('',(203.25,98.169872981078,52.5));
#5922=CARTESIAN_POINT('',(202.75,96.726497308104,55.));
#5923=CARTESIAN_POINT('',(202.25,98.169872981078,57.5));
#5924=CARTESIAN_POINT('',(201.75,99.613248654052,60.));
#5925=CARTESIAN_POINT('',(201.25,102.5,60.));
#5926=CARTESIAN_POINT('',(200.75,105.386751345948,60.));
#5927=CARTESIAN_POINT('',(200.25,106.830127018922,57.5));
#5928=CARTESIAN_POINT('',(199.75,108.273502691896,55.));
#5929=CARTESIAN_POINT('',(199.25,106.830127018922,52.5));
#5930=CARTESIAN_POINT('',(198.75,105.386751345948,50.));
#5931=CARTESIAN_POINT('',(198.25,102.5,50.));
#5932=CARTESIAN_POINT('',(197.75,99.613248654052,50.));
#5933=CARTESIAN_POINT('',(197.25,98.169872981078,52.5));
#5934=CARTESIAN_POINT('',(196.75,96.726497308104,55.));
#5935=CARTESIAN_POINT('',(196.25,98.169872981078,57.5));
#5936=CARTESIAN_POINT('',(195.75,99.613248654052,60.));
#5937=CARTESIAN_POINT('',(195.25,102.5,60.));
#5938=CARTESIAN_POINT('',(194.75,105.386751345948,60.));
#5939=CARTESIAN_POINT('',(194.25,106.830127018922,57.5));
#5940=CARTESIAN_POINT('',(193.75,108.273502691896,55.));
#5941=CARTESIAN_POINT('',(193.25,106.830127018922,52.5));
#5942=CARTESIAN_POINT('',(192.75,105.386751345948,50.));
#5943=CARTESIAN_POINT('',(192.25,102.5,50.));
#5944=CARTESIAN_POINT('',(191.75,99.613248654052,50.));
#5945=CARTESIAN_POINT('',(191.25,98.169872981078,52.5));
#5946=CARTESIAN_POINT('',(190.75,96.726497308104,55.));
#5947=CARTESIAN_POINT('',(190.25,98.169872981078,57.5));
#5948=CARTESIAN_POINT('',(189.75,99.613248654052,60.));
#5949=CARTESIAN_POINT('',(189.25,102.5,60.));
#5950=CARTESIAN_POINT('',(188.75,105.386751345948,60.));
#5951=CARTESIAN_POINT('',(188.25,106.830127018922,57.5));
#5952=CARTESIAN_POINT('',(187.75,108.273502691896,55.));
#5953=CARTESIAN_POINT('',(187.25,106.830127018922,52.5));
#5954=CARTESIAN_POINT('',(186.75,105.386751345948,50.));
#5955=CARTESIAN_POINT('',(186.25,102.5,50.));
#5956=CARTESIAN_POINT('',(185.75,99.613248654052,50.));
#5957=CARTESIAN_POINT('',(185.25,98.169872981078,52.5));
#5958=CARTESIAN_POINT('',(184.75,96.726497308104,55.));
#5959=CARTESIAN_POINT('',(184.25,98.169872981078,57.5));
#5960=CARTESIAN_POINT('',(183.75,99.613248654052,60.));
#5961=CARTESIAN_POINT('',(183.25,102.5,60.));
#5962=CARTESIAN_POINT('',(182.75,105.386751345948,60.));
#5963=CARTESIAN_POINT('',(182.25,106.830127018922,57.5));
#5964=CARTESIAN_POINT('',(181.75,108.273502691896,55.));
#5965=CARTESIAN_POINT('',(181.25,106.830127018922,52.5));
#5966=CARTESIAN_POINT('',(180.75,105.386751345948,50.));
#5967=CARTESIAN_POINT('',(180.25,102.5,50.));
#5968=CARTESIAN_POINT('',(179.75,99.613248654052,50.));
#5969=CARTESIAN_POINT('',(179.25,98.169872981078,52.5));
#5970=CARTESIAN_POINT('',(178.75,96.726497308104,55.));
#5971=CARTESIAN_POINT('',(178.25,98.169872981078,57.5));
#5972=CARTESIAN_POINT('',(177.75,99.613248654052,60.));
#5973=CARTESIAN_POINT('',(177.25,102.5,60.));
#5974=CARTESIAN_POINT('',(176.75,105.386751345948,60.));
#5975=CARTESIAN_POINT('',(176.25,106.830127018922,57.5));
#5976=CARTESIAN_POINT('',(175.75,108.273502691896,55.));
#5977=CARTESIAN_POINT('',(175.25,106.830127018922,52.5));
#5978=CARTESIAN_POINT('',(174.75,105.386751345948,50.));
#5979=CARTESIAN_POINT('',(174.25,102.5,50.));
#5980=CARTESIAN_POINT('',(173.75,99.613248654052,50.));
#5981=CARTESIAN_POINT('',(173.25,98.169872981078,52.5));
#5982=CARTESIAN_POINT('',(172.75,96.726497308104,55.));
#5983=CARTESIAN_POINT('',(172.25,98.169872981078,57.5));
#5984=CARTESIAN_POINT('',(171.75,99.613248654052,60.));
#5985=CARTESIAN_POINT('',(171.25,102.5,60.));
#5986=CARTESIAN_POINT('',(170.75,105.386751345948,60.));
#5987=CARTESIAN_POINT('',(170.25,106.830127018922,57.5));
#5988=CARTESIAN_POINT('',(169.75,108.273502691896,55.));
#5989=CARTESIAN_POINT('',(169.25,106.830127018922,52.5));
#5990=CARTESIAN_POINT('',(168.75,105.386751345948,50.));
#5991=CARTESIAN_POINT('',(168.25,102.5,50.));
#5992=CARTESIAN_POINT('',(167.75,99.613248654052,50.));
#5993=CARTESIAN_POINT('',(167.25,98.169872981078,52.5));
#5994=CARTESIAN_POINT('',(166.75,96.726497308104,55.));
#5995=CARTESIAN_POINT('',(166.25,98.169872981078,57.5));
#5996=CARTESIAN_POINT('',(165.75,99.613248654052,60.));
#5997=CARTESIAN_POINT('',(165.25,102.5,60.));
#5998=CARTESIAN_POINT('',(164.75,105.386751345948,60.));
#5999=CARTESIAN_POINT('',(164.25,106.830127018922,57.5));
#6000=CARTESIAN_POINT('',(163.75,108.273502691896,55.));
#6001=CARTESIAN_POINT('',(163.25,106.830127018922,52.5));
#6002=CARTESIAN_POINT('',(162.75,105.386751345948,50.));
#6003=CARTESIAN_POINT('',(162.25,102.5,50.));
#6004=CARTESIAN_POINT('',(161.75,99.613248654052,50.));
#6005=CARTESIAN_POINT('',(161.25,98.169872981078,52.5));
#6006=CARTESIAN_POINT('',(160.75,96.726497308104,55.));
#6007=CARTESIAN_POINT('',(160.25,98.169872981078,57.5));
#6008=CARTESIAN_POINT('',(159.75,99.613248654052,60.));
#6009=CARTESIAN_POINT('',(159.25,102.5,60.));
#6010=CARTESIAN_POINT('',(158.75,105.386751345948,60.));
#6011=CARTESIAN_POINT('',(158.25,106.830127018922,57.5));
#6012=CARTESIAN_POINT('',(157.75,108.273502691896,55.));
#6013=CARTESIAN_POINT('',(157.25,106.830127018922,52.5));
#6014=CARTESIAN_POINT('',(156.75,105.386751345948,50.));
#6015=CARTESIAN_POINT('',(156.25,102.5,50.));
#6016=CARTESIAN_POINT('',(155.75,99.613248654052,50.));
#6017=CARTESIAN_POINT('',(155.25,98.169872981078,52.5));
#6018=CARTESIAN_POINT('',(154.75,96.726497308104,55.));
#6019=CARTESIAN_POINT('',(154.25,98.169872981078,57.5));
#6020=CARTESIAN_POINT('',(153.75,99.613248654052,60.));
#6021=CARTESIAN_POINT('',(153.25,102.5,60.));
#6022=CARTESIAN_POINT('',(152.75,105.386751345948,60.));
#6023=CARTESIAN_POINT('',(152.25,106.830127018922,57.5));
#6024=CARTESIAN_POINT('',(151.75,108.273502691896,55.));
#6025=CARTESIAN_POINT('',(151.25,106.830127018922,52.5));
#6026=CARTESIAN_POINT('',(150.75,105.386751345948,50.));
#6027=CARTESIAN_POINT('',(150.25,102.5,50.));
#6028=CARTESIAN_POINT('',(149.75,99.613248654052,50.));
#6029=CARTESIAN_POINT('',(149.25,98.169872981078,52.5));
#6030=CARTESIAN_POINT('',(148.75,96.726497308104,55.));
#6031=CARTESIAN_POINT('',(148.25,98.169872981078,57.5));
#6032=CARTESIAN_POINT('',(147.75,99.613248654052,60.));
#6033=CARTESIAN_POINT('',(147.25,102.5,60.));
#6034=CARTESIAN_POINT('',(146.75,105.386751345948,60.));
#6035=CARTESIAN_POINT('',(146.25,106.830127018922,57.5));
#6036=CARTESIAN_POINT('',(145.75,108.273502691896,55.));
#6037=CARTESIAN_POINT('',(145.25,106.830127018922,52.5));
#6038=CARTESIAN_POINT('',(144.75,105.386751345948,50.));
#6039=CARTESIAN_POINT('',(144.25,102.5,50.));
#6040=CARTESIAN_POINT('',(143.75,99.613248654052,50.));
#6041=CARTESIAN_POINT('',(143.25,98.169872981078,52.5));
#6042=CARTESIAN_POINT('',(142.75,96.726497308104,55.));
#6043=CARTESIAN_POINT('',(142.25,98.169872981078,57.5));
#6044=CARTESIAN_POINT('',(141.75,99.613248654052,60.));
#6045=CARTESIAN_POINT('',(141.25,102.5,60.));
#6046=CARTESIAN_POINT('',(140.75,105.386751345948,60.));
#6047=CARTESIAN_POINT('',(140.25,106.830127018922,57.5));
#6048=CARTESIAN_POINT('',(139.75,108.273502691896,55.));
#6049=CARTESIAN_POINT('',(139.25,106.830127018922,52.5));
#6050=CARTESIAN_POINT('',(138.75,105.386751345948,50.));
#6051=CARTESIAN_POINT('',(138.25,102.5,50.));
#6052=CARTESIAN_POINT('',(137.75,99.613248654052,50.));
#6053=CARTESIAN_POINT('',(137.25,98.169872981078,52.5));
#6054=CARTESIAN_POINT('',(136.75,96.726497308104,55.));
#6055=CARTESIAN_POINT('',(136.25,98.169872981078,57.5));
#6056=CARTESIAN_POINT('',(135.75,99.613248654052,60.));
#6057=CARTESIAN_POINT('',(135.25,102.5,60.));
#6058=CARTESIAN_POINT('',(134.75,105.386751345948,60.));
#6059=CARTESIAN_POINT('',(134.25,106.830127018922,57.5));
#6060=CARTESIAN_POINT('',(133.75,108.273502691896,55.));
#6061=CARTESIAN_POINT('',(133.25,106.830127018922,52.5));
#6062=CARTESIAN_POINT('',(132.75,105.386751345948,50.));
#6063=CARTESIAN_POINT('',(132.25,102.5,50.));
#6064=CARTESIAN_POINT('',(131.75,99.613248654052,50.));
#6065=CARTESIAN_POINT('',(131.25,98.169872981078,52.5));
#6066=CARTESIAN_POINT('',(130.75,96.726497308104,55.));
#6067=CARTESIAN_POINT('',(130.25,98.169872981078,57.5));
#6068=CARTESIAN_POINT('',(129.75,99.613248654052,60.));
#6069=CARTESIAN_POINT('',(129.25,102.5,60.));
#6070=CARTESIAN_POINT('',(128.75,105.386751345948,60.));
#6071=CARTESIAN_POINT('',(128.25,106.830127018922,57.5));
#6072=CARTESIAN_POINT('',(127.75,108.273502691896,55.));
#6073=CARTESIAN_POINT('',(127.25,106.830127018922,52.5));
#6074=CARTESIAN_POINT('',(126.75,105.386751345948,50.));
#6075=CARTESIAN_POINT('',(126.25,102.5,50.));
#6076=CARTESIAN_POINT('',(125.75,99.613248654052,50.));
#6077=CARTESIAN_POINT('',(125.25,98.169872981078,52.5));
#6078=CARTESIAN_POINT('',(124.75,96.726497308104,55.));
#6079=CARTESIAN_POINT('',(124.25,98.169872981078,57.5));
#6080=CARTESIAN_POINT('',(123.75,99.613248654052,60.));
#6081=CARTESIAN_POINT('',(123.25,102.5,60.));
#6082=CARTESIAN_POINT('',(122.75,105.386751345948,60.));
#6083=CARTESIAN_POINT('',(122.25,106.830127018922,57.5));
#6084=CARTESIAN_POINT('',(121.75,108.273502691896,55.));
#6085=CARTESIAN_POINT('',(121.25,106.830127018922,52.5));
#6086=CARTESIAN_POINT('',(120.75,105.386751345948,50.));
#6087=CARTESIAN_POINT('',(120.25,102.5,50.));
#6088=CARTESIAN_POINT('',(119.75,99.613248654052,50.));
#6089=CARTESIAN_POINT('',(119.25,98.169872981078,52.5));
#6090=CARTESIAN_POINT('',(118.75,96.726497308104,55.));
#6091=CARTESIAN_POINT('',(118.25,98.169872981078,57.5));
#6092=CARTESIAN_POINT('',(117.75,99.613248654052,60.));
#6093=CARTESIAN_POINT('',(117.25,102.5,60.));
#6094=CARTESIAN_POINT('',(116.75,105.386751345948,60.));
#6095=CARTESIAN_POINT('',(116.25,106.830127018922,57.5));
#6096=CARTESIAN_POINT('',(115.75,108.273502691896,55.));
#6097=CARTESIAN_POINT('',(115.25,106.830127018922,52.5));
#6098=CARTESIAN_POINT('',(114.75,105.386751345948,50.));
#6099=CARTESIAN_POINT('',(114.25,102.5,50.));
#6100=CARTESIAN_POINT('',(113.75,99.613248654052,50.));
#6101=CARTESIAN_POINT('',(113.25,98.169872981078,52.5));
#6102=CARTESIAN_POINT('',(112.75,96.726497308104,55.));
#6103=CARTESIAN_POINT('',(112.25,98.169872981078,57.5));
#6104=CARTESIAN_POINT('',(111.75,99.613248654052,60.));
#6105=CARTESIAN_POINT('',(111.25,102.5,60.));
#6106=CARTESIAN_POINT('',(110.75,105.386751345948,60.));
#6107=CARTESIAN_POINT('',(110.25,106.830127018922,57.5));
#6108=CARTESIAN_POINT('',(109.75,108.273502691896,55.));
#6109=CARTESIAN_POINT('',(109.25,106.830127018922,52.5));
#6110=CARTESIAN_POINT('',(108.75,105.386751345948,50.));
#6111=CARTESIAN_POINT('',(108.25,102.5,50.));
#6112=CARTESIAN_POINT('',(107.75,99.613248654052,50.));
#6113=CARTESIAN_POINT('',(107.25,98.169872981078,52.5));
#6114=CARTESIAN_POINT('',(106.75,96.726497308104,55.));
#6115=CARTESIAN_POINT('',(106.25,98.169872981078,57.5));
#6116=CARTESIAN_POINT('',(105.75,99.613248654052,60.));
#6117=CARTESIAN_POINT('',(105.25,102.5,60.));
#6118=CARTESIAN_POINT('',(104.75,105.386751345948,60.));
#6119=CARTESIAN_POINT('',(104.25,106.830127018922,57.5));
#6120=CARTESIAN_POINT('',(103.75,108.273502691896,55.));
#6121=CARTESIAN_POINT('',(103.25,106.830127018922,52.5));
#6122=CARTESIAN_POINT('',(102.75,105.386751345948,50.));
#6123=CARTESIAN_POINT('',(102.25,102.5,50.));
#6124=CARTESIAN_POINT('',(101.75,99.613248654052,50.));
#6125=CARTESIAN_POINT('',(101.25,98.169872981078,52.5));
#6126=CARTESIAN_POINT('',(100.75,96.726497308104,55.));
#6127=CARTESIAN_POINT('',(100.25,98.169872981078,57.5));
#6128=CARTESIAN_POINT('',(99.75,99.613248654052,60.));
#6129=CARTESIAN_POINT('',(99.25,102.5,60.));
#6130=CARTESIAN_POINT('',(98.75,105.386751345948,60.));
#6131=CARTESIAN_POINT('',(98.25,106.830127018922,57.5));
#6132=CARTESIAN_POINT('',(97.75,108.273502691896,55.));
#6133=CARTESIAN_POINT('',(97.25,106.830127018922,52.5));
#6134=CARTESIAN_POINT('',(96.75,105.386751345948,50.));
#6135=CARTESIAN_POINT('',(96.25,102.5,50.));
#6136=CARTESIAN_POINT('',(95.75,99.613248654052,50.));
#6137=CARTESIAN_POINT('',(95.25,98.169872981078,52.5));
#6138=CARTESIAN_POINT('',(94.75,96.726497308104,55.));
#6139=CARTESIAN_POINT('',(94.25,98.169872981078,57.5));
#6140=CARTESIAN_POINT('',(93.75,99.613248654052,60.));
#6141=CARTESIAN_POINT('',(93.25,102.5,60.));
#6142=CARTESIAN_POINT('',(92.75,105.386751345948,60.));
#6143=CARTESIAN_POINT('',(92.25,106.830127018922,57.5));
#6144=CARTESIAN_POINT('',(91.75,108.273502691896,55.));
#6145=CARTESIAN_POINT('',(91.25,106.830127018922,52.5));
#6146=CARTESIAN_POINT('',(90.75,105.386751345948,50.));
#6147=CARTESIAN_POINT('',(90.25,102.5,50.));
#6148=CARTESIAN_POINT('',(89.75,99.613248654052,50.));
#6149=CARTESIAN_POINT('',(89.25,98.169872981078,52.5));
#6150=CARTESIAN_POINT('',(88.75,96.726497308104,55.));
#6151=CARTESIAN_POINT('',(88.25,98.169872981078,57.5));
#6152=CARTESIAN_POINT('',(87.75,99.613248654052,60.));
#6153=CARTESIAN_POINT('',(87.25,102.5,60.));
#6154=CARTESIAN_POINT('',(86.75,105.386751345948,60.));
#6155=CARTESIAN_POINT('',(86.25,106.830127018922,57.5));
#6156=CARTESIAN_POINT('',(85.75,108.273502691896,55.));
#6157=CARTESIAN_POINT('',(85.25,106.830127018922,52.5));
#6158=CARTESIAN_POINT('',(84.75,105.386751345948,50.));
#6159=CARTESIAN_POINT('',(84.25,102.5,50.));
#6160=(BOUNDED_CURVE()B_SPLINE_CURVE(2,(#5763,#5764,#5765,#5766,#5767,#5768,#5769,#5770,#5771,#5772,#5773,#5774,#5775,#5776,#5777,#5778,#5779,#5780,#5781,#5782,#5783,#5784,#5785,#5786,#5787,#5788,#5789,#5790,#5791,#5792,#5793,#5794,#5795,#5796,#5797,#5798,#5799,#5800,#5801,#5802,#5803,#5804,#5805,#5806,#5807,#5808,#5809,#5810,#5811,#5812,#5813,#5814,#5815,#5816,#5817,#5818,#5819,#5820,#5821,#5822,#5823,#5824,#5825,#5826,#5827,#5828,#5829,#5830,#5831,#5832,#5833,#5834,#5835,#5836,#5837,#5838,#5839,#5840,#5841,#5842,#5843,#5844,#5845,#5846,#5847,#5848,#5849,#5850,#5851,#5852,#5853,#5854,#5855,#5856,#5857,#5858,#5859,#5860,#5861,#5862,#5863,#5864,#5865,#5866,#5867,#5868,#5869,#5870,#5871,#5872,#5873,#5874,#5875,#5876,#5877,#5878,#5879,#5880,#5881,#5882,#5883,#5884,#5885,#5886,#5887,#5888,#5889,#5890,#5891,#5892,#5893,#5894,#5895,#5896,#5897,#5898,#5899,#5900,#5901,#5902,#5903,#5904,#5905,#5906,#5907,#5908,#5909,#5910,#5911,#5912,#5913,#5914,#5915,#5916,#5917,#5918,#5919,#5920,#5921,#5922,#5923,#5924,#5925,#5926,#5927,#5928,#5929,#5930,#5931,#5932,#5933,#5934,#5935,#5936,#5937,#5938,#5939,#5940,#5941,#5942,#5943,#5944,#5945,#5946,#5947,#5948,#5949,#5950,#5951,#5952,#5953,#5954,#5955,#5956,#5957,#5958,#5959,#5960,#5961,#5962,#5963,#5964,#5965,#5966,#5967,#5968,#5969,#5970,#5971,#5972,#5973,#5974,#5975,#5976,#5977,#5978,#5979,#5980,#5981,#5982,#5983,#5984,#5985,#5986,#5987,#5988,#5989,#5990,#5991,#5992,#5993,#5994,#5995,#5996,#5997,#5998,#5999,#6000,#6001,#6002,#6003,#6004,#6005,#6006,#6007,#6008,#6009,#6010,#6011,#6012,#6013,#6014,#6015,#6016,#6017,#6018,#6019,#6020,#6021,#6022,#6023,#6024,#6025,#6026,#6027,#6028,#6029,#6030,#6031,#6032,#6033,#6034,#6035,#6036,#6037,#6038,#6039,#6040,#6041,#6042,#6043,#6044,#6045,#6046,#6047,#6048,#6049,#6050,#6051,#6052,#6053,#6054,#6055,#6056,#6057,#6058,#6059,#6060,#6061,#6062,#6063,#6064,#6065,#6066,#6067,#6068,#6069,#6070,#6071,#6072,#6073,#6074,#6075,#6076,#6077,#6078,#6079,#6080,#6081,#6082,#6083,#6084,#6085,#6086,#6087,#6088,#6089,#6090,#6091,#6092,#6093,#6094,#6095,#6096,#6097,#6098,#6099,#6100,#6101,#6102,#6103,#6104,#6105,#6106,#6107,#6108,#6109,#6110,#6111,#6112,#6113,#6114,#6115,#6116,#6117,#6118,#6119,#6120,#6121,#6122,#6123,#6124,#6125,#6126,#6127,#6128,#6129,#6130,#6131,#6132,#6133,#6134,#6135,#6136,#6137,#6138,#6139,#6140,#6141,#6142,#6143,#6144,#6145,#6146,#6147,#6148,#6149,#6150,#6151,#6152,#6153,#6154,#6155,#6156,#6157,#6158,#6159),.UNSPECIFIED.,.F.,.F.)B_SPLINE_CURVE_WITH_KNOTS((3,2,2,2,2,2,2,2,2,2,2,2,2,2,2,2,2,2,2,2,2,2,2,2,2,2,2,2,2,2,2,2,2,2,2,2,2,2,2,2,2,2,2,2,2,2,2,2,2,2,2,2,2,2,2,2,2,2,2,2,2,2,2,2,2,2,2,2,2,2,2,2,2,2,2,2,2,2,2,2,2,2,2,2,2,2,2,2,2,2,2,2,2,2,2,2,2,2,2,2,2,2,2,2,2,2,2,2,2,2,2,2,2,2,2,2,2,2,2,2,2,2,2,2,2,2,2,2,2,2,2,2,2,2,2,2,2,2,2,2,2,2,2,2,2,2,2,2,2,2,2,2,2,2,2,2,2,2,2,2,2,2,2,2,2,2,2,2,2,2,2,2,2,2,2,2,2,2,2,2,2,2,2,2,2,2,2,2,2,2,2,2,2,2,2,2,2,2,3),(-1726.12398164211,-1717.40618375503,-1708.68838586795,-1699.97058798087,-1691.25279009378,-1682.5349922067,-1673.81719431962,-1665.09939643254,-1656.38159854546,-1647.66380065838,-1638.9460027713,-1630.22820488421,-1621.51040699713,-1612.79260911005,-1604.07481122297,-1595.35701333589,-1586.63921544881,-1577.92141756173,-1569.20361967464,-1560.48582178756,-1551.76802390048,-1543.0502260134,-1534.33242812632,-1525.61463023924,-1516.89683235216,-1508.17903446508,-1499.46123657799,-1490.74343869091,-1482.02564080383,-1473.30784291675,-1464.59004502967,-1455.87224714259,-1447.1544492555,-1438.43665136842,-1429.71885348134,-1421.00105559426,-1412.28325770718,-1403.5654598201,-1394.84766193302,-1386.12986404594,-1377.41206615885,-1368.69426827177,-1359.97647038469,-1351.25867249761,-1342.54087461053,-1333.82307672345,-1325.10527883637,-1316.38748094929,-1307.6696830622,-1298.95188517512,-1290.23408728804,-1281.51628940096,-1272.79849151388,-1264.0806936268,-1255.36289573971,-1246.64509785263,-1237.92729996555,-1229.20950207847,-1220.49170419139,-1211.77390630431,-1203.05610841723,-1194.33831053015,-1185.62051264306,-1176.90271475598,-1168.1849168689,-1159.46711898182,-1150.74932109474,-1142.03152320766,-1133.31372532058,-1124.5959274335,-1115.87812954641,-1107.16033165933,-1098.44253377225,-1089.72473588517,-1081.00693799809,-1072.28914011101,-1063.57134222393,-1054.85354433684,-1046.13574644976,-1037.41794856268,-1028.7001506756,-1019.98235278852,-1011.26455490144,-1002.54675701436,-993.828959127275,-985.111161240194,-976.393363353113,-967.675565466031,-958.95776757895,-950.239969691869,-941.522171804786,-932.804373917705,-924.086576030623,-915.368778143542,-906.650980256461,-897.93318236938,-889.215384482298,-880.497586595217,-871.779788708136,-863.061990821054,-854.344192933973,-845.626395046892,-836.908597159811,-828.190799272729,-819.473001385648,-810.755203498567,-802.037405611485,-793.319607724404,-784.601809837323,-775.884011950242,-767.166214063159,-758.448416176079,-749.730618288996,-741.012820401917,-732.295022514835,-723.577224627752,-714.859426740671,-706.14162885359,-697.423830966508,-688.706033079427,-679.988235192346,-671.270437305265,-662.552639418184,-653.834841531102,-645.117043644021,-636.39924575694,-627.681447869858,-618.963649982775,-610.245852095694,-601.528054208615,-592.810256321532,-584.092458434452,-575.374660547371,-566.65686266029,-557.939064773206,-549.221266886125,-540.503468999044,-531.785671111963,-523.067873224881,-514.3500753378,-505.632277450719,-496.914479563638,-488.196681676556,-479.478883789475,-470.761085902394,-462.043288015311,-453.325490128229,-444.60769224115,-435.889894354067,-427.172096466986,-418.454298579906,-409.736500692825,-401.018702805742,-392.300904918662,-383.583107031579,-374.865309144498,-366.147511257417,-357.429713370336,-348.711915483254,-339.994117596173,-331.276319709092,-322.55852182201,-313.840723934929,-305.122926047848,-296.405128160765,-287.687330273685,-278.969532386602,-270.251734499523,-261.53393661244,-252.816138725359,-244.098340838277,-235.380542951196,-226.662745064115,-217.944947177033,-209.227149289952,-200.509351402871,-191.79155351579,-183.073755628708,-174.355957741627,-165.638159854546,-156.920361967464,-148.202564080383,-139.484766193302,-130.76696830622,-122.049170419139,-113.331372532058,-104.613574644976,-95.895776757895,-87.177978870814,-78.460180983732,-69.742383096651,-61.02458520957,-52.306787322488,-43.588989435407,-34.871191548325,-26.153393661244,-17.435595774163,-8.717797887081,0.),.UNSPECIFIED.)CURVE()GEOMETRIC_REPRESENTATION_ITEM()RATIONAL_B_SPLINE_CURVE((1.,0.866025403784,1.,0.866025403784,1.,0.866025403784,1.,0.866025403784,1.,0.866025403784,1.,0.866025403784,1.,0.866025403784,1.,0.866025403784,1.,0.866025403784,1.,0.866025403784,1.,0.866025403784,1.,0.866025403784,1.,0.866025403784,1.,0.866025403784,1.,0.866025403784,1.,0.866025403784,1.,0.866025403784,1.,0.866025403784,1.,0.866025403784,1.,0.866025403784,1.,0.866025403784,1.,0.866025403784,1.,0.866025403784,1.,0.866025403784,1.,0.866025403784,1.,0.866025403784,1.,0.866025403784,1.,0.866025403784,1.,0.866025403784,1.,0.866025403784,1.,0.866025403784,1.,0.866025403784,1.,0.866025403784,1.,0.866025403784,1.,0.866025403784,1.,0.866025403784,1.,0.866025403784,1.,0.866025403784,1.,0.866025403784,1.,0.866025403784,1.,0.866025403784,1.,0.866025403784,1.,0.866025403784,1.,0.866025403784,1.,0.866025403784,1.,0.866025403784,1.,0.866025403784,1.,0.866025403784,1.,0.866025403784,1.,0.866025403784,1.,0.866025403784,1.,0.866025403784,1.,0.866025403784,1.,0.866025403784,1.,0.866025403784,1.,0.866025403784,1.,0.866025403784,1.,0.866025403784,1.,0.866025403784,1.,0.866025403784,1.,0.866025403784,1.,0.866025403784,1.,0.866025403784,1.,0.866025403784,1.,0.866025403784,1.,0.866025403784,1.,0.866025403784,1.,0.866025403784,1.,0.866025403784,1.,0.866025403784,1.,0.866025403784,1.,0.866025403784,1.,0.866025403784,1.,0.866025403784,1.,0.866025403784,1.,0.866025403784,1.,0.866025403784,1.,0.866025403784,1.,0.866025403784,1.,0.866025403784,1.,0.866025403784,1.,0.866025403784,1.,0.866025403784,1.,0.866025403784,1.,0.866025403784,1.,0.866025403784,1.,0.866025403784,1.,0.866025403784,1.,0.866025403784,1.,0.866025403784,1.,0.866025403784,1.,0.866025403784,1.,0.866025403784,1.,0.866025403784,1.,0.866025403784,1.,0.866025403784,1.,0.866025403784,1.,0.866025403784,1.,0.866025403784,1.,0.866025403784,1.,0.866025403784,1.,0.866025403784,1.,0.866025403784,1.,0.866025403784,1.,0.866025403784,1.,0.866025403784,1.,0.866025403784,1.,0.866025403784,1.,0.866025403784,1.,0.866025403784,1.,0.866025403784,1.,0.866025403784,1.,0.866025403784,1.,0.866025403784,1.,0.866025403784,1.,0.866025403784,1.,0.866025403784,1.,0.866025403784,1.,0.866025403784,1.,0.866025403784,1.,0.866025403784,1.,0.866025403784,1.,0.866025403784,1.,0.866025403784,1.,0.866025403784,1.,0.866025403784,1.,0.866025403784,1.,0.866025403784,1.,0.866025403784,1.,0.866025403784,1.,0.866025403784,1.,0.866025403784,1.,0.866025403784,1.,0.866025403784,1.,0.866025403784,1.,0.866025403784,1.,0.866025403784,1.,0.866025403784,1.,0.866025403784,1.,0.866025403784,1.,0.866025403784,1.,0.866025403784,1.,0.866025403784,1.,0.866025403784,1.,0.866025403784,1.,0.866025403784,1.,0.866025403784,1.,0.866025403784,1.,0.866025403784,1.,0.866025403784,1.,0.866025403784,1.,0.866025403784,1.,0.866025403784,1.,0.866025403784,1.,0.866025403784,1.,0.866025403784,1.,0.866025403784,1.,0.866025403784,1.,0.866025403784,1.,0.866025403784,1.,0.866025403784,1.,0.866025403784,1.,0.866025403784,1.,0.866025403784,1.,0.866025403784,1.,0.866025403784,1.,0.866025403784,1.,0.866025403784,1.,0.866025403784,1.,0.866025403784,1.,0.866025403784,1.,0.866025403784,1.,0.866025403784,1.,0.866025403784,1.,0.866025403784,1.,0.866025403784,1.,0.866025403784,1.,0.866025403784,1.,0.866025403784,1.,0.866025403784,1.,0.866025403784,1.,0.866025403784,1.,0.866025403784,1.,0.866025403784,1.,0.866025403784,1.,0.866025403784,1.,0.866025403784,1.,0.866025403784,1.,0.866025403784,1.,0.866025403784,1.,0.866025403784,1.,0.866025403784,1.,0.866025403784,1.,0.866025403784,1.,0.866025403784,1.,0.866025403784,1.,0.866025403784,1.,0.866025403784,1.))REPRESENTATION_ITEM(''));
#6161=EDGE_CURVE('',#5760,#5762,#6160,.T.);
#6162=ORIENTED_EDGE('',*,*,#6161,.T.);
#6163=CARTESIAN_POINT('',(84.25,102.5,50.));
#6164=VERTEX_POINT('',#6163);
#6165=CARTESIAN_POINT('',(81.75,102.5,50.));
#6166=VERTEX_POINT('',#6165);
#6167=CARTESIAN_POINT('',(83.,102.5,50.));
#6168=DIRECTION('',(0.,1.,0.));
#6169=DIRECTION('',(-1.,0.,0.));
#6170=AXIS2_PLACEMENT_3D('',#6167,#6168,#6169);
#6171=CIRCLE('',#6170,1.25);
#6172=EDGE_CURVE('',#6164,#6166,#6171,.T.);
#6173=ORIENTED_EDGE('',*,*,#6172,.T.);
#6174=CARTESIAN_POINT('',(81.75,102.5,50.));
#6175=VERTEX_POINT('',#6174);
#6176=CARTESIAN_POINT('',(83.,102.5,51.25));
#6177=VERTEX_POINT('',#6176);
#6178=CARTESIAN_POINT('',(83.,102.5,50.));
#6179=DIRECTION('',(0.,1.,0.));
#6180=DIRECTION('',(-1.,0.,0.));
#6181=AXIS2_PLACEMENT_3D('',#6178,#6179,#6180);
#6182=CIRCLE('',#6181,1.25);
#6183=EDGE_CURVE('',#6175,#6177,#6182,.T.);
#6184=ORIENTED_EDGE('',*,*,#6183,.T.);
#6185=CARTESIAN_POINT('',(83.,102.5,51.25));
#6186=VERTEX_POINT('',#6185);
#6187=CARTESIAN_POINT('',(84.25,102.5,50.));
#6188=VERTEX_POINT('',#6187);
#6189=CARTESIAN_POINT('',(83.,102.5,50.));
#6190=DIRECTION('',(0.,1.,0.));
#6191=DIRECTION('',(-1.,0.,0.));
#6192=AXIS2_PLACEMENT_3D('',#6189,#6190,#6191);
#6193=CIRCLE('',#6192,1.25);
#6194=EDGE_CURVE('',#6186,#6188,#6193,.T.);
#6195=ORIENTED_EDGE('',*,*,#6194,.T.);
#6196=CARTESIAN_POINT('',(84.25,102.5,50.));
#6197=VERTEX_POINT('',#6196);
#6198=CARTESIAN_POINT('',(282.25,102.5,50.));
#6199=VERTEX_POINT('',#6198);
#6200=CARTESIAN_POINT('',(84.25,102.5,50.));
#6201=CARTESIAN_POINT('',(84.75,105.386751345948,50.));
#6202=CARTESIAN_POINT('',(85.25,106.830127018922,52.5));
#6203=CARTESIAN_POINT('',(85.75,108.273502691896,55.));
#6204=CARTESIAN_POINT('',(86.25,106.830127018922,57.5));
#6205=CARTESIAN_POINT('',(86.75,105.386751345948,60.));
#6206=CARTESIAN_POINT('',(87.25,102.5,60.));
#6207=CARTESIAN_POINT('',(87.75,99.613248654052,60.));
#6208=CARTESIAN_POINT('',(88.25,98.169872981078,57.5));
#6209=CARTESIAN_POINT('',(88.75,96.726497308104,55.));
#6210=CARTESIAN_POINT('',(89.25,98.169872981078,52.5));
#6211=CARTESIAN_POINT('',(89.75,99.613248654052,50.));
#6212=CARTESIAN_POINT('',(90.25,102.5,50.));
#6213=CARTESIAN_POINT('',(90.75,105.386751345948,50.));
#6214=CARTESIAN_POINT('',(91.25,106.830127018922,52.5));
#6215=CARTESIAN_POINT('',(91.75,108.273502691896,55.));
#6216=CARTESIAN_POINT('',(92.25,106.830127018922,57.5));
#6217=CARTESIAN_POINT('',(92.75,105.386751345948,60.));
#6218=CARTESIAN_POINT('',(93.25,102.5,60.));
#6219=CARTESIAN_POINT('',(93.75,99.613248654052,60.));
#6220=CARTESIAN_POINT('',(94.25,98.169872981078,57.5));
#6221=CARTESIAN_POINT('',(94.75,96.726497308104,55.));
#6222=CARTESIAN_POINT('',(95.25,98.169872981078,52.5));
#6223=CARTESIAN_POINT('',(95.75,99.613248654052,50.));
#6224=CARTESIAN_POINT('',(96.25,102.5,50.));
#6225=CARTESIAN_POINT('',(96.75,105.386751345948,50.));
#6226=CARTESIAN_POINT('',(97.25,106.830127018922,52.5));
#6227=CARTESIAN_POINT('',(97.75,108.273502691896,55.));
#6228=CARTESIAN_POINT('',(98.25,106.830127018922,57.5));
#6229=CARTESIAN_POINT('',(98.75,105.386751345948,60.));
#6230=CARTESIAN_POINT('',(99.25,102.5,60.));
#6231=CARTESIAN_POINT('',(99.75,99.613248654052,60.));
#6232=CARTESIAN_POINT('',(100.25,98.169872981078,57.5));
#6233=CARTESIAN_POINT('',(100.75,96.726497308104,55.));
#6234=CARTESIAN_POINT('',(101.25,98.169872981078,52.5));
#6235=CARTESIAN_POINT('',(101.75,99.613248654052,50.));
#6236=CARTESIAN_POINT('',(102.25,102.5,50.));
#6237=CARTESIAN_POINT('',(102.75,105.386751345948,50.));
#6238=CARTESIAN_POINT('',(103.25,106.830127018922,52.5));
#6239=CARTESIAN_POINT('',(103.75,108.273502691896,55.));
#6240=CARTESIAN_POINT('',(104.25,106.830127018922,57.5));
#6241=CARTESIAN_POINT('',(104.75,105.386751345948,60.));
#6242=CARTESIAN_POINT('',(105.25,102.5,60.));
#6243=CARTESIAN_POINT('',(105.75,99.613248654052,60.));
#6244=CARTESIAN_POINT('',(106.25,98.169872981078,57.5));
#6245=CARTESIAN_POINT('',(106.75,96.726497308104,55.));
#6246=CARTESIAN_POINT('',(107.25,98.169872981078,52.5));
#6247=CARTESIAN_POINT('',(107.75,99.613248654052,50.));
#6248=CARTESIAN_POINT('',(108.25,102.5,50.));
#6249=CARTESIAN_POINT('',(108.75,105.386751345948,50.));
#6250=CARTESIAN_POINT('',(109.25,106.830127018922,52.5));
#6251=CARTESIAN_POINT('',(109.75,108.273502691896,55.));
#6252=CARTESIAN_POINT('',(110.25,106.830127018922,57.5));
#6253=CARTESIAN_POINT('',(110.75,105.386751345948,60.));
#6254=CARTESIAN_POINT('',(111.25,102.5,60.));
#6255=CARTESIAN_POINT('',(111.75,99.613248654052,60.));
#6256=CARTESIAN_POINT('',(112.25,98.169872981078,57.5));
#6257=CARTESIAN_POINT('',(112.75,96.726497308104,55.));
#6258=CARTESIAN_POINT('',(113.25,98.169872981078,52.5));
#6259=CARTESIAN_POINT('',(113.75,99.613248654052,50.));
#6260=CARTESIAN_POINT('',(114.25,102.5,50.));
#6261=CARTESIAN_POINT('',(114.75,105.386751345948,50.));
#6262=CARTESIAN_POINT('',(115.25,106.830127018922,52.5));
#6263=CARTESIAN_POINT('',(115.75,108.273502691896,55.));
#6264=CARTESIAN_POINT('',(116.25,106.830127018922,57.5));
#6265=CARTESIAN_POINT('',(116.75,105.386751345948,60.));
#6266=CARTESIAN_POINT('',(117.25,102.5,60.));
#6267=CARTESIAN_POINT('',(117.75,99.613248654052,60.));
#6268=CARTESIAN_POINT('',(118.25,98.169872981078,57.5));
#6269=CARTESIAN_POINT('',(118.75,96.726497308104,55.));
#6270=CARTESIAN_POINT('',(119.25,98.169872981078,52.5));
#6271=CARTESIAN_POINT('',(119.75,99.613248654052,50.));
#6272=CARTESIAN_POINT('',(120.25,102.5,50.));
#6273=CARTESIAN_POINT('',(120.75,105.386751345948,50.));
#6274=CARTESIAN_POINT('',(121.25,106.830127018922,52.5));
#6275=CARTESIAN_POINT('',(121.75,108.273502691896,55.));
#6276=CARTESIAN_POINT('',(122.25,106.830127018922,57.5));
#6277=CARTESIAN_POINT('',(122.75,105.386751345948,60.));
#6278=CARTESIAN_POINT('',(123.25,102.5,60.));
#6279=CARTESIAN_POINT('',(123.75,99.613248654052,60.));
#6280=CARTESIAN_POINT('',(124.25,98.169872981078,57.5));
#6281=CARTESIAN_POINT('',(124.75,96.726497308104,55.));
#6282=CARTESIAN_POINT('',(125.25,98.169872981078,52.5));
#6283=CARTESIAN_POINT('',(125.75,99.613248654052,50.));
#6284=CARTESIAN_POINT('',(126.25,102.5,50.));
#6285=CARTESIAN_POINT('',(126.75,105.386751345948,50.));
#6286=CARTESIAN_POINT('',(127.25,106.830127018922,52.5));
#6287=CARTESIAN_POINT('',(127.75,108.273502691896,55.));
#6288=CARTESIAN_POINT('',(128.25,106.830127018922,57.5));
#6289=CARTESIAN_POINT('',(128.75,105.386751345948,60.));
#6290=CARTESIAN_POINT('',(129.25,102.5,60.));
#6291=CARTESIAN_POINT('',(129.75,99.613248654052,60.));
#6292=CARTESIAN_POINT('',(130.25,98.169872981078,57.5));
#6293=CARTESIAN_POINT('',(130.75,96.726497308104,55.));
#6294=CARTESIAN_POINT('',(131.25,98.169872981078,52.5));
#6295=CARTESIAN_POINT('',(131.75,99.613248654052,50.));
#6296=CARTESIAN_POINT('',(132.25,102.5,50.));
#6297=CARTESIAN_POINT('',(132.75,105.386751345948,50.));
#6298=CARTESIAN_POINT('',(133.25,106.830127018922,52.5));
#6299=CARTESIAN_POINT('',(133.75,108.273502691896,55.));
#6300=CARTESIAN_POINT('',(134.25,106.830127018922,57.5));
#6301=CARTESIAN_POINT('',(134.75,105.386751345948,60.));
#6302=CARTESIAN_POINT('',(135.25,102.5,60.));
#6303=CARTESIAN_POINT('',(135.75,99.613248654052,60.));
#6304=CARTESIAN_POINT('',(136.25,98.169872981078,57.5));
#6305=CARTESIAN_POINT('',(136.75,96.726497308104,55.));
#6306=CARTESIAN_POINT('',(137.25,98.169872981078,52.5));
#6307=CARTESIAN_POINT('',(137.75,99.613248654052,50.));
#6308=CARTESIAN_POINT('',(138.25,102.5,50.));
#6309=CARTESIAN_POINT('',(138.75,105.386751345948,50.));
#6310=CARTESIAN_POINT('',(139.25,106.830127018922,52.5));
#6311=CARTESIAN_POINT('',(139.75,108.273502691896,55.));
#6312=CARTESIAN_POINT('',(140.25,106.830127018922,57.5));
#6313=CARTESIAN_POINT('',(140.75,105.386751345948,60.));
#6314=CARTESIAN_POINT('',(141.25,102.5,60.));
#6315=CARTESIAN_POINT('',(141.75,99.613248654052,60.));
#6316=CARTESIAN_POINT('',(142.25,98.169872981078,57.5));
#6317=CARTESIAN_POINT('',(142.75,96.726497308104,55.));
#6318=CARTESIAN_POINT('',(143.25,98.169872981078,52.5));
#6319=CARTESIAN_POINT('',(143.75,99.613248654052,50.));
#6320=CARTESIAN_POINT('',(144.25,102.5,50.));
#6321=CARTESIAN_POINT('',(144.75,105.386751345948,50.));
#6322=CARTESIAN_POINT('',(145.25,106.830127018922,52.5));
#6323=CARTESIAN_POINT('',(145.75,108.273502691896,55.));
#6324=CARTESIAN_POINT('',(146.25,106.830127018922,57.5));
#6325=CARTESIAN_POINT('',(146.75,105.386751345948,60.));
#6326=CARTESIAN_POINT('',(147.25,102.5,60.));
#6327=CARTESIAN_POINT('',(147.75,99.613248654052,60.));
#6328=CARTESIAN_POINT('',(148.25,98.169872981078,57.5));
#6329=CARTESIAN_POINT('',(148.75,96.726497308104,55.));
#6330=CARTESIAN_POINT('',(149.25,98.169872981078,52.5));
#6331=CARTESIAN_POINT('',(149.75,99.613248654052,50.));
#6332=CARTESIAN_POINT('',(150.25,102.5,50.));
#6333=CARTESIAN_POINT('',(150.75,105.386751345948,50.));
#6334=CARTESIAN_POINT('',(151.25,106.830127018922,52.5));
#6335=CARTESIAN_POINT('',(151.75,108.273502691896,55.));
#6336=CARTESIAN_POINT('',(152.25,106.830127018922,57.5));
#6337=CARTESIAN_POINT('',(152.75,105.386751345948,60.));
#6338=CARTESIAN_POINT('',(153.25,102.5,60.));
#6339=CARTESIAN_POINT('',(153.75,99.613248654052,60.));
#6340=CARTESIAN_POINT('',(154.25,98.169872981078,57.5));
#6341=CARTESIAN_POINT('',(154.75,96.726497308104,55.));
#6342=CARTESIAN_POINT('',(155.25,98.169872981078,52.5));
#6343=CARTESIAN_POINT('',(155.75,99.613248654052,50.));
#6344=CARTESIAN_POINT('',(156.25,102.5,50.));
#6345=CARTESIAN_POINT('',(156.75,105.386751345948,50.));
#6346=CARTESIAN_POINT('',(157.25,106.830127018922,52.5));
#6347=CARTESIAN_POINT('',(157.75,108.273502691896,55.));
#6348=CARTESIAN_POINT('',(158.25,106.830127018922,57.5));
#6349=CARTESIAN_POINT('',(158.75,105.386751345948,60.));
#6350=CARTESIAN_POINT('',(159.25,102.5,60.));
#6351=CARTESIAN_POINT('',(159.75,99.613248654052,60.));
#6352=CARTESIAN_POINT('',(160.25,98.169872981078,57.5));
#6353=CARTESIAN_POINT('',(160.75,96.726497308104,55.));
#6354=CARTESIAN_POINT('',(161.25,98.169872981078,52.5));
#6355=CARTESIAN_POINT('',(161.75,99.613248654052,50.));
#6356=CARTESIAN_POINT('',(162.25,102.5,50.));
#6357=CARTESIAN_POINT('',(162.75,105.386751345948,50.));
#6358=CARTESIAN_POINT('',(163.25,106.830127018922,52.5));
#6359=CARTESIAN_POINT('',(163.75,108.273502691896,55.));
#6360=CARTESIAN_POINT('',(164.25,106.830127018922,57.5));
#6361=CARTESIAN_POINT('',(164.75,105.386751345948,60.));
#6362=CARTESIAN_POINT('',(165.25,102.5,60.));
#6363=CARTESIAN_POINT('',(165.75,99.613248654052,60.));
#6364=CARTESIAN_POINT('',(166.25,98.169872981078,57.5));
#6365=CARTESIAN_POINT('',(166.75,96.726497308104,55.));
#6366=CARTESIAN_POINT('',(167.25,98.169872981078,52.5));
#6367=CARTESIAN_POINT('',(167.75,99.613248654052,50.));
#6368=CARTESIAN_POINT('',(168.25,102.5,50.));
#6369=CARTESIAN_POINT('',(168.75,105.386751345948,50.));
#6370=CARTESIAN_POINT('',(169.25,106.830127018922,52.5));
#6371=CARTESIAN_POINT('',(169.75,108.273502691896,55.));
#6372=CARTESIAN_POINT('',(170.25,106.830127018922,57.5));
#6373=CARTESIAN_POINT('',(170.75,105.386751345948,60.));
#6374=CARTESIAN_POINT('',(171.25,102.5,60.));
#6375=CARTESIAN_POINT('',(171.75,99.613248654052,60.));
#6376=CARTESIAN_POINT('',(172.25,98.169872981078,57.5));
#6377=CARTESIAN_POINT('',(172.75,96.726497308104,55.));
#6378=CARTESIAN_POINT('',(173.25,98.169872981078,52.5));
#6379=CARTESIAN_POINT('',(173.75,99.613248654052,50.));
#6380=CARTESIAN_POINT('',(174.25,102.5,50.));
#6381=CARTESIAN_POINT('',(174.75,105.386751345948,50.));
#6382=CARTESIAN_POINT('',(175.25,106.830127018922,52.5));
#6383=CARTESIAN_POINT('',(175.75,108.273502691896,55.));
#6384=CARTESIAN_POINT('',(176.25,106.830127018922,57.5));
#6385=CARTESIAN_POINT('',(176.75,105.386751345948,60.));
#6386=CARTESIAN_POINT('',(177.25,102.5,60.));
#6387=CARTESIAN_POINT('',(177.75,99.613248654052,60.));
#6388=CARTESIAN_POINT('',(178.25,98.169872981078,57.5));
#6389=CARTESIAN_POINT('',(178.75,96.726497308104,55.));
#6390=CARTESIAN_POINT('',(179.25,98.169872981078,52.5));
#6391=CARTESIAN_POINT('',(179.75,99.613248654052,50.));
#6392=CARTESIAN_POINT('',(180.25,102.5,50.));
#6393=CARTESIAN_POINT('',(180.75,105.386751345948,50.));
#6394=CARTESIAN_POINT('',(181.25,106.830127018922,52.5));
#6395=CARTESIAN_POINT('',(181.75,108.273502691896,55.));
#6396=CARTESIAN_POINT('',(182.25,106.830127018922,57.5));
#6397=CARTESIAN_POINT('',(182.75,105.386751345948,60.));
#6398=CARTESIAN_POINT('',(183.25,102.5,60.));
#6399=CARTESIAN_POINT('',(183.75,99.613248654052,60.));
#6400=CARTESIAN_POINT('',(184.25,98.169872981078,57.5));
#6401=CARTESIAN_POINT('',(184.75,96.726497308104,55.));
#6402=CARTESIAN_POINT('',(185.25,98.169872981078,52.5));
#6403=CARTESIAN_POINT('',(185.75,99.613248654052,50.));
#6404=CARTESIAN_POINT('',(186.25,102.5,50.));
#6405=CARTESIAN_POINT('',(186.75,105.386751345948,50.));
#6406=CARTESIAN_POINT('',(187.25,106.830127018922,52.5));
#6407=CARTESIAN_POINT('',(187.75,108.273502691896,55.));
#6408=CARTESIAN_POINT('',(188.25,106.830127018922,57.5));
#6409=CARTESIAN_POINT('',(188.75,105.386751345948,60.));
#6410=CARTESIAN_POINT('',(189.25,102.5,60.));
#6411=CARTESIAN_POINT('',(189.75,99.613248654052,60.));
#6412=CARTESIAN_POINT('',(190.25,98.169872981078,57.5));
#6413=CARTESIAN_POINT('',(190.75,96.726497308104,55.));
#6414=CARTESIAN_POINT('',(191.25,98.169872981078,52.5));
#6415=CARTESIAN_POINT('',(191.75,99.613248654052,50.));
#6416=CARTESIAN_POINT('',(192.25,102.5,50.));
#6417=CARTESIAN_POINT('',(192.75,105.386751345948,50.));
#6418=CARTESIAN_POINT('',(193.25,106.830127018922,52.5));
#6419=CARTESIAN_POINT('',(193.75,108.273502691896,55.));
#6420=CARTESIAN_POINT('',(194.25,106.830127018922,57.5));
#6421=CARTESIAN_POINT('',(194.75,105.386751345948,60.));
#6422=CARTESIAN_POINT('',(195.25,102.5,60.));
#6423=CARTESIAN_POINT('',(195.75,99.613248654052,60.));
#6424=CARTESIAN_POINT('',(196.25,98.169872981078,57.5));
#6425=CARTESIAN_POINT('',(196.75,96.726497308104,55.));
#6426=CARTESIAN_POINT('',(197.25,98.169872981078,52.5));
#6427=CARTESIAN_POINT('',(197.75,99.613248654052,50.));
#6428=CARTESIAN_POINT('',(198.25,102.5,50.));
#6429=CARTESIAN_POINT('',(198.75,105.386751345948,50.));
#6430=CARTESIAN_POINT('',(199.25,106.830127018922,52.5));
#6431=CARTESIAN_POINT('',(199.75,108.273502691896,55.));
#6432=CARTESIAN_POINT('',(200.25,106.830127018922,57.5));
#6433=CARTESIAN_POINT('',(200.75,105.386751345948,60.));
#6434=CARTESIAN_POINT('',(201.25,102.5,60.));
#6435=CARTESIAN_POINT('',(201.75,99.613248654052,60.));
#6436=CARTESIAN_POINT('',(202.25,98.169872981078,57.5));
#6437=CARTESIAN_POINT('',(202.75,96.726497308104,55.));
#6438=CARTESIAN_POINT('',(203.25,98.169872981078,52.5));
#6439=CARTESIAN_POINT('',(203.75,99.613248654052,50.));
#6440=CARTESIAN_POINT('',(204.25,102.5,50.));
#6441=CARTESIAN_POINT('',(204.75,105.386751345948,50.));
#6442=CARTESIAN_POINT('',(205.25,106.830127018922,52.5));
#6443=CARTESIAN_POINT('',(205.75,108.273502691896,55.));
#6444=CARTESIAN_POINT('',(206.25,106.830127018922,57.5));
#6445=CARTESIAN_POINT('',(206.75,105.386751345948,60.));
#6446=CARTESIAN_POINT('',(207.25,102.5,60.));
#6447=CARTESIAN_POINT('',(207.75,99.613248654052,60.));
#6448=CARTESIAN_POINT('',(208.25,98.169872981078,57.5));
#6449=CARTESIAN_POINT('',(208.75,96.726497308104,55.));
#6450=CARTESIAN_POINT('',(209.25,98.169872981078,52.5));
#6451=CARTESIAN_POINT('',(209.75,99.613248654052,50.));
#6452=CARTESIAN_POINT('',(210.25,102.5,50.));
#6453=CARTESIAN_POINT('',(210.75,105.386751345948,50.));
#6454=CARTESIAN_POINT('',(211.25,106.830127018922,52.5));
#6455=CARTESIAN_POINT('',(211.75,108.273502691896,55.));
#6456=CARTESIAN_POINT('',(212.25,106.830127018922,57.5));
#6457=CARTESIAN_POINT('',(212.75,105.386751345948,60.));
#6458=CARTESIAN_POINT('',(213.25,102.5,60.));
#6459=CARTESIAN_POINT('',(213.75,99.613248654052,60.));
#6460=CARTESIAN_POINT('',(214.25,98.169872981078,57.5));
#6461=CARTESIAN_POINT('',(214.75,96.726497308104,55.));
#6462=CARTESIAN_POINT('',(215.25,98.169872981078,52.5));
#6463=CARTESIAN_POINT('',(215.75,99.613248654052,50.));
#6464=CARTESIAN_POINT('',(216.25,102.5,50.));
#6465=CARTESIAN_POINT('',(216.75,105.386751345948,50.));
#6466=CARTESIAN_POINT('',(217.25,106.830127018922,52.5));
#6467=CARTESIAN_POINT('',(217.75,108.273502691896,55.));
#6468=CARTESIAN_POINT('',(218.25,106.830127018922,57.5));
#6469=CARTESIAN_POINT('',(218.75,105.386751345948,60.));
#6470=CARTESIAN_POINT('',(219.25,102.5,60.));
#6471=CARTESIAN_POINT('',(219.75,99.613248654052,60.));
#6472=CARTESIAN_POINT('',(220.25,98.169872981078,57.5));
#6473=CARTESIAN_POINT('',(220.75,96.726497308104,55.));
#6474=CARTESIAN_POINT('',(221.25,98.169872981078,52.5));
#6475=CARTESIAN_POINT('',(221.75,99.613248654052,50.));
#6476=CARTESIAN_POINT('',(222.25,102.5,50.));
#6477=CARTESIAN_POINT('',(222.75,105.386751345948,50.));
#6478=CARTESIAN_POINT('',(223.25,106.830127018922,52.5));
#6479=CARTESIAN_POINT('',(223.75,108.273502691896,55.));
#6480=CARTESIAN_POINT('',(224.25,106.830127018922,57.5));
#6481=CARTESIAN_POINT('',(224.75,105.386751345948,60.));
#6482=CARTESIAN_POINT('',(225.25,102.5,60.));
#6483=CARTESIAN_POINT('',(225.75,99.613248654052,60.));
#6484=CARTESIAN_POINT('',(226.25,98.169872981078,57.5));
#6485=CARTESIAN_POINT('',(226.75,96.726497308104,55.));
#6486=CARTESIAN_POINT('',(227.25,98.169872981078,52.5));
#6487=CARTESIAN_POINT('',(227.75,99.613248654052,50.));
#6488=CARTESIAN_POINT('',(228.25,102.5,50.));
#6489=CARTESIAN_POINT('',(228.75,105.386751345948,50.));
#6490=CARTESIAN_POINT('',(229.25,106.830127018922,52.5));
#6491=CARTESIAN_POINT('',(229.75,108.273502691896,55.));
#6492=CARTESIAN_POINT('',(230.25,106.830127018922,57.5));
#6493=CARTESIAN_POINT('',(230.75,105.386751345948,60.));
#6494=CARTESIAN_POINT('',(231.25,102.5,60.));
#6495=CARTESIAN_POINT('',(231.75,99.613248654052,60.));
#6496=CARTESIAN_POINT('',(232.25,98.169872981078,57.5));
#6497=CARTESIAN_POINT('',(232.75,96.726497308104,55.));
#6498=CARTESIAN_POINT('',(233.25,98.169872981078,52.5));
#6499=CARTESIAN_POINT('',(233.75,99.613248654052,50.));
#6500=CARTESIAN_POINT('',(234.25,102.5,50.));
#6501=CARTESIAN_POINT('',(234.75,105.386751345948,50.));
#6502=CARTESIAN_POINT('',(235.25,106.830127018922,52.5));
#6503=CARTESIAN_POINT('',(235.75,108.273502691896,55.));
#6504=CARTESIAN_POINT('',(236.25,106.830127018922,57.5));
#6505=CARTESIAN_POINT('',(236.75,105.386751345948,60.));
#6506=CARTESIAN_POINT('',(237.25,102.5,60.));
#6507=CARTESIAN_POINT('',(237.75,99.613248654052,60.));
#6508=CARTESIAN_POINT('',(238.25,98.169872981078,57.5));
#6509=CARTESIAN_POINT('',(238.75,96.726497308104,55.));
#6510=CARTESIAN_POINT('',(239.25,98.169872981078,52.5));
#6511=CARTESIAN_POINT('',(239.75,99.613248654052,50.));
#6512=CARTESIAN_POINT('',(240.25,102.5,50.));
#6513=CARTESIAN_POINT('',(240.75,105.386751345948,50.));
#6514=CARTESIAN_POINT('',(241.25,106.830127018922,52.5));
#6515=CARTESIAN_POINT('',(241.75,108.273502691896,55.));
#6516=CARTESIAN_POINT('',(242.25,106.830127018922,57.5));
#6517=CARTESIAN_POINT('',(242.75,105.386751345948,60.));
#6518=CARTESIAN_POINT('',(243.25,102.5,60.));
#6519=CARTESIAN_POINT('',(243.75,99.613248654052,60.));
#6520=CARTESIAN_POINT('',(244.25,98.169872981078,57.5));
#6521=CARTESIAN_POINT('',(244.75,96.726497308104,55.));
#6522=CARTESIAN_POINT('',(245.25,98.169872981078,52.5));
#6523=CARTESIAN_POINT('',(245.75,99.613248654052,50.));
#6524=CARTESIAN_POINT('',(246.25,102.5,50.));
#6525=CARTESIAN_POINT('',(246.75,105.386751345948,50.));
#6526=CARTESIAN_POINT('',(247.25,106.830127018922,52.5));
#6527=CARTESIAN_POINT('',(247.75,108.273502691896,55.));
#6528=CARTESIAN_POINT('',(248.25,106.830127018922,57.5));
#6529=CARTESIAN_POINT('',(248.75,105.386751345948,60.));
#6530=CARTESIAN_POINT('',(249.25,102.5,60.));
#6531=CARTESIAN_POINT('',(249.75,99.613248654052,60.));
#6532=CARTESIAN_POINT('',(250.25,98.169872981078,57.5));
#6533=CARTESIAN_POINT('',(250.75,96.726497308104,55.));
#6534=CARTESIAN_POINT('',(251.25,98.169872981078,52.5));
#6535=CARTESIAN_POINT('',(251.75,99.613248654052,50.));
#6536=CARTESIAN_POINT('',(252.25,102.5,50.));
#6537=CARTESIAN_POINT('',(252.75,105.386751345948,50.));
#6538=CARTESIAN_POINT('',(253.25,106.830127018922,52.5));
#6539=CARTESIAN_POINT('',(253.75,108.273502691896,55.));
#6540=CARTESIAN_POINT('',(254.25,106.830127018922,57.5));
#6541=CARTESIAN_POINT('',(254.75,105.386751345948,60.));
#6542=CARTESIAN_POINT('',(255.25,102.5,60.));
#6543=CARTESIAN_POINT('',(255.75,99.613248654052,60.));
#6544=CARTESIAN_POINT('',(256.25,98.169872981078,57.5));
#6545=CARTESIAN_POINT('',(256.75,96.726497308104,55.));
#6546=CARTESIAN_POINT('',(257.25,98.169872981078,52.5));
#6547=CARTESIAN_POINT('',(257.75,99.613248654052,50.));
#6548=CARTESIAN_POINT('',(258.25,102.5,50.));
#6549=CARTESIAN_POINT('',(258.75,105.386751345948,50.));
#6550=CARTESIAN_POINT('',(259.25,106.830127018922,52.5));
#6551=CARTESIAN_POINT('',(259.75,108.273502691896,55.));
#6552=CARTESIAN_POINT('',(260.25,106.830127018922,57.5));
#6553=CARTESIAN_POINT('',(260.75,105.386751345948,60.));
#6554=CARTESIAN_POINT('',(261.25,102.5,60.));
#6555=CARTESIAN_POINT('',(261.75,99.613248654052,60.));
#6556=CARTESIAN_POINT('',(262.25,98.169872981078,57.5));
#6557=CARTESIAN_POINT('',(262.75,96.726497308104,55.));
#6558=CARTESIAN_POINT('',(263.25,98.169872981078,52.5));
#6559=CARTESIAN_POINT('',(263.75,99.613248654052,50.));
#6560=CARTESIAN_POINT('',(264.25,102.5,50.));
#6561=CARTESIAN_POINT('',(264.75,105.386751345948,50.));
#6562=CARTESIAN_POINT('',(265.25,106.830127018922,52.5));
#6563=CARTESIAN_POINT('',(265.75,108.273502691896,55.));
#6564=CARTESIAN_POINT('',(266.25,106.830127018922,57.5));
#6565=CARTESIAN_POINT('',(266.75,105.386751345948,60.));
#6566=CARTESIAN_POINT('',(267.25,102.5,60.));
#6567=CARTESIAN_POINT('',(267.75,99.613248654052,60.));
#6568=CARTESIAN_POINT('',(268.25,98.169872981078,57.5));
#6569=CARTESIAN_POINT('',(268.75,96.726497308104,55.));
#6570=CARTESIAN_POINT('',(269.25,98.169872981078,52.5));
#6571=CARTESIAN_POINT('',(269.75,99.613248654052,50.));
#6572=CARTESIAN_POINT('',(270.25,102.5,50.));
#6573=CARTESIAN_POINT('',(270.75,105.386751345948,50.));
#6574=CARTESIAN_POINT('',(271.25,106.830127018922,52.5));
#6575=CARTESIAN_POINT('',(271.75,108.273502691896,55.));
#6576=CARTESIAN_POINT('',(272.25,106.830127018922,57.5));
#6577=CARTESIAN_POINT('',(272.75,105.386751345948,60.));
#6578=CARTESIAN_POINT('',(273.25,102.5,60.));
#6579=CARTESIAN_POINT('',(273.75,99.613248654052,60.));
#6580=CARTESIAN_POINT('',(274.25,98.169872981078,57.5));
#6581=CARTESIAN_POINT('',(274.75,96.726497308104,55.));
#6582=CARTESIAN_POINT('',(275.25,98.169872981078,52.5));
#6583=CARTESIAN_POINT('',(275.75,99.613248654052,50.));
#6584=CARTESIAN_POINT('',(276.25,102.5,50.));
#6585=CARTESIAN_POINT('',(276.75,105.386751345948,50.));
#6586=CARTESIAN_POINT('',(277.25,106.830127018922,52.5));
#6587=CARTESIAN_POINT('',(277.75,108.273502691896,55.));
#6588=CARTESIAN_POINT('',(278.25,106.830127018922,57.5));
#6589=CARTESIAN_POINT('',(278.75,105.386751345948,60.));
#6590=CARTESIAN_POINT('',(279.25,102.5,60.));
#6591=CARTESIAN_POINT('',(279.75,99.613248654052,60.));
#6592=CARTESIAN_POINT('',(280.25,98.169872981078,57.5));
#6593=CARTESIAN_POINT('',(280.75,96.726497308104,55.));
#6594=CARTESIAN_POINT('',(281.25,98.169872981078,52.5));
#6595=CARTESIAN_POINT('',(281.75,99.613248654052,50.));
#6596=CARTESIAN_POINT('',(282.25,102.5,50.));
#6597=(BOUNDED_CURVE()B_SPLINE_CURVE(2,(#6200,#6201,#6202,#6203,#6204,#6205,#6206,#6207,#6208,#6209,#6210,#6211,#6212,#6213,#6214,#6215,#6216,#6217,#6218,#6219,#6220,#6221,#6222,#6223,#6224,#6225,#6226,#6227,#6228,#6229,#6230,#6231,#6232,#6233,#6234,#6235,#6236,#6237,#6238,#6239,#6240,#6241,#6242,#6243,#6244,#6245,#6246,#6247,#6248,#6249,#6250,#6251,#6252,#6253,#6254,#6255,#6256,#6257,#6258,#6259,#6260,#6261,#6262,#6263,#6264,#6265,#6266,#6267,#6268,#6269,#6270,#6271,#6272,#6273,#6274,#6275,#6276,#6277,#6278,#6279,#6280,#6281,#6282,#6283,#6284,#6285,#6286,#6287,#6288,#6289,#6290,#6291,#6292,#6293,#6294,#6295,#6296,#6297,#6298,#6299,#6300,#6301,#6302,#6303,#6304,#6305,#6306,#6307,#6308,#6309,#6310,#6311,#6312,#6313,#6314,#6315,#6316,#6317,#6318,#6319,#6320,#6321,#6322,#6323,#6324,#6325,#6326,#6327,#6328,#6329,#6330,#6331,#6332,#6333,#6334,#6335,#6336,#6337,#6338,#6339,#6340,#6341,#6342,#6343,#6344,#6345,#6346,#6347,#6348,#6349,#6350,#6351,#6352,#6353,#6354,#6355,#6356,#6357,#6358,#6359,#6360,#6361,#6362,#6363,#6364,#6365,#6366,#6367,#6368,#6369,#6370,#6371,#6372,#6373,#6374,#6375,#6376,#6377,#6378,#6379,#6380,#6381,#6382,#6383,#6384,#6385,#6386,#6387,#6388,#6389,#6390,#6391,#6392,#6393,#6394,#6395,#6396,#6397,#6398,#6399,#6400,#6401,#6402,#6403,#6404,#6405,#6406,#6407,#6408,#6409,#6410,#6411,#6412,#6413,#6414,#6415,#6416,#6417,#6418,#6419,#6420,#6421,#6422,#6423,#6424,#6425,#6426,#6427,#6428,#6429,#6430,#6431,#6432,#6433,#6434,#6435,#6436,#6437,#6438,#6439,#6440,#6441,#6442,#6443,#6444,#6445,#6446,#6447,#6448,#6449,#6450,#6451,#6452,#6453,#6454,#6455,#6456,#6457,#6458,#6459,#6460,#6461,#6462,#6463,#6464,#6465,#6466,#6467,#6468,#6469,#6470,#6471,#6472,#6473,#6474,#6475,#6476,#6477,#6478,#6479,#6480,#6481,#6482,#6483,#6484,#6485,#6486,#6487,#6488,#6489,#6490,#6491,#6492,#6493,#6494,#6495,#6496,#6497,#6498,#6499,#6500,#6501,#6502,#6503,#6504,#6505,#6506,#6507,#6508,#6509,#6510,#6511,#6512,#6513,#6514,#6515,#6516,#6517,#6518,#6519,#6520,#6521,#6522,#6523,#6524,#6525,#6526,#6527,#6528,#6529,#6530,#6531,#6532,#6533,#6534,#6535,#6536,#6537,#6538,#6539,#6540,#6541,#6542,#6543,#6544,#6545,#6546,#6547,#6548,#6549,#6550,#6551,#6552,#6553,#6554,#6555,#6556,#6557,#6558,#6559,#6560,#6561,#6562,#6563,#6564,#6565,#6566,#6567,#6568,#6569,#6570,#6571,#6572,#6573,#6574,#6575,#6576,#6577,#6578,#6579,#6580,#6581,#6582,#6583,#6584,#6585,#6586,#6587,#6588,#6589,#6590,#6591,#6592,#6593,#6594,#6595,#6596),.UNSPECIFIED.,.F.,.F.)B_SPLINE_CURVE_WITH_KNOTS((3,2,2,2,2,2,2,2,2,2,2,2,2,2,2,2,2,2,2,2,2,2,2,2,2,2,2,2,2,2,2,2,2,2,2,2,2,2,2,2,2,2,2,2,2,2,2,2,2,2,2,2,2,2,2,2,2,2,2,2,2,2,2,2,2,2,2,2,2,2,2,2,2,2,2,2,2,2,2,2,2,2,2,2,2,2,2,2,2,2,2,2,2,2,2,2,2,2,2,2,2,2,2,2,2,2,2,2,2,2,2,2,2,2,2,2,2,2,2,2,2,2,2,2,2,2,2,2,2,2,2,2,2,2,2,2,2,2,2,2,2,2,2,2,2,2,2,2,2,2,2,2,2,2,2,2,2,2,2,2,2,2,2,2,2,2,2,2,2,2,2,2,2,2,2,2,2,2,2,2,2,2,2,2,2,2,2,2,2,2,2,2,2,2,2,2,2,2,3),(0.,8.717797887081,17.435595774163,26.153393661244,34.871191548325,43.588989435407,52.306787322488,61.02458520957,69.742383096651,78.460180983732,87.177978870814,95.895776757895,104.613574644976,113.331372532058,122.049170419139,130.76696830622,139.484766193302,148.202564080383,156.920361967464,165.638159854546,174.355957741627,183.073755628708,191.79155351579,200.509351402871,209.227149289952,217.944947177033,226.662745064115,235.380542951196,244.098340838277,252.816138725359,261.53393661244,270.251734499523,278.969532386602,287.687330273685,296.405128160765,305.122926047848,313.840723934929,322.55852182201,331.276319709092,339.994117596173,348.711915483254,357.429713370336,366.147511257417,374.865309144498,383.583107031579,392.300904918662,401.018702805742,409.736500692825,418.454298579906,427.172096466986,435.889894354067,444.60769224115,453.325490128229,462.043288015311,470.761085902394,479.478883789475,488.196681676556,496.914479563638,505.632277450719,514.3500753378,523.067873224881,531.785671111963,540.503468999044,549.221266886125,557.939064773206,566.65686266029,575.374660547371,584.092458434452,592.810256321532,601.528054208615,610.245852095694,618.963649982775,627.681447869858,636.39924575694,645.117043644021,653.834841531102,662.552639418184,671.270437305265,679.988235192346,688.706033079427,697.423830966508,706.14162885359,714.859426740671,723.577224627752,732.295022514835,741.012820401917,749.730618288996,758.448416176079,767.166214063159,775.884011950242,784.601809837323,793.319607724404,802.037405611485,810.755203498567,819.473001385648,828.190799272729,836.908597159811,845.626395046892,854.344192933973,863.061990821054,871.779788708136,880.497586595217,889.215384482298,897.93318236938,906.650980256461,915.368778143542,924.086576030623,932.804373917705,941.522171804786,950.239969691869,958.95776757895,967.675565466031,976.393363353113,985.111161240194,993.828959127275,1002.54675701436,1011.26455490144,1019.98235278852,1028.7001506756,1037.41794856268,1046.13574644976,1054.85354433684,1063.57134222393,1072.28914011101,1081.00693799809,1089.72473588517,1098.44253377225,1107.16033165933,1115.87812954641,1124.5959274335,1133.31372532058,1142.03152320766,1150.74932109474,1159.46711898182,1168.1849168689,1176.90271475598,1185.62051264306,1194.33831053015,1203.05610841723,1211.77390630431,1220.49170419139,1229.20950207847,1237.92729996555,1246.64509785263,1255.36289573971,1264.0806936268,1272.79849151388,1281.51628940096,1290.23408728804,1298.95188517512,1307.6696830622,1316.38748094929,1325.10527883637,1333.82307672345,1342.54087461053,1351.25867249761,1359.97647038469,1368.69426827177,1377.41206615885,1386.12986404594,1394.84766193302,1403.5654598201,1412.28325770718,1421.00105559426,1429.71885348134,1438.43665136842,1447.1544492555,1455.87224714259,1464.59004502967,1473.30784291675,1482.02564080383,1490.74343869091,1499.46123657799,1508.17903446508,1516.89683235216,1525.61463023924,1534.33242812632,1543.0502260134,1551.76802390048,1560.48582178756,1569.20361967464,1577.92141756173,1586.63921544881,1595.35701333589,1604.07481122297,1612.79260911005,1621.51040699713,1630.22820488421,1638.9460027713,1647.66380065838,1656.38159854546,1665.09939643254,1673.81719431962,1682.5349922067,1691.25279009378,1699.97058798087,1708.68838586795,1717.40618375503,1726.12398164211),.UNSPECIFIED.)CURVE()GEOMETRIC_REPRESENTATION_ITEM()RATIONAL_B_SPLINE_CURVE((1.,0.866025403784,1.,0.866025403784,1.,0.866025403784,1.,0.866025403784,1.,0.866025403784,1.,0.866025403784,1.,0.866025403784,1.,0.866025403784,1.,0.866025403784,1.,0.866025403784,1.,0.866025403784,1.,0.866025403784,1.,0.866025403784,1.,0.866025403784,1.,0.866025403784,1.,0.866025403784,1.,0.866025403784,1.,0.866025403784,1.,0.866025403784,1.,0.866025403784,1.,0.866025403784,1.,0.866025403784,1.,0.866025403784,1.,0.866025403784,1.,0.866025403784,1.,0.866025403784,1.,0.866025403784,1.,0.866025403784,1.,0.866025403784,1.,0.866025403784,1.,0.866025403784,1.,0.866025403784,1.,0.866025403784,1.,0.866025403784,1.,0.866025403784,1.,0.866025403784,1.,0.866025403784,1.,0.866025403784,1.,0.866025403784,1.,0.866025403784,1.,0.866025403784,1.,0.866025403784,1.,0.866025403784,1.,0.866025403784,1.,0.866025403784,1.,0.866025403784,1.,0.866025403784,1.,0.866025403784,1.,0.866025403784,1.,0.866025403784,1.,0.866025403784,1.,0.866025403784,1.,0.866025403784,1.,0.866025403784,1.,0.866025403784,1.,0.866025403784,1.,0.866025403784,1.,0.866025403784,1.,0.866025403784,1.,0.866025403784,1.,0.866025403784,1.,0.866025403784,1.,0.866025403784,1.,0.866025403784,1.,0.866025403784,1.,0.866025403784,1.,0.866025403784,1.,0.866025403784,1.,0.866025403784,1.,0.866025403784,1.,0.866025403784,1.,0.866025403784,1.,0.866025403784,1.,0.866025403784,1.,0.866025403784,1.,0.866025403784,1.,0.866025403784,1.,0.866025403784,1.,0.866025403784,1.,0.866025403784,1.,0.866025403784,1.,0.866025403784,1.,0.866025403784,1.,0.866025403784,1.,0.866025403784,1.,0.866025403784,1.,0.866025403784,1.,0.866025403784,1.,0.866025403784,1.,0.866025403784,1.,0.866025403784,1.,0.866025403784,1.,0.866025403784,1.,0.866025403784,1.,0.866025403784,1.,0.866025403784,1.,0.866025403784,1.,0.866025403784,1.,0.866025403784,1.,0.866025403784,1.,0.866025403784,1.,0.866025403784,1.,0.866025403784,1.,0.866025403784,1.,0.866025403784,1.,0.866025403784,1.,0.866025403784,1.,0.866025403784,1.,0.866025403784,1.,0.866025403784,1.,0.866025403784,1.,0.866025403784,1.,0.866025403784,1.,0.866025403784,1.,0.866025403784,1.,0.866025403784,1.,0.866025403784,1.,0.866025403784,1.,0.866025403784,1.,0.866025403784,1.,0.866025403784,1.,0.866025403784,1.,0.866025403784,1.,0.866025403784,1.,0.866025403784,1.,0.866025403784,1.,0.866025403784,1.,0.866025403784,1.,0.866025403784,1.,0.866025403784,1.,0.866025403784,1.,0.866025403784,1.,0.866025403784,1.,0.866025403784,1.,0.866025403784,1.,0.866025403784,1.,0.866025403784,1.,0.866025403784,1.,0.866025403784,1.,0.866025403784,1.,0.866025403784,1.,0.866025403784,1.,0.866025403784,1.,0.866025403784,1.,0.866025403784,1.,0.866025403784,1.,0.866025403784,1.,0.866025403784,1.,0.866025403784,1.,0.866025403784,1.,0.866025403784,1.,0.866025403784,1.,0.866025403784,1.,0.866025403784,1.,0.866025403784,1.,0.866025403784,1.,0.866025403784,1.,0.866025403784,1.,0.866025403784,1.,0.866025403784,1.,0.866025403784,1.,0.866025403784,1.,0.866025403784,1.,0.866025403784,1.,0.866025403784,1.,0.866025403784,1.,0.866025403784,1.,0.866025403784,1.,0.866025403784,1.,0.866025403784,1.,0.866025403784,1.,0.866025403784,1.,0.866025403784,1.,0.866025403784,1.,0.866025403784,1.,0.866025403784,1.,0.866025403784,1.,0.866025403784,1.,0.866025403784,1.,0.866025403784,1.,0.866025403784,1.,0.866025403784,1.,0.866025403784,1.,0.866025403784,1.,0.866025403784,1.,0.866025403784,1.,0.866025403784,1.,0.866025403784,1.,0.866025403784,1.,0.866025403784,1.,0.866025403784,1.,0.866025403784,1.,0.866025403784,1.,0.866025403784,1.,0.866025403784,1.,0.866025403784,1.,0.866025403784,1.,0.866025403784,1.))REPRESENTATION_ITEM(''));
#6598=EDGE_CURVE('',#6197,#6199,#6597,.T.);
#6599=ORIENTED_EDGE('',*,*,#6598,.T.);
#6600=CARTESIAN_POINT('',(282.25,102.5,50.));
#6601=VERTEX_POINT('',#6600);
#6602=CARTESIAN_POINT('',(281.,102.5,48.75));
#6603=VERTEX_POINT('',#6602);
#6604=CARTESIAN_POINT('',(281.,102.5,50.));
#6605=DIRECTION('',(0.,-1.,0.));
#6606=DIRECTION('',(1.,0.,0.));
#6607=AXIS2_PLACEMENT_3D('',#6604,#6605,#6606);
#6608=CIRCLE('',#6607,1.25);
#6609=EDGE_CURVE('',#6601,#6603,#6608,.T.);
#6610=ORIENTED_EDGE('',*,*,#6609,.T.);
#6611=EDGE_LOOP('',(#5758,#6162,#6173,#6184,#6195,#6599,#6610));
#6612=FACE_OUTER_BOUND('',#6611,.T.);
#6613=CARTESIAN_POINT('',(84.25,102.5,50.));
#6614=CARTESIAN_POINT('',(84.75,105.386751345948,50.));
#6615=CARTESIAN_POINT('',(85.25,106.830127018922,52.5));
#6616=CARTESIAN_POINT('',(85.75,108.273502691896,55.));
#6617=CARTESIAN_POINT('',(86.25,106.830127018922,57.5));
#6618=CARTESIAN_POINT('',(86.75,105.386751345948,60.));
#6619=CARTESIAN_POINT('',(87.25,102.5,60.));
#6620=CARTESIAN_POINT('',(87.75,99.613248654052,60.));
#6621=CARTESIAN_POINT('',(88.25,98.169872981078,57.5));
#6622=CARTESIAN_POINT('',(88.75,96.726497308104,55.));
#6623=CARTESIAN_POINT('',(89.25,98.169872981078,52.5));
#6624=CARTESIAN_POINT('',(89.75,99.613248654052,50.));
#6625=CARTESIAN_POINT('',(90.25,102.5,50.));
#6626=CARTESIAN_POINT('',(90.75,105.386751345948,50.));
#6627=CARTESIAN_POINT('',(91.25,106.830127018922,52.5));
#6628=CARTESIAN_POINT('',(91.75,108.273502691896,55.));
#6629=CARTESIAN_POINT('',(92.25,106.830127018922,57.5));
#6630=CARTESIAN_POINT('',(92.75,105.386751345948,60.));
#6631=CARTESIAN_POINT('',(93.25,102.5,60.));
#6632=CARTESIAN_POINT('',(93.75,99.613248654052,60.));
#6633=CARTESIAN_POINT('',(94.25,98.169872981078,57.5));
#6634=CARTESIAN_POINT('',(94.75,96.726497308104,55.));
#6635=CARTESIAN_POINT('',(95.25,98.169872981078,52.5));
#6636=CARTESIAN_POINT('',(95.75,99.613248654052,50.));
#6637=CARTESIAN_POINT('',(96.25,102.5,50.));
#6638=CARTESIAN_POINT('',(96.75,105.386751345948,50.));
#6639=CARTESIAN_POINT('',(97.25,106.830127018922,52.5));
#6640=CARTESIAN_POINT('',(97.75,108.273502691896,55.));
#6641=CARTESIAN_POINT('',(98.25,106.830127018922,57.5));
#6642=CARTESIAN_POINT('',(98.75,105.386751345948,60.));
#6643=CARTESIAN_POINT('',(99.25,102.5,60.));
#6644=CARTESIAN_POINT('',(99.75,99.613248654052,60.));
#6645=CARTESIAN_POINT('',(100.25,98.169872981078,57.5));
#6646=CARTESIAN_POINT('',(100.75,96.726497308104,55.));
#6647=CARTESIAN_POINT('',(101.25,98.169872981078,52.5));
#6648=CARTESIAN_POINT('',(101.75,99.613248654052,50.));
#6649=CARTESIAN_POINT('',(102.25,102.5,50.));
#6650=CARTESIAN_POINT('',(102.75,105.386751345948,50.));
#6651=CARTESIAN_POINT('',(103.25,106.830127018922,52.5));
#6652=CARTESIAN_POINT('',(103.75,108.273502691896,55.));
#6653=CARTESIAN_POINT('',(104.25,106.830127018922,57.5));
#6654=CARTESIAN_POINT('',(104.75,105.386751345948,60.));
#6655=CARTESIAN_POINT('',(105.25,102.5,60.));
#6656=CARTESIAN_POINT('',(105.75,99.613248654052,60.));
#6657=CARTESIAN_POINT('',(106.25,98.169872981078,57.5));
#6658=CARTESIAN_POINT('',(106.75,96.726497308104,55.));
#6659=CARTESIAN_POINT('',(107.25,98.169872981078,52.5));
#6660=CARTESIAN_POINT('',(107.75,99.613248654052,50.));
#6661=CARTESIAN_POINT('',(108.25,102.5,50.));
#6662=CARTESIAN_POINT('',(108.75,105.386751345948,50.));
#6663=CARTESIAN_POINT('',(109.25,106.830127018922,52.5));
#6664=CARTESIAN_POINT('',(109.75,108.273502691896,55.));
#6665=CARTESIAN_POINT('',(110.25,106.830127018922,57.5));
#6666=CARTESIAN_POINT('',(110.75,105.386751345948,60.));
#6667=CARTESIAN_POINT('',(111.25,102.5,60.));
#6668=CARTESIAN_POINT('',(111.75,99.613248654052,60.));
#6669=CARTESIAN_POINT('',(112.25,98.169872981078,57.5));
#6670=CARTESIAN_POINT('',(112.75,96.726497308104,55.));
#6671=CARTESIAN_POINT('',(113.25,98.169872981078,52.5));
#6672=CARTESIAN_POINT('',(113.75,99.613248654052,50.));
#6673=CARTESIAN_POINT('',(114.25,102.5,50.));
#6674=CARTESIAN_POINT('',(114.75,105.386751345948,50.));
#6675=CARTESIAN_POINT('',(115.25,106.830127018922,52.5));
#6676=CARTESIAN_POINT('',(115.75,108.273502691896,55.));
#6677=CARTESIAN_POINT('',(116.25,106.830127018922,57.5));
#6678=CARTESIAN_POINT('',(116.75,105.386751345948,60.));
#6679=CARTESIAN_POINT('',(117.25,102.5,60.));
#6680=CARTESIAN_POINT('',(117.75,99.613248654052,60.));
#6681=CARTESIAN_POINT('',(118.25,98.169872981078,57.5));
#6682=CARTESIAN_POINT('',(118.75,96.726497308104,55.));
#6683=CARTESIAN_POINT('',(119.25,98.169872981078,52.5));
#6684=CARTESIAN_POINT('',(119.75,99.613248654052,50.));
#6685=CARTESIAN_POINT('',(120.25,102.5,50.));
#6686=CARTESIAN_POINT('',(120.75,105.386751345948,50.));
#6687=CARTESIAN_POINT('',(121.25,106.830127018922,52.5));
#6688=CARTESIAN_POINT('',(121.75,108.273502691896,55.));
#6689=CARTESIAN_POINT('',(122.25,106.830127018922,57.5));
#6690=CARTESIAN_POINT('',(122.75,105.386751345948,60.));
#6691=CARTESIAN_POINT('',(123.25,102.5,60.));
#6692=CARTESIAN_POINT('',(123.75,99.613248654052,60.));
#6693=CARTESIAN_POINT('',(124.25,98.169872981078,57.5));
#6694=CARTESIAN_POINT('',(124.75,96.726497308104,55.));
#6695=CARTESIAN_POINT('',(125.25,98.169872981078,52.5));
#6696=CARTESIAN_POINT('',(125.75,99.613248654052,50.));
#6697=CARTESIAN_POINT('',(126.25,102.5,50.));
#6698=CARTESIAN_POINT('',(126.75,105.386751345948,50.));
#6699=CARTESIAN_POINT('',(127.25,106.830127018922,52.5));
#6700=CARTESIAN_POINT('',(127.75,108.273502691896,55.));
#6701=CARTESIAN_POINT('',(128.25,106.830127018922,57.5));
#6702=CARTESIAN_POINT('',(128.75,105.386751345948,60.));
#6703=CARTESIAN_POINT('',(129.25,102.5,60.));
#6704=CARTESIAN_POINT('',(129.75,99.613248654052,60.));
#6705=CARTESIAN_POINT('',(130.25,98.169872981078,57.5));
#6706=CARTESIAN_POINT('',(130.75,96.726497308104,55.));
#6707=CARTESIAN_POINT('',(131.25,98.169872981078,52.5));
#6708=CARTESIAN_POINT('',(131.75,99.613248654052,50.));
#6709=CARTESIAN_POINT('',(132.25,102.5,50.));
#6710=CARTESIAN_POINT('',(132.75,105.386751345948,50.));
#6711=CARTESIAN_POINT('',(133.25,106.830127018922,52.5));
#6712=CARTESIAN_POINT('',(133.75,108.273502691896,55.));
#6713=CARTESIAN_POINT('',(134.25,106.830127018922,57.5));
#6714=CARTESIAN_POINT('',(134.75,105.386751345948,60.));
#6715=CARTESIAN_POINT('',(135.25,102.5,60.));
#6716=CARTESIAN_POINT('',(135.75,99.613248654052,60.));
#6717=CARTESIAN_POINT('',(136.25,98.169872981078,57.5));
#6718=CARTESIAN_POINT('',(136.75,96.726497308104,55.));
#6719=CARTESIAN_POINT('',(137.25,98.169872981078,52.5));
#6720=CARTESIAN_POINT('',(137.75,99.613248654052,50.));
#6721=CARTESIAN_POINT('',(138.25,102.5,50.));
#6722=CARTESIAN_POINT('',(138.75,105.386751345948,50.));
#6723=CARTESIAN_POINT('',(139.25,106.830127018922,52.5));
#6724=CARTESIAN_POINT('',(139.75,108.273502691896,55.));
#6725=CARTESIAN_POINT('',(140.25,106.830127018922,57.5));
#6726=CARTESIAN_POINT('',(140.75,105.386751345948,60.));
#6727=CARTESIAN_POINT('',(141.25,102.5,60.));
#6728=CARTESIAN_POINT('',(141.75,99.613248654052,60.));
#6729=CARTESIAN_POINT('',(142.25,98.169872981078,57.5));
#6730=CARTESIAN_POINT('',(142.75,96.726497308104,55.));
#6731=CARTESIAN_POINT('',(143.25,98.169872981078,52.5));
#6732=CARTESIAN_POINT('',(143.75,99.613248654052,50.));
#6733=CARTESIAN_POINT('',(144.25,102.5,50.));
#6734=CARTESIAN_POINT('',(144.75,105.386751345948,50.));
#6735=CARTESIAN_POINT('',(145.25,106.830127018922,52.5));
#6736=CARTESIAN_POINT('',(145.75,108.273502691896,55.));
#6737=CARTESIAN_POINT('',(146.25,106.830127018922,57.5));
#6738=CARTESIAN_POINT('',(146.75,105.386751345948,60.));
#6739=CARTESIAN_POINT('',(147.25,102.5,60.));
#6740=CARTESIAN_POINT('',(147.75,99.613248654052,60.));
#6741=CARTESIAN_POINT('',(148.25,98.169872981078,57.5));
#6742=CARTESIAN_POINT('',(148.75,96.726497308104,55.));
#6743=CARTESIAN_POINT('',(149.25,98.169872981078,52.5));
#6744=CARTESIAN_POINT('',(149.75,99.613248654052,50.));
#6745=CARTESIAN_POINT('',(150.25,102.5,50.));
#6746=CARTESIAN_POINT('',(150.75,105.386751345948,50.));
#6747=CARTESIAN_POINT('',(151.25,106.830127018922,52.5));
#6748=CARTESIAN_POINT('',(151.75,108.273502691896,55.));
#6749=CARTESIAN_POINT('',(152.25,106.830127018922,57.5));
#6750=CARTESIAN_POINT('',(152.75,105.386751345948,60.));
#6751=CARTESIAN_POINT('',(153.25,102.5,60.));
#6752=CARTESIAN_POINT('',(153.75,99.613248654052,60.));
#6753=CARTESIAN_POINT('',(154.25,98.169872981078,57.5));
#6754=CARTESIAN_POINT('',(154.75,96.726497308104,55.));
#6755=CARTESIAN_POINT('',(155.25,98.169872981078,52.5));
#6756=CARTESIAN_POINT('',(155.75,99.613248654052,50.));
#6757=CARTESIAN_POINT('',(156.25,102.5,50.));
#6758=CARTESIAN_POINT('',(156.75,105.386751345948,50.));
#6759=CARTESIAN_POINT('',(157.25,106.830127018922,52.5));
#6760=CARTESIAN_POINT('',(157.75,108.273502691896,55.));
#6761=CARTESIAN_POINT('',(158.25,106.830127018922,57.5));
#6762=CARTESIAN_POINT('',(158.75,105.386751345948,60.));
#6763=CARTESIAN_POINT('',(159.25,102.5,60.));
#6764=CARTESIAN_POINT('',(159.75,99.613248654052,60.));
#6765=CARTESIAN_POINT('',(160.25,98.169872981078,57.5));
#6766=CARTESIAN_POINT('',(160.75,96.726497308104,55.));
#6767=CARTESIAN_POINT('',(161.25,98.169872981078,52.5));
#6768=CARTESIAN_POINT('',(161.75,99.613248654052,50.));
#6769=CARTESIAN_POINT('',(162.25,102.5,50.));
#6770=CARTESIAN_POINT('',(162.75,105.386751345948,50.));
#6771=CARTESIAN_POINT('',(163.25,106.830127018922,52.5));
#6772=CARTESIAN_POINT('',(163.75,108.273502691896,55.));
#6773=CARTESIAN_POINT('',(164.25,106.830127018922,57.5));
#6774=CARTESIAN_POINT('',(164.75,105.386751345948,60.));
#6775=CARTESIAN_POINT('',(165.25,102.5,60.));
#6776=CARTESIAN_POINT('',(165.75,99.613248654052,60.));
#6777=CARTESIAN_POINT('',(166.25,98.169872981078,57.5));
#6778=CARTESIAN_POINT('',(166.75,96.726497308104,55.));
#6779=CARTESIAN_POINT('',(167.25,98.169872981078,52.5));
#6780=CARTESIAN_POINT('',(167.75,99.613248654052,50.));
#6781=CARTESIAN_POINT('',(168.25,102.5,50.));
#6782=CARTESIAN_POINT('',(168.75,105.386751345948,50.));
#6783=CARTESIAN_POINT('',(169.25,106.830127018922,52.5));
#6784=CARTESIAN_POINT('',(169.75,108.273502691896,55.));
#6785=CARTESIAN_POINT('',(170.25,106.830127018922,57.5));
#6786=CARTESIAN_POINT('',(170.75,105.386751345948,60.));
#6787=CARTESIAN_POINT('',(171.25,102.5,60.));
#6788=CARTESIAN_POINT('',(171.75,99.613248654052,60.));
#6789=CARTESIAN_POINT('',(172.25,98.169872981078,57.5));
#6790=CARTESIAN_POINT('',(172.75,96.726497308104,55.));
#6791=CARTESIAN_POINT('',(173.25,98.169872981078,52.5));
#6792=CARTESIAN_POINT('',(173.75,99.613248654052,50.));
#6793=CARTESIAN_POINT('',(174.25,102.5,50.));
#6794=CARTESIAN_POINT('',(174.75,105.386751345948,50.));
#6795=CARTESIAN_POINT('',(175.25,106.830127018922,52.5));
#6796=CARTESIAN_POINT('',(175.75,108.273502691896,55.));
#6797=CARTESIAN_POINT('',(176.25,106.830127018922,57.5));
#6798=CARTESIAN_POINT('',(176.75,105.386751345948,60.));
#6799=CARTESIAN_POINT('',(177.25,102.5,60.));
#6800=CARTESIAN_POINT('',(177.75,99.613248654052,60.));
#6801=CARTESIAN_POINT('',(178.25,98.169872981078,57.5));
#6802=CARTESIAN_POINT('',(178.75,96.726497308104,55.));
#6803=CARTESIAN_POINT('',(179.25,98.169872981078,52.5));
#6804=CARTESIAN_POINT('',(179.75,99.613248654052,50.));
#6805=CARTESIAN_POINT('',(180.25,102.5,50.));
#6806=CARTESIAN_POINT('',(180.75,105.386751345948,50.));
#6807=CARTESIAN_POINT('',(181.25,106.830127018922,52.5));
#6808=CARTESIAN_POINT('',(181.75,108.273502691896,55.));
#6809=CARTESIAN_POINT('',(182.25,106.830127018922,57.5));
#6810=CARTESIAN_POINT('',(182.75,105.386751345948,60.));
#6811=CARTESIAN_POINT('',(183.25,102.5,60.));
#6812=CARTESIAN_POINT('',(183.75,99.613248654052,60.));
#6813=CARTESIAN_POINT('',(184.25,98.169872981078,57.5));
#6814=CARTESIAN_POINT('',(184.75,96.726497308104,55.));
#6815=CARTESIAN_POINT('',(185.25,98.169872981078,52.5));
#6816=CARTESIAN_POINT('',(185.75,99.613248654052,50.));
#6817=CARTESIAN_POINT('',(186.25,102.5,50.));
#6818=CARTESIAN_POINT('',(186.75,105.386751345948,50.));
#6819=CARTESIAN_POINT('',(187.25,106.830127018922,52.5));
#6820=CARTESIAN_POINT('',(187.75,108.273502691896,55.));
#6821=CARTESIAN_POINT('',(188.25,106.830127018922,57.5));
#6822=CARTESIAN_POINT('',(188.75,105.386751345948,60.));
#6823=CARTESIAN_POINT('',(189.25,102.5,60.));
#6824=CARTESIAN_POINT('',(189.75,99.613248654052,60.));
#6825=CARTESIAN_POINT('',(190.25,98.169872981078,57.5));
#6826=CARTESIAN_POINT('',(190.75,96.726497308104,55.));
#6827=CARTESIAN_POINT('',(191.25,98.169872981078,52.5));
#6828=CARTESIAN_POINT('',(191.75,99.613248654052,50.));
#6829=CARTESIAN_POINT('',(192.25,102.5,50.));
#6830=CARTESIAN_POINT('',(192.75,105.386751345948,50.));
#6831=CARTESIAN_POINT('',(193.25,106.830127018922,52.5));
#6832=CARTESIAN_POINT('',(193.75,108.273502691896,55.));
#6833=CARTESIAN_POINT('',(194.25,106.830127018922,57.5));
#6834=CARTESIAN_POINT('',(194.75,105.386751345948,60.));
#6835=CARTESIAN_POINT('',(195.25,102.5,60.));
#6836=CARTESIAN_POINT('',(195.75,99.613248654052,60.));
#6837=CARTESIAN_POINT('',(196.25,98.169872981078,57.5));
#6838=CARTESIAN_POINT('',(196.75,96.726497308104,55.));
#6839=CARTESIAN_POINT('',(197.25,98.169872981078,52.5));
#6840=CARTESIAN_POINT('',(197.75,99.613248654052,50.));
#6841=CARTESIAN_POINT('',(198.25,102.5,50.));
#6842=CARTESIAN_POINT('',(198.75,105.386751345948,50.));
#6843=CARTESIAN_POINT('',(199.25,106.830127018922,52.5));
#6844=CARTESIAN_POINT('',(199.75,108.273502691896,55.));
#6845=CARTESIAN_POINT('',(200.25,106.830127018922,57.5));
#6846=CARTESIAN_POINT('',(200.75,105.386751345948,60.));
#6847=CARTESIAN_POINT('',(201.25,102.5,60.));
#6848=CARTESIAN_POINT('',(201.75,99.613248654052,60.));
#6849=CARTESIAN_POINT('',(202.25,98.169872981078,57.5));
#6850=CARTESIAN_POINT('',(202.75,96.726497308104,55.));
#6851=CARTESIAN_POINT('',(203.25,98.169872981078,52.5));
#6852=CARTESIAN_POINT('',(203.75,99.613248654052,50.));
#6853=CARTESIAN_POINT('',(204.25,102.5,50.));
#6854=CARTESIAN_POINT('',(204.75,105.386751345948,50.));
#6855=CARTESIAN_POINT('',(205.25,106.830127018922,52.5));
#6856=CARTESIAN_POINT('',(205.75,108.273502691896,55.));
#6857=CARTESIAN_POINT('',(206.25,106.830127018922,57.5));
#6858=CARTESIAN_POINT('',(206.75,105.386751345948,60.));
#6859=CARTESIAN_POINT('',(207.25,102.5,60.));
#6860=CARTESIAN_POINT('',(207.75,99.613248654052,60.));
#6861=CARTESIAN_POINT('',(208.25,98.169872981078,57.5));
#6862=CARTESIAN_POINT('',(208.75,96.726497308104,55.));
#6863=CARTESIAN_POINT('',(209.25,98.169872981078,52.5));
#6864=CARTESIAN_POINT('',(209.75,99.613248654052,50.));
#6865=CARTESIAN_POINT('',(210.25,102.5,50.));
#6866=CARTESIAN_POINT('',(210.75,105.386751345948,50.));
#6867=CARTESIAN_POINT('',(211.25,106.830127018922,52.5));
#6868=CARTESIAN_POINT('',(211.75,108.273502691896,55.));
#6869=CARTESIAN_POINT('',(212.25,106.830127018922,57.5));
#6870=CARTESIAN_POINT('',(212.75,105.386751345948,60.));
#6871=CARTESIAN_POINT('',(213.25,102.5,60.));
#6872=CARTESIAN_POINT('',(213.75,99.613248654052,60.));
#6873=CARTESIAN_POINT('',(214.25,98.169872981078,57.5));
#6874=CARTESIAN_POINT('',(214.75,96.726497308104,55.));
#6875=CARTESIAN_POINT('',(215.25,98.169872981078,52.5));
#6876=CARTESIAN_POINT('',(215.75,99.613248654052,50.));
#6877=CARTESIAN_POINT('',(216.25,102.5,50.));
#6878=CARTESIAN_POINT('',(216.75,105.386751345948,50.));
#6879=CARTESIAN_POINT('',(217.25,106.830127018922,52.5));
#6880=CARTESIAN_POINT('',(217.75,108.273502691896,55.));
#6881=CARTESIAN_POINT('',(218.25,106.830127018922,57.5));
#6882=CARTESIAN_POINT('',(218.75,105.386751345948,60.));
#6883=CARTESIAN_POINT('',(219.25,102.5,60.));
#6884=CARTESIAN_POINT('',(219.75,99.613248654052,60.));
#6885=CARTESIAN_POINT('',(220.25,98.169872981078,57.5));
#6886=CARTESIAN_POINT('',(220.75,96.726497308104,55.));
#6887=CARTESIAN_POINT('',(221.25,98.169872981078,52.5));
#6888=CARTESIAN_POINT('',(221.75,99.613248654052,50.));
#6889=CARTESIAN_POINT('',(222.25,102.5,50.));
#6890=CARTESIAN_POINT('',(222.75,105.386751345948,50.));
#6891=CARTESIAN_POINT('',(223.25,106.830127018922,52.5));
#6892=CARTESIAN_POINT('',(223.75,108.273502691896,55.));
#6893=CARTESIAN_POINT('',(224.25,106.830127018922,57.5));
#6894=CARTESIAN_POINT('',(224.75,105.386751345948,60.));
#6895=CARTESIAN_POINT('',(225.25,102.5,60.));
#6896=CARTESIAN_POINT('',(225.75,99.613248654052,60.));
#6897=CARTESIAN_POINT('',(226.25,98.169872981078,57.5));
#6898=CARTESIAN_POINT('',(226.75,96.726497308104,55.));
#6899=CARTESIAN_POINT('',(227.25,98.169872981078,52.5));
#6900=CARTESIAN_POINT('',(227.75,99.613248654052,50.));
#6901=CARTESIAN_POINT('',(228.25,102.5,50.));
#6902=CARTESIAN_POINT('',(228.75,105.386751345948,50.));
#6903=CARTESIAN_POINT('',(229.25,106.830127018922,52.5));
#6904=CARTESIAN_POINT('',(229.75,108.273502691896,55.));
#6905=CARTESIAN_POINT('',(230.25,106.830127018922,57.5));
#6906=CARTESIAN_POINT('',(230.75,105.386751345948,60.));
#6907=CARTESIAN_POINT('',(231.25,102.5,60.));
#6908=CARTESIAN_POINT('',(231.75,99.613248654052,60.));
#6909=CARTESIAN_POINT('',(232.25,98.169872981078,57.5));
#6910=CARTESIAN_POINT('',(232.75,96.726497308104,55.));
#6911=CARTESIAN_POINT('',(233.25,98.169872981078,52.5));
#6912=CARTESIAN_POINT('',(233.75,99.613248654052,50.));
#6913=CARTESIAN_POINT('',(234.25,102.5,50.));
#6914=CARTESIAN_POINT('',(234.75,105.386751345948,50.));
#6915=CARTESIAN_POINT('',(235.25,106.830127018922,52.5));
#6916=CARTESIAN_POINT('',(235.75,108.273502691896,55.));
#6917=CARTESIAN_POINT('',(236.25,106.830127018922,57.5));
#6918=CARTESIAN_POINT('',(236.75,105.386751345948,60.));
#6919=CARTESIAN_POINT('',(237.25,102.5,60.));
#6920=CARTESIAN_POINT('',(237.75,99.613248654052,60.));
#6921=CARTESIAN_POINT('',(238.25,98.169872981078,57.5));
#6922=CARTESIAN_POINT('',(238.75,96.726497308104,55.));
#6923=CARTESIAN_POINT('',(239.25,98.169872981078,52.5));
#6924=CARTESIAN_POINT('',(239.75,99.613248654052,50.));
#6925=CARTESIAN_POINT('',(240.25,102.5,50.));
#6926=CARTESIAN_POINT('',(240.75,105.386751345948,50.));
#6927=CARTESIAN_POINT('',(241.25,106.830127018922,52.5));
#6928=CARTESIAN_POINT('',(241.75,108.273502691896,55.));
#6929=CARTESIAN_POINT('',(242.25,106.830127018922,57.5));
#6930=CARTESIAN_POINT('',(242.75,105.386751345948,60.));
#6931=CARTESIAN_POINT('',(243.25,102.5,60.));
#6932=CARTESIAN_POINT('',(243.75,99.613248654052,60.));
#6933=CARTESIAN_POINT('',(244.25,98.169872981078,57.5));
#6934=CARTESIAN_POINT('',(244.75,96.726497308104,55.));
#6935=CARTESIAN_POINT('',(245.25,98.169872981078,52.5));
#6936=CARTESIAN_POINT('',(245.75,99.613248654052,50.));
#6937=CARTESIAN_POINT('',(246.25,102.5,50.));
#6938=CARTESIAN_POINT('',(246.75,105.386751345948,50.));
#6939=CARTESIAN_POINT('',(247.25,106.830127018922,52.5));
#6940=CARTESIAN_POINT('',(247.75,108.273502691896,55.));
#6941=CARTESIAN_POINT('',(248.25,106.830127018922,57.5));
#6942=CARTESIAN_POINT('',(248.75,105.386751345948,60.));
#6943=CARTESIAN_POINT('',(249.25,102.5,60.));
#6944=CARTESIAN_POINT('',(249.75,99.613248654052,60.));
#6945=CARTESIAN_POINT('',(250.25,98.169872981078,57.5));
#6946=CARTESIAN_POINT('',(250.75,96.726497308104,55.));
#6947=CARTESIAN_POINT('',(251.25,98.169872981078,52.5));
#6948=CARTESIAN_POINT('',(251.75,99.613248654052,50.));
#6949=CARTESIAN_POINT('',(252.25,102.5,50.));
#6950=CARTESIAN_POINT('',(252.75,105.386751345948,50.));
#6951=CARTESIAN_POINT('',(253.25,106.830127018922,52.5));
#6952=CARTESIAN_POINT('',(253.75,108.273502691896,55.));
#6953=CARTESIAN_POINT('',(254.25,106.830127018922,57.5));
#6954=CARTESIAN_POINT('',(254.75,105.386751345948,60.));
#6955=CARTESIAN_POINT('',(255.25,102.5,60.));
#6956=CARTESIAN_POINT('',(255.75,99.613248654052,60.));
#6957=CARTESIAN_POINT('',(256.25,98.169872981078,57.5));
#6958=CARTESIAN_POINT('',(256.75,96.726497308104,55.));
#6959=CARTESIAN_POINT('',(257.25,98.169872981078,52.5));
#6960=CARTESIAN_POINT('',(257.75,99.613248654052,50.));
#6961=CARTESIAN_POINT('',(258.25,102.5,50.));
#6962=CARTESIAN_POINT('',(258.75,105.386751345948,50.));
#6963=CARTESIAN_POINT('',(259.25,106.830127018922,52.5));
#6964=CARTESIAN_POINT('',(259.75,108.273502691896,55.));
#6965=CARTESIAN_POINT('',(260.25,106.830127018922,57.5));
#6966=CARTESIAN_POINT('',(260.75,105.386751345948,60.));
#6967=CARTESIAN_POINT('',(261.25,102.5,60.));
#6968=CARTESIAN_POINT('',(261.75,99.613248654052,60.));
#6969=CARTESIAN_POINT('',(262.25,98.169872981078,57.5));
#6970=CARTESIAN_POINT('',(262.75,96.726497308104,55.));
#6971=CARTESIAN_POINT('',(263.25,98.169872981078,52.5));
#6972=CARTESIAN_POINT('',(263.75,99.613248654052,50.));
#6973=CARTESIAN_POINT('',(264.25,102.5,50.));
#6974=CARTESIAN_POINT('',(264.75,105.386751345948,50.));
#6975=CARTESIAN_POINT('',(265.25,106.830127018922,52.5));
#6976=CARTESIAN_POINT('',(265.75,108.273502691896,55.));
#6977=CARTESIAN_POINT('',(266.25,106.830127018922,57.5));
#6978=CARTESIAN_POINT('',(266.75,105.386751345948,60.));
#6979=CARTESIAN_POINT('',(267.25,102.5,60.));
#6980=CARTESIAN_POINT('',(267.75,99.613248654052,60.));
#6981=CARTESIAN_POINT('',(268.25,98.169872981078,57.5));
#6982=CARTESIAN_POINT('',(268.75,96.726497308104,55.));
#6983=CARTESIAN_POINT('',(269.25,98.169872981078,52.5));
#6984=CARTESIAN_POINT('',(269.75,99.613248654052,50.));
#6985=CARTESIAN_POINT('',(270.25,102.5,50.));
#6986=CARTESIAN_POINT('',(270.75,105.386751345948,50.));
#6987=CARTESIAN_POINT('',(271.25,106.830127018922,52.5));
#6988=CARTESIAN_POINT('',(271.75,108.273502691896,55.));
#6989=CARTESIAN_POINT('',(272.25,106.830127018922,57.5));
#6990=CARTESIAN_POINT('',(272.75,105.386751345948,60.));
#6991=CARTESIAN_POINT('',(273.25,102.5,60.));
#6992=CARTESIAN_POINT('',(273.75,99.613248654052,60.));
#6993=CARTESIAN_POINT('',(274.25,98.169872981078,57.5));
#6994=CARTESIAN_POINT('',(274.75,96.726497308104,55.));
#6995=CARTESIAN_POINT('',(275.25,98.169872981078,52.5));
#6996=CARTESIAN_POINT('',(275.75,99.613248654052,50.));
#6997=CARTESIAN_POINT('',(276.25,102.5,50.));
#6998=CARTESIAN_POINT('',(276.75,105.386751345948,50.));
#6999=CARTESIAN_POINT('',(277.25,106.830127018922,52.5));
#7000=CARTESIAN_POINT('',(277.75,108.273502691896,55.));
#7001=CARTESIAN_POINT('',(278.25,106.830127018922,57.5));
#7002=CARTESIAN_POINT('',(278.75,105.386751345948,60.));
#7003=CARTESIAN_POINT('',(279.25,102.5,60.));
#7004=CARTESIAN_POINT('',(279.75,99.613248654052,60.));
#7005=CARTESIAN_POINT('',(280.25,98.169872981078,57.5));
#7006=CARTESIAN_POINT('',(280.75,96.726497308104,55.));
#7007=CARTESIAN_POINT('',(281.25,98.169872981078,52.5));
#7008=CARTESIAN_POINT('',(281.75,99.613248654052,50.));
#7009=CARTESIAN_POINT('',(282.25,102.5,50.));
#7010=CARTESIAN_POINT('',(84.25,102.5,47.5));
#7011=CARTESIAN_POINT('',(84.75,106.830127018922,47.5));
#7012=CARTESIAN_POINT('',(85.25,108.995190528383,51.25));
#7013=CARTESIAN_POINT('',(85.75,111.160254037844,55.));
#7014=CARTESIAN_POINT('',(86.25,108.995190528383,58.75));
#7015=CARTESIAN_POINT('',(86.75,106.830127018922,62.5));
#7016=CARTESIAN_POINT('',(87.25,102.5,62.5));
#7017=CARTESIAN_POINT('',(87.75,98.169872981078,62.5));
#7018=CARTESIAN_POINT('',(88.25,96.004809471617,58.75));
#7019=CARTESIAN_POINT('',(88.75,93.839745962156,55.));
#7020=CARTESIAN_POINT('',(89.25,96.004809471617,51.25));
#7021=CARTESIAN_POINT('',(89.75,98.169872981078,47.5));
#7022=CARTESIAN_POINT('',(90.25,102.5,47.5));
#7023=CARTESIAN_POINT('',(90.75,106.830127018922,47.5));
#7024=CARTESIAN_POINT('',(91.25,108.995190528383,51.25));
#7025=CARTESIAN_POINT('',(91.75,111.160254037844,55.));
#7026=CARTESIAN_POINT('',(92.25,108.995190528383,58.75));
#7027=CARTESIAN_POINT('',(92.75,106.830127018922,62.5));
#7028=CARTESIAN_POINT('',(93.25,102.5,62.5));
#7029=CARTESIAN_POINT('',(93.75,98.169872981078,62.5));
#7030=CARTESIAN_POINT('',(94.25,96.004809471617,58.75));
#7031=CARTESIAN_POINT('',(94.75,93.839745962156,55.));
#7032=CARTESIAN_POINT('',(95.25,96.004809471617,51.25));
#7033=CARTESIAN_POINT('',(95.75,98.169872981078,47.5));
#7034=CARTESIAN_POINT('',(96.25,102.5,47.5));
#7035=CARTESIAN_POINT('',(96.75,106.830127018922,47.5));
#7036=CARTESIAN_POINT('',(97.25,108.995190528383,51.25));
#7037=CARTESIAN_POINT('',(97.75,111.160254037844,55.));
#7038=CARTESIAN_POINT('',(98.25,108.995190528383,58.75));
#7039=CARTESIAN_POINT('',(98.75,106.830127018922,62.5));
#7040=CARTESIAN_POINT('',(99.25,102.5,62.5));
#7041=CARTESIAN_POINT('',(99.75,98.169872981078,62.5));
#7042=CARTESIAN_POINT('',(100.25,96.004809471617,58.75));
#7043=CARTESIAN_POINT('',(100.75,93.839745962156,55.));
#7044=CARTESIAN_POINT('',(101.25,96.004809471617,51.25));
#7045=CARTESIAN_POINT('',(101.75,98.169872981078,47.5));
#7046=CARTESIAN_POINT('',(102.25,102.5,47.5));
#7047=CARTESIAN_POINT('',(102.75,106.830127018922,47.5));
#7048=CARTESIAN_POINT('',(103.25,108.995190528383,51.25));
#7049=CARTESIAN_POINT('',(103.75,111.160254037844,55.));
#7050=CARTESIAN_POINT('',(104.25,108.995190528383,58.75));
#7051=CARTESIAN_POINT('',(104.75,106.830127018922,62.5));
#7052=CARTESIAN_POINT('',(105.25,102.5,62.5));
#7053=CARTESIAN_POINT('',(105.75,98.169872981078,62.5));
#7054=CARTESIAN_POINT('',(106.25,96.004809471617,58.75));
#7055=CARTESIAN_POINT('',(106.75,93.839745962156,55.));
#7056=CARTESIAN_POINT('',(107.25,96.004809471617,51.25));
#7057=CARTESIAN_POINT('',(107.75,98.169872981078,47.5));
#7058=CARTESIAN_POINT('',(108.25,102.5,47.5));
#7059=CARTESIAN_POINT('',(108.75,106.830127018922,47.5));
#7060=CARTESIAN_POINT('',(109.25,108.995190528383,51.25));
#7061=CARTESIAN_POINT('',(109.75,111.160254037844,55.));
#7062=CARTESIAN_POINT('',(110.25,108.995190528383,58.75));
#7063=CARTESIAN_POINT('',(110.75,106.830127018922,62.5));
#7064=CARTESIAN_POINT('',(111.25,102.5,62.5));
#7065=CARTESIAN_POINT('',(111.75,98.169872981078,62.5));
#7066=CARTESIAN_POINT('',(112.25,96.004809471617,58.75));
#7067=CARTESIAN_POINT('',(112.75,93.839745962156,55.));
#7068=CARTESIAN_POINT('',(113.25,96.004809471617,51.25));
#7069=CARTESIAN_POINT('',(113.75,98.169872981078,47.5));
#7070=CARTESIAN_POINT('',(114.25,102.5,47.5));
#7071=CARTESIAN_POINT('',(114.75,106.830127018922,47.5));
#7072=CARTESIAN_POINT('',(115.25,108.995190528383,51.25));
#7073=CARTESIAN_POINT('',(115.75,111.160254037844,55.));
#7074=CARTESIAN_POINT('',(116.25,108.995190528383,58.75));
#7075=CARTESIAN_POINT('',(116.75,106.830127018922,62.5));
#7076=CARTESIAN_POINT('',(117.25,102.5,62.5));
#7077=CARTESIAN_POINT('',(117.75,98.169872981078,62.5));
#7078=CARTESIAN_POINT('',(118.25,96.004809471617,58.75));
#7079=CARTESIAN_POINT('',(118.75,93.839745962156,55.));
#7080=CARTESIAN_POINT('',(119.25,96.004809471617,51.25));
#7081=CARTESIAN_POINT('',(119.75,98.169872981078,47.5));
#7082=CARTESIAN_POINT('',(120.25,102.5,47.5));
#7083=CARTESIAN_POINT('',(120.75,106.830127018922,47.5));
#7084=CARTESIAN_POINT('',(121.25,108.995190528383,51.25));
#7085=CARTESIAN_POINT('',(121.75,111.160254037844,55.));
#7086=CARTESIAN_POINT('',(122.25,108.995190528383,58.75));
#7087=CARTESIAN_POINT('',(122.75,106.830127018922,62.5));
#7088=CARTESIAN_POINT('',(123.25,102.5,62.5));
#7089=CARTESIAN_POINT('',(123.75,98.169872981078,62.5));
#7090=CARTESIAN_POINT('',(124.25,96.004809471617,58.75));
#7091=CARTESIAN_POINT('',(124.75,93.839745962156,55.));
#7092=CARTESIAN_POINT('',(125.25,96.004809471617,51.25));
#7093=CARTESIAN_POINT('',(125.75,98.169872981078,47.5));
#7094=CARTESIAN_POINT('',(126.25,102.5,47.5));
#7095=CARTESIAN_POINT('',(126.75,106.830127018922,47.5));
#7096=CARTESIAN_POINT('',(127.25,108.995190528383,51.25));
#7097=CARTESIAN_POINT('',(127.75,111.160254037844,55.));
#7098=CARTESIAN_POINT('',(128.25,108.995190528383,58.75));
#7099=CARTESIAN_POINT('',(128.75,106.830127018922,62.5));
#7100=CARTESIAN_POINT('',(129.25,102.5,62.5));
#7101=CARTESIAN_POINT('',(129.75,98.169872981078,62.5));
#7102=CARTESIAN_POINT('',(130.25,96.004809471617,58.75));
#7103=CARTESIAN_POINT('',(130.75,93.839745962156,55.));
#7104=CARTESIAN_POINT('',(131.25,96.004809471617,51.25));
#7105=CARTESIAN_POINT('',(131.75,98.169872981078,47.5));
#7106=CARTESIAN_POINT('',(132.25,102.5,47.5));
#7107=CARTESIAN_POINT('',(132.75,106.830127018922,47.5));
#7108=CARTESIAN_POINT('',(133.25,108.995190528383,51.25));
#7109=CARTESIAN_POINT('',(133.75,111.160254037844,55.));
#7110=CARTESIAN_POINT('',(134.25,108.995190528383,58.75));
#7111=CARTESIAN_POINT('',(134.75,106.830127018922,62.5));
#7112=CARTESIAN_POINT('',(135.25,102.5,62.5));
#7113=CARTESIAN_POINT('',(135.75,98.169872981078,62.5));
#7114=CARTESIAN_POINT('',(136.25,96.004809471617,58.75));
#7115=CARTESIAN_POINT('',(136.75,93.839745962156,55.));
#7116=CARTESIAN_POINT('',(137.25,96.004809471617,51.25));
#7117=CARTESIAN_POINT('',(137.75,98.169872981078,47.5));
#7118=CARTESIAN_POINT('',(138.25,102.5,47.5));
#7119=CARTESIAN_POINT('',(138.75,106.830127018922,47.5));
#7120=CARTESIAN_POINT('',(139.25,108.995190528383,51.25));
#7121=CARTESIAN_POINT('',(139.75,111.160254037844,55.));
#7122=CARTESIAN_POINT('',(140.25,108.995190528383,58.75));
#7123=CARTESIAN_POINT('',(140.75,106.830127018922,62.5));
#7124=CARTESIAN_POINT('',(141.25,102.5,62.5));
#7125=CARTESIAN_POINT('',(141.75,98.169872981078,62.5));
#7126=CARTESIAN_POINT('',(142.25,96.004809471617,58.75));
#7127=CARTESIAN_POINT('',(142.75,93.839745962156,55.));
#7128=CARTESIAN_POINT('',(143.25,96.004809471617,51.25));
#7129=CARTESIAN_POINT('',(143.75,98.169872981078,47.5));
#7130=CARTESIAN_POINT('',(144.25,102.5,47.5));
#7131=CARTESIAN_POINT('',(144.75,106.830127018922,47.5));
#7132=CARTESIAN_POINT('',(145.25,108.995190528383,51.25));
#7133=CARTESIAN_POINT('',(145.75,111.160254037844,55.));
#7134=CARTESIAN_POINT('',(146.25,108.995190528383,58.75));
#7135=CARTESIAN_POINT('',(146.75,106.830127018922,62.5));
#7136=CARTESIAN_POINT('',(147.25,102.5,62.5));
#7137=CARTESIAN_POINT('',(147.75,98.169872981078,62.5));
#7138=CARTESIAN_POINT('',(148.25,96.004809471617,58.75));
#7139=CARTESIAN_POINT('',(148.75,93.839745962156,55.));
#7140=CARTESIAN_POINT('',(149.25,96.004809471617,51.25));
#7141=CARTESIAN_POINT('',(149.75,98.169872981078,47.5));
#7142=CARTESIAN_POINT('',(150.25,102.5,47.5));
#7143=CARTESIAN_POINT('',(150.75,106.830127018922,47.5));
#7144=CARTESIAN_POINT('',(151.25,108.995190528383,51.25));
#7145=CARTESIAN_POINT('',(151.75,111.160254037844,55.));
#7146=CARTESIAN_POINT('',(152.25,108.995190528383,58.75));
#7147=CARTESIAN_POINT('',(152.75,106.830127018922,62.5));
#7148=CARTESIAN_POINT('',(153.25,102.5,62.5));
#7149=CARTESIAN_POINT('',(153.75,98.169872981078,62.5));
#7150=CARTESIAN_POINT('',(154.25,96.004809471617,58.75));
#7151=CARTESIAN_POINT('',(154.75,93.839745962156,55.));
#7152=CARTESIAN_POINT('',(155.25,96.004809471617,51.25));
#7153=CARTESIAN_POINT('',(155.75,98.169872981078,47.5));
#7154=CARTESIAN_POINT('',(156.25,102.5,47.5));
#7155=CARTESIAN_POINT('',(156.75,106.830127018922,47.5));
#7156=CARTESIAN_POINT('',(157.25,108.995190528383,51.25));
#7157=CARTESIAN_POINT('',(157.75,111.160254037844,55.));
#7158=CARTESIAN_POINT('',(158.25,108.995190528383,58.75));
#7159=CARTESIAN_POINT('',(158.75,106.830127018922,62.5));
#7160=CARTESIAN_POINT('',(159.25,102.5,62.5));
#7161=CARTESIAN_POINT('',(159.75,98.169872981078,62.5));
#7162=CARTESIAN_POINT('',(160.25,96.004809471617,58.75));
#7163=CARTESIAN_POINT('',(160.75,93.839745962156,55.));
#7164=CARTESIAN_POINT('',(161.25,96.004809471617,51.25));
#7165=CARTESIAN_POINT('',(161.75,98.169872981078,47.5));
#7166=CARTESIAN_POINT('',(162.25,102.5,47.5));
#7167=CARTESIAN_POINT('',(162.75,106.830127018922,47.5));
#7168=CARTESIAN_POINT('',(163.25,108.995190528383,51.25));
#7169=CARTESIAN_POINT('',(163.75,111.160254037844,55.));
#7170=CARTESIAN_POINT('',(164.25,108.995190528383,58.75));
#7171=CARTESIAN_POINT('',(164.75,106.830127018922,62.5));
#7172=CARTESIAN_POINT('',(165.25,102.5,62.5));
#7173=CARTESIAN_POINT('',(165.75,98.169872981078,62.5));
#7174=CARTESIAN_POINT('',(166.25,96.004809471617,58.75));
#7175=CARTESIAN_POINT('',(166.75,93.839745962156,55.));
#7176=CARTESIAN_POINT('',(167.25,96.004809471617,51.25));
#7177=CARTESIAN_POINT('',(167.75,98.169872981078,47.5));
#7178=CARTESIAN_POINT('',(168.25,102.5,47.5));
#7179=CARTESIAN_POINT('',(168.75,106.830127018922,47.5));
#7180=CARTESIAN_POINT('',(169.25,108.995190528383,51.25));
#7181=CARTESIAN_POINT('',(169.75,111.160254037844,55.));
#7182=CARTESIAN_POINT('',(170.25,108.995190528383,58.75));
#7183=CARTESIAN_POINT('',(170.75,106.830127018922,62.5));
#7184=CARTESIAN_POINT('',(171.25,102.5,62.5));
#7185=CARTESIAN_POINT('',(171.75,98.169872981078,62.5));
#7186=CARTESIAN_POINT('',(172.25,96.004809471617,58.75));
#7187=CARTESIAN_POINT('',(172.75,93.839745962156,55.));
#7188=CARTESIAN_POINT('',(173.25,96.004809471617,51.25));
#7189=CARTESIAN_POINT('',(173.75,98.169872981078,47.5));
#7190=CARTESIAN_POINT('',(174.25,102.5,47.5));
#7191=CARTESIAN_POINT('',(174.75,106.830127018922,47.5));
#7192=CARTESIAN_POINT('',(175.25,108.995190528383,51.25));
#7193=CARTESIAN_POINT('',(175.75,111.160254037844,55.));
#7194=CARTESIAN_POINT('',(176.25,108.995190528383,58.75));
#7195=CARTESIAN_POINT('',(176.75,106.830127018922,62.5));
#7196=CARTESIAN_POINT('',(177.25,102.5,62.5));
#7197=CARTESIAN_POINT('',(177.75,98.169872981078,62.5));
#7198=CARTESIAN_POINT('',(178.25,96.004809471617,58.75));
#7199=CARTESIAN_POINT('',(178.75,93.839745962156,55.));
#7200=CARTESIAN_POINT('',(179.25,96.004809471617,51.25));
#7201=CARTESIAN_POINT('',(179.75,98.169872981078,47.5));
#7202=CARTESIAN_POINT('',(180.25,102.5,47.5));
#7203=CARTESIAN_POINT('',(180.75,106.830127018922,47.5));
#7204=CARTESIAN_POINT('',(181.25,108.995190528383,51.25));
#7205=CARTESIAN_POINT('',(181.75,111.160254037844,55.));
#7206=CARTESIAN_POINT('',(182.25,108.995190528383,58.75));
#7207=CARTESIAN_POINT('',(182.75,106.830127018922,62.5));
#7208=CARTESIAN_POINT('',(183.25,102.5,62.5));
#7209=CARTESIAN_POINT('',(183.75,98.169872981078,62.5));
#7210=CARTESIAN_POINT('',(184.25,96.004809471617,58.75));
#7211=CARTESIAN_POINT('',(184.75,93.839745962156,55.));
#7212=CARTESIAN_POINT('',(185.25,96.004809471617,51.25));
#7213=CARTESIAN_POINT('',(185.75,98.169872981078,47.5));
#7214=CARTESIAN_POINT('',(186.25,102.5,47.5));
#7215=CARTESIAN_POINT('',(186.75,106.830127018922,47.5));
#7216=CARTESIAN_POINT('',(187.25,108.995190528383,51.25));
#7217=CARTESIAN_POINT('',(187.75,111.160254037844,55.));
#7218=CARTESIAN_POINT('',(188.25,108.995190528383,58.75));
#7219=CARTESIAN_POINT('',(188.75,106.830127018922,62.5));
#7220=CARTESIAN_POINT('',(189.25,102.5,62.5));
#7221=CARTESIAN_POINT('',(189.75,98.169872981078,62.5));
#7222=CARTESIAN_POINT('',(190.25,96.004809471617,58.75));
#7223=CARTESIAN_POINT('',(190.75,93.839745962156,55.));
#7224=CARTESIAN_POINT('',(191.25,96.004809471617,51.25));
#7225=CARTESIAN_POINT('',(191.75,98.169872981078,47.5));
#7226=CARTESIAN_POINT('',(192.25,102.5,47.5));
#7227=CARTESIAN_POINT('',(192.75,106.830127018922,47.5));
#7228=CARTESIAN_POINT('',(193.25,108.995190528383,51.25));
#7229=CARTESIAN_POINT('',(193.75,111.160254037844,55.));
#7230=CARTESIAN_POINT('',(194.25,108.995190528383,58.75));
#7231=CARTESIAN_POINT('',(194.75,106.830127018922,62.5));
#7232=CARTESIAN_POINT('',(195.25,102.5,62.5));
#7233=CARTESIAN_POINT('',(195.75,98.169872981078,62.5));
#7234=CARTESIAN_POINT('',(196.25,96.004809471617,58.75));
#7235=CARTESIAN_POINT('',(196.75,93.839745962156,55.));
#7236=CARTESIAN_POINT('',(197.25,96.004809471617,51.25));
#7237=CARTESIAN_POINT('',(197.75,98.169872981078,47.5));
#7238=CARTESIAN_POINT('',(198.25,102.5,47.5));
#7239=CARTESIAN_POINT('',(198.75,106.830127018922,47.5));
#7240=CARTESIAN_POINT('',(199.25,108.995190528383,51.25));
#7241=CARTESIAN_POINT('',(199.75,111.160254037844,55.));
#7242=CARTESIAN_POINT('',(200.25,108.995190528383,58.75));
#7243=CARTESIAN_POINT('',(200.75,106.830127018922,62.5));
#7244=CARTESIAN_POINT('',(201.25,102.5,62.5));
#7245=CARTESIAN_POINT('',(201.75,98.169872981078,62.5));
#7246=CARTESIAN_POINT('',(202.25,96.004809471617,58.75));
#7247=CARTESIAN_POINT('',(202.75,93.839745962156,55.));
#7248=CARTESIAN_POINT('',(203.25,96.004809471617,51.25));
#7249=CARTESIAN_POINT('',(203.75,98.169872981078,47.5));
#7250=CARTESIAN_POINT('',(204.25,102.5,47.5));
#7251=CARTESIAN_POINT('',(204.75,106.830127018922,47.5));
#7252=CARTESIAN_POINT('',(205.25,108.995190528383,51.25));
#7253=CARTESIAN_POINT('',(205.75,111.160254037844,55.));
#7254=CARTESIAN_POINT('',(206.25,108.995190528383,58.75));
#7255=CARTESIAN_POINT('',(206.75,106.830127018922,62.5));
#7256=CARTESIAN_POINT('',(207.25,102.5,62.5));
#7257=CARTESIAN_POINT('',(207.75,98.169872981078,62.5));
#7258=CARTESIAN_POINT('',(208.25,96.004809471617,58.75));
#7259=CARTESIAN_POINT('',(208.75,93.839745962156,55.));
#7260=CARTESIAN_POINT('',(209.25,96.004809471617,51.25));
#7261=CARTESIAN_POINT('',(209.75,98.169872981078,47.5));
#7262=CARTESIAN_POINT('',(210.25,102.5,47.5));
#7263=CARTESIAN_POINT('',(210.75,106.830127018922,47.5));
#7264=CARTESIAN_POINT('',(211.25,108.995190528383,51.25));
#7265=CARTESIAN_POINT('',(211.75,111.160254037844,55.));
#7266=CARTESIAN_POINT('',(212.25,108.995190528383,58.75));
#7267=CARTESIAN_POINT('',(212.75,106.830127018922,62.5));
#7268=CARTESIAN_POINT('',(213.25,102.5,62.5));
#7269=CARTESIAN_POINT('',(213.75,98.169872981078,62.5));
#7270=CARTESIAN_POINT('',(214.25,96.004809471617,58.75));
#7271=CARTESIAN_POINT('',(214.75,93.839745962156,55.));
#7272=CARTESIAN_POINT('',(215.25,96.004809471617,51.25));
#7273=CARTESIAN_POINT('',(215.75,98.169872981078,47.5));
#7274=CARTESIAN_POINT('',(216.25,102.5,47.5));
#7275=CARTESIAN_POINT('',(216.75,106.830127018922,47.5));
#7276=CARTESIAN_POINT('',(217.25,108.995190528383,51.25));
#7277=CARTESIAN_POINT('',(217.75,111.160254037844,55.));
#7278=CARTESIAN_POINT('',(218.25,108.995190528383,58.75));
#7279=CARTESIAN_POINT('',(218.75,106.830127018922,62.5));
#7280=CARTESIAN_POINT('',(219.25,102.5,62.5));
#7281=CARTESIAN_POINT('',(219.75,98.169872981078,62.5));
#7282=CARTESIAN_POINT('',(220.25,96.004809471617,58.75));
#7283=CARTESIAN_POINT('',(220.75,93.839745962156,55.));
#7284=CARTESIAN_POINT('',(221.25,96.004809471617,51.25));
#7285=CARTESIAN_POINT('',(221.75,98.169872981078,47.5));
#7286=CARTESIAN_POINT('',(222.25,102.5,47.5));
#7287=CARTESIAN_POINT('',(222.75,106.830127018922,47.5));
#7288=CARTESIAN_POINT('',(223.25,108.995190528383,51.25));
#7289=CARTESIAN_POINT('',(223.75,111.160254037844,55.));
#7290=CARTESIAN_POINT('',(224.25,108.995190528383,58.75));
#7291=CARTESIAN_POINT('',(224.75,106.830127018922,62.5));
#7292=CARTESIAN_POINT('',(225.25,102.5,62.5));
#7293=CARTESIAN_POINT('',(225.75,98.169872981078,62.5));
#7294=CARTESIAN_POINT('',(226.25,96.004809471617,58.75));
#7295=CARTESIAN_POINT('',(226.75,93.839745962156,55.));
#7296=CARTESIAN_POINT('',(227.25,96.004809471617,51.25));
#7297=CARTESIAN_POINT('',(227.75,98.169872981078,47.5));
#7298=CARTESIAN_POINT('',(228.25,102.5,47.5));
#7299=CARTESIAN_POINT('',(228.75,106.830127018922,47.5));
#7300=CARTESIAN_POINT('',(229.25,108.995190528383,51.25));
#7301=CARTESIAN_POINT('',(229.75,111.160254037844,55.));
#7302=CARTESIAN_POINT('',(230.25,108.995190528383,58.75));
#7303=CARTESIAN_POINT('',(230.75,106.830127018922,62.5));
#7304=CARTESIAN_POINT('',(231.25,102.5,62.5));
#7305=CARTESIAN_POINT('',(231.75,98.169872981078,62.5));
#7306=CARTESIAN_POINT('',(232.25,96.004809471617,58.75));
#7307=CARTESIAN_POINT('',(232.75,93.839745962156,55.));
#7308=CARTESIAN_POINT('',(233.25,96.004809471617,51.25));
#7309=CARTESIAN_POINT('',(233.75,98.169872981078,47.5));
#7310=CARTESIAN_POINT('',(234.25,102.5,47.5));
#7311=CARTESIAN_POINT('',(234.75,106.830127018922,47.5));
#7312=CARTESIAN_POINT('',(235.25,108.995190528383,51.25));
#7313=CARTESIAN_POINT('',(235.75,111.160254037844,55.));
#7314=CARTESIAN_POINT('',(236.25,108.995190528383,58.75));
#7315=CARTESIAN_POINT('',(236.75,106.830127018922,62.5));
#7316=CARTESIAN_POINT('',(237.25,102.5,62.5));
#7317=CARTESIAN_POINT('',(237.75,98.169872981078,62.5));
#7318=CARTESIAN_POINT('',(238.25,96.004809471617,58.75));
#7319=CARTESIAN_POINT('',(238.75,93.839745962156,55.));
#7320=CARTESIAN_POINT('',(239.25,96.004809471617,51.25));
#7321=CARTESIAN_POINT('',(239.75,98.169872981078,47.5));
#7322=CARTESIAN_POINT('',(240.25,102.5,47.5));
#7323=CARTESIAN_POINT('',(240.75,106.830127018922,47.5));
#7324=CARTESIAN_POINT('',(241.25,108.995190528383,51.25));
#7325=CARTESIAN_POINT('',(241.75,111.160254037844,55.));
#7326=CARTESIAN_POINT('',(242.25,108.995190528383,58.75));
#7327=CARTESIAN_POINT('',(242.75,106.830127018922,62.5));
#7328=CARTESIAN_POINT('',(243.25,102.5,62.5));
#7329=CARTESIAN_POINT('',(243.75,98.169872981078,62.5));
#7330=CARTESIAN_POINT('',(244.25,96.004809471617,58.75));
#7331=CARTESIAN_POINT('',(244.75,93.839745962156,55.));
#7332=CARTESIAN_POINT('',(245.25,96.004809471617,51.25));
#7333=CARTESIAN_POINT('',(245.75,98.169872981078,47.5));
#7334=CARTESIAN_POINT('',(246.25,102.5,47.5));
#7335=CARTESIAN_POINT('',(246.75,106.830127018922,47.5));
#7336=CARTESIAN_POINT('',(247.25,108.995190528383,51.25));
#7337=CARTESIAN_POINT('',(247.75,111.160254037844,55.));
#7338=CARTESIAN_POINT('',(248.25,108.995190528383,58.75));
#7339=CARTESIAN_POINT('',(248.75,106.830127018922,62.5));
#7340=CARTESIAN_POINT('',(249.25,102.5,62.5));
#7341=CARTESIAN_POINT('',(249.75,98.169872981078,62.5));
#7342=CARTESIAN_POINT('',(250.25,96.004809471617,58.75));
#7343=CARTESIAN_POINT('',(250.75,93.839745962156,55.));
#7344=CARTESIAN_POINT('',(251.25,96.004809471617,51.25));
#7345=CARTESIAN_POINT('',(251.75,98.169872981078,47.5));
#7346=CARTESIAN_POINT('',(252.25,102.5,47.5));
#7347=CARTESIAN_POINT('',(252.75,106.830127018922,47.5));
#7348=CARTESIAN_POINT('',(253.25,108.995190528383,51.25));
#7349=CARTESIAN_POINT('',(253.75,111.160254037844,55.));
#7350=CARTESIAN_POINT('',(254.25,108.995190528383,58.75));
#7351=CARTESIAN_POINT('',(254.75,106.830127018922,62.5));
#7352=CARTESIAN_POINT('',(255.25,102.5,62.5));
#7353=CARTESIAN_POINT('',(255.75,98.169872981078,62.5));
#7354=CARTESIAN_POINT('',(256.25,96.004809471617,58.75));
#7355=CARTESIAN_POINT('',(256.75,93.839745962156,55.));
#7356=CARTESIAN_POINT('',(257.25,96.004809471617,51.25));
#7357=CARTESIAN_POINT('',(257.75,98.169872981078,47.5));
#7358=CARTESIAN_POINT('',(258.25,102.5,47.5));
#7359=CARTESIAN_POINT('',(258.75,106.830127018922,47.5));
#7360=CARTESIAN_POINT('',(259.25,108.995190528383,51.25));
#7361=CARTESIAN_POINT('',(259.75,111.160254037844,55.));
#7362=CARTESIAN_POINT('',(260.25,108.995190528383,58.75));
#7363=CARTESIAN_POINT('',(260.75,106.830127018922,62.5));
#7364=CARTESIAN_POINT('',(261.25,102.5,62.5));
#7365=CARTESIAN_POINT('',(261.75,98.169872981078,62.5));
#7366=CARTESIAN_POINT('',(262.25,96.004809471617,58.75));
#7367=CARTESIAN_POINT('',(262.75,93.839745962156,55.));
#7368=CARTESIAN_POINT('',(263.25,96.004809471617,51.25));
#7369=CARTESIAN_POINT('',(263.75,98.169872981078,47.5));
#7370=CARTESIAN_POINT('',(264.25,102.5,47.5));
#7371=CARTESIAN_POINT('',(264.75,106.830127018922,47.5));
#7372=CARTESIAN_POINT('',(265.25,108.995190528383,51.25));
#7373=CARTESIAN_POINT('',(265.75,111.160254037844,55.));
#7374=CARTESIAN_POINT('',(266.25,108.995190528383,58.75));
#7375=CARTESIAN_POINT('',(266.75,106.830127018922,62.5));
#7376=CARTESIAN_POINT('',(267.25,102.5,62.5));
#7377=CARTESIAN_POINT('',(267.75,98.169872981078,62.5));
#7378=CARTESIAN_POINT('',(268.25,96.004809471617,58.75));
#7379=CARTESIAN_POINT('',(268.75,93.839745962156,55.));
#7380=CARTESIAN_POINT('',(269.25,96.004809471617,51.25));
#7381=CARTESIAN_POINT('',(269.75,98.169872981078,47.5));
#7382=CARTESIAN_POINT('',(270.25,102.5,47.5));
#7383=CARTESIAN_POINT('',(270.75,106.830127018922,47.5));
#7384=CARTESIAN_POINT('',(271.25,108.995190528383,51.25));
#7385=CARTESIAN_POINT('',(271.75,111.160254037844,55.));
#7386=CARTESIAN_POINT('',(272.25,108.995190528383,58.75));
#7387=CARTESIAN_POINT('',(272.75,106.830127018922,62.5));
#7388=CARTESIAN_POINT('',(273.25,102.5,62.5));
#7389=CARTESIAN_POINT('',(273.75,98.169872981078,62.5));
#7390=CARTESIAN_POINT('',(274.25,96.004809471617,58.75));
#7391=CARTESIAN_POINT('',(274.75,93.839745962156,55.));
#7392=CARTESIAN_POINT('',(275.25,96.004809471617,51.25));
#7393=CARTESIAN_POINT('',(275.75,98.169872981078,47.5));
#7394=CARTESIAN_POINT('',(276.25,102.5,47.5));
#7395=CARTESIAN_POINT('',(276.75,106.830127018922,47.5));
#7396=CARTESIAN_POINT('',(277.25,108.995190528383,51.25));
#7397=CARTESIAN_POINT('',(277.75,111.160254037844,55.));
#7398=CARTESIAN_POINT('',(278.25,108.995190528383,58.75));
#7399=CARTESIAN_POINT('',(278.75,106.830127018922,62.5));
#7400=CARTESIAN_POINT('',(279.25,102.5,62.5));
#7401=CARTESIAN_POINT('',(279.75,98.169872981078,62.5));
#7402=CARTESIAN_POINT('',(280.25,96.004809471617,58.75));
#7403=CARTESIAN_POINT('',(280.75,93.839745962156,55.));
#7404=CARTESIAN_POINT('',(281.25,96.004809471617,51.25));
#7405=CARTESIAN_POINT('',(281.75,98.169872981078,47.5));
#7406=CARTESIAN_POINT('',(282.25,102.5,47.5));
#7407=CARTESIAN_POINT('',(81.75,102.5,47.5));
#7408=CARTESIAN_POINT('',(82.25,106.830127018922,47.5));
#7409=CARTESIAN_POINT('',(82.75,108.995190528383,51.25));
#7410=CARTESIAN_POINT('',(83.25,111.160254037844,55.));
#7411=CARTESIAN_POINT('',(83.75,108.995190528383,58.75));
#7412=CARTESIAN_POINT('',(84.25,106.830127018922,62.5));
#7413=CARTESIAN_POINT('',(84.75,102.5,62.5));
#7414=CARTESIAN_POINT('',(85.25,98.169872981078,62.5));
#7415=CARTESIAN_POINT('',(85.75,96.004809471617,58.75));
#7416=CARTESIAN_POINT('',(86.25,93.839745962156,55.));
#7417=CARTESIAN_POINT('',(86.75,96.004809471617,51.25));
#7418=CARTESIAN_POINT('',(87.25,98.169872981078,47.5));
#7419=CARTESIAN_POINT('',(87.75,102.5,47.5));
#7420=CARTESIAN_POINT('',(88.25,106.830127018922,47.5));
#7421=CARTESIAN_POINT('',(88.75,108.995190528383,51.25));
#7422=CARTESIAN_POINT('',(89.25,111.160254037844,55.));
#7423=CARTESIAN_POINT('',(89.75,108.995190528383,58.75));
#7424=CARTESIAN_POINT('',(90.25,106.830127018922,62.5));
#7425=CARTESIAN_POINT('',(90.75,102.5,62.5));
#7426=CARTESIAN_POINT('',(91.25,98.169872981078,62.5));
#7427=CARTESIAN_POINT('',(91.75,96.004809471617,58.75));
#7428=CARTESIAN_POINT('',(92.25,93.839745962156,55.));
#7429=CARTESIAN_POINT('',(92.75,96.004809471617,51.25));
#7430=CARTESIAN_POINT('',(93.25,98.169872981078,47.5));
#7431=CARTESIAN_POINT('',(93.75,102.5,47.5));
#7432=CARTESIAN_POINT('',(94.25,106.830127018922,47.5));
#7433=CARTESIAN_POINT('',(94.75,108.995190528383,51.25));
#7434=CARTESIAN_POINT('',(95.25,111.160254037844,55.));
#7435=CARTESIAN_POINT('',(95.75,108.995190528383,58.75));
#7436=CARTESIAN_POINT('',(96.25,106.830127018922,62.5));
#7437=CARTESIAN_POINT('',(96.75,102.5,62.5));
#7438=CARTESIAN_POINT('',(97.25,98.169872981078,62.5));
#7439=CARTESIAN_POINT('',(97.75,96.004809471617,58.75));
#7440=CARTESIAN_POINT('',(98.25,93.839745962156,55.));
#7441=CARTESIAN_POINT('',(98.75,96.004809471617,51.25));
#7442=CARTESIAN_POINT('',(99.25,98.169872981078,47.5));
#7443=CARTESIAN_POINT('',(99.75,102.5,47.5));
#7444=CARTESIAN_POINT('',(100.25,106.830127018922,47.5));
#7445=CARTESIAN_POINT('',(100.75,108.995190528383,51.25));
#7446=CARTESIAN_POINT('',(101.25,111.160254037844,55.));
#7447=CARTESIAN_POINT('',(101.75,108.995190528383,58.75));
#7448=CARTESIAN_POINT('',(102.25,106.830127018922,62.5));
#7449=CARTESIAN_POINT('',(102.75,102.5,62.5));
#7450=CARTESIAN_POINT('',(103.25,98.169872981078,62.5));
#7451=CARTESIAN_POINT('',(103.75,96.004809471617,58.75));
#7452=CARTESIAN_POINT('',(104.25,93.839745962156,55.));
#7453=CARTESIAN_POINT('',(104.75,96.004809471617,51.25));
#7454=CARTESIAN_POINT('',(105.25,98.169872981078,47.5));
#7455=CARTESIAN_POINT('',(105.75,102.5,47.5));
#7456=CARTESIAN_POINT('',(106.25,106.830127018922,47.5));
#7457=CARTESIAN_POINT('',(106.75,108.995190528383,51.25));
#7458=CARTESIAN_POINT('',(107.25,111.160254037844,55.));
#7459=CARTESIAN_POINT('',(107.75,108.995190528383,58.75));
#7460=CARTESIAN_POINT('',(108.25,106.830127018922,62.5));
#7461=CARTESIAN_POINT('',(108.75,102.5,62.5));
#7462=CARTESIAN_POINT('',(109.25,98.169872981078,62.5));
#7463=CARTESIAN_POINT('',(109.75,96.004809471617,58.75));
#7464=CARTESIAN_POINT('',(110.25,93.839745962156,55.));
#7465=CARTESIAN_POINT('',(110.75,96.004809471617,51.25));
#7466=CARTESIAN_POINT('',(111.25,98.169872981078,47.5));
#7467=CARTESIAN_POINT('',(111.75,102.5,47.5));
#7468=CARTESIAN_POINT('',(112.25,106.830127018922,47.5));
#7469=CARTESIAN_POINT('',(112.75,108.995190528383,51.25));
#7470=CARTESIAN_POINT('',(113.25,111.160254037844,55.));
#7471=CARTESIAN_POINT('',(113.75,108.995190528383,58.75));
#7472=CARTESIAN_POINT('',(114.25,106.830127018922,62.5));
#7473=CARTESIAN_POINT('',(114.75,102.5,62.5));
#7474=CARTESIAN_POINT('',(115.25,98.169872981078,62.5));
#7475=CARTESIAN_POINT('',(115.75,96.004809471617,58.75));
#7476=CARTESIAN_POINT('',(116.25,93.839745962156,55.));
#7477=CARTESIAN_POINT('',(116.75,96.004809471617,51.25));
#7478=CARTESIAN_POINT('',(117.25,98.169872981078,47.5));
#7479=CARTESIAN_POINT('',(117.75,102.5,47.5));
#7480=CARTESIAN_POINT('',(118.25,106.830127018922,47.5));
#7481=CARTESIAN_POINT('',(118.75,108.995190528383,51.25));
#7482=CARTESIAN_POINT('',(119.25,111.160254037844,55.));
#7483=CARTESIAN_POINT('',(119.75,108.995190528383,58.75));
#7484=CARTESIAN_POINT('',(120.25,106.830127018922,62.5));
#7485=CARTESIAN_POINT('',(120.75,102.5,62.5));
#7486=CARTESIAN_POINT('',(121.25,98.169872981078,62.5));
#7487=CARTESIAN_POINT('',(121.75,96.004809471617,58.75));
#7488=CARTESIAN_POINT('',(122.25,93.839745962156,55.));
#7489=CARTESIAN_POINT('',(122.75,96.004809471617,51.25));
#7490=CARTESIAN_POINT('',(123.25,98.169872981078,47.5));
#7491=CARTESIAN_POINT('',(123.75,102.5,47.5));
#7492=CARTESIAN_POINT('',(124.25,106.830127018922,47.5));
#7493=CARTESIAN_POINT('',(124.75,108.995190528383,51.25));
#7494=CARTESIAN_POINT('',(125.25,111.160254037844,55.));
#7495=CARTESIAN_POINT('',(125.75,108.995190528383,58.75));
#7496=CARTESIAN_POINT('',(126.25,106.830127018922,62.5));
#7497=CARTESIAN_POINT('',(126.75,102.5,62.5));
#7498=CARTESIAN_POINT('',(127.25,98.169872981078,62.5));
#7499=CARTESIAN_POINT('',(127.75,96.004809471617,58.75));
#7500=CARTESIAN_POINT('',(128.25,93.839745962156,55.));
#7501=CARTESIAN_POINT('',(128.75,96.004809471617,51.25));
#7502=CARTESIAN_POINT('',(129.25,98.169872981078,47.5));
#7503=CARTESIAN_POINT('',(129.75,102.5,47.5));
#7504=CARTESIAN_POINT('',(130.25,106.830127018922,47.5));
#7505=CARTESIAN_POINT('',(130.75,108.995190528383,51.25));
#7506=CARTESIAN_POINT('',(131.25,111.160254037844,55.));
#7507=CARTESIAN_POINT('',(131.75,108.995190528383,58.75));
#7508=CARTESIAN_POINT('',(132.25,106.830127018922,62.5));
#7509=CARTESIAN_POINT('',(132.75,102.5,62.5));
#7510=CARTESIAN_POINT('',(133.25,98.169872981078,62.5));
#7511=CARTESIAN_POINT('',(133.75,96.004809471617,58.75));
#7512=CARTESIAN_POINT('',(134.25,93.839745962156,55.));
#7513=CARTESIAN_POINT('',(134.75,96.004809471617,51.25));
#7514=CARTESIAN_POINT('',(135.25,98.169872981078,47.5));
#7515=CARTESIAN_POINT('',(135.75,102.5,47.5));
#7516=CARTESIAN_POINT('',(136.25,106.830127018922,47.5));
#7517=CARTESIAN_POINT('',(136.75,108.995190528383,51.25));
#7518=CARTESIAN_POINT('',(137.25,111.160254037844,55.));
#7519=CARTESIAN_POINT('',(137.75,108.995190528383,58.75));
#7520=CARTESIAN_POINT('',(138.25,106.830127018922,62.5));
#7521=CARTESIAN_POINT('',(138.75,102.5,62.5));
#7522=CARTESIAN_POINT('',(139.25,98.169872981078,62.5));
#7523=CARTESIAN_POINT('',(139.75,96.004809471617,58.75));
#7524=CARTESIAN_POINT('',(140.25,93.839745962156,55.));
#7525=CARTESIAN_POINT('',(140.75,96.004809471617,51.25));
#7526=CARTESIAN_POINT('',(141.25,98.169872981078,47.5));
#7527=CARTESIAN_POINT('',(141.75,102.5,47.5));
#7528=CARTESIAN_POINT('',(142.25,106.830127018922,47.5));
#7529=CARTESIAN_POINT('',(142.75,108.995190528383,51.25));
#7530=CARTESIAN_POINT('',(143.25,111.160254037844,55.));
#7531=CARTESIAN_POINT('',(143.75,108.995190528383,58.75));
#7532=CARTESIAN_POINT('',(144.25,106.830127018922,62.5));
#7533=CARTESIAN_POINT('',(144.75,102.5,62.5));
#7534=CARTESIAN_POINT('',(145.25,98.169872981078,62.5));
#7535=CARTESIAN_POINT('',(145.75,96.004809471617,58.75));
#7536=CARTESIAN_POINT('',(146.25,93.839745962156,55.));
#7537=CARTESIAN_POINT('',(146.75,96.004809471617,51.25));
#7538=CARTESIAN_POINT('',(147.25,98.169872981078,47.5));
#7539=CARTESIAN_POINT('',(147.75,102.5,47.5));
#7540=CARTESIAN_POINT('',(148.25,106.830127018922,47.5));
#7541=CARTESIAN_POINT('',(148.75,108.995190528383,51.25));
#7542=CARTESIAN_POINT('',(149.25,111.160254037844,55.));
#7543=CARTESIAN_POINT('',(149.75,108.995190528383,58.75));
#7544=CARTESIAN_POINT('',(150.25,106.830127018922,62.5));
#7545=CARTESIAN_POINT('',(150.75,102.5,62.5));
#7546=CARTESIAN_POINT('',(151.25,98.169872981078,62.5));
#7547=CARTESIAN_POINT('',(151.75,96.004809471617,58.75));
#7548=CARTESIAN_POINT('',(152.25,93.839745962156,55.));
#7549=CARTESIAN_POINT('',(152.75,96.004809471617,51.25));
#7550=CARTESIAN_POINT('',(153.25,98.169872981078,47.5));
#7551=CARTESIAN_POINT('',(153.75,102.5,47.5));
#7552=CARTESIAN_POINT('',(154.25,106.830127018922,47.5));
#7553=CARTESIAN_POINT('',(154.75,108.995190528383,51.25));
#7554=CARTESIAN_POINT('',(155.25,111.160254037844,55.));
#7555=CARTESIAN_POINT('',(155.75,108.995190528383,58.75));
#7556=CARTESIAN_POINT('',(156.25,106.830127018922,62.5));
#7557=CARTESIAN_POINT('',(156.75,102.5,62.5));
#7558=CARTESIAN_POINT('',(157.25,98.169872981078,62.5));
#7559=CARTESIAN_POINT('',(157.75,96.004809471617,58.75));
#7560=CARTESIAN_POINT('',(158.25,93.839745962156,55.));
#7561=CARTESIAN_POINT('',(158.75,96.004809471617,51.25));
#7562=CARTESIAN_POINT('',(159.25,98.169872981078,47.5));
#7563=CARTESIAN_POINT('',(159.75,102.5,47.5));
#7564=CARTESIAN_POINT('',(160.25,106.830127018922,47.5));
#7565=CARTESIAN_POINT('',(160.75,108.995190528383,51.25));
#7566=CARTESIAN_POINT('',(161.25,111.160254037844,55.));
#7567=CARTESIAN_POINT('',(161.75,108.995190528383,58.75));
#7568=CARTESIAN_POINT('',(162.25,106.830127018922,62.5));
#7569=CARTESIAN_POINT('',(162.75,102.5,62.5));
#7570=CARTESIAN_POINT('',(163.25,98.169872981078,62.5));
#7571=CARTESIAN_POINT('',(163.75,96.004809471617,58.75));
#7572=CARTESIAN_POINT('',(164.25,93.839745962156,55.));
#7573=CARTESIAN_POINT('',(164.75,96.004809471617,51.25));
#7574=CARTESIAN_POINT('',(165.25,98.169872981078,47.5));
#7575=CARTESIAN_POINT('',(165.75,102.5,47.5));
#7576=CARTESIAN_POINT('',(166.25,106.830127018922,47.5));
#7577=CARTESIAN_POINT('',(166.75,108.995190528383,51.25));
#7578=CARTESIAN_POINT('',(167.25,111.160254037844,55.));
#7579=CARTESIAN_POINT('',(167.75,108.995190528383,58.75));
#7580=CARTESIAN_POINT('',(168.25,106.830127018922,62.5));
#7581=CARTESIAN_POINT('',(168.75,102.5,62.5));
#7582=CARTESIAN_POINT('',(169.25,98.169872981078,62.5));
#7583=CARTESIAN_POINT('',(169.75,96.004809471617,58.75));
#7584=CARTESIAN_POINT('',(170.25,93.839745962156,55.));
#7585=CARTESIAN_POINT('',(170.75,96.004809471617,51.25));
#7586=CARTESIAN_POINT('',(171.25,98.169872981078,47.5));
#7587=CARTESIAN_POINT('',(171.75,102.5,47.5));
#7588=CARTESIAN_POINT('',(172.25,106.830127018922,47.5));
#7589=CARTESIAN_POINT('',(172.75,108.995190528383,51.25));
#7590=CARTESIAN_POINT('',(173.25,111.160254037844,55.));
#7591=CARTESIAN_POINT('',(173.75,108.995190528383,58.75));
#7592=CARTESIAN_POINT('',(174.25,106.830127018922,62.5));
#7593=CARTESIAN_POINT('',(174.75,102.5,62.5));
#7594=CARTESIAN_POINT('',(175.25,98.169872981078,62.5));
#7595=CARTESIAN_POINT('',(175.75,96.004809471617,58.75));
#7596=CARTESIAN_POINT('',(176.25,93.839745962156,55.));
#7597=CARTESIAN_POINT('',(176.75,96.004809471617,51.25));
#7598=CARTESIAN_POINT('',(177.25,98.169872981078,47.5));
#7599=CARTESIAN_POINT('',(177.75,102.5,47.5));
#7600=CARTESIAN_POINT('',(178.25,106.830127018922,47.5));
#7601=CARTESIAN_POINT('',(178.75,108.995190528383,51.25));
#7602=CARTESIAN_POINT('',(179.25,111.160254037844,55.));
#7603=CARTESIAN_POINT('',(179.75,108.995190528383,58.75));
#7604=CARTESIAN_POINT('',(180.25,106.830127018922,62.5));
#7605=CARTESIAN_POINT('',(180.75,102.5,62.5));
#7606=CARTESIAN_POINT('',(181.25,98.169872981078,62.5));
#7607=CARTESIAN_POINT('',(181.75,96.004809471617,58.75));
#7608=CARTESIAN_POINT('',(182.25,93.839745962156,55.));
#7609=CARTESIAN_POINT('',(182.75,96.004809471617,51.25));
#7610=CARTESIAN_POINT('',(183.25,98.169872981078,47.5));
#7611=CARTESIAN_POINT('',(183.75,102.5,47.5));
#7612=CARTESIAN_POINT('',(184.25,106.830127018922,47.5));
#7613=CARTESIAN_POINT('',(184.75,108.995190528383,51.25));
#7614=CARTESIAN_POINT('',(185.25,111.160254037844,55.));
#7615=CARTESIAN_POINT('',(185.75,108.995190528383,58.75));
#7616=CARTESIAN_POINT('',(186.25,106.830127018922,62.5));
#7617=CARTESIAN_POINT('',(186.75,102.5,62.5));
#7618=CARTESIAN_POINT('',(187.25,98.169872981078,62.5));
#7619=CARTESIAN_POINT('',(187.75,96.004809471617,58.75));
#7620=CARTESIAN_POINT('',(188.25,93.839745962156,55.));
#7621=CARTESIAN_POINT('',(188.75,96.004809471617,51.25));
#7622=CARTESIAN_POINT('',(189.25,98.169872981078,47.5));
#7623=CARTESIAN_POINT('',(189.75,102.5,47.5));
#7624=CARTESIAN_POINT('',(190.25,106.830127018922,47.5));
#7625=CARTESIAN_POINT('',(190.75,108.995190528383,51.25));
#7626=CARTESIAN_POINT('',(191.25,111.160254037844,55.));
#7627=CARTESIAN_POINT('',(191.75,108.995190528383,58.75));
#7628=CARTESIAN_POINT('',(192.25,106.830127018922,62.5));
#7629=CARTESIAN_POINT('',(192.75,102.5,62.5));
#7630=CARTESIAN_POINT('',(193.25,98.169872981078,62.5));
#7631=CARTESIAN_POINT('',(193.75,96.004809471617,58.75));
#7632=CARTESIAN_POINT('',(194.25,93.839745962156,55.));
#7633=CARTESIAN_POINT('',(194.75,96.004809471617,51.25));
#7634=CARTESIAN_POINT('',(195.25,98.169872981078,47.5));
#7635=CARTESIAN_POINT('',(195.75,102.5,47.5));
#7636=CARTESIAN_POINT('',(196.25,106.830127018922,47.5));
#7637=CARTESIAN_POINT('',(196.75,108.995190528383,51.25));
#7638=CARTESIAN_POINT('',(197.25,111.160254037844,55.));
#7639=CARTESIAN_POINT('',(197.75,108.995190528383,58.75));
#7640=CARTESIAN_POINT('',(198.25,106.830127018922,62.5));
#7641=CARTESIAN_POINT('',(198.75,102.5,62.5));
#7642=CARTESIAN_POINT('',(199.25,98.169872981078,62.5));
#7643=CARTESIAN_POINT('',(199.75,96.004809471617,58.75));
#7644=CARTESIAN_POINT('',(200.25,93.839745962156,55.));
#7645=CARTESIAN_POINT('',(200.75,96.004809471617,51.25));
#7646=CARTESIAN_POINT('',(201.25,98.169872981078,47.5));
#7647=CARTESIAN_POINT('',(201.75,102.5,47.5));
#7648=CARTESIAN_POINT('',(202.25,106.830127018922,47.5));
#7649=CARTESIAN_POINT('',(202.75,108.995190528383,51.25));
#7650=CARTESIAN_POINT('',(203.25,111.160254037844,55.));
#7651=CARTESIAN_POINT('',(203.75,108.995190528383,58.75));
#7652=CARTESIAN_POINT('',(204.25,106.830127018922,62.5));
#7653=CARTESIAN_POINT('',(204.75,102.5,62.5));
#7654=CARTESIAN_POINT('',(205.25,98.169872981078,62.5));
#7655=CARTESIAN_POINT('',(205.75,96.004809471617,58.75));
#7656=CARTESIAN_POINT('',(206.25,93.839745962156,55.));
#7657=CARTESIAN_POINT('',(206.75,96.004809471617,51.25));
#7658=CARTESIAN_POINT('',(207.25,98.169872981078,47.5));
#7659=CARTESIAN_POINT('',(207.75,102.5,47.5));
#7660=CARTESIAN_POINT('',(208.25,106.830127018922,47.5));
#7661=CARTESIAN_POINT('',(208.75,108.995190528383,51.25));
#7662=CARTESIAN_POINT('',(209.25,111.160254037844,55.));
#7663=CARTESIAN_POINT('',(209.75,108.995190528383,58.75));
#7664=CARTESIAN_POINT('',(210.25,106.830127018922,62.5));
#7665=CARTESIAN_POINT('',(210.75,102.5,62.5));
#7666=CARTESIAN_POINT('',(211.25,98.169872981078,62.5));
#7667=CARTESIAN_POINT('',(211.75,96.004809471617,58.75));
#7668=CARTESIAN_POINT('',(212.25,93.839745962156,55.));
#7669=CARTESIAN_POINT('',(212.75,96.004809471617,51.25));
#7670=CARTESIAN_POINT('',(213.25,98.169872981078,47.5));
#7671=CARTESIAN_POINT('',(213.75,102.5,47.5));
#7672=CARTESIAN_POINT('',(214.25,106.830127018922,47.5));
#7673=CARTESIAN_POINT('',(214.75,108.995190528383,51.25));
#7674=CARTESIAN_POINT('',(215.25,111.160254037844,55.));
#7675=CARTESIAN_POINT('',(215.75,108.995190528383,58.75));
#7676=CARTESIAN_POINT('',(216.25,106.830127018922,62.5));
#7677=CARTESIAN_POINT('',(216.75,102.5,62.5));
#7678=CARTESIAN_POINT('',(217.25,98.169872981078,62.5));
#7679=CARTESIAN_POINT('',(217.75,96.004809471617,58.75));
#7680=CARTESIAN_POINT('',(218.25,93.839745962156,55.));
#7681=CARTESIAN_POINT('',(218.75,96.004809471617,51.25));
#7682=CARTESIAN_POINT('',(219.25,98.169872981078,47.5));
#7683=CARTESIAN_POINT('',(219.75,102.5,47.5));
#7684=CARTESIAN_POINT('',(220.25,106.830127018922,47.5));
#7685=CARTESIAN_POINT('',(220.75,108.995190528383,51.25));
#7686=CARTESIAN_POINT('',(221.25,111.160254037844,55.));
#7687=CARTESIAN_POINT('',(221.75,108.995190528383,58.75));
#7688=CARTESIAN_POINT('',(222.25,106.830127018922,62.5));
#7689=CARTESIAN_POINT('',(222.75,102.5,62.5));
#7690=CARTESIAN_POINT('',(223.25,98.169872981078,62.5));
#7691=CARTESIAN_POINT('',(223.75,96.004809471617,58.75));
#7692=CARTESIAN_POINT('',(224.25,93.839745962156,55.));
#7693=CARTESIAN_POINT('',(224.75,96.004809471617,51.25));
#7694=CARTESIAN_POINT('',(225.25,98.169872981078,47.5));
#7695=CARTESIAN_POINT('',(225.75,102.5,47.5));
#7696=CARTESIAN_POINT('',(226.25,106.830127018922,47.5));
#7697=CARTESIAN_POINT('',(226.75,108.995190528383,51.25));
#7698=CARTESIAN_POINT('',(227.25,111.160254037844,55.));
#7699=CARTESIAN_POINT('',(227.75,108.995190528383,58.75));
#7700=CARTESIAN_POINT('',(228.25,106.830127018922,62.5));
#7701=CARTESIAN_POINT('',(228.75,102.5,62.5));
#7702=CARTESIAN_POINT('',(229.25,98.169872981078,62.5));
#7703=CARTESIAN_POINT('',(229.75,96.004809471617,58.75));
#7704=CARTESIAN_POINT('',(230.25,93.839745962156,55.));
#7705=CARTESIAN_POINT('',(230.75,96.004809471617,51.25));
#7706=CARTESIAN_POINT('',(231.25,98.169872981078,47.5));
#7707=CARTESIAN_POINT('',(231.75,102.5,47.5));
#7708=CARTESIAN_POINT('',(232.25,106.830127018922,47.5));
#7709=CARTESIAN_POINT('',(232.75,108.995190528383,51.25));
#7710=CARTESIAN_POINT('',(233.25,111.160254037844,55.));
#7711=CARTESIAN_POINT('',(233.75,108.995190528383,58.75));
#7712=CARTESIAN_POINT('',(234.25,106.830127018922,62.5));
#7713=CARTESIAN_POINT('',(234.75,102.5,62.5));
#7714=CARTESIAN_POINT('',(235.25,98.169872981078,62.5));
#7715=CARTESIAN_POINT('',(235.75,96.004809471617,58.75));
#7716=CARTESIAN_POINT('',(236.25,93.839745962156,55.));
#7717=CARTESIAN_POINT('',(236.75,96.004809471617,51.25));
#7718=CARTESIAN_POINT('',(237.25,98.169872981078,47.5));
#7719=CARTESIAN_POINT('',(237.75,102.5,47.5));
#7720=CARTESIAN_POINT('',(238.25,106.830127018922,47.5));
#7721=CARTESIAN_POINT('',(238.75,108.995190528383,51.25));
#7722=CARTESIAN_POINT('',(239.25,111.160254037844,55.));
#7723=CARTESIAN_POINT('',(239.75,108.995190528383,58.75));
#7724=CARTESIAN_POINT('',(240.25,106.830127018922,62.5));
#7725=CARTESIAN_POINT('',(240.75,102.5,62.5));
#7726=CARTESIAN_POINT('',(241.25,98.169872981078,62.5));
#7727=CARTESIAN_POINT('',(241.75,96.004809471617,58.75));
#7728=CARTESIAN_POINT('',(242.25,93.839745962156,55.));
#7729=CARTESIAN_POINT('',(242.75,96.004809471617,51.25));
#7730=CARTESIAN_POINT('',(243.25,98.169872981078,47.5));
#7731=CARTESIAN_POINT('',(243.75,102.5,47.5));
#7732=CARTESIAN_POINT('',(244.25,106.830127018922,47.5));
#7733=CARTESIAN_POINT('',(244.75,108.995190528383,51.25));
#7734=CARTESIAN_POINT('',(245.25,111.160254037844,55.));
#7735=CARTESIAN_POINT('',(245.75,108.995190528383,58.75));
#7736=CARTESIAN_POINT('',(246.25,106.830127018922,62.5));
#7737=CARTESIAN_POINT('',(246.75,102.5,62.5));
#7738=CARTESIAN_POINT('',(247.25,98.169872981078,62.5));
#7739=CARTESIAN_POINT('',(247.75,96.004809471617,58.75));
#7740=CARTESIAN_POINT('',(248.25,93.839745962156,55.));
#7741=CARTESIAN_POINT('',(248.75,96.004809471617,51.25));
#7742=CARTESIAN_POINT('',(249.25,98.169872981078,47.5));
#7743=CARTESIAN_POINT('',(249.75,102.5,47.5));
#7744=CARTESIAN_POINT('',(250.25,106.830127018922,47.5));
#7745=CARTESIAN_POINT('',(250.75,108.995190528383,51.25));
#7746=CARTESIAN_POINT('',(251.25,111.160254037844,55.));
#7747=CARTESIAN_POINT('',(251.75,108.995190528383,58.75));
#7748=CARTESIAN_POINT('',(252.25,106.830127018922,62.5));
#7749=CARTESIAN_POINT('',(252.75,102.5,62.5));
#7750=CARTESIAN_POINT('',(253.25,98.169872981078,62.5));
#7751=CARTESIAN_POINT('',(253.75,96.004809471617,58.75));
#7752=CARTESIAN_POINT('',(254.25,93.839745962156,55.));
#7753=CARTESIAN_POINT('',(254.75,96.004809471617,51.25));
#7754=CARTESIAN_POINT('',(255.25,98.169872981078,47.5));
#7755=CARTESIAN_POINT('',(255.75,102.5,47.5));
#7756=CARTESIAN_POINT('',(256.25,106.830127018922,47.5));
#7757=CARTESIAN_POINT('',(256.75,108.995190528383,51.25));
#7758=CARTESIAN_POINT('',(257.25,111.160254037844,55.));
#7759=CARTESIAN_POINT('',(257.75,108.995190528383,58.75));
#7760=CARTESIAN_POINT('',(258.25,106.830127018922,62.5));
#7761=CARTESIAN_POINT('',(258.75,102.5,62.5));
#7762=CARTESIAN_POINT('',(259.25,98.169872981078,62.5));
#7763=CARTESIAN_POINT('',(259.75,96.004809471617,58.75));
#7764=CARTESIAN_POINT('',(260.25,93.839745962156,55.));
#7765=CARTESIAN_POINT('',(260.75,96.004809471617,51.25));
#7766=CARTESIAN_POINT('',(261.25,98.169872981078,47.5));
#7767=CARTESIAN_POINT('',(261.75,102.5,47.5));
#7768=CARTESIAN_POINT('',(262.25,106.830127018922,47.5));
#7769=CARTESIAN_POINT('',(262.75,108.995190528383,51.25));
#7770=CARTESIAN_POINT('',(263.25,111.160254037844,55.));
#7771=CARTESIAN_POINT('',(263.75,108.995190528383,58.75));
#7772=CARTESIAN_POINT('',(264.25,106.830127018922,62.5));
#7773=CARTESIAN_POINT('',(264.75,102.5,62.5));
#7774=CARTESIAN_POINT('',(265.25,98.169872981078,62.5));
#7775=CARTESIAN_POINT('',(265.75,96.004809471617,58.75));
#7776=CARTESIAN_POINT('',(266.25,93.839745962156,55.));
#7777=CARTESIAN_POINT('',(266.75,96.004809471617,51.25));
#7778=CARTESIAN_POINT('',(267.25,98.169872981078,47.5));
#7779=CARTESIAN_POINT('',(267.75,102.5,47.5));
#7780=CARTESIAN_POINT('',(268.25,106.830127018922,47.5));
#7781=CARTESIAN_POINT('',(268.75,108.995190528383,51.25));
#7782=CARTESIAN_POINT('',(269.25,111.160254037844,55.));
#7783=CARTESIAN_POINT('',(269.75,108.995190528383,58.75));
#7784=CARTESIAN_POINT('',(270.25,106.830127018922,62.5));
#7785=CARTESIAN_POINT('',(270.75,102.5,62.5));
#7786=CARTESIAN_POINT('',(271.25,98.169872981078,62.5));
#7787=CARTESIAN_POINT('',(271.75,96.004809471617,58.75));
#7788=CARTESIAN_POINT('',(272.25,93.839745962156,55.));
#7789=CARTESIAN_POINT('',(272.75,96.004809471617,51.25));
#7790=CARTESIAN_POINT('',(273.25,98.169872981078,47.5));
#7791=CARTESIAN_POINT('',(273.75,102.5,47.5));
#7792=CARTESIAN_POINT('',(274.25,106.830127018922,47.5));
#7793=CARTESIAN_POINT('',(274.75,108.995190528383,51.25));
#7794=CARTESIAN_POINT('',(275.25,111.160254037844,55.));
#7795=CARTESIAN_POINT('',(275.75,108.995190528383,58.75));
#7796=CARTESIAN_POINT('',(276.25,106.830127018922,62.5));
#7797=CARTESIAN_POINT('',(276.75,102.5,62.5));
#7798=CARTESIAN_POINT('',(277.25,98.169872981078,62.5));
#7799=CARTESIAN_POINT('',(277.75,96.004809471617,58.75));
#7800=CARTESIAN_POINT('',(278.25,93.839745962156,55.));
#7801=CARTESIAN_POINT('',(278.75,96.004809471617,51.25));
#7802=CARTESIAN_POINT('',(279.25,98.169872981078,47.5));
#7803=CARTESIAN_POINT('',(279.75,102.5,47.5));
#7804=CARTESIAN_POINT('',(81.75,102.5,50.));
#7805=CARTESIAN_POINT('',(82.25,105.386751345948,50.));
#7806=CARTESIAN_POINT('',(82.75,106.830127018922,52.5));
#7807=CARTESIAN_POINT('',(83.25,108.273502691896,55.));
#7808=CARTESIAN_POINT('',(83.75,106.830127018922,57.5));
#7809=CARTESIAN_POINT('',(84.25,105.386751345948,60.));
#7810=CARTESIAN_POINT('',(84.75,102.5,60.));
#7811=CARTESIAN_POINT('',(85.25,99.613248654052,60.));
#7812=CARTESIAN_POINT('',(85.75,98.169872981078,57.5));
#7813=CARTESIAN_POINT('',(86.25,96.726497308104,55.));
#7814=CARTESIAN_POINT('',(86.75,98.169872981078,52.5));
#7815=CARTESIAN_POINT('',(87.25,99.613248654052,50.));
#7816=CARTESIAN_POINT('',(87.75,102.5,50.));
#7817=CARTESIAN_POINT('',(88.25,105.386751345948,50.));
#7818=CARTESIAN_POINT('',(88.75,106.830127018922,52.5));
#7819=CARTESIAN_POINT('',(89.25,108.273502691896,55.));
#7820=CARTESIAN_POINT('',(89.75,106.830127018922,57.5));
#7821=CARTESIAN_POINT('',(90.25,105.386751345948,60.));
#7822=CARTESIAN_POINT('',(90.75,102.5,60.));
#7823=CARTESIAN_POINT('',(91.25,99.613248654052,60.));
#7824=CARTESIAN_POINT('',(91.75,98.169872981078,57.5));
#7825=CARTESIAN_POINT('',(92.25,96.726497308104,55.));
#7826=CARTESIAN_POINT('',(92.75,98.169872981078,52.5));
#7827=CARTESIAN_POINT('',(93.25,99.613248654052,50.));
#7828=CARTESIAN_POINT('',(93.75,102.5,50.));
#7829=CARTESIAN_POINT('',(94.25,105.386751345948,50.));
#7830=CARTESIAN_POINT('',(94.75,106.830127018922,52.5));
#7831=CARTESIAN_POINT('',(95.25,108.273502691896,55.));
#7832=CARTESIAN_POINT('',(95.75,106.830127018922,57.5));
#7833=CARTESIAN_POINT('',(96.25,105.386751345948,60.));
#7834=CARTESIAN_POINT('',(96.75,102.5,60.));
#7835=CARTESIAN_POINT('',(97.25,99.613248654052,60.));
#7836=CARTESIAN_POINT('',(97.75,98.169872981078,57.5));
#7837=CARTESIAN_POINT('',(98.25,96.726497308104,55.));
#7838=CARTESIAN_POINT('',(98.75,98.169872981078,52.5));
#7839=CARTESIAN_POINT('',(99.25,99.613248654052,50.));
#7840=CARTESIAN_POINT('',(99.75,102.5,50.));
#7841=CARTESIAN_POINT('',(100.25,105.386751345948,50.));
#7842=CARTESIAN_POINT('',(100.75,106.830127018922,52.5));
#7843=CARTESIAN_POINT('',(101.25,108.273502691896,55.));
#7844=CARTESIAN_POINT('',(101.75,106.830127018922,57.5));
#7845=CARTESIAN_POINT('',(102.25,105.386751345948,60.));
#7846=CARTESIAN_POINT('',(102.75,102.5,60.));
#7847=CARTESIAN_POINT('',(103.25,99.613248654052,60.));
#7848=CARTESIAN_POINT('',(103.75,98.169872981078,57.5));
#7849=CARTESIAN_POINT('',(104.25,96.726497308104,55.));
#7850=CARTESIAN_POINT('',(104.75,98.169872981078,52.5));
#7851=CARTESIAN_POINT('',(105.25,99.613248654052,50.));
#7852=CARTESIAN_POINT('',(105.75,102.5,50.));
#7853=CARTESIAN_POINT('',(106.25,105.386751345948,50.));
#7854=CARTESIAN_POINT('',(106.75,106.830127018922,52.5));
#7855=CARTESIAN_POINT('',(107.25,108.273502691896,55.));
#7856=CARTESIAN_POINT('',(107.75,106.830127018922,57.5));
#7857=CARTESIAN_POINT('',(108.25,105.386751345948,60.));
#7858=CARTESIAN_POINT('',(108.75,102.5,60.));
#7859=CARTESIAN_POINT('',(109.25,99.613248654052,60.));
#7860=CARTESIAN_POINT('',(109.75,98.169872981078,57.5));
#7861=CARTESIAN_POINT('',(110.25,96.726497308104,55.));
#7862=CARTESIAN_POINT('',(110.75,98.169872981078,52.5));
#7863=CARTESIAN_POINT('',(111.25,99.613248654052,50.));
#7864=CARTESIAN_POINT('',(111.75,102.5,50.));
#7865=CARTESIAN_POINT('',(112.25,105.386751345948,50.));
#7866=CARTESIAN_POINT('',(112.75,106.830127018922,52.5));
#7867=CARTESIAN_POINT('',(113.25,108.273502691896,55.));
#7868=CARTESIAN_POINT('',(113.75,106.830127018922,57.5));
#7869=CARTESIAN_POINT('',(114.25,105.386751345948,60.));
#7870=CARTESIAN_POINT('',(114.75,102.5,60.));
#7871=CARTESIAN_POINT('',(115.25,99.613248654052,60.));
#7872=CARTESIAN_POINT('',(115.75,98.169872981078,57.5));
#7873=CARTESIAN_POINT('',(116.25,96.726497308104,55.));
#7874=CARTESIAN_POINT('',(116.75,98.169872981078,52.5));
#7875=CARTESIAN_POINT('',(117.25,99.613248654052,50.));
#7876=CARTESIAN_POINT('',(117.75,102.5,50.));
#7877=CARTESIAN_POINT('',(118.25,105.386751345948,50.));
#7878=CARTESIAN_POINT('',(118.75,106.830127018922,52.5));
#7879=CARTESIAN_POINT('',(119.25,108.273502691896,55.));
#7880=CARTESIAN_POINT('',(119.75,106.830127018922,57.5));
#7881=CARTESIAN_POINT('',(120.25,105.386751345948,60.));
#7882=CARTESIAN_POINT('',(120.75,102.5,60.));
#7883=CARTESIAN_POINT('',(121.25,99.613248654052,60.));
#7884=CARTESIAN_POINT('',(121.75,98.169872981078,57.5));
#7885=CARTESIAN_POINT('',(122.25,96.726497308104,55.));
#7886=CARTESIAN_POINT('',(122.75,98.169872981078,52.5));
#7887=CARTESIAN_POINT('',(123.25,99.613248654052,50.));
#7888=CARTESIAN_POINT('',(123.75,102.5,50.));
#7889=CARTESIAN_POINT('',(124.25,105.386751345948,50.));
#7890=CARTESIAN_POINT('',(124.75,106.830127018922,52.5));
#7891=CARTESIAN_POINT('',(125.25,108.273502691896,55.));
#7892=CARTESIAN_POINT('',(125.75,106.830127018922,57.5));
#7893=CARTESIAN_POINT('',(126.25,105.386751345948,60.));
#7894=CARTESIAN_POINT('',(126.75,102.5,60.));
#7895=CARTESIAN_POINT('',(127.25,99.613248654052,60.));
#7896=CARTESIAN_POINT('',(127.75,98.169872981078,57.5));
#7897=CARTESIAN_POINT('',(128.25,96.726497308104,55.));
#7898=CARTESIAN_POINT('',(128.75,98.169872981078,52.5));
#7899=CARTESIAN_POINT('',(129.25,99.613248654052,50.));
#7900=CARTESIAN_POINT('',(129.75,102.5,50.));
#7901=CARTESIAN_POINT('',(130.25,105.386751345948,50.));
#7902=CARTESIAN_POINT('',(130.75,106.830127018922,52.5));
#7903=CARTESIAN_POINT('',(131.25,108.273502691896,55.));
#7904=CARTESIAN_POINT('',(131.75,106.830127018922,57.5));
#7905=CARTESIAN_POINT('',(132.25,105.386751345948,60.));
#7906=CARTESIAN_POINT('',(132.75,102.5,60.));
#7907=CARTESIAN_POINT('',(133.25,99.613248654052,60.));
#7908=CARTESIAN_POINT('',(133.75,98.169872981078,57.5));
#7909=CARTESIAN_POINT('',(134.25,96.726497308104,55.));
#7910=CARTESIAN_POINT('',(134.75,98.169872981078,52.5));
#7911=CARTESIAN_POINT('',(135.25,99.613248654052,50.));
#7912=CARTESIAN_POINT('',(135.75,102.5,50.));
#7913=CARTESIAN_POINT('',(136.25,105.386751345948,50.));
#7914=CARTESIAN_POINT('',(136.75,106.830127018922,52.5));
#7915=CARTESIAN_POINT('',(137.25,108.273502691896,55.));
#7916=CARTESIAN_POINT('',(137.75,106.830127018922,57.5));
#7917=CARTESIAN_POINT('',(138.25,105.386751345948,60.));
#7918=CARTESIAN_POINT('',(138.75,102.5,60.));
#7919=CARTESIAN_POINT('',(139.25,99.613248654052,60.));
#7920=CARTESIAN_POINT('',(139.75,98.169872981078,57.5));
#7921=CARTESIAN_POINT('',(140.25,96.726497308104,55.));
#7922=CARTESIAN_POINT('',(140.75,98.169872981078,52.5));
#7923=CARTESIAN_POINT('',(141.25,99.613248654052,50.));
#7924=CARTESIAN_POINT('',(141.75,102.5,50.));
#7925=CARTESIAN_POINT('',(142.25,105.386751345948,50.));
#7926=CARTESIAN_POINT('',(142.75,106.830127018922,52.5));
#7927=CARTESIAN_POINT('',(143.25,108.273502691896,55.));
#7928=CARTESIAN_POINT('',(143.75,106.830127018922,57.5));
#7929=CARTESIAN_POINT('',(144.25,105.386751345948,60.));
#7930=CARTESIAN_POINT('',(144.75,102.5,60.));
#7931=CARTESIAN_POINT('',(145.25,99.613248654052,60.));
#7932=CARTESIAN_POINT('',(145.75,98.169872981078,57.5));
#7933=CARTESIAN_POINT('',(146.25,96.726497308104,55.));
#7934=CARTESIAN_POINT('',(146.75,98.169872981078,52.5));
#7935=CARTESIAN_POINT('',(147.25,99.613248654052,50.));
#7936=CARTESIAN_POINT('',(147.75,102.5,50.));
#7937=CARTESIAN_POINT('',(148.25,105.386751345948,50.));
#7938=CARTESIAN_POINT('',(148.75,106.830127018922,52.5));
#7939=CARTESIAN_POINT('',(149.25,108.273502691896,55.));
#7940=CARTESIAN_POINT('',(149.75,106.830127018922,57.5));
#7941=CARTESIAN_POINT('',(150.25,105.386751345948,60.));
#7942=CARTESIAN_POINT('',(150.75,102.5,60.));
#7943=CARTESIAN_POINT('',(151.25,99.613248654052,60.));
#7944=CARTESIAN_POINT('',(151.75,98.169872981078,57.5));
#7945=CARTESIAN_POINT('',(152.25,96.726497308104,55.));
#7946=CARTESIAN_POINT('',(152.75,98.169872981078,52.5));
#7947=CARTESIAN_POINT('',(153.25,99.613248654052,50.));
#7948=CARTESIAN_POINT('',(153.75,102.5,50.));
#7949=CARTESIAN_POINT('',(154.25,105.386751345948,50.));
#7950=CARTESIAN_POINT('',(154.75,106.830127018922,52.5));
#7951=CARTESIAN_POINT('',(155.25,108.273502691896,55.));
#7952=CARTESIAN_POINT('',(155.75,106.830127018922,57.5));
#7953=CARTESIAN_POINT('',(156.25,105.386751345948,60.));
#7954=CARTESIAN_POINT('',(156.75,102.5,60.));
#7955=CARTESIAN_POINT('',(157.25,99.613248654052,60.));
#7956=CARTESIAN_POINT('',(157.75,98.169872981078,57.5));
#7957=CARTESIAN_POINT('',(158.25,96.726497308104,55.));
#7958=CARTESIAN_POINT('',(158.75,98.169872981078,52.5));
#7959=CARTESIAN_POINT('',(159.25,99.613248654052,50.));
#7960=CARTESIAN_POINT('',(159.75,102.5,50.));
#7961=CARTESIAN_POINT('',(160.25,105.386751345948,50.));
#7962=CARTESIAN_POINT('',(160.75,106.830127018922,52.5));
#7963=CARTESIAN_POINT('',(161.25,108.273502691896,55.));
#7964=CARTESIAN_POINT('',(161.75,106.830127018922,57.5));
#7965=CARTESIAN_POINT('',(162.25,105.386751345948,60.));
#7966=CARTESIAN_POINT('',(162.75,102.5,60.));
#7967=CARTESIAN_POINT('',(163.25,99.613248654052,60.));
#7968=CARTESIAN_POINT('',(163.75,98.169872981078,57.5));
#7969=CARTESIAN_POINT('',(164.25,96.726497308104,55.));
#7970=CARTESIAN_POINT('',(164.75,98.169872981078,52.5));
#7971=CARTESIAN_POINT('',(165.25,99.613248654052,50.));
#7972=CARTESIAN_POINT('',(165.75,102.5,50.));
#7973=CARTESIAN_POINT('',(166.25,105.386751345948,50.));
#7974=CARTESIAN_POINT('',(166.75,106.830127018922,52.5));
#7975=CARTESIAN_POINT('',(167.25,108.273502691896,55.));
#7976=CARTESIAN_POINT('',(167.75,106.830127018922,57.5));
#7977=CARTESIAN_POINT('',(168.25,105.386751345948,60.));
#7978=CARTESIAN_POINT('',(168.75,102.5,60.));
#7979=CARTESIAN_POINT('',(169.25,99.613248654052,60.));
#7980=CARTESIAN_POINT('',(169.75,98.169872981078,57.5));
#7981=CARTESIAN_POINT('',(170.25,96.726497308104,55.));
#7982=CARTESIAN_POINT('',(170.75,98.169872981078,52.5));
#7983=CARTESIAN_POINT('',(171.25,99.613248654052,50.));
#7984=CARTESIAN_POINT('',(171.75,102.5,50.));
#7985=CARTESIAN_POINT('',(172.25,105.386751345948,50.));
#7986=CARTESIAN_POINT('',(172.75,106.830127018922,52.5));
#7987=CARTESIAN_POINT('',(173.25,108.273502691896,55.));
#7988=CARTESIAN_POINT('',(173.75,106.830127018922,57.5));
#7989=CARTESIAN_POINT('',(174.25,105.386751345948,60.));
#7990=CARTESIAN_POINT('',(174.75,102.5,60.));
#7991=CARTESIAN_POINT('',(175.25,99.613248654052,60.));
#7992=CARTESIAN_POINT('',(175.75,98.169872981078,57.5));
#7993=CARTESIAN_POINT('',(176.25,96.726497308104,55.));
#7994=CARTESIAN_POINT('',(176.75,98.169872981078,52.5));
#7995=CARTESIAN_POINT('',(177.25,99.613248654052,50.));
#7996=CARTESIAN_POINT('',(177.75,102.5,50.));
#7997=CARTESIAN_POINT('',(178.25,105.386751345948,50.));
#7998=CARTESIAN_POINT('',(178.75,106.830127018922,52.5));
#7999=CARTESIAN_POINT('',(179.25,108.273502691896,55.));
#8000=CARTESIAN_POINT('',(179.75,106.830127018922,57.5));
#8001=CARTESIAN_POINT('',(180.25,105.386751345948,60.));
#8002=CARTESIAN_POINT('',(180.75,102.5,60.));
#8003=CARTESIAN_POINT('',(181.25,99.613248654052,60.));
#8004=CARTESIAN_POINT('',(181.75,98.169872981078,57.5));
#8005=CARTESIAN_POINT('',(182.25,96.726497308104,55.));
#8006=CARTESIAN_POINT('',(182.75,98.169872981078,52.5));
#8007=CARTESIAN_POINT('',(183.25,99.613248654052,50.));
#8008=CARTESIAN_POINT('',(183.75,102.5,50.));
#8009=CARTESIAN_POINT('',(184.25,105.386751345948,50.));
#8010=CARTESIAN_POINT('',(184.75,106.830127018922,52.5));
#8011=CARTESIAN_POINT('',(185.25,108.273502691896,55.));
#8012=CARTESIAN_POINT('',(185.75,106.830127018922,57.5));
#8013=CARTESIAN_POINT('',(186.25,105.386751345948,60.));
#8014=CARTESIAN_POINT('',(186.75,102.5,60.));
#8015=CARTESIAN_POINT('',(187.25,99.613248654052,60.));
#8016=CARTESIAN_POINT('',(187.75,98.169872981078,57.5));
#8017=CARTESIAN_POINT('',(188.25,96.726497308104,55.));
#8018=CARTESIAN_POINT('',(188.75,98.169872981078,52.5));
#8019=CARTESIAN_POINT('',(189.25,99.613248654052,50.));
#8020=CARTESIAN_POINT('',(189.75,102.5,50.));
#8021=CARTESIAN_POINT('',(190.25,105.386751345948,50.));
#8022=CARTESIAN_POINT('',(190.75,106.830127018922,52.5));
#8023=CARTESIAN_POINT('',(191.25,108.273502691896,55.));
#8024=CARTESIAN_POINT('',(191.75,106.830127018922,57.5));
#8025=CARTESIAN_POINT('',(192.25,105.386751345948,60.));
#8026=CARTESIAN_POINT('',(192.75,102.5,60.));
#8027=CARTESIAN_POINT('',(193.25,99.613248654052,60.));
#8028=CARTESIAN_POINT('',(193.75,98.169872981078,57.5));
#8029=CARTESIAN_POINT('',(194.25,96.726497308104,55.));
#8030=CARTESIAN_POINT('',(194.75,98.169872981078,52.5));
#8031=CARTESIAN_POINT('',(195.25,99.613248654052,50.));
#8032=CARTESIAN_POINT('',(195.75,102.5,50.));
#8033=CARTESIAN_POINT('',(196.25,105.386751345948,50.));
#8034=CARTESIAN_POINT('',(196.75,106.830127018922,52.5));
#8035=CARTESIAN_POINT('',(197.25,108.273502691896,55.));
#8036=CARTESIAN_POINT('',(197.75,106.830127018922,57.5));
#8037=CARTESIAN_POINT('',(198.25,105.386751345948,60.));
#8038=CARTESIAN_POINT('',(198.75,102.5,60.));
#8039=CARTESIAN_POINT('',(199.25,99.613248654052,60.));
#8040=CARTESIAN_POINT('',(199.75,98.169872981078,57.5));
#8041=CARTESIAN_POINT('',(200.25,96.726497308104,55.));
#8042=CARTESIAN_POINT('',(200.75,98.169872981078,52.5));
#8043=CARTESIAN_POINT('',(201.25,99.613248654052,50.));
#8044=CARTESIAN_POINT('',(201.75,102.5,50.));
#8045=CARTESIAN_POINT('',(202.25,105.386751345948,50.));
#8046=CARTESIAN_POINT('',(202.75,106.830127018922,52.5));
#8047=CARTESIAN_POINT('',(203.25,108.273502691896,55.));
#8048=CARTESIAN_POINT('',(203.75,106.830127018922,57.5));
#8049=CARTESIAN_POINT('',(204.25,105.386751345948,60.));
#8050=CARTESIAN_POINT('',(204.75,102.5,60.));
#8051=CARTESIAN_POINT('',(205.25,99.613248654052,60.));
#8052=CARTESIAN_POINT('',(205.75,98.169872981078,57.5));
#8053=CARTESIAN_POINT('',(206.25,96.726497308104,55.));
#8054=CARTESIAN_POINT('',(206.75,98.169872981078,52.5));
#8055=CARTESIAN_POINT('',(207.25,99.613248654052,50.));
#8056=CARTESIAN_POINT('',(207.75,102.5,50.));
#8057=CARTESIAN_POINT('',(208.25,105.386751345948,50.));
#8058=CARTESIAN_POINT('',(208.75,106.830127018922,52.5));
#8059=CARTESIAN_POINT('',(209.25,108.273502691896,55.));
#8060=CARTESIAN_POINT('',(209.75,106.830127018922,57.5));
#8061=CARTESIAN_POINT('',(210.25,105.386751345948,60.));
#8062=CARTESIAN_POINT('',(210.75,102.5,60.));
#8063=CARTESIAN_POINT('',(211.25,99.613248654052,60.));
#8064=CARTESIAN_POINT('',(211.75,98.169872981078,57.5));
#8065=CARTESIAN_POINT('',(212.25,96.726497308104,55.));
#8066=CARTESIAN_POINT('',(212.75,98.169872981078,52.5));
#8067=CARTESIAN_POINT('',(213.25,99.613248654052,50.));
#8068=CARTESIAN_POINT('',(213.75,102.5,50.));
#8069=CARTESIAN_POINT('',(214.25,105.386751345948,50.));
#8070=CARTESIAN_POINT('',(214.75,106.830127018922,52.5));
#8071=CARTESIAN_POINT('',(215.25,108.273502691896,55.));
#8072=CARTESIAN_POINT('',(215.75,106.830127018922,57.5));
#8073=CARTESIAN_POINT('',(216.25,105.386751345948,60.));
#8074=CARTESIAN_POINT('',(216.75,102.5,60.));
#8075=CARTESIAN_POINT('',(217.25,99.613248654052,60.));
#8076=CARTESIAN_POINT('',(217.75,98.169872981078,57.5));
#8077=CARTESIAN_POINT('',(218.25,96.726497308104,55.));
#8078=CARTESIAN_POINT('',(218.75,98.169872981078,52.5));
#8079=CARTESIAN_POINT('',(219.25,99.613248654052,50.));
#8080=CARTESIAN_POINT('',(219.75,102.5,50.));
#8081=CARTESIAN_POINT('',(220.25,105.386751345948,50.));
#8082=CARTESIAN_POINT('',(220.75,106.830127018922,52.5));
#8083=CARTESIAN_POINT('',(221.25,108.273502691896,55.));
#8084=CARTESIAN_POINT('',(221.75,106.830127018922,57.5));
#8085=CARTESIAN_POINT('',(222.25,105.386751345948,60.));
#8086=CARTESIAN_POINT('',(222.75,102.5,60.));
#8087=CARTESIAN_POINT('',(223.25,99.613248654052,60.));
#8088=CARTESIAN_POINT('',(223.75,98.169872981078,57.5));
#8089=CARTESIAN_POINT('',(224.25,96.726497308104,55.));
#8090=CARTESIAN_POINT('',(224.75,98.169872981078,52.5));
#8091=CARTESIAN_POINT('',(225.25,99.613248654052,50.));
#8092=CARTESIAN_POINT('',(225.75,102.5,50.));
#8093=CARTESIAN_POINT('',(226.25,105.386751345948,50.));
#8094=CARTESIAN_POINT('',(226.75,106.830127018922,52.5));
#8095=CARTESIAN_POINT('',(227.25,108.273502691896,55.));
#8096=CARTESIAN_POINT('',(227.75,106.830127018922,57.5));
#8097=CARTESIAN_POINT('',(228.25,105.386751345948,60.));
#8098=CARTESIAN_POINT('',(228.75,102.5,60.));
#8099=CARTESIAN_POINT('',(229.25,99.613248654052,60.));
#8100=CARTESIAN_POINT('',(229.75,98.169872981078,57.5));
#8101=CARTESIAN_POINT('',(230.25,96.726497308104,55.));
#8102=CARTESIAN_POINT('',(230.75,98.169872981078,52.5));
#8103=CARTESIAN_POINT('',(231.25,99.613248654052,50.));
#8104=CARTESIAN_POINT('',(231.75,102.5,50.));
#8105=CARTESIAN_POINT('',(232.25,105.386751345948,50.));
#8106=CARTESIAN_POINT('',(232.75,106.830127018922,52.5));
#8107=CARTESIAN_POINT('',(233.25,108.273502691896,55.));
#8108=CARTESIAN_POINT('',(233.75,106.830127018922,57.5));
#8109=CARTESIAN_POINT('',(234.25,105.386751345948,60.));
#8110=CARTESIAN_POINT('',(234.75,102.5,60.));
#8111=CARTESIAN_POINT('',(235.25,99.613248654052,60.));
#8112=CARTESIAN_POINT('',(235.75,98.169872981078,57.5));
#8113=CARTESIAN_POINT('',(236.25,96.726497308104,55.));
#8114=CARTESIAN_POINT('',(236.75,98.169872981078,52.5));
#8115=CARTESIAN_POINT('',(237.25,99.613248654052,50.));
#8116=CARTESIAN_POINT('',(237.75,102.5,50.));
#8117=CARTESIAN_POINT('',(238.25,105.386751345948,50.));
#8118=CARTESIAN_POINT('',(238.75,106.830127018922,52.5));
#8119=CARTESIAN_POINT('',(239.25,108.273502691896,55.));
#8120=CARTESIAN_POINT('',(239.75,106.830127018922,57.5));
#8121=CARTESIAN_POINT('',(240.25,105.386751345948,60.));
#8122=CARTESIAN_POINT('',(240.75,102.5,60.));
#8123=CARTESIAN_POINT('',(241.25,99.613248654052,60.));
#8124=CARTESIAN_POINT('',(241.75,98.169872981078,57.5));
#8125=CARTESIAN_POINT('',(242.25,96.726497308104,55.));
#8126=CARTESIAN_POINT('',(242.75,98.169872981078,52.5));
#8127=CARTESIAN_POINT('',(243.25,99.613248654052,50.));
#8128=CARTESIAN_POINT('',(243.75,102.5,50.));
#8129=CARTESIAN_POINT('',(244.25,105.386751345948,50.));
#8130=CARTESIAN_POINT('',(244.75,106.830127018922,52.5));
#8131=CARTESIAN_POINT('',(245.25,108.273502691896,55.));
#8132=CARTESIAN_POINT('',(245.75,106.830127018922,57.5));
#8133=CARTESIAN_POINT('',(246.25,105.386751345948,60.));
#8134=CARTESIAN_POINT('',(246.75,102.5,60.));
#8135=CARTESIAN_POINT('',(247.25,99.613248654052,60.));
#8136=CARTESIAN_POINT('',(247.75,98.169872981078,57.5));
#8137=CARTESIAN_POINT('',(248.25,96.726497308104,55.));
#8138=CARTESIAN_POINT('',(248.75,98.169872981078,52.5));
#8139=CARTESIAN_POINT('',(249.25,99.613248654052,50.));
#8140=CARTESIAN_POINT('',(249.75,102.5,50.));
#8141=CARTESIAN_POINT('',(250.25,105.386751345948,50.));
#8142=CARTESIAN_POINT('',(250.75,106.830127018922,52.5));
#8143=CARTESIAN_POINT('',(251.25,108.273502691896,55.));
#8144=CARTESIAN_POINT('',(251.75,106.830127018922,57.5));
#8145=CARTESIAN_POINT('',(252.25,105.386751345948,60.));
#8146=CARTESIAN_POINT('',(252.75,102.5,60.));
#8147=CARTESIAN_POINT('',(253.25,99.613248654052,60.));
#8148=CARTESIAN_POINT('',(253.75,98.169872981078,57.5));
#8149=CARTESIAN_POINT('',(254.25,96.726497308104,55.));
#8150=CARTESIAN_POINT('',(254.75,98.169872981078,52.5));
#8151=CARTESIAN_POINT('',(255.25,99.613248654052,50.));
#8152=CARTESIAN_POINT('',(255.75,102.5,50.));
#8153=CARTESIAN_POINT('',(256.25,105.386751345948,50.));
#8154=CARTESIAN_POINT('',(256.75,106.830127018922,52.5));
#8155=CARTESIAN_POINT('',(257.25,108.273502691896,55.));
#8156=CARTESIAN_POINT('',(257.75,106.830127018922,57.5));
#8157=CARTESIAN_POINT('',(258.25,105.386751345948,60.));
#8158=CARTESIAN_POINT('',(258.75,102.5,60.));
#8159=CARTESIAN_POINT('',(259.25,99.613248654052,60.));
#8160=CARTESIAN_POINT('',(259.75,98.169872981078,57.5));
#8161=CARTESIAN_POINT('',(260.25,96.726497308104,55.));
#8162=CARTESIAN_POINT('',(260.75,98.169872981078,52.5));
#8163=CARTESIAN_POINT('',(261.25,99.613248654052,50.));
#8164=CARTESIAN_POINT('',(261.75,102.5,50.));
#8165=CARTESIAN_POINT('',(262.25,105.386751345948,50.));
#8166=CARTESIAN_POINT('',(262.75,106.830127018922,52.5));
#8167=CARTESIAN_POINT('',(263.25,108.273502691896,55.));
#8168=CARTESIAN_POINT('',(263.75,106.830127018922,57.5));
#8169=CARTESIAN_POINT('',(264.25,105.386751345948,60.));
#8170=CARTESIAN_POINT('',(264.75,102.5,60.));
#8171=CARTESIAN_POINT('',(265.25,99.613248654052,60.));
#8172=CARTESIAN_POINT('',(265.75,98.169872981078,57.5));
#8173=CARTESIAN_POINT('',(266.25,96.726497308104,55.));
#8174=CARTESIAN_POINT('',(266.75,98.169872981078,52.5));
#8175=CARTESIAN_POINT('',(267.25,99.613248654052,50.));
#8176=CARTESIAN_POINT('',(267.75,102.5,50.));
#8177=CARTESIAN_POINT('',(268.25,105.386751345948,50.));
#8178=CARTESIAN_POINT('',(268.75,106.830127018922,52.5));
#8179=CARTESIAN_POINT('',(269.25,108.273502691896,55.));
#8180=CARTESIAN_POINT('',(269.75,106.830127018922,57.5));
#8181=CARTESIAN_POINT('',(270.25,105.386751345948,60.));
#8182=CARTESIAN_POINT('',(270.75,102.5,60.));
#8183=CARTESIAN_POINT('',(271.25,99.613248654052,60.));
#8184=CARTESIAN_POINT('',(271.75,98.169872981078,57.5));
#8185=CARTESIAN_POINT('',(272.25,96.726497308104,55.));
#8186=CARTESIAN_POINT('',(272.75,98.169872981078,52.5));
#8187=CARTESIAN_POINT('',(273.25,99.613248654052,50.));
#8188=CARTESIAN_POINT('',(273.75,102.5,50.));
#8189=CARTESIAN_POINT('',(274.25,105.386751345948,50.));
#8190=CARTESIAN_POINT('',(274.75,106.830127018922,52.5));
#8191=CARTESIAN_POINT('',(275.25,108.273502691896,55.));
#8192=CARTESIAN_POINT('',(275.75,106.830127018922,57.5));
#8193=CARTESIAN_POINT('',(276.25,105.386751345948,60.));
#8194=CARTESIAN_POINT('',(276.75,102.5,60.));
#8195=CARTESIAN_POINT('',(277.25,99.613248654052,60.));
#8196=CARTESIAN_POINT('',(277.75,98.169872981078,57.5));
#8197=CARTESIAN_POINT('',(278.25,96.726497308104,55.));
#8198=CARTESIAN_POINT('',(278.75,98.169872981078,52.5));
#8199=CARTESIAN_POINT('',(279.25,99.613248654052,50.));
#8200=CARTESIAN_POINT('',(279.75,102.5,50.));
#8201=CARTESIAN_POINT('',(81.75,102.5,52.5));
#8202=CARTESIAN_POINT('',(82.25,103.943375672974,52.5));
#8203=CARTESIAN_POINT('',(82.75,104.665063509461,53.75));
#8204=CARTESIAN_POINT('',(83.25,105.386751345948,55.));
#8205=CARTESIAN_POINT('',(83.75,104.665063509461,56.25));
#8206=CARTESIAN_POINT('',(84.25,103.943375672974,57.5));
#8207=CARTESIAN_POINT('',(84.75,102.5,57.5));
#8208=CARTESIAN_POINT('',(85.25,101.056624327026,57.5));
#8209=CARTESIAN_POINT('',(85.75,100.334936490539,56.25));
#8210=CARTESIAN_POINT('',(86.25,99.613248654052,55.));
#8211=CARTESIAN_POINT('',(86.75,100.334936490539,53.75));
#8212=CARTESIAN_POINT('',(87.25,101.056624327026,52.5));
#8213=CARTESIAN_POINT('',(87.75,102.5,52.5));
#8214=CARTESIAN_POINT('',(88.25,103.943375672974,52.5));
#8215=CARTESIAN_POINT('',(88.75,104.665063509461,53.75));
#8216=CARTESIAN_POINT('',(89.25,105.386751345948,55.));
#8217=CARTESIAN_POINT('',(89.75,104.665063509461,56.25));
#8218=CARTESIAN_POINT('',(90.25,103.943375672974,57.5));
#8219=CARTESIAN_POINT('',(90.75,102.5,57.5));
#8220=CARTESIAN_POINT('',(91.25,101.056624327026,57.5));
#8221=CARTESIAN_POINT('',(91.75,100.334936490539,56.25));
#8222=CARTESIAN_POINT('',(92.25,99.613248654052,55.));
#8223=CARTESIAN_POINT('',(92.75,100.334936490539,53.75));
#8224=CARTESIAN_POINT('',(93.25,101.056624327026,52.5));
#8225=CARTESIAN_POINT('',(93.75,102.5,52.5));
#8226=CARTESIAN_POINT('',(94.25,103.943375672974,52.5));
#8227=CARTESIAN_POINT('',(94.75,104.665063509461,53.75));
#8228=CARTESIAN_POINT('',(95.25,105.386751345948,55.));
#8229=CARTESIAN_POINT('',(95.75,104.665063509461,56.25));
#8230=CARTESIAN_POINT('',(96.25,103.943375672974,57.5));
#8231=CARTESIAN_POINT('',(96.75,102.5,57.5));
#8232=CARTESIAN_POINT('',(97.25,101.056624327026,57.5));
#8233=CARTESIAN_POINT('',(97.75,100.334936490539,56.25));
#8234=CARTESIAN_POINT('',(98.25,99.613248654052,55.));
#8235=CARTESIAN_POINT('',(98.75,100.334936490539,53.75));
#8236=CARTESIAN_POINT('',(99.25,101.056624327026,52.5));
#8237=CARTESIAN_POINT('',(99.75,102.5,52.5));
#8238=CARTESIAN_POINT('',(100.25,103.943375672974,52.5));
#8239=CARTESIAN_POINT('',(100.75,104.665063509461,53.75));
#8240=CARTESIAN_POINT('',(101.25,105.386751345948,55.));
#8241=CARTESIAN_POINT('',(101.75,104.665063509461,56.25));
#8242=CARTESIAN_POINT('',(102.25,103.943375672974,57.5));
#8243=CARTESIAN_POINT('',(102.75,102.5,57.5));
#8244=CARTESIAN_POINT('',(103.25,101.056624327026,57.5));
#8245=CARTESIAN_POINT('',(103.75,100.334936490539,56.25));
#8246=CARTESIAN_POINT('',(104.25,99.613248654052,55.));
#8247=CARTESIAN_POINT('',(104.75,100.334936490539,53.75));
#8248=CARTESIAN_POINT('',(105.25,101.056624327026,52.5));
#8249=CARTESIAN_POINT('',(105.75,102.5,52.5));
#8250=CARTESIAN_POINT('',(106.25,103.943375672974,52.5));
#8251=CARTESIAN_POINT('',(106.75,104.665063509461,53.75));
#8252=CARTESIAN_POINT('',(107.25,105.386751345948,55.));
#8253=CARTESIAN_POINT('',(107.75,104.665063509461,56.25));
#8254=CARTESIAN_POINT('',(108.25,103.943375672974,57.5));
#8255=CARTESIAN_POINT('',(108.75,102.5,57.5));
#8256=CARTESIAN_POINT('',(109.25,101.056624327026,57.5));
#8257=CARTESIAN_POINT('',(109.75,100.334936490539,56.25));
#8258=CARTESIAN_POINT('',(110.25,99.613248654052,55.));
#8259=CARTESIAN_POINT('',(110.75,100.334936490539,53.75));
#8260=CARTESIAN_POINT('',(111.25,101.056624327026,52.5));
#8261=CARTESIAN_POINT('',(111.75,102.5,52.5));
#8262=CARTESIAN_POINT('',(112.25,103.943375672974,52.5));
#8263=CARTESIAN_POINT('',(112.75,104.665063509461,53.75));
#8264=CARTESIAN_POINT('',(113.25,105.386751345948,55.));
#8265=CARTESIAN_POINT('',(113.75,104.665063509461,56.25));
#8266=CARTESIAN_POINT('',(114.25,103.943375672974,57.5));
#8267=CARTESIAN_POINT('',(114.75,102.5,57.5));
#8268=CARTESIAN_POINT('',(115.25,101.056624327026,57.5));
#8269=CARTESIAN_POINT('',(115.75,100.334936490539,56.25));
#8270=CARTESIAN_POINT('',(116.25,99.613248654052,55.));
#8271=CARTESIAN_POINT('',(116.75,100.334936490539,53.75));
#8272=CARTESIAN_POINT('',(117.25,101.056624327026,52.5));
#8273=CARTESIAN_POINT('',(117.75,102.5,52.5));
#8274=CARTESIAN_POINT('',(118.25,103.943375672974,52.5));
#8275=CARTESIAN_POINT('',(118.75,104.665063509461,53.75));
#8276=CARTESIAN_POINT('',(119.25,105.386751345948,55.));
#8277=CARTESIAN_POINT('',(119.75,104.665063509461,56.25));
#8278=CARTESIAN_POINT('',(120.25,103.943375672974,57.5));
#8279=CARTESIAN_POINT('',(120.75,102.5,57.5));
#8280=CARTESIAN_POINT('',(121.25,101.056624327026,57.5));
#8281=CARTESIAN_POINT('',(121.75,100.334936490539,56.25));
#8282=CARTESIAN_POINT('',(122.25,99.613248654052,55.));
#8283=CARTESIAN_POINT('',(122.75,100.334936490539,53.75));
#8284=CARTESIAN_POINT('',(123.25,101.056624327026,52.5));
#8285=CARTESIAN_POINT('',(123.75,102.5,52.5));
#8286=CARTESIAN_POINT('',(124.25,103.943375672974,52.5));
#8287=CARTESIAN_POINT('',(124.75,104.665063509461,53.75));
#8288=CARTESIAN_POINT('',(125.25,105.386751345948,55.));
#8289=CARTESIAN_POINT('',(125.75,104.665063509461,56.25));
#8290=CARTESIAN_POINT('',(126.25,103.943375672974,57.5));
#8291=CARTESIAN_POINT('',(126.75,102.5,57.5));
#8292=CARTESIAN_POINT('',(127.25,101.056624327026,57.5));
#8293=CARTESIAN_POINT('',(127.75,100.334936490539,56.25));
#8294=CARTESIAN_POINT('',(128.25,99.613248654052,55.));
#8295=CARTESIAN_POINT('',(128.75,100.334936490539,53.75));
#8296=CARTESIAN_POINT('',(129.25,101.056624327026,52.5));
#8297=CARTESIAN_POINT('',(129.75,102.5,52.5));
#8298=CARTESIAN_POINT('',(130.25,103.943375672974,52.5));
#8299=CARTESIAN_POINT('',(130.75,104.665063509461,53.75));
#8300=CARTESIAN_POINT('',(131.25,105.386751345948,55.));
#8301=CARTESIAN_POINT('',(131.75,104.665063509461,56.25));
#8302=CARTESIAN_POINT('',(132.25,103.943375672974,57.5));
#8303=CARTESIAN_POINT('',(132.75,102.5,57.5));
#8304=CARTESIAN_POINT('',(133.25,101.056624327026,57.5));
#8305=CARTESIAN_POINT('',(133.75,100.334936490539,56.25));
#8306=CARTESIAN_POINT('',(134.25,99.613248654052,55.));
#8307=CARTESIAN_POINT('',(134.75,100.334936490539,53.75));
#8308=CARTESIAN_POINT('',(135.25,101.056624327026,52.5));
#8309=CARTESIAN_POINT('',(135.75,102.5,52.5));
#8310=CARTESIAN_POINT('',(136.25,103.943375672974,52.5));
#8311=CARTESIAN_POINT('',(136.75,104.665063509461,53.75));
#8312=CARTESIAN_POINT('',(137.25,105.386751345948,55.));
#8313=CARTESIAN_POINT('',(137.75,104.665063509461,56.25));
#8314=CARTESIAN_POINT('',(138.25,103.943375672974,57.5));
#8315=CARTESIAN_POINT('',(138.75,102.5,57.5));
#8316=CARTESIAN_POINT('',(139.25,101.056624327026,57.5));
#8317=CARTESIAN_POINT('',(139.75,100.334936490539,56.25));
#8318=CARTESIAN_POINT('',(140.25,99.613248654052,55.));
#8319=CARTESIAN_POINT('',(140.75,100.334936490539,53.75));
#8320=CARTESIAN_POINT('',(141.25,101.056624327026,52.5));
#8321=CARTESIAN_POINT('',(141.75,102.5,52.5));
#8322=CARTESIAN_POINT('',(142.25,103.943375672974,52.5));
#8323=CARTESIAN_POINT('',(142.75,104.665063509461,53.75));
#8324=CARTESIAN_POINT('',(143.25,105.386751345948,55.));
#8325=CARTESIAN_POINT('',(143.75,104.665063509461,56.25));
#8326=CARTESIAN_POINT('',(144.25,103.943375672974,57.5));
#8327=CARTESIAN_POINT('',(144.75,102.5,57.5));
#8328=CARTESIAN_POINT('',(145.25,101.056624327026,57.5));
#8329=CARTESIAN_POINT('',(145.75,100.334936490539,56.25));
#8330=CARTESIAN_POINT('',(146.25,99.613248654052,55.));
#8331=CARTESIAN_POINT('',(146.75,100.334936490539,53.75));
#8332=CARTESIAN_POINT('',(147.25,101.056624327026,52.5));
#8333=CARTESIAN_POINT('',(147.75,102.5,52.5));
#8334=CARTESIAN_POINT('',(148.25,103.943375672974,52.5));
#8335=CARTESIAN_POINT('',(148.75,104.665063509461,53.75));
#8336=CARTESIAN_POINT('',(149.25,105.386751345948,55.));
#8337=CARTESIAN_POINT('',(149.75,104.665063509461,56.25));
#8338=CARTESIAN_POINT('',(150.25,103.943375672974,57.5));
#8339=CARTESIAN_POINT('',(150.75,102.5,57.5));
#8340=CARTESIAN_POINT('',(151.25,101.056624327026,57.5));
#8341=CARTESIAN_POINT('',(151.75,100.334936490539,56.25));
#8342=CARTESIAN_POINT('',(152.25,99.613248654052,55.));
#8343=CARTESIAN_POINT('',(152.75,100.334936490539,53.75));
#8344=CARTESIAN_POINT('',(153.25,101.056624327026,52.5));
#8345=CARTESIAN_POINT('',(153.75,102.5,52.5));
#8346=CARTESIAN_POINT('',(154.25,103.943375672974,52.5));
#8347=CARTESIAN_POINT('',(154.75,104.665063509461,53.75));
#8348=CARTESIAN_POINT('',(155.25,105.386751345948,55.));
#8349=CARTESIAN_POINT('',(155.75,104.665063509461,56.25));
#8350=CARTESIAN_POINT('',(156.25,103.943375672974,57.5));
#8351=CARTESIAN_POINT('',(156.75,102.5,57.5));
#8352=CARTESIAN_POINT('',(157.25,101.056624327026,57.5));
#8353=CARTESIAN_POINT('',(157.75,100.334936490539,56.25));
#8354=CARTESIAN_POINT('',(158.25,99.613248654052,55.));
#8355=CARTESIAN_POINT('',(158.75,100.334936490539,53.75));
#8356=CARTESIAN_POINT('',(159.25,101.056624327026,52.5));
#8357=CARTESIAN_POINT('',(159.75,102.5,52.5));
#8358=CARTESIAN_POINT('',(160.25,103.943375672974,52.5));
#8359=CARTESIAN_POINT('',(160.75,104.665063509461,53.75));
#8360=CARTESIAN_POINT('',(161.25,105.386751345948,55.));
#8361=CARTESIAN_POINT('',(161.75,104.665063509461,56.25));
#8362=CARTESIAN_POINT('',(162.25,103.943375672974,57.5));
#8363=CARTESIAN_POINT('',(162.75,102.5,57.5));
#8364=CARTESIAN_POINT('',(163.25,101.056624327026,57.5));
#8365=CARTESIAN_POINT('',(163.75,100.334936490539,56.25));
#8366=CARTESIAN_POINT('',(164.25,99.613248654052,55.));
#8367=CARTESIAN_POINT('',(164.75,100.334936490539,53.75));
#8368=CARTESIAN_POINT('',(165.25,101.056624327026,52.5));
#8369=CARTESIAN_POINT('',(165.75,102.5,52.5));
#8370=CARTESIAN_POINT('',(166.25,103.943375672974,52.5));
#8371=CARTESIAN_POINT('',(166.75,104.665063509461,53.75));
#8372=CARTESIAN_POINT('',(167.25,105.386751345948,55.));
#8373=CARTESIAN_POINT('',(167.75,104.665063509461,56.25));
#8374=CARTESIAN_POINT('',(168.25,103.943375672974,57.5));
#8375=CARTESIAN_POINT('',(168.75,102.5,57.5));
#8376=CARTESIAN_POINT('',(169.25,101.056624327026,57.5));
#8377=CARTESIAN_POINT('',(169.75,100.334936490539,56.25));
#8378=CARTESIAN_POINT('',(170.25,99.613248654052,55.));
#8379=CARTESIAN_POINT('',(170.75,100.334936490539,53.75));
#8380=CARTESIAN_POINT('',(171.25,101.056624327026,52.5));
#8381=CARTESIAN_POINT('',(171.75,102.5,52.5));
#8382=CARTESIAN_POINT('',(172.25,103.943375672974,52.5));
#8383=CARTESIAN_POINT('',(172.75,104.665063509461,53.75));
#8384=CARTESIAN_POINT('',(173.25,105.386751345948,55.));
#8385=CARTESIAN_POINT('',(173.75,104.665063509461,56.25));
#8386=CARTESIAN_POINT('',(174.25,103.943375672974,57.5));
#8387=CARTESIAN_POINT('',(174.75,102.5,57.5));
#8388=CARTESIAN_POINT('',(175.25,101.056624327026,57.5));
#8389=CARTESIAN_POINT('',(175.75,100.334936490539,56.25));
#8390=CARTESIAN_POINT('',(176.25,99.613248654052,55.));
#8391=CARTESIAN_POINT('',(176.75,100.334936490539,53.75));
#8392=CARTESIAN_POINT('',(177.25,101.056624327026,52.5));
#8393=CARTESIAN_POINT('',(177.75,102.5,52.5));
#8394=CARTESIAN_POINT('',(178.25,103.943375672974,52.5));
#8395=CARTESIAN_POINT('',(178.75,104.665063509461,53.75));
#8396=CARTESIAN_POINT('',(179.25,105.386751345948,55.));
#8397=CARTESIAN_POINT('',(179.75,104.665063509461,56.25));
#8398=CARTESIAN_POINT('',(180.25,103.943375672974,57.5));
#8399=CARTESIAN_POINT('',(180.75,102.5,57.5));
#8400=CARTESIAN_POINT('',(181.25,101.056624327026,57.5));
#8401=CARTESIAN_POINT('',(181.75,100.334936490539,56.25));
#8402=CARTESIAN_POINT('',(182.25,99.613248654052,55.));
#8403=CARTESIAN_POINT('',(182.75,100.334936490539,53.75));
#8404=CARTESIAN_POINT('',(183.25,101.056624327026,52.5));
#8405=CARTESIAN_POINT('',(183.75,102.5,52.5));
#8406=CARTESIAN_POINT('',(184.25,103.943375672974,52.5));
#8407=CARTESIAN_POINT('',(184.75,104.665063509461,53.75));
#8408=CARTESIAN_POINT('',(185.25,105.386751345948,55.));
#8409=CARTESIAN_POINT('',(185.75,104.665063509461,56.25));
#8410=CARTESIAN_POINT('',(186.25,103.943375672974,57.5));
#8411=CARTESIAN_POINT('',(186.75,102.5,57.5));
#8412=CARTESIAN_POINT('',(187.25,101.056624327026,57.5));
#8413=CARTESIAN_POINT('',(187.75,100.334936490539,56.25));
#8414=CARTESIAN_POINT('',(188.25,99.613248654052,55.));
#8415=CARTESIAN_POINT('',(188.75,100.334936490539,53.75));
#8416=CARTESIAN_POINT('',(189.25,101.056624327026,52.5));
#8417=CARTESIAN_POINT('',(189.75,102.5,52.5));
#8418=CARTESIAN_POINT('',(190.25,103.943375672974,52.5));
#8419=CARTESIAN_POINT('',(190.75,104.665063509461,53.75));
#8420=CARTESIAN_POINT('',(191.25,105.386751345948,55.));
#8421=CARTESIAN_POINT('',(191.75,104.665063509461,56.25));
#8422=CARTESIAN_POINT('',(192.25,103.943375672974,57.5));
#8423=CARTESIAN_POINT('',(192.75,102.5,57.5));
#8424=CARTESIAN_POINT('',(193.25,101.056624327026,57.5));
#8425=CARTESIAN_POINT('',(193.75,100.334936490539,56.25));
#8426=CARTESIAN_POINT('',(194.25,99.613248654052,55.));
#8427=CARTESIAN_POINT('',(194.75,100.334936490539,53.75));
#8428=CARTESIAN_POINT('',(195.25,101.056624327026,52.5));
#8429=CARTESIAN_POINT('',(195.75,102.5,52.5));
#8430=CARTESIAN_POINT('',(196.25,103.943375672974,52.5));
#8431=CARTESIAN_POINT('',(196.75,104.665063509461,53.75));
#8432=CARTESIAN_POINT('',(197.25,105.386751345948,55.));
#8433=CARTESIAN_POINT('',(197.75,104.665063509461,56.25));
#8434=CARTESIAN_POINT('',(198.25,103.943375672974,57.5));
#8435=CARTESIAN_POINT('',(198.75,102.5,57.5));
#8436=CARTESIAN_POINT('',(199.25,101.056624327026,57.5));
#8437=CARTESIAN_POINT('',(199.75,100.334936490539,56.25));
#8438=CARTESIAN_POINT('',(200.25,99.613248654052,55.));
#8439=CARTESIAN_POINT('',(200.75,100.334936490539,53.75));
#8440=CARTESIAN_POINT('',(201.25,101.056624327026,52.5));
#8441=CARTESIAN_POINT('',(201.75,102.5,52.5));
#8442=CARTESIAN_POINT('',(202.25,103.943375672974,52.5));
#8443=CARTESIAN_POINT('',(202.75,104.665063509461,53.75));
#8444=CARTESIAN_POINT('',(203.25,105.386751345948,55.));
#8445=CARTESIAN_POINT('',(203.75,104.665063509461,56.25));
#8446=CARTESIAN_POINT('',(204.25,103.943375672974,57.5));
#8447=CARTESIAN_POINT('',(204.75,102.5,57.5));
#8448=CARTESIAN_POINT('',(205.25,101.056624327026,57.5));
#8449=CARTESIAN_POINT('',(205.75,100.334936490539,56.25));
#8450=CARTESIAN_POINT('',(206.25,99.613248654052,55.));
#8451=CARTESIAN_POINT('',(206.75,100.334936490539,53.75));
#8452=CARTESIAN_POINT('',(207.25,101.056624327026,52.5));
#8453=CARTESIAN_POINT('',(207.75,102.5,52.5));
#8454=CARTESIAN_POINT('',(208.25,103.943375672974,52.5));
#8455=CARTESIAN_POINT('',(208.75,104.665063509461,53.75));
#8456=CARTESIAN_POINT('',(209.25,105.386751345948,55.));
#8457=CARTESIAN_POINT('',(209.75,104.665063509461,56.25));
#8458=CARTESIAN_POINT('',(210.25,103.943375672974,57.5));
#8459=CARTESIAN_POINT('',(210.75,102.5,57.5));
#8460=CARTESIAN_POINT('',(211.25,101.056624327026,57.5));
#8461=CARTESIAN_POINT('',(211.75,100.334936490539,56.25));
#8462=CARTESIAN_POINT('',(212.25,99.613248654052,55.));
#8463=CARTESIAN_POINT('',(212.75,100.334936490539,53.75));
#8464=CARTESIAN_POINT('',(213.25,101.056624327026,52.5));
#8465=CARTESIAN_POINT('',(213.75,102.5,52.5));
#8466=CARTESIAN_POINT('',(214.25,103.943375672974,52.5));
#8467=CARTESIAN_POINT('',(214.75,104.665063509461,53.75));
#8468=CARTESIAN_POINT('',(215.25,105.386751345948,55.));
#8469=CARTESIAN_POINT('',(215.75,104.665063509461,56.25));
#8470=CARTESIAN_POINT('',(216.25,103.943375672974,57.5));
#8471=CARTESIAN_POINT('',(216.75,102.5,57.5));
#8472=CARTESIAN_POINT('',(217.25,101.056624327026,57.5));
#8473=CARTESIAN_POINT('',(217.75,100.334936490539,56.25));
#8474=CARTESIAN_POINT('',(218.25,99.613248654052,55.));
#8475=CARTESIAN_POINT('',(218.75,100.334936490539,53.75));
#8476=CARTESIAN_POINT('',(219.25,101.056624327026,52.5));
#8477=CARTESIAN_POINT('',(219.75,102.5,52.5));
#8478=CARTESIAN_POINT('',(220.25,103.943375672974,52.5));
#8479=CARTESIAN_POINT('',(220.75,104.665063509461,53.75));
#8480=CARTESIAN_POINT('',(221.25,105.386751345948,55.));
#8481=CARTESIAN_POINT('',(221.75,104.665063509461,56.25));
#8482=CARTESIAN_POINT('',(222.25,103.943375672974,57.5));
#8483=CARTESIAN_POINT('',(222.75,102.5,57.5));
#8484=CARTESIAN_POINT('',(223.25,101.056624327026,57.5));
#8485=CARTESIAN_POINT('',(223.75,100.334936490539,56.25));
#8486=CARTESIAN_POINT('',(224.25,99.613248654052,55.));
#8487=CARTESIAN_POINT('',(224.75,100.334936490539,53.75));
#8488=CARTESIAN_POINT('',(225.25,101.056624327026,52.5));
#8489=CARTESIAN_POINT('',(225.75,102.5,52.5));
#8490=CARTESIAN_POINT('',(226.25,103.943375672974,52.5));
#8491=CARTESIAN_POINT('',(226.75,104.665063509461,53.75));
#8492=CARTESIAN_POINT('',(227.25,105.386751345948,55.));
#8493=CARTESIAN_POINT('',(227.75,104.665063509461,56.25));
#8494=CARTESIAN_POINT('',(228.25,103.943375672974,57.5));
#8495=CARTESIAN_POINT('',(228.75,102.5,57.5));
#8496=CARTESIAN_POINT('',(229.25,101.056624327026,57.5));
#8497=CARTESIAN_POINT('',(229.75,100.334936490539,56.25));
#8498=CARTESIAN_POINT('',(230.25,99.613248654052,55.));
#8499=CARTESIAN_POINT('',(230.75,100.334936490539,53.75));
#8500=CARTESIAN_POINT('',(231.25,101.056624327026,52.5));
#8501=CARTESIAN_POINT('',(231.75,102.5,52.5));
#8502=CARTESIAN_POINT('',(232.25,103.943375672974,52.5));
#8503=CARTESIAN_POINT('',(232.75,104.665063509461,53.75));
#8504=CARTESIAN_POINT('',(233.25,105.386751345948,55.));
#8505=CARTESIAN_POINT('',(233.75,104.665063509461,56.25));
#8506=CARTESIAN_POINT('',(234.25,103.943375672974,57.5));
#8507=CARTESIAN_POINT('',(234.75,102.5,57.5));
#8508=CARTESIAN_POINT('',(235.25,101.056624327026,57.5));
#8509=CARTESIAN_POINT('',(235.75,100.334936490539,56.25));
#8510=CARTESIAN_POINT('',(236.25,99.613248654052,55.));
#8511=CARTESIAN_POINT('',(236.75,100.334936490539,53.75));
#8512=CARTESIAN_POINT('',(237.25,101.056624327026,52.5));
#8513=CARTESIAN_POINT('',(237.75,102.5,52.5));
#8514=CARTESIAN_POINT('',(238.25,103.943375672974,52.5));
#8515=CARTESIAN_POINT('',(238.75,104.665063509461,53.75));
#8516=CARTESIAN_POINT('',(239.25,105.386751345948,55.));
#8517=CARTESIAN_POINT('',(239.75,104.665063509461,56.25));
#8518=CARTESIAN_POINT('',(240.25,103.943375672974,57.5));
#8519=CARTESIAN_POINT('',(240.75,102.5,57.5));
#8520=CARTESIAN_POINT('',(241.25,101.056624327026,57.5));
#8521=CARTESIAN_POINT('',(241.75,100.334936490539,56.25));
#8522=CARTESIAN_POINT('',(242.25,99.613248654052,55.));
#8523=CARTESIAN_POINT('',(242.75,100.334936490539,53.75));
#8524=CARTESIAN_POINT('',(243.25,101.056624327026,52.5));
#8525=CARTESIAN_POINT('',(243.75,102.5,52.5));
#8526=CARTESIAN_POINT('',(244.25,103.943375672974,52.5));
#8527=CARTESIAN_POINT('',(244.75,104.665063509461,53.75));
#8528=CARTESIAN_POINT('',(245.25,105.386751345948,55.));
#8529=CARTESIAN_POINT('',(245.75,104.665063509461,56.25));
#8530=CARTESIAN_POINT('',(246.25,103.943375672974,57.5));
#8531=CARTESIAN_POINT('',(246.75,102.5,57.5));
#8532=CARTESIAN_POINT('',(247.25,101.056624327026,57.5));
#8533=CARTESIAN_POINT('',(247.75,100.334936490539,56.25));
#8534=CARTESIAN_POINT('',(248.25,99.613248654052,55.));
#8535=CARTESIAN_POINT('',(248.75,100.334936490539,53.75));
#8536=CARTESIAN_POINT('',(249.25,101.056624327026,52.5));
#8537=CARTESIAN_POINT('',(249.75,102.5,52.5));
#8538=CARTESIAN_POINT('',(250.25,103.943375672974,52.5));
#8539=CARTESIAN_POINT('',(250.75,104.665063509461,53.75));
#8540=CARTESIAN_POINT('',(251.25,105.386751345948,55.));
#8541=CARTESIAN_POINT('',(251.75,104.665063509461,56.25));
#8542=CARTESIAN_POINT('',(252.25,103.943375672974,57.5));
#8543=CARTESIAN_POINT('',(252.75,102.5,57.5));
#8544=CARTESIAN_POINT('',(253.25,101.056624327026,57.5));
#8545=CARTESIAN_POINT('',(253.75,100.334936490539,56.25));
#8546=CARTESIAN_POINT('',(254.25,99.613248654052,55.));
#8547=CARTESIAN_POINT('',(254.75,100.334936490539,53.75));
#8548=CARTESIAN_POINT('',(255.25,101.056624327026,52.5));
#8549=CARTESIAN_POINT('',(255.75,102.5,52.5));
#8550=CARTESIAN_POINT('',(256.25,103.943375672974,52.5));
#8551=CARTESIAN_POINT('',(256.75,104.665063509461,53.75));
#8552=CARTESIAN_POINT('',(257.25,105.386751345948,55.));
#8553=CARTESIAN_POINT('',(257.75,104.665063509461,56.25));
#8554=CARTESIAN_POINT('',(258.25,103.943375672974,57.5));
#8555=CARTESIAN_POINT('',(258.75,102.5,57.5));
#8556=CARTESIAN_POINT('',(259.25,101.056624327026,57.5));
#8557=CARTESIAN_POINT('',(259.75,100.334936490539,56.25));
#8558=CARTESIAN_POINT('',(260.25,99.613248654052,55.));
#8559=CARTESIAN_POINT('',(260.75,100.334936490539,53.75));
#8560=CARTESIAN_POINT('',(261.25,101.056624327026,52.5));
#8561=CARTESIAN_POINT('',(261.75,102.5,52.5));
#8562=CARTESIAN_POINT('',(262.25,103.943375672974,52.5));
#8563=CARTESIAN_POINT('',(262.75,104.665063509461,53.75));
#8564=CARTESIAN_POINT('',(263.25,105.386751345948,55.));
#8565=CARTESIAN_POINT('',(263.75,104.665063509461,56.25));
#8566=CARTESIAN_POINT('',(264.25,103.943375672974,57.5));
#8567=CARTESIAN_POINT('',(264.75,102.5,57.5));
#8568=CARTESIAN_POINT('',(265.25,101.056624327026,57.5));
#8569=CARTESIAN_POINT('',(265.75,100.334936490539,56.25));
#8570=CARTESIAN_POINT('',(266.25,99.613248654052,55.));
#8571=CARTESIAN_POINT('',(266.75,100.334936490539,53.75));
#8572=CARTESIAN_POINT('',(267.25,101.056624327026,52.5));
#8573=CARTESIAN_POINT('',(267.75,102.5,52.5));
#8574=CARTESIAN_POINT('',(268.25,103.943375672974,52.5));
#8575=CARTESIAN_POINT('',(268.75,104.665063509461,53.75));
#8576=CARTESIAN_POINT('',(269.25,105.386751345948,55.));
#8577=CARTESIAN_POINT('',(269.75,104.665063509461,56.25));
#8578=CARTESIAN_POINT('',(270.25,103.943375672974,57.5));
#8579=CARTESIAN_POINT('',(270.75,102.5,57.5));
#8580=CARTESIAN_POINT('',(271.25,101.056624327026,57.5));
#8581=CARTESIAN_POINT('',(271.75,100.334936490539,56.25));
#8582=CARTESIAN_POINT('',(272.25,99.613248654052,55.));
#8583=CARTESIAN_POINT('',(272.75,100.334936490539,53.75));
#8584=CARTESIAN_POINT('',(273.25,101.056624327026,52.5));
#8585=CARTESIAN_POINT('',(273.75,102.5,52.5));
#8586=CARTESIAN_POINT('',(274.25,103.943375672974,52.5));
#8587=CARTESIAN_POINT('',(274.75,104.665063509461,53.75));
#8588=CARTESIAN_POINT('',(275.25,105.386751345948,55.));
#8589=CARTESIAN_POINT('',(275.75,104.665063509461,56.25));
#8590=CARTESIAN_POINT('',(276.25,103.943375672974,57.5));
#8591=CARTESIAN_POINT('',(276.75,102.5,57.5));
#8592=CARTESIAN_POINT('',(277.25,101.056624327026,57.5));
#8593=CARTESIAN_POINT('',(277.75,100.334936490539,56.25));
#8594=CARTESIAN_POINT('',(278.25,99.613248654052,55.));
#8595=CARTESIAN_POINT('',(278.75,100.334936490539,53.75));
#8596=CARTESIAN_POINT('',(279.25,101.056624327026,52.5));
#8597=CARTESIAN_POINT('',(279.75,102.5,52.5));
#8598=CARTESIAN_POINT('',(84.25,102.5,52.5));
#8599=CARTESIAN_POINT('',(84.75,103.943375672974,52.5));
#8600=CARTESIAN_POINT('',(85.25,104.665063509461,53.75));
#8601=CARTESIAN_POINT('',(85.75,105.386751345948,55.));
#8602=CARTESIAN_POINT('',(86.25,104.665063509461,56.25));
#8603=CARTESIAN_POINT('',(86.75,103.943375672974,57.5));
#8604=CARTESIAN_POINT('',(87.25,102.5,57.5));
#8605=CARTESIAN_POINT('',(87.75,101.056624327026,57.5));
#8606=CARTESIAN_POINT('',(88.25,100.334936490539,56.25));
#8607=CARTESIAN_POINT('',(88.75,99.613248654052,55.));
#8608=CARTESIAN_POINT('',(89.25,100.334936490539,53.75));
#8609=CARTESIAN_POINT('',(89.75,101.056624327026,52.5));
#8610=CARTESIAN_POINT('',(90.25,102.5,52.5));
#8611=CARTESIAN_POINT('',(90.75,103.943375672974,52.5));
#8612=CARTESIAN_POINT('',(91.25,104.665063509461,53.75));
#8613=CARTESIAN_POINT('',(91.75,105.386751345948,55.));
#8614=CARTESIAN_POINT('',(92.25,104.665063509461,56.25));
#8615=CARTESIAN_POINT('',(92.75,103.943375672974,57.5));
#8616=CARTESIAN_POINT('',(93.25,102.5,57.5));
#8617=CARTESIAN_POINT('',(93.75,101.056624327026,57.5));
#8618=CARTESIAN_POINT('',(94.25,100.334936490539,56.25));
#8619=CARTESIAN_POINT('',(94.75,99.613248654052,55.));
#8620=CARTESIAN_POINT('',(95.25,100.334936490539,53.75));
#8621=CARTESIAN_POINT('',(95.75,101.056624327026,52.5));
#8622=CARTESIAN_POINT('',(96.25,102.5,52.5));
#8623=CARTESIAN_POINT('',(96.75,103.943375672974,52.5));
#8624=CARTESIAN_POINT('',(97.25,104.665063509461,53.75));
#8625=CARTESIAN_POINT('',(97.75,105.386751345948,55.));
#8626=CARTESIAN_POINT('',(98.25,104.665063509461,56.25));
#8627=CARTESIAN_POINT('',(98.75,103.943375672974,57.5));
#8628=CARTESIAN_POINT('',(99.25,102.5,57.5));
#8629=CARTESIAN_POINT('',(99.75,101.056624327026,57.5));
#8630=CARTESIAN_POINT('',(100.25,100.334936490539,56.25));
#8631=CARTESIAN_POINT('',(100.75,99.613248654052,55.));
#8632=CARTESIAN_POINT('',(101.25,100.334936490539,53.75));
#8633=CARTESIAN_POINT('',(101.75,101.056624327026,52.5));
#8634=CARTESIAN_POINT('',(102.25,102.5,52.5));
#8635=CARTESIAN_POINT('',(102.75,103.943375672974,52.5));
#8636=CARTESIAN_POINT('',(103.25,104.665063509461,53.75));
#8637=CARTESIAN_POINT('',(103.75,105.386751345948,55.));
#8638=CARTESIAN_POINT('',(104.25,104.665063509461,56.25));
#8639=CARTESIAN_POINT('',(104.75,103.943375672974,57.5));
#8640=CARTESIAN_POINT('',(105.25,102.5,57.5));
#8641=CARTESIAN_POINT('',(105.75,101.056624327026,57.5));
#8642=CARTESIAN_POINT('',(106.25,100.334936490539,56.25));
#8643=CARTESIAN_POINT('',(106.75,99.613248654052,55.));
#8644=CARTESIAN_POINT('',(107.25,100.334936490539,53.75));
#8645=CARTESIAN_POINT('',(107.75,101.056624327026,52.5));
#8646=CARTESIAN_POINT('',(108.25,102.5,52.5));
#8647=CARTESIAN_POINT('',(108.75,103.943375672974,52.5));
#8648=CARTESIAN_POINT('',(109.25,104.665063509461,53.75));
#8649=CARTESIAN_POINT('',(109.75,105.386751345948,55.));
#8650=CARTESIAN_POINT('',(110.25,104.665063509461,56.25));
#8651=CARTESIAN_POINT('',(110.75,103.943375672974,57.5));
#8652=CARTESIAN_POINT('',(111.25,102.5,57.5));
#8653=CARTESIAN_POINT('',(111.75,101.056624327026,57.5));
#8654=CARTESIAN_POINT('',(112.25,100.334936490539,56.25));
#8655=CARTESIAN_POINT('',(112.75,99.613248654052,55.));
#8656=CARTESIAN_POINT('',(113.25,100.334936490539,53.75));
#8657=CARTESIAN_POINT('',(113.75,101.056624327026,52.5));
#8658=CARTESIAN_POINT('',(114.25,102.5,52.5));
#8659=CARTESIAN_POINT('',(114.75,103.943375672974,52.5));
#8660=CARTESIAN_POINT('',(115.25,104.665063509461,53.75));
#8661=CARTESIAN_POINT('',(115.75,105.386751345948,55.));
#8662=CARTESIAN_POINT('',(116.25,104.665063509461,56.25));
#8663=CARTESIAN_POINT('',(116.75,103.943375672974,57.5));
#8664=CARTESIAN_POINT('',(117.25,102.5,57.5));
#8665=CARTESIAN_POINT('',(117.75,101.056624327026,57.5));
#8666=CARTESIAN_POINT('',(118.25,100.334936490539,56.25));
#8667=CARTESIAN_POINT('',(118.75,99.613248654052,55.));
#8668=CARTESIAN_POINT('',(119.25,100.334936490539,53.75));
#8669=CARTESIAN_POINT('',(119.75,101.056624327026,52.5));
#8670=CARTESIAN_POINT('',(120.25,102.5,52.5));
#8671=CARTESIAN_POINT('',(120.75,103.943375672974,52.5));
#8672=CARTESIAN_POINT('',(121.25,104.665063509461,53.75));
#8673=CARTESIAN_POINT('',(121.75,105.386751345948,55.));
#8674=CARTESIAN_POINT('',(122.25,104.665063509461,56.25));
#8675=CARTESIAN_POINT('',(122.75,103.943375672974,57.5));
#8676=CARTESIAN_POINT('',(123.25,102.5,57.5));
#8677=CARTESIAN_POINT('',(123.75,101.056624327026,57.5));
#8678=CARTESIAN_POINT('',(124.25,100.334936490539,56.25));
#8679=CARTESIAN_POINT('',(124.75,99.613248654052,55.));
#8680=CARTESIAN_POINT('',(125.25,100.334936490539,53.75));
#8681=CARTESIAN_POINT('',(125.75,101.056624327026,52.5));
#8682=CARTESIAN_POINT('',(126.25,102.5,52.5));
#8683=CARTESIAN_POINT('',(126.75,103.943375672974,52.5));
#8684=CARTESIAN_POINT('',(127.25,104.665063509461,53.75));
#8685=CARTESIAN_POINT('',(127.75,105.386751345948,55.));
#8686=CARTESIAN_POINT('',(128.25,104.665063509461,56.25));
#8687=CARTESIAN_POINT('',(128.75,103.943375672974,57.5));
#8688=CARTESIAN_POINT('',(129.25,102.5,57.5));
#8689=CARTESIAN_POINT('',(129.75,101.056624327026,57.5));
#8690=CARTESIAN_POINT('',(130.25,100.334936490539,56.25));
#8691=CARTESIAN_POINT('',(130.75,99.613248654052,55.));
#8692=CARTESIAN_POINT('',(131.25,100.334936490539,53.75));
#8693=CARTESIAN_POINT('',(131.75,101.056624327026,52.5));
#8694=CARTESIAN_POINT('',(132.25,102.5,52.5));
#8695=CARTESIAN_POINT('',(132.75,103.943375672974,52.5));
#8696=CARTESIAN_POINT('',(133.25,104.665063509461,53.75));
#8697=CARTESIAN_POINT('',(133.75,105.386751345948,55.));
#8698=CARTESIAN_POINT('',(134.25,104.665063509461,56.25));
#8699=CARTESIAN_POINT('',(134.75,103.943375672974,57.5));
#8700=CARTESIAN_POINT('',(135.25,102.5,57.5));
#8701=CARTESIAN_POINT('',(135.75,101.056624327026,57.5));
#8702=CARTESIAN_POINT('',(136.25,100.334936490539,56.25));
#8703=CARTESIAN_POINT('',(136.75,99.613248654052,55.));
#8704=CARTESIAN_POINT('',(137.25,100.334936490539,53.75));
#8705=CARTESIAN_POINT('',(137.75,101.056624327026,52.5));
#8706=CARTESIAN_POINT('',(138.25,102.5,52.5));
#8707=CARTESIAN_POINT('',(138.75,103.943375672974,52.5));
#8708=CARTESIAN_POINT('',(139.25,104.665063509461,53.75));
#8709=CARTESIAN_POINT('',(139.75,105.386751345948,55.));
#8710=CARTESIAN_POINT('',(140.25,104.665063509461,56.25));
#8711=CARTESIAN_POINT('',(140.75,103.943375672974,57.5));
#8712=CARTESIAN_POINT('',(141.25,102.5,57.5));
#8713=CARTESIAN_POINT('',(141.75,101.056624327026,57.5));
#8714=CARTESIAN_POINT('',(142.25,100.334936490539,56.25));
#8715=CARTESIAN_POINT('',(142.75,99.613248654052,55.));
#8716=CARTESIAN_POINT('',(143.25,100.334936490539,53.75));
#8717=CARTESIAN_POINT('',(143.75,101.056624327026,52.5));
#8718=CARTESIAN_POINT('',(144.25,102.5,52.5));
#8719=CARTESIAN_POINT('',(144.75,103.943375672974,52.5));
#8720=CARTESIAN_POINT('',(145.25,104.665063509461,53.75));
#8721=CARTESIAN_POINT('',(145.75,105.386751345948,55.));
#8722=CARTESIAN_POINT('',(146.25,104.665063509461,56.25));
#8723=CARTESIAN_POINT('',(146.75,103.943375672974,57.5));
#8724=CARTESIAN_POINT('',(147.25,102.5,57.5));
#8725=CARTESIAN_POINT('',(147.75,101.056624327026,57.5));
#8726=CARTESIAN_POINT('',(148.25,100.334936490539,56.25));
#8727=CARTESIAN_POINT('',(148.75,99.613248654052,55.));
#8728=CARTESIAN_POINT('',(149.25,100.334936490539,53.75));
#8729=CARTESIAN_POINT('',(149.75,101.056624327026,52.5));
#8730=CARTESIAN_POINT('',(150.25,102.5,52.5));
#8731=CARTESIAN_POINT('',(150.75,103.943375672974,52.5));
#8732=CARTESIAN_POINT('',(151.25,104.665063509461,53.75));
#8733=CARTESIAN_POINT('',(151.75,105.386751345948,55.));
#8734=CARTESIAN_POINT('',(152.25,104.665063509461,56.25));
#8735=CARTESIAN_POINT('',(152.75,103.943375672974,57.5));
#8736=CARTESIAN_POINT('',(153.25,102.5,57.5));
#8737=CARTESIAN_POINT('',(153.75,101.056624327026,57.5));
#8738=CARTESIAN_POINT('',(154.25,100.334936490539,56.25));
#8739=CARTESIAN_POINT('',(154.75,99.613248654052,55.));
#8740=CARTESIAN_POINT('',(155.25,100.334936490539,53.75));
#8741=CARTESIAN_POINT('',(155.75,101.056624327026,52.5));
#8742=CARTESIAN_POINT('',(156.25,102.5,52.5));
#8743=CARTESIAN_POINT('',(156.75,103.943375672974,52.5));
#8744=CARTESIAN_POINT('',(157.25,104.665063509461,53.75));
#8745=CARTESIAN_POINT('',(157.75,105.386751345948,55.));
#8746=CARTESIAN_POINT('',(158.25,104.665063509461,56.25));
#8747=CARTESIAN_POINT('',(158.75,103.943375672974,57.5));
#8748=CARTESIAN_POINT('',(159.25,102.5,57.5));
#8749=CARTESIAN_POINT('',(159.75,101.056624327026,57.5));
#8750=CARTESIAN_POINT('',(160.25,100.334936490539,56.25));
#8751=CARTESIAN_POINT('',(160.75,99.613248654052,55.));
#8752=CARTESIAN_POINT('',(161.25,100.334936490539,53.75));
#8753=CARTESIAN_POINT('',(161.75,101.056624327026,52.5));
#8754=CARTESIAN_POINT('',(162.25,102.5,52.5));
#8755=CARTESIAN_POINT('',(162.75,103.943375672974,52.5));
#8756=CARTESIAN_POINT('',(163.25,104.665063509461,53.75));
#8757=CARTESIAN_POINT('',(163.75,105.386751345948,55.));
#8758=CARTESIAN_POINT('',(164.25,104.665063509461,56.25));
#8759=CARTESIAN_POINT('',(164.75,103.943375672974,57.5));
#8760=CARTESIAN_POINT('',(165.25,102.5,57.5));
#8761=CARTESIAN_POINT('',(165.75,101.056624327026,57.5));
#8762=CARTESIAN_POINT('',(166.25,100.334936490539,56.25));
#8763=CARTESIAN_POINT('',(166.75,99.613248654052,55.));
#8764=CARTESIAN_POINT('',(167.25,100.334936490539,53.75));
#8765=CARTESIAN_POINT('',(167.75,101.056624327026,52.5));
#8766=CARTESIAN_POINT('',(168.25,102.5,52.5));
#8767=CARTESIAN_POINT('',(168.75,103.943375672974,52.5));
#8768=CARTESIAN_POINT('',(169.25,104.665063509461,53.75));
#8769=CARTESIAN_POINT('',(169.75,105.386751345948,55.));
#8770=CARTESIAN_POINT('',(170.25,104.665063509461,56.25));
#8771=CARTESIAN_POINT('',(170.75,103.943375672974,57.5));
#8772=CARTESIAN_POINT('',(171.25,102.5,57.5));
#8773=CARTESIAN_POINT('',(171.75,101.056624327026,57.5));
#8774=CARTESIAN_POINT('',(172.25,100.334936490539,56.25));
#8775=CARTESIAN_POINT('',(172.75,99.613248654052,55.));
#8776=CARTESIAN_POINT('',(173.25,100.334936490539,53.75));
#8777=CARTESIAN_POINT('',(173.75,101.056624327026,52.5));
#8778=CARTESIAN_POINT('',(174.25,102.5,52.5));
#8779=CARTESIAN_POINT('',(174.75,103.943375672974,52.5));
#8780=CARTESIAN_POINT('',(175.25,104.665063509461,53.75));
#8781=CARTESIAN_POINT('',(175.75,105.386751345948,55.));
#8782=CARTESIAN_POINT('',(176.25,104.665063509461,56.25));
#8783=CARTESIAN_POINT('',(176.75,103.943375672974,57.5));
#8784=CARTESIAN_POINT('',(177.25,102.5,57.5));
#8785=CARTESIAN_POINT('',(177.75,101.056624327026,57.5));
#8786=CARTESIAN_POINT('',(178.25,100.334936490539,56.25));
#8787=CARTESIAN_POINT('',(178.75,99.613248654052,55.));
#8788=CARTESIAN_POINT('',(179.25,100.334936490539,53.75));
#8789=CARTESIAN_POINT('',(179.75,101.056624327026,52.5));
#8790=CARTESIAN_POINT('',(180.25,102.5,52.5));
#8791=CARTESIAN_POINT('',(180.75,103.943375672974,52.5));
#8792=CARTESIAN_POINT('',(181.25,104.665063509461,53.75));
#8793=CARTESIAN_POINT('',(181.75,105.386751345948,55.));
#8794=CARTESIAN_POINT('',(182.25,104.665063509461,56.25));
#8795=CARTESIAN_POINT('',(182.75,103.943375672974,57.5));
#8796=CARTESIAN_POINT('',(183.25,102.5,57.5));
#8797=CARTESIAN_POINT('',(183.75,101.056624327026,57.5));
#8798=CARTESIAN_POINT('',(184.25,100.334936490539,56.25));
#8799=CARTESIAN_POINT('',(184.75,99.613248654052,55.));
#8800=CARTESIAN_POINT('',(185.25,100.334936490539,53.75));
#8801=CARTESIAN_POINT('',(185.75,101.056624327026,52.5));
#8802=CARTESIAN_POINT('',(186.25,102.5,52.5));
#8803=CARTESIAN_POINT('',(186.75,103.943375672974,52.5));
#8804=CARTESIAN_POINT('',(187.25,104.665063509461,53.75));
#8805=CARTESIAN_POINT('',(187.75,105.386751345948,55.));
#8806=CARTESIAN_POINT('',(188.25,104.665063509461,56.25));
#8807=CARTESIAN_POINT('',(188.75,103.943375672974,57.5));
#8808=CARTESIAN_POINT('',(189.25,102.5,57.5));
#8809=CARTESIAN_POINT('',(189.75,101.056624327026,57.5));
#8810=CARTESIAN_POINT('',(190.25,100.334936490539,56.25));
#8811=CARTESIAN_POINT('',(190.75,99.613248654052,55.));
#8812=CARTESIAN_POINT('',(191.25,100.334936490539,53.75));
#8813=CARTESIAN_POINT('',(191.75,101.056624327026,52.5));
#8814=CARTESIAN_POINT('',(192.25,102.5,52.5));
#8815=CARTESIAN_POINT('',(192.75,103.943375672974,52.5));
#8816=CARTESIAN_POINT('',(193.25,104.665063509461,53.75));
#8817=CARTESIAN_POINT('',(193.75,105.386751345948,55.));
#8818=CARTESIAN_POINT('',(194.25,104.665063509461,56.25));
#8819=CARTESIAN_POINT('',(194.75,103.943375672974,57.5));
#8820=CARTESIAN_POINT('',(195.25,102.5,57.5));
#8821=CARTESIAN_POINT('',(195.75,101.056624327026,57.5));
#8822=CARTESIAN_POINT('',(196.25,100.334936490539,56.25));
#8823=CARTESIAN_POINT('',(196.75,99.613248654052,55.));
#8824=CARTESIAN_POINT('',(197.25,100.334936490539,53.75));
#8825=CARTESIAN_POINT('',(197.75,101.056624327026,52.5));
#8826=CARTESIAN_POINT('',(198.25,102.5,52.5));
#8827=CARTESIAN_POINT('',(198.75,103.943375672974,52.5));
#8828=CARTESIAN_POINT('',(199.25,104.665063509461,53.75));
#8829=CARTESIAN_POINT('',(199.75,105.386751345948,55.));
#8830=CARTESIAN_POINT('',(200.25,104.665063509461,56.25));
#8831=CARTESIAN_POINT('',(200.75,103.943375672974,57.5));
#8832=CARTESIAN_POINT('',(201.25,102.5,57.5));
#8833=CARTESIAN_POINT('',(201.75,101.056624327026,57.5));
#8834=CARTESIAN_POINT('',(202.25,100.334936490539,56.25));
#8835=CARTESIAN_POINT('',(202.75,99.613248654052,55.));
#8836=CARTESIAN_POINT('',(203.25,100.334936490539,53.75));
#8837=CARTESIAN_POINT('',(203.75,101.056624327026,52.5));
#8838=CARTESIAN_POINT('',(204.25,102.5,52.5));
#8839=CARTESIAN_POINT('',(204.75,103.943375672974,52.5));
#8840=CARTESIAN_POINT('',(205.25,104.665063509461,53.75));
#8841=CARTESIAN_POINT('',(205.75,105.386751345948,55.));
#8842=CARTESIAN_POINT('',(206.25,104.665063509461,56.25));
#8843=CARTESIAN_POINT('',(206.75,103.943375672974,57.5));
#8844=CARTESIAN_POINT('',(207.25,102.5,57.5));
#8845=CARTESIAN_POINT('',(207.75,101.056624327026,57.5));
#8846=CARTESIAN_POINT('',(208.25,100.334936490539,56.25));
#8847=CARTESIAN_POINT('',(208.75,99.613248654052,55.));
#8848=CARTESIAN_POINT('',(209.25,100.334936490539,53.75));
#8849=CARTESIAN_POINT('',(209.75,101.056624327026,52.5));
#8850=CARTESIAN_POINT('',(210.25,102.5,52.5));
#8851=CARTESIAN_POINT('',(210.75,103.943375672974,52.5));
#8852=CARTESIAN_POINT('',(211.25,104.665063509461,53.75));
#8853=CARTESIAN_POINT('',(211.75,105.386751345948,55.));
#8854=CARTESIAN_POINT('',(212.25,104.665063509461,56.25));
#8855=CARTESIAN_POINT('',(212.75,103.943375672974,57.5));
#8856=CARTESIAN_POINT('',(213.25,102.5,57.5));
#8857=CARTESIAN_POINT('',(213.75,101.056624327026,57.5));
#8858=CARTESIAN_POINT('',(214.25,100.334936490539,56.25));
#8859=CARTESIAN_POINT('',(214.75,99.613248654052,55.));
#8860=CARTESIAN_POINT('',(215.25,100.334936490539,53.75));
#8861=CARTESIAN_POINT('',(215.75,101.056624327026,52.5));
#8862=CARTESIAN_POINT('',(216.25,102.5,52.5));
#8863=CARTESIAN_POINT('',(216.75,103.943375672974,52.5));
#8864=CARTESIAN_POINT('',(217.25,104.665063509461,53.75));
#8865=CARTESIAN_POINT('',(217.75,105.386751345948,55.));
#8866=CARTESIAN_POINT('',(218.25,104.665063509461,56.25));
#8867=CARTESIAN_POINT('',(218.75,103.943375672974,57.5));
#8868=CARTESIAN_POINT('',(219.25,102.5,57.5));
#8869=CARTESIAN_POINT('',(219.75,101.056624327026,57.5));
#8870=CARTESIAN_POINT('',(220.25,100.334936490539,56.25));
#8871=CARTESIAN_POINT('',(220.75,99.613248654052,55.));
#8872=CARTESIAN_POINT('',(221.25,100.334936490539,53.75));
#8873=CARTESIAN_POINT('',(221.75,101.056624327026,52.5));
#8874=CARTESIAN_POINT('',(222.25,102.5,52.5));
#8875=CARTESIAN_POINT('',(222.75,103.943375672974,52.5));
#8876=CARTESIAN_POINT('',(223.25,104.665063509461,53.75));
#8877=CARTESIAN_POINT('',(223.75,105.386751345948,55.));
#8878=CARTESIAN_POINT('',(224.25,104.665063509461,56.25));
#8879=CARTESIAN_POINT('',(224.75,103.943375672974,57.5));
#8880=CARTESIAN_POINT('',(225.25,102.5,57.5));
#8881=CARTESIAN_POINT('',(225.75,101.056624327026,57.5));
#8882=CARTESIAN_POINT('',(226.25,100.334936490539,56.25));
#8883=CARTESIAN_POINT('',(226.75,99.613248654052,55.));
#8884=CARTESIAN_POINT('',(227.25,100.334936490539,53.75));
#8885=CARTESIAN_POINT('',(227.75,101.056624327026,52.5));
#8886=CARTESIAN_POINT('',(228.25,102.5,52.5));
#8887=CARTESIAN_POINT('',(228.75,103.943375672974,52.5));
#8888=CARTESIAN_POINT('',(229.25,104.665063509461,53.75));
#8889=CARTESIAN_POINT('',(229.75,105.386751345948,55.));
#8890=CARTESIAN_POINT('',(230.25,104.665063509461,56.25));
#8891=CARTESIAN_POINT('',(230.75,103.943375672974,57.5));
#8892=CARTESIAN_POINT('',(231.25,102.5,57.5));
#8893=CARTESIAN_POINT('',(231.75,101.056624327026,57.5));
#8894=CARTESIAN_POINT('',(232.25,100.334936490539,56.25));
#8895=CARTESIAN_POINT('',(232.75,99.613248654052,55.));
#8896=CARTESIAN_POINT('',(233.25,100.334936490539,53.75));
#8897=CARTESIAN_POINT('',(233.75,101.056624327026,52.5));
#8898=CARTESIAN_POINT('',(234.25,102.5,52.5));
#8899=CARTESIAN_POINT('',(234.75,103.943375672974,52.5));
#8900=CARTESIAN_POINT('',(235.25,104.665063509461,53.75));
#8901=CARTESIAN_POINT('',(235.75,105.386751345948,55.));
#8902=CARTESIAN_POINT('',(236.25,104.665063509461,56.25));
#8903=CARTESIAN_POINT('',(236.75,103.943375672974,57.5));
#8904=CARTESIAN_POINT('',(237.25,102.5,57.5));
#8905=CARTESIAN_POINT('',(237.75,101.056624327026,57.5));
#8906=CARTESIAN_POINT('',(238.25,100.334936490539,56.25));
#8907=CARTESIAN_POINT('',(238.75,99.613248654052,55.));
#8908=CARTESIAN_POINT('',(239.25,100.334936490539,53.75));
#8909=CARTESIAN_POINT('',(239.75,101.056624327026,52.5));
#8910=CARTESIAN_POINT('',(240.25,102.5,52.5));
#8911=CARTESIAN_POINT('',(240.75,103.943375672974,52.5));
#8912=CARTESIAN_POINT('',(241.25,104.665063509461,53.75));
#8913=CARTESIAN_POINT('',(241.75,105.386751345948,55.));
#8914=CARTESIAN_POINT('',(242.25,104.665063509461,56.25));
#8915=CARTESIAN_POINT('',(242.75,103.943375672974,57.5));
#8916=CARTESIAN_POINT('',(243.25,102.5,57.5));
#8917=CARTESIAN_POINT('',(243.75,101.056624327026,57.5));
#8918=CARTESIAN_POINT('',(244.25,100.334936490539,56.25));
#8919=CARTESIAN_POINT('',(244.75,99.613248654052,55.));
#8920=CARTESIAN_POINT('',(245.25,100.334936490539,53.75));
#8921=CARTESIAN_POINT('',(245.75,101.056624327026,52.5));
#8922=CARTESIAN_POINT('',(246.25,102.5,52.5));
#8923=CARTESIAN_POINT('',(246.75,103.943375672974,52.5));
#8924=CARTESIAN_POINT('',(247.25,104.665063509461,53.75));
#8925=CARTESIAN_POINT('',(247.75,105.386751345948,55.));
#8926=CARTESIAN_POINT('',(248.25,104.665063509461,56.25));
#8927=CARTESIAN_POINT('',(248.75,103.943375672974,57.5));
#8928=CARTESIAN_POINT('',(249.25,102.5,57.5));
#8929=CARTESIAN_POINT('',(249.75,101.056624327026,57.5));
#8930=CARTESIAN_POINT('',(250.25,100.334936490539,56.25));
#8931=CARTESIAN_POINT('',(250.75,99.613248654052,55.));
#8932=CARTESIAN_POINT('',(251.25,100.334936490539,53.75));
#8933=CARTESIAN_POINT('',(251.75,101.056624327026,52.5));
#8934=CARTESIAN_POINT('',(252.25,102.5,52.5));
#8935=CARTESIAN_POINT('',(252.75,103.943375672974,52.5));
#8936=CARTESIAN_POINT('',(253.25,104.665063509461,53.75));
#8937=CARTESIAN_POINT('',(253.75,105.386751345948,55.));
#8938=CARTESIAN_POINT('',(254.25,104.665063509461,56.25));
#8939=CARTESIAN_POINT('',(254.75,103.943375672974,57.5));
#8940=CARTESIAN_POINT('',(255.25,102.5,57.5));
#8941=CARTESIAN_POINT('',(255.75,101.056624327026,57.5));
#8942=CARTESIAN_POINT('',(256.25,100.334936490539,56.25));
#8943=CARTESIAN_POINT('',(256.75,99.613248654052,55.));
#8944=CARTESIAN_POINT('',(257.25,100.334936490539,53.75));
#8945=CARTESIAN_POINT('',(257.75,101.056624327026,52.5));
#8946=CARTESIAN_POINT('',(258.25,102.5,52.5));
#8947=CARTESIAN_POINT('',(258.75,103.943375672974,52.5));
#8948=CARTESIAN_POINT('',(259.25,104.665063509461,53.75));
#8949=CARTESIAN_POINT('',(259.75,105.386751345948,55.));
#8950=CARTESIAN_POINT('',(260.25,104.665063509461,56.25));
#8951=CARTESIAN_POINT('',(260.75,103.943375672974,57.5));
#8952=CARTESIAN_POINT('',(261.25,102.5,57.5));
#8953=CARTESIAN_POINT('',(261.75,101.056624327026,57.5));
#8954=CARTESIAN_POINT('',(262.25,100.334936490539,56.25));
#8955=CARTESIAN_POINT('',(262.75,99.613248654052,55.));
#8956=CARTESIAN_POINT('',(263.25,100.334936490539,53.75));
#8957=CARTESIAN_POINT('',(263.75,101.056624327026,52.5));
#8958=CARTESIAN_POINT('',(264.25,102.5,52.5));
#8959=CARTESIAN_POINT('',(264.75,103.943375672974,52.5));
#8960=CARTESIAN_POINT('',(265.25,104.665063509461,53.75));
#8961=CARTESIAN_POINT('',(265.75,105.386751345948,55.));
#8962=CARTESIAN_POINT('',(266.25,104.665063509461,56.25));
#8963=CARTESIAN_POINT('',(266.75,103.943375672974,57.5));
#8964=CARTESIAN_POINT('',(267.25,102.5,57.5));
#8965=CARTESIAN_POINT('',(267.75,101.056624327026,57.5));
#8966=CARTESIAN_POINT('',(268.25,100.334936490539,56.25));
#8967=CARTESIAN_POINT('',(268.75,99.613248654052,55.));
#8968=CARTESIAN_POINT('',(269.25,100.334936490539,53.75));
#8969=CARTESIAN_POINT('',(269.75,101.056624327026,52.5));
#8970=CARTESIAN_POINT('',(270.25,102.5,52.5));
#8971=CARTESIAN_POINT('',(270.75,103.943375672974,52.5));
#8972=CARTESIAN_POINT('',(271.25,104.665063509461,53.75));
#8973=CARTESIAN_POINT('',(271.75,105.386751345948,55.));
#8974=CARTESIAN_POINT('',(272.25,104.665063509461,56.25));
#8975=CARTESIAN_POINT('',(272.75,103.943375672974,57.5));
#8976=CARTESIAN_POINT('',(273.25,102.5,57.5));
#8977=CARTESIAN_POINT('',(273.75,101.056624327026,57.5));
#8978=CARTESIAN_POINT('',(274.25,100.334936490539,56.25));
#8979=CARTESIAN_POINT('',(274.75,99.613248654052,55.));
#8980=CARTESIAN_POINT('',(275.25,100.334936490539,53.75));
#8981=CARTESIAN_POINT('',(275.75,101.056624327026,52.5));
#8982=CARTESIAN_POINT('',(276.25,102.5,52.5));
#8983=CARTESIAN_POINT('',(276.75,103.943375672974,52.5));
#8984=CARTESIAN_POINT('',(277.25,104.665063509461,53.75));
#8985=CARTESIAN_POINT('',(277.75,105.386751345948,55.));
#8986=CARTESIAN_POINT('',(278.25,104.665063509461,56.25));
#8987=CARTESIAN_POINT('',(278.75,103.943375672974,57.5));
#8988=CARTESIAN_POINT('',(279.25,102.5,57.5));
#8989=CARTESIAN_POINT('',(279.75,101.056624327026,57.5));
#8990=CARTESIAN_POINT('',(280.25,100.334936490539,56.25));
#8991=CARTESIAN_POINT('',(280.75,99.613248654052,55.));
#8992=CARTESIAN_POINT('',(281.25,100.334936490539,53.75));
#8993=CARTESIAN_POINT('',(281.75,101.056624327026,52.5));
#8994=CARTESIAN_POINT('',(282.25,102.5,52.5));
#8995=CARTESIAN_POINT('',(84.25,102.5,50.));
#8996=CARTESIAN_POINT('',(84.75,105.386751345948,50.));
#8997=CARTESIAN_POINT('',(85.25,106.830127018922,52.5));
#8998=CARTESIAN_POINT('',(85.75,108.273502691896,55.));
#8999=CARTESIAN_POINT('',(86.25,106.830127018922,57.5));
#9000=CARTESIAN_POINT('',(86.75,105.386751345948,60.));
#9001=CARTESIAN_POINT('',(87.25,102.5,60.));
#9002=CARTESIAN_POINT('',(87.75,99.613248654052,60.));
#9003=CARTESIAN_POINT('',(88.25,98.169872981078,57.5));
#9004=CARTESIAN_POINT('',(88.75,96.726497308104,55.));
#9005=CARTESIAN_POINT('',(89.25,98.169872981078,52.5));
#9006=CARTESIAN_POINT('',(89.75,99.613248654052,50.));
#9007=CARTESIAN_POINT('',(90.25,102.5,50.));
#9008=CARTESIAN_POINT('',(90.75,105.386751345948,50.));
#9009=CARTESIAN_POINT('',(91.25,106.830127018922,52.5));
#9010=CARTESIAN_POINT('',(91.75,108.273502691896,55.));
#9011=CARTESIAN_POINT('',(92.25,106.830127018922,57.5));
#9012=CARTESIAN_POINT('',(92.75,105.386751345948,60.));
#9013=CARTESIAN_POINT('',(93.25,102.5,60.));
#9014=CARTESIAN_POINT('',(93.75,99.613248654052,60.));
#9015=CARTESIAN_POINT('',(94.25,98.169872981078,57.5));
#9016=CARTESIAN_POINT('',(94.75,96.726497308104,55.));
#9017=CARTESIAN_POINT('',(95.25,98.169872981078,52.5));
#9018=CARTESIAN_POINT('',(95.75,99.613248654052,50.));
#9019=CARTESIAN_POINT('',(96.25,102.5,50.));
#9020=CARTESIAN_POINT('',(96.75,105.386751345948,50.));
#9021=CARTESIAN_POINT('',(97.25,106.830127018922,52.5));
#9022=CARTESIAN_POINT('',(97.75,108.273502691896,55.));
#9023=CARTESIAN_POINT('',(98.25,106.830127018922,57.5));
#9024=CARTESIAN_POINT('',(98.75,105.386751345948,60.));
#9025=CARTESIAN_POINT('',(99.25,102.5,60.));
#9026=CARTESIAN_POINT('',(99.75,99.613248654052,60.));
#9027=CARTESIAN_POINT('',(100.25,98.169872981078,57.5));
#9028=CARTESIAN_POINT('',(100.75,96.726497308104,55.));
#9029=CARTESIAN_POINT('',(101.25,98.169872981078,52.5));
#9030=CARTESIAN_POINT('',(101.75,99.613248654052,50.));
#9031=CARTESIAN_POINT('',(102.25,102.5,50.));
#9032=CARTESIAN_POINT('',(102.75,105.386751345948,50.));
#9033=CARTESIAN_POINT('',(103.25,106.830127018922,52.5));
#9034=CARTESIAN_POINT('',(103.75,108.273502691896,55.));
#9035=CARTESIAN_POINT('',(104.25,106.830127018922,57.5));
#9036=CARTESIAN_POINT('',(104.75,105.386751345948,60.));
#9037=CARTESIAN_POINT('',(105.25,102.5,60.));
#9038=CARTESIAN_POINT('',(105.75,99.613248654052,60.));
#9039=CARTESIAN_POINT('',(106.25,98.169872981078,57.5));
#9040=CARTESIAN_POINT('',(106.75,96.726497308104,55.));
#9041=CARTESIAN_POINT('',(107.25,98.169872981078,52.5));
#9042=CARTESIAN_POINT('',(107.75,99.613248654052,50.));
#9043=CARTESIAN_POINT('',(108.25,102.5,50.));
#9044=CARTESIAN_POINT('',(108.75,105.386751345948,50.));
#9045=CARTESIAN_POINT('',(109.25,106.830127018922,52.5));
#9046=CARTESIAN_POINT('',(109.75,108.273502691896,55.));
#9047=CARTESIAN_POINT('',(110.25,106.830127018922,57.5));
#9048=CARTESIAN_POINT('',(110.75,105.386751345948,60.));
#9049=CARTESIAN_POINT('',(111.25,102.5,60.));
#9050=CARTESIAN_POINT('',(111.75,99.613248654052,60.));
#9051=CARTESIAN_POINT('',(112.25,98.169872981078,57.5));
#9052=CARTESIAN_POINT('',(112.75,96.726497308104,55.));
#9053=CARTESIAN_POINT('',(113.25,98.169872981078,52.5));
#9054=CARTESIAN_POINT('',(113.75,99.613248654052,50.));
#9055=CARTESIAN_POINT('',(114.25,102.5,50.));
#9056=CARTESIAN_POINT('',(114.75,105.386751345948,50.));
#9057=CARTESIAN_POINT('',(115.25,106.830127018922,52.5));
#9058=CARTESIAN_POINT('',(115.75,108.273502691896,55.));
#9059=CARTESIAN_POINT('',(116.25,106.830127018922,57.5));
#9060=CARTESIAN_POINT('',(116.75,105.386751345948,60.));
#9061=CARTESIAN_POINT('',(117.25,102.5,60.));
#9062=CARTESIAN_POINT('',(117.75,99.613248654052,60.));
#9063=CARTESIAN_POINT('',(118.25,98.169872981078,57.5));
#9064=CARTESIAN_POINT('',(118.75,96.726497308104,55.));
#9065=CARTESIAN_POINT('',(119.25,98.169872981078,52.5));
#9066=CARTESIAN_POINT('',(119.75,99.613248654052,50.));
#9067=CARTESIAN_POINT('',(120.25,102.5,50.));
#9068=CARTESIAN_POINT('',(120.75,105.386751345948,50.));
#9069=CARTESIAN_POINT('',(121.25,106.830127018922,52.5));
#9070=CARTESIAN_POINT('',(121.75,108.273502691896,55.));
#9071=CARTESIAN_POINT('',(122.25,106.830127018922,57.5));
#9072=CARTESIAN_POINT('',(122.75,105.386751345948,60.));
#9073=CARTESIAN_POINT('',(123.25,102.5,60.));
#9074=CARTESIAN_POINT('',(123.75,99.613248654052,60.));
#9075=CARTESIAN_POINT('',(124.25,98.169872981078,57.5));
#9076=CARTESIAN_POINT('',(124.75,96.726497308104,55.));
#9077=CARTESIAN_POINT('',(125.25,98.169872981078,52.5));
#9078=CARTESIAN_POINT('',(125.75,99.613248654052,50.));
#9079=CARTESIAN_POINT('',(126.25,102.5,50.));
#9080=CARTESIAN_POINT('',(126.75,105.386751345948,50.));
#9081=CARTESIAN_POINT('',(127.25,106.830127018922,52.5));
#9082=CARTESIAN_POINT('',(127.75,108.273502691896,55.));
#9083=CARTESIAN_POINT('',(128.25,106.830127018922,57.5));
#9084=CARTESIAN_POINT('',(128.75,105.386751345948,60.));
#9085=CARTESIAN_POINT('',(129.25,102.5,60.));
#9086=CARTESIAN_POINT('',(129.75,99.613248654052,60.));
#9087=CARTESIAN_POINT('',(130.25,98.169872981078,57.5));
#9088=CARTESIAN_POINT('',(130.75,96.726497308104,55.));
#9089=CARTESIAN_POINT('',(131.25,98.169872981078,52.5));
#9090=CARTESIAN_POINT('',(131.75,99.613248654052,50.));
#9091=CARTESIAN_POINT('',(132.25,102.5,50.));
#9092=CARTESIAN_POINT('',(132.75,105.386751345948,50.));
#9093=CARTESIAN_POINT('',(133.25,106.830127018922,52.5));
#9094=CARTESIAN_POINT('',(133.75,108.273502691896,55.));
#9095=CARTESIAN_POINT('',(134.25,106.830127018922,57.5));
#9096=CARTESIAN_POINT('',(134.75,105.386751345948,60.));
#9097=CARTESIAN_POINT('',(135.25,102.5,60.));
#9098=CARTESIAN_POINT('',(135.75,99.613248654052,60.));
#9099=CARTESIAN_POINT('',(136.25,98.169872981078,57.5));
#9100=CARTESIAN_POINT('',(136.75,96.726497308104,55.));
#9101=CARTESIAN_POINT('',(137.25,98.169872981078,52.5));
#9102=CARTESIAN_POINT('',(137.75,99.613248654052,50.));
#9103=CARTESIAN_POINT('',(138.25,102.5,50.));
#9104=CARTESIAN_POINT('',(138.75,105.386751345948,50.));
#9105=CARTESIAN_POINT('',(139.25,106.830127018922,52.5));
#9106=CARTESIAN_POINT('',(139.75,108.273502691896,55.));
#9107=CARTESIAN_POINT('',(140.25,106.830127018922,57.5));
#9108=CARTESIAN_POINT('',(140.75,105.386751345948,60.));
#9109=CARTESIAN_POINT('',(141.25,102.5,60.));
#9110=CARTESIAN_POINT('',(141.75,99.613248654052,60.));
#9111=CARTESIAN_POINT('',(142.25,98.169872981078,57.5));
#9112=CARTESIAN_POINT('',(142.75,96.726497308104,55.));
#9113=CARTESIAN_POINT('',(143.25,98.169872981078,52.5));
#9114=CARTESIAN_POINT('',(143.75,99.613248654052,50.));
#9115=CARTESIAN_POINT('',(144.25,102.5,50.));
#9116=CARTESIAN_POINT('',(144.75,105.386751345948,50.));
#9117=CARTESIAN_POINT('',(145.25,106.830127018922,52.5));
#9118=CARTESIAN_POINT('',(145.75,108.273502691896,55.));
#9119=CARTESIAN_POINT('',(146.25,106.830127018922,57.5));
#9120=CARTESIAN_POINT('',(146.75,105.386751345948,60.));
#9121=CARTESIAN_POINT('',(147.25,102.5,60.));
#9122=CARTESIAN_POINT('',(147.75,99.613248654052,60.));
#9123=CARTESIAN_POINT('',(148.25,98.169872981078,57.5));
#9124=CARTESIAN_POINT('',(148.75,96.726497308104,55.));
#9125=CARTESIAN_POINT('',(149.25,98.169872981078,52.5));
#9126=CARTESIAN_POINT('',(149.75,99.613248654052,50.));
#9127=CARTESIAN_POINT('',(150.25,102.5,50.));
#9128=CARTESIAN_POINT('',(150.75,105.386751345948,50.));
#9129=CARTESIAN_POINT('',(151.25,106.830127018922,52.5));
#9130=CARTESIAN_POINT('',(151.75,108.273502691896,55.));
#9131=CARTESIAN_POINT('',(152.25,106.830127018922,57.5));
#9132=CARTESIAN_POINT('',(152.75,105.386751345948,60.));
#9133=CARTESIAN_POINT('',(153.25,102.5,60.));
#9134=CARTESIAN_POINT('',(153.75,99.613248654052,60.));
#9135=CARTESIAN_POINT('',(154.25,98.169872981078,57.5));
#9136=CARTESIAN_POINT('',(154.75,96.726497308104,55.));
#9137=CARTESIAN_POINT('',(155.25,98.169872981078,52.5));
#9138=CARTESIAN_POINT('',(155.75,99.613248654052,50.));
#9139=CARTESIAN_POINT('',(156.25,102.5,50.));
#9140=CARTESIAN_POINT('',(156.75,105.386751345948,50.));
#9141=CARTESIAN_POINT('',(157.25,106.830127018922,52.5));
#9142=CARTESIAN_POINT('',(157.75,108.273502691896,55.));
#9143=CARTESIAN_POINT('',(158.25,106.830127018922,57.5));
#9144=CARTESIAN_POINT('',(158.75,105.386751345948,60.));
#9145=CARTESIAN_POINT('',(159.25,102.5,60.));
#9146=CARTESIAN_POINT('',(159.75,99.613248654052,60.));
#9147=CARTESIAN_POINT('',(160.25,98.169872981078,57.5));
#9148=CARTESIAN_POINT('',(160.75,96.726497308104,55.));
#9149=CARTESIAN_POINT('',(161.25,98.169872981078,52.5));
#9150=CARTESIAN_POINT('',(161.75,99.613248654052,50.));
#9151=CARTESIAN_POINT('',(162.25,102.5,50.));
#9152=CARTESIAN_POINT('',(162.75,105.386751345948,50.));
#9153=CARTESIAN_POINT('',(163.25,106.830127018922,52.5));
#9154=CARTESIAN_POINT('',(163.75,108.273502691896,55.));
#9155=CARTESIAN_POINT('',(164.25,106.830127018922,57.5));
#9156=CARTESIAN_POINT('',(164.75,105.386751345948,60.));
#9157=CARTESIAN_POINT('',(165.25,102.5,60.));
#9158=CARTESIAN_POINT('',(165.75,99.613248654052,60.));
#9159=CARTESIAN_POINT('',(166.25,98.169872981078,57.5));
#9160=CARTESIAN_POINT('',(166.75,96.726497308104,55.));
#9161=CARTESIAN_POINT('',(167.25,98.169872981078,52.5));
#9162=CARTESIAN_POINT('',(167.75,99.613248654052,50.));
#9163=CARTESIAN_POINT('',(168.25,102.5,50.));
#9164=CARTESIAN_POINT('',(168.75,105.386751345948,50.));
#9165=CARTESIAN_POINT('',(169.25,106.830127018922,52.5));
#9166=CARTESIAN_POINT('',(169.75,108.273502691896,55.));
#9167=CARTESIAN_POINT('',(170.25,106.830127018922,57.5));
#9168=CARTESIAN_POINT('',(170.75,105.386751345948,60.));
#9169=CARTESIAN_POINT('',(171.25,102.5,60.));
#9170=CARTESIAN_POINT('',(171.75,99.613248654052,60.));
#9171=CARTESIAN_POINT('',(172.25,98.169872981078,57.5));
#9172=CARTESIAN_POINT('',(172.75,96.726497308104,55.));
#9173=CARTESIAN_POINT('',(173.25,98.169872981078,52.5));
#9174=CARTESIAN_POINT('',(173.75,99.613248654052,50.));
#9175=CARTESIAN_POINT('',(174.25,102.5,50.));
#9176=CARTESIAN_POINT('',(174.75,105.386751345948,50.));
#9177=CARTESIAN_POINT('',(175.25,106.830127018922,52.5));
#9178=CARTESIAN_POINT('',(175.75,108.273502691896,55.));
#9179=CARTESIAN_POINT('',(176.25,106.830127018922,57.5));
#9180=CARTESIAN_POINT('',(176.75,105.386751345948,60.));
#9181=CARTESIAN_POINT('',(177.25,102.5,60.));
#9182=CARTESIAN_POINT('',(177.75,99.613248654052,60.));
#9183=CARTESIAN_POINT('',(178.25,98.169872981078,57.5));
#9184=CARTESIAN_POINT('',(178.75,96.726497308104,55.));
#9185=CARTESIAN_POINT('',(179.25,98.169872981078,52.5));
#9186=CARTESIAN_POINT('',(179.75,99.613248654052,50.));
#9187=CARTESIAN_POINT('',(180.25,102.5,50.));
#9188=CARTESIAN_POINT('',(180.75,105.386751345948,50.));
#9189=CARTESIAN_POINT('',(181.25,106.830127018922,52.5));
#9190=CARTESIAN_POINT('',(181.75,108.273502691896,55.));
#9191=CARTESIAN_POINT('',(182.25,106.830127018922,57.5));
#9192=CARTESIAN_POINT('',(182.75,105.386751345948,60.));
#9193=CARTESIAN_POINT('',(183.25,102.5,60.));
#9194=CARTESIAN_POINT('',(183.75,99.613248654052,60.));
#9195=CARTESIAN_POINT('',(184.25,98.169872981078,57.5));
#9196=CARTESIAN_POINT('',(184.75,96.726497308104,55.));
#9197=CARTESIAN_POINT('',(185.25,98.169872981078,52.5));
#9198=CARTESIAN_POINT('',(185.75,99.613248654052,50.));
#9199=CARTESIAN_POINT('',(186.25,102.5,50.));
#9200=CARTESIAN_POINT('',(186.75,105.386751345948,50.));
#9201=CARTESIAN_POINT('',(187.25,106.830127018922,52.5));
#9202=CARTESIAN_POINT('',(187.75,108.273502691896,55.));
#9203=CARTESIAN_POINT('',(188.25,106.830127018922,57.5));
#9204=CARTESIAN_POINT('',(188.75,105.386751345948,60.));
#9205=CARTESIAN_POINT('',(189.25,102.5,60.));
#9206=CARTESIAN_POINT('',(189.75,99.613248654052,60.));
#9207=CARTESIAN_POINT('',(190.25,98.169872981078,57.5));
#9208=CARTESIAN_POINT('',(190.75,96.726497308104,55.));
#9209=CARTESIAN_POINT('',(191.25,98.169872981078,52.5));
#9210=CARTESIAN_POINT('',(191.75,99.613248654052,50.));
#9211=CARTESIAN_POINT('',(192.25,102.5,50.));
#9212=CARTESIAN_POINT('',(192.75,105.386751345948,50.));
#9213=CARTESIAN_POINT('',(193.25,106.830127018922,52.5));
#9214=CARTESIAN_POINT('',(193.75,108.273502691896,55.));
#9215=CARTESIAN_POINT('',(194.25,106.830127018922,57.5));
#9216=CARTESIAN_POINT('',(194.75,105.386751345948,60.));
#9217=CARTESIAN_POINT('',(195.25,102.5,60.));
#9218=CARTESIAN_POINT('',(195.75,99.613248654052,60.));
#9219=CARTESIAN_POINT('',(196.25,98.169872981078,57.5));
#9220=CARTESIAN_POINT('',(196.75,96.726497308104,55.));
#9221=CARTESIAN_POINT('',(197.25,98.169872981078,52.5));
#9222=CARTESIAN_POINT('',(197.75,99.613248654052,50.));
#9223=CARTESIAN_POINT('',(198.25,102.5,50.));
#9224=CARTESIAN_POINT('',(198.75,105.386751345948,50.));
#9225=CARTESIAN_POINT('',(199.25,106.830127018922,52.5));
#9226=CARTESIAN_POINT('',(199.75,108.273502691896,55.));
#9227=CARTESIAN_POINT('',(200.25,106.830127018922,57.5));
#9228=CARTESIAN_POINT('',(200.75,105.386751345948,60.));
#9229=CARTESIAN_POINT('',(201.25,102.5,60.));
#9230=CARTESIAN_POINT('',(201.75,99.613248654052,60.));
#9231=CARTESIAN_POINT('',(202.25,98.169872981078,57.5));
#9232=CARTESIAN_POINT('',(202.75,96.726497308104,55.));
#9233=CARTESIAN_POINT('',(203.25,98.169872981078,52.5));
#9234=CARTESIAN_POINT('',(203.75,99.613248654052,50.));
#9235=CARTESIAN_POINT('',(204.25,102.5,50.));
#9236=CARTESIAN_POINT('',(204.75,105.386751345948,50.));
#9237=CARTESIAN_POINT('',(205.25,106.830127018922,52.5));
#9238=CARTESIAN_POINT('',(205.75,108.273502691896,55.));
#9239=CARTESIAN_POINT('',(206.25,106.830127018922,57.5));
#9240=CARTESIAN_POINT('',(206.75,105.386751345948,60.));
#9241=CARTESIAN_POINT('',(207.25,102.5,60.));
#9242=CARTESIAN_POINT('',(207.75,99.613248654052,60.));
#9243=CARTESIAN_POINT('',(208.25,98.169872981078,57.5));
#9244=CARTESIAN_POINT('',(208.75,96.726497308104,55.));
#9245=CARTESIAN_POINT('',(209.25,98.169872981078,52.5));
#9246=CARTESIAN_POINT('',(209.75,99.613248654052,50.));
#9247=CARTESIAN_POINT('',(210.25,102.5,50.));
#9248=CARTESIAN_POINT('',(210.75,105.386751345948,50.));
#9249=CARTESIAN_POINT('',(211.25,106.830127018922,52.5));
#9250=CARTESIAN_POINT('',(211.75,108.273502691896,55.));
#9251=CARTESIAN_POINT('',(212.25,106.830127018922,57.5));
#9252=CARTESIAN_POINT('',(212.75,105.386751345948,60.));
#9253=CARTESIAN_POINT('',(213.25,102.5,60.));
#9254=CARTESIAN_POINT('',(213.75,99.613248654052,60.));
#9255=CARTESIAN_POINT('',(214.25,98.169872981078,57.5));
#9256=CARTESIAN_POINT('',(214.75,96.726497308104,55.));
#9257=CARTESIAN_POINT('',(215.25,98.169872981078,52.5));
#9258=CARTESIAN_POINT('',(215.75,99.613248654052,50.));
#9259=CARTESIAN_POINT('',(216.25,102.5,50.));
#9260=CARTESIAN_POINT('',(216.75,105.386751345948,50.));
#9261=CARTESIAN_POINT('',(217.25,106.830127018922,52.5));
#9262=CARTESIAN_POINT('',(217.75,108.273502691896,55.));
#9263=CARTESIAN_POINT('',(218.25,106.830127018922,57.5));
#9264=CARTESIAN_POINT('',(218.75,105.386751345948,60.));
#9265=CARTESIAN_POINT('',(219.25,102.5,60.));
#9266=CARTESIAN_POINT('',(219.75,99.613248654052,60.));
#9267=CARTESIAN_POINT('',(220.25,98.169872981078,57.5));
#9268=CARTESIAN_POINT('',(220.75,96.726497308104,55.));
#9269=CARTESIAN_POINT('',(221.25,98.169872981078,52.5));
#9270=CARTESIAN_POINT('',(221.75,99.613248654052,50.));
#9271=CARTESIAN_POINT('',(222.25,102.5,50.));
#9272=CARTESIAN_POINT('',(222.75,105.386751345948,50.));
#9273=CARTESIAN_POINT('',(223.25,106.830127018922,52.5));
#9274=CARTESIAN_POINT('',(223.75,108.273502691896,55.));
#9275=CARTESIAN_POINT('',(224.25,106.830127018922,57.5));
#9276=CARTESIAN_POINT('',(224.75,105.386751345948,60.));
#9277=CARTESIAN_POINT('',(225.25,102.5,60.));
#9278=CARTESIAN_POINT('',(225.75,99.613248654052,60.));
#9279=CARTESIAN_POINT('',(226.25,98.169872981078,57.5));
#9280=CARTESIAN_POINT('',(226.75,96.726497308104,55.));
#9281=CARTESIAN_POINT('',(227.25,98.169872981078,52.5));
#9282=CARTESIAN_POINT('',(227.75,99.613248654052,50.));
#9283=CARTESIAN_POINT('',(228.25,102.5,50.));
#9284=CARTESIAN_POINT('',(228.75,105.386751345948,50.));
#9285=CARTESIAN_POINT('',(229.25,106.830127018922,52.5));
#9286=CARTESIAN_POINT('',(229.75,108.273502691896,55.));
#9287=CARTESIAN_POINT('',(230.25,106.830127018922,57.5));
#9288=CARTESIAN_POINT('',(230.75,105.386751345948,60.));
#9289=CARTESIAN_POINT('',(231.25,102.5,60.));
#9290=CARTESIAN_POINT('',(231.75,99.613248654052,60.));
#9291=CARTESIAN_POINT('',(232.25,98.169872981078,57.5));
#9292=CARTESIAN_POINT('',(232.75,96.726497308104,55.));
#9293=CARTESIAN_POINT('',(233.25,98.169872981078,52.5));
#9294=CARTESIAN_POINT('',(233.75,99.613248654052,50.));
#9295=CARTESIAN_POINT('',(234.25,102.5,50.));
#9296=CARTESIAN_POINT('',(234.75,105.386751345948,50.));
#9297=CARTESIAN_POINT('',(235.25,106.830127018922,52.5));
#9298=CARTESIAN_POINT('',(235.75,108.273502691896,55.));
#9299=CARTESIAN_POINT('',(236.25,106.830127018922,57.5));
#9300=CARTESIAN_POINT('',(236.75,105.386751345948,60.));
#9301=CARTESIAN_POINT('',(237.25,102.5,60.));
#9302=CARTESIAN_POINT('',(237.75,99.613248654052,60.));
#9303=CARTESIAN_POINT('',(238.25,98.169872981078,57.5));
#9304=CARTESIAN_POINT('',(238.75,96.726497308104,55.));
#9305=CARTESIAN_POINT('',(239.25,98.169872981078,52.5));
#9306=CARTESIAN_POINT('',(239.75,99.613248654052,50.));
#9307=CARTESIAN_POINT('',(240.25,102.5,50.));
#9308=CARTESIAN_POINT('',(240.75,105.386751345948,50.));
#9309=CARTESIAN_POINT('',(241.25,106.830127018922,52.5));
#9310=CARTESIAN_POINT('',(241.75,108.273502691896,55.));
#9311=CARTESIAN_POINT('',(242.25,106.830127018922,57.5));
#9312=CARTESIAN_POINT('',(242.75,105.386751345948,60.));
#9313=CARTESIAN_POINT('',(243.25,102.5,60.));
#9314=CARTESIAN_POINT('',(243.75,99.613248654052,60.));
#9315=CARTESIAN_POINT('',(244.25,98.169872981078,57.5));
#9316=CARTESIAN_POINT('',(244.75,96.726497308104,55.));
#9317=CARTESIAN_POINT('',(245.25,98.169872981078,52.5));
#9318=CARTESIAN_POINT('',(245.75,99.613248654052,50.));
#9319=CARTESIAN_POINT('',(246.25,102.5,50.));
#9320=CARTESIAN_POINT('',(246.75,105.386751345948,50.));
#9321=CARTESIAN_POINT('',(247.25,106.830127018922,52.5));
#9322=CARTESIAN_POINT('',(247.75,108.273502691896,55.));
#9323=CARTESIAN_POINT('',(248.25,106.830127018922,57.5));
#9324=CARTESIAN_POINT('',(248.75,105.386751345948,60.));
#9325=CARTESIAN_POINT('',(249.25,102.5,60.));
#9326=CARTESIAN_POINT('',(249.75,99.613248654052,60.));
#9327=CARTESIAN_POINT('',(250.25,98.169872981078,57.5));
#9328=CARTESIAN_POINT('',(250.75,96.726497308104,55.));
#9329=CARTESIAN_POINT('',(251.25,98.169872981078,52.5));
#9330=CARTESIAN_POINT('',(251.75,99.613248654052,50.));
#9331=CARTESIAN_POINT('',(252.25,102.5,50.));
#9332=CARTESIAN_POINT('',(252.75,105.386751345948,50.));
#9333=CARTESIAN_POINT('',(253.25,106.830127018922,52.5));
#9334=CARTESIAN_POINT('',(253.75,108.273502691896,55.));
#9335=CARTESIAN_POINT('',(254.25,106.830127018922,57.5));
#9336=CARTESIAN_POINT('',(254.75,105.386751345948,60.));
#9337=CARTESIAN_POINT('',(255.25,102.5,60.));
#9338=CARTESIAN_POINT('',(255.75,99.613248654052,60.));
#9339=CARTESIAN_POINT('',(256.25,98.169872981078,57.5));
#9340=CARTESIAN_POINT('',(256.75,96.726497308104,55.));
#9341=CARTESIAN_POINT('',(257.25,98.169872981078,52.5));
#9342=CARTESIAN_POINT('',(257.75,99.613248654052,50.));
#9343=CARTESIAN_POINT('',(258.25,102.5,50.));
#9344=CARTESIAN_POINT('',(258.75,105.386751345948,50.));
#9345=CARTESIAN_POINT('',(259.25,106.830127018922,52.5));
#9346=CARTESIAN_POINT('',(259.75,108.273502691896,55.));
#9347=CARTESIAN_POINT('',(260.25,106.830127018922,57.5));
#9348=CARTESIAN_POINT('',(260.75,105.386751345948,60.));
#9349=CARTESIAN_POINT('',(261.25,102.5,60.));
#9350=CARTESIAN_POINT('',(261.75,99.613248654052,60.));
#9351=CARTESIAN_POINT('',(262.25,98.169872981078,57.5));
#9352=CARTESIAN_POINT('',(262.75,96.726497308104,55.));
#9353=CARTESIAN_POINT('',(263.25,98.169872981078,52.5));
#9354=CARTESIAN_POINT('',(263.75,99.613248654052,50.));
#9355=CARTESIAN_POINT('',(264.25,102.5,50.));
#9356=CARTESIAN_POINT('',(264.75,105.386751345948,50.));
#9357=CARTESIAN_POINT('',(265.25,106.830127018922,52.5));
#9358=CARTESIAN_POINT('',(265.75,108.273502691896,55.));
#9359=CARTESIAN_POINT('',(266.25,106.830127018922,57.5));
#9360=CARTESIAN_POINT('',(266.75,105.386751345948,60.));
#9361=CARTESIAN_POINT('',(267.25,102.5,60.));
#9362=CARTESIAN_POINT('',(267.75,99.613248654052,60.));
#9363=CARTESIAN_POINT('',(268.25,98.169872981078,57.5));
#9364=CARTESIAN_POINT('',(268.75,96.726497308104,55.));
#9365=CARTESIAN_POINT('',(269.25,98.169872981078,52.5));
#9366=CARTESIAN_POINT('',(269.75,99.613248654052,50.));
#9367=CARTESIAN_POINT('',(270.25,102.5,50.));
#9368=CARTESIAN_POINT('',(270.75,105.386751345948,50.));
#9369=CARTESIAN_POINT('',(271.25,106.830127018922,52.5));
#9370=CARTESIAN_POINT('',(271.75,108.273502691896,55.));
#9371=CARTESIAN_POINT('',(272.25,106.830127018922,57.5));
#9372=CARTESIAN_POINT('',(272.75,105.386751345948,60.));
#9373=CARTESIAN_POINT('',(273.25,102.5,60.));
#9374=CARTESIAN_POINT('',(273.75,99.613248654052,60.));
#9375=CARTESIAN_POINT('',(274.25,98.169872981078,57.5));
#9376=CARTESIAN_POINT('',(274.75,96.726497308104,55.));
#9377=CARTESIAN_POINT('',(275.25,98.169872981078,52.5));
#9378=CARTESIAN_POINT('',(275.75,99.613248654052,50.));
#9379=CARTESIAN_POINT('',(276.25,102.5,50.));
#9380=CARTESIAN_POINT('',(276.75,105.386751345948,50.));
#9381=CARTESIAN_POINT('',(277.25,106.830127018922,52.5));
#9382=CARTESIAN_POINT('',(277.75,108.273502691896,55.));
#9383=CARTESIAN_POINT('',(278.25,106.830127018922,57.5));
#9384=CARTESIAN_POINT('',(278.75,105.386751345948,60.));
#9385=CARTESIAN_POINT('',(279.25,102.5,60.));
#9386=CARTESIAN_POINT('',(279.75,99.613248654052,60.));
#9387=CARTESIAN_POINT('',(280.25,98.169872981078,57.5));
#9388=CARTESIAN_POINT('',(280.75,96.726497308104,55.));
#9389=CARTESIAN_POINT('',(281.25,98.169872981078,52.5));
#9390=CARTESIAN_POINT('',(281.75,99.613248654052,50.));
#9391=CARTESIAN_POINT('',(282.25,102.5,50.));
#9392=(BOUNDED_SURFACE()B_SPLINE_SURFACE(3,2,((#6613,#6614,#6615,#6616,#6617,#6618,#6619,#6620,#6621,#6622,#6623,#6624,#6625,#6626,#6627,#6628,#6629,#6630,#6631,#6632,#6633,#6634,#6635,#6636,#6637,#6638,#6639,#6640,#6641,#6642,#6643,#6644,#6645,#6646,#6647,#6648,#6649,#6650,#6651,#6652,#6653,#6654,#6655,#6656,#6657,#6658,#6659,#6660,#6661,#6662,#6663,#6664,#6665,#6666,#6667,#6668,#6669,#6670,#6671,#6672,#6673,#6674,#6675,#6676,#6677,#6678,#6679,#6680,#6681,#6682,#6683,#6684,#6685,#6686,#6687,#6688,#6689,#6690,#6691,#6692,#6693,#6694,#6695,#6696,#6697,#6698,#6699,#6700,#6701,#6702,#6703,#6704,#6705,#6706,#6707,#6708,#6709,#6710,#6711,#6712,#6713,#6714,#6715,#6716,#6717,#6718,#6719,#6720,#6721,#6722,#6723,#6724,#6725,#6726,#6727,#6728,#6729,#6730,#6731,#6732,#6733,#6734,#6735,#6736,#6737,#6738,#6739,#6740,#6741,#6742,#6743,#6744,#6745,#6746,#6747,#6748,#6749,#6750,#6751,#6752,#6753,#6754,#6755,#6756,#6757,#6758,#6759,#6760,#6761,#6762,#6763,#6764,#6765,#6766,#6767,#6768,#6769,#6770,#6771,#6772,#6773,#6774,#6775,#6776,#6777,#6778,#6779,#6780,#6781,#6782,#6783,#6784,#6785,#6786,#6787,#6788,#6789,#6790,#6791,#6792,#6793,#6794,#6795,#6796,#6797,#6798,#6799,#6800,#6801,#6802,#6803,#6804,#6805,#6806,#6807,#6808,#6809,#6810,#6811,#6812,#6813,#6814,#6815,#6816,#6817,#6818,#6819,#6820,#6821,#6822,#6823,#6824,#6825,#6826,#6827,#6828,#6829,#6830,#6831,#6832,#6833,#6834,#6835,#6836,#6837,#6838,#6839,#6840,#6841,#6842,#6843,#6844,#6845,#6846,#6847,#6848,#6849,#6850,#6851,#6852,#6853,#6854,#6855,#6856,#6857,#6858,#6859,#6860,#6861,#6862,#6863,#6864,#6865,#6866,#6867,#6868,#6869,#6870,#6871,#6872,#6873,#6874,#6875,#6876,#6877,#6878,#6879,#6880,#6881,#6882,#6883,#6884,#6885,#6886,#6887,#6888,#6889,#6890,#6891,#6892,#6893,#6894,#6895,#6896,#6897,#6898,#6899,#6900,#6901,#6902,#6903,#6904,#6905,#6906,#6907,#6908,#6909,#6910,#6911,#6912,#6913,#6914,#6915,#6916,#6917,#6918,#6919,#6920,#6921,#6922,#6923,#6924,#6925,#6926,#6927,#6928,#6929,#6930,#6931,#6932,#6933,#6934,#6935,#6936,#6937,#6938,#6939,#6940,#6941,#6942,#6943,#6944,#6945,#6946,#6947,#6948,#6949,#6950,#6951,#6952,#6953,#6954,#6955,#6956,#6957,#6958,#6959,#6960,#6961,#6962,#6963,#6964,#6965,#6966,#6967,#6968,#6969,#6970,#6971,#6972,#6973,#6974,#6975,#6976,#6977,#6978,#6979,#6980,#6981,#6982,#6983,#6984,#6985,#6986,#6987,#6988,#6989,#6990,#6991,#6992,#6993,#6994,#6995,#6996,#6997,#6998,#6999,#7000,#7001,#7002,#7003,#7004,#7005,#7006,#7007,#7008,#7009),(#7010,#7011,#7012,#7013,#7014,#7015,#7016,#7017,#7018,#7019,#7020,#7021,#7022,#7023,#7024,#7025,#7026,#7027,#7028,#7029,#7030,#7031,#7032,#7033,#7034,#7035,#7036,#7037,#7038,#7039,#7040,#7041,#7042,#7043,#7044,#7045,#7046,#7047,#7048,#7049,#7050,#7051,#7052,#7053,#7054,#7055,#7056,#7057,#7058,#7059,#7060,#7061,#7062,#7063,#7064,#7065,#7066,#7067,#7068,#7069,#7070,#7071,#7072,#7073,#7074,#7075,#7076,#7077,#7078,#7079,#7080,#7081,#7082,#7083,#7084,#7085,#7086,#7087,#7088,#7089,#7090,#7091,#7092,#7093,#7094,#7095,#7096,#7097,#7098,#7099,#7100,#7101,#7102,#7103,#7104,#7105,#7106,#7107,#7108,#7109,#7110,#7111,#7112,#7113,#7114,#7115,#7116,#7117,#7118,#7119,#7120,#7121,#7122,#7123,#7124,#7125,#7126,#7127,#7128,#7129,#7130,#7131,#7132,#7133,#7134,#7135,#7136,#7137,#7138,#7139,#7140,#7141,#7142,#7143,#7144,#7145,#7146,#7147,#7148,#7149,#7150,#7151,#7152,#7153,#7154,#7155,#7156,#7157,#7158,#7159,#7160,#7161,#7162,#7163,#7164,#7165,#7166,#7167,#7168,#7169,#7170,#7171,#7172,#7173,#7174,#7175,#7176,#7177,#7178,#7179,#7180,#7181,#7182,#7183,#7184,#7185,#7186,#7187,#7188,#7189,#7190,#7191,#7192,#7193,#7194,#7195,#7196,#7197,#7198,#7199,#7200,#7201,#7202,#7203,#7204,#7205,#7206,#7207,#7208,#7209,#7210,#7211,#7212,#7213,#7214,#7215,#7216,#7217,#7218,#7219,#7220,#7221,#7222,#7223,#7224,#7225,#7226,#7227,#7228,#7229,#7230,#7231,#7232,#7233,#7234,#7235,#7236,#7237,#7238,#7239,#7240,#7241,#7242,#7243,#7244,#7245,#7246,#7247,#7248,#7249,#7250,#7251,#7252,#7253,#7254,#7255,#7256,#7257,#7258,#7259,#7260,#7261,#7262,#7263,#7264,#7265,#7266,#7267,#7268,#7269,#7270,#7271,#7272,#7273,#7274,#7275,#7276,#7277,#7278,#7279,#7280,#7281,#7282,#7283,#7284,#7285,#7286,#7287,#7288,#7289,#7290,#7291,#7292,#7293,#7294,#7295,#7296,#7297,#7298,#7299,#7300,#7301,#7302,#7303,#7304,#7305,#7306,#7307,#7308,#7309,#7310,#7311,#7312,#7313,#7314,#7315,#7316,#7317,#7318,#7319,#7320,#7321,#7322,#7323,#7324,#7325,#7326,#7327,#7328,#7329,#7330,#7331,#7332,#7333,#7334,#7335,#7336,#7337,#7338,#7339,#7340,#7341,#7342,#7343,#7344,#7345,#7346,#7347,#7348,#7349,#7350,#7351,#7352,#7353,#7354,#7355,#7356,#7357,#7358,#7359,#7360,#7361,#7362,#7363,#7364,#7365,#7366,#7367,#7368,#7369,#7370,#7371,#7372,#7373,#7374,#7375,#7376,#7377,#7378,#7379,#7380,#7381,#7382,#7383,#7384,#7385,#7386,#7387,#7388,#7389,#7390,#7391,#7392,#7393,#7394,#7395,#7396,#7397,#7398,#7399,#7400,#7401,#7402,#7403,#7404,#7405,#7406),(#7407,#7408,#7409,#7410,#7411,#7412,#7413,#7414,#7415,#7416,#7417,#7418,#7419,#7420,#7421,#7422,#7423,#7424,#7425,#7426,#7427,#7428,#7429,#7430,#7431,#7432,#7433,#7434,#7435,#7436,#7437,#7438,#7439,#7440,#7441,#7442,#7443,#7444,#7445,#7446,#7447,#7448,#7449,#7450,#7451,#7452,#7453,#7454,#7455,#7456,#7457,#7458,#7459,#7460,#7461,#7462,#7463,#7464,#7465,#7466,#7467,#7468,#7469,#7470,#7471,#7472,#7473,#7474,#7475,#7476,#7477,#7478,#7479,#7480,#7481,#7482,#7483,#7484,#7485,#7486,#7487,#7488,#7489,#7490,#7491,#7492,#7493,#7494,#7495,#7496,#7497,#7498,#7499,#7500,#7501,#7502,#7503,#7504,#7505,#7506,#7507,#7508,#7509,#7510,#7511,#7512,#7513,#7514,#7515,#7516,#7517,#7518,#7519,#7520,#7521,#7522,#7523,#7524,#7525,#7526,#7527,#7528,#7529,#7530,#7531,#7532,#7533,#7534,#7535,#7536,#7537,#7538,#7539,#7540,#7541,#7542,#7543,#7544,#7545,#7546,#7547,#7548,#7549,#7550,#7551,#7552,#7553,#7554,#7555,#7556,#7557,#7558,#7559,#7560,#7561,#7562,#7563,#7564,#7565,#7566,#7567,#7568,#7569,#7570,#7571,#7572,#7573,#7574,#7575,#7576,#7577,#7578,#7579,#7580,#7581,#7582,#7583,#7584,#7585,#7586,#7587,#7588,#7589,#7590,#7591,#7592,#7593,#7594,#7595,#7596,#7597,#7598,#7599,#7600,#7601,#7602,#7603,#7604,#7605,#7606,#7607,#7608,#7609,#7610,#7611,#7612,#7613,#7614,#7615,#7616,#7617,#7618,#7619,#7620,#7621,#7622,#7623,#7624,#7625,#7626,#7627,#7628,#7629,#7630,#7631,#7632,#7633,#7634,#7635,#7636,#7637,#7638,#7639,#7640,#7641,#7642,#7643,#7644,#7645,#7646,#7647,#7648,#7649,#7650,#7651,#7652,#7653,#7654,#7655,#7656,#7657,#7658,#7659,#7660,#7661,#7662,#7663,#7664,#7665,#7666,#7667,#7668,#7669,#7670,#7671,#7672,#7673,#7674,#7675,#7676,#7677,#7678,#7679,#7680,#7681,#7682,#7683,#7684,#7685,#7686,#7687,#7688,#7689,#7690,#7691,#7692,#7693,#7694,#7695,#7696,#7697,#7698,#7699,#7700,#7701,#7702,#7703,#7704,#7705,#7706,#7707,#7708,#7709,#7710,#7711,#7712,#7713,#7714,#7715,#7716,#7717,#7718,#7719,#7720,#7721,#7722,#7723,#7724,#7725,#7726,#7727,#7728,#7729,#7730,#7731,#7732,#7733,#7734,#7735,#7736,#7737,#7738,#7739,#7740,#7741,#7742,#7743,#7744,#7745,#7746,#7747,#7748,#7749,#7750,#7751,#7752,#7753,#7754,#7755,#7756,#7757,#7758,#7759,#7760,#7761,#7762,#7763,#7764,#7765,#7766,#7767,#7768,#7769,#7770,#7771,#7772,#7773,#7774,#7775,#7776,#7777,#7778,#7779,#7780,#7781,#7782,#7783,#7784,#7785,#7786,#7787,#7788,#7789,#7790,#7791,#7792,#7793,#7794,#7795,#7796,#7797,#7798,#7799,#7800,#7801,#7802,#7803),(#7804,#7805,#7806,#7807,#7808,#7809,#7810,#7811,#7812,#7813,#7814,#7815,#7816,#7817,#7818,#7819,#7820,#7821,#7822,#7823,#7824,#7825,#7826,#7827,#7828,#7829,#7830,#7831,#7832,#7833,#7834,#7835,#7836,#7837,#7838,#7839,#7840,#7841,#7842,#7843,#7844,#7845,#7846,#7847,#7848,#7849,#7850,#7851,#7852,#7853,#7854,#7855,#7856,#7857,#7858,#7859,#7860,#7861,#7862,#7863,#7864,#7865,#7866,#7867,#7868,#7869,#7870,#7871,#7872,#7873,#7874,#7875,#7876,#7877,#7878,#7879,#7880,#7881,#7882,#7883,#7884,#7885,#7886,#7887,#7888,#7889,#7890,#7891,#7892,#7893,#7894,#7895,#7896,#7897,#7898,#7899,#7900,#7901,#7902,#7903,#7904,#7905,#7906,#7907,#7908,#7909,#7910,#7911,#7912,#7913,#7914,#7915,#7916,#7917,#7918,#7919,#7920,#7921,#7922,#7923,#7924,#7925,#7926,#7927,#7928,#7929,#7930,#7931,#7932,#7933,#7934,#7935,#7936,#7937,#7938,#7939,#7940,#7941,#7942,#7943,#7944,#7945,#7946,#7947,#7948,#7949,#7950,#7951,#7952,#7953,#7954,#7955,#7956,#7957,#7958,#7959,#7960,#7961,#7962,#7963,#7964,#7965,#7966,#7967,#7968,#7969,#7970,#7971,#7972,#7973,#7974,#7975,#7976,#7977,#7978,#7979,#7980,#7981,#7982,#7983,#7984,#7985,#7986,#7987,#7988,#7989,#7990,#7991,#7992,#7993,#7994,#7995,#7996,#7997,#7998,#7999,#8000,#8001,#8002,#8003,#8004,#8005,#8006,#8007,#8008,#8009,#8010,#8011,#8012,#8013,#8014,#8015,#8016,#8017,#8018,#8019,#8020,#8021,#8022,#8023,#8024,#8025,#8026,#8027,#8028,#8029,#8030,#8031,#8032,#8033,#8034,#8035,#8036,#8037,#8038,#8039,#8040,#8041,#8042,#8043,#8044,#8045,#8046,#8047,#8048,#8049,#8050,#8051,#8052,#8053,#8054,#8055,#8056,#8057,#8058,#8059,#8060,#8061,#8062,#8063,#8064,#8065,#8066,#8067,#8068,#8069,#8070,#8071,#8072,#8073,#8074,#8075,#8076,#8077,#8078,#8079,#8080,#8081,#8082,#8083,#8084,#8085,#8086,#8087,#8088,#8089,#8090,#8091,#8092,#8093,#8094,#8095,#8096,#8097,#8098,#8099,#8100,#8101,#8102,#8103,#8104,#8105,#8106,#8107,#8108,#8109,#8110,#8111,#8112,#8113,#8114,#8115,#8116,#8117,#8118,#8119,#8120,#8121,#8122,#8123,#8124,#8125,#8126,#8127,#8128,#8129,#8130,#8131,#8132,#8133,#8134,#8135,#8136,#8137,#8138,#8139,#8140,#8141,#8142,#8143,#8144,#8145,#8146,#8147,#8148,#8149,#8150,#8151,#8152,#8153,#8154,#8155,#8156,#8157,#8158,#8159,#8160,#8161,#8162,#8163,#8164,#8165,#8166,#8167,#8168,#8169,#8170,#8171,#8172,#8173,#8174,#8175,#8176,#8177,#8178,#8179,#8180,#8181,#8182,#8183,#8184,#8185,#8186,#8187,#8188,#8189,#8190,#8191,#8192,#8193,#8194,#8195,#8196,#8197,#8198,#8199,#8200),(#8201,#8202,#8203,#8204,#8205,#8206,#8207,#8208,#8209,#8210,#8211,#8212,#8213,#8214,#8215,#8216,#8217,#8218,#8219,#8220,#8221,#8222,#8223,#8224,#8225,#8226,#8227,#8228,#8229,#8230,#8231,#8232,#8233,#8234,#8235,#8236,#8237,#8238,#8239,#8240,#8241,#8242,#8243,#8244,#8245,#8246,#8247,#8248,#8249,#8250,#8251,#8252,#8253,#8254,#8255,#8256,#8257,#8258,#8259,#8260,#8261,#8262,#8263,#8264,#8265,#8266,#8267,#8268,#8269,#8270,#8271,#8272,#8273,#8274,#8275,#8276,#8277,#8278,#8279,#8280,#8281,#8282,#8283,#8284,#8285,#8286,#8287,#8288,#8289,#8290,#8291,#8292,#8293,#8294,#8295,#8296,#8297,#8298,#8299,#8300,#8301,#8302,#8303,#8304,#8305,#8306,#8307,#8308,#8309,#8310,#8311,#8312,#8313,#8314,#8315,#8316,#8317,#8318,#8319,#8320,#8321,#8322,#8323,#8324,#8325,#8326,#8327,#8328,#8329,#8330,#8331,#8332,#8333,#8334,#8335,#8336,#8337,#8338,#8339,#8340,#8341,#8342,#8343,#8344,#8345,#8346,#8347,#8348,#8349,#8350,#8351,#8352,#8353,#8354,#8355,#8356,#8357,#8358,#8359,#8360,#8361,#8362,#8363,#8364,#8365,#8366,#8367,#8368,#8369,#8370,#8371,#8372,#8373,#8374,#8375,#8376,#8377,#8378,#8379,#8380,#8381,#8382,#8383,#8384,#8385,#8386,#8387,#8388,#8389,#8390,#8391,#8392,#8393,#8394,#8395,#8396,#8397,#8398,#8399,#8400,#8401,#8402,#8403,#8404,#8405,#8406,#8407,#8408,#8409,#8410,#8411,#8412,#8413,#8414,#8415,#8416,#8417,#8418,#8419,#8420,#8421,#8422,#8423,#8424,#8425,#8426,#8427,#8428,#8429,#8430,#8431,#8432,#8433,#8434,#8435,#8436,#8437,#8438,#8439,#8440,#8441,#8442,#8443,#8444,#8445,#8446,#8447,#8448,#8449,#8450,#8451,#8452,#8453,#8454,#8455,#8456,#8457,#8458,#8459,#8460,#8461,#8462,#8463,#8464,#8465,#8466,#8467,#8468,#8469,#8470,#8471,#8472,#8473,#8474,#8475,#8476,#8477,#8478,#8479,#8480,#8481,#8482,#8483,#8484,#8485,#8486,#8487,#8488,#8489,#8490,#8491,#8492,#8493,#8494,#8495,#8496,#8497,#8498,#8499,#8500,#8501,#8502,#8503,#8504,#8505,#8506,#8507,#8508,#8509,#8510,#8511,#8512,#8513,#8514,#8515,#8516,#8517,#8518,#8519,#8520,#8521,#8522,#8523,#8524,#8525,#8526,#8527,#8528,#8529,#8530,#8531,#8532,#8533,#8534,#8535,#8536,#8537,#8538,#8539,#8540,#8541,#8542,#8543,#8544,#8545,#8546,#8547,#8548,#8549,#8550,#8551,#8552,#8553,#8554,#8555,#8556,#8557,#8558,#8559,#8560,#8561,#8562,#8563,#8564,#8565,#8566,#8567,#8568,#8569,#8570,#8571,#8572,#8573,#8574,#8575,#8576,#8577,#8578,#8579,#8580,#8581,#8582,#8583,#8584,#8585,#8586,#8587,#8588,#8589,#8590,#8591,#8592,#8593,#8594,#8595,#8596,#8597),(#8598,#8599,#8600,#8601,#8602,#8603,#8604,#8605,#8606,#8607,#8608,#8609,#8610,#8611,#8612,#8613,#8614,#8615,#8616,#8617,#8618,#8619,#8620,#8621,#8622,#8623,#8624,#8625,#8626,#8627,#8628,#8629,#8630,#8631,#8632,#8633,#8634,#8635,#8636,#8637,#8638,#8639,#8640,#8641,#8642,#8643,#8644,#8645,#8646,#8647,#8648,#8649,#8650,#8651,#8652,#8653,#8654,#8655,#8656,#8657,#8658,#8659,#8660,#8661,#8662,#8663,#8664,#8665,#8666,#8667,#8668,#8669,#8670,#8671,#8672,#8673,#8674,#8675,#8676,#8677,#8678,#8679,#8680,#8681,#8682,#8683,#8684,#8685,#8686,#8687,#8688,#8689,#8690,#8691,#8692,#8693,#8694,#8695,#8696,#8697,#8698,#8699,#8700,#8701,#8702,#8703,#8704,#8705,#8706,#8707,#8708,#8709,#8710,#8711,#8712,#8713,#8714,#8715,#8716,#8717,#8718,#8719,#8720,#8721,#8722,#8723,#8724,#8725,#8726,#8727,#8728,#8729,#8730,#8731,#8732,#8733,#8734,#8735,#8736,#8737,#8738,#8739,#8740,#8741,#8742,#8743,#8744,#8745,#8746,#8747,#8748,#8749,#8750,#8751,#8752,#8753,#8754,#8755,#8756,#8757,#8758,#8759,#8760,#8761,#8762,#8763,#8764,#8765,#8766,#8767,#8768,#8769,#8770,#8771,#8772,#8773,#8774,#8775,#8776,#8777,#8778,#8779,#8780,#8781,#8782,#8783,#8784,#8785,#8786,#8787,#8788,#8789,#8790,#8791,#8792,#8793,#8794,#8795,#8796,#8797,#8798,#8799,#8800,#8801,#8802,#8803,#8804,#8805,#8806,#8807,#8808,#8809,#8810,#8811,#8812,#8813,#8814,#8815,#8816,#8817,#8818,#8819,#8820,#8821,#8822,#8823,#8824,#8825,#8826,#8827,#8828,#8829,#8830,#8831,#8832,#8833,#8834,#8835,#8836,#8837,#8838,#8839,#8840,#8841,#8842,#8843,#8844,#8845,#8846,#8847,#8848,#8849,#8850,#8851,#8852,#8853,#8854,#8855,#8856,#8857,#8858,#8859,#8860,#8861,#8862,#8863,#8864,#8865,#8866,#8867,#8868,#8869,#8870,#8871,#8872,#8873,#8874,#8875,#8876,#8877,#8878,#8879,#8880,#8881,#8882,#8883,#8884,#8885,#8886,#8887,#8888,#8889,#8890,#8891,#8892,#8893,#8894,#8895,#8896,#8897,#8898,#8899,#8900,#8901,#8902,#8903,#8904,#8905,#8906,#8907,#8908,#8909,#8910,#8911,#8912,#8913,#8914,#8915,#8916,#8917,#8918,#8919,#8920,#8921,#8922,#8923,#8924,#8925,#8926,#8927,#8928,#8929,#8930,#8931,#8932,#8933,#8934,#8935,#8936,#8937,#8938,#8939,#8940,#8941,#8942,#8943,#8944,#8945,#8946,#8947,#8948,#8949,#8950,#8951,#8952,#8953,#8954,#8955,#8956,#8957,#8958,#8959,#8960,#8961,#8962,#8963,#8964,#8965,#8966,#8967,#8968,#8969,#8970,#8971,#8972,#8973,#8974,#8975,#8976,#8977,#8978,#8979,#8980,#8981,#8982,#8983,#8984,#8985,#8986,#8987,#8988,#8989,#8990,#8991,#8992,#8993,#8994),(#8995,#8996,#8997,#8998,#8999,#9000,#9001,#9002,#9003,#9004,#9005,#9006,#9007,#9008,#9009,#9010,#9011,#9012,#9013,#9014,#9015,#9016,#9017,#9018,#9019,#9020,#9021,#9022,#9023,#9024,#9025,#9026,#9027,#9028,#9029,#9030,#9031,#9032,#9033,#9034,#9035,#9036,#9037,#9038,#9039,#9040,#9041,#9042,#9043,#9044,#9045,#9046,#9047,#9048,#9049,#9050,#9051,#9052,#9053,#9054,#9055,#9056,#9057,#9058,#9059,#9060,#9061,#9062,#9063,#9064,#9065,#9066,#9067,#9068,#9069,#9070,#9071,#9072,#9073,#9074,#9075,#9076,#9077,#9078,#9079,#9080,#9081,#9082,#9083,#9084,#9085,#9086,#9087,#9088,#9089,#9090,#9091,#9092,#9093,#9094,#9095,#9096,#9097,#9098,#9099,#9100,#9101,#9102,#9103,#9104,#9105,#9106,#9107,#9108,#9109,#9110,#9111,#9112,#9113,#9114,#9115,#9116,#9117,#9118,#9119,#9120,#9121,#9122,#9123,#9124,#9125,#9126,#9127,#9128,#9129,#9130,#9131,#9132,#9133,#9134,#9135,#9136,#9137,#9138,#9139,#9140,#9141,#9142,#9143,#9144,#9145,#9146,#9147,#9148,#9149,#9150,#9151,#9152,#9153,#9154,#9155,#9156,#9157,#9158,#9159,#9160,#9161,#9162,#9163,#9164,#9165,#9166,#9167,#9168,#9169,#9170,#9171,#9172,#9173,#9174,#9175,#9176,#9177,#9178,#9179,#9180,#9181,#9182,#9183,#9184,#9185,#9186,#9187,#9188,#9189,#9190,#9191,#9192,#9193,#9194,#9195,#9196,#9197,#9198,#9199,#9200,#9201,#9202,#9203,#9204,#9205,#9206,#9207,#9208,#9209,#9210,#9211,#9212,#9213,#9214,#9215,#9216,#9217,#9218,#9219,#9220,#9221,#9222,#9223,#9224,#9225,#9226,#9227,#9228,#9229,#9230,#9231,#9232,#9233,#9234,#9235,#9236,#9237,#9238,#9239,#9240,#9241,#9242,#9243,#9244,#9245,#9246,#9247,#9248,#9249,#9250,#9251,#9252,#9253,#9254,#9255,#9256,#9257,#9258,#9259,#9260,#9261,#9262,#9263,#9264,#9265,#9266,#9267,#9268,#9269,#9270,#9271,#9272,#9273,#9274,#9275,#9276,#9277,#9278,#9279,#9280,#9281,#9282,#9283,#9284,#9285,#9286,#9287,#9288,#9289,#9290,#9291,#9292,#9293,#9294,#9295,#9296,#9297,#9298,#9299,#9300,#9301,#9302,#9303,#9304,#9305,#9306,#9307,#9308,#9309,#9310,#9311,#9312,#9313,#9314,#9315,#9316,#9317,#9318,#9319,#9320,#9321,#9322,#9323,#9324,#9325,#9326,#9327,#9328,#9329,#9330,#9331,#9332,#9333,#9334,#9335,#9336,#9337,#9338,#9339,#9340,#9341,#9342,#9343,#9344,#9345,#9346,#9347,#9348,#9349,#9350,#9351,#9352,#9353,#9354,#9355,#9356,#9357,#9358,#9359,#9360,#9361,#9362,#9363,#9364,#9365,#9366,#9367,#9368,#9369,#9370,#9371,#9372,#9373,#9374,#9375,#9376,#9377,#9378,#9379,#9380,#9381,#9382,#9383,#9384,#9385,#9386,#9387,#9388,#9389,#9390,#9391)),.UNSPECIFIED.,.F.,.F.,.F.)B_SPLINE_SURFACE_WITH_KNOTS((4,3,4),(3,2,2,2,2,2,2,2,2,2,2,2,2,2,2,2,2,2,2,2,2,2,2,2,2,2,2,2,2,2,2,2,2,2,2,2,2,2,2,2,2,2,2,2,2,2,2,2,2,2,2,2,2,2,2,2,2,2,2,2,2,2,2,2,2,2,2,2,2,2,2,2,2,2,2,2,2,2,2,2,2,2,2,2,2,2,2,2,2,2,2,2,2,2,2,2,2,2,2,2,2,2,2,2,2,2,2,2,2,2,2,2,2,2,2,2,2,2,2,2,2,2,2,2,2,2,2,2,2,2,2,2,2,2,2,2,2,2,2,2,2,2,2,2,2,2,2,2,2,2,2,2,2,2,2,2,2,2,2,2,2,2,2,2,2,2,2,2,2,2,2,2,2,2,2,2,2,2,2,2,2,2,2,2,2,2,2,2,2,2,2,2,2,2,2,2,2,2,3),(-1.,-0.5,0.),(0.,0.005050505051,0.010101010101,0.015151515152,0.020202020202,0.025252525253,0.030303030303,0.035353535354,0.040404040404,0.045454545455,0.050505050505,0.055555555556,0.060606060606,0.065656565657,0.070707070707,0.075757575758,0.080808080808,0.085858585859,0.090909090909,0.09595959596,0.10101010101,0.106060606061,0.111111111111,0.116161616162,0.121212121212,0.126262626263,0.131313131313,0.136363636364,0.141414141414,0.146464646465,0.151515151515,0.156565656566,0.161616161616,0.166666666667,0.171717171717,0.176767676768,0.181818181818,0.186868686869,0.191919191919,0.19696969697,0.20202020202,0.207070707071,0.212121212121,0.217171717172,0.222222222222,0.227272727273,0.232323232323,0.237373737374,0.242424242424,0.247474747475,0.252525252525,0.257575757576,0.262626262626,0.267676767677,0.272727272727,0.277777777778,0.282828282828,0.287878787879,0.292929292929,0.29797979798,0.30303030303,0.308080808081,0.313131313131,0.318181818182,0.323232323232,0.328282828283,0.333333333333,0.338383838384,0.343434343434,0.348484848485,0.353535353535,0.358585858586,0.363636363636,0.368686868687,0.373737373737,0.378787878788,0.383838383838,0.388888888889,0.393939393939,0.39898989899,0.40404040404,0.409090909091,0.414141414141,0.419191919192,0.424242424242,0.429292929293,0.434343434343,0.439393939394,0.444444444444,0.449494949495,0.454545454545,0.459595959596,0.464646464646,0.469696969697,0.474747474747,0.479797979798,0.484848484848,0.489898989899,0.494949494949,0.5,0.505050505051,0.510101010101,0.515151515152,0.520202020202,0.525252525253,0.530303030303,0.535353535354,0.540404040404,0.545454545455,0.550505050505,0.555555555556,0.560606060606,0.565656565657,0.570707070707,0.575757575758,0.580808080808,0.585858585859,0.590909090909,0.59595959596,0.60101010101,0.606060606061,0.611111111111,0.616161616162,0.621212121212,0.626262626263,0.631313131313,0.636363636364,0.641414141414,0.646464646465,0.651515151515,0.656565656566,0.661616161616,0.666666666667,0.671717171717,0.676767676768,0.681818181818,0.686868686869,0.691919191919,0.69696969697,0.70202020202,0.707070707071,0.712121212121,0.717171717172,0.722222222222,0.727272727273,0.732323232323,0.737373737374,0.742424242424,0.747474747475,0.752525252525,0.757575757576,0.762626262626,0.767676767677,0.772727272727,0.777777777778,0.782828282828,0.787878787879,0.792929292929,0.79797979798,0.80303030303,0.808080808081,0.813131313131,0.818181818182,0.823232323232,0.828282828283,0.833333333333,0.838383838384,0.843434343434,0.848484848485,0.853535353535,0.858585858586,0.863636363636,0.868686868687,0.873737373737,0.878787878788,0.883838383838,0.888888888889,0.893939393939,0.89898989899,0.90404040404,0.909090909091,0.914141414141,0.919191919192,0.924242424242,0.929292929293,0.934343434343,0.939393939394,0.944444444444,0.949494949495,0.954545454545,0.959595959596,0.964646464646,0.969696969697,0.974747474747,0.979797979798,0.984848484848,0.989898989899,0.994949494949,1.),.UNSPECIFIED.)GEOMETRIC_REPRESENTATION_ITEM()RATIONAL_B_SPLINE_SURFACE(((1.,0.866025403784,1.,0.866025403784,1.,0.866025403784,1.,0.866025403784,1.,0.866025403784,1.,0.866025403784,1.,0.866025403784,1.,0.866025403784,1.,0.866025403784,1.,0.866025403784,1.,0.866025403784,1.,0.866025403784,1.,0.866025403784,1.,0.866025403784,1.,0.866025403784,1.,0.866025403784,1.,0.866025403784,1.,0.866025403784,1.,0.866025403784,1.,0.866025403784,1.,0.866025403784,1.,0.866025403784,1.,0.866025403784,1.,0.866025403784,1.,0.866025403784,1.,0.866025403784,1.,0.866025403784,1.,0.866025403784,1.,0.866025403784,1.,0.866025403784,1.,0.866025403784,1.,0.866025403784,1.,0.866025403784,1.,0.866025403784,1.,0.866025403784,1.,0.866025403784,1.,0.866025403784,1.,0.866025403784,1.,0.866025403784,1.,0.866025403784,1.,0.866025403784,1.,0.866025403784,1.,0.866025403784,1.,0.866025403784,1.,0.866025403784,1.,0.866025403784,1.,0.866025403784,1.,0.866025403784,1.,0.866025403784,1.,0.866025403784,1.,0.866025403784,1.,0.866025403784,1.,0.866025403784,1.,0.866025403784,1.,0.866025403784,1.,0.866025403784,1.,0.866025403784,1.,0.866025403784,1.,0.866025403784,1.,0.866025403784,1.,0.866025403784,1.,0.866025403784,1.,0.866025403784,1.,0.866025403784,1.,0.866025403784,1.,0.866025403784,1.,0.866025403784,1.,0.866025403784,1.,0.866025403784,1.,0.866025403784,1.,0.866025403784,1.,0.866025403784,1.,0.866025403784,1.,0.866025403784,1.,0.866025403784,1.,0.866025403784,1.,0.866025403784,1.,0.866025403784,1.,0.866025403784,1.,0.866025403784,1.,0.866025403784,1.,0.866025403784,1.,0.866025403784,1.,0.866025403784,1.,0.866025403784,1.,0.866025403784,1.,0.866025403784,1.,0.866025403784,1.,0.866025403784,1.,0.866025403784,1.,0.866025403784,1.,0.866025403784,1.,0.866025403784,1.,0.866025403784,1.,0.866025403784,1.,0.866025403784,1.,0.866025403784,1.,0.866025403784,1.,0.866025403784,1.,0.866025403784,1.,0.866025403784,1.,0.866025403784,1.,0.866025403784,1.,0.866025403784,1.,0.866025403784,1.,0.866025403784,1.,0.866025403784,1.,0.866025403784,1.,0.866025403784,1.,0.866025403784,1.,0.866025403784,1.,0.866025403784,1.,0.866025403784,1.,0.866025403784,1.,0.866025403784,1.,0.866025403784,1.,0.866025403784,1.,0.866025403784,1.,0.866025403784,1.,0.866025403784,1.,0.866025403784,1.,0.866025403784,1.,0.866025403784,1.,0.866025403784,1.,0.866025403784,1.,0.866025403784,1.,0.866025403784,1.,0.866025403784,1.,0.866025403784,1.,0.866025403784,1.,0.866025403784,1.,0.866025403784,1.,0.866025403784,1.,0.866025403784,1.,0.866025403784,1.,0.866025403784,1.,0.866025403784,1.,0.866025403784,1.,0.866025403784,1.,0.866025403784,1.,0.866025403784,1.,0.866025403784,1.,0.866025403784,1.,0.866025403784,1.,0.866025403784,1.,0.866025403784,1.,0.866025403784,1.,0.866025403784,1.,0.866025403784,1.,0.866025403784,1.,0.866025403784,1.,0.866025403784,1.,0.866025403784,1.,0.866025403784,1.,0.866025403784,1.,0.866025403784,1.,0.866025403784,1.,0.866025403784,1.,0.866025403784,1.,0.866025403784,1.,0.866025403784,1.,0.866025403784,1.,0.866025403784,1.,0.866025403784,1.,0.866025403784,1.,0.866025403784,1.,0.866025403784,1.,0.866025403784,1.,0.866025403784,1.,0.866025403784,1.,0.866025403784,1.,0.866025403784,1.,0.866025403784,1.,0.866025403784,1.,0.866025403784,1.,0.866025403784,1.,0.866025403784,1.,0.866025403784,1.,0.866025403784,1.,0.866025403784,1.,0.866025403784,1.,0.866025403784,1.,0.866025403784,1.,0.866025403784,1.,0.866025403784,1.,0.866025403784,1.,0.866025403784,1.,0.866025403784,1.,0.866025403784,1.,0.866025403784,1.,0.866025403784,1.,0.866025403784,1.,0.866025403784,1.,0.866025403784,1.,0.866025403784,1.,0.866025403784,1.,0.866025403784,1.,0.866025403784,1.),(0.333333333333,0.288675134595,0.333333333333,0.288675134595,0.333333333333,0.288675134595,0.333333333333,0.288675134595,0.333333333333,0.288675134595,0.333333333333,0.288675134595,0.333333333333,0.288675134595,0.333333333333,0.288675134595,0.333333333333,0.288675134595,0.333333333333,0.288675134595,0.333333333333,0.288675134595,0.333333333333,0.288675134595,0.333333333333,0.288675134595,0.333333333333,0.288675134595,0.333333333333,0.288675134595,0.333333333333,0.288675134595,0.333333333333,0.288675134595,0.333333333333,0.288675134595,0.333333333333,0.288675134595,0.333333333333,0.288675134595,0.333333333333,0.288675134595,0.333333333333,0.288675134595,0.333333333333,0.288675134595,0.333333333333,0.288675134595,0.333333333333,0.288675134595,0.333333333333,0.288675134595,0.333333333333,0.288675134595,0.333333333333,0.288675134595,0.333333333333,0.288675134595,0.333333333333,0.288675134595,0.333333333333,0.288675134595,0.333333333333,0.288675134595,0.333333333333,0.288675134595,0.333333333333,0.288675134595,0.333333333333,0.288675134595,0.333333333333,0.288675134595,0.333333333333,0.288675134595,0.333333333333,0.288675134595,0.333333333333,0.288675134595,0.333333333333,0.288675134595,0.333333333333,0.288675134595,0.333333333333,0.288675134595,0.333333333333,0.288675134595,0.333333333333,0.288675134595,0.333333333333,0.288675134595,0.333333333333,0.288675134595,0.333333333333,0.288675134595,0.333333333333,0.288675134595,0.333333333333,0.288675134595,0.333333333333,0.288675134595,0.333333333333,0.288675134595,0.333333333333,0.288675134595,0.333333333333,0.288675134595,0.333333333333,0.288675134595,0.333333333333,0.288675134595,0.333333333333,0.288675134595,0.333333333333,0.288675134595,0.333333333333,0.288675134595,0.333333333333,0.288675134595,0.333333333333,0.288675134595,0.333333333333,0.288675134595,0.333333333333,0.288675134595,0.333333333333,0.288675134595,0.333333333333,0.288675134595,0.333333333333,0.288675134595,0.333333333333,0.288675134595,0.333333333333,0.288675134595,0.333333333333,0.288675134595,0.333333333333,0.288675134595,0.333333333333,0.288675134595,0.333333333333,0.288675134595,0.333333333333,0.288675134595,0.333333333333,0.288675134595,0.333333333333,0.288675134595,0.333333333333,0.288675134595,0.333333333333,0.288675134595,0.333333333333,0.288675134595,0.333333333333,0.288675134595,0.333333333333,0.288675134595,0.333333333333,0.288675134595,0.333333333333,0.288675134595,0.333333333333,0.288675134595,0.333333333333,0.288675134595,0.333333333333,0.288675134595,0.333333333333,0.288675134595,0.333333333333,0.288675134595,0.333333333333,0.288675134595,0.333333333333,0.288675134595,0.333333333333,0.288675134595,0.333333333333,0.288675134595,0.333333333333,0.288675134595,0.333333333333,0.288675134595,0.333333333333,0.288675134595,0.333333333333,0.288675134595,0.333333333333,0.288675134595,0.333333333333,0.288675134595,0.333333333333,0.288675134595,0.333333333333,0.288675134595,0.333333333333,0.288675134595,0.333333333333,0.288675134595,0.333333333333,0.288675134595,0.333333333333,0.288675134595,0.333333333333,0.288675134595,0.333333333333,0.288675134595,0.333333333333,0.288675134595,0.333333333333,0.288675134595,0.333333333333,0.288675134595,0.333333333333,0.288675134595,0.333333333333,0.288675134595,0.333333333333,0.288675134595,0.333333333333,0.288675134595,0.333333333333,0.288675134595,0.333333333333,0.288675134595,0.333333333333,0.288675134595,0.333333333333,0.288675134595,0.333333333333,0.288675134595,0.333333333333,0.288675134595,0.333333333333,0.288675134595,0.333333333333,0.288675134595,0.333333333333,0.288675134595,0.333333333333,0.288675134595,0.333333333333,0.288675134595,0.333333333333,0.288675134595,0.333333333333,0.288675134595,0.333333333333,0.288675134595,0.333333333333,0.288675134595,0.333333333333,0.288675134595,0.333333333333,0.288675134595,0.333333333333,0.288675134595,0.333333333333,0.288675134595,0.333333333333,0.288675134595,0.333333333333,0.288675134595,0.333333333333,0.288675134595,0.333333333333,0.288675134595,0.333333333333,0.288675134595,0.333333333333,0.288675134595,0.333333333333,0.288675134595,0.333333333333,0.288675134595,0.333333333333,0.288675134595,0.333333333333,0.288675134595,0.333333333333,0.288675134595,0.333333333333,0.288675134595,0.333333333333,0.288675134595,0.333333333333,0.288675134595,0.333333333333,0.288675134595,0.333333333333,0.288675134595,0.333333333333,0.288675134595,0.333333333333,0.288675134595,0.333333333333,0.288675134595,0.333333333333,0.288675134595,0.333333333333,0.288675134595,0.333333333333,0.288675134595,0.333333333333,0.288675134595,0.333333333333,0.288675134595,0.333333333333,0.288675134595,0.333333333333,0.288675134595,0.333333333333,0.288675134595,0.333333333333,0.288675134595,0.333333333333,0.288675134595,0.333333333333,0.288675134595,0.333333333333,0.288675134595,0.333333333333,0.288675134595,0.333333333333,0.288675134595,0.333333333333,0.288675134595,0.333333333333,0.288675134595,0.333333333333,0.288675134595,0.333333333333,0.288675134595,0.333333333333,0.288675134595,0.333333333333,0.288675134595,0.333333333333,0.288675134595,0.333333333333,0.288675134595,0.333333333333,0.288675134595,0.333333333333,0.288675134595,0.333333333333,0.288675134595,0.333333333333,0.288675134595,0.333333333333,0.288675134595,0.333333333333,0.288675134595,0.333333333333,0.288675134595,0.333333333333,0.288675134595,0.333333333333,0.288675134595,0.333333333333,0.288675134595,0.333333333333,0.288675134595,0.333333333333,0.288675134595,0.333333333333,0.288675134595,0.333333333333,0.288675134595,0.333333333333,0.288675134595,0.333333333333,0.288675134595,0.333333333333,0.288675134595,0.333333333333,0.288675134595,0.333333333333,0.288675134595,0.333333333333,0.288675134595,0.333333333333,0.288675134595,0.333333333333,0.288675134595,0.333333333333,0.288675134595,0.333333333333,0.288675134595,0.333333333333,0.288675134595,0.333333333333,0.288675134595,0.333333333333,0.288675134595,0.333333333333),(0.333333333333,0.288675134595,0.333333333333,0.288675134595,0.333333333333,0.288675134595,0.333333333333,0.288675134595,0.333333333333,0.288675134595,0.333333333333,0.288675134595,0.333333333333,0.288675134595,0.333333333333,0.288675134595,0.333333333333,0.288675134595,0.333333333333,0.288675134595,0.333333333333,0.288675134595,0.333333333333,0.288675134595,0.333333333333,0.288675134595,0.333333333333,0.288675134595,0.333333333333,0.288675134595,0.333333333333,0.288675134595,0.333333333333,0.288675134595,0.333333333333,0.288675134595,0.333333333333,0.288675134595,0.333333333333,0.288675134595,0.333333333333,0.288675134595,0.333333333333,0.288675134595,0.333333333333,0.288675134595,0.333333333333,0.288675134595,0.333333333333,0.288675134595,0.333333333333,0.288675134595,0.333333333333,0.288675134595,0.333333333333,0.288675134595,0.333333333333,0.288675134595,0.333333333333,0.288675134595,0.333333333333,0.288675134595,0.333333333333,0.288675134595,0.333333333333,0.288675134595,0.333333333333,0.288675134595,0.333333333333,0.288675134595,0.333333333333,0.288675134595,0.333333333333,0.288675134595,0.333333333333,0.288675134595,0.333333333333,0.288675134595,0.333333333333,0.288675134595,0.333333333333,0.288675134595,0.333333333333,0.288675134595,0.333333333333,0.288675134595,0.333333333333,0.288675134595,0.333333333333,0.288675134595,0.333333333333,0.288675134595,0.333333333333,0.288675134595,0.333333333333,0.288675134595,0.333333333333,0.288675134595,0.333333333333,0.288675134595,0.333333333333,0.288675134595,0.333333333333,0.288675134595,0.333333333333,0.288675134595,0.333333333333,0.288675134595,0.333333333333,0.288675134595,0.333333333333,0.288675134595,0.333333333333,0.288675134595,0.333333333333,0.288675134595,0.333333333333,0.288675134595,0.333333333333,0.288675134595,0.333333333333,0.288675134595,0.333333333333,0.288675134595,0.333333333333,0.288675134595,0.333333333333,0.288675134595,0.333333333333,0.288675134595,0.333333333333,0.288675134595,0.333333333333,0.288675134595,0.333333333333,0.288675134595,0.333333333333,0.288675134595,0.333333333333,0.288675134595,0.333333333333,0.288675134595,0.333333333333,0.288675134595,0.333333333333,0.288675134595,0.333333333333,0.288675134595,0.333333333333,0.288675134595,0.333333333333,0.288675134595,0.333333333333,0.288675134595,0.333333333333,0.288675134595,0.333333333333,0.288675134595,0.333333333333,0.288675134595,0.333333333333,0.288675134595,0.333333333333,0.288675134595,0.333333333333,0.288675134595,0.333333333333,0.288675134595,0.333333333333,0.288675134595,0.333333333333,0.288675134595,0.333333333333,0.288675134595,0.333333333333,0.288675134595,0.333333333333,0.288675134595,0.333333333333,0.288675134595,0.333333333333,0.288675134595,0.333333333333,0.288675134595,0.333333333333,0.288675134595,0.333333333333,0.288675134595,0.333333333333,0.288675134595,0.333333333333,0.288675134595,0.333333333333,0.288675134595,0.333333333333,0.288675134595,0.333333333333,0.288675134595,0.333333333333,0.288675134595,0.333333333333,0.288675134595,0.333333333333,0.288675134595,0.333333333333,0.288675134595,0.333333333333,0.288675134595,0.333333333333,0.288675134595,0.333333333333,0.288675134595,0.333333333333,0.288675134595,0.333333333333,0.288675134595,0.333333333333,0.288675134595,0.333333333333,0.288675134595,0.333333333333,0.288675134595,0.333333333333,0.288675134595,0.333333333333,0.288675134595,0.333333333333,0.288675134595,0.333333333333,0.288675134595,0.333333333333,0.288675134595,0.333333333333,0.288675134595,0.333333333333,0.288675134595,0.333333333333,0.288675134595,0.333333333333,0.288675134595,0.333333333333,0.288675134595,0.333333333333,0.288675134595,0.333333333333,0.288675134595,0.333333333333,0.288675134595,0.333333333333,0.288675134595,0.333333333333,0.288675134595,0.333333333333,0.288675134595,0.333333333333,0.288675134595,0.333333333333,0.288675134595,0.333333333333,0.288675134595,0.333333333333,0.288675134595,0.333333333333,0.288675134595,0.333333333333,0.288675134595,0.333333333333,0.288675134595,0.333333333333,0.288675134595,0.333333333333,0.288675134595,0.333333333333,0.288675134595,0.333333333333,0.288675134595,0.333333333333,0.288675134595,0.333333333333,0.288675134595,0.333333333333,0.288675134595,0.333333333333,0.288675134595,0.333333333333,0.288675134595,0.333333333333,0.288675134595,0.333333333333,0.288675134595,0.333333333333,0.288675134595,0.333333333333,0.288675134595,0.333333333333,0.288675134595,0.333333333333,0.288675134595,0.333333333333,0.288675134595,0.333333333333,0.288675134595,0.333333333333,0.288675134595,0.333333333333,0.288675134595,0.333333333333,0.288675134595,0.333333333333,0.288675134595,0.333333333333,0.288675134595,0.333333333333,0.288675134595,0.333333333333,0.288675134595,0.333333333333,0.288675134595,0.333333333333,0.288675134595,0.333333333333,0.288675134595,0.333333333333,0.288675134595,0.333333333333,0.288675134595,0.333333333333,0.288675134595,0.333333333333,0.288675134595,0.333333333333,0.288675134595,0.333333333333,0.288675134595,0.333333333333,0.288675134595,0.333333333333,0.288675134595,0.333333333333,0.288675134595,0.333333333333,0.288675134595,0.333333333333,0.288675134595,0.333333333333,0.288675134595,0.333333333333,0.288675134595,0.333333333333,0.288675134595,0.333333333333,0.288675134595,0.333333333333,0.288675134595,0.333333333333,0.288675134595,0.333333333333,0.288675134595,0.333333333333,0.288675134595,0.333333333333,0.288675134595,0.333333333333,0.288675134595,0.333333333333,0.288675134595,0.333333333333,0.288675134595,0.333333333333,0.288675134595,0.333333333333,0.288675134595,0.333333333333,0.288675134595,0.333333333333,0.288675134595,0.333333333333,0.288675134595,0.333333333333,0.288675134595,0.333333333333,0.288675134595,0.333333333333,0.288675134595,0.333333333333,0.288675134595,0.333333333333,0.288675134595,0.333333333333,0.288675134595,0.333333333333,0.288675134595,0.333333333333,0.288675134595,0.333333333333,0.288675134595,0.333333333333),(1.,0.866025403784,1.,0.866025403784,1.,0.866025403784,1.,0.866025403784,1.,0.866025403784,1.,0.866025403784,1.,0.866025403784,1.,0.866025403784,1.,0.866025403784,1.,0.866025403784,1.,0.866025403784,1.,0.866025403784,1.,0.866025403784,1.,0.866025403784,1.,0.866025403784,1.,0.866025403784,1.,0.866025403784,1.,0.866025403784,1.,0.866025403784,1.,0.866025403784,1.,0.866025403784,1.,0.866025403784,1.,0.866025403784,1.,0.866025403784,1.,0.866025403784,1.,0.866025403784,1.,0.866025403784,1.,0.866025403784,1.,0.866025403784,1.,0.866025403784,1.,0.866025403784,1.,0.866025403784,1.,0.866025403784,1.,0.866025403784,1.,0.866025403784,1.,0.866025403784,1.,0.866025403784,1.,0.866025403784,1.,0.866025403784,1.,0.866025403784,1.,0.866025403784,1.,0.866025403784,1.,0.866025403784,1.,0.866025403784,1.,0.866025403784,1.,0.866025403784,1.,0.866025403784,1.,0.866025403784,1.,0.866025403784,1.,0.866025403784,1.,0.866025403784,1.,0.866025403784,1.,0.866025403784,1.,0.866025403784,1.,0.866025403784,1.,0.866025403784,1.,0.866025403784,1.,0.866025403784,1.,0.866025403784,1.,0.866025403784,1.,0.866025403784,1.,0.866025403784,1.,0.866025403784,1.,0.866025403784,1.,0.866025403784,1.,0.866025403784,1.,0.866025403784,1.,0.866025403784,1.,0.866025403784,1.,0.866025403784,1.,0.866025403784,1.,0.866025403784,1.,0.866025403784,1.,0.866025403784,1.,0.866025403784,1.,0.866025403784,1.,0.866025403784,1.,0.866025403784,1.,0.866025403784,1.,0.866025403784,1.,0.866025403784,1.,0.866025403784,1.,0.866025403784,1.,0.866025403784,1.,0.866025403784,1.,0.866025403784,1.,0.866025403784,1.,0.866025403784,1.,0.866025403784,1.,0.866025403784,1.,0.866025403784,1.,0.866025403784,1.,0.866025403784,1.,0.866025403784,1.,0.866025403784,1.,0.866025403784,1.,0.866025403784,1.,0.866025403784,1.,0.866025403784,1.,0.866025403784,1.,0.866025403784,1.,0.866025403784,1.,0.866025403784,1.,0.866025403784,1.,0.866025403784,1.,0.866025403784,1.,0.866025403784,1.,0.866025403784,1.,0.866025403784,1.,0.866025403784,1.,0.866025403784,1.,0.866025403784,1.,0.866025403784,1.,0.866025403784,1.,0.866025403784,1.,0.866025403784,1.,0.866025403784,1.,0.866025403784,1.,0.866025403784,1.,0.866025403784,1.,0.866025403784,1.,0.866025403784,1.,0.866025403784,1.,0.866025403784,1.,0.866025403784,1.,0.866025403784,1.,0.866025403784,1.,0.866025403784,1.,0.866025403784,1.,0.866025403784,1.,0.866025403784,1.,0.866025403784,1.,0.866025403784,1.,0.866025403784,1.,0.866025403784,1.,0.866025403784,1.,0.866025403784,1.,0.866025403784,1.,0.866025403784,1.,0.866025403784,1.,0.866025403784,1.,0.866025403784,1.,0.866025403784,1.,0.866025403784,1.,0.866025403784,1.,0.866025403784,1.,0.866025403784,1.,0.866025403784,1.,0.866025403784,1.,0.866025403784,1.,0.866025403784,1.,0.866025403784,1.,0.866025403784,1.,0.866025403784,1.,0.866025403784,1.,0.866025403784,1.,0.866025403784,1.,0.866025403784,1.,0.866025403784,1.,0.866025403784,1.,0.866025403784,1.,0.866025403784,1.,0.866025403784,1.,0.866025403784,1.,0.866025403784,1.,0.866025403784,1.,0.866025403784,1.,0.866025403784,1.,0.866025403784,1.,0.866025403784,1.,0.866025403784,1.,0.866025403784,1.,0.866025403784,1.,0.866025403784,1.,0.866025403784,1.,0.866025403784,1.,0.866025403784,1.,0.866025403784,1.,0.866025403784,1.,0.866025403784,1.,0.866025403784,1.,0.866025403784,1.,0.866025403784,1.,0.866025403784,1.,0.866025403784,1.,0.866025403784,1.,0.866025403784,1.,0.866025403784,1.,0.866025403784,1.,0.866025403784,1.,0.866025403784,1.,0.866025403784,1.,0.866025403784,1.,0.866025403784,1.,0.866025403784,1.,0.866025403784,1.,0.866025403784,1.,0.866025403784,1.),(0.333333333333,0.288675134595,0.333333333333,0.288675134595,0.333333333333,0.288675134595,0.333333333333,0.288675134595,0.333333333333,0.288675134595,0.333333333333,0.288675134595,0.333333333333,0.288675134595,0.333333333333,0.288675134595,0.333333333333,0.288675134595,0.333333333333,0.288675134595,0.333333333333,0.288675134595,0.333333333333,0.288675134595,0.333333333333,0.288675134595,0.333333333333,0.288675134595,0.333333333333,0.288675134595,0.333333333333,0.288675134595,0.333333333333,0.288675134595,0.333333333333,0.288675134595,0.333333333333,0.288675134595,0.333333333333,0.288675134595,0.333333333333,0.288675134595,0.333333333333,0.288675134595,0.333333333333,0.288675134595,0.333333333333,0.288675134595,0.333333333333,0.288675134595,0.333333333333,0.288675134595,0.333333333333,0.288675134595,0.333333333333,0.288675134595,0.333333333333,0.288675134595,0.333333333333,0.288675134595,0.333333333333,0.288675134595,0.333333333333,0.288675134595,0.333333333333,0.288675134595,0.333333333333,0.288675134595,0.333333333333,0.288675134595,0.333333333333,0.288675134595,0.333333333333,0.288675134595,0.333333333333,0.288675134595,0.333333333333,0.288675134595,0.333333333333,0.288675134595,0.333333333333,0.288675134595,0.333333333333,0.288675134595,0.333333333333,0.288675134595,0.333333333333,0.288675134595,0.333333333333,0.288675134595,0.333333333333,0.288675134595,0.333333333333,0.288675134595,0.333333333333,0.288675134595,0.333333333333,0.288675134595,0.333333333333,0.288675134595,0.333333333333,0.288675134595,0.333333333333,0.288675134595,0.333333333333,0.288675134595,0.333333333333,0.288675134595,0.333333333333,0.288675134595,0.333333333333,0.288675134595,0.333333333333,0.288675134595,0.333333333333,0.288675134595,0.333333333333,0.288675134595,0.333333333333,0.288675134595,0.333333333333,0.288675134595,0.333333333333,0.288675134595,0.333333333333,0.288675134595,0.333333333333,0.288675134595,0.333333333333,0.288675134595,0.333333333333,0.288675134595,0.333333333333,0.288675134595,0.333333333333,0.288675134595,0.333333333333,0.288675134595,0.333333333333,0.288675134595,0.333333333333,0.288675134595,0.333333333333,0.288675134595,0.333333333333,0.288675134595,0.333333333333,0.288675134595,0.333333333333,0.288675134595,0.333333333333,0.288675134595,0.333333333333,0.288675134595,0.333333333333,0.288675134595,0.333333333333,0.288675134595,0.333333333333,0.288675134595,0.333333333333,0.288675134595,0.333333333333,0.288675134595,0.333333333333,0.288675134595,0.333333333333,0.288675134595,0.333333333333,0.288675134595,0.333333333333,0.288675134595,0.333333333333,0.288675134595,0.333333333333,0.288675134595,0.333333333333,0.288675134595,0.333333333333,0.288675134595,0.333333333333,0.288675134595,0.333333333333,0.288675134595,0.333333333333,0.288675134595,0.333333333333,0.288675134595,0.333333333333,0.288675134595,0.333333333333,0.288675134595,0.333333333333,0.288675134595,0.333333333333,0.288675134595,0.333333333333,0.288675134595,0.333333333333,0.288675134595,0.333333333333,0.288675134595,0.333333333333,0.288675134595,0.333333333333,0.288675134595,0.333333333333,0.288675134595,0.333333333333,0.288675134595,0.333333333333,0.288675134595,0.333333333333,0.288675134595,0.333333333333,0.288675134595,0.333333333333,0.288675134595,0.333333333333,0.288675134595,0.333333333333,0.288675134595,0.333333333333,0.288675134595,0.333333333333,0.288675134595,0.333333333333,0.288675134595,0.333333333333,0.288675134595,0.333333333333,0.288675134595,0.333333333333,0.288675134595,0.333333333333,0.288675134595,0.333333333333,0.288675134595,0.333333333333,0.288675134595,0.333333333333,0.288675134595,0.333333333333,0.288675134595,0.333333333333,0.288675134595,0.333333333333,0.288675134595,0.333333333333,0.288675134595,0.333333333333,0.288675134595,0.333333333333,0.288675134595,0.333333333333,0.288675134595,0.333333333333,0.288675134595,0.333333333333,0.288675134595,0.333333333333,0.288675134595,0.333333333333,0.288675134595,0.333333333333,0.288675134595,0.333333333333,0.288675134595,0.333333333333,0.288675134595,0.333333333333,0.288675134595,0.333333333333,0.288675134595,0.333333333333,0.288675134595,0.333333333333,0.288675134595,0.333333333333,0.288675134595,0.333333333333,0.288675134595,0.333333333333,0.288675134595,0.333333333333,0.288675134595,0.333333333333,0.288675134595,0.333333333333,0.288675134595,0.333333333333,0.288675134595,0.333333333333,0.288675134595,0.333333333333,0.288675134595,0.333333333333,0.288675134595,0.333333333333,0.288675134595,0.333333333333,0.288675134595,0.333333333333,0.288675134595,0.333333333333,0.288675134595,0.333333333333,0.288675134595,0.333333333333,0.288675134595,0.333333333333,0.288675134595,0.333333333333,0.288675134595,0.333333333333,0.288675134595,0.333333333333,0.288675134595,0.333333333333,0.288675134595,0.333333333333,0.288675134595,0.333333333333,0.288675134595,0.333333333333,0.288675134595,0.333333333333,0.288675134595,0.333333333333,0.288675134595,0.333333333333,0.288675134595,0.333333333333,0.288675134595,0.333333333333,0.288675134595,0.333333333333,0.288675134595,0.333333333333,0.288675134595,0.333333333333,0.288675134595,0.333333333333,0.288675134595,0.333333333333,0.288675134595,0.333333333333,0.288675134595,0.333333333333,0.288675134595,0.333333333333,0.288675134595,0.333333333333,0.288675134595,0.333333333333,0.288675134595,0.333333333333,0.288675134595,0.333333333333,0.288675134595,0.333333333333,0.288675134595,0.333333333333,0.288675134595,0.333333333333,0.288675134595,0.333333333333,0.288675134595,0.333333333333,0.288675134595,0.333333333333,0.288675134595,0.333333333333,0.288675134595,0.333333333333,0.288675134595,0.333333333333,0.288675134595,0.333333333333,0.288675134595,0.333333333333,0.288675134595,0.333333333333,0.288675134595,0.333333333333,0.288675134595,0.333333333333,0.288675134595,0.333333333333,0.288675134595,0.333333333333,0.288675134595,0.333333333333,0.288675134595,0.333333333333,0.288675134595,0.333333333333),(0.333333333333,0.288675134595,0.333333333333,0.288675134595,0.333333333333,0.288675134595,0.333333333333,0.288675134595,0.333333333333,0.288675134595,0.333333333333,0.288675134595,0.333333333333,0.288675134595,0.333333333333,0.288675134595,0.333333333333,0.288675134595,0.333333333333,0.288675134595,0.333333333333,0.288675134595,0.333333333333,0.288675134595,0.333333333333,0.288675134595,0.333333333333,0.288675134595,0.333333333333,0.288675134595,0.333333333333,0.288675134595,0.333333333333,0.288675134595,0.333333333333,0.288675134595,0.333333333333,0.288675134595,0.333333333333,0.288675134595,0.333333333333,0.288675134595,0.333333333333,0.288675134595,0.333333333333,0.288675134595,0.333333333333,0.288675134595,0.333333333333,0.288675134595,0.333333333333,0.288675134595,0.333333333333,0.288675134595,0.333333333333,0.288675134595,0.333333333333,0.288675134595,0.333333333333,0.288675134595,0.333333333333,0.288675134595,0.333333333333,0.288675134595,0.333333333333,0.288675134595,0.333333333333,0.288675134595,0.333333333333,0.288675134595,0.333333333333,0.288675134595,0.333333333333,0.288675134595,0.333333333333,0.288675134595,0.333333333333,0.288675134595,0.333333333333,0.288675134595,0.333333333333,0.288675134595,0.333333333333,0.288675134595,0.333333333333,0.288675134595,0.333333333333,0.288675134595,0.333333333333,0.288675134595,0.333333333333,0.288675134595,0.333333333333,0.288675134595,0.333333333333,0.288675134595,0.333333333333,0.288675134595,0.333333333333,0.288675134595,0.333333333333,0.288675134595,0.333333333333,0.288675134595,0.333333333333,0.288675134595,0.333333333333,0.288675134595,0.333333333333,0.288675134595,0.333333333333,0.288675134595,0.333333333333,0.288675134595,0.333333333333,0.288675134595,0.333333333333,0.288675134595,0.333333333333,0.288675134595,0.333333333333,0.288675134595,0.333333333333,0.288675134595,0.333333333333,0.288675134595,0.333333333333,0.288675134595,0.333333333333,0.288675134595,0.333333333333,0.288675134595,0.333333333333,0.288675134595,0.333333333333,0.288675134595,0.333333333333,0.288675134595,0.333333333333,0.288675134595,0.333333333333,0.288675134595,0.333333333333,0.288675134595,0.333333333333,0.288675134595,0.333333333333,0.288675134595,0.333333333333,0.288675134595,0.333333333333,0.288675134595,0.333333333333,0.288675134595,0.333333333333,0.288675134595,0.333333333333,0.288675134595,0.333333333333,0.288675134595,0.333333333333,0.288675134595,0.333333333333,0.288675134595,0.333333333333,0.288675134595,0.333333333333,0.288675134595,0.333333333333,0.288675134595,0.333333333333,0.288675134595,0.333333333333,0.288675134595,0.333333333333,0.288675134595,0.333333333333,0.288675134595,0.333333333333,0.288675134595,0.333333333333,0.288675134595,0.333333333333,0.288675134595,0.333333333333,0.288675134595,0.333333333333,0.288675134595,0.333333333333,0.288675134595,0.333333333333,0.288675134595,0.333333333333,0.288675134595,0.333333333333,0.288675134595,0.333333333333,0.288675134595,0.333333333333,0.288675134595,0.333333333333,0.288675134595,0.333333333333,0.288675134595,0.333333333333,0.288675134595,0.333333333333,0.288675134595,0.333333333333,0.288675134595,0.333333333333,0.288675134595,0.333333333333,0.288675134595,0.333333333333,0.288675134595,0.333333333333,0.288675134595,0.333333333333,0.288675134595,0.333333333333,0.288675134595,0.333333333333,0.288675134595,0.333333333333,0.288675134595,0.333333333333,0.288675134595,0.333333333333,0.288675134595,0.333333333333,0.288675134595,0.333333333333,0.288675134595,0.333333333333,0.288675134595,0.333333333333,0.288675134595,0.333333333333,0.288675134595,0.333333333333,0.288675134595,0.333333333333,0.288675134595,0.333333333333,0.288675134595,0.333333333333,0.288675134595,0.333333333333,0.288675134595,0.333333333333,0.288675134595,0.333333333333,0.288675134595,0.333333333333,0.288675134595,0.333333333333,0.288675134595,0.333333333333,0.288675134595,0.333333333333,0.288675134595,0.333333333333,0.288675134595,0.333333333333,0.288675134595,0.333333333333,0.288675134595,0.333333333333,0.288675134595,0.333333333333,0.288675134595,0.333333333333,0.288675134595,0.333333333333,0.288675134595,0.333333333333,0.288675134595,0.333333333333,0.288675134595,0.333333333333,0.288675134595,0.333333333333,0.288675134595,0.333333333333,0.288675134595,0.333333333333,0.288675134595,0.333333333333,0.288675134595,0.333333333333,0.288675134595,0.333333333333,0.288675134595,0.333333333333,0.288675134595,0.333333333333,0.288675134595,0.333333333333,0.288675134595,0.333333333333,0.288675134595,0.333333333333,0.288675134595,0.333333333333,0.288675134595,0.333333333333,0.288675134595,0.333333333333,0.288675134595,0.333333333333,0.288675134595,0.333333333333,0.288675134595,0.333333333333,0.288675134595,0.333333333333,0.288675134595,0.333333333333,0.288675134595,0.333333333333,0.288675134595,0.333333333333,0.288675134595,0.333333333333,0.288675134595,0.333333333333,0.288675134595,0.333333333333,0.288675134595,0.333333333333,0.288675134595,0.333333333333,0.288675134595,0.333333333333,0.288675134595,0.333333333333,0.288675134595,0.333333333333,0.288675134595,0.333333333333,0.288675134595,0.333333333333,0.288675134595,0.333333333333,0.288675134595,0.333333333333,0.288675134595,0.333333333333,0.288675134595,0.333333333333,0.288675134595,0.333333333333,0.288675134595,0.333333333333,0.288675134595,0.333333333333,0.288675134595,0.333333333333,0.288675134595,0.333333333333,0.288675134595,0.333333333333,0.288675134595,0.333333333333,0.288675134595,0.333333333333,0.288675134595,0.333333333333,0.288675134595,0.333333333333,0.288675134595,0.333333333333,0.288675134595,0.333333333333,0.288675134595,0.333333333333,0.288675134595,0.333333333333,0.288675134595,0.333333333333,0.288675134595,0.333333333333,0.288675134595,0.333333333333,0.288675134595,0.333333333333,0.288675134595,0.333333333333,0.288675134595,0.333333333333,0.288675134595,0.333333333333,0.288675134595,0.333333333333,0.288675134595,0.333333333333),(1.,0.866025403784,1.,0.866025403784,1.,0.866025403784,1.,0.866025403784,1.,0.866025403784,1.,0.866025403784,1.,0.866025403784,1.,0.866025403784,1.,0.866025403784,1.,0.866025403784,1.,0.866025403784,1.,0.866025403784,1.,0.866025403784,1.,0.866025403784,1.,0.866025403784,1.,0.866025403784,1.,0.866025403784,1.,0.866025403784,1.,0.866025403784,1.,0.866025403784,1.,0.866025403784,1.,0.866025403784,1.,0.866025403784,1.,0.866025403784,1.,0.866025403784,1.,0.866025403784,1.,0.866025403784,1.,0.866025403784,1.,0.866025403784,1.,0.866025403784,1.,0.866025403784,1.,0.866025403784,1.,0.866025403784,1.,0.866025403784,1.,0.866025403784,1.,0.866025403784,1.,0.866025403784,1.,0.866025403784,1.,0.866025403784,1.,0.866025403784,1.,0.866025403784,1.,0.866025403784,1.,0.866025403784,1.,0.866025403784,1.,0.866025403784,1.,0.866025403784,1.,0.866025403784,1.,0.866025403784,1.,0.866025403784,1.,0.866025403784,1.,0.866025403784,1.,0.866025403784,1.,0.866025403784,1.,0.866025403784,1.,0.866025403784,1.,0.866025403784,1.,0.866025403784,1.,0.866025403784,1.,0.866025403784,1.,0.866025403784,1.,0.866025403784,1.,0.866025403784,1.,0.866025403784,1.,0.866025403784,1.,0.866025403784,1.,0.866025403784,1.,0.866025403784,1.,0.866025403784,1.,0.866025403784,1.,0.866025403784,1.,0.866025403784,1.,0.866025403784,1.,0.866025403784,1.,0.866025403784,1.,0.866025403784,1.,0.866025403784,1.,0.866025403784,1.,0.866025403784,1.,0.866025403784,1.,0.866025403784,1.,0.866025403784,1.,0.866025403784,1.,0.866025403784,1.,0.866025403784,1.,0.866025403784,1.,0.866025403784,1.,0.866025403784,1.,0.866025403784,1.,0.866025403784,1.,0.866025403784,1.,0.866025403784,1.,0.866025403784,1.,0.866025403784,1.,0.866025403784,1.,0.866025403784,1.,0.866025403784,1.,0.866025403784,1.,0.866025403784,1.,0.866025403784,1.,0.866025403784,1.,0.866025403784,1.,0.866025403784,1.,0.866025403784,1.,0.866025403784,1.,0.866025403784,1.,0.866025403784,1.,0.866025403784,1.,0.866025403784,1.,0.866025403784,1.,0.866025403784,1.,0.866025403784,1.,0.866025403784,1.,0.866025403784,1.,0.866025403784,1.,0.866025403784,1.,0.866025403784,1.,0.866025403784,1.,0.866025403784,1.,0.866025403784,1.,0.866025403784,1.,0.866025403784,1.,0.866025403784,1.,0.866025403784,1.,0.866025403784,1.,0.866025403784,1.,0.866025403784,1.,0.866025403784,1.,0.866025403784,1.,0.866025403784,1.,0.866025403784,1.,0.866025403784,1.,0.866025403784,1.,0.866025403784,1.,0.866025403784,1.,0.866025403784,1.,0.866025403784,1.,0.866025403784,1.,0.866025403784,1.,0.866025403784,1.,0.866025403784,1.,0.866025403784,1.,0.866025403784,1.,0.866025403784,1.,0.866025403784,1.,0.866025403784,1.,0.866025403784,1.,0.866025403784,1.,0.866025403784,1.,0.866025403784,1.,0.866025403784,1.,0.866025403784,1.,0.866025403784,1.,0.866025403784,1.,0.866025403784,1.,0.866025403784,1.,0.866025403784,1.,0.866025403784,1.,0.866025403784,1.,0.866025403784,1.,0.866025403784,1.,0.866025403784,1.,0.866025403784,1.,0.866025403784,1.,0.866025403784,1.,0.866025403784,1.,0.866025403784,1.,0.866025403784,1.,0.866025403784,1.,0.866025403784,1.,0.866025403784,1.,0.866025403784,1.,0.866025403784,1.,0.866025403784,1.,0.866025403784,1.,0.866025403784,1.,0.866025403784,1.,0.866025403784,1.,0.866025403784,1.,0.866025403784,1.,0.866025403784,1.,0.866025403784,1.,0.866025403784,1.,0.866025403784,1.,0.866025403784,1.,0.866025403784,1.,0.866025403784,1.,0.866025403784,1.,0.866025403784,1.,0.866025403784,1.,0.866025403784,1.,0.866025403784,1.,0.866025403784,1.,0.866025403784,1.,0.866025403784,1.,0.866025403784,1.,0.866025403784,1.,0.866025403784,1.,0.866025403784,1.)))REPRESENTATION_ITEM('')SURFACE());
#9393=ADVANCED_FACE('',(#6612),#9392,.T.);
#9394=OPEN_SHELL('',(#9393));
#9396=COLOUR_RGB($,0.2,0.2,0.2);
#9397=FILL_AREA_STYLE_COLOUR('',#9396);
#9398=FILL_AREA_STYLE('',(#9397));
#9399=SURFACE_STYLE_FILL_AREA(#9398);
#9400=SURFACE_SIDE_STYLE('',(#9399));
#9401=SURFACE_STYLE_USAGE(.BOTH.,#9400);
#9402=PRESENTATION_STYLE_ASSIGNMENT((#9401));
#9403=STYLED_ITEM('',(#9402),#9395);
#9395=SHELL_BASED_SURFACE_MODEL('shell_9394',(#9394));
#9404=CARTESIAN_POINT('',(61.,98.75,51.5));
#9405=VERTEX_POINT('',#9404);
#9406=CARTESIAN_POINT('',(57.,98.75,51.5));
#9407=VERTEX_POINT('',#9406);
#9408=DIRECTION('',(-1.,0.,0.));
#9409=VECTOR('',#9408,4.);
#9410=CARTESIAN_POINT('',(61.,98.75,51.5));
#9411=LINE('',#9410,#9409);
#9412=EDGE_CURVE('',#9405,#9407,#9411,.T.);
#9413=ORIENTED_EDGE('',*,*,#9412,.T.);
#9414=CARTESIAN_POINT('',(57.,98.75,51.5));
#9415=VERTEX_POINT('',#9414);
#9416=CARTESIAN_POINT('',(51.490282414417,98.75,53.712015399386));
#9417=VERTEX_POINT('',#9416);
#9418=DIRECTION('',(-0.928003849846,0.,0.372570603604));
#9419=VECTOR('',#9418,5.937171043519);
#9420=CARTESIAN_POINT('',(57.,98.75,51.5));
#9421=LINE('',#9420,#9419);
#9422=EDGE_CURVE('',#9415,#9417,#9421,.T.);
#9423=ORIENTED_EDGE('',*,*,#9422,.T.);
#9424=CARTESIAN_POINT('',(51.490282414417,98.75,53.712015399386));
#9425=VERTEX_POINT('',#9424);
#9426=CARTESIAN_POINT('',(51.490282414417,98.75,46.287984600614));
#9427=VERTEX_POINT('',#9426);
#9428=CARTESIAN_POINT('',(50.,98.75,50.));
#9429=DIRECTION('',(0.,-1.,0.));
#9430=DIRECTION('',(1.,0.,0.));
#9431=AXIS2_PLACEMENT_3D('',#9428,#9429,#9430);
#9432=CIRCLE('',#9431,4.);
#9433=EDGE_CURVE('',#9425,#9427,#9432,.T.);
#9434=ORIENTED_EDGE('',*,*,#9433,.T.);
#9435=CARTESIAN_POINT('',(51.490282414417,98.75,46.287984600614));
#9436=VERTEX_POINT('',#9435);
#9437=CARTESIAN_POINT('',(57.,98.75,48.5));
#9438=VERTEX_POINT('',#9437);
#9439=DIRECTION('',(0.928003849846,0.,0.372570603604));
#9440=VECTOR('',#9439,5.937171043519);
#9441=CARTESIAN_POINT('',(51.490282414417,98.75,46.287984600614));
#9442=LINE('',#9441,#9440);
#9443=EDGE_CURVE('',#9436,#9438,#9442,.T.);
#9444=ORIENTED_EDGE('',*,*,#9443,.T.);
#9445=CARTESIAN_POINT('',(57.,98.75,48.5));
#9446=VERTEX_POINT('',#9445);
#9447=CARTESIAN_POINT('',(61.,98.75,48.5));
#9448=VERTEX_POINT('',#9447);
#9449=DIRECTION('',(1.,0.,0.));
#9450=VECTOR('',#9449,4.);
#9451=CARTESIAN_POINT('',(57.,98.75,48.5));
#9452=LINE('',#9451,#9450);
#9453=EDGE_CURVE('',#9446,#9448,#9452,.T.);
#9454=ORIENTED_EDGE('',*,*,#9453,.T.);
#9455=CARTESIAN_POINT('',(61.,98.75,48.5));
#9456=VERTEX_POINT('',#9455);
#9457=CARTESIAN_POINT('',(61.,98.75,50.));
#9458=VERTEX_POINT('',#9457);
#9459=DIRECTION('',(0.,0.,1.));
#9460=VECTOR('',#9459,1.5);
#9461=CARTESIAN_POINT('',(61.,98.75,48.5));
#9462=LINE('',#9461,#9460);
#9463=EDGE_CURVE('',#9456,#9458,#9462,.T.);
#9464=ORIENTED_EDGE('',*,*,#9463,.T.);
#9465=CARTESIAN_POINT('',(61.,98.75,50.));
#9466=VERTEX_POINT('',#9465);
#9467=CARTESIAN_POINT('',(61.,98.75,51.5));
#9468=VERTEX_POINT('',#9467);
#9469=DIRECTION('',(0.,0.,1.));
#9470=VECTOR('',#9469,1.5);
#9471=CARTESIAN_POINT('',(61.,98.75,50.));
#9472=LINE('',#9471,#9470);
#9473=EDGE_CURVE('',#9466,#9468,#9472,.T.);
#9474=ORIENTED_EDGE('',*,*,#9473,.T.);
#9475=EDGE_LOOP('',(#9413,#9423,#9434,#9444,#9454,#9464,#9474));
#9476=FACE_OUTER_BOUND('',#9475,.T.);
#9477=CARTESIAN_POINT('',(52.5,98.75,50.));
#9478=VERTEX_POINT('',#9477);
#9479=CARTESIAN_POINT('',(50.,98.75,52.5));
#9480=VERTEX_POINT('',#9479);
#9481=CARTESIAN_POINT('',(50.,98.75,50.));
#9482=DIRECTION('',(0.,1.,0.));
#9483=DIRECTION('',(1.,0.,0.));
#9484=AXIS2_PLACEMENT_3D('',#9481,#9482,#9483);
#9485=CIRCLE('',#9484,2.5);
#9486=EDGE_CURVE('',#9478,#9480,#9485,.T.);
#9487=ORIENTED_EDGE('',*,*,#9486,.T.);
#9488=CARTESIAN_POINT('',(50.,98.75,52.5));
#9489=VERTEX_POINT('',#9488);
#9490=CARTESIAN_POINT('',(52.5,98.75,50.));
#9491=VERTEX_POINT('',#9490);
#9492=CARTESIAN_POINT('',(50.,98.75,50.));
#9493=DIRECTION('',(0.,1.,0.));
#9494=DIRECTION('',(1.,0.,0.));
#9495=AXIS2_PLACEMENT_3D('',#9492,#9493,#9494);
#9496=CIRCLE('',#9495,2.5);
#9497=EDGE_CURVE('',#9489,#9491,#9496,.T.);
#9498=ORIENTED_EDGE('',*,*,#9497,.T.);
#9499=EDGE_LOOP('',(#9487,#9498));
#9500=FACE_BOUND('',#9499,.T.);
#9501=CARTESIAN_POINT('',(50.,98.75,50.));
#9502=DIRECTION('',(0.,-1.,0.));
#9503=DIRECTION('',(0.,0.,0.));
#9504=AXIS2_PLACEMENT_3D('',#9501,#9502,#9503);
#9505=PLANE('',#9504);
#9506=ADVANCED_FACE('',(#9476,#9500),#9505,.T.);
#9507=OPEN_SHELL('',(#9506));
#9509=COLOUR_RGB($,0.686274509804,0.76862745098,0.866666666667);
#9510=FILL_AREA_STYLE_COLOUR('',#9509);
#9511=FILL_AREA_STYLE('',(#9510));
#9512=SURFACE_STYLE_FILL_AREA(#9511);
#9513=SURFACE_SIDE_STYLE('',(#9512));
#9514=SURFACE_STYLE_USAGE(.BOTH.,#9513);
#9515=PRESENTATION_STYLE_ASSIGNMENT((#9514));
#9516=STYLED_ITEM('',(#9515),#9508);
#9508=SHELL_BASED_SURFACE_MODEL('shell_9507',(#9507));
#9517=PRESENTATION_LAYER_ASSIGNMENT('Default','',(#88,#195,#308,#366,#424,#534,#4190,#4264,#4360,#4451,#4550,#4608,#4666,#4729,#4814,#4897,#4936,#4999,#5057,#5115,#5178,#5236,#5294,#5379,#5451,#5554,#5637,#5700,#5739,#9395,#9508));
#9518=(NAMED_UNIT(*)SI_UNIT($,.STERADIAN.)SOLID_ANGLE_UNIT());
#9519=(NAMED_UNIT(*)PLANE_ANGLE_UNIT()SI_UNIT($,.RADIAN.));
#9520=(LENGTH_UNIT()NAMED_UNIT(*)SI_UNIT(.MILLI.,.METRE.));
#9521=UNCERTAINTY_MEASURE_WITH_UNIT(LENGTH_MEASURE(1.0E-5),#9520,'DISTANCE_ACCURACY_VALUE','');
#9522=(GEOMETRIC_REPRESENTATION_CONTEXT(3)GLOBAL_UNCERTAINTY_ASSIGNED_CONTEXT((#9521))GLOBAL_UNIT_ASSIGNED_CONTEXT((#9520,#9518,#9519))REPRESENTATION_CONTEXT('None','None'));
#9523=MANIFOLD_SURFACE_SHAPE_REPRESENTATION('',(#88,#195,#308,#366,#424,#534,#4190,#4264,#4360,#4451,#4550,#4608,#4666,#4729,#4814,#4897,#4936,#4999,#5057,#5115,#5178,#5236,#5294,#5379,#5451,#5554,#5637,#5700,#5739,#9395,#9508),#9522);
#9524=APPLICATION_CONTEXT('CONFIGURATION CONTROLLED 3D DESIGNS OF MECHANICAL PARTS AND ASSEMBLIES');
#9525=APPLICATION_PROTOCOL_DEFINITION('international standard','config_control_design',1994,#9524);
#9526=DESIGN_CONTEXT('',#9524,'design');
#9527=MECHANICAL_CONTEXT('',#9524,'mechanical');
#9528=PRODUCT('Document','Document','NOT SPECIFIED',(#9527));
#9529=PRODUCT_DEFINITION_FORMATION_WITH_SPECIFIED_SOURCE('','First Version',#9528,.MADE.);
#9530=PRODUCT_CATEGORY('part','');
#9531=PRODUCT_RELATED_PRODUCT_CATEGORY('detail','',(#9528));
#9532=PRODUCT_CATEGORY_RELATIONSHIP('','',#9530,#9531);
#9533=PRODUCT_DEFINITION('design','',#9529,#9526);
#9534=PRODUCT_DEFINITION_SHAPE('','',#9533);
#9535=SECURITY_CLASSIFICATION_LEVEL('unclassified');
#9536=SECURITY_CLASSIFICATION('','',#9535);
#9537=CC_DESIGN_SECURITY_CLASSIFICATION(#9536,(#9529));
#9538=APPROVAL_STATUS('approved');
#9539=APPROVAL(#9538,'');
#9541=COORDINATED_UNIVERSAL_TIME_OFFSET(5,30,.AHEAD.);
#9542=LOCAL_TIME(0,0,0.,#9541);
#9543=CALENDAR_DATE(0,0,0);
#9544=DATE_AND_TIME(#9543,#9542);
#9545=APPROVAL_DATE_TIME(#9544,#9539);
#9546=DATE_TIME_ROLE('creation_date');
#9547=DATE_TIME_ROLE('classification_date');
#9548=CC_DESIGN_DATE_AND_TIME_ASSIGNMENT(#9544,#9546,(#9533));
#9549=CC_DESIGN_DATE_AND_TIME_ASSIGNMENT(#9544,#9547,(#9536));
#9550=PERSON('rmm','',$,$,$,$);
#9551=ORGANIZATION('','','');
#9552=PERSON_AND_ORGANIZATION(#9550,#9551);
#9553=APPROVAL_ROLE('approver');
#9554=APPROVAL_PERSON_ORGANIZATION(#9552,#9539,#9553);
#9555=PERSON_AND_ORGANIZATION_ROLE('creator');
#9556=CC_DESIGN_PERSON_AND_ORGANIZATION_ASSIGNMENT(#9552,#9555,(#9529,#9533));
#9557=PERSON_AND_ORGANIZATION_ROLE('design_supplier');
#9558=CC_DESIGN_PERSON_AND_ORGANIZATION_ASSIGNMENT(#9552,#9557,(#9529));
#9559=PERSON_AND_ORGANIZATION_ROLE('classification_officer');
#9560=CC_DESIGN_PERSON_AND_ORGANIZATION_ASSIGNMENT(#9552,#9559,(#9536));
#9561=PERSON_AND_ORGANIZATION_ROLE('design_owner');
#9562=CC_DESIGN_PERSON_AND_ORGANIZATION_ASSIGNMENT(#9552,#9561,(#9528));
#9563=SHAPE_DEFINITION_REPRESENTATION(#9534,#9523);
#9564=SHAPE_REPRESENTATION('',(#9523),#9522);
ENDSEC;
END-ISO-10303-21;
